host_time_utc,wall_time_s,simulation_time_s,mode,control_state,contact_count,m1_encoder_position_rad,m1_encoder_velocity_rad_s,m2_encoder_position_rad,m2_encoder_velocity_rad_s,m3_encoder_position_rad,m3_encoder_velocity_rad_s,m4_encoder_position_rad,m4_encoder_velocity_rad_s,sim_revolute_1_qpos_rad,sim_revolute_1_qvel_rad_s,sim_revolute_2_qpos_rad,sim_revolute_2_qvel_rad_s,sim_revolute_3_qpos_rad,sim_revolute_3_qvel_rad_s,sim_revolute_5_qpos_rad,sim_revolute_5_qvel_rad_s,sim_revolute_7_qpos_rad,sim_revolute_7_qvel_rad_s,sim_revolute_9_qpos_rad,sim_revolute_9_qvel_rad_s,sim_revolute_14_loop_closure_qpos_rad,sim_revolute_14_loop_closure_qvel_rad_s,sim_revolute_4_qpos_rad,sim_revolute_4_qvel_rad_s,sim_revolute_6_qpos_rad,sim_revolute_6_qvel_rad_s,sim_revolute_8_qpos_rad,sim_revolute_8_qvel_rad_s,sim_revolute_13_qpos_rad,sim_revolute_13_qvel_rad_s,sim_revolute_12_qpos_rad,sim_revolute_12_qvel_rad_s,ak60_revolute_1_ctrl,ak60_revolute_1_requested_joint_rad,ak60_revolute_1_reference_joint_rad,ak60_revolute_1_reference_velocity_joint_rad_s,ak70_revolute_2_ctrl,ak70_revolute_2_requested_joint_rad,ak70_revolute_2_reference_joint_rad,ak70_revolute_2_reference_velocity_joint_rad_s,ak70_revolute_3_ctrl,ak70_revolute_3_requested_joint_rad,ak70_revolute_3_reference_joint_rad,ak70_revolute_3_reference_velocity_joint_rad_s,ak40_revolute_4_ctrl,ak40_revolute_4_requested_joint_rad,ak40_revolute_4_reference_joint_rad,ak40_revolute_4_reference_velocity_joint_rad_s
2026-10-07T19:47:12.621210+00:00,0.6035815998911858,0.0,hardware,IDLE,0,0.14486232791552936,0.0,,0.0,,0.0,,0.0,1.45,0.0,0.113,0.0,-1.29,0.0,-1.552002285,0.0,1.559887499,0.0,-1.5599264019999999,0.0,1.545295464,0.0,1.552,0.0,1.5379273279999999,0.0,-1.537966411,0.0,1.537968744,0.0,-1.79835218,0.0,1.45,1.45,1.45,0.0,0.113,0.113,0.113,0.0,-1.29,-1.29,-1.29,0.0,1.94,1.552,1.552,0.0
2026-10-07T19:47:12.639274+00:00,0.6218879998195916,0.0,hardware,IDLE,0,0.14486232791552936,0.0,,0.0,,0.0,,0.0,1.45,0.0,0.113,0.0,-1.29,0.0,-1.552002285,0.0,1.559887499,0.0,-1.5599264019999999,0.0,1.545295464,0.0,1.552,0.0,1.5379273279999999,0.0,-1.537966411,0.0,1.537968744,0.0,-1.79835218,0.0,1.45,1.45,1.45,0.0,0.113,0.113,0.113,0.0,-1.29,-1.29,-1.29,0.0,1.94,1.552,1.552,0.0
2026-10-07T19:47:12.648792+00:00,0.6314856000244617,0.0,hardware,IDLE,0,0.14486232791552936,0.0,,0.0,,0.0,,0.0,1.45,0.0,0.113,0.0,-1.29,0.0,-1.552002285,0.0,1.559887499,0.0,-1.5599264019999999,0.0,1.545295464,0.0,1.552,0.0,1.5379273279999999,0.0,-1.537966411,0.0,1.537968744,0.0,-1.79835218,0.0,1.45,1.45,1.45,0.0,0.113,0.113,0.113,0.0,-1.29,-1.29,-1.29,0.0,1.94,1.552,1.552,0.0
2026-10-07T19:47:12.658792+00:00,0.6415557998698205,0.0,hardware,IDLE,0,0.14486232791552936,0.0,,0.0,,0.0,,0.0,1.45,0.0,0.113,0.0,-1.29,0.0,-1.552002285,0.0,1.559887499,0.0,-1.5599264019999999,0.0,1.545295464,0.0,1.552,0.0,1.5379273279999999,0.0,-1.537966411,0.0,1.537968744,0.0,-1.79835218,0.0,1.45,1.45,1.45,0.0,0.113,0.113,0.113,0.0,-1.29,-1.29,-1.29,0.0,1.94,1.552,1.552,0.0
2026-10-07T19:47:12.669792+00:00,0.6522228999529034,0.0,hardware,IDLE,0,0.14486232791552936,0.0,,0.0,,0.0,,0.0,1.45,0.0,0.113,0.0,-1.29,0.0,-1.552002285,0.0,1.559887499,0.0,-1.5599264019999999,0.0,1.545295464,0.0,1.552,0.0,1.5379273279999999,0.0,-1.537966411,0.0,1.537968744,0.0,-1.79835218,0.0,1.45,1.45,1.45,0.0,0.113,0.113,0.113,0.0,-1.29,-1.29,-1.29,0.0,1.94,1.552,1.552,0.0
2026-10-07T19:47:12.684792+00:00,0.6673085999209434,0.0,hardware,IDLE,0,0.14486232791552936,0.0,,0.0,,0.0,,0.0,1.45,0.0,0.113,0.0,-1.29,0.0,-1.552002285,0.0,1.559887499,0.0,-1.5599264019999999,0.0,1.545295464,0.0,1.552,0.0,1.5379273279999999,0.0,-1.537966411,0.0,1.537968744,0.0,-1.79835218,0.0,1.45,1.45,1.45,0.0,0.113,0.113,0.113,0.0,-1.29,-1.29,-1.29,0.0,1.94,1.552,1.552,0.0
2026-10-07T19:47:12.692792+00:00,0.6752235998865217,0.0,hardware,IDLE,0,0.14486232791552936,0.0,,0.0,,0.0,,0.0,1.45,0.0,0.113,0.0,-1.29,0.0,-1.552002285,0.0,1.559887499,0.0,-1.5599264019999999,0.0,1.545295464,0.0,1.552,0.0,1.5379273279999999,0.0,-1.537966411,0.0,1.537968744,0.0,-1.79835218,0.0,1.45,1.45,1.45,0.0,0.113,0.113,0.113,0.0,-1.29,-1.29,-1.29,0.0,1.94,1.552,1.552,0.0
2026-10-07T19:47:12.714792+00:00,0.6974529998842627,0.0,hardware,IDLE,0,0.14486232791552936,0.0,,0.0,,0.0,,0.0,1.45,0.0,0.113,0.0,-1.29,0.0,-1.552002285,0.0,1.559887499,0.0,-1.5599264019999999,0.0,1.545295464,0.0,1.552,0.0,1.5379273279999999,0.0,-1.537966411,0.0,1.537968744,0.0,-1.79835218,0.0,1.45,1.45,1.45,0.0,0.113,0.113,0.113,0.0,-1.29,-1.29,-1.29,0.0,1.94,1.552,1.552,0.0
2026-10-07T19:47:12.722792+00:00,0.7058145999908447,0.0,hardware,IDLE,0,0.14486232791552936,0.0,,0.0,,0.0,,0.0,1.45,0.0,0.113,0.0,-1.29,0.0,-1.552002285,0.0,1.559887499,0.0,-1.5599264019999999,0.0,1.545295464,0.0,1.552,0.0,1.5379273279999999,0.0,-1.537966411,0.0,1.537968744,0.0,-1.79835218,0.0,1.45,1.45,1.45,0.0,0.113,0.113,0.113,0.0,-1.29,-1.29,-1.29,0.0,1.94,1.552,1.552,0.0
2026-10-07T19:47:12.730798+00:00,0.7129218999762088,0.0,hardware,IDLE,0,0.14486232791552936,0.0,,0.0,,0.0,,0.0,1.45,0.0,0.113,0.0,-1.29,0.0,-1.552002285,0.0,1.559887499,0.0,-1.5599264019999999,0.0,1.545295464,0.0,1.552,0.0,1.5379273279999999,0.0,-1.537966411,0.0,1.537968744,0.0,-1.79835218,0.0,1.45,1.45,1.45,0.0,0.113,0.113,0.113,0.0,-1.29,-1.29,-1.29,0.0,1.94,1.552,1.552,0.0
2026-10-07T19:47:12.745311+00:00,0.7279185999650508,0.0,hardware,IDLE,0,0.14486232791552936,0.0,,0.0,,0.0,,0.0,1.45,0.0,0.113,0.0,-1.29,0.0,-1.552002285,0.0,1.559887499,0.0,-1.5599264019999999,0.0,1.545295464,0.0,1.552,0.0,1.5379273279999999,0.0,-1.537966411,0.0,1.537968744,0.0,-1.79835218,0.0,1.45,1.45,1.45,0.0,0.113,0.113,0.113,0.0,-1.29,-1.29,-1.29,0.0,1.94,1.552,1.552,0.0
2026-10-07T19:47:12.753853+00:00,0.7364026999566704,0.0,hardware,IDLE,0,0.14486232791552936,0.0,,0.0,,0.0,,0.0,1.45,0.0,0.113,0.0,-1.29,0.0,-1.552002285,0.0,1.559887499,0.0,-1.5599264019999999,0.0,1.545295464,0.0,1.552,0.0,1.5379273279999999,0.0,-1.537966411,0.0,1.537968744,0.0,-1.79835218,0.0,1.45,1.45,1.45,0.0,0.113,0.113,0.113,0.0,-1.29,-1.29,-1.29,0.0,1.94,1.552,1.552,0.0
2026-10-07T19:47:12.776551+00:00,0.7590006999671459,0.0,hardware,IDLE,0,0.14486232791552936,0.0,,0.0,,0.0,,0.0,1.45,0.0,0.113,0.0,-1.29,0.0,-1.552002285,0.0,1.559887499,0.0,-1.5599264019999999,0.0,1.545295464,0.0,1.552,0.0,1.5379273279999999,0.0,-1.537966411,0.0,1.537968744,0.0,-1.79835218,0.0,1.45,1.45,1.45,0.0,0.113,0.113,0.113,0.0,-1.29,-1.29,-1.29,0.0,1.94,1.552,1.552,0.0
2026-10-07T19:47:12.784112+00:00,0.7668743999674916,0.0,hardware,IDLE,0,0.14486232791552936,0.0,,0.0,,0.0,,0.0,1.45,0.0,0.113,0.0,-1.29,0.0,-1.552002285,0.0,1.559887499,0.0,-1.5599264019999999,0.0,1.545295464,0.0,1.552,0.0,1.5379273279999999,0.0,-1.537966411,0.0,1.537968744,0.0,-1.79835218,0.0,1.45,1.45,1.45,0.0,0.113,0.113,0.113,0.0,-1.29,-1.29,-1.29,0.0,1.94,1.552,1.552,0.0
2026-10-07T19:47:12.793119+00:00,0.7754186999518424,0.0,hardware,IDLE,0,0.14486232791552936,0.0,,0.0,,0.0,,0.0,1.45,0.0,0.113,0.0,-1.29,0.0,-1.552002285,0.0,1.559887499,0.0,-1.5599264019999999,0.0,1.545295464,0.0,1.552,0.0,1.5379273279999999,0.0,-1.537966411,0.0,1.537968744,0.0,-1.79835218,0.0,1.45,1.45,1.45,0.0,0.113,0.113,0.113,0.0,-1.29,-1.29,-1.29,0.0,1.94,1.552,1.552,0.0
2026-10-07T19:47:12.803120+00:00,0.7852767000440508,0.0,hardware,IDLE,0,0.14486232791552936,0.0,,0.0,,0.0,,0.0,1.45,0.0,0.113,0.0,-1.29,0.0,-1.552002285,0.0,1.559887499,0.0,-1.5599264019999999,0.0,1.545295464,0.0,1.552,0.0,1.5379273279999999,0.0,-1.537966411,0.0,1.537968744,0.0,-1.79835218,0.0,1.45,1.45,1.45,0.0,0.113,0.113,0.113,0.0,-1.29,-1.29,-1.29,0.0,1.94,1.552,1.552,0.0
2026-10-07T19:47:12.811119+00:00,0.793880800018087,0.0,hardware,IDLE,0,0.14486232791552936,0.0,,0.0,,0.0,,0.0,1.45,0.0,0.113,0.0,-1.29,0.0,-1.552002285,0.0,1.559887499,0.0,-1.5599264019999999,0.0,1.545295464,0.0,1.552,0.0,1.5379273279999999,0.0,-1.537966411,0.0,1.537968744,0.0,-1.79835218,0.0,1.45,1.45,1.45,0.0,0.113,0.113,0.113,0.0,-1.29,-1.29,-1.29,0.0,1.94,1.552,1.552,0.0
2026-10-07T19:47:12.837439+00:00,0.8198830999899656,0.0,hardware,IDLE,0,0.14486232791552936,0.0,,0.0,,0.0,,0.0,1.45,0.0,0.113,0.0,-1.29,0.0,-1.552002285,0.0,1.559887499,0.0,-1.5599264019999999,0.0,1.545295464,0.0,1.552,0.0,1.5379273279999999,0.0,-1.537966411,0.0,1.537968744,0.0,-1.79835218,0.0,1.45,1.45,1.45,0.0,0.113,0.113,0.113,0.0,-1.29,-1.29,-1.29,0.0,1.94,1.552,1.552,0.0
2026-10-07T19:47:12.845953+00:00,0.8288191999308765,0.0,hardware,IDLE,0,0.14486232791552936,0.0,,0.0,,0.0,,0.0,1.45,0.0,0.113,0.0,-1.29,0.0,-1.552002285,0.0,1.559887499,0.0,-1.5599264019999999,0.0,1.545295464,0.0,1.552,0.0,1.5379273279999999,0.0,-1.537966411,0.0,1.537968744,0.0,-1.79835218,0.0,1.45,1.45,1.45,0.0,0.113,0.113,0.113,0.0,-1.29,-1.29,-1.29,0.0,1.94,1.552,1.552,0.0
2026-10-07T19:47:12.856952+00:00,0.8397957000415772,0.0,hardware,IDLE,0,0.14486232791552936,0.0,,0.0,,0.0,,0.0,1.45,0.0,0.113,0.0,-1.29,0.0,-1.552002285,0.0,1.559887499,0.0,-1.5599264019999999,0.0,1.545295464,0.0,1.552,0.0,1.5379273279999999,0.0,-1.537966411,0.0,1.537968744,0.0,-1.79835218,0.0,1.45,1.45,1.45,0.0,0.113,0.113,0.113,0.0,-1.29,-1.29,-1.29,0.0,1.94,1.552,1.552,0.0
2026-10-07T19:47:12.867952+00:00,0.8502265999559313,0.0,hardware,IDLE,0,0.14486232791552936,0.0,,0.0,,0.0,,0.0,1.45,0.0,0.113,0.0,-1.29,0.0,-1.552002285,0.0,1.559887499,0.0,-1.5599264019999999,0.0,1.545295464,0.0,1.552,0.0,1.5379273279999999,0.0,-1.537966411,0.0,1.537968744,0.0,-1.79835218,0.0,1.45,1.45,1.45,0.0,0.113,0.113,0.113,0.0,-1.29,-1.29,-1.29,0.0,1.94,1.552,1.552,0.0
2026-10-07T19:47:12.876923+00:00,0.8591134999878705,0.0,hardware,IDLE,0,0.14486232791552936,0.0,,0.0,,0.0,,0.0,1.45,0.0,0.113,0.0,-1.29,0.0,-1.552002285,0.0,1.559887499,0.0,-1.5599264019999999,0.0,1.545295464,0.0,1.552,0.0,1.5379273279999999,0.0,-1.537966411,0.0,1.537968744,0.0,-1.79835218,0.0,1.45,1.45,1.45,0.0,0.113,0.113,0.113,0.0,-1.29,-1.29,-1.29,0.0,1.94,1.552,1.552,0.0
2026-10-07T19:47:12.886281+00:00,0.8685335998889059,0.0,hardware,IDLE,0,0.14486232791552936,0.0,,0.0,,0.0,,0.0,1.45,0.0,0.113,0.0,-1.29,0.0,-1.552002285,0.0,1.559887499,0.0,-1.5599264019999999,0.0,1.545295464,0.0,1.552,0.0,1.5379273279999999,0.0,-1.537966411,0.0,1.537968744,0.0,-1.79835218,0.0,1.45,1.45,1.45,0.0,0.113,0.113,0.113,0.0,-1.29,-1.29,-1.29,0.0,1.94,1.552,1.552,0.0
2026-10-07T19:47:12.894283+00:00,0.877319699851796,0.0,hardware,IDLE,0,0.14486232791552936,0.0,,0.0,,0.0,,0.0,1.45,0.0,0.113,0.0,-1.29,0.0,-1.552002285,0.0,1.559887499,0.0,-1.5599264019999999,0.0,1.545295464,0.0,1.552,0.0,1.5379273279999999,0.0,-1.537966411,0.0,1.537968744,0.0,-1.79835218,0.0,1.45,1.45,1.45,0.0,0.113,0.113,0.113,0.0,-1.29,-1.29,-1.29,0.0,1.94,1.552,1.552,0.0
2026-10-07T19:47:12.913560+00:00,0.8962063998915255,0.0,hardware,IDLE,0,0.14486232791552936,0.0,,0.0,,0.0,,0.0,1.45,0.0,0.113,0.0,-1.29,0.0,-1.552002285,0.0,1.559887499,0.0,-1.5599264019999999,0.0,1.545295464,0.0,1.552,0.0,1.5379273279999999,0.0,-1.537966411,0.0,1.537968744,0.0,-1.79835218,0.0,1.45,1.45,1.45,0.0,0.113,0.113,0.113,0.0,-1.29,-1.29,-1.29,0.0,1.94,1.552,1.552,0.0
2026-10-07T19:47:12.925666+00:00,0.9084507999941707,0.0,hardware,IDLE,0,0.14486232791552936,0.0,,0.0,,0.0,,0.0,1.45,0.0,0.113,0.0,-1.29,0.0,-1.552002285,0.0,1.559887499,0.0,-1.5599264019999999,0.0,1.545295464,0.0,1.552,0.0,1.5379273279999999,0.0,-1.537966411,0.0,1.537968744,0.0,-1.79835218,0.0,1.45,1.45,1.45,0.0,0.113,0.113,0.113,0.0,-1.29,-1.29,-1.29,0.0,1.94,1.552,1.552,0.0
2026-10-07T19:47:12.937680+00:00,0.9200150000397116,0.0,hardware,IDLE,0,0.14486232791552936,0.0,,0.0,,0.0,,0.0,1.45,0.0,0.113,0.0,-1.29,0.0,-1.552002285,0.0,1.559887499,0.0,-1.5599264019999999,0.0,1.545295464,0.0,1.552,0.0,1.5379273279999999,0.0,-1.537966411,0.0,1.537968744,0.0,-1.79835218,0.0,1.45,1.45,1.45,0.0,0.113,0.113,0.113,0.0,-1.29,-1.29,-1.29,0.0,1.94,1.552,1.552,0.0
2026-10-07T19:47:12.947203+00:00,0.9302776998374611,0.0,hardware,IDLE,0,0.14486232791552936,0.0,,0.0,,0.0,,0.0,1.45,0.0,0.113,0.0,-1.29,0.0,-1.552002285,0.0,1.559887499,0.0,-1.5599264019999999,0.0,1.545295464,0.0,1.552,0.0,1.5379273279999999,0.0,-1.537966411,0.0,1.537968744,0.0,-1.79835218,0.0,1.45,1.45,1.45,0.0,0.113,0.113,0.113,0.0,-1.29,-1.29,-1.29,0.0,1.94,1.552,1.552,0.0
2026-10-07T19:47:12.958403+00:00,0.9411114999093115,0.0,hardware,IDLE,0,0.14486232791552936,0.0,,0.0,,0.0,,0.0,1.45,0.0,0.113,0.0,-1.29,0.0,-1.552002285,0.0,1.559887499,0.0,-1.5599264019999999,0.0,1.545295464,0.0,1.552,0.0,1.5379273279999999,0.0,-1.537966411,0.0,1.537968744,0.0,-1.79835218,0.0,1.45,1.45,1.45,0.0,0.113,0.113,0.113,0.0,-1.29,-1.29,-1.29,0.0,1.94,1.552,1.552,0.0
2026-10-07T19:47:12.970415+00:00,0.9534581999760121,0.0,hardware,IDLE,0,0.14486232791552936,0.0,,0.0,,0.0,,0.0,1.45,0.0,0.113,0.0,-1.29,0.0,-1.552002285,0.0,1.559887499,0.0,-1.5599264019999999,0.0,1.545295464,0.0,1.552,0.0,1.5379273279999999,0.0,-1.537966411,0.0,1.537968744,0.0,-1.79835218,0.0,1.45,1.45,1.45,0.0,0.113,0.113,0.113,0.0,-1.29,-1.29,-1.29,0.0,1.94,1.552,1.552,0.0
2026-10-07T19:47:12.980411+00:00,0.9628416998311877,0.0,hardware,IDLE,0,0.14486232791552936,0.0,,0.0,,0.0,,0.0,1.45,0.0,0.113,0.0,-1.29,0.0,-1.552002285,0.0,1.559887499,0.0,-1.5599264019999999,0.0,1.545295464,0.0,1.552,0.0,1.5379273279999999,0.0,-1.537966411,0.0,1.537968744,0.0,-1.79835218,0.0,1.45,1.45,1.45,0.0,0.113,0.113,0.113,0.0,-1.29,-1.29,-1.29,0.0,1.94,1.552,1.552,0.0
2026-10-07T19:47:12.991410+00:00,0.9740690998733044,0.0,hardware,IDLE,0,0.14486232791552936,0.0,,0.0,,0.0,,0.0,1.45,0.0,0.113,0.0,-1.29,0.0,-1.552002285,0.0,1.559887499,0.0,-1.5599264019999999,0.0,1.545295464,0.0,1.552,0.0,1.5379273279999999,0.0,-1.537966411,0.0,1.537968744,0.0,-1.79835218,0.0,1.45,1.45,1.45,0.0,0.113,0.113,0.113,0.0,-1.29,-1.29,-1.29,0.0,1.94,1.552,1.552,0.0
2026-10-07T19:47:13.006409+00:00,0.9891045999247581,0.0,hardware,IDLE,0,0.14486232791552936,0.0,,0.0,,0.0,,0.0,1.45,0.0,0.113,0.0,-1.29,0.0,-1.552002285,0.0,1.559887499,0.0,-1.5599264019999999,0.0,1.545295464,0.0,1.552,0.0,1.5379273279999999,0.0,-1.537966411,0.0,1.537968744,0.0,-1.79835218,0.0,1.45,1.45,1.45,0.0,0.113,0.113,0.113,0.0,-1.29,-1.29,-1.29,0.0,1.94,1.552,1.552,0.0
2026-10-07T19:47:13.015409+00:00,0.9982137999031693,0.0,hardware,IDLE,0,0.14486232791552936,0.0,,0.0,,0.0,,0.0,1.45,0.0,0.113,0.0,-1.29,0.0,-1.552002285,0.0,1.559887499,0.0,-1.5599264019999999,0.0,1.545295464,0.0,1.552,0.0,1.5379273279999999,0.0,-1.537966411,0.0,1.537968744,0.0,-1.79835218,0.0,1.45,1.45,1.45,0.0,0.113,0.113,0.113,0.0,-1.29,-1.29,-1.29,0.0,1.94,1.552,1.552,0.0
2026-10-07T19:47:13.026411+00:00,1.0089300000108778,0.0,hardware,IDLE,0,0.14486232791552936,0.0,,0.0,,0.0,,0.0,1.45,0.0,0.113,0.0,-1.29,0.0,-1.552002285,0.0,1.559887499,0.0,-1.5599264019999999,0.0,1.545295464,0.0,1.552,0.0,1.5379273279999999,0.0,-1.537966411,0.0,1.537968744,0.0,-1.79835218,0.0,1.45,1.45,1.45,0.0,0.113,0.113,0.113,0.0,-1.29,-1.29,-1.29,0.0,1.94,1.552,1.552,0.0
2026-10-07T19:47:13.038414+00:00,1.0208832998760045,0.0,hardware,IDLE,0,0.14486232791552936,0.0,,0.0,,0.0,,0.0,1.45,0.0,0.113,0.0,-1.29,0.0,-1.552002285,0.0,1.559887499,0.0,-1.5599264019999999,0.0,1.545295464,0.0,1.552,0.0,1.5379273279999999,0.0,-1.537966411,0.0,1.537968744,0.0,-1.79835218,0.0,1.45,1.45,1.45,0.0,0.113,0.113,0.113,0.0,-1.29,-1.29,-1.29,0.0,1.94,1.552,1.552,0.0
2026-10-07T19:47:13.053924+00:00,1.0365357999689877,0.0,hardware,IDLE,0,0.14486232791552936,0.0,,0.0,,0.0,,0.0,1.45,0.0,0.113,0.0,-1.29,0.0,-1.552002285,0.0,1.559887499,0.0,-1.5599264019999999,0.0,1.545295464,0.0,1.552,0.0,1.5379273279999999,0.0,-1.537966411,0.0,1.537968744,0.0,-1.79835218,0.0,1.45,1.45,1.45,0.0,0.113,0.113,0.113,0.0,-1.29,-1.29,-1.29,0.0,1.94,1.552,1.552,0.0
2026-10-07T19:47:13.062926+00:00,1.0458797998726368,0.0,hardware,IDLE,0,0.14486232791552936,0.0,,0.0,,0.0,,0.0,1.45,0.0,0.113,0.0,-1.29,0.0,-1.552002285,0.0,1.559887499,0.0,-1.5599264019999999,0.0,1.545295464,0.0,1.552,0.0,1.5379273279999999,0.0,-1.537966411,0.0,1.537968744,0.0,-1.79835218,0.0,1.45,1.45,1.45,0.0,0.113,0.113,0.113,0.0,-1.29,-1.29,-1.29,0.0,1.94,1.552,1.552,0.0
2026-10-07T19:47:13.083926+00:00,1.0665980998892337,0.0,hardware,IDLE,0,0.14486232791552936,0.0,,0.0,,0.0,,0.0,1.45,0.0,0.113,0.0,-1.29,0.0,-1.552002285,0.0,1.559887499,0.0,-1.5599264019999999,0.0,1.545295464,0.0,1.552,0.0,1.5379273279999999,0.0,-1.537966411,0.0,1.537968744,0.0,-1.79835218,0.0,1.45,1.45,1.45,0.0,0.113,0.113,0.113,0.0,-1.29,-1.29,-1.29,0.0,1.94,1.552,1.552,0.0
2026-10-07T19:47:13.091925+00:00,1.0745383999310434,0.0,hardware,IDLE,0,0.14486232791552936,0.0,,0.0,,0.0,,0.0,1.45,0.0,0.113,0.0,-1.29,0.0,-1.552002285,0.0,1.559887499,0.0,-1.5599264019999999,0.0,1.545295464,0.0,1.552,0.0,1.5379273279999999,0.0,-1.537966411,0.0,1.537968744,0.0,-1.79835218,0.0,1.45,1.45,1.45,0.0,0.113,0.113,0.113,0.0,-1.29,-1.29,-1.29,0.0,1.94,1.552,1.552,0.0
2026-10-07T19:47:13.099928+00:00,1.0822107000276446,0.0,hardware,IDLE,0,0.14486232791552936,0.0,,0.0,,0.0,,0.0,1.45,0.0,0.113,0.0,-1.29,0.0,-1.552002285,0.0,1.559887499,0.0,-1.5599264019999999,0.0,1.545295464,0.0,1.552,0.0,1.5379273279999999,0.0,-1.537966411,0.0,1.537968744,0.0,-1.79835218,0.0,1.45,1.45,1.45,0.0,0.113,0.113,0.113,0.0,-1.29,-1.29,-1.29,0.0,1.94,1.552,1.552,0.0
2026-10-07T19:47:13.113926+00:00,1.0964782999362797,0.0,hardware,IDLE,0,0.14486232791552936,0.0,,0.0,,0.0,,0.0,1.45,0.0,0.113,0.0,-1.29,0.0,-1.552002285,0.0,1.559887499,0.0,-1.5599264019999999,0.0,1.545295464,0.0,1.552,0.0,1.5379273279999999,0.0,-1.537966411,0.0,1.537968744,0.0,-1.79835218,0.0,1.45,1.45,1.45,0.0,0.113,0.113,0.113,0.0,-1.29,-1.29,-1.29,0.0,1.94,1.552,1.552,0.0
2026-10-07T19:47:13.122414+00:00,1.1052099999506027,0.0,hardware,IDLE,0,0.14486232791552936,0.0,,0.0,,0.0,,0.0,1.45,0.0,0.113,0.0,-1.29,0.0,-1.552002285,0.0,1.559887499,0.0,-1.5599264019999999,0.0,1.545295464,0.0,1.552,0.0,1.5379273279999999,0.0,-1.537966411,0.0,1.537968744,0.0,-1.79835218,0.0,1.45,1.45,1.45,0.0,0.113,0.113,0.113,0.0,-1.29,-1.29,-1.29,0.0,1.94,1.552,1.552,0.0
2026-10-07T19:47:13.144930+00:00,1.1277811999898404,0.0,hardware,IDLE,0,0.14486232791552936,0.0,,0.0,,0.0,,0.0,1.45,0.0,0.113,0.0,-1.29,0.0,-1.552002285,0.0,1.559887499,0.0,-1.5599264019999999,0.0,1.545295464,0.0,1.552,0.0,1.5379273279999999,0.0,-1.537966411,0.0,1.537968744,0.0,-1.79835218,0.0,1.45,1.45,1.45,0.0,0.113,0.113,0.113,0.0,-1.29,-1.29,-1.29,0.0,1.94,1.552,1.552,0.0
2026-10-07T19:47:13.153937+00:00,1.1364648998714983,0.0,hardware,IDLE,0,0.14486232791552936,0.0,,0.0,,0.0,,0.0,1.45,0.0,0.113,0.0,-1.29,0.0,-1.552002285,0.0,1.559887499,0.0,-1.5599264019999999,0.0,1.545295464,0.0,1.552,0.0,1.5379273279999999,0.0,-1.537966411,0.0,1.537968744,0.0,-1.79835218,0.0,1.45,1.45,1.45,0.0,0.113,0.113,0.113,0.0,-1.29,-1.29,-1.29,0.0,1.94,1.552,1.552,0.0
2026-10-07T19:47:13.162941+00:00,1.1454773999284953,0.0,hardware,IDLE,0,0.14486232791552936,0.0,,0.0,,0.0,,0.0,1.45,0.0,0.113,0.0,-1.29,0.0,-1.552002285,0.0,1.559887499,0.0,-1.5599264019999999,0.0,1.545295464,0.0,1.552,0.0,1.5379273279999999,0.0,-1.537966411,0.0,1.537968744,0.0,-1.79835218,0.0,1.45,1.45,1.45,0.0,0.113,0.113,0.113,0.0,-1.29,-1.29,-1.29,0.0,1.94,1.552,1.552,0.0
2026-10-07T19:47:13.170941+00:00,1.1539763999171555,0.0,hardware,IDLE,0,0.14486232791552936,0.0,,0.0,,0.0,,0.0,1.45,0.0,0.113,0.0,-1.29,0.0,-1.552002285,0.0,1.559887499,0.0,-1.5599264019999999,0.0,1.545295464,0.0,1.552,0.0,1.5379273279999999,0.0,-1.537966411,0.0,1.537968744,0.0,-1.79835218,0.0,1.45,1.45,1.45,0.0,0.113,0.113,0.113,0.0,-1.29,-1.29,-1.29,0.0,1.94,1.552,1.552,0.0
2026-10-07T19:47:13.182644+00:00,1.1653946000151336,0.0,hardware,IDLE,0,0.14486232791552936,0.0,,0.0,,0.0,,0.0,1.45,0.0,0.113,0.0,-1.29,0.0,-1.552002285,0.0,1.559887499,0.0,-1.5599264019999999,0.0,1.545295464,0.0,1.552,0.0,1.5379273279999999,0.0,-1.537966411,0.0,1.537968744,0.0,-1.79835218,0.0,1.45,1.45,1.45,0.0,0.113,0.113,0.113,0.0,-1.29,-1.29,-1.29,0.0,1.94,1.552,1.552,0.0
2026-10-07T19:47:13.205642+00:00,1.1881188999395818,0.0,hardware,IDLE,0,0.14486232791552936,0.0,,0.0,,0.0,,0.0,1.45,0.0,0.113,0.0,-1.29,0.0,-1.552002285,0.0,1.559887499,0.0,-1.5599264019999999,0.0,1.545295464,0.0,1.552,0.0,1.5379273279999999,0.0,-1.537966411,0.0,1.537968744,0.0,-1.79835218,0.0,1.45,1.45,1.45,0.0,0.113,0.113,0.113,0.0,-1.29,-1.29,-1.29,0.0,1.94,1.552,1.552,0.0
2026-10-07T19:47:13.213646+00:00,1.1965503999963403,0.0,hardware,IDLE,0,0.14486232791552936,0.0,,0.0,,0.0,,0.0,1.45,0.0,0.113,0.0,-1.29,0.0,-1.552002285,0.0,1.559887499,0.0,-1.5599264019999999,0.0,1.545295464,0.0,1.552,0.0,1.5379273279999999,0.0,-1.537966411,0.0,1.537968744,0.0,-1.79835218,0.0,1.45,1.45,1.45,0.0,0.113,0.113,0.113,0.0,-1.29,-1.29,-1.29,0.0,1.94,1.552,1.552,0.0
2026-10-07T19:47:13.222644+00:00,1.2053828998468816,0.0,hardware,IDLE,0,0.14486232791552936,0.0,,0.0,,0.0,,0.0,1.45,0.0,0.113,0.0,-1.29,0.0,-1.552002285,0.0,1.559887499,0.0,-1.5599264019999999,0.0,1.545295464,0.0,1.552,0.0,1.5379273279999999,0.0,-1.537966411,0.0,1.537968744,0.0,-1.79835218,0.0,1.45,1.45,1.45,0.0,0.113,0.113,0.113,0.0,-1.29,-1.29,-1.29,0.0,1.94,1.552,1.552,0.0
2026-10-07T19:47:13.231657+00:00,1.2144343999680132,0.0,hardware,IDLE,0,0.14486232791552936,0.0,,0.0,,0.0,,0.0,1.45,0.0,0.113,0.0,-1.29,0.0,-1.552002285,0.0,1.559887499,0.0,-1.5599264019999999,0.0,1.545295464,0.0,1.552,0.0,1.5379273279999999,0.0,-1.537966411,0.0,1.537968744,0.0,-1.79835218,0.0,1.45,1.45,1.45,0.0,0.113,0.113,0.113,0.0,-1.29,-1.29,-1.29,0.0,1.94,1.552,1.552,0.0
2026-10-07T19:47:13.240656+00:00,1.2237111998256296,0.0,hardware,IDLE,0,0.14486232791552936,0.0,,0.0,,0.0,,0.0,1.45,0.0,0.113,0.0,-1.29,0.0,-1.552002285,0.0,1.559887499,0.0,-1.5599264019999999,0.0,1.545295464,0.0,1.552,0.0,1.5379273279999999,0.0,-1.537966411,0.0,1.537968744,0.0,-1.79835218,0.0,1.45,1.45,1.45,0.0,0.113,0.113,0.113,0.0,-1.29,-1.29,-1.29,0.0,1.94,1.552,1.552,0.0
2026-10-07T19:47:13.252178+00:00,1.23498099995777,0.0,hardware,IDLE,0,0.14486232791552936,0.0,,0.0,,0.0,,0.0,1.45,0.0,0.113,0.0,-1.29,0.0,-1.552002285,0.0,1.559887499,0.0,-1.5599264019999999,0.0,1.545295464,0.0,1.552,0.0,1.5379273279999999,0.0,-1.537966411,0.0,1.537968744,0.0,-1.79835218,0.0,1.45,1.45,1.45,0.0,0.113,0.113,0.113,0.0,-1.29,-1.29,-1.29,0.0,1.94,1.552,1.552,0.0
2026-10-07T19:47:13.273173+00:00,1.2555684000253677,0.0,hardware,IDLE,0,0.14486232791552936,0.0,,0.0,,0.0,,0.0,1.45,0.0,0.113,0.0,-1.29,0.0,-1.552002285,0.0,1.559887499,0.0,-1.5599264019999999,0.0,1.545295464,0.0,1.552,0.0,1.5379273279999999,0.0,-1.537966411,0.0,1.537968744,0.0,-1.79835218,0.0,1.45,1.45,1.45,0.0,0.113,0.113,0.113,0.0,-1.29,-1.29,-1.29,0.0,1.94,1.552,1.552,0.0
2026-10-07T19:47:13.282172+00:00,1.2648894998710603,0.0,hardware,IDLE,0,0.14486232791552936,0.0,,0.0,,0.0,,0.0,1.45,0.0,0.113,0.0,-1.29,0.0,-1.552002285,0.0,1.559887499,0.0,-1.5599264019999999,0.0,1.545295464,0.0,1.552,0.0,1.5379273279999999,0.0,-1.537966411,0.0,1.537968744,0.0,-1.79835218,0.0,1.45,1.45,1.45,0.0,0.113,0.113,0.113,0.0,-1.29,-1.29,-1.29,0.0,1.94,1.552,1.552,0.0
2026-10-07T19:47:13.291174+00:00,1.273912699893117,0.0,hardware,IDLE,0,0.14486232791552936,0.0,,0.0,,0.0,,0.0,1.45,0.0,0.113,0.0,-1.29,0.0,-1.552002285,0.0,1.559887499,0.0,-1.5599264019999999,0.0,1.545295464,0.0,1.552,0.0,1.5379273279999999,0.0,-1.537966411,0.0,1.537968744,0.0,-1.79835218,0.0,1.45,1.45,1.45,0.0,0.113,0.113,0.113,0.0,-1.29,-1.29,-1.29,0.0,1.94,1.552,1.552,0.0
2026-10-07T19:47:13.299171+00:00,1.2823341998737305,0.0,hardware,IDLE,0,0.14486232791552936,0.0,,0.0,,0.0,,0.0,1.45,0.0,0.113,0.0,-1.29,0.0,-1.552002285,0.0,1.559887499,0.0,-1.5599264019999999,0.0,1.545295464,0.0,1.552,0.0,1.5379273279999999,0.0,-1.537966411,0.0,1.537968744,0.0,-1.79835218,0.0,1.45,1.45,1.45,0.0,0.113,0.113,0.113,0.0,-1.29,-1.29,-1.29,0.0,1.94,1.552,1.552,0.0
2026-10-07T19:47:13.316176+00:00,1.2988306998740882,0.0,hardware,IDLE,0,0.14486232791552936,0.0,,0.0,,0.0,,0.0,1.45,0.0,0.113,0.0,-1.29,0.0,-1.552002285,0.0,1.559887499,0.0,-1.5599264019999999,0.0,1.545295464,0.0,1.552,0.0,1.5379273279999999,0.0,-1.537966411,0.0,1.537968744,0.0,-1.79835218,0.0,1.45,1.45,1.45,0.0,0.113,0.113,0.113,0.0,-1.29,-1.29,-1.29,0.0,1.94,1.552,1.552,0.0
2026-10-07T19:47:13.330187+00:00,1.3126588000450283,0.0,hardware,IDLE,0,0.14486232791552936,0.0,,0.0,,0.0,,0.0,1.45,0.0,0.113,0.0,-1.29,0.0,-1.552002285,0.0,1.559887499,0.0,-1.5599264019999999,0.0,1.545295464,0.0,1.552,0.0,1.5379273279999999,0.0,-1.537966411,0.0,1.537968744,0.0,-1.79835218,0.0,1.45,1.45,1.45,0.0,0.113,0.113,0.113,0.0,-1.29,-1.29,-1.29,0.0,1.94,1.552,1.552,0.0
2026-10-07T19:47:13.342465+00:00,1.3250939999707043,0.0,hardware,IDLE,0,0.14486232791552936,0.0,,0.0,,0.0,,0.0,1.45,0.0,0.113,0.0,-1.29,0.0,-1.552002285,0.0,1.559887499,0.0,-1.5599264019999999,0.0,1.545295464,0.0,1.552,0.0,1.5379273279999999,0.0,-1.537966411,0.0,1.537968744,0.0,-1.79835218,0.0,1.45,1.45,1.45,0.0,0.113,0.113,0.113,0.0,-1.29,-1.29,-1.29,0.0,1.94,1.552,1.552,0.0
2026-10-07T19:47:13.353984+00:00,1.3364659999497235,0.0,hardware,IDLE,0,0.14486232791552936,0.0,,0.0,,0.0,,0.0,1.45,0.0,0.113,0.0,-1.29,0.0,-1.552002285,0.0,1.559887499,0.0,-1.5599264019999999,0.0,1.545295464,0.0,1.552,0.0,1.5379273279999999,0.0,-1.537966411,0.0,1.537968744,0.0,-1.79835218,0.0,1.45,1.45,1.45,0.0,0.113,0.113,0.113,0.0,-1.29,-1.29,-1.29,0.0,1.94,1.552,1.552,0.0
2026-10-07T19:47:13.364985+00:00,1.3472480999771506,0.0,hardware,IDLE,0,0.14486232791552936,0.0,,0.0,,0.0,,0.0,1.45,0.0,0.113,0.0,-1.29,0.0,-1.552002285,0.0,1.559887499,0.0,-1.5599264019999999,0.0,1.545295464,0.0,1.552,0.0,1.5379273279999999,0.0,-1.537966411,0.0,1.537968744,0.0,-1.79835218,0.0,1.45,1.45,1.45,0.0,0.113,0.113,0.113,0.0,-1.29,-1.29,-1.29,0.0,1.94,1.552,1.552,0.0
2026-10-07T19:47:13.377721+00:00,1.3607637998647988,0.0,hardware,IDLE,0,0.14486232791552936,0.0,,0.0,,0.0,,0.0,1.45,0.0,0.113,0.0,-1.29,0.0,-1.552002285,0.0,1.559887499,0.0,-1.5599264019999999,0.0,1.545295464,0.0,1.552,0.0,1.5379273279999999,0.0,-1.537966411,0.0,1.537968744,0.0,-1.79835218,0.0,1.45,1.45,1.45,0.0,0.113,0.113,0.113,0.0,-1.29,-1.29,-1.29,0.0,1.94,1.552,1.552,0.0
2026-10-07T19:47:13.389244+00:00,1.3715345000382513,0.0,hardware,IDLE,0,0.14486232791552936,0.0,,0.0,,0.0,,0.0,1.45,0.0,0.113,0.0,-1.29,0.0,-1.552002285,0.0,1.559887499,0.0,-1.5599264019999999,0.0,1.545295464,0.0,1.552,0.0,1.5379273279999999,0.0,-1.537966411,0.0,1.537968744,0.0,-1.79835218,0.0,1.45,1.45,1.45,0.0,0.113,0.113,0.113,0.0,-1.29,-1.29,-1.29,0.0,1.94,1.552,1.552,0.0
2026-10-07T19:47:13.398444+00:00,1.3812577000353485,0.0,hardware,IDLE,0,0.14486232791552936,0.0,,0.0,,0.0,,0.0,1.45,0.0,0.113,0.0,-1.29,0.0,-1.552002285,0.0,1.559887499,0.0,-1.5599264019999999,0.0,1.545295464,0.0,1.552,0.0,1.5379273279999999,0.0,-1.537966411,0.0,1.537968744,0.0,-1.79835218,0.0,1.45,1.45,1.45,0.0,0.113,0.113,0.113,0.0,-1.29,-1.29,-1.29,0.0,1.94,1.552,1.552,0.0
2026-10-07T19:47:13.411450+00:00,1.3938092000316828,0.0,hardware,IDLE,0,0.14486232791552936,0.0,,0.0,,0.0,,0.0,1.45,0.0,0.113,0.0,-1.29,0.0,-1.552002285,0.0,1.559887499,0.0,-1.5599264019999999,0.0,1.545295464,0.0,1.552,0.0,1.5379273279999999,0.0,-1.537966411,0.0,1.537968744,0.0,-1.79835218,0.0,1.45,1.45,1.45,0.0,0.113,0.113,0.113,0.0,-1.29,-1.29,-1.29,0.0,1.94,1.552,1.552,0.0
2026-10-07T19:47:13.424446+00:00,1.4068831000477076,0.0,hardware,IDLE,0,0.14486232791552936,0.0,,0.0,,0.0,,0.0,1.45,0.0,0.113,0.0,-1.29,0.0,-1.552002285,0.0,1.559887499,0.0,-1.5599264019999999,0.0,1.545295464,0.0,1.552,0.0,1.5379273279999999,0.0,-1.537966411,0.0,1.537968744,0.0,-1.79835218,0.0,1.45,1.45,1.45,0.0,0.113,0.113,0.113,0.0,-1.29,-1.29,-1.29,0.0,1.94,1.552,1.552,0.0
2026-10-07T19:47:13.436455+00:00,1.4193183998577297,0.0,hardware,IDLE,0,0.14486232791552936,0.0,,0.0,,0.0,,0.0,1.45,0.0,0.113,0.0,-1.29,0.0,-1.552002285,0.0,1.559887499,0.0,-1.5599264019999999,0.0,1.545295464,0.0,1.552,0.0,1.5379273279999999,0.0,-1.537966411,0.0,1.537968744,0.0,-1.79835218,0.0,1.45,1.45,1.45,0.0,0.113,0.113,0.113,0.0,-1.29,-1.29,-1.29,0.0,1.94,1.552,1.552,0.0
2026-10-07T19:47:13.445587+00:00,1.4291081000119448,0.0,hardware,IDLE,0,0.14486232791552936,0.0,,0.0,,0.0,,0.0,1.45,0.0,0.113,0.0,-1.29,0.0,-1.552002285,0.0,1.559887499,0.0,-1.5599264019999999,0.0,1.545295464,0.0,1.552,0.0,1.5379273279999999,0.0,-1.537966411,0.0,1.537968744,0.0,-1.79835218,0.0,1.45,1.45,1.45,0.0,0.113,0.113,0.113,0.0,-1.29,-1.29,-1.29,0.0,1.94,1.552,1.552,0.0
2026-10-07T19:47:13.454074+00:00,1.4370927999261767,0.0,hardware,IDLE,0,0.14486232791552936,0.0,,0.0,,0.0,,0.0,1.45,0.0,0.113,0.0,-1.29,0.0,-1.552002285,0.0,1.559887499,0.0,-1.5599264019999999,0.0,1.545295464,0.0,1.552,0.0,1.5379273279999999,0.0,-1.537966411,0.0,1.537968744,0.0,-1.79835218,0.0,1.45,1.45,1.45,0.0,0.113,0.113,0.113,0.0,-1.29,-1.29,-1.29,0.0,1.94,1.552,1.552,0.0
2026-10-07T19:47:13.467072+00:00,1.4497644999064505,0.0,hardware,IDLE,0,0.14486232791552936,0.0,,0.0,,0.0,,0.0,1.45,0.0,0.113,0.0,-1.29,0.0,-1.552002285,0.0,1.559887499,0.0,-1.5599264019999999,0.0,1.545295464,0.0,1.552,0.0,1.5379273279999999,0.0,-1.537966411,0.0,1.537968744,0.0,-1.79835218,0.0,1.45,1.45,1.45,0.0,0.113,0.113,0.113,0.0,-1.29,-1.29,-1.29,0.0,1.94,1.552,1.552,0.0
2026-10-07T19:47:13.478070+00:00,1.460598099976778,0.0,hardware,IDLE,0,0.14486232791552936,0.0,,0.0,,0.0,,0.0,1.45,0.0,0.113,0.0,-1.29,0.0,-1.552002285,0.0,1.559887499,0.0,-1.5599264019999999,0.0,1.545295464,0.0,1.552,0.0,1.5379273279999999,0.0,-1.537966411,0.0,1.537968744,0.0,-1.79835218,0.0,1.45,1.45,1.45,0.0,0.113,0.113,0.113,0.0,-1.29,-1.29,-1.29,0.0,1.94,1.552,1.552,0.0
2026-10-07T19:47:13.502067+00:00,1.4844692000187933,0.0,hardware,IDLE,0,0.14486232791552936,0.0,,0.0,,0.0,,0.0,1.45,0.0,0.113,0.0,-1.29,0.0,-1.552002285,0.0,1.559887499,0.0,-1.5599264019999999,0.0,1.545295464,0.0,1.552,0.0,1.5379273279999999,0.0,-1.537966411,0.0,1.537968744,0.0,-1.79835218,0.0,1.45,1.45,1.45,0.0,0.113,0.113,0.113,0.0,-1.29,-1.29,-1.29,0.0,1.94,1.552,1.552,0.0
2026-10-07T19:47:13.509605+00:00,1.4923262000083923,0.0,hardware,IDLE,0,0.14486232791552936,0.0,,0.0,,0.0,,0.0,1.45,0.0,0.113,0.0,-1.29,0.0,-1.552002285,0.0,1.559887499,0.0,-1.5599264019999999,0.0,1.545295464,0.0,1.552,0.0,1.5379273279999999,0.0,-1.537966411,0.0,1.537968744,0.0,-1.79835218,0.0,1.45,1.45,1.45,0.0,0.113,0.113,0.113,0.0,-1.29,-1.29,-1.29,0.0,1.94,1.552,1.552,0.0
2026-10-07T19:47:13.517616+00:00,1.4998196000233293,0.0,hardware,IDLE,0,0.14486232791552936,0.0,,0.0,,0.0,,0.0,1.45,0.0,0.113,0.0,-1.29,0.0,-1.552002285,0.0,1.559887499,0.0,-1.5599264019999999,0.0,1.545295464,0.0,1.552,0.0,1.5379273279999999,0.0,-1.537966411,0.0,1.537968744,0.0,-1.79835218,0.0,1.45,1.45,1.45,0.0,0.113,0.113,0.113,0.0,-1.29,-1.29,-1.29,0.0,1.94,1.552,1.552,0.0
2026-10-07T19:47:13.533662+00:00,1.5162305999547243,0.0,hardware,IDLE,0,0.14486232791552936,0.0,,0.0,,0.0,,0.0,1.45,0.0,0.113,0.0,-1.29,0.0,-1.552002285,0.0,1.559887499,0.0,-1.5599264019999999,0.0,1.545295464,0.0,1.552,0.0,1.5379273279999999,0.0,-1.537966411,0.0,1.537968744,0.0,-1.79835218,0.0,1.45,1.45,1.45,0.0,0.113,0.113,0.113,0.0,-1.29,-1.29,-1.29,0.0,1.94,1.552,1.552,0.0
2026-10-07T19:47:13.541662+00:00,1.5239979999605566,0.0,hardware,IDLE,0,0.14486232791552936,0.0,,0.0,,0.0,,0.0,1.45,0.0,0.113,0.0,-1.29,0.0,-1.552002285,0.0,1.559887499,0.0,-1.5599264019999999,0.0,1.545295464,0.0,1.552,0.0,1.5379273279999999,0.0,-1.537966411,0.0,1.537968744,0.0,-1.79835218,0.0,1.45,1.45,1.45,0.0,0.113,0.113,0.113,0.0,-1.29,-1.29,-1.29,0.0,1.94,1.552,1.552,0.0
2026-10-07T19:47:13.549176+00:00,1.5322131998836994,0.0,hardware,IDLE,0,0.14486232791552936,0.0,,0.0,,0.0,,0.0,1.45,0.0,0.113,0.0,-1.29,0.0,-1.552002285,0.0,1.559887499,0.0,-1.5599264019999999,0.0,1.545295464,0.0,1.552,0.0,1.5379273279999999,0.0,-1.537966411,0.0,1.537968744,0.0,-1.79835218,0.0,1.45,1.45,1.45,0.0,0.113,0.113,0.113,0.0,-1.29,-1.29,-1.29,0.0,1.94,1.552,1.552,0.0
2026-10-07T19:47:13.565176+00:00,1.5478280999232084,0.0,hardware,IDLE,0,0.14486232791552936,0.0,,0.0,,0.0,,0.0,1.45,0.0,0.113,0.0,-1.29,0.0,-1.552002285,0.0,1.559887499,0.0,-1.5599264019999999,0.0,1.545295464,0.0,1.552,0.0,1.5379273279999999,0.0,-1.537966411,0.0,1.537968744,0.0,-1.79835218,0.0,1.45,1.45,1.45,0.0,0.113,0.113,0.113,0.0,-1.29,-1.29,-1.29,0.0,1.94,1.552,1.552,0.0
2026-10-07T19:47:13.581175+00:00,1.563730999827385,0.0,hardware,IDLE,0,0.14486232791552936,0.0,,0.0,,0.0,,0.0,1.45,0.0,0.113,0.0,-1.29,0.0,-1.552002285,0.0,1.559887499,0.0,-1.5599264019999999,0.0,1.545295464,0.0,1.552,0.0,1.5379273279999999,0.0,-1.537966411,0.0,1.537968744,0.0,-1.79835218,0.0,1.45,1.45,1.45,0.0,0.113,0.113,0.113,0.0,-1.29,-1.29,-1.29,0.0,1.94,1.552,1.552,0.0
2026-10-07T19:47:13.590176+00:00,1.5724207998719066,0.0,hardware,IDLE,0,0.14486232791552936,0.0,,0.0,,0.0,,0.0,1.45,0.0,0.113,0.0,-1.29,0.0,-1.552002285,0.0,1.559887499,0.0,-1.5599264019999999,0.0,1.545295464,0.0,1.552,0.0,1.5379273279999999,0.0,-1.537966411,0.0,1.537968744,0.0,-1.79835218,0.0,1.45,1.45,1.45,0.0,0.113,0.113,0.113,0.0,-1.29,-1.29,-1.29,0.0,1.94,1.552,1.552,0.0
2026-10-07T19:47:13.612176+00:00,1.5945776000153273,0.0,hardware,IDLE,0,0.14486232791552936,0.0,,0.0,,0.0,,0.0,1.45,0.0,0.113,0.0,-1.29,0.0,-1.552002285,0.0,1.559887499,0.0,-1.5599264019999999,0.0,1.545295464,0.0,1.552,0.0,1.5379273279999999,0.0,-1.537966411,0.0,1.537968744,0.0,-1.79835218,0.0,1.45,1.45,1.45,0.0,0.113,0.113,0.113,0.0,-1.29,-1.29,-1.29,0.0,1.94,1.552,1.552,0.0
2026-10-07T19:47:13.619179+00:00,1.60181749984622,0.0,hardware,IDLE,0,0.14486232791552936,0.0,,0.0,,0.0,,0.0,1.45,0.0,0.113,0.0,-1.29,0.0,-1.552002285,0.0,1.559887499,0.0,-1.5599264019999999,0.0,1.545295464,0.0,1.552,0.0,1.5379273279999999,0.0,-1.537966411,0.0,1.537968744,0.0,-1.79835218,0.0,1.45,1.45,1.45,0.0,0.113,0.113,0.113,0.0,-1.29,-1.29,-1.29,0.0,1.94,1.552,1.552,0.0
2026-10-07T19:47:13.633680+00:00,1.616634099977091,0.0,hardware,IDLE,0,0.14486232791552936,0.0,,0.0,,0.0,,0.0,1.45,0.0,0.113,0.0,-1.29,0.0,-1.552002285,0.0,1.559887499,0.0,-1.5599264019999999,0.0,1.545295464,0.0,1.552,0.0,1.5379273279999999,0.0,-1.537966411,0.0,1.537968744,0.0,-1.79835218,0.0,1.45,1.45,1.45,0.0,0.113,0.113,0.113,0.0,-1.29,-1.29,-1.29,0.0,1.94,1.552,1.552,0.0
2026-10-07T19:47:13.642682+00:00,1.624923799885437,0.0,hardware,IDLE,0,0.14486232791552936,0.0,,0.0,,0.0,,0.0,1.45,0.0,0.113,0.0,-1.29,0.0,-1.552002285,0.0,1.559887499,0.0,-1.5599264019999999,0.0,1.545295464,0.0,1.552,0.0,1.5379273279999999,0.0,-1.537966411,0.0,1.537968744,0.0,-1.79835218,0.0,1.45,1.45,1.45,0.0,0.113,0.113,0.113,0.0,-1.29,-1.29,-1.29,0.0,1.94,1.552,1.552,0.0
2026-10-07T19:47:13.658198+00:00,1.6410540998913348,0.0,hardware,IDLE,0,0.14486232791552936,0.0,,0.0,,0.0,,0.0,1.45,0.0,0.113,0.0,-1.29,0.0,-1.552002285,0.0,1.559887499,0.0,-1.5599264019999999,0.0,1.545295464,0.0,1.552,0.0,1.5379273279999999,0.0,-1.537966411,0.0,1.537968744,0.0,-1.79835218,0.0,1.45,1.45,1.45,0.0,0.113,0.113,0.113,0.0,-1.29,-1.29,-1.29,0.0,1.94,1.552,1.552,0.0
2026-10-07T19:47:13.666377+00:00,1.6494311999995261,0.0,hardware,IDLE,0,0.14486232791552936,0.0,,0.0,,0.0,,0.0,1.45,0.0,0.113,0.0,-1.29,0.0,-1.552002285,0.0,1.559887499,0.0,-1.5599264019999999,0.0,1.545295464,0.0,1.552,0.0,1.5379273279999999,0.0,-1.537966411,0.0,1.537968744,0.0,-1.79835218,0.0,1.45,1.45,1.45,0.0,0.113,0.113,0.113,0.0,-1.29,-1.29,-1.29,0.0,1.94,1.552,1.552,0.0
2026-10-07T19:47:13.676574+00:00,1.6591264999005944,0.0,hardware,IDLE,0,0.14486232791552936,0.0,,0.0,,0.0,,0.0,1.45,0.0,0.113,0.0,-1.29,0.0,-1.552002285,0.0,1.559887499,0.0,-1.5599264019999999,0.0,1.545295464,0.0,1.552,0.0,1.5379273279999999,0.0,-1.537966411,0.0,1.537968744,0.0,-1.79835218,0.0,1.45,1.45,1.45,0.0,0.113,0.113,0.113,0.0,-1.29,-1.29,-1.29,0.0,1.94,1.552,1.552,0.0
2026-10-07T19:47:13.686578+00:00,1.669586099917069,0.0,hardware,IDLE,0,0.14486232791552936,0.0,,0.0,,0.0,,0.0,1.45,0.0,0.113,0.0,-1.29,0.0,-1.552002285,0.0,1.559887499,0.0,-1.5599264019999999,0.0,1.545295464,0.0,1.552,0.0,1.5379273279999999,0.0,-1.537966411,0.0,1.537968744,0.0,-1.79835218,0.0,1.45,1.45,1.45,0.0,0.113,0.113,0.113,0.0,-1.29,-1.29,-1.29,0.0,1.94,1.552,1.552,0.0
2026-10-07T19:47:13.696573+00:00,1.6788744998630136,0.0,hardware,IDLE,0,0.14486232791552936,0.0,,0.0,,0.0,,0.0,1.45,0.0,0.113,0.0,-1.29,0.0,-1.552002285,0.0,1.559887499,0.0,-1.5599264019999999,0.0,1.545295464,0.0,1.552,0.0,1.5379273279999999,0.0,-1.537966411,0.0,1.537968744,0.0,-1.79835218,0.0,1.45,1.45,1.45,0.0,0.113,0.113,0.113,0.0,-1.29,-1.29,-1.29,0.0,1.94,1.552,1.552,0.0
2026-10-07T19:47:13.705575+00:00,1.6879419998731464,0.0,hardware,IDLE,0,0.14486232791552936,0.0,,0.0,,0.0,,0.0,1.45,0.0,0.113,0.0,-1.29,0.0,-1.552002285,0.0,1.559887499,0.0,-1.5599264019999999,0.0,1.545295464,0.0,1.552,0.0,1.5379273279999999,0.0,-1.537966411,0.0,1.537968744,0.0,-1.79835218,0.0,1.45,1.45,1.45,0.0,0.113,0.113,0.113,0.0,-1.29,-1.29,-1.29,0.0,1.94,1.552,1.552,0.0
2026-10-07T19:47:13.721578+00:00,1.704274999909103,0.0,hardware,IDLE,0,0.14486232791552936,0.0,,0.0,,0.0,,0.0,1.45,0.0,0.113,0.0,-1.29,0.0,-1.552002285,0.0,1.559887499,0.0,-1.5599264019999999,0.0,1.545295464,0.0,1.552,0.0,1.5379273279999999,0.0,-1.537966411,0.0,1.537968744,0.0,-1.79835218,0.0,1.45,1.45,1.45,0.0,0.113,0.113,0.113,0.0,-1.29,-1.29,-1.29,0.0,1.94,1.552,1.552,0.0
2026-10-07T19:47:13.730592+00:00,1.712816699873656,0.0,hardware,IDLE,0,0.14486232791552936,0.0,,0.0,,0.0,,0.0,1.45,0.0,0.113,0.0,-1.29,0.0,-1.552002285,0.0,1.559887499,0.0,-1.5599264019999999,0.0,1.545295464,0.0,1.552,0.0,1.5379273279999999,0.0,-1.537966411,0.0,1.537968744,0.0,-1.79835218,0.0,1.45,1.45,1.45,0.0,0.113,0.113,0.113,0.0,-1.29,-1.29,-1.29,0.0,1.94,1.552,1.552,0.0
2026-10-07T19:47:13.740602+00:00,1.722841499838978,0.0,hardware,IDLE,0,0.14486232791552936,0.0,,0.0,,0.0,,0.0,1.45,0.0,0.113,0.0,-1.29,0.0,-1.552002285,0.0,1.559887499,0.0,-1.5599264019999999,0.0,1.545295464,0.0,1.552,0.0,1.5379273279999999,0.0,-1.537966411,0.0,1.537968744,0.0,-1.79835218,0.0,1.45,1.45,1.45,0.0,0.113,0.113,0.113,0.0,-1.29,-1.29,-1.29,0.0,1.94,1.552,1.552,0.0
2026-10-07T19:47:13.752107+00:00,1.7345936000347137,0.0,hardware,IDLE,0,0.14486232791552936,0.0,,0.0,,0.0,,0.0,1.45,0.0,0.113,0.0,-1.29,0.0,-1.552002285,0.0,1.559887499,0.0,-1.5599264019999999,0.0,1.545295464,0.0,1.552,0.0,1.5379273279999999,0.0,-1.537966411,0.0,1.537968744,0.0,-1.79835218,0.0,1.45,1.45,1.45,0.0,0.113,0.113,0.113,0.0,-1.29,-1.29,-1.29,0.0,1.94,1.552,1.552,0.0
2026-10-07T19:47:13.766828+00:00,1.749295499874279,0.0,hardware,IDLE,0,0.14486232791552936,0.0,,0.0,,0.0,,0.0,1.45,0.0,0.113,0.0,-1.29,0.0,-1.552002285,0.0,1.559887499,0.0,-1.5599264019999999,0.0,1.545295464,0.0,1.552,0.0,1.5379273279999999,0.0,-1.537966411,0.0,1.537968744,0.0,-1.79835218,0.0,1.45,1.45,1.45,0.0,0.113,0.113,0.113,0.0,-1.29,-1.29,-1.29,0.0,1.94,1.552,1.552,0.0
2026-10-07T19:47:13.782397+00:00,1.7650810999330133,0.0,hardware,IDLE,0,0.14486232791552936,0.0,,0.0,,0.0,,0.0,1.45,0.0,0.113,0.0,-1.29,0.0,-1.552002285,0.0,1.559887499,0.0,-1.5599264019999999,0.0,1.545295464,0.0,1.552,0.0,1.5379273279999999,0.0,-1.537966411,0.0,1.537968744,0.0,-1.79835218,0.0,1.45,1.45,1.45,0.0,0.113,0.113,0.113,0.0,-1.29,-1.29,-1.29,0.0,1.94,1.552,1.552,0.0
2026-10-07T19:47:13.792396+00:00,1.775314599974081,0.0,hardware,IDLE,0,0.14486232791552936,0.0,,0.0,,0.0,,0.0,1.45,0.0,0.113,0.0,-1.29,0.0,-1.552002285,0.0,1.559887499,0.0,-1.5599264019999999,0.0,1.545295464,0.0,1.552,0.0,1.5379273279999999,0.0,-1.537966411,0.0,1.537968744,0.0,-1.79835218,0.0,1.45,1.45,1.45,0.0,0.113,0.113,0.113,0.0,-1.29,-1.29,-1.29,0.0,1.94,1.552,1.552,0.0
2026-10-07T19:47:13.803396+00:00,1.785508899949491,0.0,hardware,IDLE,0,0.14486232791552936,0.0,,0.0,,0.0,,0.0,1.45,0.0,0.113,0.0,-1.29,0.0,-1.552002285,0.0,1.559887499,0.0,-1.5599264019999999,0.0,1.545295464,0.0,1.552,0.0,1.5379273279999999,0.0,-1.537966411,0.0,1.537968744,0.0,-1.79835218,0.0,1.45,1.45,1.45,0.0,0.113,0.113,0.113,0.0,-1.29,-1.29,-1.29,0.0,1.94,1.552,1.552,0.0
2026-10-07T19:47:13.814396+00:00,1.7969648998696357,0.0,hardware,IDLE,0,0.14486232791552936,0.0,,0.0,,0.0,,0.0,1.45,0.0,0.113,0.0,-1.29,0.0,-1.552002285,0.0,1.559887499,0.0,-1.5599264019999999,0.0,1.545295464,0.0,1.552,0.0,1.5379273279999999,0.0,-1.537966411,0.0,1.537968744,0.0,-1.79835218,0.0,1.45,1.45,1.45,0.0,0.113,0.113,0.113,0.0,-1.29,-1.29,-1.29,0.0,1.94,1.552,1.552,0.0
2026-10-07T19:47:13.824397+00:00,1.8065300998277962,0.0,hardware,IDLE,0,0.14486232791552936,0.0,,0.0,,0.0,,0.0,1.45,0.0,0.113,0.0,-1.29,0.0,-1.552002285,0.0,1.559887499,0.0,-1.5599264019999999,0.0,1.545295464,0.0,1.552,0.0,1.5379273279999999,0.0,-1.537966411,0.0,1.537968744,0.0,-1.79835218,0.0,1.45,1.45,1.45,0.0,0.113,0.113,0.113,0.0,-1.29,-1.29,-1.29,0.0,1.94,1.552,1.552,0.0
2026-10-07T19:47:13.845907+00:00,1.8283378998748958,0.0,hardware,IDLE,0,0.14486232791552936,0.0,,0.0,,0.0,,0.0,1.45,0.0,0.113,0.0,-1.29,0.0,-1.552002285,0.0,1.559887499,0.0,-1.5599264019999999,0.0,1.545295464,0.0,1.552,0.0,1.5379273279999999,0.0,-1.537966411,0.0,1.537968744,0.0,-1.79835218,0.0,1.45,1.45,1.45,0.0,0.113,0.113,0.113,0.0,-1.29,-1.29,-1.29,0.0,1.94,1.552,1.552,0.0
2026-10-07T19:47:13.851913+00:00,1.8349870999809355,0.0,hardware,IDLE,0,0.14486232791552936,0.0,,0.0,,0.0,,0.0,1.45,0.0,0.113,0.0,-1.29,0.0,-1.552002285,0.0,1.559887499,0.0,-1.5599264019999999,0.0,1.545295464,0.0,1.552,0.0,1.5379273279999999,0.0,-1.537966411,0.0,1.537968744,0.0,-1.79835218,0.0,1.45,1.45,1.45,0.0,0.113,0.113,0.113,0.0,-1.29,-1.29,-1.29,0.0,1.94,1.552,1.552,0.0
2026-10-07T19:47:13.858913+00:00,1.8417000998742878,0.0,hardware,IDLE,0,0.14486232791552936,0.0,,0.0,,0.0,,0.0,1.45,0.0,0.113,0.0,-1.29,0.0,-1.552002285,0.0,1.559887499,0.0,-1.5599264019999999,0.0,1.545295464,0.0,1.552,0.0,1.5379273279999999,0.0,-1.537966411,0.0,1.537968744,0.0,-1.79835218,0.0,1.45,1.45,1.45,0.0,0.113,0.113,0.113,0.0,-1.29,-1.29,-1.29,0.0,1.94,1.552,1.552,0.0
2026-10-07T19:47:13.875934+00:00,1.8585065000224859,0.0,hardware,IDLE,0,0.14486232791552936,0.0,,0.0,,0.0,,0.0,1.45,0.0,0.113,0.0,-1.29,0.0,-1.552002285,0.0,1.559887499,0.0,-1.5599264019999999,0.0,1.545295464,0.0,1.552,0.0,1.5379273279999999,0.0,-1.537966411,0.0,1.537968744,0.0,-1.79835218,0.0,1.45,1.45,1.45,0.0,0.113,0.113,0.113,0.0,-1.29,-1.29,-1.29,0.0,1.94,1.552,1.552,0.0
2026-10-07T19:47:13.883931+00:00,1.866404099855572,0.0,hardware,IDLE,0,0.14486232791552936,0.0,,0.0,,0.0,,0.0,1.45,0.0,0.113,0.0,-1.29,0.0,-1.552002285,0.0,1.559887499,0.0,-1.5599264019999999,0.0,1.545295464,0.0,1.552,0.0,1.5379273279999999,0.0,-1.537966411,0.0,1.537968744,0.0,-1.79835218,0.0,1.45,1.45,1.45,0.0,0.113,0.113,0.113,0.0,-1.29,-1.29,-1.29,0.0,1.94,1.552,1.552,0.0
2026-10-07T19:47:13.905931+00:00,1.8883968000300229,0.0,hardware,IDLE,0,0.14486232791552936,0.0,,0.0,,0.0,,0.0,1.45,0.0,0.113,0.0,-1.29,0.0,-1.552002285,0.0,1.559887499,0.0,-1.5599264019999999,0.0,1.545295464,0.0,1.552,0.0,1.5379273279999999,0.0,-1.537966411,0.0,1.537968744,0.0,-1.79835218,0.0,1.45,1.45,1.45,0.0,0.113,0.113,0.113,0.0,-1.29,-1.29,-1.29,0.0,1.94,1.552,1.552,0.0
2026-10-07T19:47:13.912931+00:00,1.8957656999118626,0.0,hardware,IDLE,0,0.14486232791552936,0.0,,0.0,,0.0,,0.0,1.45,0.0,0.113,0.0,-1.29,0.0,-1.552002285,0.0,1.559887499,0.0,-1.5599264019999999,0.0,1.545295464,0.0,1.552,0.0,1.5379273279999999,0.0,-1.537966411,0.0,1.537968744,0.0,-1.79835218,0.0,1.45,1.45,1.45,0.0,0.113,0.113,0.113,0.0,-1.29,-1.29,-1.29,0.0,1.94,1.552,1.552,0.0
2026-10-07T19:47:13.920931+00:00,1.9033093999605626,0.0,hardware,IDLE,0,0.14486232791552936,0.0,,0.0,,0.0,,0.0,1.45,0.0,0.113,0.0,-1.29,0.0,-1.552002285,0.0,1.559887499,0.0,-1.5599264019999999,0.0,1.545295464,0.0,1.552,0.0,1.5379273279999999,0.0,-1.537966411,0.0,1.537968744,0.0,-1.79835218,0.0,1.45,1.45,1.45,0.0,0.113,0.113,0.113,0.0,-1.29,-1.29,-1.29,0.0,1.94,1.552,1.552,0.0
2026-10-07T19:47:13.935936+00:00,1.9184719000477344,0.0,hardware,IDLE,0,0.14486232791552936,0.0,,0.0,,0.0,,0.0,1.45,0.0,0.113,0.0,-1.29,0.0,-1.552002285,0.0,1.559887499,0.0,-1.5599264019999999,0.0,1.545295464,0.0,1.552,0.0,1.5379273279999999,0.0,-1.537966411,0.0,1.537968744,0.0,-1.79835218,0.0,1.45,1.45,1.45,0.0,0.113,0.113,0.113,0.0,-1.29,-1.29,-1.29,0.0,1.94,1.552,1.552,0.0
2026-10-07T19:47:13.942936+00:00,1.9254065998829901,0.0,hardware,IDLE,0,0.14486232791552936,0.0,,0.0,,0.0,,0.0,1.45,0.0,0.113,0.0,-1.29,0.0,-1.552002285,0.0,1.559887499,0.0,-1.5599264019999999,0.0,1.545295464,0.0,1.552,0.0,1.5379273279999999,0.0,-1.537966411,0.0,1.537968744,0.0,-1.79835218,0.0,1.45,1.45,1.45,0.0,0.113,0.113,0.113,0.0,-1.29,-1.29,-1.29,0.0,1.94,1.552,1.552,0.0
2026-10-07T19:47:13.967449+00:00,1.9499078998342156,0.0,hardware,IDLE,0,0.14486232791552936,0.0,,0.0,,0.0,,0.0,1.45,0.0,0.113,0.0,-1.29,0.0,-1.552002285,0.0,1.559887499,0.0,-1.5599264019999999,0.0,1.545295464,0.0,1.552,0.0,1.5379273279999999,0.0,-1.537966411,0.0,1.537968744,0.0,-1.79835218,0.0,1.45,1.45,1.45,0.0,0.113,0.113,0.113,0.0,-1.29,-1.29,-1.29,0.0,1.94,1.552,1.552,0.0
2026-10-07T19:47:13.975449+00:00,1.9578153998591006,0.0,hardware,IDLE,0,0.14486232791552936,0.0,,0.0,,0.0,,0.0,1.45,0.0,0.113,0.0,-1.29,0.0,-1.552002285,0.0,1.559887499,0.0,-1.5599264019999999,0.0,1.545295464,0.0,1.552,0.0,1.5379273279999999,0.0,-1.537966411,0.0,1.537968744,0.0,-1.79835218,0.0,1.45,1.45,1.45,0.0,0.113,0.113,0.113,0.0,-1.29,-1.29,-1.29,0.0,1.94,1.552,1.552,0.0
2026-10-07T19:47:13.982449+00:00,1.9650015998631716,0.0,hardware,IDLE,0,0.14486232791552936,0.0,,0.0,,0.0,,0.0,1.45,0.0,0.113,0.0,-1.29,0.0,-1.552002285,0.0,1.559887499,0.0,-1.5599264019999999,0.0,1.545295464,0.0,1.552,0.0,1.5379273279999999,0.0,-1.537966411,0.0,1.537968744,0.0,-1.79835218,0.0,1.45,1.45,1.45,0.0,0.113,0.113,0.113,0.0,-1.29,-1.29,-1.29,0.0,1.94,1.552,1.552,0.0
2026-10-07T19:47:13.998449+00:00,1.9811855999287218,0.0,hardware,IDLE,0,0.14486232791552936,0.0,,0.0,,0.0,,0.0,1.45,0.0,0.113,0.0,-1.29,0.0,-1.552002285,0.0,1.559887499,0.0,-1.5599264019999999,0.0,1.545295464,0.0,1.552,0.0,1.5379273279999999,0.0,-1.537966411,0.0,1.537968744,0.0,-1.79835218,0.0,1.45,1.45,1.45,0.0,0.113,0.113,0.113,0.0,-1.29,-1.29,-1.29,0.0,1.94,1.552,1.552,0.0
2026-10-07T19:47:14.006449+00:00,1.9892223998904228,0.0,hardware,IDLE,0,0.14486232791552936,0.0,,0.0,,0.0,,0.0,1.45,0.0,0.113,0.0,-1.29,0.0,-1.552002285,0.0,1.559887499,0.0,-1.5599264019999999,0.0,1.545295464,0.0,1.552,0.0,1.5379273279999999,0.0,-1.537966411,0.0,1.537968744,0.0,-1.79835218,0.0,1.45,1.45,1.45,0.0,0.113,0.113,0.113,0.0,-1.29,-1.29,-1.29,0.0,1.94,1.552,1.552,0.0
2026-10-07T19:47:14.013449+00:00,1.9962818999774754,0.0,hardware,IDLE,0,0.14486232791552936,0.0,,0.0,,0.0,,0.0,1.45,0.0,0.113,0.0,-1.29,0.0,-1.552002285,0.0,1.559887499,0.0,-1.5599264019999999,0.0,1.545295464,0.0,1.552,0.0,1.5379273279999999,0.0,-1.537966411,0.0,1.537968744,0.0,-1.79835218,0.0,1.45,1.45,1.45,0.0,0.113,0.113,0.113,0.0,-1.29,-1.29,-1.29,0.0,1.94,1.552,1.552,0.0
2026-10-07T19:47:14.029450+00:00,2.012004700023681,0.0,hardware,IDLE,0,0.14486232791552936,0.0,,0.0,,0.0,,0.0,1.45,0.0,0.113,0.0,-1.29,0.0,-1.552002285,0.0,1.559887499,0.0,-1.5599264019999999,0.0,1.545295464,0.0,1.552,0.0,1.5379273279999999,0.0,-1.537966411,0.0,1.537968744,0.0,-1.79835218,0.0,1.45,1.45,1.45,0.0,0.113,0.113,0.113,0.0,-1.29,-1.29,-1.29,0.0,1.94,1.552,1.552,0.0
2026-10-07T19:47:14.045455+00:00,2.0279818000271916,0.0,hardware,IDLE,0,0.14486232791552936,0.0,,0.0,,0.0,,0.0,1.45,0.0,0.113,0.0,-1.29,0.0,-1.552002285,0.0,1.559887499,0.0,-1.5599264019999999,0.0,1.545295464,0.0,1.552,0.0,1.5379273279999999,0.0,-1.537966411,0.0,1.537968744,0.0,-1.79835218,0.0,1.45,1.45,1.45,0.0,0.113,0.113,0.113,0.0,-1.29,-1.29,-1.29,0.0,1.94,1.552,1.552,0.0
2026-10-07T19:47:14.052972+00:00,2.0351624998729676,0.0,hardware,IDLE,0,0.14486232791552936,0.0,,0.0,,0.0,,0.0,1.45,0.0,0.113,0.0,-1.29,0.0,-1.552002285,0.0,1.559887499,0.0,-1.5599264019999999,0.0,1.545295464,0.0,1.552,0.0,1.5379273279999999,0.0,-1.537966411,0.0,1.537968744,0.0,-1.79835218,0.0,1.45,1.45,1.45,0.0,0.113,0.113,0.113,0.0,-1.29,-1.29,-1.29,0.0,1.94,1.552,1.552,0.0
2026-10-07T19:47:14.060982+00:00,2.043352499837056,0.0,hardware,IDLE,0,0.14486232791552936,0.0,,0.0,,0.0,,0.0,1.45,0.0,0.113,0.0,-1.29,0.0,-1.552002285,0.0,1.559887499,0.0,-1.5599264019999999,0.0,1.545295464,0.0,1.552,0.0,1.5379273279999999,0.0,-1.537966411,0.0,1.537968744,0.0,-1.79835218,0.0,1.45,1.45,1.45,0.0,0.113,0.113,0.113,0.0,-1.29,-1.29,-1.29,0.0,1.94,1.552,1.552,0.0
2026-10-07T19:47:14.075973+00:00,2.058491599978879,0.0,hardware,IDLE,0,0.14486232791552936,0.0,,0.0,,0.0,,0.0,1.45,0.0,0.113,0.0,-1.29,0.0,-1.552002285,0.0,1.559887499,0.0,-1.5599264019999999,0.0,1.545295464,0.0,1.552,0.0,1.5379273279999999,0.0,-1.537966411,0.0,1.537968744,0.0,-1.79835218,0.0,1.45,1.45,1.45,0.0,0.113,0.113,0.113,0.0,-1.29,-1.29,-1.29,0.0,1.94,1.552,1.552,0.0
2026-10-07T19:47:14.090972+00:00,2.073539299890399,0.0,hardware,IDLE,0,0.14486232791552936,0.0,,0.0,,0.0,,0.0,1.45,0.0,0.113,0.0,-1.29,0.0,-1.552002285,0.0,1.559887499,0.0,-1.5599264019999999,0.0,1.545295464,0.0,1.552,0.0,1.5379273279999999,0.0,-1.537966411,0.0,1.537968744,0.0,-1.79835218,0.0,1.45,1.45,1.45,0.0,0.113,0.113,0.113,0.0,-1.29,-1.29,-1.29,0.0,1.94,1.552,1.552,0.0
2026-10-07T19:47:14.098972+00:00,2.08106269990094,0.0,hardware,IDLE,0,0.14486232791552936,0.0,,0.0,,0.0,,0.0,1.45,0.0,0.113,0.0,-1.29,0.0,-1.552002285,0.0,1.559887499,0.0,-1.5599264019999999,0.0,1.545295464,0.0,1.552,0.0,1.5379273279999999,0.0,-1.537966411,0.0,1.537968744,0.0,-1.79835218,0.0,1.45,1.45,1.45,0.0,0.113,0.113,0.113,0.0,-1.29,-1.29,-1.29,0.0,1.94,1.552,1.552,0.0
2026-10-07T19:47:14.120972+00:00,2.1034158999100327,0.0,hardware,IDLE,0,0.14486232791552936,0.0,,0.0,,0.0,,0.0,1.45,0.0,0.113,0.0,-1.29,0.0,-1.552002285,0.0,1.559887499,0.0,-1.5599264019999999,0.0,1.545295464,0.0,1.552,0.0,1.5379273279999999,0.0,-1.537966411,0.0,1.537968744,0.0,-1.79835218,0.0,1.45,1.45,1.45,0.0,0.113,0.113,0.113,0.0,-1.29,-1.29,-1.29,0.0,1.94,1.552,1.552,0.0
2026-10-07T19:47:14.127972+00:00,2.110479600029066,0.0,hardware,IDLE,0,0.14486232791552936,0.0,,0.0,,0.0,,0.0,1.45,0.0,0.113,0.0,-1.29,0.0,-1.552002285,0.0,1.559887499,0.0,-1.5599264019999999,0.0,1.545295464,0.0,1.552,0.0,1.5379273279999999,0.0,-1.537966411,0.0,1.537968744,0.0,-1.79835218,0.0,1.45,1.45,1.45,0.0,0.113,0.113,0.113,0.0,-1.29,-1.29,-1.29,0.0,1.94,1.552,1.552,0.0
2026-10-07T19:47:14.133977+00:00,2.1169892998877913,0.0,hardware,IDLE,0,0.14486232791552936,0.0,,0.0,,0.0,,0.0,1.45,0.0,0.113,0.0,-1.29,0.0,-1.552002285,0.0,1.559887499,0.0,-1.5599264019999999,0.0,1.545295464,0.0,1.552,0.0,1.5379273279999999,0.0,-1.537966411,0.0,1.537968744,0.0,-1.79835218,0.0,1.45,1.45,1.45,0.0,0.113,0.113,0.113,0.0,-1.29,-1.29,-1.29,0.0,1.94,1.552,1.552,0.0
2026-10-07T19:47:14.151488+00:00,2.1340544000267982,0.0,hardware,IDLE,0,0.14486232791552936,0.0,,0.0,,0.0,,0.0,1.45,0.0,0.113,0.0,-1.29,0.0,-1.552002285,0.0,1.559887499,0.0,-1.5599264019999999,0.0,1.545295464,0.0,1.552,0.0,1.5379273279999999,0.0,-1.537966411,0.0,1.537968744,0.0,-1.79835218,0.0,1.45,1.45,1.45,0.0,0.113,0.113,0.113,0.0,-1.29,-1.29,-1.29,0.0,1.94,1.552,1.552,0.0
2026-10-07T19:47:14.158247+00:00,2.1410309998318553,0.0,hardware,IDLE,0,0.14486232791552936,0.0,,0.0,,0.0,,0.0,1.45,0.0,0.113,0.0,-1.29,0.0,-1.552002285,0.0,1.559887499,0.0,-1.5599264019999999,0.0,1.545295464,0.0,1.552,0.0,1.5379273279999999,0.0,-1.537966411,0.0,1.537968744,0.0,-1.79835218,0.0,1.45,1.45,1.45,0.0,0.113,0.113,0.113,0.0,-1.29,-1.29,-1.29,0.0,1.94,1.552,1.552,0.0
2026-10-07T19:47:14.182245+00:00,2.164830500027165,0.0,hardware,IDLE,0,0.14486232791552936,0.0,,0.0,,0.0,,0.0,1.45,0.0,0.113,0.0,-1.29,0.0,-1.552002285,0.0,1.559887499,0.0,-1.5599264019999999,0.0,1.545295464,0.0,1.552,0.0,1.5379273279999999,0.0,-1.537966411,0.0,1.537968744,0.0,-1.79835218,0.0,1.45,1.45,1.45,0.0,0.113,0.113,0.113,0.0,-1.29,-1.29,-1.29,0.0,1.94,1.552,1.552,0.0
2026-10-07T19:47:14.189245+00:00,2.1721752998419106,0.0,hardware,IDLE,0,0.14486232791552936,0.0,,0.0,,0.0,,0.0,1.45,0.0,0.113,0.0,-1.29,0.0,-1.552002285,0.0,1.559887499,0.0,-1.5599264019999999,0.0,1.545295464,0.0,1.552,0.0,1.5379273279999999,0.0,-1.537966411,0.0,1.537968744,0.0,-1.79835218,0.0,1.45,1.45,1.45,0.0,0.113,0.113,0.113,0.0,-1.29,-1.29,-1.29,0.0,1.94,1.552,1.552,0.0
2026-10-07T19:47:14.196246+00:00,2.179057299857959,0.0,hardware,IDLE,0,0.14486232791552936,0.0,,0.0,,0.0,,0.0,1.45,0.0,0.113,0.0,-1.29,0.0,-1.552002285,0.0,1.559887499,0.0,-1.5599264019999999,0.0,1.545295464,0.0,1.552,0.0,1.5379273279999999,0.0,-1.537966411,0.0,1.537968744,0.0,-1.79835218,0.0,1.45,1.45,1.45,0.0,0.113,0.113,0.113,0.0,-1.29,-1.29,-1.29,0.0,1.94,1.552,1.552,0.0
2026-10-07T19:47:14.213248+00:00,2.195815899875015,0.0,hardware,IDLE,0,0.14486232791552936,0.0,,0.0,,0.0,,0.0,1.45,0.0,0.113,0.0,-1.29,0.0,-1.552002285,0.0,1.559887499,0.0,-1.5599264019999999,0.0,1.545295464,0.0,1.552,0.0,1.5379273279999999,0.0,-1.537966411,0.0,1.537968744,0.0,-1.79835218,0.0,1.45,1.45,1.45,0.0,0.113,0.113,0.113,0.0,-1.29,-1.29,-1.29,0.0,1.94,1.552,1.552,0.0
2026-10-07T19:47:14.219737+00:00,2.2026016998570412,0.0,hardware,IDLE,0,0.14486232791552936,0.0,,0.0,,0.0,,0.0,1.45,0.0,0.113,0.0,-1.29,0.0,-1.552002285,0.0,1.559887499,0.0,-1.5599264019999999,0.0,1.545295464,0.0,1.552,0.0,1.5379273279999999,0.0,-1.537966411,0.0,1.537968744,0.0,-1.79835218,0.0,1.45,1.45,1.45,0.0,0.113,0.113,0.113,0.0,-1.29,-1.29,-1.29,0.0,1.94,1.552,1.552,0.0
2026-10-07T19:47:14.228737+00:00,2.2111935999710113,0.0,hardware,IDLE,0,0.14486232791552936,0.0,,0.0,,0.0,,0.0,1.45,0.0,0.113,0.0,-1.29,0.0,-1.552002285,0.0,1.559887499,0.0,-1.5599264019999999,0.0,1.545295464,0.0,1.552,0.0,1.5379273279999999,0.0,-1.537966411,0.0,1.537968744,0.0,-1.79835218,0.0,1.45,1.45,1.45,0.0,0.113,0.113,0.113,0.0,-1.29,-1.29,-1.29,0.0,1.94,1.552,1.552,0.0
2026-10-07T19:47:14.244654+00:00,2.227118100039661,0.0,hardware,IDLE,0,0.14486232791552936,0.0,,0.0,,0.0,,0.0,1.45,0.0,0.113,0.0,-1.29,0.0,-1.552002285,0.0,1.559887499,0.0,-1.5599264019999999,0.0,1.545295464,0.0,1.552,0.0,1.5379273279999999,0.0,-1.537966411,0.0,1.537968744,0.0,-1.79835218,0.0,1.45,1.45,1.45,0.0,0.113,0.113,0.113,0.0,-1.29,-1.29,-1.29,0.0,1.94,1.552,1.552,0.0
2026-10-07T19:47:14.260167+00:00,2.242620100034401,0.0,hardware,IDLE,0,0.14486232791552936,0.0,,0.0,,0.0,,0.0,1.45,0.0,0.113,0.0,-1.29,0.0,-1.552002285,0.0,1.559887499,0.0,-1.5599264019999999,0.0,1.545295464,0.0,1.552,0.0,1.5379273279999999,0.0,-1.537966411,0.0,1.537968744,0.0,-1.79835218,0.0,1.45,1.45,1.45,0.0,0.113,0.113,0.113,0.0,-1.29,-1.29,-1.29,0.0,1.94,1.552,1.552,0.0
2026-10-07T19:47:14.266167+00:00,2.2491120998747647,0.0,hardware,IDLE,0,0.14486232791552936,0.0,,0.0,,0.0,,0.0,1.45,0.0,0.113,0.0,-1.29,0.0,-1.552002285,0.0,1.559887499,0.0,-1.5599264019999999,0.0,1.545295464,0.0,1.552,0.0,1.5379273279999999,0.0,-1.537966411,0.0,1.537968744,0.0,-1.79835218,0.0,1.45,1.45,1.45,0.0,0.113,0.113,0.113,0.0,-1.29,-1.29,-1.29,0.0,1.94,1.552,1.552,0.0
2026-10-07T19:47:14.276168+00:00,2.258763900026679,0.0,hardware,IDLE,0,0.14486232791552936,0.0,,0.0,,0.0,,0.0,1.45,0.0,0.113,0.0,-1.29,0.0,-1.552002285,0.0,1.559887499,0.0,-1.5599264019999999,0.0,1.545295464,0.0,1.552,0.0,1.5379273279999999,0.0,-1.537966411,0.0,1.537968744,0.0,-1.79835218,0.0,1.45,1.45,1.45,0.0,0.113,0.113,0.113,0.0,-1.29,-1.29,-1.29,0.0,1.94,1.552,1.552,0.0
2026-10-07T19:47:14.292166+00:00,2.274615200003609,0.0,hardware,IDLE,0,0.14486232791552936,0.0,,0.0,,0.0,,0.0,1.45,0.0,0.113,0.0,-1.29,0.0,-1.552002285,0.0,1.559887499,0.0,-1.5599264019999999,0.0,1.545295464,0.0,1.552,0.0,1.5379273279999999,0.0,-1.537966411,0.0,1.537968744,0.0,-1.79835218,0.0,1.45,1.45,1.45,0.0,0.113,0.113,0.113,0.0,-1.29,-1.29,-1.29,0.0,1.94,1.552,1.552,0.0
2026-10-07T19:47:14.307167+00:00,2.2895418000407517,0.0,hardware,IDLE,0,0.14486232791552936,0.0,,0.0,,0.0,,0.0,1.45,0.0,0.113,0.0,-1.29,0.0,-1.552002285,0.0,1.559887499,0.0,-1.5599264019999999,0.0,1.545295464,0.0,1.552,0.0,1.5379273279999999,0.0,-1.537966411,0.0,1.537968744,0.0,-1.79835218,0.0,1.45,1.45,1.45,0.0,0.113,0.113,0.113,0.0,-1.29,-1.29,-1.29,0.0,1.94,1.552,1.552,0.0
2026-10-07T19:47:14.314169+00:00,2.2965082998853177,0.0,hardware,IDLE,0,0.14486232791552936,0.0,,0.0,,0.0,,0.0,1.45,0.0,0.113,0.0,-1.29,0.0,-1.552002285,0.0,1.559887499,0.0,-1.5599264019999999,0.0,1.545295464,0.0,1.552,0.0,1.5379273279999999,0.0,-1.537966411,0.0,1.537968744,0.0,-1.79835218,0.0,1.45,1.45,1.45,0.0,0.113,0.113,0.113,0.0,-1.29,-1.29,-1.29,0.0,1.94,1.552,1.552,0.0
2026-10-07T19:47:14.338832+00:00,2.321549199987203,0.0,hardware,IDLE,0,0.14486232791552936,0.0,,0.0,,0.0,,0.0,1.45,0.0,0.113,0.0,-1.29,0.0,-1.552002285,0.0,1.559887499,0.0,-1.5599264019999999,0.0,1.545295464,0.0,1.552,0.0,1.5379273279999999,0.0,-1.537966411,0.0,1.537968744,0.0,-1.79835218,0.0,1.45,1.45,1.45,0.0,0.113,0.113,0.113,0.0,-1.29,-1.29,-1.29,0.0,1.94,1.552,1.552,0.0
2026-10-07T19:47:14.366226+00:00,2.349185099825263,0.0,hardware,IDLE,0,0.14486232791552936,0.0,,0.0,,0.0,,0.0,1.45,0.0,0.113,0.0,-1.29,0.0,-1.552002285,0.0,1.559887499,0.0,-1.5599264019999999,0.0,1.545295464,0.0,1.552,0.0,1.5379273279999999,0.0,-1.537966411,0.0,1.537968744,0.0,-1.79835218,0.0,1.45,1.45,1.45,0.0,0.113,0.113,0.113,0.0,-1.29,-1.29,-1.29,0.0,1.94,1.552,1.552,0.0
2026-10-07T19:47:14.381223+00:00,2.36423740000464,0.0,hardware,IDLE,0,0.14486232791552936,0.0,,0.0,,0.0,,0.0,1.45,0.0,0.113,0.0,-1.29,0.0,-1.552002285,0.0,1.559887499,0.0,-1.5599264019999999,0.0,1.545295464,0.0,1.552,0.0,1.5379273279999999,0.0,-1.537966411,0.0,1.537968744,0.0,-1.79835218,0.0,1.45,1.45,1.45,0.0,0.113,0.113,0.113,0.0,-1.29,-1.29,-1.29,0.0,1.94,1.552,1.552,0.0
2026-10-07T19:47:14.397223+00:00,2.3793829998467118,0.0,hardware,IDLE,0,0.14486232791552936,0.0,,0.0,,0.0,,0.0,1.45,0.0,0.113,0.0,-1.29,0.0,-1.552002285,0.0,1.559887499,0.0,-1.5599264019999999,0.0,1.545295464,0.0,1.552,0.0,1.5379273279999999,0.0,-1.537966411,0.0,1.537968744,0.0,-1.79835218,0.0,1.45,1.45,1.45,0.0,0.113,0.113,0.113,0.0,-1.29,-1.29,-1.29,0.0,1.94,1.552,1.552,0.0
2026-10-07T19:47:14.412237+00:00,2.395144699839875,0.0,hardware,IDLE,0,0.14486232791552936,0.0,,0.0,,0.0,,0.0,1.45,0.0,0.113,0.0,-1.29,0.0,-1.552002285,0.0,1.559887499,0.0,-1.5599264019999999,0.0,1.545295464,0.0,1.552,0.0,1.5379273279999999,0.0,-1.537966411,0.0,1.537968744,0.0,-1.79835218,0.0,1.45,1.45,1.45,0.0,0.113,0.113,0.113,0.0,-1.29,-1.29,-1.29,0.0,1.94,1.552,1.552,0.0
2026-10-07T19:47:14.430224+00:00,2.4133182000368834,0.0,hardware,IDLE,0,0.14486232791552936,0.0,,0.0,,0.0,,0.0,1.45,0.0,0.113,0.0,-1.29,0.0,-1.552002285,0.0,1.559887499,0.0,-1.5599264019999999,0.0,1.545295464,0.0,1.552,0.0,1.5379273279999999,0.0,-1.537966411,0.0,1.537968744,0.0,-1.79835218,0.0,1.45,1.45,1.45,0.0,0.113,0.113,0.113,0.0,-1.29,-1.29,-1.29,0.0,1.94,1.552,1.552,0.0
2026-10-07T19:47:14.446737+00:00,2.429820599965751,0.0,hardware,IDLE,0,0.14486232791552936,0.0,,0.0,,0.0,,0.0,1.45,0.0,0.113,0.0,-1.29,0.0,-1.552002285,0.0,1.559887499,0.0,-1.5599264019999999,0.0,1.545295464,0.0,1.552,0.0,1.5379273279999999,0.0,-1.537966411,0.0,1.537968744,0.0,-1.79835218,0.0,1.45,1.45,1.45,0.0,0.113,0.113,0.113,0.0,-1.29,-1.29,-1.29,0.0,1.94,1.552,1.552,0.0
2026-10-07T19:47:14.463744+00:00,2.4461274999193847,0.0,hardware,IDLE,0,0.14486232791552936,0.0,,0.0,,0.0,,0.0,1.45,0.0,0.113,0.0,-1.29,0.0,-1.552002285,0.0,1.559887499,0.0,-1.5599264019999999,0.0,1.545295464,0.0,1.552,0.0,1.5379273279999999,0.0,-1.537966411,0.0,1.537968744,0.0,-1.79835218,0.0,1.45,1.45,1.45,0.0,0.113,0.113,0.113,0.0,-1.29,-1.29,-1.29,0.0,1.94,1.552,1.552,0.0
2026-10-07T19:47:14.481747+00:00,2.464295699959621,0.0,hardware,IDLE,0,0.14486232791552936,0.0,,0.0,,0.0,,0.0,1.45,0.0,0.113,0.0,-1.29,0.0,-1.552002285,0.0,1.559887499,0.0,-1.5599264019999999,0.0,1.545295464,0.0,1.552,0.0,1.5379273279999999,0.0,-1.537966411,0.0,1.537968744,0.0,-1.79835218,0.0,1.45,1.45,1.45,0.0,0.113,0.113,0.113,0.0,-1.29,-1.29,-1.29,0.0,1.94,1.552,1.552,0.0
2026-10-07T19:47:14.499747+00:00,2.481940499972552,0.0,hardware,IDLE,0,0.14486232791552936,0.0,,0.0,,0.0,,0.0,1.45,0.0,0.113,0.0,-1.29,0.0,-1.552002285,0.0,1.559887499,0.0,-1.5599264019999999,0.0,1.545295464,0.0,1.552,0.0,1.5379273279999999,0.0,-1.537966411,0.0,1.537968744,0.0,-1.79835218,0.0,1.45,1.45,1.45,0.0,0.113,0.113,0.113,0.0,-1.29,-1.29,-1.29,0.0,1.94,1.552,1.552,0.0
2026-10-07T19:47:14.519746+00:00,2.502108799992129,0.0,hardware,IDLE,0,0.14486232791552936,0.0,,0.0,,0.0,,0.0,1.45,0.0,0.113,0.0,-1.29,0.0,-1.552002285,0.0,1.559887499,0.0,-1.5599264019999999,0.0,1.545295464,0.0,1.552,0.0,1.5379273279999999,0.0,-1.537966411,0.0,1.537968744,0.0,-1.79835218,0.0,1.45,1.45,1.45,0.0,0.113,0.113,0.113,0.0,-1.29,-1.29,-1.29,0.0,1.94,1.552,1.552,0.0
2026-10-07T19:47:14.538753+00:00,2.5217655999585986,0.0,hardware,IDLE,0,0.14486232791552936,0.0,,0.0,,0.0,,0.0,1.45,0.0,0.113,0.0,-1.29,0.0,-1.552002285,0.0,1.559887499,0.0,-1.5599264019999999,0.0,1.545295464,0.0,1.552,0.0,1.5379273279999999,0.0,-1.537966411,0.0,1.537968744,0.0,-1.79835218,0.0,1.45,1.45,1.45,0.0,0.113,0.113,0.113,0.0,-1.29,-1.29,-1.29,0.0,1.94,1.552,1.552,0.0
2026-10-07T19:47:14.555269+00:00,2.538167499937117,0.0,hardware,IDLE,0,0.14486232791552936,0.0,,0.0,,0.0,,0.0,1.45,0.0,0.113,0.0,-1.29,0.0,-1.552002285,0.0,1.559887499,0.0,-1.5599264019999999,0.0,1.545295464,0.0,1.552,0.0,1.5379273279999999,0.0,-1.537966411,0.0,1.537968744,0.0,-1.79835218,0.0,1.45,1.45,1.45,0.0,0.113,0.113,0.113,0.0,-1.29,-1.29,-1.29,0.0,1.94,1.552,1.552,0.0
2026-10-07T19:47:14.572270+00:00,2.5552826998755336,0.0,hardware,IDLE,0,0.14486232791552936,0.0,,0.0,,0.0,,0.0,1.45,0.0,0.113,0.0,-1.29,0.0,-1.552002285,0.0,1.559887499,0.0,-1.5599264019999999,0.0,1.545295464,0.0,1.552,0.0,1.5379273279999999,0.0,-1.537966411,0.0,1.537968744,0.0,-1.79835218,0.0,1.45,1.45,1.45,0.0,0.113,0.113,0.113,0.0,-1.29,-1.29,-1.29,0.0,1.94,1.552,1.552,0.0
2026-10-07T19:47:14.589271+00:00,2.5716529998462647,0.0,hardware,IDLE,0,0.14486232791552936,0.0,,0.0,,0.0,,0.0,1.45,0.0,0.113,0.0,-1.29,0.0,-1.552002285,0.0,1.559887499,0.0,-1.5599264019999999,0.0,1.545295464,0.0,1.552,0.0,1.5379273279999999,0.0,-1.537966411,0.0,1.537968744,0.0,-1.79835218,0.0,1.45,1.45,1.45,0.0,0.113,0.113,0.113,0.0,-1.29,-1.29,-1.29,0.0,1.94,1.552,1.552,0.0
2026-10-07T19:47:14.604270+00:00,2.587131799897179,0.0,hardware,IDLE,0,0.14486232791552936,0.0,,0.0,,0.0,,0.0,1.45,0.0,0.113,0.0,-1.29,0.0,-1.552002285,0.0,1.559887499,0.0,-1.5599264019999999,0.0,1.545295464,0.0,1.552,0.0,1.5379273279999999,0.0,-1.537966411,0.0,1.537968744,0.0,-1.79835218,0.0,1.45,1.45,1.45,0.0,0.113,0.113,0.113,0.0,-1.29,-1.29,-1.29,0.0,1.94,1.552,1.552,0.0
2026-10-07T19:47:14.619274+00:00,2.601831099949777,0.0,hardware,IDLE,0,0.14486232791552936,0.0,,0.0,,0.0,,0.0,1.45,0.0,0.113,0.0,-1.29,0.0,-1.552002285,0.0,1.559887499,0.0,-1.5599264019999999,0.0,1.545295464,0.0,1.552,0.0,1.5379273279999999,0.0,-1.537966411,0.0,1.537968744,0.0,-1.79835218,0.0,1.45,1.45,1.45,0.0,0.113,0.113,0.113,0.0,-1.29,-1.29,-1.29,0.0,1.94,1.552,1.552,0.0
2026-10-07T19:47:14.634276+00:00,2.616787299979478,0.0,hardware,IDLE,0,0.14486232791552936,0.0,,0.0,,0.0,,0.0,1.45,0.0,0.113,0.0,-1.29,0.0,-1.552002285,0.0,1.559887499,0.0,-1.5599264019999999,0.0,1.545295464,0.0,1.552,0.0,1.5379273279999999,0.0,-1.537966411,0.0,1.537968744,0.0,-1.79835218,0.0,1.45,1.45,1.45,0.0,0.113,0.113,0.113,0.0,-1.29,-1.29,-1.29,0.0,1.94,1.552,1.552,0.0
2026-10-07T19:47:14.648787+00:00,2.63157600001432,0.0,hardware,IDLE,0,0.14486232791552936,0.0,,0.0,,0.0,,0.0,1.45,0.0,0.113,0.0,-1.29,0.0,-1.552002285,0.0,1.559887499,0.0,-1.5599264019999999,0.0,1.545295464,0.0,1.552,0.0,1.5379273279999999,0.0,-1.537966411,0.0,1.537968744,0.0,-1.79835218,0.0,1.45,1.45,1.45,0.0,0.113,0.113,0.113,0.0,-1.29,-1.29,-1.29,0.0,1.94,1.552,1.552,0.0
2026-10-07T19:47:14.664787+00:00,2.6470530999358743,0.0,hardware,IDLE,0,0.14486232791552936,0.0,,0.0,,0.0,,0.0,1.45,0.0,0.113,0.0,-1.29,0.0,-1.552002285,0.0,1.559887499,0.0,-1.5599264019999999,0.0,1.545295464,0.0,1.552,0.0,1.5379273279999999,0.0,-1.537966411,0.0,1.537968744,0.0,-1.79835218,0.0,1.45,1.45,1.45,0.0,0.113,0.113,0.113,0.0,-1.29,-1.29,-1.29,0.0,1.94,1.552,1.552,0.0
2026-10-07T19:47:14.678787+00:00,2.6618074998259544,0.0,hardware,IDLE,0,0.14486232791552936,0.0,,0.0,,0.0,,0.0,1.45,0.0,0.113,0.0,-1.29,0.0,-1.552002285,0.0,1.559887499,0.0,-1.5599264019999999,0.0,1.545295464,0.0,1.552,0.0,1.5379273279999999,0.0,-1.537966411,0.0,1.537968744,0.0,-1.79835218,0.0,1.45,1.45,1.45,0.0,0.113,0.113,0.113,0.0,-1.29,-1.29,-1.29,0.0,1.94,1.552,1.552,0.0
2026-10-07T19:47:14.693790+00:00,2.676515399944037,0.0,hardware,IDLE,0,0.14486232791552936,0.0,,0.0,,0.0,,0.0,1.45,0.0,0.113,0.0,-1.29,0.0,-1.552002285,0.0,1.559887499,0.0,-1.5599264019999999,0.0,1.545295464,0.0,1.552,0.0,1.5379273279999999,0.0,-1.537966411,0.0,1.537968744,0.0,-1.79835218,0.0,1.45,1.45,1.45,0.0,0.113,0.113,0.113,0.0,-1.29,-1.29,-1.29,0.0,1.94,1.552,1.552,0.0
2026-10-07T19:47:14.708790+00:00,2.691146799828857,0.0,hardware,IDLE,0,0.14486232791552936,0.0,,0.0,,0.0,,0.0,1.45,0.0,0.113,0.0,-1.29,0.0,-1.552002285,0.0,1.559887499,0.0,-1.5599264019999999,0.0,1.545295464,0.0,1.552,0.0,1.5379273279999999,0.0,-1.537966411,0.0,1.537968744,0.0,-1.79835218,0.0,1.45,1.45,1.45,0.0,0.113,0.113,0.113,0.0,-1.29,-1.29,-1.29,0.0,1.94,1.552,1.552,0.0
2026-10-07T19:47:14.722787+00:00,2.7056450999807566,0.0,hardware,IDLE,0,0.14486232791552936,0.0,,0.0,,0.0,,0.0,1.45,0.0,0.113,0.0,-1.29,0.0,-1.552002285,0.0,1.559887499,0.0,-1.5599264019999999,0.0,1.545295464,0.0,1.552,0.0,1.5379273279999999,0.0,-1.537966411,0.0,1.537968744,0.0,-1.79835218,0.0,1.45,1.45,1.45,0.0,0.113,0.113,0.113,0.0,-1.29,-1.29,-1.29,0.0,1.94,1.552,1.552,0.0
2026-10-07T19:47:14.738795+00:00,2.7208888998720795,0.0,hardware,IDLE,0,0.14486232791552936,0.0,,0.0,,0.0,,0.0,1.45,0.0,0.113,0.0,-1.29,0.0,-1.552002285,0.0,1.559887499,0.0,-1.5599264019999999,0.0,1.545295464,0.0,1.552,0.0,1.5379273279999999,0.0,-1.537966411,0.0,1.537968744,0.0,-1.79835218,0.0,1.45,1.45,1.45,0.0,0.113,0.113,0.113,0.0,-1.29,-1.29,-1.29,0.0,1.94,1.552,1.552,0.0
2026-10-07T19:47:14.754308+00:00,2.7371155999135226,0.0,hardware,IDLE,0,0.14486232791552936,0.0,,0.0,,0.0,,0.0,1.45,0.0,0.113,0.0,-1.29,0.0,-1.552002285,0.0,1.559887499,0.0,-1.5599264019999999,0.0,1.545295464,0.0,1.552,0.0,1.5379273279999999,0.0,-1.537966411,0.0,1.537968744,0.0,-1.79835218,0.0,1.45,1.45,1.45,0.0,0.113,0.113,0.113,0.0,-1.29,-1.29,-1.29,0.0,1.94,1.552,1.552,0.0
2026-10-07T19:47:14.770309+00:00,2.7524069000501186,0.0,hardware,IDLE,0,0.14486232791552936,0.0,,0.0,,0.0,,0.0,1.45,0.0,0.113,0.0,-1.29,0.0,-1.552002285,0.0,1.559887499,0.0,-1.5599264019999999,0.0,1.545295464,0.0,1.552,0.0,1.5379273279999999,0.0,-1.537966411,0.0,1.537968744,0.0,-1.79835218,0.0,1.45,1.45,1.45,0.0,0.113,0.113,0.113,0.0,-1.29,-1.29,-1.29,0.0,1.94,1.552,1.552,0.0
2026-10-07T19:47:14.785309+00:00,2.7674340999219567,0.0,hardware,IDLE,0,0.14486232791552936,0.0,,0.0,,0.0,,0.0,1.45,0.0,0.113,0.0,-1.29,0.0,-1.552002285,0.0,1.559887499,0.0,-1.5599264019999999,0.0,1.545295464,0.0,1.552,0.0,1.5379273279999999,0.0,-1.537966411,0.0,1.537968744,0.0,-1.79835218,0.0,1.45,1.45,1.45,0.0,0.113,0.113,0.113,0.0,-1.29,-1.29,-1.29,0.0,1.94,1.552,1.552,0.0
2026-10-07T19:47:14.803307+00:00,2.786367499968037,0.0,hardware,IDLE,0,0.14486232791552936,0.0,,0.0,,0.0,,0.0,1.45,0.0,0.113,0.0,-1.29,0.0,-1.552002285,0.0,1.559887499,0.0,-1.5599264019999999,0.0,1.545295464,0.0,1.552,0.0,1.5379273279999999,0.0,-1.537966411,0.0,1.537968744,0.0,-1.79835218,0.0,1.45,1.45,1.45,0.0,0.113,0.113,0.113,0.0,-1.29,-1.29,-1.29,0.0,1.94,1.552,1.552,0.0
2026-10-07T19:47:14.833313+00:00,2.8159808998461813,0.0,hardware,IDLE,0,0.14486232791552936,0.0,,0.0,,0.0,,0.0,1.45,0.0,0.113,0.0,-1.29,0.0,-1.552002285,0.0,1.559887499,0.0,-1.5599264019999999,0.0,1.545295464,0.0,1.552,0.0,1.5379273279999999,0.0,-1.537966411,0.0,1.537968744,0.0,-1.79835218,0.0,1.45,1.45,1.45,0.0,0.113,0.113,0.113,0.0,-1.29,-1.29,-1.29,0.0,1.94,1.552,1.552,0.0
2026-10-07T19:47:14.862825+00:00,2.8449712998699397,0.0,hardware,IDLE,0,0.14486232791552936,0.0,,0.0,,0.0,,0.0,1.45,0.0,0.113,0.0,-1.29,0.0,-1.552002285,0.0,1.559887499,0.0,-1.5599264019999999,0.0,1.545295464,0.0,1.552,0.0,1.5379273279999999,0.0,-1.537966411,0.0,1.537968744,0.0,-1.79835218,0.0,1.45,1.45,1.45,0.0,0.113,0.113,0.113,0.0,-1.29,-1.29,-1.29,0.0,1.94,1.552,1.552,0.0
2026-10-07T19:47:14.893828+00:00,2.876574399881065,0.0,hardware,IDLE,0,0.14486232791552936,0.0,,0.0,,0.0,,0.0,1.45,0.0,0.113,0.0,-1.29,0.0,-1.552002285,0.0,1.559887499,0.0,-1.5599264019999999,0.0,1.545295464,0.0,1.552,0.0,1.5379273279999999,0.0,-1.537966411,0.0,1.537968744,0.0,-1.79835218,0.0,1.45,1.45,1.45,0.0,0.113,0.113,0.113,0.0,-1.29,-1.29,-1.29,0.0,1.94,1.552,1.552,0.0
2026-10-07T19:47:14.925825+00:00,2.9086781998630613,0.0,hardware,IDLE,0,0.14486232791552936,0.0,,0.0,,0.0,,0.0,1.45,0.0,0.113,0.0,-1.29,0.0,-1.552002285,0.0,1.559887499,0.0,-1.5599264019999999,0.0,1.545295464,0.0,1.552,0.0,1.5379273279999999,0.0,-1.537966411,0.0,1.537968744,0.0,-1.79835218,0.0,1.45,1.45,1.45,0.0,0.113,0.113,0.113,0.0,-1.29,-1.29,-1.29,0.0,1.94,1.552,1.552,0.0
2026-10-07T19:47:14.951360+00:00,2.933493899879977,0.0,hardware,IDLE,0,0.14486232791552936,0.0,,0.0,,0.0,,0.0,1.45,0.0,0.113,0.0,-1.29,0.0,-1.552002285,0.0,1.559887499,0.0,-1.5599264019999999,0.0,1.545295464,0.0,1.552,0.0,1.5379273279999999,0.0,-1.537966411,0.0,1.537968744,0.0,-1.79835218,0.0,1.45,1.45,1.45,0.0,0.113,0.113,0.113,0.0,-1.29,-1.29,-1.29,0.0,1.94,1.552,1.552,0.0
2026-10-07T19:47:14.971355+00:00,2.9543202999047935,0.0,hardware,IDLE,0,0.14486232791552936,0.0,,0.0,,0.0,,0.0,1.45,0.0,0.113,0.0,-1.29,0.0,-1.552002285,0.0,1.559887499,0.0,-1.5599264019999999,0.0,1.545295464,0.0,1.552,0.0,1.5379273279999999,0.0,-1.537966411,0.0,1.537968744,0.0,-1.79835218,0.0,1.45,1.45,1.45,0.0,0.113,0.113,0.113,0.0,-1.29,-1.29,-1.29,0.0,1.94,1.552,1.552,0.0
2026-10-07T19:47:14.991355+00:00,2.9737622998654842,0.0,hardware,IDLE,0,0.14486232791552936,0.0,,0.0,,0.0,,0.0,1.45,0.0,0.113,0.0,-1.29,0.0,-1.552002285,0.0,1.559887499,0.0,-1.5599264019999999,0.0,1.545295464,0.0,1.552,0.0,1.5379273279999999,0.0,-1.537966411,0.0,1.537968744,0.0,-1.79835218,0.0,1.45,1.45,1.45,0.0,0.113,0.113,0.113,0.0,-1.29,-1.29,-1.29,0.0,1.94,1.552,1.552,0.0
2026-10-07T19:47:15.013357+00:00,2.996286799898371,0.0,hardware,IDLE,0,0.14486232791552936,0.0,,0.0,,0.0,,0.0,1.45,0.0,0.113,0.0,-1.29,0.0,-1.552002285,0.0,1.559887499,0.0,-1.5599264019999999,0.0,1.545295464,0.0,1.552,0.0,1.5379273279999999,0.0,-1.537966411,0.0,1.537968744,0.0,-1.79835218,0.0,1.45,1.45,1.45,0.0,0.113,0.113,0.113,0.0,-1.29,-1.29,-1.29,0.0,1.94,1.552,1.552,0.0
2026-10-07T19:47:15.034362+00:00,3.016952599864453,0.0,hardware,IDLE,0,0.14486232791552936,0.0,,0.0,,0.0,,0.0,1.45,0.0,0.113,0.0,-1.29,0.0,-1.552002285,0.0,1.559887499,0.0,-1.5599264019999999,0.0,1.545295464,0.0,1.552,0.0,1.5379273279999999,0.0,-1.537966411,0.0,1.537968744,0.0,-1.79835218,0.0,1.45,1.45,1.45,0.0,0.113,0.113,0.113,0.0,-1.29,-1.29,-1.29,0.0,1.94,1.552,1.552,0.0
2026-10-07T19:47:15.048868+00:00,3.0310535000171512,0.0,hardware,IDLE,0,0.14486232791552936,0.0,,0.0,,0.0,,0.0,1.45,0.0,0.113,0.0,-1.29,0.0,-1.552002285,0.0,1.559887499,0.0,-1.5599264019999999,0.0,1.545295464,0.0,1.552,0.0,1.5379273279999999,0.0,-1.537966411,0.0,1.537968744,0.0,-1.79835218,0.0,1.45,1.45,1.45,0.0,0.113,0.113,0.113,0.0,-1.29,-1.29,-1.29,0.0,1.94,1.552,1.552,0.0
2026-10-07T19:47:15.068867+00:00,3.051784799899906,0.0,hardware,IDLE,0,0.14486232791552936,0.0,,0.0,,0.0,,0.0,1.45,0.0,0.113,0.0,-1.29,0.0,-1.552002285,0.0,1.559887499,0.0,-1.5599264019999999,0.0,1.545295464,0.0,1.552,0.0,1.5379273279999999,0.0,-1.537966411,0.0,1.537968744,0.0,-1.79835218,0.0,1.45,1.45,1.45,0.0,0.113,0.113,0.113,0.0,-1.29,-1.29,-1.29,0.0,1.94,1.552,1.552,0.0
2026-10-07T19:47:15.093867+00:00,3.076248399913311,0.0,hardware,IDLE,0,0.14486232791552936,0.0,,0.0,,0.0,,0.0,1.45,0.0,0.113,0.0,-1.29,0.0,-1.552002285,0.0,1.559887499,0.0,-1.5599264019999999,0.0,1.545295464,0.0,1.552,0.0,1.5379273279999999,0.0,-1.537966411,0.0,1.537968744,0.0,-1.79835218,0.0,1.45,1.45,1.45,0.0,0.113,0.113,0.113,0.0,-1.29,-1.29,-1.29,0.0,1.94,1.552,1.552,0.0
2026-10-07T19:47:15.118909+00:00,3.1015395999420434,0.0,hardware,IDLE,0,0.14486232791552936,0.0,,0.0,,0.0,,0.0,1.45,0.0,0.113,0.0,-1.29,0.0,-1.552002285,0.0,1.559887499,0.0,-1.5599264019999999,0.0,1.545295464,0.0,1.552,0.0,1.5379273279999999,0.0,-1.537966411,0.0,1.537968744,0.0,-1.79835218,0.0,1.45,1.45,1.45,0.0,0.113,0.113,0.113,0.0,-1.29,-1.29,-1.29,0.0,1.94,1.552,1.552,0.0
2026-10-07T19:47:15.143872+00:00,3.1264374998863786,0.0,hardware,IDLE,0,0.14486232791552936,0.0,,0.0,,0.0,,0.0,1.45,0.0,0.113,0.0,-1.29,0.0,-1.552002285,0.0,1.559887499,0.0,-1.5599264019999999,0.0,1.545295464,0.0,1.552,0.0,1.5379273279999999,0.0,-1.537966411,0.0,1.537968744,0.0,-1.79835218,0.0,1.45,1.45,1.45,0.0,0.113,0.113,0.113,0.0,-1.29,-1.29,-1.29,0.0,1.94,1.552,1.552,0.0
2026-10-07T19:47:15.168390+00:00,3.150833699852228,0.0,hardware,IDLE,0,0.14486232791552936,0.0,,0.0,,0.0,,0.0,1.45,0.0,0.113,0.0,-1.29,0.0,-1.552002285,0.0,1.559887499,0.0,-1.5599264019999999,0.0,1.545295464,0.0,1.552,0.0,1.5379273279999999,0.0,-1.537966411,0.0,1.537968744,0.0,-1.79835218,0.0,1.45,1.45,1.45,0.0,0.113,0.113,0.113,0.0,-1.29,-1.29,-1.29,0.0,1.94,1.552,1.552,0.0
2026-10-07T19:47:15.192390+00:00,3.1753193999174982,0.0,hardware,IDLE,0,0.14486232791552936,0.0,,0.0,,0.0,,0.0,1.45,0.0,0.113,0.0,-1.29,0.0,-1.552002285,0.0,1.559887499,0.0,-1.5599264019999999,0.0,1.545295464,0.0,1.552,0.0,1.5379273279999999,0.0,-1.537966411,0.0,1.537968744,0.0,-1.79835218,0.0,1.45,1.45,1.45,0.0,0.113,0.113,0.113,0.0,-1.29,-1.29,-1.29,0.0,1.94,1.552,1.552,0.0
2026-10-07T19:47:15.218390+00:00,3.200789599912241,0.0,hardware,IDLE,0,0.14486232791552936,0.0,,0.0,,0.0,,0.0,1.45,0.0,0.113,0.0,-1.29,0.0,-1.552002285,0.0,1.559887499,0.0,-1.5599264019999999,0.0,1.545295464,0.0,1.552,0.0,1.5379273279999999,0.0,-1.537966411,0.0,1.537968744,0.0,-1.79835218,0.0,1.45,1.45,1.45,0.0,0.113,0.113,0.113,0.0,-1.29,-1.29,-1.29,0.0,1.94,1.552,1.552,0.0
2026-10-07T19:47:15.244394+00:00,3.2270156999584287,0.0,hardware,IDLE,0,0.14486232791552936,0.0,,0.0,,0.0,,0.0,1.45,0.0,0.113,0.0,-1.29,0.0,-1.552002285,0.0,1.559887499,0.0,-1.5599264019999999,0.0,1.545295464,0.0,1.552,0.0,1.5379273279999999,0.0,-1.537966411,0.0,1.537968744,0.0,-1.79835218,0.0,1.45,1.45,1.45,0.0,0.113,0.113,0.113,0.0,-1.29,-1.29,-1.29,0.0,1.94,1.552,1.552,0.0
2026-10-07T19:47:15.269906+00:00,3.252052499912679,0.0,hardware,IDLE,0,0.14486232791552936,0.0,,0.0,,0.0,,0.0,1.45,0.0,0.113,0.0,-1.29,0.0,-1.552002285,0.0,1.559887499,0.0,-1.5599264019999999,0.0,1.545295464,0.0,1.552,0.0,1.5379273279999999,0.0,-1.537966411,0.0,1.537968744,0.0,-1.79835218,0.0,1.45,1.45,1.45,0.0,0.113,0.113,0.113,0.0,-1.29,-1.29,-1.29,0.0,1.94,1.552,1.552,0.0
2026-10-07T19:47:15.292205+00:00,3.2747847998980433,0.0,hardware,IDLE,0,0.14486232791552936,0.0,,0.0,,0.0,,0.0,1.45,0.0,0.113,0.0,-1.29,0.0,-1.552002285,0.0,1.559887499,0.0,-1.5599264019999999,0.0,1.545295464,0.0,1.552,0.0,1.5379273279999999,0.0,-1.537966411,0.0,1.537968744,0.0,-1.79835218,0.0,1.45,1.45,1.45,0.0,0.113,0.113,0.113,0.0,-1.29,-1.29,-1.29,0.0,1.94,1.552,1.552,0.0
2026-10-07T19:47:15.315894+00:00,3.2983991999644786,0.0,hardware,IDLE,0,0.14486232791552936,0.0,,0.0,,0.0,,0.0,1.45,0.0,0.113,0.0,-1.29,0.0,-1.552002285,0.0,1.559887499,0.0,-1.5599264019999999,0.0,1.545295464,0.0,1.552,0.0,1.5379273279999999,0.0,-1.537966411,0.0,1.537968744,0.0,-1.79835218,0.0,1.45,1.45,1.45,0.0,0.113,0.113,0.113,0.0,-1.29,-1.29,-1.29,0.0,1.94,1.552,1.552,0.0
2026-10-07T19:47:15.337910+00:00,3.320472899824381,0.0,hardware,IDLE,0,0.14486232791552936,0.0,,0.0,,0.0,,0.0,1.45,0.0,0.113,0.0,-1.29,0.0,-1.552002285,0.0,1.559887499,0.0,-1.5599264019999999,0.0,1.545295464,0.0,1.552,0.0,1.5379273279999999,0.0,-1.537966411,0.0,1.537968744,0.0,-1.79835218,0.0,1.45,1.45,1.45,0.0,0.113,0.113,0.113,0.0,-1.29,-1.29,-1.29,0.0,1.94,1.552,1.552,0.0
2026-10-07T19:47:15.361419+00:00,3.343988899840042,0.0,hardware,IDLE,0,0.14486232791552936,0.0,,0.0,,0.0,,0.0,1.45,0.0,0.113,0.0,-1.29,0.0,-1.552002285,0.0,1.559887499,0.0,-1.5599264019999999,0.0,1.545295464,0.0,1.552,0.0,1.5379273279999999,0.0,-1.537966411,0.0,1.537968744,0.0,-1.79835218,0.0,1.45,1.45,1.45,0.0,0.113,0.113,0.113,0.0,-1.29,-1.29,-1.29,0.0,1.94,1.552,1.552,0.0
2026-10-07T19:47:15.379417+00:00,3.3619941999204457,0.0,hardware,IDLE,0,0.14486232791552936,0.0,,0.0,,0.0,,0.0,1.45,0.0,0.113,0.0,-1.29,0.0,-1.552002285,0.0,1.559887499,0.0,-1.5599264019999999,0.0,1.545295464,0.0,1.552,0.0,1.5379273279999999,0.0,-1.537966411,0.0,1.537968744,0.0,-1.79835218,0.0,1.45,1.45,1.45,0.0,0.113,0.113,0.113,0.0,-1.29,-1.29,-1.29,0.0,1.94,1.552,1.552,0.0
2026-10-07T19:47:15.394417+00:00,3.376915799919516,0.0,hardware,IDLE,0,0.14486232791552936,0.0,,0.0,,0.0,,0.0,1.45,0.0,0.113,0.0,-1.29,0.0,-1.552002285,0.0,1.559887499,0.0,-1.5599264019999999,0.0,1.545295464,0.0,1.552,0.0,1.5379273279999999,0.0,-1.537966411,0.0,1.537968744,0.0,-1.79835218,0.0,1.45,1.45,1.45,0.0,0.113,0.113,0.113,0.0,-1.29,-1.29,-1.29,0.0,1.94,1.552,1.552,0.0
2026-10-07T19:47:15.408417+00:00,3.39085129997693,0.0,hardware,IDLE,0,0.14486232791552936,0.0,,0.0,,0.0,,0.0,1.45,0.0,0.113,0.0,-1.29,0.0,-1.552002285,0.0,1.559887499,0.0,-1.5599264019999999,0.0,1.545295464,0.0,1.552,0.0,1.5379273279999999,0.0,-1.537966411,0.0,1.537968744,0.0,-1.79835218,0.0,1.45,1.45,1.45,0.0,0.113,0.113,0.113,0.0,-1.29,-1.29,-1.29,0.0,1.94,1.552,1.552,0.0
2026-10-07T19:47:15.423417+00:00,3.4058465999551117,0.0,hardware,IDLE,0,0.14486232791552936,0.0,,0.0,,0.0,,0.0,1.45,0.0,0.113,0.0,-1.29,0.0,-1.552002285,0.0,1.559887499,0.0,-1.5599264019999999,0.0,1.545295464,0.0,1.552,0.0,1.5379273279999999,0.0,-1.537966411,0.0,1.537968744,0.0,-1.79835218,0.0,1.45,1.45,1.45,0.0,0.113,0.113,0.113,0.0,-1.29,-1.29,-1.29,0.0,1.94,1.552,1.552,0.0
2026-10-07T19:47:15.439424+00:00,3.4221852999180555,0.0,hardware,IDLE,0,0.14486232791552936,0.0,,0.0,,0.0,,0.0,1.45,0.0,0.113,0.0,-1.29,0.0,-1.552002285,0.0,1.559887499,0.0,-1.5599264019999999,0.0,1.545295464,0.0,1.552,0.0,1.5379273279999999,0.0,-1.537966411,0.0,1.537968744,0.0,-1.79835218,0.0,1.45,1.45,1.45,0.0,0.113,0.113,0.113,0.0,-1.29,-1.29,-1.29,0.0,1.94,1.552,1.552,0.0
2026-10-07T19:47:15.454932+00:00,3.4376358999870718,0.0,hardware,IDLE,0,0.14486232791552936,0.0,,0.0,,0.0,,0.0,1.45,0.0,0.113,0.0,-1.29,0.0,-1.552002285,0.0,1.559887499,0.0,-1.5599264019999999,0.0,1.545295464,0.0,1.552,0.0,1.5379273279999999,0.0,-1.537966411,0.0,1.537968744,0.0,-1.79835218,0.0,1.45,1.45,1.45,0.0,0.113,0.113,0.113,0.0,-1.29,-1.29,-1.29,0.0,1.94,1.552,1.552,0.0
2026-10-07T19:47:15.469932+00:00,3.4527846998535097,0.0,hardware,IDLE,0,0.14486232791552936,0.0,,0.0,,0.0,,0.0,1.45,0.0,0.113,0.0,-1.29,0.0,-1.552002285,0.0,1.559887499,0.0,-1.5599264019999999,0.0,1.545295464,0.0,1.552,0.0,1.5379273279999999,0.0,-1.537966411,0.0,1.537968744,0.0,-1.79835218,0.0,1.45,1.45,1.45,0.0,0.113,0.113,0.113,0.0,-1.29,-1.29,-1.29,0.0,1.94,1.552,1.552,0.0
2026-10-07T19:47:15.484933+00:00,3.467790199909359,0.0,hardware,IDLE,0,0.14486232791552936,0.0,,0.0,,0.0,,0.0,1.45,0.0,0.113,0.0,-1.29,0.0,-1.552002285,0.0,1.559887499,0.0,-1.5599264019999999,0.0,1.545295464,0.0,1.552,0.0,1.5379273279999999,0.0,-1.537966411,0.0,1.537968744,0.0,-1.79835218,0.0,1.45,1.45,1.45,0.0,0.113,0.113,0.113,0.0,-1.29,-1.29,-1.29,0.0,1.94,1.552,1.552,0.0
2026-10-07T19:47:15.500933+00:00,3.4832446998916566,0.0,hardware,IDLE,0,0.14486232791552936,0.0,,0.0,,0.0,,0.0,1.45,0.0,0.113,0.0,-1.29,0.0,-1.552002285,0.0,1.559887499,0.0,-1.5599264019999999,0.0,1.545295464,0.0,1.552,0.0,1.5379273279999999,0.0,-1.537966411,0.0,1.537968744,0.0,-1.79835218,0.0,1.45,1.45,1.45,0.0,0.113,0.113,0.113,0.0,-1.29,-1.29,-1.29,0.0,1.94,1.552,1.552,0.0
2026-10-07T19:47:15.515933+00:00,3.498339500045404,0.0,hardware,IDLE,0,0.14486232791552936,0.0,,0.0,,0.0,,0.0,1.45,0.0,0.113,0.0,-1.29,0.0,-1.552002285,0.0,1.559887499,0.0,-1.5599264019999999,0.0,1.545295464,0.0,1.552,0.0,1.5379273279999999,0.0,-1.537966411,0.0,1.537968744,0.0,-1.79835218,0.0,1.45,1.45,1.45,0.0,0.113,0.113,0.113,0.0,-1.29,-1.29,-1.29,0.0,1.94,1.552,1.552,0.0
2026-10-07T19:47:15.531933+00:00,3.514994799857959,0.0,hardware,IDLE,0,0.14486232791552936,0.0,,0.0,,0.0,,0.0,1.45,0.0,0.113,0.0,-1.29,0.0,-1.552002285,0.0,1.559887499,0.0,-1.5599264019999999,0.0,1.545295464,0.0,1.552,0.0,1.5379273279999999,0.0,-1.537966411,0.0,1.537968744,0.0,-1.79835218,0.0,1.45,1.45,1.45,0.0,0.113,0.113,0.113,0.0,-1.29,-1.29,-1.29,0.0,1.94,1.552,1.552,0.0
2026-10-07T19:47:15.547443+00:00,3.5296749998815358,0.0,hardware,IDLE,0,0.14486232791552936,0.0,,0.0,,0.0,,0.0,1.45,0.0,0.113,0.0,-1.29,0.0,-1.552002285,0.0,1.559887499,0.0,-1.5599264019999999,0.0,1.545295464,0.0,1.552,0.0,1.5379273279999999,0.0,-1.537966411,0.0,1.537968744,0.0,-1.79835218,0.0,1.45,1.45,1.45,0.0,0.113,0.113,0.113,0.0,-1.29,-1.29,-1.29,0.0,1.94,1.552,1.552,0.0
2026-10-07T19:47:15.561449+00:00,3.543917099945247,0.0,hardware,IDLE,0,0.14486232791552936,0.0,,0.0,,0.0,,0.0,1.45,0.0,0.113,0.0,-1.29,0.0,-1.552002285,0.0,1.559887499,0.0,-1.5599264019999999,0.0,1.545295464,0.0,1.552,0.0,1.5379273279999999,0.0,-1.537966411,0.0,1.537968744,0.0,-1.79835218,0.0,1.45,1.45,1.45,0.0,0.113,0.113,0.113,0.0,-1.29,-1.29,-1.29,0.0,1.94,1.552,1.552,0.0
2026-10-07T19:47:15.576449+00:00,3.5587920998223126,0.0,hardware,IDLE,0,0.14486232791552936,0.0,,0.0,,0.0,,0.0,1.45,0.0,0.113,0.0,-1.29,0.0,-1.552002285,0.0,1.559887499,0.0,-1.5599264019999999,0.0,1.545295464,0.0,1.552,0.0,1.5379273279999999,0.0,-1.537966411,0.0,1.537968744,0.0,-1.79835218,0.0,1.45,1.45,1.45,0.0,0.113,0.113,0.113,0.0,-1.29,-1.29,-1.29,0.0,1.94,1.552,1.552,0.0
2026-10-07T19:47:15.590449+00:00,3.5733399998862296,0.0,hardware,IDLE,0,0.14486232791552936,0.0,,0.0,,0.0,,0.0,1.45,0.0,0.113,0.0,-1.29,0.0,-1.552002285,0.0,1.559887499,0.0,-1.5599264019999999,0.0,1.545295464,0.0,1.552,0.0,1.5379273279999999,0.0,-1.537966411,0.0,1.537968744,0.0,-1.79835218,0.0,1.45,1.45,1.45,0.0,0.113,0.113,0.113,0.0,-1.29,-1.29,-1.29,0.0,1.94,1.552,1.552,0.0
2026-10-07T19:47:15.606449+00:00,3.5885610999539495,0.0,hardware,IDLE,0,0.14486232791552936,0.0,,0.0,,0.0,,0.0,1.45,0.0,0.113,0.0,-1.29,0.0,-1.552002285,0.0,1.559887499,0.0,-1.5599264019999999,0.0,1.545295464,0.0,1.552,0.0,1.5379273279999999,0.0,-1.537966411,0.0,1.537968744,0.0,-1.79835218,0.0,1.45,1.45,1.45,0.0,0.113,0.113,0.113,0.0,-1.29,-1.29,-1.29,0.0,1.94,1.552,1.552,0.0
2026-10-07T19:47:15.620450+00:00,3.6033981000073254,0.0,hardware,IDLE,0,0.14486232791552936,0.0,,0.0,,0.0,,0.0,1.45,0.0,0.113,0.0,-1.29,0.0,-1.552002285,0.0,1.559887499,0.0,-1.5599264019999999,0.0,1.545295464,0.0,1.552,0.0,1.5379273279999999,0.0,-1.537966411,0.0,1.537968744,0.0,-1.79835218,0.0,1.45,1.45,1.45,0.0,0.113,0.113,0.113,0.0,-1.29,-1.29,-1.29,0.0,1.94,1.552,1.552,0.0
2026-10-07T19:47:15.636455+00:00,3.6187266998458654,0.0,hardware,IDLE,0,0.14486232791552936,0.0,,0.0,,0.0,,0.0,1.45,0.0,0.113,0.0,-1.29,0.0,-1.552002285,0.0,1.559887499,0.0,-1.5599264019999999,0.0,1.545295464,0.0,1.552,0.0,1.5379273279999999,0.0,-1.537966411,0.0,1.537968744,0.0,-1.79835218,0.0,1.45,1.45,1.45,0.0,0.113,0.113,0.113,0.0,-1.29,-1.29,-1.29,0.0,1.94,1.552,1.552,0.0
2026-10-07T19:47:15.650991+00:00,3.6339252998586744,0.0,hardware,IDLE,0,0.14486232791552936,0.0,,0.0,,0.0,,0.0,1.45,0.0,0.113,0.0,-1.29,0.0,-1.552002285,0.0,1.559887499,0.0,-1.5599264019999999,0.0,1.545295464,0.0,1.552,0.0,1.5379273279999999,0.0,-1.537966411,0.0,1.537968744,0.0,-1.79835218,0.0,1.45,1.45,1.45,0.0,0.113,0.113,0.113,0.0,-1.29,-1.29,-1.29,0.0,1.94,1.552,1.552,0.0
2026-10-07T19:47:15.668981+00:00,3.6515032998286188,0.0,hardware,IDLE,0,0.14486232791552936,0.0,,0.0,,0.0,,0.0,1.45,0.0,0.113,0.0,-1.29,0.0,-1.552002285,0.0,1.559887499,0.0,-1.5599264019999999,0.0,1.545295464,0.0,1.552,0.0,1.5379273279999999,0.0,-1.537966411,0.0,1.537968744,0.0,-1.79835218,0.0,1.45,1.45,1.45,0.0,0.113,0.113,0.113,0.0,-1.29,-1.29,-1.29,0.0,1.94,1.552,1.552,0.0
2026-10-07T19:47:15.687978+00:00,3.670916900038719,0.0,hardware,IDLE,0,0.14486232791552936,0.0,,0.0,,0.0,,0.0,1.45,0.0,0.113,0.0,-1.29,0.0,-1.552002285,0.0,1.559887499,0.0,-1.5599264019999999,0.0,1.545295464,0.0,1.552,0.0,1.5379273279999999,0.0,-1.537966411,0.0,1.537968744,0.0,-1.79835218,0.0,1.45,1.45,1.45,0.0,0.113,0.113,0.113,0.0,-1.29,-1.29,-1.29,0.0,1.94,1.552,1.552,0.0
2026-10-07T19:47:15.709973+00:00,3.692542699864134,0.0,hardware,IDLE,0,0.14486232791552936,0.0,,0.0,,0.0,,0.0,1.45,0.0,0.113,0.0,-1.29,0.0,-1.552002285,0.0,1.559887499,0.0,-1.5599264019999999,0.0,1.545295464,0.0,1.552,0.0,1.5379273279999999,0.0,-1.537966411,0.0,1.537968744,0.0,-1.79835218,0.0,1.45,1.45,1.45,0.0,0.113,0.113,0.113,0.0,-1.29,-1.29,-1.29,0.0,1.94,1.552,1.552,0.0
2026-10-07T19:47:15.730071+00:00,3.712545800022781,0.0,hardware,IDLE,0,0.14486232791552936,0.0,,0.0,,0.0,,0.0,1.45,0.0,0.113,0.0,-1.29,0.0,-1.552002285,0.0,1.559887499,0.0,-1.5599264019999999,0.0,1.545295464,0.0,1.552,0.0,1.5379273279999999,0.0,-1.537966411,0.0,1.537968744,0.0,-1.79835218,0.0,1.45,1.45,1.45,0.0,0.113,0.113,0.113,0.0,-1.29,-1.29,-1.29,0.0,1.94,1.552,1.552,0.0
2026-10-07T19:47:15.751825+00:00,3.7348855000454932,0.0,hardware,IDLE,0,0.14486232791552936,0.0,,0.0,,0.0,,0.0,1.45,0.0,0.113,0.0,-1.29,0.0,-1.552002285,0.0,1.559887499,0.0,-1.5599264019999999,0.0,1.545295464,0.0,1.552,0.0,1.5379273279999999,0.0,-1.537966411,0.0,1.537968744,0.0,-1.79835218,0.0,1.45,1.45,1.45,0.0,0.113,0.113,0.113,0.0,-1.29,-1.29,-1.29,0.0,1.94,1.552,1.552,0.0
2026-10-07T19:47:15.772934+00:00,3.755592599976808,0.0,hardware,IDLE,0,0.14486232791552936,0.0,,0.0,,0.0,,0.0,1.45,0.0,0.113,0.0,-1.29,0.0,-1.552002285,0.0,1.559887499,0.0,-1.5599264019999999,0.0,1.545295464,0.0,1.552,0.0,1.5379273279999999,0.0,-1.537966411,0.0,1.537968744,0.0,-1.79835218,0.0,1.45,1.45,1.45,0.0,0.113,0.113,0.113,0.0,-1.29,-1.29,-1.29,0.0,1.94,1.552,1.552,0.0
2026-10-07T19:47:15.793931+00:00,3.7768321000039577,0.0,hardware,IDLE,0,0.14486232791552936,0.0,,0.0,,0.0,,0.0,1.45,0.0,0.113,0.0,-1.29,0.0,-1.552002285,0.0,1.559887499,0.0,-1.5599264019999999,0.0,1.545295464,0.0,1.552,0.0,1.5379273279999999,0.0,-1.537966411,0.0,1.537968744,0.0,-1.79835218,0.0,1.45,1.45,1.45,0.0,0.113,0.113,0.113,0.0,-1.29,-1.29,-1.29,0.0,1.94,1.552,1.552,0.0
2026-10-07T19:47:15.814931+00:00,3.7975077000446618,0.0,hardware,IDLE,0,0.14486232791552936,0.0,,0.0,,0.0,,0.0,1.45,0.0,0.113,0.0,-1.29,0.0,-1.552002285,0.0,1.559887499,0.0,-1.5599264019999999,0.0,1.545295464,0.0,1.552,0.0,1.5379273279999999,0.0,-1.537966411,0.0,1.537968744,0.0,-1.79835218,0.0,1.45,1.45,1.45,0.0,0.113,0.113,0.113,0.0,-1.29,-1.29,-1.29,0.0,1.94,1.552,1.552,0.0
2026-10-07T19:47:15.836949+00:00,3.819057899992913,0.0,hardware,IDLE,0,0.14486232791552936,0.0,,0.0,,0.0,,0.0,1.45,0.0,0.113,0.0,-1.29,0.0,-1.552002285,0.0,1.559887499,0.0,-1.5599264019999999,0.0,1.545295464,0.0,1.552,0.0,1.5379273279999999,0.0,-1.537966411,0.0,1.537968744,0.0,-1.79835218,0.0,1.45,1.45,1.45,0.0,0.113,0.113,0.113,0.0,-1.29,-1.29,-1.29,0.0,1.94,1.552,1.552,0.0
2026-10-07T19:47:15.858801+00:00,3.841453399974853,0.0,hardware,IDLE,0,0.14486232791552936,0.0,,0.0,,0.0,,0.0,1.45,0.0,0.113,0.0,-1.29,0.0,-1.552002285,0.0,1.559887499,0.0,-1.5599264019999999,0.0,1.545295464,0.0,1.552,0.0,1.5379273279999999,0.0,-1.537966411,0.0,1.537968744,0.0,-1.79835218,0.0,1.45,1.45,1.45,0.0,0.113,0.113,0.113,0.0,-1.29,-1.29,-1.29,0.0,1.94,1.552,1.552,0.0
2026-10-07T19:47:15.880921+00:00,3.863832699833438,0.0,hardware,IDLE,0,0.14486232791552936,0.0,,0.0,,0.0,,0.0,1.45,0.0,0.113,0.0,-1.29,0.0,-1.552002285,0.0,1.559887499,0.0,-1.5599264019999999,0.0,1.545295464,0.0,1.552,0.0,1.5379273279999999,0.0,-1.537966411,0.0,1.537968744,0.0,-1.79835218,0.0,1.45,1.45,1.45,0.0,0.113,0.113,0.113,0.0,-1.29,-1.29,-1.29,0.0,1.94,1.552,1.552,0.0
2026-10-07T19:47:15.904501+00:00,3.887164399959147,0.0,hardware,IDLE,0,0.14486232791552936,0.0,,0.0,,0.0,,0.0,1.45,0.0,0.113,0.0,-1.29,0.0,-1.552002285,0.0,1.559887499,0.0,-1.5599264019999999,0.0,1.545295464,0.0,1.552,0.0,1.5379273279999999,0.0,-1.537966411,0.0,1.537968744,0.0,-1.79835218,0.0,1.45,1.45,1.45,0.0,0.113,0.113,0.113,0.0,-1.29,-1.29,-1.29,0.0,1.94,1.552,1.552,0.0
2026-10-07T19:47:15.921496+00:00,3.904321099864319,0.0,hardware,IDLE,0,0.14486232791552936,0.0,,0.0,,0.0,,0.0,1.45,0.0,0.113,0.0,-1.29,0.0,-1.552002285,0.0,1.559887499,0.0,-1.5599264019999999,0.0,1.545295464,0.0,1.552,0.0,1.5379273279999999,0.0,-1.537966411,0.0,1.537968744,0.0,-1.79835218,0.0,1.45,1.45,1.45,0.0,0.113,0.113,0.113,0.0,-1.29,-1.29,-1.29,0.0,1.94,1.552,1.552,0.0
2026-10-07T19:47:15.942727+00:00,3.9257412999868393,0.0,hardware,IDLE,0,0.14486232791552936,0.0,,0.0,,0.0,,0.0,1.45,0.0,0.113,0.0,-1.29,0.0,-1.552002285,0.0,1.559887499,0.0,-1.5599264019999999,0.0,1.545295464,0.0,1.552,0.0,1.5379273279999999,0.0,-1.537966411,0.0,1.537968744,0.0,-1.79835218,0.0,1.45,1.45,1.45,0.0,0.113,0.113,0.113,0.0,-1.29,-1.29,-1.29,0.0,1.94,1.552,1.552,0.0
2026-10-07T19:47:15.966808+00:00,3.9489841999020427,0.0,hardware,IDLE,0,0.14486232791552936,0.0,,0.0,,0.0,,0.0,1.45,0.0,0.113,0.0,-1.29,0.0,-1.552002285,0.0,1.559887499,0.0,-1.5599264019999999,0.0,1.545295464,0.0,1.552,0.0,1.5379273279999999,0.0,-1.537966411,0.0,1.537968744,0.0,-1.79835218,0.0,1.45,1.45,1.45,0.0,0.113,0.113,0.113,0.0,-1.29,-1.29,-1.29,0.0,1.94,1.552,1.552,0.0
2026-10-07T19:47:15.985796+00:00,3.9687793999910355,0.0,hardware,IDLE,0,0.14486232791552936,0.0,,0.0,,0.0,,0.0,1.45,0.0,0.113,0.0,-1.29,0.0,-1.552002285,0.0,1.559887499,0.0,-1.5599264019999999,0.0,1.545295464,0.0,1.552,0.0,1.5379273279999999,0.0,-1.537966411,0.0,1.537968744,0.0,-1.79835218,0.0,1.45,1.45,1.45,0.0,0.113,0.113,0.113,0.0,-1.29,-1.29,-1.29,0.0,1.94,1.552,1.552,0.0
2026-10-07T19:47:16.005689+00:00,3.9880065999459475,0.0,hardware,IDLE,0,0.14486232791552936,0.0,,0.0,,0.0,,0.0,1.45,0.0,0.113,0.0,-1.29,0.0,-1.552002285,0.0,1.559887499,0.0,-1.5599264019999999,0.0,1.545295464,0.0,1.552,0.0,1.5379273279999999,0.0,-1.537966411,0.0,1.537968744,0.0,-1.79835218,0.0,1.45,1.45,1.45,0.0,0.113,0.113,0.113,0.0,-1.29,-1.29,-1.29,0.0,1.94,1.552,1.552,0.0
2026-10-07T19:47:16.025690+00:00,4.008709399960935,0.0,hardware,IDLE,0,0.14486232791552936,0.0,,0.0,,0.0,,0.0,1.45,0.0,0.113,0.0,-1.29,0.0,-1.552002285,0.0,1.559887499,0.0,-1.5599264019999999,0.0,1.545295464,0.0,1.552,0.0,1.5379273279999999,0.0,-1.537966411,0.0,1.537968744,0.0,-1.79835218,0.0,1.45,1.45,1.45,0.0,0.113,0.113,0.113,0.0,-1.29,-1.29,-1.29,0.0,1.94,1.552,1.552,0.0
2026-10-07T19:47:16.047813+00:00,4.0303863999433815,0.0,hardware,IDLE,0,0.14486232791552936,0.0,,0.0,,0.0,,0.0,1.45,0.0,0.113,0.0,-1.29,0.0,-1.552002285,0.0,1.559887499,0.0,-1.5599264019999999,0.0,1.545295464,0.0,1.552,0.0,1.5379273279999999,0.0,-1.537966411,0.0,1.537968744,0.0,-1.79835218,0.0,1.45,1.45,1.45,0.0,0.113,0.113,0.113,0.0,-1.29,-1.29,-1.29,0.0,1.94,1.552,1.552,0.0
2026-10-07T19:47:16.073338+00:00,4.055680099874735,0.0,hardware,IDLE,0,0.14486232791552936,0.0,,0.0,,0.0,,0.0,1.45,0.0,0.113,0.0,-1.29,0.0,-1.552002285,0.0,1.559887499,0.0,-1.5599264019999999,0.0,1.545295464,0.0,1.552,0.0,1.5379273279999999,0.0,-1.537966411,0.0,1.537968744,0.0,-1.79835218,0.0,1.45,1.45,1.45,0.0,0.113,0.113,0.113,0.0,-1.29,-1.29,-1.29,0.0,1.94,1.552,1.552,0.0
2026-10-07T19:47:16.095438+00:00,4.078120799968019,0.0,hardware,IDLE,0,0.14486232791552936,0.0,,0.0,,0.0,,0.0,1.45,0.0,0.113,0.0,-1.29,0.0,-1.552002285,0.0,1.559887499,0.0,-1.5599264019999999,0.0,1.545295464,0.0,1.552,0.0,1.5379273279999999,0.0,-1.537966411,0.0,1.537968744,0.0,-1.79835218,0.0,1.45,1.45,1.45,0.0,0.113,0.113,0.113,0.0,-1.29,-1.29,-1.29,0.0,1.94,1.552,1.552,0.0
2026-10-07T19:47:16.120440+00:00,4.10259240004234,0.0,hardware,IDLE,0,0.14486232791552936,0.0,,0.0,,0.0,,0.0,1.45,0.0,0.113,0.0,-1.29,0.0,-1.552002285,0.0,1.559887499,0.0,-1.5599264019999999,0.0,1.545295464,0.0,1.552,0.0,1.5379273279999999,0.0,-1.537966411,0.0,1.537968744,0.0,-1.79835218,0.0,1.45,1.45,1.45,0.0,0.113,0.113,0.113,0.0,-1.29,-1.29,-1.29,0.0,1.94,1.552,1.552,0.0
2026-10-07T19:47:16.141349+00:00,4.124172299867496,0.0,hardware,IDLE,0,0.14486232791552936,0.0,,0.0,,0.0,,0.0,1.45,0.0,0.113,0.0,-1.29,0.0,-1.552002285,0.0,1.559887499,0.0,-1.5599264019999999,0.0,1.545295464,0.0,1.552,0.0,1.5379273279999999,0.0,-1.537966411,0.0,1.537968744,0.0,-1.79835218,0.0,1.45,1.45,1.45,0.0,0.113,0.113,0.113,0.0,-1.29,-1.29,-1.29,0.0,1.94,1.552,1.552,0.0
2026-10-07T19:47:16.167003+00:00,4.149699499830604,0.0,hardware,IDLE,0,0.14486232791552936,0.0,,0.0,,0.0,,0.0,1.45,0.0,0.113,0.0,-1.29,0.0,-1.552002285,0.0,1.559887499,0.0,-1.5599264019999999,0.0,1.545295464,0.0,1.552,0.0,1.5379273279999999,0.0,-1.537966411,0.0,1.537968744,0.0,-1.79835218,0.0,1.45,1.45,1.45,0.0,0.113,0.113,0.113,0.0,-1.29,-1.29,-1.29,0.0,1.94,1.552,1.552,0.0
2026-10-07T19:47:16.190000+00:00,4.172875100048259,0.0,hardware,IDLE,0,0.14486232791552936,0.0,,0.0,,0.0,,0.0,1.45,0.0,0.113,0.0,-1.29,0.0,-1.552002285,0.0,1.559887499,0.0,-1.5599264019999999,0.0,1.545295464,0.0,1.552,0.0,1.5379273279999999,0.0,-1.537966411,0.0,1.537968744,0.0,-1.79835218,0.0,1.45,1.45,1.45,0.0,0.113,0.113,0.113,0.0,-1.29,-1.29,-1.29,0.0,1.94,1.552,1.552,0.0
2026-10-07T19:47:16.213897+00:00,4.196158899925649,0.0,hardware,IDLE,0,0.14486232791552936,0.0,,0.0,,0.0,,0.0,1.45,0.0,0.113,0.0,-1.29,0.0,-1.552002285,0.0,1.559887499,0.0,-1.5599264019999999,0.0,1.545295464,0.0,1.552,0.0,1.5379273279999999,0.0,-1.537966411,0.0,1.537968744,0.0,-1.79835218,0.0,1.45,1.45,1.45,0.0,0.113,0.113,0.113,0.0,-1.29,-1.29,-1.29,0.0,1.94,1.552,1.552,0.0
2026-10-07T19:47:16.233911+00:00,4.216362299863249,0.0,hardware,IDLE,0,0.14486232791552936,0.0,,0.0,,0.0,,0.0,1.45,0.0,0.113,0.0,-1.29,0.0,-1.552002285,0.0,1.559887499,0.0,-1.5599264019999999,0.0,1.545295464,0.0,1.552,0.0,1.5379273279999999,0.0,-1.537966411,0.0,1.537968744,0.0,-1.79835218,0.0,1.45,1.45,1.45,0.0,0.113,0.113,0.113,0.0,-1.29,-1.29,-1.29,0.0,1.94,1.552,1.552,0.0
2026-10-07T19:47:16.257464+00:00,4.239865900017321,0.0,hardware,IDLE,0,0.14486232791552936,0.0,,0.0,,0.0,,0.0,1.45,0.0,0.113,0.0,-1.29,0.0,-1.552002285,0.0,1.559887499,0.0,-1.5599264019999999,0.0,1.545295464,0.0,1.552,0.0,1.5379273279999999,0.0,-1.537966411,0.0,1.537968744,0.0,-1.79835218,0.0,1.45,1.45,1.45,0.0,0.113,0.113,0.113,0.0,-1.29,-1.29,-1.29,0.0,1.94,1.552,1.552,0.0
2026-10-07T19:47:16.278466+00:00,4.261604199884459,0.0,hardware,IDLE,0,0.14486232791552936,0.0,,0.0,,0.0,,0.0,1.45,0.0,0.113,0.0,-1.29,0.0,-1.552002285,0.0,1.559887499,0.0,-1.5599264019999999,0.0,1.545295464,0.0,1.552,0.0,1.5379273279999999,0.0,-1.537966411,0.0,1.537968744,0.0,-1.79835218,0.0,1.45,1.45,1.45,0.0,0.113,0.113,0.113,0.0,-1.29,-1.29,-1.29,0.0,1.94,1.552,1.552,0.0
2026-10-07T19:47:16.302457+00:00,4.284933199873194,0.0,hardware,IDLE,0,0.14486232791552936,0.0,,0.0,,0.0,,0.0,1.45,0.0,0.113,0.0,-1.29,0.0,-1.552002285,0.0,1.559887499,0.0,-1.5599264019999999,0.0,1.545295464,0.0,1.552,0.0,1.5379273279999999,0.0,-1.537966411,0.0,1.537968744,0.0,-1.79835218,0.0,1.45,1.45,1.45,0.0,0.113,0.113,0.113,0.0,-1.29,-1.29,-1.29,0.0,1.94,1.552,1.552,0.0
2026-10-07T19:47:16.324570+00:00,4.3070483999326825,0.0,hardware,IDLE,0,0.14486232791552936,0.0,,0.0,,0.0,,0.0,1.45,0.0,0.113,0.0,-1.29,0.0,-1.552002285,0.0,1.559887499,0.0,-1.5599264019999999,0.0,1.545295464,0.0,1.552,0.0,1.5379273279999999,0.0,-1.537966411,0.0,1.537968744,0.0,-1.79835218,0.0,1.45,1.45,1.45,0.0,0.113,0.113,0.113,0.0,-1.29,-1.29,-1.29,0.0,1.94,1.552,1.552,0.0
2026-10-07T19:47:16.346590+00:00,4.328835099935532,0.0,hardware,IDLE,0,0.14486232791552936,0.0,,0.0,,0.0,,0.0,1.45,0.0,0.113,0.0,-1.29,0.0,-1.552002285,0.0,1.559887499,0.0,-1.5599264019999999,0.0,1.545295464,0.0,1.552,0.0,1.5379273279999999,0.0,-1.537966411,0.0,1.537968744,0.0,-1.79835218,0.0,1.45,1.45,1.45,0.0,0.113,0.113,0.113,0.0,-1.29,-1.29,-1.29,0.0,1.94,1.552,1.552,0.0
2026-10-07T19:47:16.371118+00:00,4.353319399990141,0.0,hardware,IDLE,0,0.14486232791552936,0.0,,0.0,,0.0,,0.0,1.45,0.0,0.113,0.0,-1.29,0.0,-1.552002285,0.0,1.559887499,0.0,-1.5599264019999999,0.0,1.545295464,0.0,1.552,0.0,1.5379273279999999,0.0,-1.537966411,0.0,1.537968744,0.0,-1.79835218,0.0,1.45,1.45,1.45,0.0,0.113,0.113,0.113,0.0,-1.29,-1.29,-1.29,0.0,1.94,1.552,1.552,0.0
2026-10-07T19:47:16.394429+00:00,4.376541199861094,0.0,hardware,IDLE,0,0.14486232791552936,0.0,,0.0,,0.0,,0.0,1.45,0.0,0.113,0.0,-1.29,0.0,-1.552002285,0.0,1.559887499,0.0,-1.5599264019999999,0.0,1.545295464,0.0,1.552,0.0,1.5379273279999999,0.0,-1.537966411,0.0,1.537968744,0.0,-1.79835218,0.0,1.45,1.45,1.45,0.0,0.113,0.113,0.113,0.0,-1.29,-1.29,-1.29,0.0,1.94,1.552,1.552,0.0
2026-10-07T19:47:16.416541+00:00,4.399134999839589,0.0,hardware,IDLE,0,0.14486232791552936,0.0,,0.0,,0.0,,0.0,1.45,0.0,0.113,0.0,-1.29,0.0,-1.552002285,0.0,1.559887499,0.0,-1.5599264019999999,0.0,1.545295464,0.0,1.552,0.0,1.5379273279999999,0.0,-1.537966411,0.0,1.537968744,0.0,-1.79835218,0.0,1.45,1.45,1.45,0.0,0.113,0.113,0.113,0.0,-1.29,-1.29,-1.29,0.0,1.94,1.552,1.552,0.0
2026-10-07T19:47:16.439647+00:00,4.422142599942163,0.0,hardware,IDLE,0,0.14486232791552936,0.0,,0.0,,0.0,,0.0,1.45,0.0,0.113,0.0,-1.29,0.0,-1.552002285,0.0,1.559887499,0.0,-1.5599264019999999,0.0,1.545295464,0.0,1.552,0.0,1.5379273279999999,0.0,-1.537966411,0.0,1.537968744,0.0,-1.79835218,0.0,1.45,1.45,1.45,0.0,0.113,0.113,0.113,0.0,-1.29,-1.29,-1.29,0.0,1.94,1.552,1.552,0.0
2026-10-07T19:47:16.464385+00:00,4.447133699897677,0.0,hardware,IDLE,0,0.14486232791552936,0.0,,0.0,,0.0,,0.0,1.45,0.0,0.113,0.0,-1.29,0.0,-1.552002285,0.0,1.559887499,0.0,-1.5599264019999999,0.0,1.545295464,0.0,1.552,0.0,1.5379273279999999,0.0,-1.537966411,0.0,1.537968744,0.0,-1.79835218,0.0,1.45,1.45,1.45,0.0,0.113,0.113,0.113,0.0,-1.29,-1.29,-1.29,0.0,1.94,1.552,1.552,0.0
2026-10-07T19:47:16.488279+00:00,4.47050749999471,0.0,hardware,IDLE,0,0.14486232791552936,0.0,,0.0,,0.0,,0.0,1.45,0.0,0.113,0.0,-1.29,0.0,-1.552002285,0.0,1.559887499,0.0,-1.5599264019999999,0.0,1.545295464,0.0,1.552,0.0,1.5379273279999999,0.0,-1.537966411,0.0,1.537968744,0.0,-1.79835218,0.0,1.45,1.45,1.45,0.0,0.113,0.113,0.113,0.0,-1.29,-1.29,-1.29,0.0,1.94,1.552,1.552,0.0
2026-10-07T19:47:16.517276+00:00,4.500228499993682,0.0,hardware,IDLE,0,0.14486232791552936,0.0,,0.0,,0.0,,0.0,1.45,0.0,0.113,0.0,-1.29,0.0,-1.552002285,0.0,1.559887499,0.0,-1.5599264019999999,0.0,1.545295464,0.0,1.552,0.0,1.5379273279999999,0.0,-1.537966411,0.0,1.537968744,0.0,-1.79835218,0.0,1.45,1.45,1.45,0.0,0.113,0.113,0.113,0.0,-1.29,-1.29,-1.29,0.0,1.94,1.552,1.552,0.0
2026-10-07T19:47:16.545286+00:00,4.527775999857113,0.0,hardware,IDLE,0,0.14486232791552936,0.0,,0.0,,0.0,,0.0,1.45,0.0,0.113,0.0,-1.29,0.0,-1.552002285,0.0,1.559887499,0.0,-1.5599264019999999,0.0,1.545295464,0.0,1.552,0.0,1.5379273279999999,0.0,-1.537966411,0.0,1.537968744,0.0,-1.79835218,0.0,1.45,1.45,1.45,0.0,0.113,0.113,0.113,0.0,-1.29,-1.29,-1.29,0.0,1.94,1.552,1.552,0.0
2026-10-07T19:47:16.565804+00:00,4.548557200003415,0.0,hardware,IDLE,0,0.14486232791552936,0.0,,0.0,,0.0,,0.0,1.45,0.0,0.113,0.0,-1.29,0.0,-1.552002285,0.0,1.559887499,0.0,-1.5599264019999999,0.0,1.545295464,0.0,1.552,0.0,1.5379273279999999,0.0,-1.537966411,0.0,1.537968744,0.0,-1.79835218,0.0,1.45,1.45,1.45,0.0,0.113,0.113,0.113,0.0,-1.29,-1.29,-1.29,0.0,1.94,1.552,1.552,0.0
2026-10-07T19:47:16.584965+00:00,4.56828309991397,0.0,hardware,IDLE,0,0.14486232791552936,0.0,,0.0,,0.0,,0.0,1.45,0.0,0.113,0.0,-1.29,0.0,-1.552002285,0.0,1.559887499,0.0,-1.5599264019999999,0.0,1.545295464,0.0,1.552,0.0,1.5379273279999999,0.0,-1.537966411,0.0,1.537968744,0.0,-1.79835218,0.0,1.45,1.45,1.45,0.0,0.113,0.113,0.113,0.0,-1.29,-1.29,-1.29,0.0,1.94,1.552,1.552,0.0
2026-10-07T19:47:16.606393+00:00,4.589257499901578,0.0,hardware,IDLE,0,0.14486232791552936,0.0,,0.0,,0.0,,0.0,1.45,0.0,0.113,0.0,-1.29,0.0,-1.552002285,0.0,1.559887499,0.0,-1.5599264019999999,0.0,1.545295464,0.0,1.552,0.0,1.5379273279999999,0.0,-1.537966411,0.0,1.537968744,0.0,-1.79835218,0.0,1.45,1.45,1.45,0.0,0.113,0.113,0.113,0.0,-1.29,-1.29,-1.29,0.0,1.94,1.552,1.552,0.0
2026-10-07T19:47:16.632393+00:00,4.615220800042152,0.0,hardware,IDLE,0,0.14486232791552936,0.0,,0.0,,0.0,,0.0,1.45,0.0,0.113,0.0,-1.29,0.0,-1.552002285,0.0,1.559887499,0.0,-1.5599264019999999,0.0,1.545295464,0.0,1.552,0.0,1.5379273279999999,0.0,-1.537966411,0.0,1.537968744,0.0,-1.79835218,0.0,1.45,1.45,1.45,0.0,0.113,0.113,0.113,0.0,-1.29,-1.29,-1.29,0.0,1.94,1.552,1.552,0.0
2026-10-07T19:47:16.657140+00:00,4.639353499980643,0.0,hardware,IDLE,0,0.14486232791552936,0.0,,0.0,,0.0,,0.0,1.45,0.0,0.113,0.0,-1.29,0.0,-1.552002285,0.0,1.559887499,0.0,-1.5599264019999999,0.0,1.545295464,0.0,1.552,0.0,1.5379273279999999,0.0,-1.537966411,0.0,1.537968744,0.0,-1.79835218,0.0,1.45,1.45,1.45,0.0,0.113,0.113,0.113,0.0,-1.29,-1.29,-1.29,0.0,1.94,1.552,1.552,0.0
2026-10-07T19:47:16.679041+00:00,4.6617604999337345,0.0,hardware,IDLE,0,0.14486232791552936,0.0,,0.0,,0.0,,0.0,1.45,0.0,0.113,0.0,-1.29,0.0,-1.552002285,0.0,1.559887499,0.0,-1.5599264019999999,0.0,1.545295464,0.0,1.552,0.0,1.5379273279999999,0.0,-1.537966411,0.0,1.537968744,0.0,-1.79835218,0.0,1.45,1.45,1.45,0.0,0.113,0.113,0.113,0.0,-1.29,-1.29,-1.29,0.0,1.94,1.552,1.552,0.0
2026-10-07T19:47:16.701142+00:00,4.683742800028995,0.0,hardware,IDLE,0,0.14486232791552936,0.0,,0.0,,0.0,,0.0,1.45,0.0,0.113,0.0,-1.29,0.0,-1.552002285,0.0,1.559887499,0.0,-1.5599264019999999,0.0,1.545295464,0.0,1.552,0.0,1.5379273279999999,0.0,-1.537966411,0.0,1.537968744,0.0,-1.79835218,0.0,1.45,1.45,1.45,0.0,0.113,0.113,0.113,0.0,-1.29,-1.29,-1.29,0.0,1.94,1.552,1.552,0.0
2026-10-07T19:47:16.723238+00:00,4.70568159990944,0.0,hardware,IDLE,0,0.14486232791552936,0.0,,0.0,,0.0,,0.0,1.45,0.0,0.113,0.0,-1.29,0.0,-1.552002285,0.0,1.559887499,0.0,-1.5599264019999999,0.0,1.545295464,0.0,1.552,0.0,1.5379273279999999,0.0,-1.537966411,0.0,1.537968744,0.0,-1.79835218,0.0,1.45,1.45,1.45,0.0,0.113,0.113,0.113,0.0,-1.29,-1.29,-1.29,0.0,1.94,1.552,1.552,0.0
2026-10-07T19:47:16.750185+00:00,4.73233180004172,0.0,hardware,IDLE,0,0.14486232791552936,0.0,,0.0,,0.0,,0.0,1.45,0.0,0.113,0.0,-1.29,0.0,-1.552002285,0.0,1.559887499,0.0,-1.5599264019999999,0.0,1.545295464,0.0,1.552,0.0,1.5379273279999999,0.0,-1.537966411,0.0,1.537968744,0.0,-1.79835218,0.0,1.45,1.45,1.45,0.0,0.113,0.113,0.113,0.0,-1.29,-1.29,-1.29,0.0,1.94,1.552,1.552,0.0
2026-10-07T19:47:16.773150+00:00,4.755529599962756,0.0,hardware,IDLE,0,0.14486232791552936,0.0,,0.0,,0.0,,0.0,1.45,0.0,0.113,0.0,-1.29,0.0,-1.552002285,0.0,1.559887499,0.0,-1.5599264019999999,0.0,1.545295464,0.0,1.552,0.0,1.5379273279999999,0.0,-1.537966411,0.0,1.537968744,0.0,-1.79835218,0.0,1.45,1.45,1.45,0.0,0.113,0.113,0.113,0.0,-1.29,-1.29,-1.29,0.0,1.94,1.552,1.552,0.0
2026-10-07T19:47:16.801425+00:00,4.784278699895367,0.0,hardware,IDLE,0,0.14486232791552936,0.0,,0.0,,0.0,,0.0,1.45,0.0,0.113,0.0,-1.29,0.0,-1.552002285,0.0,1.559887499,0.0,-1.5599264019999999,0.0,1.545295464,0.0,1.552,0.0,1.5379273279999999,0.0,-1.537966411,0.0,1.537968744,0.0,-1.79835218,0.0,1.45,1.45,1.45,0.0,0.113,0.113,0.113,0.0,-1.29,-1.29,-1.29,0.0,1.94,1.552,1.552,0.0
2026-10-07T19:47:16.826421+00:00,4.808796199969947,0.0,hardware,IDLE,0,0.14486232791552936,0.0,,0.0,,0.0,,0.0,1.45,0.0,0.113,0.0,-1.29,0.0,-1.552002285,0.0,1.559887499,0.0,-1.5599264019999999,0.0,1.545295464,0.0,1.552,0.0,1.5379273279999999,0.0,-1.537966411,0.0,1.537968744,0.0,-1.79835218,0.0,1.45,1.45,1.45,0.0,0.113,0.113,0.113,0.0,-1.29,-1.29,-1.29,0.0,1.94,1.552,1.552,0.0
2026-10-07T19:47:16.842521+00:00,4.82517490000464,0.0,hardware,IDLE,0,0.14486232791552936,0.0,,0.0,,0.0,,0.0,1.45,0.0,0.113,0.0,-1.29,0.0,-1.552002285,0.0,1.559887499,0.0,-1.5599264019999999,0.0,1.545295464,0.0,1.552,0.0,1.5379273279999999,0.0,-1.537966411,0.0,1.537968744,0.0,-1.79835218,0.0,1.45,1.45,1.45,0.0,0.113,0.113,0.113,0.0,-1.29,-1.29,-1.29,0.0,1.94,1.552,1.552,0.0
2026-10-07T19:47:16.859246+00:00,4.842212500050664,0.0,hardware,IDLE,0,0.14486232791552936,0.0,,0.0,,0.0,,0.0,1.45,0.0,0.113,0.0,-1.29,0.0,-1.552002285,0.0,1.559887499,0.0,-1.5599264019999999,0.0,1.545295464,0.0,1.552,0.0,1.5379273279999999,0.0,-1.537966411,0.0,1.537968744,0.0,-1.79835218,0.0,1.45,1.45,1.45,0.0,0.113,0.113,0.113,0.0,-1.29,-1.29,-1.29,0.0,1.94,1.552,1.552,0.0
2026-10-07T19:47:16.876247+00:00,4.858474700013176,0.0,hardware,IDLE,0,0.14486232791552936,0.0,,0.0,,0.0,,0.0,1.45,0.0,0.113,0.0,-1.29,0.0,-1.552002285,0.0,1.559887499,0.0,-1.5599264019999999,0.0,1.545295464,0.0,1.552,0.0,1.5379273279999999,0.0,-1.537966411,0.0,1.537968744,0.0,-1.79835218,0.0,1.45,1.45,1.45,0.0,0.113,0.113,0.113,0.0,-1.29,-1.29,-1.29,0.0,1.94,1.552,1.552,0.0
2026-10-07T19:47:16.892142+00:00,4.874783399980515,0.0,hardware,IDLE,0,0.14486232791552936,0.0,,0.0,,0.0,,0.0,1.45,0.0,0.113,0.0,-1.29,0.0,-1.552002285,0.0,1.559887499,0.0,-1.5599264019999999,0.0,1.545295464,0.0,1.552,0.0,1.5379273279999999,0.0,-1.537966411,0.0,1.537968744,0.0,-1.79835218,0.0,1.45,1.45,1.45,0.0,0.113,0.113,0.113,0.0,-1.29,-1.29,-1.29,0.0,1.94,1.552,1.552,0.0
2026-10-07T19:47:16.908252+00:00,4.891183599829674,0.0,hardware,IDLE,0,0.14486232791552936,0.0,,0.0,,0.0,,0.0,1.45,0.0,0.113,0.0,-1.29,0.0,-1.552002285,0.0,1.559887499,0.0,-1.5599264019999999,0.0,1.545295464,0.0,1.552,0.0,1.5379273279999999,0.0,-1.537966411,0.0,1.537968744,0.0,-1.79835218,0.0,1.45,1.45,1.45,0.0,0.113,0.113,0.113,0.0,-1.29,-1.29,-1.29,0.0,1.94,1.552,1.552,0.0
2026-10-07T19:47:16.923915+00:00,4.906907099997625,0.0,hardware,IDLE,0,0.14486232791552936,0.0,,0.0,,0.0,,0.0,1.45,0.0,0.113,0.0,-1.29,0.0,-1.552002285,0.0,1.559887499,0.0,-1.5599264019999999,0.0,1.545295464,0.0,1.552,0.0,1.5379273279999999,0.0,-1.537966411,0.0,1.537968744,0.0,-1.79835218,0.0,1.45,1.45,1.45,0.0,0.113,0.113,0.113,0.0,-1.29,-1.29,-1.29,0.0,1.94,1.552,1.552,0.0
2026-10-07T19:47:16.939419+00:00,4.9220799000468105,0.0,hardware,IDLE,0,0.14486232791552936,0.0,,0.0,,0.0,,0.0,1.45,0.0,0.113,0.0,-1.29,0.0,-1.552002285,0.0,1.559887499,0.0,-1.5599264019999999,0.0,1.545295464,0.0,1.552,0.0,1.5379273279999999,0.0,-1.537966411,0.0,1.537968744,0.0,-1.79835218,0.0,1.45,1.45,1.45,0.0,0.113,0.113,0.113,0.0,-1.29,-1.29,-1.29,0.0,1.94,1.552,1.552,0.0
2026-10-07T19:47:16.954868+00:00,4.93727059988305,0.0,hardware,IDLE,0,0.14486232791552936,0.0,,0.0,,0.0,,0.0,1.45,0.0,0.113,0.0,-1.29,0.0,-1.552002285,0.0,1.559887499,0.0,-1.5599264019999999,0.0,1.545295464,0.0,1.552,0.0,1.5379273279999999,0.0,-1.537966411,0.0,1.537968744,0.0,-1.79835218,0.0,1.45,1.45,1.45,0.0,0.113,0.113,0.113,0.0,-1.29,-1.29,-1.29,0.0,1.94,1.552,1.552,0.0
2026-10-07T19:47:16.969867+00:00,4.952684300020337,0.0,hardware,IDLE,0,0.14486232791552936,0.0,,0.0,,0.0,,0.0,1.45,0.0,0.113,0.0,-1.29,0.0,-1.552002285,0.0,1.559887499,0.0,-1.5599264019999999,0.0,1.545295464,0.0,1.552,0.0,1.5379273279999999,0.0,-1.537966411,0.0,1.537968744,0.0,-1.79835218,0.0,1.45,1.45,1.45,0.0,0.113,0.113,0.113,0.0,-1.29,-1.29,-1.29,0.0,1.94,1.552,1.552,0.0
2026-10-07T19:47:16.984870+00:00,4.967678899876773,0.0,hardware,IDLE,0,0.14486232791552936,0.0,,0.0,,0.0,,0.0,1.45,0.0,0.113,0.0,-1.29,0.0,-1.552002285,0.0,1.559887499,0.0,-1.5599264019999999,0.0,1.545295464,0.0,1.552,0.0,1.5379273279999999,0.0,-1.537966411,0.0,1.537968744,0.0,-1.79835218,0.0,1.45,1.45,1.45,0.0,0.113,0.113,0.113,0.0,-1.29,-1.29,-1.29,0.0,1.94,1.552,1.552,0.0
2026-10-07T19:47:17.000103+00:00,4.982999299885705,0.0,hardware,IDLE,0,0.14486232791552936,0.0,,0.0,,0.0,,0.0,1.45,0.0,0.113,0.0,-1.29,0.0,-1.552002285,0.0,1.559887499,0.0,-1.5599264019999999,0.0,1.545295464,0.0,1.552,0.0,1.5379273279999999,0.0,-1.537966411,0.0,1.537968744,0.0,-1.79835218,0.0,1.45,1.45,1.45,0.0,0.113,0.113,0.113,0.0,-1.29,-1.29,-1.29,0.0,1.94,1.552,1.552,0.0
2026-10-07T19:47:17.015902+00:00,4.998645700048655,0.0,hardware,IDLE,0,0.14486232791552936,0.0,,0.0,,0.0,,0.0,1.45,0.0,0.113,0.0,-1.29,0.0,-1.552002285,0.0,1.559887499,0.0,-1.5599264019999999,0.0,1.545295464,0.0,1.552,0.0,1.5379273279999999,0.0,-1.537966411,0.0,1.537968744,0.0,-1.79835218,0.0,1.45,1.45,1.45,0.0,0.113,0.113,0.113,0.0,-1.29,-1.29,-1.29,0.0,1.94,1.552,1.552,0.0
2026-10-07T19:47:17.031900+00:00,5.014568499987945,0.0,hardware,IDLE,0,0.14486232791552936,0.0,,0.0,,0.0,,0.0,1.45,0.0,0.113,0.0,-1.29,0.0,-1.552002285,0.0,1.559887499,0.0,-1.5599264019999999,0.0,1.545295464,0.0,1.552,0.0,1.5379273279999999,0.0,-1.537966411,0.0,1.537968744,0.0,-1.79835218,0.0,1.45,1.45,1.45,0.0,0.113,0.113,0.113,0.0,-1.29,-1.29,-1.29,0.0,1.94,1.552,1.552,0.0
2026-10-07T19:47:17.047561+00:00,5.030573599971831,0.0,hardware,IDLE,0,0.14486232791552936,0.0,,0.0,,0.0,,0.0,1.45,0.0,0.113,0.0,-1.29,0.0,-1.552002285,0.0,1.559887499,0.0,-1.5599264019999999,0.0,1.545295464,0.0,1.552,0.0,1.5379273279999999,0.0,-1.537966411,0.0,1.537968744,0.0,-1.79835218,0.0,1.45,1.45,1.45,0.0,0.113,0.113,0.113,0.0,-1.29,-1.29,-1.29,0.0,1.94,1.552,1.552,0.0
2026-10-07T19:47:17.063204+00:00,5.045566000044346,0.0,hardware,IDLE,0,0.14486232791552936,0.0,,0.0,,0.0,,0.0,1.45,0.0,0.113,0.0,-1.29,0.0,-1.552002285,0.0,1.559887499,0.0,-1.5599264019999999,0.0,1.545295464,0.0,1.552,0.0,1.5379273279999999,0.0,-1.537966411,0.0,1.537968744,0.0,-1.79835218,0.0,1.45,1.45,1.45,0.0,0.113,0.113,0.113,0.0,-1.29,-1.29,-1.29,0.0,1.94,1.552,1.552,0.0
2026-10-07T19:47:17.078205+00:00,5.0606947999913245,0.0,hardware,IDLE,0,0.14486232791552936,0.0,,0.0,,0.0,,0.0,1.45,0.0,0.113,0.0,-1.29,0.0,-1.552002285,0.0,1.559887499,0.0,-1.5599264019999999,0.0,1.545295464,0.0,1.552,0.0,1.5379273279999999,0.0,-1.537966411,0.0,1.537968744,0.0,-1.79835218,0.0,1.45,1.45,1.45,0.0,0.113,0.113,0.113,0.0,-1.29,-1.29,-1.29,0.0,1.94,1.552,1.552,0.0
2026-10-07T19:47:17.093205+00:00,5.075674299849197,0.0,hardware,IDLE,0,0.14486232791552936,0.0,,0.0,,0.0,,0.0,1.45,0.0,0.113,0.0,-1.29,0.0,-1.552002285,0.0,1.559887499,0.0,-1.5599264019999999,0.0,1.545295464,0.0,1.552,0.0,1.5379273279999999,0.0,-1.537966411,0.0,1.537968744,0.0,-1.79835218,0.0,1.45,1.45,1.45,0.0,0.113,0.113,0.113,0.0,-1.29,-1.29,-1.29,0.0,1.94,1.552,1.552,0.0
2026-10-07T19:47:17.107205+00:00,5.0898682998958975,0.0,hardware,IDLE,0,0.14486232791552936,0.0,,0.0,,0.0,,0.0,1.45,0.0,0.113,0.0,-1.29,0.0,-1.552002285,0.0,1.559887499,0.0,-1.5599264019999999,0.0,1.545295464,0.0,1.552,0.0,1.5379273279999999,0.0,-1.537966411,0.0,1.537968744,0.0,-1.79835218,0.0,1.45,1.45,1.45,0.0,0.113,0.113,0.113,0.0,-1.29,-1.29,-1.29,0.0,1.94,1.552,1.552,0.0
2026-10-07T19:47:17.121205+00:00,5.103986099828035,0.0,hardware,IDLE,0,0.14486232791552936,0.0,,0.0,,0.0,,0.0,1.45,0.0,0.113,0.0,-1.29,0.0,-1.552002285,0.0,1.559887499,0.0,-1.5599264019999999,0.0,1.545295464,0.0,1.552,0.0,1.5379273279999999,0.0,-1.537966411,0.0,1.537968744,0.0,-1.79835218,0.0,1.45,1.45,1.45,0.0,0.113,0.113,0.113,0.0,-1.29,-1.29,-1.29,0.0,1.94,1.552,1.552,0.0
2026-10-07T19:47:17.135210+00:00,5.1181240999139845,0.0,hardware,IDLE,0,0.14486232791552936,0.0,,0.0,,0.0,,0.0,1.45,0.0,0.113,0.0,-1.29,0.0,-1.552002285,0.0,1.559887499,0.0,-1.5599264019999999,0.0,1.545295464,0.0,1.552,0.0,1.5379273279999999,0.0,-1.537966411,0.0,1.537968744,0.0,-1.79835218,0.0,1.45,1.45,1.45,0.0,0.113,0.113,0.113,0.0,-1.29,-1.29,-1.29,0.0,1.94,1.552,1.552,0.0
2026-10-07T19:47:17.149719+00:00,5.1323871000204235,0.0,hardware,IDLE,0,0.14486232791552936,0.0,,0.0,,0.0,,0.0,1.45,0.0,0.113,0.0,-1.29,0.0,-1.552002285,0.0,1.559887499,0.0,-1.5599264019999999,0.0,1.545295464,0.0,1.552,0.0,1.5379273279999999,0.0,-1.537966411,0.0,1.537968744,0.0,-1.79835218,0.0,1.45,1.45,1.45,0.0,0.113,0.113,0.113,0.0,-1.29,-1.29,-1.29,0.0,1.94,1.552,1.552,0.0
2026-10-07T19:47:17.164726+00:00,5.147146599832922,0.0,hardware,IDLE,0,0.14486232791552936,0.0,,0.0,,0.0,,0.0,1.45,0.0,0.113,0.0,-1.29,0.0,-1.552002285,0.0,1.559887499,0.0,-1.5599264019999999,0.0,1.545295464,0.0,1.552,0.0,1.5379273279999999,0.0,-1.537966411,0.0,1.537968744,0.0,-1.79835218,0.0,1.45,1.45,1.45,0.0,0.113,0.113,0.113,0.0,-1.29,-1.29,-1.29,0.0,1.94,1.552,1.552,0.0
2026-10-07T19:47:17.180727+00:00,5.163707599975169,0.0,hardware,IDLE,0,0.14486232791552936,0.0,,0.0,,0.0,,0.0,1.45,0.0,0.113,0.0,-1.29,0.0,-1.552002285,0.0,1.559887499,0.0,-1.5599264019999999,0.0,1.545295464,0.0,1.552,0.0,1.5379273279999999,0.0,-1.537966411,0.0,1.537968744,0.0,-1.79835218,0.0,1.45,1.45,1.45,0.0,0.113,0.113,0.113,0.0,-1.29,-1.29,-1.29,0.0,1.94,1.552,1.552,0.0
2026-10-07T19:47:17.196727+00:00,5.179043599870056,0.0,hardware,IDLE,0,0.14486232791552936,0.0,,0.0,,0.0,,0.0,1.45,0.0,0.113,0.0,-1.29,0.0,-1.552002285,0.0,1.559887499,0.0,-1.5599264019999999,0.0,1.545295464,0.0,1.552,0.0,1.5379273279999999,0.0,-1.537966411,0.0,1.537968744,0.0,-1.79835218,0.0,1.45,1.45,1.45,0.0,0.113,0.113,0.113,0.0,-1.29,-1.29,-1.29,0.0,1.94,1.552,1.552,0.0
2026-10-07T19:47:17.211726+00:00,5.193916999967769,0.0,hardware,IDLE,0,0.14486232791552936,0.0,,0.0,,0.0,,0.0,1.45,0.0,0.113,0.0,-1.29,0.0,-1.552002285,0.0,1.559887499,0.0,-1.5599264019999999,0.0,1.545295464,0.0,1.552,0.0,1.5379273279999999,0.0,-1.537966411,0.0,1.537968744,0.0,-1.79835218,0.0,1.45,1.45,1.45,0.0,0.113,0.113,0.113,0.0,-1.29,-1.29,-1.29,0.0,1.94,1.552,1.552,0.0
2026-10-07T19:47:17.228724+00:00,5.2113275998272,0.0,hardware,IDLE,0,0.14486232791552936,0.0,,0.0,,0.0,,0.0,1.45,0.0,0.113,0.0,-1.29,0.0,-1.552002285,0.0,1.559887499,0.0,-1.5599264019999999,0.0,1.545295464,0.0,1.552,0.0,1.5379273279999999,0.0,-1.537966411,0.0,1.537968744,0.0,-1.79835218,0.0,1.45,1.45,1.45,0.0,0.113,0.113,0.113,0.0,-1.29,-1.29,-1.29,0.0,1.94,1.552,1.552,0.0
2026-10-07T19:47:17.263241+00:00,5.24626769986935,0.0,hardware,IDLE,0,0.14486232791552936,0.0,,0.0,,0.0,,0.0,1.45,0.0,0.113,0.0,-1.29,0.0,-1.552002285,0.0,1.559887499,0.0,-1.5599264019999999,0.0,1.545295464,0.0,1.552,0.0,1.5379273279999999,0.0,-1.537966411,0.0,1.537968744,0.0,-1.79835218,0.0,1.45,1.45,1.45,0.0,0.113,0.113,0.113,0.0,-1.29,-1.29,-1.29,0.0,1.94,1.552,1.552,0.0
2026-10-07T19:47:17.297242+00:00,5.280049399938434,0.0,hardware,IDLE,0,0.14486232791552936,0.0,,0.0,,0.0,,0.0,1.45,0.0,0.113,0.0,-1.29,0.0,-1.552002285,0.0,1.559887499,0.0,-1.5599264019999999,0.0,1.545295464,0.0,1.552,0.0,1.5379273279999999,0.0,-1.537966411,0.0,1.537968744,0.0,-1.79835218,0.0,1.45,1.45,1.45,0.0,0.113,0.113,0.113,0.0,-1.29,-1.29,-1.29,0.0,1.94,1.552,1.552,0.0
2026-10-07T19:47:17.330241+00:00,5.313205200014636,0.0,hardware,IDLE,0,0.14486232791552936,0.0,,0.0,,0.0,,0.0,1.45,0.0,0.113,0.0,-1.29,0.0,-1.552002285,0.0,1.559887499,0.0,-1.5599264019999999,0.0,1.545295464,0.0,1.552,0.0,1.5379273279999999,0.0,-1.537966411,0.0,1.537968744,0.0,-1.79835218,0.0,1.45,1.45,1.45,0.0,0.113,0.113,0.113,0.0,-1.29,-1.29,-1.29,0.0,1.94,1.552,1.552,0.0
2026-10-07T19:47:17.362841+00:00,5.345022100023925,0.0,hardware,IDLE,0,0.14486232791552936,0.0,,0.0,,0.0,,0.0,1.45,0.0,0.113,0.0,-1.29,0.0,-1.552002285,0.0,1.559887499,0.0,-1.5599264019999999,0.0,1.545295464,0.0,1.552,0.0,1.5379273279999999,0.0,-1.537966411,0.0,1.537968744,0.0,-1.79835218,0.0,1.45,1.45,1.45,0.0,0.113,0.113,0.113,0.0,-1.29,-1.29,-1.29,0.0,1.94,1.552,1.552,0.0
2026-10-07T19:47:17.395028+00:00,5.377355600008741,0.0,hardware,IDLE,0,0.14486232791552936,0.0,,0.0,,0.0,,0.0,1.45,0.0,0.113,0.0,-1.29,0.0,-1.552002285,0.0,1.559887499,0.0,-1.5599264019999999,0.0,1.545295464,0.0,1.552,0.0,1.5379273279999999,0.0,-1.537966411,0.0,1.537968744,0.0,-1.79835218,0.0,1.45,1.45,1.45,0.0,0.113,0.113,0.113,0.0,-1.29,-1.29,-1.29,0.0,1.94,1.552,1.552,0.0
2026-10-07T19:47:17.427023+00:00,5.409466499928385,0.0,hardware,IDLE,0,0.14486232791552936,0.0,,0.0,,0.0,,0.0,1.45,0.0,0.113,0.0,-1.29,0.0,-1.552002285,0.0,1.559887499,0.0,-1.5599264019999999,0.0,1.545295464,0.0,1.552,0.0,1.5379273279999999,0.0,-1.537966411,0.0,1.537968744,0.0,-1.79835218,0.0,1.45,1.45,1.45,0.0,0.113,0.113,0.113,0.0,-1.29,-1.29,-1.29,0.0,1.94,1.552,1.552,0.0
2026-10-07T19:47:17.444035+00:00,5.4267146999482065,0.0,hardware,IDLE,0,0.14486232791552936,0.0,,0.0,,0.0,,0.0,1.45,0.0,0.113,0.0,-1.29,0.0,-1.552002285,0.0,1.559887499,0.0,-1.5599264019999999,0.0,1.545295464,0.0,1.552,0.0,1.5379273279999999,0.0,-1.537966411,0.0,1.537968744,0.0,-1.79835218,0.0,1.45,1.45,1.45,0.0,0.113,0.113,0.113,0.0,-1.29,-1.29,-1.29,0.0,1.94,1.552,1.552,0.0
2026-10-07T19:47:17.467544+00:00,5.450629899976775,0.0,hardware,IDLE,0,0.14486232791552936,0.0,,0.0,,0.0,,0.0,1.45,0.0,0.113,0.0,-1.29,0.0,-1.552002285,0.0,1.559887499,0.0,-1.5599264019999999,0.0,1.545295464,0.0,1.552,0.0,1.5379273279999999,0.0,-1.537966411,0.0,1.537968744,0.0,-1.79835218,0.0,1.45,1.45,1.45,0.0,0.113,0.113,0.113,0.0,-1.29,-1.29,-1.29,0.0,1.94,1.552,1.552,0.0
2026-10-07T19:47:17.493558+00:00,5.476230199914426,0.0,hardware,IDLE,0,0.14486232791552936,0.0,,0.0,,0.0,,0.0,1.45,0.0,0.113,0.0,-1.29,0.0,-1.552002285,0.0,1.559887499,0.0,-1.5599264019999999,0.0,1.545295464,0.0,1.552,0.0,1.5379273279999999,0.0,-1.537966411,0.0,1.537968744,0.0,-1.79835218,0.0,1.45,1.45,1.45,0.0,0.113,0.113,0.113,0.0,-1.29,-1.29,-1.29,0.0,1.94,1.552,1.552,0.0
2026-10-07T19:47:17.519004+00:00,5.501196299912408,0.0,hardware,IDLE,0,0.14486232791552936,0.0,,0.0,,0.0,,0.0,1.45,0.0,0.113,0.0,-1.29,0.0,-1.552002285,0.0,1.559887499,0.0,-1.5599264019999999,0.0,1.545295464,0.0,1.552,0.0,1.5379273279999999,0.0,-1.537966411,0.0,1.537968744,0.0,-1.79835218,0.0,1.45,1.45,1.45,0.0,0.113,0.113,0.113,0.0,-1.29,-1.29,-1.29,0.0,1.94,1.552,1.552,0.0
2026-10-07T19:47:17.544008+00:00,5.526320699835196,0.0,hardware,IDLE,0,0.14486232791552936,0.0,,0.0,,0.0,,0.0,1.45,0.0,0.113,0.0,-1.29,0.0,-1.552002285,0.0,1.559887499,0.0,-1.5599264019999999,0.0,1.545295464,0.0,1.552,0.0,1.5379273279999999,0.0,-1.537966411,0.0,1.537968744,0.0,-1.79835218,0.0,1.45,1.45,1.45,0.0,0.113,0.113,0.113,0.0,-1.29,-1.29,-1.29,0.0,1.94,1.552,1.552,0.0
2026-10-07T19:47:17.569518+00:00,5.552147699985653,0.0,hardware,IDLE,0,0.14486232791552936,0.0,,0.0,,0.0,,0.0,1.45,0.0,0.113,0.0,-1.29,0.0,-1.552002285,0.0,1.559887499,0.0,-1.5599264019999999,0.0,1.545295464,0.0,1.552,0.0,1.5379273279999999,0.0,-1.537966411,0.0,1.537968744,0.0,-1.79835218,0.0,1.45,1.45,1.45,0.0,0.113,0.113,0.113,0.0,-1.29,-1.29,-1.29,0.0,1.94,1.552,1.552,0.0
2026-10-07T19:47:17.594521+00:00,5.576990699861199,0.0,hardware,IDLE,0,0.14486232791552936,0.0,,0.0,,0.0,,0.0,1.45,0.0,0.113,0.0,-1.29,0.0,-1.552002285,0.0,1.559887499,0.0,-1.5599264019999999,0.0,1.545295464,0.0,1.552,0.0,1.5379273279999999,0.0,-1.537966411,0.0,1.537968744,0.0,-1.79835218,0.0,1.45,1.45,1.45,0.0,0.113,0.113,0.113,0.0,-1.29,-1.29,-1.29,0.0,1.94,1.552,1.552,0.0
2026-10-07T19:47:17.619521+00:00,5.601980000035837,0.0,hardware,IDLE,0,0.14486232791552936,0.0,,0.0,,0.0,,0.0,1.45,0.0,0.113,0.0,-1.29,0.0,-1.552002285,0.0,1.559887499,0.0,-1.5599264019999999,0.0,1.545295464,0.0,1.552,0.0,1.5379273279999999,0.0,-1.537966411,0.0,1.537968744,0.0,-1.79835218,0.0,1.45,1.45,1.45,0.0,0.113,0.113,0.113,0.0,-1.29,-1.29,-1.29,0.0,1.94,1.552,1.552,0.0
2026-10-07T19:47:17.644536+00:00,5.626983699854463,0.0,hardware,IDLE,0,0.14486232791552936,0.0,,0.0,,0.0,,0.0,1.45,0.0,0.113,0.0,-1.29,0.0,-1.552002285,0.0,1.559887499,0.0,-1.5599264019999999,0.0,1.545295464,0.0,1.552,0.0,1.5379273279999999,0.0,-1.537966411,0.0,1.537968744,0.0,-1.79835218,0.0,1.45,1.45,1.45,0.0,0.113,0.113,0.113,0.0,-1.29,-1.29,-1.29,0.0,1.94,1.552,1.552,0.0
2026-10-07T19:47:17.669047+00:00,5.651954399887472,0.0,hardware,IDLE,0,0.14486232791552936,0.0,,0.0,,0.0,,0.0,1.45,0.0,0.113,0.0,-1.29,0.0,-1.552002285,0.0,1.559887499,0.0,-1.5599264019999999,0.0,1.545295464,0.0,1.552,0.0,1.5379273279999999,0.0,-1.537966411,0.0,1.537968744,0.0,-1.79835218,0.0,1.45,1.45,1.45,0.0,0.113,0.113,0.113,0.0,-1.29,-1.29,-1.29,0.0,1.94,1.552,1.552,0.0
2026-10-07T19:47:17.695049+00:00,5.677760099992156,0.0,hardware,IDLE,0,0.14486232791552936,0.0,,0.0,,0.0,,0.0,1.45,0.0,0.113,0.0,-1.29,0.0,-1.552002285,0.0,1.559887499,0.0,-1.5599264019999999,0.0,1.545295464,0.0,1.552,0.0,1.5379273279999999,0.0,-1.537966411,0.0,1.537968744,0.0,-1.79835218,0.0,1.45,1.45,1.45,0.0,0.113,0.113,0.113,0.0,-1.29,-1.29,-1.29,0.0,1.94,1.552,1.552,0.0
2026-10-07T19:47:17.720050+00:00,5.702761099906638,0.0,hardware,IDLE,0,0.14486232791552936,0.0,,0.0,,0.0,,0.0,1.45,0.0,0.113,0.0,-1.29,0.0,-1.552002285,0.0,1.559887499,0.0,-1.5599264019999999,0.0,1.545295464,0.0,1.552,0.0,1.5379273279999999,0.0,-1.537966411,0.0,1.537968744,0.0,-1.79835218,0.0,1.45,1.45,1.45,0.0,0.113,0.113,0.113,0.0,-1.29,-1.29,-1.29,0.0,1.94,1.552,1.552,0.0
2026-10-07T19:47:17.746057+00:00,5.72841849992983,0.0,hardware,IDLE,0,0.14486232791552936,0.0,,0.0,,0.0,,0.0,1.45,0.0,0.113,0.0,-1.29,0.0,-1.552002285,0.0,1.559887499,0.0,-1.5599264019999999,0.0,1.545295464,0.0,1.552,0.0,1.5379273279999999,0.0,-1.537966411,0.0,1.537968744,0.0,-1.79835218,0.0,1.45,1.45,1.45,0.0,0.113,0.113,0.113,0.0,-1.29,-1.29,-1.29,0.0,1.94,1.552,1.552,0.0
2026-10-07T19:47:17.762574+00:00,5.7453956999816,0.0,hardware,IDLE,0,0.14486232791552936,0.0,,0.0,,0.0,,0.0,1.45,0.0,0.113,0.0,-1.29,0.0,-1.552002285,0.0,1.559887499,0.0,-1.5599264019999999,0.0,1.545295464,0.0,1.552,0.0,1.5379273279999999,0.0,-1.537966411,0.0,1.537968744,0.0,-1.79835218,0.0,1.45,1.45,1.45,0.0,0.113,0.113,0.113,0.0,-1.29,-1.29,-1.29,0.0,1.94,1.552,1.552,0.0
2026-10-07T19:47:17.779575+00:00,5.762340500019491,0.0,hardware,IDLE,0,0.14486232791552936,0.0,,0.0,,0.0,,0.0,1.45,0.0,0.113,0.0,-1.29,0.0,-1.552002285,0.0,1.559887499,0.0,-1.5599264019999999,0.0,1.545295464,0.0,1.552,0.0,1.5379273279999999,0.0,-1.537966411,0.0,1.537968744,0.0,-1.79835218,0.0,1.45,1.45,1.45,0.0,0.113,0.113,0.113,0.0,-1.29,-1.29,-1.29,0.0,1.94,1.552,1.552,0.0
2026-10-07T19:47:17.795581+00:00,5.778204399859533,0.0,hardware,IDLE,0,0.14486232791552936,0.0,,0.0,,0.0,,0.0,1.45,0.0,0.113,0.0,-1.29,0.0,-1.552002285,0.0,1.559887499,0.0,-1.5599264019999999,0.0,1.545295464,0.0,1.552,0.0,1.5379273279999999,0.0,-1.537966411,0.0,1.537968744,0.0,-1.79835218,0.0,1.45,1.45,1.45,0.0,0.113,0.113,0.113,0.0,-1.29,-1.29,-1.29,0.0,1.94,1.552,1.552,0.0
2026-10-07T19:47:17.811583+00:00,5.7940316998865455,0.0,hardware,IDLE,0,0.14486232791552936,0.0,,0.0,,0.0,,0.0,1.45,0.0,0.113,0.0,-1.29,0.0,-1.552002285,0.0,1.559887499,0.0,-1.5599264019999999,0.0,1.545295464,0.0,1.552,0.0,1.5379273279999999,0.0,-1.537966411,0.0,1.537968744,0.0,-1.79835218,0.0,1.45,1.45,1.45,0.0,0.113,0.113,0.113,0.0,-1.29,-1.29,-1.29,0.0,1.94,1.552,1.552,0.0
2026-10-07T19:47:17.830585+00:00,5.813550699967891,0.0,hardware,IDLE,0,0.14486232791552936,0.0,,0.0,,0.0,,0.0,1.45,0.0,0.113,0.0,-1.29,0.0,-1.552002285,0.0,1.559887499,0.0,-1.5599264019999999,0.0,1.545295464,0.0,1.552,0.0,1.5379273279999999,0.0,-1.537966411,0.0,1.537968744,0.0,-1.79835218,0.0,1.45,1.45,1.45,0.0,0.113,0.113,0.113,0.0,-1.29,-1.29,-1.29,0.0,1.94,1.552,1.552,0.0
2026-10-07T19:47:17.848691+00:00,5.831977399997413,0.0,hardware,IDLE,0,0.14486232791552936,0.0,,0.0,,0.0,,0.0,1.45,0.0,0.113,0.0,-1.29,0.0,-1.552002285,0.0,1.559887499,0.0,-1.5599264019999999,0.0,1.545295464,0.0,1.552,0.0,1.5379273279999999,0.0,-1.537966411,0.0,1.537968744,0.0,-1.79835218,0.0,1.45,1.45,1.45,0.0,0.113,0.113,0.113,0.0,-1.29,-1.29,-1.29,0.0,1.94,1.552,1.552,0.0
2026-10-07T19:47:17.865232+00:00,5.848137499997392,0.0,hardware,IDLE,0,0.14486232791552936,0.0,,0.0,,0.0,,0.0,1.45,0.0,0.113,0.0,-1.29,0.0,-1.552002285,0.0,1.559887499,0.0,-1.5599264019999999,0.0,1.545295464,0.0,1.552,0.0,1.5379273279999999,0.0,-1.537966411,0.0,1.537968744,0.0,-1.79835218,0.0,1.45,1.45,1.45,0.0,0.113,0.113,0.113,0.0,-1.29,-1.29,-1.29,0.0,1.94,1.552,1.552,0.0
2026-10-07T19:47:17.880291+00:00,5.863187300041318,0.0,hardware,IDLE,0,0.14486232791552936,0.0,,0.0,,0.0,,0.0,1.45,0.0,0.113,0.0,-1.29,0.0,-1.552002285,0.0,1.559887499,0.0,-1.5599264019999999,0.0,1.545295464,0.0,1.552,0.0,1.5379273279999999,0.0,-1.537966411,0.0,1.537968744,0.0,-1.79835218,0.0,1.45,1.45,1.45,0.0,0.113,0.113,0.113,0.0,-1.29,-1.29,-1.29,0.0,1.94,1.552,1.552,0.0
2026-10-07T19:47:17.897227+00:00,5.879401099868119,0.0,hardware,IDLE,0,0.14486232791552936,0.0,,0.0,,0.0,,0.0,1.45,0.0,0.113,0.0,-1.29,0.0,-1.552002285,0.0,1.559887499,0.0,-1.5599264019999999,0.0,1.545295464,0.0,1.552,0.0,1.5379273279999999,0.0,-1.537966411,0.0,1.537968744,0.0,-1.79835218,0.0,1.45,1.45,1.45,0.0,0.113,0.113,0.113,0.0,-1.29,-1.29,-1.29,0.0,1.94,1.552,1.552,0.0
2026-10-07T19:47:17.911330+00:00,5.894384999992326,0.0,hardware,IDLE,0,0.14486232791552936,0.0,,0.0,,0.0,,0.0,1.45,0.0,0.113,0.0,-1.29,0.0,-1.552002285,0.0,1.559887499,0.0,-1.5599264019999999,0.0,1.545295464,0.0,1.552,0.0,1.5379273279999999,0.0,-1.537966411,0.0,1.537968744,0.0,-1.79835218,0.0,1.45,1.45,1.45,0.0,0.113,0.113,0.113,0.0,-1.29,-1.29,-1.29,0.0,1.94,1.552,1.552,0.0
2026-10-07T19:47:17.926335+00:00,5.908858999842778,0.0,hardware,IDLE,0,0.14486232791552936,0.0,,0.0,,0.0,,0.0,1.45,0.0,0.113,0.0,-1.29,0.0,-1.552002285,0.0,1.559887499,0.0,-1.5599264019999999,0.0,1.545295464,0.0,1.552,0.0,1.5379273279999999,0.0,-1.537966411,0.0,1.537968744,0.0,-1.79835218,0.0,1.45,1.45,1.45,0.0,0.113,0.113,0.113,0.0,-1.29,-1.29,-1.29,0.0,1.94,1.552,1.552,0.0
2026-10-07T19:47:17.940441+00:00,5.923481100006029,0.0,hardware,IDLE,0,0.14486232791552936,0.0,,0.0,,0.0,,0.0,1.45,0.0,0.113,0.0,-1.29,0.0,-1.552002285,0.0,1.559887499,0.0,-1.5599264019999999,0.0,1.545295464,0.0,1.552,0.0,1.5379273279999999,0.0,-1.537966411,0.0,1.537968744,0.0,-1.79835218,0.0,1.45,1.45,1.45,0.0,0.113,0.113,0.113,0.0,-1.29,-1.29,-1.29,0.0,1.94,1.552,1.552,0.0
2026-10-07T19:47:17.955070+00:00,5.937807800015435,0.0,hardware,IDLE,0,0.14486232791552936,0.0,,0.0,,0.0,,0.0,1.45,0.0,0.113,0.0,-1.29,0.0,-1.552002285,0.0,1.559887499,0.0,-1.5599264019999999,0.0,1.545295464,0.0,1.552,0.0,1.5379273279999999,0.0,-1.537966411,0.0,1.537968744,0.0,-1.79835218,0.0,1.45,1.45,1.45,0.0,0.113,0.113,0.113,0.0,-1.29,-1.29,-1.29,0.0,1.94,1.552,1.552,0.0
2026-10-07T19:47:17.977068+00:00,5.959440500009805,0.0,hardware,IDLE,0,0.14486232791552936,0.0,,0.0,,0.0,,0.0,1.45,0.0,0.113,0.0,-1.29,0.0,-1.552002285,0.0,1.559887499,0.0,-1.5599264019999999,0.0,1.545295464,0.0,1.552,0.0,1.5379273279999999,0.0,-1.537966411,0.0,1.537968744,0.0,-1.79835218,0.0,1.45,1.45,1.45,0.0,0.113,0.113,0.113,0.0,-1.29,-1.29,-1.29,0.0,1.94,1.552,1.552,0.0
2026-10-07T19:47:17.992069+00:00,5.974349699914455,0.0,hardware,IDLE,0,0.14486232791552936,0.0,,0.0,,0.0,,0.0,1.45,0.0,0.113,0.0,-1.29,0.0,-1.552002285,0.0,1.559887499,0.0,-1.5599264019999999,0.0,1.545295464,0.0,1.552,0.0,1.5379273279999999,0.0,-1.537966411,0.0,1.537968744,0.0,-1.79835218,0.0,1.45,1.45,1.45,0.0,0.113,0.113,0.113,0.0,-1.29,-1.29,-1.29,0.0,1.94,1.552,1.552,0.0
2026-10-07T19:47:18.007974+00:00,5.990429899888113,0.0,hardware,IDLE,0,0.14486232791552936,0.0,,0.0,,0.0,,0.0,1.45,0.0,0.113,0.0,-1.29,0.0,-1.552002285,0.0,1.559887499,0.0,-1.5599264019999999,0.0,1.545295464,0.0,1.552,0.0,1.5379273279999999,0.0,-1.537966411,0.0,1.537968744,0.0,-1.79835218,0.0,1.45,1.45,1.45,0.0,0.113,0.113,0.113,0.0,-1.29,-1.29,-1.29,0.0,1.94,1.552,1.552,0.0
2026-10-07T19:47:18.023978+00:00,6.006540199974552,0.0,hardware,IDLE,0,0.14486232791552936,0.0,,0.0,,0.0,,0.0,1.45,0.0,0.113,0.0,-1.29,0.0,-1.552002285,0.0,1.559887499,0.0,-1.5599264019999999,0.0,1.545295464,0.0,1.552,0.0,1.5379273279999999,0.0,-1.537966411,0.0,1.537968744,0.0,-1.79835218,0.0,1.45,1.45,1.45,0.0,0.113,0.113,0.113,0.0,-1.29,-1.29,-1.29,0.0,1.94,1.552,1.552,0.0
2026-10-07T19:47:18.041013+00:00,6.023186299949884,0.0,hardware,IDLE,0,0.14486232791552936,0.0,,0.0,,0.0,,0.0,1.45,0.0,0.113,0.0,-1.29,0.0,-1.552002285,0.0,1.559887499,0.0,-1.5599264019999999,0.0,1.545295464,0.0,1.552,0.0,1.5379273279999999,0.0,-1.537966411,0.0,1.537968744,0.0,-1.79835218,0.0,1.45,1.45,1.45,0.0,0.113,0.113,0.113,0.0,-1.29,-1.29,-1.29,0.0,1.94,1.552,1.552,0.0
2026-10-07T19:47:18.055524+00:00,6.038546500029042,0.0,hardware,IDLE,0,0.14486232791552936,0.0,,0.0,,0.0,,0.0,1.45,0.0,0.113,0.0,-1.29,0.0,-1.552002285,0.0,1.559887499,0.0,-1.5599264019999999,0.0,1.545295464,0.0,1.552,0.0,1.5379273279999999,0.0,-1.537966411,0.0,1.537968744,0.0,-1.79835218,0.0,1.45,1.45,1.45,0.0,0.113,0.113,0.113,0.0,-1.29,-1.29,-1.29,0.0,1.94,1.552,1.552,0.0
2026-10-07T19:47:18.070541+00:00,6.05355429998599,0.0,hardware,IDLE,0,0.14486232791552936,0.0,,0.0,,0.0,,0.0,1.45,0.0,0.113,0.0,-1.29,0.0,-1.552002285,0.0,1.559887499,0.0,-1.5599264019999999,0.0,1.545295464,0.0,1.552,0.0,1.5379273279999999,0.0,-1.537966411,0.0,1.537968744,0.0,-1.79835218,0.0,1.45,1.45,1.45,0.0,0.113,0.113,0.113,0.0,-1.29,-1.29,-1.29,0.0,1.94,1.552,1.552,0.0
2026-10-07T19:47:18.087527+00:00,6.070474699838087,0.0,hardware,IDLE,0,0.14486232791552936,0.0,,0.0,,0.0,,0.0,1.45,0.0,0.113,0.0,-1.29,0.0,-1.552002285,0.0,1.559887499,0.0,-1.5599264019999999,0.0,1.545295464,0.0,1.552,0.0,1.5379273279999999,0.0,-1.537966411,0.0,1.537968744,0.0,-1.79835218,0.0,1.45,1.45,1.45,0.0,0.113,0.113,0.113,0.0,-1.29,-1.29,-1.29,0.0,1.94,1.552,1.552,0.0
2026-10-07T19:47:18.105529+00:00,6.088344999821857,0.0,hardware,IDLE,0,0.14486232791552936,0.0,,0.0,,0.0,,0.0,1.45,0.0,0.113,0.0,-1.29,0.0,-1.552002285,0.0,1.559887499,0.0,-1.5599264019999999,0.0,1.545295464,0.0,1.552,0.0,1.5379273279999999,0.0,-1.537966411,0.0,1.537968744,0.0,-1.79835218,0.0,1.45,1.45,1.45,0.0,0.113,0.113,0.113,0.0,-1.29,-1.29,-1.29,0.0,1.94,1.552,1.552,0.0
2026-10-07T19:47:18.121531+00:00,6.104074799921364,0.0,hardware,IDLE,0,0.14486232791552936,0.0,,0.0,,0.0,,0.0,1.45,0.0,0.113,0.0,-1.29,0.0,-1.552002285,0.0,1.559887499,0.0,-1.5599264019999999,0.0,1.545295464,0.0,1.552,0.0,1.5379273279999999,0.0,-1.537966411,0.0,1.537968744,0.0,-1.79835218,0.0,1.45,1.45,1.45,0.0,0.113,0.113,0.113,0.0,-1.29,-1.29,-1.29,0.0,1.94,1.552,1.552,0.0
2026-10-07T19:47:18.136599+00:00,6.1191365998238325,0.0,hardware,IDLE,0,0.14486232791552936,0.0,,0.0,,0.0,,0.0,1.45,0.0,0.113,0.0,-1.29,0.0,-1.552002285,0.0,1.559887499,0.0,-1.5599264019999999,0.0,1.545295464,0.0,1.552,0.0,1.5379273279999999,0.0,-1.537966411,0.0,1.537968744,0.0,-1.79835218,0.0,1.45,1.45,1.45,0.0,0.113,0.113,0.113,0.0,-1.29,-1.29,-1.29,0.0,1.94,1.552,1.552,0.0
2026-10-07T19:47:18.152205+00:00,6.1348176000174135,0.0,hardware,IDLE,0,0.14486232791552936,0.0,,0.0,,0.0,,0.0,1.45,0.0,0.113,0.0,-1.29,0.0,-1.552002285,0.0,1.559887499,0.0,-1.5599264019999999,0.0,1.545295464,0.0,1.552,0.0,1.5379273279999999,0.0,-1.537966411,0.0,1.537968744,0.0,-1.79835218,0.0,1.45,1.45,1.45,0.0,0.113,0.113,0.113,0.0,-1.29,-1.29,-1.29,0.0,1.94,1.552,1.552,0.0
2026-10-07T19:47:18.167236+00:00,6.14965539984405,0.0,hardware,IDLE,0,0.14486232791552936,0.0,,0.0,,0.0,,0.0,1.45,0.0,0.113,0.0,-1.29,0.0,-1.552002285,0.0,1.559887499,0.0,-1.5599264019999999,0.0,1.545295464,0.0,1.552,0.0,1.5379273279999999,0.0,-1.537966411,0.0,1.537968744,0.0,-1.79835218,0.0,1.45,1.45,1.45,0.0,0.113,0.113,0.113,0.0,-1.29,-1.29,-1.29,0.0,1.94,1.552,1.552,0.0
2026-10-07T19:47:18.186247+00:00,6.168912899913266,0.0,hardware,IDLE,0,0.14486232791552936,0.0,,0.0,,0.0,,0.0,1.45,0.0,0.113,0.0,-1.29,0.0,-1.552002285,0.0,1.559887499,0.0,-1.5599264019999999,0.0,1.545295464,0.0,1.552,0.0,1.5379273279999999,0.0,-1.537966411,0.0,1.537968744,0.0,-1.79835218,0.0,1.45,1.45,1.45,0.0,0.113,0.113,0.113,0.0,-1.29,-1.29,-1.29,0.0,1.94,1.552,1.552,0.0
2026-10-07T19:47:18.221242+00:00,6.204228299902752,0.0,hardware,IDLE,0,0.14486232791552936,0.0,,0.0,,0.0,,0.0,1.45,0.0,0.113,0.0,-1.29,0.0,-1.552002285,0.0,1.559887499,0.0,-1.5599264019999999,0.0,1.545295464,0.0,1.552,0.0,1.5379273279999999,0.0,-1.537966411,0.0,1.537968744,0.0,-1.79835218,0.0,1.45,1.45,1.45,0.0,0.113,0.113,0.113,0.0,-1.29,-1.29,-1.29,0.0,1.94,1.552,1.552,0.0
2026-10-07T19:47:18.257094+00:00,6.239843299845234,0.0,hardware,IDLE,0,0.14486232791552936,0.0,,0.0,,0.0,,0.0,1.45,0.0,0.113,0.0,-1.29,0.0,-1.552002285,0.0,1.559887499,0.0,-1.5599264019999999,0.0,1.545295464,0.0,1.552,0.0,1.5379273279999999,0.0,-1.537966411,0.0,1.537968744,0.0,-1.79835218,0.0,1.45,1.45,1.45,0.0,0.113,0.113,0.113,0.0,-1.29,-1.29,-1.29,0.0,1.94,1.552,1.552,0.0
2026-10-07T19:47:18.294036+00:00,6.276245699962601,0.0,hardware,IDLE,0,0.14486232791552936,0.0,,0.0,,0.0,,0.0,1.45,0.0,0.113,0.0,-1.29,0.0,-1.552002285,0.0,1.559887499,0.0,-1.5599264019999999,0.0,1.545295464,0.0,1.552,0.0,1.5379273279999999,0.0,-1.537966411,0.0,1.537968744,0.0,-1.79835218,0.0,1.45,1.45,1.45,0.0,0.113,0.113,0.113,0.0,-1.29,-1.29,-1.29,0.0,1.94,1.552,1.552,0.0
2026-10-07T19:47:18.327996+00:00,6.3102668998762965,0.0,hardware,IDLE,0,0.14486232791552936,0.0,,0.0,,0.0,,0.0,1.45,0.0,0.113,0.0,-1.29,0.0,-1.552002285,0.0,1.559887499,0.0,-1.5599264019999999,0.0,1.545295464,0.0,1.552,0.0,1.5379273279999999,0.0,-1.537966411,0.0,1.537968744,0.0,-1.79835218,0.0,1.45,1.45,1.45,0.0,0.113,0.113,0.113,0.0,-1.29,-1.29,-1.29,0.0,1.94,1.552,1.552,0.0
2026-10-07T19:47:18.359767+00:00,6.342651899904013,0.0,hardware,IDLE,0,0.14486232791552936,0.0,,0.0,,0.0,,0.0,1.45,0.0,0.113,0.0,-1.29,0.0,-1.552002285,0.0,1.559887499,0.0,-1.5599264019999999,0.0,1.545295464,0.0,1.552,0.0,1.5379273279999999,0.0,-1.537966411,0.0,1.537968744,0.0,-1.79835218,0.0,1.45,1.45,1.45,0.0,0.113,0.113,0.113,0.0,-1.29,-1.29,-1.29,0.0,1.94,1.552,1.552,0.0
2026-10-07T19:47:18.376763+00:00,6.359787499997765,0.0,hardware,IDLE,0,0.14486232791552936,0.0,,0.0,,0.0,,0.0,1.45,0.0,0.113,0.0,-1.29,0.0,-1.552002285,0.0,1.559887499,0.0,-1.5599264019999999,0.0,1.545295464,0.0,1.552,0.0,1.5379273279999999,0.0,-1.537966411,0.0,1.537968744,0.0,-1.79835218,0.0,1.45,1.45,1.45,0.0,0.113,0.113,0.113,0.0,-1.29,-1.29,-1.29,0.0,1.94,1.552,1.552,0.0
2026-10-07T19:47:18.400772+00:00,6.383124700048938,0.0,hardware,IDLE,0,0.14486232791552936,0.0,,0.0,,0.0,,0.0,1.45,0.0,0.113,0.0,-1.29,0.0,-1.552002285,0.0,1.559887499,0.0,-1.5599264019999999,0.0,1.545295464,0.0,1.552,0.0,1.5379273279999999,0.0,-1.537966411,0.0,1.537968744,0.0,-1.79835218,0.0,1.45,1.45,1.45,0.0,0.113,0.113,0.113,0.0,-1.29,-1.29,-1.29,0.0,1.94,1.552,1.552,0.0
2026-10-07T19:47:18.426761+00:00,6.4090573999565095,0.0,hardware,IDLE,0,0.14486232791552936,0.0,,0.0,,0.0,,0.0,1.45,0.0,0.113,0.0,-1.29,0.0,-1.552002285,0.0,1.559887499,0.0,-1.5599264019999999,0.0,1.545295464,0.0,1.552,0.0,1.5379273279999999,0.0,-1.537966411,0.0,1.537968744,0.0,-1.79835218,0.0,1.45,1.45,1.45,0.0,0.113,0.113,0.113,0.0,-1.29,-1.29,-1.29,0.0,1.94,1.552,1.552,0.0
2026-10-07T19:47:18.452521+00:00,6.43512719986029,0.0,hardware,IDLE,0,0.14486232791552936,0.0,,0.0,,0.0,,0.0,1.45,0.0,0.113,0.0,-1.29,0.0,-1.552002285,0.0,1.559887499,0.0,-1.5599264019999999,0.0,1.545295464,0.0,1.552,0.0,1.5379273279999999,0.0,-1.537966411,0.0,1.537968744,0.0,-1.79835218,0.0,1.45,1.45,1.45,0.0,0.113,0.113,0.113,0.0,-1.29,-1.29,-1.29,0.0,1.94,1.552,1.552,0.0
2026-10-07T19:47:18.481426+00:00,6.463932199869305,0.0,hardware,IDLE,0,0.14486232791552936,0.0,,0.0,,0.0,,0.0,1.45,0.0,0.113,0.0,-1.29,0.0,-1.552002285,0.0,1.559887499,0.0,-1.5599264019999999,0.0,1.545295464,0.0,1.552,0.0,1.5379273279999999,0.0,-1.537966411,0.0,1.537968744,0.0,-1.79835218,0.0,1.45,1.45,1.45,0.0,0.113,0.113,0.113,0.0,-1.29,-1.29,-1.29,0.0,1.94,1.552,1.552,0.0
2026-10-07T19:47:18.507448+00:00,6.4899261998943985,0.0,hardware,IDLE,0,0.14486232791552936,0.0,,0.0,,0.0,,0.0,1.45,0.0,0.113,0.0,-1.29,0.0,-1.552002285,0.0,1.559887499,0.0,-1.5599264019999999,0.0,1.545295464,0.0,1.552,0.0,1.5379273279999999,0.0,-1.537966411,0.0,1.537968744,0.0,-1.79835218,0.0,1.45,1.45,1.45,0.0,0.113,0.113,0.113,0.0,-1.29,-1.29,-1.29,0.0,1.94,1.552,1.552,0.0
2026-10-07T19:47:18.532418+00:00,6.515297699952498,0.0,hardware,IDLE,0,0.14486232791552936,0.0,,0.0,,0.0,,0.0,1.45,0.0,0.113,0.0,-1.29,0.0,-1.552002285,0.0,1.559887499,0.0,-1.5599264019999999,0.0,1.545295464,0.0,1.552,0.0,1.5379273279999999,0.0,-1.537966411,0.0,1.537968744,0.0,-1.79835218,0.0,1.45,1.45,1.45,0.0,0.113,0.113,0.113,0.0,-1.29,-1.29,-1.29,0.0,1.94,1.552,1.552,0.0
2026-10-07T19:47:18.557122+00:00,6.539924599928781,0.0,hardware,IDLE,0,0.14486232791552936,0.0,,0.0,,0.0,,0.0,1.45,0.0,0.113,0.0,-1.29,0.0,-1.552002285,0.0,1.559887499,0.0,-1.5599264019999999,0.0,1.545295464,0.0,1.552,0.0,1.5379273279999999,0.0,-1.537966411,0.0,1.537968744,0.0,-1.79835218,0.0,1.45,1.45,1.45,0.0,0.113,0.113,0.113,0.0,-1.29,-1.29,-1.29,0.0,1.94,1.552,1.552,0.0
2026-10-07T19:47:18.582123+00:00,6.564325799932703,0.0,hardware,IDLE,0,0.14486232791552936,0.0,,0.0,,0.0,,0.0,1.45,0.0,0.113,0.0,-1.29,0.0,-1.552002285,0.0,1.559887499,0.0,-1.5599264019999999,0.0,1.545295464,0.0,1.552,0.0,1.5379273279999999,0.0,-1.537966411,0.0,1.537968744,0.0,-1.79835218,0.0,1.45,1.45,1.45,0.0,0.113,0.113,0.113,0.0,-1.29,-1.29,-1.29,0.0,1.94,1.552,1.552,0.0
2026-10-07T19:47:18.606111+00:00,6.589145899983123,0.0,hardware,IDLE,0,0.14486232791552936,0.0,,0.0,,0.0,,0.0,1.45,0.0,0.113,0.0,-1.29,0.0,-1.552002285,0.0,1.559887499,0.0,-1.5599264019999999,0.0,1.545295464,0.0,1.552,0.0,1.5379273279999999,0.0,-1.537966411,0.0,1.537968744,0.0,-1.79835218,0.0,1.45,1.45,1.45,0.0,0.113,0.113,0.113,0.0,-1.29,-1.29,-1.29,0.0,1.94,1.552,1.552,0.0
2026-10-07T19:47:18.632122+00:00,6.614427999826148,0.0,hardware,IDLE,0,0.14486232791552936,0.0,,0.0,,0.0,,0.0,1.45,0.0,0.113,0.0,-1.29,0.0,-1.552002285,0.0,1.559887499,0.0,-1.5599264019999999,0.0,1.545295464,0.0,1.552,0.0,1.5379273279999999,0.0,-1.537966411,0.0,1.537968744,0.0,-1.79835218,0.0,1.45,1.45,1.45,0.0,0.113,0.113,0.113,0.0,-1.29,-1.29,-1.29,0.0,1.94,1.552,1.552,0.0
2026-10-07T19:47:18.658660+00:00,6.640792099991813,0.0,hardware,IDLE,0,0.14486232791552936,0.0,,0.0,,0.0,,0.0,1.45,0.0,0.113,0.0,-1.29,0.0,-1.552002285,0.0,1.559887499,0.0,-1.5599264019999999,0.0,1.545295464,0.0,1.552,0.0,1.5379273279999999,0.0,-1.537966411,0.0,1.537968744,0.0,-1.79835218,0.0,1.45,1.45,1.45,0.0,0.113,0.113,0.113,0.0,-1.29,-1.29,-1.29,0.0,1.94,1.552,1.552,0.0
2026-10-07T19:47:18.682703+00:00,6.665567100048065,0.0,hardware,IDLE,0,0.14486232791552936,0.0,,0.0,,0.0,,0.0,1.45,0.0,0.113,0.0,-1.29,0.0,-1.552002285,0.0,1.559887499,0.0,-1.5599264019999999,0.0,1.545295464,0.0,1.552,0.0,1.5379273279999999,0.0,-1.537966411,0.0,1.537968744,0.0,-1.79835218,0.0,1.45,1.45,1.45,0.0,0.113,0.113,0.113,0.0,-1.29,-1.29,-1.29,0.0,1.94,1.552,1.552,0.0
2026-10-07T19:47:18.709662+00:00,6.692597100045532,0.0,hardware,IDLE,0,0.14486232791552936,0.0,,0.0,,0.0,,0.0,1.45,0.0,0.113,0.0,-1.29,0.0,-1.552002285,0.0,1.559887499,0.0,-1.5599264019999999,0.0,1.545295464,0.0,1.552,0.0,1.5379273279999999,0.0,-1.537966411,0.0,1.537968744,0.0,-1.79835218,0.0,1.45,1.45,1.45,0.0,0.113,0.113,0.113,0.0,-1.29,-1.29,-1.29,0.0,1.94,1.552,1.552,0.0
2026-10-07T19:47:18.725657+00:00,6.708395299967378,0.0,hardware,IDLE,0,0.14486232791552936,0.0,,0.0,,0.0,,0.0,1.45,0.0,0.113,0.0,-1.29,0.0,-1.552002285,0.0,1.559887499,0.0,-1.5599264019999999,0.0,1.545295464,0.0,1.552,0.0,1.5379273279999999,0.0,-1.537966411,0.0,1.537968744,0.0,-1.79835218,0.0,1.45,1.45,1.45,0.0,0.113,0.113,0.113,0.0,-1.29,-1.29,-1.29,0.0,1.94,1.552,1.552,0.0
2026-10-07T19:47:18.742670+00:00,6.7255593000445515,0.0,hardware,IDLE,0,0.14486232791552936,0.0,,0.0,,0.0,,0.0,1.45,0.0,0.113,0.0,-1.29,0.0,-1.552002285,0.0,1.559887499,0.0,-1.5599264019999999,0.0,1.545295464,0.0,1.552,0.0,1.5379273279999999,0.0,-1.537966411,0.0,1.537968744,0.0,-1.79835218,0.0,1.45,1.45,1.45,0.0,0.113,0.113,0.113,0.0,-1.29,-1.29,-1.29,0.0,1.94,1.552,1.552,0.0
2026-10-07T19:47:18.759404+00:00,6.741604099981487,0.0,hardware,IDLE,0,0.14486232791552936,0.0,,0.0,,0.0,,0.0,1.45,0.0,0.113,0.0,-1.29,0.0,-1.552002285,0.0,1.559887499,0.0,-1.5599264019999999,0.0,1.545295464,0.0,1.552,0.0,1.5379273279999999,0.0,-1.537966411,0.0,1.537968744,0.0,-1.79835218,0.0,1.45,1.45,1.45,0.0,0.113,0.113,0.113,0.0,-1.29,-1.29,-1.29,0.0,1.94,1.552,1.552,0.0
2026-10-07T19:47:18.777417+00:00,6.759664800018072,0.0,hardware,IDLE,0,0.14486232791552936,0.0,,0.0,,0.0,,0.0,1.45,0.0,0.113,0.0,-1.29,0.0,-1.552002285,0.0,1.559887499,0.0,-1.5599264019999999,0.0,1.545295464,0.0,1.552,0.0,1.5379273279999999,0.0,-1.537966411,0.0,1.537968744,0.0,-1.79835218,0.0,1.45,1.45,1.45,0.0,0.113,0.113,0.113,0.0,-1.29,-1.29,-1.29,0.0,1.94,1.552,1.552,0.0
2026-10-07T19:47:18.796317+00:00,6.778631299966946,0.0,hardware,IDLE,0,0.14486232791552936,0.0,,0.0,,0.0,,0.0,1.45,0.0,0.113,0.0,-1.29,0.0,-1.552002285,0.0,1.559887499,0.0,-1.5599264019999999,0.0,1.545295464,0.0,1.552,0.0,1.5379273279999999,0.0,-1.537966411,0.0,1.537968744,0.0,-1.79835218,0.0,1.45,1.45,1.45,0.0,0.113,0.113,0.113,0.0,-1.29,-1.29,-1.29,0.0,1.94,1.552,1.552,0.0
2026-10-07T19:47:18.817340+00:00,6.799512299941853,0.0,hardware,IDLE,0,0.14486232791552936,0.0,,0.0,,0.0,,0.0,1.45,0.0,0.113,0.0,-1.29,0.0,-1.552002285,0.0,1.559887499,0.0,-1.5599264019999999,0.0,1.545295464,0.0,1.552,0.0,1.5379273279999999,0.0,-1.537966411,0.0,1.537968744,0.0,-1.79835218,0.0,1.45,1.45,1.45,0.0,0.113,0.113,0.113,0.0,-1.29,-1.29,-1.29,0.0,1.94,1.552,1.552,0.0
2026-10-07T19:47:18.843356+00:00,6.826494700042531,0.0,hardware,IDLE,0,0.14486232791552936,0.0,,0.0,,0.0,,0.0,1.45,0.0,0.113,0.0,-1.29,0.0,-1.552002285,0.0,1.559887499,0.0,-1.5599264019999999,0.0,1.545295464,0.0,1.552,0.0,1.5379273279999999,0.0,-1.537966411,0.0,1.537968744,0.0,-1.79835218,0.0,1.45,1.45,1.45,0.0,0.113,0.113,0.113,0.0,-1.29,-1.29,-1.29,0.0,1.94,1.552,1.552,0.0
2026-10-07T19:47:18.863984+00:00,6.846811899915338,0.0,hardware,IDLE,0,0.14486232791552936,0.0,,0.0,,0.0,,0.0,1.45,0.0,0.113,0.0,-1.29,0.0,-1.552002285,0.0,1.559887499,0.0,-1.5599264019999999,0.0,1.545295464,0.0,1.552,0.0,1.5379273279999999,0.0,-1.537966411,0.0,1.537968744,0.0,-1.79835218,0.0,1.45,1.45,1.45,0.0,0.113,0.113,0.113,0.0,-1.29,-1.29,-1.29,0.0,1.94,1.552,1.552,0.0
2026-10-07T19:47:18.888982+00:00,6.8711363999173045,0.0,hardware,IDLE,0,0.14486232791552936,0.0,,0.0,,0.0,,0.0,1.45,0.0,0.113,0.0,-1.29,0.0,-1.552002285,0.0,1.559887499,0.0,-1.5599264019999999,0.0,1.545295464,0.0,1.552,0.0,1.5379273279999999,0.0,-1.537966411,0.0,1.537968744,0.0,-1.79835218,0.0,1.45,1.45,1.45,0.0,0.113,0.113,0.113,0.0,-1.29,-1.29,-1.29,0.0,1.94,1.552,1.552,0.0
2026-10-07T19:47:18.911986+00:00,6.89448479982093,0.0,hardware,IDLE,0,0.14486232791552936,0.0,,0.0,,0.0,,0.0,1.45,0.0,0.113,0.0,-1.29,0.0,-1.552002285,0.0,1.559887499,0.0,-1.5599264019999999,0.0,1.545295464,0.0,1.552,0.0,1.5379273279999999,0.0,-1.537966411,0.0,1.537968744,0.0,-1.79835218,0.0,1.45,1.45,1.45,0.0,0.113,0.113,0.113,0.0,-1.29,-1.29,-1.29,0.0,1.94,1.552,1.552,0.0
2026-10-07T19:47:18.929981+00:00,6.912590599851683,0.0,hardware,IDLE,0,0.14486232791552936,0.0,,0.0,,0.0,,0.0,1.45,0.0,0.113,0.0,-1.29,0.0,-1.552002285,0.0,1.559887499,0.0,-1.5599264019999999,0.0,1.545295464,0.0,1.552,0.0,1.5379273279999999,0.0,-1.537966411,0.0,1.537968744,0.0,-1.79835218,0.0,1.45,1.45,1.45,0.0,0.113,0.113,0.113,0.0,-1.29,-1.29,-1.29,0.0,1.94,1.552,1.552,0.0
2026-10-07T19:47:18.946992+00:00,6.929362499853596,0.0,hardware,IDLE,0,0.14486232791552936,0.0,,0.0,,0.0,,0.0,1.45,0.0,0.113,0.0,-1.29,0.0,-1.552002285,0.0,1.559887499,0.0,-1.5599264019999999,0.0,1.545295464,0.0,1.552,0.0,1.5379273279999999,0.0,-1.537966411,0.0,1.537968744,0.0,-1.79835218,0.0,1.45,1.45,1.45,0.0,0.113,0.113,0.113,0.0,-1.29,-1.29,-1.29,0.0,1.94,1.552,1.552,0.0
2026-10-07T19:47:18.961507+00:00,6.944314899854362,0.0,hardware,IDLE,0,0.14486232791552936,0.0,,0.0,,0.0,,0.0,1.45,0.0,0.113,0.0,-1.29,0.0,-1.552002285,0.0,1.559887499,0.0,-1.5599264019999999,0.0,1.545295464,0.0,1.552,0.0,1.5379273279999999,0.0,-1.537966411,0.0,1.537968744,0.0,-1.79835218,0.0,1.45,1.45,1.45,0.0,0.113,0.113,0.113,0.0,-1.29,-1.29,-1.29,0.0,1.94,1.552,1.552,0.0
2026-10-07T19:47:18.976507+00:00,6.9589060000143945,0.0,hardware,IDLE,0,0.14486232791552936,0.0,,0.0,,0.0,,0.0,1.45,0.0,0.113,0.0,-1.29,0.0,-1.552002285,0.0,1.559887499,0.0,-1.5599264019999999,0.0,1.545295464,0.0,1.552,0.0,1.5379273279999999,0.0,-1.537966411,0.0,1.537968744,0.0,-1.79835218,0.0,1.45,1.45,1.45,0.0,0.113,0.113,0.113,0.0,-1.29,-1.29,-1.29,0.0,1.94,1.552,1.552,0.0
2026-10-07T19:47:18.991507+00:00,6.9738119000103325,0.0,hardware,IDLE,0,0.14486232791552936,0.0,,0.0,,0.0,,0.0,1.45,0.0,0.113,0.0,-1.29,0.0,-1.552002285,0.0,1.559887499,0.0,-1.5599264019999999,0.0,1.545295464,0.0,1.552,0.0,1.5379273279999999,0.0,-1.537966411,0.0,1.537968744,0.0,-1.79835218,0.0,1.45,1.45,1.45,0.0,0.113,0.113,0.113,0.0,-1.29,-1.29,-1.29,0.0,1.94,1.552,1.552,0.0
2026-10-07T19:47:19.006507+00:00,6.989046899834648,0.0,hardware,IDLE,0,0.14486232791552936,0.0,,0.0,,0.0,,0.0,1.45,0.0,0.113,0.0,-1.29,0.0,-1.552002285,0.0,1.559887499,0.0,-1.5599264019999999,0.0,1.545295464,0.0,1.552,0.0,1.5379273279999999,0.0,-1.537966411,0.0,1.537968744,0.0,-1.79835218,0.0,1.45,1.45,1.45,0.0,0.113,0.113,0.113,0.0,-1.29,-1.29,-1.29,0.0,1.94,1.552,1.552,0.0
2026-10-07T19:47:19.023563+00:00,7.005990999983624,0.0,hardware,IDLE,0,0.14486232791552936,0.0,,0.0,,0.0,,0.0,1.45,0.0,0.113,0.0,-1.29,0.0,-1.552002285,0.0,1.559887499,0.0,-1.5599264019999999,0.0,1.545295464,0.0,1.552,0.0,1.5379273279999999,0.0,-1.537966411,0.0,1.537968744,0.0,-1.79835218,0.0,1.45,1.45,1.45,0.0,0.113,0.113,0.113,0.0,-1.29,-1.29,-1.29,0.0,1.94,1.552,1.552,0.0
2026-10-07T19:47:19.041625+00:00,7.023743900004774,0.0,hardware,IDLE,0,0.14486232791552936,0.0,,0.0,,0.0,,0.0,1.45,0.0,0.113,0.0,-1.29,0.0,-1.552002285,0.0,1.559887499,0.0,-1.5599264019999999,0.0,1.545295464,0.0,1.552,0.0,1.5379273279999999,0.0,-1.537966411,0.0,1.537968744,0.0,-1.79835218,0.0,1.45,1.45,1.45,0.0,0.113,0.113,0.113,0.0,-1.29,-1.29,-1.29,0.0,1.94,1.552,1.552,0.0
2026-10-07T19:47:19.059329+00:00,7.041854199953377,0.0,hardware,IDLE,0,0.14486232791552936,0.0,,0.0,,0.0,,0.0,1.45,0.0,0.113,0.0,-1.29,0.0,-1.552002285,0.0,1.559887499,0.0,-1.5599264019999999,0.0,1.545295464,0.0,1.552,0.0,1.5379273279999999,0.0,-1.537966411,0.0,1.537968744,0.0,-1.79835218,0.0,1.45,1.45,1.45,0.0,0.113,0.113,0.113,0.0,-1.29,-1.29,-1.29,0.0,1.94,1.552,1.552,0.0
2026-10-07T19:47:19.075321+00:00,7.058273199945688,0.0,hardware,IDLE,0,0.14486232791552936,0.0,,0.0,,0.0,,0.0,1.45,0.0,0.113,0.0,-1.29,0.0,-1.552002285,0.0,1.559887499,0.0,-1.5599264019999999,0.0,1.545295464,0.0,1.552,0.0,1.5379273279999999,0.0,-1.537966411,0.0,1.537968744,0.0,-1.79835218,0.0,1.45,1.45,1.45,0.0,0.113,0.113,0.113,0.0,-1.29,-1.29,-1.29,0.0,1.94,1.552,1.552,0.0
2026-10-07T19:47:19.091230+00:00,7.074124800041318,0.0,hardware,IDLE,0,0.14486232791552936,0.0,,0.0,,0.0,,0.0,1.45,0.0,0.113,0.0,-1.29,0.0,-1.552002285,0.0,1.559887499,0.0,-1.5599264019999999,0.0,1.545295464,0.0,1.552,0.0,1.5379273279999999,0.0,-1.537966411,0.0,1.537968744,0.0,-1.79835218,0.0,1.45,1.45,1.45,0.0,0.113,0.113,0.113,0.0,-1.29,-1.29,-1.29,0.0,1.94,1.552,1.552,0.0
2026-10-07T19:47:19.107271+00:00,7.089861899847165,0.0,hardware,IDLE,0,0.14486232791552936,0.0,,0.0,,0.0,,0.0,1.45,0.0,0.113,0.0,-1.29,0.0,-1.552002285,0.0,1.559887499,0.0,-1.5599264019999999,0.0,1.545295464,0.0,1.552,0.0,1.5379273279999999,0.0,-1.537966411,0.0,1.537968744,0.0,-1.79835218,0.0,1.45,1.45,1.45,0.0,0.113,0.113,0.113,0.0,-1.29,-1.29,-1.29,0.0,1.94,1.552,1.552,0.0
2026-10-07T19:47:19.123325+00:00,7.105666199931875,0.0,hardware,IDLE,0,0.14486232791552936,0.0,,0.0,,0.0,,0.0,1.45,0.0,0.113,0.0,-1.29,0.0,-1.552002285,0.0,1.559887499,0.0,-1.5599264019999999,0.0,1.545295464,0.0,1.552,0.0,1.5379273279999999,0.0,-1.537966411,0.0,1.537968744,0.0,-1.79835218,0.0,1.45,1.45,1.45,0.0,0.113,0.113,0.113,0.0,-1.29,-1.29,-1.29,0.0,1.94,1.552,1.552,0.0
2026-10-07T19:47:19.138433+00:00,7.121423200005665,0.0,hardware,IDLE,0,0.14486232791552936,0.0,,0.0,,0.0,,0.0,1.45,0.0,0.113,0.0,-1.29,0.0,-1.552002285,0.0,1.559887499,0.0,-1.5599264019999999,0.0,1.545295464,0.0,1.552,0.0,1.5379273279999999,0.0,-1.537966411,0.0,1.537968744,0.0,-1.79835218,0.0,1.45,1.45,1.45,0.0,0.113,0.113,0.113,0.0,-1.29,-1.29,-1.29,0.0,1.94,1.552,1.552,0.0
2026-10-07T19:47:19.154998+00:00,7.137377699837089,0.0,hardware,IDLE,0,0.14486232791552936,0.0,,0.0,,0.0,,0.0,1.45,0.0,0.113,0.0,-1.29,0.0,-1.552002285,0.0,1.559887499,0.0,-1.5599264019999999,0.0,1.545295464,0.0,1.552,0.0,1.5379273279999999,0.0,-1.537966411,0.0,1.537968744,0.0,-1.79835218,0.0,1.45,1.45,1.45,0.0,0.113,0.113,0.113,0.0,-1.29,-1.29,-1.29,0.0,1.94,1.552,1.552,0.0
2026-10-07T19:47:19.170878+00:00,7.153875199845061,0.0,hardware,IDLE,0,0.14486232791552936,0.0,,0.0,,0.0,,0.0,1.45,0.0,0.113,0.0,-1.29,0.0,-1.552002285,0.0,1.559887499,0.0,-1.5599264019999999,0.0,1.545295464,0.0,1.552,0.0,1.5379273279999999,0.0,-1.537966411,0.0,1.537968744,0.0,-1.79835218,0.0,1.45,1.45,1.45,0.0,0.113,0.113,0.113,0.0,-1.29,-1.29,-1.29,0.0,1.94,1.552,1.552,0.0
2026-10-07T19:47:19.186987+00:00,7.16911939997226,0.0,hardware,IDLE,0,0.14486232791552936,0.0,,0.0,,0.0,,0.0,1.45,0.0,0.113,0.0,-1.29,0.0,-1.552002285,0.0,1.559887499,0.0,-1.5599264019999999,0.0,1.545295464,0.0,1.552,0.0,1.5379273279999999,0.0,-1.537966411,0.0,1.537968744,0.0,-1.79835218,0.0,1.45,1.45,1.45,0.0,0.113,0.113,0.113,0.0,-1.29,-1.29,-1.29,0.0,1.94,1.552,1.552,0.0
2026-10-07T19:47:19.201971+00:00,7.184892699820921,0.0,hardware,IDLE,0,0.14486232791552936,0.0,,0.0,,0.0,,0.0,1.45,0.0,0.113,0.0,-1.29,0.0,-1.552002285,0.0,1.559887499,0.0,-1.5599264019999999,0.0,1.545295464,0.0,1.552,0.0,1.5379273279999999,0.0,-1.537966411,0.0,1.537968744,0.0,-1.79835218,0.0,1.45,1.45,1.45,0.0,0.113,0.113,0.113,0.0,-1.29,-1.29,-1.29,0.0,1.94,1.552,1.552,0.0
2026-10-07T19:47:19.217962+00:00,7.2003060998395085,0.0,hardware,IDLE,0,0.14486232791552936,0.0,,0.0,,0.0,,0.0,1.45,0.0,0.113,0.0,-1.29,0.0,-1.552002285,0.0,1.559887499,0.0,-1.5599264019999999,0.0,1.545295464,0.0,1.552,0.0,1.5379273279999999,0.0,-1.537966411,0.0,1.537968744,0.0,-1.79835218,0.0,1.45,1.45,1.45,0.0,0.113,0.113,0.113,0.0,-1.29,-1.29,-1.29,0.0,1.94,1.552,1.552,0.0
2026-10-07T19:47:19.232989+00:00,7.215583799872547,0.0,hardware,IDLE,0,0.14486232791552936,0.0,,0.0,,0.0,,0.0,1.45,0.0,0.113,0.0,-1.29,0.0,-1.552002285,0.0,1.559887499,0.0,-1.5599264019999999,0.0,1.545295464,0.0,1.552,0.0,1.5379273279999999,0.0,-1.537966411,0.0,1.537968744,0.0,-1.79835218,0.0,1.45,1.45,1.45,0.0,0.113,0.113,0.113,0.0,-1.29,-1.29,-1.29,0.0,1.94,1.552,1.552,0.0
2026-10-07T19:47:19.247896+00:00,7.230539300013334,0.0,hardware,IDLE,0,0.14486232791552936,0.0,,0.0,,0.0,,0.0,1.45,0.0,0.113,0.0,-1.29,0.0,-1.552002285,0.0,1.559887499,0.0,-1.5599264019999999,0.0,1.545295464,0.0,1.552,0.0,1.5379273279999999,0.0,-1.537966411,0.0,1.537968744,0.0,-1.79835218,0.0,1.45,1.45,1.45,0.0,0.113,0.113,0.113,0.0,-1.29,-1.29,-1.29,0.0,1.94,1.552,1.552,0.0
2026-10-07T19:47:19.262701+00:00,7.245573999825865,0.0,hardware,IDLE,0,0.14486232791552936,0.0,,0.0,,0.0,,0.0,1.45,0.0,0.113,0.0,-1.29,0.0,-1.552002285,0.0,1.559887499,0.0,-1.5599264019999999,0.0,1.545295464,0.0,1.552,0.0,1.5379273279999999,0.0,-1.537966411,0.0,1.537968744,0.0,-1.79835218,0.0,1.45,1.45,1.45,0.0,0.113,0.113,0.113,0.0,-1.29,-1.29,-1.29,0.0,1.94,1.552,1.552,0.0
2026-10-07T19:47:19.278614+00:00,7.260939399944618,0.0,hardware,IDLE,0,0.14486232791552936,0.0,,0.0,,0.0,,0.0,1.45,0.0,0.113,0.0,-1.29,0.0,-1.552002285,0.0,1.559887499,0.0,-1.5599264019999999,0.0,1.545295464,0.0,1.552,0.0,1.5379273279999999,0.0,-1.537966411,0.0,1.537968744,0.0,-1.79835218,0.0,1.45,1.45,1.45,0.0,0.113,0.113,0.113,0.0,-1.29,-1.29,-1.29,0.0,1.94,1.552,1.552,0.0
2026-10-07T19:47:19.294701+00:00,7.27701810002327,0.0,hardware,IDLE,0,0.14486232791552936,0.0,,0.0,,0.0,,0.0,1.45,0.0,0.113,0.0,-1.29,0.0,-1.552002285,0.0,1.559887499,0.0,-1.5599264019999999,0.0,1.545295464,0.0,1.552,0.0,1.5379273279999999,0.0,-1.537966411,0.0,1.537968744,0.0,-1.79835218,0.0,1.45,1.45,1.45,0.0,0.113,0.113,0.113,0.0,-1.29,-1.29,-1.29,0.0,1.94,1.552,1.552,0.0
2026-10-07T19:47:19.311609+00:00,7.2939003999345005,0.0,hardware,IDLE,0,0.14486232791552936,0.0,,0.0,,0.0,,0.0,1.45,0.0,0.113,0.0,-1.29,0.0,-1.552002285,0.0,1.559887499,0.0,-1.5599264019999999,0.0,1.545295464,0.0,1.552,0.0,1.5379273279999999,0.0,-1.537966411,0.0,1.537968744,0.0,-1.79835218,0.0,1.45,1.45,1.45,0.0,0.113,0.113,0.113,0.0,-1.29,-1.29,-1.29,0.0,1.94,1.552,1.552,0.0
2026-10-07T19:47:19.327611+00:00,7.310760899912566,0.0,hardware,IDLE,0,0.14486232791552936,0.0,,0.0,,0.0,,0.0,1.45,0.0,0.113,0.0,-1.29,0.0,-1.552002285,0.0,1.559887499,0.0,-1.5599264019999999,0.0,1.545295464,0.0,1.552,0.0,1.5379273279999999,0.0,-1.537966411,0.0,1.537968744,0.0,-1.79835218,0.0,1.45,1.45,1.45,0.0,0.113,0.113,0.113,0.0,-1.29,-1.29,-1.29,0.0,1.94,1.552,1.552,0.0
2026-10-07T19:47:19.353241+00:00,7.3357222999911755,0.0,hardware,IDLE,0,0.14486232791552936,0.0,,0.0,,0.0,,0.0,1.45,0.0,0.113,0.0,-1.29,0.0,-1.552002285,0.0,1.559887499,0.0,-1.5599264019999999,0.0,1.545295464,0.0,1.552,0.0,1.5379273279999999,0.0,-1.537966411,0.0,1.537968744,0.0,-1.79835218,0.0,1.45,1.45,1.45,0.0,0.113,0.113,0.113,0.0,-1.29,-1.29,-1.29,0.0,1.94,1.552,1.552,0.0
2026-10-07T19:47:19.381348+00:00,7.363775999983773,0.0,hardware,IDLE,0,0.14486232791552936,0.0,,0.0,,0.0,,0.0,1.45,0.0,0.113,0.0,-1.29,0.0,-1.552002285,0.0,1.559887499,0.0,-1.5599264019999999,0.0,1.545295464,0.0,1.552,0.0,1.5379273279999999,0.0,-1.537966411,0.0,1.537968744,0.0,-1.79835218,0.0,1.45,1.45,1.45,0.0,0.113,0.113,0.113,0.0,-1.29,-1.29,-1.29,0.0,1.94,1.552,1.552,0.0
2026-10-07T19:47:19.408263+00:00,7.390915500000119,0.0,hardware,IDLE,0,0.14486232791552936,0.0,,0.0,,0.0,,0.0,1.45,0.0,0.113,0.0,-1.29,0.0,-1.552002285,0.0,1.559887499,0.0,-1.5599264019999999,0.0,1.545295464,0.0,1.552,0.0,1.5379273279999999,0.0,-1.537966411,0.0,1.537968744,0.0,-1.79835218,0.0,1.45,1.45,1.45,0.0,0.113,0.113,0.113,0.0,-1.29,-1.29,-1.29,0.0,1.94,1.552,1.552,0.0
2026-10-07T19:47:19.434263+00:00,7.416951299877837,0.0,hardware,IDLE,0,0.14486232791552936,0.0,,0.0,,0.0,,0.0,1.45,0.0,0.113,0.0,-1.29,0.0,-1.552002285,0.0,1.559887499,0.0,-1.5599264019999999,0.0,1.545295464,0.0,1.552,0.0,1.5379273279999999,0.0,-1.537966411,0.0,1.537968744,0.0,-1.79835218,0.0,1.45,1.45,1.45,0.0,0.113,0.113,0.113,0.0,-1.29,-1.29,-1.29,0.0,1.94,1.552,1.552,0.0
2026-10-07T19:47:19.460830+00:00,7.443619600031525,0.0,hardware,IDLE,0,0.14486232791552936,0.0,,0.0,,0.0,,0.0,1.45,0.0,0.113,0.0,-1.29,0.0,-1.552002285,0.0,1.559887499,0.0,-1.5599264019999999,0.0,1.545295464,0.0,1.552,0.0,1.5379273279999999,0.0,-1.537966411,0.0,1.537968744,0.0,-1.79835218,0.0,1.45,1.45,1.45,0.0,0.113,0.113,0.113,0.0,-1.29,-1.29,-1.29,0.0,1.94,1.552,1.552,0.0
2026-10-07T19:47:19.486915+00:00,7.469879599986598,0.0,hardware,IDLE,0,0.14486232791552936,0.0,,0.0,,0.0,,0.0,1.45,0.0,0.113,0.0,-1.29,0.0,-1.552002285,0.0,1.559887499,0.0,-1.5599264019999999,0.0,1.545295464,0.0,1.552,0.0,1.5379273279999999,0.0,-1.537966411,0.0,1.537968744,0.0,-1.79835218,0.0,1.45,1.45,1.45,0.0,0.113,0.113,0.113,0.0,-1.29,-1.29,-1.29,0.0,1.94,1.552,1.552,0.0
2026-10-07T19:47:19.514811+00:00,7.496955399867147,0.0,hardware,IDLE,0,0.14486232791552936,0.0,,0.0,,0.0,,0.0,1.45,0.0,0.113,0.0,-1.29,0.0,-1.552002285,0.0,1.559887499,0.0,-1.5599264019999999,0.0,1.545295464,0.0,1.552,0.0,1.5379273279999999,0.0,-1.537966411,0.0,1.537968744,0.0,-1.79835218,0.0,1.45,1.45,1.45,0.0,0.113,0.113,0.113,0.0,-1.29,-1.29,-1.29,0.0,1.94,1.552,1.552,0.0
2026-10-07T19:47:19.544821+00:00,7.527867499971762,0.0,hardware,IDLE,0,0.14486232791552936,0.0,,0.0,,0.0,,0.0,1.45,0.0,0.113,0.0,-1.29,0.0,-1.552002285,0.0,1.559887499,0.0,-1.5599264019999999,0.0,1.545295464,0.0,1.552,0.0,1.5379273279999999,0.0,-1.537966411,0.0,1.537968744,0.0,-1.79835218,0.0,1.45,1.45,1.45,0.0,0.113,0.113,0.113,0.0,-1.29,-1.29,-1.29,0.0,1.94,1.552,1.552,0.0
2026-10-07T19:47:19.574364+00:00,7.557108500041068,0.0,hardware,IDLE,0,0.14486232791552936,0.0,,0.0,,0.0,,0.0,1.45,0.0,0.113,0.0,-1.29,0.0,-1.552002285,0.0,1.559887499,0.0,-1.5599264019999999,0.0,1.545295464,0.0,1.552,0.0,1.5379273279999999,0.0,-1.537966411,0.0,1.537968744,0.0,-1.79835218,0.0,1.45,1.45,1.45,0.0,0.113,0.113,0.113,0.0,-1.29,-1.29,-1.29,0.0,1.94,1.552,1.552,0.0
2026-10-07T19:47:19.591364+00:00,7.573578599840403,0.0,hardware,IDLE,0,0.14486232791552936,0.0,,0.0,,0.0,,0.0,1.45,0.0,0.113,0.0,-1.29,0.0,-1.552002285,0.0,1.559887499,0.0,-1.5599264019999999,0.0,1.545295464,0.0,1.552,0.0,1.5379273279999999,0.0,-1.537966411,0.0,1.537968744,0.0,-1.79835218,0.0,1.45,1.45,1.45,0.0,0.113,0.113,0.113,0.0,-1.29,-1.29,-1.29,0.0,1.94,1.552,1.552,0.0
2026-10-07T19:47:19.616363+00:00,7.5987706000451,0.0,hardware,IDLE,0,0.14486232791552936,0.0,,0.0,,0.0,,0.0,1.45,0.0,0.113,0.0,-1.29,0.0,-1.552002285,0.0,1.559887499,0.0,-1.5599264019999999,0.0,1.545295464,0.0,1.552,0.0,1.5379273279999999,0.0,-1.537966411,0.0,1.537968744,0.0,-1.79835218,0.0,1.45,1.45,1.45,0.0,0.113,0.113,0.113,0.0,-1.29,-1.29,-1.29,0.0,1.94,1.552,1.552,0.0
2026-10-07T19:47:19.641371+00:00,7.623872499912977,0.0,hardware,IDLE,0,0.14486232791552936,0.0,,0.0,,0.0,,0.0,1.45,0.0,0.113,0.0,-1.29,0.0,-1.552002285,0.0,1.559887499,0.0,-1.5599264019999999,0.0,1.545295464,0.0,1.552,0.0,1.5379273279999999,0.0,-1.537966411,0.0,1.537968744,0.0,-1.79835218,0.0,1.45,1.45,1.45,0.0,0.113,0.113,0.113,0.0,-1.29,-1.29,-1.29,0.0,1.94,1.552,1.552,0.0
2026-10-07T19:47:19.664890+00:00,7.6478204999584705,0.0,hardware,IDLE,0,0.14486232791552936,0.0,,0.0,,0.0,,0.0,1.45,0.0,0.113,0.0,-1.29,0.0,-1.552002285,0.0,1.559887499,0.0,-1.5599264019999999,0.0,1.545295464,0.0,1.552,0.0,1.5379273279999999,0.0,-1.537966411,0.0,1.537968744,0.0,-1.79835218,0.0,1.45,1.45,1.45,0.0,0.113,0.113,0.113,0.0,-1.29,-1.29,-1.29,0.0,1.94,1.552,1.552,0.0
2026-10-07T19:47:19.688894+00:00,7.671794299967587,0.0,hardware,IDLE,0,0.14486232791552936,0.0,,0.0,,0.0,,0.0,1.45,0.0,0.113,0.0,-1.29,0.0,-1.552002285,0.0,1.559887499,0.0,-1.5599264019999999,0.0,1.545295464,0.0,1.552,0.0,1.5379273279999999,0.0,-1.537966411,0.0,1.537968744,0.0,-1.79835218,0.0,1.45,1.45,1.45,0.0,0.113,0.113,0.113,0.0,-1.29,-1.29,-1.29,0.0,1.94,1.552,1.552,0.0
2026-10-07T19:47:19.713890+00:00,7.696460400009528,0.0,hardware,IDLE,0,0.14486232791552936,0.0,,0.0,,0.0,,0.0,1.45,0.0,0.113,0.0,-1.29,0.0,-1.552002285,0.0,1.559887499,0.0,-1.5599264019999999,0.0,1.545295464,0.0,1.552,0.0,1.5379273279999999,0.0,-1.537966411,0.0,1.537968744,0.0,-1.79835218,0.0,1.45,1.45,1.45,0.0,0.113,0.113,0.113,0.0,-1.29,-1.29,-1.29,0.0,1.94,1.552,1.552,0.0
2026-10-07T19:47:19.738934+00:00,7.721054199850187,0.0,hardware,IDLE,0,0.14486232791552936,0.0,,0.0,,0.0,,0.0,1.45,0.0,0.113,0.0,-1.29,0.0,-1.552002285,0.0,1.559887499,0.0,-1.5599264019999999,0.0,1.545295464,0.0,1.552,0.0,1.5379273279999999,0.0,-1.537966411,0.0,1.537968744,0.0,-1.79835218,0.0,1.45,1.45,1.45,0.0,0.113,0.113,0.113,0.0,-1.29,-1.29,-1.29,0.0,1.94,1.552,1.552,0.0
2026-10-07T19:47:19.762536+00:00,7.744868400041014,0.0,hardware,IDLE,0,0.14486232791552936,0.0,,0.0,,0.0,,0.0,1.45,0.0,0.113,0.0,-1.29,0.0,-1.552002285,0.0,1.559887499,0.0,-1.5599264019999999,0.0,1.545295464,0.0,1.552,0.0,1.5379273279999999,0.0,-1.537966411,0.0,1.537968744,0.0,-1.79835218,0.0,1.45,1.45,1.45,0.0,0.113,0.113,0.113,0.0,-1.29,-1.29,-1.29,0.0,1.94,1.552,1.552,0.0
2026-10-07T19:47:19.788528+00:00,7.771160600008443,0.0,hardware,IDLE,0,0.14486232791552936,0.0,,0.0,,0.0,,0.0,1.45,0.0,0.113,0.0,-1.29,0.0,-1.552002285,0.0,1.559887499,0.0,-1.5599264019999999,0.0,1.545295464,0.0,1.552,0.0,1.5379273279999999,0.0,-1.537966411,0.0,1.537968744,0.0,-1.79835218,0.0,1.45,1.45,1.45,0.0,0.113,0.113,0.113,0.0,-1.29,-1.29,-1.29,0.0,1.94,1.552,1.552,0.0
2026-10-07T19:47:19.815522+00:00,7.7984821000136435,0.0,hardware,IDLE,0,0.14486232791552936,0.0,,0.0,,0.0,,0.0,1.45,0.0,0.113,0.0,-1.29,0.0,-1.552002285,0.0,1.559887499,0.0,-1.5599264019999999,0.0,1.545295464,0.0,1.552,0.0,1.5379273279999999,0.0,-1.537966411,0.0,1.537968744,0.0,-1.79835218,0.0,1.45,1.45,1.45,0.0,0.113,0.113,0.113,0.0,-1.29,-1.29,-1.29,0.0,1.94,1.552,1.552,0.0
2026-10-07T19:47:19.839548+00:00,7.821737699909136,0.0,hardware,IDLE,0,0.14486232791552936,0.0,,0.0,,0.0,,0.0,1.45,0.0,0.113,0.0,-1.29,0.0,-1.552002285,0.0,1.559887499,0.0,-1.5599264019999999,0.0,1.545295464,0.0,1.552,0.0,1.5379273279999999,0.0,-1.537966411,0.0,1.537968744,0.0,-1.79835218,0.0,1.45,1.45,1.45,0.0,0.113,0.113,0.113,0.0,-1.29,-1.29,-1.29,0.0,1.94,1.552,1.552,0.0
2026-10-07T19:47:19.862201+00:00,7.844825099920854,0.0,hardware,IDLE,0,0.14486232791552936,0.0,,0.0,,0.0,,0.0,1.45,0.0,0.113,0.0,-1.29,0.0,-1.552002285,0.0,1.559887499,0.0,-1.5599264019999999,0.0,1.545295464,0.0,1.552,0.0,1.5379273279999999,0.0,-1.537966411,0.0,1.537968744,0.0,-1.79835218,0.0,1.45,1.45,1.45,0.0,0.113,0.113,0.113,0.0,-1.29,-1.29,-1.29,0.0,1.94,1.552,1.552,0.0
2026-10-07T19:47:19.886215+00:00,7.868927099974826,0.0,hardware,IDLE,0,0.14486232791552936,0.0,,0.0,,0.0,,0.0,1.45,0.0,0.113,0.0,-1.29,0.0,-1.552002285,0.0,1.559887499,0.0,-1.5599264019999999,0.0,1.545295464,0.0,1.552,0.0,1.5379273279999999,0.0,-1.537966411,0.0,1.537968744,0.0,-1.79835218,0.0,1.45,1.45,1.45,0.0,0.113,0.113,0.113,0.0,-1.29,-1.29,-1.29,0.0,1.94,1.552,1.552,0.0
2026-10-07T19:47:19.909884+00:00,7.892243299866095,0.0,hardware,IDLE,0,0.14486232791552936,0.0,,0.0,,0.0,,0.0,1.45,0.0,0.113,0.0,-1.29,0.0,-1.552002285,0.0,1.559887499,0.0,-1.5599264019999999,0.0,1.545295464,0.0,1.552,0.0,1.5379273279999999,0.0,-1.537966411,0.0,1.537968744,0.0,-1.79835218,0.0,1.45,1.45,1.45,0.0,0.113,0.113,0.113,0.0,-1.29,-1.29,-1.29,0.0,1.94,1.552,1.552,0.0
2026-10-07T19:47:19.933885+00:00,7.9162089000456035,0.0,hardware,IDLE,0,0.14486232791552936,0.0,,0.0,,0.0,,0.0,1.45,0.0,0.113,0.0,-1.29,0.0,-1.552002285,0.0,1.559887499,0.0,-1.5599264019999999,0.0,1.545295464,0.0,1.552,0.0,1.5379273279999999,0.0,-1.537966411,0.0,1.537968744,0.0,-1.79835218,0.0,1.45,1.45,1.45,0.0,0.113,0.113,0.113,0.0,-1.29,-1.29,-1.29,0.0,1.94,1.552,1.552,0.0
2026-10-07T19:47:19.956676+00:00,7.939339000033215,0.0,hardware,IDLE,0,0.14486232791552936,0.0,,0.0,,0.0,,0.0,1.45,0.0,0.113,0.0,-1.29,0.0,-1.552002285,0.0,1.559887499,0.0,-1.5599264019999999,0.0,1.545295464,0.0,1.552,0.0,1.5379273279999999,0.0,-1.537966411,0.0,1.537968744,0.0,-1.79835218,0.0,1.45,1.45,1.45,0.0,0.113,0.113,0.113,0.0,-1.29,-1.29,-1.29,0.0,1.94,1.552,1.552,0.0
2026-10-07T19:47:19.973557+00:00,7.95583330001682,0.0,hardware,IDLE,0,0.14486232791552936,0.0,,0.0,,0.0,,0.0,1.45,0.0,0.113,0.0,-1.29,0.0,-1.552002285,0.0,1.559887499,0.0,-1.5599264019999999,0.0,1.545295464,0.0,1.552,0.0,1.5379273279999999,0.0,-1.537966411,0.0,1.537968744,0.0,-1.79835218,0.0,1.45,1.45,1.45,0.0,0.113,0.113,0.113,0.0,-1.29,-1.29,-1.29,0.0,1.94,1.552,1.552,0.0
2026-10-07T19:47:19.993548+00:00,7.975810699863359,0.0,hardware,IDLE,0,0.14486232791552936,0.0,,0.0,,0.0,,0.0,1.45,0.0,0.113,0.0,-1.29,0.0,-1.552002285,0.0,1.559887499,0.0,-1.5599264019999999,0.0,1.545295464,0.0,1.552,0.0,1.5379273279999999,0.0,-1.537966411,0.0,1.537968744,0.0,-1.79835218,0.0,1.45,1.45,1.45,0.0,0.113,0.113,0.113,0.0,-1.29,-1.29,-1.29,0.0,1.94,1.552,1.552,0.0
2026-10-07T19:47:20.013658+00:00,7.9965969999320805,0.0,hardware,IDLE,0,0.14486232791552936,0.0,,0.0,,0.0,,0.0,1.45,0.0,0.113,0.0,-1.29,0.0,-1.552002285,0.0,1.559887499,0.0,-1.5599264019999999,0.0,1.545295464,0.0,1.552,0.0,1.5379273279999999,0.0,-1.537966411,0.0,1.537968744,0.0,-1.79835218,0.0,1.45,1.45,1.45,0.0,0.113,0.113,0.113,0.0,-1.29,-1.29,-1.29,0.0,1.94,1.552,1.552,0.0
2026-10-07T19:47:20.036547+00:00,8.019378499826416,0.0,hardware,IDLE,0,0.14486232791552936,0.0,,0.0,,0.0,,0.0,1.45,0.0,0.113,0.0,-1.29,0.0,-1.552002285,0.0,1.559887499,0.0,-1.5599264019999999,0.0,1.545295464,0.0,1.552,0.0,1.5379273279999999,0.0,-1.537966411,0.0,1.537968744,0.0,-1.79835218,0.0,1.45,1.45,1.45,0.0,0.113,0.113,0.113,0.0,-1.29,-1.29,-1.29,0.0,1.94,1.552,1.552,0.0
2026-10-07T19:47:20.060277+00:00,8.043076099827886,0.0,hardware,IDLE,0,0.14486232791552936,0.0,,0.0,,0.0,,0.0,1.45,0.0,0.113,0.0,-1.29,0.0,-1.552002285,0.0,1.559887499,0.0,-1.5599264019999999,0.0,1.545295464,0.0,1.552,0.0,1.5379273279999999,0.0,-1.537966411,0.0,1.537968744,0.0,-1.79835218,0.0,1.45,1.45,1.45,0.0,0.113,0.113,0.113,0.0,-1.29,-1.29,-1.29,0.0,1.94,1.552,1.552,0.0
2026-10-07T19:47:20.082360+00:00,8.065024300012738,0.0,hardware,IDLE,0,0.14486232791552936,0.0,,0.0,,0.0,,0.0,1.45,0.0,0.113,0.0,-1.29,0.0,-1.552002285,0.0,1.559887499,0.0,-1.5599264019999999,0.0,1.545295464,0.0,1.552,0.0,1.5379273279999999,0.0,-1.537966411,0.0,1.537968744,0.0,-1.79835218,0.0,1.45,1.45,1.45,0.0,0.113,0.113,0.113,0.0,-1.29,-1.29,-1.29,0.0,1.94,1.552,1.552,0.0
2026-10-07T19:47:20.105364+00:00,8.087531599914655,0.0,hardware,IDLE,0,0.14486232791552936,0.0,,0.0,,0.0,,0.0,1.45,0.0,0.113,0.0,-1.29,0.0,-1.552002285,0.0,1.559887499,0.0,-1.5599264019999999,0.0,1.545295464,0.0,1.552,0.0,1.5379273279999999,0.0,-1.537966411,0.0,1.537968744,0.0,-1.79835218,0.0,1.45,1.45,1.45,0.0,0.113,0.113,0.113,0.0,-1.29,-1.29,-1.29,0.0,1.94,1.552,1.552,0.0
2026-10-07T19:47:20.126363+00:00,8.108647299930453,0.0,hardware,IDLE,0,0.14486232791552936,0.0,,0.0,,0.0,,0.0,1.45,0.0,0.113,0.0,-1.29,0.0,-1.552002285,0.0,1.559887499,0.0,-1.5599264019999999,0.0,1.545295464,0.0,1.552,0.0,1.5379273279999999,0.0,-1.537966411,0.0,1.537968744,0.0,-1.79835218,0.0,1.45,1.45,1.45,0.0,0.113,0.113,0.113,0.0,-1.29,-1.29,-1.29,0.0,1.94,1.552,1.552,0.0
2026-10-07T19:47:20.147434+00:00,8.129570199875161,0.0,hardware,IDLE,0,0.14486232791552936,0.0,,0.0,,0.0,,0.0,1.45,0.0,0.113,0.0,-1.29,0.0,-1.552002285,0.0,1.559887499,0.0,-1.5599264019999999,0.0,1.545295464,0.0,1.552,0.0,1.5379273279999999,0.0,-1.537966411,0.0,1.537968744,0.0,-1.79835218,0.0,1.45,1.45,1.45,0.0,0.113,0.113,0.113,0.0,-1.29,-1.29,-1.29,0.0,1.94,1.552,1.552,0.0
2026-10-07T19:47:20.166105+00:00,8.149154199985787,0.0,hardware,IDLE,0,0.14486232791552936,0.0,,0.0,,0.0,,0.0,1.45,0.0,0.113,0.0,-1.29,0.0,-1.552002285,0.0,1.559887499,0.0,-1.5599264019999999,0.0,1.545295464,0.0,1.552,0.0,1.5379273279999999,0.0,-1.537966411,0.0,1.537968744,0.0,-1.79835218,0.0,1.45,1.45,1.45,0.0,0.113,0.113,0.113,0.0,-1.29,-1.29,-1.29,0.0,1.94,1.552,1.552,0.0
2026-10-07T19:47:20.188009+00:00,8.170600899960846,0.0,hardware,IDLE,0,0.14486232791552936,0.0,,0.0,,0.0,,0.0,1.45,0.0,0.113,0.0,-1.29,0.0,-1.552002285,0.0,1.559887499,0.0,-1.5599264019999999,0.0,1.545295464,0.0,1.552,0.0,1.5379273279999999,0.0,-1.537966411,0.0,1.537968744,0.0,-1.79835218,0.0,1.45,1.45,1.45,0.0,0.113,0.113,0.113,0.0,-1.29,-1.29,-1.29,0.0,1.94,1.552,1.552,0.0
2026-10-07T19:47:20.210007+00:00,8.192849099868909,0.0,hardware,IDLE,0,0.14486232791552936,0.0,,0.0,,0.0,,0.0,1.45,0.0,0.113,0.0,-1.29,0.0,-1.552002285,0.0,1.559887499,0.0,-1.5599264019999999,0.0,1.545295464,0.0,1.552,0.0,1.5379273279999999,0.0,-1.537966411,0.0,1.537968744,0.0,-1.79835218,0.0,1.45,1.45,1.45,0.0,0.113,0.113,0.113,0.0,-1.29,-1.29,-1.29,0.0,1.94,1.552,1.552,0.0
2026-10-07T19:47:20.232118+00:00,8.21458929986693,0.0,hardware,IDLE,0,0.14486232791552936,0.0,,0.0,,0.0,,0.0,1.45,0.0,0.113,0.0,-1.29,0.0,-1.552002285,0.0,1.559887499,0.0,-1.5599264019999999,0.0,1.545295464,0.0,1.552,0.0,1.5379273279999999,0.0,-1.537966411,0.0,1.537968744,0.0,-1.79835218,0.0,1.45,1.45,1.45,0.0,0.113,0.113,0.113,0.0,-1.29,-1.29,-1.29,0.0,1.94,1.552,1.552,0.0
2026-10-07T19:47:20.255698+00:00,8.23816499998793,0.0,hardware,IDLE,0,0.14486232791552936,0.0,,0.0,,0.0,,0.0,1.45,0.0,0.113,0.0,-1.29,0.0,-1.552002285,0.0,1.559887499,0.0,-1.5599264019999999,0.0,1.545295464,0.0,1.552,0.0,1.5379273279999999,0.0,-1.537966411,0.0,1.537968744,0.0,-1.79835218,0.0,1.45,1.45,1.45,0.0,0.113,0.113,0.113,0.0,-1.29,-1.29,-1.29,0.0,1.94,1.552,1.552,0.0
2026-10-07T19:47:20.278705+00:00,8.26105870003812,0.0,hardware,IDLE,0,0.14486232791552936,0.0,,0.0,,0.0,,0.0,1.45,0.0,0.113,0.0,-1.29,0.0,-1.552002285,0.0,1.559887499,0.0,-1.5599264019999999,0.0,1.545295464,0.0,1.552,0.0,1.5379273279999999,0.0,-1.537966411,0.0,1.537968744,0.0,-1.79835218,0.0,1.45,1.45,1.45,0.0,0.113,0.113,0.113,0.0,-1.29,-1.29,-1.29,0.0,1.94,1.552,1.552,0.0
2026-10-07T19:47:20.299791+00:00,8.282471099868417,0.0,hardware,IDLE,0,0.14486232791552936,0.0,,0.0,,0.0,,0.0,1.45,0.0,0.113,0.0,-1.29,0.0,-1.552002285,0.0,1.559887499,0.0,-1.5599264019999999,0.0,1.545295464,0.0,1.552,0.0,1.5379273279999999,0.0,-1.537966411,0.0,1.537968744,0.0,-1.79835218,0.0,1.45,1.45,1.45,0.0,0.113,0.113,0.113,0.0,-1.29,-1.29,-1.29,0.0,1.94,1.552,1.552,0.0
2026-10-07T19:47:20.319738+00:00,8.302114499965683,0.0,hardware,IDLE,0,0.14486232791552936,0.0,,0.0,,0.0,,0.0,1.45,0.0,0.113,0.0,-1.29,0.0,-1.552002285,0.0,1.559887499,0.0,-1.5599264019999999,0.0,1.545295464,0.0,1.552,0.0,1.5379273279999999,0.0,-1.537966411,0.0,1.537968744,0.0,-1.79835218,0.0,1.45,1.45,1.45,0.0,0.113,0.113,0.113,0.0,-1.29,-1.29,-1.29,0.0,1.94,1.552,1.552,0.0
2026-10-07T19:47:20.341811+00:00,8.324345599859953,0.0,hardware,IDLE,0,0.14486232791552936,0.0,,0.0,,0.0,,0.0,1.45,0.0,0.113,0.0,-1.29,0.0,-1.552002285,0.0,1.559887499,0.0,-1.5599264019999999,0.0,1.545295464,0.0,1.552,0.0,1.5379273279999999,0.0,-1.537966411,0.0,1.537968744,0.0,-1.79835218,0.0,1.45,1.45,1.45,0.0,0.113,0.113,0.113,0.0,-1.29,-1.29,-1.29,0.0,1.94,1.552,1.552,0.0
2026-10-07T19:47:20.365427+00:00,8.348258799873292,0.0,hardware,IDLE,0,0.14486232791552936,0.0,,0.0,,0.0,,0.0,1.45,0.0,0.113,0.0,-1.29,0.0,-1.552002285,0.0,1.559887499,0.0,-1.5599264019999999,0.0,1.545295464,0.0,1.552,0.0,1.5379273279999999,0.0,-1.537966411,0.0,1.537968744,0.0,-1.79835218,0.0,1.45,1.45,1.45,0.0,0.113,0.113,0.113,0.0,-1.29,-1.29,-1.29,0.0,1.94,1.552,1.552,0.0
2026-10-07T19:47:20.384403+00:00,8.367422400042415,0.0,hardware,IDLE,0,0.14486232791552936,0.0,,0.0,,0.0,,0.0,1.45,0.0,0.113,0.0,-1.29,0.0,-1.552002285,0.0,1.559887499,0.0,-1.5599264019999999,0.0,1.545295464,0.0,1.552,0.0,1.5379273279999999,0.0,-1.537966411,0.0,1.537968744,0.0,-1.79835218,0.0,1.45,1.45,1.45,0.0,0.113,0.113,0.113,0.0,-1.29,-1.29,-1.29,0.0,1.94,1.552,1.552,0.0
2026-10-07T19:47:20.401400+00:00,8.38412299985066,0.0,hardware,IDLE,0,0.14486232791552936,0.0,,0.0,,0.0,,0.0,1.45,0.0,0.113,0.0,-1.29,0.0,-1.552002285,0.0,1.559887499,0.0,-1.5599264019999999,0.0,1.545295464,0.0,1.552,0.0,1.5379273279999999,0.0,-1.537966411,0.0,1.537968744,0.0,-1.79835218,0.0,1.45,1.45,1.45,0.0,0.113,0.113,0.113,0.0,-1.29,-1.29,-1.29,0.0,1.94,1.552,1.552,0.0
2026-10-07T19:47:20.416381+00:00,8.3992697999347,0.0,hardware,IDLE,0,0.14486232791552936,0.0,,0.0,,0.0,,0.0,1.45,0.0,0.113,0.0,-1.29,0.0,-1.552002285,0.0,1.559887499,0.0,-1.5599264019999999,0.0,1.545295464,0.0,1.552,0.0,1.5379273279999999,0.0,-1.537966411,0.0,1.537968744,0.0,-1.79835218,0.0,1.45,1.45,1.45,0.0,0.113,0.113,0.113,0.0,-1.29,-1.29,-1.29,0.0,1.94,1.552,1.552,0.0
2026-10-07T19:47:20.432405+00:00,8.414636099943891,0.0,hardware,IDLE,0,0.14486232791552936,0.0,,0.0,,0.0,,0.0,1.45,0.0,0.113,0.0,-1.29,0.0,-1.552002285,0.0,1.559887499,0.0,-1.5599264019999999,0.0,1.545295464,0.0,1.552,0.0,1.5379273279999999,0.0,-1.537966411,0.0,1.537968744,0.0,-1.79835218,0.0,1.45,1.45,1.45,0.0,0.113,0.113,0.113,0.0,-1.29,-1.29,-1.29,0.0,1.94,1.552,1.552,0.0
2026-10-07T19:47:20.447419+00:00,8.430400899844244,0.0,hardware,IDLE,0,0.14486232791552936,0.0,,0.0,,0.0,,0.0,1.45,0.0,0.113,0.0,-1.29,0.0,-1.552002285,0.0,1.559887499,0.0,-1.5599264019999999,0.0,1.545295464,0.0,1.552,0.0,1.5379273279999999,0.0,-1.537966411,0.0,1.537968744,0.0,-1.79835218,0.0,1.45,1.45,1.45,0.0,0.113,0.113,0.113,0.0,-1.29,-1.29,-1.29,0.0,1.94,1.552,1.552,0.0
2026-10-07T19:47:20.464050+00:00,8.446531999856234,0.0,hardware,IDLE,0,0.14486232791552936,0.0,,0.0,,0.0,,0.0,1.45,0.0,0.113,0.0,-1.29,0.0,-1.552002285,0.0,1.559887499,0.0,-1.5599264019999999,0.0,1.545295464,0.0,1.552,0.0,1.5379273279999999,0.0,-1.537966411,0.0,1.537968744,0.0,-1.79835218,0.0,1.45,1.45,1.45,0.0,0.113,0.113,0.113,0.0,-1.29,-1.29,-1.29,0.0,1.94,1.552,1.552,0.0
2026-10-07T19:47:20.482051+00:00,8.46455609984696,0.0,hardware,IDLE,0,0.14486232791552936,0.0,,0.0,,0.0,,0.0,1.45,0.0,0.113,0.0,-1.29,0.0,-1.552002285,0.0,1.559887499,0.0,-1.5599264019999999,0.0,1.545295464,0.0,1.552,0.0,1.5379273279999999,0.0,-1.537966411,0.0,1.537968744,0.0,-1.79835218,0.0,1.45,1.45,1.45,0.0,0.113,0.113,0.113,0.0,-1.29,-1.29,-1.29,0.0,1.94,1.552,1.552,0.0
2026-10-07T19:47:20.496993+00:00,8.4796839999035,0.0,hardware,IDLE,0,0.14486232791552936,0.0,,0.0,,0.0,,0.0,1.45,0.0,0.113,0.0,-1.29,0.0,-1.552002285,0.0,1.559887499,0.0,-1.5599264019999999,0.0,1.545295464,0.0,1.552,0.0,1.5379273279999999,0.0,-1.537966411,0.0,1.537968744,0.0,-1.79835218,0.0,1.45,1.45,1.45,0.0,0.113,0.113,0.113,0.0,-1.29,-1.29,-1.29,0.0,1.94,1.552,1.552,0.0
2026-10-07T19:47:20.512051+00:00,8.49446909991093,0.0,hardware,IDLE,0,0.14486232791552936,0.0,,0.0,,0.0,,0.0,1.45,0.0,0.113,0.0,-1.29,0.0,-1.552002285,0.0,1.559887499,0.0,-1.5599264019999999,0.0,1.545295464,0.0,1.552,0.0,1.5379273279999999,0.0,-1.537966411,0.0,1.537968744,0.0,-1.79835218,0.0,1.45,1.45,1.45,0.0,0.113,0.113,0.113,0.0,-1.29,-1.29,-1.29,0.0,1.94,1.552,1.552,0.0
2026-10-07T19:47:20.527954+00:00,8.510277000023052,0.0,hardware,IDLE,0,0.14486232791552936,0.0,,0.0,,0.0,,0.0,1.45,0.0,0.113,0.0,-1.29,0.0,-1.552002285,0.0,1.559887499,0.0,-1.5599264019999999,0.0,1.545295464,0.0,1.552,0.0,1.5379273279999999,0.0,-1.537966411,0.0,1.537968744,0.0,-1.79835218,0.0,1.45,1.45,1.45,0.0,0.113,0.113,0.113,0.0,-1.29,-1.29,-1.29,0.0,1.94,1.552,1.552,0.0
2026-10-07T19:47:20.543038+00:00,8.525586599949747,0.0,hardware,IDLE,0,0.14486232791552936,0.0,,0.0,,0.0,,0.0,1.45,0.0,0.113,0.0,-1.29,0.0,-1.552002285,0.0,1.559887499,0.0,-1.5599264019999999,0.0,1.545295464,0.0,1.552,0.0,1.5379273279999999,0.0,-1.537966411,0.0,1.537968744,0.0,-1.79835218,0.0,1.45,1.45,1.45,0.0,0.113,0.113,0.113,0.0,-1.29,-1.29,-1.29,0.0,1.94,1.552,1.552,0.0
2026-10-07T19:47:20.558743+00:00,8.541052599903196,0.0,hardware,IDLE,0,0.14486232791552936,0.0,,0.0,,0.0,,0.0,1.45,0.0,0.113,0.0,-1.29,0.0,-1.552002285,0.0,1.559887499,0.0,-1.5599264019999999,0.0,1.545295464,0.0,1.552,0.0,1.5379273279999999,0.0,-1.537966411,0.0,1.537968744,0.0,-1.79835218,0.0,1.45,1.45,1.45,0.0,0.113,0.113,0.113,0.0,-1.29,-1.29,-1.29,0.0,1.94,1.552,1.552,0.0
2026-10-07T19:47:20.573673+00:00,8.55635720002465,0.0,hardware,IDLE,0,0.14486232791552936,0.0,,0.0,,0.0,,0.0,1.45,0.0,0.113,0.0,-1.29,0.0,-1.552002285,0.0,1.559887499,0.0,-1.5599264019999999,0.0,1.545295464,0.0,1.552,0.0,1.5379273279999999,0.0,-1.537966411,0.0,1.537968744,0.0,-1.79835218,0.0,1.45,1.45,1.45,0.0,0.113,0.113,0.113,0.0,-1.29,-1.29,-1.29,0.0,1.94,1.552,1.552,0.0
2026-10-07T19:47:20.589773+00:00,8.572308999951929,0.0,hardware,IDLE,0,0.14486232791552936,0.0,,0.0,,0.0,,0.0,1.45,0.0,0.113,0.0,-1.29,0.0,-1.552002285,0.0,1.559887499,0.0,-1.5599264019999999,0.0,1.545295464,0.0,1.552,0.0,1.5379273279999999,0.0,-1.537966411,0.0,1.537968744,0.0,-1.79835218,0.0,1.45,1.45,1.45,0.0,0.113,0.113,0.113,0.0,-1.29,-1.29,-1.29,0.0,1.94,1.552,1.552,0.0
2026-10-07T19:47:20.604672+00:00,8.587499300017953,0.0,hardware,IDLE,0,0.14486232791552936,0.0,,0.0,,0.0,,0.0,1.45,0.0,0.113,0.0,-1.29,0.0,-1.552002285,0.0,1.559887499,0.0,-1.5599264019999999,0.0,1.545295464,0.0,1.552,0.0,1.5379273279999999,0.0,-1.537966411,0.0,1.537968744,0.0,-1.79835218,0.0,1.45,1.45,1.45,0.0,0.113,0.113,0.113,0.0,-1.29,-1.29,-1.29,0.0,1.94,1.552,1.552,0.0
2026-10-07T19:47:20.620676+00:00,8.603759899968281,0.0,hardware,IDLE,0,0.14486232791552936,0.0,,0.0,,0.0,,0.0,1.45,0.0,0.113,0.0,-1.29,0.0,-1.552002285,0.0,1.559887499,0.0,-1.5599264019999999,0.0,1.545295464,0.0,1.552,0.0,1.5379273279999999,0.0,-1.537966411,0.0,1.537968744,0.0,-1.79835218,0.0,1.45,1.45,1.45,0.0,0.113,0.113,0.113,0.0,-1.29,-1.29,-1.29,0.0,1.94,1.552,1.552,0.0
2026-10-07T19:47:20.635678+00:00,8.618759099859744,0.0,hardware,IDLE,0,0.14486232791552936,0.0,,0.0,,0.0,,0.0,1.45,0.0,0.113,0.0,-1.29,0.0,-1.552002285,0.0,1.559887499,0.0,-1.5599264019999999,0.0,1.545295464,0.0,1.552,0.0,1.5379273279999999,0.0,-1.537966411,0.0,1.537968744,0.0,-1.79835218,0.0,1.45,1.45,1.45,0.0,0.113,0.113,0.113,0.0,-1.29,-1.29,-1.29,0.0,1.94,1.552,1.552,0.0
2026-10-07T19:47:20.650785+00:00,8.63367410004139,0.0,hardware,IDLE,0,0.14486232791552936,0.0,,0.0,,0.0,,0.0,1.45,0.0,0.113,0.0,-1.29,0.0,-1.552002285,0.0,1.559887499,0.0,-1.5599264019999999,0.0,1.545295464,0.0,1.552,0.0,1.5379273279999999,0.0,-1.537966411,0.0,1.537968744,0.0,-1.79835218,0.0,1.45,1.45,1.45,0.0,0.113,0.113,0.113,0.0,-1.29,-1.29,-1.29,0.0,1.94,1.552,1.552,0.0
2026-10-07T19:47:20.666333+00:00,8.648566499818116,0.0,hardware,IDLE,0,0.14486232791552936,0.0,,0.0,,0.0,,0.0,1.45,0.0,0.113,0.0,-1.29,0.0,-1.552002285,0.0,1.559887499,0.0,-1.5599264019999999,0.0,1.545295464,0.0,1.552,0.0,1.5379273279999999,0.0,-1.537966411,0.0,1.537968744,0.0,-1.79835218,0.0,1.45,1.45,1.45,0.0,0.113,0.113,0.113,0.0,-1.29,-1.29,-1.29,0.0,1.94,1.552,1.552,0.0
2026-10-07T19:47:20.681418+00:00,8.66398339997977,0.0,hardware,IDLE,0,0.14486232791552936,0.0,,0.0,,0.0,,0.0,1.45,0.0,0.113,0.0,-1.29,0.0,-1.552002285,0.0,1.559887499,0.0,-1.5599264019999999,0.0,1.545295464,0.0,1.552,0.0,1.5379273279999999,0.0,-1.537966411,0.0,1.537968744,0.0,-1.79835218,0.0,1.45,1.45,1.45,0.0,0.113,0.113,0.113,0.0,-1.29,-1.29,-1.29,0.0,1.94,1.552,1.552,0.0
2026-10-07T19:47:20.697323+00:00,8.679726799950004,0.0,hardware,IDLE,0,0.14486232791552936,0.0,,0.0,,0.0,,0.0,1.45,0.0,0.113,0.0,-1.29,0.0,-1.552002285,0.0,1.559887499,0.0,-1.5599264019999999,0.0,1.545295464,0.0,1.552,0.0,1.5379273279999999,0.0,-1.537966411,0.0,1.537968744,0.0,-1.79835218,0.0,1.45,1.45,1.45,0.0,0.113,0.113,0.113,0.0,-1.29,-1.29,-1.29,0.0,1.94,1.552,1.552,0.0
2026-10-07T19:47:20.712331+00:00,8.695151099935174,0.0,hardware,IDLE,0,0.14486232791552936,0.0,,0.0,,0.0,,0.0,1.45,0.0,0.113,0.0,-1.29,0.0,-1.552002285,0.0,1.559887499,0.0,-1.5599264019999999,0.0,1.545295464,0.0,1.552,0.0,1.5379273279999999,0.0,-1.537966411,0.0,1.537968744,0.0,-1.79835218,0.0,1.45,1.45,1.45,0.0,0.113,0.113,0.113,0.0,-1.29,-1.29,-1.29,0.0,1.94,1.552,1.552,0.0
2026-10-07T19:47:20.728322+00:00,8.710672999965027,0.0,hardware,IDLE,0,0.14486232791552936,0.0,,0.0,,0.0,,0.0,1.45,0.0,0.113,0.0,-1.29,0.0,-1.552002285,0.0,1.559887499,0.0,-1.5599264019999999,0.0,1.545295464,0.0,1.552,0.0,1.5379273279999999,0.0,-1.537966411,0.0,1.537968744,0.0,-1.79835218,0.0,1.45,1.45,1.45,0.0,0.113,0.113,0.113,0.0,-1.29,-1.29,-1.29,0.0,1.94,1.552,1.552,0.0
2026-10-07T19:47:20.744332+00:00,8.72672289982438,0.0,hardware,IDLE,0,0.14486232791552936,0.0,,0.0,,0.0,,0.0,1.45,0.0,0.113,0.0,-1.29,0.0,-1.552002285,0.0,1.559887499,0.0,-1.5599264019999999,0.0,1.545295464,0.0,1.552,0.0,1.5379273279999999,0.0,-1.537966411,0.0,1.537968744,0.0,-1.79835218,0.0,1.45,1.45,1.45,0.0,0.113,0.113,0.113,0.0,-1.29,-1.29,-1.29,0.0,1.94,1.552,1.552,0.0
2026-10-07T19:47:20.760852+00:00,8.74316839990206,0.0,hardware,IDLE,0,0.14486232791552936,0.0,,0.0,,0.0,,0.0,1.45,0.0,0.113,0.0,-1.29,0.0,-1.552002285,0.0,1.559887499,0.0,-1.5599264019999999,0.0,1.545295464,0.0,1.552,0.0,1.5379273279999999,0.0,-1.537966411,0.0,1.537968744,0.0,-1.79835218,0.0,1.45,1.45,1.45,0.0,0.113,0.113,0.113,0.0,-1.29,-1.29,-1.29,0.0,1.94,1.552,1.552,0.0
2026-10-07T19:47:20.778852+00:00,8.76179869985208,0.0,hardware,IDLE,0,0.14486232791552936,0.0,,0.0,,0.0,,0.0,1.45,0.0,0.113,0.0,-1.29,0.0,-1.552002285,0.0,1.559887499,0.0,-1.5599264019999999,0.0,1.545295464,0.0,1.552,0.0,1.5379273279999999,0.0,-1.537966411,0.0,1.537968744,0.0,-1.79835218,0.0,1.45,1.45,1.45,0.0,0.113,0.113,0.113,0.0,-1.29,-1.29,-1.29,0.0,1.94,1.552,1.552,0.0
2026-10-07T19:47:20.797850+00:00,8.780925699975342,0.0,hardware,IDLE,0,0.14486232791552936,0.0,,0.0,,0.0,,0.0,1.45,0.0,0.113,0.0,-1.29,0.0,-1.552002285,0.0,1.559887499,0.0,-1.5599264019999999,0.0,1.545295464,0.0,1.552,0.0,1.5379273279999999,0.0,-1.537966411,0.0,1.537968744,0.0,-1.79835218,0.0,1.45,1.45,1.45,0.0,0.113,0.113,0.113,0.0,-1.29,-1.29,-1.29,0.0,1.94,1.552,1.552,0.0
2026-10-07T19:47:20.825850+00:00,8.808204900007695,0.0,hardware,IDLE,0,0.14486232791552936,0.0,,0.0,,0.0,,0.0,1.45,0.0,0.113,0.0,-1.29,0.0,-1.552002285,0.0,1.559887499,0.0,-1.5599264019999999,0.0,1.545295464,0.0,1.552,0.0,1.5379273279999999,0.0,-1.537966411,0.0,1.537968744,0.0,-1.79835218,0.0,1.45,1.45,1.45,0.0,0.113,0.113,0.113,0.0,-1.29,-1.29,-1.29,0.0,1.94,1.552,1.552,0.0
2026-10-07T19:47:20.855981+00:00,8.839015899924561,0.0,hardware,IDLE,0,0.14486232791552936,0.0,,0.0,,0.0,,0.0,1.45,0.0,0.113,0.0,-1.29,0.0,-1.552002285,0.0,1.559887499,0.0,-1.5599264019999999,0.0,1.545295464,0.0,1.552,0.0,1.5379273279999999,0.0,-1.537966411,0.0,1.537968744,0.0,-1.79835218,0.0,1.45,1.45,1.45,0.0,0.113,0.113,0.113,0.0,-1.29,-1.29,-1.29,0.0,1.94,1.552,1.552,0.0
2026-10-07T19:47:20.887257+00:00,8.86993689998053,0.0,hardware,IDLE,0,0.14486232791552936,0.0,,0.0,,0.0,,0.0,1.45,0.0,0.113,0.0,-1.29,0.0,-1.552002285,0.0,1.559887499,0.0,-1.5599264019999999,0.0,1.545295464,0.0,1.552,0.0,1.5379273279999999,0.0,-1.537966411,0.0,1.537968744,0.0,-1.79835218,0.0,1.45,1.45,1.45,0.0,0.113,0.113,0.113,0.0,-1.29,-1.29,-1.29,0.0,1.94,1.552,1.552,0.0
2026-10-07T19:47:20.916255+00:00,8.898828299948946,0.0,hardware,IDLE,0,0.14486232791552936,0.0,,0.0,,0.0,,0.0,1.45,0.0,0.113,0.0,-1.29,0.0,-1.552002285,0.0,1.559887499,0.0,-1.5599264019999999,0.0,1.545295464,0.0,1.552,0.0,1.5379273279999999,0.0,-1.537966411,0.0,1.537968744,0.0,-1.79835218,0.0,1.45,1.45,1.45,0.0,0.113,0.113,0.113,0.0,-1.29,-1.29,-1.29,0.0,1.94,1.552,1.552,0.0
2026-10-07T19:47:20.945276+00:00,8.927673399914056,0.0,hardware,IDLE,0,0.14486232791552936,0.0,,0.0,,0.0,,0.0,1.45,0.0,0.113,0.0,-1.29,0.0,-1.552002285,0.0,1.559887499,0.0,-1.5599264019999999,0.0,1.545295464,0.0,1.552,0.0,1.5379273279999999,0.0,-1.537966411,0.0,1.537968744,0.0,-1.79835218,0.0,1.45,1.45,1.45,0.0,0.113,0.113,0.113,0.0,-1.29,-1.29,-1.29,0.0,1.94,1.552,1.552,0.0
2026-10-07T19:47:20.976013+00:00,8.958829999901354,0.0,hardware,IDLE,0,0.14486232791552936,0.0,,0.0,,0.0,,0.0,1.45,0.0,0.113,0.0,-1.29,0.0,-1.552002285,0.0,1.559887499,0.0,-1.5599264019999999,0.0,1.545295464,0.0,1.552,0.0,1.5379273279999999,0.0,-1.537966411,0.0,1.537968744,0.0,-1.79835218,0.0,1.45,1.45,1.45,0.0,0.113,0.113,0.113,0.0,-1.29,-1.29,-1.29,0.0,1.94,1.552,1.552,0.0
2026-10-07T19:47:21.006021+00:00,8.988182799890637,0.0,hardware,IDLE,0,0.14486232791552936,0.0,,0.0,,0.0,,0.0,1.45,0.0,0.113,0.0,-1.29,0.0,-1.552002285,0.0,1.559887499,0.0,-1.5599264019999999,0.0,1.545295464,0.0,1.552,0.0,1.5379273279999999,0.0,-1.537966411,0.0,1.537968744,0.0,-1.79835218,0.0,1.45,1.45,1.45,0.0,0.113,0.113,0.113,0.0,-1.29,-1.29,-1.29,0.0,1.94,1.552,1.552,0.0
2026-10-07T19:47:21.028023+00:00,9.011114199878648,0.0,hardware,IDLE,0,0.14486232791552936,0.0,,0.0,,0.0,,0.0,1.45,0.0,0.113,0.0,-1.29,0.0,-1.552002285,0.0,1.559887499,0.0,-1.5599264019999999,0.0,1.545295464,0.0,1.552,0.0,1.5379273279999999,0.0,-1.537966411,0.0,1.537968744,0.0,-1.79835218,0.0,1.45,1.45,1.45,0.0,0.113,0.113,0.113,0.0,-1.29,-1.29,-1.29,0.0,1.94,1.552,1.552,0.0
2026-10-07T19:47:21.050146+00:00,9.032379399985075,0.0,hardware,IDLE,0,0.14486232791552936,0.0,,0.0,,0.0,,0.0,1.45,0.0,0.113,0.0,-1.29,0.0,-1.552002285,0.0,1.559887499,0.0,-1.5599264019999999,0.0,1.545295464,0.0,1.552,0.0,1.5379273279999999,0.0,-1.537966411,0.0,1.537968744,0.0,-1.79835218,0.0,1.45,1.45,1.45,0.0,0.113,0.113,0.113,0.0,-1.29,-1.29,-1.29,0.0,1.94,1.552,1.552,0.0
2026-10-07T19:47:21.074683+00:00,9.057085099862888,0.0,hardware,IDLE,0,0.14486232791552936,0.0,,0.0,,0.0,,0.0,1.45,0.0,0.113,0.0,-1.29,0.0,-1.552002285,0.0,1.559887499,0.0,-1.5599264019999999,0.0,1.545295464,0.0,1.552,0.0,1.5379273279999999,0.0,-1.537966411,0.0,1.537968744,0.0,-1.79835218,0.0,1.45,1.45,1.45,0.0,0.113,0.113,0.113,0.0,-1.29,-1.29,-1.29,0.0,1.94,1.552,1.552,0.0
2026-10-07T19:47:21.098678+00:00,9.08147419989109,0.0,hardware,IDLE,0,0.14486232791552936,0.0,,0.0,,0.0,,0.0,1.45,0.0,0.113,0.0,-1.29,0.0,-1.552002285,0.0,1.559887499,0.0,-1.5599264019999999,0.0,1.545295464,0.0,1.552,0.0,1.5379273279999999,0.0,-1.537966411,0.0,1.537968744,0.0,-1.79835218,0.0,1.45,1.45,1.45,0.0,0.113,0.113,0.113,0.0,-1.29,-1.29,-1.29,0.0,1.94,1.552,1.552,0.0
2026-10-07T19:47:21.121693+00:00,9.104574899887666,0.0,hardware,IDLE,0,0.14486232791552936,0.0,,0.0,,0.0,,0.0,1.45,0.0,0.113,0.0,-1.29,0.0,-1.552002285,0.0,1.559887499,0.0,-1.5599264019999999,0.0,1.545295464,0.0,1.552,0.0,1.5379273279999999,0.0,-1.537966411,0.0,1.537968744,0.0,-1.79835218,0.0,1.45,1.45,1.45,0.0,0.113,0.113,0.113,0.0,-1.29,-1.29,-1.29,0.0,1.94,1.552,1.552,0.0
2026-10-07T19:47:21.145698+00:00,9.127938800025731,0.0,hardware,IDLE,0,0.14486232791552936,0.0,,0.0,,0.0,,0.0,1.45,0.0,0.113,0.0,-1.29,0.0,-1.552002285,0.0,1.559887499,0.0,-1.5599264019999999,0.0,1.545295464,0.0,1.552,0.0,1.5379273279999999,0.0,-1.537966411,0.0,1.537968744,0.0,-1.79835218,0.0,1.45,1.45,1.45,0.0,0.113,0.113,0.113,0.0,-1.29,-1.29,-1.29,0.0,1.94,1.552,1.552,0.0
2026-10-07T19:47:21.168369+00:00,9.15098199993372,0.0,hardware,IDLE,0,0.14486232791552936,0.0,,0.0,,0.0,,0.0,1.45,0.0,0.113,0.0,-1.29,0.0,-1.552002285,0.0,1.559887499,0.0,-1.5599264019999999,0.0,1.545295464,0.0,1.552,0.0,1.5379273279999999,0.0,-1.537966411,0.0,1.537968744,0.0,-1.79835218,0.0,1.45,1.45,1.45,0.0,0.113,0.113,0.113,0.0,-1.29,-1.29,-1.29,0.0,1.94,1.552,1.552,0.0
2026-10-07T19:47:21.192261+00:00,9.174900999991223,0.0,hardware,IDLE,0,0.14486232791552936,0.0,,0.0,,0.0,,0.0,1.45,0.0,0.113,0.0,-1.29,0.0,-1.552002285,0.0,1.559887499,0.0,-1.5599264019999999,0.0,1.545295464,0.0,1.552,0.0,1.5379273279999999,0.0,-1.537966411,0.0,1.537968744,0.0,-1.79835218,0.0,1.45,1.45,1.45,0.0,0.113,0.113,0.113,0.0,-1.29,-1.29,-1.29,0.0,1.94,1.552,1.552,0.0
2026-10-07T19:47:21.215367+00:00,9.197843299945816,0.0,hardware,IDLE,0,0.14486232791552936,0.0,,0.0,,0.0,,0.0,1.45,0.0,0.113,0.0,-1.29,0.0,-1.552002285,0.0,1.559887499,0.0,-1.5599264019999999,0.0,1.545295464,0.0,1.552,0.0,1.5379273279999999,0.0,-1.537966411,0.0,1.537968744,0.0,-1.79835218,0.0,1.45,1.45,1.45,0.0,0.113,0.113,0.113,0.0,-1.29,-1.29,-1.29,0.0,1.94,1.552,1.552,0.0
2026-10-07T19:47:21.241387+00:00,9.223604899831116,0.0,hardware,IDLE,0,0.14486232791552936,0.0,,0.0,,0.0,,0.0,1.45,0.0,0.113,0.0,-1.29,0.0,-1.552002285,0.0,1.559887499,0.0,-1.5599264019999999,0.0,1.545295464,0.0,1.552,0.0,1.5379273279999999,0.0,-1.537966411,0.0,1.537968744,0.0,-1.79835218,0.0,1.45,1.45,1.45,0.0,0.113,0.113,0.113,0.0,-1.29,-1.29,-1.29,0.0,1.94,1.552,1.552,0.0
2026-10-07T19:47:21.265970+00:00,9.2489590998739,0.0,hardware,IDLE,0,0.14486232791552936,0.0,,0.0,,0.0,,0.0,1.45,0.0,0.113,0.0,-1.29,0.0,-1.552002285,0.0,1.559887499,0.0,-1.5599264019999999,0.0,1.545295464,0.0,1.552,0.0,1.5379273279999999,0.0,-1.537966411,0.0,1.537968744,0.0,-1.79835218,0.0,1.45,1.45,1.45,0.0,0.113,0.113,0.113,0.0,-1.29,-1.29,-1.29,0.0,1.94,1.552,1.552,0.0
2026-10-07T19:47:21.292984+00:00,9.275150399887934,0.0,hardware,IDLE,0,0.14486232791552936,0.0,,0.0,,0.0,,0.0,1.45,0.0,0.113,0.0,-1.29,0.0,-1.552002285,0.0,1.559887499,0.0,-1.5599264019999999,0.0,1.545295464,0.0,1.552,0.0,1.5379273279999999,0.0,-1.537966411,0.0,1.537968744,0.0,-1.79835218,0.0,1.45,1.45,1.45,0.0,0.113,0.113,0.113,0.0,-1.29,-1.29,-1.29,0.0,1.94,1.552,1.552,0.0
2026-10-07T19:47:21.317967+00:00,9.300137999933213,0.0,hardware,IDLE,0,0.14486232791552936,0.0,,0.0,,0.0,,0.0,1.45,0.0,0.113,0.0,-1.29,0.0,-1.552002285,0.0,1.559887499,0.0,-1.5599264019999999,0.0,1.545295464,0.0,1.552,0.0,1.5379273279999999,0.0,-1.537966411,0.0,1.537968744,0.0,-1.79835218,0.0,1.45,1.45,1.45,0.0,0.113,0.113,0.113,0.0,-1.29,-1.29,-1.29,0.0,1.94,1.552,1.552,0.0
2026-10-07T19:47:21.340981+00:00,9.323982399888337,0.0,hardware,IDLE,0,0.14486232791552936,0.0,,0.0,,0.0,,0.0,1.45,0.0,0.113,0.0,-1.29,0.0,-1.552002285,0.0,1.559887499,0.0,-1.5599264019999999,0.0,1.545295464,0.0,1.552,0.0,1.5379273279999999,0.0,-1.537966411,0.0,1.537968744,0.0,-1.79835218,0.0,1.45,1.45,1.45,0.0,0.113,0.113,0.113,0.0,-1.29,-1.29,-1.29,0.0,1.94,1.552,1.552,0.0
2026-10-07T19:47:21.362774+00:00,9.344955599866807,0.0,hardware,IDLE,0,0.14486232791552936,0.0,,0.0,,0.0,,0.0,1.45,0.0,0.113,0.0,-1.29,0.0,-1.552002285,0.0,1.559887499,0.0,-1.5599264019999999,0.0,1.545295464,0.0,1.552,0.0,1.5379273279999999,0.0,-1.537966411,0.0,1.537968744,0.0,-1.79835218,0.0,1.45,1.45,1.45,0.0,0.113,0.113,0.113,0.0,-1.29,-1.29,-1.29,0.0,1.94,1.552,1.552,0.0
2026-10-07T19:47:21.384771+00:00,9.367371900007129,0.0,hardware,IDLE,0,0.14486232791552936,0.0,,0.0,,0.0,,0.0,1.45,0.0,0.113,0.0,-1.29,0.0,-1.552002285,0.0,1.559887499,0.0,-1.5599264019999999,0.0,1.545295464,0.0,1.552,0.0,1.5379273279999999,0.0,-1.537966411,0.0,1.537968744,0.0,-1.79835218,0.0,1.45,1.45,1.45,0.0,0.113,0.113,0.113,0.0,-1.29,-1.29,-1.29,0.0,1.94,1.552,1.552,0.0
2026-10-07T19:47:21.402507+00:00,9.384786400012672,0.0,hardware,IDLE,0,0.14486232791552936,0.0,,0.0,,0.0,,0.0,1.45,0.0,0.113,0.0,-1.29,0.0,-1.552002285,0.0,1.559887499,0.0,-1.5599264019999999,0.0,1.545295464,0.0,1.552,0.0,1.5379273279999999,0.0,-1.537966411,0.0,1.537968744,0.0,-1.79835218,0.0,1.45,1.45,1.45,0.0,0.113,0.113,0.113,0.0,-1.29,-1.29,-1.29,0.0,1.94,1.552,1.552,0.0
2026-10-07T19:47:21.416797+00:00,9.399657899979502,0.0,hardware,IDLE,0,0.14486232791552936,0.0,,0.0,,0.0,,0.0,1.45,0.0,0.113,0.0,-1.29,0.0,-1.552002285,0.0,1.559887499,0.0,-1.5599264019999999,0.0,1.545295464,0.0,1.552,0.0,1.5379273279999999,0.0,-1.537966411,0.0,1.537968744,0.0,-1.79835218,0.0,1.45,1.45,1.45,0.0,0.113,0.113,0.113,0.0,-1.29,-1.29,-1.29,0.0,1.94,1.552,1.552,0.0
2026-10-07T19:47:21.434349+00:00,9.417289099888876,0.0,hardware,IDLE,0,0.14486232791552936,0.0,,0.0,,0.0,,0.0,1.45,0.0,0.113,0.0,-1.29,0.0,-1.552002285,0.0,1.559887499,0.0,-1.5599264019999999,0.0,1.545295464,0.0,1.552,0.0,1.5379273279999999,0.0,-1.537966411,0.0,1.537968744,0.0,-1.79835218,0.0,1.45,1.45,1.45,0.0,0.113,0.113,0.113,0.0,-1.29,-1.29,-1.29,0.0,1.94,1.552,1.552,0.0
2026-10-07T19:47:21.451370+00:00,9.433532299939543,0.0,hardware,IDLE,0,0.14486232791552936,0.0,,0.0,,0.0,,0.0,1.45,0.0,0.113,0.0,-1.29,0.0,-1.552002285,0.0,1.559887499,0.0,-1.5599264019999999,0.0,1.545295464,0.0,1.552,0.0,1.5379273279999999,0.0,-1.537966411,0.0,1.537968744,0.0,-1.79835218,0.0,1.45,1.45,1.45,0.0,0.113,0.113,0.113,0.0,-1.29,-1.29,-1.29,0.0,1.94,1.552,1.552,0.0
2026-10-07T19:47:21.470059+00:00,9.453046599868685,0.0,hardware,IDLE,0,0.14486232791552936,0.0,,0.0,,0.0,,0.0,1.45,0.0,0.113,0.0,-1.29,0.0,-1.552002285,0.0,1.559887499,0.0,-1.5599264019999999,0.0,1.545295464,0.0,1.552,0.0,1.5379273279999999,0.0,-1.537966411,0.0,1.537968744,0.0,-1.79835218,0.0,1.45,1.45,1.45,0.0,0.113,0.113,0.113,0.0,-1.29,-1.29,-1.29,0.0,1.94,1.552,1.552,0.0
2026-10-07T19:47:21.494978+00:00,9.477712200023234,0.0,hardware,IDLE,0,0.14486232791552936,0.0,,0.0,,0.0,,0.0,1.45,0.0,0.113,0.0,-1.29,0.0,-1.552002285,0.0,1.559887499,0.0,-1.5599264019999999,0.0,1.545295464,0.0,1.552,0.0,1.5379273279999999,0.0,-1.537966411,0.0,1.537968744,0.0,-1.79835218,0.0,1.45,1.45,1.45,0.0,0.113,0.113,0.113,0.0,-1.29,-1.29,-1.29,0.0,1.94,1.552,1.552,0.0
2026-10-07T19:47:21.516971+00:00,9.499456099933013,0.0,hardware,IDLE,0,0.14486232791552936,0.0,,0.0,,0.0,,0.0,1.45,0.0,0.113,0.0,-1.29,0.0,-1.552002285,0.0,1.559887499,0.0,-1.5599264019999999,0.0,1.545295464,0.0,1.552,0.0,1.5379273279999999,0.0,-1.537966411,0.0,1.537968744,0.0,-1.79835218,0.0,1.45,1.45,1.45,0.0,0.113,0.113,0.113,0.0,-1.29,-1.29,-1.29,0.0,1.94,1.552,1.552,0.0
2026-10-07T19:47:21.531959+00:00,9.514713699929416,0.0,hardware,IDLE,0,0.14486232791552936,0.0,,0.0,,0.0,,0.0,1.45,0.0,0.113,0.0,-1.29,0.0,-1.552002285,0.0,1.559887499,0.0,-1.5599264019999999,0.0,1.545295464,0.0,1.552,0.0,1.5379273279999999,0.0,-1.537966411,0.0,1.537968744,0.0,-1.79835218,0.0,1.45,1.45,1.45,0.0,0.113,0.113,0.113,0.0,-1.29,-1.29,-1.29,0.0,1.94,1.552,1.552,0.0
2026-10-07T19:47:21.550972+00:00,9.533521099947393,0.0,hardware,IDLE,0,0.14486232791552936,0.0,,0.0,,0.0,,0.0,1.45,0.0,0.113,0.0,-1.29,0.0,-1.552002285,0.0,1.559887499,0.0,-1.5599264019999999,0.0,1.545295464,0.0,1.552,0.0,1.5379273279999999,0.0,-1.537966411,0.0,1.537968744,0.0,-1.79835218,0.0,1.45,1.45,1.45,0.0,0.113,0.113,0.113,0.0,-1.29,-1.29,-1.29,0.0,1.94,1.552,1.552,0.0
2026-10-07T19:47:21.572502+00:00,9.554801699938253,0.0,hardware,IDLE,0,0.14486232791552936,0.0,,0.0,,0.0,,0.0,1.45,0.0,0.113,0.0,-1.29,0.0,-1.552002285,0.0,1.559887499,0.0,-1.5599264019999999,0.0,1.545295464,0.0,1.552,0.0,1.5379273279999999,0.0,-1.537966411,0.0,1.537968744,0.0,-1.79835218,0.0,1.45,1.45,1.45,0.0,0.113,0.113,0.113,0.0,-1.29,-1.29,-1.29,0.0,1.94,1.552,1.552,0.0
2026-10-07T19:47:21.588507+00:00,9.570798399858177,0.0,hardware,IDLE,0,0.14486232791552936,0.0,,0.0,,0.0,,0.0,1.45,0.0,0.113,0.0,-1.29,0.0,-1.552002285,0.0,1.559887499,0.0,-1.5599264019999999,0.0,1.545295464,0.0,1.552,0.0,1.5379273279999999,0.0,-1.537966411,0.0,1.537968744,0.0,-1.79835218,0.0,1.45,1.45,1.45,0.0,0.113,0.113,0.113,0.0,-1.29,-1.29,-1.29,0.0,1.94,1.552,1.552,0.0
2026-10-07T19:47:21.605506+00:00,9.588557099923491,0.0,hardware,IDLE,0,0.14486232791552936,0.0,,0.0,,0.0,,0.0,1.45,0.0,0.113,0.0,-1.29,0.0,-1.552002285,0.0,1.559887499,0.0,-1.5599264019999999,0.0,1.545295464,0.0,1.552,0.0,1.5379273279999999,0.0,-1.537966411,0.0,1.537968744,0.0,-1.79835218,0.0,1.45,1.45,1.45,0.0,0.113,0.113,0.113,0.0,-1.29,-1.29,-1.29,0.0,1.94,1.552,1.552,0.0
2026-10-07T19:47:21.622590+00:00,9.60534969996661,0.0,hardware,IDLE,0,0.14486232791552936,0.0,,0.0,,0.0,,0.0,1.45,0.0,0.113,0.0,-1.29,0.0,-1.552002285,0.0,1.559887499,0.0,-1.5599264019999999,0.0,1.545295464,0.0,1.552,0.0,1.5379273279999999,0.0,-1.537966411,0.0,1.537968744,0.0,-1.79835218,0.0,1.45,1.45,1.45,0.0,0.113,0.113,0.113,0.0,-1.29,-1.29,-1.29,0.0,1.94,1.552,1.552,0.0
2026-10-07T19:47:21.642627+00:00,9.624725800007582,0.0,hardware,IDLE,0,0.14486232791552936,0.0,,0.0,,0.0,,0.0,1.45,0.0,0.113,0.0,-1.29,0.0,-1.552002285,0.0,1.559887499,0.0,-1.5599264019999999,0.0,1.545295464,0.0,1.552,0.0,1.5379273279999999,0.0,-1.537966411,0.0,1.537968744,0.0,-1.79835218,0.0,1.45,1.45,1.45,0.0,0.113,0.113,0.113,0.0,-1.29,-1.29,-1.29,0.0,1.94,1.552,1.552,0.0
2026-10-07T19:47:21.664324+00:00,9.646982699865475,0.0,hardware,IDLE,0,0.14486232791552936,0.0,,0.0,,0.0,,0.0,1.45,0.0,0.113,0.0,-1.29,0.0,-1.552002285,0.0,1.559887499,0.0,-1.5599264019999999,0.0,1.545295464,0.0,1.552,0.0,1.5379273279999999,0.0,-1.537966411,0.0,1.537968744,0.0,-1.79835218,0.0,1.45,1.45,1.45,0.0,0.113,0.113,0.113,0.0,-1.29,-1.29,-1.29,0.0,1.94,1.552,1.552,0.0
2026-10-07T19:47:21.686264+00:00,9.668786899885163,0.0,hardware,IDLE,0,0.14486232791552936,0.0,,0.0,,0.0,,0.0,1.45,0.0,0.113,0.0,-1.29,0.0,-1.552002285,0.0,1.559887499,0.0,-1.5599264019999999,0.0,1.545295464,0.0,1.552,0.0,1.5379273279999999,0.0,-1.537966411,0.0,1.537968744,0.0,-1.79835218,0.0,1.45,1.45,1.45,0.0,0.113,0.113,0.113,0.0,-1.29,-1.29,-1.29,0.0,1.94,1.552,1.552,0.0
2026-10-07T19:47:21.707373+00:00,9.689809399889782,0.0,hardware,IDLE,0,0.14486232791552936,0.0,,0.0,,0.0,,0.0,1.45,0.0,0.113,0.0,-1.29,0.0,-1.552002285,0.0,1.559887499,0.0,-1.5599264019999999,0.0,1.545295464,0.0,1.552,0.0,1.5379273279999999,0.0,-1.537966411,0.0,1.537968744,0.0,-1.79835218,0.0,1.45,1.45,1.45,0.0,0.113,0.113,0.113,0.0,-1.29,-1.29,-1.29,0.0,1.94,1.552,1.552,0.0
2026-10-07T19:47:21.728282+00:00,9.711020299931988,0.0,hardware,IDLE,0,0.14486232791552936,0.0,,0.0,,0.0,,0.0,1.45,0.0,0.113,0.0,-1.29,0.0,-1.552002285,0.0,1.559887499,0.0,-1.5599264019999999,0.0,1.545295464,0.0,1.552,0.0,1.5379273279999999,0.0,-1.537966411,0.0,1.537968744,0.0,-1.79835218,0.0,1.45,1.45,1.45,0.0,0.113,0.113,0.113,0.0,-1.29,-1.29,-1.29,0.0,1.94,1.552,1.552,0.0
2026-10-07T19:47:21.750287+00:00,9.732726800022647,0.0,hardware,IDLE,0,0.14486232791552936,0.0,,0.0,,0.0,,0.0,1.45,0.0,0.113,0.0,-1.29,0.0,-1.552002285,0.0,1.559887499,0.0,-1.5599264019999999,0.0,1.545295464,0.0,1.552,0.0,1.5379273279999999,0.0,-1.537966411,0.0,1.537968744,0.0,-1.79835218,0.0,1.45,1.45,1.45,0.0,0.113,0.113,0.113,0.0,-1.29,-1.29,-1.29,0.0,1.94,1.552,1.552,0.0
2026-10-07T19:47:21.770845+00:00,9.75327939982526,0.0,hardware,IDLE,0,0.14486232791552936,0.0,,0.0,,0.0,,0.0,1.45,0.0,0.113,0.0,-1.29,0.0,-1.552002285,0.0,1.559887499,0.0,-1.5599264019999999,0.0,1.545295464,0.0,1.552,0.0,1.5379273279999999,0.0,-1.537966411,0.0,1.537968744,0.0,-1.79835218,0.0,1.45,1.45,1.45,0.0,0.113,0.113,0.113,0.0,-1.29,-1.29,-1.29,0.0,1.94,1.552,1.552,0.0
2026-10-07T19:47:21.792863+00:00,9.775077800033614,0.0,hardware,IDLE,0,0.14486232791552936,0.0,,0.0,,0.0,,0.0,1.45,0.0,0.113,0.0,-1.29,0.0,-1.552002285,0.0,1.559887499,0.0,-1.5599264019999999,0.0,1.545295464,0.0,1.552,0.0,1.5379273279999999,0.0,-1.537966411,0.0,1.537968744,0.0,-1.79835218,0.0,1.45,1.45,1.45,0.0,0.113,0.113,0.113,0.0,-1.29,-1.29,-1.29,0.0,1.94,1.552,1.552,0.0
2026-10-07T19:47:21.813944+00:00,9.79702840000391,0.0,hardware,IDLE,0,0.14486232791552936,0.0,,0.0,,0.0,,0.0,1.45,0.0,0.113,0.0,-1.29,0.0,-1.552002285,0.0,1.559887499,0.0,-1.5599264019999999,0.0,1.545295464,0.0,1.552,0.0,1.5379273279999999,0.0,-1.537966411,0.0,1.537968744,0.0,-1.79835218,0.0,1.45,1.45,1.45,0.0,0.113,0.113,0.113,0.0,-1.29,-1.29,-1.29,0.0,1.94,1.552,1.552,0.0
2026-10-07T19:47:21.834858+00:00,9.817703400040045,0.0,hardware,IDLE,0,0.14486232791552936,0.0,,0.0,,0.0,,0.0,1.45,0.0,0.113,0.0,-1.29,0.0,-1.552002285,0.0,1.559887499,0.0,-1.5599264019999999,0.0,1.545295464,0.0,1.552,0.0,1.5379273279999999,0.0,-1.537966411,0.0,1.537968744,0.0,-1.79835218,0.0,1.45,1.45,1.45,0.0,0.113,0.113,0.113,0.0,-1.29,-1.29,-1.29,0.0,1.94,1.552,1.552,0.0
2026-10-07T19:47:21.857799+00:00,9.840272199828178,0.0,hardware,IDLE,0,0.14486232791552936,0.0,,0.0,,0.0,,0.0,1.45,0.0,0.113,0.0,-1.29,0.0,-1.552002285,0.0,1.559887499,0.0,-1.5599264019999999,0.0,1.545295464,0.0,1.552,0.0,1.5379273279999999,0.0,-1.537966411,0.0,1.537968744,0.0,-1.79835218,0.0,1.45,1.45,1.45,0.0,0.113,0.113,0.113,0.0,-1.29,-1.29,-1.29,0.0,1.94,1.552,1.552,0.0
2026-10-07T19:47:21.881803+00:00,9.864517800044268,0.0,hardware,IDLE,0,0.14486232791552936,0.0,,0.0,,0.0,,0.0,1.45,0.0,0.113,0.0,-1.29,0.0,-1.552002285,0.0,1.559887499,0.0,-1.5599264019999999,0.0,1.545295464,0.0,1.552,0.0,1.5379273279999999,0.0,-1.537966411,0.0,1.537968744,0.0,-1.79835218,0.0,1.45,1.45,1.45,0.0,0.113,0.113,0.113,0.0,-1.29,-1.29,-1.29,0.0,1.94,1.552,1.552,0.0
2026-10-07T19:47:21.907723+00:00,9.88989149988629,0.0,hardware,IDLE,0,0.14486232791552936,0.0,,0.0,,0.0,,0.0,1.45,0.0,0.113,0.0,-1.29,0.0,-1.552002285,0.0,1.559887499,0.0,-1.5599264019999999,0.0,1.545295464,0.0,1.552,0.0,1.5379273279999999,0.0,-1.537966411,0.0,1.537968744,0.0,-1.79835218,0.0,1.45,1.45,1.45,0.0,0.113,0.113,0.113,0.0,-1.29,-1.29,-1.29,0.0,1.94,1.552,1.552,0.0
2026-10-07T19:47:21.930713+00:00,9.913663499988616,0.0,hardware,IDLE,0,0.14486232791552936,0.0,,0.0,,0.0,,0.0,1.45,0.0,0.113,0.0,-1.29,0.0,-1.552002285,0.0,1.559887499,0.0,-1.5599264019999999,0.0,1.545295464,0.0,1.552,0.0,1.5379273279999999,0.0,-1.537966411,0.0,1.537968744,0.0,-1.79835218,0.0,1.45,1.45,1.45,0.0,0.113,0.113,0.113,0.0,-1.29,-1.29,-1.29,0.0,1.94,1.552,1.552,0.0
2026-10-07T19:47:21.951839+00:00,9.934904899913818,0.0,hardware,IDLE,0,0.14486232791552936,0.0,,0.0,,0.0,,0.0,1.45,0.0,0.113,0.0,-1.29,0.0,-1.552002285,0.0,1.559887499,0.0,-1.5599264019999999,0.0,1.545295464,0.0,1.552,0.0,1.5379273279999999,0.0,-1.537966411,0.0,1.537968744,0.0,-1.79835218,0.0,1.45,1.45,1.45,0.0,0.113,0.113,0.113,0.0,-1.29,-1.29,-1.29,0.0,1.94,1.552,1.552,0.0
2026-10-07T19:47:21.973679+00:00,9.956396899884567,0.0,hardware,IDLE,0,0.14486232791552936,0.0,,0.0,,0.0,,0.0,1.45,0.0,0.113,0.0,-1.29,0.0,-1.552002285,0.0,1.559887499,0.0,-1.5599264019999999,0.0,1.545295464,0.0,1.552,0.0,1.5379273279999999,0.0,-1.537966411,0.0,1.537968744,0.0,-1.79835218,0.0,1.45,1.45,1.45,0.0,0.113,0.113,0.113,0.0,-1.29,-1.29,-1.29,0.0,1.94,1.552,1.552,0.0
2026-10-07T19:47:21.994589+00:00,9.977118799928576,0.0,hardware,IDLE,0,0.14486232791552936,0.0,,0.0,,0.0,,0.0,1.45,0.0,0.113,0.0,-1.29,0.0,-1.552002285,0.0,1.559887499,0.0,-1.5599264019999999,0.0,1.545295464,0.0,1.552,0.0,1.5379273279999999,0.0,-1.537966411,0.0,1.537968744,0.0,-1.79835218,0.0,1.45,1.45,1.45,0.0,0.113,0.113,0.113,0.0,-1.29,-1.29,-1.29,0.0,1.94,1.552,1.552,0.0
2026-10-07T19:47:22.017613+00:00,10.00015620002523,0.0,hardware,IDLE,0,0.14486232791552936,0.0,,0.0,,0.0,,0.0,1.45,0.0,0.113,0.0,-1.29,0.0,-1.552002285,0.0,1.559887499,0.0,-1.5599264019999999,0.0,1.545295464,0.0,1.552,0.0,1.5379273279999999,0.0,-1.537966411,0.0,1.537968744,0.0,-1.79835218,0.0,1.45,1.45,1.45,0.0,0.113,0.113,0.113,0.0,-1.29,-1.29,-1.29,0.0,1.94,1.552,1.552,0.0
2026-10-07T19:47:22.044704+00:00,10.026998999994248,0.0,hardware,IDLE,0,0.14486232791552936,0.0,,0.0,,0.0,,0.0,1.45,0.0,0.113,0.0,-1.29,0.0,-1.552002285,0.0,1.559887499,0.0,-1.5599264019999999,0.0,1.545295464,0.0,1.552,0.0,1.5379273279999999,0.0,-1.537966411,0.0,1.537968744,0.0,-1.79835218,0.0,1.45,1.45,1.45,0.0,0.113,0.113,0.113,0.0,-1.29,-1.29,-1.29,0.0,1.94,1.552,1.552,0.0
2026-10-07T19:47:22.071278+00:00,10.053800799883902,0.0,hardware,IDLE,0,0.14486232791552936,0.0,,0.0,,0.0,,0.0,1.45,0.0,0.113,0.0,-1.29,0.0,-1.552002285,0.0,1.559887499,0.0,-1.5599264019999999,0.0,1.545295464,0.0,1.552,0.0,1.5379273279999999,0.0,-1.537966411,0.0,1.537968744,0.0,-1.79835218,0.0,1.45,1.45,1.45,0.0,0.113,0.113,0.113,0.0,-1.29,-1.29,-1.29,0.0,1.94,1.552,1.552,0.0
2026-10-07T19:47:22.096270+00:00,10.07881259988062,0.0,hardware,IDLE,0,0.14486232791552936,0.0,,0.0,,0.0,,0.0,1.45,0.0,0.113,0.0,-1.29,0.0,-1.552002285,0.0,1.559887499,0.0,-1.5599264019999999,0.0,1.545295464,0.0,1.552,0.0,1.5379273279999999,0.0,-1.537966411,0.0,1.537968744,0.0,-1.79835218,0.0,1.45,1.45,1.45,0.0,0.113,0.113,0.113,0.0,-1.29,-1.29,-1.29,0.0,1.94,1.552,1.552,0.0
2026-10-07T19:47:22.119263+00:00,10.101879199966788,0.0,hardware,IDLE,0,0.14486232791552936,0.0,,0.0,,0.0,,0.0,1.45,0.0,0.113,0.0,-1.29,0.0,-1.552002285,0.0,1.559887499,0.0,-1.5599264019999999,0.0,1.545295464,0.0,1.552,0.0,1.5379273279999999,0.0,-1.537966411,0.0,1.537968744,0.0,-1.79835218,0.0,1.45,1.45,1.45,0.0,0.113,0.113,0.113,0.0,-1.29,-1.29,-1.29,0.0,1.94,1.552,1.552,0.0
2026-10-07T19:47:22.141348+00:00,10.124376199906692,0.0,hardware,IDLE,0,0.14486232791552936,0.0,,0.0,,0.0,,0.0,1.45,0.0,0.113,0.0,-1.29,0.0,-1.552002285,0.0,1.559887499,0.0,-1.5599264019999999,0.0,1.545295464,0.0,1.552,0.0,1.5379273279999999,0.0,-1.537966411,0.0,1.537968744,0.0,-1.79835218,0.0,1.45,1.45,1.45,0.0,0.113,0.113,0.113,0.0,-1.29,-1.29,-1.29,0.0,1.94,1.552,1.552,0.0
2026-10-07T19:47:22.167057+00:00,10.14965229993686,0.0,hardware,IDLE,0,0.14486232791552936,0.0,,0.0,,0.0,,0.0,1.45,0.0,0.113,0.0,-1.29,0.0,-1.552002285,0.0,1.559887499,0.0,-1.5599264019999999,0.0,1.545295464,0.0,1.552,0.0,1.5379273279999999,0.0,-1.537966411,0.0,1.537968744,0.0,-1.79835218,0.0,1.45,1.45,1.45,0.0,0.113,0.113,0.113,0.0,-1.29,-1.29,-1.29,0.0,1.94,1.552,1.552,0.0
2026-10-07T19:47:22.191097+00:00,10.173651699908078,0.0,hardware,IDLE,0,0.14486232791552936,0.0,,0.0,,0.0,,0.0,1.45,0.0,0.113,0.0,-1.29,0.0,-1.552002285,0.0,1.559887499,0.0,-1.5599264019999999,0.0,1.545295464,0.0,1.552,0.0,1.5379273279999999,0.0,-1.537966411,0.0,1.537968744,0.0,-1.79835218,0.0,1.45,1.45,1.45,0.0,0.113,0.113,0.113,0.0,-1.29,-1.29,-1.29,0.0,1.94,1.552,1.552,0.0
2026-10-07T19:47:22.211152+00:00,10.193362499820068,0.0,hardware,IDLE,0,0.14486232791552936,0.0,,0.0,,0.0,,0.0,1.45,0.0,0.113,0.0,-1.29,0.0,-1.552002285,0.0,1.559887499,0.0,-1.5599264019999999,0.0,1.545295464,0.0,1.552,0.0,1.5379273279999999,0.0,-1.537966411,0.0,1.537968744,0.0,-1.79835218,0.0,1.45,1.45,1.45,0.0,0.113,0.113,0.113,0.0,-1.29,-1.29,-1.29,0.0,1.94,1.552,1.552,0.0
2026-10-07T19:47:22.232136+00:00,10.215120599837974,0.0,hardware,IDLE,0,0.14486232791552936,0.0,,0.0,,0.0,,0.0,1.45,0.0,0.113,0.0,-1.29,0.0,-1.552002285,0.0,1.559887499,0.0,-1.5599264019999999,0.0,1.545295464,0.0,1.552,0.0,1.5379273279999999,0.0,-1.537966411,0.0,1.537968744,0.0,-1.79835218,0.0,1.45,1.45,1.45,0.0,0.113,0.113,0.113,0.0,-1.29,-1.29,-1.29,0.0,1.94,1.552,1.552,0.0
2026-10-07T19:47:22.258917+00:00,10.241764399921522,0.0,hardware,IDLE,0,0.14486232791552936,0.0,,0.0,,0.0,,0.0,1.45,0.0,0.113,0.0,-1.29,0.0,-1.552002285,0.0,1.559887499,0.0,-1.5599264019999999,0.0,1.545295464,0.0,1.552,0.0,1.5379273279999999,0.0,-1.537966411,0.0,1.537968744,0.0,-1.79835218,0.0,1.45,1.45,1.45,0.0,0.113,0.113,0.113,0.0,-1.29,-1.29,-1.29,0.0,1.94,1.552,1.552,0.0
2026-10-07T19:47:22.281835+00:00,10.264997699996457,0.0,hardware,IDLE,0,0.14486232791552936,0.0,,0.0,,0.0,,0.0,1.45,0.0,0.113,0.0,-1.29,0.0,-1.552002285,0.0,1.559887499,0.0,-1.5599264019999999,0.0,1.545295464,0.0,1.552,0.0,1.5379273279999999,0.0,-1.537966411,0.0,1.537968744,0.0,-1.79835218,0.0,1.45,1.45,1.45,0.0,0.113,0.113,0.113,0.0,-1.29,-1.29,-1.29,0.0,1.94,1.552,1.552,0.0
2026-10-07T19:47:22.305937+00:00,10.288690299959853,0.0,hardware,IDLE,0,0.14486232791552936,0.0,,0.0,,0.0,,0.0,1.45,0.0,0.113,0.0,-1.29,0.0,-1.552002285,0.0,1.559887499,0.0,-1.5599264019999999,0.0,1.545295464,0.0,1.552,0.0,1.5379273279999999,0.0,-1.537966411,0.0,1.537968744,0.0,-1.79835218,0.0,1.45,1.45,1.45,0.0,0.113,0.113,0.113,0.0,-1.29,-1.29,-1.29,0.0,1.94,1.552,1.552,0.0
2026-10-07T19:47:22.329416+00:00,10.312103600008413,0.0,hardware,IDLE,0,0.14486232791552936,0.0,,0.0,,0.0,,0.0,1.45,0.0,0.113,0.0,-1.29,0.0,-1.552002285,0.0,1.559887499,0.0,-1.5599264019999999,0.0,1.545295464,0.0,1.552,0.0,1.5379273279999999,0.0,-1.537966411,0.0,1.537968744,0.0,-1.79835218,0.0,1.45,1.45,1.45,0.0,0.113,0.113,0.113,0.0,-1.29,-1.29,-1.29,0.0,1.94,1.552,1.552,0.0
2026-10-07T19:47:22.350518+00:00,10.332669700030237,0.0,hardware,IDLE,0,0.14486232791552936,0.0,,0.0,,0.0,,0.0,1.45,0.0,0.113,0.0,-1.29,0.0,-1.552002285,0.0,1.559887499,0.0,-1.5599264019999999,0.0,1.545295464,0.0,1.552,0.0,1.5379273279999999,0.0,-1.537966411,0.0,1.537968744,0.0,-1.79835218,0.0,1.45,1.45,1.45,0.0,0.113,0.113,0.113,0.0,-1.29,-1.29,-1.29,0.0,1.94,1.552,1.552,0.0
2026-10-07T19:47:22.372160+00:00,10.354800299974158,0.0,hardware,IDLE,0,0.14486232791552936,0.0,,0.0,,0.0,,0.0,1.45,0.0,0.113,0.0,-1.29,0.0,-1.552002285,0.0,1.559887499,0.0,-1.5599264019999999,0.0,1.545295464,0.0,1.552,0.0,1.5379273279999999,0.0,-1.537966411,0.0,1.537968744,0.0,-1.79835218,0.0,1.45,1.45,1.45,0.0,0.113,0.113,0.113,0.0,-1.29,-1.29,-1.29,0.0,1.94,1.552,1.552,0.0
2026-10-07T19:47:22.394066+00:00,10.376489999936894,0.0,hardware,IDLE,0,0.14486232791552936,0.0,,0.0,,0.0,,0.0,1.45,0.0,0.113,0.0,-1.29,0.0,-1.552002285,0.0,1.559887499,0.0,-1.5599264019999999,0.0,1.545295464,0.0,1.552,0.0,1.5379273279999999,0.0,-1.537966411,0.0,1.537968744,0.0,-1.79835218,0.0,1.45,1.45,1.45,0.0,0.113,0.113,0.113,0.0,-1.29,-1.29,-1.29,0.0,1.94,1.552,1.552,0.0
2026-10-07T19:47:22.416180+00:00,10.399017999880016,0.0,hardware,IDLE,0,0.14486232791552936,0.0,,0.0,,0.0,,0.0,1.45,0.0,0.113,0.0,-1.29,0.0,-1.552002285,0.0,1.559887499,0.0,-1.5599264019999999,0.0,1.545295464,0.0,1.552,0.0,1.5379273279999999,0.0,-1.537966411,0.0,1.537968744,0.0,-1.79835218,0.0,1.45,1.45,1.45,0.0,0.113,0.113,0.113,0.0,-1.29,-1.29,-1.29,0.0,1.94,1.552,1.552,0.0
2026-10-07T19:47:22.440067+00:00,10.422655900008976,0.0,hardware,IDLE,0,0.14486232791552936,0.0,,0.0,,0.0,,0.0,1.45,0.0,0.113,0.0,-1.29,0.0,-1.552002285,0.0,1.559887499,0.0,-1.5599264019999999,0.0,1.545295464,0.0,1.552,0.0,1.5379273279999999,0.0,-1.537966411,0.0,1.537968744,0.0,-1.79835218,0.0,1.45,1.45,1.45,0.0,0.113,0.113,0.113,0.0,-1.29,-1.29,-1.29,0.0,1.94,1.552,1.552,0.0
2026-10-07T19:47:22.461683+00:00,10.44429919985123,0.0,hardware,IDLE,0,0.14486232791552936,0.0,,0.0,,0.0,,0.0,1.45,0.0,0.113,0.0,-1.29,0.0,-1.552002285,0.0,1.559887499,0.0,-1.5599264019999999,0.0,1.545295464,0.0,1.552,0.0,1.5379273279999999,0.0,-1.537966411,0.0,1.537968744,0.0,-1.79835218,0.0,1.45,1.45,1.45,0.0,0.113,0.113,0.113,0.0,-1.29,-1.29,-1.29,0.0,1.94,1.552,1.552,0.0
2026-10-07T19:47:22.486797+00:00,10.469514699885622,0.0,hardware,IDLE,0,0.14486232791552936,0.0,,0.0,,0.0,,0.0,1.45,0.0,0.113,0.0,-1.29,0.0,-1.552002285,0.0,1.559887499,0.0,-1.5599264019999999,0.0,1.545295464,0.0,1.552,0.0,1.5379273279999999,0.0,-1.537966411,0.0,1.537968744,0.0,-1.79835218,0.0,1.45,1.45,1.45,0.0,0.113,0.113,0.113,0.0,-1.29,-1.29,-1.29,0.0,1.94,1.552,1.552,0.0
2026-10-07T19:47:22.510666+00:00,10.493414199911058,0.0,hardware,IDLE,0,0.14486232791552936,0.0,,0.0,,0.0,,0.0,1.45,0.0,0.113,0.0,-1.29,0.0,-1.552002285,0.0,1.559887499,0.0,-1.5599264019999999,0.0,1.545295464,0.0,1.552,0.0,1.5379273279999999,0.0,-1.537966411,0.0,1.537968744,0.0,-1.79835218,0.0,1.45,1.45,1.45,0.0,0.113,0.113,0.113,0.0,-1.29,-1.29,-1.29,0.0,1.94,1.552,1.552,0.0
2026-10-07T19:47:22.536668+00:00,10.518937799846753,0.0,hardware,IDLE,0,0.14486232791552936,0.0,,0.0,,0.0,,0.0,1.45,0.0,0.113,0.0,-1.29,0.0,-1.552002285,0.0,1.559887499,0.0,-1.5599264019999999,0.0,1.545295464,0.0,1.552,0.0,1.5379273279999999,0.0,-1.537966411,0.0,1.537968744,0.0,-1.79835218,0.0,1.45,1.45,1.45,0.0,0.113,0.113,0.113,0.0,-1.29,-1.29,-1.29,0.0,1.94,1.552,1.552,0.0
2026-10-07T19:47:22.561405+00:00,10.544241599971429,0.0,hardware,IDLE,0,0.14486232791552936,0.0,,0.0,,0.0,,0.0,1.45,0.0,0.113,0.0,-1.29,0.0,-1.552002285,0.0,1.559887499,0.0,-1.5599264019999999,0.0,1.545295464,0.0,1.552,0.0,1.5379273279999999,0.0,-1.537966411,0.0,1.537968744,0.0,-1.79835218,0.0,1.45,1.45,1.45,0.0,0.113,0.113,0.113,0.0,-1.29,-1.29,-1.29,0.0,1.94,1.552,1.552,0.0
2026-10-07T19:47:22.588340+00:00,10.570665899896994,0.0,hardware,IDLE,0,0.14486232791552936,0.0,,0.0,,0.0,,0.0,1.45,0.0,0.113,0.0,-1.29,0.0,-1.552002285,0.0,1.559887499,0.0,-1.5599264019999999,0.0,1.545295464,0.0,1.552,0.0,1.5379273279999999,0.0,-1.537966411,0.0,1.537968744,0.0,-1.79835218,0.0,1.45,1.45,1.45,0.0,0.113,0.113,0.113,0.0,-1.29,-1.29,-1.29,0.0,1.94,1.552,1.552,0.0
2026-10-07T19:47:22.613418+00:00,10.596319899894297,0.0,hardware,IDLE,0,0.14486232791552936,0.0,,0.0,,0.0,,0.0,1.45,0.0,0.113,0.0,-1.29,0.0,-1.552002285,0.0,1.559887499,0.0,-1.5599264019999999,0.0,1.545295464,0.0,1.552,0.0,1.5379273279999999,0.0,-1.537966411,0.0,1.537968744,0.0,-1.79835218,0.0,1.45,1.45,1.45,0.0,0.113,0.113,0.113,0.0,-1.29,-1.29,-1.29,0.0,1.94,1.552,1.552,0.0
2026-10-07T19:47:22.639431+00:00,10.621672499924898,0.0,hardware,IDLE,0,0.14486232791552936,0.0,,0.0,,0.0,,0.0,1.45,0.0,0.113,0.0,-1.29,0.0,-1.552002285,0.0,1.559887499,0.0,-1.5599264019999999,0.0,1.545295464,0.0,1.552,0.0,1.5379273279999999,0.0,-1.537966411,0.0,1.537968744,0.0,-1.79835218,0.0,1.45,1.45,1.45,0.0,0.113,0.113,0.113,0.0,-1.29,-1.29,-1.29,0.0,1.94,1.552,1.552,0.0
2026-10-07T19:47:22.663270+00:00,10.645545999985188,0.0,hardware,IDLE,0,0.14486232791552936,0.0,,0.0,,0.0,,0.0,1.45,0.0,0.113,0.0,-1.29,0.0,-1.552002285,0.0,1.559887499,0.0,-1.5599264019999999,0.0,1.545295464,0.0,1.552,0.0,1.5379273279999999,0.0,-1.537966411,0.0,1.537968744,0.0,-1.79835218,0.0,1.45,1.45,1.45,0.0,0.113,0.113,0.113,0.0,-1.29,-1.29,-1.29,0.0,1.94,1.552,1.552,0.0
2026-10-07T19:47:22.687218+00:00,10.669670199975371,0.0,hardware,IDLE,0,0.14486232791552936,0.0,,0.0,,0.0,,0.0,1.45,0.0,0.113,0.0,-1.29,0.0,-1.552002285,0.0,1.559887499,0.0,-1.5599264019999999,0.0,1.545295464,0.0,1.552,0.0,1.5379273279999999,0.0,-1.537966411,0.0,1.537968744,0.0,-1.79835218,0.0,1.45,1.45,1.45,0.0,0.113,0.113,0.113,0.0,-1.29,-1.29,-1.29,0.0,1.94,1.552,1.552,0.0
2026-10-07T19:47:22.710212+00:00,10.692407499998808,0.0,hardware,IDLE,0,0.14486232791552936,0.0,,0.0,,0.0,,0.0,1.45,0.0,0.113,0.0,-1.29,0.0,-1.552002285,0.0,1.559887499,0.0,-1.5599264019999999,0.0,1.545295464,0.0,1.552,0.0,1.5379273279999999,0.0,-1.537966411,0.0,1.537968744,0.0,-1.79835218,0.0,1.45,1.45,1.45,0.0,0.113,0.113,0.113,0.0,-1.29,-1.29,-1.29,0.0,1.94,1.552,1.552,0.0
2026-10-07T19:47:22.731308+00:00,10.714073299895972,0.0,hardware,IDLE,0,0.14486232791552936,0.0,,0.0,,0.0,,0.0,1.45,0.0,0.113,0.0,-1.29,0.0,-1.552002285,0.0,1.559887499,0.0,-1.5599264019999999,0.0,1.545295464,0.0,1.552,0.0,1.5379273279999999,0.0,-1.537966411,0.0,1.537968744,0.0,-1.79835218,0.0,1.45,1.45,1.45,0.0,0.113,0.113,0.113,0.0,-1.29,-1.29,-1.29,0.0,1.94,1.552,1.552,0.0
2026-10-07T19:47:22.756344+00:00,10.738796500023454,0.0,hardware,IDLE,0,0.14486232791552936,0.0,,0.0,,0.0,,0.0,1.45,0.0,0.113,0.0,-1.29,0.0,-1.552002285,0.0,1.559887499,0.0,-1.5599264019999999,0.0,1.545295464,0.0,1.552,0.0,1.5379273279999999,0.0,-1.537966411,0.0,1.537968744,0.0,-1.79835218,0.0,1.45,1.45,1.45,0.0,0.113,0.113,0.113,0.0,-1.29,-1.29,-1.29,0.0,1.94,1.552,1.552,0.0
2026-10-07T19:47:22.779903+00:00,10.76211759983562,0.0,hardware,IDLE,0,0.14486232791552936,0.0,,0.0,,0.0,,0.0,1.45,0.0,0.113,0.0,-1.29,0.0,-1.552002285,0.0,1.559887499,0.0,-1.5599264019999999,0.0,1.545295464,0.0,1.552,0.0,1.5379273279999999,0.0,-1.537966411,0.0,1.537968744,0.0,-1.79835218,0.0,1.45,1.45,1.45,0.0,0.113,0.113,0.113,0.0,-1.29,-1.29,-1.29,0.0,1.94,1.552,1.552,0.0
2026-10-07T19:47:22.802918+00:00,10.785818999866024,0.0,hardware,IDLE,0,0.14486232791552936,0.0,,0.0,,0.0,,0.0,1.45,0.0,0.113,0.0,-1.29,0.0,-1.552002285,0.0,1.559887499,0.0,-1.5599264019999999,0.0,1.545295464,0.0,1.552,0.0,1.5379273279999999,0.0,-1.537966411,0.0,1.537968744,0.0,-1.79835218,0.0,1.45,1.45,1.45,0.0,0.113,0.113,0.113,0.0,-1.29,-1.29,-1.29,0.0,1.94,1.552,1.552,0.0
2026-10-07T19:47:22.823912+00:00,10.806482899934053,0.0,hardware,IDLE,0,0.14486232791552936,0.0,,0.0,,0.0,,0.0,1.45,0.0,0.113,0.0,-1.29,0.0,-1.552002285,0.0,1.559887499,0.0,-1.5599264019999999,0.0,1.545295464,0.0,1.552,0.0,1.5379273279999999,0.0,-1.537966411,0.0,1.537968744,0.0,-1.79835218,0.0,1.45,1.45,1.45,0.0,0.113,0.113,0.113,0.0,-1.29,-1.29,-1.29,0.0,1.94,1.552,1.552,0.0
2026-10-07T19:47:22.844018+00:00,10.82659829990007,0.0,hardware,IDLE,0,0.14486232791552936,0.0,,0.0,,0.0,,0.0,1.45,0.0,0.113,0.0,-1.29,0.0,-1.552002285,0.0,1.559887499,0.0,-1.5599264019999999,0.0,1.545295464,0.0,1.552,0.0,1.5379273279999999,0.0,-1.537966411,0.0,1.537968744,0.0,-1.79835218,0.0,1.45,1.45,1.45,0.0,0.113,0.113,0.113,0.0,-1.29,-1.29,-1.29,0.0,1.94,1.552,1.552,0.0
2026-10-07T19:47:22.867671+00:00,10.849838600028306,0.0,hardware,IDLE,0,0.14486232791552936,0.0,,0.0,,0.0,,0.0,1.45,0.0,0.113,0.0,-1.29,0.0,-1.552002285,0.0,1.559887499,0.0,-1.5599264019999999,0.0,1.545295464,0.0,1.552,0.0,1.5379273279999999,0.0,-1.537966411,0.0,1.537968744,0.0,-1.79835218,0.0,1.45,1.45,1.45,0.0,0.113,0.113,0.113,0.0,-1.29,-1.29,-1.29,0.0,1.94,1.552,1.552,0.0
2026-10-07T19:47:22.889766+00:00,10.871926099993289,0.0,hardware,IDLE,0,0.14486232791552936,0.0,,0.0,,0.0,,0.0,1.45,0.0,0.113,0.0,-1.29,0.0,-1.552002285,0.0,1.559887499,0.0,-1.5599264019999999,0.0,1.545295464,0.0,1.552,0.0,1.5379273279999999,0.0,-1.537966411,0.0,1.537968744,0.0,-1.79835218,0.0,1.45,1.45,1.45,0.0,0.113,0.113,0.113,0.0,-1.29,-1.29,-1.29,0.0,1.94,1.552,1.552,0.0
2026-10-07T19:47:22.911671+00:00,10.894075799966231,0.0,hardware,IDLE,0,0.14486232791552936,0.0,,0.0,,0.0,,0.0,1.45,0.0,0.113,0.0,-1.29,0.0,-1.552002285,0.0,1.559887499,0.0,-1.5599264019999999,0.0,1.545295464,0.0,1.552,0.0,1.5379273279999999,0.0,-1.537966411,0.0,1.537968744,0.0,-1.79835218,0.0,1.45,1.45,1.45,0.0,0.113,0.113,0.113,0.0,-1.29,-1.29,-1.29,0.0,1.94,1.552,1.552,0.0
2026-10-07T19:47:22.936760+00:00,10.919034299906343,0.0,hardware,IDLE,0,0.14486232791552936,0.0,,0.0,,0.0,,0.0,1.45,0.0,0.113,0.0,-1.29,0.0,-1.552002285,0.0,1.559887499,0.0,-1.5599264019999999,0.0,1.545295464,0.0,1.552,0.0,1.5379273279999999,0.0,-1.537966411,0.0,1.537968744,0.0,-1.79835218,0.0,1.45,1.45,1.45,0.0,0.113,0.113,0.113,0.0,-1.29,-1.29,-1.29,0.0,1.94,1.552,1.552,0.0
2026-10-07T19:47:22.959425+00:00,10.942527499981225,0.0,hardware,IDLE,0,0.14486232791552936,0.0,,0.0,,0.0,,0.0,1.45,0.0,0.113,0.0,-1.29,0.0,-1.552002285,0.0,1.559887499,0.0,-1.5599264019999999,0.0,1.545295464,0.0,1.552,0.0,1.5379273279999999,0.0,-1.537966411,0.0,1.537968744,0.0,-1.79835218,0.0,1.45,1.45,1.45,0.0,0.113,0.113,0.113,0.0,-1.29,-1.29,-1.29,0.0,1.94,1.552,1.552,0.0
2026-10-07T19:47:22.979420+00:00,10.962017599958926,0.0,hardware,IDLE,0,0.14486232791552936,0.0,,0.0,,0.0,,0.0,1.45,0.0,0.113,0.0,-1.29,0.0,-1.552002285,0.0,1.559887499,0.0,-1.5599264019999999,0.0,1.545295464,0.0,1.552,0.0,1.5379273279999999,0.0,-1.537966411,0.0,1.537968744,0.0,-1.79835218,0.0,1.45,1.45,1.45,0.0,0.113,0.113,0.113,0.0,-1.29,-1.29,-1.29,0.0,1.94,1.552,1.552,0.0
2026-10-07T19:47:23.000330+00:00,10.982557100011036,0.0,hardware,IDLE,0,0.14486232791552936,0.0,,0.0,,0.0,,0.0,1.45,0.0,0.113,0.0,-1.29,0.0,-1.552002285,0.0,1.559887499,0.0,-1.5599264019999999,0.0,1.545295464,0.0,1.552,0.0,1.5379273279999999,0.0,-1.537966411,0.0,1.537968744,0.0,-1.79835218,0.0,1.45,1.45,1.45,0.0,0.113,0.113,0.113,0.0,-1.29,-1.29,-1.29,0.0,1.94,1.552,1.552,0.0
2026-10-07T19:47:23.017326+00:00,11.000077100005,0.0,hardware,IDLE,0,0.14486232791552936,0.0,,0.0,,0.0,,0.0,1.45,0.0,0.113,0.0,-1.29,0.0,-1.552002285,0.0,1.559887499,0.0,-1.5599264019999999,0.0,1.545295464,0.0,1.552,0.0,1.5379273279999999,0.0,-1.537966411,0.0,1.537968744,0.0,-1.79835218,0.0,1.45,1.45,1.45,0.0,0.113,0.113,0.113,0.0,-1.29,-1.29,-1.29,0.0,1.94,1.552,1.552,0.0
2026-10-07T19:47:23.041325+00:00,11.023576400009915,0.0,hardware,IDLE,0,0.14486232791552936,0.0,,0.0,,0.0,,0.0,1.45,0.0,0.113,0.0,-1.29,0.0,-1.552002285,0.0,1.559887499,0.0,-1.5599264019999999,0.0,1.545295464,0.0,1.552,0.0,1.5379273279999999,0.0,-1.537966411,0.0,1.537968744,0.0,-1.79835218,0.0,1.45,1.45,1.45,0.0,0.113,0.113,0.113,0.0,-1.29,-1.29,-1.29,0.0,1.94,1.552,1.552,0.0
2026-10-07T19:47:23.061935+00:00,11.04409069987014,0.0,hardware,IDLE,0,0.14486232791552936,0.0,,0.0,,0.0,,0.0,1.45,0.0,0.113,0.0,-1.29,0.0,-1.552002285,0.0,1.559887499,0.0,-1.5599264019999999,0.0,1.545295464,0.0,1.552,0.0,1.5379273279999999,0.0,-1.537966411,0.0,1.537968744,0.0,-1.79835218,0.0,1.45,1.45,1.45,0.0,0.113,0.113,0.113,0.0,-1.29,-1.29,-1.29,0.0,1.94,1.552,1.552,0.0
2026-10-07T19:47:23.081919+00:00,11.064069599844515,0.0,hardware,IDLE,0,0.14486232791552936,0.0,,0.0,,0.0,,0.0,1.45,0.0,0.113,0.0,-1.29,0.0,-1.552002285,0.0,1.559887499,0.0,-1.5599264019999999,0.0,1.545295464,0.0,1.552,0.0,1.5379273279999999,0.0,-1.537966411,0.0,1.537968744,0.0,-1.79835218,0.0,1.45,1.45,1.45,0.0,0.113,0.113,0.113,0.0,-1.29,-1.29,-1.29,0.0,1.94,1.552,1.552,0.0
2026-10-07T19:47:23.098906+00:00,11.081020999932662,0.0,hardware,IDLE,0,0.14486232791552936,0.0,,0.0,,0.0,,0.0,1.45,0.0,0.113,0.0,-1.29,0.0,-1.552002285,0.0,1.559887499,0.0,-1.5599264019999999,0.0,1.545295464,0.0,1.552,0.0,1.5379273279999999,0.0,-1.537966411,0.0,1.537968744,0.0,-1.79835218,0.0,1.45,1.45,1.45,0.0,0.113,0.113,0.113,0.0,-1.29,-1.29,-1.29,0.0,1.94,1.552,1.552,0.0
2026-10-07T19:47:23.116905+00:00,11.099763300037012,0.0,hardware,IDLE,0,0.14486232791552936,0.0,,0.0,,0.0,,0.0,1.45,0.0,0.113,0.0,-1.29,0.0,-1.552002285,0.0,1.559887499,0.0,-1.5599264019999999,0.0,1.545295464,0.0,1.552,0.0,1.5379273279999999,0.0,-1.537966411,0.0,1.537968744,0.0,-1.79835218,0.0,1.45,1.45,1.45,0.0,0.113,0.113,0.113,0.0,-1.29,-1.29,-1.29,0.0,1.94,1.552,1.552,0.0
2026-10-07T19:47:23.137910+00:00,11.120143099920824,0.0,hardware,IDLE,0,0.14486232791552936,0.0,,0.0,,0.0,,0.0,1.45,0.0,0.113,0.0,-1.29,0.0,-1.552002285,0.0,1.559887499,0.0,-1.5599264019999999,0.0,1.545295464,0.0,1.552,0.0,1.5379273279999999,0.0,-1.537966411,0.0,1.537968744,0.0,-1.79835218,0.0,1.45,1.45,1.45,0.0,0.113,0.113,0.113,0.0,-1.29,-1.29,-1.29,0.0,1.94,1.552,1.552,0.0
2026-10-07T19:47:23.155938+00:00,11.138736999826506,0.0,hardware,IDLE,0,0.14486232791552936,0.0,,0.0,,0.0,,0.0,1.45,0.0,0.113,0.0,-1.29,0.0,-1.552002285,0.0,1.559887499,0.0,-1.5599264019999999,0.0,1.545295464,0.0,1.552,0.0,1.5379273279999999,0.0,-1.537966411,0.0,1.537968744,0.0,-1.79835218,0.0,1.45,1.45,1.45,0.0,0.113,0.113,0.113,0.0,-1.29,-1.29,-1.29,0.0,1.94,1.552,1.552,0.0
2026-10-07T19:47:23.172461+00:00,11.155118299880996,0.0,hardware,IDLE,0,0.14486232791552936,0.0,,0.0,,0.0,,0.0,1.45,0.0,0.113,0.0,-1.29,0.0,-1.552002285,0.0,1.559887499,0.0,-1.5599264019999999,0.0,1.545295464,0.0,1.552,0.0,1.5379273279999999,0.0,-1.537966411,0.0,1.537968744,0.0,-1.79835218,0.0,1.45,1.45,1.45,0.0,0.113,0.113,0.113,0.0,-1.29,-1.29,-1.29,0.0,1.94,1.552,1.552,0.0
2026-10-07T19:47:23.189443+00:00,11.171890300000086,0.0,hardware,IDLE,0,0.14486232791552936,0.0,,0.0,,0.0,,0.0,1.45,0.0,0.113,0.0,-1.29,0.0,-1.552002285,0.0,1.559887499,0.0,-1.5599264019999999,0.0,1.545295464,0.0,1.552,0.0,1.5379273279999999,0.0,-1.537966411,0.0,1.537968744,0.0,-1.79835218,0.0,1.45,1.45,1.45,0.0,0.113,0.113,0.113,0.0,-1.29,-1.29,-1.29,0.0,1.94,1.552,1.552,0.0
2026-10-07T19:47:23.205441+00:00,11.187631099950522,0.0,hardware,IDLE,0,0.14486232791552936,0.0,,0.0,,0.0,,0.0,1.45,0.0,0.113,0.0,-1.29,0.0,-1.552002285,0.0,1.559887499,0.0,-1.5599264019999999,0.0,1.545295464,0.0,1.552,0.0,1.5379273279999999,0.0,-1.537966411,0.0,1.537968744,0.0,-1.79835218,0.0,1.45,1.45,1.45,0.0,0.113,0.113,0.113,0.0,-1.29,-1.29,-1.29,0.0,1.94,1.552,1.552,0.0
2026-10-07T19:47:23.221439+00:00,11.20380140002817,0.0,hardware,IDLE,0,0.14486232791552936,0.0,,0.0,,0.0,,0.0,1.45,0.0,0.113,0.0,-1.29,0.0,-1.552002285,0.0,1.559887499,0.0,-1.5599264019999999,0.0,1.545295464,0.0,1.552,0.0,1.5379273279999999,0.0,-1.537966411,0.0,1.537968744,0.0,-1.79835218,0.0,1.45,1.45,1.45,0.0,0.113,0.113,0.113,0.0,-1.29,-1.29,-1.29,0.0,1.94,1.552,1.552,0.0
2026-10-07T19:47:23.237464+00:00,11.219645599834621,0.0,hardware,IDLE,0,0.14486232791552936,0.0,,0.0,,0.0,,0.0,1.45,0.0,0.113,0.0,-1.29,0.0,-1.552002285,0.0,1.559887499,0.0,-1.5599264019999999,0.0,1.545295464,0.0,1.552,0.0,1.5379273279999999,0.0,-1.537966411,0.0,1.537968744,0.0,-1.79835218,0.0,1.45,1.45,1.45,0.0,0.113,0.113,0.113,0.0,-1.29,-1.29,-1.29,0.0,1.94,1.552,1.552,0.0
2026-10-07T19:47:23.253501+00:00,11.235677399905398,0.0,hardware,IDLE,0,0.14486232791552936,0.0,,0.0,,0.0,,0.0,1.45,0.0,0.113,0.0,-1.29,0.0,-1.552002285,0.0,1.559887499,0.0,-1.5599264019999999,0.0,1.545295464,0.0,1.552,0.0,1.5379273279999999,0.0,-1.537966411,0.0,1.537968744,0.0,-1.79835218,0.0,1.45,1.45,1.45,0.0,0.113,0.113,0.113,0.0,-1.29,-1.29,-1.29,0.0,1.94,1.552,1.552,0.0
2026-10-07T19:47:23.269056+00:00,11.251224299892783,0.0,hardware,IDLE,0,0.14486232791552936,0.0,,0.0,,0.0,,0.0,1.45,0.0,0.113,0.0,-1.29,0.0,-1.552002285,0.0,1.559887499,0.0,-1.5599264019999999,0.0,1.545295464,0.0,1.552,0.0,1.5379273279999999,0.0,-1.537966411,0.0,1.537968744,0.0,-1.79835218,0.0,1.45,1.45,1.45,0.0,0.113,0.113,0.113,0.0,-1.29,-1.29,-1.29,0.0,1.94,1.552,1.552,0.0
2026-10-07T19:47:23.284039+00:00,11.266798299970105,0.0,hardware,IDLE,0,0.14486232791552936,0.0,,0.0,,0.0,,0.0,1.45,0.0,0.113,0.0,-1.29,0.0,-1.552002285,0.0,1.559887499,0.0,-1.5599264019999999,0.0,1.545295464,0.0,1.552,0.0,1.5379273279999999,0.0,-1.537966411,0.0,1.537968744,0.0,-1.79835218,0.0,1.45,1.45,1.45,0.0,0.113,0.113,0.113,0.0,-1.29,-1.29,-1.29,0.0,1.94,1.552,1.552,0.0
2026-10-07T19:47:23.300057+00:00,11.283080499852076,0.0,hardware,IDLE,0,0.14486232791552936,0.0,,0.0,,0.0,,0.0,1.45,0.0,0.113,0.0,-1.29,0.0,-1.552002285,0.0,1.559887499,0.0,-1.5599264019999999,0.0,1.545295464,0.0,1.552,0.0,1.5379273279999999,0.0,-1.537966411,0.0,1.537968744,0.0,-1.79835218,0.0,1.45,1.45,1.45,0.0,0.113,0.113,0.113,0.0,-1.29,-1.29,-1.29,0.0,1.94,1.552,1.552,0.0
2026-10-07T19:47:23.316158+00:00,11.298753099981695,0.0,hardware,IDLE,0,0.14486232791552936,0.0,,0.0,,0.0,,0.0,1.45,0.0,0.113,0.0,-1.29,0.0,-1.552002285,0.0,1.559887499,0.0,-1.5599264019999999,0.0,1.545295464,0.0,1.552,0.0,1.5379273279999999,0.0,-1.537966411,0.0,1.537968744,0.0,-1.79835218,0.0,1.45,1.45,1.45,0.0,0.113,0.113,0.113,0.0,-1.29,-1.29,-1.29,0.0,1.94,1.552,1.552,0.0
2026-10-07T19:47:23.331134+00:00,11.313593399943784,0.0,hardware,IDLE,0,0.14486232791552936,0.0,,0.0,,0.0,,0.0,1.45,0.0,0.113,0.0,-1.29,0.0,-1.552002285,0.0,1.559887499,0.0,-1.5599264019999999,0.0,1.545295464,0.0,1.552,0.0,1.5379273279999999,0.0,-1.537966411,0.0,1.537968744,0.0,-1.79835218,0.0,1.45,1.45,1.45,0.0,0.113,0.113,0.113,0.0,-1.29,-1.29,-1.29,0.0,1.94,1.552,1.552,0.0
2026-10-07T19:47:23.346128+00:00,11.328879700042307,0.0,hardware,IDLE,0,0.14486232791552936,0.0,,0.0,,0.0,,0.0,1.45,0.0,0.113,0.0,-1.29,0.0,-1.552002285,0.0,1.559887499,0.0,-1.5599264019999999,0.0,1.545295464,0.0,1.552,0.0,1.5379273279999999,0.0,-1.537966411,0.0,1.537968744,0.0,-1.79835218,0.0,1.45,1.45,1.45,0.0,0.113,0.113,0.113,0.0,-1.29,-1.29,-1.29,0.0,1.94,1.552,1.552,0.0
2026-10-07T19:47:23.361831+00:00,11.344192699994892,0.0,hardware,IDLE,0,0.14486232791552936,0.0,,0.0,,0.0,,0.0,1.45,0.0,0.113,0.0,-1.29,0.0,-1.552002285,0.0,1.559887499,0.0,-1.5599264019999999,0.0,1.545295464,0.0,1.552,0.0,1.5379273279999999,0.0,-1.537966411,0.0,1.537968744,0.0,-1.79835218,0.0,1.45,1.45,1.45,0.0,0.113,0.113,0.113,0.0,-1.29,-1.29,-1.29,0.0,1.94,1.552,1.552,0.0
2026-10-07T19:47:23.376828+00:00,11.359773299889639,0.0,hardware,IDLE,0,0.14486232791552936,0.0,,0.0,,0.0,,0.0,1.45,0.0,0.113,0.0,-1.29,0.0,-1.552002285,0.0,1.559887499,0.0,-1.5599264019999999,0.0,1.545295464,0.0,1.552,0.0,1.5379273279999999,0.0,-1.537966411,0.0,1.537968744,0.0,-1.79835218,0.0,1.45,1.45,1.45,0.0,0.113,0.113,0.113,0.0,-1.29,-1.29,-1.29,0.0,1.94,1.552,1.552,0.0
2026-10-07T19:47:23.392841+00:00,11.375301099848002,0.0,hardware,IDLE,0,0.14486232791552936,0.0,,0.0,,0.0,,0.0,1.45,0.0,0.113,0.0,-1.29,0.0,-1.552002285,0.0,1.559887499,0.0,-1.5599264019999999,0.0,1.545295464,0.0,1.552,0.0,1.5379273279999999,0.0,-1.537966411,0.0,1.537968744,0.0,-1.79835218,0.0,1.45,1.45,1.45,0.0,0.113,0.113,0.113,0.0,-1.29,-1.29,-1.29,0.0,1.94,1.552,1.552,0.0
2026-10-07T19:47:23.411737+00:00,11.393939099973068,0.0,hardware,IDLE,0,0.14486232791552936,0.0,,0.0,,0.0,,0.0,1.45,0.0,0.113,0.0,-1.29,0.0,-1.552002285,0.0,1.559887499,0.0,-1.5599264019999999,0.0,1.545295464,0.0,1.552,0.0,1.5379273279999999,0.0,-1.537966411,0.0,1.537968744,0.0,-1.79835218,0.0,1.45,1.45,1.45,0.0,0.113,0.113,0.113,0.0,-1.29,-1.29,-1.29,0.0,1.94,1.552,1.552,0.0
2026-10-07T19:47:23.426833+00:00,11.409567299997434,0.0,hardware,IDLE,0,0.14486232791552936,0.0,,0.0,,0.0,,0.0,1.45,0.0,0.113,0.0,-1.29,0.0,-1.552002285,0.0,1.559887499,0.0,-1.5599264019999999,0.0,1.545295464,0.0,1.552,0.0,1.5379273279999999,0.0,-1.537966411,0.0,1.537968744,0.0,-1.79835218,0.0,1.45,1.45,1.45,0.0,0.113,0.113,0.113,0.0,-1.29,-1.29,-1.29,0.0,1.94,1.552,1.552,0.0
2026-10-07T19:47:23.444776+00:00,11.4277182999067,0.0,hardware,IDLE,0,0.14486232791552936,0.0,,0.0,,0.0,,0.0,1.45,0.0,0.113,0.0,-1.29,0.0,-1.552002285,0.0,1.559887499,0.0,-1.5599264019999999,0.0,1.545295464,0.0,1.552,0.0,1.5379273279999999,0.0,-1.537966411,0.0,1.537968744,0.0,-1.79835218,0.0,1.45,1.45,1.45,0.0,0.113,0.113,0.113,0.0,-1.29,-1.29,-1.29,0.0,1.94,1.552,1.552,0.0
2026-10-07T19:47:23.475615+00:00,11.45872089988552,0.0,hardware,IDLE,0,0.14486232791552936,0.0,,0.0,,0.0,,0.0,1.45,0.0,0.113,0.0,-1.29,0.0,-1.552002285,0.0,1.559887499,0.0,-1.5599264019999999,0.0,1.545295464,0.0,1.552,0.0,1.5379273279999999,0.0,-1.537966411,0.0,1.537968744,0.0,-1.79835218,0.0,1.45,1.45,1.45,0.0,0.113,0.113,0.113,0.0,-1.29,-1.29,-1.29,0.0,1.94,1.552,1.552,0.0
2026-10-07T19:47:23.507506+00:00,11.48993659997359,0.0,hardware,IDLE,0,0.14486232791552936,0.0,,0.0,,0.0,,0.0,1.45,0.0,0.113,0.0,-1.29,0.0,-1.552002285,0.0,1.559887499,0.0,-1.5599264019999999,0.0,1.545295464,0.0,1.552,0.0,1.5379273279999999,0.0,-1.537966411,0.0,1.537968744,0.0,-1.79835218,0.0,1.45,1.45,1.45,0.0,0.113,0.113,0.113,0.0,-1.29,-1.29,-1.29,0.0,1.94,1.552,1.552,0.0
2026-10-07T19:47:23.544517+00:00,11.526795499958098,0.0,hardware,IDLE,0,0.14486232791552936,0.0,,0.0,,0.0,,0.0,1.45,0.0,0.113,0.0,-1.29,0.0,-1.552002285,0.0,1.559887499,0.0,-1.5599264019999999,0.0,1.545295464,0.0,1.552,0.0,1.5379273279999999,0.0,-1.537966411,0.0,1.537968744,0.0,-1.79835218,0.0,1.45,1.45,1.45,0.0,0.113,0.113,0.113,0.0,-1.29,-1.29,-1.29,0.0,1.94,1.552,1.552,0.0
2026-10-07T19:47:23.582040+00:00,11.565064899856225,0.0,hardware,IDLE,0,0.14486232791552936,0.0,,0.0,,0.0,,0.0,1.45,0.0,0.113,0.0,-1.29,0.0,-1.552002285,0.0,1.559887499,0.0,-1.5599264019999999,0.0,1.545295464,0.0,1.552,0.0,1.5379273279999999,0.0,-1.537966411,0.0,1.537968744,0.0,-1.79835218,0.0,1.45,1.45,1.45,0.0,0.113,0.113,0.113,0.0,-1.29,-1.29,-1.29,0.0,1.94,1.552,1.552,0.0
2026-10-07T19:47:23.614039+00:00,11.59649939998053,0.0,hardware,IDLE,0,0.14486232791552936,0.0,,0.0,,0.0,,0.0,1.45,0.0,0.113,0.0,-1.29,0.0,-1.552002285,0.0,1.559887499,0.0,-1.5599264019999999,0.0,1.545295464,0.0,1.552,0.0,1.5379273279999999,0.0,-1.537966411,0.0,1.537968744,0.0,-1.79835218,0.0,1.45,1.45,1.45,0.0,0.113,0.113,0.113,0.0,-1.29,-1.29,-1.29,0.0,1.94,1.552,1.552,0.0
2026-10-07T19:47:23.642371+00:00,11.62522209994495,0.0,hardware,IDLE,0,0.14486232791552936,0.0,,0.0,,0.0,,0.0,1.45,0.0,0.113,0.0,-1.29,0.0,-1.552002285,0.0,1.559887499,0.0,-1.5599264019999999,0.0,1.545295464,0.0,1.552,0.0,1.5379273279999999,0.0,-1.537966411,0.0,1.537968744,0.0,-1.79835218,0.0,1.45,1.45,1.45,0.0,0.113,0.113,0.113,0.0,-1.29,-1.29,-1.29,0.0,1.94,1.552,1.552,0.0
2026-10-07T19:47:23.665515+00:00,11.647821499966085,0.0,hardware,IDLE,0,0.14486232791552936,0.0,,0.0,,0.0,,0.0,1.45,0.0,0.113,0.0,-1.29,0.0,-1.552002285,0.0,1.559887499,0.0,-1.5599264019999999,0.0,1.545295464,0.0,1.552,0.0,1.5379273279999999,0.0,-1.537966411,0.0,1.537968744,0.0,-1.79835218,0.0,1.45,1.45,1.45,0.0,0.113,0.113,0.113,0.0,-1.29,-1.29,-1.29,0.0,1.94,1.552,1.552,0.0
2026-10-07T19:47:23.682513+00:00,11.664693499915302,0.0,hardware,IDLE,0,0.14486232791552936,0.0,,0.0,,0.0,,0.0,1.45,0.0,0.113,0.0,-1.29,0.0,-1.552002285,0.0,1.559887499,0.0,-1.5599264019999999,0.0,1.545295464,0.0,1.552,0.0,1.5379273279999999,0.0,-1.537966411,0.0,1.537968744,0.0,-1.79835218,0.0,1.45,1.45,1.45,0.0,0.113,0.113,0.113,0.0,-1.29,-1.29,-1.29,0.0,1.94,1.552,1.552,0.0
2026-10-07T19:47:23.703512+00:00,11.686106399865821,0.0,hardware,IDLE,0,0.14486232791552936,0.0,,0.0,,0.0,,0.0,1.45,0.0,0.113,0.0,-1.29,0.0,-1.552002285,0.0,1.559887499,0.0,-1.5599264019999999,0.0,1.545295464,0.0,1.552,0.0,1.5379273279999999,0.0,-1.537966411,0.0,1.537968744,0.0,-1.79835218,0.0,1.45,1.45,1.45,0.0,0.113,0.113,0.113,0.0,-1.29,-1.29,-1.29,0.0,1.94,1.552,1.552,0.0
2026-10-07T19:47:23.727326+00:00,11.70947749982588,0.0,hardware,IDLE,0,0.14486232791552936,0.0,,0.0,,0.0,,0.0,1.45,0.0,0.113,0.0,-1.29,0.0,-1.552002285,0.0,1.559887499,0.0,-1.5599264019999999,0.0,1.545295464,0.0,1.552,0.0,1.5379273279999999,0.0,-1.537966411,0.0,1.537968744,0.0,-1.79835218,0.0,1.45,1.45,1.45,0.0,0.113,0.113,0.113,0.0,-1.29,-1.29,-1.29,0.0,1.94,1.552,1.552,0.0
2026-10-07T19:47:23.749350+00:00,11.732086499920115,0.0,hardware,IDLE,0,0.14486232791552936,0.0,,0.0,,0.0,,0.0,1.45,0.0,0.113,0.0,-1.29,0.0,-1.552002285,0.0,1.559887499,0.0,-1.5599264019999999,0.0,1.545295464,0.0,1.552,0.0,1.5379273279999999,0.0,-1.537966411,0.0,1.537968744,0.0,-1.79835218,0.0,1.45,1.45,1.45,0.0,0.113,0.113,0.113,0.0,-1.29,-1.29,-1.29,0.0,1.94,1.552,1.552,0.0
2026-10-07T19:47:23.772942+00:00,11.755912399850786,0.0,hardware,IDLE,0,0.14486232791552936,0.0,,0.0,,0.0,,0.0,1.45,0.0,0.113,0.0,-1.29,0.0,-1.552002285,0.0,1.559887499,0.0,-1.5599264019999999,0.0,1.545295464,0.0,1.552,0.0,1.5379273279999999,0.0,-1.537966411,0.0,1.537968744,0.0,-1.79835218,0.0,1.45,1.45,1.45,0.0,0.113,0.113,0.113,0.0,-1.29,-1.29,-1.29,0.0,1.94,1.552,1.552,0.0
2026-10-07T19:47:23.797896+00:00,11.78033380000852,0.0,hardware,IDLE,0,0.14486232791552936,0.0,,0.0,,0.0,,0.0,1.45,0.0,0.113,0.0,-1.29,0.0,-1.552002285,0.0,1.559887499,0.0,-1.5599264019999999,0.0,1.545295464,0.0,1.552,0.0,1.5379273279999999,0.0,-1.537966411,0.0,1.537968744,0.0,-1.79835218,0.0,1.45,1.45,1.45,0.0,0.113,0.113,0.113,0.0,-1.29,-1.29,-1.29,0.0,1.94,1.552,1.552,0.0
2026-10-07T19:47:23.821933+00:00,11.804965700022876,0.0,hardware,IDLE,0,0.14486232791552936,0.0,,0.0,,0.0,,0.0,1.45,0.0,0.113,0.0,-1.29,0.0,-1.552002285,0.0,1.559887499,0.0,-1.5599264019999999,0.0,1.545295464,0.0,1.552,0.0,1.5379273279999999,0.0,-1.537966411,0.0,1.537968744,0.0,-1.79835218,0.0,1.45,1.45,1.45,0.0,0.113,0.113,0.113,0.0,-1.29,-1.29,-1.29,0.0,1.94,1.552,1.552,0.0
2026-10-07T19:47:23.848917+00:00,11.831300499849021,0.0,hardware,IDLE,0,0.14486232791552936,0.0,,0.0,,0.0,,0.0,1.45,0.0,0.113,0.0,-1.29,0.0,-1.552002285,0.0,1.559887499,0.0,-1.5599264019999999,0.0,1.545295464,0.0,1.552,0.0,1.5379273279999999,0.0,-1.537966411,0.0,1.537968744,0.0,-1.79835218,0.0,1.45,1.45,1.45,0.0,0.113,0.113,0.113,0.0,-1.29,-1.29,-1.29,0.0,1.94,1.552,1.552,0.0
2026-10-07T19:47:23.874444+00:00,11.856995600042865,0.0,hardware,IDLE,0,0.14486232791552936,0.0,,0.0,,0.0,,0.0,1.45,0.0,0.113,0.0,-1.29,0.0,-1.552002285,0.0,1.559887499,0.0,-1.5599264019999999,0.0,1.545295464,0.0,1.552,0.0,1.5379273279999999,0.0,-1.537966411,0.0,1.537968744,0.0,-1.79835218,0.0,1.45,1.45,1.45,0.0,0.113,0.113,0.113,0.0,-1.29,-1.29,-1.29,0.0,1.94,1.552,1.552,0.0
2026-10-07T19:47:23.899440+00:00,11.882491299882531,0.0,hardware,IDLE,0,0.14486232791552936,0.0,,0.0,,0.0,,0.0,1.45,0.0,0.113,0.0,-1.29,0.0,-1.552002285,0.0,1.559887499,0.0,-1.5599264019999999,0.0,1.545295464,0.0,1.552,0.0,1.5379273279999999,0.0,-1.537966411,0.0,1.537968744,0.0,-1.79835218,0.0,1.45,1.45,1.45,0.0,0.113,0.113,0.113,0.0,-1.29,-1.29,-1.29,0.0,1.94,1.552,1.552,0.0
2026-10-07T19:47:23.926444+00:00,11.909317399840802,0.0,hardware,IDLE,0,0.14486232791552936,0.0,,0.0,,0.0,,0.0,1.45,0.0,0.113,0.0,-1.29,0.0,-1.552002285,0.0,1.559887499,0.0,-1.5599264019999999,0.0,1.545295464,0.0,1.552,0.0,1.5379273279999999,0.0,-1.537966411,0.0,1.537968744,0.0,-1.79835218,0.0,1.45,1.45,1.45,0.0,0.113,0.113,0.113,0.0,-1.29,-1.29,-1.29,0.0,1.94,1.552,1.552,0.0
2026-10-07T19:47:23.953451+00:00,11.935632599983364,0.0,hardware,IDLE,0,0.14486232791552936,0.0,,0.0,,0.0,,0.0,1.45,0.0,0.113,0.0,-1.29,0.0,-1.552002285,0.0,1.559887499,0.0,-1.5599264019999999,0.0,1.545295464,0.0,1.552,0.0,1.5379273279999999,0.0,-1.537966411,0.0,1.537968744,0.0,-1.79835218,0.0,1.45,1.45,1.45,0.0,0.113,0.113,0.113,0.0,-1.29,-1.29,-1.29,0.0,1.94,1.552,1.552,0.0
2026-10-07T19:47:23.979120+00:00,11.961947999894619,0.0,hardware,IDLE,0,0.14486232791552936,0.0,,0.0,,0.0,,0.0,1.45,0.0,0.113,0.0,-1.29,0.0,-1.552002285,0.0,1.559887499,0.0,-1.5599264019999999,0.0,1.545295464,0.0,1.552,0.0,1.5379273279999999,0.0,-1.537966411,0.0,1.537968744,0.0,-1.79835218,0.0,1.45,1.45,1.45,0.0,0.113,0.113,0.113,0.0,-1.29,-1.29,-1.29,0.0,1.94,1.552,1.552,0.0
2026-10-07T19:47:24.006161+00:00,11.988745699869469,0.0,hardware,IDLE,0,0.14486232791552936,0.0,,0.0,,0.0,,0.0,1.45,0.0,0.113,0.0,-1.29,0.0,-1.552002285,0.0,1.559887499,0.0,-1.5599264019999999,0.0,1.545295464,0.0,1.552,0.0,1.5379273279999999,0.0,-1.537966411,0.0,1.537968744,0.0,-1.79835218,0.0,1.45,1.45,1.45,0.0,0.113,0.113,0.113,0.0,-1.29,-1.29,-1.29,0.0,1.94,1.552,1.552,0.0
2026-10-07T19:47:24.026261+00:00,12.008367799920961,0.0,hardware,IDLE,0,0.14486232791552936,0.0,,0.0,,0.0,,0.0,1.45,0.0,0.113,0.0,-1.29,0.0,-1.552002285,0.0,1.559887499,0.0,-1.5599264019999999,0.0,1.545295464,0.0,1.552,0.0,1.5379273279999999,0.0,-1.537966411,0.0,1.537968744,0.0,-1.79835218,0.0,1.45,1.45,1.45,0.0,0.113,0.113,0.113,0.0,-1.29,-1.29,-1.29,0.0,1.94,1.552,1.552,0.0
2026-10-07T19:47:24.042170+00:00,12.02434609993361,0.0,hardware,IDLE,0,0.14486232791552936,0.0,,0.0,,0.0,,0.0,1.45,0.0,0.113,0.0,-1.29,0.0,-1.552002285,0.0,1.559887499,0.0,-1.5599264019999999,0.0,1.545295464,0.0,1.552,0.0,1.5379273279999999,0.0,-1.537966411,0.0,1.537968744,0.0,-1.79835218,0.0,1.45,1.45,1.45,0.0,0.113,0.113,0.113,0.0,-1.29,-1.29,-1.29,0.0,1.94,1.552,1.552,0.0
2026-10-07T19:47:24.059913+00:00,12.042546599870548,0.0,hardware,IDLE,0,0.14486232791552936,0.0,,0.0,,0.0,,0.0,1.45,0.0,0.113,0.0,-1.29,0.0,-1.552002285,0.0,1.559887499,0.0,-1.5599264019999999,0.0,1.545295464,0.0,1.552,0.0,1.5379273279999999,0.0,-1.537966411,0.0,1.537968744,0.0,-1.79835218,0.0,1.45,1.45,1.45,0.0,0.113,0.113,0.113,0.0,-1.29,-1.29,-1.29,0.0,1.94,1.552,1.552,0.0
2026-10-07T19:47:24.081026+00:00,12.063196999952197,0.0,hardware,IDLE,0,0.14486232791552936,0.0,,0.0,,0.0,,0.0,1.45,0.0,0.113,0.0,-1.29,0.0,-1.552002285,0.0,1.559887499,0.0,-1.5599264019999999,0.0,1.545295464,0.0,1.552,0.0,1.5379273279999999,0.0,-1.537966411,0.0,1.537968744,0.0,-1.79835218,0.0,1.45,1.45,1.45,0.0,0.113,0.113,0.113,0.0,-1.29,-1.29,-1.29,0.0,1.94,1.552,1.552,0.0
2026-10-07T19:47:24.103933+00:00,12.086151599884033,0.0,hardware,IDLE,0,0.14486232791552936,0.0,,0.0,,0.0,,0.0,1.45,0.0,0.113,0.0,-1.29,0.0,-1.552002285,0.0,1.559887499,0.0,-1.5599264019999999,0.0,1.545295464,0.0,1.552,0.0,1.5379273279999999,0.0,-1.537966411,0.0,1.537968744,0.0,-1.79835218,0.0,1.45,1.45,1.45,0.0,0.113,0.113,0.113,0.0,-1.29,-1.29,-1.29,0.0,1.94,1.552,1.552,0.0
2026-10-07T19:47:24.126029+00:00,12.108626100001857,0.0,hardware,IDLE,0,0.14486232791552936,0.0,,0.0,,0.0,,0.0,1.45,0.0,0.113,0.0,-1.29,0.0,-1.552002285,0.0,1.559887499,0.0,-1.5599264019999999,0.0,1.545295464,0.0,1.552,0.0,1.5379273279999999,0.0,-1.537966411,0.0,1.537968744,0.0,-1.79835218,0.0,1.45,1.45,1.45,0.0,0.113,0.113,0.113,0.0,-1.29,-1.29,-1.29,0.0,1.94,1.552,1.552,0.0
2026-10-07T19:47:24.148083+00:00,12.130319399992004,0.0,hardware,IDLE,0,0.14486232791552936,0.0,,0.0,,0.0,,0.0,1.45,0.0,0.113,0.0,-1.29,0.0,-1.552002285,0.0,1.559887499,0.0,-1.5599264019999999,0.0,1.545295464,0.0,1.552,0.0,1.5379273279999999,0.0,-1.537966411,0.0,1.537968744,0.0,-1.79835218,0.0,1.45,1.45,1.45,0.0,0.113,0.113,0.113,0.0,-1.29,-1.29,-1.29,0.0,1.94,1.552,1.552,0.0
2026-10-07T19:47:24.175715+00:00,12.158020899863914,0.0,hardware,IDLE,0,0.14486232791552936,0.0,,0.0,,0.0,,0.0,1.45,0.0,0.113,0.0,-1.29,0.0,-1.552002285,0.0,1.559887499,0.0,-1.5599264019999999,0.0,1.545295464,0.0,1.552,0.0,1.5379273279999999,0.0,-1.537966411,0.0,1.537968744,0.0,-1.79835218,0.0,1.45,1.45,1.45,0.0,0.113,0.113,0.113,0.0,-1.29,-1.29,-1.29,0.0,1.94,1.552,1.552,0.0
2026-10-07T19:47:24.198801+00:00,12.180952399969101,0.0,hardware,IDLE,0,0.14486232791552936,0.0,,0.0,,0.0,,0.0,1.45,0.0,0.113,0.0,-1.29,0.0,-1.552002285,0.0,1.559887499,0.0,-1.5599264019999999,0.0,1.545295464,0.0,1.552,0.0,1.5379273279999999,0.0,-1.537966411,0.0,1.537968744,0.0,-1.79835218,0.0,1.45,1.45,1.45,0.0,0.113,0.113,0.113,0.0,-1.29,-1.29,-1.29,0.0,1.94,1.552,1.552,0.0
2026-10-07T19:47:24.221839+00:00,12.204858799930662,0.0,hardware,IDLE,0,0.14486232791552936,0.0,,0.0,,0.0,,0.0,1.45,0.0,0.113,0.0,-1.29,0.0,-1.552002285,0.0,1.559887499,0.0,-1.5599264019999999,0.0,1.545295464,0.0,1.552,0.0,1.5379273279999999,0.0,-1.537966411,0.0,1.537968744,0.0,-1.79835218,0.0,1.45,1.45,1.45,0.0,0.113,0.113,0.113,0.0,-1.29,-1.29,-1.29,0.0,1.94,1.552,1.552,0.0
2026-10-07T19:47:24.245940+00:00,12.228733299998567,0.0,hardware,IDLE,0,0.14486232791552936,0.0,,0.0,,0.0,,0.0,1.45,0.0,0.113,0.0,-1.29,0.0,-1.552002285,0.0,1.559887499,0.0,-1.5599264019999999,0.0,1.545295464,0.0,1.552,0.0,1.5379273279999999,0.0,-1.537966411,0.0,1.537968744,0.0,-1.79835218,0.0,1.45,1.45,1.45,0.0,0.113,0.113,0.113,0.0,-1.29,-1.29,-1.29,0.0,1.94,1.552,1.552,0.0
2026-10-07T19:47:24.269506+00:00,12.252236699918285,0.0,hardware,IDLE,0,0.14486232791552936,0.0,,0.0,,0.0,,0.0,1.45,0.0,0.113,0.0,-1.29,0.0,-1.552002285,0.0,1.559887499,0.0,-1.5599264019999999,0.0,1.545295464,0.0,1.552,0.0,1.5379273279999999,0.0,-1.537966411,0.0,1.537968744,0.0,-1.79835218,0.0,1.45,1.45,1.45,0.0,0.113,0.113,0.113,0.0,-1.29,-1.29,-1.29,0.0,1.94,1.552,1.552,0.0
2026-10-07T19:47:24.293505+00:00,12.276075799949467,0.0,hardware,IDLE,0,0.14486232791552936,0.0,,0.0,,0.0,,0.0,1.45,0.0,0.113,0.0,-1.29,0.0,-1.552002285,0.0,1.559887499,0.0,-1.5599264019999999,0.0,1.545295464,0.0,1.552,0.0,1.5379273279999999,0.0,-1.537966411,0.0,1.537968744,0.0,-1.79835218,0.0,1.45,1.45,1.45,0.0,0.113,0.113,0.113,0.0,-1.29,-1.29,-1.29,0.0,1.94,1.552,1.552,0.0
2026-10-07T19:47:24.319508+00:00,12.301667999941856,0.0,hardware,IDLE,0,0.14486232791552936,0.0,,0.0,,0.0,,0.0,1.45,0.0,0.113,0.0,-1.29,0.0,-1.552002285,0.0,1.559887499,0.0,-1.5599264019999999,0.0,1.545295464,0.0,1.552,0.0,1.5379273279999999,0.0,-1.537966411,0.0,1.537968744,0.0,-1.79835218,0.0,1.45,1.45,1.45,0.0,0.113,0.113,0.113,0.0,-1.29,-1.29,-1.29,0.0,1.94,1.552,1.552,0.0
2026-10-07T19:47:24.342494+00:00,12.325038600014523,0.0,hardware,IDLE,0,0.14486232791552936,0.0,,0.0,,0.0,,0.0,1.45,0.0,0.113,0.0,-1.29,0.0,-1.552002285,0.0,1.559887499,0.0,-1.5599264019999999,0.0,1.545295464,0.0,1.552,0.0,1.5379273279999999,0.0,-1.537966411,0.0,1.537968744,0.0,-1.79835218,0.0,1.45,1.45,1.45,0.0,0.113,0.113,0.113,0.0,-1.29,-1.29,-1.29,0.0,1.94,1.552,1.552,0.0
2026-10-07T19:47:24.367107+00:00,12.34955699997954,0.0,hardware,IDLE,0,0.14486232791552936,0.0,,0.0,,0.0,,0.0,1.45,0.0,0.113,0.0,-1.29,0.0,-1.552002285,0.0,1.559887499,0.0,-1.5599264019999999,0.0,1.545295464,0.0,1.552,0.0,1.5379273279999999,0.0,-1.537966411,0.0,1.537968744,0.0,-1.79835218,0.0,1.45,1.45,1.45,0.0,0.113,0.113,0.113,0.0,-1.29,-1.29,-1.29,0.0,1.94,1.552,1.552,0.0
2026-10-07T19:47:24.389087+00:00,12.371582499938086,0.0,hardware,IDLE,0,0.14486232791552936,0.0,,0.0,,0.0,,0.0,1.45,0.0,0.113,0.0,-1.29,0.0,-1.552002285,0.0,1.559887499,0.0,-1.5599264019999999,0.0,1.545295464,0.0,1.552,0.0,1.5379273279999999,0.0,-1.537966411,0.0,1.537968744,0.0,-1.79835218,0.0,1.45,1.45,1.45,0.0,0.113,0.113,0.113,0.0,-1.29,-1.29,-1.29,0.0,1.94,1.552,1.552,0.0
2026-10-07T19:47:24.411109+00:00,12.393771799979731,0.0,hardware,IDLE,0,0.14486232791552936,0.0,,0.0,,0.0,,0.0,1.45,0.0,0.113,0.0,-1.29,0.0,-1.552002285,0.0,1.559887499,0.0,-1.5599264019999999,0.0,1.545295464,0.0,1.552,0.0,1.5379273279999999,0.0,-1.537966411,0.0,1.537968744,0.0,-1.79835218,0.0,1.45,1.45,1.45,0.0,0.113,0.113,0.113,0.0,-1.29,-1.29,-1.29,0.0,1.94,1.552,1.552,0.0
2026-10-07T19:47:24.435099+00:00,12.417198499897495,0.0,hardware,IDLE,0,0.14486232791552936,0.0,,0.0,,0.0,,0.0,1.45,0.0,0.113,0.0,-1.29,0.0,-1.552002285,0.0,1.559887499,0.0,-1.5599264019999999,0.0,1.545295464,0.0,1.552,0.0,1.5379273279999999,0.0,-1.537966411,0.0,1.537968744,0.0,-1.79835218,0.0,1.45,1.45,1.45,0.0,0.113,0.113,0.113,0.0,-1.29,-1.29,-1.29,0.0,1.94,1.552,1.552,0.0
2026-10-07T19:47:24.456131+00:00,12.439008499961346,0.0,hardware,IDLE,0,0.14486232791552936,0.0,,0.0,,0.0,,0.0,1.45,0.0,0.113,0.0,-1.29,0.0,-1.552002285,0.0,1.559887499,0.0,-1.5599264019999999,0.0,1.545295464,0.0,1.552,0.0,1.5379273279999999,0.0,-1.537966411,0.0,1.537968744,0.0,-1.79835218,0.0,1.45,1.45,1.45,0.0,0.113,0.113,0.113,0.0,-1.29,-1.29,-1.29,0.0,1.94,1.552,1.552,0.0
2026-10-07T19:47:24.478689+00:00,12.461195999989286,0.0,hardware,IDLE,0,0.14486232791552936,0.0,,0.0,,0.0,,0.0,1.45,0.0,0.113,0.0,-1.29,0.0,-1.552002285,0.0,1.559887499,0.0,-1.5599264019999999,0.0,1.545295464,0.0,1.552,0.0,1.5379273279999999,0.0,-1.537966411,0.0,1.537968744,0.0,-1.79835218,0.0,1.45,1.45,1.45,0.0,0.113,0.113,0.113,0.0,-1.29,-1.29,-1.29,0.0,1.94,1.552,1.552,0.0
2026-10-07T19:47:24.501774+00:00,12.484294099966064,0.0,hardware,IDLE,0,0.14486232791552936,0.0,,0.0,,0.0,,0.0,1.45,0.0,0.113,0.0,-1.29,0.0,-1.552002285,0.0,1.559887499,0.0,-1.5599264019999999,0.0,1.545295464,0.0,1.552,0.0,1.5379273279999999,0.0,-1.537966411,0.0,1.537968744,0.0,-1.79835218,0.0,1.45,1.45,1.45,0.0,0.113,0.113,0.113,0.0,-1.29,-1.29,-1.29,0.0,1.94,1.552,1.552,0.0
2026-10-07T19:47:24.523774+00:00,12.505886599887162,0.0,hardware,IDLE,0,0.14486232791552936,0.0,,0.0,,0.0,,0.0,1.45,0.0,0.113,0.0,-1.29,0.0,-1.552002285,0.0,1.559887499,0.0,-1.5599264019999999,0.0,1.545295464,0.0,1.552,0.0,1.5379273279999999,0.0,-1.537966411,0.0,1.537968744,0.0,-1.79835218,0.0,1.45,1.45,1.45,0.0,0.113,0.113,0.113,0.0,-1.29,-1.29,-1.29,0.0,1.94,1.552,1.552,0.0
2026-10-07T19:47:24.544791+00:00,12.527356900041923,0.0,hardware,IDLE,0,0.14486232791552936,0.0,,0.0,,0.0,,0.0,1.45,0.0,0.113,0.0,-1.29,0.0,-1.552002285,0.0,1.559887499,0.0,-1.5599264019999999,0.0,1.545295464,0.0,1.552,0.0,1.5379273279999999,0.0,-1.537966411,0.0,1.537968744,0.0,-1.79835218,0.0,1.45,1.45,1.45,0.0,0.113,0.113,0.113,0.0,-1.29,-1.29,-1.29,0.0,1.94,1.552,1.552,0.0
2026-10-07T19:47:24.573583+00:00,12.556273999856785,0.0,hardware,IDLE,0,0.14486232791552936,0.0,,0.0,,0.0,,0.0,1.45,0.0,0.113,0.0,-1.29,0.0,-1.552002285,0.0,1.559887499,0.0,-1.5599264019999999,0.0,1.545295464,0.0,1.552,0.0,1.5379273279999999,0.0,-1.537966411,0.0,1.537968744,0.0,-1.79835218,0.0,1.45,1.45,1.45,0.0,0.113,0.113,0.113,0.0,-1.29,-1.29,-1.29,0.0,1.94,1.552,1.552,0.0
2026-10-07T19:47:24.594498+00:00,12.577467999886721,0.0,hardware,IDLE,0,0.14486232791552936,0.0,,0.0,,0.0,,0.0,1.45,0.0,0.113,0.0,-1.29,0.0,-1.552002285,0.0,1.559887499,0.0,-1.5599264019999999,0.0,1.545295464,0.0,1.552,0.0,1.5379273279999999,0.0,-1.537966411,0.0,1.537968744,0.0,-1.79835218,0.0,1.45,1.45,1.45,0.0,0.113,0.113,0.113,0.0,-1.29,-1.29,-1.29,0.0,1.94,1.552,1.552,0.0
2026-10-07T19:47:24.617484+00:00,12.599638799903914,0.0,hardware,IDLE,0,0.14486232791552936,0.0,,0.0,,0.0,,0.0,1.45,0.0,0.113,0.0,-1.29,0.0,-1.552002285,0.0,1.559887499,0.0,-1.5599264019999999,0.0,1.545295464,0.0,1.552,0.0,1.5379273279999999,0.0,-1.537966411,0.0,1.537968744,0.0,-1.79835218,0.0,1.45,1.45,1.45,0.0,0.113,0.113,0.113,0.0,-1.29,-1.29,-1.29,0.0,1.94,1.552,1.552,0.0
2026-10-07T19:47:24.641495+00:00,12.624031699961051,0.0,hardware,IDLE,0,0.14486232791552936,0.0,,0.0,,0.0,,0.0,1.45,0.0,0.113,0.0,-1.29,0.0,-1.552002285,0.0,1.559887499,0.0,-1.5599264019999999,0.0,1.545295464,0.0,1.552,0.0,1.5379273279999999,0.0,-1.537966411,0.0,1.537968744,0.0,-1.79835218,0.0,1.45,1.45,1.45,0.0,0.113,0.113,0.113,0.0,-1.29,-1.29,-1.29,0.0,1.94,1.552,1.552,0.0
2026-10-07T19:47:24.665213+00:00,12.648155199829489,0.0,hardware,IDLE,0,0.14486232791552936,0.0,,0.0,,0.0,,0.0,1.45,0.0,0.113,0.0,-1.29,0.0,-1.552002285,0.0,1.559887499,0.0,-1.5599264019999999,0.0,1.545295464,0.0,1.552,0.0,1.5379273279999999,0.0,-1.537966411,0.0,1.537968744,0.0,-1.79835218,0.0,1.45,1.45,1.45,0.0,0.113,0.113,0.113,0.0,-1.29,-1.29,-1.29,0.0,1.94,1.552,1.552,0.0
2026-10-07T19:47:24.687218+00:00,12.66986189992167,0.0,hardware,IDLE,0,0.14486232791552936,0.0,,0.0,,0.0,,0.0,1.45,0.0,0.113,0.0,-1.29,0.0,-1.552002285,0.0,1.559887499,0.0,-1.5599264019999999,0.0,1.545295464,0.0,1.552,0.0,1.5379273279999999,0.0,-1.537966411,0.0,1.537968744,0.0,-1.79835218,0.0,1.45,1.45,1.45,0.0,0.113,0.113,0.113,0.0,-1.29,-1.29,-1.29,0.0,1.94,1.552,1.552,0.0
2026-10-07T19:47:24.709214+00:00,12.691999099915847,0.0,hardware,IDLE,0,0.14486232791552936,0.0,,0.0,,0.0,,0.0,1.45,0.0,0.113,0.0,-1.29,0.0,-1.552002285,0.0,1.559887499,0.0,-1.5599264019999999,0.0,1.545295464,0.0,1.552,0.0,1.5379273279999999,0.0,-1.537966411,0.0,1.537968744,0.0,-1.79835218,0.0,1.45,1.45,1.45,0.0,0.113,0.113,0.113,0.0,-1.29,-1.29,-1.29,0.0,1.94,1.552,1.552,0.0
2026-10-07T19:47:24.731212+00:00,12.713794899871573,0.0,hardware,IDLE,0,0.14486232791552936,0.0,,0.0,,0.0,,0.0,1.45,0.0,0.113,0.0,-1.29,0.0,-1.552002285,0.0,1.559887499,0.0,-1.5599264019999999,0.0,1.545295464,0.0,1.552,0.0,1.5379273279999999,0.0,-1.537966411,0.0,1.537968744,0.0,-1.79835218,0.0,1.45,1.45,1.45,0.0,0.113,0.113,0.113,0.0,-1.29,-1.29,-1.29,0.0,1.94,1.552,1.552,0.0
2026-10-07T19:47:24.748248+00:00,12.730850199935958,0.0,hardware,IDLE,0,0.14486232791552936,0.0,,0.0,,0.0,,0.0,1.45,0.0,0.113,0.0,-1.29,0.0,-1.552002285,0.0,1.559887499,0.0,-1.5599264019999999,0.0,1.545295464,0.0,1.552,0.0,1.5379273279999999,0.0,-1.537966411,0.0,1.537968744,0.0,-1.79835218,0.0,1.45,1.45,1.45,0.0,0.113,0.113,0.113,0.0,-1.29,-1.29,-1.29,0.0,1.94,1.552,1.552,0.0
2026-10-07T19:47:24.772980+00:00,12.755387600045651,0.0,hardware,IDLE,0,0.14486232791552936,0.0,,0.0,,0.0,,0.0,1.45,0.0,0.113,0.0,-1.29,0.0,-1.552002285,0.0,1.559887499,0.0,-1.5599264019999999,0.0,1.545295464,0.0,1.552,0.0,1.5379273279999999,0.0,-1.537966411,0.0,1.537968744,0.0,-1.79835218,0.0,1.45,1.45,1.45,0.0,0.113,0.113,0.113,0.0,-1.29,-1.29,-1.29,0.0,1.94,1.552,1.552,0.0
2026-10-07T19:47:24.799895+00:00,12.782630400033668,0.0,hardware,IDLE,0,0.14486232791552936,0.0,,0.0,,0.0,,0.0,1.45,0.0,0.113,0.0,-1.29,0.0,-1.552002285,0.0,1.559887499,0.0,-1.5599264019999999,0.0,1.545295464,0.0,1.552,0.0,1.5379273279999999,0.0,-1.537966411,0.0,1.537968744,0.0,-1.79835218,0.0,1.45,1.45,1.45,0.0,0.113,0.113,0.113,0.0,-1.29,-1.29,-1.29,0.0,1.94,1.552,1.552,0.0
2026-10-07T19:47:24.824891+00:00,12.807602999964729,0.0,hardware,IDLE,0,0.14486232791552936,0.0,,0.0,,0.0,,0.0,1.45,0.0,0.113,0.0,-1.29,0.0,-1.552002285,0.0,1.559887499,0.0,-1.5599264019999999,0.0,1.545295464,0.0,1.552,0.0,1.5379273279999999,0.0,-1.537966411,0.0,1.537968744,0.0,-1.79835218,0.0,1.45,1.45,1.45,0.0,0.113,0.113,0.113,0.0,-1.29,-1.29,-1.29,0.0,1.94,1.552,1.552,0.0
2026-10-07T19:47:24.848090+00:00,12.8304490998853,0.0,hardware,IDLE,0,0.14486232791552936,0.0,,0.0,,0.0,,0.0,1.45,0.0,0.113,0.0,-1.29,0.0,-1.552002285,0.0,1.559887499,0.0,-1.5599264019999999,0.0,1.545295464,0.0,1.552,0.0,1.5379273279999999,0.0,-1.537966411,0.0,1.537968744,0.0,-1.79835218,0.0,1.45,1.45,1.45,0.0,0.113,0.113,0.113,0.0,-1.29,-1.29,-1.29,0.0,1.94,1.552,1.552,0.0
2026-10-07T19:47:24.870711+00:00,12.853040399961174,0.0,hardware,IDLE,0,0.14486232791552936,0.0,,0.0,,0.0,,0.0,1.45,0.0,0.113,0.0,-1.29,0.0,-1.552002285,0.0,1.559887499,0.0,-1.5599264019999999,0.0,1.545295464,0.0,1.552,0.0,1.5379273279999999,0.0,-1.537966411,0.0,1.537968744,0.0,-1.79835218,0.0,1.45,1.45,1.45,0.0,0.113,0.113,0.113,0.0,-1.29,-1.29,-1.29,0.0,1.94,1.552,1.552,0.0
2026-10-07T19:47:24.893714+00:00,12.876683299895376,0.0,hardware,IDLE,0,0.14486232791552936,0.0,,0.0,,0.0,,0.0,1.45,0.0,0.113,0.0,-1.29,0.0,-1.552002285,0.0,1.559887499,0.0,-1.5599264019999999,0.0,1.545295464,0.0,1.552,0.0,1.5379273279999999,0.0,-1.537966411,0.0,1.537968744,0.0,-1.79835218,0.0,1.45,1.45,1.45,0.0,0.113,0.113,0.113,0.0,-1.29,-1.29,-1.29,0.0,1.94,1.552,1.552,0.0
2026-10-07T19:47:24.917788+00:00,12.900293899932876,0.0,hardware,IDLE,0,0.14486232791552936,0.0,,0.0,,0.0,,0.0,1.45,0.0,0.113,0.0,-1.29,0.0,-1.552002285,0.0,1.559887499,0.0,-1.5599264019999999,0.0,1.545295464,0.0,1.552,0.0,1.5379273279999999,0.0,-1.537966411,0.0,1.537968744,0.0,-1.79835218,0.0,1.45,1.45,1.45,0.0,0.113,0.113,0.113,0.0,-1.29,-1.29,-1.29,0.0,1.94,1.552,1.552,0.0
2026-10-07T19:47:24.941696+00:00,12.924494700040668,0.0,hardware,IDLE,0,0.14486232791552936,0.0,,0.0,,0.0,,0.0,1.45,0.0,0.113,0.0,-1.29,0.0,-1.552002285,0.0,1.559887499,0.0,-1.5599264019999999,0.0,1.545295464,0.0,1.552,0.0,1.5379273279999999,0.0,-1.537966411,0.0,1.537968744,0.0,-1.79835218,0.0,1.45,1.45,1.45,0.0,0.113,0.113,0.113,0.0,-1.29,-1.29,-1.29,0.0,1.94,1.552,1.552,0.0
2026-10-07T19:47:24.963649+00:00,12.946397499879822,0.0,hardware,IDLE,0,0.14486232791552936,0.0,,0.0,,0.0,,0.0,1.45,0.0,0.113,0.0,-1.29,0.0,-1.552002285,0.0,1.559887499,0.0,-1.5599264019999999,0.0,1.545295464,0.0,1.552,0.0,1.5379273279999999,0.0,-1.537966411,0.0,1.537968744,0.0,-1.79835218,0.0,1.45,1.45,1.45,0.0,0.113,0.113,0.113,0.0,-1.29,-1.29,-1.29,0.0,1.94,1.552,1.552,0.0
2026-10-07T19:47:24.985651+00:00,12.96813609986566,0.0,hardware,IDLE,0,0.14486232791552936,0.0,,0.0,,0.0,,0.0,1.45,0.0,0.113,0.0,-1.29,0.0,-1.552002285,0.0,1.559887499,0.0,-1.5599264019999999,0.0,1.545295464,0.0,1.552,0.0,1.5379273279999999,0.0,-1.537966411,0.0,1.537968744,0.0,-1.79835218,0.0,1.45,1.45,1.45,0.0,0.113,0.113,0.113,0.0,-1.29,-1.29,-1.29,0.0,1.94,1.552,1.552,0.0
2026-10-07T19:47:25.007648+00:00,12.989818600006402,0.0,hardware,IDLE,0,0.14486232791552936,0.0,,0.0,,0.0,,0.0,1.45,0.0,0.113,0.0,-1.29,0.0,-1.552002285,0.0,1.559887499,0.0,-1.5599264019999999,0.0,1.545295464,0.0,1.552,0.0,1.5379273279999999,0.0,-1.537966411,0.0,1.537968744,0.0,-1.79835218,0.0,1.45,1.45,1.45,0.0,0.113,0.113,0.113,0.0,-1.29,-1.29,-1.29,0.0,1.94,1.552,1.552,0.0
2026-10-07T19:47:25.031551+00:00,13.014007000019774,0.0,hardware,IDLE,0,0.14486232791552936,0.0,,0.0,,0.0,,0.0,1.45,0.0,0.113,0.0,-1.29,0.0,-1.552002285,0.0,1.559887499,0.0,-1.5599264019999999,0.0,1.545295464,0.0,1.552,0.0,1.5379273279999999,0.0,-1.537966411,0.0,1.537968744,0.0,-1.79835218,0.0,1.45,1.45,1.45,0.0,0.113,0.113,0.113,0.0,-1.29,-1.29,-1.29,0.0,1.94,1.552,1.552,0.0
2026-10-07T19:47:25.053728+00:00,13.035866599995643,0.0,hardware,IDLE,0,0.14486232791552936,0.0,,0.0,,0.0,,0.0,1.45,0.0,0.113,0.0,-1.29,0.0,-1.552002285,0.0,1.559887499,0.0,-1.5599264019999999,0.0,1.545295464,0.0,1.552,0.0,1.5379273279999999,0.0,-1.537966411,0.0,1.537968744,0.0,-1.79835218,0.0,1.45,1.45,1.45,0.0,0.113,0.113,0.113,0.0,-1.29,-1.29,-1.29,0.0,1.94,1.552,1.552,0.0
2026-10-07T19:47:25.077453+00:00,13.059736399911344,0.0,hardware,IDLE,0,0.14486232791552936,0.0,,0.0,,0.0,,0.0,1.45,0.0,0.113,0.0,-1.29,0.0,-1.552002285,0.0,1.559887499,0.0,-1.5599264019999999,0.0,1.545295464,0.0,1.552,0.0,1.5379273279999999,0.0,-1.537966411,0.0,1.537968744,0.0,-1.79835218,0.0,1.45,1.45,1.45,0.0,0.113,0.113,0.113,0.0,-1.29,-1.29,-1.29,0.0,1.94,1.552,1.552,0.0
2026-10-07T19:47:25.100454+00:00,13.08269239985384,0.0,hardware,IDLE,0,0.14486232791552936,0.0,,0.0,,0.0,,0.0,1.45,0.0,0.113,0.0,-1.29,0.0,-1.552002285,0.0,1.559887499,0.0,-1.5599264019999999,0.0,1.545295464,0.0,1.552,0.0,1.5379273279999999,0.0,-1.537966411,0.0,1.537968744,0.0,-1.79835218,0.0,1.45,1.45,1.45,0.0,0.113,0.113,0.113,0.0,-1.29,-1.29,-1.29,0.0,1.94,1.552,1.552,0.0
2026-10-07T19:47:25.123353+00:00,13.10636999993585,0.0,hardware,IDLE,0,0.14486232791552936,0.0,,0.0,,0.0,,0.0,1.45,0.0,0.113,0.0,-1.29,0.0,-1.552002285,0.0,1.559887499,0.0,-1.5599264019999999,0.0,1.545295464,0.0,1.552,0.0,1.5379273279999999,0.0,-1.537966411,0.0,1.537968744,0.0,-1.79835218,0.0,1.45,1.45,1.45,0.0,0.113,0.113,0.113,0.0,-1.29,-1.29,-1.29,0.0,1.94,1.552,1.552,0.0
2026-10-07T19:47:25.148458+00:00,13.130919100018218,0.0,hardware,IDLE,0,0.14486232791552936,0.0,,0.0,,0.0,,0.0,1.45,0.0,0.113,0.0,-1.29,0.0,-1.552002285,0.0,1.559887499,0.0,-1.5599264019999999,0.0,1.545295464,0.0,1.552,0.0,1.5379273279999999,0.0,-1.537966411,0.0,1.537968744,0.0,-1.79835218,0.0,1.45,1.45,1.45,0.0,0.113,0.113,0.113,0.0,-1.29,-1.29,-1.29,0.0,1.94,1.552,1.552,0.0
2026-10-07T19:47:25.174134+00:00,13.156327900011092,0.0,hardware,IDLE,0,0.14486232791552936,0.0,,0.0,,0.0,,0.0,1.45,0.0,0.113,0.0,-1.29,0.0,-1.552002285,0.0,1.559887499,0.0,-1.5599264019999999,0.0,1.545295464,0.0,1.552,0.0,1.5379273279999999,0.0,-1.537966411,0.0,1.537968744,0.0,-1.79835218,0.0,1.45,1.45,1.45,0.0,0.113,0.113,0.113,0.0,-1.29,-1.29,-1.29,0.0,1.94,1.552,1.552,0.0
2026-10-07T19:47:25.196132+00:00,13.178847200004384,0.0,hardware,IDLE,0,0.14486232791552936,0.0,,0.0,,0.0,,0.0,1.45,0.0,0.113,0.0,-1.29,0.0,-1.552002285,0.0,1.559887499,0.0,-1.5599264019999999,0.0,1.545295464,0.0,1.552,0.0,1.5379273279999999,0.0,-1.537966411,0.0,1.537968744,0.0,-1.79835218,0.0,1.45,1.45,1.45,0.0,0.113,0.113,0.113,0.0,-1.29,-1.29,-1.29,0.0,1.94,1.552,1.552,0.0
2026-10-07T19:47:25.221134+00:00,13.204205499961972,0.0,hardware,IDLE,0,0.14486232791552936,0.0,,0.0,,0.0,,0.0,1.45,0.0,0.113,0.0,-1.29,0.0,-1.552002285,0.0,1.559887499,0.0,-1.5599264019999999,0.0,1.545295464,0.0,1.552,0.0,1.5379273279999999,0.0,-1.537966411,0.0,1.537968744,0.0,-1.79835218,0.0,1.45,1.45,1.45,0.0,0.113,0.113,0.113,0.0,-1.29,-1.29,-1.29,0.0,1.94,1.552,1.552,0.0
2026-10-07T19:47:25.245135+00:00,13.227749399840832,0.0,hardware,IDLE,0,0.14486232791552936,0.0,,0.0,,0.0,,0.0,1.45,0.0,0.113,0.0,-1.29,0.0,-1.552002285,0.0,1.559887499,0.0,-1.5599264019999999,0.0,1.545295464,0.0,1.552,0.0,1.5379273279999999,0.0,-1.537966411,0.0,1.537968744,0.0,-1.79835218,0.0,1.45,1.45,1.45,0.0,0.113,0.113,0.113,0.0,-1.29,-1.29,-1.29,0.0,1.94,1.552,1.552,0.0
2026-10-07T19:47:25.269816+00:00,13.252574400044978,0.0,hardware,IDLE,0,0.14486232791552936,0.0,,0.0,,0.0,,0.0,1.45,0.0,0.113,0.0,-1.29,0.0,-1.552002285,0.0,1.559887499,0.0,-1.5599264019999999,0.0,1.545295464,0.0,1.552,0.0,1.5379273279999999,0.0,-1.537966411,0.0,1.537968744,0.0,-1.79835218,0.0,1.45,1.45,1.45,0.0,0.113,0.113,0.113,0.0,-1.29,-1.29,-1.29,0.0,1.94,1.552,1.552,0.0
2026-10-07T19:47:25.298820+00:00,13.281865200027823,0.0,hardware,IDLE,0,0.14486232791552936,0.0,,0.0,,0.0,,0.0,1.45,0.0,0.113,0.0,-1.29,0.0,-1.552002285,0.0,1.559887499,0.0,-1.5599264019999999,0.0,1.545295464,0.0,1.552,0.0,1.5379273279999999,0.0,-1.537966411,0.0,1.537968744,0.0,-1.79835218,0.0,1.45,1.45,1.45,0.0,0.113,0.113,0.113,0.0,-1.29,-1.29,-1.29,0.0,1.94,1.552,1.552,0.0
2026-10-07T19:47:25.323835+00:00,13.306488099973649,0.0,hardware,IDLE,0,0.14486232791552936,0.0,,0.0,,0.0,,0.0,1.45,0.0,0.113,0.0,-1.29,0.0,-1.552002285,0.0,1.559887499,0.0,-1.5599264019999999,0.0,1.545295464,0.0,1.552,0.0,1.5379273279999999,0.0,-1.537966411,0.0,1.537968744,0.0,-1.79835218,0.0,1.45,1.45,1.45,0.0,0.113,0.113,0.113,0.0,-1.29,-1.29,-1.29,0.0,1.94,1.552,1.552,0.0
2026-10-07T19:47:25.345728+00:00,13.32845010003075,0.0,hardware,IDLE,0,0.14486232791552936,0.0,,0.0,,0.0,,0.0,1.45,0.0,0.113,0.0,-1.29,0.0,-1.552002285,0.0,1.559887499,0.0,-1.5599264019999999,0.0,1.545295464,0.0,1.552,0.0,1.5379273279999999,0.0,-1.537966411,0.0,1.537968744,0.0,-1.79835218,0.0,1.45,1.45,1.45,0.0,0.113,0.113,0.113,0.0,-1.29,-1.29,-1.29,0.0,1.94,1.552,1.552,0.0
2026-10-07T19:47:25.374543+00:00,13.357296000001952,0.0,hardware,IDLE,0,0.14486232791552936,0.0,,0.0,,0.0,,0.0,1.45,0.0,0.113,0.0,-1.29,0.0,-1.552002285,0.0,1.559887499,0.0,-1.5599264019999999,0.0,1.545295464,0.0,1.552,0.0,1.5379273279999999,0.0,-1.537966411,0.0,1.537968744,0.0,-1.79835218,0.0,1.45,1.45,1.45,0.0,0.113,0.113,0.113,0.0,-1.29,-1.29,-1.29,0.0,1.94,1.552,1.552,0.0
2026-10-07T19:47:25.401447+00:00,13.3838883000426,0.0,hardware,IDLE,0,0.14486232791552936,0.0,,0.0,,0.0,,0.0,1.45,0.0,0.113,0.0,-1.29,0.0,-1.552002285,0.0,1.559887499,0.0,-1.5599264019999999,0.0,1.545295464,0.0,1.552,0.0,1.5379273279999999,0.0,-1.537966411,0.0,1.537968744,0.0,-1.79835218,0.0,1.45,1.45,1.45,0.0,0.113,0.113,0.113,0.0,-1.29,-1.29,-1.29,0.0,1.94,1.552,1.552,0.0
2026-10-07T19:47:25.424457+00:00,13.4074982998427,0.0,hardware,IDLE,0,0.14486232791552936,0.0,,0.0,,0.0,,0.0,1.45,0.0,0.113,0.0,-1.29,0.0,-1.552002285,0.0,1.559887499,0.0,-1.5599264019999999,0.0,1.545295464,0.0,1.552,0.0,1.5379273279999999,0.0,-1.537966411,0.0,1.537968744,0.0,-1.79835218,0.0,1.45,1.45,1.45,0.0,0.113,0.113,0.113,0.0,-1.29,-1.29,-1.29,0.0,1.94,1.552,1.552,0.0
2026-10-07T19:47:25.447535+00:00,13.430336799938232,0.0,hardware,IDLE,0,0.14486232791552936,0.0,,0.0,,0.0,,0.0,1.45,0.0,0.113,0.0,-1.29,0.0,-1.552002285,0.0,1.559887499,0.0,-1.5599264019999999,0.0,1.545295464,0.0,1.552,0.0,1.5379273279999999,0.0,-1.537966411,0.0,1.537968744,0.0,-1.79835218,0.0,1.45,1.45,1.45,0.0,0.113,0.113,0.113,0.0,-1.29,-1.29,-1.29,0.0,1.94,1.552,1.552,0.0
2026-10-07T19:47:25.476254+00:00,13.458964599994943,0.0,hardware,IDLE,0,0.14486232791552936,0.0,,0.0,,0.0,,0.0,1.45,0.0,0.113,0.0,-1.29,0.0,-1.552002285,0.0,1.559887499,0.0,-1.5599264019999999,0.0,1.545295464,0.0,1.552,0.0,1.5379273279999999,0.0,-1.537966411,0.0,1.537968744,0.0,-1.79835218,0.0,1.45,1.45,1.45,0.0,0.113,0.113,0.113,0.0,-1.29,-1.29,-1.29,0.0,1.94,1.552,1.552,0.0
2026-10-07T19:47:25.499346+00:00,13.481442600023001,0.0,hardware,IDLE,0,0.14486232791552936,0.0,,0.0,,0.0,,0.0,1.45,0.0,0.113,0.0,-1.29,0.0,-1.552002285,0.0,1.559887499,0.0,-1.5599264019999999,0.0,1.545295464,0.0,1.552,0.0,1.5379273279999999,0.0,-1.537966411,0.0,1.537968744,0.0,-1.79835218,0.0,1.45,1.45,1.45,0.0,0.113,0.113,0.113,0.0,-1.29,-1.29,-1.29,0.0,1.94,1.552,1.552,0.0
2026-10-07T19:47:25.521276+00:00,13.503377399872988,0.0,hardware,IDLE,0,0.14486232791552936,0.0,,0.0,,0.0,,0.0,1.45,0.0,0.113,0.0,-1.29,0.0,-1.552002285,0.0,1.559887499,0.0,-1.5599264019999999,0.0,1.545295464,0.0,1.552,0.0,1.5379273279999999,0.0,-1.537966411,0.0,1.537968744,0.0,-1.79835218,0.0,1.45,1.45,1.45,0.0,0.113,0.113,0.113,0.0,-1.29,-1.29,-1.29,0.0,1.94,1.552,1.552,0.0
2026-10-07T19:47:25.544347+00:00,13.526715999934822,0.0,hardware,IDLE,0,0.14486232791552936,0.0,,0.0,,0.0,,0.0,1.45,0.0,0.113,0.0,-1.29,0.0,-1.552002285,0.0,1.559887499,0.0,-1.5599264019999999,0.0,1.545295464,0.0,1.552,0.0,1.5379273279999999,0.0,-1.537966411,0.0,1.537968744,0.0,-1.79835218,0.0,1.45,1.45,1.45,0.0,0.113,0.113,0.113,0.0,-1.29,-1.29,-1.29,0.0,1.94,1.552,1.552,0.0
2026-10-07T19:47:25.566123+00:00,13.549053199822083,0.0,hardware,IDLE,0,0.14486232791552936,0.0,,0.0,,0.0,,0.0,1.45,0.0,0.113,0.0,-1.29,0.0,-1.552002285,0.0,1.559887499,0.0,-1.5599264019999999,0.0,1.545295464,0.0,1.552,0.0,1.5379273279999999,0.0,-1.537966411,0.0,1.537968744,0.0,-1.79835218,0.0,1.45,1.45,1.45,0.0,0.113,0.113,0.113,0.0,-1.29,-1.29,-1.29,0.0,1.94,1.552,1.552,0.0
2026-10-07T19:47:25.589040+00:00,13.571797699900344,0.0,hardware,IDLE,0,0.14486232791552936,0.0,,0.0,,0.0,,0.0,1.45,0.0,0.113,0.0,-1.29,0.0,-1.552002285,0.0,1.559887499,0.0,-1.5599264019999999,0.0,1.545295464,0.0,1.552,0.0,1.5379273279999999,0.0,-1.537966411,0.0,1.537968744,0.0,-1.79835218,0.0,1.45,1.45,1.45,0.0,0.113,0.113,0.113,0.0,-1.29,-1.29,-1.29,0.0,1.94,1.552,1.552,0.0
2026-10-07T19:47:25.614025+00:00,13.596599200041965,0.0,hardware,IDLE,0,0.14486232791552936,0.0,,0.0,,0.0,,0.0,1.45,0.0,0.113,0.0,-1.29,0.0,-1.552002285,0.0,1.559887499,0.0,-1.5599264019999999,0.0,1.545295464,0.0,1.552,0.0,1.5379273279999999,0.0,-1.537966411,0.0,1.537968744,0.0,-1.79835218,0.0,1.45,1.45,1.45,0.0,0.113,0.113,0.113,0.0,-1.29,-1.29,-1.29,0.0,1.94,1.552,1.552,0.0
2026-10-07T19:47:25.636034+00:00,13.61860129982233,0.0,hardware,IDLE,0,0.14486232791552936,0.0,,0.0,,0.0,,0.0,1.45,0.0,0.113,0.0,-1.29,0.0,-1.552002285,0.0,1.559887499,0.0,-1.5599264019999999,0.0,1.545295464,0.0,1.552,0.0,1.5379273279999999,0.0,-1.537966411,0.0,1.537968744,0.0,-1.79835218,0.0,1.45,1.45,1.45,0.0,0.113,0.113,0.113,0.0,-1.29,-1.29,-1.29,0.0,1.94,1.552,1.552,0.0
2026-10-07T19:47:25.658058+00:00,13.641199799953029,0.0,hardware,IDLE,0,0.14486232791552936,0.0,,0.0,,0.0,,0.0,1.45,0.0,0.113,0.0,-1.29,0.0,-1.552002285,0.0,1.559887499,0.0,-1.5599264019999999,0.0,1.545295464,0.0,1.552,0.0,1.5379273279999999,0.0,-1.537966411,0.0,1.537968744,0.0,-1.79835218,0.0,1.45,1.45,1.45,0.0,0.113,0.113,0.113,0.0,-1.29,-1.29,-1.29,0.0,1.94,1.552,1.552,0.0
2026-10-07T19:47:25.677696+00:00,13.66018859995529,0.0,hardware,IDLE,0,0.14486232791552936,0.0,,0.0,,0.0,,0.0,1.45,0.0,0.113,0.0,-1.29,0.0,-1.552002285,0.0,1.559887499,0.0,-1.5599264019999999,0.0,1.545295464,0.0,1.552,0.0,1.5379273279999999,0.0,-1.537966411,0.0,1.537968744,0.0,-1.79835218,0.0,1.45,1.45,1.45,0.0,0.113,0.113,0.113,0.0,-1.29,-1.29,-1.29,0.0,1.94,1.552,1.552,0.0
2026-10-07T19:47:25.699708+00:00,13.682059099897742,0.0,hardware,IDLE,0,0.14486232791552936,0.0,,0.0,,0.0,,0.0,1.45,0.0,0.113,0.0,-1.29,0.0,-1.552002285,0.0,1.559887499,0.0,-1.5599264019999999,0.0,1.545295464,0.0,1.552,0.0,1.5379273279999999,0.0,-1.537966411,0.0,1.537968744,0.0,-1.79835218,0.0,1.45,1.45,1.45,0.0,0.113,0.113,0.113,0.0,-1.29,-1.29,-1.29,0.0,1.94,1.552,1.552,0.0
2026-10-07T19:47:25.720697+00:00,13.703687599860132,0.0,hardware,IDLE,0,0.14486232791552936,0.0,,0.0,,0.0,,0.0,1.45,0.0,0.113,0.0,-1.29,0.0,-1.552002285,0.0,1.559887499,0.0,-1.5599264019999999,0.0,1.545295464,0.0,1.552,0.0,1.5379273279999999,0.0,-1.537966411,0.0,1.537968744,0.0,-1.79835218,0.0,1.45,1.45,1.45,0.0,0.113,0.113,0.113,0.0,-1.29,-1.29,-1.29,0.0,1.94,1.552,1.552,0.0
2026-10-07T19:47:25.743699+00:00,13.726036899955943,0.0,hardware,IDLE,0,0.14486232791552936,0.0,,0.0,,0.0,,0.0,1.45,0.0,0.113,0.0,-1.29,0.0,-1.552002285,0.0,1.559887499,0.0,-1.5599264019999999,0.0,1.545295464,0.0,1.552,0.0,1.5379273279999999,0.0,-1.537966411,0.0,1.537968744,0.0,-1.79835218,0.0,1.45,1.45,1.45,0.0,0.113,0.113,0.113,0.0,-1.29,-1.29,-1.29,0.0,1.94,1.552,1.552,0.0
2026-10-07T19:47:25.765496+00:00,13.7481264998205,0.0,hardware,IDLE,0,0.14486232791552936,0.0,,0.0,,0.0,,0.0,1.45,0.0,0.113,0.0,-1.29,0.0,-1.552002285,0.0,1.559887499,0.0,-1.5599264019999999,0.0,1.545295464,0.0,1.552,0.0,1.5379273279999999,0.0,-1.537966411,0.0,1.537968744,0.0,-1.79835218,0.0,1.45,1.45,1.45,0.0,0.113,0.113,0.113,0.0,-1.29,-1.29,-1.29,0.0,1.94,1.552,1.552,0.0
2026-10-07T19:47:25.790496+00:00,13.773022099863738,0.0,hardware,IDLE,0,0.14486232791552936,0.0,,0.0,,0.0,,0.0,1.45,0.0,0.113,0.0,-1.29,0.0,-1.552002285,0.0,1.559887499,0.0,-1.5599264019999999,0.0,1.545295464,0.0,1.552,0.0,1.5379273279999999,0.0,-1.537966411,0.0,1.537968744,0.0,-1.79835218,0.0,1.45,1.45,1.45,0.0,0.113,0.113,0.113,0.0,-1.29,-1.29,-1.29,0.0,1.94,1.552,1.552,0.0
2026-10-07T19:47:25.812409+00:00,13.794519599992782,0.0,hardware,IDLE,0,0.14486232791552936,0.0,,0.0,,0.0,,0.0,1.45,0.0,0.113,0.0,-1.29,0.0,-1.552002285,0.0,1.559887499,0.0,-1.5599264019999999,0.0,1.545295464,0.0,1.552,0.0,1.5379273279999999,0.0,-1.537966411,0.0,1.537968744,0.0,-1.79835218,0.0,1.45,1.45,1.45,0.0,0.113,0.113,0.113,0.0,-1.29,-1.29,-1.29,0.0,1.94,1.552,1.552,0.0
2026-10-07T19:47:25.834500+00:00,13.817367499927059,0.0,hardware,IDLE,0,0.14486232791552936,0.0,,0.0,,0.0,,0.0,1.45,0.0,0.113,0.0,-1.29,0.0,-1.552002285,0.0,1.559887499,0.0,-1.5599264019999999,0.0,1.545295464,0.0,1.552,0.0,1.5379273279999999,0.0,-1.537966411,0.0,1.537968744,0.0,-1.79835218,0.0,1.45,1.45,1.45,0.0,0.113,0.113,0.113,0.0,-1.29,-1.29,-1.29,0.0,1.94,1.552,1.552,0.0
2026-10-07T19:47:25.858536+00:00,13.840795499971136,0.0,hardware,IDLE,0,0.14486232791552936,0.0,,0.0,,0.0,,0.0,1.45,0.0,0.113,0.0,-1.29,0.0,-1.552002285,0.0,1.559887499,0.0,-1.5599264019999999,0.0,1.545295464,0.0,1.552,0.0,1.5379273279999999,0.0,-1.537966411,0.0,1.537968744,0.0,-1.79835218,0.0,1.45,1.45,1.45,0.0,0.113,0.113,0.113,0.0,-1.29,-1.29,-1.29,0.0,1.94,1.552,1.552,0.0
2026-10-07T19:47:25.883194+00:00,13.865662999916822,0.0,hardware,IDLE,0,0.14486232791552936,0.0,,0.0,,0.0,,0.0,1.45,0.0,0.113,0.0,-1.29,0.0,-1.552002285,0.0,1.559887499,0.0,-1.5599264019999999,0.0,1.545295464,0.0,1.552,0.0,1.5379273279999999,0.0,-1.537966411,0.0,1.537968744,0.0,-1.79835218,0.0,1.45,1.45,1.45,0.0,0.113,0.113,0.113,0.0,-1.29,-1.29,-1.29,0.0,1.94,1.552,1.552,0.0
2026-10-07T19:47:25.906152+00:00,13.888311799848452,0.0,hardware,IDLE,0,0.14486232791552936,0.0,,0.0,,0.0,,0.0,1.45,0.0,0.113,0.0,-1.29,0.0,-1.552002285,0.0,1.559887499,0.0,-1.5599264019999999,0.0,1.545295464,0.0,1.552,0.0,1.5379273279999999,0.0,-1.537966411,0.0,1.537968744,0.0,-1.79835218,0.0,1.45,1.45,1.45,0.0,0.113,0.113,0.113,0.0,-1.29,-1.29,-1.29,0.0,1.94,1.552,1.552,0.0
2026-10-07T19:47:25.929105+00:00,13.911403100006282,0.0,hardware,IDLE,0,0.14486232791552936,0.0,,0.0,,0.0,,0.0,1.45,0.0,0.113,0.0,-1.29,0.0,-1.552002285,0.0,1.559887499,0.0,-1.5599264019999999,0.0,1.545295464,0.0,1.552,0.0,1.5379273279999999,0.0,-1.537966411,0.0,1.537968744,0.0,-1.79835218,0.0,1.45,1.45,1.45,0.0,0.113,0.113,0.113,0.0,-1.29,-1.29,-1.29,0.0,1.94,1.552,1.552,0.0
2026-10-07T19:47:25.955312+00:00,13.93765820004046,0.0,hardware,IDLE,0,0.14486232791552936,0.0,,0.0,,0.0,,0.0,1.45,0.0,0.113,0.0,-1.29,0.0,-1.552002285,0.0,1.559887499,0.0,-1.5599264019999999,0.0,1.545295464,0.0,1.552,0.0,1.5379273279999999,0.0,-1.537966411,0.0,1.537968744,0.0,-1.79835218,0.0,1.45,1.45,1.45,0.0,0.113,0.113,0.113,0.0,-1.29,-1.29,-1.29,0.0,1.94,1.552,1.552,0.0
2026-10-07T19:47:25.978956+00:00,13.961900199996307,0.0,hardware,IDLE,0,0.14486232791552936,0.0,,0.0,,0.0,,0.0,1.45,0.0,0.113,0.0,-1.29,0.0,-1.552002285,0.0,1.559887499,0.0,-1.5599264019999999,0.0,1.545295464,0.0,1.552,0.0,1.5379273279999999,0.0,-1.537966411,0.0,1.537968744,0.0,-1.79835218,0.0,1.45,1.45,1.45,0.0,0.113,0.113,0.113,0.0,-1.29,-1.29,-1.29,0.0,1.94,1.552,1.552,0.0
2026-10-07T19:47:26.004858+00:00,13.987253699917346,0.0,hardware,IDLE,0,0.14486232791552936,0.0,,0.0,,0.0,,0.0,1.45,0.0,0.113,0.0,-1.29,0.0,-1.552002285,0.0,1.559887499,0.0,-1.5599264019999999,0.0,1.545295464,0.0,1.552,0.0,1.5379273279999999,0.0,-1.537966411,0.0,1.537968744,0.0,-1.79835218,0.0,1.45,1.45,1.45,0.0,0.113,0.113,0.113,0.0,-1.29,-1.29,-1.29,0.0,1.94,1.552,1.552,0.0
2026-10-07T19:47:26.025979+00:00,14.008417699951679,0.0,hardware,IDLE,0,0.14486232791552936,0.0,,0.0,,0.0,,0.0,1.45,0.0,0.113,0.0,-1.29,0.0,-1.552002285,0.0,1.559887499,0.0,-1.5599264019999999,0.0,1.545295464,0.0,1.552,0.0,1.5379273279999999,0.0,-1.537966411,0.0,1.537968744,0.0,-1.79835218,0.0,1.45,1.45,1.45,0.0,0.113,0.113,0.113,0.0,-1.29,-1.29,-1.29,0.0,1.94,1.552,1.552,0.0
2026-10-07T19:47:26.054893+00:00,14.03747049998492,0.0,hardware,IDLE,0,0.14486232791552936,0.0,,0.0,,0.0,,0.0,1.45,0.0,0.113,0.0,-1.29,0.0,-1.552002285,0.0,1.559887499,0.0,-1.5599264019999999,0.0,1.545295464,0.0,1.552,0.0,1.5379273279999999,0.0,-1.537966411,0.0,1.537968744,0.0,-1.79835218,0.0,1.45,1.45,1.45,0.0,0.113,0.113,0.113,0.0,-1.29,-1.29,-1.29,0.0,1.94,1.552,1.552,0.0
2026-10-07T19:47:26.077720+00:00,14.060299699893221,0.0,hardware,IDLE,0,0.14486232791552936,0.0,,0.0,,0.0,,0.0,1.45,0.0,0.113,0.0,-1.29,0.0,-1.552002285,0.0,1.559887499,0.0,-1.5599264019999999,0.0,1.545295464,0.0,1.552,0.0,1.5379273279999999,0.0,-1.537966411,0.0,1.537968744,0.0,-1.79835218,0.0,1.45,1.45,1.45,0.0,0.113,0.113,0.113,0.0,-1.29,-1.29,-1.29,0.0,1.94,1.552,1.552,0.0
2026-10-07T19:47:26.101720+00:00,14.083826799876988,0.0,hardware,IDLE,0,0.14486232791552936,0.0,,0.0,,0.0,,0.0,1.45,0.0,0.113,0.0,-1.29,0.0,-1.552002285,0.0,1.559887499,0.0,-1.5599264019999999,0.0,1.545295464,0.0,1.552,0.0,1.5379273279999999,0.0,-1.537966411,0.0,1.537968744,0.0,-1.79835218,0.0,1.45,1.45,1.45,0.0,0.113,0.113,0.113,0.0,-1.29,-1.29,-1.29,0.0,1.94,1.552,1.552,0.0
2026-10-07T19:47:26.123718+00:00,14.105983299901709,0.0,hardware,IDLE,0,0.14486232791552936,0.0,,0.0,,0.0,,0.0,1.45,0.0,0.113,0.0,-1.29,0.0,-1.552002285,0.0,1.559887499,0.0,-1.5599264019999999,0.0,1.545295464,0.0,1.552,0.0,1.5379273279999999,0.0,-1.537966411,0.0,1.537968744,0.0,-1.79835218,0.0,1.45,1.45,1.45,0.0,0.113,0.113,0.113,0.0,-1.29,-1.29,-1.29,0.0,1.94,1.552,1.552,0.0
2026-10-07T19:47:26.146715+00:00,14.128878799965605,0.0,hardware,IDLE,0,0.14486232791552936,0.0,,0.0,,0.0,,0.0,1.45,0.0,0.113,0.0,-1.29,0.0,-1.552002285,0.0,1.559887499,0.0,-1.5599264019999999,0.0,1.545295464,0.0,1.552,0.0,1.5379273279999999,0.0,-1.537966411,0.0,1.537968744,0.0,-1.79835218,0.0,1.45,1.45,1.45,0.0,0.113,0.113,0.113,0.0,-1.29,-1.29,-1.29,0.0,1.94,1.552,1.552,0.0
2026-10-07T19:47:26.170591+00:00,14.15321939997375,0.0,hardware,IDLE,0,0.14486232791552936,0.0,,0.0,,0.0,,0.0,1.45,0.0,0.113,0.0,-1.29,0.0,-1.552002285,0.0,1.559887499,0.0,-1.5599264019999999,0.0,1.545295464,0.0,1.552,0.0,1.5379273279999999,0.0,-1.537966411,0.0,1.537968744,0.0,-1.79835218,0.0,1.45,1.45,1.45,0.0,0.113,0.113,0.113,0.0,-1.29,-1.29,-1.29,0.0,1.94,1.552,1.552,0.0
2026-10-07T19:47:26.197500+00:00,14.180489999940619,0.0,hardware,IDLE,0,0.14486232791552936,0.0,,0.0,,0.0,,0.0,1.45,0.0,0.113,0.0,-1.29,0.0,-1.552002285,0.0,1.559887499,0.0,-1.5599264019999999,0.0,1.545295464,0.0,1.552,0.0,1.5379273279999999,0.0,-1.537966411,0.0,1.537968744,0.0,-1.79835218,0.0,1.45,1.45,1.45,0.0,0.113,0.113,0.113,0.0,-1.29,-1.29,-1.29,0.0,1.94,1.552,1.552,0.0
2026-10-07T19:47:26.229490+00:00,14.21189309982583,0.0,hardware,IDLE,0,0.14486232791552936,0.0,,0.0,,0.0,,0.0,1.45,0.0,0.113,0.0,-1.29,0.0,-1.552002285,0.0,1.559887499,0.0,-1.5599264019999999,0.0,1.545295464,0.0,1.552,0.0,1.5379273279999999,0.0,-1.537966411,0.0,1.537968744,0.0,-1.79835218,0.0,1.45,1.45,1.45,0.0,0.113,0.113,0.113,0.0,-1.29,-1.29,-1.29,0.0,1.94,1.552,1.552,0.0
2026-10-07T19:47:26.259498+00:00,14.241994200041518,0.0,hardware,IDLE,0,0.14486232791552936,0.0,,0.0,,0.0,,0.0,1.45,0.0,0.113,0.0,-1.29,0.0,-1.552002285,0.0,1.559887499,0.0,-1.5599264019999999,0.0,1.545295464,0.0,1.552,0.0,1.5379273279999999,0.0,-1.537966411,0.0,1.537968744,0.0,-1.79835218,0.0,1.45,1.45,1.45,0.0,0.113,0.113,0.113,0.0,-1.29,-1.29,-1.29,0.0,1.94,1.552,1.552,0.0
2026-10-07T19:47:26.277048+00:00,14.26008649985306,0.0,hardware,IDLE,0,0.14486232791552936,0.0,,0.0,,0.0,,0.0,1.45,0.0,0.113,0.0,-1.29,0.0,-1.552002285,0.0,1.559887499,0.0,-1.5599264019999999,0.0,1.545295464,0.0,1.552,0.0,1.5379273279999999,0.0,-1.537966411,0.0,1.537968744,0.0,-1.79835218,0.0,1.45,1.45,1.45,0.0,0.113,0.113,0.113,0.0,-1.29,-1.29,-1.29,0.0,1.94,1.552,1.552,0.0
2026-10-07T19:47:26.298063+00:00,14.28079740004614,0.0,hardware,IDLE,0,0.14486232791552936,0.0,,0.0,,0.0,,0.0,1.45,0.0,0.113,0.0,-1.29,0.0,-1.552002285,0.0,1.559887499,0.0,-1.5599264019999999,0.0,1.545295464,0.0,1.552,0.0,1.5379273279999999,0.0,-1.537966411,0.0,1.537968744,0.0,-1.79835218,0.0,1.45,1.45,1.45,0.0,0.113,0.113,0.113,0.0,-1.29,-1.29,-1.29,0.0,1.94,1.552,1.552,0.0
2026-10-07T19:47:26.319056+00:00,14.302045699907467,0.0,hardware,IDLE,0,0.14486232791552936,0.0,,0.0,,0.0,,0.0,1.45,0.0,0.113,0.0,-1.29,0.0,-1.552002285,0.0,1.559887499,0.0,-1.5599264019999999,0.0,1.545295464,0.0,1.552,0.0,1.5379273279999999,0.0,-1.537966411,0.0,1.537968744,0.0,-1.79835218,0.0,1.45,1.45,1.45,0.0,0.113,0.113,0.113,0.0,-1.29,-1.29,-1.29,0.0,1.94,1.552,1.552,0.0
2026-10-07T19:47:26.337048+00:00,14.320048699853942,0.0,hardware,IDLE,0,0.14486232791552936,0.0,,0.0,,0.0,,0.0,1.45,0.0,0.113,0.0,-1.29,0.0,-1.552002285,0.0,1.559887499,0.0,-1.5599264019999999,0.0,1.545295464,0.0,1.552,0.0,1.5379273279999999,0.0,-1.537966411,0.0,1.537968744,0.0,-1.79835218,0.0,1.45,1.45,1.45,0.0,0.113,0.113,0.113,0.0,-1.29,-1.29,-1.29,0.0,1.94,1.552,1.552,0.0
2026-10-07T19:47:26.356092+00:00,14.338593899970874,0.0,hardware,IDLE,0,0.14486232791552936,0.0,,0.0,,0.0,,0.0,1.45,0.0,0.113,0.0,-1.29,0.0,-1.552002285,0.0,1.559887499,0.0,-1.5599264019999999,0.0,1.545295464,0.0,1.552,0.0,1.5379273279999999,0.0,-1.537966411,0.0,1.537968744,0.0,-1.79835218,0.0,1.45,1.45,1.45,0.0,0.113,0.113,0.113,0.0,-1.29,-1.29,-1.29,0.0,1.94,1.552,1.552,0.0
2026-10-07T19:47:26.385658+00:00,14.367827399866655,0.0,hardware,IDLE,0,0.14486232791552936,0.0,,0.0,,0.0,,0.0,1.45,0.0,0.113,0.0,-1.29,0.0,-1.552002285,0.0,1.559887499,0.0,-1.5599264019999999,0.0,1.545295464,0.0,1.552,0.0,1.5379273279999999,0.0,-1.537966411,0.0,1.537968744,0.0,-1.79835218,0.0,1.45,1.45,1.45,0.0,0.113,0.113,0.113,0.0,-1.29,-1.29,-1.29,0.0,1.94,1.552,1.552,0.0
2026-10-07T19:47:26.409658+00:00,14.392638799967244,0.0,hardware,IDLE,0,0.14486232791552936,0.0,,0.0,,0.0,,0.0,1.45,0.0,0.113,0.0,-1.29,0.0,-1.552002285,0.0,1.559887499,0.0,-1.5599264019999999,0.0,1.545295464,0.0,1.552,0.0,1.5379273279999999,0.0,-1.537966411,0.0,1.537968744,0.0,-1.79835218,0.0,1.45,1.45,1.45,0.0,0.113,0.113,0.113,0.0,-1.29,-1.29,-1.29,0.0,1.94,1.552,1.552,0.0
2026-10-07T19:47:26.426659+00:00,14.40887050004676,0.0,hardware,IDLE,0,0.14486232791552936,0.0,,0.0,,0.0,,0.0,1.45,0.0,0.113,0.0,-1.29,0.0,-1.552002285,0.0,1.559887499,0.0,-1.5599264019999999,0.0,1.545295464,0.0,1.552,0.0,1.5379273279999999,0.0,-1.537966411,0.0,1.537968744,0.0,-1.79835218,0.0,1.45,1.45,1.45,0.0,0.113,0.113,0.113,0.0,-1.29,-1.29,-1.29,0.0,1.94,1.552,1.552,0.0
2026-10-07T19:47:26.441649+00:00,14.424177299952134,0.0,hardware,IDLE,0,0.14486232791552936,0.0,,0.0,,0.0,,0.0,1.45,0.0,0.113,0.0,-1.29,0.0,-1.552002285,0.0,1.559887499,0.0,-1.5599264019999999,0.0,1.545295464,0.0,1.552,0.0,1.5379273279999999,0.0,-1.537966411,0.0,1.537968744,0.0,-1.79835218,0.0,1.45,1.45,1.45,0.0,0.113,0.113,0.113,0.0,-1.29,-1.29,-1.29,0.0,1.94,1.552,1.552,0.0
2026-10-07T19:47:26.455757+00:00,14.438570400001481,0.0,hardware,IDLE,0,0.14486232791552936,0.0,,0.0,,0.0,,0.0,1.45,0.0,0.113,0.0,-1.29,0.0,-1.552002285,0.0,1.559887499,0.0,-1.5599264019999999,0.0,1.545295464,0.0,1.552,0.0,1.5379273279999999,0.0,-1.537966411,0.0,1.537968744,0.0,-1.79835218,0.0,1.45,1.45,1.45,0.0,0.113,0.113,0.113,0.0,-1.29,-1.29,-1.29,0.0,1.94,1.552,1.552,0.0
2026-10-07T19:47:26.470520+00:00,14.453064899891615,0.0,hardware,IDLE,0,0.14486232791552936,0.0,,0.0,,0.0,,0.0,1.45,0.0,0.113,0.0,-1.29,0.0,-1.552002285,0.0,1.559887499,0.0,-1.5599264019999999,0.0,1.545295464,0.0,1.552,0.0,1.5379273279999999,0.0,-1.537966411,0.0,1.537968744,0.0,-1.79835218,0.0,1.45,1.45,1.45,0.0,0.113,0.113,0.113,0.0,-1.29,-1.29,-1.29,0.0,1.94,1.552,1.552,0.0
2026-10-07T19:47:26.485494+00:00,14.4681954998523,0.0,hardware,IDLE,0,0.14486232791552936,0.0,,0.0,,0.0,,0.0,1.45,0.0,0.113,0.0,-1.29,0.0,-1.552002285,0.0,1.559887499,0.0,-1.5599264019999999,0.0,1.545295464,0.0,1.552,0.0,1.5379273279999999,0.0,-1.537966411,0.0,1.537968744,0.0,-1.79835218,0.0,1.45,1.45,1.45,0.0,0.113,0.113,0.113,0.0,-1.29,-1.29,-1.29,0.0,1.94,1.552,1.552,0.0
2026-10-07T19:47:26.501494+00:00,14.483992299996316,0.0,hardware,IDLE,0,0.14486232791552936,0.0,,0.0,,0.0,,0.0,1.45,0.0,0.113,0.0,-1.29,0.0,-1.552002285,0.0,1.559887499,0.0,-1.5599264019999999,0.0,1.545295464,0.0,1.552,0.0,1.5379273279999999,0.0,-1.537966411,0.0,1.537968744,0.0,-1.79835218,0.0,1.45,1.45,1.45,0.0,0.113,0.113,0.113,0.0,-1.29,-1.29,-1.29,0.0,1.94,1.552,1.552,0.0
2026-10-07T19:47:26.518397+00:00,14.501330099999905,0.0,hardware,IDLE,0,0.14486232791552936,0.0,,0.0,,0.0,,0.0,1.45,0.0,0.113,0.0,-1.29,0.0,-1.552002285,0.0,1.559887499,0.0,-1.5599264019999999,0.0,1.545295464,0.0,1.552,0.0,1.5379273279999999,0.0,-1.537966411,0.0,1.537968744,0.0,-1.79835218,0.0,1.45,1.45,1.45,0.0,0.113,0.113,0.113,0.0,-1.29,-1.29,-1.29,0.0,1.94,1.552,1.552,0.0
2026-10-07T19:47:26.533412+00:00,14.516247099963948,0.0,hardware,IDLE,0,0.14486232791552936,0.0,,0.0,,0.0,,0.0,1.45,0.0,0.113,0.0,-1.29,0.0,-1.552002285,0.0,1.559887499,0.0,-1.5599264019999999,0.0,1.545295464,0.0,1.552,0.0,1.5379273279999999,0.0,-1.537966411,0.0,1.537968744,0.0,-1.79835218,0.0,1.45,1.45,1.45,0.0,0.113,0.113,0.113,0.0,-1.29,-1.29,-1.29,0.0,1.94,1.552,1.552,0.0
2026-10-07T19:47:26.549397+00:00,14.532038699835539,0.0,hardware,IDLE,0,0.14486232791552936,0.0,,0.0,,0.0,,0.0,1.45,0.0,0.113,0.0,-1.29,0.0,-1.552002285,0.0,1.559887499,0.0,-1.5599264019999999,0.0,1.545295464,0.0,1.552,0.0,1.5379273279999999,0.0,-1.537966411,0.0,1.537968744,0.0,-1.79835218,0.0,1.45,1.45,1.45,0.0,0.113,0.113,0.113,0.0,-1.29,-1.29,-1.29,0.0,1.94,1.552,1.552,0.0
2026-10-07T19:47:26.565915+00:00,14.548224000027403,0.0,hardware,IDLE,0,0.14486232791552936,0.0,,0.0,,0.0,,0.0,1.45,0.0,0.113,0.0,-1.29,0.0,-1.552002285,0.0,1.559887499,0.0,-1.5599264019999999,0.0,1.545295464,0.0,1.552,0.0,1.5379273279999999,0.0,-1.537966411,0.0,1.537968744,0.0,-1.79835218,0.0,1.45,1.45,1.45,0.0,0.113,0.113,0.113,0.0,-1.29,-1.29,-1.29,0.0,1.94,1.552,1.552,0.0
2026-10-07T19:47:26.580933+00:00,14.563126399880275,0.0,hardware,IDLE,0,0.14486232791552936,0.0,,0.0,,0.0,,0.0,1.45,0.0,0.113,0.0,-1.29,0.0,-1.552002285,0.0,1.559887499,0.0,-1.5599264019999999,0.0,1.545295464,0.0,1.552,0.0,1.5379273279999999,0.0,-1.537966411,0.0,1.537968744,0.0,-1.79835218,0.0,1.45,1.45,1.45,0.0,0.113,0.113,0.113,0.0,-1.29,-1.29,-1.29,0.0,1.94,1.552,1.552,0.0
2026-10-07T19:47:26.599928+00:00,14.582074099918827,0.0,hardware,IDLE,0,0.14486232791552936,0.0,,0.0,,0.0,,0.0,1.45,0.0,0.113,0.0,-1.29,0.0,-1.552002285,0.0,1.559887499,0.0,-1.5599264019999999,0.0,1.545295464,0.0,1.552,0.0,1.5379273279999999,0.0,-1.537966411,0.0,1.537968744,0.0,-1.79835218,0.0,1.45,1.45,1.45,0.0,0.113,0.113,0.113,0.0,-1.29,-1.29,-1.29,0.0,1.94,1.552,1.552,0.0
2026-10-07T19:47:26.615025+00:00,14.597684900043532,0.0,hardware,IDLE,0,0.14486232791552936,0.0,,0.0,,0.0,,0.0,1.45,0.0,0.113,0.0,-1.29,0.0,-1.552002285,0.0,1.559887499,0.0,-1.5599264019999999,0.0,1.545295464,0.0,1.552,0.0,1.5379273279999999,0.0,-1.537966411,0.0,1.537968744,0.0,-1.79835218,0.0,1.45,1.45,1.45,0.0,0.113,0.113,0.113,0.0,-1.29,-1.29,-1.29,0.0,1.94,1.552,1.552,0.0
2026-10-07T19:47:26.629933+00:00,14.61217029998079,0.0,hardware,IDLE,0,0.14486232791552936,0.0,,0.0,,0.0,,0.0,1.45,0.0,0.113,0.0,-1.29,0.0,-1.552002285,0.0,1.559887499,0.0,-1.5599264019999999,0.0,1.545295464,0.0,1.552,0.0,1.5379273279999999,0.0,-1.537966411,0.0,1.537968744,0.0,-1.79835218,0.0,1.45,1.45,1.45,0.0,0.113,0.113,0.113,0.0,-1.29,-1.29,-1.29,0.0,1.94,1.552,1.552,0.0
2026-10-07T19:47:26.644023+00:00,14.626920899841934,0.0,hardware,IDLE,0,0.14486232791552936,0.0,,0.0,,0.0,,0.0,1.45,0.0,0.113,0.0,-1.29,0.0,-1.552002285,0.0,1.559887499,0.0,-1.5599264019999999,0.0,1.545295464,0.0,1.552,0.0,1.5379273279999999,0.0,-1.537966411,0.0,1.537968744,0.0,-1.79835218,0.0,1.45,1.45,1.45,0.0,0.113,0.113,0.113,0.0,-1.29,-1.29,-1.29,0.0,1.94,1.552,1.552,0.0
2026-10-07T19:47:26.658135+00:00,14.641129900002852,0.0,hardware,IDLE,0,0.14486232791552936,0.0,,0.0,,0.0,,0.0,1.45,0.0,0.113,0.0,-1.29,0.0,-1.552002285,0.0,1.559887499,0.0,-1.5599264019999999,0.0,1.545295464,0.0,1.552,0.0,1.5379273279999999,0.0,-1.537966411,0.0,1.537968744,0.0,-1.79835218,0.0,1.45,1.45,1.45,0.0,0.113,0.113,0.113,0.0,-1.29,-1.29,-1.29,0.0,1.94,1.552,1.552,0.0
2026-10-07T19:47:26.674771+00:00,14.657626800006256,0.0,hardware,IDLE,0,0.14486232791552936,0.0,,0.0,,0.0,,0.0,1.45,0.0,0.113,0.0,-1.29,0.0,-1.552002285,0.0,1.559887499,0.0,-1.5599264019999999,0.0,1.545295464,0.0,1.552,0.0,1.5379273279999999,0.0,-1.537966411,0.0,1.537968744,0.0,-1.79835218,0.0,1.45,1.45,1.45,0.0,0.113,0.113,0.113,0.0,-1.29,-1.29,-1.29,0.0,1.94,1.552,1.552,0.0
2026-10-07T19:47:26.692664+00:00,14.674957199953496,0.0,hardware,IDLE,0,0.14486232791552936,0.0,,0.0,,0.0,,0.0,1.45,0.0,0.113,0.0,-1.29,0.0,-1.552002285,0.0,1.559887499,0.0,-1.5599264019999999,0.0,1.545295464,0.0,1.552,0.0,1.5379273279999999,0.0,-1.537966411,0.0,1.537968744,0.0,-1.79835218,0.0,1.45,1.45,1.45,0.0,0.113,0.113,0.113,0.0,-1.29,-1.29,-1.29,0.0,1.94,1.552,1.552,0.0
2026-10-07T19:47:26.709762+00:00,14.69190360000357,0.0,hardware,IDLE,0,0.14486232791552936,0.0,,0.0,,0.0,,0.0,1.45,0.0,0.113,0.0,-1.29,0.0,-1.552002285,0.0,1.559887499,0.0,-1.5599264019999999,0.0,1.545295464,0.0,1.552,0.0,1.5379273279999999,0.0,-1.537966411,0.0,1.537968744,0.0,-1.79835218,0.0,1.45,1.45,1.45,0.0,0.113,0.113,0.113,0.0,-1.29,-1.29,-1.29,0.0,1.94,1.552,1.552,0.0
2026-10-07T19:47:26.723661+00:00,14.706710299942642,0.0,hardware,IDLE,0,0.14486232791552936,0.0,,0.0,,0.0,,0.0,1.45,0.0,0.113,0.0,-1.29,0.0,-1.552002285,0.0,1.559887499,0.0,-1.5599264019999999,0.0,1.545295464,0.0,1.552,0.0,1.5379273279999999,0.0,-1.537966411,0.0,1.537968744,0.0,-1.79835218,0.0,1.45,1.45,1.45,0.0,0.113,0.113,0.113,0.0,-1.29,-1.29,-1.29,0.0,1.94,1.552,1.552,0.0
2026-10-07T19:47:26.740783+00:00,14.723189800046384,0.0,hardware,IDLE,0,0.14486232791552936,0.0,,0.0,,0.0,,0.0,1.45,0.0,0.113,0.0,-1.29,0.0,-1.552002285,0.0,1.559887499,0.0,-1.5599264019999999,0.0,1.545295464,0.0,1.552,0.0,1.5379273279999999,0.0,-1.537966411,0.0,1.537968744,0.0,-1.79835218,0.0,1.45,1.45,1.45,0.0,0.113,0.113,0.113,0.0,-1.29,-1.29,-1.29,0.0,1.94,1.552,1.552,0.0
2026-10-07T19:47:26.761871+00:00,14.744629699969664,0.0,hardware,IDLE,0,0.14486232791552936,0.0,,0.0,,0.0,,0.0,1.45,0.0,0.113,0.0,-1.29,0.0,-1.552002285,0.0,1.559887499,0.0,-1.5599264019999999,0.0,1.545295464,0.0,1.552,0.0,1.5379273279999999,0.0,-1.537966411,0.0,1.537968744,0.0,-1.79835218,0.0,1.45,1.45,1.45,0.0,0.113,0.113,0.113,0.0,-1.29,-1.29,-1.29,0.0,1.94,1.552,1.552,0.0
2026-10-07T19:47:26.783637+00:00,14.766651100013405,0.0,hardware,IDLE,0,0.14486232791552936,0.0,,0.0,,0.0,,0.0,1.45,0.0,0.113,0.0,-1.29,0.0,-1.552002285,0.0,1.559887499,0.0,-1.5599264019999999,0.0,1.545295464,0.0,1.552,0.0,1.5379273279999999,0.0,-1.537966411,0.0,1.537968744,0.0,-1.79835218,0.0,1.45,1.45,1.45,0.0,0.113,0.113,0.113,0.0,-1.29,-1.29,-1.29,0.0,1.94,1.552,1.552,0.0
2026-10-07T19:47:26.807631+00:00,14.790216399822384,0.0,hardware,IDLE,0,0.14486232791552936,0.0,,0.0,,0.0,,0.0,1.45,0.0,0.113,0.0,-1.29,0.0,-1.552002285,0.0,1.559887499,0.0,-1.5599264019999999,0.0,1.545295464,0.0,1.552,0.0,1.5379273279999999,0.0,-1.537966411,0.0,1.537968744,0.0,-1.79835218,0.0,1.45,1.45,1.45,0.0,0.113,0.113,0.113,0.0,-1.29,-1.29,-1.29,0.0,1.94,1.552,1.552,0.0
2026-10-07T19:47:26.830578+00:00,14.813569199992344,0.0,hardware,IDLE,0,0.14486232791552936,0.0,,0.0,,0.0,,0.0,1.45,0.0,0.113,0.0,-1.29,0.0,-1.552002285,0.0,1.559887499,0.0,-1.5599264019999999,0.0,1.545295464,0.0,1.552,0.0,1.5379273279999999,0.0,-1.537966411,0.0,1.537968744,0.0,-1.79835218,0.0,1.45,1.45,1.45,0.0,0.113,0.113,0.113,0.0,-1.29,-1.29,-1.29,0.0,1.94,1.552,1.552,0.0
2026-10-07T19:47:26.851714+00:00,14.834825600031763,0.0,hardware,IDLE,0,0.14486232791552936,0.0,,0.0,,0.0,,0.0,1.45,0.0,0.113,0.0,-1.29,0.0,-1.552002285,0.0,1.559887499,0.0,-1.5599264019999999,0.0,1.545295464,0.0,1.552,0.0,1.5379273279999999,0.0,-1.537966411,0.0,1.537968744,0.0,-1.79835218,0.0,1.45,1.45,1.45,0.0,0.113,0.113,0.113,0.0,-1.29,-1.29,-1.29,0.0,1.94,1.552,1.552,0.0
2026-10-07T19:47:26.875481+00:00,14.85850950004533,0.0,hardware,IDLE,0,0.14486232791552936,0.0,,0.0,,0.0,,0.0,1.45,0.0,0.113,0.0,-1.29,0.0,-1.552002285,0.0,1.559887499,0.0,-1.5599264019999999,0.0,1.545295464,0.0,1.552,0.0,1.5379273279999999,0.0,-1.537966411,0.0,1.537968744,0.0,-1.79835218,0.0,1.45,1.45,1.45,0.0,0.113,0.113,0.113,0.0,-1.29,-1.29,-1.29,0.0,1.94,1.552,1.552,0.0
2026-10-07T19:47:26.899479+00:00,14.882450900040567,0.0,hardware,IDLE,0,0.14486232791552936,0.0,,0.0,,0.0,,0.0,1.45,0.0,0.113,0.0,-1.29,0.0,-1.552002285,0.0,1.559887499,0.0,-1.5599264019999999,0.0,1.545295464,0.0,1.552,0.0,1.5379273279999999,0.0,-1.537966411,0.0,1.537968744,0.0,-1.79835218,0.0,1.45,1.45,1.45,0.0,0.113,0.113,0.113,0.0,-1.29,-1.29,-1.29,0.0,1.94,1.552,1.552,0.0
2026-10-07T19:47:26.923382+00:00,14.90577399986796,0.0,hardware,IDLE,0,0.14486232791552936,0.0,,0.0,,0.0,,0.0,1.45,0.0,0.113,0.0,-1.29,0.0,-1.552002285,0.0,1.559887499,0.0,-1.5599264019999999,0.0,1.545295464,0.0,1.552,0.0,1.5379273279999999,0.0,-1.537966411,0.0,1.537968744,0.0,-1.79835218,0.0,1.45,1.45,1.45,0.0,0.113,0.113,0.113,0.0,-1.29,-1.29,-1.29,0.0,1.94,1.552,1.552,0.0
2026-10-07T19:47:26.948393+00:00,14.931168999988586,0.0,hardware,IDLE,0,0.14486232791552936,0.0,,0.0,,0.0,,0.0,1.45,0.0,0.113,0.0,-1.29,0.0,-1.552002285,0.0,1.559887499,0.0,-1.5599264019999999,0.0,1.545295464,0.0,1.552,0.0,1.5379273279999999,0.0,-1.537966411,0.0,1.537968744,0.0,-1.79835218,0.0,1.45,1.45,1.45,0.0,0.113,0.113,0.113,0.0,-1.29,-1.29,-1.29,0.0,1.94,1.552,1.552,0.0
2026-10-07T19:47:26.969942+00:00,14.952772799879313,0.0,hardware,IDLE,0,0.14486232791552936,0.0,,0.0,,0.0,,0.0,1.45,0.0,0.113,0.0,-1.29,0.0,-1.552002285,0.0,1.559887499,0.0,-1.5599264019999999,0.0,1.545295464,0.0,1.552,0.0,1.5379273279999999,0.0,-1.537966411,0.0,1.537968744,0.0,-1.79835218,0.0,1.45,1.45,1.45,0.0,0.113,0.113,0.113,0.0,-1.29,-1.29,-1.29,0.0,1.94,1.552,1.552,0.0
2026-10-07T19:47:26.990039+00:00,14.972953299991786,0.0,hardware,IDLE,0,0.14486232791552936,0.0,,0.0,,0.0,,0.0,1.45,0.0,0.113,0.0,-1.29,0.0,-1.552002285,0.0,1.559887499,0.0,-1.5599264019999999,0.0,1.545295464,0.0,1.552,0.0,1.5379273279999999,0.0,-1.537966411,0.0,1.537968744,0.0,-1.79835218,0.0,1.45,1.45,1.45,0.0,0.113,0.113,0.113,0.0,-1.29,-1.29,-1.29,0.0,1.94,1.552,1.552,0.0
2026-10-07T19:47:27.012039+00:00,14.994145599892363,0.0,hardware,IDLE,0,0.14486232791552936,0.0,,0.0,,0.0,,0.0,1.45,0.0,0.113,0.0,-1.29,0.0,-1.552002285,0.0,1.559887499,0.0,-1.5599264019999999,0.0,1.545295464,0.0,1.552,0.0,1.5379273279999999,0.0,-1.537966411,0.0,1.537968744,0.0,-1.79835218,0.0,1.45,1.45,1.45,0.0,0.113,0.113,0.113,0.0,-1.29,-1.29,-1.29,0.0,1.94,1.552,1.552,0.0
2026-10-07T19:47:27.037045+00:00,15.019569600000978,0.0,hardware,IDLE,0,0.14486232791552936,0.0,,0.0,,0.0,,0.0,1.45,0.0,0.113,0.0,-1.29,0.0,-1.552002285,0.0,1.559887499,0.0,-1.5599264019999999,0.0,1.545295464,0.0,1.552,0.0,1.5379273279999999,0.0,-1.537966411,0.0,1.537968744,0.0,-1.79835218,0.0,1.45,1.45,1.45,0.0,0.113,0.113,0.113,0.0,-1.29,-1.29,-1.29,0.0,1.94,1.552,1.552,0.0
2026-10-07T19:47:27.058182+00:00,15.041100000031292,0.0,hardware,IDLE,0,0.14486232791552936,0.0,,0.0,,0.0,,0.0,1.45,0.0,0.113,0.0,-1.29,0.0,-1.552002285,0.0,1.559887499,0.0,-1.5599264019999999,0.0,1.545295464,0.0,1.552,0.0,1.5379273279999999,0.0,-1.537966411,0.0,1.537968744,0.0,-1.79835218,0.0,1.45,1.45,1.45,0.0,0.113,0.113,0.113,0.0,-1.29,-1.29,-1.29,0.0,1.94,1.552,1.552,0.0
2026-10-07T19:47:27.080852+00:00,15.063081600004807,0.0,hardware,IDLE,0,0.14486232791552936,0.0,,0.0,,0.0,,0.0,1.45,0.0,0.113,0.0,-1.29,0.0,-1.552002285,0.0,1.559887499,0.0,-1.5599264019999999,0.0,1.545295464,0.0,1.552,0.0,1.5379273279999999,0.0,-1.537966411,0.0,1.537968744,0.0,-1.79835218,0.0,1.45,1.45,1.45,0.0,0.113,0.113,0.113,0.0,-1.29,-1.29,-1.29,0.0,1.94,1.552,1.552,0.0
2026-10-07T19:47:27.103756+00:00,15.086021199822426,0.0,hardware,IDLE,0,0.14486232791552936,0.0,,0.0,,0.0,,0.0,1.45,0.0,0.113,0.0,-1.29,0.0,-1.552002285,0.0,1.559887499,0.0,-1.5599264019999999,0.0,1.545295464,0.0,1.552,0.0,1.5379273279999999,0.0,-1.537966411,0.0,1.537968744,0.0,-1.79835218,0.0,1.45,1.45,1.45,0.0,0.113,0.113,0.113,0.0,-1.29,-1.29,-1.29,0.0,1.94,1.552,1.552,0.0
2026-10-07T19:47:27.125850+00:00,15.108478900045156,0.0,hardware,IDLE,0,0.14486232791552936,0.0,,0.0,,0.0,,0.0,1.45,0.0,0.113,0.0,-1.29,0.0,-1.552002285,0.0,1.559887499,0.0,-1.5599264019999999,0.0,1.545295464,0.0,1.552,0.0,1.5379273279999999,0.0,-1.537966411,0.0,1.537968744,0.0,-1.79835218,0.0,1.45,1.45,1.45,0.0,0.113,0.113,0.113,0.0,-1.29,-1.29,-1.29,0.0,1.94,1.552,1.552,0.0
2026-10-07T19:47:27.146851+00:00,15.129300399916247,0.0,hardware,IDLE,0,0.14486232791552936,0.0,,0.0,,0.0,,0.0,1.45,0.0,0.113,0.0,-1.29,0.0,-1.552002285,0.0,1.559887499,0.0,-1.5599264019999999,0.0,1.545295464,0.0,1.552,0.0,1.5379273279999999,0.0,-1.537966411,0.0,1.537968744,0.0,-1.79835218,0.0,1.45,1.45,1.45,0.0,0.113,0.113,0.113,0.0,-1.29,-1.29,-1.29,0.0,1.94,1.552,1.552,0.0
2026-10-07T19:47:27.168631+00:00,15.150975900003687,0.0,hardware,IDLE,0,0.14486232791552936,0.0,,0.0,,0.0,,0.0,1.45,0.0,0.113,0.0,-1.29,0.0,-1.552002285,0.0,1.559887499,0.0,-1.5599264019999999,0.0,1.545295464,0.0,1.552,0.0,1.5379273279999999,0.0,-1.537966411,0.0,1.537968744,0.0,-1.79835218,0.0,1.45,1.45,1.45,0.0,0.113,0.113,0.113,0.0,-1.29,-1.29,-1.29,0.0,1.94,1.552,1.552,0.0
2026-10-07T19:47:27.189624+00:00,15.172150200000033,0.0,hardware,IDLE,0,0.14486232791552936,0.0,,0.0,,0.0,,0.0,1.45,0.0,0.113,0.0,-1.29,0.0,-1.552002285,0.0,1.559887499,0.0,-1.5599264019999999,0.0,1.545295464,0.0,1.552,0.0,1.5379273279999999,0.0,-1.537966411,0.0,1.537968744,0.0,-1.79835218,0.0,1.45,1.45,1.45,0.0,0.113,0.113,0.113,0.0,-1.29,-1.29,-1.29,0.0,1.94,1.552,1.552,0.0
2026-10-07T19:47:27.214531+00:00,15.196665899828076,0.0,hardware,IDLE,0,0.14486232791552936,0.0,,0.0,,0.0,,0.0,1.45,0.0,0.113,0.0,-1.29,0.0,-1.552002285,0.0,1.559887499,0.0,-1.5599264019999999,0.0,1.545295464,0.0,1.552,0.0,1.5379273279999999,0.0,-1.537966411,0.0,1.537968744,0.0,-1.79835218,0.0,1.45,1.45,1.45,0.0,0.113,0.113,0.113,0.0,-1.29,-1.29,-1.29,0.0,1.94,1.552,1.552,0.0
2026-10-07T19:47:27.241542+00:00,15.224119199905545,0.0,hardware,IDLE,0,0.14486232791552936,0.0,,0.0,,0.0,,0.0,1.45,0.0,0.113,0.0,-1.29,0.0,-1.552002285,0.0,1.559887499,0.0,-1.5599264019999999,0.0,1.545295464,0.0,1.552,0.0,1.5379273279999999,0.0,-1.537966411,0.0,1.537968744,0.0,-1.79835218,0.0,1.45,1.45,1.45,0.0,0.113,0.113,0.113,0.0,-1.29,-1.29,-1.29,0.0,1.94,1.552,1.552,0.0
2026-10-07T19:47:27.263577+00:00,15.246591300005093,0.0,hardware,IDLE,0,0.14486232791552936,0.0,,0.0,,0.0,,0.0,1.45,0.0,0.113,0.0,-1.29,0.0,-1.552002285,0.0,1.559887499,0.0,-1.5599264019999999,0.0,1.545295464,0.0,1.552,0.0,1.5379273279999999,0.0,-1.537966411,0.0,1.537968744,0.0,-1.79835218,0.0,1.45,1.45,1.45,0.0,0.113,0.113,0.113,0.0,-1.29,-1.29,-1.29,0.0,1.94,1.552,1.552,0.0
2026-10-07T19:47:27.289316+00:00,15.272326600039378,0.0,hardware,IDLE,0,0.14486232791552936,0.0,,0.0,,0.0,,0.0,1.45,0.0,0.113,0.0,-1.29,0.0,-1.552002285,0.0,1.559887499,0.0,-1.5599264019999999,0.0,1.545295464,0.0,1.552,0.0,1.5379273279999999,0.0,-1.537966411,0.0,1.537968744,0.0,-1.79835218,0.0,1.45,1.45,1.45,0.0,0.113,0.113,0.113,0.0,-1.29,-1.29,-1.29,0.0,1.94,1.552,1.552,0.0
2026-10-07T19:47:27.312250+00:00,15.29516729991883,0.0,hardware,IDLE,0,0.14486232791552936,0.0,,0.0,,0.0,,0.0,1.45,0.0,0.113,0.0,-1.29,0.0,-1.552002285,0.0,1.559887499,0.0,-1.5599264019999999,0.0,1.545295464,0.0,1.552,0.0,1.5379273279999999,0.0,-1.537966411,0.0,1.537968744,0.0,-1.79835218,0.0,1.45,1.45,1.45,0.0,0.113,0.113,0.113,0.0,-1.29,-1.29,-1.29,0.0,1.94,1.552,1.552,0.0
2026-10-07T19:47:27.341225+00:00,15.32351000001654,0.0,hardware,IDLE,0,0.14486232791552936,0.0,,0.0,,0.0,,0.0,1.45,0.0,0.113,0.0,-1.29,0.0,-1.552002285,0.0,1.559887499,0.0,-1.5599264019999999,0.0,1.545295464,0.0,1.552,0.0,1.5379273279999999,0.0,-1.537966411,0.0,1.537968744,0.0,-1.79835218,0.0,1.45,1.45,1.45,0.0,0.113,0.113,0.113,0.0,-1.29,-1.29,-1.29,0.0,1.94,1.552,1.552,0.0
2026-10-07T19:47:27.366245+00:00,15.34922569990158,0.0,hardware,IDLE,0,0.14486232791552936,0.0,,0.0,,0.0,,0.0,1.45,0.0,0.113,0.0,-1.29,0.0,-1.552002285,0.0,1.559887499,0.0,-1.5599264019999999,0.0,1.545295464,0.0,1.552,0.0,1.5379273279999999,0.0,-1.537966411,0.0,1.537968744,0.0,-1.79835218,0.0,1.45,1.45,1.45,0.0,0.113,0.113,0.113,0.0,-1.29,-1.29,-1.29,0.0,1.94,1.552,1.552,0.0
2026-10-07T19:47:27.389767+00:00,15.372472199844196,0.0,hardware,IDLE,0,0.14486232791552936,0.0,,0.0,,0.0,,0.0,1.45,0.0,0.113,0.0,-1.29,0.0,-1.552002285,0.0,1.559887499,0.0,-1.5599264019999999,0.0,1.545295464,0.0,1.552,0.0,1.5379273279999999,0.0,-1.537966411,0.0,1.537968744,0.0,-1.79835218,0.0,1.45,1.45,1.45,0.0,0.113,0.113,0.113,0.0,-1.29,-1.29,-1.29,0.0,1.94,1.552,1.552,0.0
2026-10-07T19:47:27.404768+00:00,15.387531599961221,0.0,hardware,IDLE,0,0.14486232791552936,0.0,,0.0,,0.0,,0.0,1.45,0.0,0.113,0.0,-1.29,0.0,-1.552002285,0.0,1.559887499,0.0,-1.5599264019999999,0.0,1.545295464,0.0,1.552,0.0,1.5379273279999999,0.0,-1.537966411,0.0,1.537968744,0.0,-1.79835218,0.0,1.45,1.45,1.45,0.0,0.113,0.113,0.113,0.0,-1.29,-1.29,-1.29,0.0,1.94,1.552,1.552,0.0
2026-10-07T19:47:27.420767+00:00,15.40294920001179,0.0,hardware,IDLE,0,0.14486232791552936,0.0,,0.0,,0.0,,0.0,1.45,0.0,0.113,0.0,-1.29,0.0,-1.552002285,0.0,1.559887499,0.0,-1.5599264019999999,0.0,1.545295464,0.0,1.552,0.0,1.5379273279999999,0.0,-1.537966411,0.0,1.537968744,0.0,-1.79835218,0.0,1.45,1.45,1.45,0.0,0.113,0.113,0.113,0.0,-1.29,-1.29,-1.29,0.0,1.94,1.552,1.552,0.0
2026-10-07T19:47:27.434768+00:00,15.417189799947664,0.0,hardware,IDLE,0,0.14486232791552936,0.0,,0.0,,0.0,,0.0,1.45,0.0,0.113,0.0,-1.29,0.0,-1.552002285,0.0,1.559887499,0.0,-1.5599264019999999,0.0,1.545295464,0.0,1.552,0.0,1.5379273279999999,0.0,-1.537966411,0.0,1.537968744,0.0,-1.79835218,0.0,1.45,1.45,1.45,0.0,0.113,0.113,0.113,0.0,-1.29,-1.29,-1.29,0.0,1.94,1.552,1.552,0.0
2026-10-07T19:47:27.449766+00:00,15.432852299883962,0.0,hardware,IDLE,0,0.14486232791552936,0.0,,0.0,,0.0,,0.0,1.45,0.0,0.113,0.0,-1.29,0.0,-1.552002285,0.0,1.559887499,0.0,-1.5599264019999999,0.0,1.545295464,0.0,1.552,0.0,1.5379273279999999,0.0,-1.537966411,0.0,1.537968744,0.0,-1.79835218,0.0,1.45,1.45,1.45,0.0,0.113,0.113,0.113,0.0,-1.29,-1.29,-1.29,0.0,1.94,1.552,1.552,0.0
2026-10-07T19:47:27.465769+00:00,15.44821870001033,0.0,hardware,IDLE,0,0.14486232791552936,0.0,,0.0,,0.0,,0.0,1.45,0.0,0.113,0.0,-1.29,0.0,-1.552002285,0.0,1.559887499,0.0,-1.5599264019999999,0.0,1.545295464,0.0,1.552,0.0,1.5379273279999999,0.0,-1.537966411,0.0,1.537968744,0.0,-1.79835218,0.0,1.45,1.45,1.45,0.0,0.113,0.113,0.113,0.0,-1.29,-1.29,-1.29,0.0,1.94,1.552,1.552,0.0
2026-10-07T19:47:27.483294+00:00,15.46563019999303,0.0,hardware,IDLE,0,0.14486232791552936,0.0,,0.0,,0.0,,0.0,1.45,0.0,0.113,0.0,-1.29,0.0,-1.552002285,0.0,1.559887499,0.0,-1.5599264019999999,0.0,1.545295464,0.0,1.552,0.0,1.5379273279999999,0.0,-1.537966411,0.0,1.537968744,0.0,-1.79835218,0.0,1.45,1.45,1.45,0.0,0.113,0.113,0.113,0.0,-1.29,-1.29,-1.29,0.0,1.94,1.552,1.552,0.0
2026-10-07T19:47:27.498285+00:00,15.480430099880323,0.0,hardware,IDLE,0,0.14486232791552936,0.0,,0.0,,0.0,,0.0,1.45,0.0,0.113,0.0,-1.29,0.0,-1.552002285,0.0,1.559887499,0.0,-1.5599264019999999,0.0,1.545295464,0.0,1.552,0.0,1.5379273279999999,0.0,-1.537966411,0.0,1.537968744,0.0,-1.79835218,0.0,1.45,1.45,1.45,0.0,0.113,0.113,0.113,0.0,-1.29,-1.29,-1.29,0.0,1.94,1.552,1.552,0.0
2026-10-07T19:47:27.513167+00:00,15.495359299937263,0.0,hardware,IDLE,0,0.14486232791552936,0.0,,0.0,,0.0,,0.0,1.45,0.0,0.113,0.0,-1.29,0.0,-1.552002285,0.0,1.559887499,0.0,-1.5599264019999999,0.0,1.545295464,0.0,1.552,0.0,1.5379273279999999,0.0,-1.537966411,0.0,1.537968744,0.0,-1.79835218,0.0,1.45,1.45,1.45,0.0,0.113,0.113,0.113,0.0,-1.29,-1.29,-1.29,0.0,1.94,1.552,1.552,0.0
2026-10-07T19:47:27.522167+00:00,15.504427399951965,0.0,hardware,IDLE,0,0.14486232791552936,0.0,,0.0,,0.0,,0.0,1.45,0.0,0.113,0.0,-1.29,0.0,-1.552002285,0.0,1.559887499,0.0,-1.5599264019999999,0.0,1.545295464,0.0,1.552,0.0,1.5379273279999999,0.0,-1.537966411,0.0,1.537968744,0.0,-1.79835218,0.0,1.45,1.45,1.45,0.0,0.113,0.113,0.113,0.0,-1.29,-1.29,-1.29,0.0,1.94,1.552,1.552,0.0
2026-10-07T19:47:27.529166+00:00,15.512183299986646,0.0,hardware,IDLE,0,0.14486232791552936,0.0,,0.0,,0.0,,0.0,1.45,0.0,0.113,0.0,-1.29,0.0,-1.552002285,0.0,1.559887499,0.0,-1.5599264019999999,0.0,1.545295464,0.0,1.552,0.0,1.5379273279999999,0.0,-1.537966411,0.0,1.537968744,0.0,-1.79835218,0.0,1.45,1.45,1.45,0.0,0.113,0.113,0.113,0.0,-1.29,-1.29,-1.29,0.0,1.94,1.552,1.552,0.0
2026-10-07T19:47:27.538216+00:00,15.52115899999626,0.0,hardware,IDLE,0,0.14486232791552936,0.0,,0.0,,0.0,,0.0,1.45,0.0,0.113,0.0,-1.29,0.0,-1.552002285,0.0,1.559887499,0.0,-1.5599264019999999,0.0,1.545295464,0.0,1.552,0.0,1.5379273279999999,0.0,-1.537966411,0.0,1.537968744,0.0,-1.79835218,0.0,1.45,1.45,1.45,0.0,0.113,0.113,0.113,0.0,-1.29,-1.29,-1.29,0.0,1.94,1.552,1.552,0.0
2026-10-07T19:47:27.550219+00:00,15.532607099972665,0.0,hardware,IDLE,0,0.14486232791552936,0.0,,0.0,,0.0,,0.0,1.45,0.0,0.113,0.0,-1.29,0.0,-1.552002285,0.0,1.559887499,0.0,-1.5599264019999999,0.0,1.545295464,0.0,1.552,0.0,1.5379273279999999,0.0,-1.537966411,0.0,1.537968744,0.0,-1.79835218,0.0,1.45,1.45,1.45,0.0,0.113,0.113,0.113,0.0,-1.29,-1.29,-1.29,0.0,1.94,1.552,1.552,0.0
2026-10-07T19:47:27.562214+00:00,15.544437699951231,0.0,hardware,IDLE,0,0.14486232791552936,0.0,,0.0,,0.0,,0.0,1.45,0.0,0.113,0.0,-1.29,0.0,-1.552002285,0.0,1.559887499,0.0,-1.5599264019999999,0.0,1.545295464,0.0,1.552,0.0,1.5379273279999999,0.0,-1.537966411,0.0,1.537968744,0.0,-1.79835218,0.0,1.45,1.45,1.45,0.0,0.113,0.113,0.113,0.0,-1.29,-1.29,-1.29,0.0,1.94,1.552,1.552,0.0
2026-10-07T19:47:27.571678+00:00,15.554405399831012,0.0,hardware,IDLE,0,0.14486232791552936,0.0,,0.0,,0.0,,0.0,1.45,0.0,0.113,0.0,-1.29,0.0,-1.552002285,0.0,1.559887499,0.0,-1.5599264019999999,0.0,1.545295464,0.0,1.552,0.0,1.5379273279999999,0.0,-1.537966411,0.0,1.537968744,0.0,-1.79835218,0.0,1.45,1.45,1.45,0.0,0.113,0.113,0.113,0.0,-1.29,-1.29,-1.29,0.0,1.94,1.552,1.552,0.0
2026-10-07T19:47:27.581682+00:00,15.564499599859118,0.0,hardware,IDLE,0,0.14486232791552936,0.0,,0.0,,0.0,,0.0,1.45,0.0,0.113,0.0,-1.29,0.0,-1.552002285,0.0,1.559887499,0.0,-1.5599264019999999,0.0,1.545295464,0.0,1.552,0.0,1.5379273279999999,0.0,-1.537966411,0.0,1.537968744,0.0,-1.79835218,0.0,1.45,1.45,1.45,0.0,0.113,0.113,0.113,0.0,-1.29,-1.29,-1.29,0.0,1.94,1.552,1.552,0.0
2026-10-07T19:47:27.592771+00:00,15.575860499870032,0.0,hardware,IDLE,0,0.14486232791552936,0.0,,0.0,,0.0,,0.0,1.45,0.0,0.113,0.0,-1.29,0.0,-1.552002285,0.0,1.559887499,0.0,-1.5599264019999999,0.0,1.545295464,0.0,1.552,0.0,1.5379273279999999,0.0,-1.537966411,0.0,1.537968744,0.0,-1.79835218,0.0,1.45,1.45,1.45,0.0,0.113,0.113,0.113,0.0,-1.29,-1.29,-1.29,0.0,1.94,1.552,1.552,0.0
2026-10-07T19:47:27.602887+00:00,15.585692099994048,0.0,hardware,IDLE,0,0.14486232791552936,0.0,,0.0,,0.0,,0.0,1.45,0.0,0.113,0.0,-1.29,0.0,-1.552002285,0.0,1.559887499,0.0,-1.5599264019999999,0.0,1.545295464,0.0,1.552,0.0,1.5379273279999999,0.0,-1.537966411,0.0,1.537968744,0.0,-1.79835218,0.0,1.45,1.45,1.45,0.0,0.113,0.113,0.113,0.0,-1.29,-1.29,-1.29,0.0,1.94,1.552,1.552,0.0
2026-10-07T19:47:27.612883+00:00,15.595596599858254,0.0,hardware,IDLE,0,0.14486232791552936,0.0,,0.0,,0.0,,0.0,1.45,0.0,0.113,0.0,-1.29,0.0,-1.552002285,0.0,1.559887499,0.0,-1.5599264019999999,0.0,1.545295464,0.0,1.552,0.0,1.5379273279999999,0.0,-1.537966411,0.0,1.537968744,0.0,-1.79835218,0.0,1.45,1.45,1.45,0.0,0.113,0.113,0.113,0.0,-1.29,-1.29,-1.29,0.0,1.94,1.552,1.552,0.0
2026-10-07T19:47:27.622867+00:00,15.605550999986008,0.0,hardware,IDLE,0,0.14486232791552936,0.0,,0.0,,0.0,,0.0,1.45,0.0,0.113,0.0,-1.29,0.0,-1.552002285,0.0,1.559887499,0.0,-1.5599264019999999,0.0,1.545295464,0.0,1.552,0.0,1.5379273279999999,0.0,-1.537966411,0.0,1.537968744,0.0,-1.79835218,0.0,1.45,1.45,1.45,0.0,0.113,0.113,0.113,0.0,-1.29,-1.29,-1.29,0.0,1.94,1.552,1.552,0.0
2026-10-07T19:47:27.632871+00:00,15.615694799926132,0.0,hardware,IDLE,0,0.14486232791552936,0.0,,0.0,,0.0,,0.0,1.45,0.0,0.113,0.0,-1.29,0.0,-1.552002285,0.0,1.559887499,0.0,-1.5599264019999999,0.0,1.545295464,0.0,1.552,0.0,1.5379273279999999,0.0,-1.537966411,0.0,1.537968744,0.0,-1.79835218,0.0,1.45,1.45,1.45,0.0,0.113,0.113,0.113,0.0,-1.29,-1.29,-1.29,0.0,1.94,1.552,1.552,0.0
2026-10-07T19:47:27.643773+00:00,15.625985299935564,0.0,hardware,IDLE,0,0.14486232791552936,0.0,,0.0,,0.0,,0.0,1.45,0.0,0.113,0.0,-1.29,0.0,-1.552002285,0.0,1.559887499,0.0,-1.5599264019999999,0.0,1.545295464,0.0,1.552,0.0,1.5379273279999999,0.0,-1.537966411,0.0,1.537968744,0.0,-1.79835218,0.0,1.45,1.45,1.45,0.0,0.113,0.113,0.113,0.0,-1.29,-1.29,-1.29,0.0,1.94,1.552,1.552,0.0
2026-10-07T19:47:27.653951+00:00,15.636498400010169,0.0,hardware,IDLE,0,0.14486232791552936,0.0,,0.0,,0.0,,0.0,1.45,0.0,0.113,0.0,-1.29,0.0,-1.552002285,0.0,1.559887499,0.0,-1.5599264019999999,0.0,1.545295464,0.0,1.552,0.0,1.5379273279999999,0.0,-1.537966411,0.0,1.537968744,0.0,-1.79835218,0.0,1.45,1.45,1.45,0.0,0.113,0.113,0.113,0.0,-1.29,-1.29,-1.29,0.0,1.94,1.552,1.552,0.0
2026-10-07T19:47:27.665986+00:00,15.648453499889001,0.0,hardware,IDLE,0,0.14486232791552936,0.0,,0.0,,0.0,,0.0,1.45,0.0,0.113,0.0,-1.29,0.0,-1.552002285,0.0,1.559887499,0.0,-1.5599264019999999,0.0,1.545295464,0.0,1.552,0.0,1.5379273279999999,0.0,-1.537966411,0.0,1.537968744,0.0,-1.79835218,0.0,1.45,1.45,1.45,0.0,0.113,0.113,0.113,0.0,-1.29,-1.29,-1.29,0.0,1.94,1.552,1.552,0.0
2026-10-07T19:47:27.675164+00:00,15.658281799871475,0.0,hardware,IDLE,0,0.14486232791552936,0.0,,0.0,,0.0,,0.0,1.45,0.0,0.113,0.0,-1.29,0.0,-1.552002285,0.0,1.559887499,0.0,-1.5599264019999999,0.0,1.545295464,0.0,1.552,0.0,1.5379273279999999,0.0,-1.537966411,0.0,1.537968744,0.0,-1.79835218,0.0,1.45,1.45,1.45,0.0,0.113,0.113,0.113,0.0,-1.29,-1.29,-1.29,0.0,1.94,1.552,1.552,0.0
2026-10-07T19:47:27.686258+00:00,15.668841199949384,0.0,hardware,IDLE,0,0.14486232791552936,0.0,,0.0,,0.0,,0.0,1.45,0.0,0.113,0.0,-1.29,0.0,-1.552002285,0.0,1.559887499,0.0,-1.5599264019999999,0.0,1.545295464,0.0,1.552,0.0,1.5379273279999999,0.0,-1.537966411,0.0,1.537968744,0.0,-1.79835218,0.0,1.45,1.45,1.45,0.0,0.113,0.113,0.113,0.0,-1.29,-1.29,-1.29,0.0,1.94,1.552,1.552,0.0
2026-10-07T19:47:27.699297+00:00,15.682047500042245,0.0,hardware,IDLE,0,0.14486232791552936,0.0,,0.0,,0.0,,0.0,1.45,0.0,0.113,0.0,-1.29,0.0,-1.552002285,0.0,1.559887499,0.0,-1.5599264019999999,0.0,1.545295464,0.0,1.552,0.0,1.5379273279999999,0.0,-1.537966411,0.0,1.537968744,0.0,-1.79835218,0.0,1.45,1.45,1.45,0.0,0.113,0.113,0.113,0.0,-1.29,-1.29,-1.29,0.0,1.94,1.552,1.552,0.0
2026-10-07T19:47:27.711957+00:00,15.694423799868673,0.0,hardware,IDLE,0,0.14486232791552936,0.0,,0.0,,0.0,,0.0,1.45,0.0,0.113,0.0,-1.29,0.0,-1.552002285,0.0,1.559887499,0.0,-1.5599264019999999,0.0,1.545295464,0.0,1.552,0.0,1.5379273279999999,0.0,-1.537966411,0.0,1.537968744,0.0,-1.79835218,0.0,1.45,1.45,1.45,0.0,0.113,0.113,0.113,0.0,-1.29,-1.29,-1.29,0.0,1.94,1.552,1.552,0.0
2026-10-07T19:47:27.725960+00:00,15.70868739997968,0.0,hardware,IDLE,0,0.14486232791552936,0.0,,0.0,,0.0,,0.0,1.45,0.0,0.113,0.0,-1.29,0.0,-1.552002285,0.0,1.559887499,0.0,-1.5599264019999999,0.0,1.545295464,0.0,1.552,0.0,1.5379273279999999,0.0,-1.537966411,0.0,1.537968744,0.0,-1.79835218,0.0,1.45,1.45,1.45,0.0,0.113,0.113,0.113,0.0,-1.29,-1.29,-1.29,0.0,1.94,1.552,1.552,0.0
2026-10-07T19:47:27.738083+00:00,15.72073039994575,0.0,hardware,IDLE,0,0.14486232791552936,0.0,,0.0,,0.0,,0.0,1.45,0.0,0.113,0.0,-1.29,0.0,-1.552002285,0.0,1.559887499,0.0,-1.5599264019999999,0.0,1.545295464,0.0,1.552,0.0,1.5379273279999999,0.0,-1.537966411,0.0,1.537968744,0.0,-1.79835218,0.0,1.45,1.45,1.45,0.0,0.113,0.113,0.113,0.0,-1.29,-1.29,-1.29,0.0,1.94,1.552,1.552,0.0
2026-10-07T19:47:27.749094+00:00,15.73136410000734,0.0,hardware,IDLE,0,0.14486232791552936,0.0,,0.0,,0.0,,0.0,1.45,0.0,0.113,0.0,-1.29,0.0,-1.552002285,0.0,1.559887499,0.0,-1.5599264019999999,0.0,1.545295464,0.0,1.552,0.0,1.5379273279999999,0.0,-1.537966411,0.0,1.537968744,0.0,-1.79835218,0.0,1.45,1.45,1.45,0.0,0.113,0.113,0.113,0.0,-1.29,-1.29,-1.29,0.0,1.94,1.552,1.552,0.0
2026-10-07T19:47:27.761207+00:00,15.74335219990462,0.0,hardware,IDLE,0,0.14486232791552936,0.0,,0.0,,0.0,,0.0,1.45,0.0,0.113,0.0,-1.29,0.0,-1.552002285,0.0,1.559887499,0.0,-1.5599264019999999,0.0,1.545295464,0.0,1.552,0.0,1.5379273279999999,0.0,-1.537966411,0.0,1.537968744,0.0,-1.79835218,0.0,1.45,1.45,1.45,0.0,0.113,0.113,0.113,0.0,-1.29,-1.29,-1.29,0.0,1.94,1.552,1.552,0.0
2026-10-07T19:47:27.770907+00:00,15.75394620001316,0.0,hardware,IDLE,0,0.14486232791552936,0.0,,0.0,,0.0,,0.0,1.45,0.0,0.113,0.0,-1.29,0.0,-1.552002285,0.0,1.559887499,0.0,-1.5599264019999999,0.0,1.545295464,0.0,1.552,0.0,1.5379273279999999,0.0,-1.537966411,0.0,1.537968744,0.0,-1.79835218,0.0,1.45,1.45,1.45,0.0,0.113,0.113,0.113,0.0,-1.29,-1.29,-1.29,0.0,1.94,1.552,1.552,0.0
2026-10-07T19:47:27.786173+00:00,15.768331100000069,0.0,hardware,IDLE,0,0.14486232791552936,0.0,,0.0,,0.0,,0.0,1.45,0.0,0.113,0.0,-1.29,0.0,-1.552002285,0.0,1.559887499,0.0,-1.5599264019999999,0.0,1.545295464,0.0,1.552,0.0,1.5379273279999999,0.0,-1.537966411,0.0,1.537968744,0.0,-1.79835218,0.0,1.45,1.45,1.45,0.0,0.113,0.113,0.113,0.0,-1.29,-1.29,-1.29,0.0,1.94,1.552,1.552,0.0
2026-10-07T19:47:27.799068+00:00,15.782051699934527,0.0,hardware,IDLE,0,0.14486232791552936,0.0,,0.0,,0.0,,0.0,1.45,0.0,0.113,0.0,-1.29,0.0,-1.552002285,0.0,1.559887499,0.0,-1.5599264019999999,0.0,1.545295464,0.0,1.552,0.0,1.5379273279999999,0.0,-1.537966411,0.0,1.537968744,0.0,-1.79835218,0.0,1.45,1.45,1.45,0.0,0.113,0.113,0.113,0.0,-1.29,-1.29,-1.29,0.0,1.94,1.552,1.552,0.0
2026-10-07T19:47:27.813312+00:00,15.79647559998557,0.0,hardware,IDLE,0,0.14486232791552936,0.0,,0.0,,0.0,,0.0,1.45,0.0,0.113,0.0,-1.29,0.0,-1.552002285,0.0,1.559887499,0.0,-1.5599264019999999,0.0,1.545295464,0.0,1.552,0.0,1.5379273279999999,0.0,-1.537966411,0.0,1.537968744,0.0,-1.79835218,0.0,1.45,1.45,1.45,0.0,0.113,0.113,0.113,0.0,-1.29,-1.29,-1.29,0.0,1.94,1.552,1.552,0.0
2026-10-07T19:47:27.824432+00:00,15.806941699935123,0.0,hardware,IDLE,0,0.14486232791552936,0.0,,0.0,,0.0,,0.0,1.45,0.0,0.113,0.0,-1.29,0.0,-1.552002285,0.0,1.559887499,0.0,-1.5599264019999999,0.0,1.545295464,0.0,1.552,0.0,1.5379273279999999,0.0,-1.537966411,0.0,1.537968744,0.0,-1.79835218,0.0,1.45,1.45,1.45,0.0,0.113,0.113,0.113,0.0,-1.29,-1.29,-1.29,0.0,1.94,1.552,1.552,0.0
2026-10-07T19:47:27.835334+00:00,15.817907699849457,0.0,hardware,IDLE,0,0.14486232791552936,0.0,,0.0,,0.0,,0.0,1.45,0.0,0.113,0.0,-1.29,0.0,-1.552002285,0.0,1.559887499,0.0,-1.5599264019999999,0.0,1.545295464,0.0,1.552,0.0,1.5379273279999999,0.0,-1.537966411,0.0,1.537968744,0.0,-1.79835218,0.0,1.45,1.45,1.45,0.0,0.113,0.113,0.113,0.0,-1.29,-1.29,-1.29,0.0,1.94,1.552,1.552,0.0
2026-10-07T19:47:27.846716+00:00,15.828922200016677,0.0,hardware,IDLE,0,0.14486232791552936,0.0,,0.0,,0.0,,0.0,1.45,0.0,0.113,0.0,-1.29,0.0,-1.552002285,0.0,1.559887499,0.0,-1.5599264019999999,0.0,1.545295464,0.0,1.552,0.0,1.5379273279999999,0.0,-1.537966411,0.0,1.537968744,0.0,-1.79835218,0.0,1.45,1.45,1.45,0.0,0.113,0.113,0.113,0.0,-1.29,-1.29,-1.29,0.0,1.94,1.552,1.552,0.0
2026-10-07T19:47:27.856853+00:00,15.839362500002608,0.0,hardware,IDLE,0,0.14486232791552936,0.0,,0.0,,0.0,,0.0,1.45,0.0,0.113,0.0,-1.29,0.0,-1.552002285,0.0,1.559887499,0.0,-1.5599264019999999,0.0,1.545295464,0.0,1.552,0.0,1.5379273279999999,0.0,-1.537966411,0.0,1.537968744,0.0,-1.79835218,0.0,1.45,1.45,1.45,0.0,0.113,0.113,0.113,0.0,-1.29,-1.29,-1.29,0.0,1.94,1.552,1.552,0.0
2026-10-07T19:47:27.868936+00:00,15.85169759998098,0.0,hardware,IDLE,0,0.14486232791552936,0.0,,0.0,,0.0,,0.0,1.45,0.0,0.113,0.0,-1.29,0.0,-1.552002285,0.0,1.559887499,0.0,-1.5599264019999999,0.0,1.545295464,0.0,1.552,0.0,1.5379273279999999,0.0,-1.537966411,0.0,1.537968744,0.0,-1.79835218,0.0,1.45,1.45,1.45,0.0,0.113,0.113,0.113,0.0,-1.29,-1.29,-1.29,0.0,1.94,1.552,1.552,0.0
2026-10-07T19:47:27.883846+00:00,15.86637429986149,0.0,hardware,IDLE,0,0.14486232791552936,0.0,,0.0,,0.0,,0.0,1.45,0.0,0.113,0.0,-1.29,0.0,-1.552002285,0.0,1.559887499,0.0,-1.5599264019999999,0.0,1.545295464,0.0,1.552,0.0,1.5379273279999999,0.0,-1.537966411,0.0,1.537968744,0.0,-1.79835218,0.0,1.45,1.45,1.45,0.0,0.113,0.113,0.113,0.0,-1.29,-1.29,-1.29,0.0,1.94,1.552,1.552,0.0
2026-10-07T19:47:27.898953+00:00,15.881294899852946,0.0,hardware,IDLE,0,0.14486232791552936,0.0,,0.0,,0.0,,0.0,1.45,0.0,0.113,0.0,-1.29,0.0,-1.552002285,0.0,1.559887499,0.0,-1.5599264019999999,0.0,1.545295464,0.0,1.552,0.0,1.5379273279999999,0.0,-1.537966411,0.0,1.537968744,0.0,-1.79835218,0.0,1.45,1.45,1.45,0.0,0.113,0.113,0.113,0.0,-1.29,-1.29,-1.29,0.0,1.94,1.552,1.552,0.0
2026-10-07T19:47:27.911944+00:00,15.89409750001505,0.0,hardware,IDLE,0,0.14486232791552936,0.0,,0.0,,0.0,,0.0,1.45,0.0,0.113,0.0,-1.29,0.0,-1.552002285,0.0,1.559887499,0.0,-1.5599264019999999,0.0,1.545295464,0.0,1.552,0.0,1.5379273279999999,0.0,-1.537966411,0.0,1.537968744,0.0,-1.79835218,0.0,1.45,1.45,1.45,0.0,0.113,0.113,0.113,0.0,-1.29,-1.29,-1.29,0.0,1.94,1.552,1.552,0.0
2026-10-07T19:47:27.921861+00:00,15.904330699937418,0.0,hardware,IDLE,0,0.14486232791552936,0.0,,0.0,,0.0,,0.0,1.45,0.0,0.113,0.0,-1.29,0.0,-1.552002285,0.0,1.559887499,0.0,-1.5599264019999999,0.0,1.545295464,0.0,1.552,0.0,1.5379273279999999,0.0,-1.537966411,0.0,1.537968744,0.0,-1.79835218,0.0,1.45,1.45,1.45,0.0,0.113,0.113,0.113,0.0,-1.29,-1.29,-1.29,0.0,1.94,1.552,1.552,0.0
2026-10-07T19:47:27.931861+00:00,15.914678599918261,0.0,hardware,IDLE,0,0.14486232791552936,0.0,,0.0,,0.0,,0.0,1.45,0.0,0.113,0.0,-1.29,0.0,-1.552002285,0.0,1.559887499,0.0,-1.5599264019999999,0.0,1.545295464,0.0,1.552,0.0,1.5379273279999999,0.0,-1.537966411,0.0,1.537968744,0.0,-1.79835218,0.0,1.45,1.45,1.45,0.0,0.113,0.113,0.113,0.0,-1.29,-1.29,-1.29,0.0,1.94,1.552,1.552,0.0
2026-10-07T19:47:27.942859+00:00,15.925358999986202,0.0,hardware,IDLE,0,0.14486232791552936,0.0,,0.0,,0.0,,0.0,1.45,0.0,0.113,0.0,-1.29,0.0,-1.552002285,0.0,1.559887499,0.0,-1.5599264019999999,0.0,1.545295464,0.0,1.552,0.0,1.5379273279999999,0.0,-1.537966411,0.0,1.537968744,0.0,-1.79835218,0.0,1.45,1.45,1.45,0.0,0.113,0.113,0.113,0.0,-1.29,-1.29,-1.29,0.0,1.94,1.552,1.552,0.0
2026-10-07T19:47:27.956066+00:00,15.938933299854398,0.0,hardware,IDLE,0,0.14486232791552936,0.0,,0.0,,0.0,,0.0,1.45,0.0,0.113,0.0,-1.29,0.0,-1.552002285,0.0,1.559887499,0.0,-1.5599264019999999,0.0,1.545295464,0.0,1.552,0.0,1.5379273279999999,0.0,-1.537966411,0.0,1.537968744,0.0,-1.79835218,0.0,1.45,1.45,1.45,0.0,0.113,0.113,0.113,0.0,-1.29,-1.29,-1.29,0.0,1.94,1.552,1.552,0.0
2026-10-07T19:47:27.975282+00:00,15.957843499956653,0.0,hardware,IDLE,0,0.14486232791552936,0.0,,0.0,,0.0,,0.0,1.45,0.0,0.113,0.0,-1.29,0.0,-1.552002285,0.0,1.559887499,0.0,-1.5599264019999999,0.0,1.545295464,0.0,1.552,0.0,1.5379273279999999,0.0,-1.537966411,0.0,1.537968744,0.0,-1.79835218,0.0,1.45,1.45,1.45,0.0,0.113,0.113,0.113,0.0,-1.29,-1.29,-1.29,0.0,1.94,1.552,1.552,0.0
2026-10-07T19:47:27.991297+00:00,15.97425049985759,0.0,hardware,IDLE,0,0.14486232791552936,0.0,,0.0,,0.0,,0.0,1.45,0.0,0.113,0.0,-1.29,0.0,-1.552002285,0.0,1.559887499,0.0,-1.5599264019999999,0.0,1.545295464,0.0,1.552,0.0,1.5379273279999999,0.0,-1.537966411,0.0,1.537968744,0.0,-1.79835218,0.0,1.45,1.45,1.45,0.0,0.113,0.113,0.113,0.0,-1.29,-1.29,-1.29,0.0,1.94,1.552,1.552,0.0
2026-10-07T19:47:28.002290+00:00,15.98487009992823,0.0,hardware,IDLE,0,0.14486232791552936,0.0,,0.0,,0.0,,0.0,1.45,0.0,0.113,0.0,-1.29,0.0,-1.552002285,0.0,1.559887499,0.0,-1.5599264019999999,0.0,1.545295464,0.0,1.552,0.0,1.5379273279999999,0.0,-1.537966411,0.0,1.537968744,0.0,-1.79835218,0.0,1.45,1.45,1.45,0.0,0.113,0.113,0.113,0.0,-1.29,-1.29,-1.29,0.0,1.94,1.552,1.552,0.0
2026-10-07T19:47:28.012924+00:00,15.995329699944705,0.0,hardware,IDLE,0,0.14486232791552936,0.0,,0.0,,0.0,,0.0,1.45,0.0,0.113,0.0,-1.29,0.0,-1.552002285,0.0,1.559887499,0.0,-1.5599264019999999,0.0,1.545295464,0.0,1.552,0.0,1.5379273279999999,0.0,-1.537966411,0.0,1.537968744,0.0,-1.79835218,0.0,1.45,1.45,1.45,0.0,0.113,0.113,0.113,0.0,-1.29,-1.29,-1.29,0.0,1.94,1.552,1.552,0.0
2026-10-07T19:47:28.022926+00:00,16.00569779984653,0.0,hardware,IDLE,0,0.14486232791552936,0.0,,0.0,,0.0,,0.0,1.45,0.0,0.113,0.0,-1.29,0.0,-1.552002285,0.0,1.559887499,0.0,-1.5599264019999999,0.0,1.545295464,0.0,1.552,0.0,1.5379273279999999,0.0,-1.537966411,0.0,1.537968744,0.0,-1.79835218,0.0,1.45,1.45,1.45,0.0,0.113,0.113,0.113,0.0,-1.29,-1.29,-1.29,0.0,1.94,1.552,1.552,0.0
2026-10-07T19:47:28.036099+00:00,16.0192332000006,0.0,hardware,IDLE,0,0.14486232791552936,0.0,,0.0,,0.0,,0.0,1.45,0.0,0.113,0.0,-1.29,0.0,-1.552002285,0.0,1.559887499,0.0,-1.5599264019999999,0.0,1.545295464,0.0,1.552,0.0,1.5379273279999999,0.0,-1.537966411,0.0,1.537968744,0.0,-1.79835218,0.0,1.45,1.45,1.45,0.0,0.113,0.113,0.113,0.0,-1.29,-1.29,-1.29,0.0,1.94,1.552,1.552,0.0
2026-10-07T19:47:28.048085+00:00,16.030778700020164,0.0,hardware,IDLE,0,0.14486232791552936,0.0,,0.0,,0.0,,0.0,1.45,0.0,0.113,0.0,-1.29,0.0,-1.552002285,0.0,1.559887499,0.0,-1.5599264019999999,0.0,1.545295464,0.0,1.552,0.0,1.5379273279999999,0.0,-1.537966411,0.0,1.537968744,0.0,-1.79835218,0.0,1.45,1.45,1.45,0.0,0.113,0.113,0.113,0.0,-1.29,-1.29,-1.29,0.0,1.94,1.552,1.552,0.0
2026-10-07T19:47:28.060694+00:00,16.04306979989633,0.0,hardware,IDLE,0,0.14486232791552936,0.0,,0.0,,0.0,,0.0,1.45,0.0,0.113,0.0,-1.29,0.0,-1.552002285,0.0,1.559887499,0.0,-1.5599264019999999,0.0,1.545295464,0.0,1.552,0.0,1.5379273279999999,0.0,-1.537966411,0.0,1.537968744,0.0,-1.79835218,0.0,1.45,1.45,1.45,0.0,0.113,0.113,0.113,0.0,-1.29,-1.29,-1.29,0.0,1.94,1.552,1.552,0.0
2026-10-07T19:47:28.071246+00:00,16.054197799880058,0.0,hardware,IDLE,0,0.14486232791552936,0.0,,0.0,,0.0,,0.0,1.45,0.0,0.113,0.0,-1.29,0.0,-1.552002285,0.0,1.559887499,0.0,-1.5599264019999999,0.0,1.545295464,0.0,1.552,0.0,1.5379273279999999,0.0,-1.537966411,0.0,1.537968744,0.0,-1.79835218,0.0,1.45,1.45,1.45,0.0,0.113,0.113,0.113,0.0,-1.29,-1.29,-1.29,0.0,1.94,1.552,1.552,0.0
2026-10-07T19:47:28.086451+00:00,16.069278799928725,0.0,hardware,IDLE,0,0.14486232791552936,0.0,,0.0,,0.0,,0.0,1.45,0.0,0.113,0.0,-1.29,0.0,-1.552002285,0.0,1.559887499,0.0,-1.5599264019999999,0.0,1.545295464,0.0,1.552,0.0,1.5379273279999999,0.0,-1.537966411,0.0,1.537968744,0.0,-1.79835218,0.0,1.45,1.45,1.45,0.0,0.113,0.113,0.113,0.0,-1.29,-1.29,-1.29,0.0,1.94,1.552,1.552,0.0
2026-10-07T19:47:28.101368+00:00,16.083889700006694,0.0,hardware,IDLE,0,0.14486232791552936,0.0,,0.0,,0.0,,0.0,1.45,0.0,0.113,0.0,-1.29,0.0,-1.552002285,0.0,1.559887499,0.0,-1.5599264019999999,0.0,1.545295464,0.0,1.552,0.0,1.5379273279999999,0.0,-1.537966411,0.0,1.537968744,0.0,-1.79835218,0.0,1.45,1.45,1.45,0.0,0.113,0.113,0.113,0.0,-1.29,-1.29,-1.29,0.0,1.94,1.552,1.552,0.0
2026-10-07T19:47:28.112280+00:00,16.095061699859798,0.0,hardware,IDLE,0,0.14486232791552936,0.0,,0.0,,0.0,,0.0,1.45,0.0,0.113,0.0,-1.29,0.0,-1.552002285,0.0,1.559887499,0.0,-1.5599264019999999,0.0,1.545295464,0.0,1.552,0.0,1.5379273279999999,0.0,-1.537966411,0.0,1.537968744,0.0,-1.79835218,0.0,1.45,1.45,1.45,0.0,0.113,0.113,0.113,0.0,-1.29,-1.29,-1.29,0.0,1.94,1.552,1.552,0.0
2026-10-07T19:47:28.122378+00:00,16.1049527998548,0.0,hardware,IDLE,0,0.14486232791552936,0.0,,0.0,,0.0,,0.0,1.45,0.0,0.113,0.0,-1.29,0.0,-1.552002285,0.0,1.559887499,0.0,-1.5599264019999999,0.0,1.545295464,0.0,1.552,0.0,1.5379273279999999,0.0,-1.537966411,0.0,1.537968744,0.0,-1.79835218,0.0,1.45,1.45,1.45,0.0,0.113,0.113,0.113,0.0,-1.29,-1.29,-1.29,0.0,1.94,1.552,1.552,0.0
2026-10-07T19:47:28.132325+00:00,16.114497100003064,0.0,hardware,IDLE,0,0.14486232791552936,0.0,,0.0,,0.0,,0.0,1.45,0.0,0.113,0.0,-1.29,0.0,-1.552002285,0.0,1.559887499,0.0,-1.5599264019999999,0.0,1.545295464,0.0,1.552,0.0,1.5379273279999999,0.0,-1.537966411,0.0,1.537968744,0.0,-1.79835218,0.0,1.45,1.45,1.45,0.0,0.113,0.113,0.113,0.0,-1.29,-1.29,-1.29,0.0,1.94,1.552,1.552,0.0
2026-10-07T19:47:28.142761+00:00,16.12526199989952,0.0,hardware,IDLE,0,0.14486232791552936,0.0,,0.0,,0.0,,0.0,1.45,0.0,0.113,0.0,-1.29,0.0,-1.552002285,0.0,1.559887499,0.0,-1.5599264019999999,0.0,1.545295464,0.0,1.552,0.0,1.5379273279999999,0.0,-1.537966411,0.0,1.537968744,0.0,-1.79835218,0.0,1.45,1.45,1.45,0.0,0.113,0.113,0.113,0.0,-1.29,-1.29,-1.29,0.0,1.94,1.552,1.552,0.0
2026-10-07T19:47:28.156738+00:00,16.139646199997514,0.0,hardware,IDLE,0,0.14486232791552936,0.0,,0.0,,0.0,,0.0,1.45,0.0,0.113,0.0,-1.29,0.0,-1.552002285,0.0,1.559887499,0.0,-1.5599264019999999,0.0,1.545295464,0.0,1.552,0.0,1.5379273279999999,0.0,-1.537966411,0.0,1.537968744,0.0,-1.79835218,0.0,1.45,1.45,1.45,0.0,0.113,0.113,0.113,0.0,-1.29,-1.29,-1.29,0.0,1.94,1.552,1.552,0.0
2026-10-07T19:47:28.168254+00:00,16.15061050001532,0.0,hardware,IDLE,0,0.14486232791552936,0.0,,0.0,,0.0,,0.0,1.45,0.0,0.113,0.0,-1.29,0.0,-1.552002285,0.0,1.559887499,0.0,-1.5599264019999999,0.0,1.545295464,0.0,1.552,0.0,1.5379273279999999,0.0,-1.537966411,0.0,1.537968744,0.0,-1.79835218,0.0,1.45,1.45,1.45,0.0,0.113,0.113,0.113,0.0,-1.29,-1.29,-1.29,0.0,1.94,1.552,1.552,0.0
2026-10-07T19:47:28.178280+00:00,16.161113400012255,0.0,hardware,IDLE,0,0.14486232791552936,0.0,,0.0,,0.0,,0.0,1.45,0.0,0.113,0.0,-1.29,0.0,-1.552002285,0.0,1.559887499,0.0,-1.5599264019999999,0.0,1.545295464,0.0,1.552,0.0,1.5379273279999999,0.0,-1.537966411,0.0,1.537968744,0.0,-1.79835218,0.0,1.45,1.45,1.45,0.0,0.113,0.113,0.113,0.0,-1.29,-1.29,-1.29,0.0,1.94,1.552,1.552,0.0
2026-10-07T19:47:28.189293+00:00,16.171462199883536,0.0,hardware,IDLE,0,0.14486232791552936,0.0,,0.0,,0.0,,0.0,1.45,0.0,0.113,0.0,-1.29,0.0,-1.552002285,0.0,1.559887499,0.0,-1.5599264019999999,0.0,1.545295464,0.0,1.552,0.0,1.5379273279999999,0.0,-1.537966411,0.0,1.537968744,0.0,-1.79835218,0.0,1.45,1.45,1.45,0.0,0.113,0.113,0.113,0.0,-1.29,-1.29,-1.29,0.0,1.94,1.552,1.552,0.0
2026-10-07T19:47:28.199268+00:00,16.18205719999969,0.0,hardware,IDLE,0,0.14486232791552936,0.0,,0.0,,0.0,,0.0,1.45,0.0,0.113,0.0,-1.29,0.0,-1.552002285,0.0,1.559887499,0.0,-1.5599264019999999,0.0,1.545295464,0.0,1.552,0.0,1.5379273279999999,0.0,-1.537966411,0.0,1.537968744,0.0,-1.79835218,0.0,1.45,1.45,1.45,0.0,0.113,0.113,0.113,0.0,-1.29,-1.29,-1.29,0.0,1.94,1.552,1.552,0.0
2026-10-07T19:47:28.209383+00:00,16.192469700006768,0.0,hardware,IDLE,0,0.14486232791552936,0.0,,0.0,,0.0,,0.0,1.45,0.0,0.113,0.0,-1.29,0.0,-1.552002285,0.0,1.559887499,0.0,-1.5599264019999999,0.0,1.545295464,0.0,1.552,0.0,1.5379273279999999,0.0,-1.537966411,0.0,1.537968744,0.0,-1.79835218,0.0,1.45,1.45,1.45,0.0,0.113,0.113,0.113,0.0,-1.29,-1.29,-1.29,0.0,1.94,1.552,1.552,0.0
2026-10-07T19:47:28.220286+00:00,16.203110999893397,0.0,hardware,IDLE,0,0.14486232791552936,0.0,,0.0,,0.0,,0.0,1.45,0.0,0.113,0.0,-1.29,0.0,-1.552002285,0.0,1.559887499,0.0,-1.5599264019999999,0.0,1.545295464,0.0,1.552,0.0,1.5379273279999999,0.0,-1.537966411,0.0,1.537968744,0.0,-1.79835218,0.0,1.45,1.45,1.45,0.0,0.113,0.113,0.113,0.0,-1.29,-1.29,-1.29,0.0,1.94,1.552,1.552,0.0
2026-10-07T19:47:28.230644+00:00,16.21315269987099,0.0,hardware,IDLE,0,0.14486232791552936,0.0,,0.0,,0.0,,0.0,1.45,0.0,0.113,0.0,-1.29,0.0,-1.552002285,0.0,1.559887499,0.0,-1.5599264019999999,0.0,1.545295464,0.0,1.552,0.0,1.5379273279999999,0.0,-1.537966411,0.0,1.537968744,0.0,-1.79835218,0.0,1.45,1.45,1.45,0.0,0.113,0.113,0.113,0.0,-1.29,-1.29,-1.29,0.0,1.94,1.552,1.552,0.0
2026-10-07T19:47:28.247764+00:00,16.23049460002221,0.0,hardware,IDLE,0,0.14486232791552936,0.0,,0.0,,0.0,,0.0,1.45,0.0,0.113,0.0,-1.29,0.0,-1.552002285,0.0,1.559887499,0.0,-1.5599264019999999,0.0,1.545295464,0.0,1.552,0.0,1.5379273279999999,0.0,-1.537966411,0.0,1.537968744,0.0,-1.79835218,0.0,1.45,1.45,1.45,0.0,0.113,0.113,0.113,0.0,-1.29,-1.29,-1.29,0.0,1.94,1.552,1.552,0.0
2026-10-07T19:47:28.266812+00:00,16.249490699963644,0.0,hardware,IDLE,0,0.14486232791552936,0.0,,0.0,,0.0,,0.0,1.45,0.0,0.113,0.0,-1.29,0.0,-1.552002285,0.0,1.559887499,0.0,-1.5599264019999999,0.0,1.545295464,0.0,1.552,0.0,1.5379273279999999,0.0,-1.537966411,0.0,1.537968744,0.0,-1.79835218,0.0,1.45,1.45,1.45,0.0,0.113,0.113,0.113,0.0,-1.29,-1.29,-1.29,0.0,1.94,1.552,1.552,0.0
2026-10-07T19:47:28.283403+00:00,16.266265399986878,0.0,hardware,IDLE,0,0.14486232791552936,0.0,,0.0,,0.0,,0.0,1.45,0.0,0.113,0.0,-1.29,0.0,-1.552002285,0.0,1.559887499,0.0,-1.5599264019999999,0.0,1.545295464,0.0,1.552,0.0,1.5379273279999999,0.0,-1.537966411,0.0,1.537968744,0.0,-1.79835218,0.0,1.45,1.45,1.45,0.0,0.113,0.113,0.113,0.0,-1.29,-1.29,-1.29,0.0,1.94,1.552,1.552,0.0
2026-10-07T19:47:28.300451+00:00,16.282704799901694,0.0,hardware,IDLE,0,0.14486232791552936,0.0,,0.0,,0.0,,0.0,1.45,0.0,0.113,0.0,-1.29,0.0,-1.552002285,0.0,1.559887499,0.0,-1.5599264019999999,0.0,1.545295464,0.0,1.552,0.0,1.5379273279999999,0.0,-1.537966411,0.0,1.537968744,0.0,-1.79835218,0.0,1.45,1.45,1.45,0.0,0.113,0.113,0.113,0.0,-1.29,-1.29,-1.29,0.0,1.94,1.552,1.552,0.0
2026-10-07T19:47:28.313462+00:00,16.29570719995536,0.0,hardware,IDLE,0,0.14486232791552936,0.0,,0.0,,0.0,,0.0,1.45,0.0,0.113,0.0,-1.29,0.0,-1.552002285,0.0,1.559887499,0.0,-1.5599264019999999,0.0,1.545295464,0.0,1.552,0.0,1.5379273279999999,0.0,-1.537966411,0.0,1.537968744,0.0,-1.79835218,0.0,1.45,1.45,1.45,0.0,0.113,0.113,0.113,0.0,-1.29,-1.29,-1.29,0.0,1.94,1.552,1.552,0.0
2026-10-07T19:47:28.326343+00:00,16.309406499844044,0.0,hardware,IDLE,0,0.14486232791552936,0.0,,0.0,,0.0,,0.0,1.45,0.0,0.113,0.0,-1.29,0.0,-1.552002285,0.0,1.559887499,0.0,-1.5599264019999999,0.0,1.545295464,0.0,1.552,0.0,1.5379273279999999,0.0,-1.537966411,0.0,1.537968744,0.0,-1.79835218,0.0,1.45,1.45,1.45,0.0,0.113,0.113,0.113,0.0,-1.29,-1.29,-1.29,0.0,1.94,1.552,1.552,0.0
2026-10-07T19:47:28.336452+00:00,16.31951759988442,0.0,hardware,IDLE,0,0.14486232791552936,0.0,,0.0,,0.0,,0.0,1.45,0.0,0.113,0.0,-1.29,0.0,-1.552002285,0.0,1.559887499,0.0,-1.5599264019999999,0.0,1.545295464,0.0,1.552,0.0,1.5379273279999999,0.0,-1.537966411,0.0,1.537968744,0.0,-1.79835218,0.0,1.45,1.45,1.45,0.0,0.113,0.113,0.113,0.0,-1.29,-1.29,-1.29,0.0,1.94,1.552,1.552,0.0
2026-10-07T19:47:28.353453+00:00,16.336012499872595,0.0,hardware,IDLE,0,0.14486232791552936,0.0,,0.0,,0.0,,0.0,1.45,0.0,0.113,0.0,-1.29,0.0,-1.552002285,0.0,1.559887499,0.0,-1.5599264019999999,0.0,1.545295464,0.0,1.552,0.0,1.5379273279999999,0.0,-1.537966411,0.0,1.537968744,0.0,-1.79835218,0.0,1.45,1.45,1.45,0.0,0.113,0.113,0.113,0.0,-1.29,-1.29,-1.29,0.0,1.94,1.552,1.552,0.0
2026-10-07T19:47:28.364563+00:00,16.34667639993131,0.0,hardware,IDLE,0,0.14486232791552936,0.0,,0.0,,0.0,,0.0,1.45,0.0,0.113,0.0,-1.29,0.0,-1.552002285,0.0,1.559887499,0.0,-1.5599264019999999,0.0,1.545295464,0.0,1.552,0.0,1.5379273279999999,0.0,-1.537966411,0.0,1.537968744,0.0,-1.79835218,0.0,1.45,1.45,1.45,0.0,0.113,0.113,0.113,0.0,-1.29,-1.29,-1.29,0.0,1.94,1.552,1.552,0.0
2026-10-07T19:47:28.375018+00:00,16.3578150998801,0.0,hardware,IDLE,0,0.14486232791552936,0.0,,0.0,,0.0,,0.0,1.45,0.0,0.113,0.0,-1.29,0.0,-1.552002285,0.0,1.559887499,0.0,-1.5599264019999999,0.0,1.545295464,0.0,1.552,0.0,1.5379273279999999,0.0,-1.537966411,0.0,1.537968744,0.0,-1.79835218,0.0,1.45,1.45,1.45,0.0,0.113,0.113,0.113,0.0,-1.29,-1.29,-1.29,0.0,1.94,1.552,1.552,0.0
2026-10-07T19:47:28.386105+00:00,16.36839499999769,0.0,hardware,IDLE,0,0.14486232791552936,0.0,,0.0,,0.0,,0.0,1.45,0.0,0.113,0.0,-1.29,0.0,-1.552002285,0.0,1.559887499,0.0,-1.5599264019999999,0.0,1.545295464,0.0,1.552,0.0,1.5379273279999999,0.0,-1.537966411,0.0,1.537968744,0.0,-1.79835218,0.0,1.45,1.45,1.45,0.0,0.113,0.113,0.113,0.0,-1.29,-1.29,-1.29,0.0,1.94,1.552,1.552,0.0
2026-10-07T19:47:28.396111+00:00,16.378811900038272,0.0,hardware,IDLE,0,0.14486232791552936,0.0,,0.0,,0.0,,0.0,1.45,0.0,0.113,0.0,-1.29,0.0,-1.552002285,0.0,1.559887499,0.0,-1.5599264019999999,0.0,1.545295464,0.0,1.552,0.0,1.5379273279999999,0.0,-1.537966411,0.0,1.537968744,0.0,-1.79835218,0.0,1.45,1.45,1.45,0.0,0.113,0.113,0.113,0.0,-1.29,-1.29,-1.29,0.0,1.94,1.552,1.552,0.0
2026-10-07T19:47:28.407307+00:00,16.389806699939072,0.0,hardware,IDLE,0,0.14486232791552936,0.0,,0.0,,0.0,,0.0,1.45,0.0,0.113,0.0,-1.29,0.0,-1.552002285,0.0,1.559887499,0.0,-1.5599264019999999,0.0,1.545295464,0.0,1.552,0.0,1.5379273279999999,0.0,-1.537966411,0.0,1.537968744,0.0,-1.79835218,0.0,1.45,1.45,1.45,0.0,0.113,0.113,0.113,0.0,-1.29,-1.29,-1.29,0.0,1.94,1.552,1.552,0.0
2026-10-07T19:47:28.417208+00:00,16.40028869989328,0.0,hardware,IDLE,0,0.14486232791552936,0.0,,0.0,,0.0,,0.0,1.45,0.0,0.113,0.0,-1.29,0.0,-1.552002285,0.0,1.559887499,0.0,-1.5599264019999999,0.0,1.545295464,0.0,1.552,0.0,1.5379273279999999,0.0,-1.537966411,0.0,1.537968744,0.0,-1.79835218,0.0,1.45,1.45,1.45,0.0,0.113,0.113,0.113,0.0,-1.29,-1.29,-1.29,0.0,1.94,1.552,1.552,0.0
2026-10-07T19:47:28.431205+00:00,16.41428339993581,0.0,hardware,IDLE,0,0.14486232791552936,0.0,,0.0,,0.0,,0.0,1.45,0.0,0.113,0.0,-1.29,0.0,-1.552002285,0.0,1.559887499,0.0,-1.5599264019999999,0.0,1.545295464,0.0,1.552,0.0,1.5379273279999999,0.0,-1.537966411,0.0,1.537968744,0.0,-1.79835218,0.0,1.45,1.45,1.45,0.0,0.113,0.113,0.113,0.0,-1.29,-1.29,-1.29,0.0,1.94,1.552,1.552,0.0
2026-10-07T19:47:28.444412+00:00,16.426658699987456,0.0,hardware,IDLE,0,0.14486232791552936,0.0,,0.0,,0.0,,0.0,1.45,0.0,0.113,0.0,-1.29,0.0,-1.552002285,0.0,1.559887499,0.0,-1.5599264019999999,0.0,1.545295464,0.0,1.552,0.0,1.5379273279999999,0.0,-1.537966411,0.0,1.537968744,0.0,-1.79835218,0.0,1.45,1.45,1.45,0.0,0.113,0.113,0.113,0.0,-1.29,-1.29,-1.29,0.0,1.94,1.552,1.552,0.0
2026-10-07T19:47:28.456534+00:00,16.4391927998513,0.0,hardware,IDLE,0,0.14486232791552936,0.0,,0.0,,0.0,,0.0,1.45,0.0,0.113,0.0,-1.29,0.0,-1.552002285,0.0,1.559887499,0.0,-1.5599264019999999,0.0,1.545295464,0.0,1.552,0.0,1.5379273279999999,0.0,-1.537966411,0.0,1.537968744,0.0,-1.79835218,0.0,1.45,1.45,1.45,0.0,0.113,0.113,0.113,0.0,-1.29,-1.29,-1.29,0.0,1.94,1.552,1.552,0.0
2026-10-07T19:47:28.469152+00:00,16.451417200034484,0.0,hardware,IDLE,0,0.14486232791552936,0.0,,0.0,,0.0,,0.0,1.45,0.0,0.113,0.0,-1.29,0.0,-1.552002285,0.0,1.559887499,0.0,-1.5599264019999999,0.0,1.545295464,0.0,1.552,0.0,1.5379273279999999,0.0,-1.537966411,0.0,1.537968744,0.0,-1.79835218,0.0,1.45,1.45,1.45,0.0,0.113,0.113,0.113,0.0,-1.29,-1.29,-1.29,0.0,1.94,1.552,1.552,0.0
2026-10-07T19:47:28.480289+00:00,16.46292519988492,0.0,hardware,IDLE,0,0.14486232791552936,0.0,,0.0,,0.0,,0.0,1.45,0.0,0.113,0.0,-1.29,0.0,-1.552002285,0.0,1.559887499,0.0,-1.5599264019999999,0.0,1.545295464,0.0,1.552,0.0,1.5379273279999999,0.0,-1.537966411,0.0,1.537968744,0.0,-1.79835218,0.0,1.45,1.45,1.45,0.0,0.113,0.113,0.113,0.0,-1.29,-1.29,-1.29,0.0,1.94,1.552,1.552,0.0
2026-10-07T19:47:28.494762+00:00,16.47747249994427,0.0,hardware,IDLE,0,0.14486232791552936,0.0,,0.0,,0.0,,0.0,1.45,0.0,0.113,0.0,-1.29,0.0,-1.552002285,0.0,1.559887499,0.0,-1.5599264019999999,0.0,1.545295464,0.0,1.552,0.0,1.5379273279999999,0.0,-1.537966411,0.0,1.537968744,0.0,-1.79835218,0.0,1.45,1.45,1.45,0.0,0.113,0.113,0.113,0.0,-1.29,-1.29,-1.29,0.0,1.94,1.552,1.552,0.0
2026-10-07T19:47:28.505768+00:00,16.488309799926355,0.0,hardware,IDLE,0,0.14486232791552936,0.0,,0.0,,0.0,,0.0,1.45,0.0,0.113,0.0,-1.29,0.0,-1.552002285,0.0,1.559887499,0.0,-1.5599264019999999,0.0,1.545295464,0.0,1.552,0.0,1.5379273279999999,0.0,-1.537966411,0.0,1.537968744,0.0,-1.79835218,0.0,1.45,1.45,1.45,0.0,0.113,0.113,0.113,0.0,-1.29,-1.29,-1.29,0.0,1.94,1.552,1.552,0.0
2026-10-07T19:47:28.516866+00:00,16.499787000007927,0.0,hardware,IDLE,0,0.14486232791552936,0.0,,0.0,,0.0,,0.0,1.45,0.0,0.113,0.0,-1.29,0.0,-1.552002285,0.0,1.559887499,0.0,-1.5599264019999999,0.0,1.545295464,0.0,1.552,0.0,1.5379273279999999,0.0,-1.537966411,0.0,1.537968744,0.0,-1.79835218,0.0,1.45,1.45,1.45,0.0,0.113,0.113,0.113,0.0,-1.29,-1.29,-1.29,0.0,1.94,1.552,1.552,0.0
2026-10-07T19:47:28.530874+00:00,16.513460899936035,0.0,hardware,IDLE,0,0.14486232791552936,0.0,,0.0,,0.0,,0.0,1.45,0.0,0.113,0.0,-1.29,0.0,-1.552002285,0.0,1.559887499,0.0,-1.5599264019999999,0.0,1.545295464,0.0,1.552,0.0,1.5379273279999999,0.0,-1.537966411,0.0,1.537968744,0.0,-1.79835218,0.0,1.45,1.45,1.45,0.0,0.113,0.113,0.113,0.0,-1.29,-1.29,-1.29,0.0,1.94,1.552,1.552,0.0
2026-10-07T19:47:28.541763+00:00,16.52478119987063,0.0,hardware,IDLE,0,0.14486232791552936,0.0,,0.0,,0.0,,0.0,1.45,0.0,0.113,0.0,-1.29,0.0,-1.552002285,0.0,1.559887499,0.0,-1.5599264019999999,0.0,1.545295464,0.0,1.552,0.0,1.5379273279999999,0.0,-1.537966411,0.0,1.537968744,0.0,-1.79835218,0.0,1.45,1.45,1.45,0.0,0.113,0.113,0.113,0.0,-1.29,-1.29,-1.29,0.0,1.94,1.552,1.552,0.0
2026-10-07T19:47:28.552866+00:00,16.53531019994989,0.0,hardware,IDLE,0,0.14486232791552936,0.0,,0.0,,0.0,,0.0,1.45,0.0,0.113,0.0,-1.29,0.0,-1.552002285,0.0,1.559887499,0.0,-1.5599264019999999,0.0,1.545295464,0.0,1.552,0.0,1.5379273279999999,0.0,-1.537966411,0.0,1.537968744,0.0,-1.79835218,0.0,1.45,1.45,1.45,0.0,0.113,0.113,0.113,0.0,-1.29,-1.29,-1.29,0.0,1.94,1.552,1.552,0.0
2026-10-07T19:47:28.562896+00:00,16.54603559989482,0.0,hardware,IDLE,0,0.14486232791552936,0.0,,0.0,,0.0,,0.0,1.45,0.0,0.113,0.0,-1.29,0.0,-1.552002285,0.0,1.559887499,0.0,-1.5599264019999999,0.0,1.545295464,0.0,1.552,0.0,1.5379273279999999,0.0,-1.537966411,0.0,1.537968744,0.0,-1.79835218,0.0,1.45,1.45,1.45,0.0,0.113,0.113,0.113,0.0,-1.29,-1.29,-1.29,0.0,1.94,1.552,1.552,0.0
2026-10-07T19:47:28.574720+00:00,16.55706109991297,0.0,hardware,IDLE,0,0.14486232791552936,0.0,,0.0,,0.0,,0.0,1.45,0.0,0.113,0.0,-1.29,0.0,-1.552002285,0.0,1.559887499,0.0,-1.5599264019999999,0.0,1.545295464,0.0,1.552,0.0,1.5379273279999999,0.0,-1.537966411,0.0,1.537968744,0.0,-1.79835218,0.0,1.45,1.45,1.45,0.0,0.113,0.113,0.113,0.0,-1.29,-1.29,-1.29,0.0,1.94,1.552,1.552,0.0
2026-10-07T19:47:28.585622+00:00,16.567810700042173,0.0,hardware,IDLE,0,0.14486232791552936,0.0,,0.0,,0.0,,0.0,1.45,0.0,0.113,0.0,-1.29,0.0,-1.552002285,0.0,1.559887499,0.0,-1.5599264019999999,0.0,1.545295464,0.0,1.552,0.0,1.5379273279999999,0.0,-1.537966411,0.0,1.537968744,0.0,-1.79835218,0.0,1.45,1.45,1.45,0.0,0.113,0.113,0.113,0.0,-1.29,-1.29,-1.29,0.0,1.94,1.552,1.552,0.0
2026-10-07T19:47:28.595720+00:00,16.578147999942303,0.0,hardware,IDLE,0,0.14486232791552936,0.0,,0.0,,0.0,,0.0,1.45,0.0,0.113,0.0,-1.29,0.0,-1.552002285,0.0,1.559887499,0.0,-1.5599264019999999,0.0,1.545295464,0.0,1.552,0.0,1.5379273279999999,0.0,-1.537966411,0.0,1.537968744,0.0,-1.79835218,0.0,1.45,1.45,1.45,0.0,0.113,0.113,0.113,0.0,-1.29,-1.29,-1.29,0.0,1.94,1.552,1.552,0.0
2026-10-07T19:47:28.605621+00:00,16.588430099887773,0.0,hardware,IDLE,0,0.14486232791552936,0.0,,0.0,,0.0,,0.0,1.45,0.0,0.113,0.0,-1.29,0.0,-1.552002285,0.0,1.559887499,0.0,-1.5599264019999999,0.0,1.545295464,0.0,1.552,0.0,1.5379273279999999,0.0,-1.537966411,0.0,1.537968744,0.0,-1.79835218,0.0,1.45,1.45,1.45,0.0,0.113,0.113,0.113,0.0,-1.29,-1.29,-1.29,0.0,1.94,1.552,1.552,0.0
2026-10-07T19:47:28.617718+00:00,16.60017200000584,0.0,hardware,IDLE,0,0.14486232791552936,0.0,,0.0,,0.0,,0.0,1.45,0.0,0.113,0.0,-1.29,0.0,-1.552002285,0.0,1.559887499,0.0,-1.5599264019999999,0.0,1.545295464,0.0,1.552,0.0,1.5379273279999999,0.0,-1.537966411,0.0,1.537968744,0.0,-1.79835218,0.0,1.45,1.45,1.45,0.0,0.113,0.113,0.113,0.0,-1.29,-1.29,-1.29,0.0,1.94,1.552,1.552,0.0
2026-10-07T19:47:28.628706+00:00,16.610923199914396,0.0,hardware,IDLE,0,0.14486232791552936,0.0,,0.0,,0.0,,0.0,1.45,0.0,0.113,0.0,-1.29,0.0,-1.552002285,0.0,1.559887499,0.0,-1.5599264019999999,0.0,1.545295464,0.0,1.552,0.0,1.5379273279999999,0.0,-1.537966411,0.0,1.537968744,0.0,-1.79835218,0.0,1.45,1.45,1.45,0.0,0.113,0.113,0.113,0.0,-1.29,-1.29,-1.29,0.0,1.94,1.552,1.552,0.0
2026-10-07T19:47:28.638715+00:00,16.621333200018853,0.0,hardware,IDLE,0,0.14486232791552936,0.0,,0.0,,0.0,,0.0,1.45,0.0,0.113,0.0,-1.29,0.0,-1.552002285,0.0,1.559887499,0.0,-1.5599264019999999,0.0,1.545295464,0.0,1.552,0.0,1.5379273279999999,0.0,-1.537966411,0.0,1.537968744,0.0,-1.79835218,0.0,1.45,1.45,1.45,0.0,0.113,0.113,0.113,0.0,-1.29,-1.29,-1.29,0.0,1.94,1.552,1.552,0.0
2026-10-07T19:47:28.649725+00:00,16.63225100003183,0.0,hardware,IDLE,0,0.14486232791552936,0.0,,0.0,,0.0,,0.0,1.45,0.0,0.113,0.0,-1.29,0.0,-1.552002285,0.0,1.559887499,0.0,-1.5599264019999999,0.0,1.545295464,0.0,1.552,0.0,1.5379273279999999,0.0,-1.537966411,0.0,1.537968744,0.0,-1.79835218,0.0,1.45,1.45,1.45,0.0,0.113,0.113,0.113,0.0,-1.29,-1.29,-1.29,0.0,1.94,1.552,1.552,0.0
2026-10-07T19:47:28.661752+00:00,16.64400570001453,0.0,hardware,IDLE,0,0.14486232791552936,0.0,,0.0,,0.0,,0.0,1.45,0.0,0.113,0.0,-1.29,0.0,-1.552002285,0.0,1.559887499,0.0,-1.5599264019999999,0.0,1.545295464,0.0,1.552,0.0,1.5379273279999999,0.0,-1.537966411,0.0,1.537968744,0.0,-1.79835218,0.0,1.45,1.45,1.45,0.0,0.113,0.113,0.113,0.0,-1.29,-1.29,-1.29,0.0,1.94,1.552,1.552,0.0
2026-10-07T19:47:28.673506+00:00,16.65620039985515,0.0,hardware,IDLE,0,0.14486232791552936,0.0,,0.0,,0.0,,0.0,1.45,0.0,0.113,0.0,-1.29,0.0,-1.552002285,0.0,1.559887499,0.0,-1.5599264019999999,0.0,1.545295464,0.0,1.552,0.0,1.5379273279999999,0.0,-1.537966411,0.0,1.537968744,0.0,-1.79835218,0.0,1.45,1.45,1.45,0.0,0.113,0.113,0.113,0.0,-1.29,-1.29,-1.29,0.0,1.94,1.552,1.552,0.0
2026-10-07T19:47:28.684398+00:00,16.667464999947697,0.0,hardware,IDLE,0,0.14486232791552936,0.0,,0.0,,0.0,,0.0,1.45,0.0,0.113,0.0,-1.29,0.0,-1.552002285,0.0,1.559887499,0.0,-1.5599264019999999,0.0,1.545295464,0.0,1.552,0.0,1.5379273279999999,0.0,-1.537966411,0.0,1.537968744,0.0,-1.79835218,0.0,1.45,1.45,1.45,0.0,0.113,0.113,0.113,0.0,-1.29,-1.29,-1.29,0.0,1.94,1.552,1.552,0.0
2026-10-07T19:47:28.695402+00:00,16.678281599888578,0.0,hardware,IDLE,0,0.14486232791552936,0.0,,0.0,,0.0,,0.0,1.45,0.0,0.113,0.0,-1.29,0.0,-1.552002285,0.0,1.559887499,0.0,-1.5599264019999999,0.0,1.545295464,0.0,1.552,0.0,1.5379273279999999,0.0,-1.537966411,0.0,1.537968744,0.0,-1.79835218,0.0,1.45,1.45,1.45,0.0,0.113,0.113,0.113,0.0,-1.29,-1.29,-1.29,0.0,1.94,1.552,1.552,0.0
2026-10-07T19:47:28.705503+00:00,16.688248299993575,0.0,hardware,IDLE,0,0.14486232791552936,0.0,,0.0,,0.0,,0.0,1.45,0.0,0.113,0.0,-1.29,0.0,-1.552002285,0.0,1.559887499,0.0,-1.5599264019999999,0.0,1.545295464,0.0,1.552,0.0,1.5379273279999999,0.0,-1.537966411,0.0,1.537968744,0.0,-1.79835218,0.0,1.45,1.45,1.45,0.0,0.113,0.113,0.113,0.0,-1.29,-1.29,-1.29,0.0,1.94,1.552,1.552,0.0
2026-10-07T19:47:28.718760+00:00,16.701211199862882,0.0,hardware,IDLE,0,0.14486232791552936,0.0,,0.0,,0.0,,0.0,1.45,0.0,0.113,0.0,-1.29,0.0,-1.552002285,0.0,1.559887499,0.0,-1.5599264019999999,0.0,1.545295464,0.0,1.552,0.0,1.5379273279999999,0.0,-1.537966411,0.0,1.537968744,0.0,-1.79835218,0.0,1.45,1.45,1.45,0.0,0.113,0.113,0.113,0.0,-1.29,-1.29,-1.29,0.0,1.94,1.552,1.552,0.0
2026-10-07T19:47:28.733065+00:00,16.715379999950528,0.0,hardware,IDLE,0,0.14486232791552936,0.0,,0.0,,0.0,,0.0,1.45,0.0,0.113,0.0,-1.29,0.0,-1.552002285,0.0,1.559887499,0.0,-1.5599264019999999,0.0,1.545295464,0.0,1.552,0.0,1.5379273279999999,0.0,-1.537966411,0.0,1.537968744,0.0,-1.79835218,0.0,1.45,1.45,1.45,0.0,0.113,0.113,0.113,0.0,-1.29,-1.29,-1.29,0.0,1.94,1.552,1.552,0.0
2026-10-07T19:47:28.751070+00:00,16.733565700007603,0.0,hardware,IDLE,0,0.14486232791552936,0.0,,0.0,,0.0,,0.0,1.45,0.0,0.113,0.0,-1.29,0.0,-1.552002285,0.0,1.559887499,0.0,-1.5599264019999999,0.0,1.545295464,0.0,1.552,0.0,1.5379273279999999,0.0,-1.537966411,0.0,1.537968744,0.0,-1.79835218,0.0,1.45,1.45,1.45,0.0,0.113,0.113,0.113,0.0,-1.29,-1.29,-1.29,0.0,1.94,1.552,1.552,0.0
2026-10-07T19:47:28.767176+00:00,16.749361699912697,0.0,hardware,IDLE,0,0.14486232791552936,0.0,,0.0,,0.0,,0.0,1.45,0.0,0.113,0.0,-1.29,0.0,-1.552002285,0.0,1.559887499,0.0,-1.5599264019999999,0.0,1.545295464,0.0,1.552,0.0,1.5379273279999999,0.0,-1.537966411,0.0,1.537968744,0.0,-1.79835218,0.0,1.45,1.45,1.45,0.0,0.113,0.113,0.113,0.0,-1.29,-1.29,-1.29,0.0,1.94,1.552,1.552,0.0
2026-10-07T19:47:28.775698+00:00,16.758428999921307,0.0,hardware,IDLE,0,0.14486232791552936,0.0,,0.0,,0.0,,0.0,1.45,0.0,0.113,0.0,-1.29,0.0,-1.552002285,0.0,1.559887499,0.0,-1.5599264019999999,0.0,1.545295464,0.0,1.552,0.0,1.5379273279999999,0.0,-1.537966411,0.0,1.537968744,0.0,-1.79835218,0.0,1.45,1.45,1.45,0.0,0.113,0.113,0.113,0.0,-1.29,-1.29,-1.29,0.0,1.94,1.552,1.552,0.0
2026-10-07T19:47:28.784702+00:00,16.76764119998552,0.0,hardware,IDLE,0,0.14486232791552936,0.0,,0.0,,0.0,,0.0,1.45,0.0,0.113,0.0,-1.29,0.0,-1.552002285,0.0,1.559887499,0.0,-1.5599264019999999,0.0,1.545295464,0.0,1.552,0.0,1.5379273279999999,0.0,-1.537966411,0.0,1.537968744,0.0,-1.79835218,0.0,1.45,1.45,1.45,0.0,0.113,0.113,0.113,0.0,-1.29,-1.29,-1.29,0.0,1.94,1.552,1.552,0.0
2026-10-07T19:47:28.800801+00:00,16.78341339994222,0.0,hardware,IDLE,0,0.14486232791552936,0.0,,0.0,,0.0,,0.0,1.45,0.0,0.113,0.0,-1.29,0.0,-1.552002285,0.0,1.559887499,0.0,-1.5599264019999999,0.0,1.545295464,0.0,1.552,0.0,1.5379273279999999,0.0,-1.537966411,0.0,1.537968744,0.0,-1.79835218,0.0,1.45,1.45,1.45,0.0,0.113,0.113,0.113,0.0,-1.29,-1.29,-1.29,0.0,1.94,1.552,1.552,0.0
2026-10-07T19:47:28.815387+00:00,16.79780359985307,0.0,hardware,IDLE,0,0.14486232791552936,0.0,,0.0,,0.0,,0.0,1.45,0.0,0.113,0.0,-1.29,0.0,-1.552002285,0.0,1.559887499,0.0,-1.5599264019999999,0.0,1.545295464,0.0,1.552,0.0,1.5379273279999999,0.0,-1.537966411,0.0,1.537968744,0.0,-1.79835218,0.0,1.45,1.45,1.45,0.0,0.113,0.113,0.113,0.0,-1.29,-1.29,-1.29,0.0,1.94,1.552,1.552,0.0
2026-10-07T19:47:28.831664+00:00,16.813972000032663,0.0,hardware,IDLE,0,0.14486232791552936,0.0,,0.0,,0.0,,0.0,1.45,0.0,0.113,0.0,-1.29,0.0,-1.552002285,0.0,1.559887499,0.0,-1.5599264019999999,0.0,1.545295464,0.0,1.552,0.0,1.5379273279999999,0.0,-1.537966411,0.0,1.537968744,0.0,-1.79835218,0.0,1.45,1.45,1.45,0.0,0.113,0.113,0.113,0.0,-1.29,-1.29,-1.29,0.0,1.94,1.552,1.552,0.0
2026-10-07T19:47:28.842219+00:00,16.825023599900305,0.0,hardware,IDLE,0,0.14486232791552936,0.0,,0.0,,0.0,,0.0,1.45,0.0,0.113,0.0,-1.29,0.0,-1.552002285,0.0,1.559887499,0.0,-1.5599264019999999,0.0,1.545295464,0.0,1.552,0.0,1.5379273279999999,0.0,-1.537966411,0.0,1.537968744,0.0,-1.79835218,0.0,1.45,1.45,1.45,0.0,0.113,0.113,0.113,0.0,-1.29,-1.29,-1.29,0.0,1.94,1.552,1.552,0.0
2026-10-07T19:47:28.857039+00:00,16.83914819988422,0.0,hardware,IDLE,0,0.14486232791552936,0.0,,0.0,,0.0,,0.0,1.45,0.0,0.113,0.0,-1.29,0.0,-1.552002285,0.0,1.559887499,0.0,-1.5599264019999999,0.0,1.545295464,0.0,1.552,0.0,1.5379273279999999,0.0,-1.537966411,0.0,1.537968744,0.0,-1.79835218,0.0,1.45,1.45,1.45,0.0,0.113,0.113,0.113,0.0,-1.29,-1.29,-1.29,0.0,1.94,1.552,1.552,0.0
2026-10-07T19:47:28.872559+00:00,16.854740199865773,0.0,hardware,IDLE,0,0.14486232791552936,0.0,,0.0,,0.0,,0.0,1.45,0.0,0.113,0.0,-1.29,0.0,-1.552002285,0.0,1.559887499,0.0,-1.5599264019999999,0.0,1.545295464,0.0,1.552,0.0,1.5379273279999999,0.0,-1.537966411,0.0,1.537968744,0.0,-1.79835218,0.0,1.45,1.45,1.45,0.0,0.113,0.113,0.113,0.0,-1.29,-1.29,-1.29,0.0,1.94,1.552,1.552,0.0
2026-10-07T19:47:28.888226+00:00,16.8706485000439,0.0,hardware,IDLE,0,0.14486232791552936,0.0,,0.0,,0.0,,0.0,1.45,0.0,0.113,0.0,-1.29,0.0,-1.552002285,0.0,1.559887499,0.0,-1.5599264019999999,0.0,1.545295464,0.0,1.552,0.0,1.5379273279999999,0.0,-1.537966411,0.0,1.537968744,0.0,-1.79835218,0.0,1.45,1.45,1.45,0.0,0.113,0.113,0.113,0.0,-1.29,-1.29,-1.29,0.0,1.94,1.552,1.552,0.0
2026-10-07T19:47:28.899211+00:00,16.882009599823505,0.0,hardware,IDLE,0,0.14486232791552936,0.0,,0.0,,0.0,,0.0,1.45,0.0,0.113,0.0,-1.29,0.0,-1.552002285,0.0,1.559887499,0.0,-1.5599264019999999,0.0,1.545295464,0.0,1.552,0.0,1.5379273279999999,0.0,-1.537966411,0.0,1.537968744,0.0,-1.79835218,0.0,1.45,1.45,1.45,0.0,0.113,0.113,0.113,0.0,-1.29,-1.29,-1.29,0.0,1.94,1.552,1.552,0.0
2026-10-07T19:47:28.916120+00:00,16.89831979991868,0.0,hardware,IDLE,0,0.14486232791552936,0.0,,0.0,,0.0,,0.0,1.45,0.0,0.113,0.0,-1.29,0.0,-1.552002285,0.0,1.559887499,0.0,-1.5599264019999999,0.0,1.545295464,0.0,1.552,0.0,1.5379273279999999,0.0,-1.537966411,0.0,1.537968744,0.0,-1.79835218,0.0,1.45,1.45,1.45,0.0,0.113,0.113,0.113,0.0,-1.29,-1.29,-1.29,0.0,1.94,1.552,1.552,0.0
2026-10-07T19:47:28.930218+00:00,16.912786399945617,0.0,hardware,IDLE,0,0.14486232791552936,0.0,,0.0,,0.0,,0.0,1.45,0.0,0.113,0.0,-1.29,0.0,-1.552002285,0.0,1.559887499,0.0,-1.5599264019999999,0.0,1.545295464,0.0,1.552,0.0,1.5379273279999999,0.0,-1.537966411,0.0,1.537968744,0.0,-1.79835218,0.0,1.45,1.45,1.45,0.0,0.113,0.113,0.113,0.0,-1.29,-1.29,-1.29,0.0,1.94,1.552,1.552,0.0
2026-10-07T19:47:28.940216+00:00,16.923034199979156,0.0,hardware,IDLE,0,0.14486232791552936,0.0,,0.0,,0.0,,0.0,1.45,0.0,0.113,0.0,-1.29,0.0,-1.552002285,0.0,1.559887499,0.0,-1.5599264019999999,0.0,1.545295464,0.0,1.552,0.0,1.5379273279999999,0.0,-1.537966411,0.0,1.537968744,0.0,-1.79835218,0.0,1.45,1.45,1.45,0.0,0.113,0.113,0.113,0.0,-1.29,-1.29,-1.29,0.0,1.94,1.552,1.552,0.0
2026-10-07T19:47:28.956341+00:00,16.938754699891433,0.0,hardware,IDLE,0,0.14486232791552936,0.0,,0.0,,0.0,,0.0,1.45,0.0,0.113,0.0,-1.29,0.0,-1.552002285,0.0,1.559887499,0.0,-1.5599264019999999,0.0,1.545295464,0.0,1.552,0.0,1.5379273279999999,0.0,-1.537966411,0.0,1.537968744,0.0,-1.79835218,0.0,1.45,1.45,1.45,0.0,0.113,0.113,0.113,0.0,-1.29,-1.29,-1.29,0.0,1.94,1.552,1.552,0.0
2026-10-07T19:47:28.968256+00:00,16.950863299891353,0.0,hardware,IDLE,0,0.14486232791552936,0.0,,0.0,,0.0,,0.0,1.45,0.0,0.113,0.0,-1.29,0.0,-1.552002285,0.0,1.559887499,0.0,-1.5599264019999999,0.0,1.545295464,0.0,1.552,0.0,1.5379273279999999,0.0,-1.537966411,0.0,1.537968744,0.0,-1.79835218,0.0,1.45,1.45,1.45,0.0,0.113,0.113,0.113,0.0,-1.29,-1.29,-1.29,0.0,1.94,1.552,1.552,0.0
2026-10-07T19:47:28.979430+00:00,16.96174729987979,0.0,hardware,IDLE,0,0.14486232791552936,0.0,,0.0,,0.0,,0.0,1.45,0.0,0.113,0.0,-1.29,0.0,-1.552002285,0.0,1.559887499,0.0,-1.5599264019999999,0.0,1.545295464,0.0,1.552,0.0,1.5379273279999999,0.0,-1.537966411,0.0,1.537968744,0.0,-1.79835218,0.0,1.45,1.45,1.45,0.0,0.113,0.113,0.113,0.0,-1.29,-1.29,-1.29,0.0,1.94,1.552,1.552,0.0
2026-10-07T19:47:28.989341+00:00,16.971767300041392,0.0,hardware,IDLE,0,0.14486232791552936,0.0,,0.0,,0.0,,0.0,1.45,0.0,0.113,0.0,-1.29,0.0,-1.552002285,0.0,1.559887499,0.0,-1.5599264019999999,0.0,1.545295464,0.0,1.552,0.0,1.5379273279999999,0.0,-1.537966411,0.0,1.537968744,0.0,-1.79835218,0.0,1.45,1.45,1.45,0.0,0.113,0.113,0.113,0.0,-1.29,-1.29,-1.29,0.0,1.94,1.552,1.552,0.0
2026-10-07T19:47:28.999342+00:00,16.98164219991304,0.0,hardware,IDLE,0,0.14486232791552936,0.0,,0.0,,0.0,,0.0,1.45,0.0,0.113,0.0,-1.29,0.0,-1.552002285,0.0,1.559887499,0.0,-1.5599264019999999,0.0,1.545295464,0.0,1.552,0.0,1.5379273279999999,0.0,-1.537966411,0.0,1.537968744,0.0,-1.79835218,0.0,1.45,1.45,1.45,0.0,0.113,0.113,0.113,0.0,-1.29,-1.29,-1.29,0.0,1.94,1.552,1.552,0.0
2026-10-07T19:47:29.010341+00:00,16.993362999986857,0.0,hardware,IDLE,0,0.14486232791552936,0.0,,0.0,,0.0,,0.0,1.45,0.0,0.113,0.0,-1.29,0.0,-1.552002285,0.0,1.559887499,0.0,-1.5599264019999999,0.0,1.545295464,0.0,1.552,0.0,1.5379273279999999,0.0,-1.537966411,0.0,1.537968744,0.0,-1.79835218,0.0,1.45,1.45,1.45,0.0,0.113,0.113,0.113,0.0,-1.29,-1.29,-1.29,0.0,1.94,1.552,1.552,0.0
2026-10-07T19:47:29.026517+00:00,17.008974500000477,0.0,hardware,IDLE,0,0.14486232791552936,0.0,,0.0,,0.0,,0.0,1.45,0.0,0.113,0.0,-1.29,0.0,-1.552002285,0.0,1.559887499,0.0,-1.5599264019999999,0.0,1.545295464,0.0,1.552,0.0,1.5379273279999999,0.0,-1.537966411,0.0,1.537968744,0.0,-1.79835218,0.0,1.45,1.45,1.45,0.0,0.113,0.113,0.113,0.0,-1.29,-1.29,-1.29,0.0,1.94,1.552,1.552,0.0
2026-10-07T19:47:29.036576+00:00,17.019614399876446,0.0,hardware,IDLE,0,0.14486232791552936,0.0,,0.0,,0.0,,0.0,1.45,0.0,0.113,0.0,-1.29,0.0,-1.552002285,0.0,1.559887499,0.0,-1.5599264019999999,0.0,1.545295464,0.0,1.552,0.0,1.5379273279999999,0.0,-1.537966411,0.0,1.537968744,0.0,-1.79835218,0.0,1.45,1.45,1.45,0.0,0.113,0.113,0.113,0.0,-1.29,-1.29,-1.29,0.0,1.94,1.552,1.552,0.0
2026-10-07T19:47:29.046622+00:00,17.02948399982415,0.0,hardware,IDLE,0,0.14486232791552936,0.0,,0.0,,0.0,,0.0,1.45,0.0,0.113,0.0,-1.29,0.0,-1.552002285,0.0,1.559887499,0.0,-1.5599264019999999,0.0,1.545295464,0.0,1.552,0.0,1.5379273279999999,0.0,-1.537966411,0.0,1.537968744,0.0,-1.79835218,0.0,1.45,1.45,1.45,0.0,0.113,0.113,0.113,0.0,-1.29,-1.29,-1.29,0.0,1.94,1.552,1.552,0.0
2026-10-07T19:47:29.059075+00:00,17.041211099829525,0.0,hardware,IDLE,0,0.14486232791552936,0.0,,0.0,,0.0,,0.0,1.45,0.0,0.113,0.0,-1.29,0.0,-1.552002285,0.0,1.559887499,0.0,-1.5599264019999999,0.0,1.545295464,0.0,1.552,0.0,1.5379273279999999,0.0,-1.537966411,0.0,1.537968744,0.0,-1.79835218,0.0,1.45,1.45,1.45,0.0,0.113,0.113,0.113,0.0,-1.29,-1.29,-1.29,0.0,1.94,1.552,1.552,0.0
2026-10-07T19:47:29.071783+00:00,17.05451159994118,0.0,hardware,IDLE,0,0.14486232791552936,0.0,,0.0,,0.0,,0.0,1.45,0.0,0.113,0.0,-1.29,0.0,-1.552002285,0.0,1.559887499,0.0,-1.5599264019999999,0.0,1.545295464,0.0,1.552,0.0,1.5379273279999999,0.0,-1.537966411,0.0,1.537968744,0.0,-1.79835218,0.0,1.45,1.45,1.45,0.0,0.113,0.113,0.113,0.0,-1.29,-1.29,-1.29,0.0,1.94,1.552,1.552,0.0
2026-10-07T19:47:29.082873+00:00,17.065483999904245,0.0,hardware,IDLE,0,0.14486232791552936,0.0,,0.0,,0.0,,0.0,1.45,0.0,0.113,0.0,-1.29,0.0,-1.552002285,0.0,1.559887499,0.0,-1.5599264019999999,0.0,1.545295464,0.0,1.552,0.0,1.5379273279999999,0.0,-1.537966411,0.0,1.537968744,0.0,-1.79835218,0.0,1.45,1.45,1.45,0.0,0.113,0.113,0.113,0.0,-1.29,-1.29,-1.29,0.0,1.94,1.552,1.552,0.0
2026-10-07T19:47:29.095893+00:00,17.078464800026268,0.0,hardware,IDLE,0,0.14486232791552936,0.0,,0.0,,0.0,,0.0,1.45,0.0,0.113,0.0,-1.29,0.0,-1.552002285,0.0,1.559887499,0.0,-1.5599264019999999,0.0,1.545295464,0.0,1.552,0.0,1.5379273279999999,0.0,-1.537966411,0.0,1.537968744,0.0,-1.79835218,0.0,1.45,1.45,1.45,0.0,0.113,0.113,0.113,0.0,-1.29,-1.29,-1.29,0.0,1.94,1.552,1.552,0.0
2026-10-07T19:47:29.109779+00:00,17.09242879995145,0.0,hardware,IDLE,0,0.14486232791552936,0.0,,0.0,,0.0,,0.0,1.45,0.0,0.113,0.0,-1.29,0.0,-1.552002285,0.0,1.559887499,0.0,-1.5599264019999999,0.0,1.545295464,0.0,1.552,0.0,1.5379273279999999,0.0,-1.537966411,0.0,1.537968744,0.0,-1.79835218,0.0,1.45,1.45,1.45,0.0,0.113,0.113,0.113,0.0,-1.29,-1.29,-1.29,0.0,1.94,1.552,1.552,0.0
2026-10-07T19:47:29.121406+00:00,17.104214899940416,0.0,hardware,IDLE,0,0.14486232791552936,0.0,,0.0,,0.0,,0.0,1.45,0.0,0.113,0.0,-1.29,0.0,-1.552002285,0.0,1.559887499,0.0,-1.5599264019999999,0.0,1.545295464,0.0,1.552,0.0,1.5379273279999999,0.0,-1.537966411,0.0,1.537968744,0.0,-1.79835218,0.0,1.45,1.45,1.45,0.0,0.113,0.113,0.113,0.0,-1.29,-1.29,-1.29,0.0,1.94,1.552,1.552,0.0
2026-10-07T19:47:29.132361+00:00,17.11518620001152,0.0,hardware,IDLE,0,0.14486232791552936,0.0,,0.0,,0.0,,0.0,1.45,0.0,0.113,0.0,-1.29,0.0,-1.552002285,0.0,1.559887499,0.0,-1.5599264019999999,0.0,1.545295464,0.0,1.552,0.0,1.5379273279999999,0.0,-1.537966411,0.0,1.537968744,0.0,-1.79835218,0.0,1.45,1.45,1.45,0.0,0.113,0.113,0.113,0.0,-1.29,-1.29,-1.29,0.0,1.94,1.552,1.552,0.0
2026-10-07T19:47:29.148533+00:00,17.13073859992437,0.0,hardware,IDLE,0,0.14486232791552936,0.0,,0.0,,0.0,,0.0,1.45,0.0,0.113,0.0,-1.29,0.0,-1.552002285,0.0,1.559887499,0.0,-1.5599264019999999,0.0,1.545295464,0.0,1.552,0.0,1.5379273279999999,0.0,-1.537966411,0.0,1.537968744,0.0,-1.79835218,0.0,1.45,1.45,1.45,0.0,0.113,0.113,0.113,0.0,-1.29,-1.29,-1.29,0.0,1.94,1.552,1.552,0.0
2026-10-07T19:47:29.158762+00:00,17.141101700020954,0.0,hardware,IDLE,0,0.14486232791552936,0.0,,0.0,,0.0,,0.0,1.45,0.0,0.113,0.0,-1.29,0.0,-1.552002285,0.0,1.559887499,0.0,-1.5599264019999999,0.0,1.545295464,0.0,1.552,0.0,1.5379273279999999,0.0,-1.537966411,0.0,1.537968744,0.0,-1.79835218,0.0,1.45,1.45,1.45,0.0,0.113,0.113,0.113,0.0,-1.29,-1.29,-1.29,0.0,1.94,1.552,1.552,0.0
2026-10-07T19:47:29.169284+00:00,17.151615999871865,0.0,hardware,IDLE,0,0.14486232791552936,0.0,,0.0,,0.0,,0.0,1.45,0.0,0.113,0.0,-1.29,0.0,-1.552002285,0.0,1.559887499,0.0,-1.5599264019999999,0.0,1.545295464,0.0,1.552,0.0,1.5379273279999999,0.0,-1.537966411,0.0,1.537968744,0.0,-1.79835218,0.0,1.45,1.45,1.45,0.0,0.113,0.113,0.113,0.0,-1.29,-1.29,-1.29,0.0,1.94,1.552,1.552,0.0
2026-10-07T19:47:29.179406+00:00,17.1619905999396,0.0,hardware,IDLE,0,0.14486232791552936,0.0,,0.0,,0.0,,0.0,1.45,0.0,0.113,0.0,-1.29,0.0,-1.552002285,0.0,1.559887499,0.0,-1.5599264019999999,0.0,1.545295464,0.0,1.552,0.0,1.5379273279999999,0.0,-1.537966411,0.0,1.537968744,0.0,-1.79835218,0.0,1.45,1.45,1.45,0.0,0.113,0.113,0.113,0.0,-1.29,-1.29,-1.29,0.0,1.94,1.552,1.552,0.0
2026-10-07T19:47:29.189429+00:00,17.171861300012097,0.0,hardware,IDLE,0,0.14486232791552936,0.0,,0.0,,0.0,,0.0,1.45,0.0,0.113,0.0,-1.29,0.0,-1.552002285,0.0,1.559887499,0.0,-1.5599264019999999,0.0,1.545295464,0.0,1.552,0.0,1.5379273279999999,0.0,-1.537966411,0.0,1.537968744,0.0,-1.79835218,0.0,1.45,1.45,1.45,0.0,0.113,0.113,0.113,0.0,-1.29,-1.29,-1.29,0.0,1.94,1.552,1.552,0.0
2026-10-07T19:47:29.198501+00:00,17.181538800010458,0.0,hardware,IDLE,0,0.14486232791552936,0.0,,0.0,,0.0,,0.0,1.45,0.0,0.113,0.0,-1.29,0.0,-1.552002285,0.0,1.559887499,0.0,-1.5599264019999999,0.0,1.545295464,0.0,1.552,0.0,1.5379273279999999,0.0,-1.537966411,0.0,1.537968744,0.0,-1.79835218,0.0,1.45,1.45,1.45,0.0,0.113,0.113,0.113,0.0,-1.29,-1.29,-1.29,0.0,1.94,1.552,1.552,0.0
2026-10-07T19:47:29.208600+00:00,17.191532799974084,0.0,hardware,IDLE,0,0.14486232791552936,0.0,,0.0,,0.0,,0.0,1.45,0.0,0.113,0.0,-1.29,0.0,-1.552002285,0.0,1.559887499,0.0,-1.5599264019999999,0.0,1.545295464,0.0,1.552,0.0,1.5379273279999999,0.0,-1.537966411,0.0,1.537968744,0.0,-1.79835218,0.0,1.45,1.45,1.45,0.0,0.113,0.113,0.113,0.0,-1.29,-1.29,-1.29,0.0,1.94,1.552,1.552,0.0
2026-10-07T19:47:29.219606+00:00,17.202093699947,0.0,hardware,IDLE,0,0.14486232791552936,0.0,,0.0,,0.0,,0.0,1.45,0.0,0.113,0.0,-1.29,0.0,-1.552002285,0.0,1.559887499,0.0,-1.5599264019999999,0.0,1.545295464,0.0,1.552,0.0,1.5379273279999999,0.0,-1.537966411,0.0,1.537968744,0.0,-1.79835218,0.0,1.45,1.45,1.45,0.0,0.113,0.113,0.113,0.0,-1.29,-1.29,-1.29,0.0,1.94,1.552,1.552,0.0
2026-10-07T19:47:29.229503+00:00,17.212442300049588,0.0,hardware,IDLE,0,0.14486232791552936,0.0,,0.0,,0.0,,0.0,1.45,0.0,0.113,0.0,-1.29,0.0,-1.552002285,0.0,1.559887499,0.0,-1.5599264019999999,0.0,1.545295464,0.0,1.552,0.0,1.5379273279999999,0.0,-1.537966411,0.0,1.537968744,0.0,-1.79835218,0.0,1.45,1.45,1.45,0.0,0.113,0.113,0.113,0.0,-1.29,-1.29,-1.29,0.0,1.94,1.552,1.552,0.0
2026-10-07T19:47:29.240504+00:00,17.223173199919984,0.0,hardware,IDLE,0,0.14486232791552936,0.0,,0.0,,0.0,,0.0,1.45,0.0,0.113,0.0,-1.29,0.0,-1.552002285,0.0,1.559887499,0.0,-1.5599264019999999,0.0,1.545295464,0.0,1.552,0.0,1.5379273279999999,0.0,-1.537966411,0.0,1.537968744,0.0,-1.79835218,0.0,1.45,1.45,1.45,0.0,0.113,0.113,0.113,0.0,-1.29,-1.29,-1.29,0.0,1.94,1.552,1.552,0.0
2026-10-07T19:47:29.255647+00:00,17.238258400000632,0.0,hardware,IDLE,0,0.14486232791552936,0.0,,0.0,,0.0,,0.0,1.45,0.0,0.113,0.0,-1.29,0.0,-1.552002285,0.0,1.559887499,0.0,-1.5599264019999999,0.0,1.545295464,0.0,1.552,0.0,1.5379273279999999,0.0,-1.537966411,0.0,1.537968744,0.0,-1.79835218,0.0,1.45,1.45,1.45,0.0,0.113,0.113,0.113,0.0,-1.29,-1.29,-1.29,0.0,1.94,1.552,1.552,0.0
2026-10-07T19:47:29.265552+00:00,17.248608299996704,0.0,hardware,IDLE,0,0.14486232791552936,0.0,,0.0,,0.0,,0.0,1.45,0.0,0.113,0.0,-1.29,0.0,-1.552002285,0.0,1.559887499,0.0,-1.5599264019999999,0.0,1.545295464,0.0,1.552,0.0,1.5379273279999999,0.0,-1.537966411,0.0,1.537968744,0.0,-1.79835218,0.0,1.45,1.45,1.45,0.0,0.113,0.113,0.113,0.0,-1.29,-1.29,-1.29,0.0,1.94,1.552,1.552,0.0
2026-10-07T19:47:29.277290+00:00,17.25939240003936,0.0,hardware,IDLE,0,0.14486232791552936,0.0,,0.0,,0.0,,0.0,1.45,0.0,0.113,0.0,-1.29,0.0,-1.552002285,0.0,1.559887499,0.0,-1.5599264019999999,0.0,1.545295464,0.0,1.552,0.0,1.5379273279999999,0.0,-1.537966411,0.0,1.537968744,0.0,-1.79835218,0.0,1.45,1.45,1.45,0.0,0.113,0.113,0.113,0.0,-1.29,-1.29,-1.29,0.0,1.94,1.552,1.552,0.0
2026-10-07T19:47:29.289276+00:00,17.27172590000555,0.0,hardware,IDLE,0,0.14486232791552936,0.0,,0.0,,0.0,,0.0,1.45,0.0,0.113,0.0,-1.29,0.0,-1.552002285,0.0,1.559887499,0.0,-1.5599264019999999,0.0,1.545295464,0.0,1.552,0.0,1.5379273279999999,0.0,-1.537966411,0.0,1.537968744,0.0,-1.79835218,0.0,1.45,1.45,1.45,0.0,0.113,0.113,0.113,0.0,-1.29,-1.29,-1.29,0.0,1.94,1.552,1.552,0.0
2026-10-07T19:47:29.306392+00:00,17.289375899825245,0.0,hardware,IDLE,0,0.14486232791552936,0.0,,0.0,,0.0,,0.0,1.45,0.0,0.113,0.0,-1.29,0.0,-1.552002285,0.0,1.559887499,0.0,-1.5599264019999999,0.0,1.545295464,0.0,1.552,0.0,1.5379273279999999,0.0,-1.537966411,0.0,1.537968744,0.0,-1.79835218,0.0,1.45,1.45,1.45,0.0,0.113,0.113,0.113,0.0,-1.29,-1.29,-1.29,0.0,1.94,1.552,1.552,0.0
2026-10-07T19:47:29.318296+00:00,17.300727099878713,0.0,hardware,IDLE,0,0.14486232791552936,0.0,,0.0,,0.0,,0.0,1.45,0.0,0.113,0.0,-1.29,0.0,-1.552002285,0.0,1.559887499,0.0,-1.5599264019999999,0.0,1.545295464,0.0,1.552,0.0,1.5379273279999999,0.0,-1.537966411,0.0,1.537968744,0.0,-1.79835218,0.0,1.45,1.45,1.45,0.0,0.113,0.113,0.113,0.0,-1.29,-1.29,-1.29,0.0,1.94,1.552,1.552,0.0
2026-10-07T19:47:29.329296+00:00,17.311526299919933,0.0,hardware,IDLE,0,0.14486232791552936,0.0,,0.0,,0.0,,0.0,1.45,0.0,0.113,0.0,-1.29,0.0,-1.552002285,0.0,1.559887499,0.0,-1.5599264019999999,0.0,1.545295464,0.0,1.552,0.0,1.5379273279999999,0.0,-1.537966411,0.0,1.537968744,0.0,-1.79835218,0.0,1.45,1.45,1.45,0.0,0.113,0.113,0.113,0.0,-1.29,-1.29,-1.29,0.0,1.94,1.552,1.552,0.0
2026-10-07T19:47:29.339531+00:00,17.32224929984659,0.0,hardware,IDLE,0,0.14486232791552936,0.0,,0.0,,0.0,,0.0,1.45,0.0,0.113,0.0,-1.29,0.0,-1.552002285,0.0,1.559887499,0.0,-1.5599264019999999,0.0,1.545295464,0.0,1.552,0.0,1.5379273279999999,0.0,-1.537966411,0.0,1.537968744,0.0,-1.79835218,0.0,1.45,1.45,1.45,0.0,0.113,0.113,0.113,0.0,-1.29,-1.29,-1.29,0.0,1.94,1.552,1.552,0.0
2026-10-07T19:47:29.349665+00:00,17.332777299918234,0.0,hardware,IDLE,0,0.14486232791552936,0.0,,0.0,,0.0,,0.0,1.45,0.0,0.113,0.0,-1.29,0.0,-1.552002285,0.0,1.559887499,0.0,-1.5599264019999999,0.0,1.545295464,0.0,1.552,0.0,1.5379273279999999,0.0,-1.537966411,0.0,1.537968744,0.0,-1.79835218,0.0,1.45,1.45,1.45,0.0,0.113,0.113,0.113,0.0,-1.29,-1.29,-1.29,0.0,1.94,1.552,1.552,0.0
2026-10-07T19:47:29.360900+00:00,17.343271899968386,0.0,hardware,IDLE,0,0.14486232791552936,0.0,,0.0,,0.0,,0.0,1.45,0.0,0.113,0.0,-1.29,0.0,-1.552002285,0.0,1.559887499,0.0,-1.5599264019999999,0.0,1.545295464,0.0,1.552,0.0,1.5379273279999999,0.0,-1.537966411,0.0,1.537968744,0.0,-1.79835218,0.0,1.45,1.45,1.45,0.0,0.113,0.113,0.113,0.0,-1.29,-1.29,-1.29,0.0,1.94,1.552,1.552,0.0
2026-10-07T19:47:29.379456+00:00,17.361726499861106,0.0,hardware,IDLE,0,0.14486232791552936,0.0,,0.0,,0.0,,0.0,1.45,0.0,0.113,0.0,-1.29,0.0,-1.552002285,0.0,1.559887499,0.0,-1.5599264019999999,0.0,1.545295464,0.0,1.552,0.0,1.5379273279999999,0.0,-1.537966411,0.0,1.537968744,0.0,-1.79835218,0.0,1.45,1.45,1.45,0.0,0.113,0.113,0.113,0.0,-1.29,-1.29,-1.29,0.0,1.94,1.552,1.552,0.0
2026-10-07T19:47:29.394833+00:00,17.377020000014454,0.0,hardware,IDLE,0,0.14486232791552936,0.0,,0.0,,0.0,,0.0,1.45,0.0,0.113,0.0,-1.29,0.0,-1.552002285,0.0,1.559887499,0.0,-1.5599264019999999,0.0,1.545295464,0.0,1.552,0.0,1.5379273279999999,0.0,-1.537966411,0.0,1.537968744,0.0,-1.79835218,0.0,1.45,1.45,1.45,0.0,0.113,0.113,0.113,0.0,-1.29,-1.29,-1.29,0.0,1.94,1.552,1.552,0.0
2026-10-07T19:47:29.409780+00:00,17.392384900012985,0.0,hardware,IDLE,0,0.14486232791552936,0.0,,0.0,,0.0,,0.0,1.45,0.0,0.113,0.0,-1.29,0.0,-1.552002285,0.0,1.559887499,0.0,-1.5599264019999999,0.0,1.545295464,0.0,1.552,0.0,1.5379273279999999,0.0,-1.537966411,0.0,1.537968744,0.0,-1.79835218,0.0,1.45,1.45,1.45,0.0,0.113,0.113,0.113,0.0,-1.29,-1.29,-1.29,0.0,1.94,1.552,1.552,0.0
2026-10-07T19:47:29.422825+00:00,17.405585299944505,0.0,hardware,IDLE,0,0.14486232791552936,0.0,,0.0,,0.0,,0.0,1.45,0.0,0.113,0.0,-1.29,0.0,-1.552002285,0.0,1.559887499,0.0,-1.5599264019999999,0.0,1.545295464,0.0,1.552,0.0,1.5379273279999999,0.0,-1.537966411,0.0,1.537968744,0.0,-1.79835218,0.0,1.45,1.45,1.45,0.0,0.113,0.113,0.113,0.0,-1.29,-1.29,-1.29,0.0,1.94,1.552,1.552,0.0
2026-10-07T19:47:29.437843+00:00,17.419968999922276,0.0,hardware,IDLE,0,0.14486232791552936,0.0,,0.0,,0.0,,0.0,1.45,0.0,0.113,0.0,-1.29,0.0,-1.552002285,0.0,1.559887499,0.0,-1.5599264019999999,0.0,1.545295464,0.0,1.552,0.0,1.5379273279999999,0.0,-1.537966411,0.0,1.537968744,0.0,-1.79835218,0.0,1.45,1.45,1.45,0.0,0.113,0.113,0.113,0.0,-1.29,-1.29,-1.29,0.0,1.94,1.552,1.552,0.0
2026-10-07T19:47:29.448983+00:00,17.4311981999781,0.0,hardware,IDLE,0,0.14486232791552936,0.0,,0.0,,0.0,,0.0,1.45,0.0,0.113,0.0,-1.29,0.0,-1.552002285,0.0,1.559887499,0.0,-1.5599264019999999,0.0,1.545295464,0.0,1.552,0.0,1.5379273279999999,0.0,-1.537966411,0.0,1.537968744,0.0,-1.79835218,0.0,1.45,1.45,1.45,0.0,0.113,0.113,0.113,0.0,-1.29,-1.29,-1.29,0.0,1.94,1.552,1.552,0.0
2026-10-07T19:47:29.459017+00:00,17.44138940004632,0.0,hardware,IDLE,0,0.14486232791552936,0.0,,0.0,,0.0,,0.0,1.45,0.0,0.113,0.0,-1.29,0.0,-1.552002285,0.0,1.559887499,0.0,-1.5599264019999999,0.0,1.545295464,0.0,1.552,0.0,1.5379273279999999,0.0,-1.537966411,0.0,1.537968744,0.0,-1.79835218,0.0,1.45,1.45,1.45,0.0,0.113,0.113,0.113,0.0,-1.29,-1.29,-1.29,0.0,1.94,1.552,1.552,0.0
2026-10-07T19:47:29.468010+00:00,17.450842899968848,0.0,hardware,IDLE,0,0.14486232791552936,0.0,,0.0,,0.0,,0.0,1.45,0.0,0.113,0.0,-1.29,0.0,-1.552002285,0.0,1.559887499,0.0,-1.5599264019999999,0.0,1.545295464,0.0,1.552,0.0,1.5379273279999999,0.0,-1.537966411,0.0,1.537968744,0.0,-1.79835218,0.0,1.45,1.45,1.45,0.0,0.113,0.113,0.113,0.0,-1.29,-1.29,-1.29,0.0,1.94,1.552,1.552,0.0
2026-10-07T19:47:29.480884+00:00,17.46394139993936,0.0,hardware,IDLE,0,0.14486232791552936,0.0,,0.0,,0.0,,0.0,1.45,0.0,0.113,0.0,-1.29,0.0,-1.552002285,0.0,1.559887499,0.0,-1.5599264019999999,0.0,1.545295464,0.0,1.552,0.0,1.5379273279999999,0.0,-1.537966411,0.0,1.537968744,0.0,-1.79835218,0.0,1.45,1.45,1.45,0.0,0.113,0.113,0.113,0.0,-1.29,-1.29,-1.29,0.0,1.94,1.552,1.552,0.0
2026-10-07T19:47:29.492883+00:00,17.475919999880716,0.0,hardware,IDLE,0,0.14486232791552936,0.0,,0.0,,0.0,,0.0,1.45,0.0,0.113,0.0,-1.29,0.0,-1.552002285,0.0,1.559887499,0.0,-1.5599264019999999,0.0,1.545295464,0.0,1.552,0.0,1.5379273279999999,0.0,-1.537966411,0.0,1.537968744,0.0,-1.79835218,0.0,1.45,1.45,1.45,0.0,0.113,0.113,0.113,0.0,-1.29,-1.29,-1.29,0.0,1.94,1.552,1.552,0.0
2026-10-07T19:47:29.506894+00:00,17.48903930000961,0.0,hardware,IDLE,0,0.14486232791552936,0.0,,0.0,,0.0,,0.0,1.45,0.0,0.113,0.0,-1.29,0.0,-1.552002285,0.0,1.559887499,0.0,-1.5599264019999999,0.0,1.545295464,0.0,1.552,0.0,1.5379273279999999,0.0,-1.537966411,0.0,1.537968744,0.0,-1.79835218,0.0,1.45,1.45,1.45,0.0,0.113,0.113,0.113,0.0,-1.29,-1.29,-1.29,0.0,1.94,1.552,1.552,0.0
2026-10-07T19:47:29.516889+00:00,17.499794699950144,0.0,hardware,IDLE,0,0.14486232791552936,0.0,,0.0,,0.0,,0.0,1.45,0.0,0.113,0.0,-1.29,0.0,-1.552002285,0.0,1.559887499,0.0,-1.5599264019999999,0.0,1.545295464,0.0,1.552,0.0,1.5379273279999999,0.0,-1.537966411,0.0,1.537968744,0.0,-1.79835218,0.0,1.45,1.45,1.45,0.0,0.113,0.113,0.113,0.0,-1.29,-1.29,-1.29,0.0,1.94,1.552,1.552,0.0
2026-10-07T19:47:29.532783+00:00,17.51491090003401,0.0,hardware,IDLE,0,0.14486232791552936,0.0,,0.0,,0.0,,0.0,1.45,0.0,0.113,0.0,-1.29,0.0,-1.552002285,0.0,1.559887499,0.0,-1.5599264019999999,0.0,1.545295464,0.0,1.552,0.0,1.5379273279999999,0.0,-1.537966411,0.0,1.537968744,0.0,-1.79835218,0.0,1.45,1.45,1.45,0.0,0.113,0.113,0.113,0.0,-1.29,-1.29,-1.29,0.0,1.94,1.552,1.552,0.0
2026-10-07T19:47:29.547785+00:00,17.530117699876428,0.0,hardware,IDLE,0,0.14486232791552936,0.0,,0.0,,0.0,,0.0,1.45,0.0,0.113,0.0,-1.29,0.0,-1.552002285,0.0,1.559887499,0.0,-1.5599264019999999,0.0,1.545295464,0.0,1.552,0.0,1.5379273279999999,0.0,-1.537966411,0.0,1.537968744,0.0,-1.79835218,0.0,1.45,1.45,1.45,0.0,0.113,0.113,0.113,0.0,-1.29,-1.29,-1.29,0.0,1.94,1.552,1.552,0.0
2026-10-07T19:47:29.556922+00:00,17.539803999941796,0.0,hardware,IDLE,0,0.14486232791552936,0.0,,0.0,,0.0,,0.0,1.45,0.0,0.113,0.0,-1.29,0.0,-1.552002285,0.0,1.559887499,0.0,-1.5599264019999999,0.0,1.545295464,0.0,1.552,0.0,1.5379273279999999,0.0,-1.537966411,0.0,1.537968744,0.0,-1.79835218,0.0,1.45,1.45,1.45,0.0,0.113,0.113,0.113,0.0,-1.29,-1.29,-1.29,0.0,1.94,1.552,1.552,0.0
2026-10-07T19:47:29.571728+00:00,17.55434319982305,0.0,hardware,IDLE,0,0.14486232791552936,0.0,,0.0,,0.0,,0.0,1.45,0.0,0.113,0.0,-1.29,0.0,-1.552002285,0.0,1.559887499,0.0,-1.5599264019999999,0.0,1.545295464,0.0,1.552,0.0,1.5379273279999999,0.0,-1.537966411,0.0,1.537968744,0.0,-1.79835218,0.0,1.45,1.45,1.45,0.0,0.113,0.113,0.113,0.0,-1.29,-1.29,-1.29,0.0,1.94,1.552,1.552,0.0
2026-10-07T19:47:29.593819+00:00,17.576048699906096,0.0,hardware,IDLE,0,0.14486232791552936,0.0,,0.0,,0.0,,0.0,1.45,0.0,0.113,0.0,-1.29,0.0,-1.552002285,0.0,1.559887499,0.0,-1.5599264019999999,0.0,1.545295464,0.0,1.552,0.0,1.5379273279999999,0.0,-1.537966411,0.0,1.537968744,0.0,-1.79835218,0.0,1.45,1.45,1.45,0.0,0.113,0.113,0.113,0.0,-1.29,-1.29,-1.29,0.0,1.94,1.552,1.552,0.0
2026-10-07T19:47:29.610929+00:00,17.5932373998221,0.0,hardware,IDLE,0,0.14486232791552936,0.0,,0.0,,0.0,,0.0,1.45,0.0,0.113,0.0,-1.29,0.0,-1.552002285,0.0,1.559887499,0.0,-1.5599264019999999,0.0,1.545295464,0.0,1.552,0.0,1.5379273279999999,0.0,-1.537966411,0.0,1.537968744,0.0,-1.79835218,0.0,1.45,1.45,1.45,0.0,0.113,0.113,0.113,0.0,-1.29,-1.29,-1.29,0.0,1.94,1.552,1.552,0.0
2026-10-07T19:47:29.634829+00:00,17.6178370998241,0.0,hardware,IDLE,0,0.14486232791552936,0.0,,0.0,,0.0,,0.0,1.45,0.0,0.113,0.0,-1.29,0.0,-1.552002285,0.0,1.559887499,0.0,-1.5599264019999999,0.0,1.545295464,0.0,1.552,0.0,1.5379273279999999,0.0,-1.537966411,0.0,1.537968744,0.0,-1.79835218,0.0,1.45,1.45,1.45,0.0,0.113,0.113,0.113,0.0,-1.29,-1.29,-1.29,0.0,1.94,1.552,1.552,0.0
2026-10-07T19:47:29.651126+00:00,17.633406899869442,0.0,hardware,IDLE,0,0.14486232791552936,0.0,,0.0,,0.0,,0.0,1.45,0.0,0.113,0.0,-1.29,0.0,-1.552002285,0.0,1.559887499,0.0,-1.5599264019999999,0.0,1.545295464,0.0,1.552,0.0,1.5379273279999999,0.0,-1.537966411,0.0,1.537968744,0.0,-1.79835218,0.0,1.45,1.45,1.45,0.0,0.113,0.113,0.113,0.0,-1.29,-1.29,-1.29,0.0,1.94,1.552,1.552,0.0
2026-10-07T19:47:29.664247+00:00,17.64635709999129,0.0,hardware,IDLE,0,0.14486232791552936,0.0,,0.0,,0.0,,0.0,1.45,0.0,0.113,0.0,-1.29,0.0,-1.552002285,0.0,1.559887499,0.0,-1.5599264019999999,0.0,1.545295464,0.0,1.552,0.0,1.5379273279999999,0.0,-1.537966411,0.0,1.537968744,0.0,-1.79835218,0.0,1.45,1.45,1.45,0.0,0.113,0.113,0.113,0.0,-1.29,-1.29,-1.29,0.0,1.94,1.552,1.552,0.0
2026-10-07T19:47:29.691941+00:00,17.67467679991387,0.0,hardware,IDLE,0,0.14486232791552936,0.0,,0.0,,0.0,,0.0,1.45,0.0,0.113,0.0,-1.29,0.0,-1.552002285,0.0,1.559887499,0.0,-1.5599264019999999,0.0,1.545295464,0.0,1.552,0.0,1.5379273279999999,0.0,-1.537966411,0.0,1.537968744,0.0,-1.79835218,0.0,1.45,1.45,1.45,0.0,0.113,0.113,0.113,0.0,-1.29,-1.29,-1.29,0.0,1.94,1.552,1.552,0.0
2026-10-07T19:47:29.719886+00:00,17.702310299966484,0.0,hardware,IDLE,0,0.14486232791552936,0.0,,0.0,,0.0,,0.0,1.45,0.0,0.113,0.0,-1.29,0.0,-1.552002285,0.0,1.559887499,0.0,-1.5599264019999999,0.0,1.545295464,0.0,1.552,0.0,1.5379273279999999,0.0,-1.537966411,0.0,1.537968744,0.0,-1.79835218,0.0,1.45,1.45,1.45,0.0,0.113,0.113,0.113,0.0,-1.29,-1.29,-1.29,0.0,1.94,1.552,1.552,0.0
2026-10-07T19:47:29.741963+00:00,17.724665999878198,0.0,hardware,IDLE,0,0.14486232791552936,0.0,,0.0,,0.0,,0.0,1.45,0.0,0.113,0.0,-1.29,0.0,-1.552002285,0.0,1.559887499,0.0,-1.5599264019999999,0.0,1.545295464,0.0,1.552,0.0,1.5379273279999999,0.0,-1.537966411,0.0,1.537968744,0.0,-1.79835218,0.0,1.45,1.45,1.45,0.0,0.113,0.113,0.113,0.0,-1.29,-1.29,-1.29,0.0,1.94,1.552,1.552,0.0
2026-10-07T19:47:29.763978+00:00,17.74651760002598,0.0,hardware,IDLE,0,0.14486232791552936,0.0,,0.0,,0.0,,0.0,1.45,0.0,0.113,0.0,-1.29,0.0,-1.552002285,0.0,1.559887499,0.0,-1.5599264019999999,0.0,1.545295464,0.0,1.552,0.0,1.5379273279999999,0.0,-1.537966411,0.0,1.537968744,0.0,-1.79835218,0.0,1.45,1.45,1.45,0.0,0.113,0.113,0.113,0.0,-1.29,-1.29,-1.29,0.0,1.94,1.552,1.552,0.0
2026-10-07T19:47:29.801713+00:00,17.784794099861756,0.011904761904761904,hardware,ACTIVE,0,0.14486232791552936,0.0,,0.0,,0.0,,0.0,1.45,0.0,0.113,0.0,-1.29,0.0,-1.552002285,0.0,1.559887499,0.0,-1.5599264019999999,0.0,1.545295464,0.0,1.552,0.0,1.5379273279999999,0.0,-1.537966411,0.0,1.537968744,0.0,-1.79835218,0.0,1.450283446712018,1.624532925199433,1.450283446712018,0.023809523809523808,0.113,0.113,0.113,0.0,-1.29,-1.29,-1.29,0.0,1.9396456916099774,1.1520000000000001,1.551716553287982,-0.023809523809523808
2026-10-07T19:47:29.840623+00:00,17.82338109984994,0.023809523809523808,hardware,ACTIVE,0,0.14486232791552936,0.0,,0.0,,0.0,,0.0,1.450283446712018,0.023809523809523808,0.113,0.0,-1.29,0.0,-1.5517188382879818,0.0,1.559604052287982,0.0,-1.5596429552879818,0.0,1.545295464,0.0,1.551716553287982,-0.023809523809523808,1.5376438812879818,0.0,-1.537682964287982,0.0,1.537685297287982,0.0,-1.79835218,0.0,1.4508503401360544,1.624532925199433,1.4508503401360544,0.047619047619047616,0.113,0.113,0.113,0.0,-1.29,-1.29,-1.29,0.0,1.938937074829932,1.1520000000000001,1.5511496598639456,-0.047619047619047616
2026-10-07T19:47:29.884327+00:00,17.866461099823937,0.03571428571428571,hardware,ACTIVE,0,0.14486232791552936,0.0,,0.0,,0.0,,0.0,1.4508503401360544,0.047619047619047616,0.113,0.0,-1.29,0.0,-1.5511519448639455,0.0,1.5590371588639456,0.0,-1.5590760618639454,0.0,1.545295464,0.0,1.5511496598639456,-0.047619047619047616,1.5370769878639454,0.0,-1.5371160708639455,0.0,1.5371184038639456,0.0,-1.79835218,0.0,1.4517006802721089,1.624532925199433,1.4517006802721089,0.07142857142857142,0.113,0.113,0.113,0.0,-1.29,-1.29,-1.29,0.0,1.937874149659864,1.1520000000000001,1.5502993197278911,-0.07142857142857142
2026-10-07T19:47:29.926424+00:00,17.909366799984127,0.047619047619047616,hardware,ACTIVE,0,0.14486232791552936,0.0,,0.0,,0.0,,0.0,1.4517006802721089,0.07142857142857142,0.113,0.0,-1.29,0.0,-1.550301604727891,0.0,1.558186818727891,0.0,-1.558225721727891,0.0,1.545295464,0.0,1.5502993197278911,-0.07142857142857142,1.536226647727891,0.0,-1.536265730727891,0.0,1.5362680637278912,0.0,-1.79835218,0.0,1.4528344671201814,1.624532925199433,1.4528344671201814,0.09523809523809523,0.113,0.113,0.113,0.0,-1.29,-1.29,-1.29,0.0,1.9364569160997733,1.1520000000000001,1.5491655328798186,-0.09523809523809523
2026-10-07T19:47:29.967545+00:00,17.950447999872267,0.05952380952380952,hardware,ACTIVE,0,0.14486232791552936,0.0,,0.0,,0.0,,0.0,1.4528344671201814,0.09523809523809523,0.113,0.0,-1.29,0.0,-1.5491678178798185,0.0,1.5570530318798186,0.0,-1.5570919348798185,0.0,1.545295464,0.0,1.5491655328798186,-0.09523809523809523,1.5350928608798184,0.0,-1.5351319438798186,0.0,1.5351342768798186,0.0,-1.79835218,0.0,1.454251700680272,1.624532925199433,1.454251700680272,0.11904761904761904,0.113,0.113,0.113,0.0,-1.29,-1.29,-1.29,0.0,1.9346853741496601,1.1520000000000001,1.547748299319728,-0.11904761904761904
2026-10-07T19:47:30.006086+00:00,17.988518399884924,0.07142857142857142,hardware,ACTIVE,0,0.14486232791552936,0.0,,0.0,,0.0,,0.0,1.454251700680272,0.11904761904761904,0.113,0.0,-1.29,0.0,-1.547750584319728,0.0,1.555635798319728,0.0,-1.5556747013197278,0.0,1.545295464,0.0,1.547748299319728,-0.11904761904761904,1.5336756273197278,0.0,-1.533714710319728,0.0,1.533717043319728,0.0,-1.79835218,0.0,1.4559523809523809,1.624532925199433,1.4559523809523809,0.14285714285714285,0.113,0.113,0.113,0.0,-1.29,-1.29,-1.29,0.0,1.932559523809524,1.1520000000000001,1.5460476190476191,-0.14285714285714285
2026-10-07T19:47:30.042046+00:00,18.025143899954855,0.08333333333333333,hardware,ACTIVE,0,0.14486232791552936,0.0,,0.0,,0.0,,0.0,1.4559523809523809,0.14285714285714285,0.113,0.0,-1.29,0.0,-1.546049904047619,0.0,1.553935118047619,0.0,-1.553974021047619,0.0,1.545295464,0.0,1.5460476190476191,-0.14285714285714285,1.531974947047619,0.0,-1.532014030047619,0.0,1.5320163630476191,0.0,-1.79835218,0.0,1.4579365079365079,1.624532925199433,1.4579365079365079,0.16666666666666666,0.113,0.113,0.113,0.0,-1.29,-1.29,-1.29,0.0,1.930079365079365,1.1520000000000001,1.5440634920634921,-0.16666666666666666
2026-10-07T19:47:30.075746+00:00,18.058735499856994,0.09523809523809523,hardware,ACTIVE,0,0.14486232791552936,0.0,,0.0,,0.0,,0.0,1.4579365079365079,0.16666666666666666,0.113,0.0,-1.29,0.0,-1.544065777063492,0.0,1.551950991063492,0.0,-1.551989894063492,0.0,1.545295464,0.0,1.5440634920634921,-0.16666666666666666,1.529990820063492,0.0,-1.530029903063492,0.0,1.5300322360634921,0.0,-1.79835218,0.0,1.460204081632653,1.624532925199433,1.460204081632653,0.19047619047619047,0.113,0.113,0.113,0.0,-1.29,-1.29,-1.29,0.0,1.9272448979591839,1.1520000000000001,1.541795918367347,-0.19047619047619047
2026-10-07T19:47:30.108681+00:00,18.091335899895057,0.10714285714285714,hardware,ACTIVE,0,0.14486232791552936,0.0,,0.0,,0.0,,0.0,1.460204081632653,0.19047619047619047,0.113,0.0,-1.29,0.0,-1.541798203367347,0.0,1.549683417367347,0.0,-1.549722320367347,0.0,1.545295464,0.0,1.541795918367347,-0.19047619047619047,1.527723246367347,0.0,-1.527762329367347,0.0,1.527764662367347,0.0,-1.79835218,0.0,1.4627551020408163,1.624532925199433,1.4627551020408163,0.21428571428571427,0.113,0.113,0.113,0.0,-1.29,-1.29,-1.29,0.0,1.9240561224489796,1.1520000000000001,1.5392448979591837,-0.21428571428571427
2026-10-07T19:47:30.141734+00:00,18.124693699879572,0.11904761904761904,hardware,ACTIVE,0,0.14486232791552936,0.0,,0.0,,0.0,,0.0,1.4627551020408163,0.21428571428571427,0.113,0.0,-1.29,0.0,-1.5392471829591836,0.0,1.5471323969591837,0.0,-1.5471712999591836,0.0,1.545295464,0.0,1.5392448979591837,-0.21428571428571427,1.5251722259591836,0.0,-1.5252113089591837,0.0,1.5252136419591837,0.0,-1.79835218,0.0,1.4655895691609977,1.624532925199433,1.4655895691609977,0.23809523809523808,0.113,0.113,0.113,0.0,-1.29,-1.29,-1.29,0.0,1.9205130385487528,1.1520000000000001,1.5364104308390023,-0.23809523809523808
2026-10-07T19:47:30.174373+00:00,18.15724189998582,0.13095238095238093,hardware,ACTIVE,0,0.14486232791552936,0.0,,0.0,,0.0,,0.0,1.4655895691609977,0.23809523809523808,0.113,0.0,-1.29,0.0,-1.5364127158390022,0.0,1.5442979298390023,0.0,-1.5443368328390021,0.0,1.545295464,0.0,1.5364104308390023,-0.23809523809523808,1.5223377588390021,0.0,-1.5223768418390022,0.0,1.5223791748390023,0.0,-1.79835218,0.0,1.4687074829931972,1.624532925199433,1.4687074829931972,0.26190476190476186,0.113,0.113,0.113,0.0,-1.29,-1.29,-1.29,0.0,1.9166156462585036,1.1520000000000001,1.5332925170068028,-0.26190476190476186
2026-10-07T19:47:30.212368+00:00,18.194937999825925,0.14285714285714285,hardware,ACTIVE,0,0.14486232791552936,0.0,,0.0,,0.0,,0.0,1.4687074829931972,0.26190476190476186,0.113,0.0,-1.29,0.0,-1.5332948020068027,0.0,1.5411800160068028,0.0,-1.5412189190068026,0.0,1.545295464,0.0,1.5332925170068028,-0.26190476190476186,1.5192198450068026,0.0,-1.5192589280068027,0.0,1.5192612610068028,0.0,-1.79835218,0.0,1.472108843537415,1.624532925199433,1.472108843537415,0.2857142857142857,0.113,0.113,0.113,0.0,-1.29,-1.29,-1.29,0.0,1.9123639455782315,1.1520000000000001,1.5298911564625852,-0.2857142857142857
2026-10-07T19:47:30.245364+00:00,18.228375599952415,0.15476190476190477,hardware,ACTIVE,0,0.14486232791552936,0.0,,0.0,,0.0,,0.0,1.472108843537415,0.2857142857142857,0.113,0.0,-1.29,0.0,-1.529893441462585,0.0,1.5377786554625852,0.0,-1.537817558462585,0.0,1.545295464,0.0,1.5298911564625852,-0.2857142857142857,1.515818484462585,0.0,-1.5158575674625852,0.0,1.5158599004625852,0.0,-1.79835218,0.0,1.4757936507936509,1.624532925199433,1.4757936507936509,0.30952380952380953,0.113,0.113,0.113,0.0,-1.29,-1.29,-1.29,0.0,1.9077579365079367,1.1520000000000001,1.5262063492063493,-0.30952380952380953
2026-10-07T19:47:30.281948+00:00,18.26435839990154,0.16666666666666669,hardware,ACTIVE,0,0.14486232791552936,0.0,,0.0,,0.0,,0.0,1.4757936507936509,0.30952380952380953,0.113,0.0,-1.29,0.0,-1.5262086342063492,0.0,1.5340938482063493,0.0,-1.5341327512063492,0.0,1.545295464,0.0,1.5262063492063493,-0.30952380952380953,1.5121336772063492,0.0,-1.5121727602063493,0.0,1.5121750932063494,0.0,-1.79835218,0.0,1.4797619047619048,1.624532925199433,1.4797619047619048,0.33333333333333337,0.113,0.113,0.113,0.0,-1.29,-1.29,-1.29,0.0,1.9027976190476192,1.1520000000000001,1.5222380952380954,-0.33333333333333337
2026-10-07T19:47:30.315942+00:00,18.298359900014475,0.1785714285714286,hardware,ACTIVE,0,0.14486232791552936,0.0,,0.0,,0.0,,0.0,1.4797619047619048,0.33333333333333337,0.113,0.0,-1.29,0.0,-1.5222403802380953,0.0,1.5301255942380954,0.0,-1.5301644972380952,0.0,1.545295464,0.0,1.5222380952380954,-0.33333333333333337,1.5081654232380952,0.0,-1.5082045062380953,0.0,1.5082068392380954,0.0,-1.79835218,0.0,1.4840136054421769,1.624532925199433,1.4840136054421769,0.3571428571428572,0.113,0.113,0.113,0.0,-1.29,-1.29,-1.29,0.0,1.8974829931972792,1.1520000000000001,1.5179863945578234,-0.3571428571428572
2026-10-07T19:47:30.348939+00:00,18.33131409995258,0.19047619047619052,hardware,ACTIVE,0,0.14486232791552936,0.0,,0.0,,0.0,,0.0,1.4840136054421769,0.3571428571428572,0.113,0.0,-1.29,0.0,-1.5179886795578232,0.0,1.5258738935578233,0.0,-1.5259127965578232,0.0,1.545295464,0.0,1.5179863945578234,-0.3571428571428572,1.5039137225578232,0.0,-1.5039528055578233,0.0,1.5039551385578234,0.0,-1.79835218,0.0,1.4885487528344672,1.624532925199433,1.4885487528344672,0.38095238095238104,0.113,0.113,0.113,0.0,-1.29,-1.29,-1.29,0.0,1.8918140589569163,1.1520000000000001,1.513451247165533,-0.38095238095238104
2026-10-07T19:47:30.385586+00:00,18.368038599845022,0.20238095238095244,hardware,ACTIVE,0,0.14486232791552936,0.0,,0.0,,0.0,,0.0,1.4885487528344672,0.38095238095238104,0.113,0.0,-1.29,0.0,-1.513453532165533,0.0,1.521338746165533,0.0,-1.5213776491655329,0.0,1.545295464,0.0,1.513451247165533,-0.38095238095238104,1.4993785751655329,0.0,-1.499417658165533,0.0,1.499419991165533,0.0,-1.79835218,0.0,1.4933673469387756,1.624532925199433,1.4933673469387756,0.4047619047619049,0.113,0.113,0.113,0.0,-1.29,-1.29,-1.29,0.0,1.8858616780045354,1.1520000000000001,1.5086893424036283,-0.4
2026-10-07T19:47:30.437586+00:00,18.420545700006187,0.21428571428571436,hardware,ACTIVE,0,0.14486232791552936,0.0,,0.0,,0.0,,0.0,1.4933673469387756,0.4047619047619049,0.113,0.0,-1.29,0.0,-1.5086916274036282,0.0,1.5165768414036283,0.0,-1.5166157444036281,0.0,1.545295464,0.0,1.5086893424036283,-0.4,1.4946166704036281,0.0,-1.4946557534036282,0.0,1.4946580864036283,0.0,-1.79835218,0.0,1.498469387755102,1.624532925199433,1.498469387755102,0.4285714285714287,0.113,0.113,0.113,0.0,-1.29,-1.29,-1.29,0.0,1.8799092970521545,1.1520000000000001,1.5039274376417235,-0.4
2026-10-07T19:47:30.487168+00:00,18.469717300031334,0.22619047619047628,hardware,ACTIVE,0,0.14486232791552936,0.0,,0.0,,0.0,,0.0,1.498469387755102,0.4285714285714287,0.113,0.0,-1.29,0.0,-1.5039297226417234,0.0,1.5118149366417235,0.0,-1.5118538396417234,0.0,1.545295464,0.0,1.5039274376417235,-0.4,1.4898547656417234,0.0,-1.4898938486417235,0.0,1.4898961816417235,0.0,-1.79835218,0.0,1.5038548752834469,1.624532925199433,1.5038548752834469,0.45238095238095255,0.113,0.113,0.113,0.0,-1.29,-1.29,-1.29,0.0,1.8739569160997736,1.1520000000000001,1.4991655328798188,-0.4
2026-10-07T19:47:30.537154+00:00,18.51950559997931,0.2380952380952382,hardware,ACTIVE,0,0.14486232791552936,0.0,,0.0,,0.0,,0.0,1.5038548752834469,0.45238095238095255,0.113,0.0,-1.29,0.0,-1.4991678178798187,0.0,1.5070530318798188,0.0,-1.5070919348798186,0.0,1.545295464,0.0,1.4991655328798188,-0.4,1.4850928608798186,0.0,-1.4851319438798187,0.0,1.4851342768798188,0.0,-1.79835218,0.0,1.5095238095238097,1.624532925199433,1.5095238095238097,0.4761904761904764,0.113,0.113,0.113,0.0,-1.29,-1.29,-1.29,0.0,1.8680045351473926,1.1520000000000001,1.494403628117914,-0.4
2026-10-07T19:47:30.584672+00:00,18.567630999954417,0.2500000000000001,hardware,ACTIVE,0,0.14486232791552936,0.0,,0.0,,0.0,,0.0,1.5095238095238097,0.4761904761904764,0.113,0.0,-1.29,0.0,-1.494405913117914,0.0,1.502291127117914,0.0,-1.5023300301179139,0.0,1.545295464,0.0,1.494403628117914,-0.4,1.4803309561179139,0.0,-1.480370039117914,0.0,1.480372372117914,0.0,-1.79835218,0.0,1.5154761904761906,1.624532925199433,1.5154761904761906,0.5000000000000002,0.113,0.113,0.113,0.0,-1.29,-1.29,-1.29,0.0,1.8620521541950117,1.1520000000000001,1.4896417233560093,-0.4
2026-10-07T19:47:30.630683+00:00,18.61300929985009,0.26190476190476203,hardware,ACTIVE,0,0.14486232791552936,0.0,,0.0,,0.0,,0.0,1.5154761904761906,0.5000000000000002,0.113,0.0,-1.29,0.0,-1.4896440083560092,0.0,1.4975292223560093,0.0,-1.4975681253560091,0.0,1.545295464,0.0,1.4896417233560093,-0.4,1.4755690513560091,0.0,-1.4756081343560092,0.0,1.4756104673560093,0.0,-1.79835218,0.0,1.5217120181405897,1.624532925199433,1.5217120181405897,0.5238095238095241,0.113,0.113,0.113,0.0,-1.29,-1.29,-1.29,0.0,1.8560997732426308,1.1520000000000001,1.4848798185941046,-0.4
2026-10-07T19:47:30.674337+00:00,18.6565447000321,0.27380952380952395,hardware,ACTIVE,0,0.14486232791552936,0.0,,0.0,,0.0,,0.0,1.5217120181405897,0.5238095238095241,0.113,0.0,-1.29,0.0,-1.4848821035941044,0.0,1.4927673175941045,0.0,-1.4928062205941044,0.0,1.545295464,0.0,1.4848798185941046,-0.4,1.4708071465941044,0.0,-1.4708462295941045,0.0,1.4708485625941046,0.0,-1.79835218,0.0,1.528231292517007,1.624532925199433,1.528231292517007,0.5476190476190479,0.113,0.113,0.113,0.0,-1.29,-1.29,-1.29,0.0,1.8501473922902498,1.1520000000000001,1.4801179138321998,-0.4
2026-10-07T19:47:30.718377+00:00,18.701345299836248,0.28571428571428586,hardware,ACTIVE,0,0.14486232791552936,0.0,,0.0,,0.0,,0.0,1.528231292517007,0.5476190476190479,0.113,0.0,-1.29,0.0,-1.4801201988321997,0.0,1.4880054128321998,0.0,-1.4880443158321996,0.0,1.545295464,0.0,1.4801179138321998,-0.4,1.4660452418321996,0.0,-1.4660843248321997,0.0,1.4660866578321998,0.0,-1.79835218,0.0,1.5350340136054423,1.624532925199433,1.5350340136054423,0.5714285714285717,0.113,0.113,0.113,0.0,-1.29,-1.29,-1.29,0.0,1.844195011337869,1.1520000000000001,1.475356009070295,-0.4
2026-10-07T19:47:30.765364+00:00,18.747534399852157,0.2976190476190478,hardware,ACTIVE,0,0.14486232791552936,0.0,,0.0,,0.0,,0.0,1.5350340136054423,0.5714285714285717,0.113,0.0,-1.29,0.0,-1.475358294070295,0.0,1.483243508070295,0.0,-1.483282411070295,0.0,1.545295464,0.0,1.475356009070295,-0.4,1.461283337070295,0.0,-1.461322420070295,0.0,1.461324753070295,0.0,-1.79835218,0.0,1.5421201814058958,1.624532925199433,1.5421201814058958,0.5952380952380956,0.113,0.113,0.113,0.0,-1.29,-1.29,-1.29,0.0,1.838242630385488,1.1520000000000001,1.4705941043083903,-0.4
2026-10-07T19:47:30.816994+00:00,18.79992889985442,0.3095238095238097,hardware,ACTIVE,0,0.14486232791552936,0.0,,0.0,,0.0,,0.0,1.5421201814058958,0.5952380952380956,0.113,0.0,-1.29,0.0,-1.4705963893083902,0.0,1.4784816033083903,0.0,-1.4785205063083902,0.0,1.545295464,0.0,1.4705941043083903,-0.4,1.4565214323083902,0.0,-1.4565605153083903,0.0,1.4565628483083903,0.0,-1.79835218,0.0,1.5489229024943312,1.624532925199433,1.5489229024943312,0.5714285714285717,0.113,0.113,0.113,0.0,-1.29,-1.29,-1.29,0.0,1.832290249433107,1.1520000000000001,1.4658321995464856,-0.4
2026-10-07T19:47:30.867016+00:00,18.84925949992612,0.3214285714285716,hardware,ACTIVE,0,0.14486232791552936,0.0,,0.0,,0.0,,0.0,1.5489229024943312,0.5714285714285717,0.113,0.0,-1.29,0.0,-1.4658344845464855,0.0,1.4737196985464855,0.0,-1.4737586015464854,0.0,1.545295464,0.0,1.4658321995464856,-0.4,1.4517595275464854,0.0,-1.4517986105464855,0.0,1.4518009435464856,0.0,-1.79835218,0.0,1.5554421768707485,1.624532925199433,1.5554421768707485,0.5476190476190479,0.113,0.113,0.113,0.0,-1.29,-1.29,-1.29,0.0,1.826337868480726,1.1520000000000001,1.4610702947845808,-0.4
2026-10-07T19:47:30.900946+00:00,18.883888700045645,0.33333333333333354,hardware,ACTIVE,0,0.14486232791552936,0.0,,0.0,,0.0,,0.0,1.5554421768707485,0.5476190476190479,0.113,0.0,-1.29,0.0,-1.4610725797845807,0.0,1.4689577937845808,0.0,-1.4689966967845807,0.0,1.545295464,0.0,1.4610702947845808,-0.4,1.4469976227845807,0.0,-1.4470367057845808,0.0,1.4470390387845808,0.0,-1.79835218,0.0,1.5616780045351475,1.624532925199433,1.5616780045351475,0.5238095238095241,0.113,0.113,0.113,0.0,-1.29,-1.29,-1.29,0.0,1.8203854875283452,1.1520000000000001,1.456308390022676,-0.4
2026-10-07T19:47:30.941044+00:00,18.923336599953473,0.34523809523809545,hardware,ACTIVE,0,0.14486232791552936,0.0,,0.0,,0.0,,0.0,1.5616780045351475,0.5238095238095241,0.113,0.0,-1.29,0.0,-1.456310675022676,0.0,1.464195889022676,0.0,-1.464234792022676,0.0,1.545295464,0.0,1.456308390022676,-0.4,1.442235718022676,0.0,-1.442274801022676,0.0,1.442277134022676,0.0,-1.79835218,0.0,1.5676303854875284,1.624532925199433,1.5676303854875284,0.5000000000000002,0.113,0.113,0.113,0.0,-1.29,-1.29,-1.29,0.0,1.8144331065759642,1.1520000000000001,1.4515464852607713,-0.4
2026-10-07T19:47:30.975479+00:00,18.958263099892065,0.3571428571428574,hardware,ACTIVE,0,0.14486232791552936,0.0,,0.0,,0.0,,0.0,1.5676303854875284,0.5000000000000002,0.113,0.0,-1.29,0.0,-1.4515487702607712,0.0,1.4594339842607713,0.0,-1.4594728872607712,0.0,1.545295464,0.0,1.4515464852607713,-0.4,1.4374738132607712,0.0,-1.4375128962607713,0.0,1.4375152292607714,0.0,-1.79835218,0.0,1.5732993197278913,1.624532925199433,1.5732993197278913,0.4761904761904764,0.113,0.113,0.113,0.0,-1.29,-1.29,-1.29,0.0,1.8084807256235833,1.1520000000000001,1.4467845804988666,-0.4
2026-10-07T19:47:31.009478+00:00,18.99223139998503,0.3690476190476193,hardware,ACTIVE,0,0.14486232791552936,0.0,,0.0,,0.0,,0.0,1.5732993197278913,0.4761904761904764,0.113,0.0,-1.29,0.0,-1.4467868654988665,0.0,1.4546720794988666,0.0,-1.4547109824988664,0.0,1.545295464,0.0,1.4467845804988666,-0.4,1.4327119084988664,0.0,-1.4327509914988665,0.0,1.4327533244988666,0.0,-1.79835218,0.0,1.578684807256236,1.624532925199433,1.578684807256236,0.45238095238095255,0.113,0.113,0.113,0.0,-1.29,-1.29,-1.29,0.0,1.8025283446712024,1.1520000000000001,1.4420226757369619,-0.4
2026-10-07T19:47:31.042480+00:00,19.025214500026777,0.3809523809523812,hardware,ACTIVE,0,0.14486232791552936,0.0,,0.0,,0.0,,0.0,1.578684807256236,0.45238095238095255,0.113,0.0,-1.29,0.0,-1.4420249607369617,0.0,1.4499101747369618,0.0,-1.4499490777369617,0.0,1.545295464,0.0,1.4420226757369619,-0.4,1.4279500037369617,0.0,-1.4279890867369618,0.0,1.4279914197369619,0.0,-1.79835218,0.0,1.5837868480725625,1.624532925199433,1.5837868480725625,0.4285714285714287,0.113,0.113,0.113,0.0,-1.29,-1.29,-1.29,0.0,1.7965759637188214,1.1520000000000001,1.4372607709750571,-0.4
2026-10-07T19:47:31.077011+00:00,19.05944320000708,0.3928571428571431,hardware,ACTIVE,0,0.14486232791552936,0.0,,0.0,,0.0,,0.0,1.5837868480725625,0.4285714285714287,0.113,0.0,-1.29,0.0,-1.437263055975057,0.0,1.445148269975057,0.0,-1.445187172975057,0.0,1.545295464,0.0,1.4372607709750571,-0.4,1.423188098975057,0.0,-1.423227181975057,0.0,1.4232295149750571,0.0,-1.79835218,0.0,1.588605442176871,1.624532925199433,1.588605442176871,0.4047619047619049,0.113,0.113,0.113,0.0,-1.29,-1.29,-1.29,0.0,1.7906235827664405,1.1520000000000001,1.4324988662131524,-0.4
2026-10-07T19:47:31.110010+00:00,19.09307279996574,0.40476190476190504,hardware,ACTIVE,0,0.14486232791552936,0.0,,0.0,,0.0,,0.0,1.588605442176871,0.4047619047619049,0.113,0.0,-1.29,0.0,-1.4325011512131522,0.0,1.4403863652131523,0.0,-1.4404252682131522,0.0,1.545295464,0.0,1.4324988662131524,-0.4,1.4184261942131522,0.0,-1.4184652772131523,0.0,1.4184676102131524,0.0,-1.79835218,0.0,1.5931405895691613,1.624532925199433,1.5931405895691613,0.38095238095238104,0.113,0.113,0.113,0.0,-1.29,-1.29,-1.29,0.0,1.7846712018140596,1.1520000000000001,1.4277369614512476,-0.4
2026-10-07T19:47:31.141008+00:00,19.12332100002095,0.41666666666666696,hardware,ACTIVE,0,0.14486232791552936,0.0,,0.0,,0.0,,0.0,1.5931405895691613,0.38095238095238104,0.113,0.0,-1.29,0.0,-1.4277392464512475,0.0,1.4356244604512476,0.0,-1.4356633634512475,0.0,1.545295464,0.0,1.4277369614512476,-0.4,1.4136642894512474,0.0,-1.4137033724512476,0.0,1.4137057054512476,0.0,-1.79835218,0.0,1.5973922902494333,1.624532925199433,1.5973922902494333,0.3571428571428572,0.113,0.113,0.113,0.0,-1.29,-1.29,-1.29,0.0,1.7787188208616787,1.1520000000000001,1.4229750566893429,-0.4
2026-10-07T19:47:31.173539+00:00,19.156276799971238,0.4285714285714289,hardware,ACTIVE,0,0.14486232791552936,0.0,,0.0,,0.0,,0.0,1.5973922902494333,0.3571428571428572,0.113,0.0,-1.29,0.0,-1.4229773416893428,0.0,1.4308625556893428,0.0,-1.4309014586893427,0.0,1.545295464,0.0,1.4229750566893429,-0.4,1.4089023846893427,0.0,-1.4089414676893428,0.0,1.4089438006893429,0.0,-1.79835218,0.0,1.6013605442176873,1.624532925199433,1.6013605442176873,0.33333333333333337,0.113,0.113,0.113,0.0,-1.29,-1.29,-1.29,0.0,1.7727664399092977,1.1520000000000001,1.4182131519274381,-0.4
2026-10-07T19:47:31.207539+00:00,19.189976499881595,0.4404761904761908,hardware,ACTIVE,0,0.14486232791552936,0.0,,0.0,,0.0,,0.0,1.6013605442176873,0.33333333333333337,0.113,0.0,-1.29,0.0,-1.418215436927438,0.0,1.426100650927438,0.0,-1.426139553927438,0.0,1.545295464,0.0,1.4182131519274381,-0.4,1.404140479927438,0.0,-1.404179562927438,0.0,1.4041818959274381,0.0,-1.79835218,0.0,1.6050453514739231,1.624532925199433,1.6050453514739231,0.30952380952380953,0.113,0.113,0.113,0.0,-1.29,-1.29,-1.29,0.0,1.7668140589569168,1.1520000000000001,1.4134512471655334,-0.4
2026-10-07T19:47:31.239539+00:00,19.22211159998551,0.4523809523809527,hardware,ACTIVE,0,0.14486232791552936,0.0,,0.0,,0.0,,0.0,1.6050453514739231,0.30952380952380953,0.113,0.0,-1.29,0.0,-1.4134535321655333,0.0,1.4213387461655334,0.0,-1.4213776491655332,0.0,1.545295464,0.0,1.4134512471655334,-0.4,1.3993785751655332,0.0,-1.3994176581655333,0.0,1.3994199911655334,0.0,-1.79835218,0.0,1.6084467120181407,1.624532925199433,1.6084467120181407,0.2857142857142857,0.113,0.113,0.113,0.0,-1.29,-1.29,-1.29,0.0,1.7608616780045359,1.1520000000000001,1.4086893424036286,-0.4
2026-10-07T19:47:31.272073+00:00,19.2549335998483,0.46428571428571463,hardware,ACTIVE,0,0.14486232791552936,0.0,,0.0,,0.0,,0.0,1.6084467120181407,0.2857142857142857,0.113,0.0,-1.29,0.0,-1.4086916274036285,0.0,1.4165768414036286,0.0,-1.4166157444036285,0.0,1.545295464,0.0,1.4086893424036286,-0.4,1.3946166704036285,0.0,-1.3946557534036286,0.0,1.3946580864036286,0.0,-1.79835218,0.0,1.6115646258503402,1.624532925199433,1.6115646258503402,0.26190476190476186,0.113,0.113,0.113,0.0,-1.29,-1.29,-1.29,0.0,1.754909297052155,1.1520000000000001,1.403927437641724,-0.4
2026-10-07T19:47:31.305085+00:00,19.287812300026417,0.47619047619047655,hardware,ACTIVE,0,0.14486232791552936,0.0,,0.0,,0.0,,0.0,1.6115646258503402,0.26190476190476186,0.113,0.0,-1.29,0.0,-1.4039297226417238,0.0,1.4118149366417239,0.0,-1.4118538396417237,0.0,1.545295464,0.0,1.403927437641724,-0.4,1.3898547656417237,0.0,-1.3898938486417238,0.0,1.389896181641724,0.0,-1.79835218,0.0,1.6143990929705216,1.624532925199433,1.6143990929705216,0.23809523809523803,0.113,0.113,0.113,0.0,-1.29,-1.29,-1.29,0.0,1.748956916099774,1.1520000000000001,1.3991655328798192,-0.4
2026-10-07T19:47:31.346084+00:00,19.329144599847496,0.48809523809523847,hardware,ACTIVE,0,0.14486232791552936,0.0,,0.0,,0.0,,0.0,1.6143990929705216,0.23809523809523803,0.113,0.0,-1.29,0.0,-1.399167817879819,0.0,1.4070530318798191,0.0,-1.407091934879819,0.0,1.545295464,0.0,1.3991655328798192,-0.4,1.385092860879819,0.0,-1.385131943879819,0.0,1.3851342768798192,0.0,-1.79835218,0.0,1.616950113378685,1.624532925199433,1.616950113378685,0.2142857142857142,0.113,0.113,0.113,0.0,-1.29,-1.29,-1.29,0.0,1.743004535147393,1.1520000000000001,1.3944036281179144,-0.4
2026-10-07T19:47:31.394609+00:00,19.376979099819437,0.5000000000000003,hardware,ACTIVE,0,0.14486232791552936,0.0,,0.0,,0.0,,0.0,1.616950113378685,0.2142857142857142,0.113,0.0,-1.29,0.0,-1.3944059131179143,0.0,1.4022911271179144,0.0,-1.4023300301179142,0.0,1.545295464,0.0,1.3944036281179144,-0.4,1.3803309561179142,0.0,-1.3803700391179143,0.0,1.3803723721179144,0.0,-1.79835218,0.0,1.61921768707483,1.624532925199433,1.61921768707483,0.19047619047619047,0.113,0.113,0.113,0.0,-1.29,-1.29,-1.29,0.0,1.7370521541950121,1.1520000000000001,1.3896417233560097,-0.4
2026-10-07T19:47:31.442616+00:00,19.425713300006464,0.5119047619047622,hardware,ACTIVE,0,0.14486232791552936,0.0,,0.0,,0.0,,0.0,1.61921768707483,0.19047619047619047,0.113,0.0,-1.29,0.0,-1.3896440083560095,0.0,1.3975292223560096,0.0,-1.3975681253560095,0.0,1.545295464,0.0,1.3896417233560097,-0.4,1.3755690513560095,0.0,-1.3756081343560096,0.0,1.3756104673560097,0.0,-1.79835218,0.0,1.621201814058957,1.624532925199433,1.621201814058957,0.16666666666666674,0.113,0.113,0.113,0.0,-1.29,-1.29,-1.29,0.0,1.7310997732426312,1.1520000000000001,1.384879818594105,-0.4
2026-10-07T19:47:31.492134+00:00,19.47498059994541,0.5238095238095241,hardware,ACTIVE,0,0.14486232791552936,0.0,,0.0,,0.0,,0.0,1.621201814058957,0.16666666666666674,0.113,0.0,-1.29,0.0,-1.3848821035941048,0.0,1.3927673175941049,0.0,-1.3928062205941047,0.0,1.545295464,0.0,1.384879818594105,-0.4,1.3708071465941047,0.0,-1.3708462295941048,0.0,1.370848562594105,0.0,-1.79835218,0.0,1.622902494331066,1.624532925199433,1.622902494331066,0.14285714285714302,0.113,0.113,0.113,0.0,-1.29,-1.29,-1.29,0.0,1.7251473922902503,1.1520000000000001,1.3801179138322002,-0.4
2026-10-07T19:47:31.537134+00:00,19.51988509995863,0.5357142857142859,hardware,ACTIVE,0,0.14486232791552936,0.0,,0.0,,0.0,,0.0,1.622902494331066,0.14285714285714302,0.113,0.0,-1.29,0.0,-1.3801201988322,0.0,1.3880054128322001,0.0,-1.3880443158322,0.0,1.545295464,0.0,1.3801179138322002,-0.4,1.3660452418322,0.0,-1.3660843248322,0.0,1.3660866578322002,0.0,-1.79835218,0.0,1.6243197278911565,1.624532925199433,1.6243197278911565,0.11904761904761929,0.113,0.113,0.113,0.0,-1.29,-1.29,-1.29,0.0,1.7191950113378693,1.1520000000000001,1.3753560090702954,-0.4
2026-10-07T19:47:31.581661+00:00,19.563893999904394,0.5476190476190478,hardware,ACTIVE,0,0.14486232791552936,0.0,,0.0,,0.0,,0.0,1.6243197278911565,0.11904761904761929,0.113,0.0,-1.29,0.0,-1.3753582940702953,0.0,1.3832435080702954,0.0,-1.3832824110702953,0.0,1.545295464,0.0,1.3753560090702954,-0.4,1.3612833370702953,0.0,-1.3613224200702954,0.0,1.3613247530702954,0.0,-1.79835218,0.0,1.624532925199433,1.624532925199433,1.624532925199433,0.0,0.113,0.113,0.113,0.0,-1.29,-1.29,-1.29,0.0,1.7132426303854884,1.1520000000000001,1.3705941043083907,-0.4
2026-10-07T19:47:31.624659+00:00,19.607286300044507,0.5595238095238096,hardware,ACTIVE,0,0.14486232791552936,0.0,,0.0,,0.0,,0.0,1.624532925199433,0.0,0.113,0.0,-1.29,0.0,-1.3705963893083906,0.0,1.3784816033083906,0.0,-1.3785205063083905,0.0,1.545295464,0.0,1.3705941043083907,-0.4,1.3565214323083905,0.0,-1.3565605153083906,0.0,1.3565628483083907,0.0,-1.79835218,0.0,1.624532925199433,1.624532925199433,1.624532925199433,0.0,0.113,0.113,0.113,0.0,-1.29,-1.29,-1.29,0.0,1.7072902494331075,1.1520000000000001,1.365832199546486,-0.4
2026-10-07T19:47:31.668667+00:00,19.651464499998838,0.5714285714285715,hardware,ACTIVE,0,0.14486232791552936,0.0,,0.0,,0.0,,0.0,1.624532925199433,0.0,0.113,0.0,-1.29,0.0,-1.3658344845464858,0.0,1.373719698546486,0.0,-1.3737586015464858,0.0,1.545295464,0.0,1.365832199546486,-0.4,1.3517595275464858,0.0,-1.3517986105464859,0.0,1.351800943546486,0.0,-1.79835218,0.0,1.624532925199433,1.624532925199433,1.624532925199433,0.0,0.113,0.113,0.113,0.0,-1.29,-1.29,-1.29,0.0,1.7013378684807265,1.1520000000000001,1.3610702947845812,-0.4
2026-10-07T19:47:31.713235+00:00,19.696168099995703,0.5833333333333334,hardware,ACTIVE,0,0.14486232791552936,0.0,,0.0,,0.0,,0.0,1.624532925199433,0.0,0.113,0.0,-1.29,0.0,-1.361072579784581,0.0,1.3689577937845812,0.0,-1.368996696784581,0.0,1.545295464,0.0,1.3610702947845812,-0.4,1.346997622784581,0.0,-1.3470367057845811,0.0,1.3470390387845812,0.0,-1.79835218,0.0,1.624532925199433,1.624532925199433,1.624532925199433,0.0,0.113,0.113,0.113,0.0,-1.29,-1.29,-1.29,0.0,1.6953854875283456,1.1520000000000001,1.3563083900226764,-0.4
2026-10-07T19:47:31.756198+00:00,19.739109499845654,0.5952380952380952,hardware,ACTIVE,0,0.14486232791552936,0.0,,0.0,,0.0,,0.0,1.624532925199433,0.0,0.113,0.0,-1.29,0.0,-1.3563106750226763,0.0,1.3641958890226764,0.0,-1.3642347920226763,0.0,1.545295464,0.0,1.3563083900226764,-0.4,1.3422357180226763,0.0,-1.3422748010226764,0.0,1.3422771340226765,0.0,-1.79835218,0.0,1.624532925199433,1.624532925199433,1.624532925199433,0.0,0.113,0.113,0.113,0.0,-1.29,-1.29,-1.29,0.0,1.6894331065759647,1.1520000000000001,1.3515464852607717,-0.4
2026-10-07T19:47:31.793732+00:00,19.776465999893844,0.6071428571428571,hardware,ACTIVE,0,0.14486232791552936,0.0,,0.0,,0.0,,0.0,1.624532925199433,0.0,0.113,0.0,-1.29,0.0,-1.3515487702607716,0.0,1.3594339842607717,0.0,-1.3594728872607715,0.0,1.545295464,0.0,1.3515464852607717,-0.4,1.3374738132607715,0.0,-1.3375128962607716,0.0,1.3375152292607717,0.0,-1.79835218,0.0,1.624532925199433,1.624532925199433,1.624532925199433,0.0,0.113,0.113,0.113,0.0,-1.29,-1.29,-1.29,0.0,1.6834807256235838,1.1520000000000001,1.346784580498867,-0.4
2026-10-07T19:47:31.835730+00:00,19.81788620003499,0.619047619047619,hardware,ACTIVE,0,0.14486232791552936,0.0,,0.0,,0.0,,0.0,1.624532925199433,0.0,0.113,0.0,-1.29,0.0,-1.3467868654988668,0.0,1.354672079498867,0.0,-1.3547109824988668,0.0,1.545295464,0.0,1.346784580498867,-0.4,1.3327119084988668,0.0,-1.3327509914988669,0.0,1.332753324498867,0.0,-1.79835218,0.0,1.624532925199433,1.624532925199433,1.624532925199433,0.0,0.113,0.113,0.113,0.0,-1.29,-1.29,-1.29,0.0,1.6775283446712028,1.1520000000000001,1.3420226757369622,-0.4
2026-10-07T19:47:31.867761+00:00,19.850864900043234,0.6309523809523808,hardware,ACTIVE,0,0.14486232791552936,0.0,,0.0,,0.0,,0.0,1.624532925199433,0.0,0.113,0.0,-1.29,0.0,-1.342024960736962,0.0,1.3499101747369622,0.0,-1.349949077736962,0.0,1.545295464,0.0,1.3420226757369622,-0.4,1.327950003736962,0.0,-1.3279890867369621,0.0,1.3279914197369622,0.0,-1.79835218,0.0,1.624532925199433,1.624532925199433,1.624532925199433,0.0,0.113,0.113,0.113,0.0,-1.29,-1.29,-1.29,0.0,1.6715759637188219,1.1520000000000001,1.3372607709750575,-0.4
2026-10-07T19:47:31.904345+00:00,19.88704889989458,0.6428571428571427,hardware,ACTIVE,0,0.14486232791552936,0.0,,0.0,,0.0,,0.0,1.624532925199433,0.0,0.113,0.0,-1.29,0.0,-1.3372630559750573,0.0,1.3451482699750574,0.0,-1.3451871729750573,0.0,1.545295464,0.0,1.3372607709750575,-0.4,1.3231880989750573,0.0,-1.3232271819750574,0.0,1.3232295149750575,0.0,-1.79835218,0.0,1.624532925199433,1.624532925199433,1.624532925199433,0.0,0.113,0.113,0.113,0.0,-1.29,-1.29,-1.29,0.0,1.665623582766441,1.1520000000000001,1.3324988662131527,-0.4
2026-10-07T19:47:31.944356+00:00,19.927379000000656,0.6547619047619045,hardware,ACTIVE,0,0.14486232791552936,0.0,,0.0,,0.0,,0.0,1.624532925199433,0.0,0.113,0.0,-1.29,0.0,-1.3325011512131526,0.0,1.3403863652131527,0.0,-1.3404252682131526,0.0,1.545295464,0.0,1.3324988662131527,-0.4,1.3184261942131525,0.0,-1.3184652772131527,0.0,1.3184676102131527,0.0,-1.79835218,0.0,1.624532925199433,1.624532925199433,1.624532925199433,0.0,0.113,0.113,0.113,0.0,-1.29,-1.29,-1.29,0.0,1.65967120181406,1.1520000000000001,1.327736961451248,-0.4
2026-10-07T19:47:31.984108+00:00,19.966394699877128,0.6666666666666664,hardware,ACTIVE,0,0.14486232791552936,0.0,,0.0,,0.0,,0.0,1.624532925199433,0.0,0.113,0.0,-1.29,0.0,-1.3277392464512479,0.0,1.335624460451248,0.0,-1.3356633634512478,0.0,1.545295464,0.0,1.327736961451248,-0.4,1.3136642894512478,0.0,-1.313703372451248,0.0,1.313705705451248,0.0,-1.79835218,0.0,1.624532925199433,1.624532925199433,1.624532925199433,0.0,0.113,0.113,0.113,0.0,-1.29,-1.29,-1.29,0.0,1.653718820861679,1.1520000000000001,1.3229750566893432,-0.4
2026-10-07T19:47:32.019099+00:00,20.00164969987236,0.6785714285714283,hardware,ACTIVE,0,0.14486232791552936,0.0,,0.0,,0.0,,0.0,1.624532925199433,0.0,0.113,0.0,-1.29,0.0,-1.3229773416893431,0.0,1.3308625556893432,0.0,-1.330901458689343,0.0,1.545295464,0.0,1.3229750566893432,-0.4,1.308902384689343,0.0,-1.3089414676893432,0.0,1.3089438006893432,0.0,-1.79835218,0.0,1.624532925199433,1.624532925199433,1.624532925199433,0.0,0.113,0.113,0.113,0.0,-1.29,-1.29,-1.29,0.0,1.6477664399092982,1.1520000000000001,1.3182131519274385,-0.4
2026-10-07T19:47:32.053099+00:00,20.03585119987838,0.6904761904761901,hardware,ACTIVE,0,0.14486232791552936,0.0,,0.0,,0.0,,0.0,1.624532925199433,0.0,0.113,0.0,-1.29,0.0,-1.3182154369274384,0.0,1.3261006509274385,0.0,-1.3261395539274383,0.0,1.545295464,0.0,1.3182131519274385,-0.4,1.3041404799274383,0.0,-1.3041795629274384,0.0,1.3041818959274385,0.0,-1.79835218,0.0,1.624532925199433,1.624532925199433,1.624532925199433,0.0,0.113,0.113,0.113,0.0,-1.29,-1.29,-1.29,0.0,1.6418140589569172,1.1520000000000001,1.3134512471655337,-0.4
2026-10-07T19:47:32.086616+00:00,20.068917099852115,0.702380952380952,hardware,ACTIVE,0,0.14486232791552936,0.0,,0.0,,0.0,,0.0,1.624532925199433,0.0,0.113,0.0,-1.29,0.0,-1.3134535321655336,0.0,1.3213387461655337,0.0,-1.3213776491655336,0.0,1.545295464,0.0,1.3134512471655337,-0.4,1.2993785751655336,0.0,-1.2994176581655337,0.0,1.2994199911655337,0.0,-1.79835218,0.0,1.624532925199433,1.624532925199433,1.624532925199433,0.0,0.113,0.113,0.113,0.0,-1.29,-1.29,-1.29,0.0,1.6358616780045363,1.1520000000000001,1.308689342403629,-0.4
2026-10-07T19:47:32.118617+00:00,20.101343599846587,0.7142857142857139,hardware,ACTIVE,0,0.14486232791552936,0.0,,0.0,,0.0,,0.0,1.624532925199433,0.0,0.113,0.0,-1.29,0.0,-1.3086916274036289,0.0,1.316576841403629,0.0,-1.3166157444036288,0.0,1.545295464,0.0,1.308689342403629,-0.4,1.2946166704036288,0.0,-1.294655753403629,0.0,1.294658086403629,0.0,-1.79835218,0.0,1.624532925199433,1.624532925199433,1.624532925199433,0.0,0.113,0.113,0.113,0.0,-1.29,-1.29,-1.29,0.0,1.6299092970521554,1.1520000000000001,1.3039274376417243,-0.4
2026-10-07T19:47:32.151617+00:00,20.13415399985388,0.7261904761904757,hardware,ACTIVE,0,0.14486232791552936,0.0,,0.0,,0.0,,0.0,1.624532925199433,0.0,0.113,0.0,-1.29,0.0,-1.3039297226417241,0.0,1.3118149366417242,0.0,-1.311853839641724,0.0,1.545295464,0.0,1.3039274376417243,-0.4,1.289854765641724,0.0,-1.2898938486417242,0.0,1.2898961816417243,0.0,-1.79835218,0.0,1.624532925199433,1.624532925199433,1.624532925199433,0.0,0.113,0.113,0.113,0.0,-1.29,-1.29,-1.29,0.0,1.6239569160997744,1.1520000000000001,1.2991655328798195,-0.4
2026-10-07T19:47:32.184138+00:00,20.166963799856603,0.7380952380952376,hardware,ACTIVE,0,0.14486232791552936,0.0,,0.0,,0.0,,0.0,1.624532925199433,0.0,0.113,0.0,-1.29,0.0,-1.2991678178798194,0.0,1.3070530318798195,0.0,-1.3070919348798193,0.0,1.545295464,0.0,1.2991655328798195,-0.4,1.2850928608798193,0.0,-1.2851319438798194,0.0,1.2851342768798195,0.0,-1.79835218,0.0,1.624532925199433,1.624532925199433,1.624532925199433,0.0,0.113,0.113,0.113,0.0,-1.29,-1.29,-1.29,0.0,1.6180045351473935,1.1520000000000001,1.2944036281179148,-0.4
2026-10-07T19:47:32.217146+00:00,20.199640600010753,0.7499999999999994,hardware,ACTIVE,0,0.14486232791552936,0.0,,0.0,,0.0,,0.0,1.624532925199433,0.0,0.113,0.0,-1.29,0.0,-1.2944059131179146,0.0,1.3022911271179147,0.0,-1.3023300301179146,0.0,1.545295464,0.0,1.2944036281179148,-0.4,1.2803309561179146,0.0,-1.2803700391179147,0.0,1.2803723721179148,0.0,-1.79835218,0.0,1.624532925199433,1.624532925199433,1.624532925199433,0.0,0.113,0.113,0.113,0.0,-1.29,-1.29,-1.29,0.0,1.6120521541950126,1.1520000000000001,1.28964172335601,-0.4
2026-10-07T19:47:32.250140+00:00,20.232739300001413,0.7619047619047613,hardware,ACTIVE,0,0.14486232791552936,0.0,,0.0,,0.0,,0.0,1.624532925199433,0.0,0.113,0.0,-1.29,0.0,-1.28964400835601,0.0,1.29752922235601,0.0,-1.2975681253560098,0.0,1.545295464,0.0,1.28964172335601,-0.4,1.2755690513560098,0.0,-1.27560813435601,0.0,1.27561046735601,0.0,-1.79835218,0.0,1.624532925199433,1.624532925199433,1.624532925199433,0.0,0.113,0.113,0.113,0.0,-1.29,-1.29,-1.29,0.0,1.6060997732426316,1.1520000000000001,1.2848798185941053,-0.4
2026-10-07T19:47:32.283672+00:00,20.265940699959174,0.7738095238095232,hardware,ACTIVE,0,0.14486232791552936,0.0,,0.0,,0.0,,0.0,1.624532925199433,0.0,0.113,0.0,-1.29,0.0,-1.2848821035941052,0.0,1.2927673175941052,0.0,-1.292806220594105,0.0,1.545295464,0.0,1.2848798185941053,-0.4,1.270807146594105,0.0,-1.2708462295941052,0.0,1.2708485625941053,0.0,-1.79835218,0.0,1.624532925199433,1.624532925199433,1.624532925199433,0.0,0.113,0.113,0.113,0.0,-1.29,-1.29,-1.29,0.0,1.6001473922902507,1.1520000000000001,1.2801179138322005,-0.4
2026-10-07T19:47:32.315208+00:00,20.298106599831954,0.785714285714285,hardware,ACTIVE,0,0.14486232791552936,0.0,,0.0,,0.0,,0.0,1.624532925199433,0.0,0.113,0.0,-1.29,0.0,-1.2801201988322004,0.0,1.2880054128322005,0.0,-1.2880443158322004,0.0,1.545295464,0.0,1.2801179138322005,-0.4,1.2660452418322004,0.0,-1.2660843248322005,0.0,1.2660866578322005,0.0,-1.79835218,0.0,1.624532925199433,1.624532925199433,1.624532925199433,0.0,0.113,0.113,0.113,0.0,-1.29,-1.29,-1.29,0.0,1.5941950113378698,1.1520000000000001,1.2753560090702958,-0.4
2026-10-07T19:47:32.347730+00:00,20.33070209994912,0.7976190476190469,hardware,ACTIVE,0,0.14486232791552936,0.0,,0.0,,0.0,,0.0,1.624532925199433,0.0,0.113,0.0,-1.29,0.0,-1.2753582940702957,0.0,1.2832435080702957,0.0,-1.2832824110702956,0.0,1.545295464,0.0,1.2753560090702958,-0.4,1.2612833370702956,0.0,-1.2613224200702957,0.0,1.2613247530702958,0.0,-1.79835218,0.0,1.624532925199433,1.624532925199433,1.624532925199433,0.0,0.113,0.113,0.113,0.0,-1.29,-1.29,-1.29,0.0,1.5882426303854889,1.1520000000000001,1.270594104308391,-0.4
2026-10-07T19:47:32.381477+00:00,20.363941399846226,0.8095238095238088,hardware,ACTIVE,0,0.14486232791552936,0.0,,0.0,,0.0,,0.0,1.624532925199433,0.0,0.113,0.0,-1.29,0.0,-1.270596389308391,0.0,1.278481603308391,0.0,-1.2785205063083909,0.0,1.545295464,0.0,1.270594104308391,-0.4,1.2565214323083909,0.0,-1.256560515308391,0.0,1.256562848308391,0.0,-1.79835218,0.0,1.624532925199433,1.624532925199433,1.624532925199433,0.0,0.113,0.113,0.113,0.0,-1.29,-1.29,-1.29,0.0,1.582290249433108,1.1520000000000001,1.2658321995464863,-0.4
2026-10-07T19:47:32.422516+00:00,20.40522059984505,0.8214285714285706,hardware,ACTIVE,0,0.14486232791552936,0.0,,0.0,,0.0,,0.0,1.624532925199433,0.0,0.113,0.0,-1.29,0.0,-1.2658344845464862,0.0,1.2737196985464863,0.0,-1.2737586015464861,0.0,1.545295464,0.0,1.2658321995464863,-0.4,1.2517595275464861,0.0,-1.2517986105464862,0.0,1.2518009435464863,0.0,-1.79835218,0.0,1.624532925199433,1.624532925199433,1.624532925199433,0.0,0.113,0.113,0.113,0.0,-1.29,-1.29,-1.29,0.0,1.576337868480727,1.1520000000000001,1.2610702947845815,-0.4
2026-10-07T19:47:32.471486+00:00,20.454328499967232,0.8333333333333325,hardware,ACTIVE,0,0.14486232791552936,0.0,,0.0,,0.0,,0.0,1.624532925199433,0.0,0.113,0.0,-1.29,0.0,-1.2610725797845814,0.0,1.2689577937845815,0.0,-1.2689966967845814,0.0,1.545295464,0.0,1.2610702947845815,-0.4,1.2469976227845814,0.0,-1.2470367057845815,0.0,1.2470390387845816,0.0,-1.79835218,0.0,1.624532925199433,1.624532925199433,1.624532925199433,0.0,0.113,0.113,0.113,0.0,-1.29,-1.29,-1.29,0.0,1.570385487528346,1.1520000000000001,1.2563083900226768,-0.4
2026-10-07T19:47:32.521213+00:00,20.50357069983147,0.8452380952380943,hardware,ACTIVE,0,0.14486232791552936,0.0,,0.0,,0.0,,0.0,1.624532925199433,0.0,0.113,0.0,-1.29,0.0,-1.2563106750226767,0.0,1.2641958890226768,0.0,-1.2642347920226766,0.0,1.545295464,0.0,1.2563083900226768,-0.4,1.2422357180226766,0.0,-1.2422748010226767,0.0,1.2422771340226768,0.0,-1.79835218,0.0,1.624532925199433,1.624532925199433,1.624532925199433,0.0,0.113,0.113,0.113,0.0,-1.29,-1.29,-1.29,0.0,1.5644331065759651,1.1520000000000001,1.251546485260772,-0.4
2026-10-07T19:47:32.574036+00:00,20.557076500030234,0.8571428571428562,hardware,ACTIVE,0,0.14486232791552936,0.0,,0.0,,0.0,,0.0,1.624532925199433,0.0,0.113,0.0,-1.29,0.0,-1.251548770260772,0.0,1.259433984260772,0.0,-1.259472887260772,0.0,1.545295464,0.0,1.251546485260772,-0.4,1.2374738132607719,0.0,-1.237512896260772,0.0,1.237515229260772,0.0,-1.79835218,0.0,1.624532925199433,1.624532925199433,1.624532925199433,0.0,0.113,0.113,0.113,0.0,-1.29,-1.29,-1.29,0.0,1.5584807256235842,1.1520000000000001,1.2467845804988673,-0.4
2026-10-07T19:47:32.614158+00:00,20.596391399856657,0.8690476190476181,hardware,ACTIVE,0,0.14486232791552936,0.0,,0.0,,0.0,,0.0,1.624532925199433,0.0,0.113,0.0,-1.29,0.0,-1.2467868654988672,0.0,1.2546720794988673,0.0,-1.2547109824988671,0.0,1.545295464,0.0,1.2467845804988673,-0.4,1.2327119084988671,0.0,-1.2327509914988672,0.0,1.2327533244988673,0.0,-1.79835218,0.0,1.624532925199433,1.624532925199433,1.624532925199433,0.0,0.113,0.113,0.113,0.0,-1.29,-1.29,-1.29,0.0,1.5525283446712033,1.1520000000000001,1.2420226757369626,-0.4
2026-10-07T19:47:32.657159+00:00,20.639924899907783,0.8809523809523799,hardware,ACTIVE,0,0.14486232791552936,0.0,,0.0,,0.0,,0.0,1.624532925199433,0.0,0.113,0.0,-1.29,0.0,-1.2420249607369624,0.0,1.2499101747369625,0.0,-1.2499490777369624,0.0,1.545295464,0.0,1.2420226757369626,-0.4,1.2279500037369624,0.0,-1.2279890867369625,0.0,1.2279914197369626,0.0,-1.79835218,0.0,1.624532925199433,1.624532925199433,1.624532925199433,0.0,0.113,0.113,0.113,0.0,-1.29,-1.29,-1.29,0.0,1.5465759637188223,1.1520000000000001,1.2372607709750578,-0.4
2026-10-07T19:47:32.698922+00:00,20.681799300014973,0.8928571428571418,hardware,ACTIVE,0,0.14486232791552936,0.0,,0.0,,0.0,,0.0,1.624532925199433,0.0,0.113,0.0,-1.29,0.0,-1.2372630559750577,0.0,1.2451482699750578,0.0,-1.2451871729750577,0.0,1.545295464,0.0,1.2372607709750578,-0.4,1.2231880989750576,0.0,-1.2232271819750578,0.0,1.2232295149750578,0.0,-1.79835218,0.0,1.624532925199433,1.624532925199433,1.624532925199433,0.0,0.113,0.113,0.113,0.0,-1.29,-1.29,-1.29,0.0,1.5406235827664414,1.1520000000000001,1.232498866213153,-0.4
2026-10-07T19:47:32.744802+00:00,20.727244399953634,0.9047619047619037,hardware,ACTIVE,0,0.14486232791552936,0.0,,0.0,,0.0,,0.0,1.624532925199433,0.0,0.113,0.0,-1.29,0.0,-1.232501151213153,0.0,1.240386365213153,0.0,-1.240425268213153,0.0,1.545295464,0.0,1.232498866213153,-0.4,1.218426194213153,0.0,-1.218465277213153,0.0,1.218467610213153,0.0,-1.79835218,0.0,1.624532925199433,1.624532925199433,1.624532925199433,0.0,0.113,0.113,0.113,0.0,-1.29,-1.29,-1.29,0.0,1.5346712018140605,1.1520000000000001,1.2277369614512483,-0.4
2026-10-07T19:47:32.790465+00:00,20.77260859985836,0.9166666666666655,hardware,ACTIVE,0,0.14486232791552936,0.0,,0.0,,0.0,,0.0,1.624532925199433,0.0,0.113,0.0,-1.29,0.0,-1.2277392464512482,0.0,1.2356244604512483,0.0,-1.2356633634512482,0.0,1.545295464,0.0,1.2277369614512483,-0.4,1.2136642894512482,0.0,-1.2137033724512483,0.0,1.2137057054512483,0.0,-1.79835218,0.0,1.624532925199433,1.624532925199433,1.624532925199433,0.0,0.113,0.113,0.113,0.0,-1.29,-1.29,-1.29,0.0,1.5287188208616795,1.1520000000000001,1.2229750566893436,-0.4
2026-10-07T19:47:32.835459+00:00,20.817628799937665,0.9285714285714274,hardware,ACTIVE,0,0.14486232791552936,0.0,,0.0,,0.0,,0.0,1.624532925199433,0.0,0.113,0.0,-1.29,0.0,-1.2229773416893435,0.0,1.2308625556893436,0.0,-1.2309014586893434,0.0,1.545295464,0.0,1.2229750566893436,-0.4,1.2089023846893434,0.0,-1.2089414676893435,0.0,1.2089438006893436,0.0,-1.79835218,0.0,1.624532925199433,1.624532925199433,1.624532925199433,0.0,0.113,0.113,0.113,0.0,-1.29,-1.29,-1.29,0.0,1.5227664399092986,1.1520000000000001,1.2182131519274388,-0.4
2026-10-07T19:47:32.880239+00:00,20.86272730003111,0.9404761904761892,hardware,ACTIVE,0,0.14486232791552936,0.0,,0.0,,0.0,,0.0,1.624532925199433,0.0,0.113,0.0,-1.29,0.0,-1.2182154369274387,0.0,1.2261006509274388,0.0,-1.2261395539274387,0.0,1.545295464,0.0,1.2182131519274388,-0.4,1.2041404799274387,0.0,-1.2041795629274388,0.0,1.2041818959274389,0.0,-1.79835218,0.0,1.624532925199433,1.624532925199433,1.624532925199433,0.0,0.113,0.113,0.113,0.0,-1.29,-1.29,-1.29,0.0,1.5168140589569177,1.1520000000000001,1.213451247165534,-0.4
2026-10-07T19:47:32.921334+00:00,20.903733799932525,0.9523809523809511,hardware,ACTIVE,0,0.14486232791552936,0.0,,0.0,,0.0,,0.0,1.624532925199433,0.0,0.113,0.0,-1.29,0.0,-1.213453532165534,0.0,1.221338746165534,0.0,-1.221377649165534,0.0,1.545295464,0.0,1.213451247165534,-0.4,1.199378575165534,0.0,-1.199417658165534,0.0,1.199419991165534,0.0,-1.79835218,0.0,1.624532925199433,1.624532925199433,1.624532925199433,0.0,0.113,0.113,0.113,0.0,-1.29,-1.29,-1.29,0.0,1.5108616780045367,1.1520000000000001,1.2086893424036294,-0.4
2026-10-07T19:47:32.957234+00:00,20.939463699935004,0.964285714285713,hardware,ACTIVE,0,0.14486232791552936,0.0,,0.0,,0.0,,0.0,1.624532925199433,0.0,0.113,0.0,-1.29,0.0,-1.2086916274036292,0.0,1.2165768414036293,0.0,-1.2166157444036292,0.0,1.545295464,0.0,1.2086893424036294,-0.4,1.1946166704036292,0.0,-1.1946557534036293,0.0,1.1946580864036294,0.0,-1.79835218,0.0,1.624532925199433,1.624532925199433,1.624532925199433,0.0,0.113,0.113,0.113,0.0,-1.29,-1.29,-1.29,0.0,1.5049092970521558,1.1520000000000001,1.2039274376417246,-0.4
2026-10-07T19:47:32.997015+00:00,20.97929249983281,0.9761904761904748,hardware,ACTIVE,0,0.14486232791552936,0.0,,0.0,,0.0,,0.0,1.624532925199433,0.0,0.113,0.0,-1.29,0.0,-1.2039297226417245,0.0,1.2118149366417246,0.0,-1.2118538396417244,0.0,1.545295464,0.0,1.2039274376417246,-0.4,1.1898547656417244,0.0,-1.1898938486417245,0.0,1.1898961816417246,0.0,-1.79835218,0.0,1.624532925199433,1.624532925199433,1.624532925199433,0.0,0.113,0.113,0.113,0.0,-1.29,-1.29,-1.29,0.0,1.4989569160997749,1.1520000000000001,1.1991655328798199,-0.4
2026-10-07T19:47:33.040912+00:00,21.02316759992391,0.9880952380952367,hardware,ACTIVE,0,0.14486232791552936,0.0,,0.0,,0.0,,0.0,1.624532925199433,0.0,0.113,0.0,-1.29,0.0,-1.1991678178798197,0.0,1.2070530318798198,0.0,-1.2070919348798197,0.0,1.545295464,0.0,1.1991655328798199,-0.4,1.1850928608798197,0.0,-1.1851319438798198,0.0,1.1851342768798199,0.0,-1.79835218,0.0,1.624532925199433,1.624532925199433,1.624532925199433,0.0,0.113,0.113,0.113,0.0,-1.29,-1.29,-1.29,0.0,1.493004535147394,1.1520000000000001,1.1944036281179151,-0.4
2026-10-07T19:47:33.079761+00:00,21.062775699887425,0.9999999999999986,hardware,ACTIVE,0,0.14486232791552936,0.0,,0.0,,0.0,,0.0,1.624532925199433,0.0,0.113,0.0,-1.29,0.0,-1.194405913117915,0.0,1.202291127117915,0.0,-1.202330030117915,0.0,1.545295464,0.0,1.1944036281179151,-0.4,1.180330956117915,0.0,-1.180370039117915,0.0,1.1803723721179151,0.0,-1.79835218,0.0,1.624532925199433,1.624532925199433,1.624532925199433,0.0,0.113,0.113,0.113,0.0,-1.29,-1.29,-1.29,0.0,1.487052154195013,1.1520000000000001,1.1896417233560104,-0.4
2026-10-07T19:47:33.122772+00:00,21.10511039989069,1.0119047619047605,hardware,ACTIVE,0,0.14486232791552936,0.0,,0.0,,0.0,,0.0,1.624532925199433,0.0,0.113,0.0,-1.29,0.0,-1.1896440083560103,0.0,1.1975292223560103,0.0,-1.1975681253560102,0.0,1.545295464,0.0,1.1896417233560104,-0.4,1.1755690513560102,0.0,-1.1756081343560103,0.0,1.1756104673560104,0.0,-1.79835218,0.0,1.624532925199433,1.624532925199433,1.624532925199433,0.0,0.113,0.113,0.113,0.0,-1.29,-1.29,-1.29,0.0,1.4814540816326547,1.1520000000000001,1.1851632653061237,-0.3761904761904761
2026-10-07T19:47:33.161893+00:00,21.144708500010893,1.0238095238095224,hardware,ACTIVE,0,0.14486232791552936,0.0,,0.0,,0.0,,0.0,1.624532925199433,0.0,0.113,0.0,-1.29,0.0,-1.1851655503061236,0.0,1.1930507643061237,0.0,-1.1930896673061235,0.0,1.545295464,0.0,1.1851632653061237,-0.3761904761904761,1.1710905933061235,0.0,-1.1711296763061236,0.0,1.1711320093061237,0.0,-1.79835218,0.0,1.624532925199433,1.624532925199433,1.624532925199433,0.0,0.113,0.113,0.113,0.0,-1.29,-1.29,-1.29,0.0,1.4762103174603192,1.1520000000000001,1.1809682539682553,-0.35238095238095235
2026-10-07T19:47:33.205442+00:00,21.1875607999973,1.0357142857142843,hardware,ACTIVE,0,0.14486232791552936,0.0,,0.0,,0.0,,0.0,1.624532925199433,0.0,0.113,0.0,-1.29,0.0,-1.1809705389682552,0.0,1.1888557529682553,0.0,-1.1888946559682552,0.0,1.545295464,0.0,1.1809682539682553,-0.35238095238095235,1.1668955819682552,0.0,-1.1669346649682553,0.0,1.1669369979682553,0.0,-1.79835218,0.0,1.624532925199433,1.624532925199433,1.624532925199433,0.0,0.113,0.113,0.113,0.0,-1.29,-1.29,-1.29,0.0,1.4713208616780062,1.1520000000000001,1.177056689342405,-0.3285714285714286
2026-10-07T19:47:33.246531+00:00,21.229240000015125,1.0476190476190461,hardware,ACTIVE,0,0.14486232791552936,0.0,,0.0,,0.0,,0.0,1.624532925199433,0.0,0.113,0.0,-1.29,0.0,-1.177058974342405,0.0,1.184944188342405,0.0,-1.1849830913424049,0.0,1.545295464,0.0,1.177056689342405,-0.3285714285714286,1.1629840173424049,0.0,-1.163023100342405,0.0,1.163025433342405,0.0,-1.79835218,0.0,1.624532925199433,1.624532925199433,1.624532925199433,0.0,0.113,0.113,0.113,0.0,-1.29,-1.29,-1.29,0.0,1.4667857142857161,1.1520000000000001,1.1734285714285728,-0.3047619047619049
2026-10-07T19:47:33.288400+00:00,21.27135319984518,1.059523809523808,hardware,ACTIVE,0,0.14486232791552936,0.0,,0.0,,0.0,,0.0,1.624532925199433,0.0,0.113,0.0,-1.29,0.0,-1.1734308564285727,0.0,1.1813160704285728,0.0,-1.1813549734285727,0.0,1.545295464,0.0,1.1734285714285728,-0.3047619047619049,1.1593558994285726,0.0,-1.1593949824285728,0.0,1.1593973154285728,0.0,-1.79835218,0.0,1.624532925199433,1.624532925199433,1.624532925199433,0.0,0.113,0.113,0.113,0.0,-1.29,-1.29,-1.29,0.0,1.4626048752834484,1.1520000000000001,1.1700839002267587,-0.2809523809523812
2026-10-07T19:47:33.331294+00:00,21.314230399904773,1.0714285714285698,hardware,ACTIVE,0,0.14486232791552936,0.0,,0.0,,0.0,,0.0,1.624532925199433,0.0,0.113,0.0,-1.29,0.0,-1.1700861852267586,0.0,1.1779713992267586,0.0,-1.1780103022267585,0.0,1.545295464,0.0,1.1700839002267587,-0.2809523809523812,1.1560112282267585,0.0,-1.1560503112267586,0.0,1.1560526442267587,0.0,-1.79835218,0.0,1.624532925199433,1.624532925199433,1.624532925199433,0.0,0.113,0.113,0.113,0.0,-1.29,-1.29,-1.29,0.0,1.4587783446712035,1.1520000000000001,1.1670226757369628,-0.25714285714285745
2026-10-07T19:47:33.370413+00:00,21.352911999914795,1.0833333333333317,hardware,ACTIVE,0,0.14486232791552936,0.0,,0.0,,0.0,,0.0,1.624532925199433,0.0,0.113,0.0,-1.29,0.0,-1.1670249607369627,0.0,1.1749101747369628,0.0,-1.1749490777369627,0.0,1.545295464,0.0,1.1670226757369628,-0.25714285714285745,1.1529500037369627,0.0,-1.1529890867369628,0.0,1.1529914197369628,0.0,-1.79835218,0.0,1.624532925199433,1.624532925199433,1.624532925199433,0.0,0.113,0.113,0.113,0.0,-1.29,-1.29,-1.29,0.0,1.4553061224489814,1.1520000000000001,1.164244897959185,-0.23333333333333373
2026-10-07T19:47:33.413172+00:00,21.39543899986893,1.0952380952380936,hardware,ACTIVE,0,0.14486232791552936,0.0,,0.0,,0.0,,0.0,1.624532925199433,0.0,0.113,0.0,-1.29,0.0,-1.164247182959185,0.0,1.172132396959185,0.0,-1.172171299959185,0.0,1.545295464,0.0,1.164244897959185,-0.23333333333333373,1.150172225959185,0.0,-1.150211308959185,0.0,1.150213641959185,0.0,-1.79835218,0.0,1.624532925199433,1.624532925199433,1.624532925199433,0.0,0.113,0.113,0.113,0.0,-1.29,-1.29,-1.29,0.0,1.4521882086167817,1.1520000000000001,1.1617505668934254,-0.20952380952381
2026-10-07T19:47:33.452175+00:00,21.4348994998727,1.1071428571428554,hardware,ACTIVE,0,0.14486232791552936,0.0,,0.0,,0.0,,0.0,1.624532925199433,0.0,0.113,0.0,-1.29,0.0,-1.1617528518934253,0.0,1.1696380658934253,0.0,-1.1696769688934252,0.0,1.545295464,0.0,1.1617505668934254,-0.20952380952381,1.1476778948934252,0.0,-1.1477169778934253,0.0,1.1477193108934254,0.0,-1.79835218,0.0,1.624532925199433,1.624532925199433,1.624532925199433,0.0,0.113,0.113,0.113,0.0,-1.29,-1.29,-1.29,0.0,1.449424603174605,1.1520000000000001,1.159539682539684,-0.18571428571428628
2026-10-07T19:47:33.495868+00:00,21.478681899840012,1.1190476190476173,hardware,ACTIVE,0,0.14486232791552936,0.0,,0.0,,0.0,,0.0,1.624532925199433,0.0,0.113,0.0,-1.29,0.0,-1.1595419675396839,0.0,1.167427181539684,0.0,-1.1674660845396838,0.0,1.545295464,0.0,1.159539682539684,-0.18571428571428628,1.1454670105396838,0.0,-1.145506093539684,0.0,1.145508426539684,0.0,-1.79835218,0.0,1.624532925199433,1.624532925199433,1.624532925199433,0.0,0.113,0.113,0.113,0.0,-1.29,-1.29,-1.29,0.0,1.4470153061224509,1.1520000000000001,1.1576122448979607,-0.16190476190476255
2026-10-07T19:47:33.541850+00:00,21.524606599938124,1.1309523809523792,hardware,ACTIVE,0,0.14486232791552936,0.0,,0.0,,0.0,,0.0,1.624532925199433,0.0,0.113,0.0,-1.29,0.0,-1.1576145298979605,0.0,1.1654997438979606,0.0,-1.1655386468979605,0.0,1.545295464,0.0,1.1576122448979607,-0.16190476190476255,1.1435395728979605,0.0,-1.1435786558979606,0.0,1.1435809888979607,0.0,-1.79835218,0.0,1.624532925199433,1.624532925199433,1.624532925199433,0.0,0.113,0.113,0.113,0.0,-1.29,-1.29,-1.29,0.0,1.4449603174603194,1.1520000000000001,1.1559682539682554,-0.13809523809523883
2026-10-07T19:47:33.579672+00:00,21.562412800034508,1.142857142857141,hardware,ACTIVE,0,0.14486232791552936,0.0,,0.0,,0.0,,0.0,1.624532925199433,0.0,0.113,0.0,-1.29,0.0,-1.1559705389682553,0.0,1.1638557529682554,0.0,-1.1638946559682553,0.0,1.545295464,0.0,1.1559682539682554,-0.13809523809523883,1.1418955819682552,0.0,-1.1419346649682554,0.0,1.1419369979682554,0.0,-1.79835218,0.0,1.624532925199433,1.624532925199433,1.624532925199433,0.0,0.113,0.113,0.113,0.0,-1.29,-1.29,-1.29,0.0,1.4432596371882103,1.1520000000000001,1.1546077097505683,-0.1142857142857151
2026-10-07T19:47:33.622585+00:00,21.60482529993169,1.1547619047619029,hardware,ACTIVE,0,0.14486232791552936,0.0,,0.0,,0.0,,0.0,1.624532925199433,0.0,0.113,0.0,-1.29,0.0,-1.1546099947505681,0.0,1.1624952087505682,0.0,-1.162534111750568,0.0,1.545295464,0.0,1.1546077097505683,-0.1142857142857151,1.140535037750568,0.0,-1.1405741207505682,0.0,1.1405764537505683,0.0,-1.79835218,0.0,1.624532925199433,1.624532925199433,1.624532925199433,0.0,0.113,0.113,0.113,0.0,-1.29,-1.29,-1.29,0.0,1.4419132653061242,1.1520000000000001,1.1535306122448994,-0.09047619047619138
2026-10-07T19:47:33.662765+00:00,21.644904599990696,1.1666666666666647,hardware,ACTIVE,0,0.14486232791552936,0.0,,0.0,,0.0,,0.0,1.624532925199433,0.0,0.113,0.0,-1.29,0.0,-1.1535328972448993,0.0,1.1614181112448994,0.0,-1.1614570142448992,0.0,1.545295464,0.0,1.1535306122448994,-0.09047619047619138,1.1394579402448992,0.0,-1.1394970232448993,0.0,1.1394993562448994,0.0,-1.79835218,0.0,1.624532925199433,1.624532925199433,1.624532925199433,0.0,0.113,0.113,0.113,0.0,-1.29,-1.29,-1.29,0.0,1.4409212018140607,1.1520000000000001,1.1527369614512486,-0.06666666666666765
2026-10-07T19:47:33.705434+00:00,21.68758779997006,1.1785714285714266,hardware,ACTIVE,0,0.14486232791552936,0.0,,0.0,,0.0,,0.0,1.624532925199433,0.0,0.113,0.0,-1.29,0.0,-1.1527392464512485,0.0,1.1606244604512486,0.0,-1.1606633634512484,0.0,1.545295464,0.0,1.1527369614512486,-0.06666666666666765,1.1386642894512484,0.0,-1.1387033724512485,0.0,1.1387057054512486,0.0,-1.79835218,0.0,1.624532925199433,1.624532925199433,1.624532925199433,0.0,0.113,0.113,0.113,0.0,-1.29,-1.29,-1.29,0.0,1.4402834467120198,1.1520000000000001,1.1522267573696159,-0.042857142857143926
2026-10-07T19:47:33.746337+00:00,21.729163399897516,1.1904761904761885,hardware,ACTIVE,0,0.14486232791552936,0.0,,0.0,,0.0,,0.0,1.624532925199433,0.0,0.113,0.0,-1.29,0.0,-1.1522290423696158,0.0,1.1601142563696158,0.0,-1.1601531593696157,0.0,1.545295464,0.0,1.1522267573696159,-0.042857142857143926,1.1381540853696157,0.0,-1.1381931683696158,0.0,1.138195501369616,0.0,-1.79835218,0.0,1.624532925199433,1.624532925199433,1.624532925199433,0.0,0.113,0.113,0.113,0.0,-1.29,-1.29,-1.29,0.0,1.4400000000000017,1.1520000000000001,1.1520000000000015,-0.0190476190476202
2026-10-07T19:47:33.786206+00:00,21.769151599844918,1.2023809523809503,hardware,ACTIVE,0,0.14486232791552936,0.0,,0.0,,0.0,,0.0,1.624532925199433,0.0,0.113,0.0,-1.29,0.0,-1.1520022850000013,0.0,1.1598874990000014,0.0,-1.1599264020000013,0.0,1.545295464,0.0,1.1520000000000015,-0.0190476190476202,1.1379273280000013,0.0,-1.1379664110000014,0.0,1.1379687440000015,0.0,-1.79835218,0.0,1.624532925199433,1.624532925199433,1.624532925199433,0.0,0.113,0.113,0.113,0.0,-1.29,-1.29,-1.29,0.0,1.4400708616780065,1.1520000000000001,1.1520566893424051,0.004761904761903524
2026-10-07T19:47:33.836108+00:00,21.818884999956936,1.2142857142857122,hardware,ACTIVE,0,0.14486232791552936,0.0,,0.0,,0.0,,0.0,1.624532925199433,0.0,0.113,0.0,-1.29,0.0,-1.152058974342405,0.0,1.159944188342405,0.0,-1.159983091342405,0.0,1.545295464,0.0,1.1520566893424051,0.004761904761903524,1.137984017342405,0.0,-1.138023100342405,0.0,1.1380254333424051,0.0,-1.79835218,0.0,1.624532925199433,1.624532925199433,1.624532925199433,0.0,0.113,0.113,0.113,0.0,-1.29,-1.29,-1.29,0.0,1.4400000000000002,1.1520000000000001,1.1520000000000001,0.0
2026-10-07T19:47:33.877140+00:00,21.860272499965504,1.226190476190474,hardware,ACTIVE,0,0.14486232791552936,0.0,,0.0,,0.0,,0.0,1.624532925199433,0.0,0.113,0.0,-1.29,0.0,-1.152002285,0.0,1.159887499,0.0,-1.159926402,0.0,1.545295464,0.0,1.1520000000000001,0.0,1.137927328,0.0,-1.137966411,0.0,1.1379687440000001,0.0,-1.79835218,0.0,1.624532925199433,1.624532925199433,1.624532925199433,0.0,0.113,0.113,0.113,0.0,-1.29,-1.29,-1.29,0.0,1.4400000000000002,1.1520000000000001,1.1520000000000001,0.0
2026-10-07T19:47:33.918646+00:00,21.900806499877945,1.238095238095236,hardware,ACTIVE,0,0.14486232791552936,0.0,,0.0,,0.0,,0.0,1.624532925199433,0.0,0.113,0.0,-1.29,0.0,-1.152002285,0.0,1.159887499,0.0,-1.159926402,0.0,1.545295464,0.0,1.1520000000000001,0.0,1.137927328,0.0,-1.137966411,0.0,1.1379687440000001,0.0,-1.79835218,0.0,1.624532925199433,1.624532925199433,1.624532925199433,0.0,0.113,0.113,0.113,0.0,-1.29,-1.29,-1.29,0.0,1.4400000000000002,1.1520000000000001,1.1520000000000001,0.0
2026-10-07T19:47:33.958546+00:00,21.940927899908274,1.2499999999999978,hardware,ACTIVE,0,0.14486232791552936,0.0,,0.0,,0.0,,0.0,1.624532925199433,0.0,0.113,0.0,-1.29,0.0,-1.152002285,0.0,1.159887499,0.0,-1.159926402,0.0,1.545295464,0.0,1.1520000000000001,0.0,1.137927328,0.0,-1.137966411,0.0,1.1379687440000001,0.0,-1.79835218,0.0,1.624532925199433,1.624532925199433,1.624532925199433,0.0,0.113,0.113,0.113,0.0,-1.29,-1.29,-1.29,0.0,1.4400000000000002,1.1520000000000001,1.1520000000000001,0.0
2026-10-07T19:47:34.001123+00:00,21.983220299938694,1.2619047619047596,hardware,ACTIVE,0,0.14486232791552936,0.0,,0.0,,0.0,,0.0,1.624532925199433,0.0,0.113,0.0,-1.29,0.0,-1.152002285,0.0,1.159887499,0.0,-1.159926402,0.0,1.545295464,0.0,1.1520000000000001,0.0,1.137927328,0.0,-1.137966411,0.0,1.1379687440000001,0.0,-1.79835218,0.0,1.624532925199433,1.624532925199433,1.624532925199433,0.0,0.113,0.113,0.113,0.0,-1.29,-1.29,-1.29,0.0,1.4400000000000002,1.1520000000000001,1.1520000000000001,0.0
2026-10-07T19:47:34.039135+00:00,22.02203859994188,1.2738095238095215,hardware,ACTIVE,0,0.14486232791552936,0.0,,0.0,,0.0,,0.0,1.624532925199433,0.0,0.113,0.0,-1.29,0.0,-1.152002285,0.0,1.159887499,0.0,-1.159926402,0.0,1.545295464,0.0,1.1520000000000001,0.0,1.137927328,0.0,-1.137966411,0.0,1.1379687440000001,0.0,-1.79835218,0.0,1.624532925199433,1.624532925199433,1.624532925199433,0.0,0.113,0.113,0.113,0.0,-1.29,-1.29,-1.29,0.0,1.4400000000000002,1.1520000000000001,1.1520000000000001,0.0
2026-10-07T19:47:34.078905+00:00,22.06127559999004,1.2857142857142834,hardware,ACTIVE,0,0.14486232791552936,0.0,,0.0,,0.0,,0.0,1.624532925199433,0.0,0.113,0.0,-1.29,0.0,-1.152002285,0.0,1.159887499,0.0,-1.159926402,0.0,1.545295464,0.0,1.1520000000000001,0.0,1.137927328,0.0,-1.137966411,0.0,1.1379687440000001,0.0,-1.79835218,0.0,1.624532925199433,1.624532925199433,1.624532925199433,0.0,0.113,0.113,0.113,0.0,-1.29,-1.29,-1.29,0.0,1.4400000000000002,1.1520000000000001,1.1520000000000001,0.0
2026-10-07T19:47:34.119820+00:00,22.101964799920097,1.2976190476190452,hardware,ACTIVE,0,0.14486232791552936,0.0,,0.0,,0.0,,0.0,1.624532925199433,0.0,0.113,0.0,-1.29,0.0,-1.152002285,0.0,1.159887499,0.0,-1.159926402,0.0,1.545295464,0.0,1.1520000000000001,0.0,1.137927328,0.0,-1.137966411,0.0,1.1379687440000001,0.0,-1.79835218,0.0,1.624532925199433,1.624532925199433,1.624532925199433,0.0,0.113,0.113,0.113,0.0,-1.29,-1.29,-1.29,0.0,1.4400000000000002,1.1520000000000001,1.1520000000000001,0.0
2026-10-07T19:47:34.161833+00:00,22.144196699839085,1.309523809523807,hardware,ACTIVE,0,0.14486232791552936,0.0,,0.0,,0.0,,0.0,1.624532925199433,0.0,0.113,0.0,-1.29,0.0,-1.152002285,0.0,1.159887499,0.0,-1.159926402,0.0,1.545295464,0.0,1.1520000000000001,0.0,1.137927328,0.0,-1.137966411,0.0,1.1379687440000001,0.0,-1.79835218,0.0,1.624532925199433,1.624532925199433,1.624532925199433,0.0,0.113,0.113,0.113,0.0,-1.29,-1.29,-1.29,0.0,1.4400000000000002,1.1520000000000001,1.1520000000000001,0.0
2026-10-07T19:47:34.201552+00:00,22.184542199829593,1.321428571428569,hardware,ACTIVE,0,0.14486232791552936,0.0,,0.0,,0.0,,0.0,1.624532925199433,0.0,0.113,0.0,-1.29,0.0,-1.152002285,0.0,1.159887499,0.0,-1.159926402,0.0,1.545295464,0.0,1.1520000000000001,0.0,1.137927328,0.0,-1.137966411,0.0,1.1379687440000001,0.0,-1.79835218,0.0,1.624532925199433,1.624532925199433,1.624532925199433,0.0,0.113,0.113,0.113,0.0,-1.29,-1.29,-1.29,0.0,1.4400000000000002,1.1520000000000001,1.1520000000000001,0.0
2026-10-07T19:47:34.244560+00:00,22.227118599927053,1.3333333333333308,hardware,ACTIVE,0,0.14486232791552936,0.0,,0.0,,0.0,,0.0,1.624532925199433,0.0,0.113,0.0,-1.29,0.0,-1.152002285,0.0,1.159887499,0.0,-1.159926402,0.0,1.545295464,0.0,1.1520000000000001,0.0,1.137927328,0.0,-1.137966411,0.0,1.1379687440000001,0.0,-1.79835218,0.0,1.624532925199433,1.624532925199433,1.624532925199433,0.0,0.113,0.113,0.113,0.0,-1.29,-1.29,-1.29,0.0,1.4400000000000002,1.1520000000000001,1.1520000000000001,0.0
2026-10-07T19:47:34.285165+00:00,22.267529299948364,1.3452380952380927,hardware,ACTIVE,0,0.14486232791552936,0.0,,0.0,,0.0,,0.0,1.624532925199433,0.0,0.113,0.0,-1.29,0.0,-1.152002285,0.0,1.159887499,0.0,-1.159926402,0.0,1.545295464,0.0,1.1520000000000001,0.0,1.137927328,0.0,-1.137966411,0.0,1.1379687440000001,0.0,-1.79835218,0.0,1.624532925199433,1.624532925199433,1.624532925199433,0.0,0.113,0.113,0.113,0.0,-1.29,-1.29,-1.29,0.0,1.4400000000000002,1.1520000000000001,1.1520000000000001,0.0
2026-10-07T19:47:34.328210+00:00,22.310649199876934,1.3571428571428545,hardware,ACTIVE,0,0.14486232791552936,0.0,,0.0,,0.0,,0.0,1.624532925199433,0.0,0.113,0.0,-1.29,0.0,-1.152002285,0.0,1.159887499,0.0,-1.159926402,0.0,1.545295464,0.0,1.1520000000000001,0.0,1.137927328,0.0,-1.137966411,0.0,1.1379687440000001,0.0,-1.79835218,0.0,1.624532925199433,1.624532925199433,1.624532925199433,0.0,0.113,0.113,0.113,0.0,-1.29,-1.29,-1.29,0.0,1.4400000000000002,1.1520000000000001,1.1520000000000001,0.0
2026-10-07T19:47:34.372284+00:00,22.355006200028583,1.3690476190476164,hardware,ACTIVE,0,0.14486232791552936,0.0,,0.0,,0.0,,0.0,1.624532925199433,0.0,0.113,0.0,-1.29,0.0,-1.152002285,0.0,1.159887499,0.0,-1.159926402,0.0,1.545295464,0.0,1.1520000000000001,0.0,1.137927328,0.0,-1.137966411,0.0,1.1379687440000001,0.0,-1.79835218,0.0,1.624532925199433,1.624532925199433,1.624532925199433,0.0,0.113,0.113,0.113,0.0,-1.29,-1.29,-1.29,0.0,1.4400000000000002,1.1520000000000001,1.1520000000000001,0.0
2026-10-07T19:47:34.414922+00:00,22.39716609986499,1.3809523809523783,hardware,ACTIVE,0,0.14486232791552936,0.0,,0.0,,0.0,,0.0,1.624532925199433,0.0,0.113,0.0,-1.29,0.0,-1.152002285,0.0,1.159887499,0.0,-1.159926402,0.0,1.545295464,0.0,1.1520000000000001,0.0,1.137927328,0.0,-1.137966411,0.0,1.1379687440000001,0.0,-1.79835218,0.0,1.624532925199433,1.624532925199433,1.624532925199433,0.0,0.113,0.113,0.113,0.0,-1.29,-1.29,-1.29,0.0,1.4400000000000002,1.1520000000000001,1.1520000000000001,0.0
2026-10-07T19:47:34.456021+00:00,22.438155399868265,1.3928571428571401,hardware,ACTIVE,0,0.14486232791552936,0.0,,0.0,,0.0,,0.0,1.624532925199433,0.0,0.113,0.0,-1.29,0.0,-1.152002285,0.0,1.159887499,0.0,-1.159926402,0.0,1.545295464,0.0,1.1520000000000001,0.0,1.137927328,0.0,-1.137966411,0.0,1.1379687440000001,0.0,-1.79835218,0.0,1.624532925199433,1.624532925199433,1.624532925199433,0.0,0.113,0.113,0.113,0.0,-1.29,-1.29,-1.29,0.0,1.4400000000000002,1.1520000000000001,1.1520000000000001,0.0
2026-10-07T19:47:34.497609+00:00,22.479914899915457,1.404761904761902,hardware,ACTIVE,0,0.14486232791552936,0.0,,0.0,,0.0,,0.0,1.624532925199433,0.0,0.113,0.0,-1.29,0.0,-1.152002285,0.0,1.159887499,0.0,-1.159926402,0.0,1.545295464,0.0,1.1520000000000001,0.0,1.137927328,0.0,-1.137966411,0.0,1.1379687440000001,0.0,-1.79835218,0.0,1.624532925199433,1.624532925199433,1.624532925199433,0.0,0.113,0.113,0.113,0.0,-1.29,-1.29,-1.29,0.0,1.4400000000000002,1.1520000000000001,1.1520000000000001,0.0
2026-10-07T19:47:34.537597+00:00,22.520510599948466,1.4166666666666639,hardware,ACTIVE,0,0.14486232791552936,0.0,,0.0,,0.0,,0.0,1.624532925199433,0.0,0.113,0.0,-1.29,0.0,-1.152002285,0.0,1.159887499,0.0,-1.159926402,0.0,1.545295464,0.0,1.1520000000000001,0.0,1.137927328,0.0,-1.137966411,0.0,1.1379687440000001,0.0,-1.79835218,0.0,1.624532925199433,1.624532925199433,1.624532925199433,0.0,0.113,0.113,0.113,0.0,-1.29,-1.29,-1.29,0.0,1.4400000000000002,1.1520000000000001,1.1520000000000001,0.0
2026-10-07T19:47:34.578229+00:00,22.56049709999934,1.4285714285714257,hardware,ACTIVE,0,0.14486232791552936,0.0,,0.0,,0.0,,0.0,1.624532925199433,0.0,0.113,0.0,-1.29,0.0,-1.152002285,0.0,1.159887499,0.0,-1.159926402,0.0,1.545295464,0.0,1.1520000000000001,0.0,1.137927328,0.0,-1.137966411,0.0,1.1379687440000001,0.0,-1.79835218,0.0,1.624532925199433,1.624532925199433,1.624532925199433,0.0,0.113,0.113,0.113,0.0,-1.29,-1.29,-1.29,0.0,1.4400000000000002,1.1520000000000001,1.1520000000000001,0.0
2026-10-07T19:47:34.621260+00:00,22.604248099960387,1.4404761904761876,hardware,ACTIVE,0,0.14486232791552936,0.0,,0.0,,0.0,,0.0,1.624532925199433,0.0,0.113,0.0,-1.29,0.0,-1.152002285,0.0,1.159887499,0.0,-1.159926402,0.0,1.545295464,0.0,1.1520000000000001,0.0,1.137927328,0.0,-1.137966411,0.0,1.1379687440000001,0.0,-1.79835218,0.0,1.624532925199433,1.624532925199433,1.624532925199433,0.0,0.113,0.113,0.113,0.0,-1.29,-1.29,-1.29,0.0,1.4400000000000002,1.1520000000000001,1.1520000000000001,0.0
2026-10-07T19:47:34.665368+00:00,22.647859999909997,1.4523809523809494,hardware,ACTIVE,0,0.14486232791552936,0.0,,0.0,,0.0,,0.0,1.624532925199433,0.0,0.113,0.0,-1.29,0.0,-1.152002285,0.0,1.159887499,0.0,-1.159926402,0.0,1.545295464,0.0,1.1520000000000001,0.0,1.137927328,0.0,-1.137966411,0.0,1.1379687440000001,0.0,-1.79835218,0.0,1.624532925199433,1.624532925199433,1.624532925199433,0.0,0.113,0.113,0.113,0.0,-1.29,-1.29,-1.29,0.0,1.4400000000000002,1.1520000000000001,1.1520000000000001,0.0
2026-10-07T19:47:34.703022+00:00,22.685902199940756,1.4642857142857113,hardware,ACTIVE,0,0.14486232791552936,0.0,,0.0,,0.0,,0.0,1.624532925199433,0.0,0.113,0.0,-1.29,0.0,-1.152002285,0.0,1.159887499,0.0,-1.159926402,0.0,1.545295464,0.0,1.1520000000000001,0.0,1.137927328,0.0,-1.137966411,0.0,1.1379687440000001,0.0,-1.79835218,0.0,1.624532925199433,1.624532925199433,1.624532925199433,0.0,0.113,0.113,0.113,0.0,-1.29,-1.29,-1.29,0.0,1.4400000000000002,1.1520000000000001,1.1520000000000001,0.0
2026-10-07T19:47:34.736018+00:00,22.71875509992242,1.4761904761904732,hardware,ACTIVE,0,0.14486232791552936,0.0,,0.0,,0.0,,0.0,1.624532925199433,0.0,0.113,0.0,-1.29,0.0,-1.152002285,0.0,1.159887499,0.0,-1.159926402,0.0,1.545295464,0.0,1.1520000000000001,0.0,1.137927328,0.0,-1.137966411,0.0,1.1379687440000001,0.0,-1.79835218,0.0,1.624532925199433,1.624532925199433,1.624532925199433,0.0,0.113,0.113,0.113,0.0,-1.29,-1.29,-1.29,0.0,1.4400000000000002,1.1520000000000001,1.1520000000000001,0.0
2026-10-07T19:47:34.768927+00:00,22.751807200023904,1.488095238095235,hardware,ACTIVE,0,0.14486232791552936,0.0,,0.0,,0.0,,0.0,1.624532925199433,0.0,0.113,0.0,-1.29,0.0,-1.152002285,0.0,1.159887499,0.0,-1.159926402,0.0,1.545295464,0.0,1.1520000000000001,0.0,1.137927328,0.0,-1.137966411,0.0,1.1379687440000001,0.0,-1.79835218,0.0,1.624532925199433,1.624532925199433,1.624532925199433,0.0,0.113,0.113,0.113,0.0,-1.29,-1.29,-1.29,0.0,1.4400000000000002,1.1520000000000001,1.1520000000000001,0.0
2026-10-07T19:47:34.805642+00:00,22.788400699850172,1.499999999999997,hardware,ACTIVE,0,0.14486232791552936,0.0,,0.0,,0.0,,0.0,1.624532925199433,0.0,0.113,0.0,-1.29,0.0,-1.152002285,0.0,1.159887499,0.0,-1.159926402,0.0,1.545295464,0.0,1.1520000000000001,0.0,1.137927328,0.0,-1.137966411,0.0,1.1379687440000001,0.0,-1.79835218,0.0,1.624532925199433,1.624532925199433,1.624532925199433,0.0,0.113,0.113,0.113,0.0,-1.29,-1.29,-1.29,0.0,1.4400000000000002,1.1520000000000001,1.1520000000000001,0.0
2026-10-07T19:47:34.839642+00:00,22.82234840001911,1.5119047619047588,hardware,ACTIVE,0,0.14486232791552936,0.0,,0.0,,0.0,,0.0,1.624532925199433,0.0,0.113,0.0,-1.29,0.0,-1.152002285,0.0,1.159887499,0.0,-1.159926402,0.0,1.545295464,0.0,1.1520000000000001,0.0,1.137927328,0.0,-1.137966411,0.0,1.1379687440000001,0.0,-1.79835218,0.0,1.624532925199433,1.624532925199433,1.624532925199433,0.0,0.113,0.113,0.113,0.0,-1.29,-1.29,-1.29,0.0,1.4400000000000002,1.1520000000000001,1.1520000000000001,0.0
2026-10-07T19:47:34.872648+00:00,22.85535899992101,1.5238095238095206,hardware,ACTIVE,0,0.14486232791552936,0.0,,0.0,,0.0,,0.0,1.624532925199433,0.0,0.113,0.0,-1.29,0.0,-1.152002285,0.0,1.159887499,0.0,-1.159926402,0.0,1.545295464,0.0,1.1520000000000001,0.0,1.137927328,0.0,-1.137966411,0.0,1.1379687440000001,0.0,-1.79835218,0.0,1.624532925199433,1.624532925199433,1.624532925199433,0.0,0.113,0.113,0.113,0.0,-1.29,-1.29,-1.29,0.0,1.4400000000000002,1.1520000000000001,1.1520000000000001,0.0
2026-10-07T19:47:34.906197+00:00,22.888486299896613,1.5357142857142825,hardware,ACTIVE,0,0.14486232791552936,0.0,,0.0,,0.0,,0.0,1.624532925199433,0.0,0.113,0.0,-1.29,0.0,-1.152002285,0.0,1.159887499,0.0,-1.159926402,0.0,1.545295464,0.0,1.1520000000000001,0.0,1.137927328,0.0,-1.137966411,0.0,1.1379687440000001,0.0,-1.79835218,0.0,1.624532925199433,1.624532925199433,1.624532925199433,0.0,0.113,0.113,0.113,0.0,-1.29,-1.29,-1.29,0.0,1.4400000000000002,1.1520000000000001,1.1520000000000001,0.0
2026-10-07T19:47:34.940194+00:00,22.92293019988574,1.5476190476190443,hardware,ACTIVE,0,0.14486232791552936,0.0,,0.0,,0.0,,0.0,1.624532925199433,0.0,0.113,0.0,-1.29,0.0,-1.152002285,0.0,1.159887499,0.0,-1.159926402,0.0,1.545295464,0.0,1.1520000000000001,0.0,1.137927328,0.0,-1.137966411,0.0,1.1379687440000001,0.0,-1.79835218,0.0,1.624532925199433,1.624532925199433,1.624532925199433,0.0,0.113,0.113,0.113,0.0,-1.29,-1.29,-1.29,0.0,1.4400000000000002,1.1520000000000001,1.1520000000000001,0.0
2026-10-07T19:47:34.974175+00:00,22.956947299884632,1.5595238095238062,hardware,ACTIVE,0,0.14486232791552936,0.0,,0.0,,0.0,,0.0,1.624532925199433,0.0,0.113,0.0,-1.29,0.0,-1.152002285,0.0,1.159887499,0.0,-1.159926402,0.0,1.545295464,0.0,1.1520000000000001,0.0,1.137927328,0.0,-1.137966411,0.0,1.1379687440000001,0.0,-1.79835218,0.0,1.624532925199433,1.624532925199433,1.624532925199433,0.0,0.113,0.113,0.113,0.0,-1.29,-1.29,-1.29,0.0,1.4400000000000002,1.1520000000000001,1.1520000000000001,0.0
2026-10-07T19:47:35.006698+00:00,22.9896970000118,1.571428571428568,hardware,ACTIVE,0,0.14486232791552936,0.0,,0.0,,0.0,,0.0,1.624532925199433,0.0,0.113,0.0,-1.29,0.0,-1.152002285,0.0,1.159887499,0.0,-1.159926402,0.0,1.545295464,0.0,1.1520000000000001,0.0,1.137927328,0.0,-1.137966411,0.0,1.1379687440000001,0.0,-1.79835218,0.0,1.624532925199433,1.624532925199433,1.624532925199433,0.0,0.113,0.113,0.113,0.0,-1.29,-1.29,-1.29,0.0,1.4400000000000002,1.1520000000000001,1.1520000000000001,0.0
2026-10-07T19:47:35.040698+00:00,23.022899499861524,1.58333333333333,hardware,ACTIVE,0,0.14486232791552936,0.0,,0.0,,0.0,,0.0,1.624532925199433,0.0,0.113,0.0,-1.29,0.0,-1.152002285,0.0,1.159887499,0.0,-1.159926402,0.0,1.545295464,0.0,1.1520000000000001,0.0,1.137927328,0.0,-1.137966411,0.0,1.1379687440000001,0.0,-1.79835218,0.0,1.624532925199433,1.624532925199433,1.624532925199433,0.0,0.113,0.113,0.113,0.0,-1.29,-1.29,-1.29,0.0,1.4400000000000002,1.1520000000000001,1.1520000000000001,0.0
2026-10-07T19:47:35.072709+00:00,23.055183499818668,1.5952380952380918,hardware,ACTIVE,0,0.14486232791552936,0.0,,0.0,,0.0,,0.0,1.624532925199433,0.0,0.113,0.0,-1.29,0.0,-1.152002285,0.0,1.159887499,0.0,-1.159926402,0.0,1.545295464,0.0,1.1520000000000001,0.0,1.137927328,0.0,-1.137966411,0.0,1.1379687440000001,0.0,-1.79835218,0.0,1.624532925199433,1.624532925199433,1.624532925199433,0.0,0.113,0.113,0.113,0.0,-1.29,-1.29,-1.29,0.0,1.4400000000000002,1.1520000000000001,1.1520000000000001,0.0
2026-10-07T19:47:35.105303+00:00,23.088314299937338,1.6071428571428537,hardware,ACTIVE,0,0.14486232791552936,0.0,,0.0,,0.0,,0.0,1.624532925199433,0.0,0.113,0.0,-1.29,0.0,-1.152002285,0.0,1.159887499,0.0,-1.159926402,0.0,1.545295464,0.0,1.1520000000000001,0.0,1.137927328,0.0,-1.137966411,0.0,1.1379687440000001,0.0,-1.79835218,0.0,1.624532925199433,1.624532925199433,1.624532925199433,0.0,0.113,0.113,0.113,0.0,-1.29,-1.29,-1.29,0.0,1.4400000000000002,1.1520000000000001,1.1520000000000001,0.0
2026-10-07T19:47:35.138295+00:00,23.121450499864295,1.6190476190476155,hardware,ACTIVE,0,0.14486232791552936,0.0,,0.0,,0.0,,0.0,1.624532925199433,0.0,0.113,0.0,-1.29,0.0,-1.152002285,0.0,1.159887499,0.0,-1.159926402,0.0,1.545295464,0.0,1.1520000000000001,0.0,1.137927328,0.0,-1.137966411,0.0,1.1379687440000001,0.0,-1.79835218,0.0,1.624532925199433,1.624532925199433,1.624532925199433,0.0,0.113,0.113,0.113,0.0,-1.29,-1.29,-1.29,0.0,1.4400000000000002,1.1520000000000001,1.1520000000000001,0.0
2026-10-07T19:47:35.172291+00:00,23.154416600009426,1.6309523809523774,hardware,ACTIVE,0,0.14486232791552936,0.0,,0.0,,0.0,,0.0,1.624532925199433,0.0,0.113,0.0,-1.29,0.0,-1.152002285,0.0,1.159887499,0.0,-1.159926402,0.0,1.545295464,0.0,1.1520000000000001,0.0,1.137927328,0.0,-1.137966411,0.0,1.1379687440000001,0.0,-1.79835218,0.0,1.624532925199433,1.624532925199433,1.624532925199433,0.0,0.113,0.113,0.113,0.0,-1.29,-1.29,-1.29,0.0,1.4400000000000002,1.1520000000000001,1.1520000000000001,0.0
2026-10-07T19:47:35.204823+00:00,23.18732629995793,1.6428571428571392,hardware,ACTIVE,0,0.14486232791552936,0.0,,0.0,,0.0,,0.0,1.624532925199433,0.0,0.113,0.0,-1.29,0.0,-1.152002285,0.0,1.159887499,0.0,-1.159926402,0.0,1.545295464,0.0,1.1520000000000001,0.0,1.137927328,0.0,-1.137966411,0.0,1.1379687440000001,0.0,-1.79835218,0.0,1.624532925199433,1.624532925199433,1.624532925199433,0.0,0.113,0.113,0.113,0.0,-1.29,-1.29,-1.29,0.0,1.4400000000000002,1.1520000000000001,1.1520000000000001,0.0
2026-10-07T19:47:35.239823+00:00,23.222639200044796,1.654761904761901,hardware,ACTIVE,0,0.14486232791552936,0.0,,0.0,,0.0,,0.0,1.624532925199433,0.0,0.113,0.0,-1.29,0.0,-1.152002285,0.0,1.159887499,0.0,-1.159926402,0.0,1.545295464,0.0,1.1520000000000001,0.0,1.137927328,0.0,-1.137966411,0.0,1.1379687440000001,0.0,-1.79835218,0.0,1.624532925199433,1.624532925199433,1.624532925199433,0.0,0.113,0.113,0.113,0.0,-1.29,-1.29,-1.29,0.0,1.4400000000000002,1.1520000000000001,1.1520000000000001,0.0
2026-10-07T19:47:35.273829+00:00,23.256424499908462,1.666666666666663,hardware,ACTIVE,0,0.14486232791552936,0.0,,0.0,,0.0,,0.0,1.624532925199433,0.0,0.113,0.0,-1.29,0.0,-1.152002285,0.0,1.159887499,0.0,-1.159926402,0.0,1.545295464,0.0,1.1520000000000001,0.0,1.137927328,0.0,-1.137966411,0.0,1.1379687440000001,0.0,-1.79835218,0.0,1.624532925199433,1.624532925199433,1.624532925199433,0.0,0.113,0.113,0.113,0.0,-1.29,-1.29,-1.29,0.0,1.4400000000000002,1.1520000000000001,1.1520000000000001,0.0
2026-10-07T19:47:35.307346+00:00,23.29014980001375,1.6785714285714248,hardware,ACTIVE,0,0.14486232791552936,0.0,,0.0,,0.0,,0.0,1.624532925199433,0.0,0.113,0.0,-1.29,0.0,-1.152002285,0.0,1.159887499,0.0,-1.159926402,0.0,1.545295464,0.0,1.1520000000000001,0.0,1.137927328,0.0,-1.137966411,0.0,1.1379687440000001,0.0,-1.79835218,0.0,1.624532925199433,1.624532925199433,1.624532925199433,0.0,0.113,0.113,0.113,0.0,-1.29,-1.29,-1.29,0.0,1.4400000000000002,1.1520000000000001,1.1520000000000001,0.0
2026-10-07T19:47:35.360345+00:00,23.342756300000474,1.6904761904761867,hardware,ACTIVE,0,0.14486232791552936,0.0,,0.0,,0.0,,0.0,1.624532925199433,0.0,0.113,0.0,-1.29,0.0,-1.152002285,0.0,1.159887499,0.0,-1.159926402,0.0,1.545295464,0.0,1.1520000000000001,0.0,1.137927328,0.0,-1.137966411,0.0,1.1379687440000001,0.0,-1.79835218,0.0,1.624532925199433,1.624532925199433,1.624532925199433,0.0,0.113,0.113,0.113,0.0,-1.29,-1.29,-1.29,0.0,1.4400000000000002,1.1520000000000001,1.1520000000000001,0.0
2026-10-07T19:47:35.413881+00:00,23.39607429993339,1.7023809523809486,hardware,ACTIVE,0,0.14486232791552936,0.0,,0.0,,0.0,,0.0,1.624532925199433,0.0,0.113,0.0,-1.29,0.0,-1.152002285,0.0,1.159887499,0.0,-1.159926402,0.0,1.545295464,0.0,1.1520000000000001,0.0,1.137927328,0.0,-1.137966411,0.0,1.1379687440000001,0.0,-1.79835218,0.0,1.624532925199433,1.624532925199433,1.624532925199433,0.0,0.113,0.113,0.113,0.0,-1.29,-1.29,-1.29,0.0,1.4400000000000002,1.1520000000000001,1.1520000000000001,0.0
2026-10-07T19:47:35.466891+00:00,23.44921059999615,1.7142857142857104,hardware,ACTIVE,0,0.14486232791552936,0.0,,0.0,,0.0,,0.0,1.624532925199433,0.0,0.113,0.0,-1.29,0.0,-1.152002285,0.0,1.159887499,0.0,-1.159926402,0.0,1.545295464,0.0,1.1520000000000001,0.0,1.137927328,0.0,-1.137966411,0.0,1.1379687440000001,0.0,-1.79835218,0.0,1.624532925199433,1.624532925199433,1.624532925199433,0.0,0.113,0.113,0.113,0.0,-1.29,-1.29,-1.29,0.0,1.4400000000000002,1.1520000000000001,1.1520000000000001,0.0
2026-10-07T19:47:35.501407+00:00,23.484221799997613,1.7261904761904723,hardware,ACTIVE,0,0.14486232791552936,0.0,,0.0,,0.0,,0.0,1.624532925199433,0.0,0.113,0.0,-1.29,0.0,-1.152002285,0.0,1.159887499,0.0,-1.159926402,0.0,1.545295464,0.0,1.1520000000000001,0.0,1.137927328,0.0,-1.137966411,0.0,1.1379687440000001,0.0,-1.79835218,0.0,1.624532925199433,1.624532925199433,1.624532925199433,0.0,0.113,0.113,0.113,0.0,-1.29,-1.29,-1.29,0.0,1.4400000000000002,1.1520000000000001,1.1520000000000001,0.0
2026-10-07T19:47:35.546410+00:00,23.529304699972272,1.7380952380952341,hardware,ACTIVE,0,0.14486232791552936,0.0,,0.0,,0.0,,0.0,1.624532925199433,0.0,0.113,0.0,-1.29,0.0,-1.152002285,0.0,1.159887499,0.0,-1.159926402,0.0,1.545295464,0.0,1.1520000000000001,0.0,1.137927328,0.0,-1.137966411,0.0,1.1379687440000001,0.0,-1.79835218,0.0,1.624532925199433,1.624532925199433,1.624532925199433,0.0,0.113,0.113,0.113,0.0,-1.29,-1.29,-1.29,0.0,1.4400000000000002,1.1520000000000001,1.1520000000000001,0.0
2026-10-07T19:47:35.595022+00:00,23.577872899826616,1.749999999999996,hardware,ACTIVE,0,0.14486232791552936,0.0,,0.0,,0.0,,0.0,1.624532925199433,0.0,0.113,0.0,-1.29,0.0,-1.152002285,0.0,1.159887499,0.0,-1.159926402,0.0,1.545295464,0.0,1.1520000000000001,0.0,1.137927328,0.0,-1.137966411,0.0,1.1379687440000001,0.0,-1.79835218,0.0,1.624532925199433,1.624532925199433,1.624532925199433,0.0,0.113,0.113,0.113,0.0,-1.29,-1.29,-1.29,0.0,1.4400000000000002,1.1520000000000001,1.1520000000000001,0.0
2026-10-07T19:47:35.639006+00:00,23.622015699977055,1.7619047619047579,hardware,ACTIVE,0,0.14486232791552936,0.0,,0.0,,0.0,,0.0,1.624532925199433,0.0,0.113,0.0,-1.29,0.0,-1.152002285,0.0,1.159887499,0.0,-1.159926402,0.0,1.545295464,0.0,1.1520000000000001,0.0,1.137927328,0.0,-1.137966411,0.0,1.1379687440000001,0.0,-1.79835218,0.0,1.624532925199433,1.624532925199433,1.624532925199433,0.0,0.113,0.113,0.113,0.0,-1.29,-1.29,-1.29,0.0,1.4400000000000002,1.1520000000000001,1.1520000000000001,0.0
2026-10-07T19:47:35.683608+00:00,23.666210199939087,1.7738095238095197,hardware,ACTIVE,0,0.14486232791552936,0.0,,0.0,,0.0,,0.0,1.624532925199433,0.0,0.113,0.0,-1.29,0.0,-1.152002285,0.0,1.159887499,0.0,-1.159926402,0.0,1.545295464,0.0,1.1520000000000001,0.0,1.137927328,0.0,-1.137966411,0.0,1.1379687440000001,0.0,-1.79835218,0.0,1.624532925199433,1.624532925199433,1.624532925199433,0.0,0.113,0.113,0.113,0.0,-1.29,-1.29,-1.29,0.0,1.4400000000000002,1.1520000000000001,1.1520000000000001,0.0
2026-10-07T19:47:35.727607+00:00,23.709885699907318,1.7857142857142816,hardware,ACTIVE,0,0.14486232791552936,0.0,,0.0,,0.0,,0.0,1.624532925199433,0.0,0.113,0.0,-1.29,0.0,-1.152002285,0.0,1.159887499,0.0,-1.159926402,0.0,1.545295464,0.0,1.1520000000000001,0.0,1.137927328,0.0,-1.137966411,0.0,1.1379687440000001,0.0,-1.79835218,0.0,1.624532925199433,1.624532925199433,1.624532925199433,0.0,0.113,0.113,0.113,0.0,-1.29,-1.29,-1.29,0.0,1.4400000000000002,1.1520000000000001,1.1520000000000001,0.0
2026-10-07T19:47:35.771662+00:00,23.754040299914777,1.7976190476190435,hardware,ACTIVE,0,0.14486232791552936,0.0,,0.0,,0.0,,0.0,1.624532925199433,0.0,0.113,0.0,-1.29,0.0,-1.152002285,0.0,1.159887499,0.0,-1.159926402,0.0,1.545295464,0.0,1.1520000000000001,0.0,1.137927328,0.0,-1.137966411,0.0,1.1379687440000001,0.0,-1.79835218,0.0,1.624532925199433,1.624532925199433,1.624532925199433,0.0,0.113,0.113,0.113,0.0,-1.29,-1.29,-1.29,0.0,1.4400000000000002,1.1520000000000001,1.1520000000000001,0.0
2026-10-07T19:47:35.803195+00:00,23.785917999921367,1.8095238095238053,hardware,ACTIVE,0,0.14486232791552936,0.0,,0.0,,0.0,,0.0,1.624532925199433,0.0,0.113,0.0,-1.29,0.0,-1.152002285,0.0,1.159887499,0.0,-1.159926402,0.0,1.545295464,0.0,1.1520000000000001,0.0,1.137927328,0.0,-1.137966411,0.0,1.1379687440000001,0.0,-1.79835218,0.0,1.624532925199433,1.624532925199433,1.624532925199433,0.0,0.113,0.113,0.113,0.0,-1.29,-1.29,-1.29,0.0,1.4400000000000002,1.1520000000000001,1.1520000000000001,0.0
2026-10-07T19:47:35.835184+00:00,23.81811959994957,1.8214285714285672,hardware,ACTIVE,0,0.14486232791552936,0.0,,0.0,,0.0,,0.0,1.624532925199433,0.0,0.113,0.0,-1.29,0.0,-1.152002285,0.0,1.159887499,0.0,-1.159926402,0.0,1.545295464,0.0,1.1520000000000001,0.0,1.137927328,0.0,-1.137966411,0.0,1.1379687440000001,0.0,-1.79835218,0.0,1.624532925199433,1.624532925199433,1.624532925199433,0.0,0.113,0.113,0.113,0.0,-1.29,-1.29,-1.29,0.0,1.4400000000000002,1.1520000000000001,1.1520000000000001,0.0
2026-10-07T19:47:35.874350+00:00,23.85656280000694,1.833333333333329,hardware,ACTIVE,0,0.14486232791552936,0.0,,0.0,,0.0,,0.0,1.624532925199433,0.0,0.113,0.0,-1.29,0.0,-1.152002285,0.0,1.159887499,0.0,-1.159926402,0.0,1.545295464,0.0,1.1520000000000001,0.0,1.137927328,0.0,-1.137966411,0.0,1.1379687440000001,0.0,-1.79835218,0.0,1.624532925199433,1.624532925199433,1.624532925199433,0.0,0.113,0.113,0.113,0.0,-1.29,-1.29,-1.29,0.0,1.4400000000000002,1.1520000000000001,1.1520000000000001,0.0
2026-10-07T19:47:35.906813+00:00,23.88935919990763,1.845238095238091,hardware,ACTIVE,0,0.14486232791552936,0.0,,0.0,,0.0,,0.0,1.624532925199433,0.0,0.113,0.0,-1.29,0.0,-1.152002285,0.0,1.159887499,0.0,-1.159926402,0.0,1.545295464,0.0,1.1520000000000001,0.0,1.137927328,0.0,-1.137966411,0.0,1.1379687440000001,0.0,-1.79835218,0.0,1.624532925199433,1.624532925199433,1.624532925199433,0.0,0.113,0.113,0.113,0.0,-1.29,-1.29,-1.29,0.0,1.4400000000000002,1.1520000000000001,1.1520000000000001,0.0
2026-10-07T19:47:35.938838+00:00,23.92190259997733,1.8571428571428528,hardware,ACTIVE,0,0.14486232791552936,0.0,,0.0,,0.0,,0.0,1.624532925199433,0.0,0.113,0.0,-1.29,0.0,-1.152002285,0.0,1.159887499,0.0,-1.159926402,0.0,1.545295464,0.0,1.1520000000000001,0.0,1.137927328,0.0,-1.137966411,0.0,1.1379687440000001,0.0,-1.79835218,0.0,1.624532925199433,1.624532925199433,1.624532925199433,0.0,0.113,0.113,0.113,0.0,-1.29,-1.29,-1.29,0.0,1.4400000000000002,1.1520000000000001,1.1520000000000001,0.0
2026-10-07T19:47:35.972820+00:00,23.9558723999653,1.8690476190476146,hardware,ACTIVE,0,0.14486232791552936,0.0,,0.0,,0.0,,0.0,1.624532925199433,0.0,0.113,0.0,-1.29,0.0,-1.152002285,0.0,1.159887499,0.0,-1.159926402,0.0,1.545295464,0.0,1.1520000000000001,0.0,1.137927328,0.0,-1.137966411,0.0,1.1379687440000001,0.0,-1.79835218,0.0,1.624532925199433,1.624532925199433,1.624532925199433,0.0,0.113,0.113,0.113,0.0,-1.29,-1.29,-1.29,0.0,1.4400000000000002,1.1520000000000001,1.1520000000000001,0.0
2026-10-07T19:47:36.010398+00:00,23.99319179984741,1.8809523809523765,hardware,ACTIVE,0,0.14486232791552936,0.0,,0.0,,0.0,,0.0,1.624532925199433,0.0,0.113,0.0,-1.29,0.0,-1.152002285,0.0,1.159887499,0.0,-1.159926402,0.0,1.545295464,0.0,1.1520000000000001,0.0,1.137927328,0.0,-1.137966411,0.0,1.1379687440000001,0.0,-1.79835218,0.0,1.624532925199433,1.624532925199433,1.624532925199433,0.0,0.113,0.113,0.113,0.0,-1.29,-1.29,-1.29,0.0,1.4400000000000002,1.1520000000000001,1.1520000000000001,0.0
2026-10-07T19:47:36.051400+00:00,24.033706799848005,1.8928571428571384,hardware,ACTIVE,0,0.14486232791552936,0.0,,0.0,,0.0,,0.0,1.624532925199433,0.0,0.113,0.0,-1.29,0.0,-1.152002285,0.0,1.159887499,0.0,-1.159926402,0.0,1.545295464,0.0,1.1520000000000001,0.0,1.137927328,0.0,-1.137966411,0.0,1.1379687440000001,0.0,-1.79835218,0.0,1.624532925199433,1.624532925199433,1.624532925199433,0.0,0.113,0.113,0.113,0.0,-1.29,-1.29,-1.29,0.0,1.4400000000000002,1.1520000000000001,1.1520000000000001,0.0
2026-10-07T19:47:36.085164+00:00,24.06727569992654,1.9047619047619002,hardware,ACTIVE,0,0.14486232791552936,0.0,,0.0,,0.0,,0.0,1.624532925199433,0.0,0.113,0.0,-1.29,0.0,-1.152002285,0.0,1.159887499,0.0,-1.159926402,0.0,1.545295464,0.0,1.1520000000000001,0.0,1.137927328,0.0,-1.137966411,0.0,1.1379687440000001,0.0,-1.79835218,0.0,1.624532925199433,1.624532925199433,1.624532925199433,0.0,0.113,0.113,0.113,0.0,-1.29,-1.29,-1.29,0.0,1.4400000000000002,1.1520000000000001,1.1520000000000001,0.0
2026-10-07T19:47:36.117063+00:00,24.099780000047758,1.916666666666662,hardware,ACTIVE,0,0.14486232791552936,0.0,,0.0,,0.0,,0.0,1.624532925199433,0.0,0.113,0.0,-1.29,0.0,-1.152002285,0.0,1.159887499,0.0,-1.159926402,0.0,1.545295464,0.0,1.1520000000000001,0.0,1.137927328,0.0,-1.137966411,0.0,1.1379687440000001,0.0,-1.79835218,0.0,1.624532925199433,1.624532925199433,1.624532925199433,0.0,0.113,0.113,0.113,0.0,-1.29,-1.29,-1.29,0.0,1.4400000000000002,1.1520000000000001,1.1520000000000001,0.0
2026-10-07T19:47:36.150063+00:00,24.132224699947983,1.928571428571424,hardware,ACTIVE,0,0.14486232791552936,0.0,,0.0,,0.0,,0.0,1.624532925199433,0.0,0.113,0.0,-1.29,0.0,-1.152002285,0.0,1.159887499,0.0,-1.159926402,0.0,1.545295464,0.0,1.1520000000000001,0.0,1.137927328,0.0,-1.137966411,0.0,1.1379687440000001,0.0,-1.79835218,0.0,1.624532925199433,1.624532925199433,1.624532925199433,0.0,0.113,0.113,0.113,0.0,-1.29,-1.29,-1.29,0.0,1.4400000000000002,1.1520000000000001,1.1520000000000001,0.0
2026-10-07T19:47:36.183583+00:00,24.166233299998567,1.9404761904761858,hardware,ACTIVE,0,0.14486232791552936,0.0,,0.0,,0.0,,0.0,1.624532925199433,0.0,0.113,0.0,-1.29,0.0,-1.152002285,0.0,1.159887499,0.0,-1.159926402,0.0,1.545295464,0.0,1.1520000000000001,0.0,1.137927328,0.0,-1.137966411,0.0,1.1379687440000001,0.0,-1.79835218,0.0,1.624532925199433,1.624532925199433,1.624532925199433,0.0,0.113,0.113,0.113,0.0,-1.29,-1.29,-1.29,0.0,1.4400000000000002,1.1520000000000001,1.1520000000000001,0.0
2026-10-07T19:47:36.218583+00:00,24.200834200019017,1.9523809523809477,hardware,ACTIVE,0,0.14486232791552936,0.0,,0.0,,0.0,,0.0,1.624532925199433,0.0,0.113,0.0,-1.29,0.0,-1.152002285,0.0,1.159887499,0.0,-1.159926402,0.0,1.545295464,0.0,1.1520000000000001,0.0,1.137927328,0.0,-1.137966411,0.0,1.1379687440000001,0.0,-1.79835218,0.0,1.624532925199433,1.624532925199433,1.624532925199433,0.0,0.113,0.113,0.113,0.0,-1.29,-1.29,-1.29,0.0,1.4400000000000002,1.1520000000000001,1.1520000000000001,0.0
2026-10-07T19:47:36.250583+00:00,24.23324119998142,1.9642857142857095,hardware,ACTIVE,0,0.14486232791552936,0.0,,0.0,,0.0,,0.0,1.624532925199433,0.0,0.113,0.0,-1.29,0.0,-1.152002285,0.0,1.159887499,0.0,-1.159926402,0.0,1.545295464,0.0,1.1520000000000001,0.0,1.137927328,0.0,-1.137966411,0.0,1.1379687440000001,0.0,-1.79835218,0.0,1.624532925199433,1.624532925199433,1.624532925199433,0.0,0.113,0.113,0.113,0.0,-1.29,-1.29,-1.29,0.0,1.4400000000000002,1.1520000000000001,1.1520000000000001,0.0
2026-10-07T19:47:36.285107+00:00,24.267619000049308,1.9761904761904714,hardware,ACTIVE,0,0.14486232791552936,0.0,,0.0,,0.0,,0.0,1.624532925199433,0.0,0.113,0.0,-1.29,0.0,-1.152002285,0.0,1.159887499,0.0,-1.159926402,0.0,1.545295464,0.0,1.1520000000000001,0.0,1.137927328,0.0,-1.137966411,0.0,1.1379687440000001,0.0,-1.79835218,0.0,1.624532925199433,1.624532925199433,1.624532925199433,0.0,0.113,0.113,0.113,0.0,-1.29,-1.29,-1.29,0.0,1.4400000000000002,1.1520000000000001,1.1520000000000001,0.0
2026-10-07T19:47:36.319125+00:00,24.301755300024524,1.9880952380952333,hardware,ACTIVE,0,0.14486232791552936,0.0,,0.0,,0.0,,0.0,1.624532925199433,0.0,0.113,0.0,-1.29,0.0,-1.152002285,0.0,1.159887499,0.0,-1.159926402,0.0,1.545295464,0.0,1.1520000000000001,0.0,1.137927328,0.0,-1.137966411,0.0,1.1379687440000001,0.0,-1.79835218,0.0,1.624532925199433,1.624532925199433,1.624532925199433,0.0,0.113,0.113,0.113,0.0,-1.29,-1.29,-1.29,0.0,1.4400000000000002,1.1520000000000001,1.1520000000000001,0.0
2026-10-07T19:47:36.354125+00:00,24.336835199967027,1.9999999999999951,hardware,ACTIVE,0,0.14486232791552936,0.0,,0.0,,0.0,,0.0,1.624532925199433,0.0,0.113,0.0,-1.29,0.0,-1.152002285,0.0,1.159887499,0.0,-1.159926402,0.0,1.545295464,0.0,1.1520000000000001,0.0,1.137927328,0.0,-1.137966411,0.0,1.1379687440000001,0.0,-1.79835218,0.0,1.624532925199433,1.624532925199433,1.624532925199433,0.0,0.113,0.113,0.113,0.0,-1.29,-1.29,-1.29,0.0,1.4400000000000002,1.1520000000000001,1.1520000000000001,0.0
2026-10-07T19:47:36.386884+00:00,24.36956029990688,2.011904761904757,hardware,ACTIVE,0,0.14486232791552936,0.0,,0.0,,0.0,,0.0,1.624532925199433,0.0,0.113,0.0,-1.29,0.0,-1.152002285,0.0,1.159887499,0.0,-1.159926402,0.0,1.545295464,0.0,1.1520000000000001,0.0,1.137927328,0.0,-1.137966411,0.0,1.1379687440000001,0.0,-1.79835218,0.0,1.624532925199433,1.624532925199433,1.624532925199433,0.0,0.113,0.113,0.113,0.0,-1.29,-1.29,-1.29,0.0,1.4400000000000002,1.1520000000000001,1.1520000000000001,0.0
2026-10-07T19:47:36.419972+00:00,24.40208030003123,2.023809523809519,hardware,ACTIVE,0,0.14486232791552936,0.0,,0.0,,0.0,,0.0,1.624532925199433,0.0,0.113,0.0,-1.29,0.0,-1.152002285,0.0,1.159887499,0.0,-1.159926402,0.0,1.545295464,0.0,1.1520000000000001,0.0,1.137927328,0.0,-1.137966411,0.0,1.1379687440000001,0.0,-1.79835218,0.0,1.624532925199433,1.624532925199433,1.624532925199433,0.0,0.113,0.113,0.113,0.0,-1.29,-1.29,-1.29,0.0,1.4400000000000002,1.1520000000000001,1.1520000000000001,0.0
2026-10-07T19:47:36.451874+00:00,24.434945199871436,2.0357142857142807,hardware,ACTIVE,0,0.14486232791552936,0.0,,0.0,,0.0,,0.0,1.624532925199433,0.0,0.113,0.0,-1.29,0.0,-1.152002285,0.0,1.159887499,0.0,-1.159926402,0.0,1.545295464,0.0,1.1520000000000001,0.0,1.137927328,0.0,-1.137966411,0.0,1.1379687440000001,0.0,-1.79835218,0.0,1.624532925199433,1.624532925199433,1.624532925199433,0.0,0.113,0.113,0.113,0.0,-1.29,-1.29,-1.29,0.0,1.4400000000000002,1.1520000000000001,1.1520000000000001,0.0
2026-10-07T19:47:36.486404+00:00,24.469413199927658,2.0476190476190426,hardware,ACTIVE,0,0.14486232791552936,0.0,,0.0,,0.0,,0.0,1.624532925199433,0.0,0.113,0.0,-1.29,0.0,-1.152002285,0.0,1.159887499,0.0,-1.159926402,0.0,1.545295464,0.0,1.1520000000000001,0.0,1.137927328,0.0,-1.137966411,0.0,1.1379687440000001,0.0,-1.79835218,0.0,1.624532925199433,1.624532925199433,1.624532925199433,0.0,0.113,0.113,0.113,0.0,-1.29,-1.29,-1.29,0.0,1.4400000000000002,1.1520000000000001,1.1520000000000001,0.0
2026-10-07T19:47:36.523403+00:00,24.50573049997911,2.0595238095238044,hardware,ACTIVE,0,0.14486232791552936,0.0,,0.0,,0.0,,0.0,1.624532925199433,0.0,0.113,0.0,-1.29,0.0,-1.152002285,0.0,1.159887499,0.0,-1.159926402,0.0,1.545295464,0.0,1.1520000000000001,0.0,1.137927328,0.0,-1.137966411,0.0,1.1379687440000001,0.0,-1.79835218,0.0,1.624532925199433,1.624532925199433,1.624532925199433,0.0,0.113,0.113,0.113,0.0,-1.29,-1.29,-1.29,0.0,1.4400000000000002,1.1520000000000001,1.1520000000000001,0.0
2026-10-07T19:47:36.575410+00:00,24.55847859987989,2.0714285714285663,hardware,ACTIVE,0,0.14486232791552936,0.0,,0.0,,0.0,,0.0,1.624532925199433,0.0,0.113,0.0,-1.29,0.0,-1.152002285,0.0,1.159887499,0.0,-1.159926402,0.0,1.545295464,0.0,1.1520000000000001,0.0,1.137927328,0.0,-1.137966411,0.0,1.1379687440000001,0.0,-1.79835218,0.0,1.624532925199433,1.624532925199433,1.624532925199433,0.0,0.113,0.113,0.113,0.0,-1.29,-1.29,-1.29,0.0,1.4400000000000002,1.1520000000000001,1.1520000000000001,0.0
2026-10-07T19:47:36.629928+00:00,24.612342699896544,2.083333333333328,hardware,ACTIVE,0,0.14486232791552936,0.0,,0.0,,0.0,,0.0,1.624532925199433,0.0,0.113,0.0,-1.29,0.0,-1.152002285,0.0,1.159887499,0.0,-1.159926402,0.0,1.545295464,0.0,1.1520000000000001,0.0,1.137927328,0.0,-1.137966411,0.0,1.1379687440000001,0.0,-1.79835218,0.0,1.624532925199433,1.624532925199433,1.624532925199433,0.0,0.113,0.113,0.113,0.0,-1.29,-1.29,-1.29,0.0,1.4400000000000002,1.1520000000000001,1.1520000000000001,0.0
2026-10-07T19:47:36.681440+00:00,24.664430199889466,2.09523809523809,hardware,ACTIVE,0,0.14486232791552936,0.0,,0.0,,0.0,,0.0,1.624532925199433,0.0,0.113,0.0,-1.29,0.0,-1.152002285,0.0,1.159887499,0.0,-1.159926402,0.0,1.545295464,0.0,1.1520000000000001,0.0,1.137927328,0.0,-1.137966411,0.0,1.1379687440000001,0.0,-1.79835218,0.0,1.624532925199433,1.624532925199433,1.624532925199433,0.0,0.113,0.113,0.113,0.0,-1.29,-1.29,-1.29,0.0,1.4400000000000002,1.1520000000000001,1.1520000000000001,0.0
2026-10-07T19:47:36.725444+00:00,24.708160399924964,2.107142857142852,hardware,ACTIVE,0,0.14486232791552936,0.0,,0.0,,0.0,,0.0,1.624532925199433,0.0,0.113,0.0,-1.29,0.0,-1.152002285,0.0,1.159887499,0.0,-1.159926402,0.0,1.545295464,0.0,1.1520000000000001,0.0,1.137927328,0.0,-1.137966411,0.0,1.1379687440000001,0.0,-1.79835218,0.0,1.624532925199433,1.624532925199433,1.624532925199433,0.0,0.113,0.113,0.113,0.0,-1.29,-1.29,-1.29,0.0,1.4400000000000002,1.1520000000000001,1.1520000000000001,0.0
2026-10-07T19:47:36.772450+00:00,24.75538649992086,2.1190476190476137,hardware,ACTIVE,0,0.14486232791552936,0.0,,0.0,,0.0,,0.0,1.624532925199433,0.0,0.113,0.0,-1.29,0.0,-1.152002285,0.0,1.159887499,0.0,-1.159926402,0.0,1.545295464,0.0,1.1520000000000001,0.0,1.137927328,0.0,-1.137966411,0.0,1.1379687440000001,0.0,-1.79835218,0.0,1.624532925199433,1.624532925199433,1.624532925199433,0.0,0.113,0.113,0.113,0.0,-1.29,-1.29,-1.29,0.0,1.4400000000000002,1.1520000000000001,1.1520000000000001,0.0
2026-10-07T19:47:36.817965+00:00,24.800281999865547,2.1309523809523756,hardware,ACTIVE,0,0.14486232791552936,0.0,,0.0,,0.0,,0.0,1.624532925199433,0.0,0.113,0.0,-1.29,0.0,-1.152002285,0.0,1.159887499,0.0,-1.159926402,0.0,1.545295464,0.0,1.1520000000000001,0.0,1.137927328,0.0,-1.137966411,0.0,1.1379687440000001,0.0,-1.79835218,0.0,1.624532925199433,1.624532925199433,1.624532925199433,0.0,0.113,0.113,0.113,0.0,-1.29,-1.29,-1.29,0.0,1.4400000000000002,1.1520000000000001,1.1520000000000001,0.0
2026-10-07T19:47:36.862965+00:00,24.84520579990931,2.1428571428571375,hardware,ACTIVE,0,0.14486232791552936,0.0,,0.0,,0.0,,0.0,1.624532925199433,0.0,0.113,0.0,-1.29,0.0,-1.152002285,0.0,1.159887499,0.0,-1.159926402,0.0,1.545295464,0.0,1.1520000000000001,0.0,1.137927328,0.0,-1.137966411,0.0,1.1379687440000001,0.0,-1.79835218,0.0,1.624532925199433,1.624532925199433,1.624532925199433,0.0,0.113,0.113,0.113,0.0,-1.29,-1.29,-1.29,0.0,1.4400000000000002,1.1520000000000001,1.1520000000000001,0.0
2026-10-07T19:47:36.905491+00:00,24.888550200033933,2.1547619047618993,hardware,ACTIVE,0,0.14486232791552936,0.0,,0.0,,0.0,,0.0,1.624532925199433,0.0,0.113,0.0,-1.29,0.0,-1.152002285,0.0,1.159887499,0.0,-1.159926402,0.0,1.545295464,0.0,1.1520000000000001,0.0,1.137927328,0.0,-1.137966411,0.0,1.1379687440000001,0.0,-1.79835218,0.0,1.624532925199433,1.624532925199433,1.624532925199433,0.0,0.113,0.113,0.113,0.0,-1.29,-1.29,-1.29,0.0,1.4400000000000002,1.1520000000000001,1.1520000000000001,0.0
2026-10-07T19:47:36.949491+00:00,24.93223899998702,2.166666666666661,hardware,ACTIVE,0,0.14486232791552936,0.0,,0.0,,0.0,,0.0,1.624532925199433,0.0,0.113,0.0,-1.29,0.0,-1.152002285,0.0,1.159887499,0.0,-1.159926402,0.0,1.545295464,0.0,1.1520000000000001,0.0,1.137927328,0.0,-1.137966411,0.0,1.1379687440000001,0.0,-1.79835218,0.0,1.624532925199433,1.624532925199433,1.624532925199433,0.0,0.113,0.113,0.113,0.0,-1.29,-1.29,-1.29,0.0,1.4400000000000002,1.1520000000000001,1.1520000000000001,0.0
2026-10-07T19:47:36.993016+00:00,24.9751593999099,2.178571428571423,hardware,ACTIVE,0,0.14486232791552936,0.0,,0.0,,0.0,,0.0,1.624532925199433,0.0,0.113,0.0,-1.29,0.0,-1.152002285,0.0,1.159887499,0.0,-1.159926402,0.0,1.545295464,0.0,1.1520000000000001,0.0,1.137927328,0.0,-1.137966411,0.0,1.1379687440000001,0.0,-1.79835218,0.0,1.624532925199433,1.624532925199433,1.624532925199433,0.0,0.113,0.113,0.113,0.0,-1.29,-1.29,-1.29,0.0,1.4400000000000002,1.1520000000000001,1.1520000000000001,0.0
2026-10-07T19:47:37.037018+00:00,25.019434799905866,2.190476190476185,hardware,ACTIVE,0,0.14486232791552936,0.0,,0.0,,0.0,,0.0,1.624532925199433,0.0,0.113,0.0,-1.29,0.0,-1.152002285,0.0,1.159887499,0.0,-1.159926402,0.0,1.545295464,0.0,1.1520000000000001,0.0,1.137927328,0.0,-1.137966411,0.0,1.1379687440000001,0.0,-1.79835218,0.0,1.624532925199433,1.624532925199433,1.624532925199433,0.0,0.113,0.113,0.113,0.0,-1.29,-1.29,-1.29,0.0,1.4400000000000002,1.1520000000000001,1.1520000000000001,0.0
2026-10-07T19:47:37.073036+00:00,25.055313099874184,2.2023809523809468,hardware,ACTIVE,0,0.14486232791552936,0.0,,0.0,,0.0,,0.0,1.624532925199433,0.0,0.113,0.0,-1.29,0.0,-1.152002285,0.0,1.159887499,0.0,-1.159926402,0.0,1.545295464,0.0,1.1520000000000001,0.0,1.137927328,0.0,-1.137966411,0.0,1.1379687440000001,0.0,-1.79835218,0.0,1.624532925199433,1.624532925199433,1.624532925199433,0.0,0.113,0.113,0.113,0.0,-1.29,-1.29,-1.29,0.0,1.4400000000000002,1.1520000000000001,1.1520000000000001,0.0
2026-10-07T19:47:37.108614+00:00,25.091602799948305,2.2142857142857086,hardware,ACTIVE,0,0.14486232791552936,0.0,,0.0,,0.0,,0.0,1.624532925199433,0.0,0.113,0.0,-1.29,0.0,-1.152002285,0.0,1.159887499,0.0,-1.159926402,0.0,1.545295464,0.0,1.1520000000000001,0.0,1.137927328,0.0,-1.137966411,0.0,1.1379687440000001,0.0,-1.79835218,0.0,1.624532925199433,1.624532925199433,1.624532925199433,0.0,0.113,0.113,0.113,0.0,-1.29,-1.29,-1.29,0.0,1.4400000000000002,1.1520000000000001,1.1520000000000001,0.0
2026-10-07T19:47:37.145699+00:00,25.128350999904796,2.2261904761904705,hardware,ACTIVE,0,0.14486232791552936,0.0,,0.0,,0.0,,0.0,1.624532925199433,0.0,0.113,0.0,-1.29,0.0,-1.152002285,0.0,1.159887499,0.0,-1.159926402,0.0,1.545295464,0.0,1.1520000000000001,0.0,1.137927328,0.0,-1.137966411,0.0,1.1379687440000001,0.0,-1.79835218,0.0,1.624532925199433,1.624532925199433,1.624532925199433,0.0,0.113,0.113,0.113,0.0,-1.29,-1.29,-1.29,0.0,1.4400000000000002,1.1520000000000001,1.1520000000000001,0.0
2026-10-07T19:47:37.188462+00:00,25.171008300036192,2.2380952380952324,hardware,ACTIVE,0,0.14486232791552936,0.0,,0.0,,0.0,,0.0,1.624532925199433,0.0,0.113,0.0,-1.29,0.0,-1.152002285,0.0,1.159887499,0.0,-1.159926402,0.0,1.545295464,0.0,1.1520000000000001,0.0,1.137927328,0.0,-1.137966411,0.0,1.1379687440000001,0.0,-1.79835218,0.0,1.624532925199433,1.624532925199433,1.624532925199433,0.0,0.113,0.113,0.113,0.0,-1.29,-1.29,-1.29,0.0,1.4400000000000002,1.1520000000000001,1.1520000000000001,0.0
2026-10-07T19:47:37.228397+00:00,25.210610799957067,2.2499999999999942,hardware,ACTIVE,0,0.14486232791552936,0.0,,0.0,,0.0,,0.0,1.624532925199433,0.0,0.113,0.0,-1.29,0.0,-1.152002285,0.0,1.159887499,0.0,-1.159926402,0.0,1.545295464,0.0,1.1520000000000001,0.0,1.137927328,0.0,-1.137966411,0.0,1.1379687440000001,0.0,-1.79835218,0.0,1.624532925199433,1.624532925199433,1.624532925199433,0.0,0.113,0.113,0.113,0.0,-1.29,-1.29,-1.29,0.0,1.4400000000000002,1.1520000000000001,1.1520000000000001,0.0
2026-10-07T19:47:37.266501+00:00,25.24918009992689,2.261904761904756,hardware,ACTIVE,0,0.14486232791552936,0.0,,0.0,,0.0,,0.0,1.624532925199433,0.0,0.113,0.0,-1.29,0.0,-1.152002285,0.0,1.159887499,0.0,-1.159926402,0.0,1.545295464,0.0,1.1520000000000001,0.0,1.137927328,0.0,-1.137966411,0.0,1.1379687440000001,0.0,-1.79835218,0.0,1.624532925199433,1.624532925199433,1.624532925199433,0.0,0.113,0.113,0.113,0.0,-1.29,-1.29,-1.29,0.0,1.4400000000000002,1.1520000000000001,1.1520000000000001,0.0
2026-10-07T19:47:37.306936+00:00,25.289328000042588,2.273809523809518,hardware,ACTIVE,0,0.14486232791552936,0.0,,0.0,,0.0,,0.0,1.624532925199433,0.0,0.113,0.0,-1.29,0.0,-1.152002285,0.0,1.159887499,0.0,-1.159926402,0.0,1.545295464,0.0,1.1520000000000001,0.0,1.137927328,0.0,-1.137966411,0.0,1.1379687440000001,0.0,-1.79835218,0.0,1.624532925199433,1.624532925199433,1.624532925199433,0.0,0.113,0.113,0.113,0.0,-1.29,-1.29,-1.29,0.0,1.4400000000000002,1.1520000000000001,1.1520000000000001,0.0
2026-10-07T19:47:37.340942+00:00,25.323878000024706,2.28571428571428,hardware,ACTIVE,0,0.14486232791552936,0.0,,0.0,,0.0,,0.0,1.624532925199433,0.0,0.113,0.0,-1.29,0.0,-1.152002285,0.0,1.159887499,0.0,-1.159926402,0.0,1.545295464,0.0,1.1520000000000001,0.0,1.137927328,0.0,-1.137966411,0.0,1.1379687440000001,0.0,-1.79835218,0.0,1.624532925199433,1.624532925199433,1.624532925199433,0.0,0.113,0.113,0.113,0.0,-1.29,-1.29,-1.29,0.0,1.4400000000000002,1.1520000000000001,1.1520000000000001,0.0
2026-10-07T19:47:37.376949+00:00,25.359941999893636,2.2976190476190417,hardware,ACTIVE,0,0.14486232791552936,0.0,,0.0,,0.0,,0.0,1.624532925199433,0.0,0.113,0.0,-1.29,0.0,-1.152002285,0.0,1.159887499,0.0,-1.159926402,0.0,1.545295464,0.0,1.1520000000000001,0.0,1.137927328,0.0,-1.137966411,0.0,1.1379687440000001,0.0,-1.79835218,0.0,1.624532925199433,1.624532925199433,1.624532925199433,0.0,0.113,0.113,0.113,0.0,-1.29,-1.29,-1.29,0.0,1.4400000000000002,1.1520000000000001,1.1520000000000001,0.0
2026-10-07T19:47:37.412469+00:00,25.394953599898145,2.3095238095238035,hardware,ACTIVE,0,0.14486232791552936,0.0,,0.0,,0.0,,0.0,1.624532925199433,0.0,0.113,0.0,-1.29,0.0,-1.152002285,0.0,1.159887499,0.0,-1.159926402,0.0,1.545295464,0.0,1.1520000000000001,0.0,1.137927328,0.0,-1.137966411,0.0,1.1379687440000001,0.0,-1.79835218,0.0,1.624532925199433,1.624532925199433,1.624532925199433,0.0,0.113,0.113,0.113,0.0,-1.29,-1.29,-1.29,0.0,1.4400000000000002,1.1520000000000001,1.1520000000000001,0.0
2026-10-07T19:47:37.447467+00:00,25.430042600026354,2.3214285714285654,hardware,ACTIVE,0,0.14486232791552936,0.0,,0.0,,0.0,,0.0,1.624532925199433,0.0,0.113,0.0,-1.29,0.0,-1.152002285,0.0,1.159887499,0.0,-1.159926402,0.0,1.545295464,0.0,1.1520000000000001,0.0,1.137927328,0.0,-1.137966411,0.0,1.1379687440000001,0.0,-1.79835218,0.0,1.624532925199433,1.624532925199433,1.624532925199433,0.0,0.113,0.113,0.113,0.0,-1.29,-1.29,-1.29,0.0,1.4400000000000002,1.1520000000000001,1.1520000000000001,0.0
2026-10-07T19:47:37.487002+00:00,25.469437199877575,2.3333333333333273,hardware,ACTIVE,0,0.14486232791552936,0.0,,0.0,,0.0,,0.0,1.624532925199433,0.0,0.113,0.0,-1.29,0.0,-1.152002285,0.0,1.159887499,0.0,-1.159926402,0.0,1.545295464,0.0,1.1520000000000001,0.0,1.137927328,0.0,-1.137966411,0.0,1.1379687440000001,0.0,-1.79835218,0.0,1.624532925199433,1.624532925199433,1.624532925199433,0.0,0.113,0.113,0.113,0.0,-1.29,-1.29,-1.29,0.0,1.4400000000000002,1.1520000000000001,1.1520000000000001,0.0
2026-10-07T19:47:37.519768+00:00,25.502742999931797,2.345238095238089,hardware,ACTIVE,0,0.14486232791552936,0.0,,0.0,,0.0,,0.0,1.624532925199433,0.0,0.113,0.0,-1.29,0.0,-1.152002285,0.0,1.159887499,0.0,-1.159926402,0.0,1.545295464,0.0,1.1520000000000001,0.0,1.137927328,0.0,-1.137966411,0.0,1.1379687440000001,0.0,-1.79835218,0.0,1.624532925199433,1.624532925199433,1.624532925199433,0.0,0.113,0.113,0.113,0.0,-1.29,-1.29,-1.29,0.0,1.4400000000000002,1.1520000000000001,1.1520000000000001,0.0
2026-10-07T19:47:37.556768+00:00,25.53928230004385,2.357142857142851,hardware,ACTIVE,0,0.14486232791552936,0.0,,0.0,,0.0,,0.0,1.624532925199433,0.0,0.113,0.0,-1.29,0.0,-1.152002285,0.0,1.159887499,0.0,-1.159926402,0.0,1.545295464,0.0,1.1520000000000001,0.0,1.137927328,0.0,-1.137966411,0.0,1.1379687440000001,0.0,-1.79835218,0.0,1.624532925199433,1.624532925199433,1.624532925199433,0.0,0.113,0.113,0.113,0.0,-1.29,-1.29,-1.29,0.0,1.4400000000000002,1.1520000000000001,1.1520000000000001,0.0
2026-10-07T19:47:37.589296+00:00,25.572229099925607,2.369047619047613,hardware,ACTIVE,0,0.14486232791552936,0.0,,0.0,,0.0,,0.0,1.624532925199433,0.0,0.113,0.0,-1.29,0.0,-1.152002285,0.0,1.159887499,0.0,-1.159926402,0.0,1.545295464,0.0,1.1520000000000001,0.0,1.137927328,0.0,-1.137966411,0.0,1.1379687440000001,0.0,-1.79835218,0.0,1.624532925199433,1.624532925199433,1.624532925199433,0.0,0.113,0.113,0.113,0.0,-1.29,-1.29,-1.29,0.0,1.4400000000000002,1.1520000000000001,1.1520000000000001,0.0
2026-10-07T19:47:37.623308+00:00,25.605410399846733,2.3809523809523747,hardware,ACTIVE,0,0.14486232791552936,0.0,,0.0,,0.0,,0.0,1.624532925199433,0.0,0.113,0.0,-1.29,0.0,-1.152002285,0.0,1.159887499,0.0,-1.159926402,0.0,1.545295464,0.0,1.1520000000000001,0.0,1.137927328,0.0,-1.137966411,0.0,1.1379687440000001,0.0,-1.79835218,0.0,1.624532925199433,1.624532925199433,1.624532925199433,0.0,0.113,0.113,0.113,0.0,-1.29,-1.29,-1.29,0.0,1.4400000000000002,1.1520000000000001,1.1520000000000001,0.0
2026-10-07T19:47:37.656313+00:00,25.63936199992895,2.3928571428571366,hardware,ACTIVE,0,0.14486232791552936,0.0,,0.0,,0.0,,0.0,1.624532925199433,0.0,0.113,0.0,-1.29,0.0,-1.152002285,0.0,1.159887499,0.0,-1.159926402,0.0,1.545295464,0.0,1.1520000000000001,0.0,1.137927328,0.0,-1.137966411,0.0,1.1379687440000001,0.0,-1.79835218,0.0,1.624532925199433,1.624532925199433,1.624532925199433,0.0,0.113,0.113,0.113,0.0,-1.29,-1.29,-1.29,0.0,1.4400000000000002,1.1520000000000001,1.1520000000000001,0.0
2026-10-07T19:47:37.693887+00:00,25.676760699832812,2.4047619047618984,hardware,ACTIVE,0,0.14486232791552936,0.0,,0.0,,0.0,,0.0,1.624532925199433,0.0,0.113,0.0,-1.29,0.0,-1.152002285,0.0,1.159887499,0.0,-1.159926402,0.0,1.545295464,0.0,1.1520000000000001,0.0,1.137927328,0.0,-1.137966411,0.0,1.1379687440000001,0.0,-1.79835218,0.0,1.624532925199433,1.624532925199433,1.624532925199433,0.0,0.113,0.113,0.113,0.0,-1.29,-1.29,-1.29,0.0,1.4400000000000002,1.1520000000000001,1.1520000000000001,0.0
2026-10-07T19:47:37.745998+00:00,25.728551999898627,2.4166666666666603,hardware,ACTIVE,0,0.14486232791552936,0.0,,0.0,,0.0,,0.0,1.624532925199433,0.0,0.113,0.0,-1.29,0.0,-1.152002285,0.0,1.159887499,0.0,-1.159926402,0.0,1.545295464,0.0,1.1520000000000001,0.0,1.137927328,0.0,-1.137966411,0.0,1.1379687440000001,0.0,-1.79835218,0.0,1.624532925199433,1.624532925199433,1.624532925199433,0.0,0.113,0.113,0.113,0.0,-1.29,-1.29,-1.29,0.0,1.4400000000000002,1.1520000000000001,1.1520000000000001,0.0
2026-10-07T19:47:37.796692+00:00,25.779344599926844,2.428571428571422,hardware,ACTIVE,0,0.14486232791552936,0.0,,0.0,,0.0,,0.0,1.624532925199433,0.0,0.113,0.0,-1.29,0.0,-1.152002285,0.0,1.159887499,0.0,-1.159926402,0.0,1.545295464,0.0,1.1520000000000001,0.0,1.137927328,0.0,-1.137966411,0.0,1.1379687440000001,0.0,-1.79835218,0.0,1.624532925199433,1.624532925199433,1.624532925199433,0.0,0.113,0.113,0.113,0.0,-1.29,-1.29,-1.29,0.0,1.4400000000000002,1.1520000000000001,1.1520000000000001,0.0
2026-10-07T19:47:37.851707+00:00,25.834024399984628,2.440476190476184,hardware,ACTIVE,0,0.14486232791552936,0.0,,0.0,,0.0,,0.0,1.624532925199433,0.0,0.113,0.0,-1.29,0.0,-1.152002285,0.0,1.159887499,0.0,-1.159926402,0.0,1.545295464,0.0,1.1520000000000001,0.0,1.137927328,0.0,-1.137966411,0.0,1.1379687440000001,0.0,-1.79835218,0.0,1.624532925199433,1.624532925199433,1.624532925199433,0.0,0.113,0.113,0.113,0.0,-1.29,-1.29,-1.29,0.0,1.4400000000000002,1.1520000000000001,1.1520000000000001,0.0
2026-10-07T19:47:37.902452+00:00,25.884932199958712,2.452380952380946,hardware,ACTIVE,0,0.14486232791552936,0.0,,0.0,,0.0,,0.0,1.624532925199433,0.0,0.113,0.0,-1.29,0.0,-1.152002285,0.0,1.159887499,0.0,-1.159926402,0.0,1.545295464,0.0,1.1520000000000001,0.0,1.137927328,0.0,-1.137966411,0.0,1.1379687440000001,0.0,-1.79835218,0.0,1.624532925199433,1.624532925199433,1.624532925199433,0.0,0.113,0.113,0.113,0.0,-1.29,-1.29,-1.29,0.0,1.4400000000000002,1.1520000000000001,1.1520000000000001,0.0
2026-10-07T19:47:37.960400+00:00,25.942885800031945,2.4642857142857078,hardware,ACTIVE,0,0.14486232791552936,0.0,,0.0,,0.0,,0.0,1.624532925199433,0.0,0.113,0.0,-1.29,0.0,-1.152002285,0.0,1.159887499,0.0,-1.159926402,0.0,1.545295464,0.0,1.1520000000000001,0.0,1.137927328,0.0,-1.137966411,0.0,1.1379687440000001,0.0,-1.79835218,0.0,1.624532925199433,1.624532925199433,1.624532925199433,0.0,0.113,0.113,0.113,0.0,-1.29,-1.29,-1.29,0.0,1.4400000000000002,1.1520000000000001,1.1520000000000001,0.0
2026-10-07T19:47:38.014327+00:00,25.99681259994395,2.4761904761904696,hardware,ACTIVE,0,0.14486232791552936,0.0,,0.0,,0.0,,0.0,1.624532925199433,0.0,0.113,0.0,-1.29,0.0,-1.152002285,0.0,1.159887499,0.0,-1.159926402,0.0,1.545295464,0.0,1.1520000000000001,0.0,1.137927328,0.0,-1.137966411,0.0,1.1379687440000001,0.0,-1.79835218,0.0,1.624532925199433,1.624532925199433,1.624532925199433,0.0,0.113,0.113,0.113,0.0,-1.29,-1.29,-1.29,0.0,1.4400000000000002,1.1520000000000001,1.1520000000000001,0.0
2026-10-07T19:47:38.066223+00:00,26.0493206998799,2.4880952380952315,hardware,ACTIVE,0,0.14486232791552936,0.0,,0.0,,0.0,,0.0,1.624532925199433,0.0,0.113,0.0,-1.29,0.0,-1.152002285,0.0,1.159887499,0.0,-1.159926402,0.0,1.545295464,0.0,1.1520000000000001,0.0,1.137927328,0.0,-1.137966411,0.0,1.1379687440000001,0.0,-1.79835218,0.0,1.624532925199433,1.624532925199433,1.624532925199433,0.0,0.113,0.113,0.113,0.0,-1.29,-1.29,-1.29,0.0,1.4400000000000002,1.1520000000000001,1.1520000000000001,0.0
2026-10-07T19:47:38.110762+00:00,26.093630499904975,2.4999999999999933,hardware,ACTIVE,0,0.14486232791552936,0.0,,0.0,,0.0,,0.0,1.624532925199433,0.0,0.113,0.0,-1.29,0.0,-1.152002285,0.0,1.159887499,0.0,-1.159926402,0.0,1.545295464,0.0,1.1520000000000001,0.0,1.137927328,0.0,-1.137966411,0.0,1.1379687440000001,0.0,-1.79835218,0.0,1.624532925199433,1.624532925199433,1.624532925199433,0.0,0.113,0.113,0.113,0.0,-1.29,-1.29,-1.29,0.0,1.4400000000000002,1.1520000000000001,1.1520000000000001,0.0
2026-10-07T19:47:38.155759+00:00,26.13851900002919,2.511904761904755,hardware,ACTIVE,0,0.14486232791552936,0.0,,0.0,,0.0,,0.0,1.624532925199433,0.0,0.113,0.0,-1.29,0.0,-1.152002285,0.0,1.159887499,0.0,-1.159926402,0.0,1.545295464,0.0,1.1520000000000001,0.0,1.137927328,0.0,-1.137966411,0.0,1.1379687440000001,0.0,-1.79835218,0.0,1.624532925199433,1.624532925199433,1.624532925199433,0.0,0.113,0.113,0.113,0.0,-1.29,-1.29,-1.29,0.0,1.4400000000000002,1.1520000000000001,1.1520000000000001,0.0
2026-10-07T19:47:38.200289+00:00,26.183091199956834,2.523809523809517,hardware,ACTIVE,0,0.14486232791552936,0.0,,0.0,,0.0,,0.0,1.624532925199433,0.0,0.113,0.0,-1.29,0.0,-1.152002285,0.0,1.159887499,0.0,-1.159926402,0.0,1.545295464,0.0,1.1520000000000001,0.0,1.137927328,0.0,-1.137966411,0.0,1.1379687440000001,0.0,-1.79835218,0.0,1.624532925199433,1.624532925199433,1.624532925199433,0.0,0.113,0.113,0.113,0.0,-1.29,-1.29,-1.29,0.0,1.4400000000000002,1.1520000000000001,1.1520000000000001,0.0
2026-10-07T19:47:38.243288+00:00,26.22619009995833,2.535714285714279,hardware,ACTIVE,0,0.14486232791552936,0.0,,0.0,,0.0,,0.0,1.624532925199433,0.0,0.113,0.0,-1.29,0.0,-1.152002285,0.0,1.159887499,0.0,-1.159926402,0.0,1.545295464,0.0,1.1520000000000001,0.0,1.137927328,0.0,-1.137966411,0.0,1.1379687440000001,0.0,-1.79835218,0.0,1.624532925199433,1.624532925199433,1.624532925199433,0.0,0.113,0.113,0.113,0.0,-1.29,-1.29,-1.29,0.0,1.4400000000000002,1.1520000000000001,1.1520000000000001,0.0
2026-10-07T19:47:38.278348+00:00,26.26116509991698,2.547619047619041,hardware,ACTIVE,0,0.14486232791552936,0.0,,0.0,,0.0,,0.0,1.624532925199433,0.0,0.113,0.0,-1.29,0.0,-1.152002285,0.0,1.159887499,0.0,-1.159926402,0.0,1.545295464,0.0,1.1520000000000001,0.0,1.137927328,0.0,-1.137966411,0.0,1.1379687440000001,0.0,-1.79835218,0.0,1.624532925199433,1.624532925199433,1.624532925199433,0.0,0.113,0.113,0.113,0.0,-1.29,-1.29,-1.29,0.0,1.4400000000000002,1.1520000000000001,1.1520000000000001,0.0
2026-10-07T19:47:38.317997+00:00,26.301030999980867,2.5595238095238027,hardware,ACTIVE,0,0.14486232791552936,0.0,,0.0,,0.0,,0.0,1.624532925199433,0.0,0.113,0.0,-1.29,0.0,-1.152002285,0.0,1.159887499,0.0,-1.159926402,0.0,1.545295464,0.0,1.1520000000000001,0.0,1.137927328,0.0,-1.137966411,0.0,1.1379687440000001,0.0,-1.79835218,0.0,1.624532925199433,1.624532925199433,1.624532925199433,0.0,0.113,0.113,0.113,0.0,-1.29,-1.29,-1.29,0.0,1.4400000000000002,1.1520000000000001,1.1520000000000001,0.0
2026-10-07T19:47:38.357898+00:00,26.340538799995556,2.5714285714285645,hardware,ACTIVE,0,0.14486232791552936,0.0,,0.0,,0.0,,0.0,1.624532925199433,0.0,0.113,0.0,-1.29,0.0,-1.152002285,0.0,1.159887499,0.0,-1.159926402,0.0,1.545295464,0.0,1.1520000000000001,0.0,1.137927328,0.0,-1.137966411,0.0,1.1379687440000001,0.0,-1.79835218,0.0,1.624532925199433,1.624532925199433,1.624532925199433,0.0,0.113,0.113,0.113,0.0,-1.29,-1.29,-1.29,0.0,1.4400000000000002,1.1520000000000001,1.1520000000000001,0.0
2026-10-07T19:47:38.397330+00:00,26.379913700046018,2.5833333333333264,hardware,ACTIVE,0,0.14486232791552936,0.0,,0.0,,0.0,,0.0,1.624532925199433,0.0,0.113,0.0,-1.29,0.0,-1.152002285,0.0,1.159887499,0.0,-1.159926402,0.0,1.545295464,0.0,1.1520000000000001,0.0,1.137927328,0.0,-1.137966411,0.0,1.1379687440000001,0.0,-1.79835218,0.0,1.624532925199433,1.624532925199433,1.624532925199433,0.0,0.113,0.113,0.113,0.0,-1.29,-1.29,-1.29,0.0,1.4400000000000002,1.1520000000000001,1.1520000000000001,0.0
2026-10-07T19:47:38.438232+00:00,26.420416499953717,2.5952380952380882,hardware,ACTIVE,0,0.14486232791552936,0.0,,0.0,,0.0,,0.0,1.624532925199433,0.0,0.113,0.0,-1.29,0.0,-1.152002285,0.0,1.159887499,0.0,-1.159926402,0.0,1.545295464,0.0,1.1520000000000001,0.0,1.137927328,0.0,-1.137966411,0.0,1.1379687440000001,0.0,-1.79835218,0.0,1.624532925199433,1.624532925199433,1.624532925199433,0.0,0.113,0.113,0.113,0.0,-1.29,-1.29,-1.29,0.0,1.4400000000000002,1.1520000000000001,1.1520000000000001,0.0
2026-10-07T19:47:38.479264+00:00,26.461811899906024,2.60714285714285,hardware,ACTIVE,0,0.14486232791552936,0.0,,0.0,,0.0,,0.0,1.624532925199433,0.0,0.113,0.0,-1.29,0.0,-1.152002285,0.0,1.159887499,0.0,-1.159926402,0.0,1.545295464,0.0,1.1520000000000001,0.0,1.137927328,0.0,-1.137966411,0.0,1.1379687440000001,0.0,-1.79835218,0.0,1.624532925199433,1.624532925199433,1.624532925199433,0.0,0.113,0.113,0.113,0.0,-1.29,-1.29,-1.29,0.0,1.4400000000000002,1.1520000000000001,1.1520000000000001,0.0
2026-10-07T19:47:38.520818+00:00,26.50296920002438,2.619047619047612,hardware,ACTIVE,0,0.14486232791552936,0.0,,0.0,,0.0,,0.0,1.624532925199433,0.0,0.113,0.0,-1.29,0.0,-1.152002285,0.0,1.159887499,0.0,-1.159926402,0.0,1.545295464,0.0,1.1520000000000001,0.0,1.137927328,0.0,-1.137966411,0.0,1.1379687440000001,0.0,-1.79835218,0.0,1.624532925199433,1.624532925199433,1.624532925199433,0.0,0.113,0.113,0.113,0.0,-1.29,-1.29,-1.29,0.0,1.4400000000000002,1.1520000000000001,1.1520000000000001,0.0
2026-10-07T19:47:38.557817+00:00,26.540736899944022,2.630952380952374,hardware,ACTIVE,0,0.14486232791552936,0.0,,0.0,,0.0,,0.0,1.624532925199433,0.0,0.113,0.0,-1.29,0.0,-1.152002285,0.0,1.159887499,0.0,-1.159926402,0.0,1.545295464,0.0,1.1520000000000001,0.0,1.137927328,0.0,-1.137966411,0.0,1.1379687440000001,0.0,-1.79835218,0.0,1.624532925199433,1.624532925199433,1.624532925199433,0.0,0.113,0.113,0.113,0.0,-1.29,-1.29,-1.29,0.0,1.4400000000000002,1.1520000000000001,1.1520000000000001,0.0
2026-10-07T19:47:38.597420+00:00,26.580130399903283,2.6428571428571357,hardware,ACTIVE,0,0.14486232791552936,0.0,,0.0,,0.0,,0.0,1.624532925199433,0.0,0.113,0.0,-1.29,0.0,-1.152002285,0.0,1.159887499,0.0,-1.159926402,0.0,1.545295464,0.0,1.1520000000000001,0.0,1.137927328,0.0,-1.137966411,0.0,1.1379687440000001,0.0,-1.79835218,0.0,1.624532925199433,1.624532925199433,1.624532925199433,0.0,0.113,0.113,0.113,0.0,-1.29,-1.29,-1.29,0.0,1.4400000000000002,1.1520000000000001,1.1520000000000001,0.0
2026-10-07T19:47:38.638411+00:00,26.621121800038964,2.6547619047618976,hardware,ACTIVE,0,0.14486232791552936,0.0,,0.0,,0.0,,0.0,1.624532925199433,0.0,0.113,0.0,-1.29,0.0,-1.152002285,0.0,1.159887499,0.0,-1.159926402,0.0,1.545295464,0.0,1.1520000000000001,0.0,1.137927328,0.0,-1.137966411,0.0,1.1379687440000001,0.0,-1.79835218,0.0,1.624532925199433,1.624532925199433,1.624532925199433,0.0,0.113,0.113,0.113,0.0,-1.29,-1.29,-1.29,0.0,1.4400000000000002,1.1520000000000001,1.1520000000000001,0.0
2026-10-07T19:47:38.676426+00:00,26.65890059992671,2.6666666666666594,hardware,ACTIVE,0,0.14486232791552936,0.0,,0.0,,0.0,,0.0,1.624532925199433,0.0,0.113,0.0,-1.29,0.0,-1.152002285,0.0,1.159887499,0.0,-1.159926402,0.0,1.545295464,0.0,1.1520000000000001,0.0,1.137927328,0.0,-1.137966411,0.0,1.1379687440000001,0.0,-1.79835218,0.0,1.624532925199433,1.624532925199433,1.624532925199433,0.0,0.113,0.113,0.113,0.0,-1.29,-1.29,-1.29,0.0,1.4400000000000002,1.1520000000000001,1.1520000000000001,0.0
2026-10-07T19:47:38.716998+00:00,26.699984199833125,2.6785714285714213,hardware,ACTIVE,0,0.14486232791552936,0.0,,0.0,,0.0,,0.0,1.624532925199433,0.0,0.113,0.0,-1.29,0.0,-1.152002285,0.0,1.159887499,0.0,-1.159926402,0.0,1.545295464,0.0,1.1520000000000001,0.0,1.137927328,0.0,-1.137966411,0.0,1.1379687440000001,0.0,-1.79835218,0.0,1.624532925199433,1.624532925199433,1.624532925199433,0.0,0.113,0.113,0.113,0.0,-1.29,-1.29,-1.29,0.0,1.4400000000000002,1.1520000000000001,1.1520000000000001,0.0
2026-10-07T19:47:38.757986+00:00,26.740145899821073,2.690476190476183,hardware,ACTIVE,0,0.14486232791552936,0.0,,0.0,,0.0,,0.0,1.624532925199433,0.0,0.113,0.0,-1.29,0.0,-1.152002285,0.0,1.159887499,0.0,-1.159926402,0.0,1.545295464,0.0,1.1520000000000001,0.0,1.137927328,0.0,-1.137966411,0.0,1.1379687440000001,0.0,-1.79835218,0.0,1.624532925199433,1.624532925199433,1.624532925199433,0.0,0.113,0.113,0.113,0.0,-1.29,-1.29,-1.29,0.0,1.4400000000000002,1.1520000000000001,1.1520000000000001,0.0
2026-10-07T19:47:38.796567+00:00,26.778978699818254,2.702380952380945,hardware,ACTIVE,0,0.14486232791552936,0.0,,0.0,,0.0,,0.0,1.624532925199433,0.0,0.113,0.0,-1.29,0.0,-1.152002285,0.0,1.159887499,0.0,-1.159926402,0.0,1.545295464,0.0,1.1520000000000001,0.0,1.137927328,0.0,-1.137966411,0.0,1.1379687440000001,0.0,-1.79835218,0.0,1.624532925199433,1.624532925199433,1.624532925199433,0.0,0.113,0.113,0.113,0.0,-1.29,-1.29,-1.29,0.0,1.4400000000000002,1.1520000000000001,1.1520000000000001,0.0
2026-10-07T19:47:38.835575+00:00,26.818577699828893,2.714285714285707,hardware,ACTIVE,0,0.14486232791552936,0.0,,0.0,,0.0,,0.0,1.624532925199433,0.0,0.113,0.0,-1.29,0.0,-1.152002285,0.0,1.159887499,0.0,-1.159926402,0.0,1.545295464,0.0,1.1520000000000001,0.0,1.137927328,0.0,-1.137966411,0.0,1.1379687440000001,0.0,-1.79835218,0.0,1.624532925199433,1.624532925199433,1.624532925199433,0.0,0.113,0.113,0.113,0.0,-1.29,-1.29,-1.29,0.0,1.4400000000000002,1.1520000000000001,1.1520000000000001,0.0
2026-10-07T19:47:38.875584+00:00,26.857739300001413,2.7261904761904687,hardware,ACTIVE,0,0.14486232791552936,0.0,,0.0,,0.0,,0.0,1.624532925199433,0.0,0.113,0.0,-1.29,0.0,-1.152002285,0.0,1.159887499,0.0,-1.159926402,0.0,1.545295464,0.0,1.1520000000000001,0.0,1.137927328,0.0,-1.137966411,0.0,1.1379687440000001,0.0,-1.79835218,0.0,1.624532925199433,1.624532925199433,1.624532925199433,0.0,0.113,0.113,0.113,0.0,-1.29,-1.29,-1.29,0.0,1.4400000000000002,1.1520000000000001,1.1520000000000001,0.0
2026-10-07T19:47:38.915142+00:00,26.89818589994684,2.7380952380952306,hardware,ACTIVE,0,0.14486232791552936,0.0,,0.0,,0.0,,0.0,1.624532925199433,0.0,0.113,0.0,-1.29,0.0,-1.152002285,0.0,1.159887499,0.0,-1.159926402,0.0,1.545295464,0.0,1.1520000000000001,0.0,1.137927328,0.0,-1.137966411,0.0,1.1379687440000001,0.0,-1.79835218,0.0,1.624532925199433,1.624532925199433,1.624532925199433,0.0,0.113,0.113,0.113,0.0,-1.29,-1.29,-1.29,0.0,1.4400000000000002,1.1520000000000001,1.1520000000000001,0.0
2026-10-07T19:47:38.957136+00:00,26.939555299934,2.7499999999999925,hardware,ACTIVE,0,0.14486232791552936,0.0,,0.0,,0.0,,0.0,1.624532925199433,0.0,0.113,0.0,-1.29,0.0,-1.152002285,0.0,1.159887499,0.0,-1.159926402,0.0,1.545295464,0.0,1.1520000000000001,0.0,1.137927328,0.0,-1.137966411,0.0,1.1379687440000001,0.0,-1.79835218,0.0,1.624532925199433,1.624532925199433,1.624532925199433,0.0,0.113,0.113,0.113,0.0,-1.29,-1.29,-1.29,0.0,1.4400000000000002,1.1520000000000001,1.1520000000000001,0.0
2026-10-07T19:47:38.999759+00:00,26.982564399950206,2.7619047619047543,hardware,ACTIVE,0,0.14486232791552936,0.0,,0.0,,0.0,,0.0,1.624532925199433,0.0,0.113,0.0,-1.29,0.0,-1.152002285,0.0,1.159887499,0.0,-1.159926402,0.0,1.545295464,0.0,1.1520000000000001,0.0,1.137927328,0.0,-1.137966411,0.0,1.1379687440000001,0.0,-1.79835218,0.0,1.624532925199433,1.624532925199433,1.624532925199433,0.0,0.113,0.113,0.113,0.0,-1.29,-1.29,-1.29,0.0,1.4400000000000002,1.1520000000000001,1.1520000000000001,0.0
2026-10-07T19:47:39.038749+00:00,27.021506499964744,2.773809523809516,hardware,ACTIVE,0,0.14486232791552936,0.0,,0.0,,0.0,,0.0,1.624532925199433,0.0,0.113,0.0,-1.29,0.0,-1.152002285,0.0,1.159887499,0.0,-1.159926402,0.0,1.545295464,0.0,1.1520000000000001,0.0,1.137927328,0.0,-1.137966411,0.0,1.1379687440000001,0.0,-1.79835218,0.0,1.624532925199433,1.624532925199433,1.624532925199433,0.0,0.113,0.113,0.113,0.0,-1.29,-1.29,-1.29,0.0,1.4400000000000002,1.1520000000000001,1.1520000000000001,0.0
2026-10-07T19:47:39.086202+00:00,27.069179499987513,2.785714285714278,hardware,ACTIVE,0,0.14486232791552936,0.0,,0.0,,0.0,,0.0,1.624532925199433,0.0,0.113,0.0,-1.29,0.0,-1.152002285,0.0,1.159887499,0.0,-1.159926402,0.0,1.545295464,0.0,1.1520000000000001,0.0,1.137927328,0.0,-1.137966411,0.0,1.1379687440000001,0.0,-1.79835218,0.0,1.624532925199433,1.624532925199433,1.624532925199433,0.0,0.113,0.113,0.113,0.0,-1.29,-1.29,-1.29,0.0,1.4400000000000002,1.1520000000000001,1.1520000000000001,0.0
2026-10-07T19:47:39.126396+00:00,27.109407499898225,2.79761904761904,hardware,ACTIVE,0,0.14486232791552936,0.0,,0.0,,0.0,,0.0,1.624532925199433,0.0,0.113,0.0,-1.29,0.0,-1.152002285,0.0,1.159887499,0.0,-1.159926402,0.0,1.545295464,0.0,1.1520000000000001,0.0,1.137927328,0.0,-1.137966411,0.0,1.1379687440000001,0.0,-1.79835218,0.0,1.624532925199433,1.624532925199433,1.624532925199433,0.0,0.113,0.113,0.113,0.0,-1.29,-1.29,-1.29,0.0,1.4400000000000002,1.1520000000000001,1.1520000000000001,0.0
2026-10-07T19:47:39.159395+00:00,27.142135499976575,2.8095238095238018,hardware,ACTIVE,0,0.14486232791552936,0.0,,0.0,,0.0,,0.0,1.624532925199433,0.0,0.113,0.0,-1.29,0.0,-1.152002285,0.0,1.159887499,0.0,-1.159926402,0.0,1.545295464,0.0,1.1520000000000001,0.0,1.137927328,0.0,-1.137966411,0.0,1.1379687440000001,0.0,-1.79835218,0.0,1.624532925199433,1.624532925199433,1.624532925199433,0.0,0.113,0.113,0.113,0.0,-1.29,-1.29,-1.29,0.0,1.4400000000000002,1.1520000000000001,1.1520000000000001,0.0
2026-10-07T19:47:39.192968+00:00,27.175563599914312,2.8214285714285636,hardware,ACTIVE,0,0.14486232791552936,0.0,,0.0,,0.0,,0.0,1.624532925199433,0.0,0.113,0.0,-1.29,0.0,-1.152002285,0.0,1.159887499,0.0,-1.159926402,0.0,1.545295464,0.0,1.1520000000000001,0.0,1.137927328,0.0,-1.137966411,0.0,1.1379687440000001,0.0,-1.79835218,0.0,1.624532925199433,1.624532925199433,1.624532925199433,0.0,0.113,0.113,0.113,0.0,-1.29,-1.29,-1.29,0.0,1.4400000000000002,1.1520000000000001,1.1520000000000001,0.0
2026-10-07T19:47:39.229957+00:00,27.212065799860284,2.8333333333333255,hardware,ACTIVE,0,0.14486232791552936,0.0,,0.0,,0.0,,0.0,1.624532925199433,0.0,0.113,0.0,-1.29,0.0,-1.152002285,0.0,1.159887499,0.0,-1.159926402,0.0,1.545295464,0.0,1.1520000000000001,0.0,1.137927328,0.0,-1.137966411,0.0,1.1379687440000001,0.0,-1.79835218,0.0,1.624532925199433,1.624532925199433,1.624532925199433,0.0,0.113,0.113,0.113,0.0,-1.29,-1.29,-1.29,0.0,1.4400000000000002,1.1520000000000001,1.1520000000000001,0.0
2026-10-07T19:47:39.264959+00:00,27.247804299928248,2.8452380952380874,hardware,ACTIVE,0,0.14486232791552936,0.0,,0.0,,0.0,,0.0,1.624532925199433,0.0,0.113,0.0,-1.29,0.0,-1.152002285,0.0,1.159887499,0.0,-1.159926402,0.0,1.545295464,0.0,1.1520000000000001,0.0,1.137927328,0.0,-1.137966411,0.0,1.1379687440000001,0.0,-1.79835218,0.0,1.624532925199433,1.624532925199433,1.624532925199433,0.0,0.113,0.113,0.113,0.0,-1.29,-1.29,-1.29,0.0,1.4400000000000002,1.1520000000000001,1.1520000000000001,0.0
2026-10-07T19:47:39.294486+00:00,27.27702229982242,2.857142857142849,hardware,ACTIVE,0,0.14486232791552936,0.0,,0.0,,0.0,,0.0,1.624532925199433,0.0,0.113,0.0,-1.29,0.0,-1.152002285,0.0,1.159887499,0.0,-1.159926402,0.0,1.545295464,0.0,1.1520000000000001,0.0,1.137927328,0.0,-1.137966411,0.0,1.1379687440000001,0.0,-1.79835218,0.0,1.624532925199433,1.624532925199433,1.624532925199433,0.0,0.113,0.113,0.113,0.0,-1.29,-1.29,-1.29,0.0,1.4400000000000002,1.1520000000000001,1.1520000000000001,0.0
2026-10-07T19:47:39.328357+00:00,27.311055599944666,2.869047619047611,hardware,ACTIVE,0,0.14486232791552936,0.0,,0.0,,0.0,,0.0,1.624532925199433,0.0,0.113,0.0,-1.29,0.0,-1.152002285,0.0,1.159887499,0.0,-1.159926402,0.0,1.545295464,0.0,1.1520000000000001,0.0,1.137927328,0.0,-1.137966411,0.0,1.1379687440000001,0.0,-1.79835218,0.0,1.624532925199433,1.624532925199433,1.624532925199433,0.0,0.113,0.113,0.113,0.0,-1.29,-1.29,-1.29,0.0,1.4400000000000002,1.1520000000000001,1.1520000000000001,0.0
2026-10-07T19:47:39.352357+00:00,27.335291099967435,2.880952380952373,hardware,ACTIVE,0,0.14486232791552936,0.0,,0.0,,0.0,,0.0,1.624532925199433,0.0,0.113,0.0,-1.29,0.0,-1.152002285,0.0,1.159887499,0.0,-1.159926402,0.0,1.545295464,0.0,1.1520000000000001,0.0,1.137927328,0.0,-1.137966411,0.0,1.1379687440000001,0.0,-1.79835218,0.0,1.624532925199433,1.624532925199433,1.624532925199433,0.0,0.113,0.113,0.113,0.0,-1.29,-1.29,-1.29,0.0,1.4400000000000002,1.1520000000000001,1.1520000000000001,0.0
2026-10-07T19:47:39.380367+00:00,27.362986400024965,2.892857142857135,hardware,ACTIVE,0,0.14486232791552936,0.0,,0.0,,0.0,,0.0,1.624532925199433,0.0,0.113,0.0,-1.29,0.0,-1.152002285,0.0,1.159887499,0.0,-1.159926402,0.0,1.545295464,0.0,1.1520000000000001,0.0,1.137927328,0.0,-1.137966411,0.0,1.1379687440000001,0.0,-1.79835218,0.0,1.624532925199433,1.624532925199433,1.624532925199433,0.0,0.113,0.113,0.113,0.0,-1.29,-1.29,-1.29,0.0,1.4400000000000002,1.1520000000000001,1.1520000000000001,0.0
2026-10-07T19:47:39.405889+00:00,27.387999499915168,2.9047619047618967,hardware,ACTIVE,0,0.14486232791552936,0.0,,0.0,,0.0,,0.0,1.624532925199433,0.0,0.113,0.0,-1.29,0.0,-1.152002285,0.0,1.159887499,0.0,-1.159926402,0.0,1.545295464,0.0,1.1520000000000001,0.0,1.137927328,0.0,-1.137966411,0.0,1.1379687440000001,0.0,-1.79835218,0.0,1.624532925199433,1.624532925199433,1.624532925199433,0.0,0.113,0.113,0.113,0.0,-1.29,-1.29,-1.29,0.0,1.4400000000000002,1.1520000000000001,1.1520000000000001,0.0
2026-10-07T19:47:39.429890+00:00,27.41266190004535,2.9166666666666585,hardware,ACTIVE,0,0.14486232791552936,0.0,,0.0,,0.0,,0.0,1.624532925199433,0.0,0.113,0.0,-1.29,0.0,-1.152002285,0.0,1.159887499,0.0,-1.159926402,0.0,1.545295464,0.0,1.1520000000000001,0.0,1.137927328,0.0,-1.137966411,0.0,1.1379687440000001,0.0,-1.79835218,0.0,1.624532925199433,1.624532925199433,1.624532925199433,0.0,0.113,0.113,0.113,0.0,-1.29,-1.29,-1.29,0.0,1.4400000000000002,1.1520000000000001,1.1520000000000001,0.0
2026-10-07T19:47:39.455894+00:00,27.43865849985741,2.9285714285714204,hardware,ACTIVE,0,0.14486232791552936,0.0,,0.0,,0.0,,0.0,1.624532925199433,0.0,0.113,0.0,-1.29,0.0,-1.152002285,0.0,1.159887499,0.0,-1.159926402,0.0,1.545295464,0.0,1.1520000000000001,0.0,1.137927328,0.0,-1.137966411,0.0,1.1379687440000001,0.0,-1.79835218,0.0,1.624532925199433,1.624532925199433,1.624532925199433,0.0,0.113,0.113,0.113,0.0,-1.29,-1.29,-1.29,0.0,1.4400000000000002,1.1520000000000001,1.1520000000000001,0.0
2026-10-07T19:47:39.480904+00:00,27.463348199846223,2.9404761904761822,hardware,ACTIVE,0,0.14486232791552936,0.0,,0.0,,0.0,,0.0,1.624532925199433,0.0,0.113,0.0,-1.29,0.0,-1.152002285,0.0,1.159887499,0.0,-1.159926402,0.0,1.545295464,0.0,1.1520000000000001,0.0,1.137927328,0.0,-1.137966411,0.0,1.1379687440000001,0.0,-1.79835218,0.0,1.624532925199433,1.624532925199433,1.624532925199433,0.0,0.113,0.113,0.113,0.0,-1.29,-1.29,-1.29,0.0,1.4400000000000002,1.1520000000000001,1.1520000000000001,0.0
2026-10-07T19:47:39.506433+00:00,27.48877779999748,2.952380952380944,hardware,ACTIVE,0,0.14486232791552936,0.0,,0.0,,0.0,,0.0,1.624532925199433,0.0,0.113,0.0,-1.29,0.0,-1.152002285,0.0,1.159887499,0.0,-1.159926402,0.0,1.545295464,0.0,1.1520000000000001,0.0,1.137927328,0.0,-1.137966411,0.0,1.1379687440000001,0.0,-1.79835218,0.0,1.624532925199433,1.624532925199433,1.624532925199433,0.0,0.113,0.113,0.113,0.0,-1.29,-1.29,-1.29,0.0,1.4400000000000002,1.1520000000000001,1.1520000000000001,0.0
2026-10-07T19:47:39.534435+00:00,27.516571699874476,2.964285714285706,hardware,ACTIVE,0,0.14486232791552936,0.0,,0.0,,0.0,,0.0,1.624532925199433,0.0,0.113,0.0,-1.29,0.0,-1.152002285,0.0,1.159887499,0.0,-1.159926402,0.0,1.545295464,0.0,1.1520000000000001,0.0,1.137927328,0.0,-1.137966411,0.0,1.1379687440000001,0.0,-1.79835218,0.0,1.624532925199433,1.624532925199433,1.624532925199433,0.0,0.113,0.113,0.113,0.0,-1.29,-1.29,-1.29,0.0,1.4400000000000002,1.1520000000000001,1.1520000000000001,0.0
2026-10-07T19:47:39.561438+00:00,27.54438989982009,2.976190476190468,hardware,ACTIVE,0,0.14486232791552936,0.0,,0.0,,0.0,,0.0,1.624532925199433,0.0,0.113,0.0,-1.29,0.0,-1.152002285,0.0,1.159887499,0.0,-1.159926402,0.0,1.545295464,0.0,1.1520000000000001,0.0,1.137927328,0.0,-1.137966411,0.0,1.1379687440000001,0.0,-1.79835218,0.0,1.624532925199433,1.624532925199433,1.624532925199433,0.0,0.113,0.113,0.113,0.0,-1.29,-1.29,-1.29,0.0,1.4400000000000002,1.1520000000000001,1.1520000000000001,0.0
2026-10-07T19:47:39.589959+00:00,27.57272219983861,2.9880952380952297,hardware,ACTIVE,0,0.14486232791552936,0.0,,0.0,,0.0,,0.0,1.624532925199433,0.0,0.113,0.0,-1.29,0.0,-1.152002285,0.0,1.159887499,0.0,-1.159926402,0.0,1.545295464,0.0,1.1520000000000001,0.0,1.137927328,0.0,-1.137966411,0.0,1.1379687440000001,0.0,-1.79835218,0.0,1.624532925199433,1.624532925199433,1.624532925199433,0.0,0.113,0.113,0.113,0.0,-1.29,-1.29,-1.29,0.0,1.4400000000000002,1.1520000000000001,1.1520000000000001,0.0
2026-10-07T19:47:39.616958+00:00,27.599915999919176,2.9999999999999916,hardware,ACTIVE,0,0.14486232791552936,0.0,,0.0,,0.0,,0.0,1.624532925199433,0.0,0.113,0.0,-1.29,0.0,-1.152002285,0.0,1.159887499,0.0,-1.159926402,0.0,1.545295464,0.0,1.1520000000000001,0.0,1.137927328,0.0,-1.137966411,0.0,1.1379687440000001,0.0,-1.79835218,0.0,1.624532925199433,1.624532925199433,1.624532925199433,0.0,0.113,0.113,0.113,0.0,-1.29,-1.29,-1.29,0.0,1.4400000000000002,1.1520000000000001,1.1520000000000001,0.0
2026-10-07T19:47:39.644959+00:00,27.627870899857953,3.0119047619047534,hardware,ACTIVE,0,0.14486232791552936,0.0,,0.0,,0.0,,0.0,1.624532925199433,0.0,0.113,0.0,-1.29,0.0,-1.152002285,0.0,1.159887499,0.0,-1.159926402,0.0,1.545295464,0.0,1.1520000000000001,0.0,1.137927328,0.0,-1.137966411,0.0,1.1379687440000001,0.0,-1.79835218,0.0,1.624532925199433,1.624532925199433,1.624532925199433,0.0,0.113,0.113,0.113,0.0,-1.29,-1.29,-1.29,0.0,1.4400000000000002,1.1520000000000001,1.1520000000000001,0.0
2026-10-07T19:47:39.671967+00:00,27.65466589992866,3.0238095238095153,hardware,ACTIVE,0,0.14486232791552936,0.0,,0.0,,0.0,,0.0,1.624532925199433,0.0,0.113,0.0,-1.29,0.0,-1.152002285,0.0,1.159887499,0.0,-1.159926402,0.0,1.545295464,0.0,1.1520000000000001,0.0,1.137927328,0.0,-1.137966411,0.0,1.1379687440000001,0.0,-1.79835218,0.0,1.624532925199433,1.624532925199433,1.624532925199433,0.0,0.113,0.113,0.113,0.0,-1.29,-1.29,-1.29,0.0,1.4400000000000002,1.1520000000000001,1.1520000000000001,0.0
2026-10-07T19:47:39.699493+00:00,27.682431199820712,3.035714285714277,hardware,ACTIVE,0,0.14486232791552936,0.0,,0.0,,0.0,,0.0,1.624532925199433,0.0,0.113,0.0,-1.29,0.0,-1.152002285,0.0,1.159887499,0.0,-1.159926402,0.0,1.545295464,0.0,1.1520000000000001,0.0,1.137927328,0.0,-1.137966411,0.0,1.1379687440000001,0.0,-1.79835218,0.0,1.624532925199433,1.624532925199433,1.624532925199433,0.0,0.113,0.113,0.113,0.0,-1.29,-1.29,-1.29,0.0,1.4400000000000002,1.1520000000000001,1.1520000000000001,0.0
2026-10-07T19:47:39.729502+00:00,27.712347300024703,3.047619047619039,hardware,ACTIVE,0,0.14486232791552936,0.0,,0.0,,0.0,,0.0,1.624532925199433,0.0,0.113,0.0,-1.29,0.0,-1.152002285,0.0,1.159887499,0.0,-1.159926402,0.0,1.545295464,0.0,1.1520000000000001,0.0,1.137927328,0.0,-1.137966411,0.0,1.1379687440000001,0.0,-1.79835218,0.0,1.624532925199433,1.624532925199433,1.624532925199433,0.0,0.113,0.113,0.113,0.0,-1.29,-1.29,-1.29,0.0,1.4400000000000002,1.1520000000000001,1.1520000000000001,0.0
2026-10-07T19:47:39.754497+00:00,27.736746199894696,3.059523809523801,hardware,ACTIVE,0,0.14486232791552936,0.0,,0.0,,0.0,,0.0,1.624532925199433,0.0,0.113,0.0,-1.29,0.0,-1.152002285,0.0,1.159887499,0.0,-1.159926402,0.0,1.545295464,0.0,1.1520000000000001,0.0,1.137927328,0.0,-1.137966411,0.0,1.1379687440000001,0.0,-1.79835218,0.0,1.624532925199433,1.624532925199433,1.624532925199433,0.0,0.113,0.113,0.113,0.0,-1.29,-1.29,-1.29,0.0,1.4400000000000002,1.1520000000000001,1.1520000000000001,0.0
2026-10-07T19:47:39.781515+00:00,27.763773299986497,3.0714285714285627,hardware,ACTIVE,0,0.14486232791552936,0.0,,0.0,,0.0,,0.0,1.624532925199433,0.0,0.113,0.0,-1.29,0.0,-1.152002285,0.0,1.159887499,0.0,-1.159926402,0.0,1.545295464,0.0,1.1520000000000001,0.0,1.137927328,0.0,-1.137966411,0.0,1.1379687440000001,0.0,-1.79835218,0.0,1.624532925199433,1.624532925199433,1.624532925199433,0.0,0.113,0.113,0.113,0.0,-1.29,-1.29,-1.29,0.0,1.4400000000000002,1.1520000000000001,1.1520000000000001,0.0
2026-10-07T19:47:39.807330+00:00,27.790094999829307,3.0833333333333246,hardware,ACTIVE,0,0.14486232791552936,0.0,,0.0,,0.0,,0.0,1.624532925199433,0.0,0.113,0.0,-1.29,0.0,-1.152002285,0.0,1.159887499,0.0,-1.159926402,0.0,1.545295464,0.0,1.1520000000000001,0.0,1.137927328,0.0,-1.137966411,0.0,1.1379687440000001,0.0,-1.79835218,0.0,1.624532925199433,1.624532925199433,1.624532925199433,0.0,0.113,0.113,0.113,0.0,-1.29,-1.29,-1.29,0.0,1.4400000000000002,1.1520000000000001,1.1520000000000001,0.0
2026-10-07T19:47:39.835334+00:00,27.817613699939102,3.0952380952380865,hardware,ACTIVE,0,0.14486232791552936,0.0,,0.0,,0.0,,0.0,1.624532925199433,0.0,0.113,0.0,-1.29,0.0,-1.152002285,0.0,1.159887499,0.0,-1.159926402,0.0,1.545295464,0.0,1.1520000000000001,0.0,1.137927328,0.0,-1.137966411,0.0,1.1379687440000001,0.0,-1.79835218,0.0,1.624532925199433,1.624532925199433,1.624532925199433,0.0,0.113,0.113,0.113,0.0,-1.29,-1.29,-1.29,0.0,1.4400000000000002,1.1520000000000001,1.1520000000000001,0.0
2026-10-07T19:47:39.861332+00:00,27.84384540002793,3.1071428571428483,hardware,ACTIVE,0,0.14486232791552936,0.0,,0.0,,0.0,,0.0,1.624532925199433,0.0,0.113,0.0,-1.29,0.0,-1.152002285,0.0,1.159887499,0.0,-1.159926402,0.0,1.545295464,0.0,1.1520000000000001,0.0,1.137927328,0.0,-1.137966411,0.0,1.1379687440000001,0.0,-1.79835218,0.0,1.624532925199433,1.624532925199433,1.624532925199433,0.0,0.113,0.113,0.113,0.0,-1.29,-1.29,-1.29,0.0,1.4400000000000002,1.1520000000000001,1.1520000000000001,0.0
2026-10-07T19:47:39.887868+00:00,27.870162799954414,3.11904761904761,hardware,ACTIVE,0,0.14486232791552936,0.0,,0.0,,0.0,,0.0,1.624532925199433,0.0,0.113,0.0,-1.29,0.0,-1.152002285,0.0,1.159887499,0.0,-1.159926402,0.0,1.545295464,0.0,1.1520000000000001,0.0,1.137927328,0.0,-1.137966411,0.0,1.1379687440000001,0.0,-1.79835218,0.0,1.624532925199433,1.624532925199433,1.624532925199433,0.0,0.113,0.113,0.113,0.0,-1.29,-1.29,-1.29,0.0,1.4400000000000002,1.1520000000000001,1.1520000000000001,0.0
2026-10-07T19:47:39.914866+00:00,27.897058999864385,3.130952380952372,hardware,ACTIVE,0,0.14486232791552936,0.0,,0.0,,0.0,,0.0,1.624532925199433,0.0,0.113,0.0,-1.29,0.0,-1.152002285,0.0,1.159887499,0.0,-1.159926402,0.0,1.545295464,0.0,1.1520000000000001,0.0,1.137927328,0.0,-1.137966411,0.0,1.1379687440000001,0.0,-1.79835218,0.0,1.624532925199433,1.624532925199433,1.624532925199433,0.0,0.113,0.113,0.113,0.0,-1.29,-1.29,-1.29,0.0,1.4400000000000002,1.1520000000000001,1.1520000000000001,0.0
2026-10-07T19:47:39.939865+00:00,27.922712799860165,3.142857142857134,hardware,ACTIVE,0,0.14486232791552936,0.0,,0.0,,0.0,,0.0,1.624532925199433,0.0,0.113,0.0,-1.29,0.0,-1.152002285,0.0,1.159887499,0.0,-1.159926402,0.0,1.545295464,0.0,1.1520000000000001,0.0,1.137927328,0.0,-1.137966411,0.0,1.1379687440000001,0.0,-1.79835218,0.0,1.624532925199433,1.624532925199433,1.624532925199433,0.0,0.113,0.113,0.113,0.0,-1.29,-1.29,-1.29,0.0,1.4400000000000002,1.1520000000000001,1.1520000000000001,0.0
2026-10-07T19:47:39.965866+00:00,27.948621799936518,3.1547619047618958,hardware,ACTIVE,0,0.14486232791552936,0.0,,0.0,,0.0,,0.0,1.624532925199433,0.0,0.113,0.0,-1.29,0.0,-1.152002285,0.0,1.159887499,0.0,-1.159926402,0.0,1.545295464,0.0,1.1520000000000001,0.0,1.137927328,0.0,-1.137966411,0.0,1.1379687440000001,0.0,-1.79835218,0.0,1.624532925199433,1.624532925199433,1.624532925199433,0.0,0.113,0.113,0.113,0.0,-1.29,-1.29,-1.29,0.0,1.4400000000000002,1.1520000000000001,1.1520000000000001,0.0
2026-10-07T19:47:39.993404+00:00,27.975647599902004,3.1666666666666576,hardware,ACTIVE,0,0.14486232791552936,0.0,,0.0,,0.0,,0.0,1.624532925199433,0.0,0.113,0.0,-1.29,0.0,-1.152002285,0.0,1.159887499,0.0,-1.159926402,0.0,1.545295464,0.0,1.1520000000000001,0.0,1.137927328,0.0,-1.137966411,0.0,1.1379687440000001,0.0,-1.79835218,0.0,1.624532925199433,1.624532925199433,1.624532925199433,0.0,0.113,0.113,0.113,0.0,-1.29,-1.29,-1.29,0.0,1.4400000000000002,1.1520000000000001,1.1520000000000001,0.0
2026-10-07T19:47:40.020945+00:00,28.003248799825087,3.1785714285714195,hardware,ACTIVE,0,0.14486232791552936,0.0,,0.0,,0.0,,0.0,1.624532925199433,0.0,0.113,0.0,-1.29,0.0,-1.152002285,0.0,1.159887499,0.0,-1.159926402,0.0,1.545295464,0.0,1.1520000000000001,0.0,1.137927328,0.0,-1.137966411,0.0,1.1379687440000001,0.0,-1.79835218,0.0,1.624532925199433,1.624532925199433,1.624532925199433,0.0,0.113,0.113,0.113,0.0,-1.29,-1.29,-1.29,0.0,1.4400000000000002,1.1520000000000001,1.1520000000000001,0.0
2026-10-07T19:47:40.046932+00:00,28.029109899885952,3.1904761904761814,hardware,ACTIVE,0,0.14486232791552936,0.0,,0.0,,0.0,,0.0,1.624532925199433,0.0,0.113,0.0,-1.29,0.0,-1.152002285,0.0,1.159887499,0.0,-1.159926402,0.0,1.545295464,0.0,1.1520000000000001,0.0,1.137927328,0.0,-1.137966411,0.0,1.1379687440000001,0.0,-1.79835218,0.0,1.624532925199433,1.624532925199433,1.624532925199433,0.0,0.113,0.113,0.113,0.0,-1.29,-1.29,-1.29,0.0,1.4400000000000002,1.1520000000000001,1.1520000000000001,0.0
2026-10-07T19:47:40.072941+00:00,28.05545850005001,3.2023809523809432,hardware,ACTIVE,0,0.14486232791552936,0.0,,0.0,,0.0,,0.0,1.624532925199433,0.0,0.113,0.0,-1.29,0.0,-1.152002285,0.0,1.159887499,0.0,-1.159926402,0.0,1.545295464,0.0,1.1520000000000001,0.0,1.137927328,0.0,-1.137966411,0.0,1.1379687440000001,0.0,-1.79835218,0.0,1.624532925199433,1.624532925199433,1.624532925199433,0.0,0.113,0.113,0.113,0.0,-1.29,-1.29,-1.29,0.0,1.4400000000000002,1.1520000000000001,1.1520000000000001,0.0
2026-10-07T19:47:40.099478+00:00,28.08161380002275,3.214285714285705,hardware,ACTIVE,0,0.14486232791552936,0.0,,0.0,,0.0,,0.0,1.624532925199433,0.0,0.113,0.0,-1.29,0.0,-1.152002285,0.0,1.159887499,0.0,-1.159926402,0.0,1.545295464,0.0,1.1520000000000001,0.0,1.137927328,0.0,-1.137966411,0.0,1.1379687440000001,0.0,-1.79835218,0.0,1.624532925199433,1.624532925199433,1.624532925199433,0.0,0.113,0.113,0.113,0.0,-1.29,-1.29,-1.29,0.0,1.4400000000000002,1.1520000000000001,1.1520000000000001,0.0
2026-10-07T19:47:40.124474+00:00,28.1072163998615,3.226190476190467,hardware,ACTIVE,0,0.14486232791552936,0.0,,0.0,,0.0,,0.0,1.624532925199433,0.0,0.113,0.0,-1.29,0.0,-1.152002285,0.0,1.159887499,0.0,-1.159926402,0.0,1.545295464,0.0,1.1520000000000001,0.0,1.137927328,0.0,-1.137966411,0.0,1.1379687440000001,0.0,-1.79835218,0.0,1.624532925199433,1.624532925199433,1.624532925199433,0.0,0.113,0.113,0.113,0.0,-1.29,-1.29,-1.29,0.0,1.4400000000000002,1.1520000000000001,1.1520000000000001,0.0
2026-10-07T19:47:40.150477+00:00,28.133487599901855,3.238095238095229,hardware,ACTIVE,0,0.14486232791552936,0.0,,0.0,,0.0,,0.0,1.624532925199433,0.0,0.113,0.0,-1.29,0.0,-1.152002285,0.0,1.159887499,0.0,-1.159926402,0.0,1.545295464,0.0,1.1520000000000001,0.0,1.137927328,0.0,-1.137966411,0.0,1.1379687440000001,0.0,-1.79835218,0.0,1.624532925199433,1.624532925199433,1.624532925199433,0.0,0.113,0.113,0.113,0.0,-1.29,-1.29,-1.29,0.0,1.4400000000000002,1.1520000000000001,1.1520000000000001,0.0
2026-10-07T19:47:40.175489+00:00,28.158380900043994,3.2499999999999907,hardware,ACTIVE,0,0.14486232791552936,0.0,,0.0,,0.0,,0.0,1.624532925199433,0.0,0.113,0.0,-1.29,0.0,-1.152002285,0.0,1.159887499,0.0,-1.159926402,0.0,1.545295464,0.0,1.1520000000000001,0.0,1.137927328,0.0,-1.137966411,0.0,1.1379687440000001,0.0,-1.79835218,0.0,1.624532925199433,1.624532925199433,1.624532925199433,0.0,0.113,0.113,0.113,0.0,-1.29,-1.29,-1.29,0.0,1.4400000000000002,1.1520000000000001,1.1520000000000001,0.0
2026-10-07T19:47:40.200015+00:00,28.18253230000846,3.2619047619047525,hardware,ACTIVE,0,0.14486232791552936,0.0,,0.0,,0.0,,0.0,1.624532925199433,0.0,0.113,0.0,-1.29,0.0,-1.152002285,0.0,1.159887499,0.0,-1.159926402,0.0,1.545295464,0.0,1.1520000000000001,0.0,1.137927328,0.0,-1.137966411,0.0,1.1379687440000001,0.0,-1.79835218,0.0,1.624532925199433,1.624532925199433,1.624532925199433,0.0,0.113,0.113,0.113,0.0,-1.29,-1.29,-1.29,0.0,1.4400000000000002,1.1520000000000001,1.1520000000000001,0.0
2026-10-07T19:47:40.225026+00:00,28.207120900042355,3.2738095238095144,hardware,ACTIVE,0,0.14486232791552936,0.0,,0.0,,0.0,,0.0,1.624532925199433,0.0,0.113,0.0,-1.29,0.0,-1.152002285,0.0,1.159887499,0.0,-1.159926402,0.0,1.545295464,0.0,1.1520000000000001,0.0,1.137927328,0.0,-1.137966411,0.0,1.1379687440000001,0.0,-1.79835218,0.0,1.624532925199433,1.624532925199433,1.624532925199433,0.0,0.113,0.113,0.113,0.0,-1.29,-1.29,-1.29,0.0,1.4400000000000002,1.1520000000000001,1.1520000000000001,0.0
2026-10-07T19:47:40.249015+00:00,28.231765300035477,3.2857142857142763,hardware,ACTIVE,0,0.14486232791552936,0.0,,0.0,,0.0,,0.0,1.624532925199433,0.0,0.113,0.0,-1.29,0.0,-1.152002285,0.0,1.159887499,0.0,-1.159926402,0.0,1.545295464,0.0,1.1520000000000001,0.0,1.137927328,0.0,-1.137966411,0.0,1.1379687440000001,0.0,-1.79835218,0.0,1.624532925199433,1.624532925199433,1.624532925199433,0.0,0.113,0.113,0.113,0.0,-1.29,-1.29,-1.29,0.0,1.4400000000000002,1.1520000000000001,1.1520000000000001,0.0
2026-10-07T19:47:40.274039+00:00,28.256356499856338,3.297619047619038,hardware,ACTIVE,0,0.14486232791552936,0.0,,0.0,,0.0,,0.0,1.624532925199433,0.0,0.113,0.0,-1.29,0.0,-1.152002285,0.0,1.159887499,0.0,-1.159926402,0.0,1.545295464,0.0,1.1520000000000001,0.0,1.137927328,0.0,-1.137966411,0.0,1.1379687440000001,0.0,-1.79835218,0.0,1.624532925199433,1.624532925199433,1.624532925199433,0.0,0.113,0.113,0.113,0.0,-1.29,-1.29,-1.29,0.0,1.4400000000000002,1.1520000000000001,1.1520000000000001,0.0
2026-10-07T19:47:40.298566+00:00,28.281156399985775,3.3095238095238,hardware,ACTIVE,0,0.14486232791552936,0.0,,0.0,,0.0,,0.0,1.624532925199433,0.0,0.113,0.0,-1.29,0.0,-1.152002285,0.0,1.159887499,0.0,-1.159926402,0.0,1.545295464,0.0,1.1520000000000001,0.0,1.137927328,0.0,-1.137966411,0.0,1.1379687440000001,0.0,-1.79835218,0.0,1.624532925199433,1.624532925199433,1.624532925199433,0.0,0.113,0.113,0.113,0.0,-1.29,-1.29,-1.29,0.0,1.4400000000000002,1.1520000000000001,1.1520000000000001,0.0
2026-10-07T19:47:40.322554+00:00,28.305601899977773,3.321428571428562,hardware,ACTIVE,0,0.14486232791552936,0.0,,0.0,,0.0,,0.0,1.624532925199433,0.0,0.113,0.0,-1.29,0.0,-1.152002285,0.0,1.159887499,0.0,-1.159926402,0.0,1.545295464,0.0,1.1520000000000001,0.0,1.137927328,0.0,-1.137966411,0.0,1.1379687440000001,0.0,-1.79835218,0.0,1.624532925199433,1.624532925199433,1.624532925199433,0.0,0.113,0.113,0.113,0.0,-1.29,-1.29,-1.29,0.0,1.4400000000000002,1.1520000000000001,1.1520000000000001,0.0
2026-10-07T19:47:40.347544+00:00,28.329807699890807,3.3333333333333237,hardware,ACTIVE,0,0.14486232791552936,0.0,,0.0,,0.0,,0.0,1.624532925199433,0.0,0.113,0.0,-1.29,0.0,-1.152002285,0.0,1.159887499,0.0,-1.159926402,0.0,1.545295464,0.0,1.1520000000000001,0.0,1.137927328,0.0,-1.137966411,0.0,1.1379687440000001,0.0,-1.79835218,0.0,1.624532925199433,1.624532925199433,1.624532925199433,0.0,0.113,0.113,0.113,0.0,-1.29,-1.29,-1.29,0.0,1.4400000000000002,1.1520000000000001,1.1520000000000001,0.0
2026-10-07T19:47:40.374568+00:00,28.357395499944687,3.3452380952380856,hardware,ACTIVE,0,0.14486232791552936,0.0,,0.0,,0.0,,0.0,1.624532925199433,0.0,0.113,0.0,-1.29,0.0,-1.152002285,0.0,1.159887499,0.0,-1.159926402,0.0,1.545295464,0.0,1.1520000000000001,0.0,1.137927328,0.0,-1.137966411,0.0,1.1379687440000001,0.0,-1.79835218,0.0,1.624532925199433,1.624532925199433,1.624532925199433,0.0,0.113,0.113,0.113,0.0,-1.29,-1.29,-1.29,0.0,1.4400000000000002,1.1520000000000001,1.1520000000000001,0.0
2026-10-07T19:47:40.401099+00:00,28.383940499974415,3.3571428571428474,hardware,ACTIVE,0,0.14486232791552936,0.0,,0.0,,0.0,,0.0,1.624532925199433,0.0,0.113,0.0,-1.29,0.0,-1.152002285,0.0,1.159887499,0.0,-1.159926402,0.0,1.545295464,0.0,1.1520000000000001,0.0,1.137927328,0.0,-1.137966411,0.0,1.1379687440000001,0.0,-1.79835218,0.0,1.624532925199433,1.624532925199433,1.624532925199433,0.0,0.113,0.113,0.113,0.0,-1.29,-1.29,-1.29,0.0,1.4400000000000002,1.1520000000000001,1.1520000000000001,0.0
2026-10-07T19:47:40.426567+00:00,28.409384900005534,3.3690476190476093,hardware,ACTIVE,0,0.14486232791552936,0.0,,0.0,,0.0,,0.0,1.624532925199433,0.0,0.113,0.0,-1.29,0.0,-1.152002285,0.0,1.159887499,0.0,-1.159926402,0.0,1.545295464,0.0,1.1520000000000001,0.0,1.137927328,0.0,-1.137966411,0.0,1.1379687440000001,0.0,-1.79835218,0.0,1.624532925199433,1.624532925199433,1.624532925199433,0.0,0.113,0.113,0.113,0.0,-1.29,-1.29,-1.29,0.0,1.4400000000000002,1.1520000000000001,1.1520000000000001,0.0
2026-10-07T19:47:40.452585+00:00,28.43547399993986,3.380952380952371,hardware,ACTIVE,0,0.14486232791552936,0.0,,0.0,,0.0,,0.0,1.624532925199433,0.0,0.113,0.0,-1.29,0.0,-1.152002285,0.0,1.159887499,0.0,-1.159926402,0.0,1.545295464,0.0,1.1520000000000001,0.0,1.137927328,0.0,-1.137966411,0.0,1.1379687440000001,0.0,-1.79835218,0.0,1.624532925199433,1.624532925199433,1.624532925199433,0.0,0.113,0.113,0.113,0.0,-1.29,-1.29,-1.29,0.0,1.4400000000000002,1.1520000000000001,1.1520000000000001,0.0
2026-10-07T19:47:40.478577+00:00,28.46163329994306,3.392857142857133,hardware,ACTIVE,0,0.14486232791552936,0.0,,0.0,,0.0,,0.0,1.624532925199433,0.0,0.113,0.0,-1.29,0.0,-1.152002285,0.0,1.159887499,0.0,-1.159926402,0.0,1.545295464,0.0,1.1520000000000001,0.0,1.137927328,0.0,-1.137966411,0.0,1.1379687440000001,0.0,-1.79835218,0.0,1.624532925199433,1.624532925199433,1.624532925199433,0.0,0.113,0.113,0.113,0.0,-1.29,-1.29,-1.29,0.0,1.4400000000000002,1.1520000000000001,1.1520000000000001,0.0
2026-10-07T19:47:40.504105+00:00,28.487046199850738,3.404761904761895,hardware,ACTIVE,0,0.14486232791552936,0.0,,0.0,,0.0,,0.0,1.624532925199433,0.0,0.113,0.0,-1.29,0.0,-1.152002285,0.0,1.159887499,0.0,-1.159926402,0.0,1.545295464,0.0,1.1520000000000001,0.0,1.137927328,0.0,-1.137966411,0.0,1.1379687440000001,0.0,-1.79835218,0.0,1.624532925199433,1.624532925199433,1.624532925199433,0.0,0.113,0.113,0.113,0.0,-1.29,-1.29,-1.29,0.0,1.4400000000000002,1.1520000000000001,1.1520000000000001,0.0
2026-10-07T19:47:40.530113+00:00,28.513034499948844,3.4166666666666567,hardware,ACTIVE,0,0.14486232791552936,0.0,,0.0,,0.0,,0.0,1.624532925199433,0.0,0.113,0.0,-1.29,0.0,-1.152002285,0.0,1.159887499,0.0,-1.159926402,0.0,1.545295464,0.0,1.1520000000000001,0.0,1.137927328,0.0,-1.137966411,0.0,1.1379687440000001,0.0,-1.79835218,0.0,1.624532925199433,1.624532925199433,1.624532925199433,0.0,0.113,0.113,0.113,0.0,-1.29,-1.29,-1.29,0.0,1.4400000000000002,1.1520000000000001,1.1520000000000001,0.0
2026-10-07T19:47:40.555105+00:00,28.537951099919155,3.4285714285714186,hardware,ACTIVE,0,0.14486232791552936,0.0,,0.0,,0.0,,0.0,1.624532925199433,0.0,0.113,0.0,-1.29,0.0,-1.152002285,0.0,1.159887499,0.0,-1.159926402,0.0,1.545295464,0.0,1.1520000000000001,0.0,1.137927328,0.0,-1.137966411,0.0,1.1379687440000001,0.0,-1.79835218,0.0,1.624532925199433,1.624532925199433,1.624532925199433,0.0,0.113,0.113,0.113,0.0,-1.29,-1.29,-1.29,0.0,1.4400000000000002,1.1520000000000001,1.1520000000000001,0.0
2026-10-07T19:47:40.581132+00:00,28.563834799919277,3.4404761904761805,hardware,ACTIVE,0,0.14486232791552936,0.0,,0.0,,0.0,,0.0,1.624532925199433,0.0,0.113,0.0,-1.29,0.0,-1.152002285,0.0,1.159887499,0.0,-1.159926402,0.0,1.545295464,0.0,1.1520000000000001,0.0,1.137927328,0.0,-1.137966411,0.0,1.1379687440000001,0.0,-1.79835218,0.0,1.624532925199433,1.624532925199433,1.624532925199433,0.0,0.113,0.113,0.113,0.0,-1.29,-1.29,-1.29,0.0,1.4400000000000002,1.1520000000000001,1.1520000000000001,0.0
2026-10-07T19:47:40.605666+00:00,28.588560099946335,3.4523809523809423,hardware,ACTIVE,0,0.14486232791552936,0.0,,0.0,,0.0,,0.0,1.624532925199433,0.0,0.113,0.0,-1.29,0.0,-1.152002285,0.0,1.159887499,0.0,-1.159926402,0.0,1.545295464,0.0,1.1520000000000001,0.0,1.137927328,0.0,-1.137966411,0.0,1.1379687440000001,0.0,-1.79835218,0.0,1.624532925199433,1.624532925199433,1.624532925199433,0.0,0.113,0.113,0.113,0.0,-1.29,-1.29,-1.29,0.0,1.4400000000000002,1.1520000000000001,1.1520000000000001,0.0
2026-10-07T19:47:40.630654+00:00,28.61319849989377,3.464285714285704,hardware,ACTIVE,0,0.14486232791552936,0.0,,0.0,,0.0,,0.0,1.624532925199433,0.0,0.113,0.0,-1.29,0.0,-1.152002285,0.0,1.159887499,0.0,-1.159926402,0.0,1.545295464,0.0,1.1520000000000001,0.0,1.137927328,0.0,-1.137966411,0.0,1.1379687440000001,0.0,-1.79835218,0.0,1.624532925199433,1.624532925199433,1.624532925199433,0.0,0.113,0.113,0.113,0.0,-1.29,-1.29,-1.29,0.0,1.4400000000000002,1.1520000000000001,1.1520000000000001,0.0
2026-10-07T19:47:40.655658+00:00,28.638399000046775,3.476190476190466,hardware,ACTIVE,0,0.14486232791552936,0.0,,0.0,,0.0,,0.0,1.624532925199433,0.0,0.113,0.0,-1.29,0.0,-1.152002285,0.0,1.159887499,0.0,-1.159926402,0.0,1.545295464,0.0,1.1520000000000001,0.0,1.137927328,0.0,-1.137966411,0.0,1.1379687440000001,0.0,-1.79835218,0.0,1.624532925199433,1.624532925199433,1.624532925199433,0.0,0.113,0.113,0.113,0.0,-1.29,-1.29,-1.29,0.0,1.4400000000000002,1.1520000000000001,1.1520000000000001,0.0
2026-10-07T19:47:40.680684+00:00,28.663645499851555,3.488095238095228,hardware,ACTIVE,0,0.14486232791552936,0.0,,0.0,,0.0,,0.0,1.624532925199433,0.0,0.113,0.0,-1.29,0.0,-1.152002285,0.0,1.159887499,0.0,-1.159926402,0.0,1.545295464,0.0,1.1520000000000001,0.0,1.137927328,0.0,-1.137966411,0.0,1.1379687440000001,0.0,-1.79835218,0.0,1.624532925199433,1.624532925199433,1.624532925199433,0.0,0.113,0.113,0.113,0.0,-1.29,-1.29,-1.29,0.0,1.4400000000000002,1.1520000000000001,1.1520000000000001,0.0
2026-10-07T19:47:40.706211+00:00,28.689188999822363,3.49999999999999,hardware,ACTIVE,0,0.14486232791552936,0.0,,0.0,,0.0,,0.0,1.624532925199433,0.0,0.113,0.0,-1.29,0.0,-1.152002285,0.0,1.159887499,0.0,-1.159926402,0.0,1.545295464,0.0,1.1520000000000001,0.0,1.137927328,0.0,-1.137966411,0.0,1.1379687440000001,0.0,-1.79835218,0.0,1.624532925199433,1.624532925199433,1.624532925199433,0.0,0.113,0.113,0.113,0.0,-1.29,-1.29,-1.29,0.0,1.4400000000000002,1.1520000000000001,1.1520000000000001,0.0
2026-10-07T19:47:40.732209+00:00,28.715240000048652,3.5119047619047516,hardware,ACTIVE,0,0.14486232791552936,0.0,,0.0,,0.0,,0.0,1.624532925199433,0.0,0.113,0.0,-1.29,0.0,-1.152002285,0.0,1.159887499,0.0,-1.159926402,0.0,1.545295464,0.0,1.1520000000000001,0.0,1.137927328,0.0,-1.137966411,0.0,1.1379687440000001,0.0,-1.79835218,0.0,1.624532925199433,1.624532925199433,1.624532925199433,0.0,0.113,0.113,0.113,0.0,-1.29,-1.29,-1.29,0.0,1.4400000000000002,1.1520000000000001,1.1520000000000001,0.0
2026-10-07T19:47:40.757221+00:00,28.740074599860236,3.5238095238095135,hardware,ACTIVE,0,0.14486232791552936,0.0,,0.0,,0.0,,0.0,1.624532925199433,0.0,0.113,0.0,-1.29,0.0,-1.152002285,0.0,1.159887499,0.0,-1.159926402,0.0,1.545295464,0.0,1.1520000000000001,0.0,1.137927328,0.0,-1.137966411,0.0,1.1379687440000001,0.0,-1.79835218,0.0,1.624532925199433,1.624532925199433,1.624532925199433,0.0,0.113,0.113,0.113,0.0,-1.29,-1.29,-1.29,0.0,1.4400000000000002,1.1520000000000001,1.1520000000000001,0.0
2026-10-07T19:47:40.782223+00:00,28.764778399839997,3.5357142857142754,hardware,ACTIVE,0,0.14486232791552936,0.0,,0.0,,0.0,,0.0,1.624532925199433,0.0,0.113,0.0,-1.29,0.0,-1.152002285,0.0,1.159887499,0.0,-1.159926402,0.0,1.545295464,0.0,1.1520000000000001,0.0,1.137927328,0.0,-1.137966411,0.0,1.1379687440000001,0.0,-1.79835218,0.0,1.624532925199433,1.624532925199433,1.624532925199433,0.0,0.113,0.113,0.113,0.0,-1.29,-1.29,-1.29,0.0,1.4400000000000002,1.1520000000000001,1.1520000000000001,0.0
2026-10-07T19:47:40.806750+00:00,28.789639699971303,3.5476190476190372,hardware,ACTIVE,0,0.14486232791552936,0.0,,0.0,,0.0,,0.0,1.624532925199433,0.0,0.113,0.0,-1.29,0.0,-1.152002285,0.0,1.159887499,0.0,-1.159926402,0.0,1.545295464,0.0,1.1520000000000001,0.0,1.137927328,0.0,-1.137966411,0.0,1.1379687440000001,0.0,-1.79835218,0.0,1.624532925199433,1.624532925199433,1.624532925199433,0.0,0.113,0.113,0.113,0.0,-1.29,-1.29,-1.29,0.0,1.4400000000000002,1.1520000000000001,1.1520000000000001,0.0
2026-10-07T19:47:40.830814+00:00,28.813326000003144,3.559523809523799,hardware,ACTIVE,0,0.14486232791552936,0.0,,0.0,,0.0,,0.0,1.624532925199433,0.0,0.113,0.0,-1.29,0.0,-1.152002285,0.0,1.159887499,0.0,-1.159926402,0.0,1.545295464,0.0,1.1520000000000001,0.0,1.137927328,0.0,-1.137966411,0.0,1.1379687440000001,0.0,-1.79835218,0.0,1.624532925199433,1.624532925199433,1.624532925199433,0.0,0.113,0.113,0.113,0.0,-1.29,-1.29,-1.29,0.0,1.4400000000000002,1.1520000000000001,1.1520000000000001,0.0
2026-10-07T19:47:40.853754+00:00,28.836792699992657,3.571428571428561,hardware,ACTIVE,0,0.14486232791552936,0.0,,0.0,,0.0,,0.0,1.624532925199433,0.0,0.113,0.0,-1.29,0.0,-1.152002285,0.0,1.159887499,0.0,-1.159926402,0.0,1.545295464,0.0,1.1520000000000001,0.0,1.137927328,0.0,-1.137966411,0.0,1.1379687440000001,0.0,-1.79835218,0.0,1.624532925199433,1.624532925199433,1.624532925199433,0.0,0.113,0.113,0.113,0.0,-1.29,-1.29,-1.29,0.0,1.4400000000000002,1.1520000000000001,1.1520000000000001,0.0
2026-10-07T19:47:40.878791+00:00,28.861763099906966,3.583333333333323,hardware,ACTIVE,0,0.14486232791552936,0.0,,0.0,,0.0,,0.0,1.624532925199433,0.0,0.113,0.0,-1.29,0.0,-1.152002285,0.0,1.159887499,0.0,-1.159926402,0.0,1.545295464,0.0,1.1520000000000001,0.0,1.137927328,0.0,-1.137966411,0.0,1.1379687440000001,0.0,-1.79835218,0.0,1.624532925199433,1.624532925199433,1.624532925199433,0.0,0.113,0.113,0.113,0.0,-1.29,-1.29,-1.29,0.0,1.4400000000000002,1.1520000000000001,1.1520000000000001,0.0
2026-10-07T19:47:40.903317+00:00,28.885657799895853,3.5952380952380847,hardware,ACTIVE,0,0.14486232791552936,0.0,,0.0,,0.0,,0.0,1.624532925199433,0.0,0.113,0.0,-1.29,0.0,-1.152002285,0.0,1.159887499,0.0,-1.159926402,0.0,1.545295464,0.0,1.1520000000000001,0.0,1.137927328,0.0,-1.137966411,0.0,1.1379687440000001,0.0,-1.79835218,0.0,1.624532925199433,1.624532925199433,1.624532925199433,0.0,0.113,0.113,0.113,0.0,-1.29,-1.29,-1.29,0.0,1.4400000000000002,1.1520000000000001,1.1520000000000001,0.0
2026-10-07T19:47:40.927457+00:00,28.909872099990025,3.6071428571428465,hardware,ACTIVE,0,0.14486232791552936,0.0,,0.0,,0.0,,0.0,1.624532925199433,0.0,0.113,0.0,-1.29,0.0,-1.152002285,0.0,1.159887499,0.0,-1.159926402,0.0,1.545295464,0.0,1.1520000000000001,0.0,1.137927328,0.0,-1.137966411,0.0,1.1379687440000001,0.0,-1.79835218,0.0,1.624532925199433,1.624532925199433,1.624532925199433,0.0,0.113,0.113,0.113,0.0,-1.29,-1.29,-1.29,0.0,1.4400000000000002,1.1520000000000001,1.1520000000000001,0.0
2026-10-07T19:47:40.952844+00:00,28.935257100034505,3.6190476190476084,hardware,ACTIVE,0,0.14486232791552936,0.0,,0.0,,0.0,,0.0,1.624532925199433,0.0,0.113,0.0,-1.29,0.0,-1.152002285,0.0,1.159887499,0.0,-1.159926402,0.0,1.545295464,0.0,1.1520000000000001,0.0,1.137927328,0.0,-1.137966411,0.0,1.1379687440000001,0.0,-1.79835218,0.0,1.624532925199433,1.624532925199433,1.624532925199433,0.0,0.113,0.113,0.113,0.0,-1.29,-1.29,-1.29,0.0,1.4400000000000002,1.1520000000000001,1.1520000000000001,0.0
2026-10-07T19:47:40.976861+00:00,28.959058299893513,3.6309523809523703,hardware,ACTIVE,0,0.14486232791552936,0.0,,0.0,,0.0,,0.0,1.624532925199433,0.0,0.113,0.0,-1.29,0.0,-1.152002285,0.0,1.159887499,0.0,-1.159926402,0.0,1.545295464,0.0,1.1520000000000001,0.0,1.137927328,0.0,-1.137966411,0.0,1.1379687440000001,0.0,-1.79835218,0.0,1.624532925199433,1.624532925199433,1.624532925199433,0.0,0.113,0.113,0.113,0.0,-1.29,-1.29,-1.29,0.0,1.4400000000000002,1.1520000000000001,1.1520000000000001,0.0
2026-10-07T19:47:41.000384+00:00,28.98324520001188,3.642857142857132,hardware,ACTIVE,0,0.14486232791552936,0.0,,0.0,,0.0,,0.0,1.624532925199433,0.0,0.113,0.0,-1.29,0.0,-1.152002285,0.0,1.159887499,0.0,-1.159926402,0.0,1.545295464,0.0,1.1520000000000001,0.0,1.137927328,0.0,-1.137966411,0.0,1.1379687440000001,0.0,-1.79835218,0.0,1.624532925199433,1.624532925199433,1.624532925199433,0.0,0.113,0.113,0.113,0.0,-1.29,-1.29,-1.29,0.0,1.4400000000000002,1.1520000000000001,1.1520000000000001,0.0
2026-10-07T19:47:41.025384+00:00,29.00820179982111,3.654761904761894,hardware,ACTIVE,0,0.14486232791552936,0.0,,0.0,,0.0,,0.0,1.624532925199433,0.0,0.113,0.0,-1.29,0.0,-1.152002285,0.0,1.159887499,0.0,-1.159926402,0.0,1.545295464,0.0,1.1520000000000001,0.0,1.137927328,0.0,-1.137966411,0.0,1.1379687440000001,0.0,-1.79835218,0.0,1.624532925199433,1.624532925199433,1.624532925199433,0.0,0.113,0.113,0.113,0.0,-1.29,-1.29,-1.29,0.0,1.4400000000000002,1.1520000000000001,1.1520000000000001,0.0
2026-10-07T19:47:41.050385+00:00,29.032620899844915,3.666666666666656,hardware,ACTIVE,0,0.14486232791552936,0.0,,0.0,,0.0,,0.0,1.624532925199433,0.0,0.113,0.0,-1.29,0.0,-1.152002285,0.0,1.159887499,0.0,-1.159926402,0.0,1.545295464,0.0,1.1520000000000001,0.0,1.137927328,0.0,-1.137966411,0.0,1.1379687440000001,0.0,-1.79835218,0.0,1.624532925199433,1.624532925199433,1.624532925199433,0.0,0.113,0.113,0.113,0.0,-1.29,-1.29,-1.29,0.0,1.4400000000000002,1.1520000000000001,1.1520000000000001,0.0
2026-10-07T19:47:41.075395+00:00,29.05804459983483,3.6785714285714177,hardware,ACTIVE,0,0.14486232791552936,0.0,,0.0,,0.0,,0.0,1.624532925199433,0.0,0.113,0.0,-1.29,0.0,-1.152002285,0.0,1.159887499,0.0,-1.159926402,0.0,1.545295464,0.0,1.1520000000000001,0.0,1.137927328,0.0,-1.137966411,0.0,1.1379687440000001,0.0,-1.79835218,0.0,1.624532925199433,1.624532925199433,1.624532925199433,0.0,0.113,0.113,0.113,0.0,-1.29,-1.29,-1.29,0.0,1.4400000000000002,1.1520000000000001,1.1520000000000001,0.0
2026-10-07T19:47:41.098952+00:00,29.082003299845383,3.6904761904761796,hardware,ACTIVE,0,0.14486232791552936,0.0,,0.0,,0.0,,0.0,1.624532925199433,0.0,0.113,0.0,-1.29,0.0,-1.152002285,0.0,1.159887499,0.0,-1.159926402,0.0,1.545295464,0.0,1.1520000000000001,0.0,1.137927328,0.0,-1.137966411,0.0,1.1379687440000001,0.0,-1.79835218,0.0,1.624532925199433,1.624532925199433,1.624532925199433,0.0,0.113,0.113,0.113,0.0,-1.29,-1.29,-1.29,0.0,1.4400000000000002,1.1520000000000001,1.1520000000000001,0.0
2026-10-07T19:47:41.324499+00:00,29.306668299948797,3.7023809523809414,hardware,ACTIVE,0,0.14486232791552936,0.0,,0.0,,0.0,,0.0,1.624532925199433,0.0,0.113,0.0,-1.29,0.0,-1.152002285,0.0,1.159887499,0.0,-1.159926402,0.0,1.545295464,0.0,1.1520000000000001,0.0,1.137927328,0.0,-1.137966411,0.0,1.1379687440000001,0.0,-1.79835218,0.0,1.624532925199433,1.624532925199433,1.624532925199433,0.0,0.113,0.113,0.113,0.0,-1.29,-1.29,-1.29,0.0,1.4400000000000002,1.1520000000000001,1.1520000000000001,0.0
2026-10-07T19:47:41.352498+00:00,29.335443999851122,3.7142857142857033,hardware,ACTIVE,0,0.14486232791552936,0.0,,0.0,,0.0,,0.0,1.624532925199433,0.0,0.113,0.0,-1.29,0.0,-1.152002285,0.0,1.159887499,0.0,-1.159926402,0.0,1.545295464,0.0,1.1520000000000001,0.0,1.137927328,0.0,-1.137966411,0.0,1.1379687440000001,0.0,-1.79835218,0.0,1.624532925199433,1.624532925199433,1.624532925199433,0.0,0.113,0.113,0.113,0.0,-1.29,-1.29,-1.29,0.0,1.4400000000000002,1.1520000000000001,1.1520000000000001,0.0
