v 0.229607433 0.0161388945 0.184693441
v 0.229503408 0.0161235649 0.184569642
v 0.228920206 0.0200808197 0.184569642
v 0.229724079 0.0161560867 0.184805125
v 0.229024231 0.0200961512 0.184693441
v 0.229852006 0.0161749385 0.184903413
v 0.229140878 0.0201133434 0.184805125
v 0.229989678 0.0161952302 0.184987158
v 0.229268789 0.0201321952 0.184903413
v 0.230135515 0.0162167214 0.185055345
v 0.229406476 0.020152485 0.184987158
v 0.23028779 0.0162391625 0.185107216
v 0.229552314 0.0201739781 0.185055345
v 0.230444714 0.0162622891 0.18514213
v 0.229704574 0.0201964192 0.185107216
v 0.23060444 0.0162858311 0.185159683
v 0.229861498 0.0202195458 0.18514213
v 0.230765134 0.0163095128 0.185159683
v 0.230021238 0.0202430878 0.185159683
v 0.230924875 0.0163330548 0.18514213
v 0.230181918 0.0202667676 0.185159683
v 0.231081799 0.0163561814 0.185107216
v 0.230341658 0.0202903096 0.18514213
v 0.231234059 0.0163786225 0.185055345
v 0.230498582 0.0203134362 0.185107216
v 0.231379896 0.0164001137 0.184987158
v 0.230650857 0.0203358773 0.185055345
v 0.23079668 0.0203573685 0.184987158
v 0.230934367 0.0203776602 0.184903413
v 0.231474578 0.0164140686 0.1849318
v 0.231517568 0.0164204054 0.184903413
v 0.231645495 0.0164392572 0.184805125
v 0.231762141 0.0164564494 0.184693441
v 0.231062278 0.020396512 0.184805125
v 0.231866166 0.016471779 0.184569642
v 0.231178939 0.0204137042 0.184693441
v 0.231956333 0.0164850689 0.184435219
v 0.231282964 0.0204290338 0.184569642
v 0.232031599 0.016496161 0.18429172
v 0.231373131 0.0204423238 0.184435219
v 0.232091084 0.0165049266 0.184140831
v 0.231448397 0.0204534158 0.18429172
v 0.232134059 0.0165112615 0.183984339
v 0.231507868 0.0204621814 0.184140831
v 0.232160062 0.0165150929 0.183824062
v 0.231550857 0.0204685163 0.183984339
v 0.232168764 0.0165163744 0.183661893
v 0.23157686 0.0204723477 0.183824062
v 0.232160062 0.0165150929 0.183499709
v 0.231585547 0.0204736292 0.183661893
v 0.232134059 0.0165112615 0.183339432
v 0.23157686 0.0204723477 0.183499709
v 0.232091084 0.0165049266 0.18318294
v 0.231550857 0.0204685163 0.183339432
v 0.232031599 0.016496161 0.183032051
v 0.231507868 0.0204621814 0.18318294
v 0.231956333 0.0164850689 0.182888553
v 0.231448397 0.0204534158 0.183032051
v 0.231372401 0.0204422157 0.182888955
v 0.231365114 0.0204411428 0.182875246
v 0.231866166 0.016471779 0.182754129
v 0.231284127 0.020432895 0.182756379
v 0.231762141 0.0164564494 0.18263033
v 0.231196478 0.020430373 0.182651624
v 0.23117955 0.0204308722 0.18263492
v 0.231282294 0.0204328429 0.182754204
v 0.231645495 0.0164392572 0.182518646
v 0.231175646 0.0204309858 0.18263106
v 0.231099054 0.0204332415 0.182555452
v 0.231517568 0.0164204054 0.182420358
v 0.231055394 0.020436734 0.182519779
v 0.231018215 0.0204397086 0.182489425
v 0.230992377 0.0204417743 0.182468325
v 0.231379896 0.0164001137 0.182336614
v 0.230876923 0.0204563309 0.182390779
v 0.230860516 0.0204591174 0.182381839
v 0.230922773 0.0204505511 0.18242158
v 0.231234059 0.0163786225 0.182268426
v 0.230753079 0.0204773676 0.182323337
v 0.230704278 0.0204877667 0.182302341
v 0.230779141 0.0204729419 0.182337523
v 0.231081799 0.0163561814 0.182216555
v 0.230621263 0.0205054563 0.182266623
v 0.230549991 0.0205237828 0.182243437
v 0.230625927 0.0205044653 0.18226862
v 0.230481833 0.0205413029 0.182221293
v 0.230924875 0.0163330548 0.182181641
v 0.230464071 0.0205466487 0.182217166
v 0.230395809 0.0205671787 0.182201356
v 0.230352163 0.0205803011 0.182191253
v 0.230765134 0.0163095128 0.182164088
v 0.230295658 0.0206007473 0.182183266
v 0.230240196 0.0206208173 0.182175443
v 0.230198532 0.0206358917 0.182169557
v 0.23060444 0.0162858311 0.182164088
v 0.230123341 0.0206636507 0.182165846
v 0.230077609 0.0206805319 0.182163596
v 0.230043054 0.0206932873 0.182161897
v 0.230444714 0.0162622891 0.182181641
v 0.229918778 0.0207395721 0.182167679
v 0.229871109 0.0207573231 0.182169884
v 0.229949892 0.0207279865 0.182166234
v 0.23028779 0.0162391625 0.182216555
v 0.22971639 0.0208152402 0.182192817
v 0.229700491 0.0208211895 0.182195172
v 0.229777426 0.0207923949 0.182183772
v 0.230135515 0.0162167214 0.182268426
v 0.229473203 0.0208899397 0.182258993
v 0.229450524 0.0208958779 0.182266608
v 0.229608431 0.0208513141 0.182217941
v 0.229559243 0.0208674092 0.182230115
v 0.229989678 0.0161952302 0.182336614
v 0.229445845 0.0208967645 0.182268545
v 0.229362845 0.0209124666 0.182302907
v 0.229852006 0.0161749385 0.182420358
v 0.229238018 0.0209207516 0.182367072
v 0.229193643 0.0209169462 0.182394102
v 0.229293257 0.0209199078 0.182336688
v 0.229293376 0.0209198929 0.182336614
v 0.229051024 0.0208696891 0.182500809
v 0.229031444 0.0208582338 0.182519034
v 0.229154378 0.0209089406 0.182420447
v 0.229148865 0.0209078155 0.182424143
v 0.229103357 0.0208930727 0.18245779
v 0.229724079 0.0161560867 0.182518646
v 0.228925154 0.0207853466 0.182627738
v 0.228923053 0.0207833648 0.182630435
v 0.228965208 0.0208152402 0.182584569
v 0.228991523 0.0208348837 0.182556197
v 0.229607433 0.0161388945 0.18263033
v 0.228853941 0.0207179952 0.182719231
v 0.228831589 0.0206908118 0.182755053
v 0.229413241 0.0161102749 0.182888553
v 0.228826165 0.0206842106 0.182763755
v 0.228777692 0.0206252299 0.182841465
v 0.229503408 0.0161235649 0.182754129
v 0.228706107 0.0205179732 0.182992205
v 0.228692368 0.0204915516 0.183032796
v 0.228754804 0.0205909498 0.182889655
v 0.228738099 0.0205659047 0.182924852
v 0.229337975 0.0160991829 0.183032051
v 0.228652954 0.0204156805 0.183149323
v 0.228645355 0.0203953572 0.183183327
v 0.228683993 0.0204754323 0.183057547
v 0.229278505 0.0160904173 0.18318294
v 0.228621125 0.020330593 0.183291703
v 0.228614315 0.0203065928 0.18333967
v 0.228641585 0.0203852709 0.18320021
v 0.229235515 0.0160840824 0.183339432
v 0.228599146 0.020236101 0.183493823
v 0.228598759 0.0202335324 0.183499873
v 0.228604823 0.0202730969 0.183406591
v 0.228613749 0.0203045905 0.183343664
v 0.229209512 0.016080251 0.183499709
v 0.228598177 0.0201772191 0.183652282
v 0.228598356 0.0201738589 0.183661923
v 0.228596017 0.0202157237 0.183541849
v 0.22920081 0.0160789695 0.183661893
v 0.228613198 0.0201276597 0.183822274
v 0.228613392 0.0201271679 0.183824047
v 0.228598863 0.0201649554 0.183687449
v 0.229235515 0.0160840824 0.183984339
v 0.228614062 0.0201254152 0.18383038
v 0.228641048 0.0200962741 0.183969766
v 0.229209512 0.016080251 0.183824062
v 0.228679299 0.0200768113 0.184105009
v 0.228692621 0.0200740062 0.184140414
v 0.228645116 0.0200941991 0.18398419
v 0.228651434 0.0200909842 0.184006512
v 0.229278505 0.0160904173 0.184140831
v 0.228728399 0.0200664718 0.184235513
v 0.228754833 0.0200657453 0.18429105
v 0.228719473 0.0200683512 0.184211791
v 0.229337975 0.0160991829 0.18429172
v 0.228787959 0.0200648364 0.184360668
v 0.228831172 0.0200690683 0.184434429
v 0.229413241 0.0161102749 0.184435219
v 0.228858873 0.0200717822 0.184481725
v 0.233823538 0.0208034571 0.196635127
v 0.230021238 0.0202430878 0.185159683
v 0.229861498 0.0202195458 0.18514213
v 0.230181918 0.0202667676 0.185159683
v 0.230498582 0.0203134362 0.185107216
v 0.230341658 0.0202903096 0.18514213
v 0.2400897 0.0217269398 0.192618608
v 0.230934367 0.0203776602 0.184903413
v 0.23079668 0.0203573685 0.184987158
v 0.226961836 0.0197922029 0.18569769
v 0.229024231 0.0200961512 0.184693441
v 0.228920206 0.0200808197 0.184569642
v 0.229268789 0.0201321952 0.184903413
v 0.229140878 0.0201133434 0.184805125
v 0.229552314 0.0201739781 0.185055345
v 0.229406476 0.020152485 0.184987158
v 0.229704574 0.0201964192 0.185107216
v 0.230650857 0.0203358773 0.185055345
v 0.231178939 0.0204137042 0.184693441
v 0.231062278 0.020396512 0.184805125
v 0.231282964 0.0204290338 0.184569642
v 0.231550857 0.0204685163 0.183984339
v 0.231507868 0.0204621814 0.184140831
v 0.233227998 0.0207156874 0.181681171
v 0.23157686 0.0204723477 0.183499709
v 0.231585547 0.0204736292 0.183661893
v 0.231448397 0.0204534158 0.18429172
v 0.231373131 0.0204423238 0.184435219
v 0.23157686 0.0204723477 0.183824062
v 0.231550857 0.0204685163 0.183339432
v 0.231448397 0.0204534158 0.183032051
v 0.231507868 0.0204621814 0.18318294
v 0.231365114 0.0204411428 0.182875246
v 0.231372401 0.0204422157 0.182888955
v 0.228858873 0.0200717822 0.184481725
v 0.232233524 0.0215832032 0.180329174
v 0.225967735 0.0206600334 0.184346333
v 0.226010323 0.0205335375 0.184383705
v 0.232283279 0.0214388128 0.180373594
v 0.232183903 0.0217581112 0.180291981
v 0.225918069 0.0208348241 0.184309036
v 0.22596167 0.0206780266 0.184341028
v 0.23213461 0.0219754521 0.180265039
v 0.225868583 0.0210520234 0.184281766
v 0.225913942 0.0208496209 0.184306011
v 0.232086241 0.0222556219 0.180253997
v 0.225820079 0.0213321391 0.184270516
v 0.225867286 0.0210578032 0.184281081
v 0.22679925 0.0197841171 0.185442194
v 0.228787959 0.0200648364 0.184360668
v 0.228754833 0.0200657453 0.18429105
v 0.228728399 0.0200664718 0.184235513
v 0.226809338 0.0197829455 0.185457662
v 0.226961836 0.0197922029 0.18569769
v 0.228831172 0.0200690683 0.184434429
v 0.228858873 0.0200717822 0.184481725
v 0.226684362 0.0197979119 0.185266122
v 0.226686954 0.0197971594 0.185270011
v 0.228719473 0.0200683512 0.184211791
v 0.228692621 0.0200740062 0.184140414
v 0.228679299 0.0200768113 0.184105009
v 0.226586223 0.019826306 0.185119539
v 0.228614062 0.0201254152 0.18383038
v 0.228613392 0.0201271679 0.183824047
v 0.228641048 0.0200962741 0.183969766
v 0.228651434 0.0200909842 0.184006512
v 0.228645116 0.0200941991 0.18398419
v 0.226500511 0.0198657326 0.184994891
v 0.228598863 0.0201649554 0.183687449
v 0.228598356 0.0201738589 0.183661923
v 0.226585031 0.0198266525 0.185117766
v 0.228613198 0.0201276597 0.183822274
v 0.226424038 0.0199140813 0.184886709
v 0.228596017 0.0202157237 0.183541849
v 0.228598759 0.0202335324 0.183499873
v 0.226497829 0.0198669713 0.184991002
v 0.228598177 0.0201772191 0.183652282
v 0.22635442 0.0199707523 0.184791118
v 0.226421446 0.0199157409 0.184883028
v 0.228599146 0.020236101 0.183493823
v 0.228604823 0.0202730969 0.183406591
v 0.226353049 0.0199718736 0.18478924
v 0.228613749 0.0203045905 0.183343664
v 0.226289883 0.0200365242 0.184705555
v 0.228614315 0.0203065928 0.18333967
v 0.228621125 0.020330593 0.183291703
v 0.226284534 0.020041991 0.184698477
v 0.228641585 0.0203852709 0.18320021
v 0.226228878 0.0201116912 0.184627667
v 0.228645355 0.0203953572 0.183183327
v 0.228652954 0.0204156805 0.183149323
v 0.22622253 0.0201196261 0.184619606
v 0.228683993 0.0204754323 0.183057547
v 0.226176128 0.0201893039 0.184563234
v 0.228692368 0.0204915516 0.183032796
v 0.228706107 0.0205179732 0.182992205
v 0.226165339 0.0202055089 0.184550121
v 0.228738099 0.0205659047 0.182924852
v 0.228754804 0.0205909498 0.182889655
v 0.226118371 0.0202891808 0.184496075
v 0.228777692 0.0206252299 0.182841465
v 0.226067543 0.0203939322 0.184440851
v 0.228853941 0.0207179952 0.182719231
v 0.228923053 0.0207833648 0.182630435
v 0.228925154 0.0207853466 0.182627738
v 0.226111546 0.0203013327 0.184488222
v 0.228826165 0.0206842106 0.182763755
v 0.228831589 0.0206908118 0.182755053
v 0.232333377 0.0213169679 0.180423751
v 0.229362845 0.0209124666 0.182302907
v 0.229445845 0.0208967645 0.182268545
v 0.229450524 0.0208958779 0.182266608
v 0.229293257 0.0209199078 0.182336688
v 0.229293376 0.0209198929 0.182336614
v 0.229238018 0.0209207516 0.182367072
v 0.229193643 0.0209169462 0.182394102
v 0.226017475 0.0205157287 0.184390768
v 0.229148865 0.0209078155 0.182424143
v 0.229154378 0.0209089406 0.182420447
v 0.228991523 0.0208348837 0.182556197
v 0.229031444 0.0208582338 0.182519034
v 0.226060122 0.0204095431 0.184432864
v 0.228965208 0.0208152402 0.182584569
v 0.229051024 0.0208696891 0.182500809
v 0.229103357 0.0208930727 0.18245779
v 0.229700491 0.0208211895 0.182195172
v 0.22971639 0.0208152402 0.182192817
v 0.229559243 0.0208674092 0.182230115
v 0.229608431 0.0208513141 0.182217941
v 0.229473203 0.0208899397 0.182258993
v 0.232384279 0.0212122146 0.180479065
v 0.229871109 0.0207573231 0.182169884
v 0.229918778 0.0207395721 0.182167679
v 0.229777426 0.0207923949 0.182183772
v 0.232441992 0.0211120863 0.18054609
v 0.230043054 0.0206932873 0.182161897
v 0.230077609 0.0206805319 0.182163596
v 0.229949892 0.0207279865 0.182166234
v 0.23250109 0.0210263841 0.180618584
v 0.230198532 0.0206358917 0.182169557
v 0.230240196 0.0206208173 0.182175443
v 0.232556075 0.020960046 0.180689111
v 0.232495055 0.0210351422 0.180611178
v 0.230123341 0.0206636507 0.182165846
v 0.232562527 0.0209522713 0.180697381
v 0.230352163 0.0205803011 0.182191253
v 0.230395809 0.0205671787 0.182201356
v 0.232620671 0.0208946392 0.180774838
v 0.230295658 0.0206007473 0.182183266
v 0.2326276 0.0208877753 0.180784062
v 0.230481833 0.0205413029 0.182221293
v 0.230549991 0.0205237828 0.182243437
v 0.23269026 0.0208379105 0.180870369
v 0.230464071 0.0205466487 0.182217166
v 0.232697845 0.0208318792 0.1808808
v 0.230621263 0.0205054563 0.182266623
v 0.230625927 0.0205044653 0.18226862
v 0.232766718 0.0207896121 0.180978537
v 0.230704278 0.0204877667 0.182302341
v 0.232775167 0.0207844228 0.180990532
v 0.230779141 0.0204729419 0.182337523
v 0.230860516 0.0204591174 0.182381839
v 0.230753079 0.0204773676 0.182323337
v 0.232852399 0.0207503866 0.1811032
v 0.232862025 0.0207461454 0.181117237
v 0.230992377 0.0204417743 0.182468325
v 0.231018215 0.0204397086 0.182489425
v 0.232950509 0.0207219906 0.181249723
v 0.230876923 0.0204563309 0.182390779
v 0.230922773 0.0204505511 0.18242158
v 0.232961699 0.0207189359 0.181266487
v 0.231175646 0.0204309858 0.18263106
v 0.23117955 0.0204308722 0.18263492
v 0.231099054 0.0204332415 0.182555452
v 0.233065397 0.0207077693 0.181425691
v 0.231055394 0.020436734 0.182519779
v 0.233078733 0.0207063332 0.181446165
v 0.231284127 0.020432895 0.182756379
v 0.231365114 0.0204411428 0.182875246
v 0.233227998 0.0207156874 0.181681171
v 0.231196478 0.020430373 0.182651624
v 0.231282294 0.0204328429 0.182754204
v 0.225820079 0.0213321391 0.184270516
v 0.232086241 0.0222556219 0.180253997
v 0.226284057 0.0616254695 0.180253997
v 0.220017895 0.0607019849 0.184270516
v 0.2400897 0.0217269398 0.192618608
v 0.233823538 0.0208034571 0.196635127
v 0.233969152 0.0208375622 0.196870148
v 0.233981505 0.0208427813 0.196890607
v 0.240247697 0.0217661001 0.192874104
v 0.240238383 0.0217620693 0.192858636
v 0.234087408 0.0208895449 0.19706659
v 0.240353733 0.0218124539 0.193050176
v 0.240351453 0.0218109842 0.193046302
v 0.234077573 0.0208833888 0.197049826
v 0.234165162 0.0209381972 0.197199062
v 0.240439504 0.0218679532 0.193196759
v 0.240440547 0.0218686275 0.193198547
v 0.234173149 0.0209450349 0.197213113
v 0.234237283 0.0209999047 0.197325781
v 0.240510195 0.0219304301 0.193321422
v 0.234243885 0.0210073106 0.197337776
v 0.240512401 0.0219323877 0.193325311
v 0.234297633 0.021067651 0.197435498
v 0.240569472 0.0219987836 0.193429604
v 0.234303147 0.0210756119 0.197445944
v 0.240571484 0.0220011231 0.19343327
v 0.234348774 0.021141436 0.197532237
v 0.240619794 0.0220731311 0.193525195
v 0.234353423 0.021150006 0.197541475
v 0.240620777 0.022074597 0.193527058
v 0.234392464 0.0212219618 0.197618932
v 0.240662605 0.0221547242 0.193610743
v 0.240666136 0.0221615005 0.193617821
v 0.234396398 0.0212312657 0.197627187
v 0.234429911 0.0213106442 0.197697729
v 0.240699336 0.0222442951 0.193688646
v 0.234433159 0.0213207733 0.197705135
v 0.234461769 0.0214097537 0.197770223
v 0.24072744 0.0223338231 0.193753079
v 0.240703106 0.0222537201 0.193696707
v 0.234488145 0.0215222742 0.197837234
v 0.240753934 0.0224461183 0.193820238
v 0.240733102 0.0223524533 0.193766192
v 0.234506652 0.0216372572 0.197892562
v 0.240772381 0.0225610808 0.193875447
v 0.240756959 0.0224597212 0.193828091
v 0.234519482 0.0217683762 0.197942719
v 0.240785182 0.0226921383 0.193925545
v 0.240774989 0.0225781668 0.193883434
v 0.234525457 0.0219209809 0.197987139
v 0.240791172 0.0228446592 0.193969965
v 0.240786895 0.0227112547 0.193932608
v 0.234522507 0.0221027657 0.198024333
v 0.240788311 0.0230263472 0.194007277
v 0.240791783 0.0228636358 0.193975285
v 0.234507024 0.0223250892 0.198051274
v 0.240773037 0.0232485887 0.194034532
v 0.240787983 0.0230417028 0.194010288
v 0.234472498 0.0226073023 0.198062316
v 0.24073866 0.023530785 0.194045797
v 0.240772605 0.023254497 0.194035232
v 0.234472498 0.0226073023 0.198062316
v 0.228670314 0.0619771481 0.198062316
v 0.234936476 0.0629006326 0.194045797
v 0.24073866 0.023530785 0.194045797
v 0.228617802 0.0622751974 0.198048905
v 0.234884039 0.0631987154 0.194032535
v 0.234888107 0.0631808043 0.194034755
v 0.234936476 0.0629006326 0.194045797
v 0.228670314 0.0619771481 0.198062316
v 0.228623122 0.0622514822 0.198051751
v 0.228571087 0.0624789372 0.198022872
v 0.234837547 0.0634026006 0.19400686
v 0.234838814 0.0633981451 0.194007799
v 0.228576452 0.0624596626 0.198026806
v 0.228528723 0.0626312569 0.197991803
v 0.234789774 0.0635709986 0.193971053
v 0.234789193 0.0635730475 0.193970621
v 0.228523329 0.0626472682 0.19798708
v 0.228480071 0.062775746 0.197949126
v 0.234740958 0.0637130067 0.193927556
v 0.228474632 0.062789306 0.197943747
v 0.234739438 0.0637174398 0.193926185
v 0.228430286 0.062899746 0.197899953
v 0.234691039 0.0638351366 0.193877742
v 0.228424728 0.0629114136 0.197893992
v 0.234689325 0.0638392866 0.193876043
v 0.228378862 0.0630079508 0.19784461
v 0.234639451 0.0639419481 0.193821818
v 0.234638438 0.0639440343 0.193820715
v 0.228373125 0.0630181506 0.197838023
v 0.228325054 0.0631037802 0.19778271
v 0.234585226 0.0640363619 0.19375892
v 0.228319064 0.0631127879 0.197775424
v 0.234580725 0.0640441701 0.193753704
v 0.228267863 0.063189663 0.197713226
v 0.234527662 0.0641211122 0.193688616
v 0.22820586 0.0632672906 0.197634339
v 0.234471783 0.0641900003 0.193617269
v 0.234521627 0.0641298667 0.19368121
v 0.22826153 0.0631975904 0.197705165
v 0.228137344 0.0633374155 0.197543576
v 0.234403372 0.0642602965 0.193526715
v 0.23446019 0.064203985 0.193602413
v 0.228068963 0.0633935481 0.197449788
v 0.234335005 0.06431631 0.193432942
v 0.234395117 0.0642684773 0.193515718
v 0.227992564 0.0634423122 0.19734183
v 0.234258652 0.0643650144 0.193325013
v 0.234324872 0.0643243715 0.19341898
v 0.227905378 0.0634826347 0.197215065
v 0.23417151 0.064405337 0.193198323
v 0.23424755 0.0643718317 0.193309262
v 0.227803439 0.0635121241 0.19706282
v 0.234069616 0.0644349679 0.193046167
v 0.234160691 0.0644101053 0.193182543
v 0.227681056 0.0635263398 0.19687517
v 0.233947232 0.0644495711 0.192858607
v 0.234061018 0.0644373149 0.193033308
v 0.227528557 0.0635170862 0.196635127
v 0.233794719 0.0644405633 0.192618608
v 0.233943984 0.0644499213 0.19285363
v 0.227528557 0.0635170862 0.196635127
v 0.223590523 0.0629367083 0.184994102
v 0.223734289 0.0629578978 0.185009912
v 0.226933017 0.0634293109 0.181681171
v 0.233794719 0.0644405633 0.192618608
v 0.225142181 0.063165389 0.183661893
v 0.224022672 0.0630003959 0.184994102
v 0.224163905 0.0630212128 0.184962675
v 0.223878905 0.0629792064 0.185009912
v 0.220666856 0.0625058264 0.18569769
v 0.223181009 0.0628763586 0.184854627
v 0.225134343 0.0631642342 0.183515921
v 0.225072265 0.0631550848 0.184092939
v 0.225110948 0.0631607845 0.183952093
v 0.223312259 0.0628957003 0.184916005
v 0.223449305 0.0629158989 0.184962675
v 0.223057091 0.0628580973 0.184779271
v 0.222689226 0.0628038794 0.184401378
v 0.222743362 0.062811859 0.184478864
v 0.225110948 0.0631607845 0.183371678
v 0.225134343 0.0631642342 0.18380785
v 0.224950999 0.0631372109 0.184357882
v 0.22501874 0.0631471947 0.184228733
v 0.224300951 0.0630414113 0.184916005
v 0.222836986 0.0628256574 0.18459028
v 0.225072265 0.0631550848 0.183230832
v 0.22467123 0.0630959794 0.184690803
v 0.224776223 0.0631114542 0.18459028
v 0.2244322 0.063060753 0.184854627
v 0.224556103 0.0630790144 0.184779271
v 0.222941965 0.0628411248 0.184690803
v 0.224869847 0.0631252527 0.184478864
v 0.22501874 0.0631471947 0.183095038
v 0.224950433 0.0631371289 0.182966202
v 0.2249448 0.0631362945 0.182955593
v 0.220017895 0.0607019849 0.184270516
v 0.226284057 0.0616254695 0.180253997
v 0.226250112 0.0619017556 0.180264562
v 0.226248354 0.0619259961 0.180267394
v 0.219982103 0.061002519 0.184283778
v 0.219983384 0.060984198 0.184281558
v 0.226234302 0.062134549 0.180293426
v 0.219967812 0.0612111539 0.184309453
v 0.219967887 0.0612065196 0.184308499
v 0.226234734 0.0621145517 0.180289492
v 0.226230934 0.0622926168 0.18032451
v 0.219964966 0.0613861755 0.18434526
v 0.219964936 0.0613883063 0.184345692
v 0.226231471 0.0623094998 0.180329233
v 0.226235822 0.0624449961 0.180367172
v 0.219970733 0.0615362264 0.184388757
v 0.219970927 0.0615409091 0.184390113
v 0.226237118 0.0624595471 0.180372551
v 0.226247728 0.0625780821 0.180416346
v 0.21998331 0.0616675653 0.184438556
v 0.226249665 0.0625908673 0.180422321
v 0.219983742 0.0616720282 0.18444027
v 0.226265743 0.0626965314 0.180471703
v 0.220001891 0.0617847182 0.18449448
v 0.226268291 0.0627079457 0.18047829
v 0.226784334 0.0633941814 0.181441143
v 0.224811196 0.0631081089 0.182770893
v 0.224777132 0.0630981028 0.182734504
v 0.224890128 0.0631266609 0.18287228
v 0.2248694 0.0631217882 0.182845652
v 0.226933017 0.0634293109 0.181681171
v 0.2249448 0.0631362945 0.182955593
v 0.226671249 0.0633452684 0.181253478
v 0.224724695 0.0630827099 0.182678521
v 0.224674881 0.0630654618 0.182633951
v 0.224773392 0.0630970076 0.182730511
v 0.224637479 0.0630525202 0.182600498
v 0.22658217 0.0632876232 0.181101248
v 0.224606499 0.0630404502 0.18257758
v 0.22456342 0.0630236566 0.182545692
v 0.224531025 0.0630110353 0.182521731
v 0.226510316 0.0632238686 0.180974483
v 0.224420071 0.0629630983 0.182455599
v 0.224319398 0.0629145727 0.182408333
v 0.224307179 0.0629086867 0.182402596
v 0.224445239 0.0629739761 0.182470605
v 0.224444464 0.0629736409 0.182470143
v 0.226451233 0.0631551296 0.18086651
v 0.22420384 0.0628529117 0.182365343
v 0.224189818 0.0628444105 0.182361707
v 0.22428976 0.0628992841 0.182396308
v 0.22640194 0.0630816519 0.180772722
v 0.224091396 0.0627847239 0.182336181
v 0.224057317 0.0627639368 0.182331204
v 0.224139735 0.062814042 0.182348713
v 0.226356581 0.0629947558 0.180681959
v 0.223953426 0.062700592 0.182316065
v 0.22392261 0.0626823977 0.18231529
v 0.223991647 0.0627239048 0.182321638
v 0.226323381 0.0629119575 0.180611148
v 0.223675966 0.062538527 0.182325602
v 0.223651394 0.0625248849 0.182330579
v 0.223814487 0.0626185313 0.182312578
v 0.223786786 0.0626025274 0.182315186
v 0.223820582 0.0626221299 0.182312727
v 0.226292759 0.0628141612 0.18054089
v 0.223460734 0.0624253415 0.182379335
v 0.223386467 0.0623936802 0.182408378
v 0.223565698 0.0624773167 0.182347953
v 0.223517776 0.0624535829 0.182362273
v 0.226319611 0.0629025325 0.180603087
v 0.223647475 0.0625227019 0.182331368
v 0.220002249 0.0617870092 0.184495583
v 0.222992808 0.0623250343 0.182654694
v 0.222984344 0.0623263977 0.182662562
v 0.220026568 0.0618907586 0.184557378
v 0.223069131 0.0623218529 0.182592437
v 0.223018706 0.062323954 0.182633579
v 0.223145455 0.0623268634 0.182537809
v 0.223135695 0.0623262227 0.182544798
v 0.223215893 0.0623385422 0.182493478
v 0.223286942 0.0623574071 0.182454139
v 0.223258883 0.0623499565 0.182469681
v 0.226289615 0.0628037974 0.180533603
v 0.223373145 0.0623879991 0.182413578
v 0.223367855 0.0623857491 0.182415649
v 0.220028624 0.0618995316 0.184562609
v 0.222773939 0.0623907 0.182887599
v 0.222772449 0.0623915792 0.18288976
v 0.220057234 0.0619885139 0.184627697
v 0.222840831 0.0623601042 0.182806194
v 0.22280854 0.0623748712 0.182845488
v 0.222916529 0.0623373613 0.182725638
v 0.222908899 0.0623396523 0.182733744
v 0.220060498 0.061998643 0.184635103
v 0.222686157 0.0624427497 0.183015406
v 0.222668752 0.0624551252 0.183047801
v 0.220090866 0.0620705895 0.184699029
v 0.222719446 0.0624230057 0.182966933
v 0.220097929 0.0620873235 0.1847139
v 0.222613811 0.0624941885 0.183150053
v 0.222585127 0.0625198931 0.183220461
v 0.220136091 0.0621576384 0.184789583
v 0.222642913 0.0624734983 0.183095887
v 0.220141634 0.0621678494 0.18480058
v 0.222533375 0.0625740439 0.183371991
v 0.222531006 0.0625768602 0.183379993
v 0.220185384 0.0622309893 0.184883371
v 0.222559437 0.0625429004 0.183283523
v 0.222580671 0.0625238866 0.183231413
v 0.22019276 0.0622416325 0.184897318
v 0.222497314 0.0626297891 0.183542281
v 0.222496822 0.0626314953 0.183548242
v 0.220244437 0.0622996502 0.184991285
v 0.22252208 0.0625875294 0.183410317
v 0.222502232 0.0626213998 0.18351607
v 0.22025311 0.0623093806 0.185007051
v 0.222486451 0.0626673698 0.183673516
v 0.222487539 0.0626814663 0.18372865
v 0.220316261 0.0623634048 0.185117975
v 0.22248742 0.0626640469 0.183661908
v 0.220325232 0.0623710901 0.185133755
v 0.222488999 0.0627004877 0.183803037
v 0.222489581 0.0627015755 0.18380782
v 0.220405266 0.0624211691 0.185270131
v 0.222504094 0.0627286732 0.183927089
v 0.220412821 0.0624258965 0.185283005
v 0.222545326 0.0627607033 0.184092507
v 0.222563684 0.0627701879 0.184147537
v 0.222532302 0.0627539754 0.184053451
v 0.220518231 0.062470451 0.185457692
v 0.222504452 0.0627293214 0.18392995
v 0.222509399 0.0627336949 0.183951885
v 0.220521241 0.062471725 0.185462683
v 0.222623423 0.0627910048 0.184287235
v 0.222663701 0.0627988875 0.184357107
v 0.220666856 0.0625058264 0.18569769
v 0.222689226 0.0628038794 0.184401378
v 0.222572103 0.0627745315 0.184172779
v 0.222596914 0.0627824962 0.184228122
v 0.224950433 0.0631371289 0.182966202
v 0.22501874 0.0631471947 0.183095038
v 0.224435523 0.0671044514 0.183095038
v 0.225072265 0.0631550848 0.183230832
v 0.224489063 0.0671123341 0.183230832
v 0.225110948 0.0631607845 0.183371678
v 0.224527746 0.0671180412 0.183371678
v 0.225134343 0.0631642342 0.183515921
v 0.224551141 0.0671214908 0.183515921
v 0.225142181 0.063165389 0.183661893
v 0.224558964 0.0671226382 0.183661893
v 0.225134343 0.0631642342 0.18380785
v 0.224551141 0.0671214908 0.18380785
v 0.225110948 0.0631607845 0.183952093
v 0.224527746 0.0671180412 0.183952093
v 0.225072265 0.0631550848 0.184092939
v 0.224489063 0.0671123341 0.184092939
v 0.22501874 0.0631471947 0.184228733
v 0.224435523 0.0671044514 0.184228733
v 0.224950999 0.0631372109 0.184357882
v 0.224367797 0.0670944676 0.184357882
v 0.224869847 0.0631252527 0.184478864
v 0.224286631 0.0670825019 0.184478864
v 0.224776223 0.0631114542 0.18459028
v 0.224193022 0.0670687109 0.18459028
v 0.22467123 0.0630959794 0.184690803
v 0.224088028 0.0670532361 0.184690803
v 0.224556103 0.0630790144 0.184779271
v 0.223972902 0.0670362711 0.184779271
v 0.2244322 0.063060753 0.184854627
v 0.223848984 0.0670180097 0.184854627
v 0.224300951 0.0630414113 0.184916005
v 0.223717749 0.0669986606 0.184916005
v 0.224163905 0.0630212128 0.184962675
v 0.223580703 0.0669784695 0.184962675
v 0.224022672 0.0630003959 0.184994102
v 0.22343947 0.0669576526 0.184994102
v 0.223878905 0.0629792064 0.185009912
v 0.223295704 0.0669364631 0.185009912
v 0.223734289 0.0629578978 0.185009912
v 0.223151088 0.0669151545 0.185009912
v 0.223590523 0.0629367083 0.184994102
v 0.223007321 0.066893965 0.184994102
v 0.223449305 0.0629158989 0.184962675
v 0.222866088 0.0668731481 0.184962675
v 0.223312259 0.0628957003 0.184916005
v 0.222729042 0.066852957 0.184916005
v 0.223181009 0.0628763586 0.184854627
v 0.222597808 0.0668336079 0.184854627
v 0.223057091 0.0628580973 0.184779271
v 0.22247389 0.0668153465 0.184779271
v 0.222941965 0.0628411248 0.184690803
v 0.222358763 0.0667983815 0.184690803
v 0.222836986 0.0628256574 0.18459028
v 0.22225377 0.0667829067 0.18459028
v 0.222743362 0.062811859 0.184478864
v 0.222160161 0.0667691156 0.184478864
v 0.222689226 0.0628038794 0.184401378
v 0.222078994 0.06675715 0.184357882
v 0.222011268 0.0667471662 0.184228733
v 0.222663701 0.0627988875 0.184357107
v 0.222623423 0.0627910048 0.184287235
v 0.221957728 0.0667392835 0.184092939
v 0.222572103 0.0627745315 0.184172779
v 0.222563684 0.0627701879 0.184147537
v 0.222596914 0.0627824962 0.184228122
v 0.221919045 0.0667335764 0.183952093
v 0.222545326 0.0627607033 0.184092507
v 0.222532302 0.0627539754 0.184053451
v 0.22189565 0.0667301342 0.18380785
v 0.222504452 0.0627293214 0.18392995
v 0.222504094 0.0627286732 0.183927089
v 0.222509399 0.0627336949 0.183951885
v 0.221887827 0.0667289793 0.183661893
v 0.222488999 0.0627004877 0.183803037
v 0.222487539 0.0626814663 0.18372865
v 0.222489581 0.0627015755 0.18380782
v 0.222486451 0.0626673698 0.183673516
v 0.22189565 0.0667301342 0.183515921
v 0.22248742 0.0626640469 0.183661908
v 0.222496822 0.0626314953 0.183548242
v 0.222497314 0.0626297891 0.183542281
v 0.221919045 0.0667335764 0.183371678
v 0.22252208 0.0625875294 0.183410317
v 0.222531006 0.0625768602 0.183379993
v 0.222502232 0.0626213998 0.18351607
v 0.221957728 0.0667392835 0.183230832
v 0.222533375 0.0625740439 0.183371991
v 0.222559437 0.0625429004 0.183283523
v 0.222011268 0.0667471662 0.183095038
v 0.222580671 0.0625238866 0.183231413
v 0.222585127 0.0625198931 0.183220461
v 0.222613811 0.0624941885 0.183150053
v 0.222078994 0.06675715 0.18296589
v 0.222642913 0.0624734983 0.183095887
v 0.222668752 0.0624551252 0.183047801
v 0.222686157 0.0624427497 0.183015406
v 0.222160161 0.0667691156 0.182844907
v 0.222772449 0.0623915792 0.18288976
v 0.222773939 0.0623907 0.182887599
v 0.222719446 0.0624230057 0.182966933
v 0.22225377 0.0667829067 0.182733491
v 0.22280854 0.0623748712 0.182845488
v 0.222840831 0.0623601042 0.182806194
v 0.222358763 0.0667983815 0.182632968
v 0.222984344 0.0623263977 0.182662562
v 0.222992808 0.0623250343 0.182654694
v 0.222908899 0.0623396523 0.182733744
v 0.222916529 0.0623373613 0.182725638
v 0.22247389 0.0668153465 0.1825445
v 0.223018706 0.062323954 0.182633579
v 0.223069131 0.0623218529 0.182592437
v 0.222597808 0.0668336079 0.182469144
v 0.223145455 0.0623268634 0.182537809
v 0.223215893 0.0623385422 0.182493478
v 0.223135695 0.0623262227 0.182544798
v 0.223373145 0.0623879991 0.182413578
v 0.223386467 0.0623936802 0.182408378
v 0.223258883 0.0623499565 0.182469681
v 0.223286942 0.0623574071 0.182454139
v 0.223367855 0.0623857491 0.182415649
v 0.222729042 0.066852957 0.182407767
v 0.223460734 0.0624253415 0.182379335
v 0.223517776 0.0624535829 0.182362273
v 0.222866088 0.0668731481 0.182361096
v 0.223647475 0.0625227019 0.182331368
v 0.223651394 0.0625248849 0.182330579
v 0.223565698 0.0624773167 0.182347953
v 0.223007321 0.066893965 0.18232967
v 0.223675966 0.062538527 0.182325602
v 0.223786786 0.0626025274 0.182315186
v 0.223151088 0.0669151545 0.182313859
v 0.223820582 0.0626221299 0.182312727
v 0.22392261 0.0626823977 0.18231529
v 0.223814487 0.0626185313 0.182312578
v 0.223295704 0.0669364631 0.182313859
v 0.223991647 0.0627239048 0.182321638
v 0.224057317 0.0627639368 0.182331204
v 0.223953426 0.062700592 0.182316065
v 0.22343947 0.0669576526 0.18232967
v 0.224139735 0.062814042 0.182348713
v 0.224189818 0.0628444105 0.182361707
v 0.224091396 0.0627847239 0.182336181
v 0.223717749 0.0669986606 0.182407767
v 0.22420384 0.0628529117 0.182365343
v 0.22428976 0.0628992841 0.182396308
v 0.224307179 0.0629086867 0.182402596
v 0.223580703 0.0669784695 0.182361096
v 0.224420071 0.0629630983 0.182455599
v 0.224444464 0.0629736409 0.182470143
v 0.224319398 0.0629145727 0.182408333
v 0.223848984 0.0670180097 0.182469144
v 0.224531025 0.0630110353 0.182521731
v 0.22456342 0.0630236566 0.182545692
v 0.224445239 0.0629739761 0.182470605
v 0.223972902 0.0670362711 0.1825445
v 0.224637479 0.0630525202 0.182600498
v 0.224674881 0.0630654618 0.182633951
v 0.224606499 0.0630404502 0.18257758
v 0.224088028 0.0670532361 0.182632968
v 0.224773392 0.0630970076 0.182730511
v 0.224777132 0.0630981028 0.182734504
v 0.224724695 0.0630827099 0.182678521
v 0.224193022 0.0670687109 0.182733491
v 0.224811196 0.0631081089 0.182770893
v 0.2248694 0.0631217882 0.182845652
v 0.224286631 0.0670825019 0.182844907
v 0.224890128 0.0631266609 0.18287228
v 0.2249448 0.0631362945 0.182955593
v 0.224367797 0.0670944676 0.18296589
v 0.223972902 0.0670362711 0.184779271
v 0.223848984 0.0670180097 0.184854627
v 0.232540339 0.0682989061 0.198590234
v 0.232664257 0.0683171675 0.198514879
v 0.224088028 0.0670532361 0.184690803
v 0.232425213 0.0682819411 0.198678702
v 0.22343947 0.0669576526 0.184994102
v 0.248057425 0.0705857575 0.21628271
v 0.234353095 0.0685660616 0.198890641
v 0.234434247 0.0685780197 0.199011624
v 0.232024193 0.0682228357 0.199276567
v 0.22247389 0.0668153465 0.184779271
v 0.222358763 0.0667983815 0.184690803
v 0.223717749 0.0669986606 0.184916005
v 0.232795507 0.0683365092 0.198453501
v 0.232320234 0.0682664663 0.198779225
v 0.223295704 0.0669364631 0.185009912
v 0.223151088 0.0669151545 0.185009912
v 0.244105801 0.0700033829 0.214635968
v 0.243850648 0.0699657798 0.214499235
v 0.243981898 0.0699851215 0.214560613
v 0.224551141 0.0671214908 0.18380785
v 0.234259471 0.0685522631 0.198779225
v 0.217069045 0.0660188049 0.180892467
v 0.22225377 0.0667829067 0.18459028
v 0.222160161 0.0667691156 0.184478864
v 0.223580703 0.0669784695 0.184962675
v 0.232932538 0.0683567077 0.19840683
v 0.224193022 0.0670687109 0.18459028
v 0.224367797 0.0670944676 0.184357882
v 0.224286631 0.0670825019 0.184478864
v 0.234154478 0.0685367957 0.198678702
v 0.221919045 0.0667335764 0.183952093
v 0.22189565 0.0667301342 0.18380785
v 0.222078994 0.06675715 0.184357882
v 0.222011268 0.0667471662 0.184228733
v 0.224435523 0.0671044514 0.184228733
v 0.224527746 0.0671180412 0.183952093
v 0.224489063 0.0671123341 0.184092939
v 0.223007321 0.066893965 0.184994102
v 0.222729042 0.066852957 0.184916005
v 0.232145458 0.0682407096 0.199011624
v 0.23222661 0.0682526678 0.198890641
v 0.232077718 0.0682307258 0.199140772
v 0.241791278 0.0696622729 0.220299229
v 0.232932538 0.0683567077 0.201008409
v 0.232795507 0.0683365092 0.200961739
v 0.244500697 0.0700615793 0.215057358
v 0.244568437 0.0700715631 0.215186507
v 0.244220927 0.0700203478 0.214724436
v 0.244325921 0.0700358227 0.21482496
v 0.243284002 0.0698822662 0.214405328
v 0.243428603 0.0699035823 0.214405328
v 0.242730707 0.0698007271 0.214560613
v 0.234501988 0.0685880035 0.199140772
v 0.221957728 0.0667392835 0.184092939
v 0.222866088 0.0668731481 0.184962675
v 0.232540339 0.0682989061 0.200825006
v 0.232425213 0.0682819411 0.200736538
v 0.232664257 0.0683171675 0.200900361
v 0.233217537 0.0683987066 0.201055646
v 0.233073771 0.0683775246 0.201039836
v 0.23350592 0.0684412122 0.201039836
v 0.233362153 0.0684200227 0.201055646
v 0.233784199 0.0684822202 0.200961739
v 0.242211908 0.0697242692 0.21644935
v 0.244419545 0.0700496212 0.214936376
v 0.243572369 0.0699247643 0.214421138
v 0.242999002 0.0698402673 0.214452565
v 0.243140236 0.0698610768 0.214421138
v 0.242491663 0.0697655007 0.214724436
v 0.242606789 0.0697824657 0.214635968
v 0.233073771 0.0683775246 0.198375404
v 0.222597808 0.0668336079 0.184854627
v 0.232320234 0.0682664663 0.200636014
v 0.23222661 0.0682526678 0.200524598
v 0.233647153 0.0684620216 0.201008409
v 0.24229306 0.0697362274 0.216570333
v 0.243713602 0.0699455813 0.214452565
v 0.242861956 0.0698200688 0.214499235
v 0.233647153 0.0684620216 0.19840683
v 0.233784199 0.0684822202 0.198453501
v 0.233217537 0.0683987066 0.198359594
v 0.231954277 0.0682125315 0.199707627
v 0.2319621 0.0682136863 0.199561656
v 0.233915448 0.0685015619 0.200900361
v 0.242491663 0.0697655007 0.216782272
v 0.242386684 0.0697500259 0.216681749
v 0.242730707 0.0698007271 0.216946095
v 0.242606789 0.0697824657 0.21687074
v 0.23350592 0.0684412122 0.198375404
v 0.233362153 0.0684200227 0.198359594
v 0.231985494 0.068217136 0.199417412
v 0.223350808 0.0669445843 0.176900834
v 0.223295704 0.0669364631 0.182313859
v 0.22343947 0.0669576526 0.18232967
v 0.223007321 0.066893965 0.18232967
v 0.223151088 0.0669151545 0.182313859
v 0.232145458 0.0682407096 0.200403616
v 0.232077718 0.0682307258 0.200274467
v 0.242861956 0.0698200688 0.217007473
v 0.233915448 0.0685015619 0.198514879
v 0.234039351 0.0685198233 0.198590234
v 0.224435523 0.0671044514 0.183095038
v 0.22247389 0.0668153465 0.1825445
v 0.232024193 0.0682228357 0.200138673
v 0.231985494 0.068217136 0.199997827
v 0.244105801 0.0700033829 0.21687074
v 0.221887827 0.0667289793 0.183661893
v 0.224367797 0.0670944676 0.18296589
v 0.223580703 0.0669784695 0.182361096
v 0.223717749 0.0669986606 0.182407767
v 0.222866088 0.0668731481 0.182361096
v 0.222597808 0.0668336079 0.182469144
v 0.222729042 0.066852957 0.182407767
v 0.222358763 0.0667983815 0.182632968
v 0.2319621 0.0682136863 0.199853584
v 0.243428603 0.0699035823 0.21710138
v 0.243284002 0.0698822662 0.21710138
v 0.243713602 0.0699455813 0.217054144
v 0.243572369 0.0699247643 0.21708557
v 0.243981898 0.0699851215 0.216946095
v 0.243850648 0.0699657798 0.217007473
v 0.244220927 0.0700203478 0.216782272
v 0.244500697 0.0700615793 0.21644935
v 0.244419545 0.0700496212 0.216570333
v 0.244621962 0.0700794533 0.215322301
v 0.244660646 0.070085153 0.215463147
v 0.242090642 0.0697063953 0.215322301
v 0.242144167 0.0697142854 0.215186507
v 0.224489063 0.0671123341 0.183230832
v 0.224527746 0.0671180412 0.183371678
v 0.224286631 0.0670825019 0.182844907
v 0.224088028 0.0670532361 0.182632968
v 0.224193022 0.0670687109 0.182733491
v 0.223848984 0.0670180097 0.182469144
v 0.223972902 0.0670362711 0.1825445
v 0.243140236 0.0698610768 0.21708557
v 0.242999002 0.0698402673 0.217054144
v 0.242144167 0.0697142854 0.216320202
v 0.234353095 0.0685660616 0.200524598
v 0.234259471 0.0685522631 0.200636014
v 0.234501988 0.0685880035 0.200274467
v 0.234434247 0.0685780197 0.200403616
v 0.234617591 0.068605043 0.199853584
v 0.234594196 0.0686015934 0.199997827
v 0.234555513 0.0685958937 0.199276567
v 0.234594196 0.0686015934 0.199417412
v 0.242090642 0.0697063953 0.216184407
v 0.244325921 0.0700358227 0.216681749
v 0.244684041 0.0700886026 0.21560739
v 0.244691879 0.0700897574 0.215753362
v 0.24229306 0.0697362274 0.214936376
v 0.242386684 0.0697500259 0.21482496
v 0.242211908 0.0697242692 0.215057358
v 0.222160161 0.0667691156 0.182844907
v 0.22225377 0.0667829067 0.182733491
v 0.22189565 0.0667301342 0.183515921
v 0.221919045 0.0667335764 0.183371678
v 0.234154478 0.0685367957 0.200736538
v 0.234039351 0.0685198233 0.200825006
v 0.234555513 0.0685958937 0.200138673
v 0.242051959 0.0697006956 0.216043562
v 0.234617591 0.068605043 0.199561656
v 0.234625429 0.0686061978 0.199707627
v 0.244568437 0.0700715631 0.216320202
v 0.244684041 0.0700886026 0.215899318
v 0.244660646 0.070085153 0.216043562
v 0.242020726 0.0696960911 0.215753362
v 0.242028564 0.069697246 0.21560739
v 0.222011268 0.0667471662 0.183095038
v 0.222078994 0.06675715 0.18296589
v 0.221957728 0.0667392835 0.183230832
v 0.242028564 0.069697246 0.215899318
v 0.244621962 0.0700794533 0.216184407
v 0.242051959 0.0697006956 0.215463147
v 0.224551141 0.0671214908 0.183515921
v 0.224558964 0.0671226382 0.183661893
v 0.231517568 0.0164204054 0.184903413
v 0.240125641 0.0176890306 0.198514879
v 0.240001738 0.0176707692 0.198590234
v 0.249953061 0.0191373602 0.214724436
v 0.24053517 0.0177493859 0.201039836
v 0.240678936 0.0177705735 0.201055646
v 0.241814479 0.0179379266 0.200524598
v 0.255518824 0.0199576225 0.21628271
v 0.251682311 0.0193922129 0.214724436
v 0.231379896 0.0164001137 0.184987158
v 0.231474578 0.0164140686 0.1849318
v 0.250068188 0.019154327 0.214635968
v 0.241376832 0.0178734269 0.200900361
v 0.24150075 0.0178916883 0.200825006
v 0.240823552 0.0177918859 0.201055646
v 0.250745386 0.0192541294 0.214405328
v 0.250601619 0.0192329418 0.214421138
v 0.251033753 0.0192966312 0.214421138
v 0.250889987 0.0192754436 0.214405328
v 0.251567185 0.019375246 0.214635968
v 0.249252662 0.0190341379 0.220299229
v 0.249953061 0.0191373602 0.216782272
v 0.250068188 0.019154327 0.21687074
v 0.250192106 0.0191725884 0.214560613
v 0.241615877 0.0179086551 0.200736538
v 0.240967318 0.0178130735 0.201039836
v 0.240256891 0.0177083742 0.200961739
v 0.240393937 0.0177285708 0.201008409
v 0.251312047 0.0193376411 0.214499235
v 0.251174986 0.0193174444 0.214452565
v 0.251443297 0.0193569846 0.214560613
v 0.231234059 0.0163786225 0.185055345
v 0.250192106 0.0191725884 0.216946095
v 0.241108537 0.0178338867 0.201008409
v 0.241245583 0.0178540833 0.200961739
v 0.239886612 0.0176538024 0.200736538
v 0.240001738 0.0176707692 0.200825006
v 0.251787305 0.0194076858 0.21482496
v 0.252029836 0.0194434263 0.215186507
v 0.251962095 0.0194334425 0.215057358
v 0.239886612 0.0176538024 0.198678702
v 0.239781618 0.0176383294 0.198779225
v 0.231645495 0.0164392572 0.184805125
v 0.230812207 0.0163164493 0.176900834
v 0.229989678 0.0161952302 0.182336614
v 0.229852006 0.0161749385 0.182420358
v 0.231081799 0.0163561814 0.182216555
v 0.230924875 0.0163330548 0.182181641
v 0.250745386 0.0192541294 0.21710138
v 0.250889987 0.0192754436 0.21710138
v 0.250323355 0.0191919319 0.217007473
v 0.224530429 0.0153906653 0.180892467
v 0.249552026 0.0190782584 0.215322301
v 0.249513343 0.0190725569 0.215463147
v 0.241720855 0.0179241281 0.200636014
v 0.239781618 0.0176383294 0.200636014
v 0.251880944 0.0194214825 0.214936376
v 0.231762141 0.0164564494 0.184693441
v 0.239687994 0.0176245328 0.198890641
v 0.23028779 0.0162391625 0.185107216
v 0.230444714 0.0162622891 0.18514213
v 0.230135515 0.0162167214 0.182268426
v 0.23060444 0.0162858311 0.182164088
v 0.230444714 0.0162622891 0.182181641
v 0.230765134 0.0163095128 0.182164088
v 0.250601619 0.0192329418 0.21708557
v 0.250460386 0.0192121286 0.217054144
v 0.249673292 0.0190961286 0.21644935
v 0.249754459 0.0191080905 0.216570333
v 0.249482125 0.0190679543 0.215753362
v 0.249489948 0.0190691091 0.215899318
v 0.249489948 0.0190691091 0.21560739
v 0.240125641 0.0176890306 0.200900361
v 0.250460386 0.0192121286 0.214452565
v 0.250323355 0.0191919319 0.214499235
v 0.231866166 0.016471779 0.184569642
v 0.230765134 0.0163095128 0.185159683
v 0.230924875 0.0163330548 0.18514213
v 0.23060444 0.0162858311 0.185159683
v 0.240967318 0.0178130735 0.198375404
v 0.240823552 0.0177918859 0.198359594
v 0.23028779 0.0162391625 0.182216555
v 0.249848068 0.0191218872 0.216681749
v 0.249552026 0.0190782584 0.216184407
v 0.249605566 0.0190861467 0.216320202
v 0.249513343 0.0190725569 0.216043562
v 0.249754459 0.0191080905 0.214936376
v 0.249673292 0.0190961286 0.215057358
v 0.239606842 0.0176125728 0.200403616
v 0.239687994 0.0176245328 0.200524598
v 0.231081799 0.0163561814 0.185107216
v 0.240678936 0.0177705735 0.198359594
v 0.229607433 0.0161388945 0.184693441
v 0.231762141 0.0164564494 0.18263033
v 0.231645495 0.0164392572 0.182518646
v 0.231956333 0.0164850689 0.182888553
v 0.231866166 0.016471779 0.182754129
v 0.232134059 0.0165112615 0.183339432
v 0.232091084 0.0165049266 0.18318294
v 0.251787305 0.0194076858 0.216681749
v 0.251880944 0.0194214825 0.216570333
v 0.251443297 0.0193569846 0.216946095
v 0.251567185 0.019375246 0.21687074
v 0.251174986 0.0193174444 0.217054144
v 0.251312047 0.0193376411 0.217007473
v 0.251033753 0.0192966312 0.21708557
v 0.249605566 0.0190861467 0.215186507
v 0.249848068 0.0191218872 0.21482496
v 0.239485577 0.0175947007 0.199276567
v 0.239446893 0.0175889991 0.199417412
v 0.229724079 0.0161560867 0.184805125
v 0.229852006 0.0161749385 0.184903413
v 0.24053517 0.0177493859 0.198375404
v 0.241245583 0.0178540833 0.198453501
v 0.241108537 0.0178338867 0.19840683
v 0.229503408 0.0161235649 0.184569642
v 0.229235515 0.0160840824 0.183984339
v 0.229278505 0.0160904173 0.184140831
v 0.229209512 0.016080251 0.183499709
v 0.22920081 0.0160789695 0.183661893
v 0.231234059 0.0163786225 0.182268426
v 0.231517568 0.0164204054 0.182420358
v 0.231379896 0.0164001137 0.182336614
v 0.232031599 0.016496161 0.183032051
v 0.251962095 0.0194334425 0.21644935
v 0.252029836 0.0194434263 0.216320202
v 0.251682311 0.0193922129 0.216782272
v 0.241895631 0.0179498866 0.200403616
v 0.239415661 0.0175843965 0.199707627
v 0.239423499 0.0175855514 0.199853584
v 0.239423499 0.0175855514 0.199561656
v 0.230135515 0.0162167214 0.185055345
v 0.229989678 0.0161952302 0.184987158
v 0.240393937 0.0177285708 0.19840683
v 0.240256891 0.0177083742 0.198453501
v 0.241814479 0.0179379266 0.198890641
v 0.241720855 0.0179241281 0.198779225
v 0.229413241 0.0161102749 0.184435219
v 0.229337975 0.0160991829 0.18429172
v 0.229235515 0.0160840824 0.183339432
v 0.229503408 0.0161235649 0.182754129
v 0.229413241 0.0161102749 0.182888553
v 0.232160062 0.0165150929 0.183499709
v 0.24150075 0.0178916883 0.198590234
v 0.241376832 0.0178734269 0.198514879
v 0.241615877 0.0179086551 0.198678702
v 0.229209512 0.016080251 0.183824062
v 0.229337975 0.0160991829 0.183032051
v 0.229278505 0.0160904173 0.18318294
v 0.229607433 0.0161388945 0.18263033
v 0.232168764 0.0165163744 0.183661893
v 0.252083361 0.0194513146 0.216184407
v 0.252122045 0.0194570161 0.216043562
v 0.241963372 0.0179598685 0.200274467
v 0.239485577 0.0175947007 0.200138673
v 0.239539102 0.017602589 0.200274467
v 0.239446893 0.0175889991 0.199997827
v 0.239606842 0.0176125728 0.199011624
v 0.232091084 0.0165049266 0.184140831
v 0.241895631 0.0179498866 0.199011624
v 0.231956333 0.0164850689 0.184435219
v 0.229724079 0.0161560867 0.182518646
v 0.252145439 0.0194604639 0.215899318
v 0.239539102 0.017602589 0.199140772
v 0.232031599 0.016496161 0.18429172
v 0.252145439 0.0194604639 0.21560739
v 0.252122045 0.0194570161 0.215463147
v 0.241963372 0.0179598685 0.199140772
v 0.252083361 0.0194513146 0.215322301
v 0.242016897 0.0179677568 0.199276567
v 0.242055595 0.0179734603 0.199997827
v 0.24207899 0.017976908 0.199853584
v 0.242016897 0.0179677568 0.200138673
v 0.252153277 0.0194616187 0.215753362
v 0.232134059 0.0165112615 0.183984339
v 0.232160062 0.0165150929 0.183824062
v 0.242086813 0.017978061 0.199707627
v 0.24207899 0.017976908 0.199561656
v 0.242055595 0.0179734603 0.199417412
v 0.223350808 0.0669445843 0.176900834
v 0.230812207 0.0163164493 0.176900834
v 0.224530429 0.0153906653 0.180892467
v 0.217069045 0.0660188049 0.180892467
v 0.248057425 0.0705857575 0.21628271
v 0.241791278 0.0696622729 0.220299229
v 0.249252662 0.0190341379 0.220299229
v 0.255518824 0.0199576225 0.21628271
v 0.252145439 0.0194604639 0.21560739
v 0.252153277 0.0194616187 0.215753362
v 0.244691879 0.0700897574 0.215753362
v 0.252122045 0.0194570161 0.215463147
v 0.244684041 0.0700886026 0.21560739
v 0.252083361 0.0194513146 0.215322301
v 0.244660646 0.070085153 0.215463147
v 0.252029836 0.0194434263 0.215186507
v 0.244621962 0.0700794533 0.215322301
v 0.251962095 0.0194334425 0.215057358
v 0.244568437 0.0700715631 0.215186507
v 0.251880944 0.0194214825 0.214936376
v 0.244500697 0.0700615793 0.215057358
v 0.251787305 0.0194076858 0.21482496
v 0.244419545 0.0700496212 0.214936376
v 0.251682311 0.0193922129 0.214724436
v 0.244325921 0.0700358227 0.21482496
v 0.251567185 0.019375246 0.214635968
v 0.244220927 0.0700203478 0.214724436
v 0.251443297 0.0193569846 0.214560613
v 0.244105801 0.0700033829 0.214635968
v 0.251312047 0.0193376411 0.214499235
v 0.243981898 0.0699851215 0.214560613
v 0.251174986 0.0193174444 0.214452565
v 0.243850648 0.0699657798 0.214499235
v 0.249482125 0.0190679543 0.215753362
v 0.249489948 0.0190691091 0.21560739
v 0.242028564 0.069697246 0.21560739
v 0.249489948 0.0190691091 0.215899318
v 0.242020726 0.0696960911 0.215753362
v 0.249513343 0.0190725569 0.216043562
v 0.242028564 0.069697246 0.215899318
v 0.249552026 0.0190782584 0.216184407
v 0.242051959 0.0697006956 0.216043562
v 0.249605566 0.0190861467 0.216320202
v 0.242090642 0.0697063953 0.216184407
v 0.249673292 0.0190961286 0.21644935
v 0.242144167 0.0697142854 0.216320202
v 0.249754459 0.0191080905 0.216570333
v 0.242211908 0.0697242692 0.21644935
v 0.249848068 0.0191218872 0.216681749
v 0.24229306 0.0697362274 0.216570333
v 0.249953061 0.0191373602 0.216782272
v 0.242386684 0.0697500259 0.216681749
v 0.250068188 0.019154327 0.21687074
v 0.242491663 0.0697655007 0.216782272
v 0.250192106 0.0191725884 0.216946095
v 0.242606789 0.0697824657 0.21687074
v 0.250323355 0.0191919319 0.217007473
v 0.242730707 0.0698007271 0.216946095
v 0.250460386 0.0192121286 0.217054144
v 0.242861956 0.0698200688 0.217007473
v 0.250601619 0.0192329418 0.21708557
v 0.242999002 0.0698402673 0.217054144
v 0.250745386 0.0192541294 0.21710138
v 0.243140236 0.0698610768 0.21708557
v 0.250889987 0.0192754436 0.21710138
v 0.243284002 0.0698822662 0.21710138
v 0.251033753 0.0192966312 0.21708557
v 0.243428603 0.0699035823 0.21710138
v 0.251174986 0.0193174444 0.217054144
v 0.243572369 0.0699247643 0.21708557
v 0.251312047 0.0193376411 0.217007473
v 0.243713602 0.0699455813 0.217054144
v 0.251443297 0.0193569846 0.216946095
v 0.243850648 0.0699657798 0.217007473
v 0.251567185 0.019375246 0.21687074
v 0.243981898 0.0699851215 0.216946095
v 0.251682311 0.0193922129 0.216782272
v 0.244105801 0.0700033829 0.21687074
v 0.251787305 0.0194076858 0.216681749
v 0.244220927 0.0700203478 0.216782272
v 0.251880944 0.0194214825 0.216570333
v 0.244325921 0.0700358227 0.216681749
v 0.251962095 0.0194334425 0.21644935
v 0.244419545 0.0700496212 0.216570333
v 0.252029836 0.0194434263 0.216320202
v 0.244500697 0.0700615793 0.21644935
v 0.252083361 0.0194513146 0.216184407
v 0.244568437 0.0700715631 0.216320202
v 0.252122045 0.0194570161 0.216043562
v 0.244621962 0.0700794533 0.216184407
v 0.252145439 0.0194604639 0.215899318
v 0.244660646 0.070085153 0.216043562
v 0.244684041 0.0700886026 0.215899318
v 0.250889987 0.0192754436 0.214405328
v 0.251033753 0.0192966312 0.214421138
v 0.250450552 0.023253886 0.214421138
v 0.250745386 0.0192541294 0.214405328
v 0.250306785 0.0232326984 0.214405328
v 0.250601619 0.0192329418 0.214421138
v 0.250162184 0.0232113861 0.214405328
v 0.250460386 0.0192121286 0.214452565
v 0.250018418 0.0231901985 0.214421138
v 0.250323355 0.0191919319 0.214499235
v 0.249877185 0.0231693834 0.214452565
v 0.250192106 0.0191725884 0.214560613
v 0.249740139 0.0231491867 0.214499235
v 0.250068188 0.019154327 0.214635968
v 0.249608889 0.023129845 0.214560613
v 0.249953061 0.0191373602 0.214724436
v 0.249484986 0.0231115818 0.214635968
v 0.249848068 0.0191218872 0.21482496
v 0.24936986 0.023094615 0.214724436
v 0.249754459 0.0191080905 0.214936376
v 0.249264866 0.023079142 0.21482496
v 0.249673292 0.0190961286 0.215057358
v 0.249171242 0.0230653454 0.214936376
v 0.249605566 0.0190861467 0.215186507
v 0.24909009 0.0230533853 0.215057358
v 0.249552026 0.0190782584 0.215322301
v 0.24902235 0.0230434015 0.215186507
v 0.249513343 0.0190725569 0.215463147
v 0.248968825 0.0230355132 0.215322301
v 0.242051959 0.0697006956 0.215463147
v 0.242623612 0.0657417327 0.215522453
v 0.248918593 0.0230281111 0.215522453
v 0.248930141 0.0230298117 0.215463147
v 0.242635161 0.0657434389 0.215463147
v 0.242673844 0.0657491386 0.215322301
v 0.242090642 0.0697063953 0.215322301
v 0.242727369 0.0657570288 0.215186507
v 0.242144167 0.0697142854 0.215186507
v 0.24279511 0.0657670125 0.215057358
v 0.242211908 0.0697242692 0.215057358
v 0.242876261 0.0657789707 0.214936376
v 0.24229306 0.0697362274 0.214936376
v 0.242969885 0.0657927692 0.21482496
v 0.242386684 0.0697500259 0.21482496
v 0.243074879 0.065808244 0.214724436
v 0.242491663 0.0697655007 0.214724436
v 0.243190005 0.065825209 0.214635968
v 0.242606789 0.0697824657 0.214635968
v 0.243313909 0.0658434704 0.214560613
v 0.242730707 0.0698007271 0.214560613
v 0.243445158 0.0658628121 0.214499235
v 0.242861956 0.0698200688 0.214499235
v 0.243582204 0.0658830106 0.214452565
v 0.242999002 0.0698402673 0.214452565
v 0.243723437 0.0659038275 0.214421138
v 0.243140236 0.0698610768 0.214421138
v 0.243867204 0.0659250095 0.214405328
v 0.243284002 0.0698822662 0.214405328
v 0.244011819 0.0659463257 0.214405328
v 0.243428603 0.0699035823 0.214405328
v 0.244155586 0.0659675151 0.214421138
v 0.243572369 0.0699247643 0.214421138
v 0.243713602 0.0699455813 0.214452565
v 0.250588953 0.0232742839 0.214451775
v 0.244293988 0.0659879074 0.214451775
v 0.250588953 0.0232742839 0.214451775
v 0.250941217 0.0234710611 0.213081673
v 0.251007318 0.0234259702 0.212867916
v 0.250924736 0.0234822929 0.213134915
v 0.250855535 0.0235488284 0.213348329
v 0.250882685 0.0235227346 0.213264644
v 0.250796378 0.0236220993 0.213522121
v 0.250829756 0.0235807877 0.213424131
v 0.250744641 0.0237006135 0.213666543
v 0.250776172 0.023652764 0.213578522
v 0.250698358 0.0237839762 0.213788643
v 0.250732034 0.0237233061 0.213699773
v 0.251007706 0.0234257076 0.212866664
v 0.251084596 0.0233974569 0.212605342
v 0.250656158 0.0238725599 0.213893414
v 0.250686079 0.0238097683 0.213819161
v 0.244293988 0.0659879074 0.214451775
v 0.244333372 0.0659937114 0.214307144
v 0.250381947 0.0249519795 0.214307144
v 0.251130372 0.0233806316 0.2124497
v 0.251176059 0.0233796965 0.212286055
v 0.250413805 0.0247531757 0.214297995
v 0.250432432 0.0246536434 0.214283779
v 0.250616878 0.0239673983 0.21398434
v 0.250642329 0.023905931 0.213925421
v 0.250445276 0.0245849714 0.214273959
v 0.250474513 0.0244490765 0.214240864
v 0.250579625 0.0240702108 0.214063823
v 0.25059998 0.0240140185 0.214020386
v 0.250543535 0.0241835788 0.214133382
v 0.250558287 0.0241372623 0.214104965
v 0.2505081 0.0243107751 0.214193434
v 0.250516623 0.0242801681 0.214178994
v 0.250476569 0.0244394876 0.214238524
v 0.251288593 0.0233773924 0.211882845
v 0.250381947 0.0249519795 0.214307144
v 0.244333372 0.0659937114 0.214307144
v 0.246521384 0.0663161725 0.212904662
v 0.252569973 0.0252744406 0.212904662
v 0.252069682 0.023505725 0.211717516
v 0.251920998 0.0234705955 0.211477488
v 0.251288593 0.0233773924 0.211882845
v 0.252182752 0.023554638 0.211905167
v 0.251176059 0.0233796965 0.212286055
v 0.251130372 0.0233806316 0.2124497
v 0.252271861 0.0236122832 0.212057412
v 0.251084596 0.0233974569 0.212605342
v 0.251007706 0.0234257076 0.212866664
v 0.252343714 0.0236760415 0.212184176
v 0.251007318 0.0234259702 0.212867916
v 0.252402782 0.0237447787 0.21229215
v 0.250941217 0.0234710611 0.213081673
v 0.250924736 0.0234822929 0.213134915
v 0.252452075 0.0238182526 0.212385938
v 0.250882685 0.0235227346 0.213264644
v 0.250855535 0.0235488284 0.213348329
v 0.252497435 0.0239051543 0.212476701
v 0.250829756 0.0235807877 0.213424131
v 0.250796378 0.0236220993 0.213522121
v 0.252530634 0.0239879508 0.212547511
v 0.250776172 0.023652764 0.213578522
v 0.250744641 0.0237006135 0.213666543
v 0.252561271 0.0240857489 0.21261777
v 0.252534419 0.0239973757 0.212555572
v 0.250732034 0.0237233061 0.213699773
v 0.250698358 0.0237839762 0.213788643
v 0.250686079 0.0238097683 0.213819161
v 0.252585739 0.0241919607 0.21268037
v 0.2525644 0.0240961071 0.212625057
v 0.250656158 0.0238725599 0.213893414
v 0.250642329 0.023905931 0.213925421
v 0.252604336 0.0243090447 0.212736338
v 0.252588272 0.0242033768 0.212686956
v 0.250616878 0.0239673983 0.21398434
v 0.25059998 0.0240140185 0.214020386
v 0.252616882 0.0244403593 0.212786108
v 0.252606302 0.0243218224 0.212742314
v 0.250579625 0.0240702108 0.214063823
v 0.250558287 0.0241372623 0.214104965
v 0.252622545 0.0245904066 0.212829426
v 0.252618194 0.0244549103 0.212791488
v 0.250543535 0.0241835788 0.214133382
v 0.250516623 0.0242801681 0.214178994
v 0.252623081 0.0246072896 0.21283415
v 0.252619714 0.0247653592 0.212865233
v 0.2505081 0.0243107751 0.214193434
v 0.250476569 0.0244394876 0.214238524
v 0.250474513 0.0244490765 0.214240864
v 0.252605677 0.0249739122 0.212891266
v 0.252619296 0.0247853585 0.212869167
v 0.250445276 0.0245849714 0.214273959
v 0.250432432 0.0246536434 0.214283779
v 0.252569973 0.0252744406 0.212904662
v 0.252603918 0.0249981508 0.212894097
v 0.250413805 0.0247531757 0.214297995
v 0.250381947 0.0249519795 0.214307144
v 0.238793135 0.0215358566 0.204556569
v 0.249877185 0.0231693834 0.214452565
v 0.250018418 0.0231901985 0.214421138
v 0.249740139 0.0231491867 0.214499235
v 0.249608889 0.023129845 0.214560613
v 0.24936986 0.023094615 0.214724436
v 0.249484986 0.0231115818 0.214635968
v 0.249171242 0.0230653454 0.214936376
v 0.249264866 0.023079142 0.21482496
v 0.24902235 0.0230434015 0.215186507
v 0.246321425 0.0226453487 0.215066731
v 0.251288593 0.0233773924 0.211882845
v 0.250306785 0.0232326984 0.214405328
v 0.250450552 0.023253886 0.214421138
v 0.24909009 0.0230533853 0.215057358
v 0.248968825 0.0230355132 0.215322301
v 0.248918593 0.0230281111 0.215522453
v 0.248930141 0.0230298117 0.215463147
v 0.250162184 0.0232113861 0.214405328
v 0.245059296 0.0224593412 0.200540051
v 0.245654851 0.0225471109 0.215494007
v 0.250588953 0.0232742839 0.214451775
v 0.251920998 0.0234705955 0.211477488
v 0.246303812 0.0243509561 0.21692118
v 0.248544469 0.0245058574 0.215495601
v 0.248546958 0.0243757199 0.21549274
v 0.248525992 0.0246784519 0.215496808
v 0.246339604 0.024050422 0.216907918
v 0.246338323 0.0240687449 0.216910139
v 0.24635382 0.0238464195 0.216883197
v 0.248536021 0.0241788961 0.215485886
v 0.248533249 0.0241630431 0.215485007
v 0.248547763 0.0243333951 0.215491802
v 0.246353894 0.0238417853 0.216882259
v 0.248511329 0.0240376182 0.215478063
v 0.248495907 0.0239824094 0.215474024
v 0.24635677 0.0236646347 0.216846004
v 0.248474523 0.0239058305 0.215468407
v 0.248442993 0.0238254461 0.215460956
v 0.246350974 0.0235167146 0.216802955
v 0.24635078 0.02351203 0.216801584
v 0.248425335 0.0237804465 0.215456784
v 0.248376444 0.0236861221 0.21544601
v 0.246338397 0.0233853757 0.21675314
v 0.246337965 0.0233809128 0.216751426
v 0.248362273 0.0236587599 0.215442881
v 0.248296902 0.0235600509 0.215429157
v 0.246319816 0.0232682228 0.216697216
v 0.246319443 0.0232659299 0.216696113
v 0.24828276 0.0235387068 0.215426177
v 0.248204604 0.0234436356 0.215410352
v 0.246295124 0.0231621806 0.216634318
v 0.248194665 0.0234315451 0.21540834
v 0.246293068 0.0231534075 0.216629088
v 0.248097435 0.0233345069 0.215389192
v 0.246264458 0.0230644271 0.216564
v 0.248087555 0.0233246405 0.21538724
v 0.246261209 0.0230542999 0.216556594
v 0.247985587 0.0232411642 0.215367615
v 0.246230841 0.0229823496 0.216492668
v 0.24795571 0.0232167058 0.215361863
v 0.246223778 0.0229656156 0.216477796
v 0.247840762 0.0231401138 0.215340182
v 0.246185616 0.0228953026 0.216402113
v 0.246180072 0.0228850897 0.216391116
v 0.24779062 0.0231067054 0.215330735
v 0.247688457 0.0230522584 0.21531181
v 0.246136323 0.0228219498 0.216308326
v 0.246128947 0.0228113066 0.216294378
v 0.247579247 0.0229940433 0.215291575
v 0.247511938 0.0229662061 0.215279311
v 0.246077254 0.0227532908 0.216200411
v 0.246068597 0.0227435585 0.216184646
v 0.247304246 0.0228803065 0.215241477
v 0.246005446 0.0226895362 0.216073722
v 0.247301176 0.0228790361 0.215240911
v 0.24599646 0.0226818509 0.216057941
v 0.247045621 0.0228012092 0.21519506
v 0.245916441 0.02263177 0.215921566
v 0.245908886 0.0226270445 0.215908691
v 0.246924415 0.0227642972 0.215173304
v 0.246725127 0.0227249861 0.215138078
v 0.245803475 0.0225824881 0.215734005
v 0.245800465 0.0225812159 0.215729013
v 0.246321425 0.0226453487 0.215066731
v 0.245654851 0.0225471109 0.215494007
v 0.246356726 0.0236667637 0.216846451
v 0.248918593 0.0230281111 0.215522453
v 0.248525992 0.0246784519 0.215496808
v 0.242723808 0.0640482977 0.215496808
v 0.248544469 0.0245058574 0.215495601
v 0.242623612 0.0657417327 0.215522453
v 0.248547763 0.0243333951 0.215491802
v 0.248546958 0.0243757199 0.21549274
v 0.241315141 0.0653903782 0.215288848
v 0.241252393 0.0653964877 0.215278223
v 0.241541982 0.065347068 0.215326712
v 0.24144648 0.0653652996 0.215310767
v 0.247301176 0.0228790361 0.215240911
v 0.247304246 0.0228803065 0.215241477
v 0.241729498 0.0652927235 0.215357542
v 0.241620466 0.0653243214 0.215339616
v 0.242685199 0.0642461032 0.215495184
v 0.242661372 0.0643262416 0.215493113
v 0.248536021 0.0241788961 0.215485886
v 0.247511938 0.0229662061 0.215279311
v 0.246924415 0.0227642972 0.215173304
v 0.247045621 0.0228012092 0.21519506
v 0.241887927 0.0652299225 0.215383157
v 0.241778865 0.0652731583 0.215365514
v 0.242635965 0.0644116923 0.215490907
v 0.24258408 0.0645395294 0.215485245
v 0.247579247 0.0229940433 0.215291575
v 0.247688457 0.0230522584 0.21531181
v 0.241034016 0.0654177591 0.215241268
v 0.241032183 0.0654177591 0.215240955
v 0.242024392 0.0651598573 0.215404823
v 0.241925076 0.065210849 0.215389058
v 0.24779062 0.0231067054 0.215330735
v 0.247840762 0.0231401138 0.215340182
v 0.240770921 0.0654175654 0.215196073
v 0.242578492 0.0645533204 0.215484634
v 0.248511329 0.0240376182 0.215478063
v 0.248533249 0.0241630431 0.215485007
v 0.24795571 0.0232167058 0.215361863
v 0.247985587 0.0232411642 0.215367615
v 0.242143989 0.0650826767 0.215423405
v 0.242048711 0.0651441589 0.215408593
v 0.248474523 0.0239058305 0.215468407
v 0.248495907 0.0239824094 0.215474024
v 0.248087555 0.0233246405 0.21538724
v 0.248097435 0.0233345069 0.215389192
v 0.240603358 0.0654174462 0.215167299
v 0.240464196 0.0654033422 0.21514304
v 0.248425335 0.0237804465 0.215456784
v 0.248442993 0.0238254461 0.215460956
v 0.248194665 0.0234315451 0.21540834
v 0.248204604 0.0234436356 0.215410352
v 0.242250428 0.0649977401 0.215439543
v 0.242179126 0.0650546476 0.215428725
v 0.242513672 0.0646771193 0.215476632
v 0.242493197 0.0647080615 0.21547389
v 0.246321425 0.0226453487 0.215066731
v 0.246725127 0.0227249861 0.215138078
v 0.242346406 0.0649035797 0.21545364
v 0.242290124 0.0649587959 0.215445369
v 0.248362273 0.0236587599 0.215442881
v 0.248376444 0.0236861221 0.21544601
v 0.24828276 0.0235387068 0.215426177
v 0.248296902 0.0235600509 0.215429157
v 0.242433861 0.0647977814 0.215465978
v 0.242394775 0.0648450702 0.215460464
v 0.240026444 0.065358974 0.215066731
v 0.248525992 0.0246784519 0.215496808
v 0.246303812 0.0243509561 0.21692118
v 0.240501627 0.0637208 0.21692118
v 0.242723808 0.0640482977 0.215496808
v 0.239512369 0.0652699918 0.215734035
v 0.239359871 0.0652607381 0.215494007
v 0.240026444 0.065358974 0.215066731
v 0.240464196 0.0654033422 0.21514304
v 0.239522442 0.065268822 0.215749502
v 0.239637345 0.065255031 0.215925574
v 0.239634737 0.0652557835 0.2159217
v 0.240603358 0.0654174462 0.215167299
v 0.240770921 0.0654175654 0.215196073
v 0.239735484 0.0652266368 0.216072157
v 0.239736676 0.0652262866 0.21607393
v 0.241032183 0.0654177591 0.215240955
v 0.239821196 0.0651872084 0.216196805
v 0.241034016 0.0654177591 0.215241268
v 0.241252393 0.0653964877 0.215278223
v 0.239897668 0.0651388615 0.216304988
v 0.239823863 0.0651859716 0.216200694
v 0.241315141 0.0653903782 0.215288848
v 0.24144648 0.0653652996 0.215310767
v 0.239967287 0.065082185 0.216400579
v 0.239900261 0.0651372001 0.216308668
v 0.241541982 0.065347068 0.215326712
v 0.241620466 0.0653243214 0.215339616
v 0.240031824 0.0650164187 0.216486141
v 0.239968657 0.0650810674 0.216402456
v 0.241729498 0.0652927235 0.215357542
v 0.241778865 0.0652731583 0.215365514
v 0.240092829 0.0649412498 0.216564044
v 0.240037158 0.06501095 0.216493219
v 0.241887927 0.0652299225 0.215383157
v 0.241925076 0.065210849 0.215389058
v 0.240145564 0.0648636371 0.216628477
v 0.240099162 0.0649333149 0.216572106
v 0.242024392 0.0651598573 0.215404823
v 0.242048711 0.0651441589 0.215408593
v 0.240203336 0.0647637621 0.216695637
v 0.240156367 0.0648474321 0.21664159
v 0.242143989 0.0650826767 0.215423405
v 0.242179126 0.0650546476 0.215428725
v 0.240254164 0.0646590069 0.216750845
v 0.240210161 0.0647516102 0.216703475
v 0.242250428 0.0649977401 0.215439543
v 0.242290124 0.0649587959 0.215445369
v 0.240304232 0.0645372123 0.216800943
v 0.240261585 0.0646433979 0.216758832
v 0.242346406 0.0649035797 0.21545364
v 0.242394775 0.0648450702 0.215460464
v 0.240353972 0.0643929094 0.216845363
v 0.240311384 0.0645194054 0.216808006
v 0.242433861 0.0647977814 0.215465978
v 0.242493197 0.0647080615 0.21547389
v 0.240360022 0.0643749163 0.216850683
v 0.240403637 0.0642181188 0.216882661
v 0.242513672 0.0646771193 0.215476632
v 0.242578492 0.0645533204 0.215484634
v 0.24258408 0.0645395294 0.215485245
v 0.240453124 0.0640009195 0.21690993
v 0.24040775 0.0642033219 0.216885686
v 0.242635965 0.0644116923 0.215490907
v 0.242661372 0.0643262416 0.215493113
v 0.240501627 0.0637208 0.21692118
v 0.24045442 0.0639951378 0.216910616
v 0.242685199 0.0642461032 0.215495184
v 0.242723808 0.0640482977 0.215496808
v 0.244333372 0.0659937114 0.214307144
v 0.244155586 0.0659675151 0.214421138
v 0.244011819 0.0659463257 0.214405328
v 0.244293988 0.0659879074 0.214451775
v 0.242727369 0.0657570288 0.215186507
v 0.242673844 0.0657491386 0.215322301
v 0.240026444 0.065358974 0.215066731
v 0.232498154 0.0642494857 0.204556569
v 0.24279511 0.0657670125 0.215057358
v 0.243867204 0.0659250095 0.214405328
v 0.242876261 0.0657789707 0.214936376
v 0.243074879 0.065808244 0.214724436
v 0.242969885 0.0657927692 0.21482496
v 0.243582204 0.0658830106 0.214452565
v 0.243445158 0.0658628121 0.214499235
v 0.243723437 0.0659038275 0.214421138
v 0.242635161 0.0657434389 0.215463147
v 0.243313909 0.0658434704 0.214560613
v 0.243190005 0.065825209 0.214635968
v 0.242623612 0.0657417327 0.215522453
v 0.238764316 0.0651729703 0.200540051
v 0.246521384 0.0663161725 0.212904662
v 0.239359871 0.0652607381 0.215494007
v 0.231849194 0.0624456368 0.203129381
v 0.238115355 0.0633691251 0.199112862
v 0.238081411 0.0636454076 0.199123427
v 0.238079652 0.0636696517 0.199126273
v 0.231813416 0.0627461746 0.203142643
v 0.231814682 0.0627278537 0.203140423
v 0.2380656 0.0638782009 0.199152306
v 0.231799111 0.0629548058 0.203168318
v 0.231799185 0.0629501715 0.203167379
v 0.238066033 0.0638582036 0.199148372
v 0.238062233 0.0640362725 0.199183375
v 0.23179628 0.0631298348 0.203204125
v 0.231796235 0.0631319582 0.203204572
v 0.238062769 0.0640531555 0.199188098
v 0.238067135 0.0641886517 0.199226052
v 0.231802046 0.0632798821 0.203247622
v 0.238068432 0.0642032027 0.199231431
v 0.231802225 0.0632845685 0.203248993
v 0.238079026 0.0643217415 0.199275225
v 0.231814608 0.0634112209 0.203297436
v 0.238080978 0.0643345192 0.199281201
v 0.23181504 0.0634156838 0.203299135
v 0.238097057 0.0644401833 0.199330568
v 0.23183319 0.0635283738 0.20335336
v 0.231833562 0.0635306686 0.203354463
v 0.23809959 0.0644515976 0.199337155
v 0.238120914 0.0645474568 0.199392468
v 0.231857881 0.0636344105 0.203416258
v 0.238124073 0.0645578131 0.199399754
v 0.231859937 0.0636431873 0.203421474
v 0.23815091 0.0646461844 0.199461952
v 0.231888548 0.0637321696 0.203486562
v 0.23815468 0.0646556094 0.199470013
v 0.238187879 0.0647384077 0.199540839
v 0.231922179 0.0638142452 0.203557909
v 0.231891796 0.0637422949 0.203493983
v 0.238233253 0.0648253113 0.199631602
v 0.23196739 0.0639012903 0.203648463
v 0.231929243 0.0638309792 0.20357278
v 0.238282531 0.0648987815 0.199725389
v 0.232016698 0.0639746413 0.203742236
v 0.231972933 0.063911505 0.20365946
v 0.238341615 0.0649675205 0.199833348
v 0.232075751 0.0640433058 0.203850165
v 0.232024074 0.0639852881 0.203756198
v 0.238413468 0.0650312826 0.199960113
v 0.23214756 0.0641070604 0.203976855
v 0.232084423 0.0640530363 0.20386593
v 0.238502562 0.0650889203 0.200112358
v 0.232236579 0.0641648248 0.20412901
v 0.232156545 0.064114742 0.203992635
v 0.238615632 0.0651378408 0.200300008
v 0.23234953 0.0642141029 0.204316571
v 0.232244119 0.0641695485 0.20414187
v 0.238764316 0.0651729703 0.200540051
v 0.232498154 0.0642494857 0.204556569
v 0.23235254 0.064215377 0.204321548
v 0.237651378 0.0230757929 0.203129381
v 0.24391754 0.0239992775 0.199112862
v 0.238115355 0.0633691251 0.199112862
v 0.231849194 0.0624456368 0.203129381
v 0.238793135 0.0215358566 0.204556569
v 0.245059296 0.0224593412 0.200540051
v 0.244910032 0.0224499889 0.20030503
v 0.24489671 0.0224514231 0.20028457
v 0.238630563 0.0215277709 0.204301074
v 0.238640651 0.0215266012 0.204316542
v 0.244781807 0.0224656463 0.200108588
v 0.23851566 0.0215415657 0.204125002
v 0.238518268 0.0215408131 0.204128876
v 0.244792998 0.0224625897 0.200125352
v 0.244693339 0.022489801 0.199976116
v 0.238417521 0.0215699617 0.203978419
v 0.238416329 0.0215703063 0.203976631
v 0.244683713 0.0224940423 0.19996208
v 0.244606465 0.0225280784 0.199849397
v 0.23833181 0.0216093883 0.203853771
v 0.238329142 0.0216106251 0.203849867
v 0.244598016 0.0225332659 0.199837402
v 0.244529143 0.0225755349 0.19973968
v 0.238255337 0.0216577351 0.203745574
v 0.238252744 0.0216593966 0.203741908
v 0.244521573 0.0225815643 0.199729234
v 0.244458899 0.0226314291 0.199642941
v 0.238185719 0.021714408 0.203649983
v 0.24445197 0.022638293 0.199633718
v 0.238184348 0.0217155274 0.20364812
v 0.244393826 0.0226959269 0.199556246
v 0.238121182 0.0217801798 0.203564435
v 0.238115847 0.0217856467 0.203557357
v 0.244387388 0.0227037016 0.199547991
v 0.244332403 0.0227700379 0.199477449
v 0.238060176 0.0218553469 0.203486532
v 0.244326353 0.022778796 0.199470043
v 0.244273305 0.0228557419 0.199404955
v 0.238007441 0.0219329577 0.203422099
v 0.238053843 0.0218632799 0.20347847
v 0.244215578 0.0229558703 0.199337944
v 0.237949669 0.0220328346 0.20335494
v 0.237996638 0.0219491646 0.203408986
v 0.24416469 0.0230606236 0.199282616
v 0.237898842 0.0221375879 0.203299731
v 0.237942845 0.0220449865 0.203347087
v 0.244114578 0.0231824666 0.199232474
v 0.237848774 0.0222593825 0.203249633
v 0.237891421 0.0221531987 0.203291744
v 0.244064823 0.023326857 0.199188039
v 0.237799034 0.0224036891 0.203205213
v 0.237841636 0.0222771931 0.20324257
v 0.244015217 0.023501765 0.19915086
v 0.237749368 0.0225784779 0.203167915
v 0.237792984 0.0224216823 0.203199893
v 0.243965909 0.0237191059 0.199123904
v 0.237699881 0.0227956772 0.203140646
v 0.237745255 0.0225932766 0.20316489
v 0.24391754 0.0239992775 0.199112862
v 0.237651378 0.0230757929 0.203129381
v 0.237698585 0.0228014588 0.203139946
v 0.22820586 0.0632672906 0.197634339
v 0.232156545 0.064114742 0.203992635
v 0.232236579 0.0641648248 0.20412901
v 0.231814682 0.0627278537 0.203140423
v 0.228623122 0.0622514822 0.198051751
v 0.233287781 0.0416651927 0.200595856
v 0.217069045 0.0660188049 0.180892467
v 0.224530429 0.0153906653 0.180892467
v 0.225820079 0.0213321391 0.184270516
v 0.241791278 0.0696622729 0.220299229
v 0.23235254 0.064215377 0.204321548
v 0.232498154 0.0642494857 0.204556569
v 0.232244119 0.0641695485 0.20414187
v 0.23234953 0.0642141029 0.204316571
v 0.228617802 0.0622751974 0.198048905
v 0.225867286 0.0210578032 0.184281081
v 0.225913942 0.0208496209 0.184306011
v 0.225868583 0.0210520234 0.184281766
v 0.22596167 0.0206780266 0.184341028
v 0.225918069 0.0208348241 0.184309036
v 0.239359871 0.0652607381 0.215494007
v 0.228576452 0.0624596626 0.198026806
v 0.231813416 0.0627461746 0.203142643
v 0.227528557 0.0635170862 0.196635127
v 0.220521241 0.062471725 0.185462683
v 0.220666856 0.0625058264 0.18569769
v 0.220412821 0.0624258965 0.185283005
v 0.220518231 0.062470451 0.185457692
v 0.220325232 0.0623710901 0.185133755
v 0.220405266 0.0624211691 0.185270131
v 0.220017895 0.0607019849 0.184270516
v 0.232084423 0.0640530363 0.20386593
v 0.23214756 0.0641070604 0.203976855
v 0.233374715 0.0416691713 0.20073238
v 0.231799185 0.0629501715 0.203167379
v 0.228528723 0.0626312569 0.197991803
v 0.228571087 0.0624789372 0.198022872
v 0.226010323 0.0205335375 0.184383705
v 0.225967735 0.0206600334 0.184346333
v 0.232024074 0.0639852881 0.203756198
v 0.232075751 0.0640433058 0.203850165
v 0.228480071 0.062775746 0.197949126
v 0.228523329 0.0626472682 0.19798708
v 0.22025311 0.0623093806 0.185007051
v 0.220316261 0.0623634048 0.185117975
v 0.226060122 0.0204095431 0.184432864
v 0.226017475 0.0205157287 0.184390768
v 0.239634737 0.0652557835 0.2159217
v 0.239637345 0.065255031 0.215925574
v 0.239512369 0.0652699918 0.215734035
v 0.239522442 0.065268822 0.215749502
v 0.228430286 0.062899746 0.197899953
v 0.231799111 0.0629548058 0.203168318
v 0.228474632 0.062789306 0.197943747
v 0.22019276 0.0622416325 0.184897318
v 0.220244437 0.0622996502 0.184991285
v 0.219967887 0.0612065196 0.184308499
v 0.219967812 0.0612111539 0.184309453
v 0.219983384 0.060984198 0.184281558
v 0.219982103 0.061002519 0.184283778
v 0.234077573 0.0208833888 0.197049826
v 0.233981505 0.0208427813 0.196890607
v 0.239735484 0.0652266368 0.216072157
v 0.23179628 0.0631298348 0.203204125
v 0.219964966 0.0613861755 0.18434526
v 0.235871553 0.0218267664 0.200065508
v 0.240501627 0.0637208 0.21692118
v 0.246303812 0.0243509561 0.21692118
v 0.239736676 0.0652262866 0.21607393
v 0.239821196 0.0651872084 0.216196805
v 0.231796235 0.0631319582 0.203204572
v 0.231802046 0.0632798821 0.203247622
v 0.227681056 0.0635263398 0.19687517
v 0.219964936 0.0613883063 0.184345692
v 0.219970733 0.0615362264 0.184388757
v 0.233969152 0.0208375622 0.196870148
v 0.24045442 0.0639951378 0.216910616
v 0.24040775 0.0642033219 0.216885686
v 0.240453124 0.0640009195 0.21690993
v 0.240360022 0.0643749163 0.216850683
v 0.240403637 0.0642181188 0.216882661
v 0.239823863 0.0651859716 0.216200694
v 0.239897668 0.0651388615 0.216304988
v 0.231802225 0.0632845685 0.203248993
v 0.231814608 0.0634112209 0.203297436
v 0.227803439 0.0635121241 0.19706282
v 0.219970927 0.0615409091 0.184390113
v 0.21998331 0.0616675653 0.184438556
v 0.233823538 0.0208034571 0.196635127
v 0.226961836 0.0197922029 0.18569769
v 0.249252662 0.0190341379 0.220299229
v 0.239900261 0.0651372001 0.216308668
v 0.239967287 0.065082185 0.216400579
v 0.23181504 0.0634156838 0.203299135
v 0.23183319 0.0635283738 0.20335336
v 0.227905378 0.0634826347 0.197215065
v 0.219983742 0.0616720282 0.18444027
v 0.220001891 0.0617847182 0.18449448
v 0.226686954 0.0197971594 0.185270011
v 0.226684362 0.0197979119 0.185266122
v 0.226809338 0.0197829455 0.185457662
v 0.22679925 0.0197841171 0.185442194
v 0.23578468 0.0218904 0.1999446
v 0.240311384 0.0645194054 0.216808006
v 0.240353972 0.0643929094 0.216845363
v 0.231972933 0.063911505 0.20365946
v 0.232016698 0.0639746413 0.203742236
v 0.231833562 0.0635306686 0.203354463
v 0.228378862 0.0630079508 0.19784461
v 0.228424728 0.0629114136 0.197893992
v 0.227992564 0.0634423122 0.19734183
v 0.226111546 0.0203013327 0.184488222
v 0.226067543 0.0203939322 0.184440851
v 0.226586223 0.019826306 0.185119539
v 0.245800465 0.0225812159 0.215729013
v 0.245654851 0.0225471109 0.215494007
v 0.245908886 0.0226270445 0.215908691
v 0.245803475 0.0225824881 0.215734005
v 0.24599646 0.0226818509 0.216057941
v 0.245916441 0.02263177 0.215921566
v 0.240261585 0.0646433979 0.216758832
v 0.240304232 0.0645372123 0.216800943
v 0.231929243 0.0638309792 0.20357278
v 0.23196739 0.0639012903 0.203648463
v 0.228325054 0.0631037802 0.19778271
v 0.228373125 0.0630181506 0.197838023
v 0.228068963 0.0633935481 0.197449788
v 0.220141634 0.0621678494 0.18480058
v 0.220185384 0.0622309893 0.184883371
v 0.226165339 0.0202055089 0.184550121
v 0.226118371 0.0202891808 0.184496075
v 0.226585031 0.0198266525 0.185117766
v 0.226500511 0.0198657326 0.184994891
v 0.238793135 0.0215358566 0.204556569
v 0.240210161 0.0647516102 0.216703475
v 0.240254164 0.0646590069 0.216750845
v 0.231891796 0.0637422949 0.203493983
v 0.231922179 0.0638142452 0.203557909
v 0.228267863 0.063189663 0.197713226
v 0.228319064 0.0631127879 0.197775424
v 0.220097929 0.0620873235 0.1847139
v 0.220136091 0.0621576384 0.184789583
v 0.22622253 0.0201196261 0.184619606
v 0.226176128 0.0201893039 0.184563234
v 0.226497829 0.0198669713 0.184991002
v 0.226424038 0.0199140813 0.184886709
v 0.238640651 0.0215266012 0.204316542
v 0.238630563 0.0215277709 0.204301074
v 0.246068597 0.0227435585 0.216184646
v 0.246005446 0.0226895362 0.216073722
v 0.240156367 0.0648474321 0.21664159
v 0.240203336 0.0647637621 0.216695637
v 0.239968657 0.0650810674 0.216402456
v 0.240031824 0.0650164187 0.216486141
v 0.231857881 0.0636344105 0.203416258
v 0.220060498 0.061998643 0.184635103
v 0.220090866 0.0620705895 0.184699029
v 0.220002249 0.0617870092 0.184495583
v 0.220026568 0.0618907586 0.184557378
v 0.226421446 0.0199157409 0.184883028
v 0.22635442 0.0199707523 0.184791118
v 0.238518268 0.0215408131 0.204128876
v 0.246128947 0.0228113066 0.216294378
v 0.246077254 0.0227532908 0.216200411
v 0.24635382 0.0238464195 0.216883197
v 0.246353894 0.0238417853 0.216882259
v 0.240099162 0.0649333149 0.216572106
v 0.240145564 0.0648636371 0.216628477
v 0.231859937 0.0636431873 0.203421474
v 0.231888548 0.0637321696 0.203486562
v 0.22826153 0.0631975904 0.197705165
v 0.226284534 0.020041991 0.184698477
v 0.226228878 0.0201116912 0.184627667
v 0.226353049 0.0199718736 0.18478924
v 0.226289883 0.0200365242 0.184705555
v 0.236536995 0.0219248347 0.201126188
v 0.246356726 0.0236667637 0.216846451
v 0.246338323 0.0240687449 0.216910139
v 0.246339604 0.024050422 0.216907918
v 0.234522507 0.0221027657 0.198024333
v 0.235543385 0.0221706349 0.199632585
v 0.23547253 0.0222901944 0.199549526
v 0.240037158 0.06501095 0.216493219
v 0.240092829 0.0649412498 0.216564044
v 0.228137344 0.0633374155 0.197543576
v 0.220028624 0.0618995316 0.184562609
v 0.220057234 0.0619885139 0.184627697
v 0.246180072 0.0228850897 0.216391116
v 0.246136323 0.0228219498 0.216308326
v 0.24635677 0.0236646347 0.216846004
v 0.246350974 0.0235167146 0.216802955
v 0.234297633 0.021067651 0.197435498
v 0.234243885 0.0210073106 0.197337776
v 0.234348774 0.021141436 0.197532237
v 0.234303147 0.0210756119 0.197445944
v 0.234507024 0.0223250892 0.198051274
v 0.246223778 0.0229656156 0.216477796
v 0.246185616 0.0228953026 0.216402113
v 0.24635078 0.02351203 0.216801584
v 0.246338397 0.0233853757 0.21675314
v 0.234392464 0.0212219618 0.197618932
v 0.234353423 0.021150006 0.197541475
v 0.234525457 0.0219209809 0.197987139
v 0.231849194 0.0624456368 0.203129381
v 0.233463183 0.0416558161 0.200867325
v 0.233552158 0.0416252762 0.200999111
v 0.246261209 0.0230542999 0.216556594
v 0.246230841 0.0229823496 0.216492668
v 0.246337965 0.0233809128 0.216751426
v 0.246319816 0.0232682228 0.216697216
v 0.234253839 0.0405432396 0.20184502
v 0.234286949 0.0403855033 0.201860428
v 0.234429911 0.0213106442 0.197697729
v 0.234396398 0.0212312657 0.197627187
v 0.234519482 0.0217683762 0.197942719
v 0.233640596 0.0415779166 0.201126188
v 0.234165162 0.0209381972 0.197199062
v 0.234087408 0.0208895449 0.19706659
v 0.246293068 0.0231534075 0.216629088
v 0.246264458 0.0230644271 0.216564
v 0.246319443 0.0232659299 0.216696113
v 0.246295124 0.0231621806 0.216634318
v 0.236601815 0.0220108274 0.201247096
v 0.23851566 0.0215415657 0.204125002
v 0.238417521 0.0215699617 0.203978419
v 0.237698585 0.0228014588 0.203139946
v 0.234301209 0.0402983464 0.201862618
v 0.237651378 0.0230757929 0.203129381
v 0.236800373 0.023340581 0.201862618
v 0.237745255 0.0225932766 0.20316489
v 0.237699881 0.0227956772 0.203140646
v 0.237792984 0.0224216823 0.203199893
v 0.237749368 0.0225784779 0.203167915
v 0.234461769 0.0214097537 0.197770223
v 0.234433159 0.0213207733 0.197705135
v 0.234506652 0.0216372572 0.197892562
v 0.235619634 0.0220633429 0.19972688
v 0.234237283 0.0209999047 0.197325781
v 0.234173149 0.0209450349 0.197213113
v 0.233811766 0.041435115 0.201360419
v 0.233892515 0.0413413383 0.201464817
v 0.23372747 0.0415142812 0.201247096
v 0.235700384 0.021969568 0.199831277
v 0.236389592 0.021799067 0.200867325
v 0.236308739 0.0217607561 0.20073238
v 0.234488145 0.0215222742 0.197837234
v 0.236137435 0.021735508 0.200459316
v 0.236048967 0.021748865 0.200324371
v 0.236465976 0.0218539722 0.200999111
v 0.238416329 0.0215703063 0.203976631
v 0.237841636 0.0222771931 0.20324257
v 0.237799034 0.0224036891 0.203205213
v 0.233968765 0.0412340462 0.201559111
v 0.233203396 0.041643925 0.200459316
v 0.235959992 0.0217794031 0.200192586
v 0.236224368 0.0217394866 0.200595856
v 0.236709952 0.0222240295 0.201464817
v 0.236659691 0.0221109483 0.201360419
v 0.232910335 0.0413938537 0.1999446
v 0.232975155 0.0414798446 0.200065508
v 0.237891421 0.0221531987 0.203291744
v 0.237848774 0.0222593825 0.203249633
v 0.233046174 0.0415507071 0.200192586
v 0.233122543 0.0416056141 0.200324371
v 0.232852459 0.0412937328 0.199831277
v 0.234472498 0.0226073023 0.198062316
v 0.23521094 0.0231063347 0.199329078
v 0.232711762 0.0400641002 0.199329078
v 0.237942845 0.0220449865 0.203347087
v 0.237898842 0.0221375879 0.203299731
v 0.23403962 0.0411144868 0.201642171
v 0.228670314 0.0619771481 0.198062316
v 0.237996638 0.0219491646 0.203408986
v 0.237949669 0.0220328346 0.20335494
v 0.232802197 0.0411806516 0.19972688
v 0.23833181 0.0216093883 0.203853771
v 0.235225186 0.023019176 0.199331284
v 0.238053843 0.0218632799 0.20347847
v 0.238007441 0.0219329577 0.203422099
v 0.236811876 0.0232530162 0.201860428
v 0.238115847 0.0217856467 0.203557357
v 0.238060176 0.0218553469 0.203486532
v 0.232726783 0.0409210064 0.199549526
v 0.232760146 0.0410559252 0.199632585
v 0.232682243 0.0404713079 0.199376643
v 0.232687607 0.0406269841 0.19942081
v 0.238329142 0.0216106251 0.203849867
v 0.236785367 0.0224836748 0.201642171
v 0.238255337 0.0216577351 0.203745574
v 0.235258311 0.0228614397 0.199346676
v 0.232702509 0.0407774672 0.199478656
v 0.236752003 0.0223487578 0.201559111
v 0.238252744 0.0216593966 0.203741908
v 0.232700273 0.0401516668 0.199331284
v 0.234161958 0.0408442691 0.201770902
v 0.234211996 0.0406967588 0.201815054
v 0.236809641 0.0226272121 0.20171304
v 0.235300139 0.0227079224 0.199376643
v 0.238185719 0.021714408 0.203649983
v 0.234104276 0.0409840532 0.20171304
v 0.232686475 0.0403122492 0.199346676
v 0.235350192 0.0225604121 0.19942081
v 0.236824542 0.0227776971 0.201770902
v 0.238184348 0.0217155274 0.20364812
v 0.238121182 0.0217801798 0.203564435
v 0.235407874 0.0224206261 0.199478656
v 0.236829907 0.0229333732 0.201815054
v 0.236825675 0.0230924319 0.20184502
v 0.241477102 0.0240298193 0.19531256
v 0.238977924 0.0409875847 0.19531256
v 0.232711762 0.0400641002 0.199329078
v 0.23521094 0.0231063347 0.199329078
v 0.230812207 0.0163164493 0.176900834
v 0.233078733 0.0207063332 0.181446165
v 0.233227998 0.0207156874 0.181681171
v 0.232961699 0.0207189359 0.181266487
v 0.233065397 0.0207077693 0.181425691
v 0.232862025 0.0207461454 0.181117237
v 0.232950509 0.0207219906 0.181249723
v 0.2400897 0.0217269398 0.192618608
v 0.223350808 0.0669445843 0.176900834
v 0.226284057 0.0616254695 0.180253997
v 0.255518824 0.0199576225 0.21628271
v 0.244792998 0.0224625897 0.200125352
v 0.24489671 0.0224514231 0.20028457
v 0.240238383 0.0217620693 0.192858636
v 0.240247697 0.0217661001 0.192874104
v 0.232775167 0.0207844228 0.180990532
v 0.232852399 0.0207503866 0.1811032
v 0.226250112 0.0619017556 0.180264562
v 0.242803141 0.0228483193 0.197109669
v 0.240351453 0.0218109842 0.193046302
v 0.232697845 0.0208318792 0.1808808
v 0.232766718 0.0207896121 0.180978537
v 0.232086241 0.0222556219 0.180253997
v 0.248057425 0.0705857575 0.21628271
v 0.252569973 0.0252744406 0.212904662
v 0.252619296 0.0247853585 0.212869167
v 0.252605677 0.0249739122 0.212891266
v 0.252623081 0.0246072896 0.21283415
v 0.252619714 0.0247653592 0.212865233
v 0.244910032 0.0224499889 0.20030503
v 0.242137715 0.0227502491 0.19604899
v 0.23213461 0.0219754521 0.180265039
v 0.252603918 0.0249981508 0.212894097
v 0.245059296 0.0224593412 0.200540051
v 0.251920998 0.0234705955 0.211477488
v 0.2326276 0.0208877753 0.180784062
v 0.23269026 0.0208379105 0.180870369
v 0.232183903 0.0217581112 0.180291981
v 0.252618194 0.0244549103 0.212791488
v 0.252622545 0.0245904066 0.212829426
v 0.242867976 0.0229343101 0.197230577
v 0.232562527 0.0209522713 0.180697381
v 0.232620671 0.0208946392 0.180774838
v 0.232233524 0.0215832032 0.180329174
v 0.252606302 0.0243218224 0.212742314
v 0.252616882 0.0244403593 0.212786108
v 0.252069682 0.023505725 0.211717516
v 0.23250109 0.0210263841 0.180618584
v 0.232556075 0.020960046 0.180689111
v 0.232283279 0.0214388128 0.180373594
v 0.233943984 0.0644499213 0.19285363
v 0.233794719 0.0644405633 0.192618608
v 0.234061018 0.0644373149 0.193033308
v 0.233947232 0.0644495711 0.192858607
v 0.234160691 0.0644101053 0.193182543
v 0.234069616 0.0644349679 0.193046167
v 0.252588272 0.0242033768 0.212686956
v 0.252604336 0.0243090447 0.212736338
v 0.252182752 0.023554638 0.211905167
v 0.232441992 0.0211120863 0.18054609
v 0.232495055 0.0210351422 0.180611178
v 0.232333377 0.0213169679 0.180423751
v 0.238079652 0.0636696517 0.199126273
v 0.238081411 0.0636454076 0.199123427
v 0.234739438 0.0637174398 0.193926185
v 0.2525644 0.0240961071 0.212625057
v 0.252585739 0.0241919607 0.21268037
v 0.252271861 0.0236122832 0.212057412
v 0.232384279 0.0212122146 0.180479065
v 0.226933017 0.0634293109 0.181681171
v 0.23417151 0.064405337 0.193198323
v 0.234691039 0.0638351366 0.193877742
v 0.238066033 0.0638582036 0.199148372
v 0.238115355 0.0633691251 0.199112862
v 0.240478158 0.0416202433 0.197798535
v 0.234936476 0.0629006326 0.194045797
v 0.24391754 0.0239992775 0.199112862
v 0.243066534 0.0242640655 0.1978461
v 0.240567356 0.041221831 0.1978461
v 0.243075788 0.0235506967 0.197696522
v 0.244458899 0.0226314291 0.199642941
v 0.244521573 0.0225815643 0.199729234
v 0.244393826 0.0226959269 0.199556246
v 0.24445197 0.022638293 0.199633718
v 0.252534419 0.0239973757 0.212555572
v 0.252561271 0.0240857489 0.21261777
v 0.252343714 0.0236760415 0.212184176
v 0.242050841 0.0228138845 0.195928082
v 0.240353733 0.0218124539 0.193050176
v 0.234689325 0.0638392866 0.193876043
v 0.238062233 0.0640362725 0.199183375
v 0.2380656 0.0638782009 0.199152306
v 0.239640877 0.0425926559 0.196715862
v 0.239553943 0.0425886773 0.196579322
v 0.234888107 0.0631808043 0.194034755
v 0.244332403 0.0227700379 0.199477449
v 0.244387388 0.0227037016 0.199547991
v 0.243090704 0.0237011798 0.197754368
v 0.244114578 0.0231824666 0.199232474
v 0.252497435 0.0239051543 0.212476701
v 0.252530634 0.0239879508 0.212547511
v 0.252402782 0.0237447787 0.21229215
v 0.242403582 0.0226589926 0.196442798
v 0.242490515 0.0226629712 0.196579322
v 0.242226154 0.0227028877 0.196176067
v 0.242315128 0.0226723496 0.196307853
v 0.240439504 0.0218679532 0.193196759
v 0.240772605 0.023254497 0.194035232
v 0.23896642 0.0410751477 0.195314765
v 0.238977924 0.0409875847 0.19531256
v 0.241477102 0.0240298193 0.19531256
v 0.240787983 0.0230417028 0.194010288
v 0.240773037 0.0232485887 0.194034532
v 0.226784334 0.0633941814 0.181441143
v 0.238067135 0.0641886517 0.199226052
v 0.238062769 0.0640531555 0.199188098
v 0.239388704 0.0425290987 0.196307853
v 0.239312336 0.0424741916 0.196176067
v 0.239469558 0.0425674096 0.196442798
v 0.234838814 0.0633981451 0.194007799
v 0.234837547 0.0634026006 0.19400686
v 0.234884039 0.0631987154 0.194032535
v 0.240519986 0.0414667241 0.197828501
v 0.243078038 0.0241764989 0.197843894
v 0.243096069 0.0238568578 0.197798535
v 0.243091822 0.0240159146 0.197828501
v 0.244015217 0.023501765 0.19915086
v 0.244273305 0.0228557419 0.199404955
v 0.244326353 0.022778796 0.199470043
v 0.24416469 0.0230606236 0.199282616
v 0.244693339 0.022489801 0.199976116
v 0.244781807 0.0224656463 0.200108588
v 0.252452075 0.0238182526 0.212385938
v 0.2425749 0.0226842389 0.196715862
v 0.242655754 0.0227225497 0.196850806
v 0.240440547 0.0218686275 0.193198547
v 0.241885796 0.0229868274 0.195710361
v 0.240510195 0.0219304301 0.193321422
v 0.240791783 0.0228636358 0.193975285
v 0.240788311 0.0230263472 0.194007277
v 0.226234734 0.0621145517 0.180289492
v 0.226248354 0.0619259961 0.180267394
v 0.226230934 0.0622926168 0.18032451
v 0.226234302 0.062134549 0.180293426
v 0.226671249 0.0633452684 0.181253478
v 0.238079026 0.0643217415 0.199275225
v 0.238068432 0.0642032027 0.199231431
v 0.239241317 0.0424033292 0.19604899
v 0.239729345 0.0425793007 0.196850806
v 0.239906743 0.0425013974 0.197109669
v 0.239818305 0.0425487608 0.196982592
v 0.234789774 0.0635709986 0.193971053
v 0.240553111 0.0413089879 0.197843894
v 0.243965909 0.0237191059 0.199123904
v 0.244064823 0.023326857 0.199188039
v 0.244215578 0.0229558703 0.199337944
v 0.243051514 0.0234071594 0.197625652
v 0.244529143 0.0225755349 0.19973968
v 0.244598016 0.0225332659 0.199837402
v 0.242925853 0.023034431 0.197343901
v 0.242732137 0.0227774568 0.196982592
v 0.241966531 0.0228930507 0.195814759
v 0.240512401 0.0219323877 0.193325311
v 0.226235822 0.0624449961 0.180367172
v 0.226231471 0.0623094998 0.180329233
v 0.22658217 0.0632876232 0.181101248
v 0.234324872 0.0643243715 0.19341898
v 0.234258652 0.0643650144 0.193325013
v 0.234639451 0.0639419481 0.193821818
v 0.234580725 0.0640441701 0.193753704
v 0.238615632 0.0651378408 0.200300008
v 0.246521384 0.0663161725 0.212904662
v 0.238764316 0.0651729703 0.200540051
v 0.239993617 0.0424377657 0.197230577
v 0.24042812 0.0417677537 0.197754368
v 0.240370423 0.0419075377 0.197696522
v 0.234789193 0.0635730475 0.193970621
v 0.234740958 0.0637130067 0.193927556
v 0.242976114 0.0231475141 0.197448298
v 0.244606465 0.0225280784 0.199849397
v 0.244683713 0.0224940423 0.19996208
v 0.241738677 0.0232136771 0.195533007
v 0.241809547 0.0230941195 0.195616066
v 0.241674036 0.0233441088 0.195462137
v 0.240571484 0.0220011231 0.19343327
v 0.240619794 0.0220731311 0.193525195
v 0.240791172 0.0228446592 0.193969965
v 0.240785182 0.0226921383 0.193925545
v 0.240786895 0.0227112547 0.193932608
v 0.226247728 0.0625780821 0.180416346
v 0.226237118 0.0624595471 0.180372551
v 0.226510316 0.0632238686 0.180974483
v 0.23424755 0.0643718317 0.193309262
v 0.23446019 0.064203985 0.193602413
v 0.234403372 0.0642602965 0.193526715
v 0.234638438 0.0639440343 0.193820715
v 0.238097057 0.0644401833 0.199330568
v 0.238080978 0.0643345192 0.199281201
v 0.239176482 0.0423173383 0.195928082
v 0.239118606 0.0422172174 0.195814759
v 0.243018165 0.0232722405 0.197542593
v 0.240569472 0.0219987836 0.193429604
v 0.241616353 0.0234838948 0.195404291
v 0.240772381 0.0225610808 0.193875447
v 0.240774989 0.0225781668 0.193883434
v 0.226265743 0.0626965314 0.180471703
v 0.226249665 0.0625908673 0.180422321
v 0.226451233 0.0631551296 0.18086651
v 0.234335005 0.06431631 0.193432942
v 0.234395117 0.0642684773 0.193515718
v 0.238120914 0.0645474568 0.199392468
v 0.23809959 0.0644515976 0.199337155
v 0.238502562 0.0650889203 0.200112358
v 0.239068344 0.0421041325 0.195710361
v 0.239026293 0.041979406 0.195616066
v 0.240620777 0.022074597 0.193527058
v 0.240753934 0.0224461183 0.193820238
v 0.240756959 0.0224597212 0.193828091
v 0.226289615 0.0628037974 0.180533603
v 0.226268291 0.0627079457 0.18047829
v 0.234471783 0.0641900003 0.193617269
v 0.23815091 0.0646461844 0.199461952
v 0.238124073 0.0645578131 0.199399754
v 0.238413468 0.0650312826 0.199960113
v 0.238992944 0.0418444909 0.195533007
v 0.23896867 0.0417009518 0.195462137
v 0.240158677 0.0422648229 0.197448298
v 0.240077928 0.0423585959 0.197343901
v 0.240305781 0.0420379713 0.197625652
v 0.240234911 0.0421575308 0.197542593
v 0.240662605 0.0221547242 0.193610743
v 0.241524473 0.0237849243 0.195330158
v 0.2415663 0.0236314069 0.195360124
v 0.24072744 0.0223338231 0.193753079
v 0.240733102 0.0223524533 0.193766192
v 0.240666136 0.0221615005 0.193617821
v 0.240699336 0.0222442951 0.193688646
v 0.226319611 0.0629025325 0.180603087
v 0.226292759 0.0628141612 0.18054089
v 0.234527662 0.0641211122 0.193688616
v 0.234585226 0.0640363619 0.19375892
v 0.238341615 0.0649675205 0.199833348
v 0.240703106 0.0222537201 0.193696707
v 0.226356581 0.0629947558 0.180681959
v 0.226323381 0.0629119575 0.180611148
v 0.22640194 0.0630816519 0.180772722
v 0.234521627 0.0641298667 0.19368121
v 0.238187879 0.0647384077 0.199540839
v 0.23815468 0.0646556094 0.199470013
v 0.238282531 0.0648987815 0.199725389
v 0.238952637 0.0412357338 0.195330158
v 0.241491348 0.0239426587 0.195314765
v 0.238233253 0.0648253113 0.199631602
v 0.24073866 0.023530785 0.194045797
v 0.238953769 0.0415504687 0.195404291
v 0.23894839 0.0413947888 0.195360124
v 0.232686475 0.0403122492 0.199346676
v 0.232700273 0.0401516668 0.199331284
v 0.23896642 0.0410751477 0.195314765
v 0.232682243 0.0404713079 0.199376643
v 0.238952637 0.0412357338 0.195330158
v 0.232687607 0.0406269841 0.19942081
v 0.23894839 0.0413947888 0.195360124
v 0.232702509 0.0407774672 0.199478656
v 0.238953769 0.0415504687 0.195404291
v 0.232726783 0.0409210064 0.199549526
v 0.23896867 0.0417009518 0.195462137
v 0.232760146 0.0410559252 0.199632585
v 0.238992944 0.0418444909 0.195533007
v 0.232802197 0.0411806516 0.19972688
v 0.239026293 0.041979406 0.195616066
v 0.232852459 0.0412937328 0.199831277
v 0.239068344 0.0421041325 0.195710361
v 0.232910335 0.0413938537 0.1999446
v 0.239118606 0.0422172174 0.195814759
v 0.232975155 0.0414798446 0.200065508
v 0.239176482 0.0423173383 0.195928082
v 0.233046174 0.0415507071 0.200192586
v 0.239241317 0.0424033292 0.19604899
v 0.233122543 0.0416056141 0.200324371
v 0.239312336 0.0424741916 0.196176067
v 0.233203396 0.041643925 0.200459316
v 0.239388704 0.0425290987 0.196307853
v 0.240567356 0.041221831 0.1978461
v 0.23869738 0.0409462377 0.199044734
v 0.238682777 0.0410332754 0.199040979
v 0.240553111 0.0413089879 0.197843894
v 0.238674298 0.0410838425 0.199038789
v 0.238653898 0.0411792174 0.199026451
v 0.238678172 0.0410607122 0.199039787
v 0.240519986 0.0414667241 0.197828501
v 0.240478158 0.0416202433 0.197798535
v 0.238625422 0.0412947387 0.199004978
v 0.23865135 0.0411911644 0.199024916
v 0.238644764 0.0412219577 0.199020922
v 0.238592044 0.0414084755 0.198975295
v 0.238573626 0.0414642878 0.198957667
v 0.238608271 0.0413593017 0.198990822
v 0.24042812 0.0417677537 0.197754368
v 0.238612056 0.0413450673 0.198993951
v 0.240370423 0.0419075377 0.197696522
v 0.238561437 0.0415012315 0.198946014
v 0.238554165 0.0415189825 0.198938563
v 0.238532871 0.0415710062 0.198916748
v 0.238511637 0.0416228697 0.198894992
v 0.238564193 0.0414929055 0.198948637
v 0.23850809 0.0416315198 0.198891371
v 0.240305781 0.0420379713 0.197625652
v 0.238456935 0.0417336375 0.198838457
v 0.23844257 0.041756805 0.198824242
v 0.238488913 0.0416698121 0.198871523
v 0.238465622 0.0417162962 0.198847443
v 0.238507375 0.0416329317 0.198890641
v 0.240234911 0.0421575308 0.197542593
v 0.23839353 0.0418359041 0.198775664
v 0.238392144 0.0418376811 0.198774382
v 0.238362744 0.0418755934 0.19874689
v 0.238439247 0.0417621657 0.198820949
v 0.238418132 0.0417962149 0.198800042
v 0.240158677 0.0422648229 0.197448298
v 0.238321796 0.0419284031 0.198708579
v 0.238302901 0.041947782 0.198692068
v 0.238275453 0.041975949 0.198668063
v 0.238359243 0.0418801121 0.198743612
v 0.238333791 0.0419129357 0.1987198
v 0.240077928 0.0423585959 0.197343901
v 0.23824352 0.0420087129 0.198640153
v 0.238216743 0.0420303568 0.198618546
v 0.23818478 0.0420561917 0.198592767
v 0.238266513 0.0419851169 0.198660254
v 0.238248095 0.042004019 0.198644146
v 0.239993617 0.0424377657 0.197230577
v 0.238071591 0.0421316065 0.198508024
v 0.238050595 0.0421415344 0.19849436
v 0.238118559 0.0421022065 0.198542416
v 0.238085344 0.0421229973 0.198518097
v 0.238159701 0.0420764536 0.198572531
v 0.238152966 0.0420806743 0.198567599
v 0.238160327 0.0420759581 0.198573023
v 0.239906743 0.0425013974 0.197109669
v 0.237980649 0.0421746001 0.198448852
v 0.237909541 0.0421992466 0.198408559
v 0.238036022 0.0421484224 0.198484883
v 0.238015935 0.0421579182 0.198471799
v 0.237981394 0.0421742536 0.198449329
v 0.239818305 0.0425487608 0.196982592
v 0.237780035 0.0422322713 0.198343918
v 0.237756476 0.0422356464 0.198334411
v 0.237889692 0.0422061272 0.198397309
v 0.237834483 0.0422192886 0.198370427
v 0.237893999 0.0422046334 0.198399752
v 0.239729345 0.0425793007 0.196850806
v 0.237670973 0.0422478952 0.1982999
v 0.237590194 0.0422531664 0.198274016
v 0.237727329 0.0422398224 0.198322639
v 0.237675115 0.0422473028 0.198301569
v 0.237556577 0.0422553569 0.198263243
v 0.239640877 0.0425926559 0.196715862
v 0.237435982 0.0422553383 0.198234871
v 0.237409204 0.0422538891 0.198230907
v 0.237311333 0.0422485843 0.198216408
v 0.237534001 0.0422553532 0.198257938
v 0.237501264 0.0422553495 0.198250234
v 0.237307802 0.0422483943 0.198215872
v 0.239553943 0.0425886773 0.196579322
v 0.237170041 0.0422349311 0.198207781
v 0.237101883 0.0422259979 0.198209986
v 0.237301305 0.042247761 0.1982155
v 0.237208337 0.0422386751 0.198210031
v 0.237023786 0.0422157608 0.198212519
v 0.233287781 0.0416651927 0.200595856
v 0.235894591 0.0420492552 0.198902696
v 0.235877559 0.0420465469 0.198933437
v 0.235980123 0.0420600176 0.198779956
v 0.235940591 0.0420550443 0.198836684
v 0.236078322 0.0420716479 0.198666334
v 0.236010745 0.042063646 0.198744521
v 0.236191824 0.042085804 0.198560089
v 0.23617284 0.0420834348 0.198577851
v 0.236087993 0.0420728549 0.198657289
v 0.236320198 0.0421034172 0.198463127
v 0.236263067 0.0420955792 0.198506266
v 0.239469558 0.0425674096 0.196442798
v 0.236451954 0.0421232358 0.198383048
v 0.236356705 0.042108912 0.198440939
v 0.236453891 0.0421235301 0.198381871
v 0.236589089 0.0421453193 0.1983172
v 0.236556292 0.0421400331 0.198332891
v 0.236727864 0.0421685092 0.198267624
v 0.236663029 0.0421576761 0.19829078
v 0.236872569 0.0421924703 0.198232561
v 0.236772195 0.0421758518 0.19825688
v 0.236994669 0.0422112755 0.198216379
v 0.236883759 0.0421941951 0.198231071
v 0.237001419 0.0422123149 0.198215485
v 0.235758558 0.0420224853 0.199181303
v 0.235749498 0.0420187451 0.199210167
v 0.235820413 0.0420374572 0.199036568
v 0.235778242 0.0420272499 0.199135244
v 0.235875472 0.0420462154 0.198937207
v 0.235822275 0.0420377553 0.199033216
v 0.233374715 0.0416691713 0.20073238
v 0.23569411 0.041986987 0.199424163
v 0.235692725 0.0419845507 0.199435845
v 0.233463183 0.0416558161 0.200867325
v 0.235719666 0.0420064181 0.199305251
v 0.235712647 0.0420010872 0.19933787
v 0.235740885 0.0420151874 0.1992376
v 0.235677496 0.041941531 0.199622601
v 0.235677153 0.0419377573 0.199636817
v 0.235679179 0.0419607274 0.199550271
v 0.235692427 0.0419840291 0.199438348
v 0.2356814 0.0419646315 0.19953154
v 0.233552158 0.0416252762 0.200999111
v 0.235684112 0.041889701 0.199787751
v 0.235684901 0.0418875553 0.199792936
v 0.233640596 0.0415779166 0.201126188
v 0.235676348 0.0419286005 0.199671313
v 0.235678926 0.0419156924 0.199709952
v 0.235713691 0.0418176614 0.19994989
v 0.235718623 0.0418073051 0.199970558
v 0.235700011 0.0418464728 0.199892417
v 0.235688031 0.0418790542 0.19981353
v 0.235697001 0.0418546498 0.199872628
v 0.23372747 0.0415142812 0.201247096
v 0.235758856 0.0417312831 0.200096145
v 0.235763967 0.0417220928 0.200108469
v 0.235754803 0.0417385846 0.200086355
v 0.235722482 0.0417991839 0.199986741
v 0.235722959 0.0417982899 0.199988216
v 0.235734686 0.0417762958 0.200024381
v 0.235746503 0.0417541564 0.20006077
v 0.233811766 0.041435115 0.201360419
v 0.235802457 0.0416527763 0.200198114
v 0.235818326 0.0416240618 0.200229302
v 0.235795334 0.0416656472 0.200184152
v 0.235772997 0.0417058468 0.200130254
v 0.235787138 0.0416804031 0.200164363
v 0.233892515 0.0413413383 0.201464817
v 0.235871896 0.0415252112 0.200324893
v 0.235877663 0.0415143967 0.200334311
v 0.235842779 0.041579809 0.200277343
v 0.235853136 0.0415603966 0.200294256
v 0.235818788 0.0416232198 0.200230211
v 0.235835657 0.0415926911 0.200263366
v 0.233968765 0.0412340462 0.201559111
v 0.23593016 0.0414122306 0.200410664
v 0.235939458 0.0413937867 0.200423345
v 0.235895365 0.0414812006 0.200363219
v 0.235910296 0.0414516144 0.200383574
v 0.235890582 0.0414901711 0.200355411
v 0.234104276 0.0409840532 0.20171304
v 0.235951662 0.0413695201 0.20043987
v 0.235973105 0.0413236208 0.200464234
v 0.235994667 0.0412774645 0.200488731
v 0.23403962 0.0411144868 0.201642171
v 0.235951185 0.0413705185 0.200439349
v 0.234161958 0.0408442691 0.201770902
v 0.236015737 0.0412303209 0.200511456
v 0.236036688 0.0411798432 0.200531885
v 0.236008182 0.0412485674 0.200504079
v 0.236057535 0.0411295816 0.200552225
v 0.236059114 0.0411257707 0.20055376
v 0.236001328 0.0412632339 0.200496286
v 0.23605977 0.0411239304 0.200554311
v 0.236076951 0.0410760157 0.200568587
v 0.234211996 0.0406967588 0.201815054
v 0.236096233 0.0410222262 0.20058462
v 0.236106366 0.0409939587 0.200593039
v 0.234253839 0.0405432396 0.20184502
v 0.236131564 0.0409092456 0.200609952
v 0.236149579 0.0408486575 0.200622052
v 0.236111552 0.0409765095 0.200596526
v 0.234286949 0.0403855033 0.201860428
v 0.236162737 0.0407932475 0.2006284
v 0.236179918 0.0407208763 0.2006367
v 0.236155584 0.0408233851 0.200624943
v 0.236188427 0.0406734385 0.200638503
v 0.234301209 0.0402983464 0.201862618
v 0.236189783 0.0406658575 0.200638786
v 0.232711762 0.0400641002 0.199329078
v 0.238977924 0.0409875847 0.19531256
v 0.236205354 0.0405789725 0.200642079
v 0.236048967 0.021748865 0.200324371
v 0.236137435 0.021735508 0.200459316
v 0.242403582 0.0226589926 0.196442798
v 0.235959992 0.0217794031 0.200192586
v 0.242315128 0.0226723496 0.196307853
v 0.235871553 0.0218267664 0.200065508
v 0.242226154 0.0227028877 0.196176067
v 0.23578468 0.0218904 0.1999446
v 0.242137715 0.0227502491 0.19604899
v 0.235700384 0.021969568 0.199831277
v 0.242050841 0.0228138845 0.195928082
v 0.235619634 0.0220633429 0.19972688
v 0.241966531 0.0228930507 0.195814759
v 0.235543385 0.0221706349 0.199632585
v 0.241885796 0.0229868274 0.195710361
v 0.23547253 0.0222901944 0.199549526
v 0.241809547 0.0230941195 0.195616066
v 0.235407874 0.0224206261 0.199478656
v 0.241738677 0.0232136771 0.195533007
v 0.235350192 0.0225604121 0.19942081
v 0.241674036 0.0233441088 0.195462137
v 0.235300139 0.0227079224 0.199376643
v 0.241616353 0.0234838948 0.195404291
v 0.235258311 0.0228614397 0.199346676
v 0.2415663 0.0236314069 0.195360124
v 0.235225186 0.023019176 0.199331284
v 0.241524473 0.0237849243 0.195330158
v 0.23521094 0.0231063347 0.199329078
v 0.241491348 0.0239426587 0.195314765
v 0.236800373 0.023340581 0.201862618
v 0.238704532 0.0236212071 0.200642079
v 0.238714725 0.0235335361 0.200638682
v 0.236811876 0.0232530162 0.201860428
v 0.23872146 0.0234756973 0.200636432
v 0.238726497 0.023385141 0.200625554
v 0.238717943 0.0235058945 0.200637609
v 0.236825675 0.0230924319 0.20184502
v 0.236829907 0.0229333732 0.201815054
v 0.238729611 0.0232658517 0.200606391
v 0.238727182 0.0233729333 0.200624093
v 0.238729984 0.0233224649 0.200618029
v 0.238727346 0.0231465977 0.200579658
v 0.238723308 0.0230879337 0.200562149
v 0.238729283 0.0232137088 0.200595677
v 0.238729 0.0231705122 0.200586796
v 0.236824542 0.0227776971 0.201770902
v 0.238718361 0.0230160039 0.200540692
v 0.238713473 0.022973435 0.200523242
v 0.236809641 0.0226272121 0.20171304
v 0.23870711 0.022918107 0.200500563
v 0.238721237 0.0230578352 0.200553179
v 0.238719285 0.0230294 0.200544685
v 0.236785367 0.0224836748 0.201642171
v 0.238692954 0.0228157919 0.200451449
v 0.238685891 0.0227701031 0.200427324
v 0.238702312 0.0228764024 0.200483471
v 0.238700703 0.0228659734 0.200477973
v 0.238705859 0.0229072683 0.200496122
v 0.236752003 0.0223487578 0.201559111
v 0.238663197 0.0226451475 0.200347245
v 0.238661215 0.0226354338 0.200339377
v 0.238678217 0.0227259975 0.200400442
v 0.238669738 0.0226803441 0.200370401
v 0.238683343 0.0227536038 0.200418606
v 0.238684937 0.0227638967 0.200424045
v 0.236709952 0.0222240295 0.201464817
v 0.23864311 0.0225465801 0.20026736
v 0.238637239 0.0225192122 0.20024018
v 0.238660201 0.0226304494 0.200335339
v 0.238652706 0.0225936472 0.200305507
v 0.238644198 0.0225519445 0.200271711
v 0.236659691 0.0221109483 0.201360419
v 0.238623634 0.0224558134 0.200177208
v 0.238623112 0.0224533677 0.200174227
v 0.238616601 0.0224228892 0.200137064
v 0.238634974 0.0225087125 0.200229749
v 0.238630325 0.0224869959 0.200208172
v 0.236601815 0.0220108274 0.201247096
v 0.238599479 0.022339331 0.20002462
v 0.238594547 0.0223139133 0.199986443
v 0.238604411 0.0223647505 0.200062782
v 0.238606751 0.0223767981 0.200080872
v 0.238611579 0.0223994255 0.200108454
v 0.238610208 0.022393005 0.200100631
v 0.238593727 0.022309674 0.19998008
v 0.236536995 0.0219248347 0.201126188
v 0.23858574 0.0222542323 0.199876577
v 0.238584891 0.0222348794 0.199830875
v 0.238592982 0.0223045759 0.199970558
v 0.238591224 0.0222923867 0.199947804
v 0.238588214 0.0222714879 0.199908793
v 0.236465976 0.0218539722 0.200999111
v 0.238584653 0.0222028345 0.199750498
v 0.238588333 0.0221759956 0.199667215
v 0.238583773 0.0222091675 0.199770153
v 0.238584563 0.0222273991 0.199813217
v 0.238589182 0.0221698526 0.199648157
v 0.236389592 0.021799067 0.200867325
v 0.238602057 0.0221426915 0.199531496
v 0.238608658 0.0221369993 0.199495062
v 0.238590375 0.0221673213 0.199637279
v 0.238596499 0.0221544188 0.199581861
v 0.236308739 0.0217607561 0.20073238
v 0.238655135 0.0221134573 0.199291497
v 0.238679796 0.0221115295 0.199220583
v 0.238623604 0.0221241266 0.199412689
v 0.238625497 0.0221234877 0.199405447
v 0.2386491 0.0221154969 0.199314684
v 0.238619 0.0221281033 0.19943814
v 0.236224368 0.0217394866 0.200595856
v 0.238755479 0.0221135486 0.199038982
v 0.238762304 0.0221144632 0.199026719
v 0.238698319 0.0221100822 0.199167281
v 0.238717526 0.0221112482 0.199124143
v 0.238683417 0.0221112464 0.199210137
v 0.239932746 0.0222862046 0.198215872
v 0.239938557 0.0222870205 0.198215097
v 0.239810124 0.0222689621 0.198232234
v 0.23981899 0.0222702082 0.198231056
v 0.239664853 0.022250168 0.198267311
v 0.239706635 0.0222555753 0.198257208
v 0.239519015 0.0222315136 0.198319495
v 0.239596054 0.0222413689 0.198291928
v 0.239377692 0.0222125594 0.198387727
v 0.239384711 0.0222135019 0.198384345
v 0.239246652 0.0221935473 0.198468402
v 0.239287049 0.0221994072 0.198443532
v 0.239124507 0.0221741702 0.198562488
v 0.239195913 0.022185497 0.198507488
v 0.239488319 0.0222273972 0.198334306
v 0.239012688 0.02215508 0.198669016
v 0.239022285 0.0221567173 0.198659867
v 0.239105761 0.0221709702 0.198580354
v 0.238913685 0.0221376475 0.198784947
v 0.238946602 0.022143444 0.198746398
v 0.238827318 0.0221231766 0.198909819
v 0.238876954 0.0221314915 0.198838055
v 0.238812163 0.0221211445 0.198937073
v 0.238814935 0.022121517 0.198932081
v 0.2425749 0.0226842389 0.196715862
v 0.240108252 0.0223143697 0.198207825
v 0.24015525 0.0223237127 0.198210776
v 0.239957258 0.0222896487 0.198212594
v 0.240045503 0.0223040953 0.198209807
v 0.242490515 0.0226629712 0.196579322
v 0.240457878 0.0223990194 0.198257938
v 0.240459517 0.0223995224 0.198258355
v 0.240369424 0.0223719683 0.198235646
v 0.240262404 0.0223457869 0.198219061
v 0.240363434 0.0223705042 0.198234722
v 0.240234852 0.022339534 0.198215768
v 0.240245447 0.0223416407 0.198216438
v 0.242655754 0.0227225497 0.196850806
v 0.240628779 0.0224640872 0.198316991
v 0.240640983 0.0224700198 0.198322624
v 0.240608409 0.0224541891 0.198307604
v 0.240494952 0.0224103592 0.198267281
v 0.240546793 0.0224303845 0.198285699
v 0.242732137 0.0227774568 0.196982592
v 0.240772486 0.022541536 0.198390037
v 0.240789771 0.0225520898 0.198399916
v 0.240711376 0.0225042421 0.198355079
v 0.240704551 0.0225009285 0.198351935
v 0.242803141 0.0228483193 0.197109669
v 0.240895689 0.0226326473 0.198472664
v 0.240910411 0.0226465799 0.198484734
v 0.240883037 0.0226206854 0.198462293
v 0.24080506 0.0225614179 0.198408663
v 0.240836173 0.0225850679 0.198430061
v 0.242867976 0.0229343101 0.197230577
v 0.240998939 0.0227417555 0.198564187
v 0.24100782 0.022752339 0.198572785
v 0.240974903 0.0227130745 0.198540896
v 0.240952641 0.0226865094 0.198519319
v 0.240923151 0.02265862 0.198495165
v 0.24095057 0.0226845592 0.198517635
v 0.242925853 0.023034431 0.197343901
v 0.241080299 0.022859836 0.198653892
v 0.241084829 0.0228691343 0.198660135
v 0.241020009 0.0227668826 0.198584601
v 0.24102284 0.0227712393 0.19858785
v 0.241043508 0.022803124 0.198611617
v 0.241064936 0.0228361562 0.198636234
v 0.242976114 0.0231475141 0.197448298
v 0.241138235 0.0229839124 0.198735833
v 0.241142705 0.0229966864 0.198743448
v 0.241131678 0.0229651965 0.198724687
v 0.241103292 0.0229070093 0.198685586
v 0.241121367 0.0229440629 0.198710486
v 0.241085246 0.0228699949 0.198660716
v 0.243018165 0.0232722405 0.197542593
v 0.241179615 0.0231118277 0.198809773
v 0.241184562 0.0231328942 0.198820725
v 0.241172656 0.0230821576 0.198794335
v 0.241152674 0.0230251253 0.198760375
v 0.24116759 0.0230677128 0.198785737
v 0.243075788 0.0235506967 0.197696522
v 0.241201937 0.0232096575 0.198860079
v 0.241209224 0.0232609566 0.198882639
v 0.243051514 0.0234071594 0.197625652
v 0.241200939 0.0232026502 0.198857009
v 0.241191059 0.0231605377 0.198835105
v 0.243090704 0.0237011798 0.197754368
v 0.241219848 0.0233356431 0.198915482
v 0.241221935 0.0233662575 0.198926345
v 0.241225675 0.0234209057 0.198945731
v 0.241211474 0.023276791 0.198889598
v 0.241216525 0.0233122669 0.1989052
v 0.243096069 0.0238568578 0.197798535
v 0.241229057 0.0234703291 0.198963255
v 0.241229087 0.0234768465 0.198965028
v 0.241229355 0.0235341173 0.19898051
v 0.241226092 0.0234269686 0.198947877
v 0.243091822 0.0240159146 0.197828501
v 0.241229713 0.0236130506 0.199001864
v 0.241229564 0.023582153 0.198993504
v 0.24122785 0.023651747 0.199009091
v 0.243078038 0.0241764989 0.197843894
v 0.241209045 0.0238933116 0.19904168
v 0.241208434 0.0238997079 0.19904232
v 0.241220877 0.0237714238 0.199029356
v 0.241223559 0.0237406343 0.199025705
v 0.241223261 0.0237468667 0.199026868
v 0.243066534 0.0242640655 0.1978461
v 0.24120827 0.023900941 0.19904235
v 0.241196558 0.0239884723 0.199044734
v 0.241477102 0.0240298193 0.19531256
v 0.240567356 0.041221831 0.1978461
v 0.243066534 0.0242640655 0.1978461
v 0.241196558 0.0239884723 0.199044734
v 0.23869738 0.0409462377 0.199044734
v 0.241196558 0.0239884723 0.199044734
v 0.241063431 0.0239688549 0.199111015
v 0.238564253 0.0409266204 0.199111015
v 0.23869738 0.0409462377 0.199044734
v 0.24207899 0.017976908 0.199561656
v 0.242086813 0.017978061 0.199707627
v 0.234625429 0.0686061978 0.199707627
v 0.242055595 0.0179734603 0.199417412
v 0.234617591 0.068605043 0.199561656
v 0.242016897 0.0179677568 0.199276567
v 0.234594196 0.0686015934 0.199417412
v 0.241963372 0.0179598685 0.199140772
v 0.234555513 0.0685958937 0.199276567
v 0.239886612 0.0176538024 0.200736538
v 0.239781618 0.0176383294 0.200636014
v 0.232320234 0.0682664663 0.200636014
v 0.240001738 0.0176707692 0.200825006
v 0.232425213 0.0682819411 0.200736538
v 0.240125641 0.0176890306 0.200900361
v 0.232540339 0.0682989061 0.200825006
v 0.240256891 0.0177083742 0.200961739
v 0.232664257 0.0683171675 0.200900361
v 0.240393937 0.0177285708 0.201008409
v 0.232795507 0.0683365092 0.200961739
v 0.24053517 0.0177493859 0.201039836
v 0.232932538 0.0683567077 0.201008409
v 0.240678936 0.0177705735 0.201055646
v 0.233073771 0.0683775246 0.201039836
v 0.240823552 0.0177918859 0.201055646
v 0.233217537 0.0683987066 0.201055646
v 0.240967318 0.0178130735 0.201039836
v 0.233362153 0.0684200227 0.201055646
v 0.241108537 0.0178338867 0.201008409
v 0.23350592 0.0684412122 0.201039836
v 0.241245583 0.0178540833 0.200961739
v 0.233647153 0.0684620216 0.201008409
v 0.241376832 0.0178734269 0.200900361
v 0.233784199 0.0684822202 0.200961739
v 0.24150075 0.0178916883 0.200825006
v 0.233915448 0.0685015619 0.200900361
v 0.241615877 0.0179086551 0.200736538
v 0.234039351 0.0685198233 0.200825006
v 0.241720855 0.0179241281 0.200636014
v 0.234154478 0.0685367957 0.200736538
v 0.241814479 0.0179379266 0.200524598
v 0.234259471 0.0685522631 0.200636014
v 0.241895631 0.0179498866 0.200403616
v 0.234353095 0.0685660616 0.200524598
v 0.241963372 0.0179598685 0.200274467
v 0.234434247 0.0685780197 0.200403616
v 0.242016897 0.0179677568 0.200138673
v 0.234501988 0.0685880035 0.200274467
v 0.242055595 0.0179734603 0.199997827
v 0.234555513 0.0685958937 0.200138673
v 0.24207899 0.017976908 0.199853584
v 0.234594196 0.0686015934 0.199997827
v 0.234617591 0.068605043 0.199853584
v 0.232145458 0.0682407096 0.200403616
v 0.236128509 0.0412796699 0.200419217
v 0.236121193 0.0412963852 0.200411007
v 0.236179978 0.0411476269 0.200467825
v 0.236160323 0.0411980525 0.200449273
v 0.236140639 0.04124856 0.200430676
v 0.236181572 0.0411435291 0.200469345
v 0.236231521 0.0409941562 0.200508296
v 0.236216262 0.0410397984 0.20049639
v 0.236198172 0.0410938933 0.200482279
v 0.23222661 0.0682526678 0.200524598
v 0.236258417 0.0408954173 0.200524509
v 0.236249894 0.0409267172 0.200519368
v 0.232077718 0.0682307258 0.200274467
v 0.236042291 0.0414711125 0.200315982
v 0.236023724 0.0415101908 0.200291291
v 0.236073196 0.0414061025 0.20035708
v 0.236060932 0.0414318852 0.200340778
v 0.236023143 0.0415114127 0.200290516
v 0.236101031 0.0413424745 0.200388357
v 0.236081034 0.0413881764 0.200365886
v 0.236114427 0.0413118675 0.200403392
v 0.232024193 0.0682228357 0.200138673
v 0.235977188 0.0416032001 0.200218096
v 0.235972077 0.0416131504 0.200208455
v 0.235956296 0.0416439176 0.200178623
v 0.235941052 0.0416736007 0.200149849
v 0.235936254 0.0416829623 0.200140774
v 0.236006141 0.0415453725 0.200263724
v 0.235988557 0.0415804982 0.200236008
v 0.236012831 0.041532021 0.200274259
v 0.231985494 0.068217136 0.199997827
v 0.235901505 0.0417509973 0.200060457
v 0.235900685 0.0417526849 0.200058043
v 0.235889599 0.0417753607 0.200025588
v 0.235935345 0.0416847505 0.200138658
v 0.235926896 0.0417012721 0.200119153
v 0.235913694 0.0417271256 0.200088635
v 0.2319621 0.0682136863 0.199853584
v 0.235849634 0.0418621451 0.199885637
v 0.235844612 0.0418761782 0.199855924
v 0.235872358 0.0418106243 0.199975133
v 0.235868514 0.0418193415 0.199959993
v 0.235859767 0.0418391563 0.199925572
v 0.235880062 0.0417948589 0.199997693
v 0.235878512 0.0417980365 0.199993148
v 0.231954277 0.0682125315 0.199707627
v 0.235833868 0.0419063158 0.199792147
v 0.235833228 0.0419092998 0.199784368
v 0.235827029 0.0419379398 0.199709803
v 0.23584421 0.0418773256 0.19985351
v 0.2319621 0.0682136863 0.199561656
v 0.235825703 0.041944053 0.199693888
v 0.235825986 0.0419633836 0.19963105
v 0.235826194 0.0419764072 0.199588701
v 0.235826835 0.0419387743 0.199707627
v 0.231985494 0.068217136 0.199417412
v 0.235835418 0.042001076 0.199487939
v 0.235839859 0.0420058779 0.199463174
v 0.235828653 0.0419830047 0.19956176
v 0.235829815 0.0419860929 0.199549153
v 0.232024193 0.0682228357 0.199276567
v 0.235856488 0.0420226194 0.199374929
v 0.235881165 0.0420363471 0.199284464
v 0.235854134 0.0420213118 0.199383557
v 0.235848024 0.0420147106 0.199417606
v 0.232077718 0.0682307258 0.199140772
v 0.235883653 0.0420377254 0.19927536
v 0.235915199 0.0420474783 0.19919239
v 0.235930145 0.0420520976 0.199153066
v 0.23588331 0.0420375392 0.199276596
v 0.232145458 0.0682407096 0.199011624
v 0.235948145 0.0420560278 0.199113965
v 0.235955283 0.0420572124 0.199100912
v 0.235935777 0.042053327 0.199140832
v 0.23222661 0.0682526678 0.198890641
v 0.236014113 0.0420669951 0.198993295
v 0.236061946 0.042072989 0.198924243
v 0.236003861 0.0420652926 0.199012041
v 0.236004516 0.0420654006 0.199010849
v 0.232320234 0.0682664663 0.198779225
v 0.236093327 0.042076923 0.198878959
v 0.236125395 0.0420806222 0.198841646
v 0.236084983 0.0420758761 0.198890999
v 0.232425213 0.0682819411 0.198678702
v 0.2361788 0.0420867875 0.198779494
v 0.236184075 0.0420873985 0.198773339
v 0.236194804 0.0420886986 0.198763192
v 0.236270785 0.0420979336 0.198691249
v 0.232540339 0.0682989061 0.198590234
v 0.236351669 0.0421086401 0.198626429
v 0.236394286 0.0421143882 0.198593631
v 0.236283958 0.0420995355 0.198678777
v 0.236285374 0.0420997068 0.198677436
v 0.232664257 0.0683171675 0.198514879
v 0.236435384 0.0421203785 0.198566675
v 0.236522481 0.0421338417 0.198517144
v 0.236449108 0.0421223789 0.19855766
v 0.236399293 0.0421151146 0.198590353
v 0.236570224 0.0421412997 0.198490769
v 0.236615896 0.042148903 0.198471397
v 0.236523852 0.0421340577 0.198516384
v 0.232795507 0.0683365092 0.198453501
v 0.236697242 0.0421624482 0.198436916
v 0.236711532 0.0421648696 0.198432535
v 0.236654609 0.0421553515 0.198454991
v 0.232932538 0.0683567077 0.19840683
v 0.233073771 0.0683775246 0.198375404
v 0.236828476 0.0421847031 0.198396802
v 0.236910507 0.042198088 0.198380783
v 0.236791044 0.0421783552 0.198408231
v 0.236809924 0.0421815552 0.198402464
v 0.233217537 0.0683987066 0.198359594
v 0.236960948 0.0422063172 0.198370934
v 0.237010017 0.0422134437 0.198366344
v 0.236931741 0.0422015488 0.198376641
v 0.233362153 0.0684200227 0.198359594
v 0.237200171 0.042238079 0.19835867
v 0.237202317 0.0422382504 0.198358864
v 0.237089068 0.0422249213 0.198358938
v 0.237106383 0.0422269702 0.198358893
v 0.237075299 0.0422229208 0.19836022
v 0.23350592 0.0684412122 0.198375404
v 0.237220451 0.0422397181 0.198360384
v 0.237295002 0.0422457494 0.198366687
v 0.237319827 0.0422477573 0.198368788
v 0.233647153 0.0684620216 0.19840683
v 0.237430796 0.0422512107 0.198387623
v 0.237466156 0.0422501676 0.198396534
v 0.237365812 0.0422491878 0.198376596
v 0.237383127 0.042249728 0.198379532
v 0.233784199 0.0684822202 0.198453501
v 0.237536073 0.0422481038 0.198414132
v 0.237546518 0.0422470421 0.198417589
v 0.237622947 0.0422392562 0.198442966
v 0.23751016 0.0422488712 0.198407605
v 0.2376353 0.0422379971 0.198447064
v 0.233915448 0.0685015619 0.198514879
v 0.237730563 0.0422202051 0.19848612
v 0.237767443 0.0422096252 0.198504105
v 0.237652242 0.0422348343 0.198454008
v 0.237696558 0.0422265604 0.198472172
v 0.234039351 0.0685198233 0.198590234
v 0.237820953 0.0421942696 0.198530227
v 0.237835452 0.0421884134 0.198538408
v 0.23790054 0.0421621315 0.198575184
v 0.237790897 0.0422028936 0.198515564
v 0.237906307 0.0421597995 0.198578447
v 0.234154478 0.0685367957 0.198678702
v 0.237995908 0.0421103016 0.198636428
v 0.238026142 0.0420889892 0.198658139
v 0.237990797 0.0421139039 0.198632747
v 0.23792538 0.0421494357 0.198590711
v 0.23793219 0.0421457402 0.198595077
v 0.237963632 0.0421286561 0.198615298
v 0.234259471 0.0685522631 0.198779225
v 0.238144964 0.04198917 0.198749617
v 0.238169804 0.0419607274 0.198771134
v 0.238143936 0.0419903286 0.198748738
v 0.23806487 0.0420616828 0.198685974
v 0.238086686 0.0420419909 0.198703289
v 0.238115862 0.042015668 0.198726445
v 0.238055065 0.0420685895 0.198678926
v 0.238057554 0.0420668386 0.198680714
v 0.234353095 0.0685660616 0.198890641
v 0.238284349 0.0418079756 0.198874965
v 0.238300309 0.0417790227 0.198890582
v 0.238249168 0.0418587252 0.198842242
v 0.23827593 0.0418201275 0.198867127
v 0.238211602 0.0419129096 0.198807314
v 0.238222912 0.0418965854 0.198817849
v 0.238179594 0.0419495367 0.198779598
v 0.238194838 0.0419320874 0.1987928
v 0.234434247 0.0685780197 0.199011624
v 0.23840405 0.0415634289 0.198993042
v 0.238407627 0.041553162 0.198996469
v 0.23834452 0.0416988321 0.198933825
v 0.238365382 0.0416514091 0.198954567
v 0.238386288 0.041603826 0.198975369
v 0.238300532 0.0417786278 0.19889079
v 0.238322422 0.0417389311 0.198912203
v 0.241895631 0.0179498866 0.199011624
v 0.241099104 0.0234060492 0.199024245
v 0.241098806 0.0234016702 0.19902271
v 0.2410997 0.0235628746 0.199065864
v 0.241099522 0.0235149525 0.199053138
v 0.241099298 0.0234581605 0.199038073
v 0.241090804 0.0237289332 0.199095115
v 0.241095975 0.0236324687 0.199078128
v 0.241073117 0.0238985345 0.199109629
v 0.241075709 0.0238737334 0.199107513
v 0.24108842 0.0237518866 0.199097082
v 0.241063431 0.0239688549 0.199111015
v 0.234501988 0.0685880035 0.199140772
v 0.238564253 0.0409266204 0.199111015
v 0.238537088 0.0410870314 0.199103877
v 0.238544881 0.0410410352 0.199105918
v 0.238501012 0.0412520356 0.199081197
v 0.238521233 0.0411595516 0.199093908
v 0.238462925 0.0413897857 0.199048907
v 0.238494501 0.0412755832 0.199075684
v 0.23845683 0.0414118096 0.199043736
v 0.238426223 0.0414997414 0.199014336
v 0.238445163 0.0414453335 0.19903253
v 0.238423496 0.0415075533 0.199011728
v 0.241067901 0.0231229048 0.198914021
v 0.241060838 0.0230942741 0.198899508
v 0.241814479 0.0179379266 0.198890641
v 0.241078421 0.0231921859 0.198943868
v 0.241070867 0.0231424235 0.198922426
v 0.241088793 0.0232605692 0.198973343
v 0.241086036 0.0232423674 0.198965505
v 0.241096571 0.0233701933 0.199011698
v 0.241094977 0.0233477876 0.19900386
v 0.241091147 0.0232938156 0.198984981
v 0.241001949 0.0229019411 0.198794842
v 0.240996391 0.022890415 0.198787466
v 0.241720855 0.0179241281 0.198779225
v 0.241039008 0.0230059605 0.198854744
v 0.241025299 0.0229674745 0.198832572
v 0.241011113 0.0229276679 0.198809654
v 0.241056651 0.0230773203 0.19889091
v 0.241050065 0.0230507161 0.198877424
v 0.241039351 0.0230073165 0.19885543
v 0.240906313 0.022728892 0.198679388
v 0.240905583 0.0227280017 0.198678717
v 0.240957305 0.0228095669 0.198735759
v 0.240943581 0.0227878522 0.198720589
v 0.240924209 0.0227571987 0.198699161
v 0.2409904 0.0228780229 0.198779538
v 0.240979165 0.0228547845 0.198764682
v 0.24096255 0.0228204094 0.198742688
v 0.241615877 0.0179086551 0.198678702
v 0.240811199 0.0226205681 0.19859615
v 0.240804389 0.0226138923 0.1985908
v 0.240847662 0.0226563271 0.19862479
v 0.240836531 0.0226454046 0.198616043
v 0.240882352 0.0226992425 0.198657081
v 0.240860045 0.0226716474 0.198636308
v 0.240904644 0.0227268394 0.198677853
v 0.24150075 0.0178916883 0.198590234
v 0.240708724 0.0225344878 0.198524937
v 0.240702301 0.0225304589 0.198521435
v 0.241376832 0.0178734269 0.198514879
v 0.240781814 0.0225917529 0.198573083
v 0.240758598 0.0225735568 0.198557779
v 0.240572736 0.0224562157 0.19845672
v 0.240567386 0.0224535428 0.19845438
v 0.240627497 0.0224835761 0.19848071
v 0.24069126 0.0225235373 0.198515415
v 0.240640655 0.0224918202 0.198487863
v 0.241245583 0.0178540833 0.198453501
v 0.240443662 0.0224008914 0.19840911
v 0.240435779 0.0223983489 0.198407128
v 0.24053584 0.022437783 0.198440567
v 0.24049966 0.0224233028 0.198428214
v 0.241108537 0.0178338867 0.19840683
v 0.24034372 0.0223686863 0.198384017
v 0.240335077 0.0223664474 0.198382616
v 0.240967318 0.0178130735 0.198375404
v 0.240419954 0.022393249 0.19840315
v 0.240235314 0.0223406423 0.198366463
v 0.240155488 0.0223242138 0.198361099
v 0.240297526 0.0223567337 0.198376536
v 0.240244418 0.0223430004 0.198367938
v 0.240823552 0.0177918859 0.198359594
v 0.240064099 0.0223066155 0.198357761
v 0.240049392 0.0223043114 0.198358744
v 0.240678936 0.0177705735 0.198359594
v 0.240106672 0.0223141648 0.198357821
v 0.240148038 0.0223226789 0.198360592
v 0.23994787 0.0222884212 0.19836548
v 0.239928097 0.0222853255 0.198366791
v 0.240011752 0.0222984198 0.198361248
v 0.24053517 0.0177493859 0.198375404
v 0.240393937 0.0177285708 0.19840683
v 0.239791855 0.0222669933 0.198390231
v 0.239744708 0.0222610701 0.198403507
v 0.239868164 0.0222772602 0.198377103
v 0.239845827 0.0222742558 0.198380947
v 0.240256891 0.0177083742 0.198453501
v 0.239726767 0.0222588163 0.198408559
v 0.239658415 0.0222502276 0.198427796
v 0.239644736 0.0222484879 0.198433235
v 0.240125641 0.0176890306 0.198514879
v 0.239547789 0.0222361647 0.19847177
v 0.239529178 0.0222337991 0.198479161
v 0.239589497 0.0222414676 0.198455185
v 0.240001738 0.0176707692 0.198590234
v 0.23936598 0.0222111847 0.198568895
v 0.239352062 0.0222091563 0.198577613
v 0.239455193 0.0222237315 0.198517919
v 0.239407629 0.0222172569 0.198542833
v 0.239458084 0.0222241245 0.198516399
v 0.239240646 0.0221916623 0.198659956
v 0.239219189 0.0221879911 0.198679596
v 0.23928456 0.0221985579 0.198627502
v 0.239333898 0.0222063027 0.198591039
v 0.239781618 0.0176383294 0.198779225
v 0.239203915 0.0221853778 0.198693573
v 0.239138484 0.0221741796 0.198753446
v 0.239128515 0.0221723933 0.198764697
v 0.239886612 0.0176538024 0.198678702
v 0.239046872 0.0221577641 0.198856711
v 0.239021808 0.0221534092 0.198891535
v 0.239114806 0.0221699364 0.198780149
v 0.239059821 0.0221600849 0.198842108
v 0.239606842 0.0176125728 0.199011624
v 0.239687994 0.0176245328 0.198890641
v 0.238967419 0.0221439637 0.198967084
v 0.23894237 0.0221403781 0.19900997
v 0.238997668 0.0221492182 0.198925063
v 0.239539102 0.017602589 0.199140772
v 0.238902017 0.0221346021 0.199079067
v 0.238894567 0.0221340042 0.199094817
v 0.238940939 0.0221401732 0.199012414
v 0.239485577 0.0175947007 0.199276567
v 0.238854155 0.022130765 0.199180126
v 0.23885338 0.0221307948 0.199182138
v 0.238820359 0.0221320912 0.199269414
v 0.238872573 0.0221322421 0.199141249
v 0.239446893 0.0175889991 0.199417412
v 0.238811523 0.0221324377 0.199292779
v 0.238793537 0.0221371483 0.199354276
v 0.238817558 0.0221322011 0.199276835
v 0.238779992 0.0221406929 0.199400574
v 0.239423499 0.0175855514 0.199561656
v 0.238757282 0.0221559666 0.199505672
v 0.238755718 0.0221583359 0.199516356
v 0.238776326 0.0221431591 0.199417531
v 0.238772362 0.0221458226 0.199435875
v 0.239415661 0.0175843965 0.199707627
v 0.238742396 0.0221785028 0.199607179
v 0.238737062 0.0221981816 0.199671194
v 0.238749057 0.0221684203 0.199561775
v 0.238744244 0.0221756976 0.199594542
v 0.238734096 0.0222091116 0.199706733
v 0.239423499 0.0175855514 0.199853584
v 0.238731772 0.022248026 0.19980301
v 0.238732249 0.0222560894 0.199818701
v 0.238734066 0.0222094767 0.199707642
v 0.238733143 0.0222249851 0.199746013
v 0.239446893 0.0175889991 0.199997827
v 0.238742381 0.0223549847 0.199988112
v 0.238743126 0.0223594513 0.199993774
v 0.238734633 0.0222954992 0.199895412
v 0.238737002 0.0223137196 0.199923798
v 0.238739893 0.0223358627 0.19995831
v 0.238733336 0.022273967 0.199853495
v 0.238734439 0.0222922862 0.199889153
v 0.239485577 0.0175947007 0.200138673
v 0.238753185 0.0224197172 0.200070202
v 0.238757491 0.022443261 0.200094521
v 0.238763243 0.0224747267 0.20012702
v 0.238743648 0.022362588 0.199997753
v 0.238747537 0.0223858692 0.200027272
v 0.238752127 0.0224133246 0.200062096
v 0.239539102 0.017602589 0.200274467
v 0.238785118 0.0225948226 0.200233638
v 0.238788217 0.0226132721 0.200246096
v 0.238775015 0.0225393549 0.200187117
v 0.238781065 0.022572577 0.200214967
v 0.238768771 0.0225050207 0.200158313
v 0.238769025 0.0225063674 0.200159445
v 0.23876527 0.0224858429 0.200138509
v 0.239606842 0.0176125728 0.200403616
v 0.238822311 0.0228339694 0.200378299
v 0.238827795 0.0228852741 0.200399533
v 0.238805071 0.0227134153 0.200313732
v 0.238809645 0.0227453969 0.200330868
v 0.238815978 0.0227896795 0.200354576
v 0.238795176 0.0226546489 0.200274035
v 0.238795415 0.0226560589 0.200274989
v 0.238802746 0.0226996802 0.200304464
v 0.239687994 0.0176245328 0.200524598
v 0.238847658 0.0231412798 0.200487807
v 0.238847792 0.0231642202 0.200492546
v 0.238848448 0.0232831724 0.200517163
v 0.238848597 0.0233077034 0.200522244
v 0.238837987 0.0229804572 0.200438946
v 0.238838643 0.0229913481 0.200442255
v 0.238842055 0.0230480079 0.200459465
v 0.238845527 0.0231057219 0.200477004
v 0.238828793 0.0228945073 0.200403363
v 0.238833308 0.0229367502 0.200420856
v 0.236305043 0.0406905934 0.200545579
v 0.236280054 0.0408106297 0.20053643
v 0.236310124 0.0406661592 0.200547442
v 0.236321434 0.0405960791 0.200548634
v 0.238839403 0.0234766696 0.200542435
v 0.238834009 0.0235230215 0.200544223
v 0.238820612 0.0236383155 0.200548634
v 0.238847509 0.0233274829 0.200524613
v 0.238843441 0.0234024078 0.200533569
v 0.23627536 0.0408332422 0.200534716
v 0.238704532 0.0236212071 0.200642079
v 0.236800373 0.023340581 0.201862618
v 0.234301209 0.0402983464 0.201862618
v 0.236205354 0.0405789725 0.200642079
v 0.238820612 0.0236383155 0.200548634
v 0.238834009 0.0235230215 0.200544223
v 0.238714725 0.0235335361 0.200638682
v 0.238717943 0.0235058945 0.200637609
v 0.238726497 0.023385141 0.200625554
v 0.23872146 0.0234756973 0.200636432
v 0.238839403 0.0234766696 0.200542435
v 0.238729984 0.0233224649 0.200618029
v 0.238847509 0.0233274829 0.200524613
v 0.238848597 0.0233077034 0.200522244
v 0.238843441 0.0234024078 0.200533569
v 0.238727182 0.0233729333 0.200624093
v 0.238729611 0.0232658517 0.200606391
v 0.238847792 0.0231642202 0.200492546
v 0.238729 0.0231705122 0.200586796
v 0.238729283 0.0232137088 0.200595677
v 0.238727346 0.0231465977 0.200579658
v 0.238848448 0.0232831724 0.200517163
v 0.238845527 0.0231057219 0.200477004
v 0.238842055 0.0230480079 0.200459465
v 0.238721237 0.0230578352 0.200553179
v 0.238719285 0.0230294 0.200544685
v 0.23870711 0.022918107 0.200500563
v 0.238713473 0.022973435 0.200523242
v 0.238837987 0.0229804572 0.200438946
v 0.238838643 0.0229913481 0.200442255
v 0.238700703 0.0228659734 0.200477973
v 0.238827795 0.0228852741 0.200399533
v 0.238822311 0.0228339694 0.200378299
v 0.238809645 0.0227453969 0.200330868
v 0.238678217 0.0227259975 0.200400442
v 0.238683343 0.0227536038 0.200418606
v 0.238815978 0.0227896795 0.200354576
v 0.238684937 0.0227638967 0.200424045
v 0.238802746 0.0226996802 0.200304464
v 0.238795415 0.0226560589 0.200274989
v 0.238663197 0.0226451475 0.200347245
v 0.238661215 0.0226354338 0.200339377
v 0.238644198 0.0225519445 0.200271711
v 0.238652706 0.0225936472 0.200305507
v 0.238785118 0.0225948226 0.200233638
v 0.238788217 0.0226132721 0.200246096
v 0.238769025 0.0225063674 0.200159445
v 0.238630325 0.0224869959 0.200208172
v 0.238634974 0.0225087125 0.200229749
v 0.238775015 0.0225393549 0.200187117
v 0.238623112 0.0224533677 0.200174227
v 0.238763243 0.0224747267 0.20012702
v 0.238757491 0.022443261 0.200094521
v 0.238752127 0.0224133246 0.200062096
v 0.238747537 0.0223858692 0.200027272
v 0.238606751 0.0223767981 0.200080872
v 0.238604411 0.0223647505 0.200062782
v 0.238594547 0.0223139133 0.199986443
v 0.238599479 0.022339331 0.20002462
v 0.238742381 0.0223549847 0.199988112
v 0.238743126 0.0223594513 0.199993774
v 0.238591224 0.0222923867 0.199947804
v 0.238737002 0.0223137196 0.199923798
v 0.238734633 0.0222954992 0.199895412
v 0.238588214 0.0222714879 0.199908793
v 0.238584891 0.0222348794 0.199830875
v 0.23858574 0.0222542323 0.199876577
v 0.238733336 0.022273967 0.199853495
v 0.238734439 0.0222922862 0.199889153
v 0.238731772 0.022248026 0.19980301
v 0.238733143 0.0222249851 0.199746013
v 0.238583773 0.0222091675 0.199770153
v 0.238584653 0.0222028345 0.199750498
v 0.238732249 0.0222560894 0.199818701
v 0.238584563 0.0222273991 0.199813217
v 0.238734066 0.0222094767 0.199707642
v 0.238734096 0.0222091116 0.199706733
v 0.238588333 0.0221759956 0.199667215
v 0.238737062 0.0221981816 0.199671194
v 0.238590375 0.0221673213 0.199637279
v 0.238589182 0.0221698526 0.199648157
v 0.238742396 0.0221785028 0.199607179
v 0.238596499 0.0221544188 0.199581861
v 0.238755718 0.0221583359 0.199516356
v 0.238608658 0.0221369993 0.199495062
v 0.238602057 0.0221426915 0.199531496
v 0.238744244 0.0221756976 0.199594542
v 0.238749057 0.0221684203 0.199561775
v 0.238757282 0.0221559666 0.199505672
v 0.238772362 0.0221458226 0.199435875
v 0.238619 0.0221281033 0.19943814
v 0.238625497 0.0221234877 0.199405447
v 0.238623604 0.0221241266 0.199412689
v 0.2386491 0.0221154969 0.199314684
v 0.238779992 0.0221406929 0.199400574
v 0.238776326 0.0221431591 0.199417531
v 0.238679796 0.0221115295 0.199220583
v 0.238811523 0.0221324377 0.199292779
v 0.238817558 0.0221322011 0.199276835
v 0.238655135 0.0221134573 0.199291497
v 0.238793537 0.0221371483 0.199354276
v 0.238820359 0.0221320912 0.199269414
v 0.23885338 0.0221307948 0.199182138
v 0.238698319 0.0221100822 0.199167281
v 0.238717526 0.0221112482 0.199124143
v 0.238683417 0.0221112464 0.199210137
v 0.238894567 0.0221340042 0.199094817
v 0.238762304 0.0221144632 0.199026719
v 0.238755479 0.0221135486 0.199038982
v 0.238854155 0.022130765 0.199180126
v 0.238872573 0.0221322421 0.199141249
v 0.238812163 0.0221211445 0.198937073
v 0.238902017 0.0221346021 0.199079067
v 0.238940939 0.0221401732 0.199012414
v 0.23894237 0.0221403781 0.19900997
v 0.238814935 0.022121517 0.198932081
v 0.238876954 0.0221314915 0.198838055
v 0.238827318 0.0221231766 0.198909819
v 0.238967419 0.0221439637 0.198967084
v 0.238913685 0.0221376475 0.198784947
v 0.239021808 0.0221534092 0.198891535
v 0.239046872 0.0221577641 0.198856711
v 0.238997668 0.0221492182 0.198925063
v 0.238946602 0.022143444 0.198746398
v 0.239114806 0.0221699364 0.198780149
v 0.239128515 0.0221723933 0.198764697
v 0.239022285 0.0221567173 0.198659867
v 0.239059821 0.0221600849 0.198842108
v 0.239012688 0.02215508 0.198669016
v 0.239105761 0.0221709702 0.198580354
v 0.239138484 0.0221741796 0.198753446
v 0.239195913 0.022185497 0.198507488
v 0.239124507 0.0221741702 0.198562488
v 0.239240646 0.0221916623 0.198659956
v 0.239203915 0.0221853778 0.198693573
v 0.239219189 0.0221879911 0.198679596
v 0.239246652 0.0221935473 0.198468402
v 0.239333898 0.0222063027 0.198591039
v 0.239352062 0.0222091563 0.198577613
v 0.23928456 0.0221985579 0.198627502
v 0.239287049 0.0221994072 0.198443532
v 0.239455193 0.0222237315 0.198517919
v 0.239384711 0.0222135019 0.198384345
v 0.239377692 0.0222125594 0.198387727
v 0.23936598 0.0222111847 0.198568895
v 0.239407629 0.0222172569 0.198542833
v 0.239458084 0.0222241245 0.198516399
v 0.239529178 0.0222337991 0.198479161
v 0.239488319 0.0222273972 0.198334306
v 0.239596054 0.0222413689 0.198291928
v 0.239519015 0.0222315136 0.198319495
v 0.239589497 0.0222414676 0.198455185
v 0.239547789 0.0222361647 0.19847177
v 0.239664853 0.022250168 0.198267311
v 0.239658415 0.0222502276 0.198427796
v 0.239726767 0.0222588163 0.198408559
v 0.239706635 0.0222555753 0.198257208
v 0.239644736 0.0222484879 0.198433235
v 0.239845827 0.0222742558 0.198380947
v 0.23981899 0.0222702082 0.198231056
v 0.239810124 0.0222689621 0.198232234
v 0.239744708 0.0222610701 0.198403507
v 0.239791855 0.0222669933 0.198390231
v 0.239868164 0.0222772602 0.198377103
v 0.239928097 0.0222853255 0.198366791
v 0.239932746 0.0222862046 0.198215872
v 0.239957258 0.0222896487 0.198212594
v 0.23994787 0.0222884212 0.19836548
v 0.240011752 0.0222984198 0.198361248
v 0.240045503 0.0223040953 0.198209807
v 0.239938557 0.0222870205 0.198215097
v 0.24015525 0.0223237127 0.198210776
v 0.240108252 0.0223143697 0.198207825
v 0.240106672 0.0223141648 0.198357821
v 0.240064099 0.0223066155 0.198357761
v 0.240049392 0.0223043114 0.198358744
v 0.240262404 0.0223457869 0.198219061
v 0.240245447 0.0223416407 0.198216438
v 0.240235314 0.0223406423 0.198366463
v 0.240234852 0.022339534 0.198215768
v 0.240155488 0.0223242138 0.198361099
v 0.240148038 0.0223226789 0.198360592
v 0.240244418 0.0223430004 0.198367938
v 0.240297526 0.0223567337 0.198376536
v 0.240363434 0.0223705042 0.198234722
v 0.240457878 0.0223990194 0.198257938
v 0.240369424 0.0223719683 0.198235646
v 0.24034372 0.0223686863 0.198384017
v 0.240335077 0.0223664474 0.198382616
v 0.24049966 0.0224233028 0.198428214
v 0.240546793 0.0224303845 0.198285699
v 0.240494952 0.0224103592 0.198267281
v 0.240459517 0.0223995224 0.198258355
v 0.240435779 0.0223983489 0.198407128
v 0.240443662 0.0224008914 0.19840911
v 0.240419954 0.022393249 0.19840315
v 0.240567386 0.0224535428 0.19845438
v 0.240628779 0.0224640872 0.198316991
v 0.240608409 0.0224541891 0.198307604
v 0.24053584 0.022437783 0.198440567
v 0.240640983 0.0224700198 0.198322624
v 0.240572736 0.0224562157 0.19845672
v 0.240627497 0.0224835761 0.19848071
v 0.240704551 0.0225009285 0.198351935
v 0.240711376 0.0225042421 0.198355079
v 0.240640655 0.0224918202 0.198487863
v 0.24069126 0.0225235373 0.198515415
v 0.240772486 0.022541536 0.198390037
v 0.240758598 0.0225735568 0.198557779
v 0.240836173 0.0225850679 0.198430061
v 0.24080506 0.0225614179 0.198408663
v 0.240708724 0.0225344878 0.198524937
v 0.240789771 0.0225520898 0.198399916
v 0.240702301 0.0225304589 0.198521435
v 0.240895689 0.0226326473 0.198472664
v 0.240883037 0.0226206854 0.198462293
v 0.240804389 0.0226138923 0.1985908
v 0.240781814 0.0225917529 0.198573083
v 0.24095057 0.0226845592 0.198517635
v 0.240923151 0.02265862 0.198495165
v 0.240847662 0.0226563271 0.19862479
v 0.240836531 0.0226454046 0.198616043
v 0.240974903 0.0227130745 0.198540896
v 0.240882352 0.0226992425 0.198657081
v 0.240904644 0.0227268394 0.198677853
v 0.24102284 0.0227712393 0.19858785
v 0.240924209 0.0227571987 0.198699161
v 0.240943581 0.0227878522 0.198720589
v 0.24096255 0.0228204094 0.198742688
v 0.240979165 0.0228547845 0.198764682
v 0.241080299 0.022859836 0.198653892
v 0.241084829 0.0228691343 0.198660135
v 0.241085246 0.0228699949 0.198660716
v 0.241121367 0.0229440629 0.198710486
v 0.241103292 0.0229070093 0.198685586
v 0.241001949 0.0229019411 0.198794842
v 0.240996391 0.022890415 0.198787466
v 0.241039008 0.0230059605 0.198854744
v 0.241152674 0.0230251253 0.198760375
v 0.241142705 0.0229966864 0.198743448
v 0.241025299 0.0229674745 0.198832572
v 0.241138235 0.0229839124 0.198735833
v 0.241179615 0.0231118277 0.198809773
v 0.241172656 0.0230821576 0.198794335
v 0.241056651 0.0230773203 0.19889091
v 0.241050065 0.0230507161 0.198877424
v 0.24116759 0.0230677128 0.198785737
v 0.241070867 0.0231424235 0.198922426
v 0.241078421 0.0231921859 0.198943868
v 0.241200939 0.0232026502 0.198857009
v 0.241201937 0.0232096575 0.198860079
v 0.241216525 0.0233122669 0.1989052
v 0.241211474 0.023276791 0.198889598
v 0.241088793 0.0232605692 0.198973343
v 0.241086036 0.0232423674 0.198965505
v 0.241209224 0.0232609566 0.198882639
v 0.241225675 0.0234209057 0.198945731
v 0.241221935 0.0233662575 0.198926345
v 0.241096571 0.0233701933 0.199011698
v 0.241094977 0.0233477876 0.19900386
v 0.241229087 0.0234768465 0.198965028
v 0.241099298 0.0234581605 0.199038073
v 0.241099522 0.0235149525 0.199053138
v 0.241095975 0.0236324687 0.199078128
v 0.24122785 0.023651747 0.199009091
v 0.241229713 0.0236130506 0.199001864
v 0.2410997 0.0235628746 0.199065864
v 0.241229355 0.0235341173 0.19898051
v 0.241229564 0.023582153 0.198993504
v 0.241220877 0.0237714238 0.199029356
v 0.241223261 0.0237468667 0.199026868
v 0.241090804 0.0237289332 0.199095115
v 0.241223559 0.0237406343 0.199025705
v 0.241209045 0.0238933116 0.19904168
v 0.24108842 0.0237518866 0.199097082
v 0.241196558 0.0239884723 0.199044734
v 0.24120827 0.023900941 0.19904235
v 0.241073117 0.0238985345 0.199109629
v 0.241075709 0.0238737334 0.199107513
v 0.241208434 0.0238997079 0.19904232
v 0.238723308 0.0230879337 0.200562149
v 0.238847658 0.0231412798 0.200487807
v 0.238718361 0.0230160039 0.200540692
v 0.238828793 0.0228945073 0.200403363
v 0.238702312 0.0228764024 0.200483471
v 0.238705859 0.0229072683 0.200496122
v 0.238833308 0.0229367502 0.200420856
v 0.238685891 0.0227701031 0.200427324
v 0.238692954 0.0228157919 0.200451449
v 0.238805071 0.0227134153 0.200313732
v 0.238669738 0.0226803441 0.200370401
v 0.238795176 0.0226546489 0.200274035
v 0.238660201 0.0226304494 0.200335339
v 0.238637239 0.0225192122 0.20024018
v 0.23864311 0.0225465801 0.20026736
v 0.238781065 0.022572577 0.200214967
v 0.238623634 0.0224558134 0.200177208
v 0.238768771 0.0225050207 0.200158313
v 0.23876527 0.0224858429 0.200138509
v 0.238610208 0.022393005 0.200100631
v 0.238611579 0.0223994255 0.200108454
v 0.238753185 0.0224197172 0.200070202
v 0.238616601 0.0224228892 0.200137064
v 0.238743648 0.022362588 0.199997753
v 0.238739893 0.0223358627 0.19995831
v 0.238592982 0.0223045759 0.199970558
v 0.238593727 0.022309674 0.19998008
v 0.240910411 0.0226465799 0.198484734
v 0.240811199 0.0226205681 0.19859615
v 0.240860045 0.0226716474 0.198636308
v 0.240952641 0.0226865094 0.198519319
v 0.241020009 0.0227668826 0.198584601
v 0.24100782 0.022752339 0.198572785
v 0.240906313 0.022728892 0.198679388
v 0.240998939 0.0227417555 0.198564187
v 0.240905583 0.0227280017 0.198678717
v 0.241043508 0.022803124 0.198611617
v 0.240957305 0.0228095669 0.198735759
v 0.241064936 0.0228361562 0.198636234
v 0.2409904 0.0228780229 0.198779538
v 0.241011113 0.0229276679 0.198809654
v 0.241131678 0.0229651965 0.198724687
v 0.241039351 0.0230073165 0.19885543
v 0.241191059 0.0231605377 0.198835105
v 0.241184562 0.0231328942 0.198820725
v 0.241067901 0.0231229048 0.198914021
v 0.241060838 0.0230942741 0.198899508
v 0.241219848 0.0233356431 0.198915482
v 0.241091147 0.0232938156 0.198984981
v 0.241099104 0.0234060492 0.199024245
v 0.241229057 0.0234703291 0.198963255
v 0.241098806 0.0234016702 0.19902271
v 0.241226092 0.0234269686 0.198947877
v 0.241063431 0.0239688549 0.199111015
v 0.238704532 0.0236212071 0.200642079
v 0.236321434 0.0405960791 0.200548634
v 0.238820612 0.0236383155 0.200548634
v 0.238704532 0.0236212071 0.200642079
v 0.236205354 0.0405789725 0.200642079
v 0.238564253 0.0409266204 0.199111015
v 0.238544881 0.0410410352 0.199105918
v 0.238682777 0.0410332754 0.199040979
v 0.238678172 0.0410607122 0.199039787
v 0.238653898 0.0411792174 0.199026451
v 0.238674298 0.0410838425 0.199038789
v 0.238537088 0.0410870314 0.199103877
v 0.238501012 0.0412520356 0.199081197
v 0.238625422 0.0412947387 0.199004978
v 0.238644764 0.0412219577 0.199020922
v 0.238521233 0.0411595516 0.199093908
v 0.23865135 0.0411911644 0.199024916
v 0.238494501 0.0412755832 0.199075684
v 0.238462925 0.0413897857 0.199048907
v 0.238608271 0.0413593017 0.198990822
v 0.238592044 0.0414084755 0.198975295
v 0.238612056 0.0413450673 0.198993951
v 0.238445163 0.0414453335 0.19903253
v 0.238426223 0.0414997414 0.199014336
v 0.238564193 0.0414929055 0.198948637
v 0.238554165 0.0415189825 0.198938563
v 0.238561437 0.0415012315 0.198946014
v 0.238511637 0.0416228697 0.198894992
v 0.238532871 0.0415710062 0.198916748
v 0.23840405 0.0415634289 0.198993042
v 0.238407627 0.041553162 0.198996469
v 0.238488913 0.0416698121 0.198871523
v 0.238365382 0.0416514091 0.198954567
v 0.23834452 0.0416988321 0.198933825
v 0.238300532 0.0417786278 0.19889079
v 0.238418132 0.0417962149 0.198800042
v 0.238439247 0.0417621657 0.198820949
v 0.238322422 0.0417389311 0.198912203
v 0.23844257 0.041756805 0.198824242
v 0.238362744 0.0418755934 0.19874689
v 0.238392144 0.0418376811 0.198774382
v 0.23827593 0.0418201275 0.198867127
v 0.238302901 0.041947782 0.198692068
v 0.238321796 0.0419284031 0.198708579
v 0.238211602 0.0419129096 0.198807314
v 0.238333791 0.0419129357 0.1987198
v 0.238222912 0.0418965854 0.198817849
v 0.238144964 0.04198917 0.198749617
v 0.238248095 0.042004019 0.198644146
v 0.238266513 0.0419851169 0.198660254
v 0.238169804 0.0419607274 0.198771134
v 0.238216743 0.0420303568 0.198618546
v 0.238115862 0.042015668 0.198726445
v 0.238086686 0.0420419909 0.198703289
v 0.238118559 0.0421022065 0.198542416
v 0.238152966 0.0420806743 0.198567599
v 0.238055065 0.0420685895 0.198678926
v 0.238057554 0.0420668386 0.198680714
v 0.237963632 0.0421286561 0.198615298
v 0.238050595 0.0421415344 0.19849436
v 0.238071591 0.0421316065 0.198508024
v 0.237990797 0.0421139039 0.198632747
v 0.238085344 0.0421229973 0.198518097
v 0.237995908 0.0421103016 0.198636428
v 0.238015935 0.0421579182 0.198471799
v 0.23792538 0.0421494357 0.198590711
v 0.237906307 0.0421597995 0.198578447
v 0.23793219 0.0421457402 0.198595077
v 0.237981394 0.0421742536 0.198449329
v 0.237909541 0.0421992466 0.198408559
v 0.237980649 0.0421746001 0.198448852
v 0.23790054 0.0421621315 0.198575184
v 0.237835452 0.0421884134 0.198538408
v 0.237889692 0.0422061272 0.198397309
v 0.237820953 0.0421942696 0.198530227
v 0.237790897 0.0422028936 0.198515564
v 0.237834483 0.0422192886 0.198370427
v 0.237893999 0.0422046334 0.198399752
v 0.237696558 0.0422265604 0.198472172
v 0.237756476 0.0422356464 0.198334411
v 0.237780035 0.0422322713 0.198343918
v 0.237767443 0.0422096252 0.198504105
v 0.237730563 0.0422202051 0.19848612
v 0.237727329 0.0422398224 0.198322639
v 0.237652242 0.0422348343 0.198454008
v 0.2376353 0.0422379971 0.198447064
v 0.237675115 0.0422473028 0.198301569
v 0.237670973 0.0422478952 0.1982999
v 0.237622947 0.0422392562 0.198442966
v 0.237546518 0.0422470421 0.198417589
v 0.237590194 0.0422531664 0.198274016
v 0.237466156 0.0422501676 0.198396534
v 0.237501264 0.0422553495 0.198250234
v 0.237534001 0.0422553532 0.198257938
v 0.23751016 0.0422488712 0.198407605
v 0.237556577 0.0422553569 0.198263243
v 0.237536073 0.0422481038 0.198414132
v 0.237383127 0.042249728 0.198379532
v 0.237409204 0.0422538891 0.198230907
v 0.237435982 0.0422553383 0.198234871
v 0.237430796 0.0422512107 0.198387623
v 0.237365812 0.0422491878 0.198376596
v 0.237319827 0.0422477573 0.198368788
v 0.237311333 0.0422485843 0.198216408
v 0.237295002 0.0422457494 0.198366687
v 0.237301305 0.042247761 0.1982155
v 0.237307802 0.0422483943 0.198215872
v 0.237220451 0.0422397181 0.198360384
v 0.237208337 0.0422386751 0.198210031
v 0.237202317 0.0422382504 0.198358864
v 0.237106383 0.0422269702 0.198358893
v 0.237101883 0.0422259979 0.198209986
v 0.237170041 0.0422349311 0.198207781
v 0.237200171 0.042238079 0.19835867
v 0.237010017 0.0422134437 0.198366344
v 0.237001419 0.0422123149 0.198215485
v 0.237023786 0.0422157608 0.198212519
v 0.237089068 0.0422249213 0.198358938
v 0.237075299 0.0422229208 0.19836022
v 0.236994669 0.0422112755 0.198216379
v 0.236883759 0.0421941951 0.198231071
v 0.236960948 0.0422063172 0.198370934
v 0.236931741 0.0422015488 0.198376641
v 0.236872569 0.0421924703 0.198232561
v 0.236910507 0.042198088 0.198380783
v 0.236828476 0.0421847031 0.198396802
v 0.236772195 0.0421758518 0.19825688
v 0.236711532 0.0421648696 0.198432535
v 0.236663029 0.0421576761 0.19829078
v 0.236727864 0.0421685092 0.198267624
v 0.236809924 0.0421815552 0.198402464
v 0.236791044 0.0421783552 0.198408231
v 0.236654609 0.0421553515 0.198454991
v 0.236615896 0.042148903 0.198471397
v 0.236556292 0.0421400331 0.198332891
v 0.236589089 0.0421453193 0.1983172
v 0.236697242 0.0421624482 0.198436916
v 0.236453891 0.0421235301 0.198381871
v 0.236570224 0.0421412997 0.198490769
v 0.236523852 0.0421340577 0.198516384
v 0.236451954 0.0421232358 0.198383048
v 0.236522481 0.0421338417 0.198517144
v 0.236449108 0.0421223789 0.19855766
v 0.236356705 0.042108912 0.198440939
v 0.236263067 0.0420955792 0.198506266
v 0.236320198 0.0421034172 0.198463127
v 0.236394286 0.0421143882 0.198593631
v 0.236399293 0.0421151146 0.198590353
v 0.236435384 0.0421203785 0.198566675
v 0.236191824 0.042085804 0.198560089
v 0.236285374 0.0420997068 0.198677436
v 0.236283958 0.0420995355 0.198678777
v 0.23617284 0.0420834348 0.198577851
v 0.236351669 0.0421086401 0.198626429
v 0.236270785 0.0420979336 0.198691249
v 0.236194804 0.0420886986 0.198763192
v 0.236010745 0.042063646 0.198744521
v 0.236078322 0.0420716479 0.198666334
v 0.2361788 0.0420867875 0.198779494
v 0.236184075 0.0420873985 0.198773339
v 0.236087993 0.0420728549 0.198657289
v 0.235940591 0.0420550443 0.198836684
v 0.235980123 0.0420600176 0.198779956
v 0.236084983 0.0420758761 0.198890999
v 0.236093327 0.042076923 0.198878959
v 0.236125395 0.0420806222 0.198841646
v 0.235877559 0.0420465469 0.198933437
v 0.235894591 0.0420492552 0.198902696
v 0.236014113 0.0420669951 0.198993295
v 0.236061946 0.042072989 0.198924243
v 0.235875472 0.0420462154 0.198937207
v 0.236003861 0.0420652926 0.199012041
v 0.235955283 0.0420572124 0.199100912
v 0.236004516 0.0420654006 0.199010849
v 0.235822275 0.0420377553 0.199033216
v 0.235820413 0.0420374572 0.199036568
v 0.235935777 0.042053327 0.199140832
v 0.235930145 0.0420520976 0.199153066
v 0.235948145 0.0420560278 0.199113965
v 0.235778242 0.0420272499 0.199135244
v 0.235740885 0.0420151874 0.1992376
v 0.235883653 0.0420377254 0.19927536
v 0.23588331 0.0420375392 0.199276596
v 0.235915199 0.0420474783 0.19919239
v 0.235758558 0.0420224853 0.199181303
v 0.235749498 0.0420187451 0.199210167
v 0.235881165 0.0420363471 0.199284464
v 0.235856488 0.0420226194 0.199374929
v 0.235719666 0.0420064181 0.199305251
v 0.235712647 0.0420010872 0.19933787
v 0.235839859 0.0420058779 0.199463174
v 0.235692725 0.0419845507 0.199435845
v 0.23569411 0.041986987 0.199424163
v 0.235854134 0.0420213118 0.199383557
v 0.235848024 0.0420147106 0.199417606
v 0.2356814 0.0419646315 0.19953154
v 0.235692427 0.0419840291 0.199438348
v 0.235835418 0.042001076 0.199487939
v 0.235677496 0.041941531 0.199622601
v 0.235679179 0.0419607274 0.199550271
v 0.235826194 0.0419764072 0.199588701
v 0.235829815 0.0419860929 0.199549153
v 0.235828653 0.0419830047 0.19956176
v 0.235678926 0.0419156924 0.199709952
v 0.235825703 0.041944053 0.199693888
v 0.235826835 0.0419387743 0.199707627
v 0.235676348 0.0419286005 0.199671313
v 0.235677153 0.0419377573 0.199636817
v 0.235825986 0.0419633836 0.19963105
v 0.235684112 0.041889701 0.199787751
v 0.235827029 0.0419379398 0.199709803
v 0.235833228 0.0419092998 0.199784368
v 0.235684901 0.0418875553 0.199792936
v 0.23584421 0.0418773256 0.19985351
v 0.235697001 0.0418546498 0.199872628
v 0.235688031 0.0418790542 0.19981353
v 0.235833868 0.0419063158 0.199792147
v 0.235844612 0.0418761782 0.199855924
v 0.235713691 0.0418176614 0.19994989
v 0.235700011 0.0418464728 0.199892417
v 0.235849634 0.0418621451 0.199885637
v 0.235734686 0.0417762958 0.200024381
v 0.235722959 0.0417982899 0.199988216
v 0.235872358 0.0418106243 0.199975133
v 0.235868514 0.0418193415 0.199959993
v 0.235889599 0.0417753607 0.200025588
v 0.235900685 0.0417526849 0.200058043
v 0.235754803 0.0417385846 0.200086355
v 0.235758856 0.0417312831 0.200096145
v 0.235772997 0.0417058468 0.200130254
v 0.235913694 0.0417271256 0.200088635
v 0.235926896 0.0417012721 0.200119153
v 0.235818326 0.0416240618 0.200229302
v 0.235802457 0.0416527763 0.200198114
v 0.235941052 0.0416736007 0.200149849
v 0.235956296 0.0416439176 0.200178623
v 0.235818788 0.0416232198 0.200230211
v 0.235988557 0.0415804982 0.200236008
v 0.235853136 0.0415603966 0.200294256
v 0.235842779 0.041579809 0.200277343
v 0.235835657 0.0415926911 0.200263366
v 0.235972077 0.0416131504 0.200208455
v 0.235977188 0.0416032001 0.200218096
v 0.236006141 0.0415453725 0.200263724
v 0.236012831 0.041532021 0.200274259
v 0.235877663 0.0415143967 0.200334311
v 0.236023143 0.0415114127 0.200290516
v 0.235890582 0.0414901711 0.200355411
v 0.235871896 0.0415252112 0.200324893
v 0.235910296 0.0414516144 0.200383574
v 0.236042291 0.0414711125 0.200315982
v 0.236060932 0.0414318852 0.200340778
v 0.235973105 0.0413236208 0.200464234
v 0.235951662 0.0413695201 0.20043987
v 0.236081034 0.0413881764 0.200365886
v 0.236140639 0.04124856 0.200430676
v 0.236015737 0.0412303209 0.200511456
v 0.236008182 0.0412485674 0.200504079
v 0.236128509 0.0412796699 0.200419217
v 0.236121193 0.0412963852 0.200411007
v 0.236001328 0.0412632339 0.200496286
v 0.235994667 0.0412774645 0.200488731
v 0.236036688 0.0411798432 0.200531885
v 0.236160323 0.0411980525 0.200449273
v 0.236179978 0.0411476269 0.200467825
v 0.236076951 0.0410760157 0.200568587
v 0.236198172 0.0410938933 0.200482279
v 0.236216262 0.0410397984 0.20049639
v 0.236131564 0.0409092456 0.200609952
v 0.236111552 0.0409765095 0.200596526
v 0.236231521 0.0409941562 0.200508296
v 0.236106366 0.0409939587 0.200593039
v 0.236096233 0.0410222262 0.20058462
v 0.236162737 0.0407932475 0.2006284
v 0.236155584 0.0408233851 0.200624943
v 0.23627536 0.0408332422 0.200534716
v 0.236149579 0.0408486575 0.200622052
v 0.236249894 0.0409267172 0.200519368
v 0.236258417 0.0408954173 0.200524509
v 0.236280054 0.0408106297 0.20053643
v 0.236305043 0.0406905934 0.200545579
v 0.236179918 0.0407208763 0.2006367
v 0.236188427 0.0406734385 0.200638503
v 0.236205354 0.0405789725 0.200642079
v 0.236189783 0.0406658575 0.200638786
v 0.236310124 0.0406661592 0.200547442
v 0.238573626 0.0414642878 0.198957667
v 0.23845683 0.0414118096 0.199043736
v 0.238423496 0.0415075533 0.199011728
v 0.238386288 0.041603826 0.198975369
v 0.238507375 0.0416329317 0.198890641
v 0.23850809 0.0416315198 0.198891371
v 0.238456935 0.0417336375 0.198838457
v 0.23839353 0.0418359041 0.198775664
v 0.238300309 0.0417790227 0.198890582
v 0.238284349 0.0418079756 0.198874965
v 0.238359243 0.0418801121 0.198743612
v 0.238249168 0.0418587252 0.198842242
v 0.238194838 0.0419320874 0.1987928
v 0.238179594 0.0419495367 0.198779598
v 0.238275453 0.041975949 0.198668063
v 0.23824352 0.0420087129 0.198640153
v 0.238143936 0.0419903286 0.198748738
v 0.23806487 0.0420616828 0.198685974
v 0.238159701 0.0420764536 0.198572531
v 0.23818478 0.0420561917 0.198592767
v 0.238160327 0.0420759581 0.198573023
v 0.238026142 0.0420889892 0.198658139
v 0.238036022 0.0421484224 0.198484883
v 0.235859767 0.0418391563 0.199925572
v 0.235718623 0.0418073051 0.199970558
v 0.235722482 0.0417991839 0.199986741
v 0.235746503 0.0417541564 0.20006077
v 0.235880062 0.0417948589 0.199997693
v 0.235878512 0.0417980365 0.199993148
v 0.235763967 0.0417220928 0.200108469
v 0.235901505 0.0417509973 0.200060457
v 0.235795334 0.0416656472 0.200184152
v 0.235936254 0.0416829623 0.200140774
v 0.235935345 0.0416847505 0.200138658
v 0.235787138 0.0416804031 0.200164363
v 0.235895365 0.0414812006 0.200363219
v 0.236023724 0.0415101908 0.200291291
v 0.235951185 0.0413705185 0.200439349
v 0.235939458 0.0413937867 0.200423345
v 0.236073196 0.0414061025 0.20035708
v 0.23593016 0.0414122306 0.200410664
v 0.236101031 0.0413424745 0.200388357
v 0.236114427 0.0413118675 0.200403392
v 0.23605977 0.0411239304 0.200554311
v 0.236181572 0.0411435291 0.200469345
v 0.236059114 0.0411257707 0.20055376
v 0.236057535 0.0411295816 0.200552225
v 0.238465622 0.0417162962 0.198847443
v 0.236321434 0.0405960791 0.200548634
v 0.23869738 0.0409462377 0.199044734
f 1 2 3
f 4 1 5
f 6 4 7
f 8 6 9
f 10 8 11
f 12 10 13
f 14 12 15
f 16 14 17
f 18 16 19
f 20 18 21
f 22 20 23
f 24 22 25
f 26 24 27
f 28 29 30
f 29 31 30
f 32 31 29
f 33 32 34
f 35 33 36
f 37 35 38
f 39 37 40
f 41 39 42
f 43 41 44
f 45 43 46
f 47 45 48
f 49 47 50
f 51 49 52
f 53 51 54
f 55 53 56
f 57 55 58
f 57 59 60
f 60 61 57
f 60 62 61
f 63 64 65
f 63 61 66
f 66 64 63
f 67 63 68
f 68 69 67
f 70 67 71
f 71 72 70
f 72 73 70
f 74 75 76
f 74 70 77
f 77 75 74
f 78 79 80
f 78 74 81
f 81 79 78
f 82 83 84
f 82 78 85
f 85 83 82
f 84 86 82
f 87 82 88
f 88 89 87
f 89 90 87
f 91 87 92
f 92 93 91
f 93 94 91
f 95 91 96
f 96 97 95
f 97 98 95
f 99 100 101
f 99 95 102
f 102 100 99
f 103 104 105
f 103 99 106
f 106 104 103
f 107 108 109
f 107 103 110
f 110 111 107
f 111 108 107
f 112 107 113
f 113 114 112
f 115 116 117
f 115 118 116
f 115 112 119
f 119 118 115
f 115 120 121
f 115 122 123
f 123 124 115
f 124 120 115
f 125 126 127
f 125 128 126
f 125 121 129
f 129 128 125
f 130 131 132
f 130 127 131
f 133 134 135
f 136 132 134
f 134 133 136
f 133 137 138
f 133 139 140
f 140 137 133
f 141 142 143
f 141 138 144
f 144 142 141
f 145 146 147
f 145 143 148
f 148 146 145
f 149 150 151
f 149 152 150
f 149 147 153
f 153 152 149
f 154 155 156
f 154 157 155
f 154 151 157
f 158 159 160
f 158 161 159
f 158 156 161
f 162 163 164
f 165 160 163
f 163 162 165
f 162 166 167
f 162 168 169
f 169 166 162
f 170 171 172
f 170 167 173
f 173 171 170
f 174 175 176
f 174 172 175
f 2 177 178
f 177 176 178
f 178 3 2
f 176 177 174
f 172 174 170
f 167 170 162
f 164 168 162
f 160 165 158
f 156 158 154
f 151 154 149
f 147 149 145
f 143 145 141
f 138 141 133
f 135 139 133
f 132 136 130
f 127 130 125
f 121 125 115
f 117 122 115
f 114 119 112
f 109 113 107
f 105 110 103
f 101 106 99
f 98 102 95
f 94 96 91
f 90 92 87
f 86 88 82
f 80 85 78
f 76 81 74
f 73 77 70
f 69 71 67
f 65 68 63
f 62 66 61
f 58 59 57
f 56 58 55
f 54 56 53
f 52 54 51
f 50 52 49
f 48 50 47
f 46 48 45
f 44 46 43
f 42 44 41
f 40 42 39
f 38 40 37
f 36 38 35
f 34 36 33
f 29 34 32
f 30 26 28
f 27 28 26
f 25 27 24
f 23 25 22
f 21 23 20
f 19 21 18
f 17 19 16
f 15 17 14
f 13 15 12
f 11 13 10
f 9 11 8
f 7 9 6
f 5 7 4
f 3 5 1
f 179 180 181
f 179 182 180
f 179 183 184
f 179 185 186
f 184 182 179
f 186 187 179
f 188 189 190
f 188 191 192
f 179 193 194
f 181 195 179
f 187 196 179
f 185 197 198
f 192 189 188
f 194 188 179
f 196 183 179
f 185 199 197
f 185 200 201
f 202 203 204
f 194 191 188
f 198 186 185
f 185 205 206
f 185 207 200
f 204 185 202
f 195 193 179
f 201 205 185
f 202 208 203
f 202 209 210
f 206 199 185
f 210 208 202
f 204 207 185
f 202 211 212
f 212 209 202
f 190 213 188
f 214 215 216
f 216 217 214
f 218 219 220
f 220 214 218
f 221 222 223
f 223 218 221
f 224 225 226
f 226 221 224
f 227 228 229
f 229 230 227
f 231 232 233
f 228 227 231
f 232 234 233
f 233 228 231
f 235 236 237
f 237 238 235
f 238 239 235
f 236 227 237
f 240 241 242
f 240 243 241
f 240 235 244
f 244 245 240
f 245 243 240
f 246 247 248
f 246 249 250
f 250 247 246
f 249 240 250
f 251 252 253
f 251 254 255
f 255 252 251
f 254 246 255
f 256 257 258
f 258 259 256
f 257 251 258
f 260 256 261
f 262 260 263
f 263 264 262
f 261 263 260
f 265 262 266
f 267 265 268
f 268 269 267
f 266 268 265
f 270 267 271
f 272 270 273
f 273 274 272
f 271 273 270
f 275 272 276
f 277 278 275
f 276 277 275
f 277 279 278
f 280 281 282
f 282 283 280
f 284 278 285
f 286 280 284
f 285 286 284
f 286 281 280
f 287 288 289
f 289 290 287
f 287 291 292
f 287 293 291
f 292 288 287
f 217 294 293
f 293 287 217
f 295 296 297
f 297 294 295
f 295 298 299
f 300 280 301
f 298 295 300
f 301 298 300
f 299 302 295
f 302 303 295
f 303 296 295
f 294 217 295
f 287 304 305
f 287 306 307
f 307 304 287
f 287 308 306
f 309 310 311
f 309 305 312
f 312 310 309
f 313 314 315
f 313 311 316
f 316 314 313
f 317 318 319
f 319 320 317
f 321 315 322
f 322 318 321
f 323 324 325
f 325 326 323
f 320 319 327
f 327 324 320
f 328 329 330
f 330 331 328
f 326 325 332
f 332 329 326
f 333 334 335
f 335 336 333
f 335 337 336
f 331 330 334
f 338 339 340
f 338 341 339
f 340 342 338
f 336 337 341
f 343 344 345
f 345 346 343
f 342 347 348
f 342 340 347
f 348 344 342
f 349 350 351
f 349 352 350
f 351 353 349
f 346 345 354
f 354 352 346
f 355 356 357
f 357 358 355
f 353 359 360
f 353 351 359
f 360 356 353
f 355 353 356
f 349 346 352
f 343 342 344
f 338 336 341
f 333 331 334
f 328 326 329
f 323 320 324
f 317 321 318
f 315 321 313
f 311 313 309
f 305 309 287
f 290 308 287
f 283 301 280
f 279 285 278
f 274 276 272
f 269 271 267
f 264 266 262
f 259 261 256
f 253 258 251
f 248 255 246
f 242 250 240
f 239 244 235
f 230 237 227
f 226 222 221
f 223 219 218
f 220 215 214
f 216 295 217
f 361 362 363
f 363 364 361
f 365 366 367
f 368 369 370
f 370 367 368
f 371 372 373
f 369 368 374
f 374 373 369
f 372 371 375
f 375 376 372
f 377 378 379
f 379 380 377
f 379 381 380
f 382 381 383
f 383 384 382
f 383 385 384
f 386 385 387
f 387 388 386
f 387 389 388
f 390 389 391
f 391 392 390
f 390 388 389
f 393 394 395
f 395 396 393
f 395 397 396
f 398 399 400
f 400 397 398
f 401 402 403
f 403 398 401
f 404 405 406
f 406 401 404
f 407 408 409
f 409 404 407
f 410 411 412
f 412 407 410
f 413 414 415
f 415 410 413
f 416 417 418
f 418 413 416
f 419 420 421
f 421 416 419
f 421 417 416
f 418 414 413
f 415 411 410
f 412 408 407
f 409 405 404
f 406 402 401
f 403 399 398
f 400 396 397
f 393 392 394
f 391 394 392
f 386 384 385
f 382 380 381
f 377 376 378
f 375 378 376
f 373 374 371
f 367 370 365
f 422 423 424
f 424 425 422
f 426 427 428
f 429 430 431
f 431 428 429
f 432 433 434
f 434 426 435
f 434 435 432
f 433 432 436
f 436 437 433
f 438 439 440
f 440 441 438
f 440 442 441
f 443 442 444
f 444 445 443
f 444 446 445
f 447 446 448
f 448 449 447
f 447 445 446
f 450 451 452
f 452 453 450
f 452 454 453
f 455 454 456
f 456 457 455
f 455 453 454
f 458 459 460
f 460 461 458
f 462 463 464
f 464 458 462
f 465 466 467
f 467 462 465
f 468 469 470
f 470 465 468
f 471 472 473
f 473 468 471
f 474 475 476
f 476 471 474
f 477 478 479
f 479 474 477
f 480 481 482
f 482 477 480
f 482 478 477
f 479 475 474
f 476 472 471
f 473 469 468
f 470 466 465
f 467 463 462
f 464 459 458
f 460 457 461
f 456 461 457
f 450 449 451
f 448 451 449
f 443 441 442
f 438 437 439
f 436 439 437
f 434 427 426
f 428 431 426
f 483 484 485
f 486 487 488
f 483 489 490
f 485 491 483
f 483 492 493
f 488 494 486
f 487 495 496
f 491 489 483
f 483 497 498
f 492 499 493
f 492 500 501
f 494 502 486
f 496 503 487
f 487 504 505
f 490 506 483
f 493 497 483
f 501 507 492
f 502 508 486
f 505 495 487
f 487 509 510
f 483 511 512
f 498 484 483
f 507 513 492
f 503 488 487
f 510 514 487
f 512 487 483
f 513 499 492
f 514 504 487
f 506 511 483
f 486 515 516
f 512 509 487
f 508 515 486
f 516 517 486
f 518 519 520
f 521 522 523
f 523 520 521
f 524 525 526
f 526 521 527
f 526 527 524
f 525 524 528
f 528 529 525
f 530 531 532
f 532 533 530
f 530 529 531
f 534 535 536
f 536 537 534
f 536 538 537
f 539 538 540
f 540 541 539
f 540 542 541
f 543 544 545
f 543 546 547
f 548 549 546
f 546 543 548
f 547 544 543
f 550 551 552
f 550 543 553
f 553 551 550
f 552 554 550
f 555 550 556
f 556 557 555
f 557 558 555
f 559 560 561
f 561 562 559
f 559 555 563
f 563 564 559
f 564 560 559
f 565 566 567
f 565 559 568
f 568 566 565
f 569 570 571
f 569 565 572
f 572 570 569
f 573 574 575
f 573 569 576
f 576 574 573
f 577 578 579
f 577 580 581
f 581 578 577
f 577 573 582
f 582 580 577
f 583 584 585
f 583 586 587
f 583 588 589
f 589 586 583
f 588 577 589
f 587 584 583
f 590 591 592
f 592 593 590
f 541 594 595
f 541 596 597
f 542 598 596
f 596 541 542
f 542 599 600
f 601 583 602
f 603 542 601
f 602 603 601
f 603 599 542
f 600 598 542
f 597 594 541
f 595 591 541
f 604 605 606
f 606 607 604
f 593 608 609
f 609 605 593
f 593 610 611
f 611 608 593
f 593 592 610
f 612 613 614
f 614 615 612
f 607 606 616
f 616 613 607
f 617 618 619
f 619 620 617
f 615 614 621
f 621 618 615
f 622 623 624
f 624 625 622
f 620 626 623
f 620 619 627
f 627 626 620
f 628 629 630
f 630 631 628
f 625 632 633
f 625 624 632
f 633 629 625
f 634 635 636
f 636 637 634
f 631 630 638
f 638 635 631
f 639 640 641
f 641 642 639
f 641 643 642
f 637 636 640
f 644 645 646
f 644 647 645
f 646 648 644
f 642 643 649
f 649 650 642
f 650 647 642
f 651 652 653
f 653 654 651
f 653 655 654
f 648 656 657
f 648 646 656
f 657 652 648
f 651 648 652
f 644 642 647
f 639 637 640
f 634 631 635
f 628 625 629
f 622 620 623
f 617 615 618
f 612 607 613
f 604 593 605
f 590 541 591
f 585 602 583
f 579 589 577
f 575 582 573
f 571 576 569
f 567 572 565
f 562 568 559
f 558 563 555
f 554 556 550
f 545 553 543
f 539 537 538
f 534 533 535
f 532 535 533
f 528 531 529
f 526 522 521
f 520 523 518
f 658 659 660
f 659 661 662
f 661 663 664
f 663 665 666
f 665 667 668
f 667 669 670
f 669 671 672
f 671 673 674
f 673 675 676
f 675 677 678
f 677 679 680
f 679 681 682
f 681 683 684
f 683 685 686
f 685 687 688
f 687 689 690
f 689 691 692
f 691 693 694
f 693 695 696
f 695 697 698
f 697 699 700
f 699 701 702
f 701 703 704
f 703 705 706
f 705 707 708
f 707 709 710
f 709 711 712
f 711 713 714
f 714 713 715
f 715 716 714
f 717 716 718
f 718 719 717
f 720 721 722
f 720 717 723
f 723 721 720
f 724 720 725
f 725 726 724
f 727 728 729
f 727 724 730
f 730 728 727
f 731 732 733
f 731 727 734
f 734 732 731
f 733 735 731
f 736 731 737
f 737 738 736
f 738 739 736
f 740 741 742
f 740 736 743
f 743 741 740
f 744 740 745
f 745 746 744
f 747 744 748
f 748 749 747
f 749 750 747
f 751 747 752
f 752 753 751
f 753 754 751
f 755 756 757
f 755 751 758
f 758 756 755
f 759 755 760
f 760 761 759
f 762 763 764
f 762 759 765
f 765 766 762
f 766 763 762
f 767 762 768
f 768 769 767
f 770 771 772
f 770 767 773
f 773 771 770
f 770 774 775
f 770 776 777
f 777 778 770
f 778 774 770
f 779 780 781
f 779 775 780
f 782 783 784
f 782 781 785
f 785 783 782
f 786 787 788
f 786 784 787
f 789 790 791
f 789 788 792
f 792 790 789
f 793 794 795
f 793 791 796
f 796 794 793
f 797 798 799
f 797 800 798
f 797 795 800
f 801 802 803
f 803 804 801
f 805 799 802
f 802 801 805
f 801 806 807
f 801 808 806
f 809 810 811
f 809 807 812
f 812 810 809
f 813 814 815
f 813 811 816
f 816 814 813
f 817 818 819
f 817 820 818
f 817 815 820
f 821 822 823
f 821 819 822
f 824 825 826
f 826 827 824
f 824 823 825
f 826 658 827
f 823 824 821
f 819 821 817
f 815 817 813
f 811 813 809
f 807 809 801
f 804 808 801
f 799 805 797
f 795 797 793
f 791 793 789
f 788 789 786
f 784 786 782
f 781 782 779
f 775 779 770
f 772 776 770
f 769 773 767
f 764 768 762
f 761 765 759
f 757 760 755
f 754 758 751
f 750 752 747
f 746 748 744
f 742 745 740
f 739 743 736
f 735 737 731
f 729 734 727
f 726 730 724
f 722 725 720
f 719 723 717
f 715 718 716
f 714 712 711
f 712 710 709
f 710 708 707
f 708 706 705
f 706 704 703
f 704 702 701
f 702 700 699
f 700 698 697
f 698 696 695
f 696 694 693
f 694 692 691
f 692 690 689
f 690 688 687
f 688 686 685
f 686 684 683
f 684 682 681
f 682 680 679
f 680 678 677
f 678 676 675
f 676 674 673
f 674 672 671
f 672 670 669
f 670 668 667
f 668 666 665
f 666 664 663
f 664 662 661
f 662 660 659
f 660 827 658
f 828 829 830
f 831 832 828
f 830 831 828
f 833 830 834
f 835 836 837
f 838 839 840
f 830 829 841
f 831 842 832
f 843 844 845
f 844 843 833
f 837 846 835
f 837 847 848
f 849 850 836
f 851 852 853
f 840 851 838
f 841 854 830
f 855 856 832
f 855 857 858
f 834 844 833
f 848 846 837
f 849 859 850
f 851 860 861
f 851 862 863
f 840 852 851
f 842 855 832
f 855 864 857
f 855 865 866
f 845 867 843
f 868 869 870
f 868 838 871
f 872 873 874
f 835 875 876
f 835 877 878
f 836 835 849
f 837 879 880
f 881 837 882
f 851 883 860
f 853 862 851
f 858 856 855
f 855 849 865
f 867 884 843
f 871 869 868
f 872 885 886
f 874 887 872
f 872 888 889
f 872 890 891
f 892 872 893
f 835 894 875
f 846 877 835
f 880 895 837
f 837 896 897
f 882 898 899
f 849 855 900
f 863 883 851
f 838 868 901
f 866 864 855
f 870 843 868
f 872 902 903
f 887 885 872
f 891 888 872
f 872 892 904
f 872 905 893
f 878 894 835
f 895 906 837
f 837 907 896
f 882 899 881
f 849 908 909
f 900 910 849
f 901 839 838
f 884 868 843
f 851 911 912
f 903 851 872
f 889 873 872
f 893 913 892
f 872 914 915
f 872 916 917
f 906 847 837
f 881 907 837
f 849 918 908
f 910 919 849
f 854 834 830
f 912 920 851
f 921 922 923
f 921 924 925
f 851 926 927
f 886 902 872
f 915 905 872
f 872 928 916
f 897 879 837
f 849 929 930
f 919 918 849
f 920 838 851
f 835 921 931
f 925 922 921
f 921 851 932
f 851 933 934
f 903 926 851
f 917 914 872
f 872 835 935
f 930 859 849
f 861 936 851
f 921 937 931
f 921 938 939
f 921 940 924
f 921 941 942
f 851 943 932
f 934 944 851
f 904 890 872
f 872 945 946
f 872 947 948
f 872 949 950
f 835 951 935
f 835 952 953
f 835 954 955
f 909 929 849
f 882 956 957
f 835 958 959
f 921 960 937
f 921 961 962
f 921 963 964
f 923 938 921
f 932 941 921
f 927 933 851
f 872 965 966
f 913 893 967
f 967 968 969
f 967 970 971
f 967 972 973
f 967 974 975
f 974 967 976
f 948 945 872
f 935 949 872
f 953 977 835
f 835 978 979
f 876 954 835
f 882 980 981
f 957 982 882
f 931 958 835
f 964 961 921
f 942 940 921
f 851 983 984
f 851 985 986
f 966 928 872
f 967 987 988
f 971 968 967
f 973 989 967
f 882 976 990
f 967 991 992
f 976 882 974
f 950 947 872
f 835 993 952
f 835 994 995
f 955 978 835
f 982 980 882
f 882 996 997
f 962 960 921
f 984 943 851
f 851 998 999
f 986 1000 851
f 967 988 913
f 989 970 967
f 990 1001 882
f 975 991 967
f 977 951 835
f 995 1002 835
f 981 898 882
f 997 1003 882
f 939 963 921
f 1000 998 851
f 969 987 967
f 992 972 967
f 1002 993 835
f 1003 956 882
f 999 983 851
f 1001 996 882
f 979 994 835
f 835 1004 1005
f 851 936 985
f 946 965 872
f 959 1004 835
f 1005 849 835
f 944 911 851
f 1006 1007 1008
f 1009 1010 1011
f 1012 1013 1014
f 1008 1015 1016
f 1017 1018 1019
f 1011 1020 1009
f 1012 1021 1022
f 1012 1023 1024
f 1014 1025 1012
f 1008 1016 1006
f 1026 1027 1028
f 1029 1019 1030
f 1019 1029 1017
f 1020 1031 1009
f 1009 1032 1033
f 1024 1021 1012
f 1012 1034 1035
f 1025 1036 1012
f 1008 1037 1015
f 1028 1038 1026
f 1017 1009 1018
f 1009 1039 1040
f 1033 1010 1009
f 1009 1041 1042
f 1035 1023 1012
f 1013 1043 1014
f 1013 1044 1045
f 1037 1046 1047
f 1006 1048 1007
f 1049 1050 1051
f 1049 1052 1053
f 1026 1054 1055
f 1038 1056 1026
f 1057 1058 1059
f 1030 1060 1029
f 1031 1039 1009
f 1009 1061 1041
f 1036 1034 1012
f 1045 1062 1013
f 1037 1008 1046
f 1048 1063 1007
f 1064 1065 1066
f 1049 1067 1050
f 1049 1068 1069
f 1053 1070 1049
f 1026 1071 1054
f 1056 1072 1026
f 1026 1073 1074
f 1057 1075 1076
f 1059 1077 1057
f 1040 1018 1009
f 1042 1078 1009
f 1012 1079 1080
f 1062 1043 1013
f 1063 1081 1007
f 1064 1082 1083
f 1066 1084 1064
f 1081 1085 1086
f 1049 1087 1067
f 1070 1068 1049
f 1072 1071 1026
f 1074 1088 1026
f 1026 1089 1090
f 1057 1091 1089
f 1077 1075 1057
f 1057 1092 1093
f 1078 1032 1009
f 1022 1079 1012
f 1057 1094 1095
f 1064 1096 1037
f 1084 1082 1064
f 1086 1097 1081
f 1064 1057 1098
f 1069 1087 1049
f 1049 1099 1100
f 1049 1101 1102
f 1049 1103 1104
f 1013 1105 1106
f 1026 1107 1108
f 1026 1109 1110
f 1055 1111 1026
f 1090 1073 1026
f 1076 1091 1057
f 1093 1112 1057
f 1057 1009 1113
f 1080 1029 1012
f 1095 1009 1057
f 1057 1114 1115
f 1083 1096 1064
f 1064 1116 1117
f 1097 1118 1081
f 1081 1119 1120
f 1057 1121 1098
f 1057 1122 1123
f 1057 1124 1125
f 1049 1126 1052
f 1049 1127 1128
f 1102 1099 1049
f 1104 1129 1049
f 1013 1130 1131
f 1013 1132 1105
f 1108 1013 1026
f 1111 1109 1026
f 1089 1026 1057
f 1113 1092 1057
f 1013 1012 1133
f 1095 1061 1009
f 1057 1134 1135
f 1115 1136 1057
f 1064 1137 1065
f 1117 1138 1064
f 1081 1139 1140
f 1120 1085 1081
f 1081 1141 1142
f 1057 1143 1121
f 1123 1144 1057
f 1057 1145 1124
f 1057 1146 1147
f 1128 1126 1049
f 1129 1101 1049
f 1013 1148 1103
f 1106 1130 1013
f 1110 1107 1026
f 1112 1058 1057
f 1060 1012 1029
f 1136 1134 1057
f 1138 1137 1064
f 1118 1139 1081
f 1081 1149 1150
f 1142 1151 1081
f 1144 1143 1057
f 1125 1152 1057
f 1057 1153 1154
f 1057 1155 1146
f 1100 1127 1049
f 1013 1156 1148
f 1013 1157 1158
f 1108 1132 1013
f 1133 1159 1013
f 1057 1160 1161
f 1135 1162 1057
f 1057 1064 1163
f 1164 1165 1141
f 1141 1081 1166
f 1140 1007 1081
f 1151 1149 1081
f 1152 1122 1057
f 1147 1153 1057
f 1057 1051 1167
f 1103 1049 1013
f 1158 1168 1013
f 1088 1027 1026
f 1162 1160 1057
f 1163 1169 1057
f 1166 1170 1141
f 1150 1119 1081
f 1154 1145 1057
f 1051 1057 1049
f 1131 1157 1013
f 1169 1114 1057
f 1047 1064 1037
f 1167 1155 1057
f 1013 1171 1172
f 1013 1173 1165
f 1161 1094 1057
f 1098 1116 1064
f 1172 1174 1013
f 1013 1175 1173
f 1013 1176 1177
f 1013 1159 1178
f 1141 1170 1164
f 1013 1179 1171
f 1013 1180 1181
f 1165 1180 1013
f 1013 1182 1183
f 1178 1176 1013
f 1174 1044 1013
f 1165 1164 1180
f 1183 1184 1013
f 1168 1179 1013
f 1184 1175 1013
f 1181 1156 1013
f 1177 1182 1013
f 1185 1186 1187
f 1187 1188 1185
f 1189 1190 1191
f 1191 1192 1189
f 1193 1194 1195
f 1196 1193 1197
f 1198 1196 1199
f 1200 1198 1201
f 1202 1200 1203
f 1204 1202 1205
f 1206 1204 1207
f 1208 1206 1209
f 1210 1208 1211
f 1212 1210 1213
f 1214 1212 1215
f 1216 1214 1217
f 1218 1219 1220
f 1221 1218 1222
f 1223 1221 1224
f 1225 1223 1226
f 1227 1225 1228
f 1229 1227 1230
f 1231 1229 1232
f 1233 1231 1234
f 1235 1233 1236
f 1237 1235 1238
f 1239 1237 1240
f 1241 1239 1242
f 1243 1241 1244
f 1245 1243 1246
f 1247 1245 1248
f 1249 1247 1250
f 1251 1249 1252
f 1253 1251 1254
f 1255 1253 1256
f 1257 1255 1258
f 1259 1257 1260
f 1261 1259 1262
f 1263 1261 1264
f 1265 1263 1266
f 1267 1265 1268
f 1269 1267 1270
f 1271 1269 1272
f 1273 1271 1274
f 1275 1273 1276
f 1194 1275 1277
f 1278 1279 1280
f 1281 1278 1282
f 1283 1281 1284
f 1285 1283 1286
f 1287 1285 1288
f 1289 1287 1290
f 1291 1289 1292
f 1293 1291 1294
f 1295 1293 1296
f 1297 1295 1298
f 1299 1297 1300
f 1301 1299 1302
f 1303 1301 1304
f 1305 1303 1306
f 1307 1220 1308
f 1220 1219 1309
f 1309 1308 1220
f 1305 1310 1309
f 1309 1219 1305
f 1311 1312 1313
f 1312 1314 1315
f 1314 1316 1317
f 1316 1318 1319
f 1318 1320 1321
f 1320 1322 1323
f 1322 1324 1325
f 1324 1326 1327
f 1326 1328 1329
f 1328 1330 1331
f 1330 1332 1333
f 1332 1334 1335
f 1334 1336 1337
f 1336 1338 1339
f 1216 1340 1341
f 1341 1279 1216
f 1339 1338 1342
f 1342 1340 1339
f 1342 1341 1340
f 1341 1280 1279
f 1339 1337 1336
f 1337 1335 1334
f 1335 1333 1332
f 1333 1331 1330
f 1331 1329 1328
f 1329 1327 1326
f 1327 1325 1324
f 1325 1323 1322
f 1323 1321 1320
f 1321 1319 1318
f 1319 1317 1316
f 1317 1315 1314
f 1315 1313 1312
f 1313 1307 1311
f 1308 1311 1307
f 1306 1310 1305
f 1304 1306 1303
f 1302 1304 1301
f 1300 1302 1299
f 1298 1300 1297
f 1296 1298 1295
f 1294 1296 1293
f 1292 1294 1291
f 1290 1292 1289
f 1288 1290 1287
f 1286 1288 1285
f 1284 1286 1283
f 1282 1284 1281
f 1280 1282 1278
f 1277 1195 1194
f 1276 1277 1275
f 1274 1276 1273
f 1272 1274 1271
f 1270 1272 1269
f 1268 1270 1267
f 1266 1268 1265
f 1264 1266 1263
f 1262 1264 1261
f 1260 1262 1259
f 1258 1260 1257
f 1256 1258 1255
f 1254 1256 1253
f 1252 1254 1251
f 1250 1252 1249
f 1248 1250 1247
f 1246 1248 1245
f 1244 1246 1243
f 1242 1244 1241
f 1240 1242 1239
f 1238 1240 1237
f 1236 1238 1235
f 1234 1236 1233
f 1232 1234 1231
f 1230 1232 1229
f 1228 1230 1227
f 1226 1228 1225
f 1224 1226 1223
f 1222 1224 1221
f 1220 1222 1218
f 1217 1340 1216
f 1215 1217 1214
f 1213 1215 1212
f 1211 1213 1210
f 1209 1211 1208
f 1207 1209 1206
f 1205 1207 1204
f 1203 1205 1202
f 1201 1203 1200
f 1199 1201 1198
f 1197 1199 1196
f 1195 1197 1193
f 1343 1344 1345
f 1343 1346 1344
f 1343 1347 1348
f 1348 1346 1343
f 1343 1349 1350
f 1350 1347 1343
f 1343 1351 1352
f 1352 1349 1343
f 1343 1353 1354
f 1343 1355 1356
f 1354 1351 1343
f 1345 1355 1343
f 1343 1357 1358
f 1359 1360 1361
f 1343 1362 1363
f 1358 1353 1343
f 1343 1364 1365
f 1361 1343 1359
f 1356 1362 1343
f 1343 1366 1367
f 1343 1368 1369
f 1361 1364 1343
f 1367 1357 1343
f 1343 1370 1371
f 1365 1368 1343
f 1371 1366 1343
f 1343 1372 1373
f 1343 1374 1375
f 1369 1376 1343
f 1373 1370 1343
f 1376 1374 1343
f 1375 1372 1343
f 1363 1377 1343
f 1378 1379 1380
f 1380 1381 1378
f 1382 1383 1384
f 1385 1382 1386
f 1386 1387 1385
f 1388 1385 1389
f 1389 1390 1388
f 1391 1388 1392
f 1393 1391 1394
f 1394 1395 1393
f 1396 1393 1397
f 1397 1398 1396
f 1399 1396 1400
f 1400 1401 1399
f 1402 1399 1403
f 1403 1404 1402
f 1405 1406 1407
f 1407 1408 1405
f 1408 1409 1405
f 1410 1411 1409
f 1409 1412 1410
f 1412 1413 1410
f 1414 1415 1413
f 1413 1416 1414
f 1416 1417 1414
f 1418 1419 1417
f 1417 1420 1418
f 1420 1421 1418
f 1422 1423 1421
f 1421 1424 1422
f 1424 1425 1422
f 1426 1422 1425
f 1427 1426 1428
f 1428 1429 1427
f 1429 1430 1427
f 1431 1432 1430
f 1430 1433 1431
f 1433 1434 1431
f 1435 1436 1434
f 1434 1437 1435
f 1437 1438 1435
f 1436 1431 1434
f 1432 1427 1430
f 1425 1428 1426
f 1423 1418 1421
f 1419 1414 1417
f 1415 1410 1413
f 1411 1405 1409
f 1406 1402 1407
f 1404 1407 1402
f 1401 1403 1399
f 1398 1400 1396
f 1395 1397 1393
f 1392 1394 1391
f 1390 1392 1388
f 1387 1389 1385
f 1384 1386 1382
f 1439 1440 1441
f 1439 1442 1440
f 1439 1443 1442
f 1439 1444 1445
f 1439 1446 1447
f 1448 1439 1449
f 1450 1451 1452
f 1445 1443 1439
f 1439 1453 1446
f 1449 1454 1448
f 1449 1455 1456
f 1450 1457 1451
f 1447 1444 1439
f 1456 1454 1449
f 1450 1441 1457
f 1448 1453 1439
f 1441 1450 1439
f 1458 1439 1450
f 1439 1459 1449
f 1452 1460 1450
f 1450 1461 1458
f 1462 1463 1464
f 1462 1465 1463
f 1464 1466 1467
f 1468 1469 1470
f 1468 1471 1469
f 1468 1464 1471
f 1470 1472 1468
f 1472 1473 1474
f 1472 1470 1473
f 1475 1476 1477
f 1475 1474 1476
f 1477 1478 1475
f 1479 1480 1481
f 1479 1477 1480
f 1481 1482 1479
f 1483 1484 1485
f 1483 1481 1484
f 1485 1486 1483
f 1487 1488 1489
f 1487 1485 1488
f 1489 1490 1487
f 1490 1489 1491
f 1492 1491 1493
f 1493 1494 1492
f 1494 1493 1495
f 1496 1495 1497
f 1497 1498 1496
f 1498 1497 1499
f 1500 1499 1501
f 1501 1502 1500
f 1503 1504 1505
f 1503 1501 1504
f 1505 1506 1503
f 1507 1508 1509
f 1507 1505 1508
f 1509 1510 1507
f 1511 1509 1512
f 1512 1513 1511
f 1513 1512 1514
f 1515 1514 1516
f 1516 1517 1515
f 1518 1519 1520
f 1518 1516 1519
f 1520 1521 1518
f 1522 1520 1523
f 1523 1524 1522
f 1522 1521 1520
f 1518 1517 1516
f 1514 1515 1513
f 1511 1510 1509
f 1507 1506 1505
f 1503 1502 1501
f 1499 1500 1498
f 1495 1496 1494
f 1491 1492 1490
f 1487 1486 1485
f 1483 1482 1481
f 1479 1478 1477
f 1475 1525 1474
f 1474 1525 1472
f 1468 1466 1464
f 1464 1467 1462
f 1526 1527 1528
f 1526 1529 1527
f 1528 1530 1526
f 1526 1531 1532
f 1530 1533 1534
f 1530 1535 1536
f 1532 1529 1526
f 1526 1537 1538
f 1536 1533 1530
f 1530 1539 1540
f 1530 1541 1542
f 1526 1543 1531
f 1538 1544 1526
f 1526 1545 1546
f 1540 1535 1530
f 1530 1547 1548
f 1530 1549 1550
f 1528 1541 1530
f 1526 1551 1552
f 1546 1537 1526
f 1530 1553 1554
f 1548 1539 1530
f 1530 1555 1556
f 1542 1549 1530
f 1526 1557 1558
f 1544 1551 1526
f 1554 1559 1530
f 1556 1547 1530
f 1550 1560 1530
f 1526 1561 1562
f 1526 1563 1564
f 1552 1557 1526
f 1534 1553 1530
f 1530 1565 1566
f 1562 1543 1526
f 1526 1567 1568
f 1526 1569 1570
f 1558 1563 1526
f 1530 1571 1572
f 1566 1555 1530
f 1568 1561 1526
f 1526 1573 1574
f 1526 1575 1576
f 1564 1569 1526
f 1559 1571 1530
f 1530 1577 1578
f 1530 1579 1580
f 1574 1567 1526
f 1570 1575 1526
f 1526 1581 1582
f 1578 1565 1530
f 1530 1583 1584
f 1560 1579 1530
f 1526 1585 1586
f 1526 1587 1588
f 1582 1545 1526
f 1584 1577 1530
f 1530 1589 1590
f 1586 1573 1526
f 1576 1587 1526
f 1590 1583 1530
f 1588 1585 1526
f 1580 1589 1530
f 1572 1591 1530
f 1592 1593 1594
f 1594 1595 1592
f 1596 1597 1598
f 1599 1600 1596
f 1601 1602 1599
f 1599 1603 1601
f 1603 1604 1601
f 1605 1601 1604
f 1606 1605 1607
f 1608 1606 1609
f 1609 1610 1608
f 1611 1612 1610
f 1610 1613 1611
f 1613 1614 1611
f 1615 1616 1614
f 1614 1617 1615
f 1617 1618 1615
f 1619 1620 1618
f 1618 1621 1619
f 1621 1622 1619
f 1623 1624 1622
f 1622 1625 1623
f 1625 1626 1623
f 1627 1628 1626
f 1626 1629 1627
f 1629 1630 1627
f 1631 1632 1630
f 1630 1633 1631
f 1633 1634 1631
f 1635 1636 1634
f 1634 1637 1635
f 1637 1638 1635
f 1639 1640 1638
f 1638 1641 1639
f 1641 1642 1639
f 1643 1644 1642
f 1642 1645 1643
f 1645 1646 1643
f 1647 1643 1646
f 1648 1647 1649
f 1649 1650 1648
f 1650 1651 1648
f 1652 1653 1651
f 1651 1654 1652
f 1654 1655 1652
f 1656 1657 1655
f 1655 1658 1656
f 1658 1659 1656
f 1657 1652 1655
f 1653 1648 1651
f 1646 1649 1647
f 1644 1639 1642
f 1640 1635 1638
f 1636 1631 1634
f 1632 1627 1630
f 1628 1623 1626
f 1624 1619 1622
f 1620 1615 1618
f 1616 1611 1614
f 1612 1608 1610
f 1607 1609 1606
f 1604 1607 1605
f 1602 1600 1599
f 1598 1599 1596
f 1660 1661 1662
f 1660 1663 1661
f 1664 1665 1666
f 1662 1667 1660
f 1667 1668 1664
f 1662 1669 1667
f 1667 1670 1668
f 1667 1671 1672
f 1667 1673 1674
f 1669 1675 1667
f 1666 1665 1676
f 1672 1670 1667
f 1667 1677 1678
f 1675 1673 1667
f 1666 1667 1664
f 1674 1677 1667
f 1678 1671 1667
f 1676 1679 1666
f 1680 1681 1660
f 1660 1667 1680
f 1666 1682 1667
f 1683 1684 1685
f 1686 1687 1688
f 1688 1685 1686
f 1689 1690 1691
f 1691 1686 1692
f 1691 1692 1689
f 1690 1689 1693
f 1693 1694 1690
f 1695 1696 1697
f 1697 1698 1695
f 1697 1699 1698
f 1700 1699 1701
f 1701 1702 1700
f 1701 1703 1702
f 1704 1703 1705
f 1705 1706 1704
f 1704 1702 1703
f 1707 1708 1709
f 1709 1710 1707
f 1709 1711 1710
f 1712 1711 1713
f 1713 1714 1712
f 1713 1715 1714
f 1716 1717 1718
f 1718 1715 1716
f 1719 1720 1721
f 1721 1716 1719
f 1722 1723 1724
f 1724 1719 1722
f 1725 1726 1727
f 1727 1722 1725
f 1728 1729 1730
f 1730 1725 1728
f 1731 1732 1733
f 1733 1728 1731
f 1734 1735 1736
f 1736 1731 1734
f 1737 1738 1739
f 1739 1734 1737
f 1739 1735 1734
f 1736 1732 1731
f 1733 1729 1728
f 1730 1726 1725
f 1727 1723 1722
f 1724 1720 1719
f 1721 1717 1716
f 1718 1714 1715
f 1712 1710 1711
f 1707 1706 1708
f 1705 1708 1706
f 1700 1698 1699
f 1695 1694 1696
f 1693 1696 1694
f 1691 1687 1686
f 1685 1688 1683
f 1740 1741 1742
f 1742 1743 1740
f 1744 1745 1746
f 1747 1748 1749
f 1749 1746 1747
f 1750 1751 1752
f 1748 1747 1753
f 1753 1752 1748
f 1751 1750 1754
f 1754 1755 1751
f 1756 1757 1758
f 1758 1759 1756
f 1756 1755 1757
f 1760 1761 1762
f 1762 1763 1760
f 1760 1759 1761
f 1764 1765 1766
f 1766 1767 1764
f 1766 1768 1767
f 1769 1768 1770
f 1770 1771 1769
f 1769 1767 1768
f 1772 1773 1774
f 1774 1775 1772
f 1774 1776 1775
f 1777 1778 1779
f 1779 1776 1777
f 1780 1781 1782
f 1782 1777 1780
f 1783 1784 1785
f 1785 1780 1783
f 1786 1787 1788
f 1788 1783 1786
f 1789 1790 1791
f 1791 1786 1789
f 1792 1793 1794
f 1794 1789 1792
f 1795 1796 1797
f 1797 1792 1795
f 1798 1799 1800
f 1800 1795 1798
f 1800 1796 1795
f 1797 1793 1792
f 1794 1790 1789
f 1791 1787 1786
f 1788 1784 1783
f 1785 1781 1780
f 1782 1778 1777
f 1779 1775 1776
f 1772 1771 1773
f 1770 1773 1771
f 1764 1763 1765
f 1762 1765 1763
f 1758 1761 1759
f 1754 1757 1755
f 1752 1753 1750
f 1746 1749 1744
f 1801 1802 1803
f 1804 1805 1806
f 1807 1808 1809
f 1810 1811 1812
f 1810 1813 1814
f 1803 1813 1801
f 1804 1815 1805
f 1808 1816 1809
f 1808 1817 1818
f 1808 1819 1820
f 1812 1821 1810
f 1813 1810 1801
f 1822 1804 1823
f 1804 1822 1815
f 1810 1807 1824
f 1807 1825 1826
f 1807 1827 1828
f 1807 1829 1830
f 1809 1831 1807
f 1820 1817 1808
f 1814 1811 1810
f 1801 1832 1833
f 1806 1834 1804
f 1835 1836 1837
f 1826 1824 1807
f 1830 1827 1807
f 1818 1816 1808
f 1808 1838 1839
f 1833 1802 1801
f 1801 1840 1841
f 1837 1822 1835
f 1835 1842 1843
f 1828 1825 1807
f 1807 1844 1845
f 1839 1819 1808
f 1808 1846 1847
f 1810 1848 1849
f 1810 1850 1851
f 1841 1832 1801
f 1852 1835 1853
f 1843 1836 1835
f 1835 1852 1854
f 1845 1829 1807
f 1807 1855 1856
f 1807 1857 1858
f 1807 1859 1860
f 1847 1838 1808
f 1808 1861 1862
f 1849 1863 1810
f 1821 1850 1810
f 1853 1864 1852
f 1854 1842 1835
f 1856 1844 1807
f 1858 1865 1807
f 1831 1859 1807
f 1808 1866 1861
f 1810 1867 1868
f 1810 1869 1870
f 1851 1848 1810
f 1852 1871 1872
f 1823 1835 1822
f 1824 1873 1810
f 1807 1874 1875
f 1860 1857 1807
f 1862 1876 1808
f 1810 1877 1867
f 1810 1878 1879
f 1810 1880 1881
f 1810 1882 1883
f 1863 1869 1810
f 1852 1884 1885
f 1864 1871 1852
f 1873 1886 1810
f 1807 1887 1888
f 1865 1874 1807
f 1808 1889 1890
f 1876 1889 1808
f 1868 1891 1810
f 1881 1878 1810
f 1810 1892 1893
f 1870 1882 1810
f 1852 1894 1895
f 1872 1884 1852
f 1886 1896 1810
f 1807 1897 1898
f 1875 1887 1807
f 1808 1899 1900
f 1808 1901 1902
f 1866 1903 1861
f 1879 1877 1810
f 1810 1904 1905
f 1883 1892 1810
f 1801 1906 1907
f 1885 1894 1852
f 1908 1909 1910
f 1896 1911 1810
f 1888 1897 1807
f 1808 1912 1913
f 1900 1914 1808
f 1890 1901 1808
f 1891 1915 1916
f 1891 1917 1918
f 1891 1919 1920
f 1905 1880 1810
f 1810 1921 1922
f 1907 1840 1801
f 1801 1923 1924
f 1910 1852 1908
f 1908 1925 1926
f 1911 1927 1810
f 1807 1928 1929
f 1913 1846 1808
f 1808 1930 1931
f 1808 1932 1933
f 1902 1899 1808
f 1916 1934 1891
f 1920 1917 1891
f 1922 1904 1810
f 1810 1935 1936
f 1924 1906 1801
f 1801 1937 1938
f 1926 1909 1908
f 1908 1939 1940
f 1929 1855 1807
f 1807 1941 1942
f 1931 1912 1808
f 1808 1943 1944
f 1808 1945 1946
f 1914 1932 1808
f 1891 1947 1948
f 1918 1915 1891
f 1891 1949 1950
f 1936 1921 1810
f 1810 1951 1952
f 1810 1953 1954
f 1938 1923 1801
f 1939 1908 1955
f 1940 1925 1908
f 1942 1928 1807
f 1807 1956 1957
f 1807 1958 1959
f 1944 1930 1808
f 1808 1960 1961
f 1933 1945 1808
f 1948 1962 1891
f 1950 1919 1891
f 1891 1963 1964
f 1891 1965 1966
f 1952 1935 1810
f 1810 1967 1968
f 1893 1953 1810
f 1801 1969 1970
f 1895 1908 1852
f 1969 1801 1971
f 1957 1941 1807
f 1898 1958 1807
f 1808 1972 1973
f 1808 1974 1975
f 1946 1960 1808
f 1962 1976 1891
f 1964 1949 1891
f 1966 1977 1891
f 1891 1978 1979
f 1980 1981 1982
f 1968 1951 1810
f 1810 1983 1984
f 1970 1937 1801
f 1971 1939 1969
f 1927 1985 1810
f 1807 1986 1987
f 1973 1943 1808
f 1961 1974 1808
f 1934 1947 1891
f 1891 1988 1989
f 1891 1990 1991
f 1979 1965 1891
f 1981 1992 1993
f 1981 1994 1995
f 1982 1996 1980
f 1984 1967 1810
f 1955 1969 1939
f 1987 1956 1807
f 1975 1972 1808
f 1989 1963 1891
f 1891 1997 1998
f 1891 1999 2000
f 1977 1990 1891
f 1995 1992 1981
f 1981 2001 2002
f 1980 2003 1981
f 2004 2005 2006
f 1954 1983 1810
f 1959 1986 1807
f 1998 1988 1891
f 1891 2007 2008
f 1891 2009 2010
f 1991 1999 1891
f 2004 2011 2012
f 2002 1994 1981
f 1981 2013 2014
f 2003 2015 1981
f 2006 2016 2004
f 1903 2017 2018
f 1834 2005 2004
f 1985 1801 1810
f 2008 1997 1891
f 1891 2019 2020
f 1891 2021 2022
f 2000 2009 1891
f 2023 2024 2025
f 2026 2012 2027
f 2012 2026 2028
f 2029 2030 2031
f 2029 2032 2033
f 2014 2001 1981
f 1981 2034 2035
f 2015 2036 1981
f 2037 2038 2039
f 2004 2040 2041
f 2016 2042 2004
f 1903 2043 2017
f 1868 1978 1891
f 1891 2044 2045
f 2020 2007 1891
f 2010 2021 1891
f 2023 1962 2024
f 2012 2028 2004
f 2033 2030 2029
f 2035 2013 1981
f 2036 2046 1981
f 2037 1981 2038
f 2042 2040 2004
f 2004 1804 1834
f 1808 2047 2048
f 2045 1808 1891
f 1891 1976 2049
f 2022 2019 1891
f 2025 2050 2023
f 2031 2026 2029
f 2029 2051 2052
f 2046 2034 1981
f 2017 2043 2037
f 2041 2053 2004
f 1805 2054 1806
f 2048 2055 1808
f 2045 2056 1808
f 1962 2023 1976
f 2050 2057 2058
f 1805 2059 2060
f 2052 2032 2029
f 2029 2061 2062
f 2039 2017 2037
f 2018 1861 1903
f 2056 2047 1808
f 2050 2058 2023
f 1805 2063 2064
f 1805 2065 2059
f 2066 2067 2068
f 2062 2051 2029
f 2029 2069 2070
f 2053 2071 2004
f 2049 2044 1891
f 2060 2063 1805
f 2068 2072 2066
f 2070 2061 2029
f 2029 2073 2074
f 2055 1866 1808
f 1805 2075 2065
f 2057 2050 2076
f 2066 2077 2067
f 2074 2069 2029
f 2029 2078 2079
f 2080 2081 2082
f 2064 2054 1805
f 1805 2083 2084
f 1805 2085 2086
f 2076 2087 2057
f 2088 2087 2089
f 2066 2090 2077
f 2079 2073 2029
f 2082 2029 2080
f 2084 2075 1805
f 2086 2091 1805
f 2087 2088 2092
f 2089 2093 2088
f 2068 2094 2072
f 2082 2078 2029
f 2004 2095 2096
f 2091 2083 1805
f 2093 2097 2088
f 2085 1805 2072
f 2066 2098 2090
f 2097 2093 2099
f 2096 2011 2004
f 2004 2071 2100
f 2087 2092 2057
f 2094 2101 2072
f 1996 2102 2098
f 2103 2104 2105
f 2099 2103 2097
f 2100 2095 2004
f 2072 2101 2085
f 1996 2106 2102
f 2099 2104 2103
f 1993 2038 1981
f 1996 1982 2106
f 2081 2107 2103
f 2081 2080 2108
f 2098 2066 1996
f 2108 2107 2081
f 2105 2081 2103
f 2027 2029 2026
f 2109 2110 2111
f 2111 2112 2109
f 2113 2114 2115
f 2113 2116 2117
f 2113 2118 2119
f 2115 2120 2113
f 2119 2116 2113
f 2113 2121 2122
f 2123 2124 2125
f 2113 2126 2127
f 2117 2114 2113
f 2113 2128 2129
f 2121 2130 2122
f 2123 2131 2124
f 2127 2132 2113
f 2129 2118 2113
f 2113 2133 2134
f 2122 2135 2113
f 2136 2123 2137
f 2123 2138 2139
f 2123 2140 2141
f 2125 2142 2123
f 2132 2143 2113
f 2134 2128 2113
f 2135 2144 2113
f 2123 2145 2137
f 2141 2138 2123
f 2123 2146 2147
f 2142 2146 2123
f 2120 2126 2113
f 2113 2148 2149
f 2144 2150 2113
f 2139 2145 2123
f 2123 2151 2152
f 2131 2153 2124
f 2149 2133 2113
f 2113 2154 2155
f 2150 2156 2113
f 2152 2140 2123
f 2123 2157 2158
f 2147 2159 2123
f 2155 2148 2113
f 2113 2160 2161
f 2156 2162 2113
f 2121 2163 2164
f 2121 2165 2166
f 2136 2167 2168
f 2158 2151 2123
f 2123 2169 2170
f 2159 2171 2123
f 2161 2154 2113
f 2113 2172 2173
f 2162 2174 2113
f 2166 2163 2121
f 2168 2165 2136
f 2175 2176 2177
f 2170 2157 2123
f 2123 2178 2179
f 2171 2180 2123
f 2173 2160 2113
f 2174 2181 2113
f 2164 2182 2121
f 2136 2183 2167
f 2184 2185 2175
f 2186 2187 2188
f 2189 2190 2191
f 2192 2193 2194
f 2192 2195 2196
f 2179 2169 2123
f 2123 2197 2198
f 2180 2199 2123
f 2181 2172 2113
f 2200 2132 2201
f 2165 2121 2136
f 2177 2184 2175
f 2202 2203 2204
f 2188 2205 2206
f 2207 2176 2186
f 2191 2186 2189
f 2196 2193 2192
f 2192 2208 2209
f 2192 2210 2211
f 2198 2178 2123
f 2123 2212 2213
f 2199 2214 2123
f 2113 2215 2216
f 2113 2217 2218
f 2132 2200 2143
f 2201 2219 2200
f 2220 2221 2222
f 2223 2224 2225
f 2182 2226 2121
f 2204 2185 2202
f 2202 2227 2228
f 2188 2229 2230
f 2206 2231 2188
f 2176 2232 2233
f 2176 2207 2234
f 2186 2235 2187
f 2189 2236 2190
f 2237 2238 2189
f 2210 2237 2239
f 2209 2195 2192
f 2192 2240 2241
f 2211 2242 2192
f 2153 2243 2244
f 2213 2197 2123
f 2214 2245 2123
f 2123 2246 2247
f 2216 2123 2113
f 2143 2217 2113
f 2219 2248 2200
f 2249 2248 2250
f 2225 2220 2223
f 2223 2251 2252
f 2121 2253 2254
f 2121 2255 2256
f 2226 2257 2121
f 2228 2203 2202
f 2202 2258 2259
f 2230 2260 2188
f 2188 2261 2205
f 2188 2262 2263
f 2233 2264 2176
f 2188 2207 2186
f 2191 2265 2186
f 2189 2266 2237
f 2239 2267 2210
f 2241 2208 2192
f 2242 2268 2192
f 2269 2270 2271
f 2153 2272 2243
f 2245 2212 2123
f 2247 2273 2123
f 2218 2215 2113
f 2248 2249 2274
f 2250 2275 2249
f 2252 2224 2223
f 2256 2253 2121
f 2121 2276 2277
f 2257 2278 2121
f 2136 2279 2280
f 2258 2202 2281
f 2259 2227 2202
f 2282 2136 2283
f 2136 2284 2285
f 2231 2229 2188
f 2188 2286 2262
f 2188 2287 2288
f 2176 2289 2290
f 2234 2232 2176
f 2189 2238 2236
f 2267 2211 2210
f 2268 2240 2192
f 2269 2192 2270
f 2291 2292 2293
f 2244 2124 2153
f 2273 2131 2123
f 2248 2274 2200
f 2275 2294 2295
f 2296 2297 2298
f 2223 2299 2251
f 2223 2300 2301
f 2277 2255 2121
f 2121 2302 2303
f 2278 2304 2121
f 2280 2305 2136
f 2136 2306 2307
f 2184 2202 2185
f 2308 2309 2310
f 2285 2283 2136
f 2188 2311 2312
f 2263 2261 2188
f 2188 2187 2287
f 2264 2289 2176
f 2266 2239 2237
f 2271 2292 2269
f 2291 2313 2292
f 2137 2284 2136
f 2275 2295 2249
f 2294 2275 2314
f 2298 2315 2296
f 2301 2299 2223
f 2223 2316 2317
f 2303 2276 2121
f 2121 2318 2319
f 2304 2320 2121
f 2136 2321 2279
f 2307 2322 2136
f 2310 2258 2308
f 2308 2323 2324
f 2283 2325 2282
f 2188 2326 2327
f 2260 2311 2188
f 2290 2177 2176
f 2194 2270 2192
f 2293 2243 2291
f 2216 2246 2123
f 2314 2297 2294
f 2298 2328 2315
f 2317 2300 2223
f 2223 2329 2330
f 2319 2302 2121
f 2121 2331 2332
f 2305 2183 2136
f 2136 2333 2306
f 2324 2309 2308
f 2308 2334 2335
f 2325 2336 2282
f 2188 2337 2338
f 2312 2326 2188
f 2188 2339 2340
f 2188 2341 2342
f 2265 2235 2186
f 2272 2291 2243
f 2328 2343 2315
f 2343 2344 2345
f 2330 2316 2223
f 2223 2346 2347
f 2223 2348 2349
f 2332 2318 2121
f 2121 2350 2351
f 2322 2321 2136
f 2136 2282 2352
f 2334 2308 2353
f 2335 2323 2308
f 2336 2354 2282
f 2327 2337 2188
f 2342 2339 2188
f 2313 2269 2292
f 2345 2315 2343
f 2347 2329 2223
f 2349 2355 2223
f 2344 2343 2348
f 2351 2331 2121
f 2121 2356 2357
f 2320 2358 2121
f 2352 2359 2136
f 2281 2308 2258
f 2282 2360 2361
f 2354 2362 2282
f 2188 2363 2221
f 2340 2286 2188
f 2297 2296 2294
f 2355 2346 2223
f 2348 2223 2364
f 2357 2350 2121
f 2359 2333 2136
f 2361 2334 2282
f 2362 2365 2282
f 2221 2220 2366
f 2188 2367 2368
f 2288 2341 2188
f 2348 2364 2344
f 2358 2356 2121
f 2365 2360 2282
f 2368 2363 2188
f 2222 2223 2220
f 2353 2282 2334
f 2338 2367 2188
f 2221 2366 2188
f 2254 2130 2121
f 2369 2370 2371
f 2372 2369 2373
f 2374 2372 2375
f 2376 2374 2377
f 2378 2376 2379
f 2380 2378 2381
f 2382 2380 2383
f 2384 2382 2385
f 2386 2384 2387
f 2388 2386 2389
f 2390 2388 2391
f 2392 2390 2393
f 2394 2392 2395
f 2396 2397 2398
f 2399 2400 2401
f 2399 2402 2400
f 2401 2403 2399
f 2399 2398 2402
f 2404 2403 2405
f 2403 2406 2407
f 2407 2405 2403
f 2404 2408 2409
f 2404 2410 2408
f 2409 2411 2404
f 2404 2412 2410
f 2413 2414 2415
f 2415 2416 2413
f 2416 2417 2413
f 2411 2418 2414
f 2414 2413 2411
f 2417 2419 2413
f 2420 2421 2422
f 2420 2413 2423
f 2423 2424 2420
f 2413 2425 2423
f 2424 2421 2420
f 2426 2427 2428
f 2428 2429 2426
f 2426 2420 2430
f 2430 2431 2426
f 2431 2427 2426
f 2432 2433 2434
f 2434 2435 2432
f 2432 2426 2436
f 2436 2437 2432
f 2437 2433 2432
f 2438 2439 2440
f 2440 2441 2438
f 2438 2432 2442
f 2442 2443 2438
f 2443 2439 2438
f 2444 2445 2446
f 2444 2447 2448
f 2444 2449 2450
f 2450 2447 2444
f 2444 2438 2451
f 2451 2449 2444
f 2448 2445 2444
f 2452 2453 2454
f 2452 2444 2455
f 2455 2456 2452
f 2456 2457 2452
f 2457 2453 2452
f 2458 2459 2460
f 2458 2461 2462
f 2458 2452 2463
f 2463 2461 2458
f 2462 2459 2458
f 2464 2465 2466
f 2464 2458 2467
f 2467 2468 2464
f 2468 2465 2464
f 2466 2469 2464
f 2470 2471 2472
f 2472 2473 2470
f 2470 2464 2474
f 2474 2475 2470
f 2475 2471 2470
f 2473 2476 2470
f 2477 2478 2479
f 2477 2470 2480
f 2480 2481 2477
f 2481 2478 2477
f 2479 2482 2477
f 2483 2484 2485
f 2483 2486 2487
f 2487 2484 2483
f 2483 2488 2489
f 2489 2486 2483
f 2483 2490 2491
f 2491 2492 2483
f 2492 2488 2483
f 2483 2493 2494
f 2394 2495 2493
f 2493 2483 2394
f 2495 2496 2497
f 2495 2498 2496
f 2495 2499 2500
f 2500 2498 2495
f 2497 2493 2495
f 2495 2501 2502
f 2502 2499 2495
f 2495 2503 2504
f 2495 2505 2506
f 2495 2477 2507
f 2507 2505 2495
f 2506 2503 2495
f 2504 2501 2495
f 2494 2490 2483
f 2483 2508 2509
f 2483 2510 2511
f 2511 2508 2483
f 2483 2512 2513
f 2513 2510 2483
f 2514 2515 2516
f 2516 2517 2514
f 2514 2518 2519
f 2514 2509 2520
f 2520 2518 2514
f 2519 2515 2514
f 2517 2521 2522
f 2517 2523 2521
f 2517 2524 2525
f 2525 2523 2517
f 2526 2527 2528
f 2528 2529 2526
f 2526 2530 2531
f 2531 2527 2526
f 2526 2522 2530
f 2529 2532 2533
f 2529 2534 2532
f 2529 2535 2536
f 2536 2534 2529
f 2537 2538 2539
f 2537 2540 2538
f 2537 2541 2542
f 2542 2543 2537
f 2543 2544 2537
f 2544 2540 2537
f 2537 2533 2541
f 2545 2546 2547
f 2545 2548 2546
f 2545 2539 2549
f 2549 2550 2545
f 2550 2548 2545
f 2551 2552 2553
f 2551 2554 2555
f 2555 2552 2551
f 2551 2547 2556
f 2556 2557 2551
f 2557 2554 2551
f 2558 2559 2560
f 2558 2561 2562
f 2562 2559 2558
f 2558 2553 2563
f 2563 2561 2558
f 2564 2565 2566
f 2566 2567 2564
f 2568 2569 2565
f 2565 2564 2568
f 2568 2560 2569
f 2570 2564 2571
f 2571 2572 2570
f 2564 2573 2571
f 2572 2574 2570
f 2574 2575 2570
f 2564 2576 2573
f 2570 2577 2578
f 2578 2579 2570
f 2578 2580 2579
f 2580 2581 2579
f 2582 2583 2584
f 2579 2585 2583
f 2583 2582 2579
f 2586 2582 2587
f 2587 2588 2586
f 2582 2589 2587
f 2588 2590 2586
f 2591 2586 2592
f 2370 2593 2594
f 2594 2371 2370
f 2592 2595 2591
f 2590 2592 2586
f 2584 2589 2582
f 2581 2585 2579
f 2575 2577 2570
f 2567 2576 2564
f 2560 2568 2558
f 2553 2558 2551
f 2547 2551 2545
f 2539 2545 2537
f 2533 2537 2529
f 2528 2535 2529
f 2522 2526 2517
f 2516 2524 2517
f 2509 2514 2483
f 2485 2512 2483
f 2482 2507 2477
f 2476 2480 2470
f 2469 2474 2464
f 2460 2467 2458
f 2454 2463 2452
f 2446 2455 2444
f 2441 2451 2438
f 2435 2442 2432
f 2429 2436 2426
f 2422 2430 2420
f 2419 2425 2413
f 2409 2418 2411
f 2405 2412 2404
f 2401 2406 2403
f 2398 2399 2396
f 2395 2495 2394
f 2393 2395 2392
f 2391 2393 2390
f 2389 2391 2388
f 2387 2389 2386
f 2385 2387 2384
f 2383 2385 2382
f 2381 2383 2380
f 2379 2381 2378
f 2377 2379 2376
f 2375 2377 2374
f 2373 2375 2372
f 2371 2373 2369
f 2596 2597 2598
f 2599 2596 2600
f 2601 2599 2602
f 2603 2601 2604
f 2605 2603 2606
f 2607 2605 2608
f 2609 2607 2610
f 2611 2609 2612
f 2613 2611 2614
f 2615 2613 2616
f 2617 2615 2618
f 2619 2617 2620
f 2621 2619 2622
f 2623 2621 2624
f 2625 2626 2627
f 2628 2629 2630
f 2628 2631 2629
f 2630 2632 2628
f 2628 2627 2631
f 2633 2632 2634
f 2632 2635 2636
f 2636 2634 2632
f 2633 2637 2638
f 2633 2639 2640
f 2640 2637 2633
f 2638 2641 2633
f 2641 2642 2643
f 2643 2644 2641
f 2643 2645 2644
f 2641 2646 2647
f 2647 2642 2641
f 2648 2649 2650
f 2648 2644 2651
f 2651 2652 2648
f 2652 2649 2648
f 2644 2653 2651
f 2654 2655 2656
f 2654 2657 2658
f 2654 2659 2657
f 2648 2660 2659
f 2659 2654 2648
f 2658 2655 2654
f 2661 2662 2663
f 2661 2654 2664
f 2664 2665 2661
f 2665 2666 2661
f 2666 2662 2661
f 2667 2668 2669
f 2669 2670 2667
f 2667 2661 2671
f 2671 2672 2667
f 2672 2668 2667
f 2673 2674 2675
f 2673 2676 2674
f 2673 2677 2676
f 2673 2667 2678
f 2678 2679 2673
f 2679 2677 2673
f 2675 2680 2673
f 2681 2682 2683
f 2681 2673 2684
f 2684 2685 2681
f 2685 2686 2681
f 2686 2682 2681
f 2687 2688 2689
f 2687 2690 2688
f 2687 2681 2691
f 2691 2690 2687
f 2689 2692 2687
f 2693 2694 2695
f 2693 2687 2696
f 2696 2697 2693
f 2697 2694 2693
f 2698 2699 2700
f 2698 2701 2702
f 2702 2703 2698
f 2698 2693 2704
f 2704 2701 2698
f 2703 2699 2698
f 2705 2706 2707
f 2705 2708 2709
f 2705 2698 2710
f 2710 2708 2705
f 2709 2706 2705
f 2598 2711 2712
f 2598 2713 2714
f 2714 2711 2598
f 2598 2715 2716
f 2716 2713 2598
f 2598 2717 2718
f 2598 2719 2720
f 2598 2721 2722
f 2598 2597 2721
f 2722 2719 2598
f 2597 2723 2724
f 2724 2721 2597
f 2720 2725 2598
f 2597 2726 2727
f 2727 2728 2597
f 2597 2729 2730
f 2597 2731 2732
f 2597 2705 2733
f 2733 2734 2597
f 2734 2731 2597
f 2732 2729 2597
f 2730 2726 2597
f 2728 2723 2597
f 2725 2717 2598
f 2718 2715 2598
f 2735 2736 2737
f 2735 2738 2739
f 2739 2736 2735
f 2740 2712 2738
f 2738 2735 2740
f 2735 2741 2742
f 2735 2743 2741
f 2735 2744 2745
f 2735 2746 2747
f 2747 2744 2735
f 2745 2743 2735
f 2748 2749 2750
f 2748 2751 2749
f 2748 2752 2753
f 2753 2751 2748
f 2748 2742 2752
f 2754 2755 2756
f 2754 2757 2755
f 2754 2750 2758
f 2758 2757 2754
f 2759 2760 2761
f 2759 2762 2760
f 2759 2763 2764
f 2764 2762 2759
f 2759 2756 2763
f 2765 2766 2767
f 2765 2768 2766
f 2765 2769 2768
f 2765 2770 2771
f 2765 2761 2770
f 2771 2769 2765
f 2772 2773 2774
f 2772 2775 2776
f 2776 2777 2772
f 2777 2778 2772
f 2778 2773 2772
f 2772 2767 2775
f 2779 2780 2781
f 2779 2782 2780
f 2779 2783 2784
f 2779 2774 2785
f 2785 2783 2779
f 2784 2782 2779
f 2786 2787 2788
f 2786 2789 2787
f 2786 2790 2791
f 2786 2781 2790
f 2791 2789 2786
f 2792 2793 2794
f 2795 2796 2793
f 2793 2792 2795
f 2795 2788 2797
f 2797 2796 2795
f 2798 2792 2799
f 2799 2800 2798
f 2800 2801 2798
f 2792 2802 2803
f 2803 2799 2792
f 2804 2798 2805
f 2805 2806 2804
f 2806 2807 2804
f 2798 2808 2805
f 2809 2804 2810
f 2804 2811 2810
f 2810 2812 2809
f 2813 2814 2815
f 2813 2809 2816
f 2809 2817 2818
f 2818 2816 2809
f 2816 2814 2813
f 2819 2813 2820
f 2820 2821 2819
f 2815 2820 2813
f 2812 2817 2809
f 2807 2811 2804
f 2801 2808 2798
f 2794 2802 2792
f 2788 2795 2786
f 2781 2786 2779
f 2774 2779 2772
f 2767 2772 2765
f 2761 2765 2759
f 2756 2759 2754
f 2750 2754 2748
f 2742 2748 2735
f 2737 2746 2735
f 2712 2740 2598
f 2707 2733 2705
f 2700 2710 2698
f 2695 2704 2693
f 2692 2696 2687
f 2683 2691 2681
f 2680 2684 2673
f 2670 2678 2667
f 2663 2671 2661
f 2656 2664 2654
f 2650 2660 2648
f 2645 2653 2644
f 2638 2646 2641
f 2634 2639 2633
f 2630 2635 2632
f 2627 2628 2625
f 2624 2822 2623
f 2622 2624 2621
f 2620 2622 2619
f 2618 2620 2617
f 2616 2618 2615
f 2614 2616 2613
f 2612 2614 2611
f 2610 2612 2609
f 2608 2610 2607
f 2606 2608 2605
f 2604 2606 2603
f 2602 2604 2601
f 2600 2602 2599
f 2598 2600 2596
f 2823 2824 2825
f 2825 2826 2823
f 2827 2828 2829
f 2829 2830 2827
f 2831 2832 2833
f 2834 2831 2835
f 2836 2834 2837
f 2838 2836 2839
f 2840 2841 2842
f 2843 2840 2844
f 2845 2843 2846
f 2847 2845 2848
f 2849 2847 2850
f 2851 2849 2852
f 2853 2851 2854
f 2855 2853 2856
f 2857 2855 2858
f 2859 2857 2860
f 2861 2859 2862
f 2863 2861 2864
f 2865 2863 2866
f 2867 2865 2868
f 2869 2867 2870
f 2871 2869 2872
f 2873 2871 2874
f 2875 2873 2876
f 2877 2875 2878
f 2879 2877 2880
f 2881 2879 2882
f 2832 2881 2883
f 2884 2885 2886
f 2884 2887 2888
f 2888 2889 2884
f 2884 2890 2887
f 2889 2885 2884
f 2884 2891 2892
f 2892 2893 2884
f 2893 2890 2884
f 2894 2895 2896
f 2896 2884 2894
f 2896 2891 2884
f 2897 2898 2899
f 2897 2900 2901
f 2901 2898 2897
f 2899 2902 2897
f 2897 2903 2904
f 2884 2905 2903
f 2903 2897 2884
f 2904 2900 2897
f 2906 2907 2908
f 2908 2909 2906
f 2909 2910 2906
f 2910 2911 2906
f 2906 2912 2913
f 2897 2914 2912
f 2912 2906 2897
f 2913 2907 2906
f 2915 2916 2917
f 2917 2918 2915
f 2906 2919 2920
f 2920 2915 2906
f 2920 2921 2915
f 2921 2916 2915
f 2922 2923 2924
f 2922 2925 2926
f 2926 2927 2922
f 2927 2923 2922
f 2915 2928 2929
f 2929 2922 2915
f 2929 2925 2922
f 2930 2931 2932
f 2932 2933 2930
f 2922 2934 2931
f 2931 2930 2922
f 2935 2936 2937
f 2937 2938 2935
f 2930 2939 2936
f 2936 2935 2930
f 2940 2941 2942
f 2935 2943 2944
f 2944 2940 2935
f 2944 2941 2940
f 2945 2946 2947
f 2945 2948 2946
f 2940 2949 2948
f 2948 2945 2940
f 2950 2951 2952
f 2952 2953 2950
f 2945 2954 2951
f 2951 2950 2945
f 2955 2956 2957
f 2950 2958 2956
f 2956 2955 2950
f 2959 2960 2961
f 2955 2962 2963
f 2963 2959 2955
f 2963 2960 2959
f 2964 2965 2966
f 2964 2959 2967
f 2967 2965 2964
f 2968 2964 2969
f 2969 2970 2968
f 2970 2971 2968
f 2971 2972 2968
f 2973 2974 2975
f 2973 2968 2976
f 2976 2977 2973
f 2977 2974 2973
f 2978 2979 2980
f 2979 2981 2980
f 2973 2982 2979
f 2979 2978 2973
f 2978 2983 2984
f 2978 2985 2983
f 2984 2986 2978
f 2986 2987 2988
f 2986 2989 2987
f 2988 2990 2986
f 2991 2992 2993
f 2990 2994 2995
f 2995 2991 2990
f 2995 2992 2991
f 2996 2997 2998
f 2991 2999 2997
f 2997 2996 2991
f 3000 3001 3002
f 3000 3003 3004
f 2996 3005 3003
f 3003 3000 2996
f 3004 3001 3000
f 3006 3000 3007
f 3007 3008 3006
f 3008 3009 3006
f 3010 3011 3012
f 3010 3006 3013
f 3013 3014 3010
f 3014 3011 3010
f 3015 3016 3017
f 3017 3018 3015
f 3015 3010 3019
f 3019 3016 3015
f 3018 3020 3015
f 3021 3022 3023
f 3021 3015 3024
f 3024 3025 3021
f 3025 3022 3021
f 3026 3027 3028
f 3028 3029 3026
f 3026 3021 3030
f 3030 3027 3026
f 3029 3031 3026
f 3032 3033 3034
f 3032 3035 3033
f 3032 3026 3036
f 3036 3037 3032
f 3037 3038 3032
f 3038 3035 3032
f 3039 3040 3041
f 3039 3042 3040
f 3039 3043 3044
f 3044 3045 3039
f 3039 3032 3046
f 3046 3047 3039
f 3047 3043 3039
f 3045 3042 3039
f 3048 3049 3050
f 3048 3051 3052
f 3048 3053 3054
f 3054 3051 3048
f 3048 3039 3055
f 3055 3056 3048
f 3056 3053 3048
f 3052 3049 3048
f 3057 3058 3059
f 3057 3060 3061
f 3061 3062 3057
f 3057 3048 3063
f 3063 3064 3057
f 3064 3060 3057
f 3062 3058 3057
f 3065 3066 3067
f 3065 3068 3069
f 3069 3070 3065
f 3070 3066 3065
f 3065 3071 3072
f 3072 3068 3065
f 3065 3073 3074
f 3074 3075 3065
f 2838 3076 3073
f 3073 3065 2838
f 3075 3071 3065
f 2838 3077 3078
f 3077 3079 3080
f 3080 3078 3077
f 3077 3081 3082
f 3082 3079 3077
f 3077 3083 3084
f 3077 3085 3083
f 3084 3081 3077
f 3078 3076 2838
f 3077 3086 3087
f 3077 3057 3088
f 3088 3086 3077
f 3087 3085 3077
f 3065 3089 3090
f 3090 3091 3065
f 3065 3092 3093
f 3065 3094 3095
f 3095 3092 3065
f 3093 3089 3065
f 3065 3096 3097
f 3097 3098 3065
f 3098 3094 3065
f 3091 3099 3100
f 3100 3101 3091
f 3091 3102 3103
f 3103 3104 3091
f 3104 3099 3091
f 3091 3105 3106
f 3106 3107 3091
f 3107 3102 3091
f 3101 3108 3109
f 3101 3110 3111
f 3111 3112 3101
f 3112 3108 3101
f 3101 3113 3114
f 3114 3115 3101
f 3115 3110 3101
f 3116 3117 3118
f 3116 3119 3120
f 3120 3117 3116
f 3116 3121 3122
f 3116 3109 3123
f 3123 3121 3116
f 3122 3119 3116
f 3124 3125 3126
f 3126 3127 3124
f 3124 3128 3129
f 3129 3125 3124
f 3124 3118 3128
f 3127 3130 3131
f 3127 3132 3130
f 3127 3133 3134
f 3134 3132 3127
f 3135 3136 3137
f 3135 3138 3139
f 3139 3136 3135
f 3135 3131 3138
f 3140 3141 3142
f 3142 3143 3140
f 3140 3137 3144
f 3144 3141 3140
f 3143 3145 3146
f 3143 3147 3148
f 3148 3145 3143
f 3149 3150 3151
f 3151 3152 3149
f 3149 3153 3150
f 3149 3146 3154
f 3154 3153 3149
f 3152 3155 3156
f 3152 3157 3155
f 3156 3158 3152
f 3159 3160 3161
f 3158 3162 3163
f 3163 3159 3158
f 3163 3160 3159
f 3164 3159 3165
f 3165 3166 3164
f 3166 3167 3164
f 3168 3169 3170
f 3168 3164 3171
f 3171 3169 3168
f 3172 3173 3174
f 3172 3175 3176
f 3168 3177 3175
f 3175 3172 3168
f 3176 3173 3172
f 3172 3178 3179
f 3172 3180 3178
f 3172 3181 3180
f 3182 3183 3184
f 3184 3185 3182
f 3186 3179 3183
f 3183 3182 3186
f 3182 3187 3188
f 3182 3189 3190
f 3190 3187 3182
f 3191 3192 3193
f 3193 3194 3191
f 3192 3188 3195
f 3195 3193 3192
f 3196 3197 3198
f 3191 3199 3197
f 3197 3196 3191
f 3200 3201 3202
f 3202 3203 3200
f 3200 3196 3204
f 3204 3201 3200
f 3205 3206 3207
f 3205 3200 3208
f 3208 3206 3205
f 3207 3209 3205
f 3210 3211 3212
f 3210 3205 3213
f 3213 3214 3210
f 3214 3211 3210
f 3215 3216 3217
f 3215 3210 3218
f 3218 3219 3215
f 3219 3216 3215
f 3217 3220 3215
f 3221 3222 3223
f 3221 3215 3224
f 3224 3225 3221
f 3225 3222 3221
f 3226 3227 3228
f 3226 3229 3230
f 3230 3231 3226
f 3226 3221 3232
f 3232 3233 3226
f 3233 3229 3226
f 3231 3227 3226
f 3234 3235 3236
f 3236 3237 3234
f 3234 3226 3238
f 3238 3239 3234
f 3239 3240 3234
f 3240 3235 3234
f 3241 3242 3243
f 3241 3244 3245
f 3241 3246 3247
f 3247 3244 3241
f 3241 3234 3248
f 3248 3246 3241
f 3245 3242 3241
f 3249 3250 3251
f 3249 3252 3253
f 3253 3254 3249
f 3249 3241 3255
f 3255 3256 3249
f 3256 3257 3249
f 3257 3252 3249
f 3254 3250 3249
f 3258 3259 3260
f 3260 3261 3258
f 3261 3262 3258
f 3258 3263 3264
f 3264 3265 3258
f 3265 3266 3258
f 3258 3249 3267
f 3267 3268 3258
f 3268 3263 3258
f 3266 3259 3258
f 2894 3269 3270
f 2894 3271 3269
f 2842 2841 3272
f 3272 2894 2842
f 2841 3273 3274
f 3274 3275 2841
f 3275 3272 2841
f 3272 3271 2894
f 2841 3258 3276
f 3276 3277 2841
f 3277 3273 2841
f 3270 3278 2894
f 3278 2895 2894
f 3262 3276 3258
f 3251 3267 3249
f 3243 3255 3241
f 3237 3248 3234
f 3228 3238 3226
f 3223 3232 3221
f 3220 3224 3215
f 3212 3218 3210
f 3209 3213 3205
f 3203 3208 3200
f 3198 3204 3196
f 3194 3199 3191
f 3188 3192 3182
f 3185 3189 3182
f 3179 3186 3172
f 3174 3181 3172
f 3170 3177 3168
f 3167 3171 3164
f 3161 3165 3159
f 3156 3162 3158
f 3151 3157 3152
f 3146 3149 3143
f 3142 3147 3143
f 3137 3140 3135
f 3131 3135 3127
f 3126 3133 3127
f 3118 3124 3116
f 3109 3116 3101
f 3100 3113 3101
f 3090 3105 3091
f 3067 3096 3065
f 3059 3088 3057
f 3050 3063 3048
f 3041 3055 3039
f 3034 3046 3032
f 3031 3036 3026
f 3023 3030 3021
f 3020 3024 3015
f 3012 3019 3010
f 3009 3013 3006
f 3002 3007 3000
f 2998 3005 2996
f 2993 2999 2991
f 2988 2994 2990
f 2984 2989 2986
f 2980 2985 2978
f 2975 2982 2973
f 2972 2976 2968
f 2966 2969 2964
f 2961 2967 2959
f 2957 2962 2955
f 2953 2958 2950
f 2947 2954 2945
f 2942 2949 2940
f 2938 2943 2935
f 2933 2939 2930
f 2924 2934 2922
f 2918 2928 2915
f 2911 2919 2906
f 2902 2914 2897
f 2886 2905 2884
f 2883 2833 2832
f 2882 2883 2881
f 2880 2882 2879
f 2878 2880 2877
f 2876 2878 2875
f 2874 2876 2873
f 2872 2874 2871
f 2870 2872 2869
f 2868 2870 2867
f 2866 2868 2865
f 2864 2866 2863
f 2862 2864 2861
f 2860 2862 2859
f 2858 2860 2857
f 2856 2858 2855
f 2854 2856 2853
f 2852 2854 2851
f 2850 2852 2849
f 2848 2850 2847
f 2846 2848 2845
f 2844 2846 2843
f 2842 2844 2840
f 2839 3077 2838
f 2837 2839 2836
f 2835 2837 2834
f 2833 2835 2831
f 3279 3280 3281
f 3281 3282 3279
f 3283 3284 3285
f 3284 3286 3285
f 3287 3288 3289
f 3284 3289 3288
f 3288 3286 3284
f 3290 3291 3292
f 3293 3291 3290
f 3290 3294 3293
f 3294 3287 3293
f 3292 3295 3290
f 3296 3297 3298
f 3296 3299 3297
f 3298 3300 3296
f 3301 3302 3303
f 3302 3304 3303
f 3305 3306 3307
f 3306 3308 3307
f 3309 3310 3311
f 3312 3313 3314
f 3314 3315 3312
f 3314 3316 3315
f 3317 3318 3319
f 3318 3320 3319
f 3321 3322 3323
f 3322 3324 3323
f 3325 3326 3327
f 3327 3328 3325
f 3329 3330 3331
f 3332 3333 3334
f 3333 3335 3334
f 3336 3337 3338
f 3337 3339 3338
f 3340 3341 3342
f 3342 3343 3340
f 3344 3345 3346
f 3345 3343 3347
f 3347 3346 3345
f 3348 3349 3350
f 3349 3351 3350
f 3344 3352 3348
f 3348 3353 3344
f 3351 3354 3355
f 3351 3349 3354
f 3355 3356 3351
f 3357 3358 3359
f 3360 3361 3358
f 3358 3357 3360
f 3359 3356 3357
f 3362 3363 3364
f 3361 3365 3366
f 3366 3364 3361
f 3367 3368 3369
f 3368 3370 3371
f 3371 3369 3368
f 3363 3362 3367
f 3372 3370 3373
f 3370 3368 3374
f 3374 3373 3370
f 3375 3376 3377
f 3378 3379 3376
f 3376 3375 3378
f 3378 3372 3379
f 3380 3381 3382
f 3381 3383 3382
f 3382 3384 3380
f 3385 3386 3387
f 3383 3388 3389
f 3389 3387 3383
f 3383 3381 3388
f 3390 3386 3391
f 3391 3392 3390
f 3393 3394 3390
f 3386 3385 3391
f 3395 3396 3397
f 3393 3397 3396
f 3396 3394 3393
f 3398 3399 3400
f 3395 3401 3399
f 3399 3398 3395
f 3400 3402 3398
f 3403 3404 3405
f 3402 3406 3403
f 3403 3407 3402
f 3408 3405 3409
f 3405 3404 3409
f 3410 3411 3412
f 3408 3413 3414
f 3414 3411 3408
f 3414 3412 3411
f 3415 3416 3417
f 3415 3410 3418
f 3418 3416 3415
f 3417 3419 3415
f 3420 3421 3422
f 3419 3423 3424
f 3424 3422 3419
f 3421 3425 3426
f 3421 3420 3425
f 3426 3427 3421
f 3428 3429 3430
f 3431 3430 3429
f 3429 3427 3431
f 3432 3428 3433
f 3434 3435 3432
f 3433 3434 3432
f 3428 3436 3433
f 3437 3438 3439
f 3435 3440 3441
f 3441 3439 3435
f 3438 3442 3443
f 3438 3437 3442
f 3443 3444 3438
f 3445 3446 3447
f 3447 3448 3445
f 3445 3449 3446
f 3449 3444 3446
f 3450 3451 3452
f 3451 3448 3453
f 3453 3452 3451
f 3448 3454 3453
f 3455 3456 3457
f 3458 3450 3459
f 3457 3456 3458
f 3450 3460 3459
f 3459 3457 3458
f 3455 3461 3462
f 3462 3463 3455
f 3464 3465 3466
f 3466 3465 3463
f 3463 3467 3466
f 3468 3469 3470
f 3471 3472 3473
f 3474 3472 3471
f 3471 3464 3474
f 3473 3470 3471
f 3475 3476 3477
f 3477 3478 3475
f 3469 3468 3478
f 3478 3477 3469
f 3479 3480 3481
f 3481 3482 3479
f 3479 3476 3480
f 3483 3484 3485
f 3485 3486 3483
f 3483 3482 3484
f 3487 3488 3489
f 3489 3490 3487
f 3489 3491 3490
f 3486 3492 3490
f 3493 3494 3495
f 3494 3496 3495
f 3488 3487 3496
f 3496 3494 3488
f 3497 3498 3499
f 3498 3500 3499
f 3501 3502 3503
f 3504 3505 3506
f 3507 3508 3509
f 3508 3510 3509
f 3508 3511 3510
f 3512 3513 3514
f 3513 3515 3514
f 3516 3517 3518
f 3518 3519 3516
f 3518 3520 3519
f 3521 3522 3523
f 3524 3523 3522
f 3522 3525 3524
f 3526 3527 3528
f 3527 3529 3528
f 3530 3531 3532
f 3533 3532 3531
f 3531 3534 3533
f 3535 3536 3537
f 3536 3538 3537
f 3539 3540 3541
f 3542 3543 3544
f 3544 3545 3542
f 3546 3541 3545
f 3545 3547 3546
f 3548 3549 3550
f 3542 3550 3551
f 3550 3549 3551
f 3551 3543 3542
f 3552 3548 3553
f 3554 3555 3556
f 3557 3556 3555
f 3555 3558 3557
f 3558 3552 3557
f 3559 3299 3560
f 3299 3296 3560
f 3308 3306 3561
f 3561 3302 3308
f 3562 3310 3309
f 3562 3563 3564
f 3564 3565 3562
f 3309 3563 3562
f 3566 3567 3311
f 3313 3312 3568
f 3568 3569 3313
f 3320 3318 3570
f 3571 3570 3324
f 3324 3322 3571
f 3328 3572 3573
f 3573 3574 3328
f 3330 3329 3575
f 3326 3576 3577
f 3577 3575 3326
f 3326 3325 3576
f 3578 3579 3580
f 3581 3331 3580
f 3580 3579 3581
f 3335 3333 3582
f 3582 3337 3335
f 3583 3584 3585
f 3341 3340 3584
f 3584 3583 3341
f 3500 3498 3586
f 3586 3587 3500
f 3588 3502 3501
f 3501 3589 3588
f 3505 3590 3591
f 3505 3504 3590
f 3591 3592 3505
f 3593 3503 3594
f 3594 3592 3593
f 3595 3506 3596
f 3596 3597 3595
f 3511 3508 3598
f 3598 3513 3511
f 3599 3519 3600
f 3519 3520 3600
f 3525 3517 3601
f 3602 3603 3604
f 3605 3604 3603
f 3603 3521 3605
f 3529 3527 3533
f 3538 3536 3606
f 3606 3607 3538
f 3608 3540 3609
f 3540 3539 3609
f 3535 3610 3608
f 3608 3611 3535
f 3609 3611 3608
f 3606 3530 3607
f 3533 3534 3529
f 3604 3526 3602
f 3601 3524 3525
f 3600 3512 3599
f 3598 3515 3513
f 3596 3507 3597
f 3591 3593 3592
f 3589 3497 3588
f 3586 3493 3587
f 3585 3336 3583
f 3582 3339 3337
f 3580 3332 3578
f 3575 3577 3330
f 3573 3321 3574
f 3570 3571 3320
f 3568 3317 3569
f 3311 3315 3566
f 3564 3305 3565
f 3561 3304 3302
f 3560 3301 3559
f 3556 3612 3554
f 3553 3557 3552
f 3550 3553 3548
f 3544 3547 3545
f 3541 3546 3539
f 3537 3610 3535
f 3532 3607 3530
f 3528 3602 3526
f 3523 3605 3521
f 3516 3601 3517
f 3514 3599 3512
f 3509 3597 3507
f 3506 3595 3504
f 3503 3593 3501
f 3499 3588 3497
f 3495 3587 3493
f 3491 3486 3490
f 3485 3492 3486
f 3481 3484 3482
f 3475 3480 3476
f 3470 3473 3468
f 3466 3474 3464
f 3462 3467 3463
f 3457 3461 3455
f 3452 3460 3450
f 3447 3454 3448
f 3443 3446 3444
f 3439 3441 3437
f 3434 3440 3435
f 3430 3436 3428
f 3426 3431 3427
f 3422 3424 3420
f 3417 3423 3419
f 3412 3418 3410
f 3409 3413 3408
f 3405 3407 3403
f 3400 3406 3402
f 3397 3401 3395
f 3392 3393 3390
f 3387 3389 3385
f 3384 3375 3380
f 3377 3380 3375
f 3373 3379 3372
f 3369 3363 3367
f 3364 3366 3362
f 3360 3365 3361
f 3355 3357 3356
f 3350 3353 3348
f 3346 3352 3344
f 3342 3347 3343
f 3338 3583 3336
f 3334 3578 3332
f 3331 3581 3329
f 3327 3572 3328
f 3323 3574 3321
f 3319 3569 3317
f 3316 3566 3315
f 3311 3567 3309
f 3307 3565 3305
f 3303 3559 3301
f 3298 3295 3300
f 3292 3300 3295
f 3289 3293 3287
f 3285 3613 3283
f 3614 3615 3616
f 3616 3617 3614
f 3618 3619 3620
f 3619 3621 3620
f 3622 3623 3624
f 3619 3624 3623
f 3623 3621 3619
f 3625 3626 3627
f 3627 3628 3625
f 3627 3629 3628
f 3629 3622 3628
f 3630 3631 3632
f 3631 3633 3632
f 3632 3634 3630
f 3635 3636 3637
f 3636 3638 3639
f 3639 3637 3636
f 3640 3641 3642
f 3641 3643 3642
f 3644 3645 3646
f 3647 3648 3649
f 3649 3650 3647
f 3649 3651 3650
f 3652 3653 3654
f 3655 3656 3657
f 3658 3659 3657
f 3657 3656 3658
f 3660 3661 3662
f 3662 3663 3660
f 3664 3665 3666
f 3667 3668 3669
f 3668 3670 3669
f 3671 3672 3673
f 3673 3674 3671
f 3675 3676 3674
f 3677 3678 3679
f 3677 3680 3678
f 3679 3681 3677
f 3682 3683 3684
f 3684 3685 3682
f 3686 3687 3688
f 3688 3689 3686
f 3686 3690 3687
f 3682 3685 3687
f 3687 3690 3682
f 3691 3692 3693
f 3689 3694 3695
f 3695 3693 3689
f 3696 3697 3698
f 3691 3697 3696
f 3696 3692 3691
f 3698 3699 3696
f 3700 3701 3702
f 3702 3703 3700
f 3704 3705 3706
f 3706 3707 3704
f 3708 3703 3709
f 3709 3707 3708
f 3703 3702 3709
f 3710 3711 3712
f 3705 3704 3713
f 3713 3712 3705
f 3711 3714 3715
f 3711 3710 3714
f 3715 3716 3711
f 3717 3718 3719
f 3718 3717 3720
f 3720 3721 3718
f 3720 3722 3721
f 3723 3724 3725
f 3725 3726 3723
f 3721 3722 3726
f 3727 3728 3729
f 3724 3730 3731
f 3731 3729 3724
f 3727 3732 3728
f 3724 3723 3730
f 3733 3732 3734
f 3734 3735 3733
f 3732 3727 3734
f 3736 3737 3738
f 3738 3739 3736
f 3736 3733 3737
f 3740 3741 3742
f 3739 3743 3744
f 3744 3742 3739
f 3745 3746 3747
f 3748 3741 3749
f 3749 3745 3748
f 3741 3740 3749
f 3750 3747 3751
f 3752 3753 3750
f 3751 3752 3750
f 3747 3746 3751
f 3753 3754 3755
f 3755 3756 3753
f 3757 3758 3759
f 3760 3758 3756
f 3756 3761 3760
f 3760 3759 3758
f 3762 3763 3764
f 3764 3765 3762
f 3757 3766 3763
f 3763 3762 3757
f 3765 3767 3768
f 3769 3770 3771
f 3770 3772 3771
f 3772 3770 3773
f 3773 3768 3772
f 3774 3775 3776
f 3775 3777 3776
f 3777 3775 3769
f 3769 3778 3777
f 3779 3780 3781
f 3782 3781 3780
f 3780 3774 3782
f 3783 3784 3785
f 3783 3786 3784
f 3785 3787 3783
f 3788 3789 3790
f 3788 3791 3789
f 3790 3792 3788
f 3791 3788 3787
f 3787 3785 3791
f 3793 3794 3795
f 3796 3794 3797
f 3794 3798 3797
f 3794 3793 3798
f 3797 3792 3796
f 3799 3800 3801
f 3800 3802 3801
f 3803 3804 3805
f 3802 3806 3807
f 3807 3805 3802
f 3802 3800 3806
f 3808 3809 3810
f 3803 3810 3809
f 3809 3804 3803
f 3811 3812 3813
f 3808 3814 3815
f 3815 3812 3808
f 3815 3813 3812
f 3816 3817 3818
f 3817 3819 3820
f 3817 3816 3819
f 3820 3821 3817
f 3820 3811 3821
f 3822 3816 3823
f 3824 3825 3822
f 3826 3827 3828
f 3828 3829 3826
f 3826 3830 3827
f 3825 3824 3829
f 3831 3832 3833
f 3830 3833 3832
f 3832 3827 3830
f 3834 3835 3836
f 3835 3837 3836
f 3838 3839 3840
f 3839 3841 3840
f 3842 3843 3844
f 3845 3846 3847
f 3848 3849 3845
f 3850 3851 3852
f 3853 3854 3855
f 3855 3852 3853
f 3856 3857 3858
f 3858 3857 3859
f 3859 3860 3858
f 3858 3861 3856
f 3862 3863 3864
f 3865 3866 3867
f 3868 3869 3870
f 3870 3871 3868
f 3872 3871 3873
f 3873 3874 3872
f 3875 3876 3877
f 3878 3879 3880
f 3881 3882 3883
f 3880 3883 3884
f 3883 3882 3884
f 3884 3885 3880
f 3886 3887 3888
f 3888 3887 3889
f 3881 3890 3891
f 3891 3889 3881
f 3889 3891 3888
f 3892 3893 3894
f 3893 3895 3894
f 3896 3897 3898
f 3893 3898 3897
f 3897 3895 3893
f 3899 3633 3900
f 3633 3631 3900
f 3641 3638 3901
f 3638 3636 3901
f 3902 3903 3904
f 3645 3644 3903
f 3903 3902 3645
f 3650 3651 3905
f 3905 3646 3650
f 3654 3653 3906
f 3648 3907 3908
f 3908 3906 3648
f 3659 3658 3909
f 3909 3910 3659
f 3655 3911 3912
f 3912 3913 3655
f 3665 3664 3914
f 3914 3915 3665
f 3661 3660 3915
f 3916 3670 3668
f 3668 3917 3916
f 3918 3666 3916
f 3916 3919 3918
f 3667 3920 3676
f 3680 3677 3921
f 3921 3671 3680
f 3922 3837 3923
f 3837 3835 3924
f 3924 3923 3837
f 3925 3834 3926
f 3834 3927 3926
f 3843 3842 3928
f 3928 3929 3843
f 3841 3839 3929
f 3846 3930 3931
f 3932 3930 3933
f 3933 3844 3932
f 3932 3931 3930
f 3849 3848 3854
f 3861 3851 3850
f 3863 3862 3934
f 3934 3935 3863
f 3936 3937 3938
f 3867 3866 3936
f 3864 3938 3937
f 3937 3939 3864
f 3865 3940 3941
f 3941 3874 3865
f 3875 3869 3868
f 3879 3878 3942
f 3942 3943 3879
f 3943 3944 3945
f 3945 3877 3943
f 3942 3944 3943
f 3868 3876 3875
f 3941 3872 3874
f 3938 3867 3936
f 3934 3860 3935
f 3850 3856 3861
f 3854 3853 3849
f 3931 3847 3846
f 3928 3841 3929
f 3926 3838 3925
f 3923 3831 3922
f 3921 3672 3671
f 3676 3675 3667
f 3917 3919 3916
f 3914 3661 3915
f 3912 3663 3913
f 3909 3652 3910
f 3906 3908 3654
f 3905 3946 3646
f 3904 3640 3902
f 3901 3643 3641
f 3900 3635 3899
f 3898 3947 3896
f 3894 3886 3892
f 3888 3892 3886
f 3883 3890 3881
f 3880 3885 3878
f 3877 3945 3875
f 3870 3873 3871
f 3867 3940 3865
f 3864 3939 3862
f 3859 3935 3860
f 3852 3855 3850
f 3847 3848 3845
f 3844 3933 3842
f 3840 3925 3838
f 3836 3927 3834
f 3833 3922 3831
f 3828 3825 3829
f 3823 3824 3822
f 3818 3823 3816
f 3813 3821 3811
f 3810 3814 3808
f 3805 3807 3803
f 3801 3793 3799
f 3795 3799 3793
f 3790 3796 3792
f 3783 3779 3786
f 3781 3786 3779
f 3776 3782 3774
f 3771 3778 3769
f 3768 3773 3765
f 3764 3767 3765
f 3759 3766 3757
f 3755 3761 3756
f 3752 3754 3753
f 3747 3748 3745
f 3742 3744 3740
f 3738 3743 3739
f 3735 3737 3733
f 3729 3731 3727
f 3725 3721 3726
f 3719 3716 3717
f 3715 3717 3716
f 3712 3713 3710
f 3706 3708 3707
f 3700 3699 3701
f 3698 3701 3699
f 3693 3695 3691
f 3688 3694 3689
f 3683 3681 3684
f 3679 3684 3681
f 3673 3675 3674
f 3669 3920 3667
f 3666 3918 3664
f 3662 3913 3663
f 3657 3911 3655
f 3654 3910 3652
f 3647 3907 3648
f 3646 3946 3644
f 3642 3902 3640
f 3637 3899 3635
f 3634 3626 3630
f 3625 3630 3626
f 3624 3628 3622
f 3620 3948 3618
