v 0 1.62265705e-18 0
v 0.0263446551 -0.00286515406 0
v 0.0258804448 -0.00569671672 0
v 0.0251128096 -0.00846149027 0
v 0.024050748 -0.0111270612 0
v 0.0227067154 -0.0136621771 0
v 0.0210964661 -0.0160371158 0
v 0.0192388799 -0.0182240363 0
v 0.0171557367 -0.0201972947 0
v 0.0148714576 -0.0219337586 0
v 0.0124128237 -0.0234130695 0
v 0.00980866142 -0.0246178824 0
v 0.00708950078 -0.0255340748 0
v 0.00428722287 -0.0261509027 0
v 0.00143468112 -0.0264611356 0
v -0.00143468112 -0.0264611356 0
v -0.00428722287 -0.0261509027 0
v -0.00708950078 -0.0255340748 0
v -0.00980866142 -0.0246178824 0
v -0.0124128237 -0.0234130695 0
v -0.0148714576 -0.0219337586 0
v -0.0171557367 -0.0201972947 0
v -0.0192388799 -0.0182240363 0
v -0.0210964661 -0.0160371158 0
v -0.0227067154 -0.0136621771 0
v -0.024050748 -0.0111270612 0
v -0.0251128096 -0.00846149027 0
v -0.0258804448 -0.00569671672 0
v -0.0263446551 -0.00286515406 0
v -0.0264999997 1.62265705e-18 0
v -0.0263446551 0.00286515406 0
v -0.0258804448 0.00569671672 0
v -0.0251128096 0.00846149027 0
v -0.024050748 0.0111270612 0
v -0.0227067154 0.0136621771 0
v -0.0210964661 0.0160371158 0
v -0.0192388799 0.0182240363 0
v -0.0171557367 0.0201972947 0
v -0.0148714576 0.0219337586 0
v -0.0124128237 0.0234130695 0
v -0.00980866142 0.0246178824 0
v -0.00708950078 0.0255340748 0
v -0.00428722287 0.0261509027 0
v -0.00143468112 0.0264611356 0
v 0.00143468112 0.0264611356 0
v 0.00428722287 0.0261509027 0
v 0.00708950078 0.0255340748 0
v 0.00980866142 0.0246178824 0
v 0.0124128237 0.0234130695 0
v 0.0148714576 0.0219337586 0
v 0.0171557367 0.0201972947 0
v 0.0192388799 0.0182240363 0
v 0.0210964661 0.0160371158 0
v 0.0227067154 0.0136621771 0
v 0.024050748 0.0111270612 0
v 0.0251128096 0.00846149027 0
v 0.0258804448 0.00569671672 0
v 0.0263446551 0.00286515406 0
v 0.0264999997 4.86797114e-18 0
v -0.0264999997 1.62265705e-18 0
v -0.0264999997 1.62265705e-18 0.0359999985
v -0.0263446551 0.00286515406 0.0359999985
v -0.0263446551 0.00286515406 0
v -0.0258804448 0.00569671672 0.0359999985
v -0.0258804448 0.00569671672 0
v -0.0251128096 0.00846149027 0.0359999985
v -0.0251128096 0.00846149027 0
v -0.024050748 0.0111270612 0.0359999985
v -0.024050748 0.0111270612 0
v -0.0227067154 0.0136621771 0.0359999985
v -0.0227067154 0.0136621771 0
v -0.0210964661 0.0160371158 0.0359999985
v -0.0210964661 0.0160371158 0
v -0.0192388799 0.0182240363 0.0359999985
v -0.0192388799 0.0182240363 0
v -0.0171557367 0.0201972947 0.0359999985
v -0.0171557367 0.0201972947 0
v -0.0148714576 0.0219337586 0.0359999985
v -0.0148714576 0.0219337586 0
v -0.0124128237 0.0234130695 0.0359999985
v -0.0124128237 0.0234130695 0
v -0.00980866142 0.0246178824 0.0359999985
v -0.00980866142 0.0246178824 0
v -0.00708950078 0.0255340748 0.0359999985
v -0.00708950078 0.0255340748 0
v -0.00428722287 0.0261509027 0.0359999985
v -0.00428722287 0.0261509027 0
v -0.00143468112 0.0264611356 0.0359999985
v -0.00143468112 0.0264611356 0
v 0.00143468112 0.0264611356 0.0359999985
v 0.00143468112 0.0264611356 0
v 0.00428722287 0.0261509027 0.0359999985
v 0.00428722287 0.0261509027 0
v 0.00708950078 0.0255340748 0.0359999985
v 0.00708950078 0.0255340748 0
v 0.00980866142 0.0246178824 0.0359999985
v 0.00980866142 0.0246178824 0
v 0.0124128237 0.0234130695 0.0359999985
v 0.0124128237 0.0234130695 0
v 0.0148714576 0.0219337586 0.0359999985
v 0.0148714576 0.0219337586 0
v 0.0171557367 0.0201972947 0.0359999985
v 0.0171557367 0.0201972947 0
v 0.0192388799 0.0182240363 0.0359999985
v 0.0192388799 0.0182240363 0
v 0.0210964661 0.0160371158 0.0359999985
v 0.0210964661 0.0160371158 0
v 0.0227067154 0.0136621771 0.0359999985
v 0.0227067154 0.0136621771 0
v 0.024050748 0.0111270612 0.0359999985
v 0.024050748 0.0111270612 0
v 0.0251128096 0.00846149027 0.0359999985
v 0.0251128096 0.00846149027 0
v 0.0258804448 0.00569671672 0.0359999985
v 0.0258804448 0.00569671672 0
v 0.0263446551 0.00286515406 0.0359999985
v 0.0263446551 0.00286515406 0
v 0.0264999997 1.13585993e-17 0.0359999985
v 0.0264999997 4.86797114e-18 0
v 0.0263446551 -0.00286515406 0.0359999985
v 0.0263446551 -0.00286515406 0
v 0.0258804448 -0.00569671672 0.0359999985
v 0.0258804448 -0.00569671672 0
v 0.0251128096 -0.00846149027 0.0359999985
v 0.0251128096 -0.00846149027 0
v 0.024050748 -0.0111270612 0.0359999985
v 0.024050748 -0.0111270612 0
v 0.0227067154 -0.0136621771 0.0359999985
v 0.0227067154 -0.0136621771 0
v 0.0210964661 -0.0160371158 0.0359999985
v 0.0210964661 -0.0160371158 0
v 0.0192388799 -0.0182240363 0.0359999985
v 0.0192388799 -0.0182240363 0
v 0.0171557367 -0.0201972947 0.0359999985
v 0.0171557367 -0.0201972947 0
v 0.0148714576 -0.0219337586 0.0359999985
v 0.0148714576 -0.0219337586 0
v 0.0124128237 -0.0234130695 0.0359999985
v 0.0124128237 -0.0234130695 0
v 0.00980866142 -0.0246178824 0.0359999985
v 0.00980866142 -0.0246178824 0
v 0.00708950078 -0.0255340748 0.0359999985
v 0.00708950078 -0.0255340748 0
v 0.00428722287 -0.0261509027 0.0359999985
v 0.00428722287 -0.0261509027 0
v 0.00143468112 -0.0264611356 0.0359999985
v 0.00143468112 -0.0264611356 0
v -0.00143468112 -0.0264611356 0.0359999985
v -0.00143468112 -0.0264611356 0
v -0.00428722287 -0.0261509027 0.0359999985
v -0.00428722287 -0.0261509027 0
v -0.00708950078 -0.0255340748 0.0359999985
v -0.00708950078 -0.0255340748 0
v -0.00980866142 -0.0246178824 0.0359999985
v -0.00980866142 -0.0246178824 0
v -0.0124128237 -0.0234130695 0.0359999985
v -0.0124128237 -0.0234130695 0
v -0.0148714576 -0.0219337586 0.0359999985
v -0.0148714576 -0.0219337586 0
v -0.0171557367 -0.0201972947 0.0359999985
v -0.0171557367 -0.0201972947 0
v -0.0192388799 -0.0182240363 0.0359999985
v -0.0192388799 -0.0182240363 0
v -0.0210964661 -0.0160371158 0.0359999985
v -0.0210964661 -0.0160371158 0
v -0.0227067154 -0.0136621771 0.0359999985
v -0.0227067154 -0.0136621771 0
v -0.024050748 -0.0111270612 0.0359999985
v -0.024050748 -0.0111270612 0
v -0.0251128096 -0.00846149027 0.0359999985
v -0.0251128096 -0.00846149027 0
v -0.0258804448 -0.00569671672 0.0359999985
v -0.0258804448 -0.00569671672 0
v -0.0263446551 -0.00286515406 0.0359999985
v -0.0263446551 -0.00286515406 0
v 0.0193882547 0.0124208555 0.0359999985
v -0.00708950078 0.0255340748 0.0359999985
v 0.00684755575 0.0171860699 0.0359999985
v -0.0195331816 0.0126617262 0.0359999985
v -0.0194541886 0.0125452196 0.0359999985
v -0.00684755575 0.0171860699 0.0359999985
v -0.0196243096 0.012769009 0.0359999985
v -0.00980866142 0.0246178824 0.0359999985
v -0.018067481 -0.00397695322 0.0359999985
v -0.0206384845 0.0105769066 0.0359999985
v -0.0207784194 0.0105921254 0.0359999985
v 0.0198385604 0.0129509959 0.0359999985
v 0.0199181028 0.0130008329 0.0359999985
v 0.0148714576 0.0219337586 0.0359999985
v 0.00494927447 0.0178256743 0.0359999985
v -0.0197265018 0.0128658107 0.0359999985
v -0.0211770348 0.0107264342 0.0359999985
v -0.0212181024 0.0107491668 0.0359999985
v -0.0263446551 0.00286515406 0.0359999985
v -0.0263446551 -0.00286515406 0.0359999985
v -0.0175315831 -0.00590707827 0.0359999985
v -0.0158518571 -0.0095377462 0.0359999985
v -0.016790146 -0.00776794832 0.0359999985
v -0.0119766463 -0.0140999984 0.0359999985
v -0.0134309167 -0.0127224401 0.0359999985
v -0.00103492104 -0.0229632743 0.0359999985
v -0.0103819603 -0.015312246 0.0359999985
v -0.0258804448 -0.00569671672 0.0359999985
v -0.0251128096 -0.00846149027 0.0359999985
v -0.0011139143 -0.0230797809 0.0359999985
v -0.024050748 -0.0111270612 0.0359999985
v -0.0227067154 -0.0136621771 0.0359999985
v 0.0210964661 0.0160371158 0.0359999985
v 0.0209158901 0.0131276147 0.0359999985
v 0.0210492834 0.01308267 0.0359999985
v 0.0206384845 0.0131730931 0.0359999985
v 0.0207784194 0.0131578743 0.0359999985
v 0.0199591722 0.0130235655 0.0359999985
v 0.0200869236 0.01308267 0.0359999985
v 0.0171557367 0.0201972947 0.0359999985
v 0.0124128237 0.0234130695 0.0359999985
v 0.0195331816 0.0126617262 0.0359999985
v 0.0196243096 0.012769009 0.0359999985
v 0.00708950078 0.0255340748 0.0359999985
v 0.0192984957 0.0121544618 0.0359999985
v 0.0193361547 0.0122900922 0.0359999985
v -0.00100156979 0.0184728689 0.0359999985
v 0.00100156979 0.0184728689 0.0359999985
v -0.0199591722 0.0130235655 0.0359999985
v -0.0148714576 0.0219337586 0.0359999985
v -0.0171557367 0.0201972947 0.0359999985
v -0.0200869236 0.01308267 0.0359999985
v -0.0192388799 0.0182240363 0.0359999985
v -0.0264999997 1.62265705e-18 0.0359999985
v -0.0210492834 0.0106673306 0.0359999985
v -0.0147277219 -0.011195723 0.0359999985
v -0.000943794148 -0.0228559915 0.0359999985
v -0.000841602159 -0.0227591898 0.0359999985
v -0.00494927447 -0.0178256743 0.0359999985
v 0.0204977226 0.0131730931 0.0359999985
v 0.0197265018 0.0128658107 0.0359999985
v 0.00980866142 0.0246178824 0.0359999985
v 0.00428722287 0.0261509027 0.0359999985
v 0.0194541886 0.0125452196 0.0359999985
v 0.00143468112 0.0264611356 0.0359999985
v -0.0193361547 0.0122900922 0.0359999985
v -0.0192984957 0.0121544618 0.0359999985
v -0.0119766463 0.0140999984 0.0359999985
v 0.00299296691 0.0182562899 0.0359999985
v -0.00299296691 0.0182562899 0.0359999985
v -0.00494927447 0.0178256743 0.0359999985
v 0.0192681029 0.0118749999 0.0359999985
v 0.0134309167 0.0127224401 0.0359999985
v 0.0147277219 0.011195723 0.0359999985
v -0.0202203169 0.0131276147 0.0359999985
v -0.0204977226 0.0131730931 0.0359999985
v -0.0203577876 0.0131578743 0.0359999985
v -0.0212976467 0.0107990047 0.0359999985
v -0.0214097053 0.010884189 0.0359999985
v -0.0258804448 0.00569671672 0.0359999985
v -0.00866555609 -0.016344972 0.0359999985
v -0.00684755575 -0.0171860699 0.0359999985
v -0.0011798481 -0.0232041441 0.0359999985
v -0.0210964661 -0.0160371158 0.0359999985
v -0.00123194908 -0.0233349074 0.0359999985
v -0.0192388799 -0.0182240363 0.0359999985
v -0.0171557367 -0.0201972947 0.0359999985
v -0.00129237934 -0.0236094445 0.0359999985
v -0.0148714576 -0.0219337586 0.0359999985
v -0.0124128237 -0.0234130695 0.0359999985
v -0.0013 -0.0237499997 0.0359999985
v -0.00980866142 -0.0246178824 0.0359999985
v -0.00129237934 -0.0238905549 0.0359999985
v -0.00708950078 -0.0255340748 0.0359999985
v 0.0227067154 0.0136621771 0.0359999985
v 0.0214097053 0.0128658107 0.0359999985
v 0.0215118974 0.012769009 0.0359999985
v 0.0192388799 0.0182240363 0.0359999985
v 0.0202203169 0.0131276147 0.0359999985
v 0.0203577876 0.0131578743 0.0359999985
v -0.00143468112 0.0264611356 0.0359999985
v -0.0193882547 0.0124208555 0.0359999985
v -0.0103819603 0.015312246 0.0359999985
v -0.00866555609 0.016344972 0.0359999985
v 0.0192757249 0.0117344456 0.0359999985
v -0.0210964661 0.0160371158 0.0359999985
v 0.0200869236 0.0106673306 0.0359999985
v 0.0199591722 0.0107264342 0.0359999985
v 0.0175315831 0.00590707827 0.0359999985
v -0.00123194908 -0.024165092 0.0359999985
v -0.00126960676 -0.0240294617 0.0359999985
v -0.00428722287 -0.0261509027 0.0359999985
v -0.00143468112 -0.0264611356 0.0359999985
v -0.000841602159 -0.0247408114 0.0359999985
v -0.000608930946 -0.0248985663 0.0359999985
v -0.000729543157 -0.0248259958 0.0359999985
v 0.024050748 0.0111270612 0.0359999985
v 0.0218000524 0.0122900922 0.0359999985
v 0.0216030236 0.0126617262 0.0359999985
v 0.0211770348 0.0130235655 0.0359999985
v -0.00428722287 0.0261509027 0.0359999985
v 0.0192984957 0.0115955388 0.0359999985
v 0.0103819603 0.015312246 0.0359999985
v 0.0119766463 0.0140999984 0.0359999985
v 0.00866555609 0.016344972 0.0359999985
v -0.0206384845 0.0131730931 0.0359999985
v -0.0209158901 0.0131276147 0.0359999985
v -0.0207784194 0.0131578743 0.0359999985
v 0.018067481 0.00397695322 0.0359999985
v 0.0202203169 0.010622385 0.0359999985
v 0.0204977226 0.0105769066 0.0359999985
v 0.0203577876 0.0105921254 0.0359999985
v -0.0209158901 0.010622385 0.0359999985
v -0.000729543157 -0.0226740036 0.0359999985
v -0.00126960676 -0.0234705377 0.0359999985
v -0.0011139143 -0.0244202204 0.0359999985
v -0.0011798481 -0.0242958553 0.0359999985
v 0.0217479505 0.0124208555 0.0359999985
v 0.0216820184 0.0125452196 0.0359999985
v 0.0212976467 0.0129509959 0.0359999985
v 0.0192757249 0.0120155551 0.0359999985
v -0.0124128237 0.0234130695 0.0359999985
v -0.0198385604 0.0129509959 0.0359999985
v -0.0211770348 0.0130235655 0.0359999985
v -0.0210492834 0.01308267 0.0359999985
v -0.0227067154 0.0136621771 0.0359999985
v -0.0216030236 0.0126617262 0.0359999985
v -0.0215118974 0.012769009 0.0359999985
v 0.0183915514 0.00200020173 0.0359999985
v 0.0185000002 5.02105208e-18 0.0359999985
v 0.0264999997 1.13585993e-17 0.0359999985
v 0.0207784194 0.0105921254 0.0359999985
v 0.0215118974 0.0109809907 0.0359999985
v 0.0258804448 0.00569671672 0.0359999985
v 0.0251128096 0.00846149027 0.0359999985
v 0.0217479505 0.0113291442 0.0359999985
v -0.0215118974 0.0109809907 0.0359999985
v -0.0216030236 0.0110882735 0.0359999985
v -0.0251128096 0.00846149027 0.0359999985
v -0.0183915514 -0.00200020173 0.0359999985
v -0.0202203169 0.010622385 0.0359999985
v -0.0203577876 0.0105921254 0.0359999985
v -0.0199591722 0.0107264342 0.0359999985
v -0.0200869236 0.0106673306 0.0359999985
v -0.000943794148 -0.0246440098 0.0359999985
v -0.0198385604 0.0107990047 0.0359999985
v -0.0175315831 0.00590707827 0.0359999985
v -0.016790146 0.00776794832 0.0359999985
v -0.0158518571 0.0095377462 0.0359999985
v -0.0194541886 0.0112047801 0.0359999985
v -0.0195331816 0.0110882735 0.0359999985
v -0.0147277219 0.011195723 0.0359999985
v -0.0192984957 0.0115955388 0.0359999985
v -0.0193361547 0.0114599084 0.0359999985
v -0.0212976467 0.0129509959 0.0359999985
v -0.0216820184 0.0125452196 0.0359999985
v -0.024050748 0.0111270612 0.0359999985
v -0.0218377095 0.0121544618 0.0359999985
v -0.0218000524 0.0122900922 0.0359999985
v -0.0218604822 0.0117344456 0.0359999985
v -0.0218681041 0.0118749999 0.0359999985
v 0.0158518571 0.0095377462 0.0359999985
v 0.016790146 0.00776794832 0.0359999985
v 0.0195331816 0.0110882735 0.0359999985
v 0.0197265018 0.010884189 0.0359999985
v 0.0196243096 0.0109809907 0.0359999985
v 0.0209158901 0.010622385 0.0359999985
v 0.0211770348 0.0107264342 0.0359999985
v 0.0210492834 0.0106673306 0.0359999985
v 0.0216820184 0.0112047801 0.0359999985
v 0.0216030236 0.0110882735 0.0359999985
v 0.0218377095 0.0115955388 0.0359999985
v 0.0218000524 0.0114599084 0.0359999985
v -0.000481179595 -0.0225423295 0.0359999985
v -0.000347786845 -0.0224973857 0.0359999985
v -0.00100156979 -0.0184728689 0.0359999985
v -0.000608930946 -0.022601435 0.0359999985
v -0.00299296691 -0.0182562899 0.0359999985
v -0.0204977226 0.0105769066 0.0359999985
v -0.00103492104 -0.024536727 0.0359999985
v -0.0197265018 0.010884189 0.0359999985
v -0.0183915514 0.00200020173 0.0359999985
v -0.018067481 0.00397695322 0.0359999985
v 0.00103492104 -0.0229632743 0.0359999985
v 0.0263446551 -0.00286515406 0.0359999985
v 0.0119766463 -0.0140999984 0.0359999985
v -0.0214097053 0.0128658107 0.0359999985
v -0.0217479505 0.0124208555 0.0359999985
v -0.0218377095 0.0115955388 0.0359999985
v 0.0193361547 0.0114599084 0.0359999985
v 0.0198385604 0.0107990047 0.0359999985
v 0.0206384845 0.0105769066 0.0359999985
v 0.0263446551 0.00286515406 0.0359999985
v 0.0212976467 0.0107990047 0.0359999985
v -0.0217479505 0.0113291442 0.0359999985
v -0.0218000524 0.0114599084 0.0359999985
v -0.0185000002 2.75545525e-18 0.0359999985
v -0.0196243096 0.0109809907 0.0359999985
v -0.0193882547 0.0113291442 0.0359999985
v 0.00299296691 -0.0182562899 0.0359999985
v 0.00100156979 -0.0184728689 0.0359999985
v 0.000608930946 -0.022601435 0.0359999985
v 0.00684755575 -0.0171860699 0.0359999985
v 0.00494927447 -0.0178256743 0.0359999985
v 0.0134309167 -0.0127224401 0.0359999985
v 0.016790146 -0.00776794832 0.0359999985
v 0.0158518571 -0.0095377462 0.0359999985
v -0.0218604822 0.0120155551 0.0359999985
v 0.0193882547 0.0113291442 0.0359999985
v 0.0194541886 0.0112047801 0.0359999985
v 0.0214097053 0.010884189 0.0359999985
v -0.0216820184 0.0112047801 0.0359999985
v -0.0192681029 0.0118749999 0.0359999985
v -0.0192757249 0.0117344456 0.0359999985
v 0.00428722287 -0.0261509027 0.0359999985
v 0.0011798481 -0.0242958553 0.0359999985
v 0.0011139143 -0.0244202204 0.0359999985
v 0.00123194908 -0.024165092 0.0359999985
v 0.00123194908 -0.0233349074 0.0359999985
v 0.00126960676 -0.0234705377 0.0359999985
v 0.0171557367 -0.0201972947 0.0359999985
v 0.0011139143 -0.0230797809 0.0359999985
v 0.0011798481 -0.0232041441 0.0359999985
v 0.0227067154 -0.0136621771 0.0359999985
v 0.0251128096 -0.00846149027 0.0359999985
v 0.000729543157 -0.0226740036 0.0359999985
v 0.00866555609 -0.016344972 0.0359999985
v 0.0103819603 -0.015312246 0.0359999985
v 0.0147277219 -0.011195723 0.0359999985
v 0.0218681041 0.0118749999 0.0359999985
v 0.0218604822 0.0117344456 0.0359999985
v -7.03805781e-05 -0.0224519074 0.0359999985
v 7.03805781e-05 -0.0224519074 0.0359999985
v -0.0134309167 0.0127224401 0.0359999985
v 0.00103492104 -0.024536727 0.0359999985
v 0.00708950078 -0.0255340748 0.0359999985
v 0.00126960676 -0.0240294617 0.0359999985
v 0.00129237934 -0.0238905549 0.0359999985
v 0.0013 -0.0237499997 0.0359999985
v 0.00980866142 -0.0246178824 0.0359999985
v 0.00129237934 -0.0236094445 0.0359999985
v 0.0148714576 -0.0219337586 0.0359999985
v 0.0192388799 -0.0182240363 0.0359999985
v 0.024050748 -0.0111270612 0.0359999985
v 0.0258804448 -0.00569671672 0.0359999985
v 0.000841602159 -0.0227591898 0.0359999985
v 0.0175315831 -0.00590707827 0.0359999985
v 0.0218377095 0.0121544618 0.0359999985
v 0.0218604822 0.0120155551 0.0359999985
v -0.00021031659 -0.0224671252 0.0359999985
v 0.000943794148 -0.0246440098 0.0359999985
v 0.000841602159 -0.0247408114 0.0359999985
v 0.0124128237 -0.0234130695 0.0359999985
v 0.0210964661 -0.0160371158 0.0359999985
v 0.000943794148 -0.0228559915 0.0359999985
v 0.0183915514 -0.00200020173 0.0359999985
v 0.018067481 -0.00397695322 0.0359999985
v -0.0192757249 0.0120155551 0.0359999985
v 0.000347786845 -0.0224973857 0.0359999985
v 0.000481179595 -0.0225423295 0.0359999985
v 0.00143468112 -0.0264611356 0.0359999985
v 7.03805781e-05 -0.0250480939 0.0359999985
v 0.000481179595 -0.0249576699 0.0359999985
v 0.000347786845 -0.0250026155 0.0359999985
v 0.000729543157 -0.0248259958 0.0359999985
v 0.000608930946 -0.0248985663 0.0359999985
v 0.00021031659 -0.0224671252 0.0359999985
v -7.03805781e-05 -0.0250480939 0.0359999985
v -0.000347786845 -0.0250026155 0.0359999985
v -0.000481179595 -0.0249576699 0.0359999985
v 0.00021031659 -0.0250328742 0.0359999985
v -0.00021031659 -0.0250328742 0.0359999985
v -0.0192757249 0.0117344456 0.0359999985
v -0.0192681029 0.0118749999 0.0359999985
v -0.0192681029 0.0118749999 0.0320000015
v -0.0192984957 0.0115955388 0.0359999985
v -0.0192757249 0.0117344456 0.0320000015
v -0.0193361547 0.0114599084 0.0359999985
v -0.0192984957 0.0115955388 0.0320000015
v -0.0193882547 0.0113291442 0.0359999985
v -0.0193361547 0.0114599084 0.0320000015
v -0.0194541886 0.0112047801 0.0359999985
v -0.0193882547 0.0113291442 0.0320000015
v -0.0195331816 0.0110882735 0.0359999985
v -0.0194541886 0.0112047801 0.0320000015
v -0.0196243096 0.0109809907 0.0359999985
v -0.0195331816 0.0110882735 0.0320000015
v -0.0197265018 0.010884189 0.0359999985
v -0.0196243096 0.0109809907 0.0320000015
v -0.0198385604 0.0107990047 0.0359999985
v -0.0197265018 0.010884189 0.0320000015
v -0.0199591722 0.0107264342 0.0359999985
v -0.0198385604 0.0107990047 0.0320000015
v -0.0200869236 0.0106673306 0.0359999985
v -0.0199591722 0.0107264342 0.0320000015
v -0.0202203169 0.010622385 0.0359999985
v -0.0200869236 0.0106673306 0.0320000015
v -0.0203577876 0.0105921254 0.0359999985
v -0.0202203169 0.010622385 0.0320000015
v -0.0204977226 0.0105769066 0.0359999985
v -0.0203577876 0.0105921254 0.0320000015
v -0.0206384845 0.0105769066 0.0359999985
v -0.0204977226 0.0105769066 0.0320000015
v -0.0207784194 0.0105921254 0.0359999985
v -0.0206384845 0.0105769066 0.0320000015
v -0.0209158901 0.010622385 0.0359999985
v -0.0207784194 0.0105921254 0.0320000015
v -0.0210492834 0.0106673306 0.0359999985
v -0.0209158901 0.010622385 0.0320000015
v -0.0211770348 0.0107264342 0.0359999985
v -0.0210492834 0.0106673306 0.0320000015
v -0.0212976467 0.0107990047 0.0359999985
v -0.0212181024 0.0107491668 0.0359999985
v -0.0212181024 0.0107491668 0.0320000015
v -0.0211770348 0.0107264342 0.0320000015
v -0.0214097053 0.010884189 0.0359999985
v -0.0212976467 0.0107990047 0.0320000015
v -0.0215118974 0.0109809907 0.0359999985
v -0.0214097053 0.010884189 0.0320000015
v -0.0216030236 0.0110882735 0.0359999985
v -0.0215118974 0.0109809907 0.0320000015
v -0.0216820184 0.0112047801 0.0359999985
v -0.0216030236 0.0110882735 0.0320000015
v -0.0217479505 0.0113291442 0.0359999985
v -0.0216820184 0.0112047801 0.0320000015
v -0.0218000524 0.0114599084 0.0359999985
v -0.0217479505 0.0113291442 0.0320000015
v -0.0218377095 0.0115955388 0.0359999985
v -0.0218000524 0.0114599084 0.0320000015
v -0.0218604822 0.0117344456 0.0359999985
v -0.0218377095 0.0115955388 0.0320000015
v -0.0218681041 0.0118749999 0.0359999985
v -0.0218604822 0.0117344456 0.0320000015
v -0.0218604822 0.0120155551 0.0359999985
v -0.0218681041 0.0118749999 0.0320000015
v -0.0218377095 0.0121544618 0.0359999985
v -0.0218604822 0.0120155551 0.0320000015
v -0.0218000524 0.0122900922 0.0359999985
v -0.0218377095 0.0121544618 0.0320000015
v -0.0217479505 0.0124208555 0.0359999985
v -0.0218000524 0.0122900922 0.0320000015
v -0.0216820184 0.0125452196 0.0359999985
v -0.0217479505 0.0124208555 0.0320000015
v -0.0216030236 0.0126617262 0.0359999985
v -0.0216820184 0.0125452196 0.0320000015
v -0.0215118974 0.012769009 0.0359999985
v -0.0216030236 0.0126617262 0.0320000015
v -0.0214097053 0.0128658107 0.0359999985
v -0.0215118974 0.012769009 0.0320000015
v -0.0212976467 0.0129509959 0.0359999985
v -0.0214097053 0.0128658107 0.0320000015
v -0.0211770348 0.0130235655 0.0359999985
v -0.0212976467 0.0129509959 0.0320000015
v -0.0210492834 0.01308267 0.0359999985
v -0.0211770348 0.0130235655 0.0320000015
v -0.0209158901 0.0131276147 0.0359999985
v -0.0210492834 0.01308267 0.0320000015
v -0.0207784194 0.0131578743 0.0359999985
v -0.0209158901 0.0131276147 0.0320000015
v -0.0206384845 0.0131730931 0.0359999985
v -0.0207784194 0.0131578743 0.0320000015
v -0.0204977226 0.0131730931 0.0359999985
v -0.0206384845 0.0131730931 0.0320000015
v -0.0203577876 0.0131578743 0.0359999985
v -0.0204977226 0.0131730931 0.0320000015
v -0.0202203169 0.0131276147 0.0359999985
v -0.0203577876 0.0131578743 0.0320000015
v -0.0200869236 0.01308267 0.0359999985
v -0.0202203169 0.0131276147 0.0320000015
v -0.0199591722 0.0130235655 0.0359999985
v -0.0200869236 0.01308267 0.0320000015
v -0.0198385604 0.0129509959 0.0359999985
v -0.0199591722 0.0130235655 0.0320000015
v -0.0197265018 0.0128658107 0.0359999985
v -0.0198385604 0.0129509959 0.0320000015
v -0.0196243096 0.012769009 0.0359999985
v -0.0197265018 0.0128658107 0.0320000015
v -0.0195331816 0.0126617262 0.0359999985
v -0.0196243096 0.012769009 0.0320000015
v -0.0194541886 0.0125452196 0.0359999985
v -0.0195331816 0.0126617262 0.0320000015
v -0.0193882547 0.0124208555 0.0359999985
v -0.0194541886 0.0125452196 0.0320000015
v -0.0193361547 0.0122900922 0.0359999985
v -0.0193882547 0.0124208555 0.0320000015
v -0.0192984957 0.0121544618 0.0359999985
v -0.0193361547 0.0122900922 0.0320000015
v -0.0192757249 0.0120155551 0.0359999985
v -0.0192984957 0.0121544618 0.0320000015
v -0.0192757249 0.0120155551 0.0320000015
v -0.0205681026 0.0118749999 0.0320000015
v -0.0211770348 0.0107264342 0.0320000015
v -0.0210492834 0.0106673306 0.0320000015
v -0.0209158901 0.010622385 0.0320000015
v -0.0207784194 0.0105921254 0.0320000015
v -0.0206384845 0.0105769066 0.0320000015
v -0.0204977226 0.0105769066 0.0320000015
v -0.0203577876 0.0105921254 0.0320000015
v -0.0202203169 0.010622385 0.0320000015
v -0.0200869236 0.0106673306 0.0320000015
v -0.0199591722 0.0107264342 0.0320000015
v -0.0198385604 0.0107990047 0.0320000015
v -0.0197265018 0.010884189 0.0320000015
v -0.0196243096 0.0109809907 0.0320000015
v -0.0195331816 0.0110882735 0.0320000015
v -0.0194541886 0.0112047801 0.0320000015
v -0.0193882547 0.0113291442 0.0320000015
v -0.0193361547 0.0114599084 0.0320000015
v -0.0192984957 0.0115955388 0.0320000015
v -0.0192757249 0.0117344456 0.0320000015
v -0.0192681029 0.0118749999 0.0320000015
v -0.0192757249 0.0120155551 0.0320000015
v -0.0192984957 0.0121544618 0.0320000015
v -0.0193361547 0.0122900922 0.0320000015
v -0.0193882547 0.0124208555 0.0320000015
v -0.0194541886 0.0125452196 0.0320000015
v -0.0195331816 0.0126617262 0.0320000015
v -0.0196243096 0.012769009 0.0320000015
v -0.0197265018 0.0128658107 0.0320000015
v -0.0198385604 0.0129509959 0.0320000015
v -0.0199591722 0.0130235655 0.0320000015
v -0.0200869236 0.01308267 0.0320000015
v -0.0202203169 0.0131276147 0.0320000015
v -0.0203577876 0.0131578743 0.0320000015
v -0.0204977226 0.0131730931 0.0320000015
v -0.0206384845 0.0131730931 0.0320000015
v -0.0207784194 0.0131578743 0.0320000015
v -0.0209158901 0.0131276147 0.0320000015
v -0.0210492834 0.01308267 0.0320000015
v -0.0211770348 0.0130235655 0.0320000015
v -0.0212976467 0.0129509959 0.0320000015
v -0.0214097053 0.0128658107 0.0320000015
v -0.0215118974 0.012769009 0.0320000015
v -0.0216030236 0.0126617262 0.0320000015
v -0.0216820184 0.0125452196 0.0320000015
v -0.0217479505 0.0124208555 0.0320000015
v -0.0218000524 0.0122900922 0.0320000015
v -0.0218377095 0.0121544618 0.0320000015
v -0.0218604822 0.0120155551 0.0320000015
v -0.0218681041 0.0118749999 0.0320000015
v -0.0218604822 0.0117344456 0.0320000015
v -0.0218377095 0.0115955388 0.0320000015
v -0.0218000524 0.0114599084 0.0320000015
v -0.0217479505 0.0113291442 0.0320000015
v -0.0216820184 0.0112047801 0.0320000015
v -0.0216030236 0.0110882735 0.0320000015
v -0.0215118974 0.0109809907 0.0320000015
v -0.0214097053 0.010884189 0.0320000015
v -0.0212976467 0.0107990047 0.0320000015
v -0.0212181024 0.0107491668 0.0320000015
v 0.0218604822 0.0117344456 0.0359999985
v 0.0218681041 0.0118749999 0.0359999985
v 0.0218681041 0.0118749999 0.0320000015
v 0.0218377095 0.0115955388 0.0359999985
v 0.0218604822 0.0117344456 0.0320000015
v 0.0218000524 0.0114599084 0.0359999985
v 0.0218377095 0.0115955388 0.0320000015
v 0.0217479505 0.0113291442 0.0359999985
v 0.0218000524 0.0114599084 0.0320000015
v 0.0216820184 0.0112047801 0.0359999985
v 0.0217479505 0.0113291442 0.0320000015
v 0.0216030236 0.0110882735 0.0359999985
v 0.0216820184 0.0112047801 0.0320000015
v 0.0215118974 0.0109809907 0.0359999985
v 0.0216030236 0.0110882735 0.0320000015
v 0.0214097053 0.010884189 0.0359999985
v 0.0215118974 0.0109809907 0.0320000015
v 0.0212976467 0.0107990047 0.0359999985
v 0.0214097053 0.010884189 0.0320000015
v 0.0211770348 0.0107264342 0.0359999985
v 0.0212976467 0.0107990047 0.0320000015
v 0.0210492834 0.0106673306 0.0359999985
v 0.0211770348 0.0107264342 0.0320000015
v 0.0209158901 0.010622385 0.0359999985
v 0.0210492834 0.0106673306 0.0320000015
v 0.0207784194 0.0105921254 0.0359999985
v 0.0209158901 0.010622385 0.0320000015
v 0.0206384845 0.0105769066 0.0359999985
v 0.0207784194 0.0105921254 0.0320000015
v 0.0204977226 0.0105769066 0.0359999985
v 0.0206384845 0.0105769066 0.0320000015
v 0.0203577876 0.0105921254 0.0359999985
v 0.0204977226 0.0105769066 0.0320000015
v 0.0202203169 0.010622385 0.0359999985
v 0.0203577876 0.0105921254 0.0320000015
v 0.0200869236 0.0106673306 0.0359999985
v 0.0202203169 0.010622385 0.0320000015
v 0.0199591722 0.0107264342 0.0359999985
v 0.0200869236 0.0106673306 0.0320000015
v 0.0198385604 0.0107990047 0.0359999985
v 0.0199591722 0.0107264342 0.0320000015
v 0.0197265018 0.010884189 0.0359999985
v 0.0198385604 0.0107990047 0.0320000015
v 0.0196243096 0.0109809907 0.0359999985
v 0.0197265018 0.010884189 0.0320000015
v 0.0195331816 0.0110882735 0.0359999985
v 0.0196243096 0.0109809907 0.0320000015
v 0.0194541886 0.0112047801 0.0359999985
v 0.0195331816 0.0110882735 0.0320000015
v 0.0193882547 0.0113291442 0.0359999985
v 0.0194541886 0.0112047801 0.0320000015
v 0.0193361547 0.0114599084 0.0359999985
v 0.0193882547 0.0113291442 0.0320000015
v 0.0192984957 0.0115955388 0.0359999985
v 0.0193361547 0.0114599084 0.0320000015
v 0.0192757249 0.0117344456 0.0359999985
v 0.0192984957 0.0115955388 0.0320000015
v 0.0192681029 0.0118749999 0.0359999985
v 0.0192757249 0.0117344456 0.0320000015
v 0.0192757249 0.0120155551 0.0359999985
v 0.0192681029 0.0118749999 0.0320000015
v 0.0192984957 0.0121544618 0.0359999985
v 0.0192757249 0.0120155551 0.0320000015
v 0.0193361547 0.0122900922 0.0359999985
v 0.0192984957 0.0121544618 0.0320000015
v 0.0193882547 0.0124208555 0.0359999985
v 0.0193361547 0.0122900922 0.0320000015
v 0.0194541886 0.0125452196 0.0359999985
v 0.0193882547 0.0124208555 0.0320000015
v 0.0195331816 0.0126617262 0.0359999985
v 0.0194541886 0.0125452196 0.0320000015
v 0.0196243096 0.012769009 0.0359999985
v 0.0195331816 0.0126617262 0.0320000015
v 0.0197265018 0.0128658107 0.0359999985
v 0.0196243096 0.012769009 0.0320000015
v 0.0198385604 0.0129509959 0.0359999985
v 0.0197265018 0.0128658107 0.0320000015
v 0.0199591722 0.0130235655 0.0359999985
v 0.0199181028 0.0130008329 0.0359999985
v 0.0199181028 0.0130008329 0.0320000015
v 0.0198385604 0.0129509959 0.0320000015
v 0.0200869236 0.01308267 0.0359999985
v 0.0199591722 0.0130235655 0.0320000015
v 0.0202203169 0.0131276147 0.0359999985
v 0.0200869236 0.01308267 0.0320000015
v 0.0203577876 0.0131578743 0.0359999985
v 0.0202203169 0.0131276147 0.0320000015
v 0.0204977226 0.0131730931 0.0359999985
v 0.0203577876 0.0131578743 0.0320000015
v 0.0206384845 0.0131730931 0.0359999985
v 0.0204977226 0.0131730931 0.0320000015
v 0.0207784194 0.0131578743 0.0359999985
v 0.0206384845 0.0131730931 0.0320000015
v 0.0209158901 0.0131276147 0.0359999985
v 0.0207784194 0.0131578743 0.0320000015
v 0.0210492834 0.01308267 0.0359999985
v 0.0209158901 0.0131276147 0.0320000015
v 0.0211770348 0.0130235655 0.0359999985
v 0.0210492834 0.01308267 0.0320000015
v 0.0212976467 0.0129509959 0.0359999985
v 0.0211770348 0.0130235655 0.0320000015
v 0.0214097053 0.0128658107 0.0359999985
v 0.0212976467 0.0129509959 0.0320000015
v 0.0215118974 0.012769009 0.0359999985
v 0.0214097053 0.0128658107 0.0320000015
v 0.0216030236 0.0126617262 0.0359999985
v 0.0215118974 0.012769009 0.0320000015
v 0.0216820184 0.0125452196 0.0359999985
v 0.0216030236 0.0126617262 0.0320000015
v 0.0217479505 0.0124208555 0.0359999985
v 0.0216820184 0.0125452196 0.0320000015
v 0.0218000524 0.0122900922 0.0359999985
v 0.0217479505 0.0124208555 0.0320000015
v 0.0218377095 0.0121544618 0.0359999985
v 0.0218000524 0.0122900922 0.0320000015
v 0.0218604822 0.0120155551 0.0359999985
v 0.0218377095 0.0121544618 0.0320000015
v 0.0218604822 0.0120155551 0.0320000015
v 0.0205681026 0.0118749999 0.0320000015
v 0.0198385604 0.0129509959 0.0320000015
v 0.0197265018 0.0128658107 0.0320000015
v 0.0196243096 0.012769009 0.0320000015
v 0.0195331816 0.0126617262 0.0320000015
v 0.0194541886 0.0125452196 0.0320000015
v 0.0193882547 0.0124208555 0.0320000015
v 0.0193361547 0.0122900922 0.0320000015
v 0.0192984957 0.0121544618 0.0320000015
v 0.0192757249 0.0120155551 0.0320000015
v 0.0192681029 0.0118749999 0.0320000015
v 0.0192757249 0.0117344456 0.0320000015
v 0.0192984957 0.0115955388 0.0320000015
v 0.0193361547 0.0114599084 0.0320000015
v 0.0193882547 0.0113291442 0.0320000015
v 0.0194541886 0.0112047801 0.0320000015
v 0.0195331816 0.0110882735 0.0320000015
v 0.0196243096 0.0109809907 0.0320000015
v 0.0197265018 0.010884189 0.0320000015
v 0.0198385604 0.0107990047 0.0320000015
v 0.0199591722 0.0107264342 0.0320000015
v 0.0200869236 0.0106673306 0.0320000015
v 0.0202203169 0.010622385 0.0320000015
v 0.0203577876 0.0105921254 0.0320000015
v 0.0204977226 0.0105769066 0.0320000015
v 0.0206384845 0.0105769066 0.0320000015
v 0.0207784194 0.0105921254 0.0320000015
v 0.0209158901 0.010622385 0.0320000015
v 0.0210492834 0.0106673306 0.0320000015
v 0.0211770348 0.0107264342 0.0320000015
v 0.0212976467 0.0107990047 0.0320000015
v 0.0214097053 0.010884189 0.0320000015
v 0.0215118974 0.0109809907 0.0320000015
v 0.0216030236 0.0110882735 0.0320000015
v 0.0216820184 0.0112047801 0.0320000015
v 0.0217479505 0.0113291442 0.0320000015
v 0.0218000524 0.0114599084 0.0320000015
v 0.0218377095 0.0115955388 0.0320000015
v 0.0218604822 0.0117344456 0.0320000015
v 0.0218681041 0.0118749999 0.0320000015
v 0.0218604822 0.0120155551 0.0320000015
v 0.0218377095 0.0121544618 0.0320000015
v 0.0218000524 0.0122900922 0.0320000015
v 0.0217479505 0.0124208555 0.0320000015
v 0.0216820184 0.0125452196 0.0320000015
v 0.0216030236 0.0126617262 0.0320000015
v 0.0215118974 0.012769009 0.0320000015
v 0.0214097053 0.0128658107 0.0320000015
v 0.0212976467 0.0129509959 0.0320000015
v 0.0211770348 0.0130235655 0.0320000015
v 0.0210492834 0.01308267 0.0320000015
v 0.0209158901 0.0131276147 0.0320000015
v 0.0207784194 0.0131578743 0.0320000015
v 0.0206384845 0.0131730931 0.0320000015
v 0.0204977226 0.0131730931 0.0320000015
v 0.0203577876 0.0131578743 0.0320000015
v 0.0202203169 0.0131276147 0.0320000015
v 0.0200869236 0.01308267 0.0320000015
v 0.0199591722 0.0130235655 0.0320000015
v 0.0199181028 0.0130008329 0.0320000015
v 0.00129237934 -0.0238905549 0.0359999985
v 0.0013 -0.0237499997 0.0359999985
v 0.0013 -0.0237499997 0.0320000015
v 0.00126960676 -0.0240294617 0.0359999985
v 0.00129237934 -0.0238905549 0.0320000015
v 0.00123194908 -0.024165092 0.0359999985
v 0.00126960676 -0.0240294617 0.0320000015
v 0.0011798481 -0.0242958553 0.0359999985
v 0.00123194908 -0.024165092 0.0320000015
v 0.0011139143 -0.0244202204 0.0359999985
v 0.0011798481 -0.0242958553 0.0320000015
v 0.00103492104 -0.024536727 0.0359999985
v 0.0011139143 -0.0244202204 0.0320000015
v 0.000943794148 -0.0246440098 0.0359999985
v 0.00103492104 -0.024536727 0.0320000015
v 0.000841602159 -0.0247408114 0.0359999985
v 0.000943794148 -0.0246440098 0.0320000015
v 0.000729543157 -0.0248259958 0.0359999985
v 0.000841602159 -0.0247408114 0.0320000015
v 0.000608930946 -0.0248985663 0.0359999985
v 0.000729543157 -0.0248259958 0.0320000015
v 0.000481179595 -0.0249576699 0.0359999985
v 0.000608930946 -0.0248985663 0.0320000015
v 0.000347786845 -0.0250026155 0.0359999985
v 0.000481179595 -0.0249576699 0.0320000015
v 0.00021031659 -0.0250328742 0.0359999985
v 0.000347786845 -0.0250026155 0.0320000015
v 7.03805781e-05 -0.0250480939 0.0359999985
v 0.00021031659 -0.0250328742 0.0320000015
v -7.03805781e-05 -0.0250480939 0.0359999985
v 7.03805781e-05 -0.0250480939 0.0320000015
v -0.00021031659 -0.0250328742 0.0359999985
v -7.03805781e-05 -0.0250480939 0.0320000015
v -0.000347786845 -0.0250026155 0.0359999985
v -0.00021031659 -0.0250328742 0.0320000015
v -0.000481179595 -0.0249576699 0.0359999985
v -0.000347786845 -0.0250026155 0.0320000015
v -0.000608930946 -0.0248985663 0.0359999985
v -0.000481179595 -0.0249576699 0.0320000015
v -0.000729543157 -0.0248259958 0.0359999985
v -0.000608930946 -0.0248985663 0.0320000015
v -0.000841602159 -0.0247408114 0.0359999985
v -0.000729543157 -0.0248259958 0.0320000015
v -0.000943794148 -0.0246440098 0.0359999985
v -0.000841602159 -0.0247408114 0.0320000015
v -0.00103492104 -0.024536727 0.0359999985
v -0.000943794148 -0.0246440098 0.0320000015
v -0.0011139143 -0.0244202204 0.0359999985
v -0.00103492104 -0.024536727 0.0320000015
v -0.0011798481 -0.0242958553 0.0359999985
v -0.0011139143 -0.0244202204 0.0320000015
v -0.00123194908 -0.024165092 0.0359999985
v -0.0011798481 -0.0242958553 0.0320000015
v -0.00126960676 -0.0240294617 0.0359999985
v -0.00123194908 -0.024165092 0.0320000015
v -0.00129237934 -0.0238905549 0.0359999985
v -0.00126960676 -0.0240294617 0.0320000015
v -0.0013 -0.0237499997 0.0359999985
v -0.00129237934 -0.0238905549 0.0320000015
v -0.00129237934 -0.0236094445 0.0359999985
v -0.0013 -0.0237499997 0.0320000015
v -0.00126960676 -0.0234705377 0.0359999985
v -0.00129237934 -0.0236094445 0.0320000015
v -0.00123194908 -0.0233349074 0.0359999985
v -0.00126960676 -0.0234705377 0.0320000015
v -0.0011798481 -0.0232041441 0.0359999985
v -0.00123194908 -0.0233349074 0.0320000015
v -0.0011139143 -0.0230797809 0.0359999985
v -0.0011798481 -0.0232041441 0.0320000015
v -0.00103492104 -0.0229632743 0.0359999985
v -0.0011139143 -0.0230797809 0.0320000015
v -0.000943794148 -0.0228559915 0.0359999985
v -0.00103492104 -0.0229632743 0.0320000015
v -0.000841602159 -0.0227591898 0.0359999985
v -0.000943794148 -0.0228559915 0.0320000015
v -0.000729543157 -0.0226740036 0.0359999985
v -0.000841602159 -0.0227591898 0.0320000015
v -0.000608930946 -0.022601435 0.0359999985
v -0.000729543157 -0.0226740036 0.0320000015
v -0.000481179595 -0.0225423295 0.0359999985
v -0.000608930946 -0.022601435 0.0320000015
v -0.000347786845 -0.0224973857 0.0359999985
v -0.000481179595 -0.0225423295 0.0320000015
v -0.00021031659 -0.0224671252 0.0359999985
v -0.000347786845 -0.0224973857 0.0320000015
v -7.03805781e-05 -0.0224519074 0.0359999985
v -0.00021031659 -0.0224671252 0.0320000015
v 7.03805781e-05 -0.0224519074 0.0359999985
v -7.03805781e-05 -0.0224519074 0.0320000015
v 0.00021031659 -0.0224671252 0.0359999985
v 7.03805781e-05 -0.0224519074 0.0320000015
v 0.000347786845 -0.0224973857 0.0359999985
v 0.00021031659 -0.0224671252 0.0320000015
v 0.000481179595 -0.0225423295 0.0359999985
v 0.000347786845 -0.0224973857 0.0320000015
v 0.000608930946 -0.022601435 0.0359999985
v 0.000481179595 -0.0225423295 0.0320000015
v 0.000729543157 -0.0226740036 0.0359999985
v 0.000608930946 -0.022601435 0.0320000015
v 0.000841602159 -0.0227591898 0.0359999985
v 0.000729543157 -0.0226740036 0.0320000015
v 0.000943794148 -0.0228559915 0.0359999985
v 0.000841602159 -0.0227591898 0.0320000015
v 0.00103492104 -0.0229632743 0.0359999985
v 0.000943794148 -0.0228559915 0.0320000015
v 0.0011139143 -0.0230797809 0.0359999985
v 0.00103492104 -0.0229632743 0.0320000015
v 0.0011798481 -0.0232041441 0.0359999985
v 0.0011139143 -0.0230797809 0.0320000015
v 0.00123194908 -0.0233349074 0.0359999985
v 0.0011798481 -0.0232041441 0.0320000015
v 0.00126960676 -0.0234705377 0.0359999985
v 0.00123194908 -0.0233349074 0.0320000015
v 0.00129237934 -0.0236094445 0.0359999985
v 0.00126960676 -0.0234705377 0.0320000015
v 0.00129237934 -0.0236094445 0.0320000015
v 0 -0.0237499997 0.0320000015
v 0.00129237934 -0.0236094445 0.0320000015
v 0.00126960676 -0.0234705377 0.0320000015
v 0.00123194908 -0.0233349074 0.0320000015
v 0.0011798481 -0.0232041441 0.0320000015
v 0.0011139143 -0.0230797809 0.0320000015
v 0.00103492104 -0.0229632743 0.0320000015
v 0.000943794148 -0.0228559915 0.0320000015
v 0.000841602159 -0.0227591898 0.0320000015
v 0.000729543157 -0.0226740036 0.0320000015
v 0.000608930946 -0.022601435 0.0320000015
v 0.000481179595 -0.0225423295 0.0320000015
v 0.000347786845 -0.0224973857 0.0320000015
v 0.00021031659 -0.0224671252 0.0320000015
v 7.03805781e-05 -0.0224519074 0.0320000015
v -7.03805781e-05 -0.0224519074 0.0320000015
v -0.00021031659 -0.0224671252 0.0320000015
v -0.000347786845 -0.0224973857 0.0320000015
v -0.000481179595 -0.0225423295 0.0320000015
v -0.000608930946 -0.022601435 0.0320000015
v -0.000729543157 -0.0226740036 0.0320000015
v -0.000841602159 -0.0227591898 0.0320000015
v -0.000943794148 -0.0228559915 0.0320000015
v -0.00103492104 -0.0229632743 0.0320000015
v -0.0011139143 -0.0230797809 0.0320000015
v -0.0011798481 -0.0232041441 0.0320000015
v -0.00123194908 -0.0233349074 0.0320000015
v -0.00126960676 -0.0234705377 0.0320000015
v -0.00129237934 -0.0236094445 0.0320000015
v -0.0013 -0.0237499997 0.0320000015
v -0.00129237934 -0.0238905549 0.0320000015
v -0.00126960676 -0.0240294617 0.0320000015
v -0.00123194908 -0.024165092 0.0320000015
v -0.0011798481 -0.0242958553 0.0320000015
v -0.0011139143 -0.0244202204 0.0320000015
v -0.00103492104 -0.024536727 0.0320000015
v -0.000943794148 -0.0246440098 0.0320000015
v -0.000841602159 -0.0247408114 0.0320000015
v -0.000729543157 -0.0248259958 0.0320000015
v -0.000608930946 -0.0248985663 0.0320000015
v -0.000481179595 -0.0249576699 0.0320000015
v -0.000347786845 -0.0250026155 0.0320000015
v -0.00021031659 -0.0250328742 0.0320000015
v -7.03805781e-05 -0.0250480939 0.0320000015
v 7.03805781e-05 -0.0250480939 0.0320000015
v 0.00021031659 -0.0250328742 0.0320000015
v 0.000347786845 -0.0250026155 0.0320000015
v 0.000481179595 -0.0249576699 0.0320000015
v 0.000608930946 -0.0248985663 0.0320000015
v 0.000729543157 -0.0248259958 0.0320000015
v 0.000841602159 -0.0247408114 0.0320000015
v 0.000943794148 -0.0246440098 0.0320000015
v 0.00103492104 -0.024536727 0.0320000015
v 0.0011139143 -0.0244202204 0.0320000015
v 0.0011798481 -0.0242958553 0.0320000015
v 0.00123194908 -0.024165092 0.0320000015
v 0.00126960676 -0.0240294617 0.0320000015
v 0.00129237934 -0.0238905549 0.0320000015
v 0.0013 -0.0237499997 0.0320000015
v -0.0185000002 2.75545525e-18 0.0359999985
v -0.0185000002 2.75545525e-18 0.0370000005
v -0.0183915514 0.00200020173 0.0370000005
v -0.0183915514 0.00200020173 0.0359999985
v -0.018067481 0.00397695322 0.0370000005
v -0.018067481 0.00397695322 0.0359999985
v -0.0175315831 0.00590707827 0.0370000005
v -0.0175315831 0.00590707827 0.0359999985
v -0.016790146 0.00776794832 0.0370000005
v -0.0158518571 0.0095377462 0.0359999985
v -0.016790146 0.00776794832 0.0359999985
v -0.0167333893 0.00787500013 0.0370000005
v -0.0147277219 0.011195723 0.0359999985
v -0.0153689375 0.0102500003 0.0370000005
v -0.0155956717 0.00991559308 0.0370000005
v -0.0158518571 0.0095377462 0.0370000005
v -0.0147277219 0.011195723 0.0370000005
v -0.0134309167 0.0127224401 0.0370000005
v -0.0134309167 0.0127224401 0.0359999985
v -0.0119766463 0.0140999984 0.0370000005
v -0.0119766463 0.0140999984 0.0359999985
v -0.0103819603 0.015312246 0.0370000005
v -0.0103819603 0.015312246 0.0359999985
v -0.00934567116 0.0159357619 0.0370000005
v -0.00866555609 0.016344972 0.0359999985
v -0.00866555609 0.016344972 0.0370000005
v -0.00684755575 0.0171860699 0.0370000005
v -0.00684755575 0.0171860699 0.0359999985
v -0.00494927447 0.0178256743 0.0370000005
v -0.00299296691 0.0182562899 0.0359999985
v -0.00494927447 0.0178256743 0.0359999985
v -0.00449999981 0.0179245677 0.0370000005
v -0.00299296691 0.0182562899 0.0370000005
v -0.00100156979 0.0184728689 0.0370000005
v -0.00100156979 0.0184728689 0.0359999985
v 0.00100156979 0.0184728689 0.0370000005
v 0.00100156979 0.0184728689 0.0359999985
v 0.00299296691 0.0182562899 0.0370000005
v 0.00299296691 0.0182562899 0.0359999985
v 0.00449999981 0.0179245677 0.0370000005
v 0.00494927447 0.0178256743 0.0359999985
v 0.00494927447 0.0178256743 0.0370000005
v 0.00684755575 0.0171860699 0.0370000005
v 0.00684755575 0.0171860699 0.0359999985
v 0.00866555609 0.016344972 0.0370000005
v 0.0103819603 0.015312246 0.0359999985
v 0.00866555609 0.016344972 0.0359999985
v 0.00934567116 0.0159357619 0.0370000005
v 0.0103819603 0.015312246 0.0370000005
v 0.0119766463 0.0140999984 0.0370000005
v 0.0119766463 0.0140999984 0.0359999985
v 0.0134309167 0.0127224401 0.0370000005
v 0.0134309167 0.0127224401 0.0359999985
v 0.0147277219 0.011195723 0.0370000005
v 0.0147277219 0.011195723 0.0359999985
v 0.0153689375 0.0102500003 0.0370000005
v 0.0158518571 0.0095377462 0.0359999985
v 0.0158518571 0.0095377462 0.0370000005
v 0.0167333893 0.00787500013 0.0370000005
v 0.016790146 0.00776794832 0.0359999985
v 0.016790146 0.00776794832 0.0370000005
v 0.0175315831 0.00590707827 0.0370000005
v 0.0175315831 0.00590707827 0.0359999985
v 0.018067481 0.00397695322 0.0370000005
v 0.018067481 0.00397695322 0.0359999985
v 0.0183915514 0.00200020173 0.0370000005
v 0.0183915514 0.00200020173 0.0359999985
v 0.0185000002 9.55224532e-18 0.0370000005
v 0.0185000002 5.02105208e-18 0.0359999985
v 0.0183915514 -0.00200020173 0.0370000005
v 0.0183915514 -0.00200020173 0.0359999985
v 0.018067481 -0.00397695322 0.0370000005
v 0.018067481 -0.00397695322 0.0359999985
v 0.0175315831 -0.00590707827 0.0370000005
v 0.0175315831 -0.00590707827 0.0359999985
v 0.016790146 -0.00776794832 0.0370000005
v 0.0158518571 -0.0095377462 0.0359999985
v 0.016790146 -0.00776794832 0.0359999985
v 0.0167333893 -0.00787500013 0.0370000005
v 0.0147277219 -0.011195723 0.0359999985
v 0.0153689375 -0.0102500003 0.0370000005
v 0.0158518571 -0.0095377462 0.0370000005
v 0.0147277219 -0.011195723 0.0370000005
v 0.0134309167 -0.0127224401 0.0370000005
v 0.0134309167 -0.0127224401 0.0359999985
v 0.0119766463 -0.0140999984 0.0370000005
v 0.0119766463 -0.0140999984 0.0359999985
v 0.0103819603 -0.015312246 0.0370000005
v 0.0103819603 -0.015312246 0.0359999985
v 0.00934567116 -0.0159357619 0.0370000005
v 0.00866555609 -0.016344972 0.0359999985
v 0.00866555609 -0.016344972 0.0370000005
v 0.00684755575 -0.0171860699 0.0370000005
v 0.00684755575 -0.0171860699 0.0359999985
v 0.00494927447 -0.0178256743 0.0370000005
v 0.00299296691 -0.0182562899 0.0359999985
v 0.00494927447 -0.0178256743 0.0359999985
v 0.00449999981 -0.0179245677 0.0370000005
v 0.00299296691 -0.0182562899 0.0370000005
v 0.00100156979 -0.0184728689 0.0370000005
v 0.00100156979 -0.0184728689 0.0359999985
v -0.00100156979 -0.0184728689 0.0370000005
v -0.00100156979 -0.0184728689 0.0359999985
v -0.00299296691 -0.0182562899 0.0370000005
v -0.00299296691 -0.0182562899 0.0359999985
v -0.00449999981 -0.0179245677 0.0370000005
v -0.00494927447 -0.0178256743 0.0359999985
v -0.00494927447 -0.0178256743 0.0370000005
v -0.00684755575 -0.0171860699 0.0370000005
v -0.00684755575 -0.0171860699 0.0359999985
v -0.00866555609 -0.016344972 0.0370000005
v -0.0103819603 -0.015312246 0.0359999985
v -0.00866555609 -0.016344972 0.0359999985
v -0.00934567116 -0.0159357619 0.0370000005
v -0.0103819603 -0.015312246 0.0370000005
v -0.0119766463 -0.0140999984 0.0370000005
v -0.0119766463 -0.0140999984 0.0359999985
v -0.0134309167 -0.0127224401 0.0370000005
v -0.0134309167 -0.0127224401 0.0359999985
v -0.0147277219 -0.011195723 0.0370000005
v -0.0158518571 -0.0095377462 0.0359999985
v -0.0153689375 -0.0102500003 0.0370000005
v -0.0155956717 -0.00991559308 0.0370000005
v -0.0147277219 -0.011195723 0.0359999985
v -0.0158518571 -0.0095377462 0.0370000005
v -0.0167333893 -0.00787500013 0.0370000005
v -0.016790146 -0.00776794832 0.0359999985
v -0.016790146 -0.00776794832 0.0370000005
v -0.0175315831 -0.00590707827 0.0370000005
v -0.0175315831 -0.00590707827 0.0359999985
v -0.018067481 -0.00397695322 0.0370000005
v -0.018067481 -0.00397695322 0.0359999985
v -0.0183915514 -0.00200020173 0.0370000005
v -0.0183915514 -0.00200020173 0.0359999985
v -0.00934567116 -0.00787500013 0.0370000005
v -0.00934567116 -0.0102500003 0.0370000005
v -0.00449999981 -0.0102500003 0.0370000005
v 0.00449999981 -0.00787500013 0.0370000005
v 0.00449999981 -0.0102500003 0.0370000005
v 0.00934567116 -0.0102500003 0.0370000005
v -0.0116372043 -0.00774853351 0.0370000005
v -0.0117454818 -0.00774853351 0.0370000005
v -0.00934567116 0 0.0370000005
v -0.011423815 -0.00578645011 0.0370000005
v -0.0113212047 -0.00582102314 0.0370000005
v -0.0117454818 -0.00575146638 0.0370000005
v -0.0116372043 -0.00575146638 0.0370000005
v -0.0155956717 0 0.0370000005
v -0.0118531249 -0.00576317357 0.0370000005
v -0.0155956717 -0.00787500013 0.0370000005
v -0.0118531249 -0.00773682632 0.0370000005
v -0.0115295611 -0.00773682632 0.0370000005
v -0.011130156 -0.0075776889 0.0370000005
v -0.011191343 -0.0076160254 0.0370000005
v -0.0109653473 -0.00606230041 0.0370000005
v -0.0108952494 -0.00614482583 0.0370000005
v -0.0112229344 -0.00586648798 0.0370000005
v -0.0126389964 -0.00643069856 0.0370000005
v -0.0112229344 -0.00763351191 0.0370000005
v -0.0110439565 -0.00598783791 0.0370000005
v -0.011130156 -0.00592231099 0.0370000005
v -0.0115295611 -0.00576317357 0.0370000005
v -0.0125989188 -0.00633011106 0.0370000005
v -0.0123387296 -0.00751216197 0.0370000005
v -0.0124173388 -0.00743769947 0.0370000005
v -0.0120614814 -0.00767897675 0.0370000005
v -0.0121597517 -0.00763351191 0.0370000005
v -0.011958871 -0.00771354977 0.0370000005
v -0.0110439565 -0.00751216197 0.0370000005
v -0.011958871 -0.00578645011 0.0370000005
v -0.0126679633 -0.0065350295 0.0370000005
v -0.0126389964 -0.00706930133 0.0370000005
v -0.0126679633 -0.00696497038 0.0370000005
v -0.0125481999 -0.00726555381 0.0370000005
v -0.0125989188 -0.00716988929 0.0370000005
v -0.0124874357 -0.00735517405 0.0370000005
v -0.0113212047 -0.00767897675 0.0370000005
v -0.0107436897 -0.00643069856 0.0370000005
v -0.0121597517 -0.00586648798 0.0370000005
v -0.0120614814 -0.00582102314 0.0370000005
v -0.0126854805 -0.00664188107 0.0370000005
v -0.0122525301 -0.0075776889 0.0370000005
v -0.011423815 -0.00771354977 0.0370000005
v -0.0109653473 -0.00743769947 0.0370000005
v -0.0108344862 -0.00726555381 0.0370000005
v -0.0108952494 -0.00735517405 0.0370000005
v -0.0107147228 -0.00696497038 0.0370000005
v -0.0107436897 -0.00706930133 0.0370000005
v -0.0107147228 -0.0065350295 0.0370000005
v -0.0108344862 -0.00623444607 0.0370000005
v -0.0107837673 -0.00633011106 0.0370000005
v -0.0123387296 -0.00598783791 0.0370000005
v -0.0122525301 -0.00592231099 0.0370000005
v -0.0125481999 -0.00623444607 0.0370000005
v -0.0124874357 -0.00614482583 0.0370000005
v -0.0126913432 -0.00675000018 0.0370000005
v -0.0126854805 -0.00685811881 0.0370000005
v -0.0106972046 -0.00685811881 0.0370000005
v -0.0124173388 -0.00606230041 0.0370000005
v -0.0107837673 -0.00716988929 0.0370000005
v -0.0106972046 -0.00664188107 0.0370000005
v -0.0106913429 -0.00675000018 0.0370000005
v -0.0117454818 0.00575146638 0.0370000005
v -0.00934567116 0.00787500013 0.0370000005
v -0.011423815 0.00771354977 0.0370000005
v -0.0113212047 0.00767897675 0.0370000005
v -0.0117454818 0.00774853351 0.0370000005
v -0.0116372043 0.00774853351 0.0370000005
v -0.0155956717 0.00787500013 0.0370000005
v -0.0118531249 0.00773682632 0.0370000005
v -0.0121597517 0.00586648798 0.0370000005
v -0.0121913431 0.00588397449 0.0370000005
v -0.0118531249 0.00576317357 0.0370000005
v -0.0115295611 0.00576317357 0.0370000005
v -0.0116372043 0.00575146638 0.0370000005
v -0.0109653473 0.00743769947 0.0370000005
v -0.0108952494 0.00735517405 0.0370000005
v -0.0112229344 0.00763351191 0.0370000005
v -0.0120614814 0.00582102314 0.0370000005
v -0.0110439565 0.00751216197 0.0370000005
v -0.011130156 0.0075776889 0.0370000005
v -0.0115295611 0.00773682632 0.0370000005
v -0.0126389964 0.00706930133 0.0370000005
v -0.0125989188 0.00716988929 0.0370000005
v -0.0125989188 0.00633011106 0.0370000005
v -0.0126389964 0.00643069856 0.0370000005
v -0.0122525301 0.00592231099 0.0370000005
v -0.011958871 0.00578645011 0.0370000005
v -0.011958871 0.00771354977 0.0370000005
v -0.0126679633 0.00696497038 0.0370000005
v -0.0126679633 0.0065350295 0.0370000005
v -0.0125481999 0.00623444607 0.0370000005
v -0.0123387296 0.00598783791 0.0370000005
v -0.0124173388 0.00606230041 0.0370000005
v -0.0112229344 0.00586648798 0.0370000005
v -0.0113212047 0.00582102314 0.0370000005
v -0.0109653473 0.00606230041 0.0370000005
v -0.0110439565 0.00598783791 0.0370000005
v -0.0108344862 0.00623444607 0.0370000005
v -0.0108952494 0.00614482583 0.0370000005
v -0.0107147228 0.0065350295 0.0370000005
v -0.0107436897 0.00643069856 0.0370000005
v -0.0121597517 0.00763351191 0.0370000005
v -0.0120614814 0.00767897675 0.0370000005
v -0.0126854805 0.00685811881 0.0370000005
v -0.0124874357 0.00614482583 0.0370000005
v -0.011423815 0.00578645011 0.0370000005
v -0.011130156 0.00592231099 0.0370000005
v -0.0107436897 0.00706930133 0.0370000005
v -0.0107147228 0.00696497038 0.0370000005
v -0.0108344862 0.00726555381 0.0370000005
v -0.0107837673 0.00716988929 0.0370000005
v -0.0123387296 0.00751216197 0.0370000005
v -0.0122525301 0.0075776889 0.0370000005
v -0.0125481999 0.00726555381 0.0370000005
v -0.0124874357 0.00735517405 0.0370000005
v -0.0126913432 0.00675000018 0.0370000005
v -0.0126854805 0.00664188107 0.0370000005
v -0.0106972046 0.00664188107 0.0370000005
v -0.0124173388 0.00743769947 0.0370000005
v -0.0107837673 0.00633011106 0.0370000005
v -0.0106972046 0.00685811881 0.0370000005
v -0.0106913429 0.00675000018 0.0370000005
v -0.00934567116 0.0102500003 0.0370000005
v -0.00449999981 0.00787500013 0.0370000005
v 0.00449999981 0.0102500003 0.0370000005
v 0.00449999981 0.00787500013 0.0370000005
v 0.00934567116 0.00787500013 0.0370000005
v 0.00934567116 -0.00787500013 0.0370000005
v 0.00517909043 -0.00609729625 0.0370000005
v 0.00449999981 -0.00661352742 0.0370000005
v 0.00934567116 0 0.0370000005
v 0.00781296473 -0.0017197635 0.0370000005
v 0.00580796413 -0.00550159579 0.0370000005
v 0.00726060336 -0.00335911289 0.0370000005
v 0.00685485732 -0.00412443094 0.0370000005
v 0.0075812256 -0.00255441223 0.0370000005
v 0.00636874465 -0.00484139379 0.0370000005
v 0.00800000038 -1.46957611e-18 0.0370000005
v 0.00795310363 -0.000864952162 0.0370000005
v 0.0029611052 -0.00743181398 0.0370000005
v 0.00214022677 -0.00770840002 0.0370000005
v 0.00374726742 -0.00706809619 0.0370000005
v 0.00448949635 -0.00662151212 0.0370000005
v 0.000433111272 -0.00798826758 0.0370000005
v -0.000433111272 -0.00798826758 0.0370000005
v 0.00129425596 -0.00789461192 0.0370000005
v 0.001383355 -0.00787500013 0.0370000005
v -0.00129425596 -0.00789461192 0.0370000005
v -0.001383355 -0.00787500013 0.0370000005
v -0.00449999981 -0.00787500013 0.0370000005
v -0.0029611052 -0.00743181398 0.0370000005
v -0.00374726742 -0.00706809619 0.0370000005
v -0.00214022677 -0.00770840002 0.0370000005
v -0.00448949635 -0.00662151212 0.0370000005
v -0.0075812256 -0.00255441223 0.0370000005
v -0.00781296473 -0.0017197635 0.0370000005
v -0.00636874465 -0.00484139379 0.0370000005
v -0.00685485732 -0.00412443094 0.0370000005
v -0.00449999981 -0.00661352742 0.0370000005
v -0.00795310363 -0.000864952162 0.0370000005
v -0.00726060336 -0.00335911289 0.0370000005
v -0.00580796413 -0.00550159579 0.0370000005
v -0.00517909043 -0.00609729625 0.0370000005
v -0.00517909043 0.00609729625 0.0370000005
v -0.00449999981 0.00661352742 0.0370000005
v -0.00580796413 0.00550159579 0.0370000005
v -0.00685485732 0.00412443094 0.0370000005
v -0.00636874465 0.00484139379 0.0370000005
v -0.00781296473 0.0017197635 0.0370000005
v -0.00726060336 0.00335911289 0.0370000005
v -0.0075812256 0.00255441223 0.0370000005
v -0.00800000038 1.46957611e-18 0.0370000005
v -0.00795310363 0.000864952162 0.0370000005
v -0.00448949635 0.00662151212 0.0370000005
v -0.0029611052 0.00743181398 0.0370000005
v -0.00214022677 0.00770840002 0.0370000005
v -0.00374726742 0.00706809619 0.0370000005
v -0.00449999981 0.0102500003 0.0370000005
v -0.000433111272 0.00798826758 0.0370000005
v 0.000433111272 0.00798826758 0.0370000005
v 0.00129425596 0.00789461192 0.0370000005
v 0.001383355 0.00787500013 0.0370000005
v -0.00129425596 0.00789461192 0.0370000005
v -0.001383355 0.00787500013 0.0370000005
v 0.00214022677 0.00770840002 0.0370000005
v 0.0029611052 0.00743181398 0.0370000005
v 0.00374726742 0.00706809619 0.0370000005
v 0.00448949635 0.00662151212 0.0370000005
v 0.00449999981 0.00661352742 0.0370000005
v 0.0075812256 0.00255441223 0.0370000005
v 0.00781296473 0.0017197635 0.0370000005
v 0.00517909043 0.00609729625 0.0370000005
v 0.00726060336 0.00335911289 0.0370000005
v 0.00580796413 0.00550159579 0.0370000005
v 0.00685485732 0.00412443094 0.0370000005
v 0.00636874465 0.00484139379 0.0370000005
v 0.00795310363 0.000864952162 0.0370000005
v 0.0116372043 0.00575146638 0.0370000005
v 0.0115295611 0.00576317357 0.0370000005
v 0.0118531249 0.00576317357 0.0370000005
v 0.0117454818 0.00575146638 0.0370000005
v 0.0116372043 0.00774853351 0.0370000005
v 0.0117454818 0.00774853351 0.0370000005
v 0.0167333893 0.00787500013 0.0370000005
v 0.011958871 0.00771354977 0.0370000005
v 0.0120614814 0.00767897675 0.0370000005
v 0.0107436897 0.00706930133 0.0370000005
v 0.0107837673 0.00716988929 0.0370000005
v 0.0107436897 0.00643069856 0.0370000005
v 0.0110439565 0.00598783791 0.0370000005
v 0.0109653473 0.00606230041 0.0370000005
v 0.0113212047 0.00582102314 0.0370000005
v 0.0112229344 0.00586648798 0.0370000005
v 0.011423815 0.00578645011 0.0370000005
v 0.0124173388 0.00606230041 0.0370000005
v 0.0185000002 9.55224532e-18 0.0370000005
v 0.0183915514 0.00200020173 0.0370000005
v 0.0124173388 0.00743769947 0.0370000005
v 0.0124874357 0.00735517405 0.0370000005
v 0.0121597517 0.00763351191 0.0370000005
v 0.0115295611 0.00773682632 0.0370000005
v 0.011130156 0.0075776889 0.0370000005
v 0.011191343 0.0076160254 0.0370000005
v 0.0107147228 0.00696497038 0.0370000005
v 0.0107147228 0.0065350295 0.0370000005
v 0.0108344862 0.00623444607 0.0370000005
v 0.0107837673 0.00633011106 0.0370000005
v 0.0108952494 0.00614482583 0.0370000005
v 0.011958871 0.00578645011 0.0370000005
v 0.0121597517 0.00586648798 0.0370000005
v 0.0120614814 0.00582102314 0.0370000005
v 0.0123387296 0.00598783791 0.0370000005
v 0.0125481999 0.00623444607 0.0370000005
v 0.0124874357 0.00614482583 0.0370000005
v 0.0126389964 0.00643069856 0.0370000005
v 0.018067481 0.00397695322 0.0370000005
v 0.0175315831 0.00590707827 0.0370000005
v 0.0123387296 0.00751216197 0.0370000005
v 0.0122525301 0.0075776889 0.0370000005
v 0.0118531249 0.00773682632 0.0370000005
v 0.0112229344 0.00763351191 0.0370000005
v 0.0106972046 0.00685811881 0.0370000005
v 0.011130156 0.00592231099 0.0370000005
v 0.0122525301 0.00592231099 0.0370000005
v 0.0126679633 0.0065350295 0.0370000005
v 0.011423815 0.00771354977 0.0370000005
v 0.0110439565 0.00751216197 0.0370000005
v 0.0106913429 0.00675000018 0.0370000005
v 0.0106972046 0.00664188107 0.0370000005
v 0.0126854805 0.00664188107 0.0370000005
v 0.0126854805 0.00685811881 0.0370000005
v 0.016790146 0.00776794832 0.0370000005
v 0.0113212047 0.00767897675 0.0370000005
v 0.0108344862 0.00726555381 0.0370000005
v 0.0108952494 0.00735517405 0.0370000005
v 0.0125989188 0.00633011106 0.0370000005
v 0.0126389964 0.00706930133 0.0370000005
v 0.0126679633 0.00696497038 0.0370000005
v 0.0125481999 0.00726555381 0.0370000005
v 0.0125989188 0.00716988929 0.0370000005
v 0.0109653473 0.00743769947 0.0370000005
v 0.0126913432 0.00675000018 0.0370000005
v 0.0158518571 0.0095377462 0.0370000005
v 0.0153689375 0.0102500003 0.0370000005
v 0.00934567116 0.0102500003 0.0370000005
v 0.0147277219 0.011195723 0.0370000005
v 0.0134309167 0.0127224401 0.0370000005
v 0.0119766463 0.0140999984 0.0370000005
v 0.0103819603 0.015312246 0.0370000005
v 0.00866555609 0.016344972 0.0370000005
v 0.00684755575 0.0171860699 0.0370000005
v 0.00494927447 0.0178256743 0.0370000005
v 0.00934567116 0.0159357619 0.0370000005
v -0.00100000005 0.0135000004 0.0370000005
v -0.000994137954 0.0136081195 0.0370000005
v -0.00449999981 0.0179245677 0.0370000005
v -0.000976620591 0.0132850297 0.0370000005
v -0.000994137954 0.0133918812 0.0370000005
v 0.000647386303 0.0142621621 0.0370000005
v 0.00449999981 0.0179245677 0.0370000005
v 0.00299296691 0.0182562899 0.0370000005
v -0.000907575421 0.0130801108 0.0370000005
v -0.0009476532 0.0131806983 0.0370000005
v 0.000994137954 0.0136081195 0.0370000005
v 0.000725995516 0.0141876992 0.0370000005
v 0.000796093082 0.0141051738 0.0370000005
v 0.000468408427 0.0143835116 0.0370000005
v 0.000561187044 0.0143276891 0.0370000005
v -0.000796093082 0.0141051738 0.0370000005
v -0.000725995516 0.0141876992 0.0370000005
v -0.000907575421 0.013919889 0.0370000005
v -0.000856857165 0.0140155535 0.0370000005
v -0.000976620591 0.0137149701 0.0370000005
v -0.0009476532 0.0138193015 0.0370000005
v 0.000976620591 0.0137149701 0.0370000005
v 0.000907575421 0.013919889 0.0370000005
v 0.0009476532 0.0138193015 0.0370000005
v 0.000856857165 0.0140155535 0.0370000005
v 0.00037013815 0.0144289769 0.0370000005
v 0.00100156979 0.0184728689 0.0370000005
v 0.000267528347 0.0144635504 0.0370000005
v -0.000647386303 0.0142621621 0.0370000005
v -0.000561187044 0.0143276891 0.0370000005
v -0.00299296691 0.0182562899 0.0370000005
v -0.000796093082 0.012894826 0.0370000005
v -0.000856857165 0.0129844462 0.0370000005
v -0.000647386303 0.0127378376 0.0370000005
v -0.000725995516 0.0128123006 0.0370000005
v -0.000267528347 0.0125364503 0.0370000005
v -0.00037013815 0.0125710228 0.0370000005
v -5.4138909e-05 0.012501467 0.0370000005
v -0.000161781994 0.0125131737 0.0370000005
v 5.4138909e-05 0.0144985337 0.0370000005
v 0.000161781994 0.014486827 0.0370000005
v -0.00100156979 0.0184728689 0.0370000005
v -0.000267528347 0.0144635504 0.0370000005
v -0.000161781994 0.014486827 0.0370000005
v -0.00037013815 0.0144289769 0.0370000005
v -0.000468408427 0.0126164882 0.0370000005
v -0.000561187044 0.0126723107 0.0370000005
v 0.000267528347 0.0125364503 0.0370000005
v 0.000161781994 0.0125131737 0.0370000005
v 0.000468408427 0.0126164882 0.0370000005
v 0.00037013815 0.0125710228 0.0370000005
v 0.000796093082 0.012894826 0.0370000005
v 0.000725995516 0.0128123006 0.0370000005
v 0.000907575421 0.0130801108 0.0370000005
v 0.000856857165 0.0129844462 0.0370000005
v 0.000976620591 0.0132850297 0.0370000005
v 0.0009476532 0.0131806983 0.0370000005
v 0.00100000005 0.0135000004 0.0370000005
v 0.000994137954 0.0133918812 0.0370000005
v -0.000468408427 0.0143835116 0.0370000005
v 0.000647386303 0.0127378376 0.0370000005
v 0.000561187044 0.0126723107 0.0370000005
v -5.4138909e-05 0.0144985337 0.0370000005
v 5.4138909e-05 0.012501467 0.0370000005
v -0.00866555609 0.016344972 0.0370000005
v -0.00934567116 0.0159357619 0.0370000005
v -0.00684755575 0.0171860699 0.0370000005
v -0.00494927447 0.0178256743 0.0370000005
v -0.0119766463 0.0140999984 0.0370000005
v -0.0134309167 0.0127224401 0.0370000005
v -0.0147277219 0.011195723 0.0370000005
v -0.0103819603 0.015312246 0.0370000005
v -0.0153689375 0.0102500003 0.0370000005
v -0.0155956717 0.00991559308 0.0370000005
v -0.0158518571 0.0095377462 0.0370000005
v -0.016790146 0.00776794832 0.0370000005
v -0.0175315831 0.00590707827 0.0370000005
v -0.018067481 0.00397695322 0.0370000005
v -0.0183915514 0.00200020173 0.0370000005
v -0.0167333893 0.00787500013 0.0370000005
v -0.0175315831 -0.00590707827 0.0370000005
v -0.016790146 -0.00776794832 0.0370000005
v -0.018067481 -0.00397695322 0.0370000005
v -0.0185000002 2.75545525e-18 0.0370000005
v -0.0183915514 -0.00200020173 0.0370000005
v -0.0167333893 -0.00787500013 0.0370000005
v -0.0158518571 -0.0095377462 0.0370000005
v -0.0155956717 -0.00991559308 0.0370000005
v -0.0153689375 -0.0102500003 0.0370000005
v -0.0134309167 -0.0127224401 0.0370000005
v -0.0119766463 -0.0140999984 0.0370000005
v -0.0147277219 -0.011195723 0.0370000005
v -0.0103819603 -0.015312246 0.0370000005
v -0.00934567116 -0.0159357619 0.0370000005
v -0.00684755575 -0.0171860699 0.0370000005
v -0.00494927447 -0.0178256743 0.0370000005
v -0.00866555609 -0.016344972 0.0370000005
v 0.00100156979 -0.0184728689 0.0370000005
v 5.4138909e-05 -0.0144985337 0.0370000005
v -4.93913835e-19 -0.0144999996 0.0370000005
v -0.00100156979 -0.0184728689 0.0370000005
v 0.000161781994 -0.014486827 0.0370000005
v -0.00449999981 -0.0179245677 0.0370000005
v -0.000994137954 -0.0136081195 0.0370000005
v -5.4138909e-05 -0.0144985337 0.0370000005
v -0.00100000005 -0.0135000004 0.0370000005
v -0.000994137954 -0.0133918812 0.0370000005
v -0.000976620591 -0.0137149701 0.0370000005
v -0.000161781994 -0.014486827 0.0370000005
v 0.00299296691 -0.0182562899 0.0370000005
v 0.00037013815 -0.0144289769 0.0370000005
v -0.000907575421 -0.013919889 0.0370000005
v -0.0009476532 -0.0138193015 0.0370000005
v -0.000267528347 -0.0144635504 0.0370000005
v -0.00037013815 -0.0144289769 0.0370000005
v 0.000267528347 -0.0144635504 0.0370000005
v 0.000468408427 -0.0143835116 0.0370000005
v -0.000796093082 -0.012894826 0.0370000005
v -0.000725995516 -0.0128123006 0.0370000005
v -0.000907575421 -0.0130801108 0.0370000005
v -0.000856857165 -0.0129844462 0.0370000005
v -0.000976620591 -0.0132850297 0.0370000005
v -0.0009476532 -0.0131806983 0.0370000005
v -0.000647386303 -0.0142621621 0.0370000005
v -0.00299296691 -0.0182562899 0.0370000005
v 0.000725995516 -0.0128123006 0.0370000005
v 0.000796093082 -0.012894826 0.0370000005
v -0.000796093082 -0.0141051738 0.0370000005
v -0.000856857165 -0.0140155535 0.0370000005
v -0.000725995516 -0.0141876992 0.0370000005
v -0.000468408427 -0.0143835116 0.0370000005
v -0.000561187044 -0.0143276891 0.0370000005
v 0.000647386303 -0.0142621621 0.0370000005
v 0.000561187044 -0.0143276891 0.0370000005
v 0.000976620591 -0.0132850297 0.0370000005
v 0.000994137954 -0.0133918812 0.0370000005
v 0.000907575421 -0.0130801108 0.0370000005
v 0.0009476532 -0.0131806983 0.0370000005
v 0.000856857165 -0.0129844462 0.0370000005
v 0.000468408427 -0.0126164882 0.0370000005
v 0.000561187044 -0.0126723107 0.0370000005
v 0.000267528347 -0.0125364503 0.0370000005
v 0.00037013815 -0.0125710228 0.0370000005
v -0.000267528347 -0.0125364503 0.0370000005
v -0.000161781994 -0.0125131737 0.0370000005
v -0.000647386303 -0.0127378376 0.0370000005
v -0.000561187044 -0.0126723107 0.0370000005
v 0.00449999981 -0.0179245677 0.0370000005
v 0.00100000005 -0.0135000004 0.0370000005
v 0.000994137954 -0.0136081195 0.0370000005
v 0.000647386303 -0.0127378376 0.0370000005
v 5.4138909e-05 -0.012501467 0.0370000005
v 0.000161781994 -0.0125131737 0.0370000005
v -0.00037013815 -0.0125710228 0.0370000005
v -0.000468408427 -0.0126164882 0.0370000005
v 0.000796093082 -0.0141051738 0.0370000005
v 0.000725995516 -0.0141876992 0.0370000005
v 0.000907575421 -0.013919889 0.0370000005
v 0.000856857165 -0.0140155535 0.0370000005
v 0.000976620591 -0.0137149701 0.0370000005
v 0.0009476532 -0.0138193015 0.0370000005
v -5.4138909e-05 -0.012501467 0.0370000005
v 0.00866555609 -0.016344972 0.0370000005
v 0.00934567116 -0.0159357619 0.0370000005
v 0.00494927447 -0.0178256743 0.0370000005
v 0.00684755575 -0.0171860699 0.0370000005
v 0.0119766463 -0.0140999984 0.0370000005
v 0.0134309167 -0.0127224401 0.0370000005
v 0.0147277219 -0.011195723 0.0370000005
v 0.0103819603 -0.015312246 0.0370000005
v 0.0153689375 -0.0102500003 0.0370000005
v 0.0158518571 -0.0095377462 0.0370000005
v 0.0167333893 -0.00787500013 0.0370000005
v 0.0118531249 -0.00773682632 0.0370000005
v 0.0117454818 -0.00774853351 0.0370000005
v 0.0121597517 -0.00586648798 0.0370000005
v 0.0121913431 -0.00588397449 0.0370000005
v 0.0116372043 -0.00774853351 0.0370000005
v 0.0115295611 -0.00773682632 0.0370000005
v 0.0124173388 -0.00606230041 0.0370000005
v 0.0124874357 -0.00614482583 0.0370000005
v 0.0183915514 -0.00200020173 0.0370000005
v 0.0120614814 -0.00582102314 0.0370000005
v 0.0116372043 -0.00575146638 0.0370000005
v 0.0117454818 -0.00575146638 0.0370000005
v 0.0122525301 -0.00592231099 0.0370000005
v 0.0118531249 -0.00576317357 0.0370000005
v 0.011958871 -0.00578645011 0.0370000005
v 0.0115295611 -0.00576317357 0.0370000005
v 0.0107436897 -0.00643069856 0.0370000005
v 0.0107837673 -0.00633011106 0.0370000005
v 0.0107147228 -0.0065350295 0.0370000005
v 0.0110439565 -0.00751216197 0.0370000005
v 0.0109653473 -0.00743769947 0.0370000005
v 0.0113212047 -0.00767897675 0.0370000005
v 0.0112229344 -0.00763351191 0.0370000005
v 0.011423815 -0.00771354977 0.0370000005
v 0.0123387296 -0.00598783791 0.0370000005
v 0.0107436897 -0.00706930133 0.0370000005
v 0.0107147228 -0.00696497038 0.0370000005
v 0.0108344862 -0.00726555381 0.0370000005
v 0.0107837673 -0.00716988929 0.0370000005
v 0.0108952494 -0.00735517405 0.0370000005
v 0.0121597517 -0.00763351191 0.0370000005
v 0.0120614814 -0.00767897675 0.0370000005
v 0.0124173388 -0.00743769947 0.0370000005
v 0.0123387296 -0.00751216197 0.0370000005
v 0.0125481999 -0.00726555381 0.0370000005
v 0.0124874357 -0.00735517405 0.0370000005
v 0.011423815 -0.00578645011 0.0370000005
v 0.0106972046 -0.00664188107 0.0370000005
v 0.011130156 -0.0075776889 0.0370000005
v 0.011958871 -0.00771354977 0.0370000005
v 0.0122525301 -0.0075776889 0.0370000005
v 0.0126679633 -0.00696497038 0.0370000005
v 0.0126389964 -0.00706930133 0.0370000005
v 0.0126854805 -0.00685811881 0.0370000005
v 0.0112229344 -0.00586648798 0.0370000005
v 0.0113212047 -0.00582102314 0.0370000005
v 0.0106913429 -0.00675000018 0.0370000005
v 0.0106972046 -0.00685811881 0.0370000005
v 0.016790146 -0.00776794832 0.0370000005
v 0.0126389964 -0.00643069856 0.0370000005
v 0.0126679633 -0.0065350295 0.0370000005
v 0.0175315831 -0.00590707827 0.0370000005
v 0.0125481999 -0.00623444607 0.0370000005
v 0.0125989188 -0.00633011106 0.0370000005
v 0.018067481 -0.00397695322 0.0370000005
v 0.0110439565 -0.00598783791 0.0370000005
v 0.011130156 -0.00592231099 0.0370000005
v 0.0108344862 -0.00623444607 0.0370000005
v 0.0108952494 -0.00614482583 0.0370000005
v 0.0125989188 -0.00716988929 0.0370000005
v 0.0126913432 -0.00675000018 0.0370000005
v 0.0109653473 -0.00606230041 0.0370000005
v 0.0126854805 -0.00664188107 0.0370000005
v 0.0126854805 -0.00685811881 0.0370000005
v 0.0126913432 -0.00675000018 0.0370000005
v 0.0126913432 -0.00675000018 0.0329999998
v 0.0126679633 -0.00696497038 0.0370000005
v 0.0126854805 -0.00685811881 0.0329999998
v 0.0126389964 -0.00706930133 0.0370000005
v 0.0126679633 -0.00696497038 0.0329999998
v 0.0125989188 -0.00716988929 0.0370000005
v 0.0126389964 -0.00706930133 0.0329999998
v 0.0125481999 -0.00726555381 0.0370000005
v 0.0125989188 -0.00716988929 0.0329999998
v 0.0124874357 -0.00735517405 0.0370000005
v 0.0125481999 -0.00726555381 0.0329999998
v 0.0124173388 -0.00743769947 0.0370000005
v 0.0124874357 -0.00735517405 0.0329999998
v 0.0123387296 -0.00751216197 0.0370000005
v 0.0124173388 -0.00743769947 0.0329999998
v 0.0122525301 -0.0075776889 0.0370000005
v 0.0123387296 -0.00751216197 0.0329999998
v 0.0121597517 -0.00763351191 0.0370000005
v 0.0122525301 -0.0075776889 0.0329999998
v 0.0120614814 -0.00767897675 0.0370000005
v 0.0121597517 -0.00763351191 0.0329999998
v 0.011958871 -0.00771354977 0.0370000005
v 0.0120614814 -0.00767897675 0.0329999998
v 0.0118531249 -0.00773682632 0.0370000005
v 0.011958871 -0.00771354977 0.0329999998
v 0.0117454818 -0.00774853351 0.0370000005
v 0.0118531249 -0.00773682632 0.0329999998
v 0.0116372043 -0.00774853351 0.0370000005
v 0.0117454818 -0.00774853351 0.0329999998
v 0.0115295611 -0.00773682632 0.0370000005
v 0.0116372043 -0.00774853351 0.0329999998
v 0.011423815 -0.00771354977 0.0370000005
v 0.0115295611 -0.00773682632 0.0329999998
v 0.0113212047 -0.00767897675 0.0370000005
v 0.011423815 -0.00771354977 0.0329999998
v 0.0112229344 -0.00763351191 0.0370000005
v 0.0113212047 -0.00767897675 0.0329999998
v 0.011130156 -0.0075776889 0.0370000005
v 0.0112229344 -0.00763351191 0.0329999998
v 0.0110439565 -0.00751216197 0.0370000005
v 0.011130156 -0.0075776889 0.0329999998
v 0.0109653473 -0.00743769947 0.0370000005
v 0.0110439565 -0.00751216197 0.0329999998
v 0.0108952494 -0.00735517405 0.0370000005
v 0.0109653473 -0.00743769947 0.0329999998
v 0.0108344862 -0.00726555381 0.0370000005
v 0.0108952494 -0.00735517405 0.0329999998
v 0.0107837673 -0.00716988929 0.0370000005
v 0.0108344862 -0.00726555381 0.0329999998
v 0.0107436897 -0.00706930133 0.0370000005
v 0.0107837673 -0.00716988929 0.0329999998
v 0.0107147228 -0.00696497038 0.0370000005
v 0.0107436897 -0.00706930133 0.0329999998
v 0.0106972046 -0.00685811881 0.0370000005
v 0.0107147228 -0.00696497038 0.0329999998
v 0.0106913429 -0.00675000018 0.0370000005
v 0.0106972046 -0.00685811881 0.0329999998
v 0.0106972046 -0.00664188107 0.0370000005
v 0.0106913429 -0.00675000018 0.0329999998
v 0.0107147228 -0.0065350295 0.0370000005
v 0.0106972046 -0.00664188107 0.0329999998
v 0.0107436897 -0.00643069856 0.0370000005
v 0.0107147228 -0.0065350295 0.0329999998
v 0.0107837673 -0.00633011106 0.0370000005
v 0.0107436897 -0.00643069856 0.0329999998
v 0.0108344862 -0.00623444607 0.0370000005
v 0.0107837673 -0.00633011106 0.0329999998
v 0.0108952494 -0.00614482583 0.0370000005
v 0.0108344862 -0.00623444607 0.0329999998
v 0.0109653473 -0.00606230041 0.0370000005
v 0.0108952494 -0.00614482583 0.0329999998
v 0.0110439565 -0.00598783791 0.0370000005
v 0.0109653473 -0.00606230041 0.0329999998
v 0.011130156 -0.00592231099 0.0370000005
v 0.0110439565 -0.00598783791 0.0329999998
v 0.0112229344 -0.00586648798 0.0370000005
v 0.011130156 -0.00592231099 0.0329999998
v 0.0113212047 -0.00582102314 0.0370000005
v 0.0112229344 -0.00586648798 0.0329999998
v 0.011423815 -0.00578645011 0.0370000005
v 0.0113212047 -0.00582102314 0.0329999998
v 0.0115295611 -0.00576317357 0.0370000005
v 0.011423815 -0.00578645011 0.0329999998
v 0.0116372043 -0.00575146638 0.0370000005
v 0.0115295611 -0.00576317357 0.0329999998
v 0.0117454818 -0.00575146638 0.0370000005
v 0.0116372043 -0.00575146638 0.0329999998
v 0.0118531249 -0.00576317357 0.0370000005
v 0.0117454818 -0.00575146638 0.0329999998
v 0.011958871 -0.00578645011 0.0370000005
v 0.0118531249 -0.00576317357 0.0329999998
v 0.0120614814 -0.00582102314 0.0370000005
v 0.011958871 -0.00578645011 0.0329999998
v 0.0121597517 -0.00586648798 0.0370000005
v 0.0120614814 -0.00582102314 0.0329999998
v 0.0122525301 -0.00592231099 0.0370000005
v 0.0121913431 -0.00588397449 0.0370000005
v 0.0121913431 -0.00588397449 0.0329999998
v 0.0121597517 -0.00586648798 0.0329999998
v 0.0123387296 -0.00598783791 0.0370000005
v 0.0122525301 -0.00592231099 0.0329999998
v 0.0124173388 -0.00606230041 0.0370000005
v 0.0123387296 -0.00598783791 0.0329999998
v 0.0124874357 -0.00614482583 0.0370000005
v 0.0124173388 -0.00606230041 0.0329999998
v 0.0125481999 -0.00623444607 0.0370000005
v 0.0124874357 -0.00614482583 0.0329999998
v 0.0125989188 -0.00633011106 0.0370000005
v 0.0125481999 -0.00623444607 0.0329999998
v 0.0126389964 -0.00643069856 0.0370000005
v 0.0125989188 -0.00633011106 0.0329999998
v 0.0126679633 -0.0065350295 0.0370000005
v 0.0126389964 -0.00643069856 0.0329999998
v 0.0126854805 -0.00664188107 0.0370000005
v 0.0126679633 -0.0065350295 0.0329999998
v 0.0126854805 -0.00664188107 0.0329999998
v 0.011691343 -0.00675000018 0.0329999998
v 0.0121597517 -0.00586648798 0.0329999998
v 0.0120614814 -0.00582102314 0.0329999998
v 0.011958871 -0.00578645011 0.0329999998
v 0.0118531249 -0.00576317357 0.0329999998
v 0.0117454818 -0.00575146638 0.0329999998
v 0.0116372043 -0.00575146638 0.0329999998
v 0.0115295611 -0.00576317357 0.0329999998
v 0.011423815 -0.00578645011 0.0329999998
v 0.0113212047 -0.00582102314 0.0329999998
v 0.0112229344 -0.00586648798 0.0329999998
v 0.011130156 -0.00592231099 0.0329999998
v 0.0110439565 -0.00598783791 0.0329999998
v 0.0109653473 -0.00606230041 0.0329999998
v 0.0108952494 -0.00614482583 0.0329999998
v 0.0108344862 -0.00623444607 0.0329999998
v 0.0107837673 -0.00633011106 0.0329999998
v 0.0107436897 -0.00643069856 0.0329999998
v 0.0107147228 -0.0065350295 0.0329999998
v 0.0106972046 -0.00664188107 0.0329999998
v 0.0106913429 -0.00675000018 0.0329999998
v 0.0106972046 -0.00685811881 0.0329999998
v 0.0107147228 -0.00696497038 0.0329999998
v 0.0107436897 -0.00706930133 0.0329999998
v 0.0107837673 -0.00716988929 0.0329999998
v 0.0108344862 -0.00726555381 0.0329999998
v 0.0108952494 -0.00735517405 0.0329999998
v 0.0109653473 -0.00743769947 0.0329999998
v 0.0110439565 -0.00751216197 0.0329999998
v 0.011130156 -0.0075776889 0.0329999998
v 0.0112229344 -0.00763351191 0.0329999998
v 0.0113212047 -0.00767897675 0.0329999998
v 0.011423815 -0.00771354977 0.0329999998
v 0.0115295611 -0.00773682632 0.0329999998
v 0.0116372043 -0.00774853351 0.0329999998
v 0.0117454818 -0.00774853351 0.0329999998
v 0.0118531249 -0.00773682632 0.0329999998
v 0.011958871 -0.00771354977 0.0329999998
v 0.0120614814 -0.00767897675 0.0329999998
v 0.0121597517 -0.00763351191 0.0329999998
v 0.0122525301 -0.0075776889 0.0329999998
v 0.0123387296 -0.00751216197 0.0329999998
v 0.0124173388 -0.00743769947 0.0329999998
v 0.0124874357 -0.00735517405 0.0329999998
v 0.0125481999 -0.00726555381 0.0329999998
v 0.0125989188 -0.00716988929 0.0329999998
v 0.0126389964 -0.00706930133 0.0329999998
v 0.0126679633 -0.00696497038 0.0329999998
v 0.0126854805 -0.00685811881 0.0329999998
v 0.0126913432 -0.00675000018 0.0329999998
v 0.0126854805 -0.00664188107 0.0329999998
v 0.0126679633 -0.0065350295 0.0329999998
v 0.0126389964 -0.00643069856 0.0329999998
v 0.0125989188 -0.00633011106 0.0329999998
v 0.0125481999 -0.00623444607 0.0329999998
v 0.0124874357 -0.00614482583 0.0329999998
v 0.0124173388 -0.00606230041 0.0329999998
v 0.0123387296 -0.00598783791 0.0329999998
v 0.0122525301 -0.00592231099 0.0329999998
v 0.0121913431 -0.00588397449 0.0329999998
v 0.0126854805 0.00664188107 0.0370000005
v 0.0126913432 0.00675000018 0.0370000005
v 0.0126913432 0.00675000018 0.0329999998
v 0.0126679633 0.0065350295 0.0370000005
v 0.0126854805 0.00664188107 0.0329999998
v 0.0126389964 0.00643069856 0.0370000005
v 0.0126679633 0.0065350295 0.0329999998
v 0.0125989188 0.00633011106 0.0370000005
v 0.0126389964 0.00643069856 0.0329999998
v 0.0125481999 0.00623444607 0.0370000005
v 0.0125989188 0.00633011106 0.0329999998
v 0.0124874357 0.00614482583 0.0370000005
v 0.0125481999 0.00623444607 0.0329999998
v 0.0124173388 0.00606230041 0.0370000005
v 0.0124874357 0.00614482583 0.0329999998
v 0.0123387296 0.00598783791 0.0370000005
v 0.0124173388 0.00606230041 0.0329999998
v 0.0122525301 0.00592231099 0.0370000005
v 0.0123387296 0.00598783791 0.0329999998
v 0.0121597517 0.00586648798 0.0370000005
v 0.0122525301 0.00592231099 0.0329999998
v 0.0120614814 0.00582102314 0.0370000005
v 0.0121597517 0.00586648798 0.0329999998
v 0.011958871 0.00578645011 0.0370000005
v 0.0120614814 0.00582102314 0.0329999998
v 0.0118531249 0.00576317357 0.0370000005
v 0.011958871 0.00578645011 0.0329999998
v 0.0117454818 0.00575146638 0.0370000005
v 0.0118531249 0.00576317357 0.0329999998
v 0.0116372043 0.00575146638 0.0370000005
v 0.0117454818 0.00575146638 0.0329999998
v 0.0115295611 0.00576317357 0.0370000005
v 0.0116372043 0.00575146638 0.0329999998
v 0.011423815 0.00578645011 0.0370000005
v 0.0115295611 0.00576317357 0.0329999998
v 0.0113212047 0.00582102314 0.0370000005
v 0.011423815 0.00578645011 0.0329999998
v 0.0112229344 0.00586648798 0.0370000005
v 0.0113212047 0.00582102314 0.0329999998
v 0.011130156 0.00592231099 0.0370000005
v 0.0112229344 0.00586648798 0.0329999998
v 0.0110439565 0.00598783791 0.0370000005
v 0.011130156 0.00592231099 0.0329999998
v 0.0109653473 0.00606230041 0.0370000005
v 0.0110439565 0.00598783791 0.0329999998
v 0.0108952494 0.00614482583 0.0370000005
v 0.0109653473 0.00606230041 0.0329999998
v 0.0108344862 0.00623444607 0.0370000005
v 0.0108952494 0.00614482583 0.0329999998
v 0.0107837673 0.00633011106 0.0370000005
v 0.0108344862 0.00623444607 0.0329999998
v 0.0107436897 0.00643069856 0.0370000005
v 0.0107837673 0.00633011106 0.0329999998
v 0.0107147228 0.0065350295 0.0370000005
v 0.0107436897 0.00643069856 0.0329999998
v 0.0106972046 0.00664188107 0.0370000005
v 0.0107147228 0.0065350295 0.0329999998
v 0.0106913429 0.00675000018 0.0370000005
v 0.0106972046 0.00664188107 0.0329999998
v 0.0106972046 0.00685811881 0.0370000005
v 0.0106913429 0.00675000018 0.0329999998
v 0.0107147228 0.00696497038 0.0370000005
v 0.0106972046 0.00685811881 0.0329999998
v 0.0107436897 0.00706930133 0.0370000005
v 0.0107147228 0.00696497038 0.0329999998
v 0.0107837673 0.00716988929 0.0370000005
v 0.0107436897 0.00706930133 0.0329999998
v 0.0108344862 0.00726555381 0.0370000005
v 0.0107837673 0.00716988929 0.0329999998
v 0.0108952494 0.00735517405 0.0370000005
v 0.0108344862 0.00726555381 0.0329999998
v 0.0109653473 0.00743769947 0.0370000005
v 0.0108952494 0.00735517405 0.0329999998
v 0.0110439565 0.00751216197 0.0370000005
v 0.0109653473 0.00743769947 0.0329999998
v 0.011130156 0.0075776889 0.0370000005
v 0.0110439565 0.00751216197 0.0329999998
v 0.0112229344 0.00763351191 0.0370000005
v 0.011191343 0.0076160254 0.0370000005
v 0.011191343 0.0076160254 0.0329999998
v 0.011130156 0.0075776889 0.0329999998
v 0.0113212047 0.00767897675 0.0370000005
v 0.0112229344 0.00763351191 0.0329999998
v 0.011423815 0.00771354977 0.0370000005
v 0.0113212047 0.00767897675 0.0329999998
v 0.0115295611 0.00773682632 0.0370000005
v 0.011423815 0.00771354977 0.0329999998
v 0.0116372043 0.00774853351 0.0370000005
v 0.0115295611 0.00773682632 0.0329999998
v 0.0117454818 0.00774853351 0.0370000005
v 0.0116372043 0.00774853351 0.0329999998
v 0.0118531249 0.00773682632 0.0370000005
v 0.0117454818 0.00774853351 0.0329999998
v 0.011958871 0.00771354977 0.0370000005
v 0.0118531249 0.00773682632 0.0329999998
v 0.0120614814 0.00767897675 0.0370000005
v 0.011958871 0.00771354977 0.0329999998
v 0.0121597517 0.00763351191 0.0370000005
v 0.0120614814 0.00767897675 0.0329999998
v 0.0122525301 0.0075776889 0.0370000005
v 0.0121597517 0.00763351191 0.0329999998
v 0.0123387296 0.00751216197 0.0370000005
v 0.0122525301 0.0075776889 0.0329999998
v 0.0124173388 0.00743769947 0.0370000005
v 0.0123387296 0.00751216197 0.0329999998
v 0.0124874357 0.00735517405 0.0370000005
v 0.0124173388 0.00743769947 0.0329999998
v 0.0125481999 0.00726555381 0.0370000005
v 0.0124874357 0.00735517405 0.0329999998
v 0.0125989188 0.00716988929 0.0370000005
v 0.0125481999 0.00726555381 0.0329999998
v 0.0126389964 0.00706930133 0.0370000005
v 0.0125989188 0.00716988929 0.0329999998
v 0.0126679633 0.00696497038 0.0370000005
v 0.0126389964 0.00706930133 0.0329999998
v 0.0126854805 0.00685811881 0.0370000005
v 0.0126679633 0.00696497038 0.0329999998
v 0.0126854805 0.00685811881 0.0329999998
v 0.011691343 0.00675000018 0.0329999998
v 0.011130156 0.0075776889 0.0329999998
v 0.0110439565 0.00751216197 0.0329999998
v 0.0109653473 0.00743769947 0.0329999998
v 0.0108952494 0.00735517405 0.0329999998
v 0.0108344862 0.00726555381 0.0329999998
v 0.0107837673 0.00716988929 0.0329999998
v 0.0107436897 0.00706930133 0.0329999998
v 0.0107147228 0.00696497038 0.0329999998
v 0.0106972046 0.00685811881 0.0329999998
v 0.0106913429 0.00675000018 0.0329999998
v 0.0106972046 0.00664188107 0.0329999998
v 0.0107147228 0.0065350295 0.0329999998
v 0.0107436897 0.00643069856 0.0329999998
v 0.0107837673 0.00633011106 0.0329999998
v 0.0108344862 0.00623444607 0.0329999998
v 0.0108952494 0.00614482583 0.0329999998
v 0.0109653473 0.00606230041 0.0329999998
v 0.0110439565 0.00598783791 0.0329999998
v 0.011130156 0.00592231099 0.0329999998
v 0.0112229344 0.00586648798 0.0329999998
v 0.0113212047 0.00582102314 0.0329999998
v 0.011423815 0.00578645011 0.0329999998
v 0.0115295611 0.00576317357 0.0329999998
v 0.0116372043 0.00575146638 0.0329999998
v 0.0117454818 0.00575146638 0.0329999998
v 0.0118531249 0.00576317357 0.0329999998
v 0.011958871 0.00578645011 0.0329999998
v 0.0120614814 0.00582102314 0.0329999998
v 0.0121597517 0.00586648798 0.0329999998
v 0.0122525301 0.00592231099 0.0329999998
v 0.0123387296 0.00598783791 0.0329999998
v 0.0124173388 0.00606230041 0.0329999998
v 0.0124874357 0.00614482583 0.0329999998
v 0.0125481999 0.00623444607 0.0329999998
v 0.0125989188 0.00633011106 0.0329999998
v 0.0126389964 0.00643069856 0.0329999998
v 0.0126679633 0.0065350295 0.0329999998
v 0.0126854805 0.00664188107 0.0329999998
v 0.0126913432 0.00675000018 0.0329999998
v 0.0126854805 0.00685811881 0.0329999998
v 0.0126679633 0.00696497038 0.0329999998
v 0.0126389964 0.00706930133 0.0329999998
v 0.0125989188 0.00716988929 0.0329999998
v 0.0125481999 0.00726555381 0.0329999998
v 0.0124874357 0.00735517405 0.0329999998
v 0.0124173388 0.00743769947 0.0329999998
v 0.0123387296 0.00751216197 0.0329999998
v 0.0122525301 0.0075776889 0.0329999998
v 0.0121597517 0.00763351191 0.0329999998
v 0.0120614814 0.00767897675 0.0329999998
v 0.011958871 0.00771354977 0.0329999998
v 0.0118531249 0.00773682632 0.0329999998
v 0.0117454818 0.00774853351 0.0329999998
v 0.0116372043 0.00774853351 0.0329999998
v 0.0115295611 0.00773682632 0.0329999998
v 0.011423815 0.00771354977 0.0329999998
v 0.0113212047 0.00767897675 0.0329999998
v 0.0112229344 0.00763351191 0.0329999998
v 0.011191343 0.0076160254 0.0329999998
v 0.000994137954 0.0133918812 0.0370000005
v 0.00100000005 0.0135000004 0.0370000005
v 0.00100000005 0.0135000004 0.0329999998
v 0.000976620591 0.0132850297 0.0370000005
v 0.000994137954 0.0133918812 0.0329999998
v 0.0009476532 0.0131806983 0.0370000005
v 0.000976620591 0.0132850297 0.0329999998
v 0.000907575421 0.0130801108 0.0370000005
v 0.0009476532 0.0131806983 0.0329999998
v 0.000856857165 0.0129844462 0.0370000005
v 0.000907575421 0.0130801108 0.0329999998
v 0.000796093082 0.012894826 0.0370000005
v 0.000856857165 0.0129844462 0.0329999998
v 0.000725995516 0.0128123006 0.0370000005
v 0.000796093082 0.012894826 0.0329999998
v 0.000647386303 0.0127378376 0.0370000005
v 0.000725995516 0.0128123006 0.0329999998
v 0.000561187044 0.0126723107 0.0370000005
v 0.000647386303 0.0127378376 0.0329999998
v 0.000468408427 0.0126164882 0.0370000005
v 0.000561187044 0.0126723107 0.0329999998
v 0.00037013815 0.0125710228 0.0370000005
v 0.000468408427 0.0126164882 0.0329999998
v 0.000267528347 0.0125364503 0.0370000005
v 0.00037013815 0.0125710228 0.0329999998
v 0.000161781994 0.0125131737 0.0370000005
v 0.000267528347 0.0125364503 0.0329999998
v 5.4138909e-05 0.012501467 0.0370000005
v 0.000161781994 0.0125131737 0.0329999998
v -5.4138909e-05 0.012501467 0.0370000005
v 5.4138909e-05 0.012501467 0.0329999998
v -0.000161781994 0.0125131737 0.0370000005
v -5.4138909e-05 0.012501467 0.0329999998
v -0.000267528347 0.0125364503 0.0370000005
v -0.000161781994 0.0125131737 0.0329999998
v -0.00037013815 0.0125710228 0.0370000005
v -0.000267528347 0.0125364503 0.0329999998
v -0.000468408427 0.0126164882 0.0370000005
v -0.00037013815 0.0125710228 0.0329999998
v -0.000561187044 0.0126723107 0.0370000005
v -0.000468408427 0.0126164882 0.0329999998
v -0.000647386303 0.0127378376 0.0370000005
v -0.000561187044 0.0126723107 0.0329999998
v -0.000725995516 0.0128123006 0.0370000005
v -0.000647386303 0.0127378376 0.0329999998
v -0.000796093082 0.012894826 0.0370000005
v -0.000725995516 0.0128123006 0.0329999998
v -0.000856857165 0.0129844462 0.0370000005
v -0.000796093082 0.012894826 0.0329999998
v -0.000907575421 0.0130801108 0.0370000005
v -0.000856857165 0.0129844462 0.0329999998
v -0.0009476532 0.0131806983 0.0370000005
v -0.000907575421 0.0130801108 0.0329999998
v -0.000976620591 0.0132850297 0.0370000005
v -0.0009476532 0.0131806983 0.0329999998
v -0.000994137954 0.0133918812 0.0370000005
v -0.000976620591 0.0132850297 0.0329999998
v -0.00100000005 0.0135000004 0.0370000005
v -0.000994137954 0.0133918812 0.0329999998
v -0.000994137954 0.0136081195 0.0370000005
v -0.00100000005 0.0135000004 0.0329999998
v -0.000976620591 0.0137149701 0.0370000005
v -0.000994137954 0.0136081195 0.0329999998
v -0.0009476532 0.0138193015 0.0370000005
v -0.000976620591 0.0137149701 0.0329999998
v -0.000907575421 0.013919889 0.0370000005
v -0.0009476532 0.0138193015 0.0329999998
v -0.000856857165 0.0140155535 0.0370000005
v -0.000907575421 0.013919889 0.0329999998
v -0.000796093082 0.0141051738 0.0370000005
v -0.000856857165 0.0140155535 0.0329999998
v -0.000725995516 0.0141876992 0.0370000005
v -0.000796093082 0.0141051738 0.0329999998
v -0.000647386303 0.0142621621 0.0370000005
v -0.000725995516 0.0141876992 0.0329999998
v -0.000561187044 0.0143276891 0.0370000005
v -0.000647386303 0.0142621621 0.0329999998
v -0.000468408427 0.0143835116 0.0370000005
v -0.000561187044 0.0143276891 0.0329999998
v -0.00037013815 0.0144289769 0.0370000005
v -0.000468408427 0.0143835116 0.0329999998
v -0.000267528347 0.0144635504 0.0370000005
v -0.00037013815 0.0144289769 0.0329999998
v -0.000161781994 0.014486827 0.0370000005
v -0.000267528347 0.0144635504 0.0329999998
v -5.4138909e-05 0.0144985337 0.0370000005
v -0.000161781994 0.014486827 0.0329999998
v 5.4138909e-05 0.0144985337 0.0370000005
v -5.4138909e-05 0.0144985337 0.0329999998
v 0.000161781994 0.014486827 0.0370000005
v 5.4138909e-05 0.0144985337 0.0329999998
v 0.000267528347 0.0144635504 0.0370000005
v 0.000161781994 0.014486827 0.0329999998
v 0.00037013815 0.0144289769 0.0370000005
v 0.000267528347 0.0144635504 0.0329999998
v 0.000468408427 0.0143835116 0.0370000005
v 0.00037013815 0.0144289769 0.0329999998
v 0.000561187044 0.0143276891 0.0370000005
v 0.000468408427 0.0143835116 0.0329999998
v 0.000647386303 0.0142621621 0.0370000005
v 0.000561187044 0.0143276891 0.0329999998
v 0.000725995516 0.0141876992 0.0370000005
v 0.000647386303 0.0142621621 0.0329999998
v 0.000796093082 0.0141051738 0.0370000005
v 0.000725995516 0.0141876992 0.0329999998
v 0.000856857165 0.0140155535 0.0370000005
v 0.000796093082 0.0141051738 0.0329999998
v 0.000907575421 0.013919889 0.0370000005
v 0.000856857165 0.0140155535 0.0329999998
v 0.0009476532 0.0138193015 0.0370000005
v 0.000907575421 0.013919889 0.0329999998
v 0.000976620591 0.0137149701 0.0370000005
v 0.0009476532 0.0138193015 0.0329999998
v 0.000994137954 0.0136081195 0.0370000005
v 0.000976620591 0.0137149701 0.0329999998
v 0.000994137954 0.0136081195 0.0329999998
v 1.73472348e-18 0.0135000004 0.0329999998
v -0.000994137954 0.0133918812 0.0329999998
v -0.000976620591 0.0132850297 0.0329999998
v -0.0009476532 0.0131806983 0.0329999998
v -0.000907575421 0.0130801108 0.0329999998
v -0.000856857165 0.0129844462 0.0329999998
v -0.000796093082 0.012894826 0.0329999998
v -0.000725995516 0.0128123006 0.0329999998
v -0.000647386303 0.0127378376 0.0329999998
v -0.000561187044 0.0126723107 0.0329999998
v -0.000468408427 0.0126164882 0.0329999998
v -0.00037013815 0.0125710228 0.0329999998
v -0.000267528347 0.0125364503 0.0329999998
v -0.000161781994 0.0125131737 0.0329999998
v -5.4138909e-05 0.012501467 0.0329999998
v 5.4138909e-05 0.012501467 0.0329999998
v 0.000161781994 0.0125131737 0.0329999998
v 0.000267528347 0.0125364503 0.0329999998
v 0.00037013815 0.0125710228 0.0329999998
v 0.000468408427 0.0126164882 0.0329999998
v 0.000561187044 0.0126723107 0.0329999998
v 0.000647386303 0.0127378376 0.0329999998
v 0.000725995516 0.0128123006 0.0329999998
v 0.000796093082 0.012894826 0.0329999998
v 0.000856857165 0.0129844462 0.0329999998
v 0.000907575421 0.0130801108 0.0329999998
v 0.0009476532 0.0131806983 0.0329999998
v 0.000976620591 0.0132850297 0.0329999998
v 0.000994137954 0.0133918812 0.0329999998
v 0.00100000005 0.0135000004 0.0329999998
v 0.000994137954 0.0136081195 0.0329999998
v 0.000976620591 0.0137149701 0.0329999998
v 0.0009476532 0.0138193015 0.0329999998
v 0.000907575421 0.013919889 0.0329999998
v 0.000856857165 0.0140155535 0.0329999998
v 0.000796093082 0.0141051738 0.0329999998
v 0.000725995516 0.0141876992 0.0329999998
v 0.000647386303 0.0142621621 0.0329999998
v 0.000561187044 0.0143276891 0.0329999998
v 0.000468408427 0.0143835116 0.0329999998
v 0.00037013815 0.0144289769 0.0329999998
v 0.000267528347 0.0144635504 0.0329999998
v 0.000161781994 0.014486827 0.0329999998
v 5.4138909e-05 0.0144985337 0.0329999998
v -5.4138909e-05 0.0144985337 0.0329999998
v -0.000161781994 0.014486827 0.0329999998
v -0.000267528347 0.0144635504 0.0329999998
v -0.00037013815 0.0144289769 0.0329999998
v -0.000468408427 0.0143835116 0.0329999998
v -0.000561187044 0.0143276891 0.0329999998
v -0.000647386303 0.0142621621 0.0329999998
v -0.000725995516 0.0141876992 0.0329999998
v -0.000796093082 0.0141051738 0.0329999998
v -0.000856857165 0.0140155535 0.0329999998
v -0.000907575421 0.013919889 0.0329999998
v -0.0009476532 0.0138193015 0.0329999998
v -0.000976620591 0.0137149701 0.0329999998
v -0.000994137954 0.0136081195 0.0329999998
v -0.00100000005 0.0135000004 0.0329999998
v -0.0106972046 0.00664188107 0.0370000005
v -0.0106913429 0.00675000018 0.0370000005
v -0.0106913429 0.00675000018 0.0329999998
v -0.0107147228 0.0065350295 0.0370000005
v -0.0106972046 0.00664188107 0.0329999998
v -0.0107436897 0.00643069856 0.0370000005
v -0.0107147228 0.0065350295 0.0329999998
v -0.0107837673 0.00633011106 0.0370000005
v -0.0107436897 0.00643069856 0.0329999998
v -0.0108344862 0.00623444607 0.0370000005
v -0.0107837673 0.00633011106 0.0329999998
v -0.0108952494 0.00614482583 0.0370000005
v -0.0108344862 0.00623444607 0.0329999998
v -0.0109653473 0.00606230041 0.0370000005
v -0.0108952494 0.00614482583 0.0329999998
v -0.0110439565 0.00598783791 0.0370000005
v -0.0109653473 0.00606230041 0.0329999998
v -0.011130156 0.00592231099 0.0370000005
v -0.0110439565 0.00598783791 0.0329999998
v -0.0112229344 0.00586648798 0.0370000005
v -0.011130156 0.00592231099 0.0329999998
v -0.0113212047 0.00582102314 0.0370000005
v -0.0112229344 0.00586648798 0.0329999998
v -0.011423815 0.00578645011 0.0370000005
v -0.0113212047 0.00582102314 0.0329999998
v -0.0115295611 0.00576317357 0.0370000005
v -0.011423815 0.00578645011 0.0329999998
v -0.0116372043 0.00575146638 0.0370000005
v -0.0115295611 0.00576317357 0.0329999998
v -0.0117454818 0.00575146638 0.0370000005
v -0.0116372043 0.00575146638 0.0329999998
v -0.0118531249 0.00576317357 0.0370000005
v -0.0117454818 0.00575146638 0.0329999998
v -0.011958871 0.00578645011 0.0370000005
v -0.0118531249 0.00576317357 0.0329999998
v -0.0120614814 0.00582102314 0.0370000005
v -0.011958871 0.00578645011 0.0329999998
v -0.0121597517 0.00586648798 0.0370000005
v -0.0120614814 0.00582102314 0.0329999998
v -0.0122525301 0.00592231099 0.0370000005
v -0.0121913431 0.00588397449 0.0370000005
v -0.0121913431 0.00588397449 0.0329999998
v -0.0121597517 0.00586648798 0.0329999998
v -0.0123387296 0.00598783791 0.0370000005
v -0.0122525301 0.00592231099 0.0329999998
v -0.0124173388 0.00606230041 0.0370000005
v -0.0123387296 0.00598783791 0.0329999998
v -0.0124874357 0.00614482583 0.0370000005
v -0.0124173388 0.00606230041 0.0329999998
v -0.0125481999 0.00623444607 0.0370000005
v -0.0124874357 0.00614482583 0.0329999998
v -0.0125989188 0.00633011106 0.0370000005
v -0.0125481999 0.00623444607 0.0329999998
v -0.0126389964 0.00643069856 0.0370000005
v -0.0125989188 0.00633011106 0.0329999998
v -0.0126679633 0.0065350295 0.0370000005
v -0.0126389964 0.00643069856 0.0329999998
v -0.0126854805 0.00664188107 0.0370000005
v -0.0126679633 0.0065350295 0.0329999998
v -0.0126913432 0.00675000018 0.0370000005
v -0.0126854805 0.00664188107 0.0329999998
v -0.0126854805 0.00685811881 0.0370000005
v -0.0126913432 0.00675000018 0.0329999998
v -0.0126679633 0.00696497038 0.0370000005
v -0.0126854805 0.00685811881 0.0329999998
v -0.0126389964 0.00706930133 0.0370000005
v -0.0126679633 0.00696497038 0.0329999998
v -0.0125989188 0.00716988929 0.0370000005
v -0.0126389964 0.00706930133 0.0329999998
v -0.0125481999 0.00726555381 0.0370000005
v -0.0125989188 0.00716988929 0.0329999998
v -0.0124874357 0.00735517405 0.0370000005
v -0.0125481999 0.00726555381 0.0329999998
v -0.0124173388 0.00743769947 0.0370000005
v -0.0124874357 0.00735517405 0.0329999998
v -0.0123387296 0.00751216197 0.0370000005
v -0.0124173388 0.00743769947 0.0329999998
v -0.0122525301 0.0075776889 0.0370000005
v -0.0123387296 0.00751216197 0.0329999998
v -0.0121597517 0.00763351191 0.0370000005
v -0.0122525301 0.0075776889 0.0329999998
v -0.0120614814 0.00767897675 0.0370000005
v -0.0121597517 0.00763351191 0.0329999998
v -0.011958871 0.00771354977 0.0370000005
v -0.0120614814 0.00767897675 0.0329999998
v -0.0118531249 0.00773682632 0.0370000005
v -0.011958871 0.00771354977 0.0329999998
v -0.0117454818 0.00774853351 0.0370000005
v -0.0118531249 0.00773682632 0.0329999998
v -0.0116372043 0.00774853351 0.0370000005
v -0.0117454818 0.00774853351 0.0329999998
v -0.0115295611 0.00773682632 0.0370000005
v -0.0116372043 0.00774853351 0.0329999998
v -0.011423815 0.00771354977 0.0370000005
v -0.0115295611 0.00773682632 0.0329999998
v -0.0113212047 0.00767897675 0.0370000005
v -0.011423815 0.00771354977 0.0329999998
v -0.0112229344 0.00763351191 0.0370000005
v -0.0113212047 0.00767897675 0.0329999998
v -0.011130156 0.0075776889 0.0370000005
v -0.0112229344 0.00763351191 0.0329999998
v -0.0110439565 0.00751216197 0.0370000005
v -0.011130156 0.0075776889 0.0329999998
v -0.0109653473 0.00743769947 0.0370000005
v -0.0110439565 0.00751216197 0.0329999998
v -0.0108952494 0.00735517405 0.0370000005
v -0.0109653473 0.00743769947 0.0329999998
v -0.0108344862 0.00726555381 0.0370000005
v -0.0108952494 0.00735517405 0.0329999998
v -0.0107837673 0.00716988929 0.0370000005
v -0.0108344862 0.00726555381 0.0329999998
v -0.0107436897 0.00706930133 0.0370000005
v -0.0107837673 0.00716988929 0.0329999998
v -0.0107147228 0.00696497038 0.0370000005
v -0.0107436897 0.00706930133 0.0329999998
v -0.0106972046 0.00685811881 0.0370000005
v -0.0107147228 0.00696497038 0.0329999998
v -0.0106972046 0.00685811881 0.0329999998
v -0.011691343 0.00675000018 0.0329999998
v -0.0121597517 0.00586648798 0.0329999998
v -0.0120614814 0.00582102314 0.0329999998
v -0.011958871 0.00578645011 0.0329999998
v -0.0118531249 0.00576317357 0.0329999998
v -0.0117454818 0.00575146638 0.0329999998
v -0.0116372043 0.00575146638 0.0329999998
v -0.0115295611 0.00576317357 0.0329999998
v -0.011423815 0.00578645011 0.0329999998
v -0.0113212047 0.00582102314 0.0329999998
v -0.0112229344 0.00586648798 0.0329999998
v -0.011130156 0.00592231099 0.0329999998
v -0.0110439565 0.00598783791 0.0329999998
v -0.0109653473 0.00606230041 0.0329999998
v -0.0108952494 0.00614482583 0.0329999998
v -0.0108344862 0.00623444607 0.0329999998
v -0.0107837673 0.00633011106 0.0329999998
v -0.0107436897 0.00643069856 0.0329999998
v -0.0107147228 0.0065350295 0.0329999998
v -0.0106972046 0.00664188107 0.0329999998
v -0.0106913429 0.00675000018 0.0329999998
v -0.0106972046 0.00685811881 0.0329999998
v -0.0107147228 0.00696497038 0.0329999998
v -0.0107436897 0.00706930133 0.0329999998
v -0.0107837673 0.00716988929 0.0329999998
v -0.0108344862 0.00726555381 0.0329999998
v -0.0108952494 0.00735517405 0.0329999998
v -0.0109653473 0.00743769947 0.0329999998
v -0.0110439565 0.00751216197 0.0329999998
v -0.011130156 0.0075776889 0.0329999998
v -0.0112229344 0.00763351191 0.0329999998
v -0.0113212047 0.00767897675 0.0329999998
v -0.011423815 0.00771354977 0.0329999998
v -0.0115295611 0.00773682632 0.0329999998
v -0.0116372043 0.00774853351 0.0329999998
v -0.0117454818 0.00774853351 0.0329999998
v -0.0118531249 0.00773682632 0.0329999998
v -0.011958871 0.00771354977 0.0329999998
v -0.0120614814 0.00767897675 0.0329999998
v -0.0121597517 0.00763351191 0.0329999998
v -0.0122525301 0.0075776889 0.0329999998
v -0.0123387296 0.00751216197 0.0329999998
v -0.0124173388 0.00743769947 0.0329999998
v -0.0124874357 0.00735517405 0.0329999998
v -0.0125481999 0.00726555381 0.0329999998
v -0.0125989188 0.00716988929 0.0329999998
v -0.0126389964 0.00706930133 0.0329999998
v -0.0126679633 0.00696497038 0.0329999998
v -0.0126854805 0.00685811881 0.0329999998
v -0.0126913432 0.00675000018 0.0329999998
v -0.0126854805 0.00664188107 0.0329999998
v -0.0126679633 0.0065350295 0.0329999998
v -0.0126389964 0.00643069856 0.0329999998
v -0.0125989188 0.00633011106 0.0329999998
v -0.0125481999 0.00623444607 0.0329999998
v -0.0124874357 0.00614482583 0.0329999998
v -0.0124173388 0.00606230041 0.0329999998
v -0.0123387296 0.00598783791 0.0329999998
v -0.0122525301 0.00592231099 0.0329999998
v -0.0121913431 0.00588397449 0.0329999998
v -0.0106972046 -0.00685811881 0.0370000005
v -0.0106913429 -0.00675000018 0.0370000005
v -0.0106913429 -0.00675000018 0.0329999998
v -0.0107147228 -0.00696497038 0.0370000005
v -0.0106972046 -0.00685811881 0.0329999998
v -0.0107436897 -0.00706930133 0.0370000005
v -0.0107147228 -0.00696497038 0.0329999998
v -0.0107837673 -0.00716988929 0.0370000005
v -0.0107436897 -0.00706930133 0.0329999998
v -0.0108344862 -0.00726555381 0.0370000005
v -0.0107837673 -0.00716988929 0.0329999998
v -0.0108952494 -0.00735517405 0.0370000005
v -0.0108344862 -0.00726555381 0.0329999998
v -0.0109653473 -0.00743769947 0.0370000005
v -0.0108952494 -0.00735517405 0.0329999998
v -0.0110439565 -0.00751216197 0.0370000005
v -0.0109653473 -0.00743769947 0.0329999998
v -0.011130156 -0.0075776889 0.0370000005
v -0.0110439565 -0.00751216197 0.0329999998
v -0.0112229344 -0.00763351191 0.0370000005
v -0.011191343 -0.0076160254 0.0370000005
v -0.011191343 -0.0076160254 0.0329999998
v -0.011130156 -0.0075776889 0.0329999998
v -0.0113212047 -0.00767897675 0.0370000005
v -0.0112229344 -0.00763351191 0.0329999998
v -0.011423815 -0.00771354977 0.0370000005
v -0.0113212047 -0.00767897675 0.0329999998
v -0.0115295611 -0.00773682632 0.0370000005
v -0.011423815 -0.00771354977 0.0329999998
v -0.0116372043 -0.00774853351 0.0370000005
v -0.0115295611 -0.00773682632 0.0329999998
v -0.0117454818 -0.00774853351 0.0370000005
v -0.0116372043 -0.00774853351 0.0329999998
v -0.0118531249 -0.00773682632 0.0370000005
v -0.0117454818 -0.00774853351 0.0329999998
v -0.011958871 -0.00771354977 0.0370000005
v -0.0118531249 -0.00773682632 0.0329999998
v -0.0120614814 -0.00767897675 0.0370000005
v -0.011958871 -0.00771354977 0.0329999998
v -0.0121597517 -0.00763351191 0.0370000005
v -0.0120614814 -0.00767897675 0.0329999998
v -0.0122525301 -0.0075776889 0.0370000005
v -0.0121597517 -0.00763351191 0.0329999998
v -0.0123387296 -0.00751216197 0.0370000005
v -0.0122525301 -0.0075776889 0.0329999998
v -0.0124173388 -0.00743769947 0.0370000005
v -0.0123387296 -0.00751216197 0.0329999998
v -0.0124874357 -0.00735517405 0.0370000005
v -0.0124173388 -0.00743769947 0.0329999998
v -0.0125481999 -0.00726555381 0.0370000005
v -0.0124874357 -0.00735517405 0.0329999998
v -0.0125989188 -0.00716988929 0.0370000005
v -0.0125481999 -0.00726555381 0.0329999998
v -0.0126389964 -0.00706930133 0.0370000005
v -0.0125989188 -0.00716988929 0.0329999998
v -0.0126679633 -0.00696497038 0.0370000005
v -0.0126389964 -0.00706930133 0.0329999998
v -0.0126854805 -0.00685811881 0.0370000005
v -0.0126679633 -0.00696497038 0.0329999998
v -0.0126913432 -0.00675000018 0.0370000005
v -0.0126854805 -0.00685811881 0.0329999998
v -0.0126854805 -0.00664188107 0.0370000005
v -0.0126913432 -0.00675000018 0.0329999998
v -0.0126679633 -0.0065350295 0.0370000005
v -0.0126854805 -0.00664188107 0.0329999998
v -0.0126389964 -0.00643069856 0.0370000005
v -0.0126679633 -0.0065350295 0.0329999998
v -0.0125989188 -0.00633011106 0.0370000005
v -0.0126389964 -0.00643069856 0.0329999998
v -0.0125481999 -0.00623444607 0.0370000005
v -0.0125989188 -0.00633011106 0.0329999998
v -0.0124874357 -0.00614482583 0.0370000005
v -0.0125481999 -0.00623444607 0.0329999998
v -0.0124173388 -0.00606230041 0.0370000005
v -0.0124874357 -0.00614482583 0.0329999998
v -0.0123387296 -0.00598783791 0.0370000005
v -0.0124173388 -0.00606230041 0.0329999998
v -0.0122525301 -0.00592231099 0.0370000005
v -0.0123387296 -0.00598783791 0.0329999998
v -0.0121597517 -0.00586648798 0.0370000005
v -0.0122525301 -0.00592231099 0.0329999998
v -0.0120614814 -0.00582102314 0.0370000005
v -0.0121597517 -0.00586648798 0.0329999998
v -0.011958871 -0.00578645011 0.0370000005
v -0.0120614814 -0.00582102314 0.0329999998
v -0.0118531249 -0.00576317357 0.0370000005
v -0.011958871 -0.00578645011 0.0329999998
v -0.0117454818 -0.00575146638 0.0370000005
v -0.0118531249 -0.00576317357 0.0329999998
v -0.0116372043 -0.00575146638 0.0370000005
v -0.0117454818 -0.00575146638 0.0329999998
v -0.0115295611 -0.00576317357 0.0370000005
v -0.0116372043 -0.00575146638 0.0329999998
v -0.011423815 -0.00578645011 0.0370000005
v -0.0115295611 -0.00576317357 0.0329999998
v -0.0113212047 -0.00582102314 0.0370000005
v -0.011423815 -0.00578645011 0.0329999998
v -0.0112229344 -0.00586648798 0.0370000005
v -0.0113212047 -0.00582102314 0.0329999998
v -0.011130156 -0.00592231099 0.0370000005
v -0.0112229344 -0.00586648798 0.0329999998
v -0.0110439565 -0.00598783791 0.0370000005
v -0.011130156 -0.00592231099 0.0329999998
v -0.0109653473 -0.00606230041 0.0370000005
v -0.0110439565 -0.00598783791 0.0329999998
v -0.0108952494 -0.00614482583 0.0370000005
v -0.0109653473 -0.00606230041 0.0329999998
v -0.0108344862 -0.00623444607 0.0370000005
v -0.0108952494 -0.00614482583 0.0329999998
v -0.0107837673 -0.00633011106 0.0370000005
v -0.0108344862 -0.00623444607 0.0329999998
v -0.0107436897 -0.00643069856 0.0370000005
v -0.0107837673 -0.00633011106 0.0329999998
v -0.0107147228 -0.0065350295 0.0370000005
v -0.0107436897 -0.00643069856 0.0329999998
v -0.0106972046 -0.00664188107 0.0370000005
v -0.0107147228 -0.0065350295 0.0329999998
v -0.0106972046 -0.00664188107 0.0329999998
v -0.011691343 -0.00675000018 0.0329999998
v -0.011130156 -0.0075776889 0.0329999998
v -0.0110439565 -0.00751216197 0.0329999998
v -0.0109653473 -0.00743769947 0.0329999998
v -0.0108952494 -0.00735517405 0.0329999998
v -0.0108344862 -0.00726555381 0.0329999998
v -0.0107837673 -0.00716988929 0.0329999998
v -0.0107436897 -0.00706930133 0.0329999998
v -0.0107147228 -0.00696497038 0.0329999998
v -0.0106972046 -0.00685811881 0.0329999998
v -0.0106913429 -0.00675000018 0.0329999998
v -0.0106972046 -0.00664188107 0.0329999998
v -0.0107147228 -0.0065350295 0.0329999998
v -0.0107436897 -0.00643069856 0.0329999998
v -0.0107837673 -0.00633011106 0.0329999998
v -0.0108344862 -0.00623444607 0.0329999998
v -0.0108952494 -0.00614482583 0.0329999998
v -0.0109653473 -0.00606230041 0.0329999998
v -0.0110439565 -0.00598783791 0.0329999998
v -0.011130156 -0.00592231099 0.0329999998
v -0.0112229344 -0.00586648798 0.0329999998
v -0.0113212047 -0.00582102314 0.0329999998
v -0.011423815 -0.00578645011 0.0329999998
v -0.0115295611 -0.00576317357 0.0329999998
v -0.0116372043 -0.00575146638 0.0329999998
v -0.0117454818 -0.00575146638 0.0329999998
v -0.0118531249 -0.00576317357 0.0329999998
v -0.011958871 -0.00578645011 0.0329999998
v -0.0120614814 -0.00582102314 0.0329999998
v -0.0121597517 -0.00586648798 0.0329999998
v -0.0122525301 -0.00592231099 0.0329999998
v -0.0123387296 -0.00598783791 0.0329999998
v -0.0124173388 -0.00606230041 0.0329999998
v -0.0124874357 -0.00614482583 0.0329999998
v -0.0125481999 -0.00623444607 0.0329999998
v -0.0125989188 -0.00633011106 0.0329999998
v -0.0126389964 -0.00643069856 0.0329999998
v -0.0126679633 -0.0065350295 0.0329999998
v -0.0126854805 -0.00664188107 0.0329999998
v -0.0126913432 -0.00675000018 0.0329999998
v -0.0126854805 -0.00685811881 0.0329999998
v -0.0126679633 -0.00696497038 0.0329999998
v -0.0126389964 -0.00706930133 0.0329999998
v -0.0125989188 -0.00716988929 0.0329999998
v -0.0125481999 -0.00726555381 0.0329999998
v -0.0124874357 -0.00735517405 0.0329999998
v -0.0124173388 -0.00743769947 0.0329999998
v -0.0123387296 -0.00751216197 0.0329999998
v -0.0122525301 -0.0075776889 0.0329999998
v -0.0121597517 -0.00763351191 0.0329999998
v -0.0120614814 -0.00767897675 0.0329999998
v -0.011958871 -0.00771354977 0.0329999998
v -0.0118531249 -0.00773682632 0.0329999998
v -0.0117454818 -0.00774853351 0.0329999998
v -0.0116372043 -0.00774853351 0.0329999998
v -0.0115295611 -0.00773682632 0.0329999998
v -0.011423815 -0.00771354977 0.0329999998
v -0.0113212047 -0.00767897675 0.0329999998
v -0.0112229344 -0.00763351191 0.0329999998
v -0.011191343 -0.0076160254 0.0329999998
v 0.000994137954 -0.0136081195 0.0370000005
v 0.00100000005 -0.0135000004 0.0370000005
v 0.00100000005 -0.0135000004 0.0329999998
v 0.000976620591 -0.0137149701 0.0370000005
v 0.000994137954 -0.0136081195 0.0329999998
v 0.0009476532 -0.0138193015 0.0370000005
v 0.000976620591 -0.0137149701 0.0329999998
v 0.000907575421 -0.013919889 0.0370000005
v 0.0009476532 -0.0138193015 0.0329999998
v 0.000856857165 -0.0140155535 0.0370000005
v 0.000907575421 -0.013919889 0.0329999998
v 0.000796093082 -0.0141051738 0.0370000005
v 0.000856857165 -0.0140155535 0.0329999998
v 0.000725995516 -0.0141876992 0.0370000005
v 0.000796093082 -0.0141051738 0.0329999998
v 0.000647386303 -0.0142621621 0.0370000005
v 0.000725995516 -0.0141876992 0.0329999998
v 0.000561187044 -0.0143276891 0.0370000005
v 0.000647386303 -0.0142621621 0.0329999998
v 0.000468408427 -0.0143835116 0.0370000005
v 0.000561187044 -0.0143276891 0.0329999998
v 0.00037013815 -0.0144289769 0.0370000005
v 0.000468408427 -0.0143835116 0.0329999998
v 0.000267528347 -0.0144635504 0.0370000005
v 0.00037013815 -0.0144289769 0.0329999998
v 0.000161781994 -0.014486827 0.0370000005
v 0.000267528347 -0.0144635504 0.0329999998
v 5.4138909e-05 -0.0144985337 0.0370000005
v 0.000161781994 -0.014486827 0.0329999998
v -5.4138909e-05 -0.0144985337 0.0329999998
v -5.4138909e-05 -0.0144985337 0.0370000005
v -4.93913835e-19 -0.0144999996 0.0370000005
v 5.4138909e-05 -0.0144985337 0.0329999998
v -2.48984466e-19 -0.0144999996 0.0329999998
v -0.000161781994 -0.014486827 0.0370000005
v -0.000267528347 -0.0144635504 0.0370000005
v -0.000161781994 -0.014486827 0.0329999998
v -0.00037013815 -0.0144289769 0.0370000005
v -0.000267528347 -0.0144635504 0.0329999998
v -0.000468408427 -0.0143835116 0.0370000005
v -0.00037013815 -0.0144289769 0.0329999998
v -0.000561187044 -0.0143276891 0.0370000005
v -0.000468408427 -0.0143835116 0.0329999998
v -0.000647386303 -0.0142621621 0.0370000005
v -0.000561187044 -0.0143276891 0.0329999998
v -0.000725995516 -0.0141876992 0.0370000005
v -0.000647386303 -0.0142621621 0.0329999998
v -0.000796093082 -0.0141051738 0.0370000005
v -0.000725995516 -0.0141876992 0.0329999998
v -0.000856857165 -0.0140155535 0.0370000005
v -0.000796093082 -0.0141051738 0.0329999998
v -0.000907575421 -0.013919889 0.0370000005
v -0.000856857165 -0.0140155535 0.0329999998
v -0.0009476532 -0.0138193015 0.0370000005
v -0.000907575421 -0.013919889 0.0329999998
v -0.000976620591 -0.0137149701 0.0370000005
v -0.0009476532 -0.0138193015 0.0329999998
v -0.000994137954 -0.0136081195 0.0370000005
v -0.000976620591 -0.0137149701 0.0329999998
v -0.00100000005 -0.0135000004 0.0370000005
v -0.000994137954 -0.0136081195 0.0329999998
v -0.000994137954 -0.0133918812 0.0370000005
v -0.00100000005 -0.0135000004 0.0329999998
v -0.000976620591 -0.0132850297 0.0370000005
v -0.000994137954 -0.0133918812 0.0329999998
v -0.0009476532 -0.0131806983 0.0370000005
v -0.000976620591 -0.0132850297 0.0329999998
v -0.000907575421 -0.0130801108 0.0370000005
v -0.0009476532 -0.0131806983 0.0329999998
v -0.000856857165 -0.0129844462 0.0370000005
v -0.000907575421 -0.0130801108 0.0329999998
v -0.000796093082 -0.012894826 0.0370000005
v -0.000856857165 -0.0129844462 0.0329999998
v -0.000725995516 -0.0128123006 0.0370000005
v -0.000796093082 -0.012894826 0.0329999998
v -0.000647386303 -0.0127378376 0.0370000005
v -0.000725995516 -0.0128123006 0.0329999998
v -0.000561187044 -0.0126723107 0.0370000005
v -0.000647386303 -0.0127378376 0.0329999998
v -0.000468408427 -0.0126164882 0.0370000005
v -0.000561187044 -0.0126723107 0.0329999998
v -0.00037013815 -0.0125710228 0.0370000005
v -0.000468408427 -0.0126164882 0.0329999998
v -0.000267528347 -0.0125364503 0.0370000005
v -0.00037013815 -0.0125710228 0.0329999998
v -0.000161781994 -0.0125131737 0.0370000005
v -0.000267528347 -0.0125364503 0.0329999998
v -5.4138909e-05 -0.012501467 0.0370000005
v -0.000161781994 -0.0125131737 0.0329999998
v 5.4138909e-05 -0.012501467 0.0370000005
v -5.4138909e-05 -0.012501467 0.0329999998
v 0.000161781994 -0.0125131737 0.0370000005
v 5.4138909e-05 -0.012501467 0.0329999998
v 0.000267528347 -0.0125364503 0.0370000005
v 0.000161781994 -0.0125131737 0.0329999998
v 0.00037013815 -0.0125710228 0.0370000005
v 0.000267528347 -0.0125364503 0.0329999998
v 0.000468408427 -0.0126164882 0.0370000005
v 0.00037013815 -0.0125710228 0.0329999998
v 0.000561187044 -0.0126723107 0.0370000005
v 0.000468408427 -0.0126164882 0.0329999998
v 0.000647386303 -0.0127378376 0.0370000005
v 0.000561187044 -0.0126723107 0.0329999998
v 0.000725995516 -0.0128123006 0.0370000005
v 0.000647386303 -0.0127378376 0.0329999998
v 0.000796093082 -0.012894826 0.0370000005
v 0.000725995516 -0.0128123006 0.0329999998
v 0.000856857165 -0.0129844462 0.0370000005
v 0.000796093082 -0.012894826 0.0329999998
v 0.000907575421 -0.0130801108 0.0370000005
v 0.000856857165 -0.0129844462 0.0329999998
v 0.0009476532 -0.0131806983 0.0370000005
v 0.000907575421 -0.0130801108 0.0329999998
v 0.000976620591 -0.0132850297 0.0370000005
v 0.0009476532 -0.0131806983 0.0329999998
v 0.000994137954 -0.0133918812 0.0370000005
v 0.000976620591 -0.0132850297 0.0329999998
v 0.000994137954 -0.0133918812 0.0329999998
v -6.528744e-20 -0.0135000004 0.0329999998
v 5.4138909e-05 -0.0144985337 0.0329999998
v 0.000161781994 -0.014486827 0.0329999998
v 0.000267528347 -0.0144635504 0.0329999998
v 0.00037013815 -0.0144289769 0.0329999998
v 0.000468408427 -0.0143835116 0.0329999998
v 0.000561187044 -0.0143276891 0.0329999998
v 0.000647386303 -0.0142621621 0.0329999998
v 0.000725995516 -0.0141876992 0.0329999998
v 0.000796093082 -0.0141051738 0.0329999998
v 0.000856857165 -0.0140155535 0.0329999998
v 0.000907575421 -0.013919889 0.0329999998
v 0.0009476532 -0.0138193015 0.0329999998
v 0.000976620591 -0.0137149701 0.0329999998
v 0.000994137954 -0.0136081195 0.0329999998
v 0.00100000005 -0.0135000004 0.0329999998
v 0.000994137954 -0.0133918812 0.0329999998
v 0.000976620591 -0.0132850297 0.0329999998
v 0.0009476532 -0.0131806983 0.0329999998
v 0.000907575421 -0.0130801108 0.0329999998
v 0.000856857165 -0.0129844462 0.0329999998
v 0.000796093082 -0.012894826 0.0329999998
v 0.000725995516 -0.0128123006 0.0329999998
v 0.000647386303 -0.0127378376 0.0329999998
v 0.000561187044 -0.0126723107 0.0329999998
v 0.000468408427 -0.0126164882 0.0329999998
v 0.00037013815 -0.0125710228 0.0329999998
v 0.000267528347 -0.0125364503 0.0329999998
v 0.000161781994 -0.0125131737 0.0329999998
v 5.4138909e-05 -0.012501467 0.0329999998
v -5.4138909e-05 -0.012501467 0.0329999998
v -0.000161781994 -0.0125131737 0.0329999998
v -0.000267528347 -0.0125364503 0.0329999998
v -0.00037013815 -0.0125710228 0.0329999998
v -0.000468408427 -0.0126164882 0.0329999998
v -0.000561187044 -0.0126723107 0.0329999998
v -0.000647386303 -0.0127378376 0.0329999998
v -0.000725995516 -0.0128123006 0.0329999998
v -0.000796093082 -0.012894826 0.0329999998
v -0.000856857165 -0.0129844462 0.0329999998
v -0.000907575421 -0.0130801108 0.0329999998
v -0.0009476532 -0.0131806983 0.0329999998
v -0.000976620591 -0.0132850297 0.0329999998
v -0.000994137954 -0.0133918812 0.0329999998
v -0.00100000005 -0.0135000004 0.0329999998
v -0.000994137954 -0.0136081195 0.0329999998
v -0.000976620591 -0.0137149701 0.0329999998
v -0.0009476532 -0.0138193015 0.0329999998
v -0.000907575421 -0.013919889 0.0329999998
v -0.000856857165 -0.0140155535 0.0329999998
v -0.000796093082 -0.0141051738 0.0329999998
v -0.000725995516 -0.0141876992 0.0329999998
v -0.000647386303 -0.0142621621 0.0329999998
v -0.000561187044 -0.0143276891 0.0329999998
v -0.000468408427 -0.0143835116 0.0329999998
v -0.00037013815 -0.0144289769 0.0329999998
v -0.000267528347 -0.0144635504 0.0329999998
v -0.000161781994 -0.014486827 0.0329999998
v -5.4138909e-05 -0.0144985337 0.0329999998
v -2.48984466e-19 -0.0144999996 0.0329999998
v 0.00795310363 -0.000864952162 0.0370000005
v 0.00800000038 -1.46957611e-18 0.0370000005
v 0.00800000038 4.89858737e-19 0.0350000001
v 0.00781296473 -0.0017197635 0.0370000005
v 0.00795310363 -0.000864952162 0.0350000001
v 0.0075812256 -0.00255441223 0.0370000005
v 0.00781296473 -0.0017197635 0.0350000001
v 0.00726060336 -0.00335911289 0.0370000005
v 0.0075812256 -0.00255441223 0.0350000001
v 0.00685485732 -0.00412443094 0.0370000005
v 0.00726060336 -0.00335911289 0.0350000001
v 0.00636874465 -0.00484139379 0.0370000005
v 0.00685485732 -0.00412443094 0.0350000001
v 0.00580796413 -0.00550159579 0.0370000005
v 0.00636874465 -0.00484139379 0.0350000001
v 0.00517909043 -0.00609729625 0.0370000005
v 0.00580796413 -0.00550159579 0.0350000001
v 0.00517909043 -0.00609729625 0.0350000001
v 0.00448949635 -0.00662151212 0.0350000001
v 0.00449999981 -0.00661352742 0.0370000005
v 0.00448949635 -0.00662151212 0.0370000005
v 0.00374726742 -0.00706809619 0.0370000005
v 0.0029611052 -0.00743181398 0.0370000005
v 0.00374726742 -0.00706809619 0.0350000001
v 0.00214022677 -0.00770840002 0.0370000005
v 0.0029611052 -0.00743181398 0.0350000001
v 0.00214022677 -0.00770840002 0.0350000001
v 0.00129425596 -0.00789461192 0.0350000001
v 0.001383355 -0.00787500013 0.0370000005
v 0.00129425596 -0.00789461192 0.0370000005
v 0.000433111272 -0.00798826758 0.0370000005
v -0.000433111272 -0.00798826758 0.0370000005
v 0.000433111272 -0.00798826758 0.0350000001
v -0.00129425596 -0.00789461192 0.0370000005
v -0.000433111272 -0.00798826758 0.0350000001
v -0.00214022677 -0.00770840002 0.0350000001
v -0.00214022677 -0.00770840002 0.0370000005
v -0.001383355 -0.00787500013 0.0370000005
v -0.00129425596 -0.00789461192 0.0350000001
v -0.0029611052 -0.00743181398 0.0370000005
v -0.00374726742 -0.00706809619 0.0370000005
v -0.0029611052 -0.00743181398 0.0350000001
v -0.00448949635 -0.00662151212 0.0370000005
v -0.00374726742 -0.00706809619 0.0350000001
v -0.00517909043 -0.00609729625 0.0350000001
v -0.00517909043 -0.00609729625 0.0370000005
v -0.00449999981 -0.00661352742 0.0370000005
v -0.00448949635 -0.00662151212 0.0350000001
v -0.00580796413 -0.00550159579 0.0370000005
v -0.00636874465 -0.00484139379 0.0370000005
v -0.00580796413 -0.00550159579 0.0350000001
v -0.00685485732 -0.00412443094 0.0370000005
v -0.00636874465 -0.00484139379 0.0350000001
v -0.00726060336 -0.00335911289 0.0370000005
v -0.00685485732 -0.00412443094 0.0350000001
v -0.0075812256 -0.00255441223 0.0370000005
v -0.00726060336 -0.00335911289 0.0350000001
v -0.00781296473 -0.0017197635 0.0370000005
v -0.0075812256 -0.00255441223 0.0350000001
v -0.00795310363 -0.000864952162 0.0370000005
v -0.00781296473 -0.0017197635 0.0350000001
v -0.00800000038 1.46957611e-18 0.0370000005
v -0.00795310363 -0.000864952162 0.0350000001
v -0.00795310363 0.000864952162 0.0370000005
v -0.00800000038 1.46957611e-18 0.0350000001
v -0.00781296473 0.0017197635 0.0370000005
v -0.00795310363 0.000864952162 0.0350000001
v -0.0075812256 0.00255441223 0.0370000005
v -0.00781296473 0.0017197635 0.0350000001
v -0.00726060336 0.00335911289 0.0370000005
v -0.0075812256 0.00255441223 0.0350000001
v -0.00685485732 0.00412443094 0.0370000005
v -0.00726060336 0.00335911289 0.0350000001
v -0.00636874465 0.00484139379 0.0370000005
v -0.00685485732 0.00412443094 0.0350000001
v -0.00580796413 0.00550159579 0.0370000005
v -0.00636874465 0.00484139379 0.0350000001
v -0.00517909043 0.00609729625 0.0370000005
v -0.00580796413 0.00550159579 0.0350000001
v -0.00517909043 0.00609729625 0.0350000001
v -0.00448949635 0.00662151212 0.0350000001
v -0.00449999981 0.00661352742 0.0370000005
v -0.00448949635 0.00662151212 0.0370000005
v -0.00374726742 0.00706809619 0.0370000005
v -0.0029611052 0.00743181398 0.0370000005
v -0.00374726742 0.00706809619 0.0350000001
v -0.00214022677 0.00770840002 0.0370000005
v -0.0029611052 0.00743181398 0.0350000001
v -0.00214022677 0.00770840002 0.0350000001
v -0.00129425596 0.00789461192 0.0350000001
v -0.001383355 0.00787500013 0.0370000005
v -0.00129425596 0.00789461192 0.0370000005
v -0.000433111272 0.00798826758 0.0370000005
v 0.000433111272 0.00798826758 0.0370000005
v -0.000433111272 0.00798826758 0.0350000001
v 0.00129425596 0.00789461192 0.0370000005
v 0.000433111272 0.00798826758 0.0350000001
v 0.00214022677 0.00770840002 0.0350000001
v 0.00214022677 0.00770840002 0.0370000005
v 0.001383355 0.00787500013 0.0370000005
v 0.00129425596 0.00789461192 0.0350000001
v 0.0029611052 0.00743181398 0.0370000005
v 0.00374726742 0.00706809619 0.0370000005
v 0.0029611052 0.00743181398 0.0350000001
v 0.00448949635 0.00662151212 0.0370000005
v 0.00374726742 0.00706809619 0.0350000001
v 0.00517909043 0.00609729625 0.0350000001
v 0.00517909043 0.00609729625 0.0370000005
v 0.00449999981 0.00661352742 0.0370000005
v 0.00448949635 0.00662151212 0.0350000001
v 0.00580796413 0.00550159579 0.0370000005
v 0.00636874465 0.00484139379 0.0370000005
v 0.00580796413 0.00550159579 0.0350000001
v 0.00685485732 0.00412443094 0.0370000005
v 0.00636874465 0.00484139379 0.0350000001
v 0.00726060336 0.00335911289 0.0370000005
v 0.00685485732 0.00412443094 0.0350000001
v 0.0075812256 0.00255441223 0.0370000005
v 0.00726060336 0.00335911289 0.0350000001
v 0.00781296473 0.0017197635 0.0370000005
v 0.0075812256 0.00255441223 0.0350000001
v 0.00795310363 0.000864952162 0.0370000005
v 0.00781296473 0.0017197635 0.0350000001
v 0.00795310363 0.000864952162 0.0350000001
v -0.00374726742 0.00706809619 0.0350000001
v -0.00187363371 0.0035340481 0.0350000001
v -0.0014805526 0.00371590699 0.0350000001
v -0.00448949635 0.00662151212 0.0350000001
v -0.00224474818 0.00331075606 0.0350000001
v -0.00517909043 0.00609729625 0.0350000001
v -0.00258954521 0.00304864813 0.0350000001
v -0.00580796413 0.00550159579 0.0350000001
v -0.00290398207 0.0027507979 0.0350000001
v -0.00636874465 0.00484139379 0.0350000001
v -0.00318437233 0.0024206969 0.0350000001
v -0.00685485732 0.00412443094 0.0350000001
v -0.00342742866 0.00206221547 0.0350000001
v 0.00517909043 0.00609729625 0.0350000001
v 0.00258954521 0.00304864813 0.0350000001
v 0.00290398207 0.0027507979 0.0350000001
v 0.00448949635 0.00662151212 0.0350000001
v 0.00224474818 0.00331075606 0.0350000001
v -0.00726060336 0.00335911289 0.0350000001
v -0.00363030168 0.00167955644 0.0350000001
v -0.0075812256 0.00255441223 0.0350000001
v -0.0037906128 0.00127720612 0.0350000001
v -0.00781296473 0.0017197635 0.0350000001
v -0.00390648236 0.000859881751 0.0350000001
v -0.00795310363 0.000864952162 0.0350000001
v -0.00397655182 0.000432476081 0.0350000001
v -0.00800000038 1.46957611e-18 0.0350000001
v -0.00400000019 7.34788054e-19 0.0350000001
v 0.0075812256 0.00255441223 0.0350000001
v 0.0037906128 0.00127720612 0.0350000001
v 0.00390648236 0.000859881751 0.0350000001
v 0.00726060336 0.00335911289 0.0350000001
v 0.00363030168 0.00167955644 0.0350000001
v 0.00580796413 0.00550159579 0.0350000001
v 0.00318437233 0.0024206969 0.0350000001
v -0.00129425596 0.00789461192 0.0350000001
v -0.00214022677 0.00770840002 0.0350000001
v -0.00107011339 0.00385420001 0.0350000001
v -0.0029611052 0.00743181398 0.0350000001
v -0.00795310363 -0.000864952162 0.0350000001
v -0.00397655182 -0.000432476081 0.0350000001
v -0.00685485732 -0.00412443094 0.0350000001
v -0.00342742866 -0.00206221547 0.0350000001
v -0.00363030168 -0.00167955644 0.0350000001
v -0.00636874465 -0.00484139379 0.0350000001
v -0.00318437233 -0.0024206969 0.0350000001
v 0.00214022677 -0.00770840002 0.0350000001
v 0.00107011339 -0.00385420001 0.0350000001
v 0.000647127978 -0.00394730596 0.0350000001
v 0.0029611052 -0.00743181398 0.0350000001
v 0.0014805526 -0.00371590699 0.0350000001
v 0.00685485732 0.00412443094 0.0350000001
v 0.00342742866 0.00206221547 0.0350000001
v 0.00636874465 0.00484139379 0.0350000001
v -0.00781296473 -0.0017197635 0.0350000001
v -0.00390648236 -0.000859881751 0.0350000001
v -0.00580796413 -0.00550159579 0.0350000001
v -0.00290398207 -0.0027507979 0.0350000001
v -0.00517909043 -0.00609729625 0.0350000001
v -0.00258954521 -0.00304864813 0.0350000001
v -0.00448949635 -0.00662151212 0.0350000001
v -0.00224474818 -0.00331075606 0.0350000001
v -0.000433111272 -0.00798826758 0.0350000001
v -0.000216555636 -0.00399413379 0.0350000001
v -0.000647127978 -0.00394730596 0.0350000001
v 0.000433111272 -0.00798826758 0.0350000001
v 0.000216555636 -0.00399413379 0.0350000001
v 0.00374726742 -0.00706809619 0.0350000001
v 0.00187363371 -0.0035340481 0.0350000001
v 0.00800000038 4.89858737e-19 0.0350000001
v 0.00795310363 0.000864952162 0.0350000001
v 0.00397655182 0.000432476081 0.0350000001
v 0.00781296473 0.0017197635 0.0350000001
v 0.0029611052 0.00743181398 0.0350000001
v 0.0014805526 0.00371590699 0.0350000001
v 0.00187363371 0.0035340481 0.0350000001
v 0.00214022677 0.00770840002 0.0350000001
v 0.00107011339 0.00385420001 0.0350000001
v 0.000433111272 0.00798826758 0.0350000001
v 0.000216555636 0.00399413379 0.0350000001
v 0.000647127978 0.00394730596 0.0350000001
v -0.000433111272 0.00798826758 0.0350000001
v -0.000216555636 0.00399413379 0.0350000001
v -0.0075812256 -0.00255441223 0.0350000001
v -0.0037906128 -0.00127720612 0.0350000001
v -0.00726060336 -0.00335911289 0.0350000001
v -0.00374726742 -0.00706809619 0.0350000001
v -0.00187363371 -0.0035340481 0.0350000001
v -0.0029611052 -0.00743181398 0.0350000001
v -0.0014805526 -0.00371590699 0.0350000001
v 0.00129425596 -0.00789461192 0.0350000001
v 0.00448949635 -0.00662151212 0.0350000001
v 0.00224474818 -0.00331075606 0.0350000001
v 0.00517909043 -0.00609729625 0.0350000001
v 0.00580796413 -0.00550159579 0.0350000001
v 0.00290398207 -0.0027507979 0.0350000001
v 0.00636874465 -0.00484139379 0.0350000001
v 0.00318437233 -0.0024206969 0.0350000001
v 0.00374726742 0.00706809619 0.0350000001
v -0.000647127978 0.00394730596 0.0350000001
v 0.00258954521 -0.00304864813 0.0350000001
v 0.00685485732 -0.00412443094 0.0350000001
v 0.00342742866 -0.00206221547 0.0350000001
v 0.00726060336 -0.00335911289 0.0350000001
v 0.00363030168 -0.00167955644 0.0350000001
v 0.0075812256 -0.00255441223 0.0350000001
v 0.0037906128 -0.00127720612 0.0350000001
v 0.00781296473 -0.0017197635 0.0350000001
v 0.00390648236 -0.000859881751 0.0350000001
v 0.00129425596 0.00789461192 0.0350000001
v -0.00214022677 -0.00770840002 0.0350000001
v -0.00107011339 -0.00385420001 0.0350000001
v -0.00129425596 -0.00789461192 0.0350000001
v 0.00795310363 -0.000864952162 0.0350000001
v 0.00397655182 -0.000432476081 0.0350000001
v 0.00400000019 -7.34788054e-19 0.0350000001
v 0.00397655182 -0.000432476081 0.0350000001
v 0.00400000019 -7.34788054e-19 0.0350000001
v 0.00400000019 2.44929368e-19 0.0340000018
v 0.00390648236 -0.000859881751 0.0350000001
v 0.00397655182 -0.000432476081 0.0340000018
v 0.0037906128 -0.00127720612 0.0350000001
v 0.00390648236 -0.000859881751 0.0340000018
v 0.00363030168 -0.00167955644 0.0350000001
v 0.0037906128 -0.00127720612 0.0340000018
v 0.00342742866 -0.00206221547 0.0350000001
v 0.00363030168 -0.00167955644 0.0340000018
v 0.00318437233 -0.0024206969 0.0350000001
v 0.00342742866 -0.00206221547 0.0340000018
v 0.00290398207 -0.0027507979 0.0350000001
v 0.00318437233 -0.0024206969 0.0340000018
v 0.00258954521 -0.00304864813 0.0350000001
v 0.00290398207 -0.0027507979 0.0340000018
v 0.00224474818 -0.00331075606 0.0350000001
v 0.00258954521 -0.00304864813 0.0340000018
v 0.00187363371 -0.0035340481 0.0350000001
v 0.00224474818 -0.00331075606 0.0340000018
v 0.0014805526 -0.00371590699 0.0350000001
v 0.00187363371 -0.0035340481 0.0340000018
v 0.00107011339 -0.00385420001 0.0350000001
v 0.0014805526 -0.00371590699 0.0340000018
v 0.000647127978 -0.00394730596 0.0350000001
v 0.00107011339 -0.00385420001 0.0340000018
v 0.000216555636 -0.00399413379 0.0350000001
v 0.000647127978 -0.00394730596 0.0340000018
v -0.000216555636 -0.00399413379 0.0350000001
v 0.000216555636 -0.00399413379 0.0340000018
v -0.000647127978 -0.00394730596 0.0350000001
v -0.000216555636 -0.00399413379 0.0340000018
v -0.00107011339 -0.00385420001 0.0350000001
v -0.000647127978 -0.00394730596 0.0340000018
v -0.0014805526 -0.00371590699 0.0350000001
v -0.00107011339 -0.00385420001 0.0340000018
v -0.00187363371 -0.0035340481 0.0350000001
v -0.0014805526 -0.00371590699 0.0340000018
v -0.00224474818 -0.00331075606 0.0350000001
v -0.00187363371 -0.0035340481 0.0340000018
v -0.00258954521 -0.00304864813 0.0350000001
v -0.00224474818 -0.00331075606 0.0340000018
v -0.00290398207 -0.0027507979 0.0350000001
v -0.00258954521 -0.00304864813 0.0340000018
v -0.00318437233 -0.0024206969 0.0350000001
v -0.00290398207 -0.0027507979 0.0340000018
v -0.00342742866 -0.00206221547 0.0350000001
v -0.00318437233 -0.0024206969 0.0340000018
v -0.00363030168 -0.00167955644 0.0350000001
v -0.00342742866 -0.00206221547 0.0340000018
v -0.0037906128 -0.00127720612 0.0350000001
v -0.00363030168 -0.00167955644 0.0340000018
v -0.00390648236 -0.000859881751 0.0350000001
v -0.0037906128 -0.00127720612 0.0340000018
v -0.00397655182 -0.000432476081 0.0350000001
v -0.00390648236 -0.000859881751 0.0340000018
v -0.00400000019 7.34788054e-19 0.0350000001
v -0.00397655182 -0.000432476081 0.0340000018
v -0.00397655182 0.000432476081 0.0350000001
v -0.00400000019 7.34788054e-19 0.0340000018
v -0.00390648236 0.000859881751 0.0350000001
v -0.00397655182 0.000432476081 0.0340000018
v -0.0037906128 0.00127720612 0.0350000001
v -0.00390648236 0.000859881751 0.0340000018
v -0.00363030168 0.00167955644 0.0350000001
v -0.0037906128 0.00127720612 0.0340000018
v -0.00342742866 0.00206221547 0.0350000001
v -0.00363030168 0.00167955644 0.0340000018
v -0.00318437233 0.0024206969 0.0350000001
v -0.00342742866 0.00206221547 0.0340000018
v -0.00290398207 0.0027507979 0.0350000001
v -0.00318437233 0.0024206969 0.0340000018
v -0.00258954521 0.00304864813 0.0350000001
v -0.00290398207 0.0027507979 0.0340000018
v -0.00224474818 0.00331075606 0.0350000001
v -0.00258954521 0.00304864813 0.0340000018
v -0.00187363371 0.0035340481 0.0350000001
v -0.00224474818 0.00331075606 0.0340000018
v -0.0014805526 0.00371590699 0.0350000001
v -0.00187363371 0.0035340481 0.0340000018
v -0.00107011339 0.00385420001 0.0350000001
v -0.0014805526 0.00371590699 0.0340000018
v -0.000647127978 0.00394730596 0.0350000001
v -0.00107011339 0.00385420001 0.0340000018
v -0.000216555636 0.00399413379 0.0350000001
v -0.000647127978 0.00394730596 0.0340000018
v 0.000216555636 0.00399413379 0.0350000001
v -0.000216555636 0.00399413379 0.0340000018
v 0.000647127978 0.00394730596 0.0350000001
v 0.000216555636 0.00399413379 0.0340000018
v 0.00107011339 0.00385420001 0.0350000001
v 0.000647127978 0.00394730596 0.0340000018
v 0.0014805526 0.00371590699 0.0350000001
v 0.00107011339 0.00385420001 0.0340000018
v 0.00187363371 0.0035340481 0.0350000001
v 0.0014805526 0.00371590699 0.0340000018
v 0.00224474818 0.00331075606 0.0350000001
v 0.00187363371 0.0035340481 0.0340000018
v 0.00258954521 0.00304864813 0.0350000001
v 0.00224474818 0.00331075606 0.0340000018
v 0.00290398207 0.0027507979 0.0350000001
v 0.00258954521 0.00304864813 0.0340000018
v 0.00318437233 0.0024206969 0.0350000001
v 0.00290398207 0.0027507979 0.0340000018
v 0.00342742866 0.00206221547 0.0350000001
v 0.00318437233 0.0024206969 0.0340000018
v 0.00363030168 0.00167955644 0.0350000001
v 0.00342742866 0.00206221547 0.0340000018
v 0.0037906128 0.00127720612 0.0350000001
v 0.00363030168 0.00167955644 0.0340000018
v 0.00390648236 0.000859881751 0.0350000001
v 0.0037906128 0.00127720612 0.0340000018
v 0.00397655182 0.000432476081 0.0350000001
v 0.00390648236 0.000859881751 0.0340000018
v 0.00397655182 0.000432476081 0.0340000018
v 0 2.44929368e-19 0.0340000018
v 0.00397655182 0.000432476081 0.0340000018
v 0.00390648236 0.000859881751 0.0340000018
v 0.0037906128 0.00127720612 0.0340000018
v 0.00363030168 0.00167955644 0.0340000018
v 0.00342742866 0.00206221547 0.0340000018
v 0.00318437233 0.0024206969 0.0340000018
v 0.00290398207 0.0027507979 0.0340000018
v 0.00258954521 0.00304864813 0.0340000018
v 0.00224474818 0.00331075606 0.0340000018
v 0.00187363371 0.0035340481 0.0340000018
v 0.0014805526 0.00371590699 0.0340000018
v 0.00107011339 0.00385420001 0.0340000018
v 0.000647127978 0.00394730596 0.0340000018
v 0.000216555636 0.00399413379 0.0340000018
v -0.000216555636 0.00399413379 0.0340000018
v -0.000647127978 0.00394730596 0.0340000018
v -0.00107011339 0.00385420001 0.0340000018
v -0.0014805526 0.00371590699 0.0340000018
v -0.00187363371 0.0035340481 0.0340000018
v -0.00224474818 0.00331075606 0.0340000018
v -0.00258954521 0.00304864813 0.0340000018
v -0.00290398207 0.0027507979 0.0340000018
v -0.00318437233 0.0024206969 0.0340000018
v -0.00342742866 0.00206221547 0.0340000018
v -0.00363030168 0.00167955644 0.0340000018
v -0.0037906128 0.00127720612 0.0340000018
v -0.00390648236 0.000859881751 0.0340000018
v -0.00397655182 0.000432476081 0.0340000018
v -0.00400000019 7.34788054e-19 0.0340000018
v -0.00397655182 -0.000432476081 0.0340000018
v -0.00390648236 -0.000859881751 0.0340000018
v -0.0037906128 -0.00127720612 0.0340000018
v -0.00363030168 -0.00167955644 0.0340000018
v -0.00342742866 -0.00206221547 0.0340000018
v -0.00318437233 -0.0024206969 0.0340000018
v -0.00290398207 -0.0027507979 0.0340000018
v -0.00258954521 -0.00304864813 0.0340000018
v -0.00224474818 -0.00331075606 0.0340000018
v -0.00187363371 -0.0035340481 0.0340000018
v -0.0014805526 -0.00371590699 0.0340000018
v -0.00107011339 -0.00385420001 0.0340000018
v -0.000647127978 -0.00394730596 0.0340000018
v -0.000216555636 -0.00399413379 0.0340000018
v 0.000216555636 -0.00399413379 0.0340000018
v 0.000647127978 -0.00394730596 0.0340000018
v 0.00107011339 -0.00385420001 0.0340000018
v 0.0014805526 -0.00371590699 0.0340000018
v 0.00187363371 -0.0035340481 0.0340000018
v 0.00224474818 -0.00331075606 0.0340000018
v 0.00258954521 -0.00304864813 0.0340000018
v 0.00290398207 -0.0027507979 0.0340000018
v 0.00318437233 -0.0024206969 0.0340000018
v 0.00342742866 -0.00206221547 0.0340000018
v 0.00363030168 -0.00167955644 0.0340000018
v 0.0037906128 -0.00127720612 0.0340000018
v 0.00390648236 -0.000859881751 0.0340000018
v 0.00397655182 -0.000432476081 0.0340000018
v 0.00400000019 2.44929368e-19 0.0340000018
f 1 2 3
f 3 4 1
f 4 5 1
f 5 6 1
f 6 7 1
f 7 8 1
f 8 9 1
f 9 10 1
f 10 11 1
f 11 12 1
f 12 13 1
f 13 14 1
f 14 15 1
f 15 16 1
f 16 17 1
f 17 18 1
f 18 19 1
f 19 20 1
f 20 21 1
f 21 22 1
f 22 23 1
f 23 24 1
f 24 25 1
f 25 26 1
f 26 27 1
f 27 28 1
f 28 29 1
f 29 30 1
f 30 31 1
f 31 32 1
f 32 33 1
f 33 34 1
f 34 35 1
f 35 36 1
f 36 37 1
f 37 38 1
f 38 39 1
f 39 40 1
f 40 41 1
f 41 42 1
f 42 43 1
f 43 44 1
f 44 45 1
f 45 46 1
f 46 47 1
f 47 48 1
f 48 49 1
f 49 50 1
f 50 51 1
f 51 52 1
f 52 53 1
f 53 54 1
f 54 55 1
f 55 56 1
f 56 57 1
f 57 58 1
f 58 59 1
f 59 2 1
f 60 61 62
f 63 62 64
f 65 64 66
f 67 66 68
f 69 68 70
f 71 70 72
f 73 72 74
f 75 74 76
f 77 76 78
f 79 78 80
f 81 80 82
f 83 82 84
f 85 84 86
f 87 86 88
f 89 88 90
f 91 90 92
f 93 92 94
f 95 94 96
f 97 96 98
f 99 98 100
f 101 100 102
f 103 102 104
f 105 104 106
f 107 106 108
f 109 108 110
f 111 110 112
f 113 112 114
f 115 114 116
f 117 116 118
f 119 118 120
f 121 120 122
f 123 122 124
f 125 124 126
f 127 126 128
f 129 128 130
f 131 130 132
f 133 132 134
f 135 134 136
f 137 136 138
f 139 138 140
f 141 140 142
f 143 142 144
f 145 144 146
f 147 146 148
f 149 148 150
f 151 150 152
f 153 152 154
f 155 154 156
f 157 156 158
f 159 158 160
f 161 160 162
f 163 162 164
f 165 164 166
f 167 166 168
f 169 168 170
f 171 170 172
f 173 172 174
f 175 174 61
f 61 60 175
f 174 175 173
f 172 173 171
f 170 171 169
f 168 169 167
f 166 167 165
f 164 165 163
f 162 163 161
f 160 161 159
f 158 159 157
f 156 157 155
f 154 155 153
f 152 153 151
f 150 151 149
f 148 149 147
f 146 147 145
f 144 145 143
f 142 143 141
f 140 141 139
f 138 139 137
f 136 137 135
f 134 135 133
f 132 133 131
f 130 131 129
f 128 129 127
f 126 127 125
f 124 125 123
f 122 123 121
f 120 121 119
f 118 119 117
f 116 117 115
f 114 115 113
f 112 113 111
f 110 111 109
f 108 109 107
f 106 107 105
f 104 105 103
f 102 103 101
f 100 101 99
f 98 99 97
f 96 97 95
f 94 95 93
f 92 93 91
f 90 91 89
f 88 89 87
f 86 87 85
f 84 85 83
f 82 83 81
f 80 81 79
f 78 79 77
f 76 77 75
f 74 75 73
f 72 73 71
f 70 71 69
f 68 69 67
f 66 67 65
f 64 65 63
f 62 63 60
f 176 177 178
f 179 180 181
f 182 177 183
f 184 185 186
f 187 188 189
f 177 190 178
f 181 177 179
f 183 191 182
f 192 193 194
f 195 196 184
f 195 197 198
f 195 199 200
f 201 202 199
f 201 203 204
f 205 206 207
f 208 209 210
f 208 211 212
f 213 214 215
f 189 216 187
f 217 218 219
f 178 220 221
f 177 222 223
f 182 179 177
f 224 225 226
f 227 226 228
f 194 229 192
f 230 192 229
f 186 195 184
f 195 231 197
f 199 195 201
f 232 233 234
f 201 195 203
f 205 204 206
f 212 209 208
f 235 211 208
f 188 213 189
f 236 187 216
f 218 236 237
f 219 238 217
f 239 217 240
f 241 242 243
f 177 244 190
f 177 245 222
f 181 246 177
f 247 248 249
f 228 250 227
f 228 251 252
f 253 254 255
f 229 195 230
f 198 196 195
f 201 256 202
f 234 257 232
f 201 232 257
f 207 258 205
f 258 207 259
f 260 261 262
f 263 264 265
f 266 265 267
f 268 267 269
f 270 271 272
f 208 273 235
f 273 274 275
f 214 274 273
f 216 237 236
f 238 240 217
f 240 276 239
f 277 278 279
f 278 277 241
f 223 244 177
f 246 245 177
f 249 280 247
f 252 250 228
f 251 228 281
f 282 283 284
f 193 253 194
f 200 231 195
f 257 256 201
f 259 260 258
f 260 259 261
f 267 268 266
f 269 285 286
f 285 269 287
f 287 288 289
f 288 290 291
f 292 270 293
f 272 294 270
f 270 208 295
f 275 235 273
f 215 189 213
f 276 296 239
f 176 239 296
f 243 278 241
f 180 277 181
f 249 297 280
f 220 298 299
f 220 178 300
f 281 301 251
f 281 302 303
f 304 305 282
f 304 306 307
f 195 308 230
f 233 309 234
f 262 310 260
f 310 262 264
f 269 286 268
f 287 311 312
f 291 289 288
f 270 313 293
f 294 314 270
f 295 315 270
f 273 215 214
f 296 177 176
f 178 221 176
f 247 316 248
f 300 298 220
f 191 183 317
f 318 317 225
f 303 301 281
f 281 319 320
f 321 322 323
f 306 304 324
f 307 305 304
f 325 326 327
f 328 329 330
f 331 330 292
f 332 333 334
f 186 308 195
f 185 184 335
f 335 336 337
f 335 338 339
f 264 263 310
f 287 312 285
f 289 340 287
f 341 342 343
f 344 345 346
f 347 348 349
f 314 313 270
f 210 295 208
f 279 181 277
f 299 248 220
f 225 224 318
f 320 302 281
f 321 350 319
f 321 351 322
f 352 353 354
f 352 355 356
f 357 358 359
f 358 360 361
f 284 304 282
f 326 362 327
f 326 363 364
f 330 365 366
f 292 367 368
f 255 254 332
f 369 370 371
f 309 372 373
f 335 374 185
f 339 336 335
f 265 266 263
f 340 375 287
f 343 376 341
f 338 377 378
f 346 343 344
f 349 344 347
f 379 380 381
f 315 271 270
f 316 220 248
f 226 227 224
f 321 382 350
f 321 383 351
f 354 321 352
f 352 384 355
f 249 357 385
f 361 359 358
f 386 360 358
f 325 387 306
f 364 362 326
f 363 326 388
f 389 388 329
f 330 366 328
f 292 368 331
f 390 391 352
f 334 255 332
f 371 373 369
f 373 234 309
f 337 374 335
f 375 311 287
f 378 342 338
f 338 335 392
f 346 393 343
f 349 394 344
f 395 396 397
f 379 398 399
f 380 400 381
f 380 401 402
f 237 219 218
f 319 281 321
f 354 383 321
f 356 403 352
f 357 404 385
f 359 405 357
f 284 283 386
f 327 387 325
f 329 406 389
f 331 365 330
f 352 334 390
f 333 407 334
f 372 369 373
f 204 205 201
f 392 377 338
f 394 345 344
f 408 409 347
f 410 411 412
f 413 411 410
f 414 415 416
f 417 418 419
f 379 417 420
f 397 421 395
f 379 422 398
f 381 423 379
f 402 424 380
f 317 318 191
f 403 353 352
f 405 404 357
f 324 325 306
f 328 406 329
f 292 425 426
f 371 427 428
f 407 390 334
f 255 194 253
f 393 376 343
f 347 429 408
f 412 430 410
f 431 432 413
f 433 432 431
f 434 433 435
f 415 436 437
f 416 438 414
f 419 439 417
f 420 440 379
f 421 441 395
f 423 422 379
f 380 442 401
f 292 443 444
f 323 382 321
f 358 284 386
f 426 367 292
f 428 396 371
f 370 445 371
f 409 348 347
f 410 446 447
f 410 431 413
f 435 448 434
f 436 434 448
f 438 449 414
f 418 414 449
f 440 380 379
f 441 450 395
f 424 400 380
f 380 451 452
f 326 325 451
f 242 453 429
f 293 443 292
f 388 389 363
f 396 454 455
f 371 445 427
f 341 338 342
f 288 456 457
f 456 458 459
f 456 460 461
f 447 456 410
f 431 435 433
f 437 416 415
f 439 420 417
f 399 395 379
f 451 380 326
f 429 243 242
f 385 297 249
f 396 462 454
f 391 384 352
f 457 463 288
f 461 458 456
f 430 446 410
f 449 419 418
f 452 442 380
f 444 425 292
f 428 462 396
f 288 464 465
f 456 466 457
f 447 460 456
f 450 379 395
f 455 397 396
f 288 467 464
f 459 466 456
f 453 408 429
f 463 467 288
f 465 290 288
f 448 437 436
f 468 469 470
f 471 468 472
f 473 471 474
f 475 473 476
f 477 475 478
f 479 477 480
f 481 479 482
f 483 481 484
f 485 483 486
f 487 485 488
f 489 487 490
f 491 489 492
f 493 491 494
f 495 493 496
f 497 495 498
f 499 497 500
f 501 499 502
f 503 501 504
f 505 503 506
f 507 508 509
f 510 509 508
f 508 505 510
f 511 507 512
f 513 511 514
f 515 513 516
f 517 515 518
f 519 517 520
f 521 519 522
f 523 521 524
f 525 523 526
f 527 525 528
f 529 527 530
f 531 529 532
f 533 531 534
f 535 533 536
f 537 535 538
f 539 537 540
f 541 539 542
f 543 541 544
f 545 543 546
f 547 545 548
f 549 547 550
f 551 549 552
f 553 551 554
f 555 553 556
f 557 555 558
f 559 557 560
f 561 559 562
f 563 561 564
f 565 563 566
f 567 565 568
f 569 567 570
f 571 569 572
f 573 571 574
f 575 573 576
f 577 575 578
f 579 577 580
f 581 579 582
f 583 581 584
f 469 583 585
f 585 470 469
f 584 585 583
f 582 584 581
f 580 582 579
f 578 580 577
f 576 578 575
f 574 576 573
f 572 574 571
f 570 572 569
f 568 570 567
f 566 568 565
f 564 566 563
f 562 564 561
f 560 562 559
f 558 560 557
f 556 558 555
f 554 556 553
f 552 554 551
f 550 552 549
f 548 550 547
f 546 548 545
f 544 546 543
f 542 544 541
f 540 542 539
f 538 540 537
f 536 538 535
f 534 536 533
f 532 534 531
f 530 532 529
f 528 530 527
f 526 528 525
f 524 526 523
f 522 524 521
f 520 522 519
f 518 520 517
f 516 518 515
f 514 516 513
f 512 514 511
f 509 512 507
f 506 510 505
f 504 506 503
f 502 504 501
f 500 502 499
f 498 500 497
f 496 498 495
f 494 496 493
f 492 494 491
f 490 492 489
f 488 490 487
f 486 488 485
f 484 486 483
f 482 484 481
f 480 482 479
f 478 480 477
f 476 478 475
f 474 476 473
f 472 474 471
f 470 472 468
f 586 587 588
f 588 589 586
f 589 590 586
f 590 591 586
f 591 592 586
f 592 593 586
f 593 594 586
f 594 595 586
f 595 596 586
f 596 597 586
f 597 598 586
f 598 599 586
f 599 600 586
f 600 601 586
f 601 602 586
f 602 603 586
f 603 604 586
f 604 605 586
f 605 606 586
f 606 607 586
f 607 608 586
f 608 609 586
f 609 610 586
f 610 611 586
f 611 612 586
f 612 613 586
f 613 614 586
f 614 615 586
f 615 616 586
f 616 617 586
f 617 618 586
f 618 619 586
f 619 620 586
f 620 621 586
f 621 622 586
f 622 623 586
f 623 624 586
f 624 625 586
f 625 626 586
f 626 627 586
f 627 628 586
f 628 629 586
f 629 630 586
f 630 631 586
f 631 632 586
f 632 633 586
f 633 634 586
f 634 635 586
f 635 636 586
f 636 637 586
f 637 638 586
f 638 639 586
f 639 640 586
f 640 641 586
f 641 642 586
f 642 643 586
f 643 644 586
f 644 645 586
f 645 587 586
f 646 647 648
f 649 646 650
f 651 649 652
f 653 651 654
f 655 653 656
f 657 655 658
f 659 657 660
f 661 659 662
f 663 661 664
f 665 663 666
f 667 665 668
f 669 667 670
f 671 669 672
f 673 671 674
f 675 673 676
f 677 675 678
f 679 677 680
f 681 679 682
f 683 681 684
f 685 683 686
f 687 685 688
f 689 687 690
f 691 689 692
f 693 691 694
f 695 693 696
f 697 695 698
f 699 697 700
f 701 699 702
f 703 701 704
f 705 703 706
f 707 705 708
f 709 707 710
f 711 709 712
f 713 711 714
f 715 713 716
f 717 715 718
f 719 717 720
f 721 719 722
f 723 724 725
f 726 725 724
f 724 721 726
f 727 723 728
f 729 727 730
f 731 729 732
f 733 731 734
f 735 733 736
f 737 735 738
f 739 737 740
f 741 739 742
f 743 741 744
f 745 743 746
f 747 745 748
f 749 747 750
f 751 749 752
f 753 751 754
f 755 753 756
f 757 755 758
f 759 757 760
f 761 759 762
f 647 761 763
f 763 648 647
f 762 763 761
f 760 762 759
f 758 760 757
f 756 758 755
f 754 756 753
f 752 754 751
f 750 752 749
f 748 750 747
f 746 748 745
f 744 746 743
f 742 744 741
f 740 742 739
f 738 740 737
f 736 738 735
f 734 736 733
f 732 734 731
f 730 732 729
f 728 730 727
f 725 728 723
f 722 726 721
f 720 722 719
f 718 720 717
f 716 718 715
f 714 716 713
f 712 714 711
f 710 712 709
f 708 710 707
f 706 708 705
f 704 706 703
f 702 704 701
f 700 702 699
f 698 700 697
f 696 698 695
f 694 696 693
f 692 694 691
f 690 692 689
f 688 690 687
f 686 688 685
f 684 686 683
f 682 684 681
f 680 682 679
f 678 680 677
f 676 678 675
f 674 676 673
f 672 674 671
f 670 672 669
f 668 670 667
f 666 668 665
f 664 666 663
f 662 664 661
f 660 662 659
f 658 660 657
f 656 658 655
f 654 656 653
f 652 654 651
f 650 652 649
f 648 650 646
f 764 765 766
f 766 767 764
f 767 768 764
f 768 769 764
f 769 770 764
f 770 771 764
f 771 772 764
f 772 773 764
f 773 774 764
f 774 775 764
f 775 776 764
f 776 777 764
f 777 778 764
f 778 779 764
f 779 780 764
f 780 781 764
f 781 782 764
f 782 783 764
f 783 784 764
f 784 785 764
f 785 786 764
f 786 787 764
f 787 788 764
f 788 789 764
f 789 790 764
f 790 791 764
f 791 792 764
f 792 793 764
f 793 794 764
f 794 795 764
f 795 796 764
f 796 797 764
f 797 798 764
f 798 799 764
f 799 800 764
f 800 801 764
f 801 802 764
f 802 803 764
f 803 804 764
f 804 805 764
f 805 806 764
f 806 807 764
f 807 808 764
f 808 809 764
f 809 810 764
f 810 811 764
f 811 812 764
f 812 813 764
f 813 814 764
f 814 815 764
f 815 816 764
f 816 817 764
f 817 818 764
f 818 819 764
f 819 820 764
f 820 821 764
f 821 822 764
f 822 823 764
f 823 765 764
f 824 825 826
f 827 824 828
f 829 827 830
f 831 829 832
f 833 831 834
f 835 833 836
f 837 835 838
f 839 837 840
f 841 839 842
f 843 841 844
f 845 843 846
f 847 845 848
f 849 847 850
f 851 849 852
f 853 851 854
f 855 853 856
f 857 855 858
f 859 857 860
f 861 859 862
f 863 861 864
f 865 863 866
f 867 865 868
f 869 867 870
f 871 869 872
f 873 871 874
f 875 873 876
f 877 875 878
f 879 877 880
f 881 879 882
f 883 881 884
f 885 883 886
f 887 885 888
f 889 887 890
f 891 889 892
f 893 891 894
f 895 893 896
f 897 895 898
f 899 897 900
f 901 899 902
f 903 901 904
f 905 903 906
f 907 905 908
f 909 907 910
f 911 909 912
f 913 911 914
f 915 913 916
f 917 915 918
f 919 917 920
f 921 919 922
f 923 921 924
f 925 923 926
f 927 925 928
f 929 927 930
f 931 929 932
f 933 931 934
f 935 933 936
f 937 935 938
f 825 937 939
f 939 826 825
f 938 939 937
f 936 938 935
f 934 936 933
f 932 934 931
f 930 932 929
f 928 930 927
f 926 928 925
f 924 926 923
f 922 924 921
f 920 922 919
f 918 920 917
f 916 918 915
f 914 916 913
f 912 914 911
f 910 912 909
f 908 910 907
f 906 908 905
f 904 906 903
f 902 904 901
f 900 902 899
f 898 900 897
f 896 898 895
f 894 896 893
f 892 894 891
f 890 892 889
f 888 890 887
f 886 888 885
f 884 886 883
f 882 884 881
f 880 882 879
f 878 880 877
f 876 878 875
f 874 876 873
f 872 874 871
f 870 872 869
f 868 870 867
f 866 868 865
f 864 866 863
f 862 864 861
f 860 862 859
f 858 860 857
f 856 858 855
f 854 856 853
f 852 854 851
f 850 852 849
f 848 850 847
f 846 848 845
f 844 846 843
f 842 844 841
f 840 842 839
f 838 840 837
f 836 838 835
f 834 836 833
f 832 834 831
f 830 832 829
f 828 830 827
f 826 828 824
f 940 941 942
f 942 943 940
f 943 944 940
f 944 945 940
f 945 946 940
f 946 947 940
f 947 948 940
f 948 949 940
f 949 950 940
f 950 951 940
f 951 952 940
f 952 953 940
f 953 954 940
f 954 955 940
f 955 956 940
f 956 957 940
f 957 958 940
f 958 959 940
f 959 960 940
f 960 961 940
f 961 962 940
f 962 963 940
f 963 964 940
f 964 965 940
f 965 966 940
f 966 967 940
f 967 968 940
f 968 969 940
f 969 970 940
f 970 971 940
f 971 972 940
f 972 973 940
f 973 974 940
f 974 975 940
f 975 976 940
f 976 977 940
f 977 978 940
f 978 979 940
f 979 980 940
f 980 981 940
f 981 982 940
f 982 983 940
f 983 984 940
f 984 985 940
f 985 986 940
f 986 987 940
f 987 988 940
f 988 989 940
f 989 990 940
f 990 991 940
f 991 992 940
f 992 993 940
f 993 994 940
f 994 995 940
f 995 996 940
f 996 997 940
f 997 998 940
f 998 941 940
f 999 1000 1001
f 1002 1001 1003
f 1004 1003 1005
f 1006 1005 1007
f 1008 1009 1010
f 1009 1007 1010
f 1011 1008 1012
f 1008 1013 1012
f 1008 1014 1013
f 1011 1015 1016
f 1017 1016 1018
f 1019 1018 1020
f 1021 1020 1022
f 1022 1023 1021
f 1023 1024 1025
f 1026 1025 1027
f 1028 1029 1030
f 1029 1027 1030
f 1028 1031 1032
f 1033 1032 1034
f 1035 1034 1036
f 1037 1036 1038
f 1038 1039 1037
f 1039 1040 1041
f 1042 1041 1043
f 1044 1045 1046
f 1045 1043 1046
f 1044 1047 1048
f 1049 1048 1050
f 1051 1050 1052
f 1053 1052 1054
f 1054 1055 1053
f 1055 1056 1057
f 1057 1058 1055
f 1058 1059 1060
f 1061 1060 1062
f 1063 1062 1064
f 1065 1064 1066
f 1067 1066 1068
f 1069 1068 1070
f 1071 1070 1072
f 1073 1072 1074
f 1075 1076 1077
f 1076 1074 1077
f 1078 1075 1079
f 1075 1080 1079
f 1078 1081 1082
f 1083 1082 1084
f 1085 1084 1086
f 1087 1086 1088
f 1088 1089 1087
f 1089 1090 1091
f 1092 1091 1093
f 1094 1095 1096
f 1095 1093 1096
f 1094 1097 1098
f 1099 1098 1100
f 1101 1100 1102
f 1103 1102 1104
f 1104 1105 1103
f 1105 1106 1107
f 1108 1107 1109
f 1110 1111 1112
f 1111 1109 1112
f 1110 1113 1114
f 1115 1114 1116
f 1117 1116 1118
f 1119 1120 1121
f 1122 1118 1120
f 1120 1119 1122
f 1119 1123 1124
f 1124 1125 1119
f 1125 1126 1127
f 1128 1127 1129
f 1130 1129 1131
f 1132 1131 1000
f 1000 999 1132
f 1131 1132 1130
f 1129 1130 1128
f 1127 1128 1125
f 1124 1126 1125
f 1121 1123 1119
f 1118 1122 1117
f 1116 1117 1115
f 1114 1115 1110
f 1112 1113 1110
f 1109 1111 1108
f 1107 1108 1105
f 1104 1106 1105
f 1102 1103 1101
f 1100 1101 1099
f 1098 1099 1094
f 1096 1097 1094
f 1093 1095 1092
f 1091 1092 1089
f 1088 1090 1089
f 1086 1087 1085
f 1084 1085 1083
f 1082 1083 1078
f 1079 1081 1078
f 1077 1080 1075
f 1074 1076 1073
f 1072 1073 1071
f 1070 1071 1069
f 1068 1069 1067
f 1066 1067 1065
f 1064 1065 1063
f 1062 1063 1061
f 1060 1061 1058
f 1057 1059 1058
f 1054 1056 1055
f 1052 1053 1051
f 1050 1051 1049
f 1048 1049 1044
f 1046 1047 1044
f 1043 1045 1042
f 1041 1042 1039
f 1038 1040 1039
f 1036 1037 1035
f 1034 1035 1033
f 1032 1033 1028
f 1030 1031 1028
f 1027 1029 1026
f 1025 1026 1023
f 1022 1024 1023
f 1020 1021 1019
f 1018 1019 1017
f 1016 1017 1011
f 1012 1015 1011
f 1010 1014 1008
f 1007 1009 1006
f 1005 1006 1004
f 1003 1004 1002
f 1001 1002 999
f 1133 1134 1135
f 1136 1137 1138
f 1133 1139 1140
f 1141 1142 1143
f 1141 1144 1145
f 1146 1147 1144
f 1148 1140 1149
f 1133 1150 1139
f 1133 1151 1152
f 1141 1153 1154
f 1143 1155 1141
f 1144 1141 1146
f 1146 1148 1156
f 1140 1148 1133
f 1152 1157 1133
f 1141 1158 1153
f 1155 1159 1141
f 1145 1160 1141
f 1156 1161 1146
f 1148 1162 1163
f 1148 1164 1165
f 1149 1166 1148
f 1133 1167 1151
f 1159 1158 1141
f 1146 1168 1147
f 1148 1169 1156
f 1148 1170 1171
f 1148 1172 1173
f 1163 1174 1148
f 1166 1164 1148
f 1157 1175 1133
f 1133 1141 1176
f 1160 1142 1141
f 1146 1177 1178
f 1148 1179 1169
f 1173 1170 1148
f 1148 1180 1162
f 1133 1181 1150
f 1133 1182 1167
f 1133 1183 1184
f 1133 1185 1186
f 1176 1187 1133
f 1141 1188 1189
f 1178 1168 1146
f 1146 1190 1191
f 1146 1192 1193
f 1148 1194 1179
f 1171 1195 1148
f 1165 1180 1148
f 1184 1182 1133
f 1133 1196 1185
f 1189 1176 1141
f 1191 1177 1146
f 1193 1197 1146
f 1195 1194 1148
f 1175 1181 1133
f 1186 1198 1133
f 1187 1199 1133
f 1197 1190 1146
f 1174 1172 1148
f 1133 1200 1196
f 1154 1188 1141
f 1198 1183 1133
f 1161 1192 1146
f 1146 1141 1201
f 1202 1203 1204
f 1202 1205 1206
f 1207 1208 1205
f 1146 1209 1210
f 1201 1211 1146
f 1141 1212 1213
f 1202 1214 1215
f 1204 1216 1202
f 1205 1202 1207
f 1146 1217 1209
f 1213 1201 1141
f 1202 1218 1214
f 1216 1219 1202
f 1206 1220 1202
f 1207 1221 1222
f 1146 1223 1224
f 1210 1225 1146
f 1211 1226 1146
f 1219 1218 1202
f 1207 1227 1208
f 1207 1228 1221
f 1207 1224 1229
f 1146 1230 1223
f 1146 1231 1232
f 1226 1217 1146
f 1141 1233 1234
f 1141 1235 1236
f 1141 1237 1238
f 1202 1239 1240
f 1220 1203 1202
f 1207 1241 1242
f 1207 1243 1228
f 1224 1207 1146
f 1232 1244 1146
f 1141 1245 1212
f 1141 1246 1233
f 1238 1235 1141
f 1240 1141 1202
f 1202 1247 1248
f 1202 1249 1250
f 1242 1227 1207
f 1207 1251 1252
f 1207 1253 1254
f 1207 1255 1243
f 1229 1256 1207
f 1225 1231 1146
f 1236 1246 1141
f 1202 1257 1239
f 1250 1247 1202
f 1252 1241 1207
f 1254 1258 1207
f 1256 1255 1207
f 1234 1245 1141
f 1240 1259 1141
f 1248 1260 1202
f 1258 1251 1207
f 1244 1230 1146
f 1202 1261 1257
f 1215 1249 1202
f 1259 1237 1141
f 1222 1253 1207
f 1262 1202 1263
f 1264 1265 1266
f 1267 1268 1269
f 1267 1270 1271
f 1267 1272 1268
f 1267 1273 1274
f 1271 1275 1267
f 1267 1276 1272
f 1275 1273 1267
f 1274 1276 1267
f 1270 1277 1278
f 1278 1271 1270
f 1136 1279 1280
f 1136 1281 1279
f 1136 1269 1282
f 1282 1281 1136
f 1135 1137 1283
f 1283 1284 1135
f 1137 1285 1283
f 1137 1136 1286
f 1135 1287 1288
f 1286 1285 1137
f 1284 1287 1135
f 1289 1290 1291
f 1289 1288 1292
f 1292 1290 1289
f 1291 1293 1289
f 1133 1294 1295
f 1133 1296 1297
f 1133 1289 1298
f 1141 1295 1299
f 1133 1300 1294
f 1133 1301 1296
f 1298 1302 1133
f 1295 1141 1133
f 1302 1301 1133
f 1297 1300 1133
f 1202 1303 1304
f 1202 1305 1303
f 1202 1306 1307
f 1307 1305 1202
f 1202 1141 1308
f 1202 1309 1306
f 1308 1310 1202
f 1310 1309 1202
f 1141 1311 1312
f 1312 1308 1141
f 1263 1304 1313
f 1263 1314 1315
f 1313 1316 1263
f 1316 1314 1263
f 1264 1317 1318
f 1318 1319 1264
f 1264 1320 1321
f 1317 1322 1318
f 1319 1320 1264
f 1317 1263 1323
f 1323 1322 1317
f 1265 1324 1325
f 1325 1326 1265
f 1265 1321 1324
f 1326 1327 1265
f 1266 1265 1328
f 1266 1329 1330
f 1328 1331 1266
f 1266 1332 1329
f 1331 1333 1266
f 1266 1334 1332
f 1333 1335 1266
f 1270 1330 1336
f 1335 1334 1266
f 1330 1270 1266
f 1270 1337 1338
f 1270 1339 1340
f 1266 1341 1342
f 1340 1337 1270
f 1343 1344 1345
f 1342 1343 1266
f 1266 1346 1347
f 1266 1270 1348
f 1270 1349 1350
f 1270 1351 1352
f 1338 1353 1270
f 1354 1355 1356
f 1343 1357 1358
f 1345 1359 1343
f 1266 1360 1341
f 1266 1361 1362
f 1266 1363 1346
f 1348 1364 1266
f 1270 1365 1366
f 1350 1367 1270
f 1353 1351 1270
f 1270 1355 1368
f 1355 1369 1370
f 1355 1354 1371
f 1356 1372 1373
f 1374 1375 1376
f 1343 1377 1357
f 1359 1378 1343
f 1342 1379 1343
f 1362 1380 1266
f 1266 1381 1363
f 1366 1348 1270
f 1270 1382 1349
f 1368 1339 1270
f 1355 1383 1369
f 1356 1373 1354
f 1376 1384 1374
f 1378 1377 1343
f 1266 1385 1360
f 1266 1386 1361
f 1266 1387 1381
f 1364 1388 1266
f 1352 1382 1270
f 1371 1383 1355
f 1372 1356 1375
f 1376 1389 1384
f 1390 1391 1343
f 1379 1344 1343
f 1380 1392 1266
f 1266 1393 1394
f 1388 1387 1266
f 1370 1368 1355
f 1374 1395 1375
f 1343 1396 1397
f 1343 1398 1399
f 1392 1385 1266
f 1394 1400 1266
f 1367 1365 1270
f 1376 1401 1389
f 1391 1390 1401
f 1399 1396 1343
f 1400 1386 1266
f 1375 1395 1372
f 1343 1397 1390
f 1347 1393 1266
f 1358 1398 1343
f 1266 1402 1403
f 1266 1343 1402
f 1404 1405 1406
f 1404 1407 1408
f 1404 1403 1405
f 1406 1407 1404
f 1264 1409 1410
f 1410 1411 1264
f 1264 1404 1412
f 1412 1409 1264
f 1317 1413 1414
f 1414 1415 1317
f 1317 1416 1417
f 1418 1419 1420
f 1417 1413 1317
f 1317 1421 1422
f 1264 1419 1423
f 1419 1424 1425
f 1420 1426 1427
f 1415 1428 1429
f 1415 1430 1431
f 1415 1432 1433
f 1422 1416 1317
f 1419 1434 1423
f 1419 1435 1436
f 1425 1437 1419
f 1420 1438 1426
f 1439 1440 1438
f 1441 1442 1443
f 1431 1428 1415
f 1414 1432 1415
f 1317 1444 1445
f 1317 1446 1447
f 1317 1448 1449
f 1317 1450 1451
f 1436 1434 1419
f 1419 1418 1424
f 1438 1420 1439
f 1439 1452 1453
f 1454 1455 1456
f 1454 1443 1457
f 1443 1415 1441
f 1433 1430 1415
f 1447 1444 1317
f 1317 1458 1459
f 1451 1448 1317
f 1264 1460 1461
f 1264 1462 1463
f 1264 1464 1465
f 1264 1466 1467
f 1264 1468 1469
f 1264 1470 1471
f 1437 1435 1419
f 1453 1440 1439
f 1457 1455 1454
f 1442 1472 1443
f 1445 1421 1317
f 1449 1458 1317
f 1463 1460 1264
f 1264 1473 1474
f 1467 1464 1264
f 1471 1468 1264
f 1420 1427 1418
f 1439 1454 1475
f 1472 1457 1443
f 1459 1446 1317
f 1474 1462 1264
f 1469 1466 1264
f 1475 1452 1439
f 1429 1441 1415
f 1264 1476 1450
f 1465 1473 1264
f 1456 1475 1454
f 1461 1476 1264
f 1450 1317 1264
f 1317 1477 1478
f 1317 1479 1477
f 1317 1480 1479
f 1317 1415 1480
f 1262 1481 1482
f 1482 1483 1262
f 1262 1478 1484
f 1484 1481 1262
f 1202 1262 1485
f 1485 1486 1202
f 1207 1486 1487
f 1207 1488 1489
f 1146 1490 1491
f 1489 1146 1207
f 1489 1490 1146
f 1207 1492 1488
f 1148 1146 1493
f 1493 1494 1148
f 1146 1495 1493
f 1146 1496 1497
f 1497 1495 1146
f 1148 1498 1499
f 1133 1500 1501
f 1133 1148 1500
f 1134 1502 1503
f 1134 1501 1504
f 1504 1502 1134
f 1503 1505 1134
f 1135 1134 1506
f 1135 1507 1508
f 1506 1509 1135
f 1509 1507 1135
f 1510 1511 1512
f 1512 1513 1510
f 1510 1514 1511
f 1135 1515 1516
f 1512 1517 1513
f 1135 1518 1519
f 1515 1520 1516
f 1517 1521 1513
f 1510 1522 1523
f 1516 1518 1135
f 1515 1524 1525
f 1513 1526 1527
f 1510 1528 1514
f 1522 1529 1523
f 1135 1530 1531
f 1135 1532 1533
f 1135 1534 1535
f 1525 1520 1515
f 1536 1515 1537
f 1527 1537 1513
f 1523 1528 1510
f 1137 1538 1539
f 1533 1530 1135
f 1519 1534 1135
f 1515 1540 1541
f 1515 1536 1542
f 1537 1543 1544
f 1521 1526 1513
f 1545 1546 1522
f 1137 1547 1548
f 1137 1549 1550
f 1539 1551 1137
f 1137 1552 1553
f 1137 1554 1555
f 1135 1556 1557
f 1135 1558 1559
f 1535 1532 1135
f 1542 1540 1515
f 1527 1543 1537
f 1522 1560 1545
f 1137 1561 1562
f 1550 1547 1137
f 1137 1563 1538
f 1555 1552 1137
f 1137 1564 1565
f 1135 1566 1556
f 1559 1567 1135
f 1541 1524 1515
f 1546 1529 1522
f 1560 1568 1569
f 1560 1570 1571
f 1560 1572 1573
f 1562 1560 1137
f 1551 1549 1137
f 1565 1554 1137
f 1567 1566 1135
f 1537 1544 1536
f 1571 1568 1560
f 1562 1572 1560
f 1553 1563 1137
f 1137 1135 1574
f 1531 1558 1135
f 1573 1570 1560
f 1574 1564 1137
f 1569 1545 1560
f 1557 1574 1135
f 1137 1575 1576
f 1137 1577 1578
f 1578 1575 1137
f 1137 1560 1577
f 1138 1579 1580
f 1580 1581 1138
f 1138 1582 1579
f 1138 1576 1582
f 1267 1138 1583
f 1583 1584 1267
f 1585 1586 1587
f 1355 1588 1589
f 1267 1590 1591
f 1587 1267 1585
f 1592 1593 1594
f 1355 1595 1588
f 1270 1596 1597
f 1587 1590 1267
f 1594 1355 1592
f 1589 1598 1355
f 1270 1599 1600
f 1270 1601 1596
f 1270 1602 1603
f 1267 1604 1602
f 1267 1605 1606
f 1267 1607 1608
f 1591 1609 1267
f 1355 1610 1592
f 1355 1600 1595
f 1597 1599 1270
f 1602 1270 1267
f 1267 1611 1612
f 1267 1613 1614
f 1606 1615 1267
f 1609 1607 1267
f 1585 1616 1617
f 1585 1618 1619
f 1585 1620 1621
f 1598 1610 1355
f 1270 1622 1601
f 1267 1623 1604
f 1614 1611 1267
f 1267 1624 1605
f 1585 1625 1586
f 1585 1626 1616
f 1621 1618 1585
f 1585 1627 1628
f 1629 1627 1585
f 1600 1355 1270
f 1270 1630 1631
f 1267 1632 1623
f 1612 1633 1267
f 1608 1624 1267
f 1619 1626 1585
f 1585 1634 1629
f 1635 1636 1637
f 1638 1639 1640
f 1631 1622 1270
f 1270 1641 1642
f 1270 1643 1644
f 1633 1632 1267
f 1617 1625 1585
f 1628 1645 1585
f 1634 1637 1646
f 1637 1640 1635
f 1640 1594 1638
f 1642 1630 1270
f 1644 1647 1270
f 1615 1613 1267
f 1646 1629 1634
f 1639 1635 1640
f 1647 1641 1270
f 1645 1620 1585
f 1636 1648 1637
f 1603 1643 1270
f 1593 1638 1594
f 1648 1646 1637
f 1584 1585 1267
f 1581 1583 1138
f 1576 1138 1137
f 1548 1561 1137
f 1508 1515 1135
f 1505 1506 1134
f 1501 1134 1133
f 1499 1500 1148
f 1494 1498 1148
f 1491 1496 1146
f 1487 1492 1207
f 1486 1207 1202
f 1483 1485 1262
f 1478 1262 1317
f 1423 1470 1264
f 1411 1419 1264
f 1408 1412 1404
f 1403 1404 1266
f 1401 1376 1391
f 1336 1277 1270
f 1327 1328 1265
f 1321 1265 1264
f 1315 1323 1263
f 1304 1263 1202
f 1299 1311 1141
f 1293 1298 1289
f 1288 1289 1135
f 1280 1286 1136
f 1269 1136 1267
f 1266 1404 1264
f 1263 1317 1262
f 1260 1261 1202
f 1199 1200 1133
f 1138 1267 1136
f 1135 1289 1133
f 1649 1650 1651
f 1652 1649 1653
f 1654 1652 1655
f 1656 1654 1657
f 1658 1656 1659
f 1660 1658 1661
f 1662 1660 1663
f 1664 1662 1665
f 1666 1664 1667
f 1668 1666 1669
f 1670 1668 1671
f 1672 1670 1673
f 1674 1672 1675
f 1676 1674 1677
f 1678 1676 1679
f 1680 1678 1681
f 1682 1680 1683
f 1684 1682 1685
f 1686 1684 1687
f 1688 1686 1689
f 1690 1688 1691
f 1692 1690 1693
f 1694 1692 1695
f 1696 1694 1697
f 1698 1696 1699
f 1700 1698 1701
f 1702 1700 1703
f 1704 1702 1705
f 1706 1704 1707
f 1708 1706 1709
f 1710 1708 1711
f 1712 1710 1713
f 1714 1712 1715
f 1716 1714 1717
f 1718 1716 1719
f 1720 1718 1721
f 1722 1720 1723
f 1724 1722 1725
f 1726 1724 1727
f 1728 1726 1729
f 1730 1728 1731
f 1732 1730 1733
f 1734 1732 1735
f 1736 1734 1737
f 1738 1736 1739
f 1740 1738 1741
f 1742 1740 1743
f 1744 1742 1745
f 1746 1747 1748
f 1749 1748 1747
f 1747 1744 1749
f 1750 1746 1751
f 1752 1750 1753
f 1754 1752 1755
f 1756 1754 1757
f 1758 1756 1759
f 1760 1758 1761
f 1762 1760 1763
f 1764 1762 1765
f 1650 1764 1766
f 1766 1651 1650
f 1765 1766 1764
f 1763 1765 1762
f 1761 1763 1760
f 1759 1761 1758
f 1757 1759 1756
f 1755 1757 1754
f 1753 1755 1752
f 1751 1753 1750
f 1748 1751 1746
f 1745 1749 1744
f 1743 1745 1742
f 1741 1743 1740
f 1739 1741 1738
f 1737 1739 1736
f 1735 1737 1734
f 1733 1735 1732
f 1731 1733 1730
f 1729 1731 1728
f 1727 1729 1726
f 1725 1727 1724
f 1723 1725 1722
f 1721 1723 1720
f 1719 1721 1718
f 1717 1719 1716
f 1715 1717 1714
f 1713 1715 1712
f 1711 1713 1710
f 1709 1711 1708
f 1707 1709 1706
f 1705 1707 1704
f 1703 1705 1702
f 1701 1703 1700
f 1699 1701 1698
f 1697 1699 1696
f 1695 1697 1694
f 1693 1695 1692
f 1691 1693 1690
f 1689 1691 1688
f 1687 1689 1686
f 1685 1687 1684
f 1683 1685 1682
f 1681 1683 1680
f 1679 1681 1678
f 1677 1679 1676
f 1675 1677 1674
f 1673 1675 1672
f 1671 1673 1670
f 1669 1671 1668
f 1667 1669 1666
f 1665 1667 1664
f 1663 1665 1662
f 1661 1663 1660
f 1659 1661 1658
f 1657 1659 1656
f 1655 1657 1654
f 1653 1655 1652
f 1651 1653 1649
f 1767 1768 1769
f 1769 1770 1767
f 1770 1771 1767
f 1771 1772 1767
f 1772 1773 1767
f 1773 1774 1767
f 1774 1775 1767
f 1775 1776 1767
f 1776 1777 1767
f 1777 1778 1767
f 1778 1779 1767
f 1779 1780 1767
f 1780 1781 1767
f 1781 1782 1767
f 1782 1783 1767
f 1783 1784 1767
f 1784 1785 1767
f 1785 1786 1767
f 1786 1787 1767
f 1787 1788 1767
f 1788 1789 1767
f 1789 1790 1767
f 1790 1791 1767
f 1791 1792 1767
f 1792 1793 1767
f 1793 1794 1767
f 1794 1795 1767
f 1795 1796 1767
f 1796 1797 1767
f 1797 1798 1767
f 1798 1799 1767
f 1799 1800 1767
f 1800 1801 1767
f 1801 1802 1767
f 1802 1803 1767
f 1803 1804 1767
f 1804 1805 1767
f 1805 1806 1767
f 1806 1807 1767
f 1807 1808 1767
f 1808 1809 1767
f 1809 1810 1767
f 1810 1811 1767
f 1811 1812 1767
f 1812 1813 1767
f 1813 1814 1767
f 1814 1815 1767
f 1815 1816 1767
f 1816 1817 1767
f 1817 1818 1767
f 1818 1819 1767
f 1819 1820 1767
f 1820 1821 1767
f 1821 1822 1767
f 1822 1823 1767
f 1823 1824 1767
f 1824 1825 1767
f 1825 1826 1767
f 1826 1768 1767
f 1827 1828 1829
f 1830 1827 1831
f 1832 1830 1833
f 1834 1832 1835
f 1836 1834 1837
f 1838 1836 1839
f 1840 1838 1841
f 1842 1840 1843
f 1844 1842 1845
f 1846 1844 1847
f 1848 1846 1849
f 1850 1848 1851
f 1852 1850 1853
f 1854 1852 1855
f 1856 1854 1857
f 1858 1856 1859
f 1860 1858 1861
f 1862 1860 1863
f 1864 1862 1865
f 1866 1864 1867
f 1868 1866 1869
f 1870 1868 1871
f 1872 1870 1873
f 1874 1872 1875
f 1876 1874 1877
f 1878 1876 1879
f 1880 1878 1881
f 1882 1880 1883
f 1884 1882 1885
f 1886 1884 1887
f 1888 1886 1889
f 1890 1888 1891
f 1892 1890 1893
f 1894 1892 1895
f 1896 1894 1897
f 1898 1896 1899
f 1900 1898 1901
f 1902 1900 1903
f 1904 1905 1906
f 1907 1906 1905
f 1905 1902 1907
f 1908 1904 1909
f 1910 1908 1911
f 1912 1910 1913
f 1914 1912 1915
f 1916 1914 1917
f 1918 1916 1919
f 1920 1918 1921
f 1922 1920 1923
f 1924 1922 1925
f 1926 1924 1927
f 1928 1926 1929
f 1930 1928 1931
f 1932 1930 1933
f 1934 1932 1935
f 1936 1934 1937
f 1938 1936 1939
f 1940 1938 1941
f 1942 1940 1943
f 1828 1942 1944
f 1944 1829 1828
f 1943 1944 1942
f 1941 1943 1940
f 1939 1941 1938
f 1937 1939 1936
f 1935 1937 1934
f 1933 1935 1932
f 1931 1933 1930
f 1929 1931 1928
f 1927 1929 1926
f 1925 1927 1924
f 1923 1925 1922
f 1921 1923 1920
f 1919 1921 1918
f 1917 1919 1916
f 1915 1917 1914
f 1913 1915 1912
f 1911 1913 1910
f 1909 1911 1908
f 1906 1909 1904
f 1903 1907 1902
f 1901 1903 1900
f 1899 1901 1898
f 1897 1899 1896
f 1895 1897 1894
f 1893 1895 1892
f 1891 1893 1890
f 1889 1891 1888
f 1887 1889 1886
f 1885 1887 1884
f 1883 1885 1882
f 1881 1883 1880
f 1879 1881 1878
f 1877 1879 1876
f 1875 1877 1874
f 1873 1875 1872
f 1871 1873 1870
f 1869 1871 1868
f 1867 1869 1866
f 1865 1867 1864
f 1863 1865 1862
f 1861 1863 1860
f 1859 1861 1858
f 1857 1859 1856
f 1855 1857 1854
f 1853 1855 1852
f 1851 1853 1850
f 1849 1851 1848
f 1847 1849 1846
f 1845 1847 1844
f 1843 1845 1842
f 1841 1843 1840
f 1839 1841 1838
f 1837 1839 1836
f 1835 1837 1834
f 1833 1835 1832
f 1831 1833 1830
f 1829 1831 1827
f 1945 1946 1947
f 1947 1948 1945
f 1948 1949 1945
f 1949 1950 1945
f 1950 1951 1945
f 1951 1952 1945
f 1952 1953 1945
f 1953 1954 1945
f 1954 1955 1945
f 1955 1956 1945
f 1956 1957 1945
f 1957 1958 1945
f 1958 1959 1945
f 1959 1960 1945
f 1960 1961 1945
f 1961 1962 1945
f 1962 1963 1945
f 1963 1964 1945
f 1964 1965 1945
f 1965 1966 1945
f 1966 1967 1945
f 1967 1968 1945
f 1968 1969 1945
f 1969 1970 1945
f 1970 1971 1945
f 1971 1972 1945
f 1972 1973 1945
f 1973 1974 1945
f 1974 1975 1945
f 1975 1976 1945
f 1976 1977 1945
f 1977 1978 1945
f 1978 1979 1945
f 1979 1980 1945
f 1980 1981 1945
f 1981 1982 1945
f 1982 1983 1945
f 1983 1984 1945
f 1984 1985 1945
f 1985 1986 1945
f 1986 1987 1945
f 1987 1988 1945
f 1988 1989 1945
f 1989 1990 1945
f 1990 1991 1945
f 1991 1992 1945
f 1992 1993 1945
f 1993 1994 1945
f 1994 1995 1945
f 1995 1996 1945
f 1996 1997 1945
f 1997 1998 1945
f 1998 1999 1945
f 1999 2000 1945
f 2000 2001 1945
f 2001 2002 1945
f 2002 2003 1945
f 2003 2004 1945
f 2004 1946 1945
f 2005 2006 2007
f 2008 2005 2009
f 2010 2008 2011
f 2012 2010 2013
f 2014 2012 2015
f 2016 2014 2017
f 2018 2016 2019
f 2020 2018 2021
f 2022 2020 2023
f 2024 2022 2025
f 2026 2024 2027
f 2028 2026 2029
f 2030 2028 2031
f 2032 2030 2033
f 2034 2032 2035
f 2036 2034 2037
f 2038 2036 2039
f 2040 2038 2041
f 2042 2040 2043
f 2044 2042 2045
f 2046 2044 2047
f 2048 2046 2049
f 2050 2048 2051
f 2052 2050 2053
f 2054 2052 2055
f 2056 2054 2057
f 2058 2056 2059
f 2060 2058 2061
f 2062 2060 2063
f 2064 2062 2065
f 2066 2064 2067
f 2068 2066 2069
f 2070 2068 2071
f 2072 2070 2073
f 2074 2072 2075
f 2076 2074 2077
f 2078 2076 2079
f 2080 2078 2081
f 2082 2080 2083
f 2084 2082 2085
f 2086 2084 2087
f 2088 2086 2089
f 2090 2088 2091
f 2092 2090 2093
f 2094 2092 2095
f 2096 2094 2097
f 2098 2096 2099
f 2100 2098 2101
f 2102 2100 2103
f 2104 2102 2105
f 2106 2104 2107
f 2108 2106 2109
f 2110 2108 2111
f 2112 2110 2113
f 2114 2112 2115
f 2116 2114 2117
f 2118 2116 2119
f 2006 2118 2120
f 2120 2007 2006
f 2119 2120 2118
f 2117 2119 2116
f 2115 2117 2114
f 2113 2115 2112
f 2111 2113 2110
f 2109 2111 2108
f 2107 2109 2106
f 2105 2107 2104
f 2103 2105 2102
f 2101 2103 2100
f 2099 2101 2098
f 2097 2099 2096
f 2095 2097 2094
f 2093 2095 2092
f 2091 2093 2090
f 2089 2091 2088
f 2087 2089 2086
f 2085 2087 2084
f 2083 2085 2082
f 2081 2083 2080
f 2079 2081 2078
f 2077 2079 2076
f 2075 2077 2074
f 2073 2075 2072
f 2071 2073 2070
f 2069 2071 2068
f 2067 2069 2066
f 2065 2067 2064
f 2063 2065 2062
f 2061 2063 2060
f 2059 2061 2058
f 2057 2059 2056
f 2055 2057 2054
f 2053 2055 2052
f 2051 2053 2050
f 2049 2051 2048
f 2047 2049 2046
f 2045 2047 2044
f 2043 2045 2042
f 2041 2043 2040
f 2039 2041 2038
f 2037 2039 2036
f 2035 2037 2034
f 2033 2035 2032
f 2031 2033 2030
f 2029 2031 2028
f 2027 2029 2026
f 2025 2027 2024
f 2023 2025 2022
f 2021 2023 2020
f 2019 2021 2018
f 2017 2019 2016
f 2015 2017 2014
f 2013 2015 2012
f 2011 2013 2010
f 2009 2011 2008
f 2007 2009 2005
f 2121 2122 2123
f 2123 2124 2121
f 2124 2125 2121
f 2125 2126 2121
f 2126 2127 2121
f 2127 2128 2121
f 2128 2129 2121
f 2129 2130 2121
f 2130 2131 2121
f 2131 2132 2121
f 2132 2133 2121
f 2133 2134 2121
f 2134 2135 2121
f 2135 2136 2121
f 2136 2137 2121
f 2137 2138 2121
f 2138 2139 2121
f 2139 2140 2121
f 2140 2141 2121
f 2141 2142 2121
f 2142 2143 2121
f 2143 2144 2121
f 2144 2145 2121
f 2145 2146 2121
f 2146 2147 2121
f 2147 2148 2121
f 2148 2149 2121
f 2149 2150 2121
f 2150 2151 2121
f 2151 2152 2121
f 2152 2153 2121
f 2153 2154 2121
f 2154 2155 2121
f 2155 2156 2121
f 2156 2157 2121
f 2157 2158 2121
f 2158 2159 2121
f 2159 2160 2121
f 2160 2161 2121
f 2161 2162 2121
f 2162 2163 2121
f 2163 2164 2121
f 2164 2165 2121
f 2165 2166 2121
f 2166 2167 2121
f 2167 2168 2121
f 2168 2169 2121
f 2169 2170 2121
f 2170 2171 2121
f 2171 2172 2121
f 2172 2173 2121
f 2173 2174 2121
f 2174 2175 2121
f 2175 2176 2121
f 2176 2177 2121
f 2177 2178 2121
f 2178 2179 2121
f 2179 2122 2121
f 2180 2181 2182
f 2183 2180 2184
f 2185 2183 2186
f 2187 2185 2188
f 2189 2187 2190
f 2191 2189 2192
f 2193 2191 2194
f 2195 2193 2196
f 2197 2195 2198
f 2199 2197 2200
f 2201 2199 2202
f 2203 2201 2204
f 2205 2203 2206
f 2207 2205 2208
f 2209 2207 2210
f 2211 2209 2212
f 2213 2211 2214
f 2215 2213 2216
f 2217 2215 2218
f 2219 2220 2221
f 2222 2221 2220
f 2220 2217 2222
f 2223 2219 2224
f 2225 2223 2226
f 2227 2225 2228
f 2229 2227 2230
f 2231 2229 2232
f 2233 2231 2234
f 2235 2233 2236
f 2237 2235 2238
f 2239 2237 2240
f 2241 2239 2242
f 2243 2241 2244
f 2245 2243 2246
f 2247 2245 2248
f 2249 2247 2250
f 2251 2249 2252
f 2253 2251 2254
f 2255 2253 2256
f 2257 2255 2258
f 2259 2257 2260
f 2261 2259 2262
f 2263 2261 2264
f 2265 2263 2266
f 2267 2265 2268
f 2269 2267 2270
f 2271 2269 2272
f 2273 2271 2274
f 2275 2273 2276
f 2277 2275 2278
f 2279 2277 2280
f 2281 2279 2282
f 2283 2281 2284
f 2285 2283 2286
f 2287 2285 2288
f 2289 2287 2290
f 2291 2289 2292
f 2293 2291 2294
f 2295 2293 2296
f 2181 2295 2297
f 2297 2182 2181
f 2296 2297 2295
f 2294 2296 2293
f 2292 2294 2291
f 2290 2292 2289
f 2288 2290 2287
f 2286 2288 2285
f 2284 2286 2283
f 2282 2284 2281
f 2280 2282 2279
f 2278 2280 2277
f 2276 2278 2275
f 2274 2276 2273
f 2272 2274 2271
f 2270 2272 2269
f 2268 2270 2267
f 2266 2268 2265
f 2264 2266 2263
f 2262 2264 2261
f 2260 2262 2259
f 2258 2260 2257
f 2256 2258 2255
f 2254 2256 2253
f 2252 2254 2251
f 2250 2252 2249
f 2248 2250 2247
f 2246 2248 2245
f 2244 2246 2243
f 2242 2244 2241
f 2240 2242 2239
f 2238 2240 2237
f 2236 2238 2235
f 2234 2236 2233
f 2232 2234 2231
f 2230 2232 2229
f 2228 2230 2227
f 2226 2228 2225
f 2224 2226 2223
f 2221 2224 2219
f 2218 2222 2217
f 2216 2218 2215
f 2214 2216 2213
f 2212 2214 2211
f 2210 2212 2209
f 2208 2210 2207
f 2206 2208 2205
f 2204 2206 2203
f 2202 2204 2201
f 2200 2202 2199
f 2198 2200 2197
f 2196 2198 2195
f 2194 2196 2193
f 2192 2194 2191
f 2190 2192 2189
f 2188 2190 2187
f 2186 2188 2185
f 2184 2186 2183
f 2182 2184 2180
f 2298 2299 2300
f 2300 2301 2298
f 2301 2302 2298
f 2302 2303 2298
f 2303 2304 2298
f 2304 2305 2298
f 2305 2306 2298
f 2306 2307 2298
f 2307 2308 2298
f 2308 2309 2298
f 2309 2310 2298
f 2310 2311 2298
f 2311 2312 2298
f 2312 2313 2298
f 2313 2314 2298
f 2314 2315 2298
f 2315 2316 2298
f 2316 2317 2298
f 2317 2318 2298
f 2318 2319 2298
f 2319 2320 2298
f 2320 2321 2298
f 2321 2322 2298
f 2322 2323 2298
f 2323 2324 2298
f 2324 2325 2298
f 2325 2326 2298
f 2326 2327 2298
f 2327 2328 2298
f 2328 2329 2298
f 2329 2330 2298
f 2330 2331 2298
f 2331 2332 2298
f 2332 2333 2298
f 2333 2334 2298
f 2334 2335 2298
f 2335 2336 2298
f 2336 2337 2298
f 2337 2338 2298
f 2338 2339 2298
f 2339 2340 2298
f 2340 2341 2298
f 2341 2342 2298
f 2342 2343 2298
f 2343 2344 2298
f 2344 2345 2298
f 2345 2346 2298
f 2346 2347 2298
f 2347 2348 2298
f 2348 2349 2298
f 2349 2350 2298
f 2350 2351 2298
f 2351 2352 2298
f 2352 2353 2298
f 2353 2354 2298
f 2354 2355 2298
f 2355 2356 2298
f 2356 2357 2298
f 2357 2299 2298
f 2358 2359 2360
f 2361 2358 2362
f 2363 2361 2364
f 2365 2363 2366
f 2367 2365 2368
f 2369 2367 2370
f 2371 2369 2372
f 2373 2371 2374
f 2375 2373 2376
f 2377 2378 2379
f 2380 2379 2378
f 2378 2375 2380
f 2381 2377 2382
f 2383 2381 2384
f 2385 2383 2386
f 2387 2385 2388
f 2389 2387 2390
f 2391 2389 2392
f 2393 2391 2394
f 2395 2393 2396
f 2397 2395 2398
f 2399 2397 2400
f 2401 2399 2402
f 2403 2401 2404
f 2405 2403 2406
f 2407 2405 2408
f 2409 2407 2410
f 2411 2409 2412
f 2413 2411 2414
f 2415 2413 2416
f 2417 2415 2418
f 2419 2417 2420
f 2421 2419 2422
f 2423 2421 2424
f 2425 2423 2426
f 2427 2425 2428
f 2429 2427 2430
f 2431 2429 2432
f 2433 2431 2434
f 2435 2433 2436
f 2437 2435 2438
f 2439 2437 2440
f 2441 2439 2442
f 2443 2441 2444
f 2445 2443 2446
f 2447 2445 2448
f 2449 2447 2450
f 2451 2449 2452
f 2453 2451 2454
f 2455 2453 2456
f 2457 2455 2458
f 2459 2457 2460
f 2461 2459 2462
f 2463 2461 2464
f 2465 2463 2466
f 2467 2465 2468
f 2469 2467 2470
f 2471 2469 2472
f 2473 2471 2474
f 2359 2473 2475
f 2475 2360 2359
f 2474 2475 2473
f 2472 2474 2471
f 2470 2472 2469
f 2468 2470 2467
f 2466 2468 2465
f 2464 2466 2463
f 2462 2464 2461
f 2460 2462 2459
f 2458 2460 2457
f 2456 2458 2455
f 2454 2456 2453
f 2452 2454 2451
f 2450 2452 2449
f 2448 2450 2447
f 2446 2448 2445
f 2444 2446 2443
f 2442 2444 2441
f 2440 2442 2439
f 2438 2440 2437
f 2436 2438 2435
f 2434 2436 2433
f 2432 2434 2431
f 2430 2432 2429
f 2428 2430 2427
f 2426 2428 2425
f 2424 2426 2423
f 2422 2424 2421
f 2420 2422 2419
f 2418 2420 2417
f 2416 2418 2415
f 2414 2416 2413
f 2412 2414 2411
f 2410 2412 2409
f 2408 2410 2407
f 2406 2408 2405
f 2404 2406 2403
f 2402 2404 2401
f 2400 2402 2399
f 2398 2400 2397
f 2396 2398 2395
f 2394 2396 2393
f 2392 2394 2391
f 2390 2392 2389
f 2388 2390 2387
f 2386 2388 2385
f 2384 2386 2383
f 2382 2384 2381
f 2379 2382 2377
f 2376 2380 2375
f 2374 2376 2373
f 2372 2374 2371
f 2370 2372 2369
f 2368 2370 2367
f 2366 2368 2365
f 2364 2366 2363
f 2362 2364 2361
f 2360 2362 2358
f 2476 2477 2478
f 2478 2479 2476
f 2479 2480 2476
f 2480 2481 2476
f 2481 2482 2476
f 2482 2483 2476
f 2483 2484 2476
f 2484 2485 2476
f 2485 2486 2476
f 2486 2487 2476
f 2487 2488 2476
f 2488 2489 2476
f 2489 2490 2476
f 2490 2491 2476
f 2491 2492 2476
f 2492 2493 2476
f 2493 2494 2476
f 2494 2495 2476
f 2495 2496 2476
f 2496 2497 2476
f 2497 2498 2476
f 2498 2499 2476
f 2499 2500 2476
f 2500 2501 2476
f 2501 2502 2476
f 2502 2503 2476
f 2503 2504 2476
f 2504 2505 2476
f 2505 2506 2476
f 2506 2507 2476
f 2507 2508 2476
f 2508 2509 2476
f 2509 2510 2476
f 2510 2511 2476
f 2511 2512 2476
f 2512 2513 2476
f 2513 2514 2476
f 2514 2515 2476
f 2515 2516 2476
f 2516 2517 2476
f 2517 2518 2476
f 2518 2519 2476
f 2519 2520 2476
f 2520 2521 2476
f 2521 2522 2476
f 2522 2523 2476
f 2523 2524 2476
f 2524 2525 2476
f 2525 2526 2476
f 2526 2527 2476
f 2527 2528 2476
f 2528 2529 2476
f 2529 2530 2476
f 2530 2531 2476
f 2531 2532 2476
f 2532 2533 2476
f 2533 2534 2476
f 2534 2535 2476
f 2535 2477 2476
f 2536 2537 2538
f 2539 2536 2540
f 2541 2539 2542
f 2543 2541 2544
f 2545 2543 2546
f 2547 2545 2548
f 2549 2547 2550
f 2551 2549 2552
f 2553 2551 2554
f 2555 2553 2556
f 2557 2555 2558
f 2559 2557 2560
f 2561 2559 2562
f 2563 2561 2564
f 2565 2566 2567
f 2563 2568 2569
f 2569 2567 2563
f 2570 2566 2565
f 2571 2570 2572
f 2573 2571 2574
f 2575 2573 2576
f 2577 2575 2578
f 2579 2577 2580
f 2581 2579 2582
f 2583 2581 2584
f 2585 2583 2586
f 2587 2585 2588
f 2589 2587 2590
f 2591 2589 2592
f 2593 2591 2594
f 2595 2593 2596
f 2597 2595 2598
f 2599 2597 2600
f 2601 2599 2602
f 2603 2601 2604
f 2605 2603 2606
f 2607 2605 2608
f 2609 2607 2610
f 2611 2609 2612
f 2613 2611 2614
f 2615 2613 2616
f 2617 2615 2618
f 2619 2617 2620
f 2621 2619 2622
f 2623 2621 2624
f 2625 2623 2626
f 2627 2625 2628
f 2629 2627 2630
f 2631 2629 2632
f 2633 2631 2634
f 2635 2633 2636
f 2637 2635 2638
f 2639 2637 2640
f 2641 2639 2642
f 2643 2641 2644
f 2645 2643 2646
f 2647 2645 2648
f 2649 2647 2650
f 2651 2649 2652
f 2537 2651 2653
f 2653 2538 2537
f 2652 2653 2651
f 2650 2652 2649
f 2648 2650 2647
f 2646 2648 2645
f 2644 2646 2643
f 2642 2644 2641
f 2640 2642 2639
f 2638 2640 2637
f 2636 2638 2635
f 2634 2636 2633
f 2632 2634 2631
f 2630 2632 2629
f 2628 2630 2627
f 2626 2628 2625
f 2624 2626 2623
f 2622 2624 2621
f 2620 2622 2619
f 2618 2620 2617
f 2616 2618 2615
f 2614 2616 2613
f 2612 2614 2611
f 2610 2612 2609
f 2608 2610 2607
f 2606 2608 2605
f 2604 2606 2603
f 2602 2604 2601
f 2600 2602 2599
f 2598 2600 2597
f 2596 2598 2595
f 2594 2596 2593
f 2592 2594 2591
f 2590 2592 2589
f 2588 2590 2587
f 2586 2588 2585
f 2584 2586 2583
f 2582 2584 2581
f 2580 2582 2579
f 2578 2580 2577
f 2576 2578 2575
f 2574 2576 2573
f 2572 2574 2571
f 2565 2572 2570
f 2567 2569 2565
f 2564 2568 2563
f 2562 2564 2561
f 2560 2562 2559
f 2558 2560 2557
f 2556 2558 2555
f 2554 2556 2553
f 2552 2554 2551
f 2550 2552 2549
f 2548 2550 2547
f 2546 2548 2545
f 2544 2546 2543
f 2542 2544 2541
f 2540 2542 2539
f 2538 2540 2536
f 2654 2655 2656
f 2656 2657 2654
f 2657 2658 2654
f 2658 2659 2654
f 2659 2660 2654
f 2660 2661 2654
f 2661 2662 2654
f 2662 2663 2654
f 2663 2664 2654
f 2664 2665 2654
f 2665 2666 2654
f 2666 2667 2654
f 2667 2668 2654
f 2668 2669 2654
f 2669 2670 2654
f 2670 2671 2654
f 2671 2672 2654
f 2672 2673 2654
f 2673 2674 2654
f 2674 2675 2654
f 2675 2676 2654
f 2676 2677 2654
f 2677 2678 2654
f 2678 2679 2654
f 2679 2680 2654
f 2680 2681 2654
f 2681 2682 2654
f 2682 2683 2654
f 2683 2684 2654
f 2684 2685 2654
f 2685 2686 2654
f 2686 2687 2654
f 2687 2688 2654
f 2688 2689 2654
f 2689 2690 2654
f 2690 2691 2654
f 2691 2692 2654
f 2692 2693 2654
f 2693 2694 2654
f 2694 2695 2654
f 2695 2696 2654
f 2696 2697 2654
f 2697 2698 2654
f 2698 2699 2654
f 2699 2700 2654
f 2700 2701 2654
f 2701 2702 2654
f 2702 2703 2654
f 2703 2704 2654
f 2704 2705 2654
f 2705 2706 2654
f 2706 2707 2654
f 2707 2708 2654
f 2708 2709 2654
f 2709 2710 2654
f 2710 2711 2654
f 2711 2712 2654
f 2712 2713 2654
f 2713 2655 2654
f 2714 2715 2716
f 2717 2714 2718
f 2719 2717 2720
f 2721 2719 2722
f 2723 2721 2724
f 2725 2723 2726
f 2727 2725 2728
f 2729 2727 2730
f 2731 2732 2733
f 2732 2734 2733
f 2735 2734 2732
f 2736 2735 2737
f 2738 2736 2739
f 2740 2741 2742
f 2741 2743 2742
f 2744 2743 2741
f 2745 2744 2746
f 2747 2745 2748
f 2749 2750 2751
f 2751 2752 2749
f 2753 2750 2749
f 2754 2753 2755
f 2756 2754 2757
f 2758 2759 2760
f 2760 2761 2758
f 2762 2759 2758
f 2763 2762 2764
f 2765 2763 2766
f 2767 2765 2768
f 2769 2767 2770
f 2771 2769 2772
f 2773 2771 2774
f 2775 2773 2776
f 2777 2775 2778
f 2779 2777 2780
f 2781 2779 2782
f 2783 2781 2784
f 2785 2783 2786
f 2787 2785 2788
f 2789 2787 2790
f 2791 2789 2792
f 2793 2794 2795
f 2794 2796 2795
f 2797 2796 2794
f 2798 2797 2799
f 2800 2798 2801
f 2802 2803 2804
f 2803 2805 2804
f 2806 2805 2803
f 2807 2806 2808
f 2809 2807 2810
f 2811 2812 2813
f 2813 2814 2811
f 2815 2812 2811
f 2816 2815 2817
f 2818 2816 2819
f 2820 2821 2822
f 2822 2823 2820
f 2824 2821 2820
f 2825 2824 2826
f 2827 2825 2828
f 2829 2827 2830
f 2831 2829 2832
f 2833 2831 2834
f 2835 2833 2836
f 2715 2835 2837
f 2837 2716 2715
f 2836 2837 2835
f 2834 2836 2833
f 2832 2834 2831
f 2830 2832 2829
f 2828 2830 2827
f 2826 2828 2825
f 2820 2826 2824
f 2822 2818 2823
f 2819 2823 2818
f 2817 2819 2816
f 2811 2817 2815
f 2813 2809 2814
f 2810 2814 2809
f 2808 2810 2807
f 2803 2808 2806
f 2804 2800 2802
f 2801 2802 2800
f 2799 2801 2798
f 2794 2799 2797
f 2795 2791 2793
f 2792 2793 2791
f 2790 2792 2789
f 2788 2790 2787
f 2786 2788 2785
f 2784 2786 2783
f 2782 2784 2781
f 2780 2782 2779
f 2778 2780 2777
f 2776 2778 2775
f 2774 2776 2773
f 2772 2774 2771
f 2770 2772 2769
f 2768 2770 2767
f 2766 2768 2765
f 2764 2766 2763
f 2758 2764 2762
f 2760 2756 2761
f 2757 2761 2756
f 2755 2757 2754
f 2749 2755 2753
f 2751 2747 2752
f 2748 2752 2747
f 2746 2748 2745
f 2741 2746 2744
f 2742 2738 2740
f 2739 2740 2738
f 2737 2739 2736
f 2732 2737 2735
f 2733 2729 2731
f 2730 2731 2729
f 2728 2730 2727
f 2726 2728 2725
f 2724 2726 2723
f 2722 2724 2721
f 2720 2722 2719
f 2718 2720 2717
f 2716 2718 2714
f 2838 2839 2840
f 2838 2841 2842
f 2843 2844 2842
f 2843 2845 2846
f 2842 2839 2838
f 2846 2844 2843
f 2847 2848 2846
f 2847 2849 2850
f 2842 2841 2843
f 2850 2848 2847
f 2851 2852 2853
f 2851 2854 2855
f 2846 2845 2847
f 2856 2857 2850
f 2858 2859 2857
f 2858 2860 2861
f 2862 2863 2861
f 2862 2864 2865
f 2866 2867 2868
f 2866 2869 2870
f 2871 2853 2872
f 2855 2852 2851
f 2873 2874 2875
f 2874 2876 2840
f 2850 2849 2856
f 2861 2859 2858
f 2865 2863 2862
f 2864 2877 2878
f 2879 2880 2881
f 2882 2883 2880
f 2884 2885 2886
f 2884 2887 2888
f 2870 2867 2866
f 2869 2889 2890
f 2891 2872 2890
f 2853 2871 2851
f 2840 2875 2874
f 2857 2856 2858
f 2878 2865 2864
f 2877 2892 2893
f 2880 2879 2882
f 2882 2894 2895
f 2896 2897 2895
f 2896 2898 2899
f 2900 2901 2902
f 2903 2904 2901
f 2888 2885 2884
f 2887 2905 2906
f 2907 2908 2909
f 2908 2910 2868
f 2890 2870 2869
f 2872 2891 2871
f 2911 2912 2913
f 2911 2914 2915
f 2916 2917 2918
f 2916 2919 2920
f 2840 2876 2838
f 2893 2878 2877
f 2921 2922 2893
f 2921 2923 2881
f 2895 2883 2882
f 2899 2897 2896
f 2924 2925 2899
f 2924 2926 2927
f 2901 2900 2903
f 2903 2928 2886
f 2906 2888 2887
f 2905 2929 2930
f 2931 2932 2933
f 2932 2934 2935
f 2868 2909 2908
f 2890 2889 2891
f 2936 2913 2855
f 2915 2912 2911
f 2920 2917 2916
f 2919 2873 2937
f 2861 2860 2862
f 2881 2922 2921
f 2895 2894 2896
f 2927 2925 2924
f 2886 2904 2903
f 2930 2906 2905
f 2931 2938 2930
f 2935 2933 2932
f 2939 2940 2935
f 2941 2942 2940
f 2943 2944 2942
f 2943 2945 2946
f 2868 2910 2866
f 2913 2936 2911
f 2947 2918 2915
f 2937 2920 2919
f 2893 2892 2921
f 2899 2898 2924
f 2948 2949 2927
f 2948 2950 2902
f 2886 2928 2884
f 2933 2938 2931
f 2940 2939 2941
f 2946 2944 2943
f 2855 2854 2936
f 2918 2947 2916
f 2881 2923 2879
f 2902 2949 2948
f 2930 2929 2931
f 2942 2941 2943
f 2951 2952 2946
f 2907 2953 2952
f 2915 2914 2947
f 2927 2926 2948
f 2935 2934 2939
f 2952 2951 2907
f 2875 2937 2873
f 2946 2945 2951
f 2902 2950 2900
f 2909 2953 2907
f 2954 2955 2956
f 2957 2954 2958
f 2959 2957 2960
f 2961 2959 2962
f 2963 2961 2964
f 2965 2963 2966
f 2967 2965 2968
f 2969 2967 2970
f 2971 2969 2972
f 2973 2971 2974
f 2975 2973 2976
f 2977 2975 2978
f 2979 2977 2980
f 2981 2979 2982
f 2983 2981 2984
f 2985 2983 2986
f 2987 2985 2988
f 2989 2987 2990
f 2991 2989 2992
f 2993 2991 2994
f 2995 2993 2996
f 2997 2995 2998
f 2999 2997 3000
f 3001 2999 3002
f 3003 3001 3004
f 3005 3003 3006
f 3007 3005 3008
f 3009 3007 3010
f 3011 3009 3012
f 3013 3011 3014
f 3015 3013 3016
f 3017 3015 3018
f 3019 3017 3020
f 3021 3019 3022
f 3023 3021 3024
f 3025 3023 3026
f 3027 3025 3028
f 3029 3027 3030
f 3031 3029 3032
f 3033 3031 3034
f 3035 3033 3036
f 3037 3035 3038
f 3039 3037 3040
f 3041 3039 3042
f 3043 3041 3044
f 3045 3043 3046
f 3047 3045 3048
f 3049 3047 3050
f 3051 3049 3052
f 3053 3051 3054
f 3055 3053 3056
f 3057 3055 3058
f 3059 3057 3060
f 3061 3059 3062
f 3063 3061 3064
f 3065 3063 3066
f 3067 3065 3068
f 2955 3067 3069
f 3069 2956 2955
f 3068 3069 3067
f 3066 3068 3065
f 3064 3066 3063
f 3062 3064 3061
f 3060 3062 3059
f 3058 3060 3057
f 3056 3058 3055
f 3054 3056 3053
f 3052 3054 3051
f 3050 3052 3049
f 3048 3050 3047
f 3046 3048 3045
f 3044 3046 3043
f 3042 3044 3041
f 3040 3042 3039
f 3038 3040 3037
f 3036 3038 3035
f 3034 3036 3033
f 3032 3034 3031
f 3030 3032 3029
f 3028 3030 3027
f 3026 3028 3025
f 3024 3026 3023
f 3022 3024 3021
f 3020 3022 3019
f 3018 3020 3017
f 3016 3018 3015
f 3014 3016 3013
f 3012 3014 3011
f 3010 3012 3009
f 3008 3010 3007
f 3006 3008 3005
f 3004 3006 3003
f 3002 3004 3001
f 3000 3002 2999
f 2998 3000 2997
f 2996 2998 2995
f 2994 2996 2993
f 2992 2994 2991
f 2990 2992 2989
f 2988 2990 2987
f 2986 2988 2985
f 2984 2986 2983
f 2982 2984 2981
f 2980 2982 2979
f 2978 2980 2977
f 2976 2978 2975
f 2974 2976 2973
f 2972 2974 2971
f 2970 2972 2969
f 2968 2970 2967
f 2966 2968 2965
f 2964 2966 2963
f 2962 2964 2961
f 2960 2962 2959
f 2958 2960 2957
f 2956 2958 2954
f 3070 3071 3072
f 3072 3073 3070
f 3073 3074 3070
f 3074 3075 3070
f 3075 3076 3070
f 3076 3077 3070
f 3077 3078 3070
f 3078 3079 3070
f 3079 3080 3070
f 3080 3081 3070
f 3081 3082 3070
f 3082 3083 3070
f 3083 3084 3070
f 3084 3085 3070
f 3085 3086 3070
f 3086 3087 3070
f 3087 3088 3070
f 3088 3089 3070
f 3089 3090 3070
f 3090 3091 3070
f 3091 3092 3070
f 3092 3093 3070
f 3093 3094 3070
f 3094 3095 3070
f 3095 3096 3070
f 3096 3097 3070
f 3097 3098 3070
f 3098 3099 3070
f 3099 3100 3070
f 3100 3101 3070
f 3101 3102 3070
f 3102 3103 3070
f 3103 3104 3070
f 3104 3105 3070
f 3105 3106 3070
f 3106 3107 3070
f 3107 3108 3070
f 3108 3109 3070
f 3109 3110 3070
f 3110 3111 3070
f 3111 3112 3070
f 3112 3113 3070
f 3113 3114 3070
f 3114 3115 3070
f 3115 3116 3070
f 3116 3117 3070
f 3117 3118 3070
f 3118 3119 3070
f 3119 3120 3070
f 3120 3121 3070
f 3121 3122 3070
f 3122 3123 3070
f 3123 3124 3070
f 3124 3125 3070
f 3125 3126 3070
f 3126 3127 3070
f 3127 3128 3070
f 3128 3071 3070
