v -0.125027046 0.0772797093 0.0212056674
v -0.125019714 0.0774148628 0.0212056674
v -0.125019714 0.0774148628 0.019375667
v -0.125048935 0.0771461502 0.0212056674
v -0.125027046 0.0772797093 0.019375667
v -0.125085145 0.0770157352 0.0212056674
v -0.125048935 0.0771461502 0.019375667
v -0.125135243 0.0768899992 0.0212056674
v -0.125085145 0.0770157352 0.019375667
v -0.125198647 0.0767704174 0.0212056674
v -0.125135243 0.0768899992 0.019375667
v -0.125274599 0.0766583905 0.0212056674
v -0.125198647 0.0767704174 0.019375667
v -0.125362217 0.0765552372 0.0212056674
v -0.125274599 0.0766583905 0.019375667
v -0.125460476 0.0764621571 0.0212056674
v -0.125362217 0.0765552372 0.019375667
v -0.125568226 0.0763802454 0.0212056674
v -0.125460476 0.0764621571 0.019375667
v -0.125568226 0.0763802454 0.019375667
v -0.125684202 0.0763104707 0.019375667
v -0.125648037 0.0763322264 0.0212056674
v -0.125684202 0.0763104707 0.0212056674
v -0.125807047 0.0762536377 0.0212056674
v -0.125935301 0.0762104243 0.0212056674
v -0.125807047 0.0762536377 0.019375667
v -0.126067489 0.0761813298 0.0212056674
v -0.125935301 0.0762104243 0.019375667
v -0.126202047 0.0761666968 0.0212056674
v -0.126067489 0.0761813298 0.019375667
v -0.126337394 0.0761666968 0.0212056674
v -0.126202047 0.0761666968 0.019375667
v -0.126471937 0.0761813298 0.0212056674
v -0.126337394 0.0761666968 0.019375667
v -0.126604125 0.0762104243 0.0212056674
v -0.126471937 0.0761813298 0.019375667
v -0.126604125 0.0762104243 0.019375667
v -0.126732394 0.0762536377 0.019375667
v -0.12670067 0.0762429535 0.0212056674
v -0.126732394 0.0762536377 0.0212056674
v -0.126855224 0.0763104707 0.0212056674
v -0.1269712 0.0763802454 0.0212056674
v -0.126855224 0.0763104707 0.019375667
v -0.12707895 0.0764621571 0.0212056674
v -0.1269712 0.0763802454 0.019375667
v -0.127177209 0.0765552372 0.0212056674
v -0.12707895 0.0764621571 0.019375667
v -0.127264827 0.0766583905 0.0212056674
v -0.127177209 0.0765552372 0.019375667
v -0.127340794 0.0767704174 0.0212056674
v -0.127264827 0.0766583905 0.019375667
v -0.127404183 0.0768899992 0.0212056674
v -0.127340794 0.0767704174 0.019375667
v -0.127454281 0.0770157352 0.0212056674
v -0.127404183 0.0768899992 0.019375667
v -0.127490491 0.0771461502 0.0212056674
v -0.127454281 0.0770157352 0.019375667
v -0.127512395 0.0772797093 0.0212056674
v -0.127490491 0.0771461502 0.019375667
v -0.127519712 0.0774148628 0.0212056674
v -0.127512395 0.0772797093 0.019375667
v -0.127512395 0.0775500089 0.0212056674
v -0.127519712 0.0774148628 0.019375667
v -0.127490491 0.0776835755 0.0212056674
v -0.127512395 0.0775500089 0.019375667
v -0.127454281 0.0778139904 0.0212056674
v -0.127490491 0.0776835755 0.019375667
v -0.127404183 0.077939719 0.0212056674
v -0.127454281 0.0778139904 0.019375667
v -0.127340794 0.0780593008 0.0212056674
v -0.127404183 0.077939719 0.019375667
v -0.127264827 0.0781713277 0.0212056674
v -0.127340794 0.0780593008 0.019375667
v -0.127177209 0.078274481 0.0212056674
v -0.127264827 0.0781713277 0.019375667
v -0.12707895 0.0783675611 0.0212056674
v -0.127177209 0.078274481 0.019375667
v -0.1269712 0.0784494728 0.0212056674
v -0.12707895 0.0783675611 0.019375667
v -0.126855224 0.0785192475 0.0212056674
v -0.1269712 0.0784494728 0.019375667
v -0.126732394 0.0785760805 0.0212056674
v -0.126855224 0.0785192475 0.019375667
v -0.126604125 0.0786193013 0.019375667
v -0.126604125 0.0786193013 0.0212056674
v -0.12670067 0.0785867646 0.0212056674
v -0.126732394 0.0785760805 0.019375667
v -0.126471937 0.0786483958 0.0212056674
v -0.126337394 0.0786630288 0.0212056674
v -0.126471937 0.0786483958 0.019375667
v -0.126202047 0.0786630288 0.0212056674
v -0.126337394 0.0786630288 0.019375667
v -0.126067489 0.0786483958 0.0212056674
v -0.126202047 0.0786630288 0.019375667
v -0.125935301 0.0786193013 0.0212056674
v -0.126067489 0.0786483958 0.019375667
v -0.125807047 0.0785760805 0.0212056674
v -0.125935301 0.0786193013 0.019375667
v -0.125684202 0.0785192475 0.0212056674
v -0.125807047 0.0785760805 0.019375667
v -0.125568226 0.0784494728 0.019375667
v -0.125568226 0.0784494728 0.0212056674
v -0.125648037 0.0784974918 0.0212056674
v -0.125684202 0.0785192475 0.019375667
v -0.125460476 0.0783675611 0.0212056674
v -0.125362217 0.078274481 0.0212056674
v -0.125460476 0.0783675611 0.019375667
v -0.125274599 0.0781713277 0.0212056674
v -0.125362217 0.078274481 0.019375667
v -0.125198647 0.0780593008 0.0212056674
v -0.125274599 0.0781713277 0.019375667
v -0.125135243 0.077939719 0.0212056674
v -0.125198647 0.0780593008 0.019375667
v -0.125085145 0.0778139904 0.0212056674
v -0.125135243 0.077939719 0.019375667
v -0.125048935 0.0776835755 0.0212056674
v -0.125085145 0.0778139904 0.019375667
v -0.125027046 0.0775500089 0.0212056674
v -0.125048935 0.0776835755 0.019375667
v -0.125027046 0.0775500089 0.019375667
v -0.127604678 0.0799328685 0.019375667
v -0.127324611 0.0800624415 0.019375667
v -0.126732394 0.0785760805 0.019375667
v -0.127032176 0.0801609755 0.019375667
v -0.126604125 0.0786193013 0.019375667
v -0.1267308 0.0802273154 0.019375667
v -0.126424015 0.0802606791 0.019375667
v -0.126337394 0.0786630288 0.019375667
v -0.126115426 0.0802606791 0.019375667
v -0.126202047 0.0786630288 0.019375667
v -0.125214815 0.0747672766 0.019375667
v -0.125807047 0.0762536377 0.019375667
v -0.125684202 0.0763104707 0.019375667
v -0.125507265 0.0746687427 0.019375667
v -0.125935301 0.0762104243 0.019375667
v -0.126115426 0.074569039 0.019375667
v -0.126202047 0.0761666968 0.019375667
v -0.126067489 0.0761813298 0.019375667
v -0.126424015 0.074569039 0.019375667
v -0.126337394 0.0761666968 0.019375667
v -0.128338799 0.0793748051 0.019375667
v -0.12811476 0.07958702 0.019375667
v -0.12707895 0.0783675611 0.019375667
v -0.127869099 0.0797737762 0.019375667
v -0.1269712 0.0784494728 0.019375667
v -0.126471937 0.0786483958 0.019375667
v -0.125808641 0.0802273154 0.019375667
v -0.126067489 0.0786483958 0.019375667
v -0.125507265 0.0801609755 0.019375667
v -0.125214815 0.0800624415 0.019375667
v -0.125807047 0.0785760805 0.019375667
v -0.124934755 0.0799328685 0.019375667
v -0.125684202 0.0785192475 0.019375667
v -0.124424666 0.0752426982 0.019375667
v -0.125460476 0.0764621571 0.019375667
v -0.125362217 0.0765552372 0.019375667
v -0.124670334 0.0750559494 0.019375667
v -0.125568226 0.0763802454 0.019375667
v -0.125808641 0.0746024027 0.019375667
v -0.1267308 0.0746024027 0.019375667
v -0.126471937 0.0761813298 0.019375667
v -0.127324611 0.0747672766 0.019375667
v -0.126732394 0.0762536377 0.019375667
v -0.126604125 0.0762104243 0.019375667
v -0.127604678 0.0748968497 0.019375667
v -0.126855224 0.0763104707 0.019375667
v -0.12871176 0.0788841918 0.019375667
v -0.128538579 0.0791396052 0.019375667
v -0.127264827 0.0781713277 0.019375667
v -0.127177209 0.078274481 0.019375667
v -0.126855224 0.0785192475 0.019375667
v -0.125935301 0.0786193013 0.019375667
v -0.124670334 0.0797737762 0.019375667
v -0.124424666 0.07958702 0.019375667
v -0.125460476 0.0783675611 0.019375667
v -0.124200627 0.0793748051 0.019375667
v -0.125362217 0.078274481 0.019375667
v -0.124000847 0.075690113 0.019375667
v -0.125274599 0.0766583905 0.019375667
v -0.125198647 0.0767704174 0.019375667
v -0.124200627 0.0754549205 0.019375667
v -0.124934755 0.0748968497 0.019375667
v -0.127032176 0.0746687427 0.019375667
v -0.12811476 0.0752426982 0.019375667
v -0.12707895 0.0764621571 0.019375667
v -0.1269712 0.0763802454 0.019375667
v -0.128338799 0.0754549205 0.019375667
v -0.127177209 0.0765552372 0.019375667
v -0.125568226 0.0784494728 0.019375667
v -0.124000847 0.0791396052 0.019375667
v -0.125274599 0.0781713277 0.019375667
v -0.123827673 0.0788841918 0.019375667
v -0.125198647 0.0780593008 0.019375667
v -0.127869099 0.0750559494 0.019375667
v -0.128538579 0.075690113 0.019375667
v -0.127264827 0.0766583905 0.019375667
v -0.12871176 0.0759455338 0.019375667
v -0.127340794 0.0767704174 0.019375667
v -0.128970534 0.0783248693 0.019375667
v -0.128856301 0.0786115453 0.019375667
v -0.127404183 0.077939719 0.019375667
v -0.127340794 0.0780593008 0.019375667
v -0.123683125 0.0762181729 0.019375667
v -0.125135243 0.0768899992 0.019375667
v -0.125085145 0.0770157352 0.019375667
v -0.123827673 0.0759455338 0.019375667
v -0.129053086 0.0780275241 0.019375667
v -0.127454281 0.0778139904 0.019375667
v -0.123683125 0.0786115453 0.019375667
v -0.125135243 0.077939719 0.019375667
v -0.123568907 0.0783248693 0.019375667
v -0.125085145 0.0778139904 0.019375667
v -0.123568907 0.0765048489 0.019375667
v -0.125048935 0.0771461502 0.019375667
v -0.128856301 0.0762181729 0.019375667
v -0.127404183 0.0768899992 0.019375667
v -0.128970534 0.0765048489 0.019375667
v -0.127454281 0.0770157352 0.019375667
v -0.123486347 0.0780275241 0.019375667
v -0.125048935 0.0776835755 0.019375667
v -0.129053086 0.0768021941 0.019375667
v -0.127490491 0.0771461502 0.019375667
v -0.129119709 0.0774148628 0.019375667
v -0.129103005 0.0777229965 0.019375667
v -0.127512395 0.0775500089 0.019375667
v -0.127490491 0.0776835755 0.019375667
v -0.123436421 0.0771067217 0.019375667
v -0.125027046 0.0772797093 0.019375667
v -0.125019714 0.0774148628 0.019375667
v -0.123486347 0.0768021941 0.019375667
v -0.123436421 0.0777229965 0.019375667
v -0.125027046 0.0775500089 0.019375667
v -0.123419717 0.0774148628 0.019375667
v -0.129103005 0.0771067217 0.019375667
v -0.127512395 0.0772797093 0.019375667
v -0.127519712 0.0774148628 0.019375667
v -0.129103005 0.0771067217 0.0177056678
v -0.129119709 0.0774148628 0.0177056678
v -0.129119709 0.0774148628 0.019375667
v -0.129053086 0.0768021941 0.0177056678
v -0.129103005 0.0771067217 0.019375667
v -0.128970534 0.0765048489 0.0177056678
v -0.129053086 0.0768021941 0.019375667
v -0.128856301 0.0762181729 0.019375667
v -0.128856301 0.0762181729 0.0177056678
v -0.128923997 0.0763880759 0.0177056678
v -0.128970534 0.0765048489 0.019375667
v -0.12871176 0.0759455338 0.0177056678
v -0.128538579 0.075690113 0.0177056678
v -0.12871176 0.0759455338 0.019375667
v -0.128338799 0.0754549205 0.0177056678
v -0.128538579 0.075690113 0.019375667
v -0.12811476 0.0752426982 0.0177056678
v -0.128338799 0.0754549205 0.019375667
v -0.127869099 0.0750559494 0.019375667
v -0.127869099 0.0750559494 0.0177056678
v -0.128067076 0.0752064511 0.0177056678
v -0.12811476 0.0752426982 0.019375667
v -0.127604678 0.0748968497 0.0177056678
v -0.127324611 0.0747672766 0.0177056678
v -0.127604678 0.0748968497 0.019375667
v -0.127032176 0.0746687427 0.0177056678
v -0.127324611 0.0747672766 0.019375667
v -0.1267308 0.0746024027 0.0177056678
v -0.127032176 0.0746687427 0.019375667
v -0.126424015 0.074569039 0.0177056678
v -0.1267308 0.0746024027 0.019375667
v -0.126115426 0.074569039 0.0177056678
v -0.126424015 0.074569039 0.019375667
v -0.125808641 0.0746024027 0.0177056678
v -0.126115426 0.074569039 0.019375667
v -0.125808641 0.0746024027 0.019375667
v -0.125507265 0.0746687427 0.019375667
v -0.125561833 0.0746567324 0.0177056678
v -0.125507265 0.0746687427 0.0177056678
v -0.125214815 0.0747672766 0.0177056678
v -0.124934755 0.0748968497 0.0177056678
v -0.125214815 0.0747672766 0.019375667
v -0.124670334 0.0750559494 0.0177056678
v -0.124934755 0.0748968497 0.019375667
v -0.124424666 0.0752426982 0.0177056678
v -0.124670334 0.0750559494 0.019375667
v -0.124200627 0.0754549205 0.0177056678
v -0.124424666 0.0752426982 0.019375667
v -0.124000847 0.075690113 0.0177056678
v -0.124200627 0.0754549205 0.019375667
v -0.123827673 0.0759455338 0.0177056678
v -0.124000847 0.075690113 0.019375667
v -0.123683125 0.0762181729 0.0177056678
v -0.123827673 0.0759455338 0.019375667
v -0.123683125 0.0762181729 0.019375667
v -0.123568907 0.0765048489 0.019375667
v -0.123615436 0.0763880759 0.0177056678
v -0.123568907 0.0765048489 0.0177056678
v -0.123486347 0.0768021941 0.0177056678
v -0.123436421 0.0771067217 0.0177056678
v -0.123486347 0.0768021941 0.019375667
v -0.123419717 0.0774148628 0.0177056678
v -0.123436421 0.0771067217 0.019375667
v -0.123436421 0.0777229965 0.0177056678
v -0.123419717 0.0774148628 0.019375667
v -0.123486347 0.0780275241 0.0177056678
v -0.123436421 0.0777229965 0.019375667
v -0.123568907 0.0783248693 0.0177056678
v -0.123486347 0.0780275241 0.019375667
v -0.123683125 0.0786115453 0.0177056678
v -0.123568907 0.0783248693 0.019375667
v -0.123827673 0.0788841918 0.0177056678
v -0.123683125 0.0786115453 0.019375667
v -0.124000847 0.0791396052 0.0177056678
v -0.123827673 0.0788841918 0.019375667
v -0.124200627 0.0793748051 0.0177056678
v -0.124000847 0.0791396052 0.019375667
v -0.124424666 0.07958702 0.0177056678
v -0.124200627 0.0793748051 0.019375667
v -0.124670334 0.0797737762 0.0177056678
v -0.124424666 0.07958702 0.019375667
v -0.124934755 0.0799328685 0.0177056678
v -0.124670334 0.0797737762 0.019375667
v -0.125214815 0.0800624415 0.0177056678
v -0.124934755 0.0799328685 0.019375667
v -0.125507265 0.0801609755 0.0177056678
v -0.125214815 0.0800624415 0.019375667
v -0.125808641 0.0802273154 0.019375667
v -0.125808641 0.0802273154 0.0177056678
v -0.125561833 0.0801729932 0.0177056678
v -0.125507265 0.0801609755 0.019375667
v -0.126115426 0.0802606791 0.0177056678
v -0.126424015 0.0802606791 0.0177056678
v -0.126115426 0.0802606791 0.019375667
v -0.1267308 0.0802273154 0.0177056678
v -0.126424015 0.0802606791 0.019375667
v -0.127032176 0.0801609755 0.0177056678
v -0.1267308 0.0802273154 0.019375667
v -0.127324611 0.0800624415 0.0177056678
v -0.127032176 0.0801609755 0.019375667
v -0.127604678 0.0799328685 0.0177056678
v -0.127324611 0.0800624415 0.019375667
v -0.127869099 0.0797737762 0.0177056678
v -0.127604678 0.0799328685 0.019375667
v -0.127869099 0.0797737762 0.019375667
v -0.12811476 0.07958702 0.019375667
v -0.128067076 0.0796232671 0.0177056678
v -0.12811476 0.07958702 0.0177056678
v -0.128338799 0.0793748051 0.0177056678
v -0.128538579 0.0791396052 0.0177056678
v -0.128338799 0.0793748051 0.019375667
v -0.12871176 0.0788841918 0.0177056678
v -0.128538579 0.0791396052 0.019375667
v -0.128856301 0.0786115453 0.0177056678
v -0.12871176 0.0788841918 0.019375667
v -0.128970534 0.0783248693 0.0177056678
v -0.128856301 0.0786115453 0.019375667
v -0.129053086 0.0780275241 0.0177056678
v -0.128970534 0.0783248693 0.019375667
v -0.129103005 0.0777229965 0.0177056678
v -0.129053086 0.0780275241 0.019375667
v -0.129103005 0.0777229965 0.019375667
v -0.128067076 0.0854692832 0.0177056678
v -0.125561833 0.0854692832 0.0177056678
v -0.125561833 0.0816684738 0.0177056678
v -0.115555905 0.0854692832 0.0177056678
v -0.115555905 0.0816684738 0.0177056678
v -0.098678723 0.0854692832 0.0177056678
v -0.0929787233 0.0854692832 0.0177056678
v -0.0929787233 0.0816684738 0.0177056678
v -0.0877641588 0.0854692832 0.0177056678
v -0.0877641588 0.0816684738 0.0177056678
v -0.0761015341 0.0854692832 0.0177056678
v -0.0709231943 0.0854692832 0.0177056678
v -0.0709231943 0.0816684738 0.0177056678
v -0.098678723 0.0816684738 0.0177056678
v -0.098678723 0.0763880759 0.0177056678
v -0.0929787233 0.0763880759 0.0177056678
v -0.0877641588 0.0763880759 0.0177056678
v -0.0761015341 0.0816684738 0.0177056678
v -0.0761015341 0.0763880759 0.0177056678
v -0.0709231943 0.0763880759 0.0177056678
v -0.115555905 0.0763880759 0.0177056678
v -0.098678723 0.0694065765 0.0177056678
v -0.0929787233 0.0694065765 0.0177056678
v -0.0877641588 0.0694065765 0.0177056678
v -0.0761015341 0.0694065765 0.0177056678
v -0.0709231943 0.0694065765 0.0177056678
v -0.0692903548 0.0763880759 0.0177056678
v -0.0692903548 0.0694065765 0.0177056678
v -0.128067076 0.0694065765 0.0177056678
v -0.125561833 0.0694065765 0.0177056678
v -0.125561833 0.0551348142 0.0177056678
v -0.122024566 0.0602959991 0.0177056678
v -0.121811695 0.0603191517 0.0177056678
v -0.115555905 0.0551348142 0.0177056678
v -0.121602573 0.0603651814 0.0177056678
v -0.121399648 0.0604335554 0.0177056678
v -0.122238696 0.0602959991 0.0177056678
v -0.122451574 0.0603191517 0.0177056678
v -0.123057954 0.0605234653 0.0177056678
v -0.122863613 0.0604335554 0.0177056678
v -0.122024566 0.0642453879 0.0177056678
v -0.122238696 0.0642453879 0.0177056678
v -0.115555905 0.0694065765 0.0177056678
v -0.121811695 0.064222239 0.0177056678
v -0.122660697 0.0603651814 0.0177056678
v -0.122451574 0.064222239 0.0177056678
v -0.122660697 0.0641762018 0.0177056678
v -0.123057954 0.0640179217 0.0177056678
v -0.123241432 0.0639075264 0.0177056678
v -0.121399648 0.0641078353 0.0177056678
v -0.121602573 0.0641762018 0.0177056678
v -0.120851368 0.0607634448 0.0177056678
v -0.120695904 0.0609107018 0.0177056678
v -0.121205308 0.0605234653 0.0177056678
v -0.123411901 0.0607634448 0.0177056678
v -0.123241432 0.0606338605 0.0177056678
v -0.123826146 0.0632902533 0.0177056678
v -0.123926446 0.0631010607 0.0177056678
v -0.122863613 0.0641078353 0.0177056678
v -0.120851368 0.0637779385 0.0177056678
v -0.12102183 0.0639075264 0.0177056678
v -0.120437115 0.0612511374 0.0177056678
v -0.120336816 0.0614403225 0.0177056678
v -0.12102183 0.0606338605 0.0177056678
v -0.124005705 0.0616392456 0.0177056678
v -0.123926446 0.0614403225 0.0177056678
v -0.123705983 0.0634674802 0.0177056678
v -0.123411901 0.0637779385 0.0177056678
v -0.123567358 0.0636306852 0.0177056678
v -0.121205308 0.0640179217 0.0177056678
v -0.120257556 0.0629021451 0.0177056678
v -0.120336816 0.0631010607 0.0177056678
v -0.120165631 0.0624845102 0.0177056678
v -0.120200276 0.0626958162 0.0177056678
v -0.120154038 0.0622706935 0.0177056678
v -0.120257556 0.0616392456 0.0177056678
v -0.120200276 0.0618455708 0.0177056678
v -0.120557286 0.061073903 0.0177056678
v -0.123705983 0.061073903 0.0177056678
v -0.123567358 0.0609107018 0.0177056678
v -0.123826146 0.0612511374 0.0177056678
v -0.120557286 0.0634674802 0.0177056678
v -0.120695904 0.0636306852 0.0177056678
v -0.120437115 0.0632902533 0.0177056678
v -0.120165631 0.0620568767 0.0177056678
v -0.12409763 0.0624845102 0.0177056678
v -0.124109223 0.0622706935 0.0177056678
v -0.124005705 0.0629021451 0.0177056678
v -0.124062993 0.0626958162 0.0177056678
v -0.12409763 0.0620568767 0.0177056678
v -0.124062993 0.0618455708 0.0177056678
v -0.098678723 0.0551348142 0.0177056678
v -0.0929787233 0.0551348142 0.0177056678
v -0.0877641588 0.0551348142 0.0177056678
v -0.0761015341 0.0551348142 0.0177056678
v -0.098678723 0.0428729132 0.0177056678
v -0.0929787233 0.0428729132 0.0177056678
v -0.0877641588 0.0428729132 0.0177056678
v -0.0761015341 0.0428729132 0.0177056678
v -0.0709231943 0.0551348142 0.0177056678
v -0.0709231943 0.0428729132 0.0177056678
v -0.0692903548 0.0551348142 0.0177056678
v -0.0692903548 0.0428729132 0.0177056678
v -0.0929787233 0.0390721075 0.0177056678
v -0.0877641588 0.0390721075 0.0177056678
v -0.0709231943 0.0390721075 0.0177056678
v -0.0692903548 0.0390721075 0.0177056678
v -0.128067076 0.0390721075 0.0177056678
v -0.125561833 0.0390721075 0.0177056678
v -0.125561833 0.0343500227 0.0177056678
v -0.115555905 0.0390721075 0.0177056678
v -0.115555905 0.0343500227 0.0177056678
v -0.098678723 0.0390721075 0.0177056678
v -0.0929787233 0.0343500227 0.0177056678
v -0.0877641588 0.0343500227 0.0177056678
v -0.0761015341 0.0390721075 0.0177056678
v -0.0709231943 0.0343500227 0.0177056678
v -0.0692903548 0.0343500227 0.0177056678
v -0.0700795799 0.0822579712 0.0177056678
v -0.0695620775 0.083021231 0.0177056678
v -0.0697618574 0.0827860311 0.0177056678
v -0.0701937973 0.0819712952 0.0177056678
v -0.0699350312 0.0825306177 0.0177056678
v -0.0692903548 0.0854692832 0.0177056678
v -0.0692903548 0.083269693 0.0177056678
v -0.0693380386 0.0832334459 0.0177056678
v -0.0702763572 0.08167395 0.0177056678
v -0.0702763572 0.08044862 0.0177056678
v -0.0701937973 0.0801512748 0.0177056678
v -0.0703262836 0.0807531476 0.0177056678
v -0.0700795799 0.0798645988 0.0177056678
v -0.0703429878 0.0810612887 0.0177056678
v -0.0702772588 0.0816684738 0.0177056678
v -0.0703262836 0.0813694224 0.0177056678
v -0.0693380386 0.0788891241 0.0177056678
v -0.0692903548 0.078852877 0.0177056678
v -0.0699350312 0.0795919597 0.0177056678
v -0.0697618574 0.0793365389 0.0177056678
v -0.0695620775 0.079101339 0.0177056678
v -0.126751035 0.0422834158 0.0177056678
v -0.126606494 0.042010773 0.0177056678
v -0.128067076 0.0428729132 0.0177056678
v -0.126865268 0.0425700918 0.0177056678
v -0.126233533 0.0415201597 0.0177056678
v -0.126009509 0.0413079411 0.0177056678
v -0.126948714 0.0428729132 0.0177056678
v -0.12694782 0.042867437 0.0177056678
v -0.126433313 0.0417553559 0.0177056678
v -0.125763834 0.0411211886 0.0177056678
v -0.125561833 0.040999651 0.0177056678
v -0.123703375 0.0406676456 0.0177056678
v -0.123401992 0.0407339856 0.0177056678
v -0.124010153 0.0406342819 0.0177056678
v -0.125219345 0.0408325195 0.0177056678
v -0.12492691 0.0407339856 0.0177056678
v -0.122095361 0.0415201597 0.0177056678
v -0.121895589 0.0417553559 0.0177056678
v -0.124318749 0.0406342819 0.0177056678
v -0.124625526 0.0406676456 0.0177056678
v -0.121463642 0.0425700918 0.0177056678
v -0.121381082 0.042867437 0.0177056678
v -0.121722408 0.042010773 0.0177056678
v -0.122565068 0.0411211886 0.0177056678
v -0.1223194 0.0413079411 0.0177056678
v -0.123109557 0.0408325195 0.0177056678
v -0.122829489 0.0409620926 0.0177056678
v -0.121577859 0.0422834158 0.0177056678
v -0.125499412 0.0409620926 0.0177056678
v -0.115555905 0.0428729132 0.0177056678
v -0.124625526 0.0462925583 0.0177056678
v -0.12492691 0.0462262183 0.0177056678
v -0.123401992 0.0462262183 0.0177056678
v -0.124318749 0.046325922 0.0177056678
v -0.123703375 0.0462925583 0.0177056678
v -0.124010153 0.046325922 0.0177056678
v -0.123109557 0.0461276844 0.0177056678
v -0.121722408 0.044949431 0.0177056678
v -0.121895589 0.0452048481 0.0177056678
v -0.122565068 0.0458390154 0.0177056678
v -0.122829489 0.0459981114 0.0177056678
v -0.122095361 0.0454400443 0.0177056678
v -0.1223194 0.0456522629 0.0177056678
v -0.121577859 0.0446767844 0.0177056678
v -0.121463642 0.0443901122 0.0177056678
v -0.121381082 0.0440927669 0.0177056678
v -0.121314451 0.043480102 0.0177056678
v -0.121331155 0.0437882394 0.0177056678
v -0.125219345 0.0461276844 0.0177056678
v -0.125499412 0.0459981114 0.0177056678
v -0.121380188 0.0428729132 0.0177056678
v -0.121331155 0.0431719609 0.0177056678
v -0.128067076 0.0551348142 0.0177056678
v -0.126433313 0.0452048481 0.0177056678
v -0.126606494 0.044949431 0.0177056678
v -0.126865268 0.0443901122 0.0177056678
v -0.126751035 0.0446767844 0.0177056678
v -0.125763834 0.0458390154 0.0177056678
v -0.126009509 0.0456522629 0.0177056678
v -0.126233533 0.0454400443 0.0177056678
v -0.127014458 0.043480102 0.0177056678
v -0.126997739 0.0431719609 0.0177056678
v -0.12694782 0.0440927669 0.0177056678
v -0.126997739 0.0437882394 0.0177056678
v -0.125561833 0.045960553 0.0177056678
v -0.1267308 0.0746024027 0.0177056678
v -0.126424015 0.074569039 0.0177056678
v -0.126115426 0.074569039 0.0177056678
v -0.127324611 0.0747672766 0.0177056678
v -0.127032176 0.0746687427 0.0177056678
v -0.127869099 0.0750559494 0.0177056678
v -0.127604678 0.0748968497 0.0177056678
v -0.125808641 0.0746024027 0.0177056678
v -0.128067076 0.0752064511 0.0177056678
v -0.124200627 0.0754549205 0.0177056678
v -0.124000847 0.075690113 0.0177056678
v -0.124670334 0.0750559494 0.0177056678
v -0.124424666 0.0752426982 0.0177056678
v -0.125214815 0.0747672766 0.0177056678
v -0.124934755 0.0748968497 0.0177056678
v -0.123683125 0.0762181729 0.0177056678
v -0.123615436 0.0763880759 0.0177056678
v -0.123827673 0.0759455338 0.0177056678
v -0.125507265 0.0746687427 0.0177056678
v -0.125561833 0.0746567324 0.0177056678
v -0.123436421 0.0777229965 0.0177056678
v -0.123827673 0.0788841918 0.0177056678
v -0.124000847 0.0791396052 0.0177056678
v -0.123486347 0.0780275241 0.0177056678
v -0.123568907 0.0783248693 0.0177056678
v -0.123419717 0.0774148628 0.0177056678
v -0.124670334 0.0797737762 0.0177056678
v -0.124934755 0.0799328685 0.0177056678
v -0.124200627 0.0793748051 0.0177056678
v -0.124424666 0.07958702 0.0177056678
v -0.123683125 0.0786115453 0.0177056678
v -0.123486347 0.0768021941 0.0177056678
v -0.123436421 0.0771067217 0.0177056678
v -0.123568907 0.0765048489 0.0177056678
v -0.125214815 0.0800624415 0.0177056678
v -0.125507265 0.0801609755 0.0177056678
v -0.128067076 0.0816684738 0.0177056678
v -0.126424015 0.0802606791 0.0177056678
v -0.127324611 0.0800624415 0.0177056678
v -0.127604678 0.0799328685 0.0177056678
v -0.1267308 0.0802273154 0.0177056678
v -0.127032176 0.0801609755 0.0177056678
v -0.126115426 0.0802606791 0.0177056678
v -0.125808641 0.0802273154 0.0177056678
v -0.127869099 0.0797737762 0.0177056678
v -0.125561833 0.0801729932 0.0177056678
v -0.098678723 0.0343500227 0.0177056678
v -0.108873114 0.0375170112 0.0177056678
v -0.108660236 0.0375401601 0.0177056678
v -0.109300114 0.0375401601 0.0177056678
v -0.109087244 0.0375170112 0.0177056678
v -0.108248197 0.0376545638 0.0177056678
v -0.108053856 0.0377444774 0.0177056678
v -0.107870378 0.0378548726 0.0177056678
v -0.108451113 0.0375861935 0.0177056678
v -0.109712161 0.0376545638 0.0177056678
v -0.109509237 0.0375861935 0.0177056678
v -0.110089973 0.0378548726 0.0177056678
v -0.109906495 0.0377444774 0.0177056678
v -0.107699908 0.0379844569 0.0177056678
v -0.110260442 0.0379844569 0.0177056678
v -0.110415898 0.0381317139 0.0177056678
v -0.110674694 0.0384721495 0.0177056678
v -0.110554524 0.0382949151 0.0177056678
v -0.107106104 0.038860254 0.0177056678
v -0.107048817 0.0390665792 0.0177056678
v -0.107544452 0.0381317139 0.0177056678
v -0.107405826 0.0382949151 0.0177056678
v -0.110774994 0.0386613347 0.0177056678
v -0.110911533 0.0390665792 0.0177056678
v -0.110854246 0.038860254 0.0177056678
v -0.107185364 0.0386613347 0.0177056678
v -0.107285663 0.0384721495 0.0177056678
v -0.110912442 0.0390721075 0.0177056678
v -0.108873114 0.0414663963 0.0177056678
v -0.109087244 0.0414663963 0.0177056678
v -0.109712161 0.0413288437 0.0177056678
v -0.109906495 0.0412389338 0.0177056678
v -0.109300114 0.0414432473 0.0177056678
v -0.109509237 0.0413972139 0.0177056678
v -0.108660236 0.0414432473 0.0177056678
v -0.110089973 0.0411285385 0.0177056678
v -0.108248197 0.0413288437 0.0177056678
v -0.108451113 0.0413972139 0.0177056678
v -0.107870378 0.0411285385 0.0177056678
v -0.108053856 0.0412389338 0.0177056678
v -0.110260442 0.0409989506 0.0177056678
v -0.107699908 0.0409989506 0.0177056678
v -0.107544452 0.0408516936 0.0177056678
v -0.107285663 0.0405112617 0.0177056678
v -0.107405826 0.0406884924 0.0177056678
v -0.110911533 0.0399168283 0.0177056678
v -0.110415898 0.0408516936 0.0177056678
v -0.110554524 0.0406884924 0.0177056678
v -0.107185364 0.0403220728 0.0177056678
v -0.107048817 0.0399168283 0.0177056678
v -0.107106104 0.0401231535 0.0177056678
v -0.107014172 0.0397055186 0.0177056678
v -0.110957772 0.0394917056 0.0177056678
v -0.110946178 0.0392778888 0.0177056678
v -0.110946178 0.0397055186 0.0177056678
v -0.110774994 0.0403220728 0.0177056678
v -0.110854246 0.0401231535 0.0177056678
v -0.107002579 0.0394917056 0.0177056678
v -0.107047908 0.0390721075 0.0177056678
v -0.107014172 0.0392778888 0.0177056678
v -0.110674694 0.0405112617 0.0177056678
v -0.0827843323 0.0375170112 0.0177056678
v -0.0825702026 0.0375170112 0.0177056678
v -0.0761015341 0.0343500227 0.0177056678
v -0.0823573247 0.0375401601 0.0177056678
v -0.0829972029 0.0375401601 0.0177056678
v -0.0819452778 0.0376545638 0.0177056678
v -0.0817509443 0.0377444774 0.0177056678
v -0.0815674663 0.0378548726 0.0177056678
v -0.0821482018 0.0375861935 0.0177056678
v -0.0834092498 0.0376545638 0.0177056678
v -0.0832063258 0.0375861935 0.0177056678
v -0.0837870613 0.0378548726 0.0177056678
v -0.0836035833 0.0377444774 0.0177056678
v -0.081396997 0.0379844569 0.0177056678
v -0.0839575306 0.0379844569 0.0177056678
v -0.0841129869 0.0381317139 0.0177056678
v -0.0843717828 0.0384721495 0.0177056678
v -0.0842516124 0.0382949151 0.0177056678
v -0.080882445 0.0386613347 0.0177056678
v -0.0808031932 0.038860254 0.0177056678
v -0.0812415406 0.0381317139 0.0177056678
v -0.0811029151 0.0382949151 0.0177056678
v -0.0844720826 0.0386613347 0.0177056678
v -0.0846086219 0.0390665792 0.0177056678
v -0.0845513344 0.038860254 0.0177056678
v -0.0809827521 0.0384721495 0.0177056678
v -0.0807459056 0.0390665792 0.0177056678
v -0.0846095309 0.0390721075 0.0177056678
v -0.0825702026 0.0414663963 0.0177056678
v -0.0827843323 0.0414663963 0.0177056678
v -0.0834092498 0.0413288437 0.0177056678
v -0.0836035833 0.0412389338 0.0177056678
v -0.0829972029 0.0414432473 0.0177056678
v -0.0832063258 0.0413972139 0.0177056678
v -0.0823573247 0.0414432473 0.0177056678
v -0.0837870613 0.0411285385 0.0177056678
v -0.0819452778 0.0413288437 0.0177056678
v -0.0821482018 0.0413972139 0.0177056678
v -0.0815674663 0.0411285385 0.0177056678
v -0.0817509443 0.0412389338 0.0177056678
v -0.0839575306 0.0409989506 0.0177056678
v -0.081396997 0.0409989506 0.0177056678
v -0.0812415406 0.0408516936 0.0177056678
v -0.0809827521 0.0405112617 0.0177056678
v -0.0811029151 0.0406884924 0.0177056678
v -0.0845513344 0.0401231535 0.0177056678
v -0.0846086219 0.0399168283 0.0177056678
v -0.0841129869 0.0408516936 0.0177056678
v -0.0842516124 0.0406884924 0.0177056678
v -0.080882445 0.0403220728 0.0177056678
v -0.0807459056 0.0399168283 0.0177056678
v -0.0808031932 0.0401231535 0.0177056678
v -0.0807112604 0.0397055186 0.0177056678
v -0.0846548602 0.0394917056 0.0177056678
v -0.0846432671 0.0392778888 0.0177056678
v -0.0846432671 0.0397055186 0.0177056678
v -0.0844720826 0.0403220728 0.0177056678
v -0.0806996673 0.0394917056 0.0177056678
v -0.0807449967 0.0390721075 0.0177056678
v -0.0807112604 0.0392778888 0.0177056678
v -0.0843717828 0.0405112617 0.0177056678
v -0.0696328729 0.0642453879 0.0177056678
v -0.0704521313 0.0640179217 0.0177056678
v -0.0706356093 0.0639075264 0.0177056678
v -0.0698457509 0.064222239 0.0177056678
v -0.0700548738 0.0641762018 0.0177056678
v -0.0694187433 0.0642453879 0.0177056678
v -0.0702577904 0.0641078353 0.0177056678
v -0.0708060786 0.0637779385 0.0177056678
v -0.0692903548 0.0642314255 0.0177056678
v -0.070961535 0.0609107018 0.0177056678
v -0.0709231943 0.0608743876 0.0177056678
v -0.0713998824 0.0616392456 0.0177056678
v -0.0713206232 0.0614403225 0.0177056678
v -0.0714918077 0.0620568767 0.0177056678
v -0.07145717 0.0618455708 0.0177056678
v -0.0714918077 0.0624845102 0.0177056678
v -0.0715034008 0.0622706935 0.0177056678
v -0.0713998824 0.0629021451 0.0177056678
v -0.07145717 0.0626958162 0.0177056678
v -0.0711001605 0.061073903 0.0177056678
v -0.0712203234 0.0612511374 0.0177056678
v -0.0712203234 0.0632902533 0.0177056678
v -0.0713206232 0.0631010607 0.0177056678
v -0.0709231943 0.0636669993 0.0177056678
v -0.0711001605 0.0634674802 0.0177056678
v -0.070961535 0.0636306852 0.0177056678
v -0.0696328729 0.0602959991 0.0177056678
v -0.0694187433 0.0602959991 0.0177056678
v -0.0698457509 0.0603191517 0.0177056678
v -0.0704521313 0.0605234653 0.0177056678
v -0.0702577904 0.0604335554 0.0177056678
v -0.0700548738 0.0603651814 0.0177056678
v -0.0708060786 0.0607634448 0.0177056678
v -0.0706356093 0.0606338605 0.0177056678
v -0.0827843323 0.0830749869 0.0177056678
v -0.0825702026 0.0830749869 0.0177056678
v -0.0823573247 0.0830981433 0.0177056678
v -0.0829972029 0.0830981433 0.0177056678
v -0.0807459056 0.0846245587 0.0177056678
v -0.0832063258 0.083144173 0.0177056678
v -0.0836035833 0.0833024532 0.0177056678
v -0.0834092498 0.083212547 0.0177056678
v -0.0806996673 0.0850496814 0.0177056678
v -0.0807112604 0.0852634981 0.0177056678
v -0.0807112604 0.0848358646 0.0177056678
v -0.0815674663 0.0834128484 0.0177056678
v -0.081396997 0.0835424364 0.0177056678
v -0.0821482018 0.083144173 0.0177056678
v -0.0819452778 0.083212547 0.0177056678
v -0.080882445 0.0842193142 0.0177056678
v -0.0808031932 0.0844182372 0.0177056678
v -0.0812415406 0.0836896896 0.0177056678
v -0.0811029151 0.0838528946 0.0177056678
v -0.0817509443 0.0833024532 0.0177056678
v -0.0841129869 0.0836896896 0.0177056678
v -0.0839575306 0.0835424364 0.0177056678
v -0.0846086219 0.0846245587 0.0177056678
v -0.0846548602 0.0850496814 0.0177056678
v -0.0846432671 0.0848358646 0.0177056678
v -0.0846095309 0.0854692832 0.0177056678
v -0.0846432671 0.0852634981 0.0177056678
v -0.0809827521 0.084030129 0.0177056678
v -0.0837870613 0.0834128484 0.0177056678
v -0.0843717828 0.084030129 0.0177056678
v -0.0842516124 0.0838528946 0.0177056678
v -0.0845513344 0.0844182372 0.0177056678
v -0.0844720826 0.0842193142 0.0177056678
v -0.109087244 0.0830749869 0.0177056678
v -0.108873114 0.0830749869 0.0177056678
v -0.108660236 0.0830981433 0.0177056678
v -0.109300114 0.0830981433 0.0177056678
v -0.107048817 0.0846245587 0.0177056678
v -0.107014172 0.0848358646 0.0177056678
v -0.109509237 0.083144173 0.0177056678
v -0.109906495 0.0833024532 0.0177056678
v -0.109712161 0.083212547 0.0177056678
v -0.107002579 0.0850496814 0.0177056678
v -0.107014172 0.0852634981 0.0177056678
v -0.107870378 0.0834128484 0.0177056678
v -0.107699908 0.0835424364 0.0177056678
v -0.108451113 0.083144173 0.0177056678
v -0.108248197 0.083212547 0.0177056678
v -0.110946178 0.0848358646 0.0177056678
v -0.110911533 0.0846245587 0.0177056678
v -0.107185364 0.0842193142 0.0177056678
v -0.107106104 0.0844182372 0.0177056678
v -0.107544452 0.0836896896 0.0177056678
v -0.107405826 0.0838528946 0.0177056678
v -0.108053856 0.0833024532 0.0177056678
v -0.110415898 0.0836896896 0.0177056678
v -0.110260442 0.0835424364 0.0177056678
v -0.110957772 0.0850496814 0.0177056678
v -0.110912442 0.0854692832 0.0177056678
v -0.110946178 0.0852634981 0.0177056678
v -0.107285663 0.084030129 0.0177056678
v -0.110089973 0.0834128484 0.0177056678
v -0.110674694 0.084030129 0.0177056678
v -0.110554524 0.0838528946 0.0177056678
v -0.110854246 0.0844182372 0.0177056678
v -0.110774994 0.0842193142 0.0177056678
v -0.0655420199 0.0499723479 0.0177056678
v -0.065848805 0.0499389842 0.0177056678
v -0.0498816893 0.0551348142 0.0177056678
v -0.0646252707 0.0498726442 0.0177056678
v -0.066150181 0.0498726442 0.0177056678
v -0.0649266466 0.0499389842 0.0177056678
v -0.0652334318 0.0499723479 0.0177056678
v -0.0643328279 0.0497741103 0.0177056678
v -0.0674568117 0.0490864702 0.0177056678
v -0.0676565915 0.048851274 0.0177056678
v -0.0664426163 0.0497741103 0.0177056678
v -0.0667226911 0.0496445373 0.0177056678
v -0.0535065122 0.0428729132 0.0177056678
v -0.0649266466 0.0443140715 0.0177056678
v -0.0646252707 0.0443804078 0.0177056678
v -0.0652334318 0.0442807078 0.0177056678
v -0.0678297654 0.0485958569 0.0177056678
v -0.0669871047 0.0494854413 0.0177056678
v -0.0672327727 0.0492986888 0.0177056678
v -0.0637883395 0.0494854413 0.0177056678
v -0.0640527606 0.0496445373 0.0177056678
v -0.0629456788 0.0485958569 0.0177056678
v -0.0631188601 0.048851274 0.0177056678
v -0.06331864 0.0451665819 0.0177056678
v -0.0631188601 0.0454017818 0.0177056678
v -0.066150181 0.0443804078 0.0177056678
v -0.065848805 0.0443140715 0.0177056678
v -0.0667226911 0.0446085185 0.0177056678
v -0.0664426163 0.0444789417 0.0177056678
v -0.0672327727 0.044954367 0.0177056678
v -0.0669871047 0.0447676145 0.0177056678
v -0.0678297654 0.0456571989 0.0177056678
v -0.0676565915 0.0454017818 0.0177056678
v -0.0682210177 0.0474346653 0.0177056678
v -0.0682377219 0.0471265279 0.0177056678
v -0.06331864 0.0490864702 0.0177056678
v -0.0635426715 0.0492986888 0.0177056678
v -0.0628011376 0.0483232103 0.0177056678
v -0.0517017283 0.0474025793 0.0177056678
v -0.0626043528 0.0465138629 0.0177056678
v -0.0629456788 0.0456571989 0.0177056678
v -0.0637883395 0.0447676145 0.0177056678
v -0.0635426715 0.044954367 0.0177056678
v -0.0655420199 0.0442807078 0.0177056678
v -0.0674568117 0.0451665819 0.0177056678
v -0.0679743141 0.0459298417 0.0177056678
v -0.0681710914 0.0477391928 0.0177056678
v -0.0679743141 0.0483232103 0.0177056678
v -0.0680885389 0.0480365381 0.0177056678
v -0.0503528751 0.0522607043 0.0177056678
v -0.0626043528 0.0477391928 0.0177056678
v -0.0625544339 0.0468183868 0.0177056678
v -0.0628011376 0.0459298417 0.0177056678
v -0.0626869127 0.0462165177 0.0177056678
v -0.0643328279 0.0444789417 0.0177056678
v -0.0640527606 0.0446085185 0.0177056678
v -0.0681710914 0.0465138629 0.0177056678
v -0.0680885389 0.0462165177 0.0177056678
v -0.0682210177 0.0468183868 0.0177056678
v -0.0626869127 0.0480365381 0.0177056678
v -0.0625377223 0.0471265279 0.0177056678
v -0.0625544339 0.0474346653 0.0177056678
v -0.0535679273 0.0427187681 0.0177056678
v -0.0555012673 0.0390721075 0.0177056678
v -0.0559295975 0.0382641889 0.0177056678
v -0.0585834682 0.0343500227 0.0177056678
v -0.062023107 0.0302483141 0.0177056678
v -0.0656835064 0.0267810002 0.0177056678
v -0.0587590486 0.0340910591 0.0177056678
v -0.0692903548 0.0240391418 0.0177056678
v -0.0696973279 0.0237297714 0.0177056678
v -0.0709231943 0.02299219 0.0177056678
v -0.0740175173 0.0211303998 0.0177056678
v -0.0761015341 0.0201662295 0.0177056678
v -0.0785934255 0.0190133601 0.0177056678
v -0.0833714008 0.0174034722 0.0177056678
v -0.0877641588 0.0164365526 0.0177056678
v -0.0916543677 0.0263759922 0.0177056678
v -0.0914545879 0.0266111884 0.0177056678
v -0.0923884884 0.0258179251 0.0177056678
v -0.0882954225 0.016319612 0.0177056678
v -0.090940088 0.0289486013 0.0177056678
v -0.0910226405 0.0292459447 0.0177056678
v -0.0908901617 0.0280277953 0.0177056678
v -0.091281414 0.0268666055 0.0177056678
v -0.0921240747 0.0259770211 0.0177056678
v -0.0929609984 0.0255898181 0.0177056678
v -0.0926685631 0.0256883521 0.0177056678
v -0.0923884884 0.0308539439 0.0177056678
v -0.0926685631 0.0309835188 0.0177056678
v -0.0918784067 0.0305080973 0.0177056678
v -0.0921240747 0.0306948479 0.0177056678
v -0.0911368653 0.0295326188 0.0177056678
v -0.0908734575 0.0283359345 0.0177056678
v -0.0908901617 0.0286440738 0.0177056678
v -0.090940088 0.0277232695 0.0177056678
v -0.0911368653 0.0271392502 0.0177056678
v -0.0910226405 0.0274259262 0.0177056678
v -0.0918784067 0.0261637736 0.0177056678
v -0.091281414 0.0298052635 0.0177056678
v -0.0914545879 0.0300606806 0.0177056678
v -0.0916543677 0.0302958786 0.0177056678
v -0.0929609984 0.0310820527 0.0177056678
v -0.0929787233 0.0158102736 0.0177056678
v -0.0929787233 0.0255859159 0.0177056678
v -0.0950584188 0.0308539439 0.0177056678
v -0.0953228399 0.0306948479 0.0177056678
v -0.098678723 0.0158102736 0.0177056678
v -0.0965068266 0.0277232695 0.0177056678
v -0.0964242667 0.0274259262 0.0177056678
v -0.0965734571 0.0283359345 0.0177056678
v -0.0965567455 0.0280277953 0.0177056678
v -0.0963100418 0.0295326188 0.0177056678
v -0.0964242667 0.0292459447 0.0177056678
v -0.0947783515 0.0309835188 0.0177056678
v -0.0955685079 0.0261637736 0.0177056678
v -0.0953228399 0.0259770211 0.0177056678
v -0.0963100418 0.0271392502 0.0177056678
v -0.0965068266 0.0289486013 0.0177056678
v -0.0965567455 0.0286440738 0.0177056678
v -0.0961655006 0.0298052635 0.0177056678
v -0.0955685079 0.0305080973 0.0177056678
v -0.0947783515 0.0256883521 0.0177056678
v -0.0944859087 0.0255898181 0.0177056678
v -0.0983496681 0.0157744866 0.0177056678
v -0.0950584188 0.0258179251 0.0177056678
v -0.0961655006 0.0268666055 0.0177056678
v -0.0959923193 0.0266111884 0.0177056678
v -0.0957925394 0.0302958786 0.0177056678
v -0.0959923193 0.0300606806 0.0177056678
v -0.0944859087 0.0310820527 0.0177056678
v -0.0941845328 0.0311483908 0.0177056678
v -0.0935691595 0.0311817545 0.0177056678
v -0.0938777477 0.0311817545 0.0177056678
v -0.0957925394 0.0263759922 0.0177056678
v -0.0932623744 0.0311483908 0.0177056678
v -0.0933077708 0.0157744866 0.0177056678
v -0.0938777477 0.0254901145 0.0177056678
v -0.0935691595 0.0254901145 0.0177056678
v -0.0941845328 0.02552348 0.0177056678
v -0.0929787233 0.0310859531 0.0177056678
v -0.0932623744 0.02552348 0.0177056678
v -0.113064021 0.0190133601 0.0177056678
v -0.115555905 0.0201662295 0.0177056678
v -0.108286045 0.0174034722 0.0177056678
v -0.103362016 0.016319612 0.0177056678
v -0.121960111 0.0237297714 0.0177056678
v -0.125561833 0.0264677312 0.0177056678
v -0.117639922 0.0211303998 0.0177056678
v -0.12597394 0.0267810002 0.0177056678
v -0.128067076 0.0287637338 0.0177056678
v -0.128067076 0.0343500227 0.0177056678
v -0.129634336 0.0302483141 0.0177056678
v -0.13289839 0.0340910591 0.0177056678
v -0.133073971 0.0343500227 0.0177056678
v -0.135727838 0.0382641889 0.0177056678
v -0.136156172 0.0390721075 0.0177056678
v -0.138089508 0.0427187681 0.0177056678
v -0.13815093 0.0428729132 0.0177056678
v -0.139955714 0.0474025793 0.0177056678
v -0.141304567 0.0522607043 0.0177056678
v -0.142393216 0.0622706935 0.0177056678
v -0.142120257 0.0673051998 0.0177056678
v -0.142120257 0.0572361872 0.0177056678
v -0.141775757 0.0551348142 0.0177056678
v -0.141775757 0.0694065765 0.0177056678
v -0.128856301 0.0762181729 0.0177056678
v -0.12871176 0.0759455338 0.0177056678
v -0.141304567 0.0722806826 0.0177056678
v -0.140164152 0.0763880759 0.0177056678
v -0.128923997 0.0763880759 0.0177056678
v -0.128538579 0.075690113 0.0177056678
v -0.12811476 0.0752426982 0.0177056678
v -0.128338799 0.0754549205 0.0177056678
v -0.13815093 0.0816684738 0.0177056678
v -0.128538579 0.0791396052 0.0177056678
v -0.12871176 0.0788841918 0.0177056678
v -0.129103005 0.0771067217 0.0177056678
v -0.139955714 0.0771388113 0.0177056678
v -0.129053086 0.0780275241 0.0177056678
v -0.128856301 0.0786115453 0.0177056678
v -0.128970534 0.0783248693 0.0177056678
v -0.128338799 0.0793748051 0.0177056678
v -0.129119709 0.0774148628 0.0177056678
v -0.129103005 0.0777229965 0.0177056678
v -0.129053086 0.0768021941 0.0177056678
v -0.128970534 0.0765048489 0.0177056678
v -0.12811476 0.07958702 0.0177056678
v -0.128067076 0.0796232671 0.0177056678
v -0.138089508 0.0818226188 0.0177056678
v -0.136156172 0.0854692832 0.0177056678
v -0.135727838 0.0862772018 0.0177056678
v -0.13289839 0.0904503241 0.0177056678
v -0.129634336 0.0942930728 0.0177056678
v -0.128067076 0.0957776532 0.0177056678
v -0.12597394 0.0977603868 0.0177056678
v -0.121960111 0.100811616 0.0177056678
v -0.117639922 0.103410989 0.0177056678
v -0.125561833 0.0980736539 0.0177056678
v -0.113064021 0.105528027 0.0177056678
v -0.108286045 0.107137911 0.0177056678
v -0.109087244 0.0870243758 0.0177056678
v -0.108053856 0.0867969096 0.0177056678
v -0.098678723 0.108731113 0.0177056678
v -0.100520574 0.097402133 0.0177056678
v -0.108873114 0.0870243758 0.0177056678
v -0.108660236 0.0870012268 0.0177056678
v -0.100717351 0.0955927894 0.0177056678
v -0.100634798 0.0952954441 0.0177056678
v -0.100717351 0.0968181193 0.0177056678
v -0.100767277 0.0965135917 0.0177056678
v -0.100634798 0.0971154645 0.0177056678
v -0.100003071 0.0981653929 0.0177056678
v -0.100202851 0.0979302004 0.0177056678
v -0.109300114 0.0870012268 0.0177056678
v -0.109509237 0.0869551972 0.0177056678
v -0.103362016 0.108221777 0.0177056678
v -0.100520574 0.0950087681 0.0177056678
v -0.100783981 0.0962054506 0.0177056678
v -0.100767277 0.0958973169 0.0177056678
v -0.100376025 0.0976747796 0.0177056678
v -0.100003071 0.0942455083 0.0177056678
v -0.0997790396 0.0940332934 0.0177056678
v -0.107544452 0.0864096731 0.0177056678
v -0.100202851 0.0944807082 0.0177056678
v -0.107870378 0.0866865143 0.0177056678
v -0.115555905 0.104375161 0.0177056678
v -0.109712161 0.0868868232 0.0177056678
v -0.108451113 0.0869551972 0.0177056678
v -0.108248197 0.0868868232 0.0177056678
v -0.107699908 0.0865569338 0.0177056678
v -0.100376025 0.0947361216 0.0177056678
v -0.0995333716 0.098564364 0.0177056678
v -0.0997790396 0.0983776152 0.0177056678
v -0.0989888757 0.0988530368 0.0177056678
v -0.0992689505 0.0987234637 0.0177056678
v -0.107405826 0.0862464756 0.0177056678
v -0.0995333716 0.0938465372 0.0177056678
v -0.110554524 0.0862464756 0.0177056678
v -0.110674694 0.0860692412 0.0177056678
v -0.110089973 0.0866865143 0.0177056678
v -0.110260442 0.0865569338 0.0177056678
v -0.098678723 0.0989554673 0.0177056678
v -0.0986964405 0.0989515707 0.0177056678
v -0.0992689505 0.0936874449 0.0177056678
v -0.107285663 0.0860692412 0.0177056678
v -0.110854246 0.085681133 0.0177056678
v -0.110911533 0.085474804 0.0177056678
v -0.110415898 0.0864096731 0.0177056678
v -0.109906495 0.0867969096 0.0177056678
v -0.107185364 0.085880056 0.0177056678
v -0.110774994 0.085880056 0.0177056678
v -0.0989888757 0.0935578719 0.0177056678
v -0.0986964405 0.0934593379 0.0177056678
v -0.098678723 0.0934554338 0.0177056678
v -0.107106104 0.085681133 0.0177056678
v -0.107047908 0.0854692832 0.0177056678
v -0.107048817 0.085474804 0.0177056678
v -0.0983496681 0.108766899 0.0177056678
v -0.0977796912 0.0990512744 0.0177056678
v -0.0980882794 0.0990512744 0.0177056678
v -0.0929787233 0.108731113 0.0177056678
v -0.0950839818 0.0962054506 0.0177056678
v -0.0933077708 0.108766899 0.0177056678
v -0.0974729061 0.0990179107 0.0177056678
v -0.0968790948 0.0988530368 0.0177056678
v -0.0971715301 0.0989515707 0.0177056678
v -0.096334599 0.098564364 0.0177056678
v -0.0965990201 0.0987234637 0.0177056678
v -0.0958648995 0.0981653929 0.0177056678
v -0.096088931 0.0983776152 0.0177056678
v -0.0954919457 0.0976747796 0.0177056678
v -0.0956651196 0.0979302004 0.0177056678
v -0.0951506197 0.0968181193 0.0177056678
v -0.0952331722 0.0971154645 0.0177056678
v -0.0951006934 0.0965135917 0.0177056678
v -0.0951506197 0.0955927894 0.0177056678
v -0.0951006934 0.0958973169 0.0177056678
v -0.095347397 0.0950087681 0.0177056678
v -0.0952331722 0.0952954441 0.0177056678
v -0.0958648995 0.0942455083 0.0177056678
v -0.0956651196 0.0944807082 0.0177056678
v -0.095347397 0.097402133 0.0177056678
v -0.0954919457 0.0947361216 0.0177056678
v -0.096334599 0.0938465372 0.0177056678
v -0.096088931 0.0940332934 0.0177056678
v -0.0971715301 0.0934593379 0.0177056678
v -0.0968790948 0.0935578719 0.0177056678
v -0.0974729061 0.093392998 0.0177056678
v -0.0980882794 0.0933596343 0.0177056678
v -0.0977796912 0.0933596343 0.0177056678
v -0.0983950645 0.0990179107 0.0177056678
v -0.0965990201 0.0936874449 0.0177056678
v -0.0983950645 0.093392998 0.0177056678
v -0.0882954225 0.108221777 0.0177056678
v -0.0877641588 0.108104832 0.0177056678
v -0.0829972029 0.0870012268 0.0177056678
v -0.0833714008 0.107137911 0.0177056678
v -0.0825702026 0.0870243758 0.0177056678
v -0.0827843323 0.0870243758 0.0177056678
v -0.0785934255 0.105528027 0.0177056678
v -0.0823573247 0.0870012268 0.0177056678
v -0.0761015341 0.104375161 0.0177056678
v -0.0821482018 0.0869551972 0.0177056678
v -0.0832063258 0.0869551972 0.0177056678
v -0.0834092498 0.0868868232 0.0177056678
v -0.0842516124 0.0862464756 0.0177056678
v -0.0837870613 0.0866865143 0.0177056678
v -0.0839575306 0.0865569338 0.0177056678
v -0.0817509443 0.0867969096 0.0177056678
v -0.0819452778 0.0868868232 0.0177056678
v -0.0845513344 0.085681133 0.0177056678
v -0.0846086219 0.085474804 0.0177056678
v -0.0841129869 0.0864096731 0.0177056678
v -0.0836035833 0.0867969096 0.0177056678
v -0.0812415406 0.0864096731 0.0177056678
v -0.081396997 0.0865569338 0.0177056678
v -0.0809827521 0.0860692412 0.0177056678
v -0.0844720826 0.085880056 0.0177056678
v -0.0843717828 0.0860692412 0.0177056678
v -0.0815674663 0.0866865143 0.0177056678
v -0.0811029151 0.0862464756 0.0177056678
v -0.0807449967 0.0854692832 0.0177056678
v -0.0807459056 0.085474804 0.0177056678
v -0.080882445 0.085880056 0.0177056678
v -0.0808031932 0.085681133 0.0177056678
v -0.0740175173 0.103410989 0.0177056678
v -0.0709231943 0.101549193 0.0177056678
v -0.0696973279 0.100811616 0.0177056678
v -0.0692903548 0.100502245 0.0177056678
v -0.062023107 0.0942930728 0.0177056678
v -0.0587590486 0.0904503241 0.0177056678
v -0.0656835064 0.0977603868 0.0177056678
v -0.0559295975 0.0862772018 0.0177056678
v -0.0685478821 0.0837088674 0.0177056678
v -0.0688279569 0.0835792944 0.0177056678
v -0.0690923706 0.0834202021 0.0177056678
v -0.0679540709 0.0838737413 0.0177056678
v -0.0682554469 0.0838074014 0.0177056678
v -0.0673386902 0.083907105 0.0177056678
v -0.0676472858 0.083907105 0.0177056678
v -0.0555012673 0.0854692832 0.0177056678
v -0.0667305365 0.0838074014 0.0177056678
v -0.0658936054 0.0834202021 0.0177056678
v -0.0661580265 0.0835792944 0.0177056678
v -0.0654239058 0.083021231 0.0177056678
v -0.0656479374 0.0832334459 0.0177056678
v -0.0670319125 0.0838737413 0.0177056678
v -0.0664380938 0.0837088674 0.0177056678
v -0.0647096187 0.08167395 0.0177056678
v -0.0647921786 0.0819712952 0.0177056678
v -0.0650509447 0.0825306177 0.0177056678
v -0.065224126 0.0827860311 0.0177056678
v -0.064906396 0.0822579712 0.0177056678
v -0.0535679273 0.0818226188 0.0177056678
v -0.0647087246 0.0816684738 0.0177056678
v -0.0535065122 0.0816684738 0.0177056678
v -0.0646596998 0.0807531476 0.0177056678
v -0.0646429881 0.0810612887 0.0177056678
v -0.0647921786 0.0801512748 0.0177056678
v -0.0647096187 0.08044862 0.0177056678
v -0.0517017283 0.0771388113 0.0177056678
v -0.0514932871 0.0763880759 0.0177056678
v -0.0658936054 0.0787023753 0.0177056678
v -0.0656479374 0.0788891241 0.0177056678
v -0.0667305365 0.0783151686 0.0177056678
v -0.0664380938 0.0784137025 0.0177056678
v -0.0670319125 0.0782488286 0.0177056678
v -0.064906396 0.0798645988 0.0177056678
v -0.0654239058 0.079101339 0.0177056678
v -0.065224126 0.0793365389 0.0177056678
v -0.0661580265 0.0785432756 0.0177056678
v -0.0676472858 0.0782154649 0.0177056678
v -0.0673386902 0.0782154649 0.0177056678
v -0.0690923706 0.0787023753 0.0177056678
v -0.0688279569 0.0785432756 0.0177056678
v -0.0650509447 0.0795919597 0.0177056678
v -0.0679540709 0.0782488286 0.0177056678
v -0.0685478821 0.0784137025 0.0177056678
v -0.0682554469 0.0783151686 0.0177056678
v -0.0646596998 0.0813694224 0.0177056678
v -0.0503528751 0.0722806826 0.0177056678
v -0.0689967498 0.0603651814 0.0177056678
v -0.0687938258 0.0604335554 0.0177056678
v -0.0692903548 0.0603099614 0.0177056678
v -0.0692058727 0.0603191517 0.0177056678
v -0.0498816893 0.0694065765 0.0177056678
v -0.0684160069 0.0639075264 0.0177056678
v -0.0676517338 0.0629021451 0.0177056678
v -0.0495371856 0.0673051998 0.0177056678
v -0.0492642224 0.0622706935 0.0177056678
v -0.0675598085 0.0624845102 0.0177056678
v -0.0495371856 0.0572361872 0.0177056678
v -0.0675944462 0.0618455708 0.0177056678
v -0.0675598085 0.0620568767 0.0177056678
v -0.0676517338 0.0616392456 0.0177056678
v -0.068245545 0.0607634448 0.0177056678
v -0.0680900812 0.0609107018 0.0177056678
v -0.0685994849 0.0605234653 0.0177056678
v -0.0684160069 0.0606338605 0.0177056678
v -0.0687938258 0.0641078353 0.0177056678
v -0.0689967498 0.0641762018 0.0177056678
v -0.068245545 0.0637779385 0.0177056678
v -0.067730993 0.0631010607 0.0177056678
v -0.0675944462 0.0626958162 0.0177056678
v -0.0678312927 0.0612511374 0.0177056678
v -0.067730993 0.0614403225 0.0177056678
v -0.0692058727 0.064222239 0.0177056678
v -0.0685994849 0.0640179217 0.0177056678
v -0.0679514632 0.0634674802 0.0177056678
v -0.0680900812 0.0636306852 0.0177056678
v -0.0678312927 0.0632902533 0.0177056678
v -0.0675482154 0.0622706935 0.0177056678
v -0.0679514632 0.061073903 0.0177056678
v -0.110946178 0.0848358646 0.0177056678
v -0.110957772 0.0850496814 0.0177056678
v -0.110957772 0.0850496814 0.0190056674
v -0.110911533 0.0846245587 0.0177056678
v -0.110946178 0.0848358646 0.0190056674
v -0.110854246 0.0844182372 0.0177056678
v -0.110911533 0.0846245587 0.0190056674
v -0.110774994 0.0842193142 0.0177056678
v -0.110854246 0.0844182372 0.0190056674
v -0.110674694 0.084030129 0.0177056678
v -0.110774994 0.0842193142 0.0190056674
v -0.110554524 0.0838528946 0.0177056678
v -0.110674694 0.084030129 0.0190056674
v -0.110415898 0.0836896896 0.0177056678
v -0.110554524 0.0838528946 0.0190056674
v -0.110260442 0.0835424364 0.0177056678
v -0.110415898 0.0836896896 0.0190056674
v -0.110089973 0.0834128484 0.0177056678
v -0.110260442 0.0835424364 0.0190056674
v -0.109906495 0.0833024532 0.0177056678
v -0.110089973 0.0834128484 0.0190056674
v -0.109712161 0.083212547 0.0177056678
v -0.109906495 0.0833024532 0.0190056674
v -0.109509237 0.083144173 0.0177056678
v -0.109712161 0.083212547 0.0190056674
v -0.109300114 0.0830981433 0.0177056678
v -0.109509237 0.083144173 0.0190056674
v -0.109087244 0.0830749869 0.0177056678
v -0.109300114 0.0830981433 0.0190056674
v -0.108873114 0.0830749869 0.0177056678
v -0.109087244 0.0830749869 0.0190056674
v -0.108660236 0.0830981433 0.0177056678
v -0.108873114 0.0830749869 0.0190056674
v -0.108451113 0.083144173 0.0177056678
v -0.108660236 0.0830981433 0.0190056674
v -0.108248197 0.083212547 0.0177056678
v -0.108451113 0.083144173 0.0190056674
v -0.108053856 0.0833024532 0.0177056678
v -0.108248197 0.083212547 0.0190056674
v -0.107870378 0.0834128484 0.0177056678
v -0.108053856 0.0833024532 0.0190056674
v -0.107699908 0.0835424364 0.0177056678
v -0.107870378 0.0834128484 0.0190056674
v -0.107544452 0.0836896896 0.0177056678
v -0.107699908 0.0835424364 0.0190056674
v -0.107405826 0.0838528946 0.0177056678
v -0.107544452 0.0836896896 0.0190056674
v -0.107285663 0.084030129 0.0177056678
v -0.107405826 0.0838528946 0.0190056674
v -0.107185364 0.0842193142 0.0177056678
v -0.107285663 0.084030129 0.0190056674
v -0.107106104 0.0844182372 0.0177056678
v -0.107185364 0.0842193142 0.0190056674
v -0.107048817 0.0846245587 0.0177056678
v -0.107106104 0.0844182372 0.0190056674
v -0.107014172 0.0848358646 0.0177056678
v -0.107048817 0.0846245587 0.0190056674
v -0.107002579 0.0850496814 0.0177056678
v -0.107014172 0.0848358646 0.0190056674
v -0.107014172 0.0852634981 0.0177056678
v -0.107002579 0.0850496814 0.0190056674
v -0.107048817 0.085474804 0.0190056674
v -0.107048817 0.085474804 0.0177056678
v -0.107047908 0.0854692832 0.0177056678
v -0.107014172 0.0852634981 0.0190056674
v -0.107106104 0.085681133 0.0177056678
v -0.107185364 0.085880056 0.0177056678
v -0.107106104 0.085681133 0.0190056674
v -0.107285663 0.0860692412 0.0177056678
v -0.107185364 0.085880056 0.0190056674
v -0.107405826 0.0862464756 0.0177056678
v -0.107285663 0.0860692412 0.0190056674
v -0.107544452 0.0864096731 0.0177056678
v -0.107405826 0.0862464756 0.0190056674
v -0.107699908 0.0865569338 0.0177056678
v -0.107544452 0.0864096731 0.0190056674
v -0.107870378 0.0866865143 0.0177056678
v -0.107699908 0.0865569338 0.0190056674
v -0.108053856 0.0867969096 0.0177056678
v -0.107870378 0.0866865143 0.0190056674
v -0.108248197 0.0868868232 0.0177056678
v -0.108053856 0.0867969096 0.0190056674
v -0.108451113 0.0869551972 0.0177056678
v -0.108248197 0.0868868232 0.0190056674
v -0.108660236 0.0870012268 0.0177056678
v -0.108451113 0.0869551972 0.0190056674
v -0.108873114 0.0870243758 0.0177056678
v -0.108660236 0.0870012268 0.0190056674
v -0.109087244 0.0870243758 0.0177056678
v -0.108873114 0.0870243758 0.0190056674
v -0.109300114 0.0870012268 0.0177056678
v -0.109087244 0.0870243758 0.0190056674
v -0.109509237 0.0869551972 0.0177056678
v -0.109300114 0.0870012268 0.0190056674
v -0.109712161 0.0868868232 0.0177056678
v -0.109509237 0.0869551972 0.0190056674
v -0.109906495 0.0867969096 0.0177056678
v -0.109712161 0.0868868232 0.0190056674
v -0.110089973 0.0866865143 0.0177056678
v -0.109906495 0.0867969096 0.0190056674
v -0.110260442 0.0865569338 0.0177056678
v -0.110089973 0.0866865143 0.0190056674
v -0.110415898 0.0864096731 0.0177056678
v -0.110260442 0.0865569338 0.0190056674
v -0.110554524 0.0862464756 0.0177056678
v -0.110415898 0.0864096731 0.0190056674
v -0.110674694 0.0860692412 0.0177056678
v -0.110554524 0.0862464756 0.0190056674
v -0.110774994 0.085880056 0.0177056678
v -0.110674694 0.0860692412 0.0190056674
v -0.110854246 0.085681133 0.0177056678
v -0.110774994 0.085880056 0.0190056674
v -0.110911533 0.085474804 0.0177056678
v -0.110854246 0.085681133 0.0190056674
v -0.110946178 0.0852634981 0.0190056674
v -0.110946178 0.0852634981 0.0177056678
v -0.110912442 0.0854692832 0.0177056678
v -0.110911533 0.085474804 0.0190056674
v -0.0846432671 0.0848358646 0.0177056678
v -0.0846548602 0.0850496814 0.0177056678
v -0.0846548602 0.0850496814 0.0190056674
v -0.0846086219 0.0846245587 0.0177056678
v -0.0846432671 0.0848358646 0.0190056674
v -0.0845513344 0.0844182372 0.0177056678
v -0.0846086219 0.0846245587 0.0190056674
v -0.0844720826 0.0842193142 0.0177056678
v -0.0845513344 0.0844182372 0.0190056674
v -0.0843717828 0.084030129 0.0177056678
v -0.0844720826 0.0842193142 0.0190056674
v -0.0842516124 0.0838528946 0.0177056678
v -0.0843717828 0.084030129 0.0190056674
v -0.0841129869 0.0836896896 0.0177056678
v -0.0842516124 0.0838528946 0.0190056674
v -0.0839575306 0.0835424364 0.0177056678
v -0.0841129869 0.0836896896 0.0190056674
v -0.0837870613 0.0834128484 0.0177056678
v -0.0839575306 0.0835424364 0.0190056674
v -0.0836035833 0.0833024532 0.0177056678
v -0.0837870613 0.0834128484 0.0190056674
v -0.0834092498 0.083212547 0.0177056678
v -0.0836035833 0.0833024532 0.0190056674
v -0.0832063258 0.083144173 0.0177056678
v -0.0834092498 0.083212547 0.0190056674
v -0.0829972029 0.0830981433 0.0177056678
v -0.0832063258 0.083144173 0.0190056674
v -0.0827843323 0.0830749869 0.0177056678
v -0.0829972029 0.0830981433 0.0190056674
v -0.0825702026 0.0830749869 0.0177056678
v -0.0827843323 0.0830749869 0.0190056674
v -0.0823573247 0.0830981433 0.0177056678
v -0.0825702026 0.0830749869 0.0190056674
v -0.0821482018 0.083144173 0.0177056678
v -0.0823573247 0.0830981433 0.0190056674
v -0.0819452778 0.083212547 0.0177056678
v -0.0821482018 0.083144173 0.0190056674
v -0.0817509443 0.0833024532 0.0177056678
v -0.0819452778 0.083212547 0.0190056674
v -0.0815674663 0.0834128484 0.0177056678
v -0.0817509443 0.0833024532 0.0190056674
v -0.081396997 0.0835424364 0.0177056678
v -0.0815674663 0.0834128484 0.0190056674
v -0.0812415406 0.0836896896 0.0177056678
v -0.081396997 0.0835424364 0.0190056674
v -0.0811029151 0.0838528946 0.0177056678
v -0.0812415406 0.0836896896 0.0190056674
v -0.0809827521 0.084030129 0.0177056678
v -0.0811029151 0.0838528946 0.0190056674
v -0.080882445 0.0842193142 0.0177056678
v -0.0809827521 0.084030129 0.0190056674
v -0.0808031932 0.0844182372 0.0177056678
v -0.080882445 0.0842193142 0.0190056674
v -0.0807459056 0.0846245587 0.0177056678
v -0.0808031932 0.0844182372 0.0190056674
v -0.0807112604 0.0848358646 0.0177056678
v -0.0807459056 0.0846245587 0.0190056674
v -0.0806996673 0.0850496814 0.0177056678
v -0.0807112604 0.0848358646 0.0190056674
v -0.0807112604 0.0852634981 0.0177056678
v -0.0806996673 0.0850496814 0.0190056674
v -0.0807459056 0.085474804 0.0190056674
v -0.0807459056 0.085474804 0.0177056678
v -0.0807449967 0.0854692832 0.0177056678
v -0.0807112604 0.0852634981 0.0190056674
v -0.0808031932 0.085681133 0.0177056678
v -0.080882445 0.085880056 0.0177056678
v -0.0808031932 0.085681133 0.0190056674
v -0.0809827521 0.0860692412 0.0177056678
v -0.080882445 0.085880056 0.0190056674
v -0.0811029151 0.0862464756 0.0177056678
v -0.0809827521 0.0860692412 0.0190056674
v -0.0812415406 0.0864096731 0.0177056678
v -0.0811029151 0.0862464756 0.0190056674
v -0.081396997 0.0865569338 0.0177056678
v -0.0812415406 0.0864096731 0.0190056674
v -0.0815674663 0.0866865143 0.0177056678
v -0.081396997 0.0865569338 0.0190056674
v -0.0817509443 0.0867969096 0.0177056678
v -0.0815674663 0.0866865143 0.0190056674
v -0.0819452778 0.0868868232 0.0177056678
v -0.0817509443 0.0867969096 0.0190056674
v -0.0821482018 0.0869551972 0.0177056678
v -0.0819452778 0.0868868232 0.0190056674
v -0.0823573247 0.0870012268 0.0177056678
v -0.0821482018 0.0869551972 0.0190056674
v -0.0825702026 0.0870243758 0.0177056678
v -0.0823573247 0.0870012268 0.0190056674
v -0.0827843323 0.0870243758 0.0177056678
v -0.0825702026 0.0870243758 0.0190056674
v -0.0829972029 0.0870012268 0.0177056678
v -0.0827843323 0.0870243758 0.0190056674
v -0.0832063258 0.0869551972 0.0177056678
v -0.0829972029 0.0870012268 0.0190056674
v -0.0834092498 0.0868868232 0.0177056678
v -0.0832063258 0.0869551972 0.0190056674
v -0.0836035833 0.0867969096 0.0177056678
v -0.0834092498 0.0868868232 0.0190056674
v -0.0837870613 0.0866865143 0.0177056678
v -0.0836035833 0.0867969096 0.0190056674
v -0.0839575306 0.0865569338 0.0177056678
v -0.0837870613 0.0866865143 0.0190056674
v -0.0841129869 0.0864096731 0.0177056678
v -0.0839575306 0.0865569338 0.0190056674
v -0.0842516124 0.0862464756 0.0177056678
v -0.0841129869 0.0864096731 0.0190056674
v -0.0843717828 0.0860692412 0.0177056678
v -0.0842516124 0.0862464756 0.0190056674
v -0.0844720826 0.085880056 0.0177056678
v -0.0843717828 0.0860692412 0.0190056674
v -0.0845513344 0.085681133 0.0177056678
v -0.0844720826 0.085880056 0.0190056674
v -0.0846086219 0.085474804 0.0177056678
v -0.0845513344 0.085681133 0.0190056674
v -0.0846432671 0.0852634981 0.0190056674
v -0.0846432671 0.0852634981 0.0177056678
v -0.0846095309 0.0854692832 0.0177056678
v -0.0846086219 0.085474804 0.0190056674
v -0.0714918077 0.0620568767 0.0177056678
v -0.0715034008 0.0622706935 0.0177056678
v -0.0715034008 0.0622706935 0.0190056674
v -0.07145717 0.0618455708 0.0177056678
v -0.0714918077 0.0620568767 0.0190056674
v -0.0713998824 0.0616392456 0.0177056678
v -0.07145717 0.0618455708 0.0190056674
v -0.0713206232 0.0614403225 0.0177056678
v -0.0713998824 0.0616392456 0.0190056674
v -0.0712203234 0.0612511374 0.0177056678
v -0.0713206232 0.0614403225 0.0190056674
v -0.0711001605 0.061073903 0.0177056678
v -0.0712203234 0.0612511374 0.0190056674
v -0.070961535 0.0609107018 0.0177056678
v -0.0711001605 0.061073903 0.0190056674
v -0.0708060786 0.0607634448 0.0190056674
v -0.0708060786 0.0607634448 0.0177056678
v -0.0709231943 0.0608743876 0.0177056678
v -0.070961535 0.0609107018 0.0190056674
v -0.0706356093 0.0606338605 0.0177056678
v -0.0704521313 0.0605234653 0.0177056678
v -0.0706356093 0.0606338605 0.0190056674
v -0.0702577904 0.0604335554 0.0177056678
v -0.0704521313 0.0605234653 0.0190056674
v -0.0700548738 0.0603651814 0.0177056678
v -0.0702577904 0.0604335554 0.0190056674
v -0.0698457509 0.0603191517 0.0177056678
v -0.0700548738 0.0603651814 0.0190056674
v -0.0696328729 0.0602959991 0.0177056678
v -0.0698457509 0.0603191517 0.0190056674
v -0.0694187433 0.0602959991 0.0177056678
v -0.0696328729 0.0602959991 0.0190056674
v -0.0694187433 0.0602959991 0.0190056674
v -0.0692058727 0.0603191517 0.0190056674
v -0.0692903548 0.0603099614 0.0177056678
v -0.0692058727 0.0603191517 0.0177056678
v -0.0689967498 0.0603651814 0.0177056678
v -0.0687938258 0.0604335554 0.0177056678
v -0.0689967498 0.0603651814 0.0190056674
v -0.0685994849 0.0605234653 0.0177056678
v -0.0687938258 0.0604335554 0.0190056674
v -0.0684160069 0.0606338605 0.0177056678
v -0.0685994849 0.0605234653 0.0190056674
v -0.068245545 0.0607634448 0.0177056678
v -0.0684160069 0.0606338605 0.0190056674
v -0.0680900812 0.0609107018 0.0177056678
v -0.068245545 0.0607634448 0.0190056674
v -0.0679514632 0.061073903 0.0177056678
v -0.0680900812 0.0609107018 0.0190056674
v -0.0678312927 0.0612511374 0.0177056678
v -0.0679514632 0.061073903 0.0190056674
v -0.067730993 0.0614403225 0.0177056678
v -0.0678312927 0.0612511374 0.0190056674
v -0.0676517338 0.0616392456 0.0177056678
v -0.067730993 0.0614403225 0.0190056674
v -0.0675944462 0.0618455708 0.0177056678
v -0.0676517338 0.0616392456 0.0190056674
v -0.0675598085 0.0620568767 0.0177056678
v -0.0675944462 0.0618455708 0.0190056674
v -0.0675482154 0.0622706935 0.0177056678
v -0.0675598085 0.0620568767 0.0190056674
v -0.0675598085 0.0624845102 0.0177056678
v -0.0675482154 0.0622706935 0.0190056674
v -0.0675944462 0.0626958162 0.0177056678
v -0.0675598085 0.0624845102 0.0190056674
v -0.0676517338 0.0629021451 0.0177056678
v -0.0675944462 0.0626958162 0.0190056674
v -0.067730993 0.0631010607 0.0177056678
v -0.0676517338 0.0629021451 0.0190056674
v -0.0678312927 0.0632902533 0.0177056678
v -0.067730993 0.0631010607 0.0190056674
v -0.0679514632 0.0634674802 0.0177056678
v -0.0678312927 0.0632902533 0.0190056674
v -0.0680900812 0.0636306852 0.0177056678
v -0.0679514632 0.0634674802 0.0190056674
v -0.068245545 0.0637779385 0.0177056678
v -0.0680900812 0.0636306852 0.0190056674
v -0.0684160069 0.0639075264 0.0177056678
v -0.068245545 0.0637779385 0.0190056674
v -0.0685994849 0.0640179217 0.0177056678
v -0.0684160069 0.0639075264 0.0190056674
v -0.0687938258 0.0641078353 0.0177056678
v -0.0685994849 0.0640179217 0.0190056674
v -0.0689967498 0.0641762018 0.0177056678
v -0.0687938258 0.0641078353 0.0190056674
v -0.0692058727 0.064222239 0.0177056678
v -0.0689967498 0.0641762018 0.0190056674
v -0.0694187433 0.0642453879 0.0190056674
v -0.0694187433 0.0642453879 0.0177056678
v -0.0692903548 0.0642314255 0.0177056678
v -0.0692058727 0.064222239 0.0190056674
v -0.0696328729 0.0642453879 0.0177056678
v -0.0698457509 0.064222239 0.0177056678
v -0.0696328729 0.0642453879 0.0190056674
v -0.0700548738 0.0641762018 0.0177056678
v -0.0698457509 0.064222239 0.0190056674
v -0.0702577904 0.0641078353 0.0177056678
v -0.0700548738 0.0641762018 0.0190056674
v -0.0704521313 0.0640179217 0.0177056678
v -0.0702577904 0.0641078353 0.0190056674
v -0.0706356093 0.0639075264 0.0177056678
v -0.0704521313 0.0640179217 0.0190056674
v -0.0708060786 0.0637779385 0.0177056678
v -0.0706356093 0.0639075264 0.0190056674
v -0.0708060786 0.0637779385 0.0190056674
v -0.070961535 0.0636306852 0.0190056674
v -0.0709231943 0.0636669993 0.0177056678
v -0.070961535 0.0636306852 0.0177056678
v -0.0711001605 0.0634674802 0.0177056678
v -0.0712203234 0.0632902533 0.0177056678
v -0.0711001605 0.0634674802 0.0190056674
v -0.0713206232 0.0631010607 0.0177056678
v -0.0712203234 0.0632902533 0.0190056674
v -0.0713998824 0.0629021451 0.0177056678
v -0.0713206232 0.0631010607 0.0190056674
v -0.07145717 0.0626958162 0.0177056678
v -0.0713998824 0.0629021451 0.0190056674
v -0.0714918077 0.0624845102 0.0177056678
v -0.07145717 0.0626958162 0.0190056674
v -0.0714918077 0.0624845102 0.0190056674
v -0.0846432671 0.0392778888 0.0177056678
v -0.0846548602 0.0394917056 0.0177056678
v -0.0846548602 0.0394917056 0.0190056674
v -0.0846086219 0.0390665792 0.0190056674
v -0.0846086219 0.0390665792 0.0177056678
v -0.0846095309 0.0390721075 0.0177056678
v -0.0846432671 0.0392778888 0.0190056674
v -0.0845513344 0.038860254 0.0177056678
v -0.0844720826 0.0386613347 0.0177056678
v -0.0845513344 0.038860254 0.0190056674
v -0.0843717828 0.0384721495 0.0177056678
v -0.0844720826 0.0386613347 0.0190056674
v -0.0842516124 0.0382949151 0.0177056678
v -0.0843717828 0.0384721495 0.0190056674
v -0.0841129869 0.0381317139 0.0177056678
v -0.0842516124 0.0382949151 0.0190056674
v -0.0839575306 0.0379844569 0.0177056678
v -0.0841129869 0.0381317139 0.0190056674
v -0.0837870613 0.0378548726 0.0177056678
v -0.0839575306 0.0379844569 0.0190056674
v -0.0836035833 0.0377444774 0.0177056678
v -0.0837870613 0.0378548726 0.0190056674
v -0.0834092498 0.0376545638 0.0177056678
v -0.0836035833 0.0377444774 0.0190056674
v -0.0832063258 0.0375861935 0.0177056678
v -0.0834092498 0.0376545638 0.0190056674
v -0.0829972029 0.0375401601 0.0177056678
v -0.0832063258 0.0375861935 0.0190056674
v -0.0827843323 0.0375170112 0.0177056678
v -0.0829972029 0.0375401601 0.0190056674
v -0.0825702026 0.0375170112 0.0177056678
v -0.0827843323 0.0375170112 0.0190056674
v -0.0823573247 0.0375401601 0.0177056678
v -0.0825702026 0.0375170112 0.0190056674
v -0.0821482018 0.0375861935 0.0177056678
v -0.0823573247 0.0375401601 0.0190056674
v -0.0819452778 0.0376545638 0.0177056678
v -0.0821482018 0.0375861935 0.0190056674
v -0.0817509443 0.0377444774 0.0177056678
v -0.0819452778 0.0376545638 0.0190056674
v -0.0815674663 0.0378548726 0.0177056678
v -0.0817509443 0.0377444774 0.0190056674
v -0.081396997 0.0379844569 0.0177056678
v -0.0815674663 0.0378548726 0.0190056674
v -0.0812415406 0.0381317139 0.0177056678
v -0.081396997 0.0379844569 0.0190056674
v -0.0811029151 0.0382949151 0.0177056678
v -0.0812415406 0.0381317139 0.0190056674
v -0.0809827521 0.0384721495 0.0177056678
v -0.0811029151 0.0382949151 0.0190056674
v -0.080882445 0.0386613347 0.0177056678
v -0.0809827521 0.0384721495 0.0190056674
v -0.0808031932 0.038860254 0.0177056678
v -0.080882445 0.0386613347 0.0190056674
v -0.0807459056 0.0390665792 0.0177056678
v -0.0808031932 0.038860254 0.0190056674
v -0.0807112604 0.0392778888 0.0190056674
v -0.0807112604 0.0392778888 0.0177056678
v -0.0807449967 0.0390721075 0.0177056678
v -0.0807459056 0.0390665792 0.0190056674
v -0.0806996673 0.0394917056 0.0177056678
v -0.0807112604 0.0397055186 0.0177056678
v -0.0806996673 0.0394917056 0.0190056674
v -0.0807459056 0.0399168283 0.0177056678
v -0.0807112604 0.0397055186 0.0190056674
v -0.0808031932 0.0401231535 0.0177056678
v -0.0807459056 0.0399168283 0.0190056674
v -0.080882445 0.0403220728 0.0177056678
v -0.0808031932 0.0401231535 0.0190056674
v -0.0809827521 0.0405112617 0.0177056678
v -0.080882445 0.0403220728 0.0190056674
v -0.0811029151 0.0406884924 0.0177056678
v -0.0809827521 0.0405112617 0.0190056674
v -0.0812415406 0.0408516936 0.0177056678
v -0.0811029151 0.0406884924 0.0190056674
v -0.081396997 0.0409989506 0.0177056678
v -0.0812415406 0.0408516936 0.0190056674
v -0.0815674663 0.0411285385 0.0177056678
v -0.081396997 0.0409989506 0.0190056674
v -0.0817509443 0.0412389338 0.0177056678
v -0.0815674663 0.0411285385 0.0190056674
v -0.0819452778 0.0413288437 0.0177056678
v -0.0817509443 0.0412389338 0.0190056674
v -0.0821482018 0.0413972139 0.0177056678
v -0.0819452778 0.0413288437 0.0190056674
v -0.0823573247 0.0414432473 0.0177056678
v -0.0821482018 0.0413972139 0.0190056674
v -0.0825702026 0.0414663963 0.0177056678
v -0.0823573247 0.0414432473 0.0190056674
v -0.0827843323 0.0414663963 0.0177056678
v -0.0825702026 0.0414663963 0.0190056674
v -0.0829972029 0.0414432473 0.0177056678
v -0.0827843323 0.0414663963 0.0190056674
v -0.0832063258 0.0413972139 0.0177056678
v -0.0829972029 0.0414432473 0.0190056674
v -0.0834092498 0.0413288437 0.0177056678
v -0.0832063258 0.0413972139 0.0190056674
v -0.0836035833 0.0412389338 0.0177056678
v -0.0834092498 0.0413288437 0.0190056674
v -0.0837870613 0.0411285385 0.0177056678
v -0.0836035833 0.0412389338 0.0190056674
v -0.0839575306 0.0409989506 0.0177056678
v -0.0837870613 0.0411285385 0.0190056674
v -0.0841129869 0.0408516936 0.0177056678
v -0.0839575306 0.0409989506 0.0190056674
v -0.0842516124 0.0406884924 0.0177056678
v -0.0841129869 0.0408516936 0.0190056674
v -0.0843717828 0.0405112617 0.0177056678
v -0.0842516124 0.0406884924 0.0190056674
v -0.0844720826 0.0403220728 0.0177056678
v -0.0843717828 0.0405112617 0.0190056674
v -0.0845513344 0.0401231535 0.0177056678
v -0.0844720826 0.0403220728 0.0190056674
v -0.0846086219 0.0399168283 0.0177056678
v -0.0845513344 0.0401231535 0.0190056674
v -0.0846432671 0.0397055186 0.0177056678
v -0.0846086219 0.0399168283 0.0190056674
v -0.0846432671 0.0397055186 0.0190056674
v -0.110946178 0.0392778888 0.0177056678
v -0.110957772 0.0394917056 0.0177056678
v -0.110957772 0.0394917056 0.0190056674
v -0.110911533 0.0390665792 0.0190056674
v -0.110911533 0.0390665792 0.0177056678
v -0.110912442 0.0390721075 0.0177056678
v -0.110946178 0.0392778888 0.0190056674
v -0.110854246 0.038860254 0.0177056678
v -0.110774994 0.0386613347 0.0177056678
v -0.110854246 0.038860254 0.0190056674
v -0.110674694 0.0384721495 0.0177056678
v -0.110774994 0.0386613347 0.0190056674
v -0.110554524 0.0382949151 0.0177056678
v -0.110674694 0.0384721495 0.0190056674
v -0.110415898 0.0381317139 0.0177056678
v -0.110554524 0.0382949151 0.0190056674
v -0.110260442 0.0379844569 0.0177056678
v -0.110415898 0.0381317139 0.0190056674
v -0.110089973 0.0378548726 0.0177056678
v -0.110260442 0.0379844569 0.0190056674
v -0.109906495 0.0377444774 0.0177056678
v -0.110089973 0.0378548726 0.0190056674
v -0.109712161 0.0376545638 0.0177056678
v -0.109906495 0.0377444774 0.0190056674
v -0.109509237 0.0375861935 0.0177056678
v -0.109712161 0.0376545638 0.0190056674
v -0.109300114 0.0375401601 0.0177056678
v -0.109509237 0.0375861935 0.0190056674
v -0.109087244 0.0375170112 0.0177056678
v -0.109300114 0.0375401601 0.0190056674
v -0.108873114 0.0375170112 0.0177056678
v -0.109087244 0.0375170112 0.0190056674
v -0.108660236 0.0375401601 0.0177056678
v -0.108873114 0.0375170112 0.0190056674
v -0.108451113 0.0375861935 0.0177056678
v -0.108660236 0.0375401601 0.0190056674
v -0.108248197 0.0376545638 0.0177056678
v -0.108451113 0.0375861935 0.0190056674
v -0.108053856 0.0377444774 0.0177056678
v -0.108248197 0.0376545638 0.0190056674
v -0.107870378 0.0378548726 0.0177056678
v -0.108053856 0.0377444774 0.0190056674
v -0.107699908 0.0379844569 0.0177056678
v -0.107870378 0.0378548726 0.0190056674
v -0.107544452 0.0381317139 0.0177056678
v -0.107699908 0.0379844569 0.0190056674
v -0.107405826 0.0382949151 0.0177056678
v -0.107544452 0.0381317139 0.0190056674
v -0.107285663 0.0384721495 0.0177056678
v -0.107405826 0.0382949151 0.0190056674
v -0.107185364 0.0386613347 0.0177056678
v -0.107285663 0.0384721495 0.0190056674
v -0.107106104 0.038860254 0.0177056678
v -0.107185364 0.0386613347 0.0190056674
v -0.107048817 0.0390665792 0.0177056678
v -0.107106104 0.038860254 0.0190056674
v -0.107014172 0.0392778888 0.0190056674
v -0.107014172 0.0392778888 0.0177056678
v -0.107047908 0.0390721075 0.0177056678
v -0.107048817 0.0390665792 0.0190056674
v -0.107002579 0.0394917056 0.0177056678
v -0.107014172 0.0397055186 0.0177056678
v -0.107002579 0.0394917056 0.0190056674
v -0.107048817 0.0399168283 0.0177056678
v -0.107014172 0.0397055186 0.0190056674
v -0.107106104 0.0401231535 0.0177056678
v -0.107048817 0.0399168283 0.0190056674
v -0.107185364 0.0403220728 0.0177056678
v -0.107106104 0.0401231535 0.0190056674
v -0.107285663 0.0405112617 0.0177056678
v -0.107185364 0.0403220728 0.0190056674
v -0.107405826 0.0406884924 0.0177056678
v -0.107285663 0.0405112617 0.0190056674
v -0.107544452 0.0408516936 0.0177056678
v -0.107405826 0.0406884924 0.0190056674
v -0.107699908 0.0409989506 0.0177056678
v -0.107544452 0.0408516936 0.0190056674
v -0.107870378 0.0411285385 0.0177056678
v -0.107699908 0.0409989506 0.0190056674
v -0.108053856 0.0412389338 0.0177056678
v -0.107870378 0.0411285385 0.0190056674
v -0.108248197 0.0413288437 0.0177056678
v -0.108053856 0.0412389338 0.0190056674
v -0.108451113 0.0413972139 0.0177056678
v -0.108248197 0.0413288437 0.0190056674
v -0.108660236 0.0414432473 0.0177056678
v -0.108451113 0.0413972139 0.0190056674
v -0.108873114 0.0414663963 0.0177056678
v -0.108660236 0.0414432473 0.0190056674
v -0.109087244 0.0414663963 0.0177056678
v -0.108873114 0.0414663963 0.0190056674
v -0.109300114 0.0414432473 0.0177056678
v -0.109087244 0.0414663963 0.0190056674
v -0.109509237 0.0413972139 0.0177056678
v -0.109300114 0.0414432473 0.0190056674
v -0.109712161 0.0413288437 0.0177056678
v -0.109509237 0.0413972139 0.0190056674
v -0.109906495 0.0412389338 0.0177056678
v -0.109712161 0.0413288437 0.0190056674
v -0.110089973 0.0411285385 0.0177056678
v -0.109906495 0.0412389338 0.0190056674
v -0.110260442 0.0409989506 0.0177056678
v -0.110089973 0.0411285385 0.0190056674
v -0.110415898 0.0408516936 0.0177056678
v -0.110260442 0.0409989506 0.0190056674
v -0.110554524 0.0406884924 0.0177056678
v -0.110415898 0.0408516936 0.0190056674
v -0.110674694 0.0405112617 0.0177056678
v -0.110554524 0.0406884924 0.0190056674
v -0.110774994 0.0403220728 0.0177056678
v -0.110674694 0.0405112617 0.0190056674
v -0.110854246 0.0401231535 0.0177056678
v -0.110774994 0.0403220728 0.0190056674
v -0.110911533 0.0399168283 0.0177056678
v -0.110854246 0.0401231535 0.0190056674
v -0.110946178 0.0397055186 0.0177056678
v -0.110911533 0.0399168283 0.0190056674
v -0.110946178 0.0397055186 0.0190056674
v -0.12409763 0.0620568767 0.0177056678
v -0.124109223 0.0622706935 0.0177056678
v -0.124109223 0.0622706935 0.0190056674
v -0.124062993 0.0618455708 0.0177056678
v -0.12409763 0.0620568767 0.0190056674
v -0.124005705 0.0616392456 0.0177056678
v -0.124062993 0.0618455708 0.0190056674
v -0.123926446 0.0614403225 0.0177056678
v -0.124005705 0.0616392456 0.0190056674
v -0.123826146 0.0612511374 0.0177056678
v -0.123926446 0.0614403225 0.0190056674
v -0.123705983 0.061073903 0.0177056678
v -0.123826146 0.0612511374 0.0190056674
v -0.123567358 0.0609107018 0.0177056678
v -0.123705983 0.061073903 0.0190056674
v -0.123411901 0.0607634448 0.0177056678
v -0.123567358 0.0609107018 0.0190056674
v -0.123241432 0.0606338605 0.0177056678
v -0.123411901 0.0607634448 0.0190056674
v -0.123057954 0.0605234653 0.0177056678
v -0.123241432 0.0606338605 0.0190056674
v -0.122863613 0.0604335554 0.0177056678
v -0.123057954 0.0605234653 0.0190056674
v -0.122660697 0.0603651814 0.0177056678
v -0.122863613 0.0604335554 0.0190056674
v -0.122451574 0.0603191517 0.0177056678
v -0.122660697 0.0603651814 0.0190056674
v -0.122238696 0.0602959991 0.0177056678
v -0.122451574 0.0603191517 0.0190056674
v -0.122024566 0.0602959991 0.0177056678
v -0.122238696 0.0602959991 0.0190056674
v -0.121811695 0.0603191517 0.0177056678
v -0.122024566 0.0602959991 0.0190056674
v -0.121602573 0.0603651814 0.0177056678
v -0.121811695 0.0603191517 0.0190056674
v -0.121399648 0.0604335554 0.0177056678
v -0.121602573 0.0603651814 0.0190056674
v -0.121205308 0.0605234653 0.0177056678
v -0.121399648 0.0604335554 0.0190056674
v -0.12102183 0.0606338605 0.0177056678
v -0.121205308 0.0605234653 0.0190056674
v -0.120851368 0.0607634448 0.0177056678
v -0.12102183 0.0606338605 0.0190056674
v -0.120695904 0.0609107018 0.0177056678
v -0.120851368 0.0607634448 0.0190056674
v -0.120557286 0.061073903 0.0177056678
v -0.120695904 0.0609107018 0.0190056674
v -0.120437115 0.0612511374 0.0177056678
v -0.120557286 0.061073903 0.0190056674
v -0.120336816 0.0614403225 0.0177056678
v -0.120437115 0.0612511374 0.0190056674
v -0.120257556 0.0616392456 0.0177056678
v -0.120336816 0.0614403225 0.0190056674
v -0.120200276 0.0618455708 0.0177056678
v -0.120257556 0.0616392456 0.0190056674
v -0.120165631 0.0620568767 0.0177056678
v -0.120200276 0.0618455708 0.0190056674
v -0.120154038 0.0622706935 0.0177056678
v -0.120165631 0.0620568767 0.0190056674
v -0.120165631 0.0624845102 0.0177056678
v -0.120154038 0.0622706935 0.0190056674
v -0.120200276 0.0626958162 0.0177056678
v -0.120165631 0.0624845102 0.0190056674
v -0.120257556 0.0629021451 0.0177056678
v -0.120200276 0.0626958162 0.0190056674
v -0.120336816 0.0631010607 0.0177056678
v -0.120257556 0.0629021451 0.0190056674
v -0.120437115 0.0632902533 0.0177056678
v -0.120336816 0.0631010607 0.0190056674
v -0.120557286 0.0634674802 0.0177056678
v -0.120437115 0.0632902533 0.0190056674
v -0.120695904 0.0636306852 0.0177056678
v -0.120557286 0.0634674802 0.0190056674
v -0.120851368 0.0637779385 0.0177056678
v -0.120695904 0.0636306852 0.0190056674
v -0.12102183 0.0639075264 0.0177056678
v -0.120851368 0.0637779385 0.0190056674
v -0.121205308 0.0640179217 0.0177056678
v -0.12102183 0.0639075264 0.0190056674
v -0.121399648 0.0641078353 0.0177056678
v -0.121205308 0.0640179217 0.0190056674
v -0.121602573 0.0641762018 0.0177056678
v -0.121399648 0.0641078353 0.0190056674
v -0.121811695 0.064222239 0.0177056678
v -0.121602573 0.0641762018 0.0190056674
v -0.122024566 0.0642453879 0.0177056678
v -0.121811695 0.064222239 0.0190056674
v -0.122238696 0.0642453879 0.0177056678
v -0.122024566 0.0642453879 0.0190056674
v -0.122451574 0.064222239 0.0177056678
v -0.122238696 0.0642453879 0.0190056674
v -0.122660697 0.0641762018 0.0177056678
v -0.122451574 0.064222239 0.0190056674
v -0.122863613 0.0641078353 0.0177056678
v -0.122660697 0.0641762018 0.0190056674
v -0.123057954 0.0640179217 0.0177056678
v -0.122863613 0.0641078353 0.0190056674
v -0.123241432 0.0639075264 0.0177056678
v -0.123057954 0.0640179217 0.0190056674
v -0.123411901 0.0637779385 0.0177056678
v -0.123241432 0.0639075264 0.0190056674
v -0.123567358 0.0636306852 0.0177056678
v -0.123411901 0.0637779385 0.0190056674
v -0.123705983 0.0634674802 0.0177056678
v -0.123567358 0.0636306852 0.0190056674
v -0.123826146 0.0632902533 0.0177056678
v -0.123705983 0.0634674802 0.0190056674
v -0.123926446 0.0631010607 0.0177056678
v -0.123826146 0.0632902533 0.0190056674
v -0.124005705 0.0629021451 0.0177056678
v -0.123926446 0.0631010607 0.0190056674
v -0.124062993 0.0626958162 0.0177056678
v -0.124005705 0.0629021451 0.0190056674
v -0.12409763 0.0624845102 0.0177056678
v -0.124062993 0.0626958162 0.0190056674
v -0.12409763 0.0624845102 0.0190056674
v -0.108777158 0.0432362035 0.0190056674
v -0.108873114 0.0414663963 0.0190056674
v -0.108660236 0.0414432473 0.0190056674
v -0.1091832 0.0432362035 0.0190056674
v -0.109087244 0.0414663963 0.0190056674
v -0.1091832 0.035747204 0.0190056674
v -0.109087244 0.0375170112 0.0190056674
v -0.109300114 0.0375401601 0.0190056674
v -0.108777158 0.035747204 0.0190056674
v -0.108873114 0.0375170112 0.0190056674
v -0.108373493 0.0357911028 0.0190056674
v -0.108660236 0.0375401601 0.0190056674
v -0.107976943 0.0358783901 0.0190056674
v -0.108451113 0.0375861935 0.0190056674
v -0.106875725 0.0425955392 0.0190056674
v -0.107223645 0.0428048745 0.0190056674
v -0.108053856 0.0412389338 0.0190056674
v -0.107592158 0.0429753661 0.0190056674
v -0.108248197 0.0413288437 0.0190056674
v -0.107976943 0.0431050174 0.0190056674
v -0.108451113 0.0413972139 0.0190056674
v -0.108373493 0.0431923047 0.0190056674
v -0.109586857 0.0431923047 0.0190056674
v -0.109300114 0.0414432473 0.0190056674
v -0.111084625 0.036387872 0.0190056674
v -0.110736705 0.036178533 0.0190056674
v -0.109906495 0.0377444774 0.0190056674
v -0.110368192 0.0360080414 0.0190056674
v -0.109712161 0.0376545638 0.0190056674
v -0.107870378 0.0411285385 0.0190056674
v -0.107699908 0.0409989506 0.0190056674
v -0.109983407 0.0431050174 0.0190056674
v -0.109509237 0.0413972139 0.0190056674
v -0.110368192 0.0429753661 0.0190056674
v -0.109712161 0.0413288437 0.0190056674
v -0.110736705 0.0428048745 0.0190056674
v -0.109906495 0.0412389338 0.0190056674
v -0.111084625 0.0425955392 0.0190056674
v -0.110089973 0.0411285385 0.0190056674
v -0.110089973 0.0378548726 0.0190056674
v -0.110260442 0.0379844569 0.0190056674
v -0.109983407 0.0358783901 0.0190056674
v -0.109509237 0.0375861935 0.0190056674
v -0.109586857 0.0357911028 0.0190056674
v -0.107592158 0.0360080414 0.0190056674
v -0.108248197 0.0376545638 0.0190056674
v -0.107223645 0.036178533 0.0190056674
v -0.108053856 0.0377444774 0.0190056674
v -0.106875725 0.036387872 0.0190056674
v -0.107870378 0.0378548726 0.0190056674
v -0.105994828 0.0417611077 0.0190056674
v -0.107405826 0.0406884924 0.0190056674
v -0.107285663 0.0405112617 0.0190056674
v -0.106257692 0.0420705788 0.0190056674
v -0.107544452 0.0408516936 0.0190056674
v -0.106552474 0.0423498116 0.0190056674
v -0.111407876 0.0423498116 0.0190056674
v -0.110260442 0.0409989506 0.0190056674
v -0.111965522 0.0372222997 0.0190056674
v -0.110554524 0.0382949151 0.0190056674
v -0.110674694 0.0384721495 0.0190056674
v -0.111702658 0.0369128324 0.0190056674
v -0.110415898 0.0381317139 0.0190056674
v -0.111407876 0.0366335958 0.0190056674
v -0.106552474 0.0366335958 0.0190056674
v -0.107699908 0.0379844569 0.0190056674
v -0.105426475 0.0406890847 0.0190056674
v -0.107106104 0.0401231535 0.0190056674
v -0.107048817 0.0399168283 0.0190056674
v -0.105576769 0.0410662889 0.0190056674
v -0.107185364 0.0403220728 0.0190056674
v -0.105766959 0.0414250307 0.0190056674
v -0.111702658 0.0420705788 0.0190056674
v -0.110415898 0.0408516936 0.0190056674
v -0.112533875 0.0382943228 0.0190056674
v -0.110854246 0.038860254 0.0190056674
v -0.110911533 0.0390665792 0.0190056674
v -0.112383582 0.0379171185 0.0190056674
v -0.110774994 0.0386613347 0.0190056674
v -0.112193391 0.0375583768 0.0190056674
v -0.106257692 0.0369128324 0.0190056674
v -0.107544452 0.0381317139 0.0190056674
v -0.112533875 0.0406890847 0.0190056674
v -0.110854246 0.0401231535 0.0190056674
v -0.110774994 0.0403220728 0.0190056674
v -0.112642504 0.0402978435 0.0190056674
v -0.110911533 0.0399168283 0.0190056674
v -0.112708196 0.0398971513 0.0190056674
v -0.110946178 0.0397055186 0.0190056674
v -0.112730175 0.0394917056 0.0190056674
v -0.110957772 0.0394917056 0.0190056674
v -0.112708196 0.0390862562 0.0190056674
v -0.110946178 0.0392778888 0.0190056674
v -0.112642504 0.038685564 0.0190056674
v -0.111965522 0.0417611077 0.0190056674
v -0.110554524 0.0406884924 0.0190056674
v -0.112193391 0.0414250307 0.0190056674
v -0.110674694 0.0405112617 0.0190056674
v -0.112383582 0.0410662889 0.0190056674
v -0.105994828 0.0372222997 0.0190056674
v -0.107405826 0.0382949151 0.0190056674
v -0.105766959 0.0375583768 0.0190056674
v -0.107285663 0.0384721495 0.0190056674
v -0.105252162 0.0398971513 0.0190056674
v -0.107014172 0.0397055186 0.0190056674
v -0.107002579 0.0394917056 0.0190056674
v -0.105317846 0.0402978435 0.0190056674
v -0.105426475 0.0382943228 0.0190056674
v -0.107106104 0.038860254 0.0190056674
v -0.107185364 0.0386613347 0.0190056674
v -0.105317846 0.038685564 0.0190056674
v -0.107048817 0.0390665792 0.0190056674
v -0.105576769 0.0379171185 0.0190056674
v -0.105252162 0.0390862562 0.0190056674
v -0.107014172 0.0392778888 0.0190056674
v -0.105230175 0.0394917056 0.0190056674
v -0.105252162 0.0390862562 0.0212056674
v -0.105230175 0.0394917056 0.0212056674
v -0.105230175 0.0394917056 0.0190056674
v -0.105317846 0.038685564 0.0190056674
v -0.105317846 0.038685564 0.0212056674
v -0.105268613 0.0389859043 0.0212056674
v -0.105252162 0.0390862562 0.0190056674
v -0.105426475 0.0382943228 0.0212056674
v -0.105576769 0.0379171185 0.0212056674
v -0.105426475 0.0382943228 0.0190056674
v -0.105766959 0.0375583768 0.0212056674
v -0.105576769 0.0379171185 0.0190056674
v -0.105994828 0.0372222997 0.0212056674
v -0.105766959 0.0375583768 0.0190056674
v -0.106257692 0.0369128324 0.0212056674
v -0.105994828 0.0372222997 0.0190056674
v -0.106552474 0.0366335958 0.0212056674
v -0.106257692 0.0369128324 0.0190056674
v -0.106875725 0.036387872 0.0212056674
v -0.106552474 0.0366335958 0.0190056674
v -0.107223645 0.036178533 0.0212056674
v -0.106875725 0.036387872 0.0190056674
v -0.107592158 0.0360080414 0.0212056674
v -0.107223645 0.036178533 0.0190056674
v -0.107976943 0.0358783901 0.0212056674
v -0.107592158 0.0360080414 0.0190056674
v -0.108373493 0.0357911028 0.0212056674
v -0.107976943 0.0358783901 0.0190056674
v -0.108777158 0.035747204 0.0212056674
v -0.108373493 0.0357911028 0.0190056674
v -0.1091832 0.035747204 0.0212056674
v -0.108777158 0.035747204 0.0190056674
v -0.109586857 0.0357911028 0.0212056674
v -0.1091832 0.035747204 0.0190056674
v -0.109983407 0.0358783901 0.0212056674
v -0.109586857 0.0357911028 0.0190056674
v -0.110368192 0.0360080414 0.0212056674
v -0.109983407 0.0358783901 0.0190056674
v -0.110736705 0.036178533 0.0212056674
v -0.110368192 0.0360080414 0.0190056674
v -0.111084625 0.036387872 0.0212056674
v -0.110736705 0.036178533 0.0190056674
v -0.111407876 0.0366335958 0.0212056674
v -0.111084625 0.036387872 0.0190056674
v -0.111702658 0.0369128324 0.0212056674
v -0.111407876 0.0366335958 0.0190056674
v -0.111965522 0.0372222997 0.0212056674
v -0.111702658 0.0369128324 0.0190056674
v -0.112193391 0.0375583768 0.0212056674
v -0.111965522 0.0372222997 0.0190056674
v -0.112383582 0.0379171185 0.0212056674
v -0.112193391 0.0375583768 0.0190056674
v -0.112533875 0.0382943228 0.0212056674
v -0.112383582 0.0379171185 0.0190056674
v -0.112642504 0.038685564 0.0212056674
v -0.112533875 0.0382943228 0.0190056674
v -0.112642504 0.038685564 0.0190056674
v -0.112708196 0.0390862562 0.0190056674
v -0.112691738 0.0389859043 0.0212056674
v -0.112708196 0.0390862562 0.0212056674
v -0.112730175 0.0394917056 0.0212056674
v -0.112708196 0.0398971513 0.0212056674
v -0.112730175 0.0394917056 0.0190056674
v -0.112642504 0.0402978435 0.0212056674
v -0.112708196 0.0398971513 0.0190056674
v -0.112533875 0.0406890847 0.0212056674
v -0.112642504 0.0402978435 0.0190056674
v -0.112383582 0.0410662889 0.0212056674
v -0.112533875 0.0406890847 0.0190056674
v -0.112193391 0.0414250307 0.0212056674
v -0.112383582 0.0410662889 0.0190056674
v -0.111965522 0.0417611077 0.0212056674
v -0.112193391 0.0414250307 0.0190056674
v -0.111702658 0.0420705788 0.0212056674
v -0.111965522 0.0417611077 0.0190056674
v -0.111407876 0.0423498116 0.0212056674
v -0.111702658 0.0420705788 0.0190056674
v -0.111084625 0.0425955392 0.0212056674
v -0.111407876 0.0423498116 0.0190056674
v -0.110736705 0.0428048745 0.0212056674
v -0.111084625 0.0425955392 0.0190056674
v -0.110368192 0.0429753661 0.0212056674
v -0.110736705 0.0428048745 0.0190056674
v -0.109983407 0.0431050174 0.0212056674
v -0.110368192 0.0429753661 0.0190056674
v -0.109586857 0.0431923047 0.0212056674
v -0.109983407 0.0431050174 0.0190056674
v -0.1091832 0.0432362035 0.0212056674
v -0.109586857 0.0431923047 0.0190056674
v -0.108777158 0.0432362035 0.0212056674
v -0.1091832 0.0432362035 0.0190056674
v -0.108373493 0.0431923047 0.0212056674
v -0.108777158 0.0432362035 0.0190056674
v -0.107976943 0.0431050174 0.0212056674
v -0.108373493 0.0431923047 0.0190056674
v -0.107592158 0.0429753661 0.0212056674
v -0.107976943 0.0431050174 0.0190056674
v -0.107223645 0.0428048745 0.0212056674
v -0.107592158 0.0429753661 0.0190056674
v -0.106875725 0.0425955392 0.0212056674
v -0.107223645 0.0428048745 0.0190056674
v -0.106552474 0.0423498116 0.0212056674
v -0.106875725 0.0425955392 0.0190056674
v -0.106257692 0.0420705788 0.0212056674
v -0.106552474 0.0423498116 0.0190056674
v -0.105994828 0.0417611077 0.0212056674
v -0.106257692 0.0420705788 0.0190056674
v -0.105766959 0.0414250307 0.0212056674
v -0.105994828 0.0417611077 0.0190056674
v -0.105576769 0.0410662889 0.0212056674
v -0.105766959 0.0414250307 0.0190056674
v -0.105426475 0.0406890847 0.0212056674
v -0.105576769 0.0410662889 0.0190056674
v -0.105317846 0.0402978435 0.0212056674
v -0.105426475 0.0406890847 0.0190056674
v -0.105252162 0.0398971513 0.0212056674
v -0.105317846 0.0402978435 0.0190056674
v -0.105252162 0.0398971513 0.0190056674
v -0.0824742466 0.0432362035 0.0190056674
v -0.0825702026 0.0414663963 0.0190056674
v -0.0823573247 0.0414432473 0.0190056674
v -0.0828802884 0.0432362035 0.0190056674
v -0.0827843323 0.0414663963 0.0190056674
v -0.0828802884 0.035747204 0.0190056674
v -0.0827843323 0.0375170112 0.0190056674
v -0.0829972029 0.0375401601 0.0190056674
v -0.0824742466 0.035747204 0.0190056674
v -0.0825702026 0.0375170112 0.0190056674
v -0.0820705816 0.0357911028 0.0190056674
v -0.0823573247 0.0375401601 0.0190056674
v -0.0816740319 0.0358783901 0.0190056674
v -0.0821482018 0.0375861935 0.0190056674
v -0.0805728137 0.0425955392 0.0190056674
v -0.0809207335 0.0428048745 0.0190056674
v -0.0817509443 0.0412389338 0.0190056674
v -0.0812892467 0.0429753661 0.0190056674
v -0.0819452778 0.0413288437 0.0190056674
v -0.0816740319 0.0431050174 0.0190056674
v -0.0821482018 0.0413972139 0.0190056674
v -0.0820705816 0.0431923047 0.0190056674
v -0.0832839459 0.0431923047 0.0190056674
v -0.0829972029 0.0414432473 0.0190056674
v -0.0847817138 0.036387872 0.0190056674
v -0.084433794 0.036178533 0.0190056674
v -0.0836035833 0.0377444774 0.0190056674
v -0.0840652809 0.0360080414 0.0190056674
v -0.0834092498 0.0376545638 0.0190056674
v -0.0815674663 0.0411285385 0.0190056674
v -0.081396997 0.0409989506 0.0190056674
v -0.0836804956 0.0431050174 0.0190056674
v -0.0832063258 0.0413972139 0.0190056674
v -0.0840652809 0.0429753661 0.0190056674
v -0.0834092498 0.0413288437 0.0190056674
v -0.084433794 0.0428048745 0.0190056674
v -0.0836035833 0.0412389338 0.0190056674
v -0.0847817138 0.0425955392 0.0190056674
v -0.0837870613 0.0411285385 0.0190056674
v -0.0837870613 0.0378548726 0.0190056674
v -0.0839575306 0.0379844569 0.0190056674
v -0.0836804956 0.0358783901 0.0190056674
v -0.0832063258 0.0375861935 0.0190056674
v -0.0832839459 0.0357911028 0.0190056674
v -0.0812892467 0.0360080414 0.0190056674
v -0.0819452778 0.0376545638 0.0190056674
v -0.0809207335 0.036178533 0.0190056674
v -0.0817509443 0.0377444774 0.0190056674
v -0.0805728137 0.036387872 0.0190056674
v -0.0815674663 0.0378548726 0.0190056674
v -0.0796919167 0.0417611077 0.0190056674
v -0.0811029151 0.0406884924 0.0190056674
v -0.0809827521 0.0405112617 0.0190056674
v -0.0799547806 0.0420705788 0.0190056674
v -0.0812415406 0.0408516936 0.0190056674
v -0.0802495629 0.0423498116 0.0190056674
v -0.0851049647 0.0423498116 0.0190056674
v -0.0839575306 0.0409989506 0.0190056674
v -0.0856626108 0.0372222997 0.0190056674
v -0.0842516124 0.0382949151 0.0190056674
v -0.0843717828 0.0384721495 0.0190056674
v -0.0853997469 0.0369128324 0.0190056674
v -0.0841129869 0.0381317139 0.0190056674
v -0.0851049647 0.0366335958 0.0190056674
v -0.0802495629 0.0366335958 0.0190056674
v -0.081396997 0.0379844569 0.0190056674
v -0.0791235641 0.0406890847 0.0190056674
v -0.0808031932 0.0401231535 0.0190056674
v -0.0807459056 0.0399168283 0.0190056674
v -0.0792738572 0.0410662889 0.0190056674
v -0.080882445 0.0403220728 0.0190056674
v -0.0794640481 0.0414250307 0.0190056674
v -0.0853997469 0.0420705788 0.0190056674
v -0.0841129869 0.0408516936 0.0190056674
v -0.0862309635 0.0382943228 0.0190056674
v -0.0845513344 0.038860254 0.0190056674
v -0.0846086219 0.0390665792 0.0190056674
v -0.0860806704 0.0379171185 0.0190056674
v -0.0844720826 0.0386613347 0.0190056674
v -0.0858904794 0.0375583768 0.0190056674
v -0.0799547806 0.0369128324 0.0190056674
v -0.0812415406 0.0381317139 0.0190056674
v -0.0862309635 0.0406890847 0.0190056674
v -0.0845513344 0.0401231535 0.0190056674
v -0.0844720826 0.0403220728 0.0190056674
v -0.0863395929 0.0402978435 0.0190056674
v -0.0846086219 0.0399168283 0.0190056674
v -0.0864052847 0.0398971513 0.0190056674
v -0.0846432671 0.0397055186 0.0190056674
v -0.0864272639 0.0394917056 0.0190056674
v -0.0846548602 0.0394917056 0.0190056674
v -0.0864052847 0.0390862562 0.0190056674
v -0.0846432671 0.0392778888 0.0190056674
v -0.0863395929 0.038685564 0.0190056674
v -0.0856626108 0.0417611077 0.0190056674
v -0.0842516124 0.0406884924 0.0190056674
v -0.0858904794 0.0414250307 0.0190056674
v -0.0843717828 0.0405112617 0.0190056674
v -0.0860806704 0.0410662889 0.0190056674
v -0.0796919167 0.0372222997 0.0190056674
v -0.0811029151 0.0382949151 0.0190056674
v -0.0794640481 0.0375583768 0.0190056674
v -0.0809827521 0.0384721495 0.0190056674
v -0.0789492503 0.0398971513 0.0190056674
v -0.0807112604 0.0397055186 0.0190056674
v -0.0806996673 0.0394917056 0.0190056674
v -0.0790149346 0.0402978435 0.0190056674
v -0.0791235641 0.0382943228 0.0190056674
v -0.0808031932 0.038860254 0.0190056674
v -0.080882445 0.0386613347 0.0190056674
v -0.0790149346 0.038685564 0.0190056674
v -0.0807459056 0.0390665792 0.0190056674
v -0.0792738572 0.0379171185 0.0190056674
v -0.0789492503 0.0390862562 0.0190056674
v -0.0807112604 0.0392778888 0.0190056674
v -0.0789272636 0.0394917056 0.0190056674
v -0.0789492503 0.0390862562 0.0212056674
v -0.0789272636 0.0394917056 0.0212056674
v -0.0789272636 0.0394917056 0.0190056674
v -0.0790149346 0.038685564 0.0190056674
v -0.0790149346 0.038685564 0.0212056674
v -0.0789657012 0.0389859043 0.0212056674
v -0.0789492503 0.0390862562 0.0190056674
v -0.0791235641 0.0382943228 0.0212056674
v -0.0792738572 0.0379171185 0.0212056674
v -0.0791235641 0.0382943228 0.0190056674
v -0.0794640481 0.0375583768 0.0212056674
v -0.0792738572 0.0379171185 0.0190056674
v -0.0796919167 0.0372222997 0.0212056674
v -0.0794640481 0.0375583768 0.0190056674
v -0.0799547806 0.0369128324 0.0212056674
v -0.0796919167 0.0372222997 0.0190056674
v -0.0802495629 0.0366335958 0.0212056674
v -0.0799547806 0.0369128324 0.0190056674
v -0.0805728137 0.036387872 0.0212056674
v -0.0802495629 0.0366335958 0.0190056674
v -0.0809207335 0.036178533 0.0212056674
v -0.0805728137 0.036387872 0.0190056674
v -0.0812892467 0.0360080414 0.0212056674
v -0.0809207335 0.036178533 0.0190056674
v -0.0816740319 0.0358783901 0.0212056674
v -0.0812892467 0.0360080414 0.0190056674
v -0.0820705816 0.0357911028 0.0212056674
v -0.0816740319 0.0358783901 0.0190056674
v -0.0824742466 0.035747204 0.0212056674
v -0.0820705816 0.0357911028 0.0190056674
v -0.0828802884 0.035747204 0.0212056674
v -0.0824742466 0.035747204 0.0190056674
v -0.0832839459 0.0357911028 0.0212056674
v -0.0828802884 0.035747204 0.0190056674
v -0.0836804956 0.0358783901 0.0212056674
v -0.0832839459 0.0357911028 0.0190056674
v -0.0840652809 0.0360080414 0.0212056674
v -0.0836804956 0.0358783901 0.0190056674
v -0.084433794 0.036178533 0.0212056674
v -0.0840652809 0.0360080414 0.0190056674
v -0.0847817138 0.036387872 0.0212056674
v -0.084433794 0.036178533 0.0190056674
v -0.0851049647 0.0366335958 0.0212056674
v -0.0847817138 0.036387872 0.0190056674
v -0.0853997469 0.0369128324 0.0212056674
v -0.0851049647 0.0366335958 0.0190056674
v -0.0856626108 0.0372222997 0.0212056674
v -0.0853997469 0.0369128324 0.0190056674
v -0.0858904794 0.0375583768 0.0212056674
v -0.0856626108 0.0372222997 0.0190056674
v -0.0860806704 0.0379171185 0.0212056674
v -0.0858904794 0.0375583768 0.0190056674
v -0.0862309635 0.0382943228 0.0212056674
v -0.0860806704 0.0379171185 0.0190056674
v -0.0863395929 0.038685564 0.0212056674
v -0.0862309635 0.0382943228 0.0190056674
v -0.0863395929 0.038685564 0.0190056674
v -0.0864052847 0.0390862562 0.0190056674
v -0.0863888264 0.0389859043 0.0212056674
v -0.0864052847 0.0390862562 0.0212056674
v -0.0864272639 0.0394917056 0.0212056674
v -0.0864052847 0.0398971513 0.0212056674
v -0.0864272639 0.0394917056 0.0190056674
v -0.0863395929 0.0402978435 0.0212056674
v -0.0864052847 0.0398971513 0.0190056674
v -0.0862309635 0.0406890847 0.0212056674
v -0.0863395929 0.0402978435 0.0190056674
v -0.0860806704 0.0410662889 0.0212056674
v -0.0862309635 0.0406890847 0.0190056674
v -0.0858904794 0.0414250307 0.0212056674
v -0.0860806704 0.0410662889 0.0190056674
v -0.0856626108 0.0417611077 0.0212056674
v -0.0858904794 0.0414250307 0.0190056674
v -0.0853997469 0.0420705788 0.0212056674
v -0.0856626108 0.0417611077 0.0190056674
v -0.0851049647 0.0423498116 0.0212056674
v -0.0853997469 0.0420705788 0.0190056674
v -0.0847817138 0.0425955392 0.0212056674
v -0.0851049647 0.0423498116 0.0190056674
v -0.084433794 0.0428048745 0.0212056674
v -0.0847817138 0.0425955392 0.0190056674
v -0.0840652809 0.0429753661 0.0212056674
v -0.084433794 0.0428048745 0.0190056674
v -0.0836804956 0.0431050174 0.0212056674
v -0.0840652809 0.0429753661 0.0190056674
v -0.0832839459 0.0431923047 0.0212056674
v -0.0836804956 0.0431050174 0.0190056674
v -0.0828802884 0.0432362035 0.0212056674
v -0.0832839459 0.0431923047 0.0190056674
v -0.0824742466 0.0432362035 0.0212056674
v -0.0828802884 0.0432362035 0.0190056674
v -0.0820705816 0.0431923047 0.0212056674
v -0.0824742466 0.0432362035 0.0190056674
v -0.0816740319 0.0431050174 0.0212056674
v -0.0820705816 0.0431923047 0.0190056674
v -0.0812892467 0.0429753661 0.0212056674
v -0.0816740319 0.0431050174 0.0190056674
v -0.0809207335 0.0428048745 0.0212056674
v -0.0812892467 0.0429753661 0.0190056674
v -0.0805728137 0.0425955392 0.0212056674
v -0.0809207335 0.0428048745 0.0190056674
v -0.0802495629 0.0423498116 0.0212056674
v -0.0805728137 0.0425955392 0.0190056674
v -0.0799547806 0.0420705788 0.0212056674
v -0.0802495629 0.0423498116 0.0190056674
v -0.0796919167 0.0417611077 0.0212056674
v -0.0799547806 0.0420705788 0.0190056674
v -0.0794640481 0.0414250307 0.0212056674
v -0.0796919167 0.0417611077 0.0190056674
v -0.0792738572 0.0410662889 0.0212056674
v -0.0794640481 0.0414250307 0.0190056674
v -0.0791235641 0.0406890847 0.0212056674
v -0.0792738572 0.0410662889 0.0190056674
v -0.0790149346 0.0402978435 0.0212056674
v -0.0791235641 0.0406890847 0.0190056674
v -0.0789492503 0.0398971513 0.0212056674
v -0.0790149346 0.0402978435 0.0190056674
v -0.0789492503 0.0398971513 0.0190056674
v -0.0709138289 0.0587870292 0.0190056674
v -0.0702577904 0.0604335554 0.0190056674
v -0.0704521313 0.0605234653 0.0190056674
v -0.0705290362 0.0586573817 0.0190056674
v -0.0700548738 0.0603651814 0.0190056674
v -0.069728829 0.0585261919 0.0190056674
v -0.0696328729 0.0602959991 0.0190056674
v -0.0698457509 0.0603191517 0.0190056674
v -0.0693227872 0.0585261919 0.0190056674
v -0.0694187433 0.0602959991 0.0190056674
v -0.070132494 0.0585700944 0.0190056674
v -0.0689191297 0.0585700944 0.0190056674
v -0.0692058727 0.0603191517 0.0190056674
v -0.0681377873 0.0587870292 0.0190056674
v -0.0687938258 0.0604335554 0.0190056674
v -0.0689967498 0.0603651814 0.0190056674
v -0.0677692741 0.0589575246 0.0190056674
v -0.0685994849 0.0605234653 0.0190056674
v -0.0693227872 0.0660151914 0.0190056674
v -0.0694187433 0.0642453879 0.0190056674
v -0.0692058727 0.064222239 0.0190056674
v -0.069728829 0.0660151914 0.0190056674
v -0.0696328729 0.0642453879 0.0190056674
v -0.06852258 0.0586573817 0.0190056674
v -0.06852258 0.065884009 0.0190056674
v -0.0689967498 0.0641762018 0.0190056674
v -0.0687938258 0.0641078353 0.0190056674
v -0.0689191297 0.0659712926 0.0190056674
v -0.070132494 0.0659712926 0.0190056674
v -0.0698457509 0.064222239 0.0190056674
v -0.0716302618 0.0591668598 0.0190056674
v -0.0706356093 0.0606338605 0.0190056674
v -0.0708060786 0.0607634448 0.0190056674
v -0.0712823421 0.0589575246 0.0190056674
v -0.0674213544 0.0653745309 0.0190056674
v -0.0684160069 0.0639075264 0.0190056674
v -0.068245545 0.0637779385 0.0190056674
v -0.0677692741 0.0655838624 0.0190056674
v -0.0685994849 0.0640179217 0.0190056674
v -0.0705290362 0.065884009 0.0190056674
v -0.0700548738 0.0641762018 0.0190056674
v -0.0709138289 0.065754354 0.0190056674
v -0.0702577904 0.0641078353 0.0190056674
v -0.0668033287 0.0596918203 0.0190056674
v -0.0680900812 0.0609107018 0.0190056674
v -0.068245545 0.0607634448 0.0190056674
v -0.0665404573 0.0600012913 0.0190056674
v -0.0679514632 0.061073903 0.0190056674
v -0.0661223978 0.0638452768 0.0190056674
v -0.067730993 0.0631010607 0.0190056674
v -0.0676517338 0.0629021451 0.0190056674
v -0.0663125962 0.0642040223 0.0190056674
v -0.0678312927 0.0632902533 0.0190056674
v -0.0681377873 0.065754354 0.0190056674
v -0.0716302618 0.0653745309 0.0190056674
v -0.0706356093 0.0639075264 0.0190056674
v -0.0704521313 0.0640179217 0.0190056674
v -0.0719535053 0.0651288033 0.0190056674
v -0.0708060786 0.0637779385 0.0190056674
v -0.0729292184 0.0606961101 0.0190056674
v -0.0713206232 0.0614403225 0.0190056674
v -0.0713998824 0.0616392456 0.0190056674
v -0.07273902 0.0603373684 0.0190056674
v -0.0712203234 0.0612511374 0.0190056674
v -0.0674213544 0.0591668598 0.0190056674
v -0.0684160069 0.0606338605 0.0190056674
v -0.0670981109 0.0594125874 0.0190056674
v -0.0661223978 0.0606961101 0.0190056674
v -0.067730993 0.0614403225 0.0190056674
v -0.0678312927 0.0612511374 0.0190056674
v -0.0659721121 0.0610733144 0.0190056674
v -0.0676517338 0.0616392456 0.0190056674
v -0.0665404573 0.0645400956 0.0190056674
v -0.0679514632 0.0634674802 0.0190056674
v -0.0668033287 0.0648495629 0.0190056674
v -0.0680900812 0.0636306852 0.0190056674
v -0.0670981109 0.0651288033 0.0190056674
v -0.0712823421 0.0655838624 0.0190056674
v -0.0729292184 0.0638452768 0.0190056674
v -0.0713206232 0.0631010607 0.0190056674
v -0.0712203234 0.0632902533 0.0190056674
v -0.0730795115 0.0634680763 0.0190056674
v -0.0713998824 0.0629021451 0.0190056674
v -0.0731881335 0.0630768314 0.0190056674
v -0.07145717 0.0626958162 0.0190056674
v -0.0732538253 0.0626761392 0.0190056674
v -0.0714918077 0.0624845102 0.0190056674
v -0.0731881335 0.0614645556 0.0190056674
v -0.07145717 0.0618455708 0.0190056674
v -0.0714918077 0.0620568767 0.0190056674
v -0.0730795115 0.0610733144 0.0190056674
v -0.0725111589 0.0600012913 0.0190056674
v -0.0711001605 0.061073903 0.0190056674
v -0.0722482949 0.0596918203 0.0190056674
v -0.070961535 0.0609107018 0.0190056674
v -0.0719535053 0.0594125874 0.0190056674
v -0.0663125962 0.0603373684 0.0190056674
v -0.0722482949 0.0648495629 0.0190056674
v -0.070961535 0.0636306852 0.0190056674
v -0.0725111589 0.0645400956 0.0190056674
v -0.0711001605 0.0634674802 0.0190056674
v -0.07273902 0.0642040223 0.0190056674
v -0.073275812 0.0622706935 0.0190056674
v -0.0715034008 0.0622706935 0.0190056674
v -0.0732538253 0.0618652478 0.0190056674
v -0.0658634827 0.0630768314 0.0190056674
v -0.0675944462 0.0626958162 0.0190056674
v -0.0675598085 0.0624845102 0.0190056674
v -0.0659721121 0.0634680763 0.0190056674
v -0.0658634827 0.0614645556 0.0190056674
v -0.0675944462 0.0618455708 0.0190056674
v -0.0657977909 0.0618652478 0.0190056674
v -0.0675598085 0.0620568767 0.0190056674
v -0.0657977909 0.0626761392 0.0190056674
v -0.0675482154 0.0622706935 0.0190056674
v -0.0657758117 0.0622706935 0.0190056674
v -0.0657977909 0.0618652478 0.0212056674
v -0.0657758117 0.0622706935 0.0212056674
v -0.0657758117 0.0622706935 0.0190056674
v -0.0658634827 0.0614645556 0.0212056674
v -0.0657977909 0.0618652478 0.0190056674
v -0.0659721121 0.0610733144 0.0212056674
v -0.0658634827 0.0614645556 0.0190056674
v -0.0661223978 0.0606961101 0.0212056674
v -0.0659721121 0.0610733144 0.0190056674
v -0.0663125962 0.0603373684 0.0212056674
v -0.0661223978 0.0606961101 0.0190056674
v -0.0665404573 0.0600012913 0.0212056674
v -0.0663125962 0.0603373684 0.0190056674
v -0.0668033287 0.0596918203 0.0212056674
v -0.0665404573 0.0600012913 0.0190056674
v -0.0670981109 0.0594125874 0.0212056674
v -0.0668033287 0.0596918203 0.0190056674
v -0.0674213544 0.0591668598 0.0212056674
v -0.0670981109 0.0594125874 0.0190056674
v -0.0674213544 0.0591668598 0.0190056674
v -0.0677692741 0.0589575246 0.0190056674
v -0.0676903576 0.0590050071 0.0212056674
v -0.0677692741 0.0589575246 0.0212056674
v -0.0681377873 0.0587870292 0.0212056674
v -0.06852258 0.0586573817 0.0212056674
v -0.0681377873 0.0587870292 0.0190056674
v -0.0689191297 0.0585700944 0.0212056674
v -0.06852258 0.0586573817 0.0190056674
v -0.0693227872 0.0585261919 0.0212056674
v -0.0689191297 0.0585700944 0.0190056674
v -0.069728829 0.0585261919 0.0212056674
v -0.0693227872 0.0585261919 0.0190056674
v -0.070132494 0.0585700944 0.0212056674
v -0.069728829 0.0585261919 0.0190056674
v -0.0705290362 0.0586573817 0.0212056674
v -0.070132494 0.0585700944 0.0190056674
v -0.0709138289 0.0587870292 0.0212056674
v -0.0705290362 0.0586573817 0.0190056674
v -0.0712823421 0.0589575246 0.0190056674
v -0.0712823421 0.0589575246 0.0212056674
v -0.0710093975 0.0588312484 0.0212056674
v -0.0709138289 0.0587870292 0.0190056674
v -0.0716302618 0.0591668598 0.0212056674
v -0.0719535053 0.0594125874 0.0212056674
v -0.0716302618 0.0591668598 0.0190056674
v -0.0722482949 0.0596918203 0.0212056674
v -0.0719535053 0.0594125874 0.0190056674
v -0.0725111589 0.0600012913 0.0212056674
v -0.0722482949 0.0596918203 0.0190056674
v -0.07273902 0.0603373684 0.0212056674
v -0.0725111589 0.0600012913 0.0190056674
v -0.0729292184 0.0606961101 0.0212056674
v -0.07273902 0.0603373684 0.0190056674
v -0.0730795115 0.0610733144 0.0212056674
v -0.0729292184 0.0606961101 0.0190056674
v -0.0731881335 0.0614645556 0.0212056674
v -0.0730795115 0.0610733144 0.0190056674
v -0.0732538253 0.0618652478 0.0212056674
v -0.0731881335 0.0614645556 0.0190056674
v -0.073275812 0.0622706935 0.0212056674
v -0.0732538253 0.0618652478 0.0190056674
v -0.0732538253 0.0626761392 0.0212056674
v -0.073275812 0.0622706935 0.0190056674
v -0.0731881335 0.0630768314 0.0212056674
v -0.0732538253 0.0626761392 0.0190056674
v -0.0730795115 0.0634680763 0.0212056674
v -0.0731881335 0.0630768314 0.0190056674
v -0.0729292184 0.0638452768 0.0212056674
v -0.0730795115 0.0634680763 0.0190056674
v -0.07273902 0.0642040223 0.0212056674
v -0.0729292184 0.0638452768 0.0190056674
v -0.0725111589 0.0645400956 0.0212056674
v -0.07273902 0.0642040223 0.0190056674
v -0.0722482949 0.0648495629 0.0212056674
v -0.0725111589 0.0645400956 0.0190056674
v -0.0719535053 0.0651288033 0.0212056674
v -0.0722482949 0.0648495629 0.0190056674
v -0.0716302618 0.0653745309 0.0212056674
v -0.0719535053 0.0651288033 0.0190056674
v -0.0712823421 0.0655838624 0.0212056674
v -0.0716302618 0.0653745309 0.0190056674
v -0.0712823421 0.0655838624 0.0190056674
v -0.0709138289 0.065754354 0.0190056674
v -0.0710093975 0.0657101423 0.0212056674
v -0.0709138289 0.065754354 0.0212056674
v -0.0705290362 0.065884009 0.0212056674
v -0.070132494 0.0659712926 0.0212056674
v -0.0705290362 0.065884009 0.0190056674
v -0.069728829 0.0660151914 0.0212056674
v -0.070132494 0.0659712926 0.0190056674
v -0.0693227872 0.0660151914 0.0212056674
v -0.069728829 0.0660151914 0.0190056674
v -0.0689191297 0.0659712926 0.0212056674
v -0.0693227872 0.0660151914 0.0190056674
v -0.06852258 0.065884009 0.0212056674
v -0.0689191297 0.0659712926 0.0190056674
v -0.0681377873 0.065754354 0.0212056674
v -0.06852258 0.065884009 0.0190056674
v -0.0677692741 0.0655838624 0.0212056674
v -0.0681377873 0.065754354 0.0190056674
v -0.0674213544 0.0653745309 0.0190056674
v -0.0674213544 0.0653745309 0.0212056674
v -0.0676903576 0.0655363798 0.0212056674
v -0.0677692741 0.0655838624 0.0190056674
v -0.0670981109 0.0651288033 0.0212056674
v -0.0668033287 0.0648495629 0.0212056674
v -0.0670981109 0.0651288033 0.0190056674
v -0.0665404573 0.0645400956 0.0212056674
v -0.0668033287 0.0648495629 0.0190056674
v -0.0663125962 0.0642040223 0.0212056674
v -0.0665404573 0.0645400956 0.0190056674
v -0.0661223978 0.0638452768 0.0212056674
v -0.0663125962 0.0642040223 0.0190056674
v -0.0659721121 0.0634680763 0.0212056674
v -0.0661223978 0.0638452768 0.0190056674
v -0.0658634827 0.0630768314 0.0212056674
v -0.0659721121 0.0634680763 0.0190056674
v -0.0657977909 0.0626761392 0.0212056674
v -0.0658634827 0.0630768314 0.0190056674
v -0.0657977909 0.0626761392 0.0190056674
v -0.0824742466 0.0887941867 0.0190056674
v -0.0825702026 0.0870243758 0.0190056674
v -0.0823573247 0.0870012268 0.0190056674
v -0.0828802884 0.0887941867 0.0190056674
v -0.0827843323 0.0870243758 0.0190056674
v -0.0832839459 0.0887502804 0.0190056674
v -0.0829972029 0.0870012268 0.0190056674
v -0.0816740319 0.0886629969 0.0190056674
v -0.0820705816 0.0887502804 0.0190056674
v -0.0812892467 0.0885333493 0.0190056674
v -0.0819452778 0.0868868232 0.0190056674
v -0.0817509443 0.0867969096 0.0190056674
v -0.0821482018 0.0869551972 0.0190056674
v -0.0836804956 0.0886629969 0.0190056674
v -0.0832063258 0.0869551972 0.0190056674
v -0.0864052847 0.0854551271 0.0190056674
v -0.0846432671 0.0852634981 0.0190056674
v -0.0846086219 0.085474804 0.0190056674
v -0.0864272639 0.0850496814 0.0190056674
v -0.0846548602 0.0850496814 0.0190056674
v -0.0864052847 0.0846442357 0.0190056674
v -0.0846432671 0.0848358646 0.0190056674
v -0.0863395929 0.0842435434 0.0190056674
v -0.0846086219 0.0846245587 0.0190056674
v -0.0828802884 0.0813051835 0.0190056674
v -0.0827843323 0.0830749869 0.0190056674
v -0.0829972029 0.0830981433 0.0190056674
v -0.0824742466 0.0813051835 0.0190056674
v -0.0825702026 0.0830749869 0.0190056674
v -0.0820705816 0.0813490823 0.0190056674
v -0.0823573247 0.0830981433 0.0190056674
v -0.0816740319 0.0814363733 0.0190056674
v -0.0821482018 0.083144173 0.0190056674
v -0.0802495629 0.0879077911 0.0190056674
v -0.081396997 0.0865569338 0.0190056674
v -0.0812415406 0.0864096731 0.0190056674
v -0.0805728137 0.0881535187 0.0190056674
v -0.0815674663 0.0866865143 0.0190056674
v -0.0840652809 0.0885333493 0.0190056674
v -0.0834092498 0.0868868232 0.0190056674
v -0.084433794 0.0883628502 0.0190056674
v -0.0836035833 0.0867969096 0.0190056674
v -0.0862309635 0.0862470642 0.0190056674
v -0.0845513344 0.085681133 0.0190056674
v -0.0844720826 0.085880056 0.0190056674
v -0.0863395929 0.0858558193 0.0190056674
v -0.0789272636 0.0850496814 0.0190056674
v -0.0789492503 0.0854551271 0.0190056674
v -0.0807112604 0.0852634981 0.0190056674
v -0.0790149346 0.0858558193 0.0190056674
v -0.0807459056 0.085474804 0.0190056674
v -0.0791235641 0.0862470642 0.0190056674
v -0.0808031932 0.085681133 0.0190056674
v -0.0792738572 0.0866242647 0.0190056674
v -0.080882445 0.085880056 0.0190056674
v -0.0794640481 0.0869830102 0.0190056674
v -0.0796919167 0.0873190835 0.0190056674
v -0.0811029151 0.0862464756 0.0190056674
v -0.0799547806 0.0876285583 0.0190056674
v -0.0809207335 0.0883628502 0.0190056674
v -0.0851049647 0.0879077911 0.0190056674
v -0.0839575306 0.0865569338 0.0190056674
v -0.0837870613 0.0866865143 0.0190056674
v -0.0853997469 0.0876285583 0.0190056674
v -0.0841129869 0.0864096731 0.0190056674
v -0.0856626108 0.0873190835 0.0190056674
v -0.0842516124 0.0862464756 0.0190056674
v -0.0858904794 0.0869830102 0.0190056674
v -0.0843717828 0.0860692412 0.0190056674
v -0.0862309635 0.083852306 0.0190056674
v -0.0845513344 0.0844182372 0.0190056674
v -0.0860806704 0.083475098 0.0190056674
v -0.0844720826 0.0842193142 0.0190056674
v -0.0840652809 0.0815660208 0.0190056674
v -0.0834092498 0.083212547 0.0190056674
v -0.0836035833 0.0833024532 0.0190056674
v -0.0836804956 0.0814363733 0.0190056674
v -0.0832063258 0.083144173 0.0190056674
v -0.0832839459 0.0813490823 0.0190056674
v -0.0809827521 0.0860692412 0.0190056674
v -0.0847817138 0.0881535187 0.0190056674
v -0.0860806704 0.0866242647 0.0190056674
v -0.0856626108 0.0827802792 0.0190056674
v -0.0842516124 0.0838528946 0.0190056674
v -0.0843717828 0.084030129 0.0190056674
v -0.0853997469 0.0824708119 0.0190056674
v -0.0841129869 0.0836896896 0.0190056674
v -0.0851049647 0.082191579 0.0190056674
v -0.0839575306 0.0835424364 0.0190056674
v -0.0847817138 0.0819458514 0.0190056674
v -0.0837870613 0.0834128484 0.0190056674
v -0.0812892467 0.0815660208 0.0190056674
v -0.0819452778 0.083212547 0.0190056674
v -0.0809207335 0.0817365125 0.0190056674
v -0.0817509443 0.0833024532 0.0190056674
v -0.0858904794 0.08311636 0.0190056674
v -0.084433794 0.0817365125 0.0190056674
v -0.0805728137 0.0819458514 0.0190056674
v -0.0802495629 0.082191579 0.0190056674
v -0.081396997 0.0835424364 0.0190056674
v -0.0799547806 0.0824708119 0.0190056674
v -0.0812415406 0.0836896896 0.0190056674
v -0.0815674663 0.0834128484 0.0190056674
v -0.0796919167 0.0827802792 0.0190056674
v -0.0811029151 0.0838528946 0.0190056674
v -0.0794640481 0.08311636 0.0190056674
v -0.0809827521 0.084030129 0.0190056674
v -0.0792738572 0.083475098 0.0190056674
v -0.0791235641 0.083852306 0.0190056674
v -0.0808031932 0.0844182372 0.0190056674
v -0.0790149346 0.0842435434 0.0190056674
v -0.0807459056 0.0846245587 0.0190056674
v -0.0789492503 0.0846442357 0.0190056674
v -0.0807112604 0.0848358646 0.0190056674
v -0.0806996673 0.0850496814 0.0190056674
v -0.080882445 0.0842193142 0.0190056674
v -0.0789492503 0.0846442357 0.0212056674
v -0.0789272636 0.0850496814 0.0212056674
v -0.0789272636 0.0850496814 0.0190056674
v -0.0790149346 0.0842435434 0.0212056674
v -0.0789492503 0.0846442357 0.0190056674
v -0.0791235641 0.083852306 0.0212056674
v -0.0790149346 0.0842435434 0.0190056674
v -0.0792738572 0.083475098 0.0212056674
v -0.0791235641 0.083852306 0.0190056674
v -0.0794640481 0.08311636 0.0212056674
v -0.0792738572 0.083475098 0.0190056674
v -0.0796919167 0.0827802792 0.0212056674
v -0.0794640481 0.08311636 0.0190056674
v -0.0799547806 0.0824708119 0.0212056674
v -0.0796919167 0.0827802792 0.0190056674
v -0.0802495629 0.082191579 0.0212056674
v -0.0799547806 0.0824708119 0.0190056674
v -0.0805728137 0.0819458514 0.0212056674
v -0.0802495629 0.082191579 0.0190056674
v -0.0809207335 0.0817365125 0.0212056674
v -0.0805728137 0.0819458514 0.0190056674
v -0.0812892467 0.0815660208 0.0212056674
v -0.0809207335 0.0817365125 0.0190056674
v -0.0816740319 0.0814363733 0.0212056674
v -0.0812892467 0.0815660208 0.0190056674
v -0.0820705816 0.0813490823 0.0212056674
v -0.0816740319 0.0814363733 0.0190056674
v -0.0824742466 0.0813051835 0.0212056674
v -0.0820705816 0.0813490823 0.0190056674
v -0.0828802884 0.0813051835 0.0212056674
v -0.0824742466 0.0813051835 0.0190056674
v -0.0832839459 0.0813490823 0.0212056674
v -0.0828802884 0.0813051835 0.0190056674
v -0.0836804956 0.0814363733 0.0212056674
v -0.0832839459 0.0813490823 0.0190056674
v -0.0840652809 0.0815660208 0.0212056674
v -0.0836804956 0.0814363733 0.0190056674
v -0.084433794 0.0817365125 0.0212056674
v -0.0840652809 0.0815660208 0.0190056674
v -0.0847817138 0.0819458514 0.0212056674
v -0.084433794 0.0817365125 0.0190056674
v -0.0851049647 0.082191579 0.0212056674
v -0.0847817138 0.0819458514 0.0190056674
v -0.0853997469 0.0824708119 0.0212056674
v -0.0851049647 0.082191579 0.0190056674
v -0.0856626108 0.0827802792 0.0212056674
v -0.0853997469 0.0824708119 0.0190056674
v -0.0858904794 0.08311636 0.0212056674
v -0.0856626108 0.0827802792 0.0190056674
v -0.0860806704 0.083475098 0.0212056674
v -0.0858904794 0.08311636 0.0190056674
v -0.0862309635 0.083852306 0.0212056674
v -0.0860806704 0.083475098 0.0190056674
v -0.0863395929 0.0842435434 0.0212056674
v -0.0862309635 0.083852306 0.0190056674
v -0.0864052847 0.0846442357 0.0212056674
v -0.0863395929 0.0842435434 0.0190056674
v -0.0864272639 0.0850496814 0.0212056674
v -0.0864052847 0.0846442357 0.0190056674
v -0.0864052847 0.0854551271 0.0212056674
v -0.0864272639 0.0850496814 0.0190056674
v -0.0863395929 0.0858558193 0.0190056674
v -0.0863395929 0.0858558193 0.0212056674
v -0.0863888264 0.0855554864 0.0212056674
v -0.0864052847 0.0854551271 0.0190056674
v -0.0862309635 0.0862470642 0.0212056674
v -0.0860806704 0.0866242647 0.0212056674
v -0.0862309635 0.0862470642 0.0190056674
v -0.0858904794 0.0869830102 0.0212056674
v -0.0860806704 0.0866242647 0.0190056674
v -0.0856626108 0.0873190835 0.0212056674
v -0.0858904794 0.0869830102 0.0190056674
v -0.0853997469 0.0876285583 0.0212056674
v -0.0856626108 0.0873190835 0.0190056674
v -0.0851049647 0.0879077911 0.0212056674
v -0.0853997469 0.0876285583 0.0190056674
v -0.0847817138 0.0881535187 0.0212056674
v -0.0851049647 0.0879077911 0.0190056674
v -0.084433794 0.0883628502 0.0212056674
v -0.0847817138 0.0881535187 0.0190056674
v -0.0840652809 0.0885333493 0.0212056674
v -0.084433794 0.0883628502 0.0190056674
v -0.0836804956 0.0886629969 0.0212056674
v -0.0840652809 0.0885333493 0.0190056674
v -0.0832839459 0.0887502804 0.0212056674
v -0.0836804956 0.0886629969 0.0190056674
v -0.0828802884 0.0887941867 0.0212056674
v -0.0832839459 0.0887502804 0.0190056674
v -0.0824742466 0.0887941867 0.0212056674
v -0.0828802884 0.0887941867 0.0190056674
v -0.0820705816 0.0887502804 0.0212056674
v -0.0824742466 0.0887941867 0.0190056674
v -0.0816740319 0.0886629969 0.0212056674
v -0.0820705816 0.0887502804 0.0190056674
v -0.0812892467 0.0885333493 0.0212056674
v -0.0816740319 0.0886629969 0.0190056674
v -0.0809207335 0.0883628502 0.0212056674
v -0.0812892467 0.0885333493 0.0190056674
v -0.0805728137 0.0881535187 0.0212056674
v -0.0809207335 0.0883628502 0.0190056674
v -0.0802495629 0.0879077911 0.0212056674
v -0.0805728137 0.0881535187 0.0190056674
v -0.0799547806 0.0876285583 0.0212056674
v -0.0802495629 0.0879077911 0.0190056674
v -0.0796919167 0.0873190835 0.0212056674
v -0.0799547806 0.0876285583 0.0190056674
v -0.0794640481 0.0869830102 0.0212056674
v -0.0796919167 0.0873190835 0.0190056674
v -0.0792738572 0.0866242647 0.0212056674
v -0.0794640481 0.0869830102 0.0190056674
v -0.0791235641 0.0862470642 0.0212056674
v -0.0792738572 0.0866242647 0.0190056674
v -0.0790149346 0.0858558193 0.0212056674
v -0.0791235641 0.0862470642 0.0190056674
v -0.0790149346 0.0858558193 0.0190056674
v -0.0789492503 0.0854551271 0.0190056674
v -0.0789657012 0.0855554864 0.0212056674
v -0.0789492503 0.0854551271 0.0212056674
v -0.108777158 0.0887941867 0.0190056674
v -0.108873114 0.0870243758 0.0190056674
v -0.108660236 0.0870012268 0.0190056674
v -0.1091832 0.0887941867 0.0190056674
v -0.109087244 0.0870243758 0.0190056674
v -0.109586857 0.0887502804 0.0190056674
v -0.109300114 0.0870012268 0.0190056674
v -0.107976943 0.0886629969 0.0190056674
v -0.108373493 0.0887502804 0.0190056674
v -0.107592158 0.0885333493 0.0190056674
v -0.108248197 0.0868868232 0.0190056674
v -0.108053856 0.0867969096 0.0190056674
v -0.108451113 0.0869551972 0.0190056674
v -0.109983407 0.0886629969 0.0190056674
v -0.109509237 0.0869551972 0.0190056674
v -0.112642504 0.0858558193 0.0190056674
v -0.112708196 0.0854551271 0.0190056674
v -0.110946178 0.0852634981 0.0190056674
v -0.112730175 0.0850496814 0.0190056674
v -0.110957772 0.0850496814 0.0190056674
v -0.112708196 0.0846442357 0.0190056674
v -0.110946178 0.0848358646 0.0190056674
v -0.112642504 0.0842435434 0.0190056674
v -0.110911533 0.0846245587 0.0190056674
v -0.1091832 0.0813051835 0.0190056674
v -0.109087244 0.0830749869 0.0190056674
v -0.109300114 0.0830981433 0.0190056674
v -0.108777158 0.0813051835 0.0190056674
v -0.108873114 0.0830749869 0.0190056674
v -0.108373493 0.0813490823 0.0190056674
v -0.108660236 0.0830981433 0.0190056674
v -0.107976943 0.0814363733 0.0190056674
v -0.108451113 0.083144173 0.0190056674
v -0.106552474 0.0879077911 0.0190056674
v -0.107699908 0.0865569338 0.0190056674
v -0.107544452 0.0864096731 0.0190056674
v -0.106875725 0.0881535187 0.0190056674
v -0.107870378 0.0866865143 0.0190056674
v -0.110368192 0.0885333493 0.0190056674
v -0.109712161 0.0868868232 0.0190056674
v -0.110736705 0.0883628502 0.0190056674
v -0.109906495 0.0867969096 0.0190056674
v -0.112533875 0.0862470642 0.0190056674
v -0.110854246 0.085681133 0.0190056674
v -0.110774994 0.085880056 0.0190056674
v -0.110911533 0.085474804 0.0190056674
v -0.105252162 0.0854551271 0.0190056674
v -0.107014172 0.0852634981 0.0190056674
v -0.107002579 0.0850496814 0.0190056674
v -0.105317846 0.0858558193 0.0190056674
v -0.107048817 0.085474804 0.0190056674
v -0.105426475 0.0862470642 0.0190056674
v -0.107106104 0.085681133 0.0190056674
v -0.105576769 0.0866242647 0.0190056674
v -0.107185364 0.085880056 0.0190056674
v -0.105766959 0.0869830102 0.0190056674
v -0.105994828 0.0873190835 0.0190056674
v -0.107405826 0.0862464756 0.0190056674
v -0.106257692 0.0876285583 0.0190056674
v -0.107223645 0.0883628502 0.0190056674
v -0.111407876 0.0879077911 0.0190056674
v -0.110260442 0.0865569338 0.0190056674
v -0.110089973 0.0866865143 0.0190056674
v -0.111702658 0.0876285583 0.0190056674
v -0.110415898 0.0864096731 0.0190056674
v -0.111965522 0.0873190835 0.0190056674
v -0.110554524 0.0862464756 0.0190056674
v -0.112193391 0.0869830102 0.0190056674
v -0.110674694 0.0860692412 0.0190056674
v -0.112533875 0.083852306 0.0190056674
v -0.110854246 0.0844182372 0.0190056674
v -0.112383582 0.083475098 0.0190056674
v -0.110774994 0.0842193142 0.0190056674
v -0.110368192 0.0815660208 0.0190056674
v -0.109712161 0.083212547 0.0190056674
v -0.109906495 0.0833024532 0.0190056674
v -0.109983407 0.0814363733 0.0190056674
v -0.109509237 0.083144173 0.0190056674
v -0.109586857 0.0813490823 0.0190056674
v -0.107285663 0.0860692412 0.0190056674
v -0.111084625 0.0881535187 0.0190056674
v -0.112383582 0.0866242647 0.0190056674
v -0.111965522 0.0827802792 0.0190056674
v -0.110554524 0.0838528946 0.0190056674
v -0.110674694 0.084030129 0.0190056674
v -0.111702658 0.0824708119 0.0190056674
v -0.110415898 0.0836896896 0.0190056674
v -0.111407876 0.082191579 0.0190056674
v -0.110260442 0.0835424364 0.0190056674
v -0.111084625 0.0819458514 0.0190056674
v -0.110089973 0.0834128484 0.0190056674
v -0.107592158 0.0815660208 0.0190056674
v -0.108248197 0.083212547 0.0190056674
v -0.107223645 0.0817365125 0.0190056674
v -0.108053856 0.0833024532 0.0190056674
v -0.112193391 0.08311636 0.0190056674
v -0.110736705 0.0817365125 0.0190056674
v -0.106552474 0.082191579 0.0190056674
v -0.107699908 0.0835424364 0.0190056674
v -0.107870378 0.0834128484 0.0190056674
v -0.106257692 0.0824708119 0.0190056674
v -0.107544452 0.0836896896 0.0190056674
v -0.106875725 0.0819458514 0.0190056674
v -0.105994828 0.0827802792 0.0190056674
v -0.107405826 0.0838528946 0.0190056674
v -0.105766959 0.08311636 0.0190056674
v -0.107285663 0.084030129 0.0190056674
v -0.105426475 0.083852306 0.0190056674
v -0.107106104 0.0844182372 0.0190056674
v -0.107185364 0.0842193142 0.0190056674
v -0.105317846 0.0842435434 0.0190056674
v -0.107048817 0.0846245587 0.0190056674
v -0.105252162 0.0846442357 0.0190056674
v -0.107014172 0.0848358646 0.0190056674
v -0.105230175 0.0850496814 0.0190056674
v -0.105576769 0.083475098 0.0190056674
v -0.105252162 0.0846442357 0.0212056674
v -0.105230175 0.0850496814 0.0212056674
v -0.105230175 0.0850496814 0.0190056674
v -0.105317846 0.0842435434 0.0212056674
v -0.105252162 0.0846442357 0.0190056674
v -0.105426475 0.083852306 0.0212056674
v -0.105317846 0.0842435434 0.0190056674
v -0.105576769 0.083475098 0.0212056674
v -0.105426475 0.083852306 0.0190056674
v -0.105766959 0.08311636 0.0212056674
v -0.105576769 0.083475098 0.0190056674
v -0.105994828 0.0827802792 0.0212056674
v -0.105766959 0.08311636 0.0190056674
v -0.106257692 0.0824708119 0.0212056674
v -0.105994828 0.0827802792 0.0190056674
v -0.106552474 0.082191579 0.0212056674
v -0.106257692 0.0824708119 0.0190056674
v -0.106875725 0.0819458514 0.0212056674
v -0.106552474 0.082191579 0.0190056674
v -0.107223645 0.0817365125 0.0212056674
v -0.106875725 0.0819458514 0.0190056674
v -0.107592158 0.0815660208 0.0212056674
v -0.107223645 0.0817365125 0.0190056674
v -0.107976943 0.0814363733 0.0212056674
v -0.107592158 0.0815660208 0.0190056674
v -0.108373493 0.0813490823 0.0212056674
v -0.107976943 0.0814363733 0.0190056674
v -0.108777158 0.0813051835 0.0212056674
v -0.108373493 0.0813490823 0.0190056674
v -0.1091832 0.0813051835 0.0212056674
v -0.108777158 0.0813051835 0.0190056674
v -0.109586857 0.0813490823 0.0212056674
v -0.1091832 0.0813051835 0.0190056674
v -0.109983407 0.0814363733 0.0212056674
v -0.109586857 0.0813490823 0.0190056674
v -0.110368192 0.0815660208 0.0212056674
v -0.109983407 0.0814363733 0.0190056674
v -0.110736705 0.0817365125 0.0212056674
v -0.110368192 0.0815660208 0.0190056674
v -0.111084625 0.0819458514 0.0212056674
v -0.110736705 0.0817365125 0.0190056674
v -0.111407876 0.082191579 0.0212056674
v -0.111084625 0.0819458514 0.0190056674
v -0.111702658 0.0824708119 0.0212056674
v -0.111407876 0.082191579 0.0190056674
v -0.111965522 0.0827802792 0.0212056674
v -0.111702658 0.0824708119 0.0190056674
v -0.112193391 0.08311636 0.0212056674
v -0.111965522 0.0827802792 0.0190056674
v -0.112383582 0.083475098 0.0212056674
v -0.112193391 0.08311636 0.0190056674
v -0.112533875 0.083852306 0.0212056674
v -0.112383582 0.083475098 0.0190056674
v -0.112642504 0.0842435434 0.0212056674
v -0.112533875 0.083852306 0.0190056674
v -0.112708196 0.0846442357 0.0212056674
v -0.112642504 0.0842435434 0.0190056674
v -0.112730175 0.0850496814 0.0212056674
v -0.112708196 0.0846442357 0.0190056674
v -0.112708196 0.0854551271 0.0212056674
v -0.112730175 0.0850496814 0.0190056674
v -0.112642504 0.0858558193 0.0190056674
v -0.112642504 0.0858558193 0.0212056674
v -0.112691738 0.0855554864 0.0212056674
v -0.112708196 0.0854551271 0.0190056674
v -0.112533875 0.0862470642 0.0212056674
v -0.112383582 0.0866242647 0.0212056674
v -0.112533875 0.0862470642 0.0190056674
v -0.112193391 0.0869830102 0.0212056674
v -0.112383582 0.0866242647 0.0190056674
v -0.111965522 0.0873190835 0.0212056674
v -0.112193391 0.0869830102 0.0190056674
v -0.111702658 0.0876285583 0.0212056674
v -0.111965522 0.0873190835 0.0190056674
v -0.111407876 0.0879077911 0.0212056674
v -0.111702658 0.0876285583 0.0190056674
v -0.111084625 0.0881535187 0.0212056674
v -0.111407876 0.0879077911 0.0190056674
v -0.110736705 0.0883628502 0.0212056674
v -0.111084625 0.0881535187 0.0190056674
v -0.110368192 0.0885333493 0.0212056674
v -0.110736705 0.0883628502 0.0190056674
v -0.109983407 0.0886629969 0.0212056674
v -0.110368192 0.0885333493 0.0190056674
v -0.109586857 0.0887502804 0.0212056674
v -0.109983407 0.0886629969 0.0190056674
v -0.1091832 0.0887941867 0.0212056674
v -0.109586857 0.0887502804 0.0190056674
v -0.108777158 0.0887941867 0.0212056674
v -0.1091832 0.0887941867 0.0190056674
v -0.108373493 0.0887502804 0.0212056674
v -0.108777158 0.0887941867 0.0190056674
v -0.107976943 0.0886629969 0.0212056674
v -0.108373493 0.0887502804 0.0190056674
v -0.107592158 0.0885333493 0.0212056674
v -0.107976943 0.0886629969 0.0190056674
v -0.107223645 0.0883628502 0.0212056674
v -0.107592158 0.0885333493 0.0190056674
v -0.106875725 0.0881535187 0.0212056674
v -0.107223645 0.0883628502 0.0190056674
v -0.106552474 0.0879077911 0.0212056674
v -0.106875725 0.0881535187 0.0190056674
v -0.106257692 0.0876285583 0.0212056674
v -0.106552474 0.0879077911 0.0190056674
v -0.105994828 0.0873190835 0.0212056674
v -0.106257692 0.0876285583 0.0190056674
v -0.105766959 0.0869830102 0.0212056674
v -0.105994828 0.0873190835 0.0190056674
v -0.105576769 0.0866242647 0.0212056674
v -0.105766959 0.0869830102 0.0190056674
v -0.105426475 0.0862470642 0.0212056674
v -0.105576769 0.0866242647 0.0190056674
v -0.105317846 0.0858558193 0.0212056674
v -0.105426475 0.0862470642 0.0190056674
v -0.105317846 0.0858558193 0.0190056674
v -0.105252162 0.0854551271 0.0190056674
v -0.105268613 0.0855554864 0.0212056674
v -0.105252162 0.0854551271 0.0212056674
v -0.123519652 0.0587870292 0.0190056674
v -0.122863613 0.0604335554 0.0190056674
v -0.123057954 0.0605234653 0.0190056674
v -0.123134866 0.0586573817 0.0190056674
v -0.122660697 0.0603651814 0.0190056674
v -0.122334652 0.0585261919 0.0190056674
v -0.122238696 0.0602959991 0.0190056674
v -0.122451574 0.0603191517 0.0190056674
v -0.12192861 0.0585261919 0.0190056674
v -0.122024566 0.0602959991 0.0190056674
v -0.122738317 0.0585700944 0.0190056674
v -0.121524952 0.0585700944 0.0190056674
v -0.121811695 0.0603191517 0.0190056674
v -0.120743617 0.0587870292 0.0190056674
v -0.121399648 0.0604335554 0.0190056674
v -0.121602573 0.0603651814 0.0190056674
v -0.120375097 0.0589575246 0.0190056674
v -0.121205308 0.0605234653 0.0190056674
v -0.12192861 0.0660151914 0.0190056674
v -0.122024566 0.0642453879 0.0190056674
v -0.121811695 0.064222239 0.0190056674
v -0.122334652 0.0660151914 0.0190056674
v -0.122238696 0.0642453879 0.0190056674
v -0.121128403 0.0586573817 0.0190056674
v -0.121128403 0.065884009 0.0190056674
v -0.121602573 0.0641762018 0.0190056674
v -0.121399648 0.0641078353 0.0190056674
v -0.121524952 0.0659712926 0.0190056674
v -0.122738317 0.0659712926 0.0190056674
v -0.122451574 0.064222239 0.0190056674
v -0.124236085 0.0591668598 0.0190056674
v -0.123241432 0.0606338605 0.0190056674
v -0.123411901 0.0607634448 0.0190056674
v -0.123888165 0.0589575246 0.0190056674
v -0.120027177 0.0653745309 0.0190056674
v -0.12102183 0.0639075264 0.0190056674
v -0.120851368 0.0637779385 0.0190056674
v -0.120375097 0.0655838624 0.0190056674
v -0.121205308 0.0640179217 0.0190056674
v -0.123134866 0.065884009 0.0190056674
v -0.122660697 0.0641762018 0.0190056674
v -0.123519652 0.065754354 0.0190056674
v -0.122863613 0.0641078353 0.0190056674
v -0.119409151 0.0596918203 0.0190056674
v -0.120695904 0.0609107018 0.0190056674
v -0.120851368 0.0607634448 0.0190056674
v -0.11914628 0.0600012913 0.0190056674
v -0.120557286 0.061073903 0.0190056674
v -0.11872822 0.0638452768 0.0190056674
v -0.120336816 0.0631010607 0.0190056674
v -0.120257556 0.0629021451 0.0190056674
v -0.118918419 0.0642040223 0.0190056674
v -0.120437115 0.0632902533 0.0190056674
v -0.120743617 0.065754354 0.0190056674
v -0.124236085 0.0653745309 0.0190056674
v -0.123241432 0.0639075264 0.0190056674
v -0.123057954 0.0640179217 0.0190056674
v -0.124559328 0.0651288033 0.0190056674
v -0.123411901 0.0637779385 0.0190056674
v -0.125535041 0.0606961101 0.0190056674
v -0.123926446 0.0614403225 0.0190056674
v -0.124005705 0.0616392456 0.0190056674
v -0.125344843 0.0603373684 0.0190056674
v -0.123826146 0.0612511374 0.0190056674
v -0.120027177 0.0591668598 0.0190056674
v -0.12102183 0.0606338605 0.0190056674
v -0.119703934 0.0594125874 0.0190056674
v -0.11872822 0.0606961101 0.0190056674
v -0.120336816 0.0614403225 0.0190056674
v -0.120437115 0.0612511374 0.0190056674
v -0.118577935 0.0610733144 0.0190056674
v -0.120257556 0.0616392456 0.0190056674
v -0.11914628 0.0645400956 0.0190056674
v -0.120557286 0.0634674802 0.0190056674
v -0.119409151 0.0648495629 0.0190056674
v -0.120695904 0.0636306852 0.0190056674
v -0.119703934 0.0651288033 0.0190056674
v -0.123888165 0.0655838624 0.0190056674
v -0.125535041 0.0638452768 0.0190056674
v -0.123926446 0.0631010607 0.0190056674
v -0.123826146 0.0632902533 0.0190056674
v -0.125685334 0.0634680763 0.0190056674
v -0.124005705 0.0629021451 0.0190056674
v -0.125793964 0.0630768314 0.0190056674
v -0.124062993 0.0626958162 0.0190056674
v -0.125859648 0.0626761392 0.0190056674
v -0.12409763 0.0624845102 0.0190056674
v -0.125793964 0.0614645556 0.0190056674
v -0.124062993 0.0618455708 0.0190056674
v -0.12409763 0.0620568767 0.0190056674
v -0.125685334 0.0610733144 0.0190056674
v -0.125116974 0.0600012913 0.0190056674
v -0.123705983 0.061073903 0.0190056674
v -0.124854118 0.0596918203 0.0190056674
v -0.123567358 0.0609107018 0.0190056674
v -0.124559328 0.0594125874 0.0190056674
v -0.118918419 0.0603373684 0.0190056674
v -0.124854118 0.0648495629 0.0190056674
v -0.123567358 0.0636306852 0.0190056674
v -0.125116974 0.0645400956 0.0190056674
v -0.123705983 0.0634674802 0.0190056674
v -0.125344843 0.0642040223 0.0190056674
v -0.125881627 0.0622706935 0.0190056674
v -0.124109223 0.0622706935 0.0190056674
v -0.125859648 0.0618652478 0.0190056674
v -0.118469305 0.0630768314 0.0190056674
v -0.120200276 0.0626958162 0.0190056674
v -0.120165631 0.0624845102 0.0190056674
v -0.118577935 0.0634680763 0.0190056674
v -0.118469305 0.0614645556 0.0190056674
v -0.120200276 0.0618455708 0.0190056674
v -0.118403614 0.0618652478 0.0190056674
v -0.120165631 0.0620568767 0.0190056674
v -0.118403614 0.0626761392 0.0190056674
v -0.120154038 0.0622706935 0.0190056674
v -0.118381634 0.0622706935 0.0190056674
v -0.118403614 0.0618652478 0.0212056674
v -0.118381634 0.0622706935 0.0212056674
v -0.118381634 0.0622706935 0.0190056674
v -0.118469305 0.0614645556 0.0212056674
v -0.118403614 0.0618652478 0.0190056674
v -0.118577935 0.0610733144 0.0212056674
v -0.118469305 0.0614645556 0.0190056674
v -0.11872822 0.0606961101 0.0212056674
v -0.118577935 0.0610733144 0.0190056674
v -0.118918419 0.0603373684 0.0212056674
v -0.11872822 0.0606961101 0.0190056674
v -0.11914628 0.0600012913 0.0212056674
v -0.118918419 0.0603373684 0.0190056674
v -0.119409151 0.0596918203 0.0212056674
v -0.11914628 0.0600012913 0.0190056674
v -0.119703934 0.0594125874 0.0212056674
v -0.119409151 0.0596918203 0.0190056674
v -0.120027177 0.0591668598 0.0212056674
v -0.119703934 0.0594125874 0.0190056674
v -0.120375097 0.0589575246 0.0212056674
v -0.120027177 0.0591668598 0.0190056674
v -0.120743617 0.0587870292 0.0212056674
v -0.120375097 0.0589575246 0.0190056674
v -0.121128403 0.0586573817 0.0212056674
v -0.120743617 0.0587870292 0.0190056674
v -0.121524952 0.0585700944 0.0212056674
v -0.121128403 0.0586573817 0.0190056674
v -0.12192861 0.0585261919 0.0212056674
v -0.121524952 0.0585700944 0.0190056674
v -0.122334652 0.0585261919 0.0212056674
v -0.12192861 0.0585261919 0.0190056674
v -0.122738317 0.0585700944 0.0212056674
v -0.122334652 0.0585261919 0.0190056674
v -0.123134866 0.0586573817 0.0212056674
v -0.122738317 0.0585700944 0.0190056674
v -0.123519652 0.0587870292 0.0212056674
v -0.123134866 0.0586573817 0.0190056674
v -0.123888165 0.0589575246 0.0212056674
v -0.123519652 0.0587870292 0.0190056674
v -0.124236085 0.0591668598 0.0212056674
v -0.123888165 0.0589575246 0.0190056674
v -0.124559328 0.0594125874 0.0212056674
v -0.124236085 0.0591668598 0.0190056674
v -0.124854118 0.0596918203 0.0212056674
v -0.124559328 0.0594125874 0.0190056674
v -0.125116974 0.0600012913 0.0212056674
v -0.124854118 0.0596918203 0.0190056674
v -0.125344843 0.0603373684 0.0212056674
v -0.125116974 0.0600012913 0.0190056674
v -0.125535041 0.0606961101 0.0212056674
v -0.125344843 0.0603373684 0.0190056674
v -0.125535041 0.0606961101 0.0190056674
v -0.125685334 0.0610733144 0.0190056674
v -0.125648037 0.0609797239 0.0212056674
v -0.125685334 0.0610733144 0.0212056674
v -0.125793964 0.0614645556 0.0212056674
v -0.125859648 0.0618652478 0.0212056674
v -0.125793964 0.0614645556 0.0190056674
v -0.125881627 0.0622706935 0.0212056674
v -0.125859648 0.0618652478 0.0190056674
v -0.125859648 0.0626761392 0.0212056674
v -0.125881627 0.0622706935 0.0190056674
v -0.125793964 0.0630768314 0.0212056674
v -0.125859648 0.0626761392 0.0190056674
v -0.125685334 0.0634680763 0.0212056674
v -0.125793964 0.0630768314 0.0190056674
v -0.125535041 0.0638452768 0.0190056674
v -0.125535041 0.0638452768 0.0212056674
v -0.125648037 0.063561663 0.0212056674
v -0.125685334 0.0634680763 0.0190056674
v -0.125344843 0.0642040223 0.0212056674
v -0.125116974 0.0645400956 0.0212056674
v -0.125344843 0.0642040223 0.0190056674
v -0.124854118 0.0648495629 0.0212056674
v -0.125116974 0.0645400956 0.0190056674
v -0.124559328 0.0651288033 0.0212056674
v -0.124854118 0.0648495629 0.0190056674
v -0.124236085 0.0653745309 0.0212056674
v -0.124559328 0.0651288033 0.0190056674
v -0.123888165 0.0655838624 0.0212056674
v -0.124236085 0.0653745309 0.0190056674
v -0.123519652 0.065754354 0.0212056674
v -0.123888165 0.0655838624 0.0190056674
v -0.123134866 0.065884009 0.0212056674
v -0.123519652 0.065754354 0.0190056674
v -0.122738317 0.0659712926 0.0212056674
v -0.123134866 0.065884009 0.0190056674
v -0.122334652 0.0660151914 0.0212056674
v -0.122738317 0.0659712926 0.0190056674
v -0.12192861 0.0660151914 0.0212056674
v -0.122334652 0.0660151914 0.0190056674
v -0.121524952 0.0659712926 0.0212056674
v -0.12192861 0.0660151914 0.0190056674
v -0.121128403 0.065884009 0.0212056674
v -0.121524952 0.0659712926 0.0190056674
v -0.120743617 0.065754354 0.0212056674
v -0.121128403 0.065884009 0.0190056674
v -0.120375097 0.0655838624 0.0212056674
v -0.120743617 0.065754354 0.0190056674
v -0.120027177 0.0653745309 0.0212056674
v -0.120375097 0.0655838624 0.0190056674
v -0.119703934 0.0651288033 0.0212056674
v -0.120027177 0.0653745309 0.0190056674
v -0.119409151 0.0648495629 0.0212056674
v -0.119703934 0.0651288033 0.0190056674
v -0.11914628 0.0645400956 0.0212056674
v -0.119409151 0.0648495629 0.0190056674
v -0.118918419 0.0642040223 0.0212056674
v -0.11914628 0.0645400956 0.0190056674
v -0.11872822 0.0638452768 0.0212056674
v -0.118918419 0.0642040223 0.0190056674
v -0.118577935 0.0634680763 0.0212056674
v -0.11872822 0.0638452768 0.0190056674
v -0.118469305 0.0630768314 0.0212056674
v -0.118577935 0.0634680763 0.0190056674
v -0.118403614 0.0626761392 0.0212056674
v -0.118469305 0.0630768314 0.0190056674
v -0.118403614 0.0626761392 0.0190056674
v -0.100767277 0.0958973169 0.0177056678
v -0.100783981 0.0962054506 0.0177056678
v -0.100783981 0.0962054506 0.019375667
v -0.100717351 0.0955927894 0.0177056678
v -0.100767277 0.0958973169 0.019375667
v -0.100634798 0.0952954441 0.0177056678
v -0.100717351 0.0955927894 0.019375667
v -0.100520574 0.0950087681 0.0177056678
v -0.100634798 0.0952954441 0.019375667
v -0.100376025 0.0947361216 0.0177056678
v -0.100520574 0.0950087681 0.019375667
v -0.100202851 0.0944807082 0.0177056678
v -0.100376025 0.0947361216 0.019375667
v -0.100003071 0.0942455083 0.0177056678
v -0.100202851 0.0944807082 0.019375667
v -0.0997790396 0.0940332934 0.0177056678
v -0.100003071 0.0942455083 0.019375667
v -0.0995333716 0.0938465372 0.0177056678
v -0.0997790396 0.0940332934 0.019375667
v -0.0992689505 0.0936874449 0.0177056678
v -0.0995333716 0.0938465372 0.019375667
v -0.0989888757 0.0935578719 0.0177056678
v -0.0992689505 0.0936874449 0.019375667
v -0.0986964405 0.0934593379 0.0177056678
v -0.0989888757 0.0935578719 0.019375667
v -0.0983950645 0.093392998 0.019375667
v -0.0983950645 0.093392998 0.0177056678
v -0.098678723 0.0934554338 0.0177056678
v -0.0986964405 0.0934593379 0.019375667
v -0.0980882794 0.0933596343 0.0177056678
v -0.0977796912 0.0933596343 0.0177056678
v -0.0980882794 0.0933596343 0.019375667
v -0.0974729061 0.093392998 0.0177056678
v -0.0977796912 0.0933596343 0.019375667
v -0.0971715301 0.0934593379 0.0177056678
v -0.0974729061 0.093392998 0.019375667
v -0.0968790948 0.0935578719 0.0177056678
v -0.0971715301 0.0934593379 0.019375667
v -0.0965990201 0.0936874449 0.0177056678
v -0.0968790948 0.0935578719 0.019375667
v -0.096334599 0.0938465372 0.0177056678
v -0.0965990201 0.0936874449 0.019375667
v -0.096088931 0.0940332934 0.0177056678
v -0.096334599 0.0938465372 0.019375667
v -0.0958648995 0.0942455083 0.0177056678
v -0.096088931 0.0940332934 0.019375667
v -0.0956651196 0.0944807082 0.0177056678
v -0.0958648995 0.0942455083 0.019375667
v -0.0954919457 0.0947361216 0.0177056678
v -0.0956651196 0.0944807082 0.019375667
v -0.095347397 0.0950087681 0.0177056678
v -0.0954919457 0.0947361216 0.019375667
v -0.0952331722 0.0952954441 0.0177056678
v -0.095347397 0.0950087681 0.019375667
v -0.0951506197 0.0955927894 0.0177056678
v -0.0952331722 0.0952954441 0.019375667
v -0.0951006934 0.0958973169 0.0177056678
v -0.0951506197 0.0955927894 0.019375667
v -0.0950839818 0.0962054506 0.0177056678
v -0.0951006934 0.0958973169 0.019375667
v -0.0951006934 0.0965135917 0.0177056678
v -0.0950839818 0.0962054506 0.019375667
v -0.0951506197 0.0968181193 0.0177056678
v -0.0951006934 0.0965135917 0.019375667
v -0.0952331722 0.0971154645 0.0177056678
v -0.0951506197 0.0968181193 0.019375667
v -0.095347397 0.097402133 0.0177056678
v -0.0952331722 0.0971154645 0.019375667
v -0.0954919457 0.0976747796 0.0177056678
v -0.095347397 0.097402133 0.019375667
v -0.0956651196 0.0979302004 0.0177056678
v -0.0954919457 0.0976747796 0.019375667
v -0.0958648995 0.0981653929 0.0177056678
v -0.0956651196 0.0979302004 0.019375667
v -0.096088931 0.0983776152 0.0177056678
v -0.0958648995 0.0981653929 0.019375667
v -0.096334599 0.098564364 0.0177056678
v -0.096088931 0.0983776152 0.019375667
v -0.0965990201 0.0987234637 0.0177056678
v -0.096334599 0.098564364 0.019375667
v -0.0968790948 0.0988530368 0.0177056678
v -0.0965990201 0.0987234637 0.019375667
v -0.0971715301 0.0989515707 0.0177056678
v -0.0968790948 0.0988530368 0.019375667
v -0.0974729061 0.0990179107 0.0177056678
v -0.0971715301 0.0989515707 0.019375667
v -0.0977796912 0.0990512744 0.0177056678
v -0.0974729061 0.0990179107 0.019375667
v -0.0980882794 0.0990512744 0.0177056678
v -0.0977796912 0.0990512744 0.019375667
v -0.0983950645 0.0990179107 0.0177056678
v -0.0980882794 0.0990512744 0.019375667
v -0.0983950645 0.0990179107 0.019375667
v -0.0986964405 0.0989515707 0.019375667
v -0.098678723 0.0989554673 0.0177056678
v -0.0986964405 0.0989515707 0.0177056678
v -0.0989888757 0.0988530368 0.0177056678
v -0.0992689505 0.0987234637 0.0177056678
v -0.0989888757 0.0988530368 0.019375667
v -0.0995333716 0.098564364 0.0177056678
v -0.0992689505 0.0987234637 0.019375667
v -0.0997790396 0.0983776152 0.0177056678
v -0.0995333716 0.098564364 0.019375667
v -0.100003071 0.0981653929 0.0177056678
v -0.0997790396 0.0983776152 0.019375667
v -0.100202851 0.0979302004 0.0177056678
v -0.100003071 0.0981653929 0.019375667
v -0.100376025 0.0976747796 0.0177056678
v -0.100202851 0.0979302004 0.019375667
v -0.100520574 0.097402133 0.0177056678
v -0.100376025 0.0976747796 0.019375667
v -0.100634798 0.0971154645 0.0177056678
v -0.100520574 0.097402133 0.019375667
v -0.100717351 0.0968181193 0.0177056678
v -0.100634798 0.0971154645 0.019375667
v -0.100767277 0.0965135917 0.0177056678
v -0.100717351 0.0968181193 0.019375667
v -0.100767277 0.0965135917 0.019375667
v -0.0956651196 0.0944807082 0.019375667
v -0.0969388708 0.0954489857 0.019375667
v -0.0968629122 0.0955610126 0.019375667
v -0.0958648995 0.0942455083 0.019375667
v -0.0970264897 0.095345825 0.019375667
v -0.0951506197 0.0968181193 0.019375667
v -0.0967132077 0.0964741632 0.019375667
v -0.0967494175 0.0966045782 0.019375667
v -0.0951006934 0.0965135917 0.019375667
v -0.0966913104 0.0963406041 0.019375667
v -0.0950839818 0.0962054506 0.019375667
v -0.0966839865 0.0962054506 0.019375667
v -0.0951006934 0.0958973169 0.019375667
v -0.0966913104 0.0960703045 0.019375667
v -0.096088931 0.0940332934 0.019375667
v -0.0971247554 0.0952527523 0.019375667
v -0.100717351 0.0968181193 0.019375667
v -0.0991547629 0.0964741632 0.019375667
v -0.0991766602 0.0963406041 0.019375667
v -0.100634798 0.0971154645 0.019375667
v -0.0991185531 0.0966045782 0.019375667
v -0.100376025 0.0976747796 0.019375667
v -0.0990050584 0.096849896 0.019375667
v -0.0990684554 0.0967303142 0.019375667
v -0.100202851 0.0979302004 0.019375667
v -0.0989290997 0.0969619229 0.019375667
v -0.100003071 0.0981653929 0.019375667
v -0.0988414809 0.0970650762 0.019375667
v -0.0997790396 0.0983776152 0.019375667
v -0.0987432152 0.0971581563 0.019375667
v -0.0992689505 0.0987234637 0.019375667
v -0.0985194966 0.0973098427 0.019375667
v -0.0986354724 0.0972400606 0.019375667
v -0.0989888757 0.0988530368 0.019375667
v -0.0983966589 0.0973666757 0.019375667
v -0.0986964405 0.0989515707 0.019375667
v -0.0982683972 0.0974098891 0.019375667
v -0.0983950645 0.0990179107 0.019375667
v -0.098136209 0.0974389836 0.019375667
v -0.0954919457 0.0976747796 0.019375667
v -0.0968629122 0.096849896 0.019375667
v -0.0969388708 0.0969619229 0.019375667
v -0.095347397 0.097402133 0.019375667
v -0.0967995152 0.0967303142 0.019375667
v -0.0951506197 0.0955927894 0.019375667
v -0.0967132077 0.095936738 0.019375667
v -0.0952331722 0.0952954441 0.019375667
v -0.0967494175 0.095806323 0.019375667
v -0.095347397 0.0950087681 0.019375667
v -0.0967995152 0.0956805944 0.019375667
v -0.0954919457 0.0947361216 0.019375667
v -0.096334599 0.0938465372 0.019375667
v -0.0972324982 0.0951708406 0.019375667
v -0.0965990201 0.0936874449 0.019375667
v -0.097348474 0.0951010659 0.019375667
v -0.0968790948 0.0935578719 0.019375667
v -0.0974713117 0.0950442329 0.019375667
v -0.0971715301 0.0934593379 0.019375667
v -0.0975995734 0.0950010121 0.019375667
v -0.0974729061 0.093392998 0.019375667
v -0.0977317542 0.0949719176 0.019375667
v -0.100783981 0.0962054506 0.019375667
v -0.100767277 0.0965135917 0.019375667
v -0.100520574 0.097402133 0.019375667
v -0.0995333716 0.098564364 0.019375667
v -0.0971715301 0.0989515707 0.019375667
v -0.0975995734 0.0974098891 0.019375667
v -0.0977317542 0.0974389836 0.019375667
v -0.0968790948 0.0988530368 0.019375667
v -0.0974713117 0.0973666757 0.019375667
v -0.0965990201 0.0987234637 0.019375667
v -0.097348474 0.0973098427 0.019375667
v -0.096334599 0.098564364 0.019375667
v -0.0972324982 0.0972400606 0.019375667
v -0.0958648995 0.0981653929 0.019375667
v -0.0970264897 0.0970650762 0.019375667
v -0.0971247554 0.0971581563 0.019375667
v -0.0956651196 0.0979302004 0.019375667
v -0.0952331722 0.0971154645 0.019375667
v -0.0980882794 0.0990512744 0.019375667
v -0.0980016589 0.0974536166 0.019375667
v -0.0977796912 0.0990512744 0.019375667
v -0.0978663117 0.0974536166 0.019375667
v -0.096088931 0.0983776152 0.019375667
v -0.0974729061 0.0990179107 0.019375667
v -0.0986964405 0.0934593379 0.019375667
v -0.0982683972 0.0950010121 0.019375667
v -0.098136209 0.0949719176 0.019375667
v -0.0989888757 0.0935578719 0.019375667
v -0.0983966589 0.0950442329 0.019375667
v -0.0992689505 0.0936874449 0.019375667
v -0.0985194966 0.0951010659 0.019375667
v -0.0995333716 0.0938465372 0.019375667
v -0.0986354724 0.0951708406 0.019375667
v -0.100003071 0.0942455083 0.019375667
v -0.0988414809 0.095345825 0.019375667
v -0.0987432152 0.0952527523 0.019375667
v -0.100202851 0.0944807082 0.019375667
v -0.0989290997 0.0954489857 0.019375667
v -0.100376025 0.0947361216 0.019375667
v -0.0990050584 0.0955610126 0.019375667
v -0.100520574 0.0950087681 0.019375667
v -0.0990684554 0.0956805944 0.019375667
v -0.100717351 0.0955927894 0.019375667
v -0.0991547629 0.095936738 0.019375667
v -0.0991185531 0.095806323 0.019375667
v -0.100767277 0.0958973169 0.019375667
v -0.0991766602 0.0960703045 0.019375667
v -0.0977796912 0.0933596343 0.019375667
v -0.0978663117 0.0949572846 0.019375667
v -0.0980882794 0.0933596343 0.019375667
v -0.0980016589 0.0949572846 0.019375667
v -0.0997790396 0.0940332934 0.019375667
v -0.100634798 0.0952954441 0.019375667
v -0.0991839841 0.0962054506 0.019375667
v -0.0983950645 0.093392998 0.019375667
v -0.0966913104 0.0960703045 0.0212056674
v -0.0966839865 0.0962054506 0.0212056674
v -0.0966839865 0.0962054506 0.019375667
v -0.0967132077 0.095936738 0.0212056674
v -0.0966913104 0.0960703045 0.019375667
v -0.0967494175 0.095806323 0.0212056674
v -0.0967132077 0.095936738 0.019375667
v -0.0967995152 0.0956805944 0.0212056674
v -0.0967494175 0.095806323 0.019375667
v -0.0968629122 0.0955610126 0.0212056674
v -0.0967995152 0.0956805944 0.019375667
v -0.0969388708 0.0954489857 0.0212056674
v -0.0968629122 0.0955610126 0.019375667
v -0.0970264897 0.095345825 0.0212056674
v -0.0969388708 0.0954489857 0.019375667
v -0.0971247554 0.0952527523 0.0212056674
v -0.0970264897 0.095345825 0.019375667
v -0.0972324982 0.0951708406 0.0212056674
v -0.0971247554 0.0952527523 0.019375667
v -0.097348474 0.0951010659 0.0212056674
v -0.0972324982 0.0951708406 0.019375667
v -0.0974713117 0.0950442329 0.0212056674
v -0.097348474 0.0951010659 0.019375667
v -0.0975995734 0.0950010121 0.0212056674
v -0.0974713117 0.0950442329 0.019375667
v -0.0977317542 0.0949719176 0.0212056674
v -0.0975995734 0.0950010121 0.019375667
v -0.0978663117 0.0949572846 0.0212056674
v -0.0977317542 0.0949719176 0.019375667
v -0.0980016589 0.0949572846 0.0212056674
v -0.0978663117 0.0949572846 0.019375667
v -0.098136209 0.0949719176 0.0212056674
v -0.0980016589 0.0949572846 0.019375667
v -0.0982683972 0.0950010121 0.0212056674
v -0.098136209 0.0949719176 0.019375667
v -0.0983966589 0.0950442329 0.0212056674
v -0.0982683972 0.0950010121 0.019375667
v -0.0985194966 0.0951010659 0.0212056674
v -0.0983966589 0.0950442329 0.019375667
v -0.0986354724 0.0951708406 0.0212056674
v -0.0985194966 0.0951010659 0.019375667
v -0.0987432152 0.0952527523 0.0212056674
v -0.0986354724 0.0951708406 0.019375667
v -0.0988414809 0.095345825 0.0212056674
v -0.0987432152 0.0952527523 0.019375667
v -0.0989290997 0.0954489857 0.0212056674
v -0.0988414809 0.095345825 0.019375667
v -0.0990050584 0.0955610126 0.0212056674
v -0.0989290997 0.0954489857 0.019375667
v -0.0990684554 0.0956805944 0.0212056674
v -0.0990050584 0.0955610126 0.019375667
v -0.0991185531 0.095806323 0.0212056674
v -0.0990684554 0.0956805944 0.019375667
v -0.0991547629 0.095936738 0.0212056674
v -0.0991185531 0.095806323 0.019375667
v -0.0991766602 0.0960703045 0.0212056674
v -0.0991547629 0.095936738 0.019375667
v -0.0991839841 0.0962054506 0.0212056674
v -0.0991766602 0.0960703045 0.019375667
v -0.0991766602 0.0963406041 0.0212056674
v -0.0991839841 0.0962054506 0.019375667
v -0.0991547629 0.0964741632 0.0212056674
v -0.0991766602 0.0963406041 0.019375667
v -0.0991185531 0.0966045782 0.0212056674
v -0.0991547629 0.0964741632 0.019375667
v -0.0990684554 0.0967303142 0.0212056674
v -0.0991185531 0.0966045782 0.019375667
v -0.0990050584 0.096849896 0.0212056674
v -0.0990684554 0.0967303142 0.019375667
v -0.0989290997 0.0969619229 0.0212056674
v -0.0990050584 0.096849896 0.019375667
v -0.0988414809 0.0970650762 0.0212056674
v -0.0989290997 0.0969619229 0.019375667
v -0.0987432152 0.0971581563 0.0212056674
v -0.0988414809 0.0970650762 0.019375667
v -0.0986354724 0.0972400606 0.0212056674
v -0.0987432152 0.0971581563 0.019375667
v -0.0985194966 0.0973098427 0.0212056674
v -0.0986354724 0.0972400606 0.019375667
v -0.0983966589 0.0973666757 0.0212056674
v -0.0985194966 0.0973098427 0.019375667
v -0.0982683972 0.0974098891 0.0212056674
v -0.0983966589 0.0973666757 0.019375667
v -0.098136209 0.0974389836 0.0212056674
v -0.0982683972 0.0974098891 0.019375667
v -0.0980016589 0.0974536166 0.0212056674
v -0.098136209 0.0974389836 0.019375667
v -0.0978663117 0.0974536166 0.0212056674
v -0.0980016589 0.0974536166 0.019375667
v -0.0977317542 0.0974389836 0.0212056674
v -0.0978663117 0.0974536166 0.019375667
v -0.0975995734 0.0974098891 0.0212056674
v -0.0977317542 0.0974389836 0.019375667
v -0.0974713117 0.0973666757 0.0212056674
v -0.0975995734 0.0974098891 0.019375667
v -0.097348474 0.0973098427 0.0212056674
v -0.0974713117 0.0973666757 0.019375667
v -0.0972324982 0.0972400606 0.0212056674
v -0.097348474 0.0973098427 0.019375667
v -0.0971247554 0.0971581563 0.0212056674
v -0.0972324982 0.0972400606 0.019375667
v -0.0970264897 0.0970650762 0.0212056674
v -0.0971247554 0.0971581563 0.019375667
v -0.0969388708 0.0969619229 0.0212056674
v -0.0970264897 0.0970650762 0.019375667
v -0.0968629122 0.096849896 0.0212056674
v -0.0969388708 0.0969619229 0.019375667
v -0.0967995152 0.0967303142 0.0212056674
v -0.0968629122 0.096849896 0.019375667
v -0.0967494175 0.0966045782 0.0212056674
v -0.0967995152 0.0967303142 0.019375667
v -0.0967132077 0.0964741632 0.0212056674
v -0.0967494175 0.0966045782 0.019375667
v -0.0966913104 0.0963406041 0.0212056674
v -0.0967132077 0.0964741632 0.019375667
v -0.0966913104 0.0963406041 0.019375667
v -0.0703262836 0.0807531476 0.0177056678
v -0.0703429878 0.0810612887 0.0177056678
v -0.0703429878 0.0810612887 0.019375667
v -0.0702763572 0.08044862 0.0177056678
v -0.0703262836 0.0807531476 0.019375667
v -0.0701937973 0.0801512748 0.0177056678
v -0.0702763572 0.08044862 0.019375667
v -0.0700795799 0.0798645988 0.0177056678
v -0.0701937973 0.0801512748 0.019375667
v -0.0699350312 0.0795919597 0.0177056678
v -0.0700795799 0.0798645988 0.019375667
v -0.0697618574 0.0793365389 0.0177056678
v -0.0699350312 0.0795919597 0.019375667
v -0.0695620775 0.079101339 0.0177056678
v -0.0697618574 0.0793365389 0.019375667
v -0.0693380386 0.0788891241 0.0177056678
v -0.0695620775 0.079101339 0.019375667
v -0.0690923706 0.0787023753 0.019375667
v -0.0690923706 0.0787023753 0.0177056678
v -0.0692903548 0.078852877 0.0177056678
v -0.0693380386 0.0788891241 0.019375667
v -0.0688279569 0.0785432756 0.0177056678
v -0.0685478821 0.0784137025 0.0177056678
v -0.0688279569 0.0785432756 0.019375667
v -0.0682554469 0.0783151686 0.0177056678
v -0.0685478821 0.0784137025 0.019375667
v -0.0679540709 0.0782488286 0.0177056678
v -0.0682554469 0.0783151686 0.019375667
v -0.0676472858 0.0782154649 0.0177056678
v -0.0679540709 0.0782488286 0.019375667
v -0.0673386902 0.0782154649 0.0177056678
v -0.0676472858 0.0782154649 0.019375667
v -0.0670319125 0.0782488286 0.0177056678
v -0.0673386902 0.0782154649 0.019375667
v -0.0667305365 0.0783151686 0.0177056678
v -0.0670319125 0.0782488286 0.019375667
v -0.0664380938 0.0784137025 0.0177056678
v -0.0667305365 0.0783151686 0.019375667
v -0.0661580265 0.0785432756 0.0177056678
v -0.0664380938 0.0784137025 0.019375667
v -0.0658936054 0.0787023753 0.0177056678
v -0.0661580265 0.0785432756 0.019375667
v -0.0656479374 0.0788891241 0.0177056678
v -0.0658936054 0.0787023753 0.019375667
v -0.0654239058 0.079101339 0.0177056678
v -0.0656479374 0.0788891241 0.019375667
v -0.065224126 0.0793365389 0.0177056678
v -0.0654239058 0.079101339 0.019375667
v -0.0650509447 0.0795919597 0.0177056678
v -0.065224126 0.0793365389 0.019375667
v -0.064906396 0.0798645988 0.0177056678
v -0.0650509447 0.0795919597 0.019375667
v -0.0647921786 0.0801512748 0.0177056678
v -0.064906396 0.0798645988 0.019375667
v -0.0647096187 0.08044862 0.0177056678
v -0.0647921786 0.0801512748 0.019375667
v -0.0646596998 0.0807531476 0.0177056678
v -0.0647096187 0.08044862 0.019375667
v -0.0646429881 0.0810612887 0.0177056678
v -0.0646596998 0.0807531476 0.019375667
v -0.0646596998 0.0813694224 0.0177056678
v -0.0646429881 0.0810612887 0.019375667
v -0.0647096187 0.08167395 0.019375667
v -0.0647096187 0.08167395 0.0177056678
v -0.0647087246 0.0816684738 0.0177056678
v -0.0646596998 0.0813694224 0.019375667
v -0.0647921786 0.0819712952 0.0177056678
v -0.064906396 0.0822579712 0.0177056678
v -0.0647921786 0.0819712952 0.019375667
v -0.0650509447 0.0825306177 0.0177056678
v -0.064906396 0.0822579712 0.019375667
v -0.065224126 0.0827860311 0.0177056678
v -0.0650509447 0.0825306177 0.019375667
v -0.0654239058 0.083021231 0.0177056678
v -0.065224126 0.0827860311 0.019375667
v -0.0656479374 0.0832334459 0.0177056678
v -0.0654239058 0.083021231 0.019375667
v -0.0658936054 0.0834202021 0.0177056678
v -0.0656479374 0.0832334459 0.019375667
v -0.0661580265 0.0835792944 0.0177056678
v -0.0658936054 0.0834202021 0.019375667
v -0.0664380938 0.0837088674 0.0177056678
v -0.0661580265 0.0835792944 0.019375667
v -0.0667305365 0.0838074014 0.0177056678
v -0.0664380938 0.0837088674 0.019375667
v -0.0670319125 0.0838737413 0.0177056678
v -0.0667305365 0.0838074014 0.019375667
v -0.0673386902 0.083907105 0.0177056678
v -0.0670319125 0.0838737413 0.019375667
v -0.0676472858 0.083907105 0.0177056678
v -0.0673386902 0.083907105 0.019375667
v -0.0679540709 0.0838737413 0.0177056678
v -0.0676472858 0.083907105 0.019375667
v -0.0682554469 0.0838074014 0.0177056678
v -0.0679540709 0.0838737413 0.019375667
v -0.0685478821 0.0837088674 0.0177056678
v -0.0682554469 0.0838074014 0.019375667
v -0.0688279569 0.0835792944 0.0177056678
v -0.0685478821 0.0837088674 0.019375667
v -0.0690923706 0.0834202021 0.0177056678
v -0.0688279569 0.0835792944 0.019375667
v -0.0690923706 0.0834202021 0.019375667
v -0.0693380386 0.0832334459 0.019375667
v -0.0692903548 0.083269693 0.0177056678
v -0.0693380386 0.0832334459 0.0177056678
v -0.0695620775 0.083021231 0.0177056678
v -0.0697618574 0.0827860311 0.0177056678
v -0.0695620775 0.083021231 0.019375667
v -0.0699350312 0.0825306177 0.0177056678
v -0.0697618574 0.0827860311 0.019375667
v -0.0700795799 0.0822579712 0.0177056678
v -0.0699350312 0.0825306177 0.019375667
v -0.0701937973 0.0819712952 0.0177056678
v -0.0700795799 0.0822579712 0.019375667
v -0.0702763572 0.08167395 0.0177056678
v -0.0701937973 0.0819712952 0.019375667
v -0.0703262836 0.0813694224 0.019375667
v -0.0703262836 0.0813694224 0.0177056678
v -0.0702772588 0.0816684738 0.0177056678
v -0.0702763572 0.08167395 0.019375667
v -0.065224126 0.0793365389 0.019375667
v -0.0664978698 0.0803048164 0.019375667
v -0.0664219186 0.0804168433 0.019375667
v -0.0654239058 0.079101339 0.019375667
v -0.0665854961 0.0802016631 0.019375667
v -0.0647921786 0.0819712952 0.019375667
v -0.0647096187 0.08167395 0.019375667
v -0.0662722141 0.0813300014 0.019375667
v -0.0646596998 0.0813694224 0.019375667
v -0.0662503168 0.0811964348 0.019375667
v -0.0646429881 0.0810612887 0.019375667
v -0.0662429929 0.0810612887 0.019375667
v -0.0646596998 0.0807531476 0.019375667
v -0.0662503168 0.0809261352 0.019375667
v -0.0656479374 0.0788891241 0.019375667
v -0.0666837543 0.080108583 0.019375667
v -0.0702763572 0.08167395 0.019375667
v -0.0687137619 0.0813300014 0.019375667
v -0.0687356591 0.0811964348 0.019375667
v -0.0701937973 0.0819712952 0.019375667
v -0.0686775595 0.0814604163 0.019375667
v -0.0699350312 0.0825306177 0.019375667
v -0.0685640574 0.0817057267 0.019375667
v -0.0686274618 0.0815861449 0.019375667
v -0.0697618574 0.0827860311 0.019375667
v -0.0684881061 0.0818177536 0.019375667
v -0.0695620775 0.083021231 0.019375667
v -0.0684004873 0.0819209069 0.019375667
v -0.0693380386 0.0832334459 0.019375667
v -0.0683022216 0.082013987 0.019375667
v -0.0690923706 0.0834202021 0.019375667
v -0.0688279569 0.0835792944 0.019375667
v -0.068078503 0.0821656734 0.019375667
v -0.0685478821 0.0837088674 0.019375667
v -0.0679556653 0.0822225064 0.019375667
v -0.0682554469 0.0838074014 0.019375667
v -0.0678273961 0.0822657198 0.019375667
v -0.0679540709 0.0838737413 0.019375667
v -0.0676952153 0.0822948217 0.019375667
v -0.065224126 0.0827860311 0.019375667
v -0.0650509447 0.0825306177 0.019375667
v -0.0664219186 0.0817057267 0.019375667
v -0.064906396 0.0822579712 0.019375667
v -0.0663585216 0.0815861449 0.019375667
v -0.0647096187 0.08044862 0.019375667
v -0.0662722141 0.0807925761 0.019375667
v -0.0647921786 0.0801512748 0.019375667
v -0.0663084239 0.0806621611 0.019375667
v -0.064906396 0.0798645988 0.019375667
v -0.0663585216 0.0805364251 0.019375667
v -0.0650509447 0.0795919597 0.019375667
v -0.0658936054 0.0787023753 0.019375667
v -0.0667915046 0.0800266713 0.019375667
v -0.0661580265 0.0785432756 0.019375667
v -0.0669074804 0.0799568966 0.019375667
v -0.0664380938 0.0784137025 0.019375667
v -0.0670303181 0.0799000636 0.019375667
v -0.0667305365 0.0783151686 0.019375667
v -0.0671585798 0.0798568502 0.019375667
v -0.0670319125 0.0782488286 0.019375667
v -0.0672907606 0.0798277557 0.019375667
v -0.0703262836 0.0813694224 0.019375667
v -0.0687429905 0.0810612887 0.019375667
v -0.0700795799 0.0822579712 0.019375667
v -0.0681944713 0.0820958987 0.019375667
v -0.0670319125 0.0838737413 0.019375667
v -0.0667305365 0.0838074014 0.019375667
v -0.0671585798 0.0822657198 0.019375667
v -0.0664380938 0.0837088674 0.019375667
v -0.0670303181 0.0822225064 0.019375667
v -0.0661580265 0.0835792944 0.019375667
v -0.0669074804 0.0821656734 0.019375667
v -0.0658936054 0.0834202021 0.019375667
v -0.0667915046 0.0820958987 0.019375667
v -0.0656479374 0.0832334459 0.019375667
v -0.0654239058 0.083021231 0.019375667
v -0.0665854961 0.0819209069 0.019375667
v -0.0664978698 0.0818177536 0.019375667
v -0.0663084239 0.0814604163 0.019375667
v -0.0676472858 0.083907105 0.019375667
v -0.0675606653 0.0823094547 0.019375667
v -0.0673386902 0.083907105 0.019375667
v -0.0674253181 0.0823094547 0.019375667
v -0.0666837543 0.082013987 0.019375667
v -0.0672907606 0.0822948217 0.019375667
v -0.0682554469 0.0783151686 0.019375667
v -0.0678273961 0.0798568502 0.019375667
v -0.0676952153 0.0798277557 0.019375667
v -0.0685478821 0.0784137025 0.019375667
v -0.0679556653 0.0799000636 0.019375667
v -0.0688279569 0.0785432756 0.019375667
v -0.068078503 0.0799568966 0.019375667
v -0.0690923706 0.0787023753 0.019375667
v -0.0681944713 0.0800266713 0.019375667
v -0.0695620775 0.079101339 0.019375667
v -0.0684004873 0.0802016631 0.019375667
v -0.0683022216 0.080108583 0.019375667
v -0.0697618574 0.0793365389 0.019375667
v -0.0684881061 0.0803048164 0.019375667
v -0.0699350312 0.0795919597 0.019375667
v -0.0685640574 0.0804168433 0.019375667
v -0.0700795799 0.0798645988 0.019375667
v -0.0686274618 0.0805364251 0.019375667
v -0.0702763572 0.08044862 0.019375667
v -0.0687137619 0.0807925761 0.019375667
v -0.0686775595 0.0806621611 0.019375667
v -0.0703262836 0.0807531476 0.019375667
v -0.0687356591 0.0809261352 0.019375667
v -0.0673386902 0.0782154649 0.019375667
v -0.0674253181 0.0798131227 0.019375667
v -0.0676472858 0.0782154649 0.019375667
v -0.0675606653 0.0798131227 0.019375667
v -0.0693380386 0.0788891241 0.019375667
v -0.0701937973 0.0801512748 0.019375667
v -0.0703429878 0.0810612887 0.019375667
v -0.0679540709 0.0782488286 0.019375667
v -0.0662503168 0.0809261352 0.0212056674
v -0.0662429929 0.0810612887 0.0212056674
v -0.0662429929 0.0810612887 0.019375667
v -0.0662722141 0.0807925761 0.0212056674
v -0.0662503168 0.0809261352 0.019375667
v -0.0663084239 0.0806621611 0.0212056674
v -0.0662722141 0.0807925761 0.019375667
v -0.0663084239 0.0806621611 0.019375667
v -0.0663585216 0.0805364251 0.019375667
v -0.0663509294 0.0805554837 0.0212056674
v -0.0663585216 0.0805364251 0.0212056674
v -0.0664219186 0.0804168433 0.0212056674
v -0.0664978698 0.0803048164 0.0212056674
v -0.0664219186 0.0804168433 0.019375667
v -0.0665854961 0.0802016631 0.0212056674
v -0.0664978698 0.0803048164 0.019375667
v -0.0666837543 0.080108583 0.0212056674
v -0.0665854961 0.0802016631 0.019375667
v -0.0667915046 0.0800266713 0.0212056674
v -0.0666837543 0.080108583 0.019375667
v -0.0669074804 0.0799568966 0.0212056674
v -0.0667915046 0.0800266713 0.019375667
v -0.0670303181 0.0799000636 0.0212056674
v -0.0669074804 0.0799568966 0.019375667
v -0.0671585798 0.0798568502 0.0212056674
v -0.0670303181 0.0799000636 0.019375667
v -0.0672907606 0.0798277557 0.0212056674
v -0.0671585798 0.0798568502 0.019375667
v -0.0674253181 0.0798131227 0.0212056674
v -0.0672907606 0.0798277557 0.019375667
v -0.0675606653 0.0798131227 0.0212056674
v -0.0674253181 0.0798131227 0.019375667
v -0.0676952153 0.0798277557 0.019375667
v -0.0676952153 0.0798277557 0.0212056674
v -0.0676903576 0.0798272267 0.0212056674
v -0.0675606653 0.0798131227 0.019375667
v -0.0678273961 0.0798568502 0.0212056674
v -0.0679556653 0.0799000636 0.0212056674
v -0.0678273961 0.0798568502 0.019375667
v -0.068078503 0.0799568966 0.0212056674
v -0.0679556653 0.0799000636 0.019375667
v -0.0681944713 0.0800266713 0.0212056674
v -0.068078503 0.0799568966 0.019375667
v -0.0683022216 0.080108583 0.0212056674
v -0.0681944713 0.0800266713 0.019375667
v -0.0684004873 0.0802016631 0.0212056674
v -0.0683022216 0.080108583 0.019375667
v -0.0684881061 0.0803048164 0.0212056674
v -0.0684004873 0.0802016631 0.019375667
v -0.0685640574 0.0804168433 0.0212056674
v -0.0684881061 0.0803048164 0.019375667
v -0.0686274618 0.0805364251 0.0212056674
v -0.0685640574 0.0804168433 0.019375667
v -0.0686775595 0.0806621611 0.019375667
v -0.0686775595 0.0806621611 0.0212056674
v -0.0686350539 0.0805554837 0.0212056674
v -0.0686274618 0.0805364251 0.019375667
v -0.0687137619 0.0807925761 0.0212056674
v -0.0687356591 0.0809261352 0.0212056674
v -0.0687137619 0.0807925761 0.019375667
v -0.0687429905 0.0810612887 0.0212056674
v -0.0687356591 0.0809261352 0.019375667
v -0.0687356591 0.0811964348 0.0212056674
v -0.0687429905 0.0810612887 0.019375667
v -0.0687137619 0.0813300014 0.0212056674
v -0.0687356591 0.0811964348 0.019375667
v -0.0686775595 0.0814604163 0.0212056674
v -0.0687137619 0.0813300014 0.019375667
v -0.0686274618 0.0815861449 0.0212056674
v -0.0686775595 0.0814604163 0.019375667
v -0.0685640574 0.0817057267 0.0212056674
v -0.0686274618 0.0815861449 0.019375667
v -0.0684881061 0.0818177536 0.0212056674
v -0.0685640574 0.0817057267 0.019375667
v -0.0684004873 0.0819209069 0.0212056674
v -0.0684881061 0.0818177536 0.019375667
v -0.0683022216 0.082013987 0.0212056674
v -0.0684004873 0.0819209069 0.019375667
v -0.0681944713 0.0820958987 0.0212056674
v -0.0683022216 0.082013987 0.019375667
v -0.068078503 0.0821656734 0.0212056674
v -0.0681944713 0.0820958987 0.019375667
v -0.0679556653 0.0822225064 0.0212056674
v -0.068078503 0.0821656734 0.019375667
v -0.0678273961 0.0822657198 0.0212056674
v -0.0679556653 0.0822225064 0.019375667
v -0.0676952153 0.0822948217 0.0212056674
v -0.0678273961 0.0822657198 0.019375667
v -0.0675606653 0.0823094547 0.019375667
v -0.0675606653 0.0823094547 0.0212056674
v -0.0676903576 0.0822953507 0.0212056674
v -0.0676952153 0.0822948217 0.019375667
v -0.0674253181 0.0823094547 0.0212056674
v -0.0672907606 0.0822948217 0.0212056674
v -0.0674253181 0.0823094547 0.019375667
v -0.0671585798 0.0822657198 0.0212056674
v -0.0672907606 0.0822948217 0.019375667
v -0.0670303181 0.0822225064 0.0212056674
v -0.0671585798 0.0822657198 0.019375667
v -0.0669074804 0.0821656734 0.0212056674
v -0.0670303181 0.0822225064 0.019375667
v -0.0667915046 0.0820958987 0.0212056674
v -0.0669074804 0.0821656734 0.019375667
v -0.0666837543 0.082013987 0.0212056674
v -0.0667915046 0.0820958987 0.019375667
v -0.0665854961 0.0819209069 0.0212056674
v -0.0666837543 0.082013987 0.019375667
v -0.0664978698 0.0818177536 0.0212056674
v -0.0665854961 0.0819209069 0.019375667
v -0.0664219186 0.0817057267 0.0212056674
v -0.0664978698 0.0818177536 0.019375667
v -0.0663585216 0.0815861449 0.0212056674
v -0.0664219186 0.0817057267 0.019375667
v -0.0663084239 0.0814604163 0.0212056674
v -0.0663585216 0.0815861449 0.019375667
v -0.0662722141 0.0813300014 0.0212056674
v -0.0663084239 0.0814604163 0.019375667
v -0.0662503168 0.0811964348 0.0212056674
v -0.0662722141 0.0813300014 0.019375667
v -0.0662503168 0.0811964348 0.019375667
v -0.0682210177 0.0468183868 0.0177056678
v -0.0682377219 0.0471265279 0.0177056678
v -0.0682377219 0.0471265279 0.019375667
v -0.0681710914 0.0465138629 0.0177056678
v -0.0682210177 0.0468183868 0.019375667
v -0.0680885389 0.0462165177 0.0177056678
v -0.0681710914 0.0465138629 0.019375667
v -0.0679743141 0.0459298417 0.0177056678
v -0.0680885389 0.0462165177 0.019375667
v -0.0678297654 0.0456571989 0.0177056678
v -0.0679743141 0.0459298417 0.019375667
v -0.0676565915 0.0454017818 0.0177056678
v -0.0678297654 0.0456571989 0.019375667
v -0.0674568117 0.0451665819 0.0177056678
v -0.0676565915 0.0454017818 0.019375667
v -0.0672327727 0.044954367 0.0177056678
v -0.0674568117 0.0451665819 0.019375667
v -0.0669871047 0.0447676145 0.0177056678
v -0.0672327727 0.044954367 0.019375667
v -0.0667226911 0.0446085185 0.0177056678
v -0.0669871047 0.0447676145 0.019375667
v -0.0664426163 0.0444789417 0.0177056678
v -0.0667226911 0.0446085185 0.019375667
v -0.066150181 0.0443804078 0.0177056678
v -0.0664426163 0.0444789417 0.019375667
v -0.065848805 0.0443140715 0.0177056678
v -0.066150181 0.0443804078 0.019375667
v -0.0655420199 0.0442807078 0.0177056678
v -0.065848805 0.0443140715 0.019375667
v -0.0652334318 0.0442807078 0.0177056678
v -0.0655420199 0.0442807078 0.019375667
v -0.0649266466 0.0443140715 0.0177056678
v -0.0652334318 0.0442807078 0.019375667
v -0.0646252707 0.0443804078 0.0177056678
v -0.0649266466 0.0443140715 0.019375667
v -0.0643328279 0.0444789417 0.0177056678
v -0.0646252707 0.0443804078 0.019375667
v -0.0640527606 0.0446085185 0.0177056678
v -0.0643328279 0.0444789417 0.019375667
v -0.0637883395 0.0447676145 0.0177056678
v -0.0640527606 0.0446085185 0.019375667
v -0.0635426715 0.044954367 0.0177056678
v -0.0637883395 0.0447676145 0.019375667
v -0.06331864 0.0451665819 0.0177056678
v -0.0635426715 0.044954367 0.019375667
v -0.0631188601 0.0454017818 0.0177056678
v -0.06331864 0.0451665819 0.019375667
v -0.0629456788 0.0456571989 0.0177056678
v -0.0631188601 0.0454017818 0.019375667
v -0.0628011376 0.0459298417 0.0177056678
v -0.0629456788 0.0456571989 0.019375667
v -0.0626869127 0.0462165177 0.0177056678
v -0.0628011376 0.0459298417 0.019375667
v -0.0626043528 0.0465138629 0.0177056678
v -0.0626869127 0.0462165177 0.019375667
v -0.0625544339 0.0468183868 0.0177056678
v -0.0626043528 0.0465138629 0.019375667
v -0.0625377223 0.0471265279 0.0177056678
v -0.0625544339 0.0468183868 0.019375667
v -0.0625544339 0.0474346653 0.0177056678
v -0.0625377223 0.0471265279 0.019375667
v -0.0626043528 0.0477391928 0.0177056678
v -0.0625544339 0.0474346653 0.019375667
v -0.0626869127 0.0480365381 0.0177056678
v -0.0626043528 0.0477391928 0.019375667
v -0.0628011376 0.0483232103 0.0177056678
v -0.0626869127 0.0480365381 0.019375667
v -0.0629456788 0.0485958569 0.0177056678
v -0.0628011376 0.0483232103 0.019375667
v -0.0631188601 0.048851274 0.0177056678
v -0.0629456788 0.0485958569 0.019375667
v -0.06331864 0.0490864702 0.0177056678
v -0.0631188601 0.048851274 0.019375667
v -0.0635426715 0.0492986888 0.0177056678
v -0.06331864 0.0490864702 0.019375667
v -0.0637883395 0.0494854413 0.0177056678
v -0.0635426715 0.0492986888 0.019375667
v -0.0640527606 0.0496445373 0.0177056678
v -0.0637883395 0.0494854413 0.019375667
v -0.0643328279 0.0497741103 0.0177056678
v -0.0640527606 0.0496445373 0.019375667
v -0.0646252707 0.0498726442 0.0177056678
v -0.0643328279 0.0497741103 0.019375667
v -0.0649266466 0.0499389842 0.0177056678
v -0.0646252707 0.0498726442 0.019375667
v -0.0652334318 0.0499723479 0.0177056678
v -0.0649266466 0.0499389842 0.019375667
v -0.0655420199 0.0499723479 0.0177056678
v -0.0652334318 0.0499723479 0.019375667
v -0.065848805 0.0499389842 0.0177056678
v -0.0655420199 0.0499723479 0.019375667
v -0.066150181 0.0498726442 0.0177056678
v -0.065848805 0.0499389842 0.019375667
v -0.0664426163 0.0497741103 0.0177056678
v -0.066150181 0.0498726442 0.019375667
v -0.0667226911 0.0496445373 0.0177056678
v -0.0664426163 0.0497741103 0.019375667
v -0.0669871047 0.0494854413 0.0177056678
v -0.0667226911 0.0496445373 0.019375667
v -0.0672327727 0.0492986888 0.0177056678
v -0.0669871047 0.0494854413 0.019375667
v -0.0674568117 0.0490864702 0.0177056678
v -0.0672327727 0.0492986888 0.019375667
v -0.0676565915 0.048851274 0.0177056678
v -0.0674568117 0.0490864702 0.019375667
v -0.0678297654 0.0485958569 0.0177056678
v -0.0676565915 0.048851274 0.019375667
v -0.0679743141 0.0483232103 0.0177056678
v -0.0678297654 0.0485958569 0.019375667
v -0.0680885389 0.0480365381 0.0177056678
v -0.0679743141 0.0483232103 0.019375667
v -0.0681710914 0.0477391928 0.0177056678
v -0.0680885389 0.0480365381 0.019375667
v -0.0682210177 0.0474346653 0.0177056678
v -0.0681710914 0.0477391928 0.019375667
v -0.0682210177 0.0474346653 0.019375667
v -0.0676565915 0.048851274 0.019375667
v -0.0663828403 0.0478829965 0.019375667
v -0.0664587989 0.0477709696 0.019375667
v -0.0674568117 0.0490864702 0.019375667
v -0.0662952214 0.0479861498 0.019375667
v -0.0667226911 0.0496445373 0.019375667
v -0.0659732372 0.0482309163 0.019375667
v -0.0660892054 0.0481611378 0.019375667
v -0.0664426163 0.0497741103 0.019375667
v -0.0658503994 0.0482877493 0.019375667
v -0.0672327727 0.0492986888 0.019375667
v -0.0661969557 0.0480792299 0.019375667
v -0.0669871047 0.0494854413 0.019375667
v -0.0679743141 0.0483232103 0.019375667
v -0.0665221959 0.0476513878 0.019375667
v -0.0665722936 0.0475256555 0.019375667
v -0.0678297654 0.0485958569 0.019375667
v -0.0681710914 0.0477391928 0.019375667
v -0.0666085035 0.0473952405 0.019375667
v -0.0666303933 0.0472616777 0.019375667
v -0.0680885389 0.0480365381 0.019375667
v -0.0635426715 0.0492986888 0.019375667
v -0.0645784885 0.0480792299 0.019375667
v -0.0646862388 0.0481611378 0.019375667
v -0.06331864 0.0490864702 0.019375667
v -0.0644802302 0.0479861498 0.019375667
v -0.0631188601 0.048851274 0.019375667
v -0.0643926114 0.0478829965 0.019375667
v -0.0629456788 0.0485958569 0.019375667
v -0.0643166527 0.0477709696 0.019375667
v -0.066150181 0.0498726442 0.019375667
v -0.0657221377 0.0483309664 0.019375667
v -0.065848805 0.0499389842 0.019375667
v -0.0655899495 0.0483600609 0.019375667
v -0.0655420199 0.0499723479 0.019375667
v -0.0654553995 0.0483746938 0.019375667
v -0.0652334318 0.0499723479 0.019375667
v -0.0653200522 0.0483746938 0.019375667
v -0.0628011376 0.0483232103 0.019375667
v -0.0642532557 0.0476513878 0.019375667
v -0.0626869127 0.0480365381 0.019375667
v -0.064203158 0.0475256555 0.019375667
v -0.0629456788 0.0456571989 0.019375667
v -0.0631188601 0.0454017818 0.019375667
v -0.0643926114 0.0463700593 0.019375667
v -0.06331864 0.0451665819 0.019375667
v -0.0644802302 0.0462669022 0.019375667
v -0.0635426715 0.044954367 0.019375667
v -0.0645784885 0.0461738259 0.019375667
v -0.0637883395 0.0447676145 0.019375667
v -0.0646862388 0.0460919142 0.019375667
v -0.0649266466 0.0499389842 0.019375667
v -0.0651854947 0.0483600609 0.019375667
v -0.0646252707 0.0498726442 0.019375667
v -0.065053314 0.0483309664 0.019375667
v -0.0643328279 0.0497741103 0.019375667
v -0.0649250522 0.0482877493 0.019375667
v -0.0640527606 0.0496445373 0.019375667
v -0.0648022145 0.0482309163 0.019375667
v -0.0637883395 0.0494854413 0.019375667
v -0.0626043528 0.0477391928 0.019375667
v -0.0641669482 0.0473952405 0.019375667
v -0.0625544339 0.0474346653 0.019375667
v -0.0641450509 0.0472616777 0.019375667
v -0.0626869127 0.0462165177 0.019375667
v -0.0628011376 0.0459298417 0.019375667
v -0.0642532557 0.0466016643 0.019375667
v -0.0643166527 0.0464820862 0.019375667
v -0.0625377223 0.0471265279 0.019375667
v -0.064137727 0.0471265279 0.019375667
v -0.0625544339 0.0468183868 0.019375667
v -0.0641450509 0.0469913781 0.019375667
v -0.0626043528 0.0465138629 0.019375667
v -0.0641669482 0.0468578152 0.019375667
v -0.064203158 0.0467274003 0.019375667
v -0.0640527606 0.0446085185 0.019375667
v -0.0648022145 0.0460221358 0.019375667
v -0.0643328279 0.0444789417 0.019375667
v -0.0649250522 0.0459653065 0.019375667
v -0.0646252707 0.0443804078 0.019375667
v -0.065053314 0.0459220894 0.019375667
v -0.0649266466 0.0443140715 0.019375667
v -0.0651854947 0.0458929949 0.019375667
v -0.0652334318 0.0442807078 0.019375667
v -0.0653200522 0.0458783619 0.019375667
v -0.0655420199 0.0442807078 0.019375667
v -0.0654553995 0.0458783619 0.019375667
v -0.0669871047 0.0447676145 0.019375667
v -0.0672327727 0.044954367 0.019375667
v -0.0661969557 0.0461738259 0.019375667
v -0.0674568117 0.0451665819 0.019375667
v -0.0662952214 0.0462669022 0.019375667
v -0.0676565915 0.0454017818 0.019375667
v -0.0663828403 0.0463700593 0.019375667
v -0.0678297654 0.0456571989 0.019375667
v -0.0664587989 0.0464820862 0.019375667
v -0.065848805 0.0443140715 0.019375667
v -0.0655899495 0.0458929949 0.019375667
v -0.066150181 0.0443804078 0.019375667
v -0.0657221377 0.0459220894 0.019375667
v -0.0664426163 0.0444789417 0.019375667
v -0.0658503994 0.0459653065 0.019375667
v -0.0667226911 0.0446085185 0.019375667
v -0.0659732372 0.0460221358 0.019375667
v -0.0660892054 0.0460919142 0.019375667
v -0.0679743141 0.0459298417 0.019375667
v -0.0665221959 0.0466016643 0.019375667
v -0.0680885389 0.0462165177 0.019375667
v -0.0665722936 0.0467274003 0.019375667
v -0.0682210177 0.0474346653 0.019375667
v -0.0666377246 0.0471265279 0.019375667
v -0.0681710914 0.0465138629 0.019375667
v -0.0666085035 0.0468578152 0.019375667
v -0.0682210177 0.0468183868 0.019375667
v -0.0666303933 0.0469913781 0.019375667
v -0.0682377219 0.0471265279 0.019375667
v -0.0641450509 0.0469913781 0.0212056674
v -0.064137727 0.0471265279 0.0212056674
v -0.064137727 0.0471265279 0.019375667
v -0.0641669482 0.0468578152 0.0212056674
v -0.0641450509 0.0469913781 0.019375667
v -0.064203158 0.0467274003 0.0212056674
v -0.0641669482 0.0468578152 0.019375667
v -0.0642532557 0.0466016643 0.0212056674
v -0.064203158 0.0467274003 0.019375667
v -0.0643166527 0.0464820862 0.0212056674
v -0.0642532557 0.0466016643 0.019375667
v -0.0643926114 0.0463700593 0.0212056674
v -0.0643166527 0.0464820862 0.019375667
v -0.0644802302 0.0462669022 0.0212056674
v -0.0643926114 0.0463700593 0.019375667
v -0.0645784885 0.0461738259 0.0212056674
v -0.0644802302 0.0462669022 0.019375667
v -0.0646862388 0.0460919142 0.0212056674
v -0.0645784885 0.0461738259 0.019375667
v -0.0648022145 0.0460221358 0.0212056674
v -0.0646862388 0.0460919142 0.019375667
v -0.0649250522 0.0459653065 0.0212056674
v -0.0648022145 0.0460221358 0.019375667
v -0.065053314 0.0459220894 0.0212056674
v -0.0649250522 0.0459653065 0.019375667
v -0.0651854947 0.0458929949 0.0212056674
v -0.065053314 0.0459220894 0.019375667
v -0.0653200522 0.0458783619 0.0212056674
v -0.0651854947 0.0458929949 0.019375667
v -0.0654553995 0.0458783619 0.0212056674
v -0.0653200522 0.0458783619 0.019375667
v -0.0655899495 0.0458929949 0.0212056674
v -0.0654553995 0.0458783619 0.019375667
v -0.0657221377 0.0459220894 0.0212056674
v -0.0655899495 0.0458929949 0.019375667
v -0.0658503994 0.0459653065 0.0212056674
v -0.0657221377 0.0459220894 0.019375667
v -0.0659732372 0.0460221358 0.0212056674
v -0.0658503994 0.0459653065 0.019375667
v -0.0660892054 0.0460919142 0.0212056674
v -0.0659732372 0.0460221358 0.019375667
v -0.0661969557 0.0461738259 0.0212056674
v -0.0660892054 0.0460919142 0.019375667
v -0.0662952214 0.0462669022 0.0212056674
v -0.0661969557 0.0461738259 0.019375667
v -0.0663828403 0.0463700593 0.0212056674
v -0.0662952214 0.0462669022 0.019375667
v -0.0664587989 0.0464820862 0.0212056674
v -0.0663828403 0.0463700593 0.019375667
v -0.0665221959 0.0466016643 0.0212056674
v -0.0664587989 0.0464820862 0.019375667
v -0.0665722936 0.0467274003 0.0212056674
v -0.0665221959 0.0466016643 0.019375667
v -0.0666085035 0.0468578152 0.0212056674
v -0.0665722936 0.0467274003 0.019375667
v -0.0666303933 0.0469913781 0.0212056674
v -0.0666085035 0.0468578152 0.019375667
v -0.0666377246 0.0471265279 0.0212056674
v -0.0666303933 0.0469913781 0.019375667
v -0.0666303933 0.0472616777 0.0212056674
v -0.0666377246 0.0471265279 0.019375667
v -0.0666085035 0.0473952405 0.0212056674
v -0.0666303933 0.0472616777 0.019375667
v -0.0665722936 0.0475256555 0.0212056674
v -0.0666085035 0.0473952405 0.019375667
v -0.0665221959 0.0476513878 0.0212056674
v -0.0665722936 0.0475256555 0.019375667
v -0.0664587989 0.0477709696 0.0212056674
v -0.0665221959 0.0476513878 0.019375667
v -0.0663828403 0.0478829965 0.0212056674
v -0.0664587989 0.0477709696 0.019375667
v -0.0662952214 0.0479861498 0.0212056674
v -0.0663828403 0.0478829965 0.019375667
v -0.0661969557 0.0480792299 0.0212056674
v -0.0662952214 0.0479861498 0.019375667
v -0.0660892054 0.0481611378 0.0212056674
v -0.0661969557 0.0480792299 0.019375667
v -0.0659732372 0.0482309163 0.0212056674
v -0.0660892054 0.0481611378 0.019375667
v -0.0658503994 0.0482877493 0.0212056674
v -0.0659732372 0.0482309163 0.019375667
v -0.0657221377 0.0483309664 0.0212056674
v -0.0658503994 0.0482877493 0.019375667
v -0.0655899495 0.0483600609 0.0212056674
v -0.0657221377 0.0483309664 0.019375667
v -0.0654553995 0.0483746938 0.0212056674
v -0.0655899495 0.0483600609 0.019375667
v -0.0653200522 0.0483746938 0.0212056674
v -0.0654553995 0.0483746938 0.019375667
v -0.0651854947 0.0483600609 0.0212056674
v -0.0653200522 0.0483746938 0.019375667
v -0.065053314 0.0483309664 0.0212056674
v -0.0651854947 0.0483600609 0.019375667
v -0.0649250522 0.0482877493 0.0212056674
v -0.065053314 0.0483309664 0.019375667
v -0.0648022145 0.0482309163 0.0212056674
v -0.0649250522 0.0482877493 0.019375667
v -0.0646862388 0.0481611378 0.0212056674
v -0.0648022145 0.0482309163 0.019375667
v -0.0645784885 0.0480792299 0.0212056674
v -0.0646862388 0.0481611378 0.019375667
v -0.0644802302 0.0479861498 0.0212056674
v -0.0645784885 0.0480792299 0.019375667
v -0.0643926114 0.0478829965 0.0212056674
v -0.0644802302 0.0479861498 0.019375667
v -0.0643166527 0.0477709696 0.0212056674
v -0.0643926114 0.0478829965 0.019375667
v -0.0642532557 0.0476513878 0.0212056674
v -0.0643166527 0.0477709696 0.019375667
v -0.064203158 0.0475256555 0.0212056674
v -0.0642532557 0.0476513878 0.019375667
v -0.0641669482 0.0473952405 0.0212056674
v -0.064203158 0.0475256555 0.019375667
v -0.0641450509 0.0472616777 0.0212056674
v -0.0641669482 0.0473952405 0.019375667
v -0.0641450509 0.0472616777 0.019375667
v -0.0965567455 0.0280277953 0.0177056678
v -0.0965734571 0.0283359345 0.0177056678
v -0.0965734571 0.0283359345 0.019375667
v -0.0965068266 0.0277232695 0.0177056678
v -0.0965567455 0.0280277953 0.019375667
v -0.0964242667 0.0274259262 0.0177056678
v -0.0965068266 0.0277232695 0.019375667
v -0.0963100418 0.0271392502 0.0177056678
v -0.0964242667 0.0274259262 0.019375667
v -0.0961655006 0.0268666055 0.0177056678
v -0.0963100418 0.0271392502 0.019375667
v -0.0959923193 0.0266111884 0.0177056678
v -0.0961655006 0.0268666055 0.019375667
v -0.0957925394 0.0263759922 0.0177056678
v -0.0959923193 0.0266111884 0.019375667
v -0.0955685079 0.0261637736 0.0177056678
v -0.0957925394 0.0263759922 0.019375667
v -0.0953228399 0.0259770211 0.0177056678
v -0.0955685079 0.0261637736 0.019375667
v -0.0950584188 0.0258179251 0.0177056678
v -0.0953228399 0.0259770211 0.019375667
v -0.0947783515 0.0256883521 0.0177056678
v -0.0950584188 0.0258179251 0.019375667
v -0.0944859087 0.0255898181 0.0177056678
v -0.0947783515 0.0256883521 0.019375667
v -0.0941845328 0.02552348 0.0177056678
v -0.0944859087 0.0255898181 0.019375667
v -0.0938777477 0.0254901145 0.0177056678
v -0.0941845328 0.02552348 0.019375667
v -0.0935691595 0.0254901145 0.0177056678
v -0.0938777477 0.0254901145 0.019375667
v -0.0932623744 0.02552348 0.0177056678
v -0.0935691595 0.0254901145 0.019375667
v -0.0932623744 0.02552348 0.019375667
v -0.0929609984 0.0255898181 0.019375667
v -0.0929787233 0.0255859159 0.0177056678
v -0.0929609984 0.0255898181 0.0177056678
v -0.0926685631 0.0256883521 0.0177056678
v -0.0923884884 0.0258179251 0.0177056678
v -0.0926685631 0.0256883521 0.019375667
v -0.0921240747 0.0259770211 0.0177056678
v -0.0923884884 0.0258179251 0.019375667
v -0.0918784067 0.0261637736 0.0177056678
v -0.0921240747 0.0259770211 0.019375667
v -0.0916543677 0.0263759922 0.0177056678
v -0.0918784067 0.0261637736 0.019375667
v -0.0914545879 0.0266111884 0.0177056678
v -0.0916543677 0.0263759922 0.019375667
v -0.091281414 0.0268666055 0.0177056678
v -0.0914545879 0.0266111884 0.019375667
v -0.0911368653 0.0271392502 0.0177056678
v -0.091281414 0.0268666055 0.019375667
v -0.0910226405 0.0274259262 0.0177056678
v -0.0911368653 0.0271392502 0.019375667
v -0.090940088 0.0277232695 0.0177056678
v -0.0910226405 0.0274259262 0.019375667
v -0.0908901617 0.0280277953 0.0177056678
v -0.090940088 0.0277232695 0.019375667
v -0.0908734575 0.0283359345 0.0177056678
v -0.0908901617 0.0280277953 0.019375667
v -0.0908901617 0.0286440738 0.0177056678
v -0.0908734575 0.0283359345 0.019375667
v -0.090940088 0.0289486013 0.0177056678
v -0.0908901617 0.0286440738 0.019375667
v -0.0910226405 0.0292459447 0.0177056678
v -0.090940088 0.0289486013 0.019375667
v -0.0911368653 0.0295326188 0.0177056678
v -0.0910226405 0.0292459447 0.019375667
v -0.091281414 0.0298052635 0.0177056678
v -0.0911368653 0.0295326188 0.019375667
v -0.0914545879 0.0300606806 0.0177056678
v -0.091281414 0.0298052635 0.019375667
v -0.0916543677 0.0302958786 0.0177056678
v -0.0914545879 0.0300606806 0.019375667
v -0.0918784067 0.0305080973 0.0177056678
v -0.0916543677 0.0302958786 0.019375667
v -0.0921240747 0.0306948479 0.0177056678
v -0.0918784067 0.0305080973 0.019375667
v -0.0923884884 0.0308539439 0.0177056678
v -0.0921240747 0.0306948479 0.019375667
v -0.0926685631 0.0309835188 0.0177056678
v -0.0923884884 0.0308539439 0.019375667
v -0.0929609984 0.0310820527 0.0177056678
v -0.0926685631 0.0309835188 0.019375667
v -0.0932623744 0.0311483908 0.019375667
v -0.0932623744 0.0311483908 0.0177056678
v -0.0929787233 0.0310859531 0.0177056678
v -0.0929609984 0.0310820527 0.019375667
v -0.0935691595 0.0311817545 0.0177056678
v -0.0938777477 0.0311817545 0.0177056678
v -0.0935691595 0.0311817545 0.019375667
v -0.0941845328 0.0311483908 0.0177056678
v -0.0938777477 0.0311817545 0.019375667
v -0.0944859087 0.0310820527 0.0177056678
v -0.0941845328 0.0311483908 0.019375667
v -0.0947783515 0.0309835188 0.0177056678
v -0.0944859087 0.0310820527 0.019375667
v -0.0950584188 0.0308539439 0.0177056678
v -0.0947783515 0.0309835188 0.019375667
v -0.0953228399 0.0306948479 0.0177056678
v -0.0950584188 0.0308539439 0.019375667
v -0.0955685079 0.0305080973 0.0177056678
v -0.0953228399 0.0306948479 0.019375667
v -0.0957925394 0.0302958786 0.0177056678
v -0.0955685079 0.0305080973 0.019375667
v -0.0959923193 0.0300606806 0.0177056678
v -0.0957925394 0.0302958786 0.019375667
v -0.0961655006 0.0298052635 0.0177056678
v -0.0959923193 0.0300606806 0.019375667
v -0.0963100418 0.0295326188 0.0177056678
v -0.0961655006 0.0298052635 0.019375667
v -0.0964242667 0.0292459447 0.0177056678
v -0.0963100418 0.0295326188 0.019375667
v -0.0965068266 0.0289486013 0.0177056678
v -0.0964242667 0.0292459447 0.019375667
v -0.0965567455 0.0286440738 0.0177056678
v -0.0965068266 0.0289486013 0.019375667
v -0.0965567455 0.0286440738 0.019375667
v -0.0929609984 0.0255898181 0.019375667
v -0.0933890417 0.0271314979 0.019375667
v -0.09326078 0.0271747131 0.019375667
v -0.0932623744 0.02552348 0.019375667
v -0.0935212299 0.0271024015 0.019375667
v -0.0947783515 0.0309835188 0.019375667
v -0.0944859087 0.0310820527 0.019375667
v -0.0940578654 0.029540373 0.019375667
v -0.0941845328 0.0311483908 0.019375667
v -0.0939256847 0.0295694675 0.019375667
v -0.0935691595 0.0254901145 0.019375667
v -0.09365578 0.0270877685 0.019375667
v -0.0944859087 0.0255898181 0.019375667
v -0.0940578654 0.0271314979 0.019375667
v -0.0939256847 0.0271024015 0.019375667
v -0.0947783515 0.0256883521 0.019375667
v -0.0941861272 0.0271747131 0.019375667
v -0.0938777477 0.0311817545 0.019375667
v -0.0937911272 0.0295841023 0.019375667
v -0.0932623744 0.0311483908 0.019375667
v -0.0929609984 0.0310820527 0.019375667
v -0.0933890417 0.029540373 0.019375667
v -0.0926685631 0.0309835188 0.019375667
v -0.09326078 0.0294971559 0.019375667
v -0.0921240747 0.0259770211 0.019375667
v -0.093021974 0.0273013227 0.019375667
v -0.0929142237 0.0273832325 0.019375667
v -0.0923884884 0.0258179251 0.019375667
v -0.0931379423 0.0272315443 0.019375667
v -0.0926685631 0.0256883521 0.019375667
v -0.0941845328 0.02552348 0.019375667
v -0.0937911272 0.0270877685 0.019375667
v -0.0955685079 0.0305080973 0.019375667
v -0.0953228399 0.0306948479 0.019375667
v -0.0944249406 0.0293705463 0.019375667
v -0.0950584188 0.0308539439 0.019375667
v -0.0943089649 0.0294403248 0.019375667
v -0.0941861272 0.0294971559 0.019375667
v -0.0935691595 0.0311817545 0.019375667
v -0.0935212299 0.0295694675 0.019375667
v -0.0950584188 0.0258179251 0.019375667
v -0.0943089649 0.0272315443 0.019375667
v -0.0953228399 0.0259770211 0.019375667
v -0.0944249406 0.0273013227 0.019375667
v -0.0955685079 0.0261637736 0.019375667
v -0.0945326909 0.0273832325 0.019375667
v -0.0961655006 0.0298052635 0.019375667
v -0.0959923193 0.0300606806 0.019375667
v -0.094718568 0.0290924031 0.019375667
v -0.0957925394 0.0302958786 0.019375667
v -0.0946309492 0.0291955583 0.019375667
v -0.0923884884 0.0308539439 0.019375667
v -0.0931379423 0.0294403248 0.019375667
v -0.0921240747 0.0306948479 0.019375667
v -0.093021974 0.0293705463 0.019375667
v -0.0918784067 0.0305080973 0.019375667
v -0.0929142237 0.0292886365 0.019375667
v -0.0938777477 0.0254901145 0.019375667
v -0.0959923193 0.0266111884 0.019375667
v -0.094718568 0.0275794677 0.019375667
v -0.0946309492 0.0274763107 0.019375667
v -0.0961655006 0.0268666055 0.019375667
v -0.0947945267 0.0276914928 0.019375667
v -0.0963100418 0.0295326188 0.019375667
v -0.0948579237 0.0288607962 0.019375667
v -0.0949080214 0.0287350621 0.019375667
v -0.0947945267 0.0289803762 0.019375667
v -0.0945326909 0.0292886365 0.019375667
v -0.09365578 0.0295841023 0.019375667
v -0.0908901617 0.0280277953 0.019375667
v -0.090940088 0.0277232695 0.019375667
v -0.0925026834 0.0280672219 0.019375667
v -0.0910226405 0.0274259262 0.019375667
v -0.0925388858 0.0279368088 0.019375667
v -0.0911368653 0.0271392502 0.019375667
v -0.0925889835 0.0278110728 0.019375667
v -0.091281414 0.0268666055 0.019375667
v -0.0926523805 0.0276914928 0.019375667
v -0.0916543677 0.0263759922 0.019375667
v -0.092815958 0.0274763107 0.019375667
v -0.0927283391 0.0275794677 0.019375667
v -0.0918784067 0.0261637736 0.019375667
v -0.0957925394 0.0263759922 0.019375667
v -0.0916543677 0.0302958786 0.019375667
v -0.0914545879 0.0300606806 0.019375667
v -0.0927283391 0.0290924031 0.019375667
v -0.091281414 0.0298052635 0.019375667
v -0.0926523805 0.0289803762 0.019375667
v -0.0908901617 0.0286440738 0.019375667
v -0.0908734575 0.0283359345 0.019375667
v -0.0924734548 0.0283359345 0.019375667
v -0.0924807861 0.0282007866 0.019375667
v -0.0914545879 0.0266111884 0.019375667
v -0.0963100418 0.0271392502 0.019375667
v -0.0948579237 0.0278110728 0.019375667
v -0.0964242667 0.0274259262 0.019375667
v -0.0949080214 0.0279368088 0.019375667
v -0.0965068266 0.0277232695 0.019375667
v -0.0949442312 0.0280672219 0.019375667
v -0.0965567455 0.0280277953 0.019375667
v -0.0949661285 0.0282007866 0.019375667
v -0.092815958 0.0291955583 0.019375667
v -0.0965068266 0.0289486013 0.019375667
v -0.0949442312 0.0286046471 0.019375667
v -0.0949661285 0.0284710843 0.019375667
v -0.0964242667 0.0292459447 0.019375667
v -0.0911368653 0.0295326188 0.019375667
v -0.0925889835 0.0288607962 0.019375667
v -0.0910226405 0.0292459447 0.019375667
v -0.0925388858 0.0287350621 0.019375667
v -0.0965734571 0.0283359345 0.019375667
v -0.0949734524 0.0283359345 0.019375667
v -0.0965567455 0.0286440738 0.019375667
v -0.090940088 0.0289486013 0.019375667
v -0.0925026834 0.0286046471 0.019375667
v -0.0924807861 0.0284710843 0.019375667
v -0.0924807861 0.0282007866 0.0212056674
v -0.0924734548 0.0283359345 0.0212056674
v -0.0924734548 0.0283359345 0.019375667
v -0.0925026834 0.0280672219 0.0212056674
v -0.0924807861 0.0282007866 0.019375667
v -0.0925388858 0.0279368088 0.0212056674
v -0.0925026834 0.0280672219 0.019375667
v -0.0925889835 0.0278110728 0.0212056674
v -0.0925388858 0.0279368088 0.019375667
v -0.0926523805 0.0276914928 0.0212056674
v -0.0925889835 0.0278110728 0.019375667
v -0.0927283391 0.0275794677 0.0212056674
v -0.0926523805 0.0276914928 0.019375667
v -0.092815958 0.0274763107 0.0212056674
v -0.0927283391 0.0275794677 0.019375667
v -0.0929142237 0.0273832325 0.0212056674
v -0.092815958 0.0274763107 0.019375667
v -0.093021974 0.0273013227 0.0212056674
v -0.0929142237 0.0273832325 0.019375667
v -0.0931379423 0.0272315443 0.0212056674
v -0.093021974 0.0273013227 0.019375667
v -0.09326078 0.0271747131 0.0212056674
v -0.0931379423 0.0272315443 0.019375667
v -0.0933890417 0.0271314979 0.0212056674
v -0.09326078 0.0271747131 0.019375667
v -0.0935212299 0.0271024015 0.0212056674
v -0.0933890417 0.0271314979 0.019375667
v -0.09365578 0.0270877685 0.0212056674
v -0.0935212299 0.0271024015 0.019375667
v -0.0937911272 0.0270877685 0.0212056674
v -0.09365578 0.0270877685 0.019375667
v -0.0939256847 0.0271024015 0.0212056674
v -0.0937911272 0.0270877685 0.019375667
v -0.0940578654 0.0271314979 0.0212056674
v -0.0939256847 0.0271024015 0.019375667
v -0.0941861272 0.0271747131 0.0212056674
v -0.0940578654 0.0271314979 0.019375667
v -0.0943089649 0.0272315443 0.0212056674
v -0.0941861272 0.0271747131 0.019375667
v -0.0944249406 0.0273013227 0.0212056674
v -0.0943089649 0.0272315443 0.019375667
v -0.0945326909 0.0273832325 0.0212056674
v -0.0944249406 0.0273013227 0.019375667
v -0.0946309492 0.0274763107 0.0212056674
v -0.0945326909 0.0273832325 0.019375667
v -0.094718568 0.0275794677 0.0212056674
v -0.0946309492 0.0274763107 0.019375667
v -0.0947945267 0.0276914928 0.0212056674
v -0.094718568 0.0275794677 0.019375667
v -0.0948579237 0.0278110728 0.0212056674
v -0.0947945267 0.0276914928 0.019375667
v -0.0949080214 0.0279368088 0.0212056674
v -0.0948579237 0.0278110728 0.019375667
v -0.0949442312 0.0280672219 0.0212056674
v -0.0949080214 0.0279368088 0.019375667
v -0.0949661285 0.0282007866 0.0212056674
v -0.0949442312 0.0280672219 0.019375667
v -0.0949734524 0.0283359345 0.0212056674
v -0.0949661285 0.0282007866 0.019375667
v -0.0949661285 0.0284710843 0.0212056674
v -0.0949734524 0.0283359345 0.019375667
v -0.0949442312 0.0286046471 0.0212056674
v -0.0949661285 0.0284710843 0.019375667
v -0.0949080214 0.0287350621 0.0212056674
v -0.0949442312 0.0286046471 0.019375667
v -0.0948579237 0.0288607962 0.0212056674
v -0.0949080214 0.0287350621 0.019375667
v -0.0947945267 0.0289803762 0.0212056674
v -0.0948579237 0.0288607962 0.019375667
v -0.094718568 0.0290924031 0.0212056674
v -0.0947945267 0.0289803762 0.019375667
v -0.0946309492 0.0291955583 0.0212056674
v -0.094718568 0.0290924031 0.019375667
v -0.0945326909 0.0292886365 0.0212056674
v -0.0946309492 0.0291955583 0.019375667
v -0.0944249406 0.0293705463 0.0212056674
v -0.0945326909 0.0292886365 0.019375667
v -0.0943089649 0.0294403248 0.0212056674
v -0.0944249406 0.0293705463 0.019375667
v -0.0941861272 0.0294971559 0.0212056674
v -0.0943089649 0.0294403248 0.019375667
v -0.0940578654 0.029540373 0.0212056674
v -0.0941861272 0.0294971559 0.019375667
v -0.0939256847 0.0295694675 0.0212056674
v -0.0940578654 0.029540373 0.019375667
v -0.0937911272 0.0295841023 0.0212056674
v -0.0939256847 0.0295694675 0.019375667
v -0.09365578 0.0295841023 0.0212056674
v -0.0937911272 0.0295841023 0.019375667
v -0.0935212299 0.0295694675 0.0212056674
v -0.09365578 0.0295841023 0.019375667
v -0.0933890417 0.029540373 0.0212056674
v -0.0935212299 0.0295694675 0.019375667
v -0.09326078 0.0294971559 0.0212056674
v -0.0933890417 0.029540373 0.019375667
v -0.0931379423 0.0294403248 0.0212056674
v -0.09326078 0.0294971559 0.019375667
v -0.093021974 0.0293705463 0.0212056674
v -0.0931379423 0.0294403248 0.019375667
v -0.0929142237 0.0292886365 0.0212056674
v -0.093021974 0.0293705463 0.019375667
v -0.092815958 0.0291955583 0.0212056674
v -0.0929142237 0.0292886365 0.019375667
v -0.0927283391 0.0290924031 0.0212056674
v -0.092815958 0.0291955583 0.019375667
v -0.0926523805 0.0289803762 0.0212056674
v -0.0927283391 0.0290924031 0.019375667
v -0.0925889835 0.0288607962 0.0212056674
v -0.0926523805 0.0289803762 0.019375667
v -0.0925388858 0.0287350621 0.0212056674
v -0.0925889835 0.0288607962 0.019375667
v -0.0925026834 0.0286046471 0.0212056674
v -0.0925388858 0.0287350621 0.019375667
v -0.0924807861 0.0284710843 0.0212056674
v -0.0925026834 0.0286046471 0.019375667
v -0.0924807861 0.0284710843 0.019375667
v -0.126997739 0.0431719609 0.0177056678
v -0.127014458 0.043480102 0.0177056678
v -0.127014458 0.043480102 0.019375667
v -0.12694782 0.042867437 0.019375667
v -0.12694782 0.042867437 0.0177056678
v -0.126948714 0.0428729132 0.0177056678
v -0.126997739 0.0431719609 0.019375667
v -0.126865268 0.0425700918 0.0177056678
v -0.126751035 0.0422834158 0.0177056678
v -0.126865268 0.0425700918 0.019375667
v -0.126606494 0.042010773 0.0177056678
v -0.126751035 0.0422834158 0.019375667
v -0.126433313 0.0417553559 0.0177056678
v -0.126606494 0.042010773 0.019375667
v -0.126233533 0.0415201597 0.0177056678
v -0.126433313 0.0417553559 0.019375667
v -0.126009509 0.0413079411 0.0177056678
v -0.126233533 0.0415201597 0.019375667
v -0.125763834 0.0411211886 0.0177056678
v -0.126009509 0.0413079411 0.019375667
v -0.125763834 0.0411211886 0.019375667
v -0.125499412 0.0409620926 0.019375667
v -0.125561833 0.040999651 0.0177056678
v -0.125499412 0.0409620926 0.0177056678
v -0.125219345 0.0408325195 0.0177056678
v -0.12492691 0.0407339856 0.0177056678
v -0.125219345 0.0408325195 0.019375667
v -0.124625526 0.0406676456 0.0177056678
v -0.12492691 0.0407339856 0.019375667
v -0.124318749 0.0406342819 0.0177056678
v -0.124625526 0.0406676456 0.019375667
v -0.124010153 0.0406342819 0.0177056678
v -0.124318749 0.0406342819 0.019375667
v -0.123703375 0.0406676456 0.0177056678
v -0.124010153 0.0406342819 0.019375667
v -0.123401992 0.0407339856 0.0177056678
v -0.123703375 0.0406676456 0.019375667
v -0.123109557 0.0408325195 0.0177056678
v -0.123401992 0.0407339856 0.019375667
v -0.122829489 0.0409620926 0.0177056678
v -0.123109557 0.0408325195 0.019375667
v -0.122565068 0.0411211886 0.0177056678
v -0.122829489 0.0409620926 0.019375667
v -0.1223194 0.0413079411 0.0177056678
v -0.122565068 0.0411211886 0.019375667
v -0.122095361 0.0415201597 0.0177056678
v -0.1223194 0.0413079411 0.019375667
v -0.121895589 0.0417553559 0.0177056678
v -0.122095361 0.0415201597 0.019375667
v -0.121722408 0.042010773 0.0177056678
v -0.121895589 0.0417553559 0.019375667
v -0.121577859 0.0422834158 0.0177056678
v -0.121722408 0.042010773 0.019375667
v -0.121463642 0.0425700918 0.0177056678
v -0.121577859 0.0422834158 0.019375667
v -0.121381082 0.042867437 0.0177056678
v -0.121463642 0.0425700918 0.019375667
v -0.121331155 0.0431719609 0.019375667
v -0.121331155 0.0431719609 0.0177056678
v -0.121380188 0.0428729132 0.0177056678
v -0.121381082 0.042867437 0.019375667
v -0.121314451 0.043480102 0.0177056678
v -0.121331155 0.0437882394 0.0177056678
v -0.121314451 0.043480102 0.019375667
v -0.121381082 0.0440927669 0.0177056678
v -0.121331155 0.0437882394 0.019375667
v -0.121463642 0.0443901122 0.0177056678
v -0.121381082 0.0440927669 0.019375667
v -0.121577859 0.0446767844 0.0177056678
v -0.121463642 0.0443901122 0.019375667
v -0.121722408 0.044949431 0.0177056678
v -0.121577859 0.0446767844 0.019375667
v -0.121895589 0.0452048481 0.0177056678
v -0.121722408 0.044949431 0.019375667
v -0.122095361 0.0454400443 0.0177056678
v -0.121895589 0.0452048481 0.019375667
v -0.1223194 0.0456522629 0.0177056678
v -0.122095361 0.0454400443 0.019375667
v -0.122565068 0.0458390154 0.0177056678
v -0.1223194 0.0456522629 0.019375667
v -0.122829489 0.0459981114 0.0177056678
v -0.122565068 0.0458390154 0.019375667
v -0.123109557 0.0461276844 0.0177056678
v -0.122829489 0.0459981114 0.019375667
v -0.123401992 0.0462262183 0.0177056678
v -0.123109557 0.0461276844 0.019375667
v -0.123703375 0.0462925583 0.0177056678
v -0.123401992 0.0462262183 0.019375667
v -0.124010153 0.046325922 0.0177056678
v -0.123703375 0.0462925583 0.019375667
v -0.124318749 0.046325922 0.0177056678
v -0.124010153 0.046325922 0.019375667
v -0.124625526 0.0462925583 0.0177056678
v -0.124318749 0.046325922 0.019375667
v -0.12492691 0.0462262183 0.0177056678
v -0.124625526 0.0462925583 0.019375667
v -0.125219345 0.0461276844 0.0177056678
v -0.12492691 0.0462262183 0.019375667
v -0.125499412 0.0459981114 0.0177056678
v -0.125219345 0.0461276844 0.019375667
v -0.125763834 0.0458390154 0.019375667
v -0.125763834 0.0458390154 0.0177056678
v -0.125561833 0.045960553 0.0177056678
v -0.125499412 0.0459981114 0.019375667
v -0.126009509 0.0456522629 0.0177056678
v -0.126233533 0.0454400443 0.0177056678
v -0.126009509 0.0456522629 0.019375667
v -0.126433313 0.0452048481 0.0177056678
v -0.126233533 0.0454400443 0.019375667
v -0.126606494 0.044949431 0.0177056678
v -0.126433313 0.0452048481 0.019375667
v -0.126751035 0.0446767844 0.0177056678
v -0.126606494 0.044949431 0.019375667
v -0.126865268 0.0443901122 0.0177056678
v -0.126751035 0.0446767844 0.019375667
v -0.12694782 0.0440927669 0.0177056678
v -0.126865268 0.0443901122 0.019375667
v -0.126997739 0.0437882394 0.0177056678
v -0.12694782 0.0440927669 0.019375667
v -0.126997739 0.0437882394 0.019375667
v -0.126233533 0.0454400443 0.019375667
v -0.126009509 0.0456522629 0.019375667
v -0.124973685 0.044432804 0.019375667
v -0.125763834 0.0458390154 0.019375667
v -0.124865934 0.0445147119 0.019375667
v -0.125499412 0.0459981114 0.019375667
v -0.124749959 0.0445844904 0.019375667
v -0.125219345 0.0461276844 0.019375667
v -0.124627121 0.0446413234 0.019375667
v -0.126865268 0.0443901122 0.019375667
v -0.125349015 0.0438792296 0.019375667
v -0.125385225 0.0437488146 0.019375667
v -0.126751035 0.0446767844 0.019375667
v -0.125298917 0.0440049618 0.019375667
v -0.126606494 0.044949431 0.019375667
v -0.126433313 0.0452048481 0.019375667
v -0.125159562 0.0442365706 0.019375667
v -0.125071943 0.0443397276 0.019375667
v -0.122565068 0.0458390154 0.019375667
v -0.1223194 0.0456522629 0.019375667
v -0.123355217 0.044432804 0.019375667
v -0.122095361 0.0454400443 0.019375667
v -0.123256959 0.0443397276 0.019375667
v -0.121895589 0.0452048481 0.019375667
v -0.123169333 0.0442365706 0.019375667
v -0.121722408 0.044949431 0.019375667
v -0.123093382 0.0441245437 0.019375667
v -0.125235528 0.0441245437 0.019375667
v -0.121577859 0.0446767844 0.019375667
v -0.123029985 0.0440049618 0.019375667
v -0.121463642 0.0443901122 0.019375667
v -0.122979887 0.0438792296 0.019375667
v -0.121895589 0.0417553559 0.019375667
v -0.123169333 0.0427236333 0.019375667
v -0.123093382 0.0428356603 0.019375667
v -0.122095361 0.0415201597 0.019375667
v -0.123256959 0.0426204763 0.019375667
v -0.1223194 0.0413079411 0.019375667
v -0.123355217 0.0425274 0.019375667
v -0.122565068 0.0411211886 0.019375667
v -0.123462968 0.042445492 0.019375667
v -0.12492691 0.0462262183 0.019375667
v -0.124498859 0.0446845405 0.019375667
v -0.124625526 0.0462925583 0.019375667
v -0.124366678 0.044713635 0.019375667
v -0.124318749 0.046325922 0.019375667
v -0.124232128 0.0447282679 0.019375667
v -0.124010153 0.046325922 0.019375667
v -0.124096781 0.0447282679 0.019375667
v -0.121381082 0.0440927669 0.019375667
v -0.122943677 0.0437488146 0.019375667
v -0.121331155 0.0437882394 0.019375667
v -0.12292178 0.0436152518 0.019375667
v -0.121463642 0.0425700918 0.019375667
v -0.121577859 0.0422834158 0.019375667
v -0.123029985 0.0429552384 0.019375667
v -0.121722408 0.042010773 0.019375667
v -0.123703375 0.0462925583 0.019375667
v -0.123962224 0.044713635 0.019375667
v -0.123401992 0.0462262183 0.019375667
v -0.123830043 0.0446845405 0.019375667
v -0.123109557 0.0461276844 0.019375667
v -0.123701781 0.0446413234 0.019375667
v -0.122829489 0.0459981114 0.019375667
v -0.123578943 0.0445844904 0.019375667
v -0.123462968 0.0445147119 0.019375667
v -0.121314451 0.043480102 0.019375667
v -0.122914448 0.043480102 0.019375667
v -0.121331155 0.0431719609 0.019375667
v -0.12292178 0.0433449522 0.019375667
v -0.121381082 0.042867437 0.019375667
v -0.122943677 0.0432113893 0.019375667
v -0.122979887 0.0430809744 0.019375667
v -0.122829489 0.0409620926 0.019375667
v -0.123578943 0.0423757099 0.019375667
v -0.123109557 0.0408325195 0.019375667
v -0.123701781 0.0423188806 0.019375667
v -0.123401992 0.0407339856 0.019375667
v -0.123830043 0.0422756635 0.019375667
v -0.123703375 0.0406676456 0.019375667
v -0.123962224 0.0422465689 0.019375667
v -0.124010153 0.0406342819 0.019375667
v -0.124096781 0.042231936 0.019375667
v -0.124318749 0.0406342819 0.019375667
v -0.124232128 0.042231936 0.019375667
v -0.124625526 0.0406676456 0.019375667
v -0.124366678 0.0422465689 0.019375667
v -0.12492691 0.0407339856 0.019375667
v -0.124498859 0.0422756635 0.019375667
v -0.125219345 0.0408325195 0.019375667
v -0.124627121 0.0423188806 0.019375667
v -0.125499412 0.0409620926 0.019375667
v -0.124749959 0.0423757099 0.019375667
v -0.125763834 0.0411211886 0.019375667
v -0.124865934 0.042445492 0.019375667
v -0.126009509 0.0413079411 0.019375667
v -0.124973685 0.0425274 0.019375667
v -0.126233533 0.0415201597 0.019375667
v -0.125071943 0.0426204763 0.019375667
v -0.126433313 0.0417553559 0.019375667
v -0.125159562 0.0427236333 0.019375667
v -0.126606494 0.042010773 0.019375667
v -0.125235528 0.0428356603 0.019375667
v -0.126865268 0.0425700918 0.019375667
v -0.125349015 0.0430809744 0.019375667
v -0.125298917 0.0429552384 0.019375667
v -0.12694782 0.042867437 0.019375667
v -0.125385225 0.0432113893 0.019375667
v -0.126751035 0.0422834158 0.019375667
v -0.126997739 0.0437882394 0.019375667
v -0.12540713 0.0436152518 0.019375667
v -0.125414446 0.043480102 0.019375667
v -0.12694782 0.0440927669 0.019375667
v -0.126997739 0.0431719609 0.019375667
v -0.12540713 0.0433449522 0.019375667
v -0.127014458 0.043480102 0.019375667
v -0.12292178 0.0433449522 0.0212056674
v -0.122914448 0.043480102 0.0212056674
v -0.122914448 0.043480102 0.019375667
v -0.122943677 0.0432113893 0.0212056674
v -0.12292178 0.0433449522 0.019375667
v -0.122979887 0.0430809744 0.0212056674
v -0.122943677 0.0432113893 0.019375667
v -0.123029985 0.0429552384 0.0212056674
v -0.122979887 0.0430809744 0.019375667
v -0.123093382 0.0428356603 0.0212056674
v -0.123029985 0.0429552384 0.019375667
v -0.123169333 0.0427236333 0.0212056674
v -0.123093382 0.0428356603 0.019375667
v -0.123256959 0.0426204763 0.0212056674
v -0.123169333 0.0427236333 0.019375667
v -0.123355217 0.0425274 0.0212056674
v -0.123256959 0.0426204763 0.019375667
v -0.123462968 0.042445492 0.0212056674
v -0.123355217 0.0425274 0.019375667
v -0.123578943 0.0423757099 0.0212056674
v -0.123462968 0.042445492 0.019375667
v -0.123701781 0.0423188806 0.0212056674
v -0.123578943 0.0423757099 0.019375667
v -0.123830043 0.0422756635 0.0212056674
v -0.123701781 0.0423188806 0.019375667
v -0.123962224 0.0422465689 0.0212056674
v -0.123830043 0.0422756635 0.019375667
v -0.124096781 0.042231936 0.0212056674
v -0.123962224 0.0422465689 0.019375667
v -0.124232128 0.042231936 0.0212056674
v -0.124096781 0.042231936 0.019375667
v -0.124366678 0.0422465689 0.0212056674
v -0.124232128 0.042231936 0.019375667
v -0.124498859 0.0422756635 0.0212056674
v -0.124366678 0.0422465689 0.019375667
v -0.124627121 0.0423188806 0.0212056674
v -0.124498859 0.0422756635 0.019375667
v -0.124749959 0.0423757099 0.0212056674
v -0.124627121 0.0423188806 0.019375667
v -0.124865934 0.042445492 0.0212056674
v -0.124749959 0.0423757099 0.019375667
v -0.124973685 0.0425274 0.0212056674
v -0.124865934 0.042445492 0.019375667
v -0.125071943 0.0426204763 0.0212056674
v -0.124973685 0.0425274 0.019375667
v -0.125159562 0.0427236333 0.0212056674
v -0.125071943 0.0426204763 0.019375667
v -0.125235528 0.0428356603 0.0212056674
v -0.125159562 0.0427236333 0.019375667
v -0.125298917 0.0429552384 0.0212056674
v -0.125235528 0.0428356603 0.019375667
v -0.125349015 0.0430809744 0.0212056674
v -0.125298917 0.0429552384 0.019375667
v -0.125385225 0.0432113893 0.0212056674
v -0.125349015 0.0430809744 0.019375667
v -0.12540713 0.0433449522 0.0212056674
v -0.125385225 0.0432113893 0.019375667
v -0.125414446 0.043480102 0.0212056674
v -0.12540713 0.0433449522 0.019375667
v -0.12540713 0.0436152518 0.0212056674
v -0.125414446 0.043480102 0.019375667
v -0.125385225 0.0437488146 0.0212056674
v -0.12540713 0.0436152518 0.019375667
v -0.125349015 0.0438792296 0.0212056674
v -0.125385225 0.0437488146 0.019375667
v -0.125349015 0.0438792296 0.019375667
v -0.125298917 0.0440049618 0.019375667
v -0.125306517 0.0439859033 0.0212056674
v -0.125298917 0.0440049618 0.0212056674
v -0.125235528 0.0441245437 0.0212056674
v -0.125159562 0.0442365706 0.0212056674
v -0.125235528 0.0441245437 0.019375667
v -0.125071943 0.0443397276 0.0212056674
v -0.125159562 0.0442365706 0.019375667
v -0.124973685 0.044432804 0.0212056674
v -0.125071943 0.0443397276 0.019375667
v -0.124865934 0.0445147119 0.0212056674
v -0.124973685 0.044432804 0.019375667
v -0.124749959 0.0445844904 0.0212056674
v -0.124865934 0.0445147119 0.019375667
v -0.124627121 0.0446413234 0.0212056674
v -0.124749959 0.0445844904 0.019375667
v -0.124498859 0.0446845405 0.0212056674
v -0.124627121 0.0446413234 0.019375667
v -0.124366678 0.044713635 0.0212056674
v -0.124498859 0.0446845405 0.019375667
v -0.124232128 0.0447282679 0.0212056674
v -0.124366678 0.044713635 0.019375667
v -0.124096781 0.0447282679 0.0212056674
v -0.124232128 0.0447282679 0.019375667
v -0.123962224 0.044713635 0.0212056674
v -0.124096781 0.0447282679 0.019375667
v -0.123830043 0.0446845405 0.0212056674
v -0.123962224 0.044713635 0.019375667
v -0.123701781 0.0446413234 0.0212056674
v -0.123830043 0.0446845405 0.019375667
v -0.123578943 0.0445844904 0.0212056674
v -0.123701781 0.0446413234 0.019375667
v -0.123462968 0.0445147119 0.0212056674
v -0.123578943 0.0445844904 0.019375667
v -0.123355217 0.044432804 0.0212056674
v -0.123462968 0.0445147119 0.019375667
v -0.123256959 0.0443397276 0.0212056674
v -0.123355217 0.044432804 0.019375667
v -0.123169333 0.0442365706 0.0212056674
v -0.123256959 0.0443397276 0.019375667
v -0.123093382 0.0441245437 0.0212056674
v -0.123169333 0.0442365706 0.019375667
v -0.123029985 0.0440049618 0.0212056674
v -0.123093382 0.0441245437 0.019375667
v -0.122979887 0.0438792296 0.019375667
v -0.122979887 0.0438792296 0.0212056674
v -0.123022385 0.0439859033 0.0212056674
v -0.123029985 0.0440049618 0.019375667
v -0.122943677 0.0437488146 0.0212056674
v -0.12292178 0.0436152518 0.0212056674
v -0.122943677 0.0437488146 0.019375667
v -0.12292178 0.0436152518 0.019375667
v -0.10220708 0.0389859043 0.0212056674
v -0.10220708 0.0326638184 0.0212056674
v -0.0958287194 0.0326638184 0.0212056674
v -0.0958287194 0.0389859043 0.0212056674
v -0.0894503593 0.0326638184 0.0212056674
v -0.0761015341 0.0389859043 0.0212056674
v -0.0761015341 0.0326638184 0.0212056674
v -0.0710093975 0.0326638184 0.0212056674
v -0.12670067 0.0439859033 0.0212056674
v -0.12670067 0.0389859043 0.0212056674
v -0.125648037 0.0389859043 0.0212056674
v -0.10220708 0.0439859033 0.0212056674
v -0.0958287194 0.0439859033 0.0212056674
v -0.0894503593 0.0389859043 0.0212056674
v -0.0761015341 0.0439859033 0.0212056674
v -0.0710093975 0.0389859043 0.0212056674
v -0.0710093975 0.0439859033 0.0212056674
v -0.0676903576 0.0389859043 0.0212056674
v -0.12670067 0.05344861 0.0212056674
v -0.125648037 0.0439859033 0.0212056674
v -0.115555905 0.05344861 0.0212056674
v -0.115555905 0.0439859033 0.0212056674
v -0.10220708 0.05344861 0.0212056674
v -0.0958287194 0.05344861 0.0212056674
v -0.0894503593 0.0439859033 0.0212056674
v -0.0894503593 0.05344861 0.0212056674
v -0.0761015341 0.05344861 0.0212056674
v -0.0710093975 0.05344861 0.0212056674
v -0.0676903576 0.0439859033 0.0212056674
v -0.115555905 0.071092777 0.0212056674
v -0.10220708 0.071092777 0.0212056674
v -0.0958287194 0.071092777 0.0212056674
v -0.0894503593 0.071092777 0.0212056674
v -0.115555905 0.079238072 0.0212056674
v -0.10220708 0.079238072 0.0212056674
v -0.0958287194 0.079238072 0.0212056674
v -0.0894503593 0.079238072 0.0212056674
v -0.0761015341 0.071092777 0.0212056674
v -0.0761015341 0.079238072 0.0212056674
v -0.0710093975 0.071092777 0.0212056674
v -0.0710093975 0.079238072 0.0212056674
v -0.0676903576 0.071092777 0.0212056674
v -0.12670067 0.0805554837 0.0212056674
v -0.12670067 0.079238072 0.0212056674
v -0.125648037 0.079238072 0.0212056674
v -0.125648037 0.0805554837 0.0212056674
v -0.115555905 0.0805554837 0.0212056674
v -0.10220708 0.0805554837 0.0212056674
v -0.0958287194 0.0805554837 0.0212056674
v -0.0894503593 0.0805554837 0.0212056674
v -0.0761015341 0.0805554837 0.0212056674
v -0.12670067 0.0855554864 0.0212056674
v -0.125648037 0.0855554864 0.0212056674
v -0.10220708 0.0855554864 0.0212056674
v -0.0958287194 0.0855554864 0.0212056674
v -0.0761015341 0.0855554864 0.0212056674
v -0.0710093975 0.0805554837 0.0212056674
v -0.12670067 0.071092777 0.0212056674
v -0.125859648 0.0626761392 0.0212056674
v -0.125793964 0.0630768314 0.0212056674
v -0.125881627 0.0622706935 0.0212056674
v -0.125685334 0.0610733144 0.0212056674
v -0.125793964 0.0614645556 0.0212056674
v -0.125859648 0.0618652478 0.0212056674
v -0.125648037 0.05344861 0.0212056674
v -0.125648037 0.0609797239 0.0212056674
v -0.125685334 0.0634680763 0.0212056674
v -0.125648037 0.063561663 0.0212056674
v -0.120743617 0.065754354 0.0212056674
v -0.120375097 0.0655838624 0.0212056674
v -0.119703934 0.0594125874 0.0212056674
v -0.120027177 0.0591668598 0.0212056674
v -0.11914628 0.0645400956 0.0212056674
v -0.118918419 0.0642040223 0.0212056674
v -0.119703934 0.0651288033 0.0212056674
v -0.119409151 0.0648495629 0.0212056674
v -0.121128403 0.065884009 0.0212056674
v -0.125648037 0.071092777 0.0212056674
v -0.124236085 0.0653745309 0.0212056674
v -0.123888165 0.0655838624 0.0212056674
v -0.123519652 0.0587870292 0.0212056674
v -0.123888165 0.0589575246 0.0212056674
v -0.120375097 0.0589575246 0.0212056674
v -0.120027177 0.0653745309 0.0212056674
v -0.12192861 0.0660151914 0.0212056674
v -0.121524952 0.0659712926 0.0212056674
v -0.123519652 0.065754354 0.0212056674
v -0.125344843 0.0642040223 0.0212056674
v -0.125116974 0.0645400956 0.0212056674
v -0.123134866 0.0586573817 0.0212056674
v -0.12192861 0.0585261919 0.0212056674
v -0.122334652 0.0585261919 0.0212056674
v -0.121524952 0.0585700944 0.0212056674
v -0.120743617 0.0587870292 0.0212056674
v -0.121128403 0.0586573817 0.0212056674
v -0.119409151 0.0596918203 0.0212056674
v -0.11872822 0.0606961101 0.0212056674
v -0.118918419 0.0603373684 0.0212056674
v -0.124559328 0.0651288033 0.0212056674
v -0.124854118 0.0648495629 0.0212056674
v -0.124854118 0.0596918203 0.0212056674
v -0.125116974 0.0600012913 0.0212056674
v -0.122738317 0.0585700944 0.0212056674
v -0.11914628 0.0600012913 0.0212056674
v -0.118403614 0.0626761392 0.0212056674
v -0.118381634 0.0622706935 0.0212056674
v -0.123134866 0.065884009 0.0212056674
v -0.122738317 0.0659712926 0.0212056674
v -0.124559328 0.0594125874 0.0212056674
v -0.118469305 0.0630768314 0.0212056674
v -0.11872822 0.0638452768 0.0212056674
v -0.118577935 0.0634680763 0.0212056674
v -0.122334652 0.0660151914 0.0212056674
v -0.124236085 0.0591668598 0.0212056674
v -0.118469305 0.0614645556 0.0212056674
v -0.118577935 0.0610733144 0.0212056674
v -0.118403614 0.0618652478 0.0212056674
v -0.125344843 0.0603373684 0.0212056674
v -0.125535041 0.0606961101 0.0212056674
v -0.125535041 0.0638452768 0.0212056674
v -0.112533875 0.083852306 0.0212056674
v -0.112642504 0.0842435434 0.0212056674
v -0.110368192 0.0815660208 0.0212056674
v -0.110736705 0.0817365125 0.0212056674
v -0.106875725 0.0819458514 0.0212056674
v -0.107223645 0.0817365125 0.0212056674
v -0.105994828 0.0827802792 0.0212056674
v -0.106257692 0.0824708119 0.0212056674
v -0.105576769 0.083475098 0.0212056674
v -0.105766959 0.08311636 0.0212056674
v -0.112383582 0.083475098 0.0212056674
v -0.109983407 0.0814363733 0.0212056674
v -0.1091832 0.0813051835 0.0212056674
v -0.109586857 0.0813490823 0.0212056674
v -0.107976943 0.0814363733 0.0212056674
v -0.108373493 0.0813490823 0.0212056674
v -0.106552474 0.082191579 0.0212056674
v -0.115555905 0.0855554864 0.0212056674
v -0.112708196 0.0846442357 0.0212056674
v -0.112193391 0.08311636 0.0212056674
v -0.111702658 0.0824708119 0.0212056674
v -0.111965522 0.0827802792 0.0212056674
v -0.111084625 0.0819458514 0.0212056674
v -0.111407876 0.082191579 0.0212056674
v -0.108777158 0.0813051835 0.0212056674
v -0.107592158 0.0815660208 0.0212056674
v -0.105317846 0.0842435434 0.0212056674
v -0.105426475 0.083852306 0.0212056674
v -0.105230175 0.0850496814 0.0212056674
v -0.105252162 0.0846442357 0.0212056674
v -0.112730175 0.0850496814 0.0212056674
v -0.112708196 0.0854551271 0.0212056674
v -0.105268613 0.0855554864 0.0212056674
v -0.105252162 0.0854551271 0.0212056674
v -0.0840652809 0.0815660208 0.0212056674
v -0.084433794 0.0817365125 0.0212056674
v -0.0805728137 0.0819458514 0.0212056674
v -0.0809207335 0.0817365125 0.0212056674
v -0.0796919167 0.0827802792 0.0212056674
v -0.0799547806 0.0824708119 0.0212056674
v -0.0792738572 0.083475098 0.0212056674
v -0.0794640481 0.08311636 0.0212056674
v -0.0836804956 0.0814363733 0.0212056674
v -0.0828802884 0.0813051835 0.0212056674
v -0.0832839459 0.0813490823 0.0212056674
v -0.0816740319 0.0814363733 0.0212056674
v -0.0820705816 0.0813490823 0.0212056674
v -0.0802495629 0.082191579 0.0212056674
v -0.0824742466 0.0813051835 0.0212056674
v -0.0812892467 0.0815660208 0.0212056674
v -0.0862309635 0.083852306 0.0212056674
v -0.0863395929 0.0842435434 0.0212056674
v -0.0847817138 0.0819458514 0.0212056674
v -0.0851049647 0.082191579 0.0212056674
v -0.0790149346 0.0842435434 0.0212056674
v -0.0894503593 0.0855554864 0.0212056674
v -0.0864052847 0.0846442357 0.0212056674
v -0.0860806704 0.083475098 0.0212056674
v -0.0853997469 0.0824708119 0.0212056674
v -0.0791235641 0.083852306 0.0212056674
v -0.0789272636 0.0850496814 0.0212056674
v -0.0789492503 0.0846442357 0.0212056674
v -0.0856626108 0.0827802792 0.0212056674
v -0.0858904794 0.08311636 0.0212056674
v -0.0864272639 0.0850496814 0.0212056674
v -0.0864052847 0.0854551271 0.0212056674
v -0.0789657012 0.0855554864 0.0212056674
v -0.0789492503 0.0854551271 0.0212056674
v -0.0676903576 0.05344861 0.0212056674
v -0.0693227872 0.0585261919 0.0212056674
v -0.0705290362 0.0586573817 0.0212056674
v -0.0709138289 0.0587870292 0.0212056674
v -0.069728829 0.0585261919 0.0212056674
v -0.070132494 0.0585700944 0.0212056674
v -0.0689191297 0.0585700944 0.0212056674
v -0.0681377873 0.0587870292 0.0212056674
v -0.06852258 0.0586573817 0.0212056674
v -0.0676903576 0.0590050071 0.0212056674
v -0.0677692741 0.0589575246 0.0212056674
v -0.0712823421 0.0655838624 0.0212056674
v -0.0710093975 0.0657101423 0.0212056674
v -0.0719535053 0.0594125874 0.0212056674
v -0.0722482949 0.0596918203 0.0212056674
v -0.0716302618 0.0653745309 0.0212056674
v -0.0725111589 0.0645400956 0.0212056674
v -0.0722482949 0.0648495629 0.0212056674
v -0.0729292184 0.0638452768 0.0212056674
v -0.07273902 0.0642040223 0.0212056674
v -0.073275812 0.0622706935 0.0212056674
v -0.0725111589 0.0600012913 0.0212056674
v -0.07273902 0.0603373684 0.0212056674
v -0.0716302618 0.0591668598 0.0212056674
v -0.0710093975 0.0588312484 0.0212056674
v -0.0719535053 0.0651288033 0.0212056674
v -0.0731881335 0.0630768314 0.0212056674
v -0.0730795115 0.0634680763 0.0212056674
v -0.0732538253 0.0626761392 0.0212056674
v -0.0731881335 0.0614645556 0.0212056674
v -0.0732538253 0.0618652478 0.0212056674
v -0.0729292184 0.0606961101 0.0212056674
v -0.0730795115 0.0610733144 0.0212056674
v -0.0712823421 0.0589575246 0.0212056674
v -0.0681377873 0.065754354 0.0212056674
v -0.0677692741 0.0655838624 0.0212056674
v -0.06852258 0.065884009 0.0212056674
v -0.0693227872 0.0660151914 0.0212056674
v -0.0689191297 0.0659712926 0.0212056674
v -0.069728829 0.0660151914 0.0212056674
v -0.0705290362 0.065884009 0.0212056674
v -0.070132494 0.0659712926 0.0212056674
v -0.0709138289 0.065754354 0.0212056674
v -0.0802495629 0.0366335958 0.0212056674
v -0.0805728137 0.036387872 0.0212056674
v -0.0840652809 0.0360080414 0.0212056674
v -0.084433794 0.036178533 0.0212056674
v -0.0824742466 0.035747204 0.0212056674
v -0.0828802884 0.035747204 0.0212056674
v -0.0809207335 0.036178533 0.0212056674
v -0.0836804956 0.0358783901 0.0212056674
v -0.0812892467 0.0360080414 0.0212056674
v -0.0816740319 0.0358783901 0.0212056674
v -0.0799547806 0.0369128324 0.0212056674
v -0.0792738572 0.0379171185 0.0212056674
v -0.0794640481 0.0375583768 0.0212056674
v -0.0851049647 0.0366335958 0.0212056674
v -0.0853997469 0.0369128324 0.0212056674
v -0.0832839459 0.0357911028 0.0212056674
v -0.0820705816 0.0357911028 0.0212056674
v -0.0796919167 0.0372222997 0.0212056674
v -0.0860806704 0.0379171185 0.0212056674
v -0.0856626108 0.0372222997 0.0212056674
v -0.0858904794 0.0375583768 0.0212056674
v -0.0847817138 0.036387872 0.0212056674
v -0.0862309635 0.0382943228 0.0212056674
v -0.0791235641 0.0382943228 0.0212056674
v -0.0863395929 0.038685564 0.0212056674
v -0.0790149346 0.038685564 0.0212056674
v -0.0789657012 0.0389859043 0.0212056674
v -0.0828802884 0.0432362035 0.0212056674
v -0.0816740319 0.0431050174 0.0212056674
v -0.0812892467 0.0429753661 0.0212056674
v -0.0824742466 0.0432362035 0.0212056674
v -0.0847817138 0.0425955392 0.0212056674
v -0.084433794 0.0428048745 0.0212056674
v -0.0820705816 0.0431923047 0.0212056674
v -0.0832839459 0.0431923047 0.0212056674
v -0.0840652809 0.0429753661 0.0212056674
v -0.0836804956 0.0431050174 0.0212056674
v -0.0791235641 0.0406890847 0.0212056674
v -0.0790149346 0.0402978435 0.0212056674
v -0.0796919167 0.0417611077 0.0212056674
v -0.0794640481 0.0414250307 0.0212056674
v -0.0802495629 0.0423498116 0.0212056674
v -0.0799547806 0.0420705788 0.0212056674
v -0.0856626108 0.0417611077 0.0212056674
v -0.0853997469 0.0420705788 0.0212056674
v -0.0860806704 0.0410662889 0.0212056674
v -0.0858904794 0.0414250307 0.0212056674
v -0.0789492503 0.0398971513 0.0212056674
v -0.0792738572 0.0410662889 0.0212056674
v -0.0809207335 0.0428048745 0.0212056674
v -0.0805728137 0.0425955392 0.0212056674
v -0.0851049647 0.0423498116 0.0212056674
v -0.0863395929 0.0402978435 0.0212056674
v -0.0789272636 0.0394917056 0.0212056674
v -0.0789492503 0.0390862562 0.0212056674
v -0.0862309635 0.0406890847 0.0212056674
v -0.0864272639 0.0394917056 0.0212056674
v -0.0864052847 0.0398971513 0.0212056674
v -0.0863888264 0.0389859043 0.0212056674
v -0.0864052847 0.0390862562 0.0212056674
v -0.106552474 0.0366335958 0.0212056674
v -0.106875725 0.036387872 0.0212056674
v -0.115555905 0.0326638184 0.0212056674
v -0.110368192 0.0360080414 0.0212056674
v -0.110736705 0.036178533 0.0212056674
v -0.108777158 0.035747204 0.0212056674
v -0.107223645 0.036178533 0.0212056674
v -0.109983407 0.0358783901 0.0212056674
v -0.1091832 0.035747204 0.0212056674
v -0.107592158 0.0360080414 0.0212056674
v -0.107976943 0.0358783901 0.0212056674
v -0.106257692 0.0369128324 0.0212056674
v -0.105576769 0.0379171185 0.0212056674
v -0.105766959 0.0375583768 0.0212056674
v -0.111407876 0.0366335958 0.0212056674
v -0.111702658 0.0369128324 0.0212056674
v -0.109586857 0.0357911028 0.0212056674
v -0.108373493 0.0357911028 0.0212056674
v -0.105994828 0.0372222997 0.0212056674
v -0.115555905 0.0389859043 0.0212056674
v -0.112383582 0.0379171185 0.0212056674
v -0.111965522 0.0372222997 0.0212056674
v -0.112193391 0.0375583768 0.0212056674
v -0.111084625 0.036387872 0.0212056674
v -0.112533875 0.0382943228 0.0212056674
v -0.105426475 0.0382943228 0.0212056674
v -0.112642504 0.038685564 0.0212056674
v -0.105317846 0.038685564 0.0212056674
v -0.105268613 0.0389859043 0.0212056674
v -0.1091832 0.0432362035 0.0212056674
v -0.108777158 0.0432362035 0.0212056674
v -0.107976943 0.0431050174 0.0212056674
v -0.107592158 0.0429753661 0.0212056674
v -0.111084625 0.0425955392 0.0212056674
v -0.110736705 0.0428048745 0.0212056674
v -0.108373493 0.0431923047 0.0212056674
v -0.109586857 0.0431923047 0.0212056674
v -0.110368192 0.0429753661 0.0212056674
v -0.109983407 0.0431050174 0.0212056674
v -0.105426475 0.0406890847 0.0212056674
v -0.105317846 0.0402978435 0.0212056674
v -0.105994828 0.0417611077 0.0212056674
v -0.105766959 0.0414250307 0.0212056674
v -0.106552474 0.0423498116 0.0212056674
v -0.106257692 0.0420705788 0.0212056674
v -0.111965522 0.0417611077 0.0212056674
v -0.111702658 0.0420705788 0.0212056674
v -0.112383582 0.0410662889 0.0212056674
v -0.112193391 0.0414250307 0.0212056674
v -0.105252162 0.0398971513 0.0212056674
v -0.105576769 0.0410662889 0.0212056674
v -0.107223645 0.0428048745 0.0212056674
v -0.106875725 0.0425955392 0.0212056674
v -0.111407876 0.0423498116 0.0212056674
v -0.112642504 0.0402978435 0.0212056674
v -0.105230175 0.0394917056 0.0212056674
v -0.105252162 0.0390862562 0.0212056674
v -0.112533875 0.0406890847 0.0212056674
v -0.112730175 0.0394917056 0.0212056674
v -0.112708196 0.0398971513 0.0212056674
v -0.112691738 0.0389859043 0.0212056674
v -0.112708196 0.0390862562 0.0212056674
v -0.0676903576 0.079238072 0.0212056674
v -0.0679556653 0.0799000636 0.0212056674
v -0.068078503 0.0799568966 0.0212056674
v -0.0676952153 0.0798277557 0.0212056674
v -0.0678273961 0.0798568502 0.0212056674
v -0.0683022216 0.080108583 0.0212056674
v -0.0684004873 0.0802016631 0.0212056674
v -0.0676903576 0.0798272267 0.0212056674
v -0.0681944713 0.0800266713 0.0212056674
v -0.0684881061 0.0803048164 0.0212056674
v -0.0685640574 0.0804168433 0.0212056674
v -0.0686274618 0.0805364251 0.0212056674
v -0.0686350539 0.0805554837 0.0212056674
v -0.0676903576 0.0855554864 0.0212056674
v -0.0710093975 0.0855554864 0.0212056674
v -0.0679556653 0.0822225064 0.0212056674
v -0.0678273961 0.0822657198 0.0212056674
v -0.0687356591 0.0811964348 0.0212056674
v -0.0687137619 0.0813300014 0.0212056674
v -0.0687356591 0.0809261352 0.0212056674
v -0.0687429905 0.0810612887 0.0212056674
v -0.0676952153 0.0822948217 0.0212056674
v -0.0681944713 0.0820958987 0.0212056674
v -0.068078503 0.0821656734 0.0212056674
v -0.0684881061 0.0818177536 0.0212056674
v -0.0684004873 0.0819209069 0.0212056674
v -0.0686274618 0.0815861449 0.0212056674
v -0.0685640574 0.0817057267 0.0212056674
v -0.0686775595 0.0814604163 0.0212056674
v -0.0686775595 0.0806621611 0.0212056674
v -0.0687137619 0.0807925761 0.0212056674
v -0.0683022216 0.082013987 0.0212056674
v -0.124865934 0.0445147119 0.0212056674
v -0.124749959 0.0445844904 0.0212056674
v -0.125071943 0.0443397276 0.0212056674
v -0.124973685 0.044432804 0.0212056674
v -0.125235528 0.0441245437 0.0212056674
v -0.125159562 0.0442365706 0.0212056674
v -0.123830043 0.0446845405 0.0212056674
v -0.123701781 0.0446413234 0.0212056674
v -0.123578943 0.0445844904 0.0212056674
v -0.123962224 0.044713635 0.0212056674
v -0.124232128 0.0447282679 0.0212056674
v -0.124096781 0.0447282679 0.0212056674
v -0.123093382 0.0441245437 0.0212056674
v -0.123029985 0.0440049618 0.0212056674
v -0.123256959 0.0443397276 0.0212056674
v -0.123169333 0.0442365706 0.0212056674
v -0.123462968 0.0445147119 0.0212056674
v -0.123355217 0.044432804 0.0212056674
v -0.124366678 0.044713635 0.0212056674
v -0.124627121 0.0446413234 0.0212056674
v -0.124498859 0.0446845405 0.0212056674
v -0.125298917 0.0440049618 0.0212056674
v -0.125306517 0.0439859033 0.0212056674
v -0.123256959 0.0426204763 0.0212056674
v -0.123355217 0.0425274 0.0212056674
v -0.123093382 0.0428356603 0.0212056674
v -0.123169333 0.0427236333 0.0212056674
v -0.124627121 0.0423188806 0.0212056674
v -0.124749959 0.0423757099 0.0212056674
v -0.124366678 0.0422465689 0.0212056674
v -0.124498859 0.0422756635 0.0212056674
v -0.124096781 0.042231936 0.0212056674
v -0.124232128 0.042231936 0.0212056674
v -0.123701781 0.0423188806 0.0212056674
v -0.122979887 0.0430809744 0.0212056674
v -0.123029985 0.0429552384 0.0212056674
v -0.12292178 0.0433449522 0.0212056674
v -0.122943677 0.0432113893 0.0212056674
v -0.125298917 0.0429552384 0.0212056674
v -0.125349015 0.0430809744 0.0212056674
v -0.125071943 0.0426204763 0.0212056674
v -0.125159562 0.0427236333 0.0212056674
v -0.124865934 0.042445492 0.0212056674
v -0.124973685 0.0425274 0.0212056674
v -0.123962224 0.0422465689 0.0212056674
v -0.123830043 0.0422756635 0.0212056674
v -0.123462968 0.042445492 0.0212056674
v -0.123578943 0.0423757099 0.0212056674
v -0.125235528 0.0428356603 0.0212056674
v -0.12292178 0.0436152518 0.0212056674
v -0.122914448 0.043480102 0.0212056674
v -0.122979887 0.0438792296 0.0212056674
v -0.122943677 0.0437488146 0.0212056674
v -0.123022385 0.0439859033 0.0212056674
v -0.125385225 0.0432113893 0.0212056674
v -0.12540713 0.0433449522 0.0212056674
v -0.125385225 0.0437488146 0.0212056674
v -0.125349015 0.0438792296 0.0212056674
v -0.125414446 0.043480102 0.0212056674
v -0.12540713 0.0436152518 0.0212056674
v -0.126202047 0.0761666968 0.0212056674
v -0.126337394 0.0761666968 0.0212056674
v -0.125648037 0.0763322264 0.0212056674
v -0.125684202 0.0763104707 0.0212056674
v -0.126471937 0.0761813298 0.0212056674
v -0.126604125 0.0762104243 0.0212056674
v -0.126067489 0.0761813298 0.0212056674
v -0.125807047 0.0762536377 0.0212056674
v -0.125935301 0.0762104243 0.0212056674
v -0.125807047 0.0785760805 0.0212056674
v -0.125684202 0.0785192475 0.0212056674
v -0.126337394 0.0786630288 0.0212056674
v -0.126202047 0.0786630288 0.0212056674
v -0.125935301 0.0786193013 0.0212056674
v -0.126067489 0.0786483958 0.0212056674
v -0.126471937 0.0786483958 0.0212056674
v -0.12670067 0.0785867646 0.0212056674
v -0.126604125 0.0786193013 0.0212056674
v -0.125568226 0.0763802454 0.0212056674
v -0.125568226 0.0784494728 0.0212056674
v -0.125460476 0.0783675611 0.0212056674
v -0.125460476 0.0764621571 0.0212056674
v -0.125648037 0.0784974918 0.0212056674
v -0.125362217 0.0765552372 0.0212056674
v -0.125198647 0.0767704174 0.0212056674
v -0.125274599 0.0766583905 0.0212056674
v -0.125085145 0.0770157352 0.0212056674
v -0.125135243 0.0768899992 0.0212056674
v -0.125198647 0.0780593008 0.0212056674
v -0.125135243 0.077939719 0.0212056674
v -0.125362217 0.078274481 0.0212056674
v -0.125274599 0.0781713277 0.0212056674
v -0.125048935 0.0771461502 0.0212056674
v -0.125027046 0.0772797093 0.0212056674
v -0.125085145 0.0778139904 0.0212056674
v -0.125019714 0.0774148628 0.0212056674
v -0.125048935 0.0776835755 0.0212056674
v -0.125027046 0.0775500089 0.0212056674
v -0.0641840175 0.0863263682 0.0212056674
v -0.0669704005 0.089606747 0.0212056674
v -0.0636214539 0.0855554864 0.0212056674
v -0.0676903576 0.0902887285 0.0212056674
v -0.0700951144 0.0925666317 0.0212056674
v -0.0710093975 0.0932616591 0.0212056674
v -0.0735215321 0.0951713324 0.0212056674
v -0.0772094876 0.0973902941 0.0212056674
v -0.0812892467 0.0885333493 0.0212056674
v -0.0809207335 0.0883628502 0.0212056674
v -0.0761015341 0.0967236683 0.0212056674
v -0.0794640481 0.0869830102 0.0212056674
v -0.0792738572 0.0866242647 0.0212056674
v -0.084433794 0.0883628502 0.0212056674
v -0.0840652809 0.0885333493 0.0212056674
v -0.0893978849 0.101497047 0.0212056674
v -0.0796919167 0.0873190835 0.0212056674
v -0.0802495629 0.0879077911 0.0212056674
v -0.0799547806 0.0876285583 0.0212056674
v -0.0816740319 0.0886629969 0.0212056674
v -0.0836804956 0.0886629969 0.0212056674
v -0.0851944685 0.100571804 0.0212056674
v -0.0894503593 0.101502754 0.0212056674
v -0.0847817138 0.0881535187 0.0212056674
v -0.0860806704 0.0866242647 0.0212056674
v -0.0858904794 0.0869830102 0.0212056674
v -0.0805728137 0.0881535187 0.0212056674
v -0.0811157301 0.0991975218 0.0212056674
v -0.0820705816 0.0887502804 0.0212056674
v -0.0856626108 0.0873190835 0.0212056674
v -0.0853997469 0.0876285583 0.0212056674
v -0.0824742466 0.0887941867 0.0212056674
v -0.0851049647 0.0879077911 0.0212056674
v -0.0828802884 0.0887941867 0.0212056674
v -0.0832839459 0.0887502804 0.0212056674
v -0.0791235641 0.0862470642 0.0212056674
v -0.0790149346 0.0858558193 0.0212056674
v -0.0863395929 0.0858558193 0.0212056674
v -0.0862309635 0.0862470642 0.0212056674
v -0.0863888264 0.0855554864 0.0212056674
v -0.0936767012 0.101962395 0.0212056674
v -0.10220708 0.101502754 0.0212056674
v -0.0991766602 0.0963406041 0.0212056674
v -0.0991547629 0.0964741632 0.0212056674
v -0.0991766602 0.0960703045 0.0212056674
v -0.0991839841 0.0962054506 0.0212056674
v -0.0991547629 0.095936738 0.0212056674
v -0.0958287194 0.101962395 0.0212056674
v -0.0979807451 0.101962395 0.0212056674
v -0.0977317542 0.0974389836 0.0212056674
v -0.0983966589 0.0973666757 0.0212056674
v -0.0990684554 0.0967303142 0.0212056674
v -0.0990050584 0.096849896 0.0212056674
v -0.0991185531 0.095806323 0.0212056674
v -0.0967494175 0.0966045782 0.0212056674
v -0.0967132077 0.0964741632 0.0212056674
v -0.0969388708 0.0969619229 0.0212056674
v -0.0968629122 0.096849896 0.0212056674
v -0.0971247554 0.0971581563 0.0212056674
v -0.0970264897 0.0970650762 0.0212056674
v -0.0974713117 0.0973666757 0.0212056674
v -0.097348474 0.0973098427 0.0212056674
v -0.0975995734 0.0974098891 0.0212056674
v -0.0982683972 0.0974098891 0.0212056674
v -0.0986354724 0.0972400606 0.0212056674
v -0.0985194966 0.0973098427 0.0212056674
v -0.0989290997 0.0969619229 0.0212056674
v -0.0988414809 0.0970650762 0.0212056674
v -0.0991185531 0.0966045782 0.0212056674
v -0.0989290997 0.0954489857 0.0212056674
v -0.0990050584 0.0955610126 0.0212056674
v -0.0966913104 0.0963406041 0.0212056674
v -0.0967995152 0.0967303142 0.0212056674
v -0.0972324982 0.0972400606 0.0212056674
v -0.0987432152 0.0971581563 0.0212056674
v -0.0990684554 0.0956805944 0.0212056674
v -0.0987432152 0.0952527523 0.0212056674
v -0.0988414809 0.095345825 0.0212056674
v -0.0983966589 0.0950442329 0.0212056674
v -0.0985194966 0.0951010659 0.0212056674
v -0.098136209 0.0949719176 0.0212056674
v -0.0982683972 0.0950010121 0.0212056674
v -0.0968629122 0.0955610126 0.0212056674
v -0.0969388708 0.0954489857 0.0212056674
v -0.0980016589 0.0974536166 0.0212056674
v -0.0978663117 0.0974536166 0.0212056674
v -0.0986354724 0.0951708406 0.0212056674
v -0.0970264897 0.095345825 0.0212056674
v -0.098136209 0.0974389836 0.0212056674
v -0.0980016589 0.0949572846 0.0212056674
v -0.0974713117 0.0950442329 0.0212056674
v -0.0975995734 0.0950010121 0.0212056674
v -0.0972324982 0.0951708406 0.0212056674
v -0.097348474 0.0951010659 0.0212056674
v -0.0971247554 0.0952527523 0.0212056674
v -0.0967494175 0.095806323 0.0212056674
v -0.0967995152 0.0956805944 0.0212056674
v -0.0978663117 0.0949572846 0.0212056674
v -0.0966913104 0.0960703045 0.0212056674
v -0.0967132077 0.095936738 0.0212056674
v -0.0966839865 0.0962054506 0.0212056674
v -0.0977317542 0.0949719176 0.0212056674
v -0.107223645 0.0883628502 0.0212056674
v -0.102259554 0.101497047 0.0212056674
v -0.105766959 0.0869830102 0.0212056674
v -0.107592158 0.0885333493 0.0212056674
v -0.10646297 0.100571804 0.0212056674
v -0.114447959 0.0973902941 0.0212056674
v -0.115555905 0.0967236683 0.0212056674
v -0.110736705 0.0883628502 0.0212056674
v -0.105994828 0.0873190835 0.0212056674
v -0.106552474 0.0879077911 0.0212056674
v -0.106257692 0.0876285583 0.0212056674
v -0.107976943 0.0886629969 0.0212056674
v -0.111084625 0.0881535187 0.0212056674
v -0.112383582 0.0866242647 0.0212056674
v -0.106875725 0.0881535187 0.0212056674
v -0.110368192 0.0885333493 0.0212056674
v -0.111965522 0.0873190835 0.0212056674
v -0.111702658 0.0876285583 0.0212056674
v -0.112193391 0.0869830102 0.0212056674
v -0.108777158 0.0887941867 0.0212056674
v -0.108373493 0.0887502804 0.0212056674
v -0.110541709 0.0991975218 0.0212056674
v -0.109983407 0.0886629969 0.0212056674
v -0.111407876 0.0879077911 0.0212056674
v -0.109586857 0.0887502804 0.0212056674
v -0.105576769 0.0866242647 0.0212056674
v -0.105426475 0.0862470642 0.0212056674
v -0.1091832 0.0887941867 0.0212056674
v -0.105317846 0.0858558193 0.0212056674
v -0.112642504 0.0858558193 0.0212056674
v -0.112533875 0.0862470642 0.0212056674
v -0.112691738 0.0855554864 0.0212056674
v -0.124687038 0.089606747 0.0212056674
v -0.125648037 0.0884753689 0.0212056674
v -0.121562324 0.0925666317 0.0212056674
v -0.118135907 0.0951713324 0.0212056674
v -0.12670067 0.0872361138 0.0212056674
v -0.127473414 0.0863263682 0.0212056674
v -0.127996087 0.0855554864 0.0212056674
v -0.129888788 0.0827639624 0.0212056674
v -0.131059647 0.0805554837 0.0212056674
v -0.131758094 0.079238072 0.0212056674
v -0.1269712 0.0784494728 0.0212056674
v -0.127177209 0.078274481 0.0212056674
v -0.12707895 0.0783675611 0.0212056674
v -0.134572476 0.071092777 0.0212056674
v -0.1269712 0.0763802454 0.0212056674
v -0.12707895 0.0764621571 0.0212056674
v -0.127340794 0.0780593008 0.0212056674
v -0.127264827 0.0781713277 0.0212056674
v -0.127340794 0.0767704174 0.0212056674
v -0.127404183 0.0768899992 0.0212056674
v -0.133497939 0.0749629289 0.0212056674
v -0.127177209 0.0765552372 0.0212056674
v -0.127264827 0.0766583905 0.0212056674
v -0.126855224 0.0763104707 0.0212056674
v -0.126732394 0.0762536377 0.0212056674
v -0.126855224 0.0785192475 0.0212056674
v -0.126732394 0.0785760805 0.0212056674
v -0.127454281 0.0778139904 0.0212056674
v -0.127404183 0.077939719 0.0212056674
v -0.127490491 0.0776835755 0.0212056674
v -0.12670067 0.0762429535 0.0212056674
v -0.13190484 0.078961283 0.0212056674
v -0.127512395 0.0772797093 0.0212056674
v -0.127519712 0.0774148628 0.0212056674
v -0.127454281 0.0770157352 0.0212056674
v -0.127512395 0.0775500089 0.0212056674
v -0.127490491 0.0771461502 0.0212056674
v -0.135345697 0.0665684268 0.0212056674
v -0.135578722 0.0622706935 0.0212056674
v -0.134649381 0.0708157718 0.0212056674
v -0.135345697 0.0579729639 0.0212056674
v -0.134649381 0.0537256189 0.0212056674
v -0.13190484 0.0455801003 0.0212056674
v -0.133497939 0.0495784581 0.0212056674
v -0.134572476 0.05344861 0.0212056674
v -0.129888788 0.0417774282 0.0212056674
v -0.127996087 0.0389859043 0.0212056674
v -0.131059647 0.0439859033 0.0212056674
v -0.127473414 0.0382150188 0.0212056674
v -0.12670067 0.0373052731 0.0212056674
v -0.124687038 0.0349346399 0.0212056674
v -0.122289762 0.0326638184 0.0212056674
v -0.125648037 0.036066018 0.0212056674
v -0.121562324 0.0319747515 0.0212056674
v -0.118135907 0.0293700565 0.0212056674
v -0.114447959 0.0271510892 0.0212056674
v -0.110541709 0.0253438689 0.0212056674
v -0.10646297 0.0239695814 0.0212056674
v -0.115555905 0.0278177205 0.0212056674
v -0.102259554 0.0230443403 0.0212056674
v -0.0979807451 0.0225789901 0.0212056674
v -0.0958287194 0.0225789901 0.0212056674
v -0.0936767012 0.0225789901 0.0212056674
v -0.0939256847 0.0271024015 0.0212056674
v -0.0940578654 0.0271314979 0.0212056674
v -0.0894503593 0.0230386332 0.0212056674
v -0.09326078 0.0271747131 0.0212056674
v -0.0935212299 0.0295694675 0.0212056674
v -0.0933890417 0.029540373 0.0212056674
v -0.09365578 0.0295841023 0.0212056674
v -0.0937911272 0.0270877685 0.0212056674
v -0.0933890417 0.0271314979 0.0212056674
v -0.0941861272 0.0294971559 0.0212056674
v -0.0940578654 0.029540373 0.0212056674
v -0.0943089649 0.0272315443 0.0212056674
v -0.0944249406 0.0273013227 0.0212056674
v -0.0941861272 0.0271747131 0.0212056674
v -0.0935212299 0.0271024015 0.0212056674
v -0.0931379423 0.0294403248 0.0212056674
v -0.093021974 0.0293705463 0.0212056674
v -0.09326078 0.0294971559 0.0212056674
v -0.0939256847 0.0295694675 0.0212056674
v -0.0931379423 0.0272315443 0.0212056674
v -0.0929142237 0.0273832325 0.0212056674
v -0.093021974 0.0273013227 0.0212056674
v -0.0943089649 0.0294403248 0.0212056674
v -0.0945326909 0.0292886365 0.0212056674
v -0.0944249406 0.0293705463 0.0212056674
v -0.0946309492 0.0274763107 0.0212056674
v -0.094718568 0.0275794677 0.0212056674
v -0.09365578 0.0270877685 0.0212056674
v -0.092815958 0.0291955583 0.0212056674
v -0.0927283391 0.0290924031 0.0212056674
v -0.0937911272 0.0295841023 0.0212056674
v -0.0947945267 0.0289803762 0.0212056674
v -0.094718568 0.0290924031 0.0212056674
v -0.0949661285 0.0282007866 0.0212056674
v -0.0949734524 0.0283359345 0.0212056674
v -0.0949080214 0.0279368088 0.0212056674
v -0.0949442312 0.0280672219 0.0212056674
v -0.0947945267 0.0276914928 0.0212056674
v -0.0948579237 0.0278110728 0.0212056674
v -0.0945326909 0.0273832325 0.0212056674
v -0.0927283391 0.0275794677 0.0212056674
v -0.092815958 0.0274763107 0.0212056674
v -0.0929142237 0.0292886365 0.0212056674
v -0.0946309492 0.0291955583 0.0212056674
v -0.0949080214 0.0287350621 0.0212056674
v -0.0948579237 0.0288607962 0.0212056674
v -0.0926523805 0.0276914928 0.0212056674
v -0.0925388858 0.0279368088 0.0212056674
v -0.0925889835 0.0278110728 0.0212056674
v -0.0924807861 0.0282007866 0.0212056674
v -0.0925026834 0.0280672219 0.0212056674
v -0.0924734548 0.0283359345 0.0212056674
v -0.0925388858 0.0287350621 0.0212056674
v -0.0925026834 0.0286046471 0.0212056674
v -0.0926523805 0.0289803762 0.0212056674
v -0.0925889835 0.0288607962 0.0212056674
v -0.0924807861 0.0284710843 0.0212056674
v -0.0949661285 0.0284710843 0.0212056674
v -0.0949442312 0.0286046471 0.0212056674
v -0.0893978849 0.0230443403 0.0212056674
v -0.0851944685 0.0239695814 0.0212056674
v -0.0772094876 0.0271510892 0.0212056674
v -0.0811157301 0.0253438689 0.0212056674
v -0.0735215321 0.0293700565 0.0212056674
v -0.0710093975 0.0312797315 0.0212056674
v -0.0761015341 0.0278177205 0.0212056674
v -0.0700951144 0.0319747515 0.0212056674
v -0.069367677 0.0326638184 0.0212056674
v -0.0676903576 0.0342526585 0.0212056674
v -0.0669704005 0.0349346399 0.0212056674
v -0.0641840175 0.0382150188 0.0212056674
v -0.0625745952 0.0389859043 0.0212056674
v -0.0576853156 0.035562396 0.0212056674
v -0.0559295975 0.0382641889 0.0212056674
v -0.0535679273 0.0427187681 0.0212056674
v -0.0632674247 0.0394710302 0.0212056674
v -0.0555469692 0.0389859043 0.0212056674
v -0.0636214539 0.0389859043 0.0212056674
v -0.0660892054 0.0481611378 0.0212056674
v -0.0659732372 0.0482309163 0.0212056674
v -0.0664587989 0.0477709696 0.0212056674
v -0.0663828403 0.0478829965 0.0212056674
v -0.0661969557 0.0480792299 0.0212056674
v -0.0662952214 0.0479861498 0.0212056674
v -0.065053314 0.0483309664 0.0212056674
v -0.0649250522 0.0482877493 0.0212056674
v -0.0665722936 0.0475256555 0.0212056674
v -0.0665221959 0.0476513878 0.0212056674
v -0.0501581281 0.05344861 0.0212056674
v -0.0648022145 0.0482309163 0.0212056674
v -0.0651854947 0.0483600609 0.0212056674
v -0.0654553995 0.0483746938 0.0212056674
v -0.0653200522 0.0483746938 0.0212056674
v -0.0666303933 0.0472616777 0.0212056674
v -0.0666085035 0.0473952405 0.0212056674
v -0.0642532557 0.0476513878 0.0212056674
v -0.064203158 0.0475256555 0.0212056674
v -0.0503528751 0.0522607043 0.0212056674
v -0.0644802302 0.0479861498 0.0212056674
v -0.0643926114 0.0478829965 0.0212056674
v -0.0646862388 0.0481611378 0.0212056674
v -0.0645784885 0.0480792299 0.0212056674
v -0.0655899495 0.0483600609 0.0212056674
v -0.0658503994 0.0482877493 0.0212056674
v -0.0657221377 0.0483309664 0.0212056674
v -0.0662952214 0.0462669022 0.0212056674
v -0.0663828403 0.0463700593 0.0212056674
v -0.0660892054 0.0460919142 0.0212056674
v -0.0661969557 0.0461738259 0.0212056674
v -0.0641669482 0.0473952405 0.0212056674
v -0.0641450509 0.0472616777 0.0212056674
v -0.0517017283 0.0474025793 0.0212056674
v -0.0643166527 0.0477709696 0.0212056674
v -0.0666377246 0.0471265279 0.0212056674
v -0.0664587989 0.0464820862 0.0212056674
v -0.0665221959 0.0466016643 0.0212056674
v -0.0666303933 0.0469913781 0.0212056674
v -0.0665722936 0.0467274003 0.0212056674
v -0.0666085035 0.0468578152 0.0212056674
v -0.0658503994 0.0459653065 0.0212056674
v -0.0659732372 0.0460221358 0.0212056674
v -0.0655899495 0.0458929949 0.0212056674
v -0.0657221377 0.0459220894 0.0212056674
v -0.0653200522 0.0458783619 0.0212056674
v -0.0654553995 0.0458783619 0.0212056674
v -0.0530630536 0.0439859033 0.0212056674
v -0.065053314 0.0459220894 0.0212056674
v -0.0644802302 0.0462669022 0.0212056674
v -0.0645784885 0.0461738259 0.0212056674
v -0.0643166527 0.0464820862 0.0212056674
v -0.0643926114 0.0463700593 0.0212056674
v -0.0651854947 0.0458929949 0.0212056674
v -0.0649250522 0.0459653065 0.0212056674
v -0.0646862388 0.0460919142 0.0212056674
v -0.0648022145 0.0460221358 0.0212056674
v -0.064203158 0.0467274003 0.0212056674
v -0.0642532557 0.0466016643 0.0212056674
v -0.0641450509 0.0469913781 0.0212056674
v -0.0641669482 0.0468578152 0.0212056674
v -0.064137727 0.0471265279 0.0212056674
v -0.0495371856 0.0673051998 0.0212056674
v -0.0658634827 0.0630768314 0.0212056674
v -0.0657977909 0.0626761392 0.0212056674
v -0.0501581281 0.071092777 0.0212056674
v -0.0661223978 0.0638452768 0.0212056674
v -0.0659721121 0.0634680763 0.0212056674
v -0.0665404573 0.0645400956 0.0212056674
v -0.0663125962 0.0642040223 0.0212056674
v -0.0670981109 0.0651288033 0.0212056674
v -0.0668033287 0.0648495629 0.0212056674
v -0.0674213544 0.0653745309 0.0212056674
v -0.0670981109 0.0594125874 0.0212056674
v -0.0674213544 0.0591668598 0.0212056674
v -0.0495371856 0.0572361872 0.0212056674
v -0.0659721121 0.0610733144 0.0212056674
v -0.0492642224 0.0622706935 0.0212056674
v -0.0657977909 0.0618652478 0.0212056674
v -0.0676903576 0.0655363798 0.0212056674
v -0.0661223978 0.0606961101 0.0212056674
v -0.0663125962 0.0603373684 0.0212056674
v -0.0658634827 0.0614645556 0.0212056674
v -0.0657758117 0.0622706935 0.0212056674
v -0.0668033287 0.0596918203 0.0212056674
v -0.0665404573 0.0600012913 0.0212056674
v -0.0517017283 0.0771388113 0.0212056674
v -0.0525381491 0.079238072 0.0212056674
v -0.0503528751 0.0722806826 0.0212056674
v -0.0664219186 0.0804168433 0.0212056674
v -0.0664978698 0.0803048164 0.0212056674
v -0.0670303181 0.0799000636 0.0212056674
v -0.0665854961 0.0802016631 0.0212056674
v -0.0671585798 0.0798568502 0.0212056674
v -0.0667915046 0.0800266713 0.0212056674
v -0.0669074804 0.0799568966 0.0212056674
v -0.0666837543 0.080108583 0.0212056674
v -0.0674253181 0.0798131227 0.0212056674
v -0.0675606653 0.0798131227 0.0212056674
v -0.0663585216 0.0805364251 0.0212056674
v -0.0672907606 0.0798277557 0.0212056674
v -0.0530630536 0.0805554837 0.0212056674
v -0.0663509294 0.0805554837 0.0212056674
v -0.0625745952 0.0855554864 0.0212056674
v -0.0555469692 0.0855554864 0.0212056674
v -0.0559295975 0.0862772018 0.0212056674
v -0.0632674247 0.0850703567 0.0212056674
v -0.0662503168 0.0809261352 0.0212056674
v -0.0662722141 0.0807925761 0.0212056674
v -0.0662503168 0.0811964348 0.0212056674
v -0.0662429929 0.0810612887 0.0212056674
v -0.0666837543 0.082013987 0.0212056674
v -0.0665854961 0.0819209069 0.0212056674
v -0.0671585798 0.0822657198 0.0212056674
v -0.0663084239 0.0814604163 0.0212056674
v -0.0662722141 0.0813300014 0.0212056674
v -0.0664978698 0.0818177536 0.0212056674
v -0.0664219186 0.0817057267 0.0212056674
v -0.0670303181 0.0822225064 0.0212056674
v -0.0669074804 0.0821656734 0.0212056674
v -0.0672907606 0.0822948217 0.0212056674
v -0.0663585216 0.0815861449 0.0212056674
v -0.0667915046 0.0820958987 0.0212056674
v -0.0676903576 0.0822953507 0.0212056674
v -0.0675606653 0.0823094547 0.0212056674
v -0.0674253181 0.0823094547 0.0212056674
v -0.0535679273 0.0818226188 0.0212056674
v -0.0663084239 0.0806621611 0.0212056674
v -0.0576853156 0.0889789909 0.0212056674
v -0.0576853156 0.0889789909 0.0312056672
v -0.0632674247 0.0850703567 0.0312056672
v -0.0625745952 0.0855554864 0.0212056674
v -0.0632674247 0.0850703567 0.0212056674
v -0.0576853156 0.0889789909 0.0212056674
v -0.0576853156 0.035562396 0.0312056672
v -0.0576853156 0.035562396 0.0212056674
v -0.0625745952 0.0389859043 0.0212056674
v -0.0632674247 0.0394710302 0.0312056672
v -0.0632674247 0.0394710302 0.0212056674
v -0.0495371856 0.0572361872 0.0312056672
v -0.0563117377 0.0579729639 0.0312056672
v -0.0560787208 0.0622706935 0.0312056672
v -0.0503528751 0.0522607043 0.0312056672
v -0.0570080541 0.0537256189 0.0312056672
v -0.0535679273 0.0427187681 0.0312056672
v -0.0559295975 0.0382641889 0.0312056672
v -0.0617686473 0.0417774282 0.0312056672
v -0.0576853156 0.035562396 0.0312056672
v -0.0632674247 0.0394710302 0.0312056672
v -0.0559295975 0.0862772018 0.0312056672
v -0.0617686473 0.0827639624 0.0312056672
v -0.0632674247 0.0850703567 0.0312056672
v -0.0535679273 0.0818226188 0.0312056672
v -0.0597525984 0.078961283 0.0312056672
v -0.0517017283 0.0474025793 0.0312056672
v -0.0581595078 0.0495784581 0.0312056672
v -0.0597525984 0.0455801003 0.0312056672
v -0.0517017283 0.0771388113 0.0312056672
v -0.0581595078 0.0749629289 0.0312056672
v -0.0495371856 0.0673051998 0.0312056672
v -0.0563117377 0.0665684268 0.0312056672
v -0.0570080541 0.0708157718 0.0312056672
v -0.0492642224 0.0622706935 0.0312056672
v -0.0503528751 0.0722806826 0.0312056672
v -0.0576853156 0.0889789909 0.0312056672
v -0.142393216 0.0622706935 0.0177056678
v -0.142393216 0.0622706935 0.0642056689
v -0.142120257 0.0673051998 0.0642056689
v -0.141304567 0.0722806826 0.0642056689
v -0.141304567 0.0722806826 0.0177056678
v -0.141775757 0.0694065765 0.0177056678
v -0.139955714 0.0771388113 0.0642056689
v -0.140164152 0.0763880759 0.0177056678
v -0.139955714 0.0771388113 0.0177056678
v -0.138089508 0.0818226188 0.0642056689
v -0.138089508 0.0818226188 0.0177056678
v -0.13815093 0.0816684738 0.0177056678
v -0.135727838 0.0862772018 0.0642056689
v -0.136156172 0.0854692832 0.0177056678
v -0.135727838 0.0862772018 0.0177056678
v -0.13289839 0.0904503241 0.0642056689
v -0.13289839 0.0904503241 0.0177056678
v -0.129634336 0.0942930728 0.0642056689
v -0.12597394 0.0977603868 0.0642056689
v -0.12597394 0.0977603868 0.0177056678
v -0.128067076 0.0957776532 0.0177056678
v -0.121960111 0.100811616 0.0642056689
v -0.121960111 0.100811616 0.0177056678
v -0.125561833 0.0980736539 0.0177056678
v -0.117639922 0.103410989 0.0642056689
v -0.113064021 0.105528027 0.0642056689
v -0.113064021 0.105528027 0.0177056678
v -0.115555905 0.104375161 0.0177056678
v -0.108286045 0.107137911 0.0642056689
v -0.108286045 0.107137911 0.0177056678
v -0.103362016 0.108221777 0.0642056689
v -0.0983496681 0.108766899 0.0642056689
v -0.098678723 0.108731113 0.0177056678
v -0.0983496681 0.108766899 0.0177056678
v -0.0933077708 0.108766899 0.0642056689
v -0.0882954225 0.108221777 0.0642056689
v -0.0882954225 0.108221777 0.0177056678
v -0.0929787233 0.108731113 0.0177056678
v -0.0833714008 0.107137911 0.0642056689
v -0.0833714008 0.107137911 0.0177056678
v -0.0877641588 0.108104832 0.0177056678
v -0.0785934255 0.105528027 0.0642056689
v -0.0740175173 0.103410989 0.0642056689
v -0.0761015341 0.104375161 0.0177056678
v -0.0740175173 0.103410989 0.0177056678
v -0.0696973279 0.100811616 0.0642056689
v -0.0709231943 0.101549193 0.0177056678
v -0.0696973279 0.100811616 0.0177056678
v -0.0656835064 0.0977603868 0.0642056689
v -0.0656835064 0.0977603868 0.0177056678
v -0.0692903548 0.100502245 0.0177056678
v -0.062023107 0.0942930728 0.0642056689
v -0.062023107 0.0942930728 0.0177056678
v -0.0587590486 0.0904503241 0.0642056689
v -0.0587590486 0.0340910591 0.0177056678
v -0.0587590486 0.0340910591 0.0642056689
v -0.062023107 0.0302483141 0.0642056689
v -0.062023107 0.0302483141 0.0177056678
v -0.0656835064 0.0267810002 0.0642056689
v -0.0696973279 0.0237297714 0.0642056689
v -0.0692903548 0.0240391418 0.0177056678
v -0.0696973279 0.0237297714 0.0177056678
v -0.0740175173 0.0211303998 0.0642056689
v -0.0740175173 0.0211303998 0.0177056678
v -0.0709231943 0.02299219 0.0177056678
v -0.0785934255 0.0190133601 0.0642056689
v -0.0785934255 0.0190133601 0.0177056678
v -0.0761015341 0.0201662295 0.0177056678
v -0.0833714008 0.0174034722 0.0642056689
v -0.0882954225 0.016319612 0.0642056689
v -0.0877641588 0.0164365526 0.0177056678
v -0.0882954225 0.016319612 0.0177056678
v -0.0933077708 0.0157744866 0.0642056689
v -0.0929787233 0.0158102736 0.0177056678
v -0.0933077708 0.0157744866 0.0177056678
v -0.0983496681 0.0157744866 0.0642056689
v -0.103362016 0.016319612 0.0642056689
v -0.103362016 0.016319612 0.0177056678
v -0.098678723 0.0158102736 0.0177056678
v -0.108286045 0.0174034722 0.0642056689
v -0.108286045 0.0174034722 0.0177056678
v -0.113064021 0.0190133601 0.0642056689
v -0.117639922 0.0211303998 0.0642056689
v -0.115555905 0.0201662295 0.0177056678
v -0.117639922 0.0211303998 0.0177056678
v -0.121960111 0.0237297714 0.0642056689
v -0.12597394 0.0267810002 0.0642056689
v -0.125561833 0.0264677312 0.0177056678
v -0.12597394 0.0267810002 0.0177056678
v -0.129634336 0.0302483141 0.0642056689
v -0.128067076 0.0287637338 0.0177056678
v -0.129634336 0.0302483141 0.0177056678
v -0.13289839 0.0340910591 0.0642056689
v -0.135727838 0.0382641889 0.0642056689
v -0.135727838 0.0382641889 0.0177056678
v -0.133073971 0.0343500227 0.0177056678
v -0.138089508 0.0427187681 0.0642056689
v -0.138089508 0.0427187681 0.0177056678
v -0.136156172 0.0390721075 0.0177056678
v -0.139955714 0.0474025793 0.0642056689
v -0.139955714 0.0474025793 0.0177056678
v -0.13815093 0.0428729132 0.0177056678
v -0.141304567 0.0522607043 0.0642056689
v -0.142120257 0.0572361872 0.0642056689
v -0.141775757 0.0551348142 0.0177056678
v -0.142120257 0.0572361872 0.0177056678
v -0.0535679273 0.0427187681 0.0312056672
v -0.0535679273 0.0427187681 0.0642056689
v -0.0559295975 0.0382641889 0.0642056689
v -0.0517017283 0.0474025793 0.0312056672
v -0.0517017283 0.0474025793 0.0642056689
v -0.0503528751 0.0522607043 0.0312056672
v -0.0503528751 0.0522607043 0.0642056689
v -0.0495371856 0.0572361872 0.0312056672
v -0.0495371856 0.0572361872 0.0642056689
v -0.0492642224 0.0622706935 0.0312056672
v -0.0492642224 0.0622706935 0.0642056689
v -0.0495371856 0.0673051998 0.0312056672
v -0.0495371856 0.0673051998 0.0642056689
v -0.0503528751 0.0722806826 0.0312056672
v -0.0503528751 0.0722806826 0.0642056689
v -0.0517017283 0.0771388113 0.0312056672
v -0.0517017283 0.0771388113 0.0642056689
v -0.0535679273 0.0818226188 0.0312056672
v -0.0535679273 0.0818226188 0.0642056689
v -0.0559295975 0.0862772018 0.0312056672
v -0.0559295975 0.0862772018 0.0642056689
v -0.0559295975 0.0862772018 0.0177056678
v -0.0587590486 0.0904503241 0.0177056678
v -0.0576853156 0.0889789909 0.0212056674
v -0.0576853156 0.0889789909 0.0312056672
v -0.0559295975 0.0862772018 0.0212056674
v -0.0555469692 0.0855554864 0.0212056674
v -0.0535679273 0.0818226188 0.0212056674
v -0.0535679273 0.0818226188 0.0177056678
v -0.0555012673 0.0854692832 0.0177056678
v -0.0535065122 0.0816684738 0.0177056678
v -0.0530630536 0.0805554837 0.0212056674
v -0.0525381491 0.079238072 0.0212056674
v -0.0517017283 0.0771388113 0.0177056678
v -0.0517017283 0.0771388113 0.0212056674
v -0.0503528751 0.0722806826 0.0212056674
v -0.0503528751 0.0722806826 0.0177056678
v -0.0514932871 0.0763880759 0.0177056678
v -0.0501581281 0.071092777 0.0212056674
v -0.0495371856 0.0673051998 0.0212056674
v -0.0495371856 0.0673051998 0.0177056678
v -0.0498816893 0.0694065765 0.0177056678
v -0.0492642224 0.0622706935 0.0212056674
v -0.0492642224 0.0622706935 0.0177056678
v -0.0495371856 0.0572361872 0.0212056674
v -0.0501581281 0.05344861 0.0212056674
v -0.0498816893 0.0551348142 0.0177056678
v -0.0503528751 0.0522607043 0.0177056678
v -0.0503528751 0.0522607043 0.0212056674
v -0.0517017283 0.0474025793 0.0212056674
v -0.0517017283 0.0474025793 0.0177056678
v -0.0530630536 0.0439859033 0.0212056674
v -0.0535065122 0.0428729132 0.0177056678
v -0.0535679273 0.0427187681 0.0212056674
v -0.0535679273 0.0427187681 0.0177056678
v -0.0555469692 0.0389859043 0.0212056674
v -0.0555012673 0.0390721075 0.0177056678
v -0.0559295975 0.0382641889 0.0177056678
v -0.0559295975 0.0382641889 0.0212056674
v -0.0576853156 0.035562396 0.0312056672
v -0.0576853156 0.035562396 0.0212056674
v -0.0585834682 0.0343500227 0.0177056678
v -0.0559295975 0.0382641889 0.0312056672
v -0.0495371856 0.0572361872 0.0177056678
v -0.141304567 0.0522607043 0.0177056678
v -0.13289839 0.0340910591 0.0177056678
v -0.121960111 0.0237297714 0.0177056678
v -0.113064021 0.0190133601 0.0177056678
v -0.0983496681 0.0157744866 0.0177056678
v -0.0833714008 0.0174034722 0.0177056678
v -0.0656835064 0.0267810002 0.0177056678
v -0.0785934255 0.105528027 0.0177056678
v -0.0933077708 0.108766899 0.0177056678
v -0.103362016 0.108221777 0.0177056678
v -0.117639922 0.103410989 0.0177056678
v -0.129634336 0.0942930728 0.0177056678
v -0.142120257 0.0673051998 0.0177056678
v -0.135345697 0.0579729639 0.0212056674
v -0.135578722 0.0622706935 0.0212056674
v -0.135578722 0.0622706935 0.0642056689
v -0.134649381 0.0537256189 0.0212056674
v -0.135345697 0.0579729639 0.0642056689
v -0.133497939 0.0495784581 0.0642056689
v -0.133497939 0.0495784581 0.0212056674
v -0.134572476 0.05344861 0.0212056674
v -0.134649381 0.0537256189 0.0642056689
v -0.13190484 0.0455801003 0.0212056674
v -0.129888788 0.0417774282 0.0642056689
v -0.129888788 0.0417774282 0.0212056674
v -0.131059647 0.0439859033 0.0212056674
v -0.13190484 0.0455801003 0.0642056689
v -0.127473414 0.0382150188 0.0642056689
v -0.127996087 0.0389859043 0.0212056674
v -0.127473414 0.0382150188 0.0212056674
v -0.124687038 0.0349346399 0.0642056689
v -0.125648037 0.036066018 0.0212056674
v -0.12670067 0.0373052731 0.0212056674
v -0.124687038 0.0349346399 0.0212056674
v -0.121562324 0.0319747515 0.0642056689
v -0.122289762 0.0326638184 0.0212056674
v -0.121562324 0.0319747515 0.0212056674
v -0.118135907 0.0293700565 0.0212056674
v -0.118135907 0.0293700565 0.0642056689
v -0.114447959 0.0271510892 0.0642056689
v -0.115555905 0.0278177205 0.0212056674
v -0.114447959 0.0271510892 0.0212056674
v -0.110541709 0.0253438689 0.0212056674
v -0.10646297 0.0239695814 0.0212056674
v -0.110541709 0.0253438689 0.0642056689
v -0.102259554 0.0230443403 0.0212056674
v -0.10646297 0.0239695814 0.0642056689
v -0.0979807451 0.0225789901 0.0212056674
v -0.102259554 0.0230443403 0.0642056689
v -0.0936767012 0.0225789901 0.0642056689
v -0.0936767012 0.0225789901 0.0212056674
v -0.0958287194 0.0225789901 0.0212056674
v -0.0979807451 0.0225789901 0.0642056689
v -0.0893978849 0.0230443403 0.0642056689
v -0.0893978849 0.0230443403 0.0212056674
v -0.0894503593 0.0230386332 0.0212056674
v -0.0851944685 0.0239695814 0.0212056674
v -0.0811157301 0.0253438689 0.0212056674
v -0.0851944685 0.0239695814 0.0642056689
v -0.0772094876 0.0271510892 0.0212056674
v -0.0811157301 0.0253438689 0.0642056689
v -0.0735215321 0.0293700565 0.0642056689
v -0.0735215321 0.0293700565 0.0212056674
v -0.0761015341 0.0278177205 0.0212056674
v -0.0772094876 0.0271510892 0.0642056689
v -0.0700951144 0.0319747515 0.0642056689
v -0.0710093975 0.0312797315 0.0212056674
v -0.0700951144 0.0319747515 0.0212056674
v -0.0669704005 0.0349346399 0.0642056689
v -0.0676903576 0.0342526585 0.0212056674
v -0.069367677 0.0326638184 0.0212056674
v -0.0669704005 0.0349346399 0.0212056674
v -0.0641840175 0.0382150188 0.0212056674
v -0.0669704005 0.089606747 0.0212056674
v -0.0641840175 0.0863263682 0.0212056674
v -0.0641840175 0.0863263682 0.0642056689
v -0.0700951144 0.0925666317 0.0642056689
v -0.0700951144 0.0925666317 0.0212056674
v -0.0676903576 0.0902887285 0.0212056674
v -0.0669704005 0.089606747 0.0642056689
v -0.0735215321 0.0951713324 0.0642056689
v -0.0735215321 0.0951713324 0.0212056674
v -0.0710093975 0.0932616591 0.0212056674
v -0.0772094876 0.0973902941 0.0642056689
v -0.0761015341 0.0967236683 0.0212056674
v -0.0772094876 0.0973902941 0.0212056674
v -0.0811157301 0.0991975218 0.0212056674
v -0.0851944685 0.100571804 0.0212056674
v -0.0811157301 0.0991975218 0.0642056689
v -0.0893978849 0.101497047 0.0212056674
v -0.0851944685 0.100571804 0.0642056689
v -0.0936767012 0.101962395 0.0642056689
v -0.0936767012 0.101962395 0.0212056674
v -0.0894503593 0.101502754 0.0212056674
v -0.0893978849 0.101497047 0.0642056689
v -0.0979807451 0.101962395 0.0642056689
v -0.0958287194 0.101962395 0.0212056674
v -0.0979807451 0.101962395 0.0212056674
v -0.102259554 0.101497047 0.0642056689
v -0.102259554 0.101497047 0.0212056674
v -0.10220708 0.101502754 0.0212056674
v -0.10646297 0.100571804 0.0212056674
v -0.110541709 0.0991975218 0.0212056674
v -0.10646297 0.100571804 0.0642056689
v -0.114447959 0.0973902941 0.0212056674
v -0.110541709 0.0991975218 0.0642056689
v -0.118135907 0.0951713324 0.0642056689
v -0.118135907 0.0951713324 0.0212056674
v -0.115555905 0.0967236683 0.0212056674
v -0.114447959 0.0973902941 0.0642056689
v -0.121562324 0.0925666317 0.0212056674
v -0.124687038 0.089606747 0.0212056674
v -0.121562324 0.0925666317 0.0642056689
v -0.127473414 0.0863263682 0.0642056689
v -0.12670067 0.0872361138 0.0212056674
v -0.125648037 0.0884753689 0.0212056674
v -0.124687038 0.089606747 0.0642056689
v -0.127473414 0.0863263682 0.0212056674
v -0.129888788 0.0827639624 0.0642056689
v -0.129888788 0.0827639624 0.0212056674
v -0.127996087 0.0855554864 0.0212056674
v -0.13190484 0.078961283 0.0642056689
v -0.131059647 0.0805554837 0.0212056674
v -0.131758094 0.079238072 0.0212056674
v -0.13190484 0.078961283 0.0212056674
v -0.133497939 0.0749629289 0.0212056674
v -0.133497939 0.0749629289 0.0642056689
v -0.134649381 0.0708157718 0.0642056689
v -0.134572476 0.071092777 0.0212056674
v -0.134649381 0.0708157718 0.0212056674
v -0.135345697 0.0665684268 0.0212056674
v -0.135345697 0.0665684268 0.0642056689
v -0.0617686473 0.0827639624 0.0312056672
v -0.0597525984 0.078961283 0.0312056672
v -0.0597525984 0.078961283 0.0642056689
v -0.0581595078 0.0749629289 0.0312056672
v -0.0581595078 0.0749629289 0.0642056689
v -0.0570080541 0.0708157718 0.0312056672
v -0.0570080541 0.0708157718 0.0642056689
v -0.0563117377 0.0665684268 0.0312056672
v -0.0563117377 0.0665684268 0.0642056689
v -0.0560787208 0.0622706935 0.0312056672
v -0.0560787208 0.0622706935 0.0642056689
v -0.0563117377 0.0579729639 0.0312056672
v -0.0563117377 0.0579729639 0.0642056689
v -0.0570080541 0.0537256189 0.0312056672
v -0.0570080541 0.0537256189 0.0642056689
v -0.0581595078 0.0495784581 0.0312056672
v -0.0581595078 0.0495784581 0.0642056689
v -0.0597525984 0.0455801003 0.0312056672
v -0.0597525984 0.0455801003 0.0642056689
v -0.0617686473 0.0417774282 0.0312056672
v -0.0617686473 0.0417774282 0.0642056689
v -0.0636214539 0.0389859043 0.0212056674
v -0.0641840175 0.0382150188 0.0642056689
v -0.0632674247 0.0394710302 0.0312056672
v -0.0632674247 0.0394710302 0.0212056674
v -0.0617686473 0.0827639624 0.0642056689
v -0.0632674247 0.0850703567 0.0312056672
v -0.0636214539 0.0855554864 0.0212056674
v -0.0632674247 0.0850703567 0.0212056674
v -0.0785934255 0.105528027 0.0642056689
v -0.0811157301 0.0991975218 0.0642056689
v -0.0772094876 0.0973902941 0.0642056689
v -0.0833714008 0.107137911 0.0642056689
v -0.0851944685 0.100571804 0.0642056689
v -0.0933077708 0.108766899 0.0642056689
v -0.0936767012 0.101962395 0.0642056689
v -0.0893978849 0.101497047 0.0642056689
v -0.0983496681 0.108766899 0.0642056689
v -0.0979807451 0.101962395 0.0642056689
v -0.0535679273 0.0818226188 0.0642056689
v -0.0597525984 0.078961283 0.0642056689
v -0.0581595078 0.0749629289 0.0642056689
v -0.0559295975 0.0862772018 0.0642056689
v -0.0617686473 0.0827639624 0.0642056689
v -0.0882954225 0.108221777 0.0642056689
v -0.103362016 0.108221777 0.0642056689
v -0.102259554 0.101497047 0.0642056689
v -0.12597394 0.0267810002 0.0642056689
v -0.121562324 0.0319747515 0.0642056689
v -0.124687038 0.0349346399 0.0642056689
v -0.121960111 0.0237297714 0.0642056689
v -0.118135907 0.0293700565 0.0642056689
v -0.117639922 0.0211303998 0.0642056689
v -0.114447959 0.0271510892 0.0642056689
v -0.113064021 0.0190133601 0.0642056689
v -0.110541709 0.0253438689 0.0642056689
v -0.108286045 0.0174034722 0.0642056689
v -0.10646297 0.0239695814 0.0642056689
v -0.103362016 0.016319612 0.0642056689
v -0.102259554 0.0230443403 0.0642056689
v -0.0983496681 0.0157744866 0.0642056689
v -0.0979807451 0.0225789901 0.0642056689
v -0.0933077708 0.0157744866 0.0642056689
v -0.0936767012 0.0225789901 0.0642056689
v -0.0785934255 0.0190133601 0.0642056689
v -0.0740175173 0.0211303998 0.0642056689
v -0.0772094876 0.0271510892 0.0642056689
v -0.0696973279 0.0237297714 0.0642056689
v -0.0735215321 0.0293700565 0.0642056689
v -0.0503528751 0.0722806826 0.0642056689
v -0.0517017283 0.0771388113 0.0642056689
v -0.0587590486 0.0904503241 0.0642056689
v -0.0641840175 0.0863263682 0.0642056689
v -0.062023107 0.0942930728 0.0642056689
v -0.0669704005 0.089606747 0.0642056689
v -0.0696973279 0.100811616 0.0642056689
v -0.0735215321 0.0951713324 0.0642056689
v -0.0700951144 0.0925666317 0.0642056689
v -0.0740175173 0.103410989 0.0642056689
v -0.108286045 0.107137911 0.0642056689
v -0.10646297 0.100571804 0.0642056689
v -0.113064021 0.105528027 0.0642056689
v -0.110541709 0.0991975218 0.0642056689
v -0.0882954225 0.016319612 0.0642056689
v -0.0893978849 0.0230443403 0.0642056689
v -0.0833714008 0.0174034722 0.0642056689
v -0.0851944685 0.0239695814 0.0642056689
v -0.0811157301 0.0253438689 0.0642056689
v -0.0503528751 0.0522607043 0.0642056689
v -0.0570080541 0.0537256189 0.0642056689
v -0.0581595078 0.0495784581 0.0642056689
v -0.0495371856 0.0572361872 0.0642056689
v -0.0563117377 0.0579729639 0.0642056689
v -0.0656835064 0.0977603868 0.0642056689
v -0.117639922 0.103410989 0.0642056689
v -0.114447959 0.0973902941 0.0642056689
v -0.121960111 0.100811616 0.0642056689
v -0.118135907 0.0951713324 0.0642056689
v -0.12597394 0.0977603868 0.0642056689
v -0.121562324 0.0925666317 0.0642056689
v -0.129634336 0.0942930728 0.0642056689
v -0.124687038 0.089606747 0.0642056689
v -0.13289839 0.0904503241 0.0642056689
v -0.127473414 0.0863263682 0.0642056689
v -0.135727838 0.0862772018 0.0642056689
v -0.129888788 0.0827639624 0.0642056689
v -0.0535679273 0.0427187681 0.0642056689
v -0.0597525984 0.0455801003 0.0642056689
v -0.0617686473 0.0417774282 0.0642056689
v -0.0517017283 0.0474025793 0.0642056689
v -0.0492642224 0.0622706935 0.0642056689
v -0.0560787208 0.0622706935 0.0642056689
v -0.0495371856 0.0673051998 0.0642056689
v -0.0563117377 0.0665684268 0.0642056689
v -0.0570080541 0.0708157718 0.0642056689
v -0.139955714 0.0474025793 0.0642056689
v -0.138089508 0.0427187681 0.0642056689
v -0.13190484 0.0455801003 0.0642056689
v -0.135727838 0.0382641889 0.0642056689
v -0.129888788 0.0417774282 0.0642056689
v -0.0656835064 0.0267810002 0.0642056689
v -0.0700951144 0.0319747515 0.0642056689
v -0.062023107 0.0302483141 0.0642056689
v -0.0669704005 0.0349346399 0.0642056689
v -0.0587590486 0.0340910591 0.0642056689
v -0.0641840175 0.0382150188 0.0642056689
v -0.0559295975 0.0382641889 0.0642056689
v -0.133497939 0.0495784581 0.0642056689
v -0.134649381 0.0537256189 0.0642056689
v -0.13289839 0.0340910591 0.0642056689
v -0.127473414 0.0382150188 0.0642056689
v -0.129634336 0.0302483141 0.0642056689
v -0.138089508 0.0818226188 0.0642056689
v -0.13190484 0.078961283 0.0642056689
v -0.139955714 0.0771388113 0.0642056689
v -0.133497939 0.0749629289 0.0642056689
v -0.142120257 0.0673051998 0.0642056689
v -0.135345697 0.0665684268 0.0642056689
v -0.134649381 0.0708157718 0.0642056689
v -0.142393216 0.0622706935 0.0642056689
v -0.135578722 0.0622706935 0.0642056689
v -0.141304567 0.0722806826 0.0642056689
v -0.142120257 0.0572361872 0.0642056689
v -0.135345697 0.0579729639 0.0642056689
v -0.141304567 0.0522607043 0.0642056689
f 1 2 3
f 4 1 5
f 6 4 7
f 8 6 9
f 10 8 11
f 12 10 13
f 14 12 15
f 16 14 17
f 18 16 19
f 20 21 22
f 21 23 22
f 24 23 21
f 25 24 26
f 27 25 28
f 29 27 30
f 31 29 32
f 33 31 34
f 35 33 36
f 37 38 39
f 38 40 39
f 41 40 38
f 42 41 43
f 44 42 45
f 46 44 47
f 48 46 49
f 50 48 51
f 52 50 53
f 54 52 55
f 56 54 57
f 58 56 59
f 60 58 61
f 62 60 63
f 64 62 65
f 66 64 67
f 68 66 69
f 70 68 71
f 72 70 73
f 74 72 75
f 76 74 77
f 78 76 79
f 80 78 81
f 82 80 83
f 84 85 86
f 86 87 84
f 88 85 84
f 89 88 90
f 91 89 92
f 93 91 94
f 95 93 96
f 97 95 98
f 99 97 100
f 101 102 103
f 103 104 101
f 105 102 101
f 106 105 107
f 108 106 109
f 110 108 111
f 112 110 113
f 114 112 115
f 116 114 117
f 118 116 119
f 2 118 120
f 120 3 2
f 119 120 118
f 117 119 116
f 115 117 114
f 113 115 112
f 111 113 110
f 109 111 108
f 107 109 106
f 101 107 105
f 103 99 104
f 100 104 99
f 98 100 97
f 96 98 95
f 94 96 93
f 92 94 91
f 90 92 89
f 84 90 88
f 86 82 87
f 83 87 82
f 81 83 80
f 79 81 78
f 77 79 76
f 75 77 74
f 73 75 72
f 71 73 70
f 69 71 68
f 67 69 66
f 65 67 64
f 63 65 62
f 61 63 60
f 59 61 58
f 57 59 56
f 55 57 54
f 53 55 52
f 51 53 50
f 49 51 48
f 47 49 46
f 45 47 44
f 43 45 42
f 38 43 41
f 39 35 37
f 36 37 35
f 34 36 33
f 32 34 31
f 30 32 29
f 28 30 27
f 26 28 25
f 21 26 24
f 22 18 20
f 19 20 18
f 17 19 16
f 15 17 14
f 13 15 12
f 11 13 10
f 9 11 8
f 7 9 6
f 5 7 4
f 3 5 1
f 121 122 123
f 122 124 125
f 126 127 128
f 127 129 130
f 131 132 133
f 134 135 132
f 136 137 138
f 139 140 137
f 141 142 143
f 142 144 145
f 125 123 122
f 124 126 146
f 130 128 127
f 129 147 148
f 149 150 151
f 150 152 153
f 154 155 156
f 157 158 155
f 132 131 134
f 159 138 135
f 137 136 139
f 160 161 140
f 162 163 164
f 165 166 163
f 167 168 169
f 168 141 170
f 145 143 142
f 144 121 171
f 146 125 124
f 148 130 129
f 147 149 172
f 153 151 150
f 173 174 175
f 174 176 177
f 178 179 180
f 181 156 179
f 155 154 157
f 182 133 158
f 135 134 159
f 140 139 160
f 183 164 161
f 163 162 165
f 184 185 186
f 187 188 185
f 170 169 168
f 171 145 144
f 128 146 126
f 151 172 149
f 152 173 189
f 177 175 174
f 176 190 191
f 190 192 193
f 179 178 181
f 158 157 182
f 138 159 136
f 164 183 162
f 194 186 166
f 185 184 187
f 195 196 188
f 197 198 196
f 199 200 201
f 200 167 202
f 143 170 141
f 172 148 147
f 175 189 173
f 193 191 190
f 203 204 205
f 206 180 204
f 156 181 154
f 161 160 183
f 186 194 184
f 196 195 197
f 207 199 208
f 202 201 200
f 123 171 121
f 191 177 176
f 192 209 210
f 209 211 212
f 213 205 214
f 204 203 206
f 133 182 131
f 188 187 195
f 215 216 198
f 217 218 216
f 201 208 199
f 189 153 152
f 212 210 209
f 211 219 220
f 205 213 203
f 166 165 194
f 216 215 217
f 221 222 218
f 223 224 225
f 224 207 226
f 169 202 167
f 220 212 211
f 227 228 229
f 230 214 228
f 180 206 178
f 218 217 221
f 226 225 224
f 210 193 192
f 219 231 232
f 231 233 229
f 228 227 230
f 198 197 215
f 234 235 222
f 234 223 236
f 208 226 207
f 229 232 231
f 214 230 213
f 236 235 234
f 232 220 219
f 222 221 234
f 229 233 227
f 225 236 223
f 237 238 239
f 240 237 241
f 242 240 243
f 244 245 246
f 246 247 244
f 248 245 244
f 249 248 250
f 251 249 252
f 253 251 254
f 255 256 257
f 257 258 255
f 259 256 255
f 260 259 261
f 262 260 263
f 264 262 265
f 266 264 267
f 268 266 269
f 270 268 271
f 272 273 274
f 273 275 274
f 276 275 273
f 277 276 278
f 279 277 280
f 281 279 282
f 283 281 284
f 285 283 286
f 287 285 288
f 289 287 290
f 291 292 293
f 292 294 293
f 295 294 292
f 296 295 297
f 298 296 299
f 300 298 301
f 302 300 303
f 304 302 305
f 306 304 307
f 308 306 309
f 310 308 311
f 312 310 313
f 314 312 315
f 316 314 317
f 318 316 319
f 320 318 321
f 322 320 323
f 324 325 326
f 326 327 324
f 328 325 324
f 329 328 330
f 331 329 332
f 333 331 334
f 335 333 336
f 337 335 338
f 339 337 340
f 341 342 343
f 342 344 343
f 345 344 342
f 346 345 347
f 348 346 349
f 350 348 351
f 352 350 353
f 354 352 355
f 356 354 357
f 238 356 358
f 358 239 238
f 357 358 356
f 355 357 354
f 353 355 352
f 351 353 350
f 349 351 348
f 347 349 346
f 342 347 345
f 343 339 341
f 340 341 339
f 338 340 337
f 336 338 335
f 334 336 333
f 332 334 331
f 330 332 329
f 324 330 328
f 326 322 327
f 323 327 322
f 321 323 320
f 319 321 318
f 317 319 316
f 315 317 314
f 313 315 312
f 311 313 310
f 309 311 308
f 307 309 306
f 305 307 304
f 303 305 302
f 301 303 300
f 299 301 298
f 297 299 296
f 292 297 295
f 293 289 291
f 290 291 289
f 288 290 287
f 286 288 285
f 284 286 283
f 282 284 281
f 280 282 279
f 278 280 277
f 273 278 276
f 274 270 272
f 271 272 270
f 269 271 268
f 267 269 266
f 265 267 264
f 263 265 262
f 261 263 260
f 255 261 259
f 257 253 258
f 254 258 253
f 252 254 251
f 250 252 249
f 244 250 248
f 246 242 247
f 243 247 242
f 241 243 240
f 239 241 237
f 359 360 361
f 360 362 363
f 364 365 366
f 365 367 368
f 369 370 371
f 363 372 373
f 372 366 374
f 366 368 375
f 368 376 377
f 376 371 378
f 379 373 380
f 373 374 381
f 374 375 382
f 375 377 383
f 377 378 384
f 378 385 386
f 387 388 389
f 389 390 391
f 392 393 394
f 389 395 390
f 392 391 393
f 389 396 395
f 389 397 398
f 388 399 400
f 388 401 402
f 391 392 389
f 398 403 389
f 388 404 405
f 402 399 388
f 403 396 389
f 388 406 407
f 400 404 388
f 401 408 409
f 392 410 411
f 394 412 392
f 389 413 414
f 388 415 416
f 388 417 406
f 409 402 401
f 401 418 419
f 392 420 421
f 392 422 410
f 414 397 389
f 389 423 424
f 388 425 415
f 388 426 427
f 405 417 388
f 419 428 401
f 401 429 430
f 401 431 432
f 401 392 433
f 392 434 435
f 392 436 420
f 412 422 392
f 389 437 438
f 424 439 389
f 427 425 388
f 428 408 401
f 401 440 441
f 430 442 401
f 433 431 401
f 435 443 392
f 411 436 392
f 439 437 389
f 388 444 445
f 388 446 447
f 407 426 388
f 442 440 401
f 443 433 392
f 438 413 389
f 389 448 449
f 447 444 388
f 441 418 401
f 421 434 392
f 389 445 448
f 416 446 388
f 449 423 389
f 432 429 401
f 401 380 450
f 380 381 451
f 381 382 452
f 382 383 453
f 392 450 454
f 450 451 455
f 451 452 456
f 452 453 457
f 453 458 459
f 458 460 461
f 454 455 462
f 455 456 463
f 457 459 464
f 459 461 465
f 466 467 468
f 467 469 470
f 471 462 472
f 462 463 473
f 474 464 475
f 464 465 476
f 371 370 477
f 370 478 479
f 477 480 371
f 479 481 370
f 370 482 483
f 481 477 370
f 483 484 370
f 484 478 370
f 480 485 371
f 378 486 487
f 371 488 486
f 487 489 378
f 371 490 488
f 486 378 371
f 371 491 492
f 378 493 494
f 378 495 496
f 492 490 371
f 378 497 493
f 489 495 378
f 496 497 378
f 466 498 499
f 500 501 498
f 466 502 503
f 498 466 500
f 500 504 505
f 466 506 502
f 505 501 500
f 466 507 508
f 499 506 466
f 503 507 466
f 467 509 510
f 510 469 467
f 467 511 509
f 467 512 513
f 469 514 515
f 467 516 511
f 513 517 467
f 469 518 519
f 515 520 469
f 469 521 522
f 469 523 524
f 517 516 467
f 469 525 518
f 522 514 469
f 510 523 469
f 467 508 526
f 520 525 469
f 526 512 467
f 524 521 469
f 519 527 469
f 389 528 529
f 389 392 530
f 389 531 528
f 530 532 389
f 389 533 531
f 392 534 530
f 392 535 536
f 532 533 389
f 392 537 538
f 392 539 540
f 392 541 535
f 527 542 541
f 538 534 392
f 536 539 392
f 527 543 542
f 527 544 545
f 540 537 392
f 545 543 527
f 389 546 547
f 541 392 527
f 529 546 389
f 527 548 549
f 549 544 527
f 550 551 552
f 500 550 553
f 552 554 550
f 550 555 556
f 554 553 550
f 556 557 550
f 500 558 559
f 500 560 561
f 557 551 550
f 550 389 562
f 561 558 500
f 562 555 550
f 553 560 500
f 387 563 564
f 564 388 387
f 564 565 388
f 387 566 567
f 387 568 569
f 565 570 388
f 569 566 387
f 567 563 387
f 387 571 568
f 401 572 573
f 401 574 575
f 388 576 577
f 401 578 579
f 573 580 401
f 401 577 574
f 388 581 576
f 580 578 401
f 577 401 388
f 575 572 401
f 388 582 581
f 363 379 583
f 363 584 585
f 363 586 587
f 379 588 583
f 363 589 590
f 363 591 592
f 363 593 584
f 583 586 363
f 379 594 595
f 379 579 596
f 361 590 597
f 592 589 363
f 587 593 363
f 596 594 379
f 590 361 363
f 595 588 379
f 585 591 363
f 597 598 361
f 599 361 600
f 599 601 602
f 599 603 604
f 361 605 600
f 604 601 599
f 361 606 605
f 600 603 599
f 602 607 599
f 361 608 606
f 609 470 610
f 610 611 609
f 470 612 613
f 609 614 615
f 613 610 470
f 615 616 609
f 611 617 609
f 470 618 619
f 470 620 621
f 616 622 609
f 619 612 470
f 470 623 620
f 617 614 609
f 470 624 623
f 470 625 626
f 609 627 628
f 609 629 630
f 621 618 470
f 470 631 625
f 470 632 633
f 609 634 627
f 622 629 609
f 633 631 470
f 609 635 634
f 626 624 470
f 630 635 609
f 628 471 609
f 469 636 632
f 632 470 469
f 527 454 637
f 637 638 527
f 527 639 640
f 527 641 642
f 454 643 637
f 640 644 527
f 638 641 527
f 454 645 646
f 454 647 648
f 644 649 527
f 646 643 454
f 454 650 647
f 642 639 527
f 454 651 650
f 454 652 653
f 469 527 654
f 527 655 656
f 648 645 454
f 454 657 652
f 454 658 659
f 454 471 660
f 469 661 662
f 654 663 469
f 527 664 665
f 649 655 527
f 659 657 454
f 471 666 660
f 471 667 668
f 663 661 469
f 527 669 664
f 653 651 454
f 668 666 471
f 665 654 527
f 660 658 454
f 656 669 527
f 473 670 671
f 672 671 673
f 473 674 670
f 672 675 676
f 671 672 473
f 676 677 672
f 673 678 672
f 473 679 680
f 473 681 682
f 677 683 672
f 680 674 473
f 473 684 681
f 678 675 672
f 473 685 684
f 473 686 687
f 672 688 689
f 672 690 691
f 682 679 473
f 473 692 686
f 473 693 694
f 689 474 672
f 683 690 672
f 694 692 473
f 672 695 688
f 687 685 473
f 691 695 672
f 689 696 474
f 463 697 693
f 693 473 463
f 456 457 698
f 698 699 456
f 456 700 701
f 456 702 703
f 457 704 698
f 701 705 456
f 699 702 456
f 457 706 707
f 457 708 709
f 705 710 456
f 707 704 457
f 457 711 708
f 703 700 456
f 457 712 711
f 457 713 714
f 456 715 716
f 456 717 718
f 709 706 457
f 457 719 713
f 457 720 721
f 474 722 720
f 463 723 724
f 463 716 725
f 456 726 715
f 710 717 456
f 721 719 457
f 474 727 722
f 474 728 729
f 725 723 463
f 456 730 726
f 714 712 457
f 729 727 474
f 716 463 456
f 720 457 474
f 718 730 456
f 384 386 731
f 384 732 733
f 384 734 735
f 386 736 731
f 384 737 732
f 731 734 384
f 733 738 384
f 386 739 736
f 735 737 384
f 453 740 741
f 453 742 743
f 453 744 745
f 383 746 747
f 383 748 749
f 453 750 740
f 743 751 453
f 453 747 744
f 749 746 383
f 383 752 753
f 383 384 754
f 751 750 453
f 747 453 383
f 383 755 752
f 754 756 383
f 745 742 453
f 756 755 383
f 753 748 383
f 460 757 758
f 458 759 757
f 458 760 761
f 757 460 458
f 761 762 458
f 762 759 458
f 458 763 764
f 764 760 458
f 458 741 763
f 368 765 766
f 376 766 767
f 368 768 765
f 766 376 368
f 369 376 769
f 368 770 768
f 368 771 772
f 369 773 774
f 769 775 369
f 376 776 777
f 376 778 779
f 772 770 368
f 775 773 369
f 376 780 781
f 376 782 783
f 376 784 776
f 767 778 376
f 368 785 786
f 368 367 787
f 367 788 789
f 367 790 791
f 781 769 376
f 783 792 376
f 779 784 376
f 786 793 368
f 368 794 795
f 787 796 368
f 791 788 367
f 792 780 376
f 793 771 368
f 368 797 794
f 789 787 367
f 777 782 376
f 796 797 368
f 795 785 368
f 363 798 799
f 372 799 800
f 363 801 798
f 799 372 363
f 372 802 803
f 363 804 801
f 363 805 806
f 364 807 808
f 803 364 372
f 372 809 810
f 372 811 812
f 806 804 363
f 362 813 814
f 803 807 364
f 372 815 816
f 372 817 818
f 372 819 809
f 800 811 372
f 363 820 821
f 362 822 813
f 362 823 824
f 816 802 372
f 818 825 372
f 812 819 372
f 821 826 363
f 363 827 828
f 363 814 829
f 824 822 362
f 825 815 372
f 826 805 363
f 363 830 827
f 814 363 362
f 810 817 372
f 829 830 363
f 828 820 363
f 460 831 832
f 460 833 834
f 832 835 460
f 834 836 460
f 460 837 831
f 833 838 834
f 460 839 840
f 460 841 842
f 836 837 460
f 843 844 845
f 843 461 846
f 840 847 460
f 460 848 849
f 835 841 460
f 833 850 851
f 833 852 853
f 843 854 855
f 846 844 843
f 461 856 857
f 461 858 859
f 461 860 861
f 461 862 863
f 460 864 865
f 849 839 460
f 851 838 833
f 833 866 867
f 833 868 852
f 869 843 870
f 855 871 843
f 843 872 873
f 461 874 846
f 859 856 461
f 461 875 860
f 461 876 862
f 460 877 864
f 460 878 879
f 842 848 460
f 853 866 833
f 868 833 880
f 881 880 869
f 870 882 869
f 843 883 884
f 873 854 843
f 843 885 886
f 857 874 461
f 863 875 461
f 461 887 888
f 461 865 889
f 879 877 460
f 867 850 833
f 880 881 890
f 869 891 892
f 884 870 843
f 886 872 843
f 861 858 461
f 889 887 461
f 847 878 460
f 869 892 881
f 871 883 843
f 888 876 461
f 880 890 868
f 845 885 843
f 882 891 869
f 461 893 894
f 461 843 893
f 465 895 896
f 465 894 895
f 476 897 898
f 476 899 897
f 476 896 899
f 475 476 900
f 900 901 475
f 672 475 902
f 902 903 672
f 473 672 904
f 904 905 473
f 905 906 473
f 907 908 909
f 910 907 911
f 473 912 913
f 473 907 914
f 909 915 907
f 907 910 916
f 911 917 918
f 473 919 920
f 473 921 922
f 913 923 473
f 473 924 925
f 907 926 914
f 907 927 928
f 907 929 908
f 911 918 910
f 922 919 473
f 473 930 931
f 925 912 473
f 928 926 907
f 916 929 907
f 473 932 921
f 923 930 473
f 915 927 907
f 920 472 473
f 914 924 473
f 931 932 473
f 920 933 472
f 934 935 917
f 917 911 934
f 609 936 937
f 938 939 940
f 609 941 942
f 609 943 944
f 609 945 936
f 938 946 947
f 940 948 938
f 942 938 609
f 609 949 950
f 609 951 943
f 937 952 609
f 953 954 955
f 947 956 938
f 938 957 958
f 942 939 938
f 944 949 609
f 609 959 960
f 609 961 945
f 472 962 961
f 472 963 964
f 955 938 953
f 938 965 946
f 948 957 938
f 960 951 609
f 961 609 472
f 472 966 963
f 967 968 969
f 956 953 938
f 950 941 609
f 964 962 472
f 969 934 967
f 967 955 970
f 958 965 938
f 472 971 966
f 970 968 967
f 952 959 609
f 954 970 955
f 969 972 934
f 609 973 974
f 609 975 973
f 609 976 975
f 609 938 976
f 470 977 978
f 470 979 977
f 470 974 979
f 468 980 981
f 468 978 980
f 982 981 983
f 983 984 982
f 466 982 985
f 985 986 466
f 500 466 987
f 987 988 500
f 550 500 989
f 989 990 550
f 990 991 550
f 387 550 992
f 992 993 387
f 550 994 992
f 550 995 994
f 996 997 998
f 999 1000 1001
f 998 1002 996
f 997 996 999
f 1001 997 999
f 996 1003 571
f 1002 1004 996
f 1004 1003 996
f 1005 1006 1007
f 1008 1000 1009
f 1009 1005 1010
f 1005 1011 1012
f 1005 1013 1006
f 1009 1014 1008
f 1010 1015 1009
f 1007 1011 1005
f 1000 1016 1017
f 1015 1014 1009
f 1005 1018 1013
f 599 1019 1018
f 1008 1016 1000
f 1018 1005 599
f 1012 1010 1005
f 599 1020 1021
f 599 1005 1020
f 359 1021 1022
f 1022 1023 359
f 1023 1024 359
f 360 359 1025
f 1025 1026 360
f 362 1027 1028
f 362 360 1029
f 1029 1027 362
f 1030 1031 1032
f 1033 1034 1035
f 1031 1036 1032
f 1037 1036 1031
f 1033 1038 1039
f 1033 1040 1041
f 1035 1042 1033
f 1034 1043 1044
f 1030 1045 1046
f 1031 1047 1037
f 1039 1048 1033
f 1033 1049 1050
f 1042 1040 1033
f 1044 1051 1034
f 1032 1045 1030
f 1052 1053 1054
f 1055 1052 1056
f 1050 1038 1033
f 1051 1035 1034
f 1057 1046 1058
f 1047 1059 1037
f 1060 1059 1047
f 1054 1061 1052
f 1033 1062 1055
f 1041 1049 1033
f 1034 1063 1064
f 1034 1065 1066
f 1067 1054 1068
f 1057 1069 1070
f 1057 1071 1072
f 1046 1057 1030
f 1034 1033 1060
f 1061 1056 1052
f 1048 1062 1033
f 1066 1063 1034
f 1034 1073 1074
f 1075 1076 1067
f 362 1077 1078
f 1057 1079 1069
f 1057 1080 1071
f 1047 1034 1060
f 1056 1033 1055
f 1074 1065 1034
f 1075 1081 1076
f 362 1082 1077
f 1070 362 1057
f 1058 1080 1057
f 1064 1043 1034
f 1081 1083 1084
f 1068 1075 1067
f 1085 364 1086
f 364 1087 1088
f 1070 1082 362
f 1053 1068 1054
f 1075 1083 1081
f 1088 1086 364
f 1072 1079 1057
f 1086 1081 1085
f 1084 1085 1081
f 1089 1090 1091
f 1092 365 1093
f 1091 1034 1089
f 1089 1094 1095
f 1096 1097 1094
f 1092 1098 1099
f 1092 1100 1101
f 1092 1102 1103
f 1092 1104 1105
f 1093 1106 1092
f 365 1107 1108
f 365 1109 1110
f 365 1111 1112
f 1095 1090 1089
f 1094 1092 1096
f 1101 1098 1092
f 1092 1113 1102
f 1106 1104 1092
f 1110 1107 365
f 1112 1114 365
f 365 1115 1116
f 365 1117 1118
f 365 364 1119
f 364 1120 1121
f 1091 1122 1034
f 1099 1096 1092
f 1105 1113 1092
f 1114 1109 365
f 365 1123 1115
f 1119 1117 365
f 364 1124 1120
f 1097 1095 1094
f 1108 1093 365
f 1118 1123 365
f 364 1085 1124
f 1103 1100 1092
f 1121 1119 364
f 1116 1111 365
f 365 1125 1126
f 365 1092 1125
f 1127 1126 1128
f 1128 1129 1130
f 1131 1132 1129
f 1129 1128 1131
f 1128 1130 1127
f 1131 1133 1134
f 1126 1135 1136
f 1134 1132 1131
f 367 1126 1137
f 1126 1138 1139
f 1127 1135 1126
f 1133 1140 1141
f 367 1142 1143
f 1126 1144 1137
f 1126 1145 1138
f 1141 1134 1133
f 1133 1146 1147
f 1133 369 1148
f 367 1149 1142
f 1137 1150 367
f 1136 1145 1126
f 1147 1151 1133
f 1148 1152 1133
f 369 1153 1154
f 1150 1149 367
f 1151 1140 1133
f 369 1155 1148
f 1154 1156 369
f 1139 1144 1126
f 1156 1155 369
f 1152 1146 1133
f 369 1157 1158
f 369 1133 1157
f 370 1159 1160
f 370 1158 1159
f 482 1161 1162
f 482 1163 1161
f 482 1160 1163
f 1162 1164 482
f 482 1165 1166
f 1166 1167 482
f 482 1168 1169
f 482 1170 1171
f 482 1172 1173
f 1172 1174 1175
f 1172 1176 1177
f 1169 1165 482
f 482 1178 1170
f 1172 1179 1173
f 1177 1174 1172
f 1172 1180 1181
f 1171 1168 482
f 1175 1179 1172
f 1172 1182 1183
f 1181 1184 1172
f 1173 1178 482
f 1184 1182 1172
f 1185 1186 1180
f 1183 1176 1172
f 1180 1172 1185
f 1185 1187 1186
f 1188 1189 1187
f 1190 1191 1192
f 1193 1194 1195
f 1193 1196 1197
f 385 1198 1196
f 1192 1191 1188
f 1193 1199 1190
f 1193 1200 1201
f 1193 1202 1194
f 1196 1193 385
f 385 1203 1204
f 385 1205 1206
f 1192 1193 1190
f 1201 1207 1193
f 1197 1202 1193
f 385 1208 1203
f 385 1209 1210
f 385 494 1205
f 1187 1189 1211
f 1207 1199 1193
f 1204 1198 385
f 1206 1209 385
f 1187 1192 1188
f 1210 1208 385
f 1195 1200 1193
f 386 385 1193
f 1193 1212 386
f 460 1213 1214
f 460 1215 1216
f 386 1217 1218
f 1219 1217 1220
f 1220 1221 1222
f 1223 1224 1225
f 1226 1224 1223
f 833 1227 1228
f 460 1229 1230
f 1216 1213 460
f 386 1231 1232
f 1217 1233 1218
f 1217 1219 1234
f 1222 1235 1220
f 1223 833 1226
f 833 1236 1237
f 833 1230 1227
f 1214 1229 460
f 1232 1238 386
f 1218 1239 386
f 1217 1240 1241
f 1234 1242 1217
f 1221 1243 1222
f 1225 1221 1223
f 833 1244 1236
f 1230 833 460
f 1239 1231 386
f 1242 1240 1217
f 1225 1243 1221
f 1228 1244 833
f 1241 1233 1217
f 1237 1226 833
f 1220 1235 1219
f 1238 739 386
f 1212 1217 386
f 1211 1186 1187
f 1167 483 482
f 1164 1172 482
f 1160 482 370
f 1158 370 369
f 1143 790 367
f 1126 367 365
f 1122 1073 1034
f 1078 823 362
f 1028 1057 362
f 1026 1029 360
f 1024 1025 359
f 1021 359 599
f 1017 1001 1000
f 571 387 996
f 993 996 387
f 991 995 550
f 988 989 500
f 986 987 466
f 984 985 982
f 981 982 468
f 978 468 470
f 974 470 609
f 972 935 934
f 933 971 472
f 906 907 473
f 903 904 672
f 901 902 475
f 898 900 476
f 896 476 465
f 894 465 461
f 865 461 460
f 808 1087 364
f 774 1153 369
f 758 1215 460
f 741 458 453
f 738 754 384
f 724 697 463
f 696 728 474
f 662 636 469
f 628 667 471
f 607 1019 599
f 598 608 361
f 579 379 401
f 570 582 388
f 559 504 500
f 547 562 389
f 519 548 527
f 508 467 466
f 494 385 378
f 485 491 371
f 476 475 464
f 475 672 474
f 473 472 462
f 472 609 471
f 470 468 467
f 468 982 466
f 465 464 459
f 464 474 457
f 463 462 455
f 462 471 454
f 461 459 458
f 459 457 453
f 457 456 452
f 456 455 451
f 455 454 450
f 454 527 392
f 453 452 382
f 452 451 381
f 451 450 380
f 450 392 401
f 445 389 388
f 389 550 387
f 386 384 378
f 384 383 377
f 383 382 375
f 382 381 374
f 381 380 373
f 380 401 379
f 378 377 376
f 377 375 368
f 375 374 366
f 374 373 372
f 373 379 363
f 371 376 369
f 368 366 365
f 366 372 364
f 363 361 360
f 361 599 359
f 1245 1246 1247
f 1248 1245 1249
f 1250 1248 1251
f 1252 1250 1253
f 1254 1252 1255
f 1256 1254 1257
f 1258 1256 1259
f 1260 1258 1261
f 1262 1260 1263
f 1264 1262 1265
f 1266 1264 1267
f 1268 1266 1269
f 1270 1268 1271
f 1272 1270 1273
f 1274 1272 1275
f 1276 1274 1277
f 1278 1276 1279
f 1280 1278 1281
f 1282 1280 1283
f 1284 1282 1285
f 1286 1284 1287
f 1288 1286 1289
f 1290 1288 1291
f 1292 1290 1293
f 1294 1292 1295
f 1296 1294 1297
f 1298 1296 1299
f 1300 1298 1301
f 1302 1300 1303
f 1304 1302 1305
f 1306 1307 1308
f 1308 1309 1306
f 1310 1307 1306
f 1311 1310 1312
f 1313 1311 1314
f 1315 1313 1316
f 1317 1315 1318
f 1319 1317 1320
f 1321 1319 1322
f 1323 1321 1324
f 1325 1323 1326
f 1327 1325 1328
f 1329 1327 1330
f 1331 1329 1332
f 1333 1331 1334
f 1335 1333 1336
f 1337 1335 1338
f 1339 1337 1340
f 1341 1339 1342
f 1343 1341 1344
f 1345 1343 1346
f 1347 1345 1348
f 1349 1347 1350
f 1351 1349 1352
f 1353 1351 1354
f 1355 1353 1356
f 1357 1355 1358
f 1359 1360 1361
f 1361 1362 1359
f 1246 1360 1359
f 1359 1247 1246
f 1361 1357 1362
f 1358 1362 1357
f 1356 1358 1355
f 1354 1356 1353
f 1352 1354 1351
f 1350 1352 1349
f 1348 1350 1347
f 1346 1348 1345
f 1344 1346 1343
f 1342 1344 1341
f 1340 1342 1339
f 1338 1340 1337
f 1336 1338 1335
f 1334 1336 1333
f 1332 1334 1331
f 1330 1332 1329
f 1328 1330 1327
f 1326 1328 1325
f 1324 1326 1323
f 1322 1324 1321
f 1320 1322 1319
f 1318 1320 1317
f 1316 1318 1315
f 1314 1316 1313
f 1312 1314 1311
f 1306 1312 1310
f 1308 1304 1309
f 1305 1309 1304
f 1303 1305 1302
f 1301 1303 1300
f 1299 1301 1298
f 1297 1299 1296
f 1295 1297 1294
f 1293 1295 1292
f 1291 1293 1290
f 1289 1291 1288
f 1287 1289 1286
f 1285 1287 1284
f 1283 1285 1282
f 1281 1283 1280
f 1279 1281 1278
f 1277 1279 1276
f 1275 1277 1274
f 1273 1275 1272
f 1271 1273 1270
f 1269 1271 1268
f 1267 1269 1266
f 1265 1267 1264
f 1263 1265 1262
f 1261 1263 1260
f 1259 1261 1258
f 1257 1259 1256
f 1255 1257 1254
f 1253 1255 1252
f 1251 1253 1250
f 1249 1251 1248
f 1247 1249 1245
f 1363 1364 1365
f 1366 1363 1367
f 1368 1366 1369
f 1370 1368 1371
f 1372 1370 1373
f 1374 1372 1375
f 1376 1374 1377
f 1378 1376 1379
f 1380 1378 1381
f 1382 1380 1383
f 1384 1382 1385
f 1386 1384 1387
f 1388 1386 1389
f 1390 1388 1391
f 1392 1390 1393
f 1394 1392 1395
f 1396 1394 1397
f 1398 1396 1399
f 1400 1398 1401
f 1402 1400 1403
f 1404 1402 1405
f 1406 1404 1407
f 1408 1406 1409
f 1410 1408 1411
f 1412 1410 1413
f 1414 1412 1415
f 1416 1414 1417
f 1418 1416 1419
f 1420 1418 1421
f 1422 1420 1423
f 1424 1425 1426
f 1426 1427 1424
f 1428 1425 1424
f 1429 1428 1430
f 1431 1429 1432
f 1433 1431 1434
f 1435 1433 1436
f 1437 1435 1438
f 1439 1437 1440
f 1441 1439 1442
f 1443 1441 1444
f 1445 1443 1446
f 1447 1445 1448
f 1449 1447 1450
f 1451 1449 1452
f 1453 1451 1454
f 1455 1453 1456
f 1457 1455 1458
f 1459 1457 1460
f 1461 1459 1462
f 1463 1461 1464
f 1465 1463 1466
f 1467 1465 1468
f 1469 1467 1470
f 1471 1469 1472
f 1473 1471 1474
f 1475 1473 1476
f 1477 1478 1479
f 1479 1480 1477
f 1364 1478 1477
f 1477 1365 1364
f 1479 1475 1480
f 1476 1480 1475
f 1474 1476 1473
f 1472 1474 1471
f 1470 1472 1469
f 1468 1470 1467
f 1466 1468 1465
f 1464 1466 1463
f 1462 1464 1461
f 1460 1462 1459
f 1458 1460 1457
f 1456 1458 1455
f 1454 1456 1453
f 1452 1454 1451
f 1450 1452 1449
f 1448 1450 1447
f 1446 1448 1445
f 1444 1446 1443
f 1442 1444 1441
f 1440 1442 1439
f 1438 1440 1437
f 1436 1438 1435
f 1434 1436 1433
f 1432 1434 1431
f 1430 1432 1429
f 1424 1430 1428
f 1426 1422 1427
f 1423 1427 1422
f 1421 1423 1420
f 1419 1421 1418
f 1417 1419 1416
f 1415 1417 1414
f 1413 1415 1412
f 1411 1413 1410
f 1409 1411 1408
f 1407 1409 1406
f 1405 1407 1404
f 1403 1405 1402
f 1401 1403 1400
f 1399 1401 1398
f 1397 1399 1396
f 1395 1397 1394
f 1393 1395 1392
f 1391 1393 1390
f 1389 1391 1388
f 1387 1389 1386
f 1385 1387 1384
f 1383 1385 1382
f 1381 1383 1380
f 1379 1381 1378
f 1377 1379 1376
f 1375 1377 1374
f 1373 1375 1372
f 1371 1373 1370
f 1369 1371 1368
f 1367 1369 1366
f 1365 1367 1363
f 1481 1482 1483
f 1484 1481 1485
f 1486 1484 1487
f 1488 1486 1489
f 1490 1488 1491
f 1492 1490 1493
f 1494 1492 1495
f 1496 1497 1498
f 1498 1499 1496
f 1500 1497 1496
f 1501 1500 1502
f 1503 1501 1504
f 1505 1503 1506
f 1507 1505 1508
f 1509 1507 1510
f 1511 1509 1512
f 1513 1514 1515
f 1514 1516 1515
f 1517 1516 1514
f 1518 1517 1519
f 1520 1518 1521
f 1522 1520 1523
f 1524 1522 1525
f 1526 1524 1527
f 1528 1526 1529
f 1530 1528 1531
f 1532 1530 1533
f 1534 1532 1535
f 1536 1534 1537
f 1538 1536 1539
f 1540 1538 1541
f 1542 1540 1543
f 1544 1542 1545
f 1546 1544 1547
f 1548 1546 1549
f 1550 1548 1551
f 1552 1550 1553
f 1554 1552 1555
f 1556 1554 1557
f 1558 1556 1559
f 1560 1558 1561
f 1562 1560 1563
f 1564 1562 1565
f 1566 1564 1567
f 1568 1569 1570
f 1570 1571 1568
f 1572 1569 1568
f 1573 1572 1574
f 1575 1573 1576
f 1577 1575 1578
f 1579 1577 1580
f 1581 1579 1582
f 1583 1581 1584
f 1585 1586 1587
f 1586 1588 1587
f 1589 1588 1586
f 1590 1589 1591
f 1592 1590 1593
f 1594 1592 1595
f 1596 1594 1597
f 1598 1596 1599
f 1482 1598 1600
f 1600 1483 1482
f 1599 1600 1598
f 1597 1599 1596
f 1595 1597 1594
f 1593 1595 1592
f 1591 1593 1590
f 1586 1591 1589
f 1587 1583 1585
f 1584 1585 1583
f 1582 1584 1581
f 1580 1582 1579
f 1578 1580 1577
f 1576 1578 1575
f 1574 1576 1573
f 1568 1574 1572
f 1570 1566 1571
f 1567 1571 1566
f 1565 1567 1564
f 1563 1565 1562
f 1561 1563 1560
f 1559 1561 1558
f 1557 1559 1556
f 1555 1557 1554
f 1553 1555 1552
f 1551 1553 1550
f 1549 1551 1548
f 1547 1549 1546
f 1545 1547 1544
f 1543 1545 1542
f 1541 1543 1540
f 1539 1541 1538
f 1537 1539 1536
f 1535 1537 1534
f 1533 1535 1532
f 1531 1533 1530
f 1529 1531 1528
f 1527 1529 1526
f 1525 1527 1524
f 1523 1525 1522
f 1521 1523 1520
f 1519 1521 1518
f 1514 1519 1517
f 1515 1511 1513
f 1512 1513 1511
f 1510 1512 1509
f 1508 1510 1507
f 1506 1508 1505
f 1504 1506 1503
f 1502 1504 1501
f 1496 1502 1500
f 1498 1494 1499
f 1495 1499 1494
f 1493 1495 1492
f 1491 1493 1490
f 1489 1491 1488
f 1487 1489 1486
f 1485 1487 1484
f 1483 1485 1481
f 1601 1602 1603
f 1604 1605 1606
f 1606 1607 1604
f 1608 1605 1604
f 1609 1608 1610
f 1611 1609 1612
f 1613 1611 1614
f 1615 1613 1616
f 1617 1615 1618
f 1619 1617 1620
f 1621 1619 1622
f 1623 1621 1624
f 1625 1623 1626
f 1627 1625 1628
f 1629 1627 1630
f 1631 1629 1632
f 1633 1631 1634
f 1635 1633 1636
f 1637 1635 1638
f 1639 1637 1640
f 1641 1639 1642
f 1643 1641 1644
f 1645 1643 1646
f 1647 1645 1648
f 1649 1647 1650
f 1651 1649 1652
f 1653 1651 1654
f 1655 1653 1656
f 1657 1658 1659
f 1659 1660 1657
f 1661 1658 1657
f 1662 1661 1663
f 1664 1662 1665
f 1666 1664 1667
f 1668 1666 1669
f 1670 1668 1671
f 1672 1670 1673
f 1674 1672 1675
f 1676 1674 1677
f 1678 1676 1679
f 1680 1678 1681
f 1682 1680 1683
f 1684 1682 1685
f 1686 1684 1687
f 1688 1686 1689
f 1690 1688 1691
f 1692 1690 1693
f 1694 1692 1695
f 1696 1694 1697
f 1698 1696 1699
f 1700 1698 1701
f 1702 1700 1703
f 1704 1702 1705
f 1706 1704 1707
f 1708 1706 1709
f 1710 1708 1711
f 1712 1710 1713
f 1714 1712 1715
f 1716 1714 1717
f 1602 1716 1718
f 1718 1603 1602
f 1717 1718 1716
f 1715 1717 1714
f 1713 1715 1712
f 1711 1713 1710
f 1709 1711 1708
f 1707 1709 1706
f 1705 1707 1704
f 1703 1705 1702
f 1701 1703 1700
f 1699 1701 1698
f 1697 1699 1696
f 1695 1697 1694
f 1693 1695 1692
f 1691 1693 1690
f 1689 1691 1688
f 1687 1689 1686
f 1685 1687 1684
f 1683 1685 1682
f 1681 1683 1680
f 1679 1681 1678
f 1677 1679 1676
f 1675 1677 1674
f 1673 1675 1672
f 1671 1673 1670
f 1669 1671 1668
f 1667 1669 1666
f 1665 1667 1664
f 1663 1665 1662
f 1657 1663 1661
f 1659 1655 1660
f 1656 1660 1655
f 1654 1656 1653
f 1652 1654 1651
f 1650 1652 1649
f 1648 1650 1647
f 1646 1648 1645
f 1644 1646 1643
f 1642 1644 1641
f 1640 1642 1639
f 1638 1640 1637
f 1636 1638 1635
f 1634 1636 1633
f 1632 1634 1631
f 1630 1632 1629
f 1628 1630 1627
f 1626 1628 1625
f 1624 1626 1623
f 1622 1624 1621
f 1620 1622 1619
f 1618 1620 1617
f 1616 1618 1615
f 1614 1616 1613
f 1612 1614 1611
f 1610 1612 1609
f 1604 1610 1608
f 1606 1601 1607
f 1603 1607 1601
f 1719 1720 1721
f 1722 1723 1724
f 1724 1725 1722
f 1726 1723 1722
f 1727 1726 1728
f 1729 1727 1730
f 1731 1729 1732
f 1733 1731 1734
f 1735 1733 1736
f 1737 1735 1738
f 1739 1737 1740
f 1741 1739 1742
f 1743 1741 1744
f 1745 1743 1746
f 1747 1745 1748
f 1749 1747 1750
f 1751 1749 1752
f 1753 1751 1754
f 1755 1753 1756
f 1757 1755 1758
f 1759 1757 1760
f 1761 1759 1762
f 1763 1761 1764
f 1765 1763 1766
f 1767 1765 1768
f 1769 1767 1770
f 1771 1769 1772
f 1773 1771 1774
f 1775 1776 1777
f 1777 1778 1775
f 1779 1776 1775
f 1780 1779 1781
f 1782 1780 1783
f 1784 1782 1785
f 1786 1784 1787
f 1788 1786 1789
f 1790 1788 1791
f 1792 1790 1793
f 1794 1792 1795
f 1796 1794 1797
f 1798 1796 1799
f 1800 1798 1801
f 1802 1800 1803
f 1804 1802 1805
f 1806 1804 1807
f 1808 1806 1809
f 1810 1808 1811
f 1812 1810 1813
f 1814 1812 1815
f 1816 1814 1817
f 1818 1816 1819
f 1820 1818 1821
f 1822 1820 1823
f 1824 1822 1825
f 1826 1824 1827
f 1828 1826 1829
f 1830 1828 1831
f 1832 1830 1833
f 1834 1832 1835
f 1720 1834 1836
f 1836 1721 1720
f 1835 1836 1834
f 1833 1835 1832
f 1831 1833 1830
f 1829 1831 1828
f 1827 1829 1826
f 1825 1827 1824
f 1823 1825 1822
f 1821 1823 1820
f 1819 1821 1818
f 1817 1819 1816
f 1815 1817 1814
f 1813 1815 1812
f 1811 1813 1810
f 1809 1811 1808
f 1807 1809 1806
f 1805 1807 1804
f 1803 1805 1802
f 1801 1803 1800
f 1799 1801 1798
f 1797 1799 1796
f 1795 1797 1794
f 1793 1795 1792
f 1791 1793 1790
f 1789 1791 1788
f 1787 1789 1786
f 1785 1787 1784
f 1783 1785 1782
f 1781 1783 1780
f 1775 1781 1779
f 1777 1773 1778
f 1774 1778 1773
f 1772 1774 1771
f 1770 1772 1769
f 1768 1770 1767
f 1766 1768 1765
f 1764 1766 1763
f 1762 1764 1761
f 1760 1762 1759
f 1758 1760 1757
f 1756 1758 1755
f 1754 1756 1753
f 1752 1754 1751
f 1750 1752 1749
f 1748 1750 1747
f 1746 1748 1745
f 1744 1746 1743
f 1742 1744 1741
f 1740 1742 1739
f 1738 1740 1737
f 1736 1738 1735
f 1734 1736 1733
f 1732 1734 1731
f 1730 1732 1729
f 1728 1730 1727
f 1722 1728 1726
f 1724 1719 1725
f 1721 1725 1719
f 1837 1838 1839
f 1840 1837 1841
f 1842 1840 1843
f 1844 1842 1845
f 1846 1844 1847
f 1848 1846 1849
f 1850 1848 1851
f 1852 1850 1853
f 1854 1852 1855
f 1856 1854 1857
f 1858 1856 1859
f 1860 1858 1861
f 1862 1860 1863
f 1864 1862 1865
f 1866 1864 1867
f 1868 1866 1869
f 1870 1868 1871
f 1872 1870 1873
f 1874 1872 1875
f 1876 1874 1877
f 1878 1876 1879
f 1880 1878 1881
f 1882 1880 1883
f 1884 1882 1885
f 1886 1884 1887
f 1888 1886 1889
f 1890 1888 1891
f 1892 1890 1893
f 1894 1892 1895
f 1896 1894 1897
f 1898 1896 1899
f 1900 1898 1901
f 1902 1900 1903
f 1904 1902 1905
f 1906 1904 1907
f 1908 1906 1909
f 1910 1908 1911
f 1912 1910 1913
f 1914 1912 1915
f 1916 1914 1917
f 1918 1916 1919
f 1920 1918 1921
f 1922 1920 1923
f 1924 1922 1925
f 1926 1924 1927
f 1928 1926 1929
f 1930 1928 1931
f 1932 1930 1933
f 1934 1932 1935
f 1936 1934 1937
f 1938 1936 1939
f 1940 1938 1941
f 1942 1940 1943
f 1944 1942 1945
f 1946 1944 1947
f 1948 1946 1949
f 1950 1948 1951
f 1838 1950 1952
f 1952 1839 1838
f 1951 1952 1950
f 1949 1951 1948
f 1947 1949 1946
f 1945 1947 1944
f 1943 1945 1942
f 1941 1943 1940
f 1939 1941 1938
f 1937 1939 1936
f 1935 1937 1934
f 1933 1935 1932
f 1931 1933 1930
f 1929 1931 1928
f 1927 1929 1926
f 1925 1927 1924
f 1923 1925 1922
f 1921 1923 1920
f 1919 1921 1918
f 1917 1919 1916
f 1915 1917 1914
f 1913 1915 1912
f 1911 1913 1910
f 1909 1911 1908
f 1907 1909 1906
f 1905 1907 1904
f 1903 1905 1902
f 1901 1903 1900
f 1899 1901 1898
f 1897 1899 1896
f 1895 1897 1894
f 1893 1895 1892
f 1891 1893 1890
f 1889 1891 1888
f 1887 1889 1886
f 1885 1887 1884
f 1883 1885 1882
f 1881 1883 1880
f 1879 1881 1878
f 1877 1879 1876
f 1875 1877 1874
f 1873 1875 1872
f 1871 1873 1870
f 1869 1871 1868
f 1867 1869 1866
f 1865 1867 1864
f 1863 1865 1862
f 1861 1863 1860
f 1859 1861 1858
f 1857 1859 1856
f 1855 1857 1854
f 1853 1855 1852
f 1851 1853 1850
f 1849 1851 1848
f 1847 1849 1846
f 1845 1847 1844
f 1843 1845 1842
f 1841 1843 1840
f 1839 1841 1837
f 1953 1954 1955
f 1953 1956 1957
f 1958 1959 1960
f 1958 1961 1962
f 1961 1963 1964
f 1963 1965 1966
f 1967 1968 1969
f 1968 1970 1971
f 1972 1973 1971
f 1972 1974 1955
f 1957 1954 1953
f 1956 1975 1976
f 1977 1978 1979
f 1978 1980 1981
f 1962 1959 1958
f 1966 1964 1963
f 1967 1982 1983
f 1971 1969 1968
f 1955 1973 1972
f 1976 1957 1956
f 1984 1985 1976
f 1984 1986 1987
f 1988 1989 1987
f 1990 1991 1989
f 1977 1992 1993
f 1981 1979 1978
f 1994 1995 1981
f 1994 1996 1960
f 1964 1962 1961
f 1965 1997 1998
f 1999 2000 1998
f 2001 2002 2000
f 2003 2004 2005
f 2003 2006 2007
f 2008 1983 2007
f 1969 1982 1967
f 1955 1974 1953
f 1987 1985 1984
f 1989 1988 1990
f 1990 2009 2010
f 2011 2012 2013
f 2011 2014 2015
f 2016 1993 2015
f 1979 1992 1977
f 1960 1995 1994
f 1998 1966 1965
f 2000 1999 2001
f 2001 2017 2018
f 2019 2020 2021
f 2019 2022 2023
f 2022 2024 2005
f 2007 2004 2003
f 1983 2008 1967
f 1976 1975 1984
f 2010 1991 1990
f 2009 2025 2026
f 2027 2028 2029
f 2027 2030 2031
f 2030 2032 2013
f 2015 2012 2011
f 1993 2016 1977
f 1960 1996 1958
f 2018 2002 2001
f 2017 2033 2034
f 2023 2020 2019
f 2005 2024 2003
f 1971 1970 1972
f 2026 2010 2009
f 2035 2036 2037
f 2035 2038 2039
f 2038 2040 2041
f 2040 2042 2043
f 2044 2045 2043
f 2046 2029 2045
f 2031 2028 2027
f 2013 2032 2011
f 1981 1980 1994
f 2034 2018 2017
f 2005 2023 2022
f 1987 1986 1988
f 2047 2048 2026
f 2047 2049 2050
f 2051 2037 2050
f 2039 2036 2035
f 2043 2041 2040
f 2045 2044 2046
f 2013 2031 2030
f 1998 1997 1999
f 2052 2053 2034
f 2052 2054 2055
f 2056 2057 2058
f 2059 2021 2057
f 2007 2006 2008
f 2050 2048 2047
f 2037 2051 2035
f 2043 2042 2044
f 2015 2014 2016
f 2055 2053 2052
f 2060 2061 2062
f 2060 2063 2064
f 2057 2056 2059
f 2026 2025 2047
f 2041 2039 2038
f 2034 2033 2052
f 2065 2062 2055
f 2064 2061 2060
f 2063 2066 2067
f 2066 2068 2058
f 2021 2059 2019
f 2029 2046 2027
f 2062 2065 2060
f 2058 2067 2066
f 2050 2049 2051
f 2067 2064 2063
f 2055 2054 2065
f 2058 2068 2056
f 2069 2070 2071
f 2072 2073 2074
f 2074 2075 2072
f 2076 2073 2072
f 2077 2076 2078
f 2079 2077 2080
f 2081 2079 2082
f 2083 2081 2084
f 2085 2083 2086
f 2087 2085 2088
f 2089 2087 2090
f 2091 2089 2092
f 2093 2091 2094
f 2095 2093 2096
f 2097 2095 2098
f 2099 2097 2100
f 2101 2099 2102
f 2103 2101 2104
f 2105 2103 2106
f 2107 2105 2108
f 2109 2107 2110
f 2111 2109 2112
f 2113 2111 2114
f 2115 2113 2116
f 2117 2115 2118
f 2119 2117 2120
f 2121 2119 2122
f 2123 2121 2124
f 2125 2126 2127
f 2126 2128 2127
f 2129 2128 2126
f 2130 2129 2131
f 2132 2130 2133
f 2134 2132 2135
f 2136 2134 2137
f 2138 2136 2139
f 2140 2138 2141
f 2142 2140 2143
f 2144 2142 2145
f 2146 2144 2147
f 2148 2146 2149
f 2150 2148 2151
f 2152 2150 2153
f 2154 2152 2155
f 2156 2154 2157
f 2158 2156 2159
f 2160 2158 2161
f 2162 2160 2163
f 2164 2162 2165
f 2166 2164 2167
f 2168 2166 2169
f 2170 2168 2171
f 2172 2170 2173
f 2174 2172 2175
f 2176 2174 2177
f 2178 2176 2179
f 2180 2178 2181
f 2182 2180 2183
f 2184 2182 2185
f 2070 2184 2186
f 2186 2071 2070
f 2185 2186 2184
f 2183 2185 2182
f 2181 2183 2180
f 2179 2181 2178
f 2177 2179 2176
f 2175 2177 2174
f 2173 2175 2172
f 2171 2173 2170
f 2169 2171 2168
f 2167 2169 2166
f 2165 2167 2164
f 2163 2165 2162
f 2161 2163 2160
f 2159 2161 2158
f 2157 2159 2156
f 2155 2157 2154
f 2153 2155 2152
f 2151 2153 2150
f 2149 2151 2148
f 2147 2149 2146
f 2145 2147 2144
f 2143 2145 2142
f 2141 2143 2140
f 2139 2141 2138
f 2137 2139 2136
f 2135 2137 2134
f 2133 2135 2132
f 2131 2133 2130
f 2126 2131 2129
f 2127 2123 2125
f 2124 2125 2123
f 2122 2124 2121
f 2120 2122 2119
f 2118 2120 2117
f 2116 2118 2115
f 2114 2116 2113
f 2112 2114 2111
f 2110 2112 2109
f 2108 2110 2107
f 2106 2108 2105
f 2104 2106 2103
f 2102 2104 2101
f 2100 2102 2099
f 2098 2100 2097
f 2096 2098 2095
f 2094 2096 2093
f 2092 2094 2091
f 2090 2092 2089
f 2088 2090 2087
f 2086 2088 2085
f 2084 2086 2083
f 2082 2084 2081
f 2080 2082 2079
f 2078 2080 2077
f 2072 2078 2076
f 2074 2069 2075
f 2071 2075 2069
f 2187 2188 2189
f 2187 2190 2191
f 2192 2193 2194
f 2192 2195 2196
f 2195 2197 2198
f 2197 2199 2200
f 2201 2202 2203
f 2202 2204 2205
f 2206 2207 2205
f 2206 2208 2189
f 2191 2188 2187
f 2190 2209 2210
f 2211 2212 2213
f 2212 2214 2215
f 2196 2193 2192
f 2200 2198 2197
f 2201 2216 2217
f 2205 2203 2202
f 2189 2207 2206
f 2210 2191 2190
f 2218 2219 2210
f 2218 2220 2221
f 2222 2223 2221
f 2224 2225 2223
f 2211 2226 2227
f 2215 2213 2212
f 2228 2229 2215
f 2228 2230 2194
f 2198 2196 2195
f 2199 2231 2232
f 2233 2234 2232
f 2235 2236 2234
f 2237 2238 2239
f 2237 2240 2241
f 2242 2217 2241
f 2203 2216 2201
f 2189 2208 2187
f 2221 2219 2218
f 2223 2222 2224
f 2224 2243 2244
f 2245 2246 2247
f 2245 2248 2249
f 2250 2227 2249
f 2213 2226 2211
f 2194 2229 2228
f 2232 2200 2199
f 2234 2233 2235
f 2235 2251 2252
f 2253 2254 2255
f 2253 2256 2257
f 2256 2258 2239
f 2241 2238 2237
f 2217 2242 2201
f 2210 2209 2218
f 2244 2225 2224
f 2243 2259 2260
f 2261 2262 2263
f 2261 2264 2265
f 2264 2266 2247
f 2249 2246 2245
f 2227 2250 2211
f 2194 2230 2192
f 2252 2236 2235
f 2251 2267 2268
f 2257 2254 2253
f 2239 2258 2237
f 2205 2204 2206
f 2260 2244 2243
f 2269 2270 2271
f 2269 2272 2273
f 2272 2274 2275
f 2274 2276 2277
f 2278 2279 2277
f 2280 2263 2279
f 2265 2262 2261
f 2247 2266 2245
f 2215 2214 2228
f 2268 2252 2251
f 2239 2257 2256
f 2221 2220 2222
f 2281 2282 2260
f 2281 2283 2284
f 2285 2271 2284
f 2273 2270 2269
f 2277 2275 2274
f 2279 2278 2280
f 2247 2265 2264
f 2232 2231 2233
f 2286 2287 2268
f 2286 2288 2289
f 2290 2291 2292
f 2293 2255 2291
f 2241 2240 2242
f 2284 2282 2281
f 2271 2285 2269
f 2277 2276 2278
f 2249 2248 2250
f 2289 2287 2286
f 2294 2295 2296
f 2294 2297 2298
f 2291 2290 2293
f 2260 2259 2281
f 2275 2273 2272
f 2268 2267 2286
f 2299 2296 2289
f 2298 2295 2294
f 2297 2300 2301
f 2300 2302 2292
f 2255 2293 2253
f 2263 2280 2261
f 2296 2299 2294
f 2292 2301 2300
f 2284 2283 2285
f 2301 2298 2297
f 2289 2288 2299
f 2292 2302 2290
f 2303 2304 2305
f 2306 2307 2308
f 2308 2309 2306
f 2310 2307 2306
f 2311 2310 2312
f 2313 2311 2314
f 2315 2313 2316
f 2317 2315 2318
f 2319 2317 2320
f 2321 2319 2322
f 2323 2321 2324
f 2325 2323 2326
f 2327 2325 2328
f 2329 2327 2330
f 2331 2329 2332
f 2333 2331 2334
f 2335 2333 2336
f 2337 2335 2338
f 2339 2337 2340
f 2341 2339 2342
f 2343 2341 2344
f 2345 2343 2346
f 2347 2345 2348
f 2349 2347 2350
f 2351 2349 2352
f 2353 2351 2354
f 2355 2353 2356
f 2357 2355 2358
f 2359 2360 2361
f 2360 2362 2361
f 2363 2362 2360
f 2364 2363 2365
f 2366 2364 2367
f 2368 2366 2369
f 2370 2368 2371
f 2372 2370 2373
f 2374 2372 2375
f 2376 2374 2377
f 2378 2376 2379
f 2380 2378 2381
f 2382 2380 2383
f 2384 2382 2385
f 2386 2384 2387
f 2388 2386 2389
f 2390 2388 2391
f 2392 2390 2393
f 2394 2392 2395
f 2396 2394 2397
f 2398 2396 2399
f 2400 2398 2401
f 2402 2400 2403
f 2404 2402 2405
f 2406 2404 2407
f 2408 2406 2409
f 2410 2408 2411
f 2412 2410 2413
f 2414 2412 2415
f 2416 2414 2417
f 2418 2416 2419
f 2304 2418 2420
f 2420 2305 2304
f 2419 2420 2418
f 2417 2419 2416
f 2415 2417 2414
f 2413 2415 2412
f 2411 2413 2410
f 2409 2411 2408
f 2407 2409 2406
f 2405 2407 2404
f 2403 2405 2402
f 2401 2403 2400
f 2399 2401 2398
f 2397 2399 2396
f 2395 2397 2394
f 2393 2395 2392
f 2391 2393 2390
f 2389 2391 2388
f 2387 2389 2386
f 2385 2387 2384
f 2383 2385 2382
f 2381 2383 2380
f 2379 2381 2378
f 2377 2379 2376
f 2375 2377 2374
f 2373 2375 2372
f 2371 2373 2370
f 2369 2371 2368
f 2367 2369 2366
f 2365 2367 2364
f 2360 2365 2363
f 2361 2357 2359
f 2358 2359 2357
f 2356 2358 2355
f 2354 2356 2353
f 2352 2354 2351
f 2350 2352 2349
f 2348 2350 2347
f 2346 2348 2345
f 2344 2346 2343
f 2342 2344 2341
f 2340 2342 2339
f 2338 2340 2337
f 2336 2338 2335
f 2334 2336 2333
f 2332 2334 2331
f 2330 2332 2329
f 2328 2330 2327
f 2326 2328 2325
f 2324 2326 2323
f 2322 2324 2321
f 2320 2322 2319
f 2318 2320 2317
f 2316 2318 2315
f 2314 2316 2313
f 2312 2314 2311
f 2306 2312 2310
f 2308 2303 2309
f 2305 2309 2303
f 2421 2422 2423
f 2421 2424 2425
f 2426 2427 2428
f 2426 2429 2430
f 2425 2422 2421
f 2431 2428 2425
f 2430 2427 2426
f 2429 2432 2433
f 2434 2435 2436
f 2434 2437 2438
f 2439 2440 2441
f 2439 2442 2443
f 2425 2424 2431
f 2433 2430 2429
f 2432 2444 2436
f 2438 2435 2434
f 2445 2446 2447
f 2448 2441 2446
f 2443 2440 2439
f 2442 2449 2450
f 2451 2452 2453
f 2451 2454 2423
f 2428 2431 2426
f 2436 2444 2434
f 2455 2456 2457
f 2455 2458 2459
f 2446 2445 2448
f 2450 2443 2442
f 2449 2460 2461
f 2460 2462 2463
f 2423 2452 2451
f 2436 2433 2432
f 2464 2465 2466
f 2464 2467 2468
f 2469 2470 2471
f 2469 2472 2473
f 2459 2456 2455
f 2458 2474 2447
f 2441 2448 2439
f 2463 2461 2460
f 2475 2476 2477
f 2475 2478 2479
f 2480 2481 2482
f 2480 2483 2484
f 2423 2454 2421
f 2485 2486 2438
f 2487 2466 2486
f 2468 2465 2464
f 2488 2489 2490
f 2488 2491 2492
f 2473 2470 2469
f 2472 2493 2494
f 2495 2496 2494
f 2495 2497 2457
f 2447 2459 2458
f 2461 2450 2449
f 2498 2477 2463
f 2479 2476 2475
f 2499 2500 2501
f 2499 2502 2503
f 2504 2505 2503
f 2504 2506 2507
f 2508 2509 2510
f 2508 2511 2482
f 2484 2481 2480
f 2483 2512 2513
f 2514 2515 2513
f 2514 2516 2453
f 2438 2437 2485
f 2466 2487 2464
f 2517 2490 2468
f 2492 2489 2488
f 2494 2473 2472
f 2457 2496 2495
f 2447 2474 2445
f 2477 2498 2475
f 2518 2519 2479
f 2518 2520 2521
f 2522 2501 2521
f 2503 2500 2499
f 2507 2505 2504
f 2506 2523 2524
f 2525 2510 2524
f 2482 2509 2508
f 2513 2484 2483
f 2453 2515 2514
f 2486 2485 2487
f 2490 2517 2488
f 2526 2527 2528
f 2526 2529 2471
f 2494 2493 2495
f 2463 2462 2498
f 2521 2519 2518
f 2501 2522 2499
f 2524 2507 2506
f 2510 2525 2508
f 2513 2512 2514
f 2468 2467 2517
f 2530 2531 2492
f 2530 2532 2533
f 2534 2528 2535
f 2471 2527 2526
f 2457 2497 2455
f 2521 2520 2522
f 2524 2523 2525
f 2453 2516 2451
f 2533 2531 2530
f 2532 2536 2535
f 2528 2534 2526
f 2479 2478 2518
f 2482 2511 2480
f 2535 2533 2532
f 2471 2529 2469
f 2492 2491 2530
f 2503 2502 2504
f 2535 2536 2534
f 2537 2538 2539
f 2540 2537 2541
f 2542 2540 2543
f 2544 2542 2545
f 2546 2544 2547
f 2548 2546 2549
f 2550 2548 2551
f 2552 2550 2553
f 2554 2552 2555
f 2556 2557 2558
f 2557 2559 2558
f 2560 2559 2557
f 2561 2560 2562
f 2563 2561 2564
f 2565 2563 2566
f 2567 2565 2568
f 2569 2567 2570
f 2571 2569 2572
f 2573 2571 2574
f 2575 2576 2577
f 2577 2578 2575
f 2579 2576 2575
f 2580 2579 2581
f 2582 2580 2583
f 2584 2582 2585
f 2586 2584 2587
f 2588 2586 2589
f 2590 2588 2591
f 2592 2590 2593
f 2594 2592 2595
f 2596 2594 2597
f 2598 2596 2599
f 2600 2598 2601
f 2602 2600 2603
f 2604 2602 2605
f 2606 2604 2607
f 2608 2606 2609
f 2610 2608 2611
f 2612 2610 2613
f 2614 2612 2615
f 2616 2614 2617
f 2618 2619 2620
f 2619 2621 2620
f 2622 2621 2619
f 2623 2622 2624
f 2625 2623 2626
f 2627 2625 2628
f 2629 2627 2630
f 2631 2629 2632
f 2633 2631 2634
f 2635 2633 2636
f 2637 2638 2639
f 2639 2640 2637
f 2641 2638 2637
f 2642 2641 2643
f 2644 2642 2645
f 2646 2644 2647
f 2648 2646 2649
f 2650 2648 2651
f 2652 2650 2653
f 2654 2652 2655
f 2538 2654 2656
f 2656 2539 2538
f 2655 2656 2654
f 2653 2655 2652
f 2651 2653 2650
f 2649 2651 2648
f 2647 2649 2646
f 2645 2647 2644
f 2643 2645 2642
f 2637 2643 2641
f 2639 2635 2640
f 2636 2640 2635
f 2634 2636 2633
f 2632 2634 2631
f 2630 2632 2629
f 2628 2630 2627
f 2626 2628 2625
f 2624 2626 2623
f 2619 2624 2622
f 2620 2616 2618
f 2617 2618 2616
f 2615 2617 2614
f 2613 2615 2612
f 2611 2613 2610
f 2609 2611 2608
f 2607 2609 2606
f 2605 2607 2604
f 2603 2605 2602
f 2601 2603 2600
f 2599 2601 2598
f 2597 2599 2596
f 2595 2597 2594
f 2593 2595 2592
f 2591 2593 2590
f 2589 2591 2588
f 2587 2589 2586
f 2585 2587 2584
f 2583 2585 2582
f 2581 2583 2580
f 2575 2581 2579
f 2577 2573 2578
f 2574 2578 2573
f 2572 2574 2571
f 2570 2572 2569
f 2568 2570 2567
f 2566 2568 2565
f 2564 2566 2563
f 2562 2564 2561
f 2557 2562 2560
f 2558 2554 2556
f 2555 2556 2554
f 2553 2555 2552
f 2551 2553 2550
f 2549 2551 2548
f 2547 2549 2546
f 2545 2547 2544
f 2543 2545 2542
f 2541 2543 2540
f 2539 2541 2537
f 2657 2658 2659
f 2657 2660 2661
f 2661 2658 2657
f 2660 2662 2663
f 2664 2665 2659
f 2663 2661 2660
f 2666 2667 2668
f 2666 2664 2669
f 2659 2665 2657
f 2670 2671 2663
f 2672 2673 2674
f 2675 2676 2673
f 2677 2678 2676
f 2679 2680 2678
f 2681 2682 2683
f 2681 2684 2685
f 2684 2686 2687
f 2686 2688 2689
f 2690 2691 2692
f 2690 2693 2694
f 2669 2667 2666
f 2663 2662 2670
f 2695 2696 2671
f 2695 2697 2698
f 2699 2700 2701
f 2702 2674 2700
f 2673 2672 2675
f 2678 2677 2679
f 2685 2682 2681
f 2689 2687 2686
f 2703 2704 2705
f 2704 2706 2707
f 2706 2708 2709
f 2708 2710 2711
f 2712 2713 2714
f 2713 2715 2692
f 2694 2691 2690
f 2693 2716 2668
f 2659 2669 2664
f 2698 2696 2695
f 2717 2718 2719
f 2717 2720 2721
f 2722 2723 2721
f 2724 2725 2723
f 2700 2699 2702
f 2676 2675 2677
f 2726 2727 2680
f 2728 2729 2727
f 2730 2731 2732
f 2730 2733 2734
f 2735 2683 2734
f 2687 2685 2684
f 2707 2705 2704
f 2711 2709 2708
f 2710 2712 2736
f 2692 2714 2713
f 2668 2694 2693
f 2671 2670 2695
f 2737 2719 2698
f 2721 2718 2717
f 2723 2722 2724
f 2738 2701 2725
f 2674 2702 2672
f 2727 2726 2728
f 2739 2740 2741
f 2742 2743 2740
f 2744 2745 2743
f 2746 2747 2745
f 2734 2731 2730
f 2683 2735 2681
f 2748 2749 2689
f 2748 2750 2751
f 2709 2707 2706
f 2714 2736 2712
f 2668 2716 2666
f 2719 2737 2717
f 2725 2724 2738
f 2680 2679 2726
f 2752 2741 2729
f 2740 2739 2742
f 2745 2744 2746
f 2746 2753 2732
f 2734 2733 2735
f 2751 2749 2748
f 2754 2755 2756
f 2755 2757 2758
f 2736 2711 2710
f 2698 2697 2737
f 2701 2738 2699
f 2741 2752 2739
f 2732 2747 2746
f 2689 2688 2748
f 2750 2754 2759
f 2758 2756 2755
f 2757 2760 2761
f 2760 2762 2763
f 2764 2765 2766
f 2765 2767 2768
f 2767 2769 2770
f 2769 2703 2771
f 2692 2715 2690
f 2729 2728 2752
f 2732 2753 2730
f 2756 2759 2754
f 2763 2761 2760
f 2762 2764 2772
f 2768 2766 2765
f 2771 2770 2769
f 2721 2720 2722
f 2759 2751 2750
f 2772 2763 2762
f 2770 2768 2767
f 2743 2742 2744
f 2766 2772 2764
f 2761 2758 2757
f 2705 2771 2703
f 2773 2774 2775
f 2776 2773 2777
f 2778 2776 2779
f 2780 2778 2781
f 2782 2780 2783
f 2784 2782 2785
f 2786 2784 2787
f 2788 2786 2789
f 2790 2788 2791
f 2792 2790 2793
f 2794 2792 2795
f 2796 2794 2797
f 2798 2796 2799
f 2800 2798 2801
f 2802 2800 2803
f 2804 2802 2805
f 2806 2804 2807
f 2808 2806 2809
f 2810 2808 2811
f 2812 2810 2813
f 2814 2812 2815
f 2816 2814 2817
f 2818 2816 2819
f 2820 2818 2821
f 2822 2820 2823
f 2824 2822 2825
f 2826 2824 2827
f 2828 2826 2829
f 2830 2828 2831
f 2832 2830 2833
f 2834 2835 2836
f 2836 2837 2834
f 2838 2835 2834
f 2839 2838 2840
f 2841 2839 2842
f 2843 2841 2844
f 2845 2843 2846
f 2847 2845 2848
f 2849 2847 2850
f 2851 2849 2852
f 2853 2851 2854
f 2855 2853 2856
f 2857 2855 2858
f 2859 2857 2860
f 2861 2859 2862
f 2863 2861 2864
f 2865 2863 2866
f 2867 2865 2868
f 2869 2867 2870
f 2871 2869 2872
f 2873 2871 2874
f 2875 2873 2876
f 2877 2875 2878
f 2879 2877 2880
f 2881 2879 2882
f 2883 2881 2884
f 2885 2883 2886
f 2887 2888 2889
f 2888 2890 2889
f 2774 2890 2888
f 2888 2775 2774
f 2889 2885 2887
f 2886 2887 2885
f 2884 2886 2883
f 2882 2884 2881
f 2880 2882 2879
f 2878 2880 2877
f 2876 2878 2875
f 2874 2876 2873
f 2872 2874 2871
f 2870 2872 2869
f 2868 2870 2867
f 2866 2868 2865
f 2864 2866 2863
f 2862 2864 2861
f 2860 2862 2859
f 2858 2860 2857
f 2856 2858 2855
f 2854 2856 2853
f 2852 2854 2851
f 2850 2852 2849
f 2848 2850 2847
f 2846 2848 2845
f 2844 2846 2843
f 2842 2844 2841
f 2840 2842 2839
f 2834 2840 2838
f 2836 2832 2837
f 2833 2837 2832
f 2831 2833 2830
f 2829 2831 2828
f 2827 2829 2826
f 2825 2827 2824
f 2823 2825 2822
f 2821 2823 2820
f 2819 2821 2818
f 2817 2819 2816
f 2815 2817 2814
f 2813 2815 2812
f 2811 2813 2810
f 2809 2811 2808
f 2807 2809 2806
f 2805 2807 2804
f 2803 2805 2802
f 2801 2803 2800
f 2799 2801 2798
f 2797 2799 2796
f 2795 2797 2794
f 2793 2795 2792
f 2791 2793 2790
f 2789 2791 2788
f 2787 2789 2786
f 2785 2787 2784
f 2783 2785 2782
f 2781 2783 2780
f 2779 2781 2778
f 2777 2779 2776
f 2775 2777 2773
f 2891 2892 2893
f 2891 2894 2895
f 2895 2892 2891
f 2894 2896 2897
f 2898 2899 2893
f 2897 2895 2894
f 2900 2901 2902
f 2900 2898 2903
f 2893 2899 2891
f 2904 2905 2897
f 2906 2907 2908
f 2907 2909 2910
f 2911 2912 2910
f 2913 2914 2912
f 2915 2916 2917
f 2915 2918 2919
f 2918 2920 2921
f 2920 2922 2923
f 2924 2925 2926
f 2924 2927 2928
f 2903 2901 2900
f 2897 2896 2904
f 2929 2930 2905
f 2929 2931 2932
f 2933 2934 2935
f 2933 2906 2936
f 2910 2908 2907
f 2912 2911 2913
f 2919 2916 2915
f 2923 2921 2920
f 2937 2938 2939
f 2940 2941 2938
f 2942 2943 2941
f 2942 2944 2945
f 2946 2947 2948
f 2947 2949 2926
f 2928 2925 2924
f 2927 2950 2902
f 2893 2903 2898
f 2932 2930 2929
f 2951 2952 2953
f 2951 2954 2955
f 2956 2957 2955
f 2958 2959 2957
f 2936 2934 2933
f 2910 2909 2911
f 2960 2961 2914
f 2960 2962 2963
f 2964 2965 2966
f 2964 2967 2968
f 2967 2969 2917
f 2921 2919 2918
f 2938 2937 2940
f 2945 2943 2942
f 2946 2970 2945
f 2926 2948 2947
f 2902 2928 2927
f 2905 2904 2929
f 2971 2953 2932
f 2955 2952 2951
f 2957 2956 2958
f 2958 2972 2935
f 2908 2936 2906
f 2963 2961 2960
f 2973 2974 2975
f 2973 2976 2977
f 2978 2979 2977
f 2978 2980 2981
f 2968 2965 2964
f 2917 2969 2915
f 2982 2983 2923
f 2982 2984 2985
f 2941 2940 2942
f 2948 2970 2946
f 2902 2950 2900
f 2953 2971 2951
f 2935 2959 2958
f 2914 2913 2960
f 2986 2975 2963
f 2977 2974 2973
f 2981 2979 2978
f 2980 2987 2966
f 2917 2968 2967
f 2985 2983 2982
f 2988 2989 2990
f 2988 2991 2992
f 2945 2944 2946
f 2932 2931 2971
f 2935 2972 2933
f 2975 2986 2973
f 2966 2981 2980
f 2923 2922 2982
f 2993 2990 2985
f 2992 2989 2988
f 2994 2995 2992
f 2996 2997 2995
f 2998 2999 3000
f 2998 3001 3002
f 3001 3003 3004
f 3003 3005 2939
f 2926 2949 2924
f 2963 2962 2986
f 2966 2987 2964
f 2990 2993 2988
f 2995 2994 2996
f 2996 3006 3000
f 3002 2999 2998
f 2939 3004 3003
f 2955 2954 2956
f 2985 2984 2993
f 3000 2997 2996
f 3004 3002 3001
f 2977 2976 2978
f 3000 3006 2998
f 2992 2991 2994
f 2939 3005 2937
f 3007 3008 3009
f 3010 3007 3011
f 3012 3010 3013
f 3014 3012 3015
f 3016 3014 3017
f 3018 3016 3019
f 3020 3018 3021
f 3022 3020 3023
f 3024 3022 3025
f 3026 3024 3027
f 3028 3026 3029
f 3030 3028 3031
f 3032 3030 3033
f 3034 3032 3035
f 3036 3034 3037
f 3038 3036 3039
f 3040 3038 3041
f 3042 3040 3043
f 3044 3042 3045
f 3046 3044 3047
f 3048 3046 3049
f 3050 3048 3051
f 3052 3050 3053
f 3054 3052 3055
f 3056 3054 3057
f 3058 3056 3059
f 3060 3058 3061
f 3062 3060 3063
f 3064 3062 3065
f 3066 3064 3067
f 3068 3069 3070
f 3070 3071 3068
f 3072 3069 3068
f 3073 3072 3074
f 3075 3073 3076
f 3077 3075 3078
f 3079 3077 3080
f 3081 3079 3082
f 3083 3081 3084
f 3085 3083 3086
f 3087 3085 3088
f 3089 3087 3090
f 3091 3089 3092
f 3093 3091 3094
f 3095 3093 3096
f 3097 3095 3098
f 3099 3097 3100
f 3101 3099 3102
f 3103 3101 3104
f 3105 3103 3106
f 3107 3105 3108
f 3109 3107 3110
f 3111 3109 3112
f 3113 3111 3114
f 3115 3113 3116
f 3117 3115 3118
f 3119 3117 3120
f 3121 3122 3123
f 3122 3124 3123
f 3008 3124 3122
f 3122 3009 3008
f 3123 3119 3121
f 3120 3121 3119
f 3118 3120 3117
f 3116 3118 3115
f 3114 3116 3113
f 3112 3114 3111
f 3110 3112 3109
f 3108 3110 3107
f 3106 3108 3105
f 3104 3106 3103
f 3102 3104 3101
f 3100 3102 3099
f 3098 3100 3097
f 3096 3098 3095
f 3094 3096 3093
f 3092 3094 3091
f 3090 3092 3089
f 3088 3090 3087
f 3086 3088 3085
f 3084 3086 3083
f 3082 3084 3081
f 3080 3082 3079
f 3078 3080 3077
f 3076 3078 3075
f 3074 3076 3073
f 3068 3074 3072
f 3070 3066 3071
f 3067 3071 3066
f 3065 3067 3064
f 3063 3065 3062
f 3061 3063 3060
f 3059 3061 3058
f 3057 3059 3056
f 3055 3057 3054
f 3053 3055 3052
f 3051 3053 3050
f 3049 3051 3048
f 3047 3049 3046
f 3045 3047 3044
f 3043 3045 3042
f 3041 3043 3040
f 3039 3041 3038
f 3037 3039 3036
f 3035 3037 3034
f 3033 3035 3032
f 3031 3033 3030
f 3029 3031 3028
f 3027 3029 3026
f 3025 3027 3024
f 3023 3025 3022
f 3021 3023 3020
f 3019 3021 3018
f 3017 3019 3016
f 3015 3017 3014
f 3013 3015 3012
f 3011 3013 3010
f 3009 3011 3007
f 3125 3126 3127
f 3125 3128 3129
f 3130 3131 3132
f 3130 3133 3134
f 3129 3126 3125
f 3135 3132 3129
f 3134 3131 3130
f 3133 3136 3137
f 3138 3139 3140
f 3138 3141 3142
f 3143 3144 3145
f 3143 3146 3147
f 3129 3128 3135
f 3137 3134 3133
f 3136 3148 3140
f 3142 3139 3138
f 3149 3150 3151
f 3152 3145 3150
f 3147 3144 3143
f 3146 3153 3154
f 3155 3156 3157
f 3155 3158 3127
f 3132 3135 3130
f 3140 3148 3138
f 3159 3160 3161
f 3159 3162 3163
f 3150 3149 3152
f 3154 3147 3146
f 3153 3164 3165
f 3164 3166 3167
f 3127 3156 3155
f 3140 3137 3136
f 3168 3169 3170
f 3168 3171 3172
f 3173 3174 3175
f 3173 3176 3177
f 3163 3160 3159
f 3162 3178 3151
f 3145 3152 3143
f 3167 3165 3164
f 3179 3180 3181
f 3179 3182 3183
f 3184 3185 3186
f 3187 3188 3185
f 3127 3158 3125
f 3189 3190 3142
f 3191 3170 3190
f 3172 3169 3168
f 3192 3193 3194
f 3192 3195 3196
f 3177 3174 3173
f 3176 3197 3198
f 3199 3200 3198
f 3199 3201 3161
f 3151 3163 3162
f 3165 3154 3153
f 3202 3181 3167
f 3183 3180 3179
f 3203 3204 3205
f 3203 3206 3207
f 3208 3209 3207
f 3208 3210 3211
f 3212 3213 3214
f 3212 3215 3186
f 3185 3184 3187
f 3187 3216 3217
f 3218 3219 3217
f 3218 3220 3157
f 3142 3141 3189
f 3170 3191 3168
f 3221 3194 3172
f 3196 3193 3192
f 3198 3177 3176
f 3161 3200 3199
f 3151 3178 3149
f 3181 3202 3179
f 3222 3223 3183
f 3222 3224 3225
f 3226 3205 3225
f 3207 3204 3203
f 3211 3209 3208
f 3210 3227 3228
f 3229 3214 3228
f 3186 3213 3212
f 3217 3188 3187
f 3157 3219 3218
f 3190 3189 3191
f 3194 3221 3192
f 3230 3231 3232
f 3230 3233 3175
f 3198 3197 3199
f 3167 3166 3202
f 3225 3223 3222
f 3205 3226 3203
f 3228 3211 3210
f 3214 3229 3212
f 3217 3216 3218
f 3172 3171 3221
f 3234 3235 3196
f 3234 3236 3237
f 3238 3232 3239
f 3175 3231 3230
f 3161 3201 3159
f 3225 3224 3226
f 3228 3227 3229
f 3157 3220 3155
f 3237 3235 3234
f 3236 3240 3239
f 3232 3238 3230
f 3183 3182 3222
f 3186 3215 3184
f 3239 3237 3236
f 3175 3233 3173
f 3196 3195 3234
f 3207 3206 3208
f 3239 3240 3238
f 3241 3242 3243
f 3244 3241 3245
f 3246 3244 3247
f 3248 3246 3249
f 3250 3248 3251
f 3252 3250 3253
f 3254 3252 3255
f 3256 3254 3257
f 3258 3256 3259
f 3260 3258 3261
f 3262 3260 3263
f 3264 3262 3265
f 3266 3264 3267
f 3268 3266 3269
f 3270 3268 3271
f 3272 3270 3273
f 3274 3272 3275
f 3276 3274 3277
f 3278 3276 3279
f 3280 3278 3281
f 3282 3280 3283
f 3284 3282 3285
f 3286 3284 3287
f 3288 3286 3289
f 3290 3288 3291
f 3292 3293 3294
f 3293 3295 3294
f 3296 3295 3293
f 3297 3296 3298
f 3299 3297 3300
f 3301 3299 3302
f 3303 3301 3304
f 3305 3303 3306
f 3307 3308 3309
f 3309 3310 3307
f 3311 3308 3307
f 3312 3311 3313
f 3314 3312 3315
f 3316 3314 3317
f 3318 3316 3319
f 3320 3318 3321
f 3322 3320 3323
f 3324 3322 3325
f 3326 3324 3327
f 3328 3326 3329
f 3330 3328 3331
f 3332 3330 3333
f 3334 3332 3335
f 3336 3334 3337
f 3338 3336 3339
f 3340 3338 3341
f 3342 3340 3343
f 3344 3342 3345
f 3346 3344 3347
f 3348 3346 3349
f 3350 3348 3351
f 3352 3350 3353
f 3354 3352 3355
f 3356 3354 3357
f 3242 3356 3358
f 3358 3243 3242
f 3357 3358 3356
f 3355 3357 3354
f 3353 3355 3352
f 3351 3353 3350
f 3349 3351 3348
f 3347 3349 3346
f 3345 3347 3344
f 3343 3345 3342
f 3341 3343 3340
f 3339 3341 3338
f 3337 3339 3336
f 3335 3337 3334
f 3333 3335 3332
f 3331 3333 3330
f 3329 3331 3328
f 3327 3329 3326
f 3325 3327 3324
f 3323 3325 3322
f 3321 3323 3320
f 3319 3321 3318
f 3317 3319 3316
f 3315 3317 3314
f 3313 3315 3312
f 3307 3313 3311
f 3309 3305 3310
f 3306 3310 3305
f 3304 3306 3303
f 3302 3304 3301
f 3300 3302 3299
f 3298 3300 3297
f 3293 3298 3296
f 3294 3290 3292
f 3291 3292 3290
f 3289 3291 3288
f 3287 3289 3286
f 3285 3287 3284
f 3283 3285 3282
f 3281 3283 3280
f 3279 3281 3278
f 3277 3279 3276
f 3275 3277 3274
f 3273 3275 3272
f 3271 3273 3270
f 3269 3271 3268
f 3267 3269 3266
f 3265 3267 3264
f 3263 3265 3262
f 3261 3263 3260
f 3259 3261 3258
f 3257 3259 3256
f 3255 3257 3254
f 3253 3255 3252
f 3251 3253 3250
f 3249 3251 3248
f 3247 3249 3246
f 3245 3247 3244
f 3243 3245 3241
f 3359 3360 3361
f 3362 3359 3363
f 3364 3362 3365
f 3366 3364 3367
f 3368 3366 3369
f 3370 3368 3371
f 3372 3370 3373
f 3374 3372 3375
f 3376 3374 3377
f 3378 3376 3379
f 3380 3378 3381
f 3382 3380 3383
f 3384 3385 3386
f 3386 3387 3384
f 3388 3385 3384
f 3389 3388 3390
f 3391 3389 3392
f 3393 3391 3394
f 3395 3393 3396
f 3397 3395 3398
f 3399 3397 3400
f 3401 3399 3402
f 3403 3401 3404
f 3405 3403 3406
f 3407 3405 3408
f 3409 3407 3410
f 3411 3409 3412
f 3413 3411 3414
f 3415 3413 3416
f 3417 3415 3418
f 3419 3417 3420
f 3421 3419 3422
f 3423 3421 3424
f 3425 3423 3426
f 3427 3425 3428
f 3429 3427 3430
f 3431 3429 3432
f 3433 3431 3434
f 3435 3433 3436
f 3437 3435 3438
f 3439 3437 3440
f 3441 3439 3442
f 3443 3441 3444
f 3445 3443 3446
f 3447 3445 3448
f 3449 3447 3450
f 3451 3452 3453
f 3452 3454 3453
f 3455 3454 3452
f 3456 3455 3457
f 3458 3456 3459
f 3460 3458 3461
f 3462 3460 3463
f 3464 3462 3465
f 3466 3464 3467
f 3468 3466 3469
f 3470 3468 3471
f 3472 3470 3473
f 3474 3472 3475
f 3360 3474 3476
f 3476 3361 3360
f 3475 3476 3474
f 3473 3475 3472
f 3471 3473 3470
f 3469 3471 3468
f 3467 3469 3466
f 3465 3467 3464
f 3463 3465 3462
f 3461 3463 3460
f 3459 3461 3458
f 3457 3459 3456
f 3452 3457 3455
f 3453 3449 3451
f 3450 3451 3449
f 3448 3450 3447
f 3446 3448 3445
f 3444 3446 3443
f 3442 3444 3441
f 3440 3442 3439
f 3438 3440 3437
f 3436 3438 3435
f 3434 3436 3433
f 3432 3434 3431
f 3430 3432 3429
f 3428 3430 3427
f 3426 3428 3425
f 3424 3426 3423
f 3422 3424 3421
f 3420 3422 3419
f 3418 3420 3417
f 3416 3418 3415
f 3414 3416 3413
f 3412 3414 3411
f 3410 3412 3409
f 3408 3410 3407
f 3406 3408 3405
f 3404 3406 3403
f 3402 3404 3401
f 3400 3402 3399
f 3398 3400 3397
f 3396 3398 3395
f 3394 3396 3393
f 3392 3394 3391
f 3390 3392 3389
f 3384 3390 3388
f 3386 3382 3387
f 3383 3387 3382
f 3381 3383 3380
f 3379 3381 3378
f 3377 3379 3376
f 3375 3377 3374
f 3373 3375 3372
f 3371 3373 3370
f 3369 3371 3368
f 3367 3369 3366
f 3365 3367 3364
f 3363 3365 3362
f 3361 3363 3359
f 3477 3478 3479
f 3477 3480 3481
f 3482 3483 3484
f 3482 3485 3486
f 3487 3488 3486
f 3487 3489 3490
f 3481 3478 3477
f 3480 3491 3492
f 3493 3494 3495
f 3493 3496 3497
f 3498 3499 3500
f 3498 3501 3502
f 3503 3504 3502
f 3503 3505 3506
f 3507 3508 3509
f 3510 3511 3508
f 3512 3513 3511
f 3512 3514 3515
f 3516 3517 3518
f 3516 3519 3520
f 3486 3483 3482
f 3490 3488 3487
f 3521 3522 3490
f 3521 3523 3524
f 3525 3526 3524
f 3527 3479 3526
f 3492 3481 3480
f 3491 3528 3529
f 3530 3531 3529
f 3530 3532 3533
f 3532 3534 3535
f 3534 3536 3537
f 3538 3539 3495
f 3497 3494 3493
f 3540 3500 3497
f 3502 3499 3498
f 3506 3504 3503
f 3505 3541 3509
f 3508 3507 3510
f 3515 3513 3512
f 3542 3543 3544
f 3542 3545 3546
f 3545 3547 3548
f 3547 3549 3550
f 3551 3552 3553
f 3551 3554 3518
f 3520 3517 3516
f 3519 3555 3484
f 3486 3485 3487
f 3524 3522 3521
f 3526 3525 3527
f 3529 3492 3491
f 3533 3531 3530
f 3537 3535 3534
f 3495 3539 3493
f 3500 3540 3498
f 3509 3506 3505
f 3511 3510 3512
f 3556 3557 3515
f 3556 3558 3559
f 3546 3543 3542
f 3550 3548 3547
f 3560 3553 3550
f 3518 3552 3551
f 3484 3520 3519
f 3490 3489 3521
f 3479 3527 3477
f 3535 3533 3532
f 3497 3496 3540
f 3509 3541 3507
f 3559 3557 3556
f 3558 3561 3544
f 3548 3546 3545
f 3553 3560 3551
f 3484 3555 3482
f 3529 3528 3530
f 3562 3563 3564
f 3562 3565 3566
f 3565 3567 3568
f 3567 3569 3570
f 3571 3572 3573
f 3571 3574 3575
f 3576 3577 3575
f 3576 3578 3579
f 3580 3581 3582
f 3580 3583 3584
f 3502 3501 3503
f 3544 3559 3558
f 3550 3549 3560
f 3524 3523 3525
f 3585 3586 3537
f 3585 3587 3588
f 3566 3563 3562
f 3570 3568 3567
f 3589 3573 3570
f 3575 3572 3571
f 3579 3577 3576
f 3578 3590 3582
f 3584 3581 3580
f 3538 3591 3584
f 3515 3514 3556
f 3518 3554 3516
f 3588 3586 3585
f 3587 3592 3564
f 3568 3566 3565
f 3573 3589 3571
f 3582 3579 3578
f 3584 3583 3538
f 3544 3561 3542
f 3564 3588 3587
f 3570 3569 3589
f 3582 3590 3580
f 3537 3536 3585
f 3575 3574 3576
f 3564 3592 3562
f 3495 3591 3538
f 3593 3594 3595
f 3596 3593 3597
f 3598 3596 3599
f 3600 3598 3601
f 3602 3600 3603
f 3604 3602 3605
f 3606 3604 3607
f 3608 3606 3609
f 3610 3608 3611
f 3612 3610 3613
f 3614 3612 3615
f 3616 3614 3617
f 3618 3616 3619
f 3620 3618 3621
f 3622 3620 3623
f 3624 3622 3625
f 3626 3624 3627
f 3628 3626 3629
f 3630 3628 3631
f 3632 3630 3633
f 3634 3632 3635
f 3636 3634 3637
f 3638 3636 3639
f 3640 3638 3641
f 3642 3640 3643
f 3644 3642 3645
f 3646 3644 3647
f 3648 3646 3649
f 3650 3648 3651
f 3652 3650 3653
f 3654 3652 3655
f 3656 3654 3657
f 3658 3656 3659
f 3660 3658 3661
f 3662 3660 3663
f 3664 3662 3665
f 3666 3664 3667
f 3668 3666 3669
f 3670 3668 3671
f 3672 3670 3673
f 3674 3672 3675
f 3676 3674 3677
f 3678 3676 3679
f 3680 3678 3681
f 3682 3680 3683
f 3684 3682 3685
f 3686 3684 3687
f 3688 3686 3689
f 3690 3688 3691
f 3692 3690 3693
f 3694 3692 3695
f 3696 3694 3697
f 3698 3696 3699
f 3700 3698 3701
f 3702 3700 3703
f 3704 3702 3705
f 3706 3704 3707
f 3594 3706 3708
f 3708 3595 3594
f 3707 3708 3706
f 3705 3707 3704
f 3703 3705 3702
f 3701 3703 3700
f 3699 3701 3698
f 3697 3699 3696
f 3695 3697 3694
f 3693 3695 3692
f 3691 3693 3690
f 3689 3691 3688
f 3687 3689 3686
f 3685 3687 3684
f 3683 3685 3682
f 3681 3683 3680
f 3679 3681 3678
f 3677 3679 3676
f 3675 3677 3674
f 3673 3675 3672
f 3671 3673 3670
f 3669 3671 3668
f 3667 3669 3666
f 3665 3667 3664
f 3663 3665 3662
f 3661 3663 3660
f 3659 3661 3658
f 3657 3659 3656
f 3655 3657 3654
f 3653 3655 3652
f 3651 3653 3650
f 3649 3651 3648
f 3647 3649 3646
f 3645 3647 3644
f 3643 3645 3642
f 3641 3643 3640
f 3639 3641 3638
f 3637 3639 3636
f 3635 3637 3634
f 3633 3635 3632
f 3631 3633 3630
f 3629 3631 3628
f 3627 3629 3626
f 3625 3627 3624
f 3623 3625 3622
f 3621 3623 3620
f 3619 3621 3618
f 3617 3619 3616
f 3615 3617 3614
f 3613 3615 3612
f 3611 3613 3610
f 3609 3611 3608
f 3607 3609 3606
f 3605 3607 3604
f 3603 3605 3602
f 3601 3603 3600
f 3599 3601 3598
f 3597 3599 3596
f 3595 3597 3593
f 3709 3710 3711
f 3712 3709 3713
f 3714 3712 3715
f 3716 3714 3717
f 3718 3716 3719
f 3720 3718 3721
f 3722 3720 3723
f 3724 3722 3725
f 3726 3727 3728
f 3728 3729 3726
f 3730 3727 3726
f 3731 3730 3732
f 3733 3731 3734
f 3735 3733 3736
f 3737 3735 3738
f 3739 3737 3740
f 3741 3739 3742
f 3743 3741 3744
f 3745 3743 3746
f 3747 3745 3748
f 3749 3747 3750
f 3751 3749 3752
f 3753 3751 3754
f 3755 3753 3756
f 3757 3755 3758
f 3759 3757 3760
f 3761 3759 3762
f 3763 3761 3764
f 3765 3763 3766
f 3767 3765 3768
f 3769 3767 3770
f 3771 3772 3773
f 3773 3774 3771
f 3775 3772 3771
f 3776 3775 3777
f 3778 3776 3779
f 3780 3778 3781
f 3782 3780 3783
f 3784 3782 3785
f 3786 3784 3787
f 3788 3786 3789
f 3790 3788 3791
f 3792 3790 3793
f 3794 3792 3795
f 3796 3794 3797
f 3798 3796 3799
f 3800 3798 3801
f 3802 3800 3803
f 3804 3802 3805
f 3806 3804 3807
f 3808 3806 3809
f 3810 3811 3812
f 3811 3813 3812
f 3814 3813 3811
f 3815 3814 3816
f 3817 3815 3818
f 3819 3817 3820
f 3821 3819 3822
f 3823 3821 3824
f 3825 3826 3827
f 3827 3828 3825
f 3710 3826 3825
f 3825 3711 3710
f 3827 3823 3828
f 3824 3828 3823
f 3822 3824 3821
f 3820 3822 3819
f 3818 3820 3817
f 3816 3818 3815
f 3811 3816 3814
f 3812 3808 3810
f 3809 3810 3808
f 3807 3809 3806
f 3805 3807 3804
f 3803 3805 3802
f 3801 3803 3800
f 3799 3801 3798
f 3797 3799 3796
f 3795 3797 3794
f 3793 3795 3792
f 3791 3793 3790
f 3789 3791 3788
f 3787 3789 3786
f 3785 3787 3784
f 3783 3785 3782
f 3781 3783 3780
f 3779 3781 3778
f 3777 3779 3776
f 3771 3777 3775
f 3773 3769 3774
f 3770 3774 3769
f 3768 3770 3767
f 3766 3768 3765
f 3764 3766 3763
f 3762 3764 3761
f 3760 3762 3759
f 3758 3760 3757
f 3756 3758 3755
f 3754 3756 3753
f 3752 3754 3751
f 3750 3752 3749
f 3748 3750 3747
f 3746 3748 3745
f 3744 3746 3743
f 3742 3744 3741
f 3740 3742 3739
f 3738 3740 3737
f 3736 3738 3735
f 3734 3736 3733
f 3732 3734 3731
f 3726 3732 3730
f 3728 3724 3729
f 3725 3729 3724
f 3723 3725 3722
f 3721 3723 3720
f 3719 3721 3718
f 3717 3719 3716
f 3715 3717 3714
f 3713 3715 3712
f 3711 3713 3709
f 3829 3830 3831
f 3832 3833 3830
f 3834 3835 3836
f 3835 3837 3838
f 3837 3839 3840
f 3839 3841 3842
f 3830 3829 3832
f 3843 3844 3833
f 3845 3846 3847
f 3848 3849 3846
f 3850 3851 3852
f 3853 3854 3851
f 3855 3856 3854
f 3855 3857 3858
f 3859 3860 3861
f 3860 3862 3863
f 3862 3864 3865
f 3864 3866 3867
f 3868 3869 3870
f 3869 3871 3872
f 3838 3836 3835
f 3842 3840 3839
f 3841 3873 3874
f 3873 3875 3876
f 3875 3877 3878
f 3877 3879 3831
f 3833 3832 3843
f 3880 3881 3844
f 3882 3883 3881
f 3884 3885 3883
f 3886 3887 3885
f 3888 3889 3887
f 3890 3847 3891
f 3846 3845 3848
f 3892 3852 3849
f 3851 3850 3853
f 3858 3856 3855
f 3857 3859 3893
f 3863 3861 3860
f 3867 3865 3864
f 3894 3895 3896
f 3895 3897 3898
f 3897 3899 3900
f 3899 3901 3902
f 3903 3904 3905
f 3904 3868 3906
f 3872 3870 3869
f 3871 3834 3907
f 3840 3838 3837
f 3876 3874 3873
f 3831 3878 3877
f 3844 3843 3880
f 3883 3882 3884
f 3887 3886 3888
f 3847 3890 3845
f 3852 3892 3850
f 3893 3858 3857
f 3865 3863 3862
f 3866 3908 3909
f 3908 3910 3911
f 3898 3896 3895
f 3902 3900 3899
f 3901 3903 3912
f 3906 3905 3904
f 3907 3872 3871
f 3874 3842 3841
f 3831 3879 3829
f 3885 3884 3886
f 3849 3848 3892
f 3861 3893 3859
f 3911 3909 3908
f 3910 3894 3913
f 3900 3898 3897
f 3905 3912 3903
f 3836 3907 3834
f 3881 3880 3882
f 3914 3915 3916
f 3917 3918 3915
f 3919 3920 3918
f 3921 3922 3920
f 3923 3924 3925
f 3926 3927 3924
f 3928 3929 3927
f 3930 3931 3929
f 3932 3933 3934
f 3935 3936 3933
f 3854 3853 3855
f 3913 3911 3910
f 3912 3902 3901
f 3878 3876 3875
f 3937 3938 3889
f 3939 3940 3938
f 3915 3914 3917
f 3920 3919 3921
f 3941 3925 3922
f 3924 3923 3926
f 3929 3928 3930
f 3942 3934 3931
f 3933 3932 3935
f 3943 3891 3936
f 3909 3867 3866
f 3870 3906 3868
f 3938 3937 3939
f 3944 3916 3940
f 3918 3917 3919
f 3925 3941 3923
f 3931 3930 3942
f 3936 3935 3943
f 3896 3913 3894
f 3940 3939 3944
f 3922 3921 3941
f 3934 3942 3932
f 3889 3888 3937
f 3927 3926 3928
f 3916 3944 3914
f 3891 3943 3890
f 3945 3946 3947
f 3948 3945 3949
f 3950 3948 3951
f 3952 3953 3954
f 3953 3955 3954
f 3956 3955 3953
f 3957 3956 3958
f 3959 3957 3960
f 3961 3959 3962
f 3963 3961 3964
f 3965 3963 3966
f 3967 3965 3968
f 3969 3967 3970
f 3971 3969 3972
f 3973 3971 3974
f 3975 3973 3976
f 3977 3978 3979
f 3979 3980 3977
f 3981 3978 3977
f 3982 3981 3983
f 3984 3982 3985
f 3986 3984 3987
f 3988 3986 3989
f 3990 3988 3991
f 3992 3990 3993
f 3994 3992 3995
f 3996 3994 3997
f 3998 3999 4000
f 4000 4001 3998
f 4002 3999 3998
f 4003 4002 4004
f 4005 4003 4006
f 4007 4005 4008
f 4009 4007 4010
f 4011 4009 4012
f 4013 4011 4014
f 4015 4013 4016
f 4017 4015 4018
f 4019 4017 4020
f 4021 4019 4022
f 4023 4021 4024
f 4025 4023 4026
f 4027 4025 4028
f 4029 4027 4030
f 4031 4029 4032
f 4033 4034 4035
f 4035 4036 4033
f 4037 4034 4033
f 4038 4037 4039
f 4040 4038 4041
f 4042 4040 4043
f 4044 4042 4045
f 4046 4044 4047
f 4048 4046 4049
f 4050 4048 4051
f 4052 4050 4053
f 4054 4052 4055
f 4056 4054 4057
f 4058 4056 4059
f 4060 4058 4061
f 4062 4060 4063
f 3946 4062 4064
f 4064 3947 3946
f 4063 4064 4062
f 4061 4063 4060
f 4059 4061 4058
f 4057 4059 4056
f 4055 4057 4054
f 4053 4055 4052
f 4051 4053 4050
f 4049 4051 4048
f 4047 4049 4046
f 4045 4047 4044
f 4043 4045 4042
f 4041 4043 4040
f 4039 4041 4038
f 4033 4039 4037
f 4035 4031 4036
f 4032 4036 4031
f 4030 4032 4029
f 4028 4030 4027
f 4026 4028 4025
f 4024 4026 4023
f 4022 4024 4021
f 4020 4022 4019
f 4018 4020 4017
f 4016 4018 4015
f 4014 4016 4013
f 4012 4014 4011
f 4010 4012 4009
f 4008 4010 4007
f 4006 4008 4005
f 4004 4006 4003
f 3998 4004 4002
f 4000 3996 4001
f 3997 4001 3996
f 3995 3997 3994
f 3993 3995 3992
f 3991 3993 3990
f 3989 3991 3988
f 3987 3989 3986
f 3985 3987 3984
f 3983 3985 3982
f 3977 3983 3981
f 3979 3975 3980
f 3976 3980 3975
f 3974 3976 3973
f 3972 3974 3971
f 3970 3972 3969
f 3968 3970 3967
f 3966 3968 3965
f 3964 3966 3963
f 3962 3964 3961
f 3960 3962 3959
f 3958 3960 3957
f 3953 3958 3956
f 3954 3950 3952
f 3951 3952 3950
f 3949 3951 3948
f 3947 3949 3945
f 4065 4066 4067
f 4068 4065 4069
f 4070 4068 4071
f 4072 4070 4073
f 4074 4072 4075
f 4076 4074 4077
f 4078 4076 4079
f 4080 4078 4081
f 4082 4080 4083
f 4084 4082 4085
f 4086 4084 4087
f 4088 4086 4089
f 4090 4088 4091
f 4092 4090 4093
f 4094 4092 4095
f 4096 4094 4097
f 4098 4096 4099
f 4100 4098 4101
f 4102 4100 4103
f 4104 4102 4105
f 4106 4104 4107
f 4108 4106 4109
f 4110 4108 4111
f 4112 4110 4113
f 4114 4112 4115
f 4116 4114 4117
f 4118 4116 4119
f 4120 4118 4121
f 4122 4120 4123
f 4124 4122 4125
f 4126 4124 4127
f 4128 4126 4129
f 4130 4128 4131
f 4132 4130 4133
f 4134 4132 4135
f 4136 4134 4137
f 4138 4136 4139
f 4140 4138 4141
f 4142 4140 4143
f 4144 4142 4145
f 4146 4144 4147
f 4148 4146 4149
f 4150 4148 4151
f 4152 4150 4153
f 4154 4152 4155
f 4156 4154 4157
f 4158 4156 4159
f 4160 4158 4161
f 4162 4160 4163
f 4164 4162 4165
f 4166 4164 4167
f 4168 4166 4169
f 4170 4168 4171
f 4172 4170 4173
f 4174 4172 4175
f 4176 4174 4177
f 4178 4176 4179
f 4066 4178 4180
f 4180 4067 4066
f 4179 4180 4178
f 4177 4179 4176
f 4175 4177 4174
f 4173 4175 4172
f 4171 4173 4170
f 4169 4171 4168
f 4167 4169 4166
f 4165 4167 4164
f 4163 4165 4162
f 4161 4163 4160
f 4159 4161 4158
f 4157 4159 4156
f 4155 4157 4154
f 4153 4155 4152
f 4151 4153 4150
f 4149 4151 4148
f 4147 4149 4146
f 4145 4147 4144
f 4143 4145 4142
f 4141 4143 4140
f 4139 4141 4138
f 4137 4139 4136
f 4135 4137 4134
f 4133 4135 4132
f 4131 4133 4130
f 4129 4131 4128
f 4127 4129 4126
f 4125 4127 4124
f 4123 4125 4122
f 4121 4123 4120
f 4119 4121 4118
f 4117 4119 4116
f 4115 4117 4114
f 4113 4115 4112
f 4111 4113 4110
f 4109 4111 4108
f 4107 4109 4106
f 4105 4107 4104
f 4103 4105 4102
f 4101 4103 4100
f 4099 4101 4098
f 4097 4099 4096
f 4095 4097 4094
f 4093 4095 4092
f 4091 4093 4090
f 4089 4091 4088
f 4087 4089 4086
f 4085 4087 4084
f 4083 4085 4082
f 4081 4083 4080
f 4079 4081 4078
f 4077 4079 4076
f 4075 4077 4074
f 4073 4075 4072
f 4071 4073 4070
f 4069 4071 4068
f 4067 4069 4065
f 4181 4182 4183
f 4184 4185 4182
f 4186 4187 4188
f 4189 4190 4187
f 4182 4181 4184
f 4191 4192 4185
f 4193 4188 4192
f 4187 4186 4189
f 4194 4195 4196
f 4197 4183 4195
f 4185 4184 4191
f 4188 4193 4186
f 4198 4199 4200
f 4201 4196 4199
f 4195 4194 4197
f 4192 4191 4193
f 4202 4203 4204
f 4205 4206 4203
f 4205 4207 4208
f 4207 4209 4210
f 4199 4198 4201
f 4183 4197 4181
f 4211 4212 4190
f 4213 4214 4212
f 4215 4216 4214
f 4217 4218 4216
f 4203 4202 4205
f 4210 4208 4207
f 4209 4219 4220
f 4219 4221 4222
f 4223 4224 4225
f 4224 4226 4227
f 4226 4228 4229
f 4228 4230 4231
f 4196 4201 4194
f 4212 4211 4213
f 4216 4215 4217
f 4232 4233 4218
f 4234 4235 4233
f 4236 4237 4235
f 4238 4239 4237
f 4240 4204 4239
f 4208 4206 4205
f 4222 4220 4219
f 4221 4241 4242
f 4241 4243 4244
f 4245 4246 4247
f 4246 4223 4248
f 4227 4225 4224
f 4231 4229 4228
f 4190 4189 4211
f 4218 4217 4232
f 4235 4234 4236
f 4239 4238 4240
f 4220 4210 4209
f 4244 4242 4241
f 4243 4249 4250
f 4249 4251 4252
f 4251 4253 4254
f 4253 4245 4255
f 4248 4247 4246
f 4229 4227 4226
f 4230 4256 4257
f 4256 4258 4259
f 4258 4260 4261
f 4260 4262 4263
f 4262 4264 4265
f 4264 4266 4267
f 4268 4269 4270
f 4269 4271 4272
f 4273 4274 4272
f 4275 4276 4274
f 4214 4213 4215
f 4237 4236 4238
f 4242 4222 4221
f 4252 4250 4249
f 4255 4254 4253
f 4225 4248 4223
f 4259 4257 4256
f 4263 4261 4260
f 4267 4265 4264
f 4266 4277 4278
f 4277 4279 4280
f 4279 4281 4282
f 4281 4283 4284
f 4283 4268 4285
f 4272 4270 4269
f 4274 4273 4275
f 4286 4287 4276
f 4288 4289 4287
f 4290 4200 4291
f 4233 4232 4234
f 4250 4244 4243
f 4247 4255 4245
f 4261 4259 4258
f 4278 4267 4266
f 4282 4280 4279
f 4285 4284 4283
f 4272 4271 4273
f 4287 4286 4288
f 4292 4293 4289
f 4294 4295 4293
f 4200 4290 4198
f 4254 4252 4251
f 4265 4263 4262
f 4284 4282 4281
f 4276 4275 4286
f 4293 4292 4294
f 4204 4240 4202
f 4280 4278 4277
f 4289 4288 4292
f 4296 4291 4295
f 4257 4231 4230
f 4295 4294 4296
f 4270 4285 4268
f 4291 4296 4290
f 4297 4298 4299
f 4300 4297 4301
f 4302 4300 4303
f 4304 4302 4305
f 4306 4304 4307
f 4308 4306 4309
f 4310 4308 4311
f 4312 4310 4313
f 4314 4312 4315
f 4316 4314 4317
f 4318 4316 4319
f 4320 4318 4321
f 4322 4320 4323
f 4324 4322 4325
f 4326 4324 4327
f 4328 4326 4329
f 4330 4328 4331
f 4332 4330 4333
f 4334 4332 4335
f 4336 4334 4337
f 4338 4336 4339
f 4340 4338 4341
f 4342 4340 4343
f 4344 4342 4345
f 4346 4344 4347
f 4348 4346 4349
f 4350 4348 4351
f 4352 4350 4353
f 4354 4352 4355
f 4356 4354 4357
f 4358 4356 4359
f 4360 4358 4361
f 4362 4360 4363
f 4364 4362 4365
f 4366 4364 4367
f 4368 4366 4369
f 4370 4368 4371
f 4372 4370 4373
f 4374 4372 4375
f 4376 4374 4377
f 4378 4376 4379
f 4380 4378 4381
f 4382 4380 4383
f 4384 4382 4385
f 4386 4384 4387
f 4388 4386 4389
f 4390 4388 4391
f 4392 4390 4393
f 4394 4392 4395
f 4396 4394 4397
f 4398 4396 4399
f 4400 4398 4401
f 4402 4400 4403
f 4404 4402 4405
f 4406 4404 4407
f 4408 4406 4409
f 4410 4408 4411
f 4298 4410 4412
f 4412 4299 4298
f 4411 4412 4410
f 4409 4411 4408
f 4407 4409 4406
f 4405 4407 4404
f 4403 4405 4402
f 4401 4403 4400
f 4399 4401 4398
f 4397 4399 4396
f 4395 4397 4394
f 4393 4395 4392
f 4391 4393 4390
f 4389 4391 4388
f 4387 4389 4386
f 4385 4387 4384
f 4383 4385 4382
f 4381 4383 4380
f 4379 4381 4378
f 4377 4379 4376
f 4375 4377 4374
f 4373 4375 4372
f 4371 4373 4370
f 4369 4371 4368
f 4367 4369 4366
f 4365 4367 4364
f 4363 4365 4362
f 4361 4363 4360
f 4359 4361 4358
f 4357 4359 4356
f 4355 4357 4354
f 4353 4355 4352
f 4351 4353 4350
f 4349 4351 4348
f 4347 4349 4346
f 4345 4347 4344
f 4343 4345 4342
f 4341 4343 4340
f 4339 4341 4338
f 4337 4339 4336
f 4335 4337 4334
f 4333 4335 4332
f 4331 4333 4330
f 4329 4331 4328
f 4327 4329 4326
f 4325 4327 4324
f 4323 4325 4322
f 4321 4323 4320
f 4319 4321 4318
f 4317 4319 4316
f 4315 4317 4314
f 4313 4315 4312
f 4311 4313 4310
f 4309 4311 4308
f 4307 4309 4306
f 4305 4307 4304
f 4303 4305 4302
f 4301 4303 4300
f 4299 4301 4297
f 4413 4414 4415
f 4416 4413 4417
f 4418 4416 4419
f 4420 4418 4421
f 4422 4420 4423
f 4424 4422 4425
f 4426 4424 4427
f 4428 4426 4429
f 4430 4428 4431
f 4432 4430 4433
f 4434 4432 4435
f 4436 4434 4437
f 4438 4436 4439
f 4440 4438 4441
f 4442 4440 4443
f 4444 4442 4445
f 4446 4447 4448
f 4447 4449 4448
f 4450 4449 4447
f 4451 4450 4452
f 4453 4451 4454
f 4455 4453 4456
f 4457 4455 4458
f 4459 4457 4460
f 4461 4459 4462
f 4463 4461 4464
f 4465 4463 4466
f 4467 4465 4468
f 4469 4467 4470
f 4471 4469 4472
f 4473 4471 4474
f 4475 4473 4476
f 4477 4475 4478
f 4479 4477 4480
f 4481 4479 4482
f 4483 4481 4484
f 4485 4483 4486
f 4487 4485 4488
f 4489 4487 4490
f 4491 4489 4492
f 4493 4491 4494
f 4495 4493 4496
f 4497 4498 4499
f 4499 4500 4497
f 4501 4498 4497
f 4502 4501 4503
f 4504 4502 4505
f 4506 4504 4507
f 4508 4506 4509
f 4510 4508 4511
f 4512 4510 4513
f 4514 4512 4515
f 4516 4514 4517
f 4518 4516 4519
f 4520 4518 4521
f 4522 4520 4523
f 4524 4522 4525
f 4526 4524 4527
f 4528 4526 4529
f 4414 4528 4530
f 4530 4415 4414
f 4529 4530 4528
f 4527 4529 4526
f 4525 4527 4524
f 4523 4525 4522
f 4521 4523 4520
f 4519 4521 4518
f 4517 4519 4516
f 4515 4517 4514
f 4513 4515 4512
f 4511 4513 4510
f 4509 4511 4508
f 4507 4509 4506
f 4505 4507 4504
f 4503 4505 4502
f 4497 4503 4501
f 4499 4495 4500
f 4496 4500 4495
f 4494 4496 4493
f 4492 4494 4491
f 4490 4492 4489
f 4488 4490 4487
f 4486 4488 4485
f 4484 4486 4483
f 4482 4484 4481
f 4480 4482 4479
f 4478 4480 4477
f 4476 4478 4475
f 4474 4476 4473
f 4472 4474 4471
f 4470 4472 4469
f 4468 4470 4467
f 4466 4468 4465
f 4464 4466 4463
f 4462 4464 4461
f 4460 4462 4459
f 4458 4460 4457
f 4456 4458 4455
f 4454 4456 4453
f 4452 4454 4451
f 4447 4452 4450
f 4448 4444 4446
f 4445 4446 4444
f 4443 4445 4442
f 4441 4443 4440
f 4439 4441 4438
f 4437 4439 4436
f 4435 4437 4434
f 4433 4435 4432
f 4431 4433 4430
f 4429 4431 4428
f 4427 4429 4426
f 4425 4427 4424
f 4423 4425 4422
f 4421 4423 4420
f 4419 4421 4418
f 4417 4419 4416
f 4415 4417 4413
f 4531 4532 4533
f 4534 4535 4532
f 4536 4537 4538
f 4537 4539 4540
f 4532 4531 4534
f 4541 4542 4535
f 4543 4544 4545
f 4546 4547 4544
f 4540 4538 4537
f 4539 4548 4549
f 4550 4551 4552
f 4551 4553 4554
f 4555 4556 4557
f 4558 4559 4556
f 4560 4533 4559
f 4535 4534 4541
f 4561 4545 4562
f 4544 4543 4546
f 4563 4564 4565
f 4564 4566 4567
f 4566 4536 4568
f 4549 4540 4539
f 4569 4550 4570
f 4554 4552 4551
f 4556 4555 4558
f 4533 4560 4531
f 4545 4561 4543
f 4571 4572 4547
f 4573 4574 4572
f 4575 4576 4574
f 4577 4578 4579
f 4578 4580 4581
f 4567 4565 4564
f 4538 4568 4536
f 4552 4570 4550
f 4553 4582 4583
f 4582 4584 4585
f 4584 4586 4587
f 4559 4558 4560
f 4588 4562 4542
f 4547 4546 4571
f 4574 4573 4575
f 4589 4590 4591
f 4592 4593 4590
f 4594 4595 4596
f 4577 4597 4595
f 4581 4579 4578
f 4580 4563 4598
f 4568 4567 4566
f 4548 4569 4599
f 4583 4554 4553
f 4587 4585 4584
f 4600 4601 4602
f 4601 4603 4604
f 4603 4605 4606
f 4605 4607 4608
f 4609 4610 4611
f 4612 4557 4610
f 4542 4541 4588
f 4572 4571 4573
f 4613 4591 4576
f 4590 4589 4592
f 4595 4594 4577
f 4598 4581 4580
f 4599 4549 4548
f 4585 4583 4582
f 4614 4615 4616
f 4615 4617 4618
f 4619 4620 4621
f 4620 4600 4622
f 4604 4602 4601
f 4608 4606 4605
f 4623 4611 4608
f 4610 4609 4612
f 4562 4588 4561
f 4591 4613 4589
f 4624 4625 4593
f 4626 4627 4625
f 4628 4629 4627
f 4630 4631 4629
f 4579 4597 4577
f 4570 4599 4569
f 4586 4614 4632
f 4618 4616 4615
f 4622 4621 4620
f 4606 4604 4603
f 4611 4623 4609
f 4576 4575 4613
f 4625 4624 4626
f 4629 4628 4630
f 4633 4634 4635
f 4636 4596 4634
f 4565 4598 4563
f 4616 4632 4614
f 4617 4637 4638
f 4637 4639 4640
f 4602 4622 4600
f 4557 4612 4555
f 4627 4626 4628
f 4641 4642 4631
f 4643 4635 4642
f 4634 4633 4636
f 4632 4587 4586
f 4640 4638 4637
f 4639 4644 4645
f 4644 4619 4646
f 4608 4607 4623
f 4631 4630 4641
f 4635 4643 4633
f 4638 4618 4617
f 4646 4645 4644
f 4593 4592 4624
f 4596 4636 4594
f 4621 4646 4619
f 4645 4640 4639
f 4642 4641 4643
f 4647 4648 4649
f 4650 4647 4651
f 4652 4650 4653
f 4654 4652 4655
f 4656 4654 4657
f 4658 4656 4659
f 4660 4658 4661
f 4662 4660 4663
f 4664 4662 4665
f 4666 4664 4667
f 4668 4666 4669
f 4670 4668 4671
f 4672 4670 4673
f 4674 4672 4675
f 4676 4674 4677
f 4678 4676 4679
f 4680 4678 4681
f 4682 4680 4683
f 4684 4682 4685
f 4686 4684 4687
f 4688 4686 4689
f 4690 4688 4691
f 4692 4690 4693
f 4694 4692 4695
f 4696 4694 4697
f 4698 4696 4699
f 4700 4698 4701
f 4702 4700 4703
f 4704 4702 4705
f 4706 4704 4707
f 4708 4706 4709
f 4710 4708 4711
f 4712 4710 4713
f 4714 4712 4715
f 4716 4714 4717
f 4718 4716 4719
f 4720 4718 4721
f 4722 4720 4723
f 4724 4722 4725
f 4726 4724 4727
f 4728 4726 4729
f 4730 4728 4731
f 4732 4730 4733
f 4734 4732 4735
f 4736 4734 4737
f 4738 4736 4739
f 4740 4738 4741
f 4742 4740 4743
f 4744 4742 4745
f 4746 4744 4747
f 4748 4746 4749
f 4750 4748 4751
f 4752 4750 4753
f 4754 4752 4755
f 4756 4754 4757
f 4758 4756 4759
f 4760 4758 4761
f 4648 4760 4762
f 4762 4649 4648
f 4761 4762 4760
f 4759 4761 4758
f 4757 4759 4756
f 4755 4757 4754
f 4753 4755 4752
f 4751 4753 4750
f 4749 4751 4748
f 4747 4749 4746
f 4745 4747 4744
f 4743 4745 4742
f 4741 4743 4740
f 4739 4741 4738
f 4737 4739 4736
f 4735 4737 4734
f 4733 4735 4732
f 4731 4733 4730
f 4729 4731 4728
f 4727 4729 4726
f 4725 4727 4724
f 4723 4725 4722
f 4721 4723 4720
f 4719 4721 4718
f 4717 4719 4716
f 4715 4717 4714
f 4713 4715 4712
f 4711 4713 4710
f 4709 4711 4708
f 4707 4709 4706
f 4705 4707 4704
f 4703 4705 4702
f 4701 4703 4700
f 4699 4701 4698
f 4697 4699 4696
f 4695 4697 4694
f 4693 4695 4692
f 4691 4693 4690
f 4689 4691 4688
f 4687 4689 4686
f 4685 4687 4684
f 4683 4685 4682
f 4681 4683 4680
f 4679 4681 4678
f 4677 4679 4676
f 4675 4677 4674
f 4673 4675 4672
f 4671 4673 4670
f 4669 4671 4668
f 4667 4669 4666
f 4665 4667 4664
f 4663 4665 4662
f 4661 4663 4660
f 4659 4661 4658
f 4657 4659 4656
f 4655 4657 4654
f 4653 4655 4652
f 4651 4653 4650
f 4649 4651 4647
f 4763 4764 4765
f 4766 4767 4768
f 4768 4769 4766
f 4770 4767 4766
f 4771 4770 4772
f 4773 4771 4774
f 4775 4773 4776
f 4777 4775 4778
f 4779 4777 4780
f 4781 4779 4782
f 4783 4784 4785
f 4784 4786 4785
f 4787 4786 4784
f 4788 4787 4789
f 4790 4788 4791
f 4792 4790 4793
f 4794 4792 4795
f 4796 4794 4797
f 4798 4796 4799
f 4800 4798 4801
f 4802 4800 4803
f 4804 4802 4805
f 4806 4804 4807
f 4808 4806 4809
f 4810 4808 4811
f 4812 4810 4813
f 4814 4812 4815
f 4816 4814 4817
f 4818 4816 4819
f 4820 4821 4822
f 4822 4823 4820
f 4824 4821 4820
f 4825 4824 4826
f 4827 4825 4828
f 4829 4827 4830
f 4831 4829 4832
f 4833 4831 4834
f 4835 4833 4836
f 4837 4835 4838
f 4839 4837 4840
f 4841 4839 4842
f 4843 4841 4844
f 4845 4843 4846
f 4847 4845 4848
f 4849 4847 4850
f 4851 4849 4852
f 4853 4851 4854
f 4855 4853 4856
f 4857 4855 4858
f 4859 4857 4860
f 4861 4859 4862
f 4863 4864 4865
f 4865 4866 4863
f 4867 4864 4863
f 4868 4867 4869
f 4870 4868 4871
f 4872 4870 4873
f 4874 4872 4875
f 4876 4874 4877
f 4878 4876 4879
f 4880 4878 4881
f 4764 4880 4882
f 4882 4765 4764
f 4881 4882 4880
f 4879 4881 4878
f 4877 4879 4876
f 4875 4877 4874
f 4873 4875 4872
f 4871 4873 4870
f 4869 4871 4868
f 4863 4869 4867
f 4865 4861 4866
f 4862 4866 4861
f 4860 4862 4859
f 4858 4860 4857
f 4856 4858 4855
f 4854 4856 4853
f 4852 4854 4851
f 4850 4852 4849
f 4848 4850 4847
f 4846 4848 4845
f 4844 4846 4843
f 4842 4844 4841
f 4840 4842 4839
f 4838 4840 4837
f 4836 4838 4835
f 4834 4836 4833
f 4832 4834 4831
f 4830 4832 4829
f 4828 4830 4827
f 4826 4828 4825
f 4820 4826 4824
f 4822 4818 4823
f 4819 4823 4818
f 4817 4819 4816
f 4815 4817 4814
f 4813 4815 4812
f 4811 4813 4810
f 4809 4811 4808
f 4807 4809 4806
f 4805 4807 4804
f 4803 4805 4802
f 4801 4803 4800
f 4799 4801 4798
f 4797 4799 4796
f 4795 4797 4794
f 4793 4795 4792
f 4791 4793 4790
f 4789 4791 4788
f 4784 4789 4787
f 4785 4781 4783
f 4782 4783 4781
f 4780 4782 4779
f 4778 4780 4777
f 4776 4778 4775
f 4774 4776 4773
f 4772 4774 4771
f 4766 4772 4770
f 4768 4763 4769
f 4765 4769 4763
f 4883 4884 4885
f 4884 4886 4887
f 4886 4888 4889
f 4888 4890 4891
f 4892 4893 4894
f 4895 4896 4893
f 4897 4898 4899
f 4898 4883 4900
f 4887 4885 4884
f 4891 4889 4888
f 4901 4902 4903
f 4902 4904 4905
f 4904 4906 4907
f 4906 4908 4909
f 4893 4892 4895
f 4895 4897 4910
f 4900 4899 4898
f 4889 4887 4886
f 4905 4903 4902
f 4909 4907 4906
f 4908 4911 4912
f 4911 4913 4914
f 4915 4916 4917
f 4918 4919 4916
f 4920 4921 4919
f 4922 4923 4921
f 4910 4896 4895
f 4885 4900 4883
f 4890 4924 4925
f 4924 4926 4927
f 4926 4928 4929
f 4928 4930 4931
f 4907 4905 4904
f 4914 4912 4911
f 4913 4932 4933
f 4932 4934 4935
f 4936 4937 4938
f 4939 4917 4938
f 4916 4915 4918
f 4921 4920 4922
f 4899 4910 4897
f 4927 4925 4924
f 4931 4929 4928
f 4930 4940 4941
f 4940 4942 4943
f 4942 4944 4945
f 4944 4946 4947
f 4946 4901 4948
f 4912 4909 4908
f 4935 4933 4932
f 4934 4949 4950
f 4949 4951 4952
f 4951 4953 4954
f 4953 4936 4955
f 4938 4937 4939
f 4919 4918 4920
f 4956 4957 4923
f 4958 4959 4957
f 4960 4961 4959
f 4962 4963 4961
f 4964 4965 4963
f 4966 4967 4965
f 4925 4891 4890
f 4941 4931 4930
f 4945 4943 4942
f 4948 4947 4946
f 4933 4914 4913
f 4952 4950 4949
f 4955 4954 4953
f 4917 4939 4915
f 4957 4956 4958
f 4961 4960 4962
f 4965 4964 4966
f 4968 4969 4967
f 4970 4971 4969
f 4972 4973 4971
f 4974 4975 4973
f 4976 4977 4975
f 4929 4927 4926
f 4947 4945 4944
f 4950 4935 4934
f 4938 4955 4936
f 4959 4958 4960
f 4967 4966 4968
f 4971 4970 4972
f 4975 4974 4976
f 4978 4979 4977
f 4980 4981 4979
f 4982 4983 4981
f 4984 4985 4983
f 4986 4987 4988
f 4989 4990 4987
f 4943 4941 4940
f 4954 4952 4951
f 4963 4962 4964
f 4973 4972 4974
f 4979 4978 4980
f 4983 4982 4984
f 4991 4988 4985
f 4987 4986 4989
f 4903 4948 4901
f 4969 4968 4970
f 4981 4980 4982
f 4988 4991 4986
f 4992 4993 4994
f 4995 4894 4993
f 4923 4922 4956
f 4985 4984 4991
f 4993 4992 4995
f 4977 4976 4978
f 4996 4997 4990
f 4998 4994 4997
f 4894 4995 4892
f 4997 4996 4998
f 4990 4989 4996
f 4994 4998 4992
f 4999 5000 5001
f 5002 4999 5003
f 5004 5002 5005
f 5006 5004 5007
f 5008 5006 5009
f 5010 5008 5011
f 5012 5010 5013
f 5014 5012 5015
f 5016 5014 5017
f 5018 5016 5019
f 5020 5018 5021
f 5022 5020 5023
f 5024 5022 5025
f 5026 5024 5027
f 5028 5026 5029
f 5030 5028 5031
f 5032 5030 5033
f 5034 5032 5035
f 5036 5034 5037
f 5038 5036 5039
f 5040 5038 5041
f 5042 5040 5043
f 5044 5042 5045
f 5046 5044 5047
f 5048 5046 5049
f 5050 5048 5051
f 5052 5050 5053
f 5054 5052 5055
f 5056 5054 5057
f 5058 5056 5059
f 5060 5058 5061
f 5062 5060 5063
f 5064 5065 5066
f 5065 5067 5066
f 5068 5067 5065
f 5069 5068 5070
f 5071 5069 5072
f 5073 5071 5074
f 5075 5073 5076
f 5077 5075 5078
f 5079 5077 5080
f 5081 5079 5082
f 5083 5081 5084
f 5085 5083 5086
f 5087 5085 5088
f 5089 5087 5090
f 5091 5089 5092
f 5093 5091 5094
f 5095 5093 5096
f 5097 5095 5098
f 5099 5097 5100
f 5101 5099 5102
f 5103 5101 5104
f 5105 5103 5106
f 5107 5105 5108
f 5109 5110 5111
f 5111 5112 5109
f 5113 5110 5109
f 5114 5113 5115
f 5000 5114 5116
f 5116 5001 5000
f 5115 5116 5114
f 5109 5115 5113
f 5111 5107 5112
f 5108 5112 5107
f 5106 5108 5105
f 5104 5106 5103
f 5102 5104 5101
f 5100 5102 5099
f 5098 5100 5097
f 5096 5098 5095
f 5094 5096 5093
f 5092 5094 5091
f 5090 5092 5089
f 5088 5090 5087
f 5086 5088 5085
f 5084 5086 5083
f 5082 5084 5081
f 5080 5082 5079
f 5078 5080 5077
f 5076 5078 5075
f 5074 5076 5073
f 5072 5074 5071
f 5070 5072 5069
f 5065 5070 5068
f 5066 5062 5064
f 5063 5064 5062
f 5061 5063 5060
f 5059 5061 5058
f 5057 5059 5056
f 5055 5057 5054
f 5053 5055 5052
f 5051 5053 5050
f 5049 5051 5048
f 5047 5049 5046
f 5045 5047 5044
f 5043 5045 5042
f 5041 5043 5040
f 5039 5041 5038
f 5037 5039 5036
f 5035 5037 5034
f 5033 5035 5032
f 5031 5033 5030
f 5029 5031 5028
f 5027 5029 5026
f 5025 5027 5024
f 5023 5025 5022
f 5021 5023 5020
f 5019 5021 5018
f 5017 5019 5016
f 5015 5017 5014
f 5013 5015 5012
f 5011 5013 5010
f 5009 5011 5008
f 5007 5009 5006
f 5005 5007 5004
f 5003 5005 5002
f 5001 5003 4999
f 5117 5118 5119
f 5120 5119 5121
f 5122 5123 5124
f 5125 5126 5127
f 5128 5117 5120
f 5129 5120 5130
f 5131 5122 5132
f 5133 5132 5134
f 5135 5125 5136
f 5137 5138 5128
f 5139 5128 5129
f 5140 5129 5141
f 5142 5141 5131
f 5143 5131 5133
f 5144 5133 5145
f 5146 5137 5139
f 5147 5139 5140
f 5148 5140 5142
f 5149 5142 5143
f 5150 5146 5147
f 5151 5147 5148
f 5152 5148 5149
f 5153 5149 5154
f 5155 5154 5156
f 5157 5156 5158
f 5159 5160 5161
f 5162 5161 5150
f 5163 5150 5151
f 5164 5151 5152
f 5165 5152 5153
f 5166 5153 5155
f 5167 5155 5157
f 5168 5159 5162
f 5169 5162 5163
f 5170 5164 5165
f 5171 5165 5166
f 5172 5167 5173
f 5174 5175 5176
f 5174 5135 5177
f 5135 5178 5179
f 5177 5175 5174
f 5179 5180 5135
f 5180 5177 5135
f 5135 5181 5182
f 5174 5183 5184
f 5182 5178 5135
f 5176 5183 5174
f 5146 5185 5186
f 5137 5187 5188
f 5146 5189 5190
f 5146 5191 5192
f 5146 5193 5185
f 5194 5195 5196
f 5181 5197 5198
f 5188 5199 5137
f 5192 5189 5146
f 5186 5200 5146
f 5194 5201 5202
f 5196 5203 5194
f 5194 5204 5205
f 5181 5206 5197
f 5181 5207 5208
f 5181 5137 5209
f 5137 5210 5211
f 5137 5212 5187
f 5137 5213 5214
f 5200 5191 5146
f 5202 5146 5194
f 5194 5215 5195
f 5205 5216 5194
f 5181 5217 5218
f 5181 5219 5206
f 5209 5207 5181
f 5199 5210 5137
f 5214 5220 5137
f 5146 5221 5222
f 5202 5193 5146
f 5194 5223 5224
f 5216 5215 5194
f 5181 5225 5217
f 5208 5219 5181
f 5220 5212 5137
f 5146 5226 5221
f 5146 5227 5228
f 5194 5229 5201
f 5203 5223 5194
f 5181 5230 5225
f 5211 5209 5137
f 5137 5231 5232
f 5137 5222 5233
f 5228 5226 5146
f 5224 5229 5194
f 5181 5234 5235
f 5198 5230 5181
f 5233 5231 5137
f 5190 5227 5146
f 5218 5234 5181
f 5222 5137 5146
f 5232 5213 5137
f 5194 5184 5236
f 5236 5204 5194
f 5163 5237 5238
f 5163 5239 5240
f 5164 5241 5242
f 5164 5243 5244
f 5164 5245 5246
f 5163 5247 5237
f 5163 5248 5239
f 5163 5249 5250
f 5164 5251 5252
f 5164 5253 5241
f 5246 5243 5164
f 5254 5238 5255
f 5163 5256 5247
f 5163 5257 5258
f 5163 5259 5260
f 5250 5248 5163
f 5163 5164 5261
f 5164 5262 5251
f 5244 5253 5164
f 5238 5254 5163
f 5260 5257 5163
f 5261 5249 5163
f 5242 5262 5164
f 5164 5170 5263
f 5258 5256 5163
f 5252 5261 5164
f 5263 5264 5164
f 5170 5265 5266
f 5240 5259 5163
f 5266 5263 5170
f 5254 5267 5268
f 5264 5245 5164
f 5255 5267 5254
f 5170 5269 5270
f 5270 5265 5170
f 5166 5271 5272
f 5167 5273 5274
f 5167 5275 5276
f 5167 5277 5278
f 5166 5279 5271
f 5166 5280 5281
f 5167 5282 5283
f 5167 5284 5273
f 5278 5275 5167
f 5281 5279 5166
f 5167 5285 5280
f 5167 5286 5282
f 5276 5284 5167
f 5166 5287 5288
f 5166 5289 5290
f 5280 5166 5167
f 5274 5286 5167
f 5167 5172 5291
f 5292 5288 5293
f 5166 5294 5287
f 5290 5295 5166
f 5283 5285 5167
f 5291 5296 5167
f 5172 5297 5298
f 5288 5292 5166
f 5166 5299 5300
f 5272 5289 5166
f 5298 5291 5172
f 5292 5301 5302
f 5300 5294 5166
f 5296 5277 5167
f 5172 5303 5304
f 5293 5301 5292
f 5304 5297 5172
f 5295 5299 5166
f 5144 5305 5306
f 5144 5307 5308
f 5306 5309 5144
f 5144 5310 5307
f 5305 5311 5306
f 5305 5312 5313
f 5305 5314 5315
f 5309 5310 5144
f 5315 5312 5305
f 5313 5311 5305
f 5154 5316 5317
f 5143 5318 5319
f 5154 5320 5316
f 5154 5321 5322
f 5154 5323 5324
f 5154 5143 5325
f 5143 5326 5327
f 5143 5328 5318
f 5143 5144 5329
f 5154 5330 5320
f 5324 5321 5154
f 5154 5331 5332
f 5325 5333 5154
f 5143 5334 5335
f 5143 5336 5337
f 5319 5326 5143
f 5329 5338 5143
f 5322 5330 5154
f 5333 5331 5154
f 5337 5334 5143
f 5338 5328 5143
f 5332 5323 5154
f 5327 5336 5143
f 5335 5325 5143
f 5158 5339 5340
f 5158 5341 5339
f 5158 5342 5343
f 5343 5341 5158
f 5156 5344 5342
f 5156 5345 5346
f 5342 5158 5156
f 5156 5347 5345
f 5346 5344 5156
f 5156 5317 5347
f 5123 5348 5349
f 5121 5350 5351
f 5123 5352 5353
f 5349 5354 5123
f 5121 5355 5350
f 5353 5121 5123
f 5123 5356 5357
f 5123 5358 5348
f 5123 5359 5360
f 5121 5361 5362
f 5121 5363 5355
f 5123 5364 5352
f 5354 5356 5123
f 5360 5365 5123
f 5130 5121 5366
f 5121 5367 5368
f 5121 5369 5361
f 5353 5363 5121
f 5365 5358 5123
f 5366 5370 5130
f 5362 5367 5121
f 5357 5364 5123
f 5122 5371 5359
f 5370 5372 5130
f 5351 5369 5121
f 5122 5373 5371
f 5368 5366 5121
f 5122 5374 5373
f 5359 5123 5122
f 5131 5141 5375
f 5131 5376 5377
f 5375 5378 5131
f 5141 5379 5380
f 5131 5381 5376
f 5141 5382 5375
f 5380 5383 5141
f 5378 5381 5131
f 5383 5384 5141
f 5131 5385 5386
f 5131 5387 5388
f 5131 5389 5390
f 5384 5382 5141
f 5141 5391 5392
f 5141 5393 5394
f 5122 5386 5395
f 5131 5396 5385
f 5390 5387 5131
f 5131 5397 5398
f 5141 5399 5379
f 5394 5391 5141
f 5141 5130 5400
f 5122 5401 5402
f 5386 5122 5131
f 5398 5389 5131
f 5392 5399 5141
f 5400 5403 5141
f 5130 5404 5405
f 5395 5401 5122
f 5377 5397 5131
f 5405 5400 5130
f 5130 5406 5407
f 5388 5396 5131
f 5407 5404 5130
f 5403 5393 5141
f 5118 5408 5409
f 5410 5411 5412
f 5410 5118 5413
f 5409 5414 5118
f 5410 5415 5411
f 5413 5416 5410
f 5118 5417 5418
f 5118 5419 5408
f 5118 5420 5421
f 5410 5422 5423
f 5410 5424 5415
f 5118 5425 5413
f 5414 5417 5118
f 5421 5426 5118
f 5427 5410 5428
f 5410 5429 5430
f 5410 5431 5422
f 5416 5424 5410
f 5426 5419 5118
f 5428 5432 5427
f 5423 5429 5410
f 5418 5425 5118
f 5117 5433 5420
f 5432 5434 5427
f 5412 5431 5410
f 5117 5435 5433
f 5430 5428 5410
f 5117 5436 5435
f 5420 5118 5117
f 5138 5437 5438
f 5128 5439 5440
f 5438 5128 5138
f 5138 5441 5442
f 5128 5443 5439
f 5138 5444 5437
f 5442 5445 5138
f 5438 5443 5128
f 5445 5446 5138
f 5128 5447 5448
f 5128 5449 5450
f 5128 5451 5452
f 5446 5444 5138
f 5138 5453 5454
f 5138 5455 5456
f 5117 5448 5457
f 5128 5458 5447
f 5452 5449 5128
f 5128 5459 5460
f 5138 5461 5441
f 5456 5453 5138
f 5138 5427 5462
f 5117 5463 5464
f 5448 5117 5128
f 5460 5451 5128
f 5454 5461 5138
f 5462 5465 5138
f 5427 5466 5467
f 5457 5463 5117
f 5440 5459 5128
f 5467 5462 5427
f 5427 5468 5469
f 5450 5458 5128
f 5469 5466 5427
f 5465 5455 5138
f 5470 5471 5472
f 5470 5473 5474
f 5157 5475 5476
f 5472 5157 5470
f 5470 5477 5473
f 5157 5478 5475
f 5474 5471 5470
f 5157 5479 5480
f 5472 5478 5157
f 5157 5481 5482
f 5476 5479 5157
f 5480 5481 5157
f 5483 5484 5485
f 5485 5486 5483
f 5173 5487 5488
f 5173 5489 5490
f 5486 5491 5483
f 5484 5492 5493
f 5484 5494 5495
f 5484 5496 5497
f 5484 5173 5498
f 5490 5487 5173
f 5173 5499 5500
f 5493 5485 5484
f 5495 5501 5484
f 5498 5496 5484
f 5500 5489 5173
f 5501 5492 5484
f 5488 5498 5173
f 5497 5494 5484
f 5173 5482 5499
f 5181 5502 5503
f 5181 5504 5505
f 5136 5506 5507
f 5137 5181 5508
f 5505 5502 5181
f 5507 5181 5136
f 5137 5509 5510
f 5181 5511 5508
f 5181 5512 5513
f 5507 5504 5181
f 5137 5514 5515
f 5137 5516 5517
f 5137 5518 5519
f 5508 5509 5137
f 5181 5520 5512
f 5181 5521 5522
f 5136 5523 5506
f 5515 5138 5137
f 5519 5516 5137
f 5513 5511 5181
f 5503 5521 5181
f 5517 5514 5137
f 5522 5520 5181
f 5510 5518 5137
f 5136 5524 5523
f 5427 5525 5526
f 5427 5527 5528
f 5127 5529 5530
f 5127 5531 5532
f 5127 5533 5534
f 5127 5427 5535
f 5528 5525 5427
f 5427 5536 5537
f 5138 5538 5539
f 5127 5540 5541
f 5127 5542 5543
f 5127 5544 5545
f 5532 5529 5127
f 5127 5546 5533
f 5535 5547 5127
f 5427 5548 5549
f 5537 5527 5427
f 5539 5427 5138
f 5127 5550 5540
f 5545 5542 5127
f 5534 5531 5127
f 5549 5535 5427
f 5539 5536 5427
f 5138 5551 5552
f 5138 5553 5554
f 5543 5550 5127
f 5547 5546 5127
f 5552 5538 5138
f 5138 5555 5553
f 5127 5556 5557
f 5530 5544 5127
f 5554 5551 5138
f 5136 5558 5559
f 5136 5560 5561
f 5557 5136 5127
f 5526 5548 5427
f 5561 5558 5136
f 5541 5556 5127
f 5557 5560 5136
f 5174 5194 5562
f 5562 5563 5174
f 5194 5564 5565
f 5174 5566 5567
f 5194 5568 5562
f 5565 5569 5194
f 5563 5566 5174
f 5569 5570 5194
f 5570 5568 5194
f 5161 5571 5572
f 5160 5573 5574
f 5161 5575 5571
f 5574 5161 5160
f 5161 5576 5575
f 5160 5577 5573
f 5574 5576 5161
f 5160 5578 5579
f 5579 5577 5160
f 5194 5146 5580
f 5161 5581 5582
f 5146 5583 5580
f 5161 5584 5581
f 5146 5585 5583
f 5146 5586 5587
f 5146 5588 5589
f 5150 5590 5591
f 5150 5592 5593
f 5582 5150 5161
f 5587 5585 5146
f 5146 5594 5588
f 5150 5595 5594
f 5591 5596 5150
f 5582 5592 5150
f 5589 5586 5146
f 5150 5597 5595
f 5150 5598 5599
f 5593 5590 5150
f 5594 5146 5150
f 5596 5598 5150
f 5599 5597 5150
f 5483 5600 5601
f 5483 5602 5600
f 5484 5483 5603
f 5603 5604 5484
f 5172 5484 5605
f 5605 5606 5172
f 5607 5608 5609
f 5610 5611 5612
f 5609 5610 5607
f 5613 5614 5615
f 5610 5616 5611
f 5610 5617 5618
f 5607 5619 5608
f 5614 5620 5621
f 5622 5623 5613
f 5292 5624 5625
f 5618 5616 5610
f 5609 5626 5610
f 5627 5628 5619
f 5615 5622 5613
f 5622 5629 5630
f 5625 5622 5292
f 5626 5617 5610
f 5627 5631 5628
f 5622 5632 5623
f 5625 5629 5622
f 5619 5607 5627
f 5633 5631 5627
f 5621 5620 5634
f 5630 5632 5622
f 5172 5612 5635
f 5627 5621 5633
f 5621 5615 5614
f 5635 5636 5172
f 5634 5633 5621
f 5292 5637 5638
f 5612 5172 5610
f 5292 5639 5637
f 5638 5624 5292
f 5171 5292 5622
f 5622 5640 5171
f 5641 5642 5643
f 5641 5644 5645
f 5170 5646 5644
f 5647 5648 5649
f 5648 5641 5650
f 5641 5651 5652
f 5645 5642 5641
f 5170 5653 5646
f 5647 5654 5655
f 5647 5656 5657
f 5647 5658 5659
f 5647 5660 5661
f 5649 5662 5647
f 5650 5663 5648
f 5641 5664 5665
f 5641 5666 5667
f 5641 5668 5651
f 5644 5641 5170
f 5170 5669 5670
f 5655 5671 5647
f 5657 5672 5647
f 5647 5673 5658
f 5662 5660 5647
f 5665 5650 5641
f 5667 5674 5641
f 5643 5668 5641
f 5670 5675 5170
f 5170 5676 5677
f 5170 5678 5679
f 5170 5680 5681
f 5171 5682 5683
f 5672 5654 5647
f 5661 5673 5647
f 5648 5684 5685
f 5674 5664 5641
f 5675 5653 5170
f 5170 5686 5676
f 5681 5678 5170
f 5683 5687 5171
f 5659 5656 5647
f 5648 5688 5684
f 5652 5666 5641
f 5679 5686 5170
f 5170 5171 5689
f 5171 5690 5691
f 5171 5692 5693
f 5687 5694 5171
f 5171 5695 5696
f 5685 5649 5648
f 5677 5669 5170
f 5171 5697 5689
f 5693 5690 5171
f 5696 5682 5171
f 5171 5698 5699
f 5171 5647 5700
f 5663 5688 5648
f 5171 5701 5697
f 5694 5692 5171
f 5700 5698 5171
f 5689 5680 5170
f 5699 5695 5171
f 5691 5701 5171
f 5702 5641 5703
f 5170 5641 5704
f 5703 5705 5702
f 5705 5703 5706
f 5707 5708 5709
f 5641 5710 5704
f 5641 5711 5712
f 5706 5713 5705
f 5708 5714 5709
f 5708 5254 5715
f 5712 5710 5641
f 5702 5716 5641
f 5709 5717 5707
f 5708 5718 5719
f 5715 5720 5708
f 5716 5711 5641
f 5706 5721 5722
f 5723 5707 5724
f 5708 5725 5714
f 5720 5718 5708
f 5722 5713 5706
f 5721 5706 5723
f 5724 5726 5723
f 5719 5725 5708
f 5170 5727 5728
f 5723 5729 5721
f 5717 5724 5707
f 5728 5730 5170
f 5726 5729 5723
f 5254 5731 5732
f 5704 5727 5170
f 5254 5733 5731
f 5732 5715 5254
f 5254 5734 5735
f 5254 5736 5734
f 5254 5708 5737
f 5737 5736 5254
f 5169 5735 5738
f 5168 5738 5739
f 5159 5168 5740
f 5740 5741 5159
f 5160 5159 5742
f 5160 5743 5744
f 5743 5745 5746
f 5747 5748 5749
f 5746 5744 5743
f 5743 5750 5751
f 5752 5753 5754
f 5747 5755 5756
f 5747 5757 5748
f 5174 5758 5757
f 5160 5759 5760
f 5751 5745 5743
f 5743 5761 5762
f 5763 5761 5743
f 5754 5747 5752
f 5749 5755 5747
f 5174 5764 5758
f 5744 5759 5160
f 5743 5765 5763
f 5754 5766 5767
f 5753 5768 5754
f 5757 5747 5174
f 5762 5750 5743
f 5765 5767 5769
f 5754 5770 5766
f 5756 5752 5747
f 5769 5763 5765
f 5768 5770 5754
f 5767 5765 5754
f 5174 5771 5772
f 5772 5135 5174
f 5174 5773 5771
f 5772 5774 5135
f 5774 5775 5135
f 5174 5747 5773
f 5125 5135 5776
f 5135 5777 5776
f 5135 5778 5777
f 5125 5779 5780
f 5125 5781 5779
f 5126 5780 5782
f 5127 5126 5783
f 5427 5784 5785
f 5427 5127 5786
f 5786 5784 5427
f 5410 5787 5788
f 5410 5785 5787
f 5118 5789 5790
f 5790 5791 5118
f 5410 5792 5789
f 5789 5118 5410
f 5119 5118 5793
f 5793 5794 5119
f 5795 5796 5797
f 5797 5798 5795
f 5796 5799 5800
f 5121 5801 5802
f 5119 5803 5801
f 5796 5804 5797
f 5800 5805 5796
f 5801 5121 5119
f 5119 5806 5807
f 5795 5808 5809
f 5798 5810 5795
f 5805 5811 5796
f 5121 5812 5813
f 5802 5814 5121
f 5807 5815 5119
f 5810 5808 5795
f 5799 5816 5800
f 5799 5817 5818
f 5814 5812 5121
f 5119 5819 5806
f 5119 5820 5821
f 5795 5822 5823
f 5796 5824 5804
f 5818 5816 5799
f 5121 5825 5826
f 5119 5827 5803
f 5821 5819 5119
f 5119 5828 5829
f 5795 5830 5831
f 5795 5832 5833
f 5795 5834 5835
f 5795 5836 5822
f 5811 5824 5796
f 5799 5837 5838
f 5121 5839 5825
f 5815 5827 5119
f 5829 5840 5119
f 5119 5841 5842
f 5831 5119 5795
f 5835 5832 5795
f 5809 5836 5795
f 5799 5843 5837
f 5799 5844 5845
f 5799 5846 5847
f 5813 5839 5121
f 5842 5828 5119
f 5833 5830 5795
f 5838 5817 5799
f 5847 5844 5799
f 5799 5121 5848
f 5121 5849 5850
f 5121 5851 5852
f 5840 5820 5119
f 5823 5834 5795
f 5848 5846 5799
f 5850 5853 5121
f 5826 5851 5121
f 5119 5854 5855
f 5845 5843 5799
f 5852 5849 5121
f 5831 5854 5119
f 5855 5841 5119
f 5121 5799 5856
f 5856 5857 5121
f 5123 5121 5858
f 5857 5859 5121
f 5859 5858 5121
f 5123 5860 5861
f 5123 5862 5860
f 5124 5861 5863
f 5132 5864 5865
f 5132 5124 5864
f 5134 5865 5866
f 5866 5867 5134
f 5868 5869 5870
f 5871 5872 5868
f 5871 5145 5872
f 5868 5873 5871
f 5145 5134 5874
f 5874 5872 5145
f 5305 5875 5876
f 5305 5877 5878
f 5305 5879 5875
f 5878 5880 5305
f 5305 5881 5882
f 5880 5879 5305
f 5305 5883 5884
f 5885 5882 5886
f 5305 5887 5881
f 5305 5888 5889
f 5884 5877 5305
f 5305 5890 5891
f 5892 5893 5894
f 5885 5895 5896
f 5885 5897 5898
f 5882 5885 5305
f 5305 5899 5888
f 5305 5900 5901
f 5891 5883 5305
f 5145 5902 5903
f 5145 5904 5905
f 5906 5907 5908
f 5885 5909 5892
f 5898 5895 5885
f 5889 5887 5305
f 5876 5900 5305
f 5145 5910 5890
f 5145 5911 5912
f 5905 5902 5145
f 5894 5893 5906
f 5896 5909 5885
f 5901 5899 5305
f 5145 5913 5910
f 5145 5914 5915
f 5903 5911 5145
f 5145 5916 5917
f 5145 5918 5919
f 5145 5920 5921
f 5145 5922 5923
f 5922 5924 5925
f 5922 5926 5927
f 5894 5885 5892
f 5890 5305 5145
f 5912 5914 5145
f 5919 5916 5145
f 5145 5928 5920
f 5922 5929 5923
f 5922 5930 5931
f 5927 5924 5922
f 5922 5932 5933
f 5922 5908 5934
f 5908 5894 5906
f 5915 5913 5145
f 5921 5918 5145
f 5931 5929 5922
f 5933 5926 5922
f 5934 5935 5922
f 5886 5897 5885
f 5923 5928 5145
f 5935 5932 5922
f 5917 5904 5145
f 5908 5936 5934
f 5925 5930 5922
f 5937 5938 5939
f 5940 5941 5942
f 5940 5943 5944
f 5940 5945 5946
f 5940 5158 5947
f 5885 5948 5949
f 5885 5950 5951
f 5950 5952 5953
f 5939 5952 5937
f 5942 5937 5940
f 5946 5943 5940
f 5158 5954 5947
f 5949 5305 5885
f 5885 5955 5956
f 5950 5957 5951
f 5952 5958 5953
f 5942 5938 5937
f 5947 5945 5940
f 5885 5959 5948
f 5956 5960 5885
f 5953 5957 5950
f 5944 5941 5940
f 5960 5959 5885
f 5939 5958 5952
f 5951 5955 5885
f 5158 5961 5962
f 5158 5940 5963
f 5963 5961 5158
f 5962 5964 5965
f 5470 5962 5966
f 5965 5967 5962
f 5966 5968 5470
f 5962 5969 5970
f 5967 5971 5962
f 5470 5972 5973
f 5970 5966 5962
f 5962 5974 5964
f 5470 5975 5972
f 5971 5969 5962
f 5968 5975 5470
f 5974 5962 5976
f 5976 5977 5974
f 5978 5979 5980
f 5981 5982 5983
f 5981 5984 5985
f 5986 5987 5981
f 5602 5483 5988
f 5985 5982 5981
f 5981 5989 5990
f 5981 5991 5992
f 5981 5602 5986
f 5602 5993 5994
f 5483 5995 5988
f 5990 5984 5981
f 5992 5996 5981
f 5602 5997 5986
f 5988 5993 5602
f 5996 5989 5981
f 5994 5997 5602
f 5483 5998 5999
f 5987 5991 5981
f 5999 6000 5483
f 6001 5979 5978
f 6000 5995 5483
f 5978 5981 6001
f 5983 6002 5981
f 5977 5976 6001
f 5981 5977 6001
f 6002 5977 5981
f 5980 6003 5978
f 5973 5477 5470
f 5962 5470 5158
f 5949 5314 5305
f 5907 5936 5908
f 5871 5922 5145
f 5870 5873 5868
f 5867 5874 5134
f 5865 5134 5132
f 5863 5864 5124
f 5861 5124 5123
f 5858 5862 5123
f 5853 5848 5121
f 5794 5795 5119
f 5791 5793 5118
f 5788 5792 5410
f 5785 5410 5427
f 5783 5786 5127
f 5782 5783 5126
f 5780 5126 5125
f 5776 5781 5125
f 5775 5778 5135
f 5760 5578 5160
f 5742 5743 5160
f 5741 5742 5159
f 5739 5740 5168
f 5738 5168 5169
f 5735 5169 5254
f 5730 5269 5170
f 5671 5700 5647
f 5640 5647 5171
f 5636 5303 5172
f 5606 5610 5172
f 5604 5605 5484
f 5601 5603 5483
f 5580 5564 5194
f 5572 5584 5161
f 5567 5764 5174
f 5559 5524 5136
f 5515 5555 5138
f 5491 5998 5483
f 5482 5173 5157
f 5464 5436 5117
f 5434 5468 5427
f 5402 5374 5122
f 5372 5406 5130
f 5340 5954 5158
f 5317 5156 5154
f 5308 5329 5144
f 5302 5639 5292
f 5268 5733 5254
f 5235 5182 5181
f 5184 5194 5174
f 5173 5484 5172
f 5166 5292 5171
f 5165 5171 5170
f 5163 5254 5169
f 5162 5169 5168
f 5157 5173 5167
f 5155 5167 5166
f 5153 5166 5165
f 5152 5165 5164
f 5151 5164 5163
f 5150 5163 5162
f 5161 5162 5159
f 5158 5470 5157
f 5156 5157 5155
f 5154 5155 5153
f 5149 5153 5152
f 5148 5152 5151
f 5147 5151 5150
f 5143 5154 5149
f 5142 5149 5148
f 5140 5148 5147
f 5139 5147 5146
f 5145 5305 5144
f 5133 5144 5143
f 5131 5143 5142
f 5141 5142 5140
f 5129 5140 5139
f 5128 5139 5137
f 5136 5181 5135
f 5134 5145 5133
f 5132 5133 5131
f 5130 5141 5129
f 5120 5129 5128
f 5127 5136 5125
f 5124 5132 5122
f 5121 5130 5120
f 5119 5120 5117
f 6004 6005 6006
f 6005 6007 6006
f 6006 6008 6004
f 6009 6010 6011
f 6011 6012 6009
f 6011 6013 6012
f 6014 6015 6016
f 6017 6018 6015
f 6019 6020 6021
f 6022 6023 6021
f 6024 6025 6026
f 6027 6028 6025
f 6015 6014 6017
f 6017 6029 6030
f 6019 6031 6030
f 6021 6020 6022
f 6025 6024 6027
f 6027 6032 6033
f 6034 6035 6036
f 6034 6037 6016
f 6030 6018 6017
f 6021 6031 6019
f 6033 6028 6027
f 6038 6036 6033
f 6016 6035 6034
f 6030 6029 6019
f 6033 6032 6038
f 6016 6037 6014
f 6036 6038 6034
f 6026 6039 6024
f 6040 6041 6042
f 6043 6044 6045
f 6045 6042 6043
f 6043 6046 6047
f 6046 6048 6047
f 6049 6050 6051
f 6051 6046 6049
f 6049 6052 6053
f 6052 6054 6053
f 6054 6052 6055
f 6056 6055 6057
f 6058 6059 6060
f 6060 6057 6058
f 6061 6062 6063
f 6063 6058 6061
f 6062 6061 6064
f 6065 6066 6067
f 6067 6064 6065
f 6066 6065 6068
f 6069 6068 6070
f 6070 6071 6072
f 6071 6073 6072
f 6073 6071 6074
f 6075 6076 6077
f 6077 6074 6075
f 6078 6079 6080
f 6080 6075 6078
f 6079 6078 6081
f 6081 6082 6083
f 6082 6084 6083
f 6082 6085 6086
f 6085 6087 6086
f 6088 6089 6090
f 6090 6085 6088
f 6089 6088 6091
f 6092 6091 6093
f 6094 6095 6096
f 6097 6096 6098
f 6098 6099 6100
f 6099 6101 6100
f 6102 6103 6104
f 6104 6099 6102
f 6105 6106 6107
f 6107 6102 6105
f 6106 6105 6108
f 6108 6109 6110
f 6109 6111 6110
f 6109 6112 6113
f 6112 6114 6113
f 6114 6112 6115
f 6116 6117 6118
f 6118 6115 6116
f 6117 6116 6119
f 6120 6119 6121
f 6121 6122 6123
f 6122 6124 6123
f 6124 6122 6125
f 6125 6126 6127
f 6126 6128 6127
f 6126 6129 6130
f 6129 6131 6130
f 6131 6129 6132
f 6133 6134 6135
f 6135 6132 6133
f 6136 6137 6138
f 6138 6133 6136
f 6139 6140 6141
f 6141 6136 6139
f 6140 6139 6142
f 6142 6143 6144
f 6143 6145 6144
f 6145 6143 6041
f 6146 6147 6148
f 6149 6150 6147
f 6151 6152 6150
f 6153 6154 6152
f 6155 6156 6154
f 6157 6158 6156
f 6159 6160 6158
f 6161 6162 6160
f 6163 6164 6162
f 6165 6166 6164
f 6167 6168 6169
f 6168 6093 6170
f 6170 6169 6168
f 6166 6165 6170
f 6170 6093 6166
f 6167 6171 6172
f 6173 6174 6175
f 6175 6172 6173
f 6176 6177 6178
f 6178 6179 6176
f 6176 6173 6177
f 6178 6180 6179
f 6181 6182 6183
f 6183 6180 6181
f 6182 6181 6184
f 6185 6186 6187
f 6187 6184 6185
f 6186 6185 6188
f 6189 6188 6190
f 6190 6191 6192
f 6193 6192 6191
f 6191 6194 6193
f 6193 6194 6195
f 6196 6195 6197
f 6197 6198 6196
f 6199 6200 6198
f 6199 6201 6202
f 6203 6202 6201
f 6201 6204 6203
f 6148 6095 6205
f 6094 6206 6205
f 6205 6095 6094
f 6203 6204 6206
f 6206 6094 6207
f 6206 6207 6203
f 6205 6208 6148
f 6202 6200 6199
f 6197 6199 6198
f 6195 6196 6193
f 6192 6209 6190
f 6190 6209 6189
f 6188 6189 6186
f 6184 6187 6182
f 6183 6179 6180
f 6176 6174 6173
f 6172 6175 6167
f 6169 6171 6167
f 6164 6163 6165
f 6162 6161 6163
f 6160 6159 6161
f 6158 6157 6159
f 6156 6155 6157
f 6154 6153 6155
f 6152 6151 6153
f 6150 6149 6151
f 6147 6146 6149
f 6148 6208 6146
f 6041 6040 6145
f 6144 6210 6142
f 6142 6210 6140
f 6141 6137 6136
f 6138 6134 6133
f 6135 6211 6132
f 6132 6211 6131
f 6130 6128 6126
f 6127 6212 6125
f 6125 6212 6124
f 6123 6213 6121
f 6121 6213 6120
f 6119 6120 6117
f 6118 6214 6115
f 6115 6214 6114
f 6113 6111 6109
f 6110 6215 6108
f 6108 6215 6106
f 6107 6103 6102
f 6104 6101 6099
f 6100 6216 6098
f 6098 6216 6097
f 6096 6097 6094
f 6093 6168 6092
f 6091 6092 6089
f 6090 6087 6085
f 6086 6084 6082
f 6083 6217 6081
f 6081 6217 6079
f 6080 6076 6075
f 6077 6218 6074
f 6074 6218 6073
f 6072 6219 6070
f 6070 6219 6069
f 6068 6069 6066
f 6067 6220 6064
f 6064 6220 6062
f 6063 6059 6058
f 6060 6221 6057
f 6057 6221 6056
f 6055 6056 6054
f 6053 6050 6049
f 6051 6048 6046
f 6047 6044 6043
f 6045 6222 6042
f 6042 6222 6040
f 6223 6224 6225
f 6226 6223 6227
f 6228 6229 6230
f 6230 6231 6228
f 6232 6229 6228
f 6233 6234 6235
f 6235 6236 6233
f 6233 6237 6238
f 6237 6239 6238
f 6237 6240 6241
f 6241 6242 6237
f 6240 6243 6241
f 6240 6244 6245
f 6244 6246 6245
f 6247 6246 6244
f 6248 6249 6250
f 6249 6251 6250
f 6252 6251 6249
f 6253 6252 6254
f 6255 6253 6256
f 6257 6255 6258
f 6259 6260 6261
f 6261 6262 6259
f 6263 6264 6265
f 6265 6259 6263
f 6266 6264 6263
f 6267 6266 6268
f 6269 6267 6270
f 6271 6272 6273
f 6273 6274 6271
f 6271 6275 6276
f 6275 6277 6276
f 6278 6279 6280
f 6280 6275 6278
f 6278 6281 6279
f 6282 6281 6278
f 6283 6284 6285
f 6286 6287 6288
f 6288 6289 6286
f 6290 6291 6292
f 6292 6286 6290
f 6290 6293 6294
f 6293 6295 6294
f 6296 6295 6293
f 6297 6296 6298
f 6299 6297 6300
f 6301 6302 6303
f 6303 6304 6301
f 6301 6305 6306
f 6305 6307 6306
f 6308 6309 6310
f 6310 6305 6308
f 6311 6309 6308
f 6312 6311 6313
f 6314 6312 6315
f 6316 6317 6318
f 6318 6319 6316
f 6320 6317 6316
f 6321 6320 6322
f 6323 6324 6325
f 6325 6326 6323
f 6323 6327 6324
f 6328 6329 6330
f 6330 6323 6328
f 6328 6331 6332
f 6331 6333 6332
f 6331 6334 6333
f 6335 6334 6331
f 6336 6337 6338
f 6337 6339 6338
f 6340 6339 6337
f 6224 6340 6341
f 6342 6343 6344
f 6343 6345 6346
f 6345 6347 6348
f 6347 6349 6350
f 6349 6351 6352
f 6351 6353 6354
f 6353 6355 6356
f 6355 6357 6358
f 6357 6359 6360
f 6359 6361 6362
f 6363 6364 6365
f 6365 6366 6363
f 6362 6361 6365
f 6365 6364 6362
f 6367 6285 6368
f 6369 6370 6368
f 6285 6284 6369
f 6368 6285 6369
f 6368 6342 6367
f 6363 6282 6364
f 6362 6360 6359
f 6360 6358 6357
f 6358 6356 6355
f 6356 6354 6353
f 6354 6352 6351
f 6352 6350 6349
f 6350 6348 6347
f 6348 6346 6345
f 6346 6344 6343
f 6344 6367 6342
f 6341 6225 6224
f 6337 6341 6340
f 6338 6335 6336
f 6331 6336 6335
f 6332 6329 6328
f 6330 6327 6323
f 6325 6321 6326
f 6322 6326 6321
f 6316 6322 6320
f 6318 6314 6319
f 6315 6319 6314
f 6313 6315 6312
f 6308 6313 6311
f 6310 6307 6305
f 6306 6302 6301
f 6303 6299 6304
f 6300 6304 6299
f 6298 6300 6297
f 6293 6298 6296
f 6294 6291 6290
f 6292 6287 6286
f 6288 6283 6289
f 6285 6289 6283
f 6278 6364 6282
f 6280 6277 6275
f 6276 6272 6271
f 6273 6269 6274
f 6270 6274 6269
f 6268 6270 6267
f 6263 6268 6266
f 6265 6260 6259
f 6261 6257 6262
f 6258 6262 6257
f 6256 6258 6255
f 6254 6256 6253
f 6249 6254 6252
f 6250 6247 6248
f 6244 6248 6247
f 6245 6243 6240
f 6242 6239 6237
f 6238 6234 6233
f 6235 6232 6236
f 6228 6236 6232
f 6230 6226 6231
f 6227 6231 6226
f 6225 6227 6223
f 6371 6372 6373
f 6371 6374 6375
f 6376 6377 6378
f 6376 6379 6380
f 6381 6382 6383
f 6381 6384 6385
f 6375 6372 6371
f 6374 6386 6378
f 6380 6377 6376
f 6379 6387 6388
f 6389 6390 6391
f 6392 6393 6390
f 6394 6395 6393
f 6394 6396 6397
f 6398 6399 6397
f 6398 6400 6401
f 6402 6403 6401
f 6402 6404 6405
f 6406 6407 6408
f 6407 6409 6410
f 6411 6412 6383
f 6385 6382 6381
f 6413 6414 6385
f 6413 6415 6416
f 6417 6418 6419
f 6417 6420 6373
f 6378 6375 6374
f 6388 6380 6379
f 6387 6421 6422
f 6421 6423 6424
f 6390 6389 6392
f 6397 6395 6394
f 6401 6399 6398
f 6405 6403 6402
f 6425 6426 6405
f 6427 6428 6426
f 6406 6429 6428
f 6410 6408 6407
f 6430 6431 6432
f 6430 6433 6434
f 6383 6412 6381
f 6416 6414 6413
f 6415 6435 6419
f 6373 6418 6417
f 6378 6386 6376
f 6424 6422 6421
f 6436 6437 6424
f 6436 6438 6439
f 6440 6441 6439
f 6442 6443 6441
f 6444 6445 6443
f 6444 6446 6447
f 6393 6392 6394
f 6401 6400 6402
f 6426 6425 6427
f 6408 6429 6406
f 6448 6449 6450
f 6448 6451 6432
f 6434 6431 6430
f 6433 6452 6453
f 6454 6455 6453
f 6454 6411 6456
f 6385 6384 6413
f 6419 6435 6417
f 6422 6388 6387
f 6439 6437 6436
f 6441 6440 6442
f 6447 6445 6444
f 6457 6458 6459
f 6458 6460 6461
f 6397 6396 6398
f 6428 6427 6406
f 6462 6463 6410
f 6462 6464 6465
f 6466 6467 6465
f 6466 6468 6450
f 6432 6449 6448
f 6453 6434 6433
f 6456 6455 6454
f 6419 6416 6415
f 6424 6423 6436
f 6443 6442 6444
f 6457 6469 6470
f 6461 6459 6458
f 6471 6472 6461
f 6471 6473 6391
f 6405 6404 6425
f 6465 6463 6462
f 6450 6467 6466
f 6432 6451 6430
f 6383 6456 6411
f 6439 6438 6440
f 6474 6475 6447
f 6474 6476 6477
f 6478 6479 6480
f 6478 6481 6482
f 6459 6469 6457
f 6391 6472 6471
f 6410 6409 6462
f 6450 6468 6448
f 6373 6420 6371
f 6477 6475 6474
f 6483 6480 6477
f 6482 6479 6478
f 6484 6485 6482
f 6484 6486 6470
f 6461 6460 6471
f 6465 6464 6466
f 6447 6446 6474
f 6480 6483 6478
f 6470 6485 6484
f 6391 6473 6389
f 6477 6476 6483
f 6470 6486 6457
f 6482 6481 6484
f 6453 6452 6454
