v 0.037002705 0.128000006 -0.00168995
v 0.0369382054 0.129189596 -0.00168995
v 0.0369474106 0.129190609 -0.00151330209
v 0.0367454663 0.130365252 -0.00168995
v 0.0367545076 0.130367249 -0.00151330209
v 0.0364267491 0.131513178 -0.00168995
v 0.0364355221 0.131516129 -0.00151330209
v 0.0359857827 0.132619917 -0.00168995
v 0.035994187 0.132623807 -0.00151330209
v 0.0354277454 0.133672491 -0.00168995
v 0.0354356766 0.133677259 -0.00151330209
v 0.034759175 0.134658545 -0.00168995
v 0.0347665474 0.134664148 -0.00151330209
v 0.0339879133 0.135566548 -0.00168995
v 0.0339946337 0.135572925 -0.00151330209
v 0.0331229977 0.136385843 -0.00168995
v 0.0331289917 0.136392906 -0.00151330209
v 0.0321745761 0.137106821 -0.00168995
v 0.0321797691 0.13711448 -0.00151330209
v 0.031153759 0.137721017 -0.00168995
v 0.0311580952 0.137729198 -0.00151330209
v 0.0300725214 0.138221249 -0.00168995
v 0.0300759468 0.138229862 -0.00151330209
v 0.0289435349 0.138601661 -0.00168995
v 0.0289460123 0.138610572 -0.00151330209
v 0.0277800392 0.138857767 -0.00168995
v 0.0277815368 0.138866901 -0.00151330209
v 0.0265956745 0.138986573 -0.00168995
v 0.0265961755 0.138995811 -0.00151330209
v 0.0254043248 0.138986573 -0.00168995
v 0.0254038237 0.138995811 -0.00151330209
v 0.02421996 0.138857767 -0.00168995
v 0.0242184624 0.138866901 -0.00151330209
v 0.0230564643 0.138601661 -0.00168995
v 0.0230539888 0.138610572 -0.00151330209
v 0.0219274797 0.138221249 -0.00168995
v 0.0219240524 0.138229862 -0.00151330209
v 0.0208462402 0.137721017 -0.00168995
v 0.020841904 0.137729198 -0.00151330209
v 0.019825425 0.137106821 -0.00168995
v 0.0198202301 0.13711448 -0.00151330209
v 0.0188769996 0.136385843 -0.00168995
v 0.0188710075 0.136392906 -0.00151330209
v 0.0180120859 0.135566548 -0.00168995
v 0.0180053655 0.135572925 -0.00151330209
v 0.0172408242 0.134658545 -0.00168995
v 0.0172334537 0.134664148 -0.00151330209
v 0.0165722538 0.133672491 -0.00168995
v 0.0165643208 0.133677259 -0.00151330209
v 0.0160142165 0.132619917 -0.00168995
v 0.0160058141 0.132623807 -0.00151330209
v 0.0155732529 0.131513178 -0.00168995
v 0.0155644799 0.131516129 -0.00151330209
v 0.0152545329 0.130365252 -0.00168995
v 0.0152454916 0.130367249 -0.00151330209
v 0.0150617948 0.129189596 -0.00168995
v 0.0150525915 0.129190609 -0.00151330209
v 0.014997296 0.128000006 -0.00168995
v 0.0149880387 0.128000006 -0.00151330209
v 0.0150617948 0.126810402 -0.00168995
v 0.0150525915 0.126809403 -0.00151330209
v 0.0152545329 0.125634745 -0.00168995
v 0.0152454916 0.125632748 -0.00151330209
v 0.0155732529 0.124486819 -0.00168995
v 0.0155644799 0.124483861 -0.00151330209
v 0.0160142165 0.123380087 -0.00168995
v 0.0160058141 0.123376198 -0.00151330209
v 0.0165722538 0.122327514 -0.00168995
v 0.0165643208 0.122322738 -0.00151330209
v 0.0172408242 0.121341445 -0.00168995
v 0.0172334537 0.121335842 -0.00151330209
v 0.0180120859 0.12043345 -0.00168995
v 0.0180053655 0.120427079 -0.00151330209
v 0.0188769996 0.119614154 -0.00168995
v 0.0188710075 0.119607098 -0.00151330209
v 0.019825425 0.118893184 -0.00168995
v 0.0198202301 0.118885517 -0.00151330209
v 0.0208462402 0.11827898 -0.00168995
v 0.020841904 0.1182708 -0.00151330209
v 0.0219274797 0.117778741 -0.00168995
v 0.0219240524 0.117770143 -0.00151330209
v 0.0230564643 0.117398344 -0.00168995
v 0.0230539888 0.117389426 -0.00151330209
v 0.02421996 0.117142238 -0.00168995
v 0.0242184624 0.117133103 -0.00151330209
v 0.0254043248 0.117013432 -0.00168995
v 0.0254038237 0.117004186 -0.00151330209
v 0.0265956745 0.117013432 -0.00168995
v 0.0265961755 0.117004186 -0.00151330209
v 0.0277800392 0.117142238 -0.00168995
v 0.0277815368 0.117133103 -0.00151330209
v 0.0289435349 0.117398344 -0.00168995
v 0.0289460123 0.117389426 -0.00151330209
v 0.0300725214 0.117778741 -0.00168995
v 0.0300759468 0.117770143 -0.00151330209
v 0.031153759 0.11827898 -0.00168995
v 0.0311580952 0.1182708 -0.00151330209
v 0.0321745761 0.118893184 -0.00168995
v 0.0321797691 0.118885517 -0.00151330209
v 0.0331229977 0.119614154 -0.00168995
v 0.0331289917 0.119607098 -0.00151330209
v 0.0339879133 0.12043345 -0.00168995
v 0.0339946337 0.120427079 -0.00151330209
v 0.034759175 0.121341445 -0.00168995
v 0.0347665474 0.121335842 -0.00151330209
v 0.0354277454 0.122327514 -0.00168995
v 0.0354356766 0.122322738 -0.00151330209
v 0.0359857827 0.123380087 -0.00168995
v 0.035994187 0.123376198 -0.00151330209
v 0.0364267491 0.124486819 -0.00168995
v 0.0364355221 0.124483861 -0.00151330209
v 0.0367454663 0.125634745 -0.00168995
v 0.0367545076 0.125632748 -0.00151330209
v 0.0369382054 0.126810402 -0.00168995
v 0.0369474106 0.126809403 -0.00151330209
v 0.0370119624 0.128000006 -0.00151330209
v 0.0369749181 0.129193589 -0.00133858959
v 0.0367815346 0.130373195 -0.00133858959
v 0.0364617445 0.131524965 -0.00133858959
v 0.0360192992 0.132635415 -0.00133858959
v 0.035459388 0.133691519 -0.00133858959
v 0.034788575 0.134680897 -0.00133858959
v 0.0340147242 0.135591954 -0.00133858959
v 0.0331469066 0.136413991 -0.00133858959
v 0.0321952999 0.137137383 -0.00133858959
v 0.0311710574 0.137753651 -0.00133858959
v 0.0300861895 0.138255566 -0.00133858959
v 0.0289534144 0.138637245 -0.00133858959
v 0.0277860146 0.1388942 -0.00133858959
v 0.0265976731 0.139023438 -0.00133858959
v 0.0254023261 0.139023438 -0.00133858959
v 0.0242139865 0.1388942 -0.00133858959
v 0.0230465848 0.138637245 -0.00133858959
v 0.0219138097 0.138255566 -0.00133858959
v 0.0208289418 0.137753651 -0.00133858959
v 0.0198047012 0.137137383 -0.00133858959
v 0.0188530926 0.136413991 -0.00133858959
v 0.0179852769 0.135591954 -0.00133858959
v 0.0172114242 0.134680897 -0.00133858959
v 0.0165406112 0.133691519 -0.00133858959
v 0.0159807 0.132635415 -0.00133858959
v 0.0155382566 0.131524965 -0.00133858959
v 0.0152184675 0.130373195 -0.00133858959
v 0.0150250811 0.129193589 -0.00133858959
v 0.0149603663 0.128000006 -0.00133858959
v 0.0150250811 0.126806408 -0.00133858959
v 0.0152184675 0.125626802 -0.00133858959
v 0.0155382566 0.124475025 -0.00133858959
v 0.0159807 0.123364575 -0.00133858959
v 0.0165406112 0.122308478 -0.00133858959
v 0.0172114242 0.1213191 -0.00133858959
v 0.0179852769 0.120408051 -0.00133858959
v 0.0188530926 0.119586013 -0.00133858959
v 0.0198047012 0.118862614 -0.00133858959
v 0.0208289418 0.118246354 -0.00133858959
v 0.0219138097 0.117744438 -0.00133858959
v 0.0230465848 0.11736276 -0.00133858959
v 0.0242139865 0.117105797 -0.00133858959
v 0.0254023261 0.116976559 -0.00133858959
v 0.0265976731 0.116976559 -0.00133858959
v 0.0277860146 0.117105797 -0.00133858959
v 0.0289534144 0.11736276 -0.00133858959
v 0.0300861895 0.117744438 -0.00133858959
v 0.0311710574 0.118246354 -0.00133858959
v 0.0321952999 0.118862614 -0.00133858959
v 0.0331469066 0.119586013 -0.00133858959
v 0.0340147242 0.120408051 -0.00133858959
v 0.034788575 0.1213191 -0.00133858959
v 0.035459388 0.122308478 -0.00133858959
v 0.0360192992 0.123364575 -0.00133858959
v 0.0364617445 0.124475025 -0.00133858959
v 0.0367815346 0.125626802 -0.00133858959
v 0.0369749181 0.126806408 -0.00133858959
v 0.0370396338 0.128000006 -0.00133858959
v 0.0370204337 0.129198551 -0.0011677267
v 0.0368262455 0.13038303 -0.0011677267
v 0.0365051292 0.131539583 -0.0011677267
v 0.0360608511 0.132654652 -0.0011677267
v 0.0354986191 0.133715123 -0.0011677267
v 0.0348250233 0.134708613 -0.0011677267
v 0.0340479612 0.13562344 -0.0011677267
v 0.0331765451 0.13644889 -0.0011677267
v 0.0322209932 0.137175277 -0.0011677267
v 0.031192502 0.137794092 -0.0011677267
v 0.0301031359 0.138298094 -0.0011677267
v 0.0289656632 0.138681352 -0.0011677267
v 0.0277934205 0.138939381 -0.0011677267
v 0.0266001523 0.139069155 -0.0011677267
v 0.025399847 0.139069155 -0.0011677267
v 0.0242065787 0.138939381 -0.0011677267
v 0.0230343379 0.138681352 -0.0011677267
v 0.0218968652 0.138298094 -0.0011677267
v 0.0208074972 0.137794092 -0.0011677267
v 0.0197790079 0.137175277 -0.0011677267
v 0.0188234542 0.13644889 -0.0011677267
v 0.017952038 0.13562344 -0.0011677267
v 0.0171749778 0.134708613 -0.0011677267
v 0.016501382 0.133715123 -0.0011677267
v 0.0159391481 0.132654652 -0.0011677267
v 0.01549487 0.131539583 -0.0011677267
v 0.0151737547 0.13038303 -0.0011677267
v 0.0149795674 0.129198551 -0.0011677267
v 0.0149145843 0.128000006 -0.0011677267
v 0.0149795674 0.126801461 -0.0011677267
v 0.0151737547 0.125616968 -0.0011677267
v 0.01549487 0.124460407 -0.0011677267
v 0.0159391481 0.123345353 -0.0011677267
v 0.016501382 0.122284874 -0.0011677267
v 0.0171749778 0.121291392 -0.0011677267
v 0.017952038 0.120376565 -0.0011677267
v 0.0188234542 0.119551115 -0.0011677267
v 0.0197790079 0.11882472 -0.0011677267
v 0.0208074972 0.118205905 -0.0011677267
v 0.0218968652 0.117701903 -0.0011677267
v 0.0230343379 0.117318645 -0.0011677267
v 0.0242065787 0.117060617 -0.0011677267
v 0.025399847 0.116930842 -0.0011677267
v 0.0266001523 0.116930842 -0.0011677267
v 0.0277934205 0.117060617 -0.0011677267
v 0.0289656632 0.117318645 -0.0011677267
v 0.0301031359 0.117701903 -0.0011677267
v 0.031192502 0.118205905 -0.0011677267
v 0.0322209932 0.11882472 -0.0011677267
v 0.0331765451 0.119551115 -0.0011677267
v 0.0340479612 0.120376565 -0.0011677267
v 0.0348250233 0.121291392 -0.0011677267
v 0.0354986191 0.122284874 -0.0011677267
v 0.0360608511 0.123345353 -0.0011677267
v 0.0365051292 0.124460407 -0.0011677267
v 0.0368262455 0.125616968 -0.0011677267
v 0.0370204337 0.126801461 -0.0011677267
v 0.0370854177 0.128000006 -0.0011677267
v 0.0370834544 0.129205391 -0.0010025854
v 0.0368881561 0.130396664 -0.0010025854
v 0.0365652032 0.131559834 -0.0010025854
v 0.0361183845 0.132681265 -0.0010025854
v 0.0355529375 0.133747816 -0.0010025854
v 0.0348754898 0.134746969 -0.0010025854
v 0.0340939835 0.135667026 -0.0010025854
v 0.0332175866 0.1364972 -0.0010025854
v 0.032256566 0.137227744 -0.0010025854
v 0.0312221963 0.137850106 -0.0010025854
v 0.0301265996 0.138356984 -0.0010025854
v 0.0289826225 0.138742432 -0.0010025854
v 0.0278036762 0.139001936 -0.0010025854
v 0.0266035851 0.139132455 -0.0010025854
v 0.025396416 0.139132455 -0.0010025854
v 0.024196323 0.139001936 -0.0010025854
v 0.0230173785 0.138742432 -0.0010025854
v 0.0218734015 0.138356984 -0.0010025854
v 0.0207778048 0.137850106 -0.0010025854
v 0.0197434332 0.137227744 -0.0010025854
v 0.0187824145 0.1364972 -0.0010025854
v 0.0179060157 0.135667026 -0.0010025854
v 0.0171245113 0.134746969 -0.0010025854
v 0.0164470635 0.133747816 -0.0010025854
v 0.0158816166 0.132681265 -0.0010025854
v 0.0154347969 0.131559834 -0.0010025854
v 0.015111845 0.130396664 -0.0010025854
v 0.0149165466 0.129205391 -0.0010025854
v 0.014851192 0.128000006 -0.0010025854
v 0.0149165466 0.126794606 -0.0010025854
v 0.015111845 0.125603333 -0.0010025854
v 0.0154347969 0.124440171 -0.0010025854
v 0.0158816166 0.123318739 -0.0010025854
v 0.0164470635 0.122252189 -0.0010025854
v 0.0171245113 0.121253029 -0.0010025854
v 0.0179060157 0.120332971 -0.0010025854
v 0.0187824145 0.119502805 -0.0010025854
v 0.0197434332 0.118772253 -0.0010025854
v 0.0207778048 0.118149891 -0.0010025854
v 0.0218734015 0.117643014 -0.0010025854
v 0.0230173785 0.117257565 -0.0010025854
v 0.024196323 0.116998062 -0.0010025854
v 0.025396416 0.116867542 -0.0010025854
v 0.0266035851 0.116867542 -0.0010025854
v 0.0278036762 0.116998062 -0.0010025854
v 0.0289826225 0.117257565 -0.0010025854
v 0.0301265996 0.117643014 -0.0010025854
v 0.0312221963 0.118149891 -0.0010025854
v 0.032256566 0.118772253 -0.0010025854
v 0.0332175866 0.119502805 -0.0010025854
v 0.0340939835 0.120332971 -0.0010025854
v 0.0348754898 0.121253029 -0.0010025854
v 0.0355529375 0.122252189 -0.0010025854
v 0.0361183845 0.123318739 -0.0010025854
v 0.0365652032 0.124440171 -0.0010025854
v 0.0368881561 0.125603333 -0.0010025854
v 0.0370834544 0.126794606 -0.0010025854
v 0.0371488072 0.128000006 -0.0010025854
v 0.0371632874 0.129214078 -0.000844975002
v 0.0369665846 0.130413935 -0.000844975002
v 0.0366413072 0.131585479 -0.000844975002
v 0.0361912698 0.132714987 -0.000844975002
v 0.0356217474 0.133789212 -0.000844975002
v 0.0349394195 0.134795576 -0.000844975002
v 0.034152288 0.13572225 -0.000844975002
v 0.033269573 0.136558399 -0.000844975002
v 0.0323016346 0.137294218 -0.000844975002
v 0.0312598124 0.137921065 -0.000844975002
v 0.0301563237 0.138431579 -0.000844975002
v 0.0290041063 0.138819814 -0.000844975002
v 0.0278166682 0.139081195 -0.000844975002
v 0.0266079325 0.139212653 -0.000844975002
v 0.0253920685 0.139212653 -0.000844975002
v 0.0241833311 0.139081195 -0.000844975002
v 0.0229958929 0.138819814 -0.000844975002
v 0.0218436755 0.138431579 -0.000844975002
v 0.0207401887 0.137921065 -0.000844975002
v 0.0196983665 0.137294218 -0.000844975002
v 0.0187304262 0.136558399 -0.000844975002
v 0.0178477131 0.13572225 -0.000844975002
v 0.0170605797 0.134795576 -0.000844975002
v 0.0163782537 0.133789212 -0.000844975002
v 0.0158087313 0.132714987 -0.000844975002
v 0.0153586939 0.131585479 -0.000844975002
v 0.0150334165 0.130413935 -0.000844975002
v 0.0148367109 0.129214078 -0.000844975002
v 0.0147708859 0.128000006 -0.000844975002
v 0.0148367109 0.126785919 -0.000844975002
v 0.0150334165 0.125586078 -0.000844975002
v 0.0153586939 0.124414526 -0.000844975002
v 0.0158087313 0.123285018 -0.000844975002
v 0.0163782537 0.122210786 -0.000844975002
v 0.0170605797 0.121204428 -0.000844975002
v 0.0178477131 0.120277748 -0.000844975002
v 0.0187304262 0.119441599 -0.000844975002
v 0.0196983665 0.118705787 -0.000844975002
v 0.0207401887 0.11807894 -0.000844975002
v 0.0218436755 0.117568411 -0.000844975002
v 0.0229958929 0.117180184 -0.000844975002
v 0.0241833311 0.11691881 -0.000844975002
v 0.0253920685 0.116787352 -0.000844975002
v 0.0266079325 0.116787352 -0.000844975002
v 0.0278166682 0.11691881 -0.000844975002
v 0.0290041063 0.117180184 -0.000844975002
v 0.0301563237 0.117568411 -0.000844975002
v 0.0312598124 0.11807894 -0.000844975002
v 0.0323016346 0.118705787 -0.000844975002
v 0.033269573 0.119441599 -0.000844975002
v 0.034152288 0.120277748 -0.000844975002
v 0.0349394195 0.121204428 -0.000844975002
v 0.0356217474 0.122210786 -0.000844975002
v 0.0361912698 0.123285018 -0.000844975002
v 0.0366413072 0.124414526 -0.000844975002
v 0.0369665846 0.125586078 -0.000844975002
v 0.0371632874 0.126785919 -0.000844975002
v 0.0372291133 0.128000006 -0.000844975002
v 0.0372590646 0.129224494 -0.000696622301
v 0.0370606743 0.130434632 -0.000696622301
v 0.0367326029 0.131616235 -0.000696622301
v 0.036278706 0.132755429 -0.000696622301
v 0.0357042961 0.133838877 -0.000696622301
v 0.0350161158 0.13485387 -0.000696622301
v 0.0342222303 0.135788515 -0.000696622301
v 0.0333319455 0.136631832 -0.000696622301
v 0.0323556997 0.137373954 -0.000696622301
v 0.0313049406 0.138006181 -0.000696622301
v 0.030191984 0.13852109 -0.000696622301
v 0.0290298797 0.138912648 -0.000696622301
v 0.0278322548 0.139176264 -0.000696622301
v 0.0266131479 0.13930884 -0.000696622301
v 0.0253868513 0.13930884 -0.000696622301
v 0.0241677444 0.139176264 -0.000696622301
v 0.0229701195 0.138912648 -0.000696622301
v 0.021808017 0.13852109 -0.000696622301
v 0.0206950605 0.138006181 -0.000696622301
v 0.0196443014 0.137373954 -0.000696622301
v 0.0186680555 0.136631832 -0.000696622301
v 0.0177777708 0.135788515 -0.000696622301
v 0.0169838835 0.13485387 -0.000696622301
v 0.0162957013 0.133838877 -0.000696622301
v 0.015721295 0.132755429 -0.000696622301
v 0.0152673963 0.131616235 -0.000696622301
v 0.0149393268 0.130434632 -0.000696622301
v 0.0147409346 0.129224494 -0.000696622301
v 0.0146745443 0.128000006 -0.000696622301
v 0.0147409346 0.126775503 -0.000696622301
v 0.0149393268 0.125565365 -0.000696622301
v 0.0152673963 0.124383762 -0.000696622301
v 0.015721295 0.123244561 -0.000696622301
v 0.0162957013 0.12216112 -0.000696622301
v 0.0169838835 0.121146128 -0.000696622301
v 0.0177777708 0.120211489 -0.000696622301
v 0.0186680555 0.119368166 -0.000696622301
v 0.0196443014 0.118626043 -0.000696622301
v 0.0206950605 0.117993824 -0.000696622301
v 0.021808017 0.117478915 -0.000696622301
v 0.0229701195 0.117087357 -0.000696622301
v 0.0241677444 0.11682374 -0.000696622301
v 0.0253868513 0.116691157 -0.000696622301
v 0.0266131479 0.116691157 -0.000696622301
v 0.0278322548 0.11682374 -0.000696622301
v 0.0290298797 0.117087357 -0.000696622301
v 0.030191984 0.117478915 -0.000696622301
v 0.0313049406 0.117993824 -0.000696622301
v 0.0323556997 0.118626043 -0.000696622301
v 0.0333319455 0.119368166 -0.000696622301
v 0.0342222303 0.120211489 -0.000696622301
v 0.0350161158 0.121146128 -0.000696622301
v 0.0357042961 0.12216112 -0.000696622301
v 0.036278706 0.123244561 -0.000696622301
v 0.0367326029 0.124383762 -0.000696622301
v 0.0370606743 0.125565365 -0.000696622301
v 0.0372590646 0.126775503 -0.000696622301
v 0.0373254567 0.128000006 -0.000696622301
v 0.0373697318 0.129236534 -0.000559152744
v 0.0371693894 0.130458564 -0.000559152744
v 0.0368380956 0.131651774 -0.000559152744
v 0.0363797359 0.132802173 -0.000559152744
v 0.0357996821 0.133896276 -0.000559152744
v 0.0351047367 0.134921238 -0.000559152744
v 0.0343030468 0.135865062 -0.000559152744
v 0.0334040113 0.136716679 -0.000559152744
v 0.0324181691 0.137466088 -0.000559152744
v 0.0313570835 0.138104528 -0.000559152744
v 0.0302331876 0.138624504 -0.000559152744
v 0.0290596616 0.139019907 -0.000559152744
v 0.0278502647 0.139286116 -0.000559152744
v 0.0266191754 0.139420003 -0.000559152744
v 0.0253808256 0.139420003 -0.000559152744
v 0.0241497364 0.139286116 -0.000559152744
v 0.0229403377 0.139019907 -0.000559152744
v 0.0217668135 0.138624504 -0.000559152744
v 0.0206429176 0.138104528 -0.000559152744
v 0.0195818283 0.137466088 -0.000559152744
v 0.0185959879 0.136716679 -0.000559152744
v 0.0176969524 0.135865062 -0.000559152744
v 0.0168952625 0.134921238 -0.000559152744
v 0.0162003171 0.133896276 -0.000559152744
v 0.0156202633 0.132802173 -0.000559152744
v 0.0151619026 0.131651774 -0.000559152744
v 0.0148306089 0.130458564 -0.000559152744
v 0.0146302665 0.129236534 -0.000559152744
v 0.0145632233 0.128000006 -0.000559152744
v 0.0146302665 0.126763463 -0.000559152744
v 0.0148306089 0.125541434 -0.000559152744
v 0.0151619026 0.124348223 -0.000559152744
v 0.0156202633 0.123197824 -0.000559152744
v 0.0162003171 0.122103728 -0.000559152744
v 0.0168952625 0.121078759 -0.000559152744
v 0.0176969524 0.120134935 -0.000559152744
v 0.0185959879 0.119283326 -0.000559152744
v 0.0195818283 0.118533909 -0.000559152744
v 0.0206429176 0.117895469 -0.000559152744
v 0.0217668135 0.117375501 -0.000559152744
v 0.0229403377 0.116980091 -0.000559152744
v 0.0241497364 0.116713889 -0.000559152744
v 0.0253808256 0.116579995 -0.000559152744
v 0.0266191754 0.116579995 -0.000559152744
v 0.0278502647 0.116713889 -0.000559152744
v 0.0290596616 0.116980091 -0.000559152744
v 0.0302331876 0.117375501 -0.000559152744
v 0.0313570835 0.117895469 -0.000559152744
v 0.0324181691 0.118533909 -0.000559152744
v 0.0334040113 0.119283326 -0.000559152744
v 0.0343030468 0.120134935 -0.000559152744
v 0.0351047367 0.121078759 -0.000559152744
v 0.0357996821 0.122103728 -0.000559152744
v 0.0363797359 0.123197824 -0.000559152744
v 0.0368380956 0.124348223 -0.000559152744
v 0.0371693894 0.125541434 -0.000559152744
v 0.0373697318 0.126763463 -0.000559152744
v 0.0374367759 0.128000006 -0.000559152744
v 0.037494082 0.12925005 -0.000434072397
v 0.0372915454 0.13048546 -0.000434072397
v 0.0369566306 0.131691724 -0.000434072397
v 0.0364932567 0.1328547 -0.000434072397
v 0.0359068587 0.133960754 -0.000434072397
v 0.0352043137 0.134996936 -0.000434072397
v 0.0343938544 0.135951087 -0.000434072397
v 0.0334849879 0.136812001 -0.000434072397
v 0.0324883647 0.137569621 -0.000434072397
v 0.0314156711 0.138215035 -0.000434072397
v 0.0302794836 0.138740689 -0.000434072397
v 0.029093124 0.139140427 -0.000434072397
v 0.0278705005 0.139409542 -0.000434072397
v 0.0266259462 0.139544904 -0.000434072397
v 0.025374053 0.139544904 -0.000434072397
v 0.0241295006 0.139409542 -0.000434072397
v 0.0229068752 0.139140427 -0.000434072397
v 0.0217205156 0.138740689 -0.000434072397
v 0.0205843281 0.138215035 -0.000434072397
v 0.0195116363 0.137569621 -0.000434072397
v 0.0185150132 0.136812001 -0.000434072397
v 0.0176061448 0.135951087 -0.000434072397
v 0.0167956855 0.134996936 -0.000434072397
v 0.0160931405 0.133960754 -0.000434072397
v 0.0155067435 0.1328547 -0.000434072397
v 0.0150433695 0.131691724 -0.000434072397
v 0.0147084529 0.13048546 -0.000434072397
v 0.0145059191 0.12925005 -0.000434072397
v 0.014438143 0.128000006 -0.000434072397
v 0.0145059191 0.126749948 -0.000434072397
v 0.0147084529 0.125514537 -0.000434072397
v 0.0150433695 0.124308281 -0.000434072397
v 0.0155067435 0.123145305 -0.000434072397
v 0.0160931405 0.122039244 -0.000434072397
v 0.0167956855 0.121003062 -0.000434072397
v 0.0176061448 0.120048918 -0.000434072397
v 0.0185150132 0.119187988 -0.000434072397
v 0.0195116363 0.118430376 -0.000434072397
v 0.0205843281 0.117784962 -0.000434072397
v 0.0217205156 0.117259301 -0.000434072397
v 0.0229068752 0.11685957 -0.000434072397
v 0.0241295006 0.116590455 -0.000434072397
v 0.025374053 0.1164551 -0.000434072397
v 0.0266259462 0.1164551 -0.000434072397
v 0.0278705005 0.116590455 -0.000434072397
v 0.029093124 0.11685957 -0.000434072397
v 0.0302794836 0.117259301 -0.000434072397
v 0.0314156711 0.117784962 -0.000434072397
v 0.0324883647 0.118430376 -0.000434072397
v 0.0334849879 0.119187988 -0.000434072397
v 0.0343938544 0.120048918 -0.000434072397
v 0.0352043137 0.121003062 -0.000434072397
v 0.0359068587 0.122039244 -0.000434072397
v 0.0364932567 0.123145305 -0.000434072397
v 0.0369566306 0.124308281 -0.000434072397
v 0.0372915454 0.125514537 -0.000434072397
v 0.037494082 0.126749948 -0.000434072397
v 0.0375618562 0.128000006 -0.000434072397
v 0.0376307443 0.129264921 -0.00032275173
v 0.0374258012 0.130515009 -0.00032275173
v 0.037086904 0.131735608 -0.00032275173
v 0.0366180204 0.132912412 -0.00032275173
v 0.0360246524 0.134031639 -0.00032275173
v 0.0353137515 0.135080129 -0.00032275173
v 0.0344936587 0.13604562 -0.00032275173
v 0.0335739851 0.136916786 -0.00032275173
v 0.0325655118 0.137683406 -0.00032275173
v 0.0314800628 0.138336495 -0.00032275173
v 0.0303303674 0.138868406 -0.00032275173
v 0.0291299019 0.139272884 -0.00032275173
v 0.0278927404 0.139545202 -0.00032275173
v 0.0266333893 0.139682174 -0.00032275173
v 0.0253666118 0.139682174 -0.00032275173
v 0.0241072588 0.139545202 -0.00032275173
v 0.0228700992 0.139272884 -0.00032275173
v 0.0216696337 0.138868406 -0.00032275173
v 0.0205199365 0.138336495 -0.00032275173
v 0.0194344893 0.137683406 -0.00032275173
v 0.018426016 0.136916786 -0.00032275173
v 0.0175063424 0.13604562 -0.00032275173
v 0.0166862477 0.135080129 -0.00032275173
v 0.0159753487 0.134031639 -0.00032275173
v 0.0153819788 0.132912412 -0.00032275173
v 0.0149130961 0.131735608 -0.00032275173
v 0.0145741971 0.130515009 -0.00032275173
v 0.0143692559 0.129264921 -0.00032275173
v 0.0143006742 0.128000006 -0.00032275173
v 0.0143692559 0.126735076 -0.00032275173
v 0.0145741971 0.125484988 -0.00032275173
v 0.0149130961 0.124264389 -0.00032275173
v 0.0153819788 0.123087578 -0.00032275173
v 0.0159753487 0.121968366 -0.00032275173
v 0.0166862477 0.120919868 -0.00032275173
v 0.0175063424 0.119954377 -0.00032275173
v 0.018426016 0.119083218 -0.00032275173
v 0.0194344893 0.118316598 -0.00032275173
v 0.0205199365 0.117663503 -0.00032275173
v 0.0216696337 0.117131598 -0.00032275173
v 0.0228700992 0.116727114 -0.00032275173
v 0.0241072588 0.116454795 -0.00032275173
v 0.0253666118 0.116317831 -0.00032275173
v 0.0266333893 0.116317831 -0.00032275173
v 0.0278927404 0.116454795 -0.00032275173
v 0.0291299019 0.116727114 -0.00032275173
v 0.0303303674 0.117131598 -0.00032275173
v 0.0314800628 0.117663503 -0.00032275173
v 0.0325655118 0.118316598 -0.00032275173
v 0.0335739851 0.119083218 -0.00032275173
v 0.0344936587 0.119954377 -0.00032275173
v 0.0353137515 0.120919868 -0.00032275173
v 0.0360246524 0.121968366 -0.00032275173
v 0.0366180204 0.123087578 -0.00032275173
v 0.037086904 0.124264389 -0.00032275173
v 0.0374258012 0.125484988 -0.00032275173
v 0.0376307443 0.126735076 -0.00032275173
v 0.0376993269 0.128000006 -0.00032275173
v 0.0377782285 0.129280955 -0.000226410368
v 0.0375706851 0.130546898 -0.000226410368
v 0.0372274891 0.131782979 -0.000226410368
v 0.0367526636 0.132974714 -0.000226410368
v 0.0361517705 0.134108111 -0.000226410368
v 0.0354318544 0.135169908 -0.000226410368
v 0.0346013606 0.136147648 -0.000226410368
v 0.0336700231 0.137029856 -0.000226410368
v 0.0326487646 0.137806192 -0.000226410368
v 0.0315495543 0.138467565 -0.000226410368
v 0.0303852782 0.139006212 -0.000226410368
v 0.0291695893 0.13941583 -0.000226410368
v 0.0279167406 0.139691606 -0.000226410368
v 0.026641421 0.139830306 -0.000226410368
v 0.0253585801 0.139830306 -0.000226410368
v 0.0240832586 0.139691606 -0.000226410368
v 0.0228304099 0.13941583 -0.000226410368
v 0.0216147229 0.139006212 -0.000226410368
v 0.0204504468 0.138467565 -0.000226410368
v 0.0193512365 0.137806192 -0.000226410368
v 0.0183299743 0.137029856 -0.000226410368
v 0.0173986387 0.136147648 -0.000226410368
v 0.0165681448 0.135169908 -0.000226410368
v 0.0158482306 0.134108111 -0.000226410368
v 0.0152473375 0.132974714 -0.000226410368
v 0.0147725092 0.131782979 -0.000226410368
v 0.0144293131 0.130546898 -0.000226410368
v 0.0142217726 0.129280955 -0.000226410368
v 0.014152321 0.128000006 -0.000226410368
v 0.0142217726 0.126719043 -0.000226410368
v 0.0144293131 0.1254531 -0.000226410368
v 0.0147725092 0.124217018 -0.000226410368
v 0.0152473375 0.123025291 -0.000226410368
v 0.0158482306 0.121891886 -0.000226410368
v 0.0165681448 0.120830089 -0.000226410368
v 0.0173986387 0.119852357 -0.000226410368
v 0.0183299743 0.118970148 -0.000226410368
v 0.0193512365 0.118193805 -0.000226410368
v 0.0204504468 0.117532432 -0.000226410368
v 0.0216147229 0.116993785 -0.000226410368
v 0.0228304099 0.116584167 -0.000226410368
v 0.0240832586 0.116308399 -0.000226410368
v 0.0253585801 0.116169699 -0.000226410368
v 0.026641421 0.116169699 -0.000226410368
v 0.0279167406 0.116308399 -0.000226410368
v 0.0291695893 0.116584167 -0.000226410368
v 0.0303852782 0.116993785 -0.000226410368
v 0.0315495543 0.117532432 -0.000226410368
v 0.0326487646 0.118193805 -0.000226410368
v 0.0336700231 0.118970148 -0.000226410368
v 0.0346013606 0.119852357 -0.000226410368
v 0.0354318544 0.120830089 -0.000226410368
v 0.0361517705 0.121891886 -0.000226410368
v 0.0367526636 0.123025291 -0.000226410368
v 0.0372274891 0.124217018 -0.000226410368
v 0.0375706851 0.1254531 -0.000226410368
v 0.0377782285 0.126719043 -0.000226410368
v 0.0378476791 0.128000006 -0.000226410368
v 0.0379349142 0.129298002 -0.000146103848
v 0.0377246141 0.130580783 -0.000146103848
v 0.0373768508 0.1318333 -0.000146103848
v 0.0368957072 0.13304089 -0.000146103848
v 0.0362868197 0.134189367 -0.000146103848
v 0.0355573259 0.135265291 -0.000146103848
v 0.0347157866 0.136256024 -0.000146103848
v 0.0337720588 0.137149975 -0.000146103848
v 0.0327372141 0.137936652 -0.000146103848
v 0.0316233784 0.138606817 -0.000146103848
v 0.0304436162 0.139152631 -0.000146103848
v 0.0292117558 0.139567703 -0.000146103848
v 0.0279422402 0.139847144 -0.000146103848
v 0.0266499538 0.139987677 -0.000146103848
v 0.0253500473 0.139987677 -0.000146103848
v 0.0240577608 0.139847144 -0.000146103848
v 0.0227882452 0.139567703 -0.000146103848
v 0.0215563849 0.139152631 -0.000146103848
v 0.0203766208 0.138606817 -0.000146103848
v 0.019262787 0.137936652 -0.000146103848
v 0.0182279404 0.137149975 -0.000146103848
v 0.0172842145 0.136256024 -0.000146103848
v 0.0164426733 0.135265291 -0.000146103848
v 0.0157131813 0.134189367 -0.000146103848
v 0.0151042948 0.13304089 -0.000146103848
v 0.0146231493 0.1318333 -0.000146103848
v 0.0142753879 0.130580783 -0.000146103848
v 0.0140650859 0.129298002 -0.000146103848
v 0.0139947105 0.128000006 -0.000146103848
v 0.0140650859 0.126701996 -0.000146103848
v 0.0142753879 0.125419214 -0.000146103848
v 0.0146231493 0.12416669 -0.000146103848
v 0.0151042948 0.122959107 -0.000146103848
v 0.0157131813 0.12181063 -0.000146103848
v 0.0164426733 0.120734707 -0.000146103848
v 0.0172842145 0.119743966 -0.000146103848
v 0.0182279404 0.118850023 -0.000146103848
v 0.019262787 0.118063353 -0.000146103848
v 0.0203766208 0.117393181 -0.000146103848
v 0.0215563849 0.116847366 -0.000146103848
v 0.0227882452 0.116432302 -0.000146103848
v 0.0240577608 0.11615286 -0.000146103848
v 0.0253500473 0.11601232 -0.000146103848
v 0.0266499538 0.11601232 -0.000146103848
v 0.0279422402 0.11615286 -0.000146103848
v 0.0292117558 0.116432302 -0.000146103848
v 0.0304436162 0.116847366 -0.000146103848
v 0.0316233784 0.117393181 -0.000146103848
v 0.0327372141 0.118063353 -0.000146103848
v 0.0337720588 0.118850023 -0.000146103848
v 0.0347157866 0.119743966 -0.000146103848
v 0.0355573259 0.120734707 -0.000146103848
v 0.0362868197 0.12181063 -0.000146103848
v 0.0368957072 0.122959107 -0.000146103848
v 0.0373768508 0.12416669 -0.000146103848
v 0.0377246141 0.125419214 -0.000146103848
v 0.0379349142 0.126701996 -0.000146103848
v 0.0380052887 0.128000006 -0.000146103848
v 0.0380990878 0.129315853 -8.27120384e-05
v 0.0378858931 0.130616277 -8.27120384e-05
v 0.0375333466 0.131886035 -8.27120384e-05
v 0.0370455831 0.133110225 -8.27120384e-05
v 0.0364283212 0.134274513 -8.27120384e-05
v 0.0356887951 0.135365233 -8.27120384e-05
v 0.0348356776 0.136369601 -8.27120384e-05
v 0.0338789709 0.137275845 -8.27120384e-05
v 0.0328298882 0.138073325 -8.27120384e-05
v 0.031700734 0.138752729 -8.27120384e-05
v 0.0305047408 0.139306054 -8.27120384e-05
v 0.0292559359 0.139726818 -8.27120384e-05
v 0.0279689562 0.140010104 -8.27120384e-05
v 0.0266588945 0.140152588 -8.27120384e-05
v 0.0253411066 0.140152588 -8.27120384e-05
v 0.0240310431 0.140010104 -8.27120384e-05
v 0.0227440652 0.139726818 -8.27120384e-05
v 0.0214952584 0.139306054 -8.27120384e-05
v 0.020299267 0.138752729 -8.27120384e-05
v 0.019170111 0.138073325 -8.27120384e-05
v 0.0181210302 0.137275845 -8.27120384e-05
v 0.0171643216 0.136369601 -8.27120384e-05
v 0.0163112041 0.135365233 -8.27120384e-05
v 0.015571679 0.134274513 -8.27120384e-05
v 0.0149544161 0.133110225 -8.27120384e-05
v 0.0144666526 0.131886035 -8.27120384e-05
v 0.014114107 0.130616277 -8.27120384e-05
v 0.0139009133 0.129315853 -8.27120384e-05
v 0.0138295693 0.128000006 -8.27120384e-05
v 0.0139009133 0.126684144 -8.27120384e-05
v 0.014114107 0.12538372 -8.27120384e-05
v 0.0144666526 0.124113962 -8.27120384e-05
v 0.0149544161 0.122889772 -8.27120384e-05
v 0.015571679 0.121725485 -8.27120384e-05
v 0.0163112041 0.120634772 -8.27120384e-05
v 0.0171643216 0.119630404 -8.27120384e-05
v 0.0181210302 0.11872416 -8.27120384e-05
v 0.019170111 0.117926672 -8.27120384e-05
v 0.020299267 0.117247276 -8.27120384e-05
v 0.0214952584 0.116693951 -8.27120384e-05
v 0.0227440652 0.11627318 -8.27120384e-05
v 0.0240310431 0.115989894 -8.27120384e-05
v 0.0253411066 0.115847416 -8.27120384e-05
v 0.0266588945 0.115847416 -8.27120384e-05
v 0.0279689562 0.115989894 -8.27120384e-05
v 0.0292559359 0.11627318 -8.27120384e-05
v 0.0305047408 0.116693951 -8.27120384e-05
v 0.031700734 0.117247276 -8.27120384e-05
v 0.0328298882 0.117926672 -8.27120384e-05
v 0.0338789709 0.11872416 -8.27120384e-05
v 0.0348356776 0.119630404 -8.27120384e-05
v 0.0356887951 0.120634772 -8.27120384e-05
v 0.0364283212 0.121725485 -8.27120384e-05
v 0.0370455831 0.122889772 -8.27120384e-05
v 0.0375333466 0.124113962 -8.27120384e-05
v 0.0378858931 0.12538372 -8.27120384e-05
v 0.0380990878 0.126684144 -8.27120384e-05
v 0.0381704308 0.128000006 -8.27120384e-05
v 0.0382689498 0.129334331 -3.69294612e-05
v 0.0380527601 0.130653009 -3.69294612e-05
v 0.0376952663 0.131940588 -3.69294612e-05
v 0.0372006558 0.133181974 -3.69294612e-05
v 0.0365747251 0.134362608 -3.69294612e-05
v 0.0358248167 0.135468632 -3.69294612e-05
v 0.0349597223 0.136487097 -3.69294612e-05
v 0.0339895859 0.137406066 -3.69294612e-05
v 0.0329257734 0.138214752 -3.69294612e-05
v 0.0317807645 0.138903677 -3.69294612e-05
v 0.0305679832 0.139464781 -3.69294612e-05
v 0.0293016452 0.139891461 -3.69294612e-05
v 0.0279965997 0.14017871 -3.69294612e-05
v 0.0266681444 0.140323192 -3.69294612e-05
v 0.0253318567 0.140323192 -3.69294612e-05
v 0.0240034014 0.14017871 -3.69294612e-05
v 0.022698354 0.139891461 -3.69294612e-05
v 0.021432016 0.139464781 -3.69294612e-05
v 0.0202192347 0.138903677 -3.69294612e-05
v 0.0190742258 0.138214752 -3.69294612e-05
v 0.0180104151 0.137406066 -3.69294612e-05
v 0.0170402769 0.136487097 -3.69294612e-05
v 0.0161751825 0.135468632 -3.69294612e-05
v 0.0154252741 0.134362608 -3.69294612e-05
v 0.0147993453 0.133181974 -3.69294612e-05
v 0.0143047338 0.131940588 -3.69294612e-05
v 0.0139472391 0.130653009 -3.69294612e-05
v 0.0137310512 0.129334331 -3.69294612e-05
v 0.0136587061 0.128000006 -3.69294612e-05
v 0.0137310512 0.126665667 -3.69294612e-05
v 0.0139472391 0.125346988 -3.69294612e-05
v 0.0143047338 0.124059409 -3.69294612e-05
v 0.0147993453 0.122818023 -3.69294612e-05
v 0.0154252741 0.121637397 -3.69294612e-05
v 0.0161751825 0.120531365 -3.69294612e-05
v 0.0170402769 0.119512901 -3.69294612e-05
v 0.0180104151 0.118593931 -3.69294612e-05
v 0.0190742258 0.117785245 -3.69294612e-05
v 0.0202192347 0.11709632 -3.69294612e-05
v 0.021432016 0.116535224 -3.69294612e-05
v 0.022698354 0.116108544 -3.69294612e-05
v 0.0240034014 0.115821287 -3.69294612e-05
v 0.0253318567 0.115676805 -3.69294612e-05
v 0.0266681444 0.115676805 -3.69294612e-05
v 0.0279965997 0.115821287 -3.69294612e-05
v 0.0293016452 0.116108544 -3.69294612e-05
v 0.0305679832 0.116535224 -3.69294612e-05
v 0.0317807645 0.11709632 -3.69294612e-05
v 0.0329257734 0.117785245 -3.69294612e-05
v 0.0339895859 0.118593931 -3.69294612e-05
v 0.0349597223 0.119512901 -3.69294612e-05
v 0.0358248167 0.120531365 -3.69294612e-05
v 0.0365747251 0.121637397 -3.69294612e-05
v 0.0372006558 0.122818023 -3.69294612e-05
v 0.0376952663 0.124059409 -3.69294612e-05
v 0.0380527601 0.125346988 -3.69294612e-05
v 0.0382689498 0.126665667 -3.69294612e-05
v 0.038341295 0.128000006 -3.69294612e-05
v 0.0384426378 0.129353225 -9.25772292e-06
v 0.0382233895 0.130690575 -9.25772292e-06
v 0.0378608331 0.131996378 -9.25772292e-06
v 0.037359219 0.133255333 -9.25772292e-06
v 0.0367244296 0.134452671 -9.25772292e-06
v 0.0359639041 0.135574371 -9.25772292e-06
v 0.0350865647 0.136607245 -9.25772292e-06
v 0.0341026895 0.137539223 -9.25772292e-06
v 0.0330238193 0.138359368 -9.25772292e-06
v 0.0318626016 0.139058039 -9.25772292e-06
v 0.0306326505 0.139627084 -9.25772292e-06
v 0.0293483865 0.140059799 -9.25772292e-06
v 0.0280248653 0.140351132 -9.25772292e-06
v 0.0266776029 0.140497655 -9.25772292e-06
v 0.0253223963 0.140497655 -9.25772292e-06
v 0.0239751358 0.140351132 -9.25772292e-06
v 0.0226516146 0.140059799 -9.25772292e-06
v 0.0213673487 0.139627084 -9.25772292e-06
v 0.0201373976 0.139058039 -9.25772292e-06
v 0.0189761799 0.138359368 -9.25772292e-06
v 0.0178973097 0.137539223 -9.25772292e-06
v 0.0169134364 0.136607245 -9.25772292e-06
v 0.0160360951 0.135574371 -9.25772292e-06
v 0.0152755706 0.134452671 -9.25772292e-06
v 0.0146407802 0.133255333 -9.25772292e-06
v 0.014139167 0.131996378 -9.25772292e-06
v 0.0137766115 0.130690575 -9.25772292e-06
v 0.0135573633 0.129353225 -9.25772292e-06
v 0.0134839937 0.128000006 -9.25772292e-06
v 0.0135573633 0.126646787 -9.25772292e-06
v 0.0137766115 0.125309423 -9.25772292e-06
v 0.014139167 0.124003619 -9.25772292e-06
v 0.0146407802 0.122744665 -9.25772292e-06
v 0.0152755706 0.121547326 -9.25772292e-06
v 0.0160360951 0.120425634 -9.25772292e-06
v 0.0169134364 0.119392753 -9.25772292e-06
v 0.0178973097 0.118460774 -9.25772292e-06
v 0.0189761799 0.117640637 -9.25772292e-06
v 0.0201373976 0.116941959 -9.25772292e-06
v 0.0213673487 0.116372921 -9.25772292e-06
v 0.0226516146 0.115940206 -9.25772292e-06
v 0.0239751358 0.115648873 -9.25772292e-06
v 0.0253223963 0.11550235 -9.25772292e-06
v 0.0266776029 0.11550235 -9.25772292e-06
v 0.0280248653 0.115648873 -9.25772292e-06
v 0.0293483865 0.115940206 -9.25772292e-06
v 0.0306326505 0.116372921 -9.25772292e-06
v 0.0318626016 0.116941959 -9.25772292e-06
v 0.0330238193 0.117640637 -9.25772292e-06
v 0.0341026895 0.118460774 -9.25772292e-06
v 0.0350865647 0.119392753 -9.25772292e-06
v 0.0359639041 0.120425634 -9.25772292e-06
v 0.0367244296 0.121547326 -9.25772292e-06
v 0.037359219 0.122744665 -9.25772292e-06
v 0.0378608331 0.124003619 -9.25772292e-06
v 0.0382233895 0.125309423 -9.25772292e-06
v 0.0384426378 0.126646787 -9.25772292e-06
v 0.0385160074 0.128000006 -9.25772292e-06
v 0.038618248 0.129372314 0
v 0.0383959077 0.130728543 0
v 0.0380282328 0.132052779 0
v 0.0375195406 0.133329511 0
v 0.0368757918 0.134543747 0
v 0.0361045338 0.135681272 0
v 0.0352148078 0.136728734 0
v 0.0342170484 0.137673855 0
v 0.033122953 0.138505563 0
v 0.0319453478 0.139214113 0
v 0.0306980349 0.139791176 0
v 0.0293956455 0.14023 0
v 0.028053442 0.140525445 0
v 0.0266871657 0.14067404 0
v 0.0253128335 0.14067404 0
v 0.0239465572 0.140525445 0
v 0.0226043556 0.14023 0
v 0.0213019643 0.139791176 0
v 0.0200546533 0.139214113 0
v 0.0188770462 0.138505563 0
v 0.0177829508 0.137673855 0
v 0.0167851914 0.136728734 0
v 0.0158954654 0.135681272 0
v 0.0151242083 0.134543747 0
v 0.0144804595 0.133329511 0
v 0.0139717665 0.132052779 0
v 0.0136040933 0.130728543 0
v 0.0133817513 0.129372314 0
v 0.013307346 0.128000006 0
v 0.0133817513 0.126627684 0
v 0.0136040933 0.125271454 0
v 0.0139717665 0.123947218 0
v 0.0144804595 0.122670494 0
v 0.0151242083 0.121456251 0
v 0.0158954654 0.120318733 0
v 0.0167851914 0.119271271 0
v 0.0177829508 0.118326142 0
v 0.0188770462 0.117494427 0
v 0.0200546533 0.116785884 0
v 0.0213019643 0.116208822 0
v 0.0226043556 0.11576999 0
v 0.0239465572 0.115474552 0
v 0.0253128335 0.115325958 0
v 0.0266871657 0.115325958 0
v 0.028053442 0.115474552 0
v 0.0293956455 0.11576999 0
v 0.0306980349 0.116208822 0
v 0.0319453478 0.116785884 0
v 0.033122953 0.117494427 0
v 0.0342170484 0.118326142 0
v 0.0352148078 0.119271271 0
v 0.0361045338 0.120318733 0
v 0.0368757918 0.121456251 0
v 0.0375195406 0.122670494 0
v 0.0380282328 0.123947218 0
v 0.0383959077 0.125271454 0
v 0.038618248 0.126627684 0
v 0.0386926532 0.128000006 0
v 0.037002705 0.128000006 -0.00168995
v 0.037002705 0.128000006 -0.00600000005
v 0.0369382054 0.129189596 -0.00600000005
v 0.0369382054 0.129189596 -0.00168995
v 0.0367454663 0.130365252 -0.00600000005
v 0.0367454663 0.130365252 -0.00168995
v 0.0364267491 0.131513178 -0.00600000005
v 0.0364267491 0.131513178 -0.00168995
v 0.0359857827 0.132619917 -0.00600000005
v 0.0359857827 0.132619917 -0.00168995
v 0.0354277454 0.133672491 -0.00600000005
v 0.0354277454 0.133672491 -0.00168995
v 0.034759175 0.134658545 -0.00600000005
v 0.034759175 0.134658545 -0.00168995
v 0.0339879133 0.135566548 -0.00600000005
v 0.0339879133 0.135566548 -0.00168995
v 0.0331229977 0.136385843 -0.00600000005
v 0.0331229977 0.136385843 -0.00168995
v 0.0321745761 0.137106821 -0.00600000005
v 0.0321745761 0.137106821 -0.00168995
v 0.031153759 0.137721017 -0.00600000005
v 0.031153759 0.137721017 -0.00168995
v 0.0300725214 0.138221249 -0.00600000005
v 0.0300725214 0.138221249 -0.00168995
v 0.0289435349 0.138601661 -0.00600000005
v 0.0289435349 0.138601661 -0.00168995
v 0.0277800392 0.138857767 -0.00600000005
v 0.02421996 0.138857767 -0.00168995
v 0.02421996 0.138857767 -0.00600000005
v 0.0230564643 0.138601661 -0.00600000005
v 0.0230564643 0.138601661 -0.00168995
v 0.0219274797 0.138221249 -0.00600000005
v 0.0219274797 0.138221249 -0.00168995
v 0.0208462402 0.137721017 -0.00600000005
v 0.0208462402 0.137721017 -0.00168995
v 0.019825425 0.137106821 -0.00600000005
v 0.019825425 0.137106821 -0.00168995
v 0.0188769996 0.136385843 -0.00600000005
v 0.0188769996 0.136385843 -0.00168995
v 0.0180120859 0.135566548 -0.00600000005
v 0.0180120859 0.135566548 -0.00168995
v 0.0172408242 0.134658545 -0.00600000005
v 0.0172408242 0.134658545 -0.00168995
v 0.0165722538 0.133672491 -0.00600000005
v 0.0165722538 0.133672491 -0.00168995
v 0.0160142165 0.132619917 -0.00600000005
v 0.0160142165 0.132619917 -0.00168995
v 0.0155732529 0.131513178 -0.00600000005
v 0.0155732529 0.131513178 -0.00168995
v 0.0152545329 0.130365252 -0.00600000005
v 0.0152545329 0.130365252 -0.00168995
v 0.0150617948 0.129189596 -0.00600000005
v 0.0150617948 0.129189596 -0.00168995
v 0.014997296 0.128000006 -0.00600000005
v 0.014997296 0.128000006 -0.00168995
v 0.0150617948 0.126810402 -0.00600000005
v 0.0150617948 0.126810402 -0.00168995
v 0.0152545329 0.125634745 -0.00600000005
v 0.0152545329 0.125634745 -0.00168995
v 0.0155732529 0.124486819 -0.00600000005
v 0.0155732529 0.124486819 -0.00168995
v 0.0160142165 0.123380087 -0.00600000005
v 0.0160142165 0.123380087 -0.00168995
v 0.0165722538 0.122327514 -0.00600000005
v 0.0165722538 0.122327514 -0.00168995
v 0.0172408242 0.121341445 -0.00600000005
v 0.0172408242 0.121341445 -0.00168995
v 0.0180120859 0.12043345 -0.00600000005
v 0.0180120859 0.12043345 -0.00168995
v 0.0188769996 0.119614154 -0.00600000005
v 0.0188769996 0.119614154 -0.00168995
v 0.019825425 0.118893184 -0.00600000005
v 0.019825425 0.118893184 -0.00168995
v 0.0208462402 0.11827898 -0.00600000005
v 0.0208462402 0.11827898 -0.00168995
v 0.0219274797 0.117778741 -0.00600000005
v 0.0219274797 0.117778741 -0.00168995
v 0.0230564643 0.117398344 -0.00600000005
v 0.0230564643 0.117398344 -0.00168995
v 0.02421996 0.117142238 -0.00600000005
v 0.02421996 0.117142238 -0.00168995
v 0.0254043248 0.117013432 -0.00600000005
v 0.0254043248 0.117013432 -0.00168995
v 0.0265956745 0.117013432 -0.00600000005
v 0.0265956745 0.117013432 -0.00168995
v 0.0277800392 0.117142238 -0.00600000005
v 0.0277800392 0.117142238 -0.00168995
v 0.0289435349 0.117398344 -0.00600000005
v 0.0289435349 0.117398344 -0.00168995
v 0.0300725214 0.117778741 -0.00600000005
v 0.0300725214 0.117778741 -0.00168995
v 0.031153759 0.11827898 -0.00600000005
v 0.031153759 0.11827898 -0.00168995
v 0.0321745761 0.118893184 -0.00600000005
v 0.0321745761 0.118893184 -0.00168995
v 0.0331229977 0.119614154 -0.00600000005
v 0.0331229977 0.119614154 -0.00168995
v 0.0339879133 0.12043345 -0.00600000005
v 0.0339879133 0.12043345 -0.00168995
v 0.034759175 0.121341445 -0.00600000005
v 0.034759175 0.121341445 -0.00168995
v 0.0354277454 0.122327514 -0.00600000005
v 0.0354277454 0.122327514 -0.00168995
v 0.0359857827 0.123380087 -0.00600000005
v 0.0359857827 0.123380087 -0.00168995
v 0.0364267491 0.124486819 -0.00600000005
v 0.0364267491 0.124486819 -0.00168995
v 0.0367454663 0.125634745 -0.00600000005
v 0.0367454663 0.125634745 -0.00168995
v 0.0369382054 0.126810402 -0.00600000005
v 0.0369382054 0.126810402 -0.00168995
v 0.0254043248 0.138986573 -0.00168995
v 0.0259269122 0.139002457 -0.00249695498
v 0.0258540791 0.139001742 -0.00250288448
v 0.0265956745 0.138986573 -0.00168995
v 0.0260001123 0.139002711 -0.00249497499
v 0.0261458587 0.139001742 -0.00250287773
v 0.026073087 0.139002457 -0.00249695498
v 0.026218405 0.139000535 -0.0025127593
v 0.0257815942 0.139000535 -0.0025127593
v 0.0263611637 0.13899678 -0.00254418259
v 0.026595667 0.138986409 -0.00263526128
v 0.0264996868 0.138991356 -0.00259085651
v 0.0256388374 0.13899678 -0.00254418259
v 0.0255003143 0.138991356 -0.00259085651
v 0.0254043248 0.138986573 -0.00600000005
v 0.0253676493 0.138984516 -0.00503771612
v 0.0251260288 0.138967931 -0.00487389369
v 0.0252423976 0.138976589 -0.00496235536
v 0.0250199065 0.138958961 -0.00477336906
v 0.0249252748 0.138950095 -0.00466196006
v 0.024843242 0.138941735 -0.00454097288
v 0.024774773 0.13893427 -0.00441182544
v 0.0247206688 0.138928071 -0.00427603209
v 0.0246815626 0.138923422 -0.00413518492
v 0.0246519689 0.138919815 -0.00377210672
v 0.02465 0.138919562 -0.00384497503
v 0.02465198 0.138919815 -0.00391806662
v 0.0246579144 0.138920546 -0.00369901443
v 0.0246579144 0.138920546 -0.00399093563
v 0.0246815626 0.138923422 -0.0035547649
v 0.0253676493 0.138984516 -0.0026522337
v 0.0252423976 0.138976589 -0.00272759493
v 0.0254043341 0.138986409 -0.00263526128
v 0.0251260288 0.138967931 -0.00281605613
v 0.0250199065 0.138958961 -0.00291658076
v 0.0249252748 0.138950095 -0.00302798976
v 0.024843242 0.138941735 -0.00314897718
v 0.024774773 0.13893427 -0.00327812461
v 0.0247206688 0.138928071 -0.00341391796
v 0.0265956745 0.138986573 -0.00600000005
v 0.0263611637 0.13899678 -0.0051457677
v 0.0264996868 0.138991356 -0.00509909354
v 0.026073087 0.139002457 -0.00519299507
v 0.0261460803 0.139001727 -0.00518704811
v 0.0259269122 0.139002457 -0.00519299507
v 0.0260000098 0.139002711 -0.00519497506
v 0.0257815942 0.139000535 -0.00517719099
v 0.0258539133 0.139001727 -0.00518704765
v 0.0256388374 0.13899678 -0.0051457677
v 0.026218405 0.139000535 -0.00517719099
v 0.0255003143 0.138991356 -0.00509909354
v 0.0254043341 0.138986409 -0.00505468855
v 0.0277800392 0.138857767 -0.00168995
v 0.0266323518 0.138984516 -0.0026522337
v 0.0268739723 0.138967931 -0.00281605613
v 0.0267576016 0.138976589 -0.00272759493
v 0.0269800946 0.138958961 -0.00291658076
v 0.0270747263 0.138950095 -0.00302798976
v 0.0271567572 0.138941735 -0.00314897718
v 0.0272252262 0.13893427 -0.00327812461
v 0.0272793323 0.138928071 -0.00341391796
v 0.0273184385 0.138923422 -0.0035547649
v 0.0273499992 0.138919562 -0.00384497503
v 0.027348008 0.138919815 -0.00377165666
v 0.0273480136 0.138919815 -0.00391818304
v 0.0273420867 0.138920546 -0.00399093563
v 0.0273420867 0.138920546 -0.00369901443
v 0.0273184385 0.138923422 -0.00413518492
v 0.0266323518 0.138984516 -0.00503771612
v 0.0267576016 0.138976589 -0.00496235536
v 0.026595667 0.138986409 -0.00505468855
v 0.0268739723 0.138967931 -0.00487389369
v 0.0269800946 0.138958961 -0.00477336906
v 0.0270747263 0.138950095 -0.00466196006
v 0.0271567572 0.138941735 -0.00454097288
v 0.0272252262 0.13893427 -0.00441182544
v 0.0272793323 0.138928071 -0.00427603209
v 0.0273499992 0.133249998 -0.00384497503
v 0.0273499992 0.138919562 -0.00384497503
v 0.0273480136 0.138919815 -0.00391818304
v 0.0273420867 0.133249998 -0.00399093563
v 0.0273184385 0.133249998 -0.00413518492
v 0.0273420867 0.138920546 -0.00399093563
v 0.0272793323 0.133249998 -0.00427603209
v 0.0273184385 0.138923422 -0.00413518492
v 0.0272252262 0.133249998 -0.00441182544
v 0.0272793323 0.138928071 -0.00427603209
v 0.0271567572 0.133249998 -0.00454097288
v 0.0272252262 0.13893427 -0.00441182544
v 0.0270747263 0.133249998 -0.00466196006
v 0.0271567572 0.138941735 -0.00454097288
v 0.0269800946 0.133249998 -0.00477336906
v 0.0270747263 0.138950095 -0.00466196006
v 0.0268739723 0.133249998 -0.00487389369
v 0.0269800946 0.138958961 -0.00477336906
v 0.0267576016 0.133249998 -0.00496235536
v 0.0268739723 0.138967931 -0.00487389369
v 0.0266323518 0.133249998 -0.00503771612
v 0.0267576016 0.138976589 -0.00496235536
v 0.0264996868 0.133249998 -0.00509909354
v 0.0266323518 0.138984516 -0.00503771612
v 0.026595667 0.138986409 -0.00505468855
v 0.0263611637 0.133249998 -0.0051457677
v 0.0264996868 0.138991356 -0.00509909354
v 0.026218405 0.133249998 -0.00517719099
v 0.0263611637 0.13899678 -0.0051457677
v 0.026073087 0.133249998 -0.00519299507
v 0.026218405 0.139000535 -0.00517719099
v 0.0261460803 0.139001727 -0.00518704811
v 0.0259269122 0.133249998 -0.00519299507
v 0.0260000098 0.139002711 -0.00519497506
v 0.026073087 0.139002457 -0.00519299507
v 0.0258539133 0.139001727 -0.00518704765
v 0.0257815942 0.139000535 -0.00517719099
v 0.0259269122 0.139002457 -0.00519299507
v 0.0257815942 0.133249998 -0.00517719099
v 0.0256388374 0.13899678 -0.0051457677
v 0.0256388374 0.133249998 -0.0051457677
v 0.0255003143 0.138991356 -0.00509909354
v 0.0255003143 0.133249998 -0.00509909354
v 0.0254043341 0.138986409 -0.00505468855
v 0.0253676493 0.138984516 -0.00503771612
v 0.0253676493 0.133249998 -0.00503771612
v 0.0252423976 0.138976589 -0.00496235536
v 0.0252423976 0.133249998 -0.00496235536
v 0.0251260288 0.138967931 -0.00487389369
v 0.0251260288 0.133249998 -0.00487389369
v 0.0250199065 0.138958961 -0.00477336906
v 0.0250199065 0.133249998 -0.00477336906
v 0.0249252748 0.138950095 -0.00466196006
v 0.0249252748 0.133249998 -0.00466196006
v 0.024843242 0.138941735 -0.00454097288
v 0.024843242 0.133249998 -0.00454097288
v 0.024774773 0.13893427 -0.00441182544
v 0.024774773 0.133249998 -0.00441182544
v 0.0247206688 0.138928071 -0.00427603209
v 0.0247206688 0.133249998 -0.00427603209
v 0.0246815626 0.138923422 -0.00413518492
v 0.0246815626 0.133249998 -0.00413518492
v 0.0246579144 0.138920546 -0.00399093563
v 0.02465 0.133249998 -0.00384497503
v 0.0246579144 0.133249998 -0.00399093563
v 0.02465198 0.138919815 -0.00391806662
v 0.02465 0.138919562 -0.00384497503
v 0.0246519689 0.138919815 -0.00377210672
v 0.0246579144 0.133249998 -0.00369901443
v 0.0246815626 0.133249998 -0.0035547649
v 0.0246579144 0.138920546 -0.00369901443
v 0.0247206688 0.133249998 -0.00341391796
v 0.0246815626 0.138923422 -0.0035547649
v 0.024774773 0.133249998 -0.00327812461
v 0.0247206688 0.138928071 -0.00341391796
v 0.024843242 0.133249998 -0.00314897718
v 0.024774773 0.13893427 -0.00327812461
v 0.0249252748 0.133249998 -0.00302798976
v 0.024843242 0.138941735 -0.00314897718
v 0.0250199065 0.133249998 -0.00291658076
v 0.0249252748 0.138950095 -0.00302798976
v 0.0251260288 0.133249998 -0.00281605613
v 0.0250199065 0.138958961 -0.00291658076
v 0.0252423976 0.133249998 -0.00272759493
v 0.0251260288 0.138967931 -0.00281605613
v 0.0253676493 0.133249998 -0.0026522337
v 0.0252423976 0.138976589 -0.00272759493
v 0.0255003143 0.133249998 -0.00259085651
v 0.0253676493 0.138984516 -0.0026522337
v 0.0254043341 0.138986409 -0.00263526128
v 0.0256388374 0.133249998 -0.00254418259
v 0.0255003143 0.138991356 -0.00259085651
v 0.0257815942 0.133249998 -0.0025127593
v 0.0256388374 0.13899678 -0.00254418259
v 0.0259269122 0.133249998 -0.00249695498
v 0.0257815942 0.139000535 -0.0025127593
v 0.0258540791 0.139001742 -0.00250288448
v 0.0259269122 0.139002457 -0.00249695498
v 0.0260001123 0.139002711 -0.00249497499
v 0.026073087 0.133249998 -0.00249695498
v 0.0261458587 0.139001742 -0.00250287773
v 0.026218405 0.139000535 -0.0025127593
v 0.026073087 0.139002457 -0.00249695498
v 0.026218405 0.133249998 -0.0025127593
v 0.0263611637 0.13899678 -0.00254418259
v 0.0263611637 0.133249998 -0.00254418259
v 0.0264996868 0.138991356 -0.00259085651
v 0.0264996868 0.133249998 -0.00259085651
v 0.026595667 0.138986409 -0.00263526128
v 0.0266323518 0.138984516 -0.0026522337
v 0.0266323518 0.133249998 -0.0026522337
v 0.0267576016 0.138976589 -0.00272759493
v 0.0267576016 0.133249998 -0.00272759493
v 0.0268739723 0.138967931 -0.00281605613
v 0.0268739723 0.133249998 -0.00281605613
v 0.0269800946 0.138958961 -0.00291658076
v 0.0269800946 0.133249998 -0.00291658076
v 0.0270747263 0.138950095 -0.00302798976
v 0.0270747263 0.133249998 -0.00302798976
v 0.0271567572 0.138941735 -0.00314897718
v 0.0271567572 0.133249998 -0.00314897718
v 0.0272252262 0.13893427 -0.00327812461
v 0.0272252262 0.133249998 -0.00327812461
v 0.0272793323 0.138928071 -0.00341391796
v 0.0272793323 0.133249998 -0.00341391796
v 0.0273184385 0.138923422 -0.0035547649
v 0.0273184385 0.133249998 -0.0035547649
v 0.0273420867 0.138920546 -0.00369901443
v 0.0273420867 0.133249998 -0.00369901443
v 0.027348008 0.138919815 -0.00377165666
v 0.0289435349 0.117398344 -0.00600000005
v 0.0277800392 0.117142238 -0.00600000005
v 0.0273189787 0.121993102 -0.00600000005
v 0.0265956745 0.117013432 -0.00600000005
v 0.0266633593 0.121885881 -0.00600000005
v 0.02421996 0.117142238 -0.00600000005
v 0.0246810224 0.121993102 -0.00600000005
v 0.02533664 0.121885881 -0.00600000005
v 0.0230564643 0.117398344 -0.00600000005
v 0.0240407921 0.122170419 -0.00600000005
v 0.0369382054 0.126810402 -0.00600000005
v 0.0367454663 0.125634745 -0.00600000005
v 0.0320656225 0.12698476 -0.00600000005
v 0.0364267491 0.124486819 -0.00600000005
v 0.0319207273 0.126336426 -0.00600000005
v 0.0331229977 0.119614154 -0.00600000005
v 0.0321745761 0.118893184 -0.00600000005
v 0.0297142621 0.123098291 -0.00600000005
v 0.031153759 0.11827898 -0.00600000005
v 0.0291638765 0.122726254 -0.00600000005
v 0.0300725214 0.117778741 -0.00600000005
v 0.0285765752 0.122415759 -0.00600000005
v 0.0279592071 0.122170419 -0.00600000005
v 0.0254043248 0.117013432 -0.00600000005
v 0.0260000005 0.121849999 -0.00600000005
v 0.0367454663 0.130365252 -0.00600000005
v 0.0369382054 0.129189596 -0.00600000005
v 0.0320730247 0.128969982 -0.00600000005
v 0.037002705 0.128000006 -0.00600000005
v 0.0321422182 0.128309265 -0.00600000005
v 0.0321397409 0.127644941 -0.00600000005
v 0.0359857827 0.123380087 -0.00600000005
v 0.0317067429 0.125707492 -0.00600000005
v 0.0354277454 0.122327514 -0.00600000005
v 0.0314261727 0.125105321 -0.00600000005
v 0.034759175 0.121341445 -0.00600000005
v 0.0310822856 0.124536924 -0.00600000005
v 0.0339879133 0.12043345 -0.00600000005
v 0.0306790955 0.124008939 -0.00600000005
v 0.0219274797 0.117778741 -0.00600000005
v 0.0234234259 0.122415759 -0.00600000005
v 0.0208462402 0.11827898 -0.00600000005
v 0.0228361227 0.122726254 -0.00600000005
v 0.0180120859 0.135566548 -0.00600000005
v 0.0217454527 0.132440865 -0.00600000005
v 0.0212912671 0.131956056 -0.00600000005
v 0.0188769996 0.136385843 -0.00600000005
v 0.0222492814 0.132873878 -0.00600000005
v 0.034759175 0.134658545 -0.00600000005
v 0.0354277454 0.133672491 -0.00600000005
v 0.0311079733 0.131425068 -0.00600000005
v 0.0359857827 0.132619917 -0.00600000005
v 0.0314476117 0.13085413 -0.00600000005
v 0.019825425 0.118893184 -0.00600000005
v 0.022285739 0.123098291 -0.00600000005
v 0.0155732529 0.124486819 -0.00600000005
v 0.0200792737 0.126336426 -0.00600000005
v 0.0202932563 0.125707492 -0.00600000005
v 0.0152545329 0.125634745 -0.00600000005
v 0.0199343767 0.12698476 -0.00600000005
v 0.0160142165 0.132619917 -0.00600000005
v 0.0205523893 0.13085413 -0.00600000005
v 0.0202763155 0.130249873 -0.00600000005
v 0.0165722538 0.133672491 -0.00600000005
v 0.0208920278 0.131425068 -0.00600000005
v 0.0172408242 0.134658545 -0.00600000005
v 0.0364267491 0.131513178 -0.00600000005
v 0.0317236856 0.130249873 -0.00600000005
v 0.0319329686 0.129619375 -0.00600000005
v 0.0302213058 0.123527519 -0.00600000005
v 0.0160142165 0.123380087 -0.00600000005
v 0.0205738284 0.125105321 -0.00600000005
v 0.0227968767 0.133249998 -0.00600000005
v 0.0254043248 0.138986573 -0.00600000005
v 0.0265956745 0.138986573 -0.00600000005
v 0.0172408242 0.121341445 -0.00600000005
v 0.0209177155 0.124536924 -0.00600000005
v 0.0213209055 0.124008939 -0.00600000005
v 0.0165722538 0.122327514 -0.00600000005
v 0.0150617948 0.126810402 -0.00600000005
v 0.0198602583 0.127644941 -0.00600000005
v 0.0150617948 0.129189596 -0.00600000005
v 0.0199269745 0.128969982 -0.00600000005
v 0.019857781 0.128309265 -0.00600000005
v 0.0152545329 0.130365252 -0.00600000005
v 0.0200670306 0.129619375 -0.00600000005
v 0.0155732529 0.131513178 -0.00600000005
v 0.0292031243 0.133249998 -0.00600000005
v 0.0277800392 0.138857767 -0.00600000005
v 0.0289435349 0.138601661 -0.00600000005
v 0.02421996 0.138857767 -0.00600000005
v 0.0188769996 0.119614154 -0.00600000005
v 0.0217786934 0.123527519 -0.00600000005
v 0.0180120859 0.12043345 -0.00600000005
v 0.019825425 0.137106821 -0.00600000005
v 0.0300725214 0.138221249 -0.00600000005
v 0.0219274797 0.138221249 -0.00600000005
v 0.0230564643 0.138601661 -0.00600000005
v 0.0321745761 0.137106821 -0.00600000005
v 0.0331229977 0.136385843 -0.00600000005
v 0.0297507178 0.132873878 -0.00600000005
v 0.0339879133 0.135566548 -0.00600000005
v 0.0302545466 0.132440865 -0.00600000005
v 0.0307087321 0.131956056 -0.00600000005
v 0.014997296 0.128000006 -0.00600000005
v 0.0208462402 0.137721017 -0.00600000005
v 0.031153759 0.137721017 -0.00600000005
v 0.0227968767 0.133249998 0.00499999989
v 0.0249252748 0.133249998 -0.00302798976
v 0.0250199065 0.133249998 -0.00291658076
v 0.0227968767 0.133249998 -0.00600000005
v 0.0247206688 0.133249998 -0.00427603209
v 0.0246815626 0.133249998 -0.00413518492
v 0.024843242 0.133249998 -0.00454097288
v 0.024774773 0.133249998 -0.00441182544
v 0.0292031243 0.133249998 0.00499999989
v 0.0266323518 0.133249998 -0.0026522337
v 0.0267576016 0.133249998 -0.00272759493
v 0.026218405 0.133249998 -0.0025127593
v 0.0263611637 0.133249998 -0.00254418259
v 0.0259269122 0.133249998 -0.00249695498
v 0.0251260288 0.133249998 -0.00281605613
v 0.024774773 0.133249998 -0.00327812461
v 0.024843242 0.133249998 -0.00314897718
v 0.0246815626 0.133249998 -0.0035547649
v 0.0250199065 0.133249998 -0.00477336906
v 0.0249252748 0.133249998 -0.00466196006
v 0.0252423976 0.133249998 -0.00496235536
v 0.0251260288 0.133249998 -0.00487389369
v 0.0268739723 0.133249998 -0.00281605613
v 0.0264996868 0.133249998 -0.00259085651
v 0.026073087 0.133249998 -0.00249695498
v 0.0256388374 0.133249998 -0.00254418259
v 0.0257815942 0.133249998 -0.0025127593
v 0.0253676493 0.133249998 -0.0026522337
v 0.0255003143 0.133249998 -0.00259085651
v 0.0252423976 0.133249998 -0.00272759493
v 0.0247206688 0.133249998 -0.00341391796
v 0.0246579144 0.133249998 -0.00369901443
v 0.0253676493 0.133249998 -0.00503771612
v 0.0269800946 0.133249998 -0.00291658076
v 0.0270747263 0.133249998 -0.00302798976
v 0.0246579144 0.133249998 -0.00399093563
v 0.02465 0.133249998 -0.00384497503
v 0.0255003143 0.133249998 -0.00509909354
v 0.0292031243 0.133249998 -0.00600000005
v 0.026073087 0.133249998 -0.00519299507
v 0.0259269122 0.133249998 -0.00519299507
v 0.0272793323 0.133249998 -0.00341391796
v 0.0273184385 0.133249998 -0.0035547649
v 0.0271567572 0.133249998 -0.00314897718
v 0.0272252262 0.133249998 -0.00327812461
v 0.0257815942 0.133249998 -0.00517719099
v 0.0256388374 0.133249998 -0.0051457677
v 0.0272252262 0.133249998 -0.00441182544
v 0.0271567572 0.133249998 -0.00454097288
v 0.026218405 0.133249998 -0.00517719099
v 0.0264996868 0.133249998 -0.00509909354
v 0.0263611637 0.133249998 -0.0051457677
v 0.0272793323 0.133249998 -0.00427603209
v 0.0273420867 0.133249998 -0.00399093563
v 0.0273184385 0.133249998 -0.00413518492
v 0.0266323518 0.133249998 -0.00503771612
v 0.0268739723 0.133249998 -0.00487389369
v 0.0267576016 0.133249998 -0.00496235536
v 0.0270747263 0.133249998 -0.00466196006
v 0.0269800946 0.133249998 -0.00477336906
v 0.0273420867 0.133249998 -0.00369901443
v 0.0273499992 0.133249998 -0.00384497503
v 0.0222492814 0.132873878 -0.00600000005
v 0.0227968767 0.133249998 -0.00600000005
v 0.0227968767 0.133249998 0.00499999989
v 0.0217454527 0.132440865 -0.00600000005
v 0.0222492814 0.132873878 0.00499999989
v 0.0212912671 0.131956056 -0.00600000005
v 0.0217454527 0.132440865 0.00499999989
v 0.0208920278 0.131425068 -0.00600000005
v 0.0212912671 0.131956056 0.00499999989
v 0.0205523893 0.13085413 -0.00600000005
v 0.0208920278 0.131425068 0.00499999989
v 0.0202763155 0.130249873 -0.00600000005
v 0.0205523893 0.13085413 0.00499999989
v 0.0200670306 0.129619375 -0.00600000005
v 0.0202763155 0.130249873 0.00499999989
v 0.0199269745 0.128969982 -0.00600000005
v 0.0200670306 0.129619375 0.00499999989
v 0.019857781 0.128309265 -0.00600000005
v 0.0199269745 0.128969982 0.00499999989
v 0.0198602583 0.127644941 -0.00600000005
v 0.019857781 0.128309265 0.00499999989
v 0.0199343767 0.12698476 -0.00600000005
v 0.0198602583 0.127644941 0.00499999989
v 0.0200792737 0.126336426 -0.00600000005
v 0.0199343767 0.12698476 0.00499999989
v 0.0202932563 0.125707492 -0.00600000005
v 0.0200792737 0.126336426 0.00499999989
v 0.0205738284 0.125105321 -0.00600000005
v 0.0202932563 0.125707492 0.00499999989
v 0.0209177155 0.124536924 -0.00600000005
v 0.0205738284 0.125105321 0.00499999989
v 0.0213209055 0.124008939 -0.00600000005
v 0.0209177155 0.124536924 0.00499999989
v 0.0217786934 0.123527519 -0.00600000005
v 0.0213209055 0.124008939 0.00499999989
v 0.022285739 0.123098291 -0.00600000005
v 0.0217786934 0.123527519 0.00499999989
v 0.0228361227 0.122726254 -0.00600000005
v 0.022285739 0.123098291 0.00499999989
v 0.0234234259 0.122415759 -0.00600000005
v 0.0228361227 0.122726254 0.00499999989
v 0.0240407921 0.122170419 -0.00600000005
v 0.0234234259 0.122415759 0.00499999989
v 0.0246810224 0.121993102 -0.00600000005
v 0.0240407921 0.122170419 0.00499999989
v 0.02533664 0.121885881 -0.00600000005
v 0.0246810224 0.121993102 0.00499999989
v 0.0260000005 0.121849999 -0.00600000005
v 0.02533664 0.121885881 0.00499999989
v 0.0266633593 0.121885881 -0.00600000005
v 0.0260000005 0.121849999 0.00499999989
v 0.0273189787 0.121993102 -0.00600000005
v 0.0266633593 0.121885881 0.00499999989
v 0.0279592071 0.122170419 -0.00600000005
v 0.0273189787 0.121993102 0.00499999989
v 0.0285765752 0.122415759 -0.00600000005
v 0.0279592071 0.122170419 0.00499999989
v 0.0291638765 0.122726254 -0.00600000005
v 0.0285765752 0.122415759 0.00499999989
v 0.0297142621 0.123098291 -0.00600000005
v 0.0291638765 0.122726254 0.00499999989
v 0.0302213058 0.123527519 -0.00600000005
v 0.0297142621 0.123098291 0.00499999989
v 0.0306790955 0.124008939 -0.00600000005
v 0.0302213058 0.123527519 0.00499999989
v 0.0310822856 0.124536924 -0.00600000005
v 0.0306790955 0.124008939 0.00499999989
v 0.0314261727 0.125105321 -0.00600000005
v 0.0310822856 0.124536924 0.00499999989
v 0.0317067429 0.125707492 -0.00600000005
v 0.0314261727 0.125105321 0.00499999989
v 0.0319207273 0.126336426 -0.00600000005
v 0.0317067429 0.125707492 0.00499999989
v 0.0320656225 0.12698476 -0.00600000005
v 0.0319207273 0.126336426 0.00499999989
v 0.0321397409 0.127644941 -0.00600000005
v 0.0320656225 0.12698476 0.00499999989
v 0.0321422182 0.128309265 -0.00600000005
v 0.0321397409 0.127644941 0.00499999989
v 0.0320730247 0.128969982 -0.00600000005
v 0.0321422182 0.128309265 0.00499999989
v 0.0319329686 0.129619375 -0.00600000005
v 0.0320730247 0.128969982 0.00499999989
v 0.0317236856 0.130249873 -0.00600000005
v 0.0319329686 0.129619375 0.00499999989
v 0.0314476117 0.13085413 -0.00600000005
v 0.0317236856 0.130249873 0.00499999989
v 0.0311079733 0.131425068 -0.00600000005
v 0.0314476117 0.13085413 0.00499999989
v 0.0307087321 0.131956056 -0.00600000005
v 0.0311079733 0.131425068 0.00499999989
v 0.0302545466 0.132440865 -0.00600000005
v 0.0307087321 0.131956056 0.00499999989
v 0.0297507178 0.132873878 -0.00600000005
v 0.0302545466 0.132440865 0.00499999989
v 0.0292031243 0.133249998 -0.00600000005
v 0.0297507178 0.132873878 0.00499999989
v 0.0292031243 0.133249998 0.00499999989
v 0.0768926442 0.107071392 0.00499999989
v 0.0768926442 0.106922083 0.00499999989
v 0.0877188444 0.106922083 0.00499999989
v 0.10928525 0.107071392 0.00499999989
v 0.10928525 0.106922083 0.00499999989
v 0.113607533 0.106922083 0.00499999989
v 0.113607533 0.107071392 0.00499999989
v 0.122785173 0.106922083 0.00499999989
v 0.122785173 0.107071392 0.00499999989
v 0.145890474 0.106922083 0.00499999989
v 0.145890474 0.107071392 0.00499999989
v 0.159585848 0.106922083 0.00499999989
v 0.159585848 0.107071392 0.00499999989
v 0.170515373 0.106922083 0.00499999989
v 0.170515373 0.107071392 0.00499999989
v 0.177595407 0.106922083 0.00499999989
v 0.0768926442 0.110146046 0.00499999989
v 0.0877188444 0.107071392 0.00499999989
v 0.113607533 0.110146046 0.00499999989
v 0.112167425 0.110106513 0.00499999989
v 0.112328887 0.110088959 0.00499999989
v 0.10928525 0.110146046 0.00499999989
v 0.112005003 0.110106513 0.00499999989
v 0.11248751 0.110054038 0.00499999989
v 0.112641424 0.110002182 0.00499999989
v 0.111684926 0.110054038 0.00499999989
v 0.111843541 0.110088959 0.00499999989
v 0.113175206 0.109640263 0.00499999989
v 0.113280356 0.109516479 0.00499999989
v 0.112927996 0.10985025 0.00499999989
v 0.113057293 0.109751962 0.00499999989
v 0.112788826 0.109933987 0.00499999989
v 0.111383602 0.109933987 0.00499999989
v 0.111531004 0.110002182 0.00499999989
v 0.110997222 0.107577167 0.00499999989
v 0.110892072 0.107700951 0.00499999989
v 0.111244433 0.10736718 0.00499999989
v 0.111115135 0.107465476 0.00499999989
v 0.112005003 0.107110918 0.00499999989
v 0.111843541 0.107128479 0.00499999989
v 0.112167425 0.107110918 0.00499999989
v 0.111244433 0.10985025 0.00499999989
v 0.110997222 0.109640263 0.00499999989
v 0.111115135 0.109751962 0.00499999989
v 0.110800929 0.109382048 0.00499999989
v 0.110892072 0.109516479 0.00499999989
v 0.111684926 0.107163392 0.00499999989
v 0.111531004 0.107215248 0.00499999989
v 0.11248751 0.107163392 0.00499999989
v 0.112328887 0.107128479 0.00499999989
v 0.113371499 0.109382048 0.00499999989
v 0.110800929 0.107835382 0.00499999989
v 0.111383602 0.107283451 0.00499999989
v 0.113175206 0.107577167 0.00499999989
v 0.113057293 0.107465476 0.00499999989
v 0.113371499 0.107835382 0.00499999989
v 0.113280356 0.107700951 0.00499999989
v 0.110724851 0.10923855 0.00499999989
v 0.110664733 0.108129762 0.00499999989
v 0.110621281 0.108286262 0.00499999989
v 0.110724851 0.10797888 0.00499999989
v 0.112788826 0.107283451 0.00499999989
v 0.112641424 0.107215248 0.00499999989
v 0.113447577 0.10923855 0.00499999989
v 0.113507695 0.109087668 0.00499999989
v 0.11059501 0.108770892 0.00499999989
v 0.110621281 0.108931169 0.00499999989
v 0.113447577 0.10797888 0.00499999989
v 0.110664733 0.109087668 0.00499999989
v 0.11059501 0.108446538 0.00499999989
v 0.110586219 0.108608715 0.00499999989
v 0.112927996 0.10736718 0.00499999989
v 0.113551147 0.108286262 0.00499999989
v 0.113507695 0.108129762 0.00499999989
v 0.113551147 0.108931169 0.00499999989
v 0.113577425 0.108770892 0.00499999989
v 0.113586217 0.108608715 0.00499999989
v 0.113577425 0.108446538 0.00499999989
v 0.0518686995 0.110295348 0.00499999989
v 0.0518686995 0.110146046 0.00499999989
v 0.0645862892 0.110146046 0.00499999989
v 0.0645862892 0.110295348 0.00499999989
v 0.0768926442 0.110295348 0.00499999989
v 0.0877188444 0.110146046 0.00499999989
v 0.0877188444 0.110295348 0.00499999989
v 0.10928525 0.110295348 0.00499999989
v 0.113607533 0.110295348 0.00499999989
v 0.122785173 0.110146046 0.00499999989
v 0.170515373 0.110295348 0.00499999989
v 0.170515373 0.110146046 0.00499999989
v 0.177595407 0.110146046 0.00499999989
v 0.0518686995 0.11130859 0.00499999989
v 0.0645862892 0.11130859 0.00499999989
v 0.0768926442 0.11130859 0.00499999989
v 0.0877188444 0.11130859 0.00499999989
v 0.10928525 0.11130859 0.00499999989
v 0.113607533 0.11130859 0.00499999989
v 0.122785173 0.110295348 0.00499999989
v 0.122785173 0.11130859 0.00499999989
v 0.145890474 0.110295348 0.00499999989
v 0.145890474 0.11130859 0.00499999989
v 0.159585848 0.110295348 0.00499999989
v 0.170515373 0.11130859 0.00499999989
v 0.177595407 0.110295348 0.00499999989
v 0.0768926442 0.11258886 0.00499999989
v 0.10928525 0.11258886 0.00499999989
v 0.145890474 0.11258886 0.00499999989
v 0.159585848 0.11130859 0.00499999989
v 0.159585848 0.11258886 0.00499999989
v 0.170515373 0.11258886 0.00499999989
v 0.177595407 0.11130859 0.00499999989
v 0.10928525 0.119067252 0.00499999989
v 0.113607533 0.11258886 0.00499999989
v 0.170515373 0.119067252 0.00499999989
v 0.177595407 0.11258886 0.00499999989
v 0.170515373 0.143607751 0.00499999989
v 0.177595407 0.119067252 0.00499999989
v 0.0518686995 0.145704657 0.00499999989
v 0.0518686995 0.143607751 0.00499999989
v 0.0645862892 0.143607751 0.00499999989
v 0.0645862892 0.145704657 0.00499999989
v 0.0768926442 0.143607751 0.00499999989
v 0.0768926442 0.145704657 0.00499999989
v 0.0877188444 0.143607751 0.00499999989
v 0.0877188444 0.145704657 0.00499999989
v 0.10928525 0.143607751 0.00499999989
v 0.10928525 0.145704657 0.00499999989
v 0.113607533 0.143607751 0.00499999989
v 0.113607533 0.145704657 0.00499999989
v 0.122785173 0.143607751 0.00499999989
v 0.122785173 0.145704657 0.00499999989
v 0.145890474 0.143607751 0.00499999989
v 0.145890474 0.145704657 0.00499999989
v 0.159585848 0.143607751 0.00499999989
v 0.170515373 0.145704657 0.00499999989
v 0.177595407 0.143607751 0.00499999989
v 0.0518686995 0.145853952 0.00499999989
v 0.0645862892 0.145853952 0.00499999989
v 0.0768926442 0.145853952 0.00499999989
v 0.0877188444 0.145853952 0.00499999989
v 0.10928525 0.145853952 0.00499999989
v 0.113607533 0.145853952 0.00499999989
v 0.170515373 0.145853952 0.00499999989
v 0.177595407 0.145704657 0.00499999989
v 0.0768926442 0.148928612 0.00499999989
v 0.113607533 0.148928612 0.00499999989
v 0.112167425 0.14888908 0.00499999989
v 0.112328887 0.148871526 0.00499999989
v 0.10928525 0.148928612 0.00499999989
v 0.112005003 0.14888908 0.00499999989
v 0.111684926 0.148836613 0.00499999989
v 0.111843541 0.148871526 0.00499999989
v 0.112641424 0.148784742 0.00499999989
v 0.112788826 0.148716554 0.00499999989
v 0.11248751 0.148836613 0.00499999989
v 0.112927996 0.148632824 0.00499999989
v 0.111531004 0.148784742 0.00499999989
v 0.111244433 0.148632824 0.00499999989
v 0.111383602 0.148716554 0.00499999989
v 0.111383602 0.14606601 0.00499999989
v 0.111244433 0.146149755 0.00499999989
v 0.112005003 0.145893484 0.00499999989
v 0.111843541 0.145911038 0.00499999989
v 0.112167425 0.145893484 0.00499999989
v 0.111115135 0.148534521 0.00499999989
v 0.111531004 0.145997822 0.00499999989
v 0.11248751 0.145945951 0.00499999989
v 0.112328887 0.145911038 0.00499999989
v 0.113057293 0.146248043 0.00499999989
v 0.112927996 0.146149755 0.00499999989
v 0.113057293 0.148534521 0.00499999989
v 0.113175206 0.148422837 0.00499999989
v 0.110586219 0.147391289 0.00499999989
v 0.111684926 0.145945951 0.00499999989
v 0.112788826 0.14606601 0.00499999989
v 0.110892072 0.148299038 0.00499999989
v 0.110997222 0.148422837 0.00499999989
v 0.11059501 0.147229105 0.00499999989
v 0.112641424 0.145997822 0.00499999989
v 0.113577425 0.147553459 0.00499999989
v 0.113586217 0.147391289 0.00499999989
v 0.113280356 0.148299038 0.00499999989
v 0.113371499 0.148164615 0.00499999989
v 0.11059501 0.147553459 0.00499999989
v 0.111115135 0.146248043 0.00499999989
v 0.110997222 0.146359742 0.00499999989
v 0.113551147 0.147713736 0.00499999989
v 0.113447577 0.148021117 0.00499999989
v 0.113507695 0.147870243 0.00499999989
v 0.110724851 0.148021117 0.00499999989
v 0.110800929 0.148164615 0.00499999989
v 0.110621281 0.147713736 0.00499999989
v 0.110664733 0.147870243 0.00499999989
v 0.110621281 0.147068828 0.00499999989
v 0.113280356 0.146483526 0.00499999989
v 0.113175206 0.146359742 0.00499999989
v 0.110724851 0.146761447 0.00499999989
v 0.110664733 0.146912336 0.00499999989
v 0.110892072 0.146483526 0.00499999989
v 0.110800929 0.146617949 0.00499999989
v 0.113447577 0.146761447 0.00499999989
v 0.113371499 0.146617949 0.00499999989
v 0.113551147 0.147068828 0.00499999989
v 0.113507695 0.146912336 0.00499999989
v 0.113577425 0.147229105 0.00499999989
v 0.122785173 0.145853952 0.00499999989
v 0.0733835995 0.14621532 0.00499999989
v 0.0732444376 0.146299049 0.00499999989
v 0.0740050077 0.146042794 0.00499999989
v 0.0738435388 0.146060348 0.00499999989
v 0.074167423 0.146042794 0.00499999989
v 0.0735310093 0.146147117 0.00499999989
v 0.0744875073 0.146095261 0.00499999989
v 0.0743288845 0.146060348 0.00499999989
v 0.0750572979 0.146397352 0.00499999989
v 0.0749279931 0.146299049 0.00499999989
v 0.0725950077 0.147378415 0.00499999989
v 0.072586216 0.147540584 0.00499999989
v 0.0736849234 0.146095261 0.00499999989
v 0.0747888312 0.14621532 0.00499999989
v 0.0645862892 0.148928612 0.00499999989
v 0.0746414214 0.146147117 0.00499999989
v 0.0755862147 0.147540584 0.00499999989
v 0.0732444376 0.148782119 0.00499999989
v 0.0733835995 0.148865864 0.00499999989
v 0.0725950077 0.147702768 0.00499999989
v 0.0731151327 0.146397352 0.00499999989
v 0.0729972199 0.146509036 0.00499999989
v 0.075577423 0.147702768 0.00499999989
v 0.0731151327 0.148683831 0.00499999989
v 0.0728920773 0.148448348 0.00499999989
v 0.0729972199 0.148572132 0.00499999989
v 0.0726212859 0.147863045 0.00499999989
v 0.0726647377 0.148019537 0.00499999989
v 0.0726212859 0.147218138 0.00499999989
v 0.0752803534 0.146632835 0.00499999989
v 0.0751752108 0.146509036 0.00499999989
v 0.075577423 0.147378415 0.00499999989
v 0.0746531934 0.148928612 0.00499999989
v 0.0747888312 0.148865864 0.00499999989
v 0.072724849 0.148170426 0.00499999989
v 0.0728009269 0.148313925 0.00499999989
v 0.072724849 0.146910757 0.00499999989
v 0.0726647377 0.147061631 0.00499999989
v 0.0728920773 0.146632835 0.00499999989
v 0.0728009269 0.146767259 0.00499999989
v 0.0755511448 0.147218138 0.00499999989
v 0.075507693 0.147061631 0.00499999989
v 0.0755511448 0.147863045 0.00499999989
v 0.0750572979 0.148683831 0.00499999989
v 0.0751752108 0.148572132 0.00499999989
v 0.0749279931 0.148782119 0.00499999989
v 0.0754475817 0.146910757 0.00499999989
v 0.0753715038 0.146767259 0.00499999989
v 0.0754475817 0.148170426 0.00499999989
v 0.075507693 0.148019537 0.00499999989
v 0.0752803534 0.148448348 0.00499999989
v 0.0753715038 0.148313925 0.00499999989
v 0.0923836008 0.146140665 0.00499999989
v 0.0922444314 0.146224409 0.00499999989
v 0.093005009 0.145968139 0.00499999989
v 0.09284354 0.145985693 0.00499999989
v 0.0933288857 0.145985693 0.00499999989
v 0.0931674242 0.145968139 0.00499999989
v 0.0925310105 0.146072477 0.00499999989
v 0.0934875086 0.146020606 0.00499999989
v 0.0940572917 0.146322697 0.00499999989
v 0.0939279944 0.146224409 0.00499999989
v 0.0877188444 0.148928612 0.00499999989
v 0.0922444314 0.148707464 0.00499999989
v 0.0923836008 0.148791209 0.00499999989
v 0.091595009 0.14730376 0.00499999989
v 0.0915862173 0.147465929 0.00499999989
v 0.0926849246 0.146020606 0.00499999989
v 0.093788825 0.146140665 0.00499999989
v 0.092115134 0.148609176 0.00499999989
v 0.0936414227 0.146072477 0.00499999989
v 0.0945862159 0.147465929 0.00499999989
v 0.0925310105 0.148859397 0.00499999989
v 0.0918920785 0.148373693 0.00499999989
v 0.0919972211 0.148497492 0.00499999989
v 0.091595009 0.147628114 0.00499999989
v 0.092115134 0.146322697 0.00499999989
v 0.0919972211 0.146434382 0.00499999989
v 0.0945774242 0.147628114 0.00499999989
v 0.0916212872 0.147788391 0.00499999989
v 0.0916647315 0.147944883 0.00499999989
v 0.0916212872 0.147143483 0.00499999989
v 0.0942803547 0.14655818 0.00499999989
v 0.0941752046 0.146434382 0.00499999989
v 0.0945774242 0.14730376 0.00499999989
v 0.0940572917 0.148609176 0.00499999989
v 0.0941752046 0.148497492 0.00499999989
v 0.093788825 0.148791209 0.00499999989
v 0.0939279944 0.148707464 0.00499999989
v 0.0934875086 0.148911268 0.00499999989
v 0.0936414227 0.148859397 0.00499999989
v 0.0926849246 0.148911268 0.00499999989
v 0.0917248502 0.148095772 0.00499999989
v 0.0918009281 0.14823927 0.00499999989
v 0.0917248502 0.146836102 0.00499999989
v 0.0916647315 0.146986991 0.00499999989
v 0.0918920785 0.14655818 0.00499999989
v 0.0918009281 0.146692604 0.00499999989
v 0.094551146 0.147143483 0.00499999989
v 0.0945076942 0.146986991 0.00499999989
v 0.094551146 0.147788391 0.00499999989
v 0.0934086889 0.148928612 0.00499999989
v 0.0944475755 0.146836102 0.00499999989
v 0.0943714976 0.146692604 0.00499999989
v 0.0944475755 0.148095772 0.00499999989
v 0.0945076942 0.147944883 0.00499999989
v 0.0942803547 0.148373693 0.00499999989
v 0.0943714976 0.14823927 0.00499999989
v 0.131167278 0.14581883 0.00499999989
v 0.131004855 0.14581883 0.00499999989
v 0.131328747 0.145836398 0.00499999989
v 0.130843401 0.145836398 0.00499999989
v 0.13076359 0.145853952 0.00499999989
v 0.145890474 0.145853952 0.00499999989
v 0.131408542 0.145853952 0.00499999989
v 0.145890474 0.148928612 0.00499999989
v 0.13257727 0.147478804 0.00499999989
v 0.132586062 0.147316635 0.00499999989
v 0.122785173 0.148928612 0.00499999989
v 0.129586071 0.147316635 0.00499999989
v 0.13257727 0.14715445 0.00499999989
v 0.129594862 0.14715445 0.00499999989
v 0.132371351 0.146543294 0.00499999989
v 0.132280201 0.146408871 0.00499999989
v 0.132551 0.146994174 0.00499999989
v 0.132507548 0.146837682 0.00499999989
v 0.132551 0.147639081 0.00499999989
v 0.129594862 0.147478804 0.00499999989
v 0.132447436 0.146686792 0.00499999989
v 0.132447436 0.147946462 0.00499999989
v 0.132507548 0.147795588 0.00499999989
v 0.132175058 0.148348182 0.00499999989
v 0.132280201 0.148224398 0.00499999989
v 0.131167278 0.148814425 0.00499999989
v 0.131328747 0.148796871 0.00499999989
v 0.131004855 0.148814425 0.00499999989
v 0.129800782 0.14808996 0.00499999989
v 0.129891932 0.148224398 0.00499999989
v 0.129621133 0.147639081 0.00499999989
v 0.129664585 0.147795588 0.00499999989
v 0.129621133 0.146994174 0.00499999989
v 0.132057145 0.146173388 0.00499999989
v 0.131927848 0.1460751 0.00499999989
v 0.132175058 0.146285087 0.00499999989
v 0.132371351 0.14808996 0.00499999989
v 0.131788686 0.148641899 0.00499999989
v 0.131927848 0.14855817 0.00499999989
v 0.131487355 0.148761958 0.00499999989
v 0.131641269 0.148710102 0.00499999989
v 0.130684778 0.148761958 0.00499999989
v 0.130843401 0.148796871 0.00499999989
v 0.130114987 0.148459882 0.00499999989
v 0.130244285 0.14855817 0.00499999989
v 0.129724711 0.147946462 0.00499999989
v 0.129724711 0.146686792 0.00499999989
v 0.129664585 0.146837682 0.00499999989
v 0.131788686 0.14599137 0.00499999989
v 0.132057145 0.148459882 0.00499999989
v 0.130383462 0.148641899 0.00499999989
v 0.129997075 0.148348182 0.00499999989
v 0.129997075 0.146285087 0.00499999989
v 0.129891932 0.146408871 0.00499999989
v 0.131641269 0.145923167 0.00499999989
v 0.130530864 0.148710102 0.00499999989
v 0.129800782 0.146543294 0.00499999989
v 0.130244285 0.1460751 0.00499999989
v 0.130114987 0.146173388 0.00499999989
v 0.130530864 0.145923167 0.00499999989
v 0.130383462 0.14599137 0.00499999989
v 0.130684778 0.145871311 0.00499999989
v 0.131487355 0.145871311 0.00499999989
v 0.150004715 0.145744175 0.00499999989
v 0.149843246 0.145761743 0.00499999989
v 0.159585848 0.145704657 0.00499999989
v 0.150167122 0.145744175 0.00499999989
v 0.149530709 0.145848513 0.00499999989
v 0.149518952 0.145853952 0.00499999989
v 0.150487214 0.145796657 0.00499999989
v 0.150328591 0.145761743 0.00499999989
v 0.149684623 0.145796657 0.00499999989
v 0.159585848 0.145853952 0.00499999989
v 0.1506529 0.145853952 0.00499999989
v 0.150641128 0.145848513 0.00499999989
v 0.159585848 0.148928612 0.00499999989
v 0.15157713 0.147404164 0.00499999989
v 0.151585922 0.14724198 0.00499999989
v 0.148585916 0.14724198 0.00499999989
v 0.148594707 0.147079796 0.00499999989
v 0.15157713 0.147079796 0.00499999989
v 0.148594707 0.147404164 0.00499999989
v 0.151371211 0.146468654 0.00499999989
v 0.15128006 0.146334216 0.00499999989
v 0.151550859 0.146919519 0.00499999989
v 0.151507407 0.146763027 0.00499999989
v 0.151550859 0.147564441 0.00499999989
v 0.150788531 0.148567244 0.00499999989
v 0.150927708 0.148483515 0.00499999989
v 0.150167122 0.148739785 0.00499999989
v 0.150328591 0.148722216 0.00499999989
v 0.150004715 0.148739785 0.00499999989
v 0.148800641 0.148015305 0.00499999989
v 0.148891777 0.148149744 0.00499999989
v 0.148620993 0.147564441 0.00499999989
v 0.148664445 0.147720933 0.00499999989
v 0.148620993 0.146919519 0.00499999989
v 0.151447281 0.146612152 0.00499999989
v 0.151447281 0.147871807 0.00499999989
v 0.151507407 0.147720933 0.00499999989
v 0.151174918 0.148273528 0.00499999989
v 0.15128006 0.148149744 0.00499999989
v 0.150641128 0.148635447 0.00499999989
v 0.149684623 0.148687303 0.00499999989
v 0.149843246 0.148722216 0.00499999989
v 0.149114847 0.148385227 0.00499999989
v 0.149244145 0.148483515 0.00499999989
v 0.148724556 0.147871807 0.00499999989
v 0.148724556 0.146612152 0.00499999989
v 0.148664445 0.146763027 0.00499999989
v 0.151174918 0.146210432 0.00499999989
v 0.151371211 0.148015305 0.00499999989
v 0.150487214 0.148687303 0.00499999989
v 0.149383307 0.148567244 0.00499999989
v 0.148996934 0.148273528 0.00499999989
v 0.148996934 0.146210432 0.00499999989
v 0.148891777 0.146334216 0.00499999989
v 0.151057005 0.148385227 0.00499999989
v 0.149530709 0.148635447 0.00499999989
v 0.148800641 0.146468654 0.00499999989
v 0.149244145 0.146000445 0.00499999989
v 0.149114847 0.146098733 0.00499999989
v 0.149383307 0.145916715 0.00499999989
v 0.150927708 0.146000445 0.00499999989
v 0.150788531 0.145916715 0.00499999989
v 0.151057005 0.146098733 0.00499999989
v 0.170371056 0.146393999 0.00499999989
v 0.17027992 0.146259561 0.00499999989
v 0.170447141 0.146537498 0.00499999989
v 0.170174763 0.146135777 0.00499999989
v 0.170515373 0.146717623 0.00499999989
v 0.170507252 0.146688372 0.00499999989
v 0.17005685 0.146024078 0.00499999989
v 0.169927552 0.14592579 0.00499999989
v 0.169640988 0.145773858 0.00499999989
v 0.169487074 0.145722002 0.00499999989
v 0.16978839 0.14584206 0.00499999989
v 0.169808164 0.145853952 0.00499999989
v 0.168763295 0.145704657 0.00499999989
v 0.168843105 0.145687088 0.00499999989
v 0.16900456 0.14566952 0.00499999989
v 0.169408247 0.145704657 0.00499999989
v 0.169166982 0.14566952 0.00499999989
v 0.169328451 0.145687088 0.00499999989
v 0.168684483 0.145722002 0.00499999989
v 0.168383166 0.14584206 0.00499999989
v 0.168363392 0.145853952 0.00499999989
v 0.168530568 0.145773858 0.00499999989
v 0.167585775 0.147167325 0.00499999989
v 0.167594567 0.147005156 0.00499999989
v 0.167594567 0.147329509 0.00499999989
v 0.170515373 0.148928612 0.00499999989
v 0.16978839 0.14849259 0.00499999989
v 0.169927552 0.14840886 0.00499999989
v 0.169166982 0.14866513 0.00499999989
v 0.169328451 0.148647562 0.00499999989
v 0.168684483 0.148612648 0.00499999989
v 0.168843105 0.148647562 0.00499999989
v 0.167800486 0.147940651 0.00499999989
v 0.167891636 0.148075089 0.00499999989
v 0.167620838 0.147489786 0.00499999989
v 0.167664289 0.147646278 0.00499999989
v 0.167620838 0.146844864 0.00499999989
v 0.170174763 0.148198873 0.00499999989
v 0.17027992 0.148075089 0.00499999989
v 0.169640988 0.148560792 0.00499999989
v 0.16900456 0.14866513 0.00499999989
v 0.168114692 0.148310572 0.00499999989
v 0.168243989 0.14840886 0.00499999989
v 0.167724416 0.147797167 0.00499999989
v 0.167724416 0.146537498 0.00499999989
v 0.167664289 0.146688372 0.00499999989
v 0.170371056 0.147940651 0.00499999989
v 0.169487074 0.148612648 0.00499999989
v 0.168383166 0.14849259 0.00499999989
v 0.167996779 0.148198873 0.00499999989
v 0.167996779 0.146135777 0.00499999989
v 0.167891636 0.146259561 0.00499999989
v 0.170447141 0.147797167 0.00499999989
v 0.170507252 0.147646278 0.00499999989
v 0.17005685 0.148310572 0.00499999989
v 0.168530568 0.148560792 0.00499999989
v 0.167800486 0.146393999 0.00499999989
v 0.168243989 0.14592579 0.00499999989
v 0.168114692 0.146024078 0.00499999989
v 0.177595407 0.148928612 0.00499999989
v 0.170576975 0.147329509 0.00499999989
v 0.170585781 0.147167325 0.00499999989
v 0.170515373 0.147617027 0.00499999989
v 0.177595407 0.145853952 0.00499999989
v 0.170550704 0.146844864 0.00499999989
v 0.170550704 0.147489786 0.00499999989
v 0.170576975 0.147005156 0.00499999989
v 0.159585848 0.110146046 0.00499999989
v 0.150487214 0.110203348 0.00499999989
v 0.150641128 0.110151485 0.00499999989
v 0.150167122 0.110255823 0.00499999989
v 0.150328591 0.110238262 0.00499999989
v 0.150004715 0.110255823 0.00499999989
v 0.145890474 0.110146046 0.00499999989
v 0.149518952 0.110146046 0.00499999989
v 0.149684623 0.110203348 0.00499999989
v 0.149843246 0.110238262 0.00499999989
v 0.149530709 0.110151485 0.00499999989
v 0.148996934 0.10772647 0.00499999989
v 0.148891777 0.107850261 0.00499999989
v 0.149114847 0.107614778 0.00499999989
v 0.149244145 0.10751649 0.00499999989
v 0.150004715 0.10726022 0.00499999989
v 0.149843246 0.107277781 0.00499999989
v 0.148724556 0.10812819 0.00499999989
v 0.148664445 0.108279072 0.00499999989
v 0.148800641 0.107984692 0.00499999989
v 0.149684623 0.107312694 0.00499999989
v 0.150167122 0.10726022 0.00499999989
v 0.150487214 0.107312694 0.00499999989
v 0.150328591 0.107277781 0.00499999989
v 0.148594707 0.108595841 0.00499999989
v 0.148585916 0.108758017 0.00499999989
v 0.149530709 0.107364558 0.00499999989
v 0.149383307 0.107432753 0.00499999989
v 0.150641128 0.107364558 0.00499999989
v 0.148891777 0.109665781 0.00499999989
v 0.148996934 0.109789573 0.00499999989
v 0.150927708 0.10751649 0.00499999989
v 0.150788531 0.107432753 0.00499999989
v 0.15128006 0.107850261 0.00499999989
v 0.151174918 0.10772647 0.00499999989
v 0.151057005 0.109901264 0.00499999989
v 0.151174918 0.109789573 0.00499999989
v 0.148800641 0.10953135 0.00499999989
v 0.148594707 0.108920202 0.00499999989
v 0.151057005 0.107614778 0.00499999989
v 0.151371211 0.107984692 0.00499999989
v 0.151585922 0.108758017 0.00499999989
v 0.15128006 0.109665781 0.00499999989
v 0.149244145 0.109999552 0.00499999989
v 0.149383307 0.110083289 0.00499999989
v 0.148724556 0.109387852 0.00499999989
v 0.148620993 0.109080479 0.00499999989
v 0.148664445 0.109236971 0.00499999989
v 0.148620993 0.108435564 0.00499999989
v 0.151447281 0.10812819 0.00499999989
v 0.151550859 0.108435564 0.00499999989
v 0.151507407 0.108279072 0.00499999989
v 0.15157713 0.108920202 0.00499999989
v 0.151447281 0.109387852 0.00499999989
v 0.151507407 0.109236971 0.00499999989
v 0.151371211 0.10953135 0.00499999989
v 0.1506529 0.110146046 0.00499999989
v 0.150788531 0.110083289 0.00499999989
v 0.149114847 0.109901264 0.00499999989
v 0.15157713 0.108595841 0.00499999989
v 0.150927708 0.109999552 0.00499999989
v 0.151550859 0.109080479 0.00499999989
v 0.074167423 0.106961608 0.00499999989
v 0.0740050077 0.106961608 0.00499999989
v 0.0645862892 0.106922083 0.00499999989
v 0.0735310093 0.107065946 0.00499999989
v 0.0735192373 0.107071392 0.00499999989
v 0.0738435388 0.106979169 0.00499999989
v 0.0744875073 0.107014082 0.00499999989
v 0.0743288845 0.106979169 0.00499999989
v 0.0736849234 0.107014082 0.00499999989
v 0.0746531934 0.107071392 0.00499999989
v 0.0746414214 0.107065946 0.00499999989
v 0.074167423 0.109957211 0.00499999989
v 0.0743288845 0.10993965 0.00499999989
v 0.0740050077 0.109957211 0.00499999989
v 0.0744875073 0.109904736 0.00499999989
v 0.0746414214 0.109852873 0.00499999989
v 0.0736849234 0.109904736 0.00499999989
v 0.0738435388 0.10993965 0.00499999989
v 0.0751752108 0.109490961 0.00499999989
v 0.0752803534 0.109367169 0.00499999989
v 0.0749279931 0.109700941 0.00499999989
v 0.0750572979 0.109602652 0.00499999989
v 0.0747888312 0.109784678 0.00499999989
v 0.0733835995 0.109784678 0.00499999989
v 0.0735310093 0.109852873 0.00499999989
v 0.0732444376 0.109700941 0.00499999989
v 0.0729972199 0.109490961 0.00499999989
v 0.0731151327 0.109602652 0.00499999989
v 0.0728009269 0.109232739 0.00499999989
v 0.0728920773 0.109367169 0.00499999989
v 0.0753715038 0.109232739 0.00499999989
v 0.0645862892 0.107071392 0.00499999989
v 0.0729972199 0.107427858 0.00499999989
v 0.0728920773 0.107551649 0.00499999989
v 0.0732444376 0.107217878 0.00499999989
v 0.0731151327 0.107316166 0.00499999989
v 0.0751752108 0.107427858 0.00499999989
v 0.0750572979 0.107316166 0.00499999989
v 0.0753715038 0.10768608 0.00499999989
v 0.0752803534 0.107551649 0.00499999989
v 0.075577423 0.10862159 0.00499999989
v 0.0755862147 0.108459413 0.00499999989
v 0.072724849 0.109089248 0.00499999989
v 0.072586216 0.108459413 0.00499999989
v 0.0754475817 0.109089248 0.00499999989
v 0.075507693 0.108938366 0.00499999989
v 0.0725950077 0.108297229 0.00499999989
v 0.072724849 0.107829578 0.00499999989
v 0.0726647377 0.10798046 0.00499999989
v 0.0728009269 0.10768608 0.00499999989
v 0.0754475817 0.107829578 0.00499999989
v 0.075577423 0.108297229 0.00499999989
v 0.0726212859 0.108781867 0.00499999989
v 0.0726647377 0.108938366 0.00499999989
v 0.0725950077 0.10862159 0.00499999989
v 0.0733835995 0.107134141 0.00499999989
v 0.0749279931 0.107217878 0.00499999989
v 0.0755511448 0.108781867 0.00499999989
v 0.0726212859 0.108136952 0.00499999989
v 0.0747888312 0.107134141 0.00499999989
v 0.0755511448 0.108136952 0.00499999989
v 0.075507693 0.10798046 0.00499999989
v 0.120197736 0.11258886 0.00499999989
v 0.120479882 0.112545192 0.00499999989
v 0.122785173 0.112526722 0.00499999989
v 0.121003926 0.112519726 0.00499999989
v 0.117274702 0.114167221 0.00499999989
v 0.116943821 0.114574403 0.00499999989
v 0.113607533 0.119067252 0.00499999989
v 0.116011813 0.116995737 0.00499999989
v 0.115984283 0.117519684 0.00499999989
v 0.11609409 0.116477564 0.00499999989
v 0.116418689 0.115481213 0.00499999989
v 0.11623022 0.115970865 0.00499999989
v 0.116657436 0.115014017 0.00499999989
v 0.119961388 0.112625435 0.00499999989
v 0.119454153 0.112759568 0.00499999989
v 0.118054904 0.113467678 0.00499999989
v 0.117646426 0.113796957 0.00499999989
v 0.118963771 0.112946115 0.00499999989
v 0.118495636 0.113183022 0.00499999989
v 0.145890474 0.119067252 0.00499999989
v 0.143113166 0.138432667 0.00499999989
v 0.141459823 0.142127857 0.00499999989
v 0.141828045 0.141759634 0.00499999989
v 0.143084005 0.138952583 0.00499999989
v 0.142155975 0.141355112 0.00499999989
v 0.142440051 0.140918687 0.00499999989
v 0.141055301 0.142455786 0.00499999989
v 0.122785173 0.143473282 0.00499999989
v 0.13813284 0.143412977 0.00499999989
v 0.143000916 0.139466658 0.00499999989
v 0.142677188 0.140455067 0.00499999989
v 0.142864823 0.139969304 0.00499999989
v 0.140155256 0.142976999 0.00499999989
v 0.140618861 0.142739862 0.00499999989
v 0.139166847 0.143300742 0.00499999989
v 0.139669493 0.143164635 0.00499999989
v 0.138652772 0.143383816 0.00499999989
v 0.143169641 0.117084205 0.00499999989
v 0.143089816 0.116566971 0.00499999989
v 0.139758781 0.112838134 0.00499999989
v 0.139253795 0.112700693 0.00499999989
v 0.14192386 0.114256278 0.00499999989
v 0.14155525 0.113884754 0.00499999989
v 0.140246645 0.113027602 0.00499999989
v 0.141149819 0.1135538 0.00499999989
v 0.140712023 0.113267034 0.00499999989
v 0.142251626 0.114664294 0.00499999989
v 0.142956346 0.11606092 0.00499999989
v 0.142534941 0.11510434 0.00499999989
v 0.142770708 0.115571588 0.00499999989
v 0.138737202 0.112616792 0.00499999989
v 0.143189251 0.119067252 0.00499999989
v 0.143194988 0.117606953 0.00499999989
v 0.138214663 0.112587348 0.00499999989
v 0.1382415 0.11258886 0.00499999989
v 0.159585848 0.112671316 0.00499999989
v 0.156214535 0.112658069 0.00499999989
v 0.153271869 0.113601431 0.00499999989
v 0.15286386 0.11392919 0.00499999989
v 0.154179171 0.113082349 0.00499999989
v 0.153711915 0.113318115 0.00499999989
v 0.155691788 0.112683408 0.00499999989
v 0.151224375 0.117115855 0.00499999989
v 0.15119493 0.117638387 0.00499999989
v 0.151308268 0.116599262 0.00499999989
v 0.151874617 0.115141034 0.00499999989
v 0.151635185 0.115606412 0.00499999989
v 0.152492329 0.1142978 0.00499999989
v 0.152161375 0.114703231 0.00499999989
v 0.155174553 0.112763248 0.00499999989
v 0.151445717 0.116094276 0.00499999989
v 0.154668495 0.112896711 0.00499999989
v 0.152397022 0.141686976 0.00499999989
v 0.15276894 0.142058894 0.00499999989
v 0.151780218 0.140836611 0.00499999989
v 0.152066216 0.141278043 0.00499999989
v 0.154088303 0.142913744 0.00499999989
v 0.154579744 0.1431012 0.00499999989
v 0.1513547 0.139876157 0.00499999989
v 0.151542172 0.140367597 0.00499999989
v 0.155607909 0.143316656 0.00499999989
v 0.156133264 0.143342257 0.00499999989
v 0.155088156 0.143235996 0.00499999989
v 0.153177872 0.142389685 0.00499999989
v 0.153619289 0.142675683 0.00499999989
v 0.151139259 0.138847992 0.00499999989
v 0.151219904 0.139367744 0.00499999989
v 0.151189312 0.119067252 0.00499999989
v 0.151113659 0.138322651 0.00499999989
v 0.168393433 0.142343774 0.00499999989
v 0.168798417 0.142014325 0.00499999989
v 0.17044498 0.138305619 0.00499999989
v 0.170014828 0.140334517 0.00499999989
v 0.17020148 0.139846981 0.00499999989
v 0.169166833 0.141644463 0.00499999989
v 0.170417726 0.138826966 0.00499999989
v 0.169778377 0.140799955 0.00499999989
v 0.169494674 0.141238198 0.00499999989
v 0.170336261 0.139342621 0.00499999989
v 0.167491809 0.142867476 0.00499999989
v 0.167956308 0.142629191 0.00499999989
v 0.166501179 0.143192798 0.00499999989
v 0.167005002 0.143056035 0.00499999989
v 0.159585848 0.143328682 0.00499999989
v 0.165464625 0.143305585 0.00499999989
v 0.165985852 0.143276289 0.00499999989
v 0.165464625 0.112694412 0.00499999989
v 0.167005002 0.11294397 0.00499999989
v 0.166501179 0.112807207 0.00499999989
v 0.169166833 0.114355542 0.00499999989
v 0.168798417 0.113985673 0.00499999989
v 0.169778377 0.11520005 0.00499999989
v 0.169494674 0.114761807 0.00499999989
v 0.165985852 0.112723716 0.00499999989
v 0.167491809 0.113132529 0.00499999989
v 0.168393433 0.11365623 0.00499999989
v 0.167956308 0.113370813 0.00499999989
v 0.170336261 0.116657376 0.00499999989
v 0.17020148 0.116153024 0.00499999989
v 0.17044498 0.119067252 0.00499999989
v 0.17044498 0.117694378 0.00499999989
v 0.170014828 0.11566548 0.00499999989
v 0.170417726 0.117173031 0.00499999989
v 0.105484284 0.113169871 0.00499999989
v 0.105017968 0.112932272 0.00499999989
v 0.106700011 0.114154346 0.00499999989
v 0.10632994 0.113784276 0.00499999989
v 0.107956894 0.116977356 0.00499999989
v 0.104529366 0.112744719 0.00499999989
v 0.105923213 0.113454916 0.00499999989
v 0.107314408 0.115000002 0.00499999989
v 0.107029371 0.114561073 0.00499999989
v 0.107875019 0.116460443 0.00499999989
v 0.107984282 0.119067252 0.00499999989
v 0.107984282 0.1175 0.00499999989
v 0.104023844 0.11260926 0.00499999989
v 0.107739568 0.115954913 0.00499999989
v 0.107552014 0.115466319 0.00499999989
v 0.102984287 0.112499997 0.00499999989
v 0.103506923 0.112527393 0.00499999989
v 0.0883288309 0.112527393 0.00499999989
v 0.0879407451 0.11258886 0.00499999989
v 0.0888514742 0.112499997 0.00499999989
v 0.103895009 0.11258886 0.00499999989
v 0.0877188444 0.11258886 0.00499999989
v 0.0878119171 0.11260926 0.00499999989
v 0.0768926442 0.119067252 0.00499999989
v 0.0838788599 0.116977356 0.00499999989
v 0.0838514715 0.1175 0.00499999989
v 0.0839607343 0.116460443 0.00499999989
v 0.0851357505 0.114154346 0.00499999989
v 0.0848063901 0.114561073 0.00499999989
v 0.0877188444 0.112634197 0.00499999989
v 0.0873063877 0.112744719 0.00499999989
v 0.0855058208 0.113784276 0.00499999989
v 0.0868177861 0.112932272 0.00499999989
v 0.0863514692 0.113169871 0.00499999989
v 0.0840961933 0.115954913 0.00499999989
v 0.0845213458 0.115000002 0.00499999989
v 0.0842837468 0.115466319 0.00499999989
v 0.085912548 0.113454916 0.00499999989
v 0.0840961933 0.140045092 0.00499999989
v 0.079515025 0.126790836 0.00499999989
v 0.0842837468 0.140533686 0.00499999989
v 0.0845213458 0.141000003 0.00499999989
v 0.0796764866 0.126773268 0.00499999989
v 0.0855058208 0.142215729 0.00499999989
v 0.085912548 0.142545089 0.00499999989
v 0.0848063901 0.141438931 0.00499999989
v 0.0851357505 0.141845658 0.00499999989
v 0.0868177861 0.143067732 0.00499999989
v 0.0873063877 0.143255278 0.00499999989
v 0.0863514692 0.142830133 0.00499999989
v 0.079835102 0.126738355 0.00499999989
v 0.0799890235 0.126686499 0.00499999989
v 0.0838514715 0.138500005 0.00499999989
v 0.0877188444 0.1433658 0.00499999989
v 0.0838788599 0.139022648 0.00499999989
v 0.0793526024 0.126790836 0.00499999989
v 0.079032518 0.126738355 0.00499999989
v 0.0791911408 0.126773268 0.00499999989
v 0.0839607343 0.139539555 0.00499999989
v 0.0801364258 0.126618296 0.00499999989
v 0.0779338107 0.125293031 0.00499999989
v 0.0802755952 0.126534566 0.00499999989
v 0.0788786039 0.126686499 0.00499999989
v 0.0785920322 0.126534566 0.00499999989
v 0.0787312016 0.126618296 0.00499999989
v 0.0779426098 0.125130847 0.00499999989
v 0.0783448219 0.124261484 0.00499999989
v 0.0782396719 0.124385267 0.00499999989
v 0.0785920322 0.124051496 0.00499999989
v 0.0784627348 0.124149784 0.00499999989
v 0.0793526024 0.123795226 0.00499999989
v 0.0791911408 0.123812787 0.00499999989
v 0.0838514715 0.119067252 0.00499999989
v 0.0796764866 0.123812787 0.00499999989
v 0.079515025 0.123795226 0.00499999989
v 0.0784627348 0.126436278 0.00499999989
v 0.0779688805 0.124970578 0.00499999989
v 0.079032518 0.123847708 0.00499999989
v 0.0788786039 0.123899564 0.00499999989
v 0.079835102 0.123847708 0.00499999989
v 0.0804048926 0.126436278 0.00499999989
v 0.0805228055 0.126324579 0.00499999989
v 0.0779688805 0.125615492 0.00499999989
v 0.0780123323 0.125771984 0.00499999989
v 0.0779426098 0.125455216 0.00499999989
v 0.0780724511 0.124663197 0.00499999989
v 0.0780123323 0.124814078 0.00499999989
v 0.0781485289 0.124519698 0.00499999989
v 0.0787312016 0.123967759 0.00499999989
v 0.0805228055 0.124261484 0.00499999989
v 0.0804048926 0.124149784 0.00499999989
v 0.0807190984 0.124519698 0.00499999989
v 0.0806279555 0.124385267 0.00499999989
v 0.0782396719 0.126200795 0.00499999989
v 0.0783448219 0.126324579 0.00499999989
v 0.0801364258 0.123967759 0.00499999989
v 0.0799890235 0.123899564 0.00499999989
v 0.0808987468 0.125615492 0.00499999989
v 0.0809250176 0.125455216 0.00499999989
v 0.0806279555 0.126200795 0.00499999989
v 0.0807190984 0.126066357 0.00499999989
v 0.0807951763 0.124663197 0.00499999989
v 0.0807951763 0.125922859 0.00499999989
v 0.0808552951 0.125771984 0.00499999989
v 0.0780724511 0.125922859 0.00499999989
v 0.0781485289 0.126066357 0.00499999989
v 0.0802755952 0.124051496 0.00499999989
v 0.0808987468 0.124970578 0.00499999989
v 0.0808552951 0.124814078 0.00499999989
v 0.0809338167 0.125293031 0.00499999989
v 0.0809250176 0.125130847 0.00499999989
v 0.107984282 0.138500005 0.00499999989
v 0.107956894 0.139022648 0.00499999989
v 0.107552014 0.140533686 0.00499999989
v 0.107739568 0.140045092 0.00499999989
v 0.105484284 0.142830133 0.00499999989
v 0.105923213 0.142545089 0.00499999989
v 0.107875019 0.139539555 0.00499999989
v 0.107314408 0.141000003 0.00499999989
v 0.106700011 0.141845658 0.00499999989
v 0.107029371 0.141438931 0.00499999989
v 0.105017968 0.143067732 0.00499999989
v 0.10632994 0.142215729 0.00499999989
v 0.104529366 0.143255278 0.00499999989
v 0.103506923 0.143472612 0.00499999989
v 0.104023844 0.143390745 0.00499999989
v 0.0888514742 0.1435 0.00499999989
v 0.102984287 0.1435 0.00499999989
v 0.0883288309 0.143472612 0.00499999989
v 0.0878119171 0.143390745 0.00499999989
v 0.0748965591 0.141438931 0.00499999989
v 0.075181596 0.141000003 0.00499999989
v 0.0754192024 0.140533686 0.00499999989
v 0.0741971284 0.142215729 0.00499999989
v 0.0745671988 0.141845658 0.00499999989
v 0.0733514726 0.142830133 0.00499999989
v 0.0737904012 0.142545089 0.00499999989
v 0.0713741183 0.143472612 0.00499999989
v 0.0718910322 0.143390745 0.00499999989
v 0.0645862892 0.1435 0.00499999989
v 0.070851475 0.1435 0.00499999989
v 0.0758514702 0.138500005 0.00499999989
v 0.0728851557 0.143067732 0.00499999989
v 0.0723965541 0.143255278 0.00499999989
v 0.0758240819 0.139022648 0.00499999989
v 0.0756067559 0.140045092 0.00499999989
v 0.0757422075 0.139539555 0.00499999989
v 0.0737904012 0.113454916 0.00499999989
v 0.0733514726 0.113169871 0.00499999989
v 0.0728851557 0.112932272 0.00499999989
v 0.0745671988 0.114154346 0.00499999989
v 0.0741971284 0.113784276 0.00499999989
v 0.075181596 0.115000002 0.00499999989
v 0.0748965591 0.114561073 0.00499999989
v 0.0758240819 0.116977356 0.00499999989
v 0.0758514702 0.119067252 0.00499999989
v 0.0758514702 0.1175 0.00499999989
v 0.0723965541 0.112744719 0.00499999989
v 0.0756067559 0.115954913 0.00499999989
v 0.0754192024 0.115466319 0.00499999989
v 0.0757422075 0.116460443 0.00499999989
v 0.0718910322 0.11260926 0.00499999989
v 0.070851475 0.112499997 0.00499999989
v 0.0713741183 0.112527393 0.00499999989
v 0.0717621967 0.11258886 0.00499999989
v 0.0645862892 0.112499997 0.00499999989
v 0.0551510341 0.112499997 0.00499999989
v 0.0546283945 0.112527393 0.00499999989
v 0.0542403087 0.11258886 0.00499999989
v 0.0518686995 0.11258886 0.00499999989
v 0.0531173535 0.112932272 0.00499999989
v 0.0526510365 0.113169871 0.00499999989
v 0.0536059514 0.112744719 0.00499999989
v 0.054111477 0.11260926 0.00499999989
v 0.0522121079 0.113454916 0.00499999989
v 0.0551510341 0.1435 0.00499999989
v 0.0536059514 0.143255278 0.00499999989
v 0.054111477 0.143390745 0.00499999989
v 0.0546283945 0.143472612 0.00499999989
v 0.0531173535 0.143067732 0.00499999989
v 0.0522121079 0.142545089 0.00499999989
v 0.0526510365 0.142830133 0.00499999989
v 0.0518686995 0.142267004 0.00499999989
v 0.112210058 0.126530126 0.00499999989
v 0.112371519 0.126512572 0.00499999989
v 0.112047642 0.126530126 0.00499999989
v 0.111727558 0.126477659 0.00499999989
v 0.111886173 0.126512572 0.00499999989
v 0.112047642 0.12353453 0.00499999989
v 0.112684056 0.126425788 0.00499999989
v 0.112831458 0.1263576 0.00499999989
v 0.112530142 0.126477659 0.00499999989
v 0.111039855 0.12400078 0.00499999989
v 0.110934712 0.124124564 0.00499999989
v 0.111287072 0.123790793 0.00499999989
v 0.111157767 0.123889081 0.00499999989
v 0.111886173 0.123552091 0.00499999989
v 0.112970628 0.126273856 0.00499999989
v 0.111573644 0.126425788 0.00499999989
v 0.111287072 0.126273856 0.00499999989
v 0.111426234 0.1263576 0.00499999989
v 0.111727558 0.123587005 0.00499999989
v 0.111573644 0.123638861 0.00499999989
v 0.112210058 0.12353453 0.00499999989
v 0.112530142 0.123587005 0.00499999989
v 0.112371519 0.123552091 0.00499999989
v 0.111157767 0.126175568 0.00499999989
v 0.110843562 0.124258995 0.00499999989
v 0.111426234 0.123707063 0.00499999989
v 0.113217846 0.12400078 0.00499999989
v 0.113099925 0.123889081 0.00499999989
v 0.113414139 0.124258995 0.00499999989
v 0.113322988 0.124124564 0.00499999989
v 0.113099925 0.126175568 0.00499999989
v 0.113217846 0.126063883 0.00499999989
v 0.110707372 0.124553375 0.00499999989
v 0.110663921 0.124709874 0.00499999989
v 0.110767484 0.124402493 0.00499999989
v 0.112831458 0.123707063 0.00499999989
v 0.112684056 0.123638861 0.00499999989
v 0.110934712 0.125940084 0.00499999989
v 0.111039855 0.126063883 0.00499999989
v 0.110628851 0.125032321 0.00499999989
v 0.110637642 0.125194505 0.00499999989
v 0.113490209 0.124402493 0.00499999989
v 0.113322988 0.125940084 0.00499999989
v 0.113414139 0.125805661 0.00499999989
v 0.110637642 0.124870151 0.00499999989
v 0.112970628 0.123790793 0.00499999989
v 0.113490209 0.125662163 0.00499999989
v 0.113550328 0.125511274 0.00499999989
v 0.110767484 0.125662163 0.00499999989
v 0.110843562 0.125805661 0.00499999989
v 0.110663921 0.125354782 0.00499999989
v 0.110707372 0.125511274 0.00499999989
v 0.11359378 0.125354782 0.00499999989
v 0.113550328 0.124553375 0.00499999989
v 0.113607533 0.124793753 0.00499999989
v 0.11359378 0.124709874 0.00499999989
v 0.115984283 0.138480321 0.00499999989
v 0.113607533 0.125270903 0.00499999989
v 0.117274702 0.141832769 0.00499999989
v 0.117646426 0.142203048 0.00499999989
v 0.116011813 0.13900426 0.00499999989
v 0.11609409 0.139522433 0.00499999989
v 0.113620058 0.125194505 0.00499999989
v 0.118054904 0.142532319 0.00499999989
v 0.118495636 0.142816976 0.00499999989
v 0.116943821 0.141425595 0.00499999989
v 0.116418689 0.140518785 0.00499999989
v 0.116657436 0.140985981 0.00499999989
v 0.119454153 0.143240437 0.00499999989
v 0.119961388 0.143374562 0.00499999989
v 0.118963771 0.143053889 0.00499999989
v 0.11623022 0.140029132 0.00499999989
v 0.115984283 0.119067252 0.00499999989
v 0.120479882 0.143454805 0.00499999989
v 0.121003926 0.143480271 0.00499999989
v 0.113620058 0.124870151 0.00499999989
v 0.113628849 0.125032321 0.00499999989
v 0.0565863624 0.147615239 0.00499999989
v 0.056577567 0.147777423 0.00499999989
v 0.0565512925 0.147292793 0.00499999989
v 0.0565078408 0.147136286 0.00499999989
v 0.056577567 0.14745307 0.00499999989
v 0.0557889752 0.146289974 0.00499999989
v 0.0556415692 0.146221772 0.00499999989
v 0.056057442 0.146471992 0.00499999989
v 0.0559281409 0.146373704 0.00499999989
v 0.0564477257 0.146985412 0.00499999989
v 0.0565512925 0.1479377 0.00499999989
v 0.0564477257 0.148245081 0.00499999989
v 0.0565078408 0.148094192 0.00499999989
v 0.0545311533 0.146221772 0.00499999989
v 0.0543837473 0.146289974 0.00499999989
v 0.0550051518 0.146117449 0.00499999989
v 0.0548436902 0.146135002 0.00499999989
v 0.0551675707 0.146117449 0.00499999989
v 0.0554876551 0.146169916 0.00499999989
v 0.055329036 0.146135002 0.00499999989
v 0.0562805012 0.146707475 0.00499999989
v 0.0561753549 0.146583691 0.00499999989
v 0.0563716479 0.148388579 0.00499999989
v 0.0535951555 0.14745307 0.00499999989
v 0.0535863601 0.147615239 0.00499999989
v 0.0542445816 0.146373704 0.00499999989
v 0.0541152805 0.146471992 0.00499999989
v 0.0546850674 0.146169916 0.00499999989
v 0.0563716479 0.146841913 0.00499999989
v 0.056057442 0.148758486 0.00499999989
v 0.0561753549 0.148646787 0.00499999989
v 0.0518686995 0.148928612 0.00499999989
v 0.0535951555 0.147777423 0.00499999989
v 0.0536214299 0.147292793 0.00499999989
v 0.0562805012 0.148523003 0.00499999989
v 0.0538010746 0.148388579 0.00499999989
v 0.0538922213 0.148523003 0.00499999989
v 0.0536214299 0.1479377 0.00499999989
v 0.0536648817 0.147136286 0.00499999989
v 0.0539973676 0.146583691 0.00499999989
v 0.0538922213 0.146707475 0.00499999989
v 0.0539973676 0.148646787 0.00499999989
v 0.0541152805 0.148758486 0.00499999989
v 0.0537249967 0.148245081 0.00499999989
v 0.0536648817 0.148094192 0.00499999989
v 0.0537249967 0.146985412 0.00499999989
v 0.0538010746 0.146841913 0.00499999989
v 0.0558087528 0.148928612 0.00499999989
v 0.0559281409 0.148856774 0.00499999989
v 0.0542445816 0.148856774 0.00499999989
v 0.0558087528 0.107071392 0.00499999989
v 0.0557889752 0.107059494 0.00499999989
v 0.0556415692 0.106991291 0.00499999989
v 0.0554876551 0.106939435 0.00499999989
v 0.0518686995 0.106922083 0.00499999989
v 0.0543837473 0.107059494 0.00499999989
v 0.0543639697 0.107071392 0.00499999989
v 0.0545311533 0.106991291 0.00499999989
v 0.0546850674 0.106939435 0.00499999989
v 0.0547638871 0.106922083 0.00499999989
v 0.056577567 0.108546935 0.00499999989
v 0.0565863624 0.108384758 0.00499999989
v 0.0554876551 0.109830081 0.00499999989
v 0.0556415692 0.109778225 0.00499999989
v 0.0551675707 0.109882556 0.00499999989
v 0.055329036 0.109864995 0.00499999989
v 0.0550051518 0.109882556 0.00499999989
v 0.0538010746 0.109158091 0.00499999989
v 0.0538922213 0.109292522 0.00499999989
v 0.0518686995 0.107071392 0.00499999989
v 0.0539973676 0.10735321 0.00499999989
v 0.0538922213 0.107476994 0.00499999989
v 0.0562805012 0.107476994 0.00499999989
v 0.0561753549 0.10735321 0.00499999989
v 0.056577567 0.108222581 0.00499999989
v 0.056057442 0.109528005 0.00499999989
v 0.0561753549 0.109416306 0.00499999989
v 0.0546850674 0.109830081 0.00499999989
v 0.0548436902 0.109864995 0.00499999989
v 0.0539973676 0.109416306 0.00499999989
v 0.0541152805 0.109528005 0.00499999989
v 0.0537249967 0.109014593 0.00499999989
v 0.0535951555 0.108546935 0.00499999989
v 0.0536214299 0.108707212 0.00499999989
v 0.0538010746 0.107611425 0.00499999989
v 0.0563716479 0.107611425 0.00499999989
v 0.0565512925 0.108707212 0.00499999989
v 0.0563716479 0.109158091 0.00499999989
v 0.0564477257 0.109014593 0.00499999989
v 0.0562805012 0.109292522 0.00499999989
v 0.0557889752 0.109710023 0.00499999989
v 0.0559281409 0.109626293 0.00499999989
v 0.0543837473 0.109710023 0.00499999989
v 0.0545311533 0.109778225 0.00499999989
v 0.0536648817 0.108863711 0.00499999989
v 0.0535863601 0.108384758 0.00499999989
v 0.0536648817 0.107905805 0.00499999989
v 0.0536214299 0.108062305 0.00499999989
v 0.0537249967 0.107754923 0.00499999989
v 0.0564477257 0.107754923 0.00499999989
v 0.0565512925 0.108062305 0.00499999989
v 0.0565078408 0.107905805 0.00499999989
v 0.0565078408 0.108863711 0.00499999989
v 0.0542445816 0.109626293 0.00499999989
v 0.0535951555 0.108222581 0.00499999989
v 0.0542445816 0.107143223 0.00499999989
v 0.0541152805 0.107241519 0.00499999989
v 0.056057442 0.107241519 0.00499999989
v 0.0559281409 0.107143223 0.00499999989
v 0.093005009 0.107036263 0.00499999989
v 0.09284354 0.107053824 0.00499999989
v 0.0931674242 0.107036263 0.00499999989
v 0.0934086889 0.107071392 0.00499999989
v 0.0933288857 0.107053824 0.00499999989
v 0.0931674242 0.110031866 0.00499999989
v 0.0933288857 0.110014305 0.00499999989
v 0.093005009 0.110031866 0.00499999989
v 0.0934875086 0.109979391 0.00499999989
v 0.0936414227 0.109927528 0.00499999989
v 0.0926849246 0.109979391 0.00499999989
v 0.09284354 0.110014305 0.00499999989
v 0.0941752046 0.109565616 0.00499999989
v 0.0942803547 0.109441824 0.00499999989
v 0.0939279944 0.109775595 0.00499999989
v 0.0940572917 0.109677307 0.00499999989
v 0.093788825 0.109859332 0.00499999989
v 0.0923836008 0.109859332 0.00499999989
v 0.0925310105 0.109927528 0.00499999989
v 0.0922444314 0.109775595 0.00499999989
v 0.0919972211 0.109565616 0.00499999989
v 0.092115134 0.109677307 0.00499999989
v 0.0918009281 0.109307393 0.00499999989
v 0.0918920785 0.109441824 0.00499999989
v 0.0943714976 0.109307393 0.00499999989
v 0.0919972211 0.107502513 0.00499999989
v 0.0918920785 0.107626304 0.00499999989
v 0.0922444314 0.107292533 0.00499999989
v 0.092115134 0.107390821 0.00499999989
v 0.0917248502 0.109163895 0.00499999989
v 0.0941752046 0.107502513 0.00499999989
v 0.0940572917 0.107390821 0.00499999989
v 0.0943714976 0.107760735 0.00499999989
v 0.0942803547 0.107626304 0.00499999989
v 0.0944475755 0.109163895 0.00499999989
v 0.0945076942 0.109013014 0.00499999989
v 0.091595009 0.108696245 0.00499999989
v 0.0916212872 0.108856522 0.00499999989
v 0.0918009281 0.107760735 0.00499999989
v 0.0927637368 0.107071392 0.00499999989
v 0.0926849246 0.107088737 0.00499999989
v 0.0945774242 0.108696245 0.00499999989
v 0.0945862159 0.10853406 0.00499999989
v 0.0916647315 0.109013014 0.00499999989
v 0.0915862173 0.10853406 0.00499999989
v 0.0916647315 0.108055115 0.00499999989
v 0.0916212872 0.108211607 0.00499999989
v 0.0917248502 0.107904233 0.00499999989
v 0.0925310105 0.107140601 0.00499999989
v 0.093788825 0.107208796 0.00499999989
v 0.0936414227 0.107140601 0.00499999989
v 0.0944475755 0.107904233 0.00499999989
v 0.091595009 0.108371884 0.00499999989
v 0.0923836008 0.107208796 0.00499999989
v 0.0934875086 0.107088737 0.00499999989
v 0.0939279944 0.107292533 0.00499999989
v 0.0945774242 0.108371884 0.00499999989
v 0.094551146 0.108211607 0.00499999989
v 0.0945076942 0.108055115 0.00499999989
v 0.094551146 0.108856522 0.00499999989
v 0.131167278 0.110181168 0.00499999989
v 0.131328747 0.110163607 0.00499999989
v 0.131004855 0.110181168 0.00499999989
v 0.13076359 0.110146046 0.00499999989
v 0.130843401 0.110163607 0.00499999989
v 0.131004855 0.107185565 0.00499999989
v 0.130843401 0.107203126 0.00499999989
v 0.130684778 0.107238047 0.00499999989
v 0.131167278 0.107185565 0.00499999989
v 0.131641269 0.107289903 0.00499999989
v 0.131487355 0.107238047 0.00499999989
v 0.131328747 0.107203126 0.00499999989
v 0.132280201 0.107775606 0.00499999989
v 0.132175058 0.107651822 0.00499999989
v 0.129891932 0.109591126 0.00499999989
v 0.129997075 0.109714918 0.00499999989
v 0.129594862 0.108521193 0.00499999989
v 0.129586071 0.10868337 0.00499999989
v 0.129997075 0.107651822 0.00499999989
v 0.129891932 0.107775606 0.00499999989
v 0.130530864 0.107289903 0.00499999989
v 0.130383462 0.107358098 0.00499999989
v 0.131927848 0.107441835 0.00499999989
v 0.131788686 0.107358098 0.00499999989
v 0.132371351 0.107910037 0.00499999989
v 0.132586062 0.10868337 0.00499999989
v 0.132057145 0.109826609 0.00499999989
v 0.132175058 0.109714918 0.00499999989
v 0.130244285 0.109924905 0.00499999989
v 0.130383462 0.110008635 0.00499999989
v 0.129800782 0.109456696 0.00499999989
v 0.129724711 0.108053535 0.00499999989
v 0.129664585 0.108204417 0.00499999989
v 0.129800782 0.107910037 0.00499999989
v 0.132057145 0.107540123 0.00499999989
v 0.132447436 0.108053535 0.00499999989
v 0.132551 0.108360916 0.00499999989
v 0.132507548 0.108204417 0.00499999989
v 0.13257727 0.108845547 0.00499999989
v 0.132280201 0.109591126 0.00499999989
v 0.131408542 0.110146046 0.00499999989
v 0.131487355 0.110128693 0.00499999989
v 0.130530864 0.110076837 0.00499999989
v 0.130684778 0.110128693 0.00499999989
v 0.130114987 0.109826609 0.00499999989
v 0.129724711 0.109313205 0.00499999989
v 0.129621133 0.109005824 0.00499999989
v 0.129664585 0.109162323 0.00499999989
v 0.129594862 0.108845547 0.00499999989
v 0.130244285 0.107441835 0.00499999989
v 0.130114987 0.107540123 0.00499999989
v 0.13257727 0.108521193 0.00499999989
v 0.132447436 0.109313205 0.00499999989
v 0.132507548 0.109162323 0.00499999989
v 0.132371351 0.109456696 0.00499999989
v 0.131788686 0.110008635 0.00499999989
v 0.131927848 0.109924905 0.00499999989
v 0.131641269 0.110076837 0.00499999989
v 0.129621133 0.108360916 0.00499999989
v 0.132551 0.109005824 0.00499999989
v 0.167996779 0.107801124 0.00499999989
v 0.167891636 0.107924908 0.00499999989
v 0.168114692 0.107689433 0.00499999989
v 0.16900456 0.107334875 0.00499999989
v 0.168243989 0.107591137 0.00499999989
v 0.168843105 0.107352436 0.00499999989
v 0.167724416 0.108202837 0.00499999989
v 0.167664289 0.108353719 0.00499999989
v 0.167800486 0.108059339 0.00499999989
v 0.168684483 0.107387349 0.00499999989
v 0.169487074 0.107387349 0.00499999989
v 0.169328451 0.107352436 0.00499999989
v 0.167594567 0.108670495 0.00499999989
v 0.167585775 0.108832672 0.00499999989
v 0.168530568 0.107439205 0.00499999989
v 0.168383166 0.107507408 0.00499999989
v 0.169166982 0.107334875 0.00499999989
v 0.169640988 0.107439205 0.00499999989
v 0.167891636 0.109740436 0.00499999989
v 0.167996779 0.10986422 0.00499999989
v 0.169927552 0.107591137 0.00499999989
v 0.16978839 0.107507408 0.00499999989
v 0.17027992 0.107924908 0.00499999989
v 0.170174763 0.107801124 0.00499999989
v 0.167800486 0.109606005 0.00499999989
v 0.167594567 0.108994849 0.00499999989
v 0.17005685 0.107689433 0.00499999989
v 0.170371056 0.108059339 0.00499999989
v 0.167724416 0.109462507 0.00499999989
v 0.167620838 0.109155126 0.00499999989
v 0.167664289 0.109311625 0.00499999989
v 0.167620838 0.108510219 0.00499999989
v 0.170447141 0.108202837 0.00499999989
v 0.170515373 0.10838297 0.00499999989
v 0.170507252 0.108353719 0.00499999989
v 0.168114692 0.109975919 0.00499999989
v 0.168243989 0.110074207 0.00499999989
v 0.168363392 0.110146046 0.00499999989
v 0.168530568 0.110226139 0.00499999989
v 0.168684483 0.110277995 0.00499999989
v 0.168383166 0.110157944 0.00499999989
v 0.169328451 0.110312916 0.00499999989
v 0.169408247 0.110295348 0.00499999989
v 0.168763295 0.110295348 0.00499999989
v 0.169166982 0.11033047 0.00499999989
v 0.16900456 0.11033047 0.00499999989
v 0.168843105 0.110312916 0.00499999989
v 0.16978839 0.110157944 0.00499999989
v 0.169808164 0.110146046 0.00499999989
v 0.169640988 0.110226139 0.00499999989
v 0.169487074 0.110277995 0.00499999989
v 0.17005685 0.109975919 0.00499999989
v 0.170174763 0.10986422 0.00499999989
v 0.17027992 0.109740436 0.00499999989
v 0.170447141 0.109462507 0.00499999989
v 0.170507252 0.109311625 0.00499999989
v 0.170371056 0.109606005 0.00499999989
v 0.169927552 0.110074207 0.00499999989
v 0.177595407 0.107071392 0.00499999989
v 0.170585781 0.108832672 0.00499999989
v 0.170576975 0.108994849 0.00499999989
v 0.170576975 0.108670495 0.00499999989
v 0.170550704 0.109155126 0.00499999989
v 0.170515373 0.109282374 0.00499999989
v 0.170550704 0.108510219 0.00499999989
v 0.184651792 0.14214544 0.00499999989
v 0.184709728 0.142354101 0.00499999989
v 0.192478925 0.139821097 0.00499999989
v 0.192420319 0.140976727 0.00499999989
v 0.18855828 0.141285554 0.00499999989
v 0.184616759 0.141931742 0.00499999989
v 0.184616759 0.141499266 0.00499999989
v 0.184605032 0.141715497 0.00499999989
v 0.184789881 0.140875727 0.00499999989
v 0.184709728 0.141076893 0.00499999989
v 0.188500345 0.141076893 0.00499999989
v 0.192245111 0.14212051 0.00499999989
v 0.18860504 0.141715497 0.00499999989
v 0.19195509 0.143240675 0.00499999989
v 0.191819146 0.143607751 0.00499999989
v 0.188500345 0.142354101 0.00499999989
v 0.184789881 0.142555282 0.00499999989
v 0.184891328 0.142746612 0.00499999989
v 0.184651792 0.141285554 0.00499999989
v 0.184891328 0.140684396 0.00499999989
v 0.188593313 0.141499266 0.00499999989
v 0.188593313 0.141931742 0.00499999989
v 0.18855828 0.14214544 0.00499999989
v 0.188420191 0.142555282 0.00499999989
v 0.185668215 0.143482521 0.00499999989
v 0.185864761 0.143573448 0.00499999989
v 0.185012847 0.142925844 0.00499999989
v 0.185012847 0.14050515 0.00499999989
v 0.188197225 0.14050515 0.00499999989
v 0.188057035 0.140340105 0.00499999989
v 0.188420191 0.140875727 0.00499999989
v 0.188318744 0.140684396 0.00499999989
v 0.185482666 0.143370882 0.00499999989
v 0.185153052 0.143090904 0.00499999989
v 0.185310259 0.143239826 0.00499999989
v 0.185153052 0.140340105 0.00499999989
v 0.18606998 0.139788404 0.00499999989
v 0.185864761 0.139857545 0.00499999989
v 0.192478925 0.119067252 0.00499999989
v 0.186496764 0.139718428 0.00499999989
v 0.187541857 0.139948472 0.00499999989
v 0.187345311 0.139857545 0.00499999989
v 0.188197225 0.142925844 0.00499999989
v 0.188318744 0.142746612 0.00499999989
v 0.185482666 0.140060127 0.00499999989
v 0.185310259 0.140191182 0.00499999989
v 0.185668215 0.139948472 0.00499999989
v 0.186281472 0.139741853 0.00499999989
v 0.187727407 0.140060127 0.00499999989
v 0.187899813 0.140191182 0.00499999989
v 0.188057035 0.143090904 0.00499999989
v 0.186713308 0.139718428 0.00499999989
v 0.187140092 0.139788404 0.00499999989
v 0.1869286 0.139741853 0.00499999989
v 0.187727407 0.143370882 0.00499999989
v 0.187899813 0.143239826 0.00499999989
v 0.187345311 0.143573448 0.00499999989
v 0.187541857 0.143482521 0.00499999989
v 0.187243521 0.143607751 0.00499999989
v 0.190831736 0.145704657 0.00499999989
v 0.187140092 0.143642604 0.00499999989
v 0.186713308 0.143712565 0.00499999989
v 0.1869286 0.143689156 0.00499999989
v 0.186281472 0.143689156 0.00499999989
v 0.186496764 0.143712565 0.00499999989
v 0.19155322 0.144325778 0.00499999989
v 0.19104366 0.145364642 0.00499999989
v 0.18606998 0.143642604 0.00499999989
v 0.185966551 0.143607751 0.00499999989
v 0.190738678 0.145853952 0.00499999989
v 0.188048199 0.148854092 0.00499999989
v 0.187941134 0.148928612 0.00499999989
v 0.188926145 0.148100346 0.00499999989
v 0.189723343 0.147261664 0.00499999989
v 0.190431595 0.146346629 0.00499999989
v 0.187098503 0.149515137 0.00499999989
v 0.185023487 0.15053308 0.00499999989
v 0.183919445 0.150879517 0.00499999989
v 0.186086804 0.150076717 0.00499999989
v 0.177595407 0.150904372 0.00499999989
v 0.170515373 0.150932178 0.00499999989
v 0.159585848 0.150975123 0.00499999989
v 0.145890474 0.151028946 0.00499999989
v 0.122785173 0.151119724 0.00499999989
v 0.113607533 0.151155785 0.00499999989
v 0.10928525 0.151172757 0.00499999989
v 0.0933288857 0.148946181 0.00499999989
v 0.0877188444 0.1512575 0.00499999989
v 0.0931674242 0.148963735 0.00499999989
v 0.0927637368 0.148928612 0.00499999989
v 0.093005009 0.148963735 0.00499999989
v 0.09284354 0.148946181 0.00499999989
v 0.0768926442 0.151300043 0.00499999989
v 0.074167423 0.149038389 0.00499999989
v 0.0743288845 0.149020836 0.00499999989
v 0.0645862892 0.151348397 0.00499999989
v 0.0736849234 0.148985907 0.00499999989
v 0.0738435388 0.149020836 0.00499999989
v 0.0746414214 0.148934051 0.00499999989
v 0.0740050077 0.149038389 0.00499999989
v 0.0744875073 0.148985907 0.00499999989
v 0.0735192373 0.148928612 0.00499999989
v 0.0735310093 0.148934051 0.00499999989
v 0.0518686995 0.151398361 0.00499999989
v 0.055329036 0.149095476 0.00499999989
v 0.0554876551 0.149060562 0.00499999989
v 0.0556415692 0.149008706 0.00499999989
v 0.0551675707 0.149113044 0.00499999989
v 0.0550051518 0.149113044 0.00499999989
v 0.0546850674 0.149060562 0.00499999989
v 0.0548436902 0.149095476 0.00499999989
v 0.0543837473 0.148940504 0.00499999989
v 0.0545311533 0.149008706 0.00499999989
v 0.0543639697 0.148928612 0.00499999989
v 0.0557889752 0.148940504 0.00499999989
v 0.020948194 0.150950581 0.00499999989
v 0.0184964146 0.150269851 0.00499999989
v 0.0161326062 0.149328023 0.00499999989
v 0.0153792351 0.148928612 0.00499999989
v 0.0260000005 0.151500002 0.00499999989
v 0.0234592035 0.15136224 0.00499999989
v 0.0138844848 0.148136139 0.00499999989
v 0.0117784059 0.14670819 0.00499999989
v 0.0107727293 0.145853952 0.00499999989
v 0.0105969543 0.145704657 0.00499999989
v 0.00983906258 0.145060897 0.00499999989
v 0.00427753991 0.119067252 0.00499999989
v 0.02533664 0.121885881 0.00499999989
v 0.0246810224 0.121993102 0.00499999989
v 0.0501510352 0.119067252 0.00499999989
v 0.0266633593 0.121885881 0.00499999989
v 0.0260000005 0.121849999 0.00499999989
v 0.0279592071 0.122170419 0.00499999989
v 0.0273189787 0.121993102 0.00499999989
v 0.00335657527 0.121713087 0.00499999989
v 0.0200792737 0.126336426 0.00499999989
v 0.0199343767 0.12698476 0.00499999989
v 0.00416904688 0.119301751 0.00499999989
v 0.0202932563 0.125707492 0.00499999989
v 0.0240407921 0.122170419 0.00499999989
v 0.0234234259 0.122415759 0.00499999989
v 0.0212912671 0.131956056 0.00499999989
v 0.0217454527 0.132440865 0.00499999989
v 0.00846257154 0.143607751 0.00499999989
v 0.0228361227 0.122726254 0.00499999989
v 0.0291638765 0.122726254 0.00499999989
v 0.0285765752 0.122415759 0.00499999989
v 0.0302213058 0.123527519 0.00499999989
v 0.0297142621 0.123098291 0.00499999989
v 0.0314261727 0.125105321 0.00499999989
v 0.0310822856 0.124536924 0.00499999989
v 0.0319207273 0.126336426 0.00499999989
v 0.0317067429 0.125707492 0.00499999989
v 0.00808919128 0.143213585 0.00499999989
v 0.00654930854 0.141187891 0.00499999989
v 0.0208920278 0.131425068 0.00499999989
v 0.00523746712 0.139007598 0.00499999989
v 0.0205523893 0.13085413 0.00499999989
v 0.00416904688 0.136698246 0.00499999989
v 0.0202763155 0.130249873 0.00499999989
v 0.00280957669 0.131801873 0.00499999989
v 0.0199269745 0.128969982 0.00499999989
v 0.0200670306 0.129619375 0.00499999989
v 0.0025344647 0.129272267 0.00499999989
v 0.019857781 0.128309265 0.00499999989
v 0.00280957669 0.124198124 0.00499999989
v 0.0198602583 0.127644941 0.00499999989
v 0.0205738284 0.125105321 0.00499999989
v 0.0311079733 0.131425068 0.00499999989
v 0.05110595 0.141438931 0.00499999989
v 0.0314476117 0.13085413 0.00499999989
v 0.0508209094 0.141000003 0.00499999989
v 0.0025344647 0.12672773 0.00499999989
v 0.0213209055 0.124008939 0.00499999989
v 0.0209177155 0.124536924 0.00499999989
v 0.0306790955 0.124008939 0.00499999989
v 0.0321397409 0.127644941 0.00499999989
v 0.0320656225 0.12698476 0.00499999989
v 0.0501510352 0.138500005 0.00499999989
v 0.0321422182 0.128309265 0.00499999989
v 0.0503957532 0.140045092 0.00499999989
v 0.0505833067 0.140533686 0.00499999989
v 0.0317236856 0.130249873 0.00499999989
v 0.0514353104 0.141845658 0.00499999989
v 0.0518053845 0.142215729 0.00499999989
v 0.00335657527 0.13428691 0.00499999989
v 0.050260298 0.139539555 0.00499999989
v 0.0501784272 0.139022648 0.00499999989
v 0.022285739 0.123098291 0.00499999989
v 0.0217786934 0.123527519 0.00499999989
v 0.0319329686 0.129619375 0.00499999989
v 0.0320730247 0.128969982 0.00499999989
v 0.0307087321 0.131956056 0.00499999989
v 0.0297507178 0.132873878 0.00499999989
v 0.0302545466 0.132440865 0.00499999989
v 0.0292031243 0.133249998 0.00499999989
v 0.0227968767 0.133249998 0.00499999989
v 0.0222492814 0.132873878 0.00499999989
v 0.0501510352 0.1175 0.00499999989
v 0.00808919128 0.11278642 0.00499999989
v 0.0082763359 0.11258886 0.00499999989
v 0.00523746712 0.116992399 0.00499999989
v 0.00654930854 0.114812106 0.00499999989
v 0.0501784272 0.116977356 0.00499999989
v 0.0508209094 0.115000002 0.00499999989
v 0.0505833067 0.115466319 0.00499999989
v 0.0514353104 0.114154346 0.00499999989
v 0.05110595 0.114561073 0.00499999989
v 0.0518053845 0.113784276 0.00499999989
v 0.050260298 0.116460443 0.00499999989
v 0.0518686995 0.113733001 0.00499999989
v 0.0503957532 0.115954913 0.00499999989
v 0.00948907249 0.11130859 0.00499999989
v 0.00983906258 0.110939108 0.00499999989
v 0.0105969543 0.110295348 0.00499999989
v 0.0107727293 0.110146046 0.00499999989
v 0.0138844848 0.107863858 0.00499999989
v 0.0153792351 0.107071392 0.00499999989
v 0.0117784059 0.109291814 0.00499999989
v 0.0156608541 0.106922083 0.00499999989
v 0.0234592035 0.104637757 0.00499999989
v 0.0161326062 0.106671974 0.00499999989
v 0.0184964146 0.105730154 0.00499999989
v 0.0260000005 0.104500003 0.00499999989
v 0.020948194 0.105049416 0.00499999989
v 0.0518686995 0.104601644 0.00499999989
v 0.0548436902 0.106904522 0.00499999989
v 0.0645862892 0.104651608 0.00499999989
v 0.0554088391 0.106922083 0.00499999989
v 0.0550051518 0.106886961 0.00499999989
v 0.0551675707 0.106886961 0.00499999989
v 0.055329036 0.106904522 0.00499999989
v 0.0768926442 0.104699962 0.00499999989
v 0.0877188444 0.104742497 0.00499999989
v 0.10928525 0.104827233 0.00499999989
v 0.113607533 0.10484422 0.00499999989
v 0.122785173 0.104880281 0.00499999989
v 0.145890474 0.104971059 0.00499999989
v 0.159585848 0.105024874 0.00499999989
v 0.170515373 0.105067812 0.00499999989
v 0.177595407 0.105095632 0.00499999989
v 0.183919445 0.10512048 0.00499999989
v 0.186086804 0.10592328 0.00499999989
v 0.187098503 0.10648486 0.00499999989
v 0.185023487 0.105466925 0.00499999989
v 0.187726647 0.106922083 0.00499999989
v 0.187941134 0.107071392 0.00499999989
v 0.188048199 0.107145913 0.00499999989
v 0.189723343 0.10873834 0.00499999989
v 0.190431595 0.109653369 0.00499999989
v 0.188926145 0.107899651 0.00499999989
v 0.190738678 0.110146046 0.00499999989
v 0.190831736 0.110295348 0.00499999989
v 0.19104366 0.110635355 0.00499999989
v 0.191373885 0.11130859 0.00499999989
v 0.19155322 0.111674227 0.00499999989
v 0.187660486 0.11258886 0.00499999989
v 0.186713308 0.112287432 0.00499999989
v 0.186496764 0.112287432 0.00499999989
v 0.187541857 0.112517476 0.00499999989
v 0.185668215 0.112517476 0.00499999989
v 0.185549587 0.11258886 0.00499999989
v 0.187345311 0.112426549 0.00499999989
v 0.187140092 0.1123574 0.00499999989
v 0.191891953 0.11258886 0.00499999989
v 0.185864761 0.112426549 0.00499999989
v 0.186281472 0.112310849 0.00499999989
v 0.18606998 0.1123574 0.00499999989
v 0.1869286 0.112310849 0.00499999989
v 0.187345311 0.116142452 0.00499999989
v 0.187541857 0.116051525 0.00499999989
v 0.1869286 0.116258152 0.00499999989
v 0.187140092 0.116211601 0.00499999989
v 0.186496764 0.116281569 0.00499999989
v 0.186713308 0.116281569 0.00499999989
v 0.186281472 0.116258152 0.00499999989
v 0.185864761 0.116142452 0.00499999989
v 0.18606998 0.116211601 0.00499999989
v 0.185482666 0.115939878 0.00499999989
v 0.185668215 0.116051525 0.00499999989
v 0.18855828 0.113854557 0.00499999989
v 0.188500345 0.113645896 0.00499999989
v 0.187727407 0.115939878 0.00499999989
v 0.187899813 0.115808822 0.00499999989
v 0.185153052 0.1156599 0.00499999989
v 0.185310259 0.115808822 0.00499999989
v 0.188057035 0.112909101 0.00499999989
v 0.187899813 0.112760179 0.00499999989
v 0.19195509 0.112759322 0.00499999989
v 0.192245111 0.113879494 0.00499999989
v 0.188593313 0.114068262 0.00499999989
v 0.192420319 0.11502327 0.00499999989
v 0.188593313 0.114500739 0.00499999989
v 0.18860504 0.1142845 0.00499999989
v 0.192478925 0.1161789 0.00499999989
v 0.188500345 0.114923105 0.00499999989
v 0.18855828 0.114714444 0.00499999989
v 0.188057035 0.1156599 0.00499999989
v 0.185012847 0.115494847 0.00499999989
v 0.184789881 0.115124278 0.00499999989
v 0.184891328 0.115315609 0.00499999989
v 0.184651792 0.114714444 0.00499999989
v 0.184709728 0.114923105 0.00499999989
v 0.184616759 0.114500739 0.00499999989
v 0.187727407 0.112629123 0.00499999989
v 0.188420191 0.115124278 0.00499999989
v 0.188318744 0.115315609 0.00499999989
v 0.184616759 0.114068262 0.00499999989
v 0.184605032 0.1142845 0.00499999989
v 0.184789881 0.113444723 0.00499999989
v 0.184709728 0.113645896 0.00499999989
v 0.188197225 0.113074154 0.00499999989
v 0.188420191 0.113444723 0.00499999989
v 0.188318744 0.113253392 0.00499999989
v 0.188197225 0.115494847 0.00499999989
v 0.184651792 0.113854557 0.00499999989
v 0.185482666 0.112629123 0.00499999989
v 0.185310259 0.112760179 0.00499999989
v 0.185012847 0.113074154 0.00499999989
v 0.184891328 0.113253392 0.00499999989
v 0.185153052 0.112909101 0.00499999989
v 0.192478925 0.1161789 0
v 0.192478925 0.1161789 0.00499999989
v 0.192420319 0.11502327 0.00499999989
v 0.192420319 0.11502327 0
v 0.192245111 0.113879494 0.00499999989
v 0.192245111 0.113879494 0
v 0.19195509 0.112759322 0.00499999989
v 0.19155322 0.111674227 0
v 0.191891953 0.11258886 0
v 0.191891953 0.11258886 0.00499999989
v 0.19195509 0.112759322 0
v 0.19104366 0.110635355 0
v 0.191373885 0.11130859 0
v 0.191373885 0.11130859 0.00499999989
v 0.19155322 0.111674227 0.00499999989
v 0.190431595 0.109653369 0
v 0.190738678 0.110146046 0
v 0.190738678 0.110146046 0.00499999989
v 0.190831736 0.110295348 0.00499999989
v 0.190831736 0.110295348 0
v 0.19104366 0.110635355 0.00499999989
v 0.190431595 0.109653369 0.00499999989
v 0.189723343 0.10873834 0.00499999989
v 0.189723343 0.10873834 0
v 0.188926145 0.107899651 0.00499999989
v 0.188926145 0.107899651 0
v 0.188048199 0.107145913 0.00499999989
v 0.187098503 0.10648486 0
v 0.187726647 0.106922083 0
v 0.187726647 0.106922083 0.00499999989
v 0.187941134 0.107071392 0.00499999989
v 0.187941134 0.107071392 0
v 0.188048199 0.107145913 0
v 0.187098503 0.10648486 0.00499999989
v 0.186086804 0.10592328 0.00499999989
v 0.186086804 0.10592328 0
v 0.185023487 0.105466925 0.00499999989
v 0.185023487 0.105466925 0
v 0.183919445 0.10512048 0.00499999989
v 0.183919445 0.10512048 0
v 0.0260000005 0.104500003 0
v 0.0260000005 0.104500003 0.00499999989
v 0.0234592035 0.104637757 0.00499999989
v 0.0234592035 0.104637757 0
v 0.020948194 0.105049416 0.00499999989
v 0.020948194 0.105049416 0
v 0.0184964146 0.105730154 0.00499999989
v 0.0184964146 0.105730154 0
v 0.0161326062 0.106671974 0.00499999989
v 0.0138844848 0.107863858 0
v 0.0153792351 0.107071392 0
v 0.0153792351 0.107071392 0.00499999989
v 0.0156608541 0.106922083 0.00499999989
v 0.0156608541 0.106922083 0
v 0.0161326062 0.106671974 0
v 0.0138844848 0.107863858 0.00499999989
v 0.0117784059 0.109291814 0.00499999989
v 0.00983906258 0.110939108 0.00499999989
v 0.00983906258 0.110939108 0
v 0.0105969543 0.110295348 0
v 0.0105969543 0.110295348 0.00499999989
v 0.0107727293 0.110146046 0
v 0.0107727293 0.110146046 0.00499999989
v 0.0117784059 0.109291814 0
v 0.00808919128 0.11278642 0
v 0.0082763359 0.11258886 0
v 0.0082763359 0.11258886 0.00499999989
v 0.00948907249 0.11130859 0.00499999989
v 0.00948907249 0.11130859 0
v 0.00808919128 0.11278642 0.00499999989
v 0.00654930854 0.114812106 0.00499999989
v 0.00654930854 0.114812106 0
v 0.00523746712 0.116992399 0.00499999989
v 0.00523746712 0.116992399 0
v 0.00427753991 0.119067252 0.00499999989
v 0.00416904688 0.119301751 0
v 0.00416904688 0.119301751 0.00499999989
v 0.00335657527 0.121713087 0.00499999989
v 0.00335657527 0.121713087 0
v 0.00280957669 0.124198124 0.00499999989
v 0.00280957669 0.124198124 0
v 0.0025344647 0.12672773 0.00499999989
v 0.0025344647 0.12672773 0
v 0.0025344647 0.129272267 0.00499999989
v 0.0025344647 0.129272267 0
v 0.00280957669 0.131801873 0.00499999989
v 0.00280957669 0.131801873 0
v 0.00335657527 0.13428691 0.00499999989
v 0.00335657527 0.13428691 0
v 0.00416904688 0.136698246 0.00499999989
v 0.00416904688 0.136698246 0
v 0.00523746712 0.139007598 0.00499999989
v 0.00523746712 0.139007598 0
v 0.00654930854 0.141187891 0.00499999989
v 0.00654930854 0.141187891 0
v 0.00808919128 0.143213585 0.00499999989
v 0.00983906258 0.145060897 0.00499999989
v 0.00983906258 0.145060897 0
v 0.00846257154 0.143607751 0
v 0.00846257154 0.143607751 0.00499999989
v 0.00827648677 0.143411309 0
v 0.00808919128 0.143213585 0
v 0.0117784059 0.14670819 0
v 0.0107727293 0.145853952 0
v 0.0107727293 0.145853952 0.00499999989
v 0.0105969543 0.145704657 0.00499999989
v 0.0105969543 0.145704657 0
v 0.0117784059 0.14670819 0.00499999989
v 0.0138844848 0.148136139 0.00499999989
v 0.0161326062 0.149328023 0
v 0.0153792351 0.148928612 0
v 0.0153792351 0.148928612 0.00499999989
v 0.0138844848 0.148136139 0
v 0.0161326062 0.149328023 0.00499999989
v 0.0184964146 0.150269851 0.00499999989
v 0.0184964146 0.150269851 0
v 0.020948194 0.150950581 0.00499999989
v 0.020948194 0.150950581 0
v 0.0234592035 0.15136224 0.00499999989
v 0.0234592035 0.15136224 0
v 0.0260000005 0.151500002 0.00499999989
v 0.0260000005 0.151500002 0
v 0.192478925 0.139821097 0
v 0.192478925 0.139821097 0.00499999989
v 0.192478925 0.119067252 0.00499999989
v 0.192478925 0.1161789 0
v 0.192478925 0.1161789 0.00499999989
v 0.183919445 0.150879517 0
v 0.183919445 0.150879517 0.00499999989
v 0.185023487 0.15053308 0.00499999989
v 0.185023487 0.15053308 0
v 0.186086804 0.150076717 0.00499999989
v 0.186086804 0.150076717 0
v 0.187098503 0.149515137 0.00499999989
v 0.188048199 0.148854092 0
v 0.187941134 0.148928612 0
v 0.187941134 0.148928612 0.00499999989
v 0.187098503 0.149515137 0
v 0.188048199 0.148854092 0.00499999989
v 0.188926145 0.148100346 0.00499999989
v 0.188926145 0.148100346 0
v 0.189723343 0.147261664 0.00499999989
v 0.189723343 0.147261664 0
v 0.190431595 0.146346629 0.00499999989
v 0.19104366 0.145364642 0
v 0.190831736 0.145704657 0
v 0.190831736 0.145704657 0.00499999989
v 0.190738678 0.145853952 0
v 0.190738678 0.145853952 0.00499999989
v 0.190431595 0.146346629 0
v 0.19104366 0.145364642 0.00499999989
v 0.19155322 0.144325778 0.00499999989
v 0.191819146 0.143607751 0.00499999989
v 0.19195509 0.143240675 0.00499999989
v 0.191891894 0.143411309 0
v 0.19195509 0.143240675 0
v 0.19155322 0.144325778 0
v 0.191819146 0.143607751 0
v 0.192245111 0.14212051 0.00499999989
v 0.192245111 0.14212051 0
v 0.192420319 0.140976727 0.00499999989
v 0.192420319 0.140976727 0
v 0.192478925 0.139821097 0.00499999989
v 0.192478925 0.139821097 0
v 0.151113659 0.138322651 0
v 0.151113659 0.138322651 0.00499999989
v 0.151189312 0.119067252 0.00499999989
v 0.15119493 0.117638387 0
v 0.15119493 0.117638387 0.00499999989
v 0.165464625 0.112694412 0
v 0.159585848 0.112671316 0
v 0.159585848 0.112671316 0.00499999989
v 0.156214535 0.112658069 0
v 0.156214535 0.112658069 0.00499999989
v 0.165464625 0.112694412 0.00499999989
v 0.17044498 0.138305619 0
v 0.17044498 0.117694378 0
v 0.17044498 0.119067252 0.00499999989
v 0.17044498 0.117694378 0.00499999989
v 0.17044498 0.138305619 0.00499999989
v 0.156133264 0.143342257 0
v 0.159585848 0.143328682 0
v 0.159585848 0.143328682 0.00499999989
v 0.165464625 0.143305585 0
v 0.165464625 0.143305585 0.00499999989
v 0.156133264 0.143342257 0.00499999989
v 0.115984283 0.138480321 0
v 0.115984283 0.138480321 0.00499999989
v 0.115984283 0.119067252 0.00499999989
v 0.115984283 0.117519684 0
v 0.115984283 0.117519684 0.00499999989
v 0.138214663 0.112587348 0
v 0.122785173 0.112526722 0
v 0.122785173 0.112526722 0.00499999989
v 0.121003926 0.112519726 0
v 0.121003926 0.112519726 0.00499999989
v 0.138214663 0.112587348 0.00499999989
v 0.143113166 0.138432667 0
v 0.143194988 0.117606953 0
v 0.143189251 0.119067252 0.00499999989
v 0.143194988 0.117606953 0.00499999989
v 0.143113166 0.138432667 0.00499999989
v 0.121003926 0.143480271 0
v 0.122785173 0.143473282 0
v 0.122785173 0.143473282 0.00499999989
v 0.13813284 0.143412977 0
v 0.13813284 0.143412977 0.00499999989
v 0.121003926 0.143480271 0.00499999989
v 0.107984282 0.138500005 0
v 0.107984282 0.1175 0
v 0.107984282 0.119067252 0.00499999989
v 0.107984282 0.1175 0.00499999989
v 0.107984282 0.138500005 0.00499999989
v 0.102984287 0.1435 0
v 0.102984287 0.1435 0.00499999989
v 0.0888514742 0.1435 0.00499999989
v 0.0888514742 0.1435 0
v 0.0838514715 0.138500005 0
v 0.0838514715 0.138500005 0.00499999989
v 0.0838514715 0.119067252 0.00499999989
v 0.0838514715 0.1175 0
v 0.0838514715 0.1175 0.00499999989
v 0.102984287 0.112499997 0.00499999989
v 0.102984287 0.112499997 0
v 0.0888514742 0.112499997 0
v 0.0888514742 0.112499997 0.00499999989
v 0.070851475 0.1435 0.00499999989
v 0.0645862892 0.1435 0.00499999989
v 0.0645862892 0.1435 0
v 0.0551510341 0.1435 0
v 0.0551510341 0.1435 0.00499999989
v 0.070851475 0.1435 0
v 0.0501510352 0.138500005 0
v 0.0501510352 0.138500005 0.00499999989
v 0.0501510352 0.119067252 0.00499999989
v 0.0501510352 0.1175 0
v 0.0501510352 0.1175 0.00499999989
v 0.070851475 0.112499997 0
v 0.0645862892 0.112499997 0
v 0.0645862892 0.112499997 0.00499999989
v 0.0551510341 0.112499997 0.00499999989
v 0.0551510341 0.112499997 0
v 0.070851475 0.112499997 0.00499999989
v 0.0758514702 0.138500005 0
v 0.0758514702 0.1175 0
v 0.0758514702 0.119067252 0.00499999989
v 0.0758514702 0.1175 0.00499999989
v 0.0758514702 0.138500005 0.00499999989
v 0.155691788 0.112683408 0.00499999989
v 0.156214535 0.112658069 0.00499999989
v 0.156214535 0.112658069 0
v 0.155174553 0.112763248 0.00499999989
v 0.155691788 0.112683408 0
v 0.154668495 0.112896711 0.00499999989
v 0.155174553 0.112763248 0
v 0.154179171 0.113082349 0.00499999989
v 0.154668495 0.112896711 0
v 0.153711915 0.113318115 0.00499999989
v 0.154179171 0.113082349 0
v 0.153271869 0.113601431 0.00499999989
v 0.153711915 0.113318115 0
v 0.15286386 0.11392919 0.00499999989
v 0.153271869 0.113601431 0
v 0.152492329 0.1142978 0.00499999989
v 0.15286386 0.11392919 0
v 0.152161375 0.114703231 0.00499999989
v 0.152492329 0.1142978 0
v 0.151874617 0.115141034 0.00499999989
v 0.152161375 0.114703231 0
v 0.151635185 0.115606412 0.00499999989
v 0.151874617 0.115141034 0
v 0.151445717 0.116094276 0.00499999989
v 0.151635185 0.115606412 0
v 0.151308268 0.116599262 0.00499999989
v 0.151445717 0.116094276 0
v 0.151224375 0.117115855 0.00499999989
v 0.151308268 0.116599262 0
v 0.15119493 0.117638387 0.00499999989
v 0.151224375 0.117115855 0
v 0.15119493 0.117638387 0
v 0.120479882 0.112545192 0.00499999989
v 0.121003926 0.112519726 0.00499999989
v 0.121003926 0.112519726 0
v 0.120479882 0.112545192 0
v 0.120197736 0.11258886 0
v 0.120197736 0.11258886 0.00499999989
v 0.119961388 0.112625435 0
v 0.119961388 0.112625435 0.00499999989
v 0.119454153 0.112759568 0.00499999989
v 0.118963771 0.112946115 0.00499999989
v 0.119454153 0.112759568 0
v 0.118495636 0.113183022 0.00499999989
v 0.118963771 0.112946115 0
v 0.118054904 0.113467678 0.00499999989
v 0.118495636 0.113183022 0
v 0.117646426 0.113796957 0.00499999989
v 0.118054904 0.113467678 0
v 0.117274702 0.114167221 0.00499999989
v 0.117646426 0.113796957 0
v 0.116943821 0.114574403 0.00499999989
v 0.117274702 0.114167221 0
v 0.116657436 0.115014017 0.00499999989
v 0.116943821 0.114574403 0
v 0.116418689 0.115481213 0.00499999989
v 0.116657436 0.115014017 0
v 0.11623022 0.115970865 0.00499999989
v 0.116418689 0.115481213 0
v 0.11609409 0.116477564 0.00499999989
v 0.11623022 0.115970865 0
v 0.116011813 0.116995737 0.00499999989
v 0.11609409 0.116477564 0
v 0.115984283 0.117519684 0.00499999989
v 0.116011813 0.116995737 0
v 0.115984283 0.117519684 0
v 0.0883288309 0.112527393 0.00499999989
v 0.0888514742 0.112499997 0.00499999989
v 0.0888514742 0.112499997 0
v 0.0883288309 0.112527393 0
v 0.0879407451 0.11258886 0
v 0.0879407451 0.11258886 0.00499999989
v 0.0878119171 0.11260926 0
v 0.0878119171 0.11260926 0.00499999989
v 0.0877188444 0.112634197 0
v 0.0877188444 0.112634197 0.00499999989
v 0.0873063877 0.112744719 0
v 0.0873063877 0.112744719 0.00499999989
v 0.0868177861 0.112932272 0.00499999989
v 0.0863514692 0.113169871 0.00499999989
v 0.0868177861 0.112932272 0
v 0.085912548 0.113454916 0.00499999989
v 0.0863514692 0.113169871 0
v 0.0855058208 0.113784276 0.00499999989
v 0.085912548 0.113454916 0
v 0.0851357505 0.114154346 0.00499999989
v 0.0855058208 0.113784276 0
v 0.0848063901 0.114561073 0.00499999989
v 0.0851357505 0.114154346 0
v 0.0845213458 0.115000002 0.00499999989
v 0.0848063901 0.114561073 0
v 0.0842837468 0.115466319 0.00499999989
v 0.0845213458 0.115000002 0
v 0.0840961933 0.115954913 0.00499999989
v 0.0842837468 0.115466319 0
v 0.0839607343 0.116460443 0.00499999989
v 0.0840961933 0.115954913 0
v 0.0838788599 0.116977356 0.00499999989
v 0.0839607343 0.116460443 0
v 0.0838514715 0.1175 0.00499999989
v 0.0838788599 0.116977356 0
v 0.0838514715 0.1175 0
v 0.151139259 0.138847992 0.00499999989
v 0.151113659 0.138322651 0.00499999989
v 0.151113659 0.138322651 0
v 0.151219904 0.139367744 0.00499999989
v 0.151139259 0.138847992 0
v 0.1513547 0.139876157 0.00499999989
v 0.151219904 0.139367744 0
v 0.151542172 0.140367597 0.00499999989
v 0.1513547 0.139876157 0
v 0.151780218 0.140836611 0.00499999989
v 0.151542172 0.140367597 0
v 0.152066216 0.141278043 0.00499999989
v 0.151780218 0.140836611 0
v 0.152397022 0.141686976 0.00499999989
v 0.152066216 0.141278043 0
v 0.15276894 0.142058894 0.00499999989
v 0.152397022 0.141686976 0
v 0.153177872 0.142389685 0.00499999989
v 0.15276894 0.142058894 0
v 0.153619289 0.142675683 0.00499999989
v 0.153177872 0.142389685 0
v 0.154088303 0.142913744 0.00499999989
v 0.153619289 0.142675683 0
v 0.154579744 0.1431012 0.00499999989
v 0.154088303 0.142913744 0
v 0.155088156 0.143235996 0.00499999989
v 0.154579744 0.1431012 0
v 0.155607909 0.143316656 0.00499999989
v 0.155088156 0.143235996 0
v 0.156133264 0.143342257 0.00499999989
v 0.155607909 0.143316656 0
v 0.156133264 0.143342257 0
v 0.116011813 0.13900426 0.00499999989
v 0.115984283 0.138480321 0.00499999989
v 0.115984283 0.138480321 0
v 0.11609409 0.139522433 0.00499999989
v 0.116011813 0.13900426 0
v 0.11623022 0.140029132 0.00499999989
v 0.11609409 0.139522433 0
v 0.116418689 0.140518785 0.00499999989
v 0.11623022 0.140029132 0
v 0.116657436 0.140985981 0.00499999989
v 0.116418689 0.140518785 0
v 0.116943821 0.141425595 0.00499999989
v 0.116657436 0.140985981 0
v 0.117274702 0.141832769 0.00499999989
v 0.116943821 0.141425595 0
v 0.117646426 0.142203048 0.00499999989
v 0.117274702 0.141832769 0
v 0.118054904 0.142532319 0.00499999989
v 0.117646426 0.142203048 0
v 0.118495636 0.142816976 0.00499999989
v 0.118054904 0.142532319 0
v 0.118963771 0.143053889 0.00499999989
v 0.118495636 0.142816976 0
v 0.119454153 0.143240437 0.00499999989
v 0.118963771 0.143053889 0
v 0.119961388 0.143374562 0.00499999989
v 0.119454153 0.143240437 0
v 0.120479882 0.143454805 0.00499999989
v 0.120198764 0.143411309 0
v 0.119961388 0.143374562 0
v 0.121003926 0.143480271 0.00499999989
v 0.120479882 0.143454805 0
v 0.121003926 0.143480271 0
v 0.0838788599 0.139022648 0.00499999989
v 0.0838514715 0.138500005 0.00499999989
v 0.0838514715 0.138500005 0
v 0.0839607343 0.139539555 0.00499999989
v 0.0838788599 0.139022648 0
v 0.0840961933 0.140045092 0.00499999989
v 0.0839607343 0.139539555 0
v 0.0842837468 0.140533686 0.00499999989
v 0.0840961933 0.140045092 0
v 0.0845213458 0.141000003 0.00499999989
v 0.0842837468 0.140533686 0
v 0.0848063901 0.141438931 0.00499999989
v 0.0845213458 0.141000003 0
v 0.0851357505 0.141845658 0.00499999989
v 0.0848063901 0.141438931 0
v 0.0855058208 0.142215729 0.00499999989
v 0.0851357505 0.141845658 0
v 0.085912548 0.142545089 0.00499999989
v 0.0855058208 0.142215729 0
v 0.0863514692 0.142830133 0.00499999989
v 0.085912548 0.142545089 0
v 0.0868177861 0.143067732 0.00499999989
v 0.0863514692 0.142830133 0
v 0.0873063877 0.143255278 0.00499999989
v 0.0868177861 0.143067732 0
v 0.0873063877 0.143255278 0
v 0.0877188444 0.1433658 0
v 0.0877188444 0.1433658 0.00499999989
v 0.0878119171 0.143390745 0
v 0.0878119171 0.143390745 0.00499999989
v 0.0883288309 0.143472612 0.00499999989
v 0.0879417509 0.143411309 0
v 0.0888514742 0.1435 0.00499999989
v 0.0883288309 0.143472612 0
v 0.0888514742 0.1435 0
v 0.0713741183 0.112527393 0
v 0.070851475 0.112499997 0
v 0.070851475 0.112499997 0.00499999989
v 0.0718910322 0.11260926 0
v 0.0717621967 0.11258886 0
v 0.0717621967 0.11258886 0.00499999989
v 0.0713741183 0.112527393 0.00499999989
v 0.0723965541 0.112744719 0
v 0.0718910322 0.11260926 0.00499999989
v 0.0728851557 0.112932272 0
v 0.0723965541 0.112744719 0.00499999989
v 0.0733514726 0.113169871 0
v 0.0728851557 0.112932272 0.00499999989
v 0.0737904012 0.113454916 0
v 0.0733514726 0.113169871 0.00499999989
v 0.0741971284 0.113784276 0
v 0.0737904012 0.113454916 0.00499999989
v 0.0745671988 0.114154346 0
v 0.0741971284 0.113784276 0.00499999989
v 0.0748965591 0.114561073 0
v 0.0745671988 0.114154346 0.00499999989
v 0.075181596 0.115000002 0
v 0.0748965591 0.114561073 0.00499999989
v 0.0754192024 0.115466319 0
v 0.075181596 0.115000002 0.00499999989
v 0.0756067559 0.115954913 0
v 0.0754192024 0.115466319 0.00499999989
v 0.0757422075 0.116460443 0
v 0.0756067559 0.115954913 0.00499999989
v 0.0758240819 0.116977356 0
v 0.0757422075 0.116460443 0.00499999989
v 0.0758514702 0.1175 0
v 0.0758240819 0.116977356 0.00499999989
v 0.0758514702 0.1175 0.00499999989
v 0.103506923 0.112527393 0
v 0.102984287 0.112499997 0
v 0.102984287 0.112499997 0.00499999989
v 0.104023844 0.11260926 0
v 0.103895009 0.11258886 0
v 0.103895009 0.11258886 0.00499999989
v 0.103506923 0.112527393 0.00499999989
v 0.104529366 0.112744719 0
v 0.104023844 0.11260926 0.00499999989
v 0.105017968 0.112932272 0
v 0.104529366 0.112744719 0.00499999989
v 0.105484284 0.113169871 0
v 0.105017968 0.112932272 0.00499999989
v 0.105923213 0.113454916 0
v 0.105484284 0.113169871 0.00499999989
v 0.10632994 0.113784276 0
v 0.105923213 0.113454916 0.00499999989
v 0.106700011 0.114154346 0
v 0.10632994 0.113784276 0.00499999989
v 0.107029371 0.114561073 0
v 0.106700011 0.114154346 0.00499999989
v 0.107314408 0.115000002 0
v 0.107029371 0.114561073 0.00499999989
v 0.107552014 0.115466319 0
v 0.107314408 0.115000002 0.00499999989
v 0.107739568 0.115954913 0
v 0.107552014 0.115466319 0.00499999989
v 0.107875019 0.116460443 0
v 0.107739568 0.115954913 0.00499999989
v 0.107956894 0.116977356 0
v 0.107875019 0.116460443 0.00499999989
v 0.107984282 0.1175 0
v 0.107956894 0.116977356 0.00499999989
v 0.107984282 0.1175 0.00499999989
v 0.138737202 0.112616792 0
v 0.1382415 0.11258886 0
v 0.1382415 0.11258886 0.00499999989
v 0.138214663 0.112587348 0
v 0.138214663 0.112587348 0.00499999989
v 0.139253795 0.112700693 0
v 0.138737202 0.112616792 0.00499999989
v 0.139758781 0.112838134 0
v 0.139253795 0.112700693 0.00499999989
v 0.140246645 0.113027602 0
v 0.139758781 0.112838134 0.00499999989
v 0.140712023 0.113267034 0
v 0.140246645 0.113027602 0.00499999989
v 0.141149819 0.1135538 0
v 0.140712023 0.113267034 0.00499999989
v 0.14155525 0.113884754 0
v 0.141149819 0.1135538 0.00499999989
v 0.14192386 0.114256278 0
v 0.14155525 0.113884754 0.00499999989
v 0.142251626 0.114664294 0
v 0.14192386 0.114256278 0.00499999989
v 0.142534941 0.11510434 0
v 0.142251626 0.114664294 0.00499999989
v 0.142770708 0.115571588 0
v 0.142534941 0.11510434 0.00499999989
v 0.142956346 0.11606092 0
v 0.142770708 0.115571588 0.00499999989
v 0.143089816 0.116566971 0
v 0.142956346 0.11606092 0.00499999989
v 0.143169641 0.117084205 0
v 0.143089816 0.116566971 0.00499999989
v 0.143194988 0.117606953 0
v 0.143169641 0.117084205 0.00499999989
v 0.143194988 0.117606953 0.00499999989
v 0.165985852 0.112723716 0
v 0.165464625 0.112694412 0
v 0.165464625 0.112694412 0.00499999989
v 0.166501179 0.112807207 0
v 0.165985852 0.112723716 0.00499999989
v 0.167005002 0.11294397 0
v 0.166501179 0.112807207 0.00499999989
v 0.167491809 0.113132529 0
v 0.167005002 0.11294397 0.00499999989
v 0.167956308 0.113370813 0
v 0.167491809 0.113132529 0.00499999989
v 0.168393433 0.11365623 0
v 0.167956308 0.113370813 0.00499999989
v 0.168798417 0.113985673 0
v 0.168393433 0.11365623 0.00499999989
v 0.169166833 0.114355542 0
v 0.168798417 0.113985673 0.00499999989
v 0.169494674 0.114761807 0
v 0.169166833 0.114355542 0.00499999989
v 0.169778377 0.11520005 0
v 0.169494674 0.114761807 0.00499999989
v 0.170014828 0.11566548 0
v 0.169778377 0.11520005 0.00499999989
v 0.17020148 0.116153024 0
v 0.170014828 0.11566548 0.00499999989
v 0.170336261 0.116657376 0
v 0.17020148 0.116153024 0.00499999989
v 0.170417726 0.117173031 0
v 0.170336261 0.116657376 0.00499999989
v 0.17044498 0.117694378 0
v 0.170417726 0.117173031 0.00499999989
v 0.17044498 0.117694378 0.00499999989
v 0.170417726 0.138826966 0
v 0.17044498 0.138305619 0
v 0.17044498 0.138305619 0.00499999989
v 0.170336261 0.139342621 0
v 0.170417726 0.138826966 0.00499999989
v 0.17020148 0.139846981 0
v 0.170336261 0.139342621 0.00499999989
v 0.170014828 0.140334517 0
v 0.17020148 0.139846981 0.00499999989
v 0.169778377 0.140799955 0
v 0.170014828 0.140334517 0.00499999989
v 0.169494674 0.141238198 0
v 0.169778377 0.140799955 0.00499999989
v 0.169166833 0.141644463 0
v 0.169494674 0.141238198 0.00499999989
v 0.168798417 0.142014325 0
v 0.169166833 0.141644463 0.00499999989
v 0.168393433 0.142343774 0
v 0.168798417 0.142014325 0.00499999989
v 0.167956308 0.142629191 0
v 0.168393433 0.142343774 0.00499999989
v 0.167491809 0.142867476 0
v 0.167956308 0.142629191 0.00499999989
v 0.167005002 0.143056035 0
v 0.167491809 0.142867476 0.00499999989
v 0.166501179 0.143192798 0
v 0.167005002 0.143056035 0.00499999989
v 0.165985852 0.143276289 0
v 0.166501179 0.143192798 0.00499999989
v 0.165464625 0.143305585 0
v 0.165985852 0.143276289 0.00499999989
v 0.165464625 0.143305585 0.00499999989
v 0.143084005 0.138952583 0
v 0.143113166 0.138432667 0
v 0.143113166 0.138432667 0.00499999989
v 0.143000916 0.139466658 0
v 0.143084005 0.138952583 0.00499999989
v 0.142864823 0.139969304 0
v 0.143000916 0.139466658 0.00499999989
v 0.142677188 0.140455067 0
v 0.142864823 0.139969304 0.00499999989
v 0.142440051 0.140918687 0
v 0.142677188 0.140455067 0.00499999989
v 0.142155975 0.141355112 0
v 0.142440051 0.140918687 0.00499999989
v 0.141828045 0.141759634 0
v 0.142155975 0.141355112 0.00499999989
v 0.141459823 0.142127857 0
v 0.141828045 0.141759634 0.00499999989
v 0.141055301 0.142455786 0
v 0.141459823 0.142127857 0.00499999989
v 0.140618861 0.142739862 0
v 0.141055301 0.142455786 0.00499999989
v 0.140155256 0.142976999 0
v 0.140618861 0.142739862 0.00499999989
v 0.139669493 0.143164635 0
v 0.140155256 0.142976999 0.00499999989
v 0.139166847 0.143300742 0
v 0.139669493 0.143164635 0.00499999989
v 0.138652772 0.143383816 0
v 0.139166847 0.143300742 0.00499999989
v 0.138652772 0.143383816 0.00499999989
v 0.13813284 0.143412977 0.00499999989
v 0.138162687 0.143411309 0
v 0.13813284 0.143412977 0
v 0.107956894 0.139022648 0
v 0.107984282 0.138500005 0
v 0.107984282 0.138500005 0.00499999989
v 0.107875019 0.139539555 0
v 0.107956894 0.139022648 0.00499999989
v 0.107739568 0.140045092 0
v 0.107875019 0.139539555 0.00499999989
v 0.107552014 0.140533686 0
v 0.107739568 0.140045092 0.00499999989
v 0.107314408 0.141000003 0
v 0.107552014 0.140533686 0.00499999989
v 0.107029371 0.141438931 0
v 0.107314408 0.141000003 0.00499999989
v 0.106700011 0.141845658 0
v 0.107029371 0.141438931 0.00499999989
v 0.10632994 0.142215729 0
v 0.106700011 0.141845658 0.00499999989
v 0.105923213 0.142545089 0
v 0.10632994 0.142215729 0.00499999989
v 0.105484284 0.142830133 0
v 0.105923213 0.142545089 0.00499999989
v 0.105017968 0.143067732 0
v 0.105484284 0.142830133 0.00499999989
v 0.104529366 0.143255278 0
v 0.105017968 0.143067732 0.00499999989
v 0.104023844 0.143390745 0
v 0.104529366 0.143255278 0.00499999989
v 0.103506923 0.143472612 0.00499999989
v 0.103506923 0.143472612 0
v 0.103894003 0.143411309 0
v 0.104023844 0.143390745 0.00499999989
v 0.102984287 0.1435 0
v 0.102984287 0.1435 0.00499999989
v 0.0758240819 0.139022648 0
v 0.0758514702 0.138500005 0
v 0.0758514702 0.138500005 0.00499999989
v 0.0757422075 0.139539555 0
v 0.0758240819 0.139022648 0.00499999989
v 0.0756067559 0.140045092 0
v 0.0757422075 0.139539555 0.00499999989
v 0.0754192024 0.140533686 0
v 0.0756067559 0.140045092 0.00499999989
v 0.075181596 0.141000003 0
v 0.0754192024 0.140533686 0.00499999989
v 0.0748965591 0.141438931 0
v 0.075181596 0.141000003 0.00499999989
v 0.0745671988 0.141845658 0
v 0.0748965591 0.141438931 0.00499999989
v 0.0741971284 0.142215729 0
v 0.0745671988 0.141845658 0.00499999989
v 0.0737904012 0.142545089 0
v 0.0741971284 0.142215729 0.00499999989
v 0.0733514726 0.142830133 0
v 0.0737904012 0.142545089 0.00499999989
v 0.0728851557 0.143067732 0
v 0.0733514726 0.142830133 0.00499999989
v 0.0723965541 0.143255278 0
v 0.0728851557 0.143067732 0.00499999989
v 0.0718910322 0.143390745 0
v 0.0723965541 0.143255278 0.00499999989
v 0.0713741183 0.143472612 0.00499999989
v 0.0713741183 0.143472612 0
v 0.0717611909 0.143411309 0
v 0.0718910322 0.143390745 0.00499999989
v 0.070851475 0.1435 0
v 0.070851475 0.1435 0.00499999989
v 0.0501784272 0.139022648 0.00499999989
v 0.0501510352 0.138500005 0.00499999989
v 0.0501510352 0.138500005 0
v 0.050260298 0.139539555 0.00499999989
v 0.0501784272 0.139022648 0
v 0.0503957532 0.140045092 0.00499999989
v 0.050260298 0.139539555 0
v 0.0505833067 0.140533686 0.00499999989
v 0.0503957532 0.140045092 0
v 0.0508209094 0.141000003 0.00499999989
v 0.0505833067 0.140533686 0
v 0.05110595 0.141438931 0.00499999989
v 0.0508209094 0.141000003 0
v 0.0514353104 0.141845658 0.00499999989
v 0.05110595 0.141438931 0
v 0.0518053845 0.142215729 0.00499999989
v 0.0514353104 0.141845658 0
v 0.0518053845 0.142215729 0
v 0.0518686995 0.142267004 0
v 0.0518686995 0.142267004 0.00499999989
v 0.0522121079 0.142545089 0
v 0.0522121079 0.142545089 0.00499999989
v 0.0526510365 0.142830133 0.00499999989
v 0.0531173535 0.143067732 0.00499999989
v 0.0526510365 0.142830133 0
v 0.0536059514 0.143255278 0.00499999989
v 0.0531173535 0.143067732 0
v 0.054111477 0.143390745 0.00499999989
v 0.0536059514 0.143255278 0
v 0.0546283945 0.143472612 0.00499999989
v 0.0542413183 0.143411309 0
v 0.054111477 0.143390745 0
v 0.0551510341 0.1435 0.00499999989
v 0.0546283945 0.143472612 0
v 0.0551510341 0.1435 0
v 0.0546283945 0.112527393 0.00499999989
v 0.0551510341 0.112499997 0.00499999989
v 0.0551510341 0.112499997 0
v 0.0546283945 0.112527393 0
v 0.0542403087 0.11258886 0
v 0.0542403087 0.11258886 0.00499999989
v 0.054111477 0.11260926 0
v 0.054111477 0.11260926 0.00499999989
v 0.0536059514 0.112744719 0.00499999989
v 0.0531173535 0.112932272 0.00499999989
v 0.0536059514 0.112744719 0
v 0.0526510365 0.113169871 0.00499999989
v 0.0531173535 0.112932272 0
v 0.0522121079 0.113454916 0.00499999989
v 0.0526510365 0.113169871 0
v 0.0522121079 0.113454916 0
v 0.0518686995 0.113733001 0
v 0.0518686995 0.113733001 0.00499999989
v 0.0518053845 0.113784276 0
v 0.0518053845 0.113784276 0.00499999989
v 0.0514353104 0.114154346 0.00499999989
v 0.05110595 0.114561073 0.00499999989
v 0.0514353104 0.114154346 0
v 0.0508209094 0.115000002 0.00499999989
v 0.05110595 0.114561073 0
v 0.0505833067 0.115466319 0.00499999989
v 0.0508209094 0.115000002 0
v 0.0503957532 0.115954913 0.00499999989
v 0.0505833067 0.115466319 0
v 0.050260298 0.116460443 0.00499999989
v 0.0503957532 0.115954913 0
v 0.0501784272 0.116977356 0.00499999989
v 0.050260298 0.116460443 0
v 0.0501510352 0.1175 0.00499999989
v 0.0501784272 0.116977356 0
v 0.0501510352 0.1175 0
v 0.159585848 0.105024874 0
v 0.177595407 0.105095632 0
v 0.170515373 0.105067812 0.00499999989
v 0.177595407 0.105095632 0.00499999989
v 0.159585848 0.105024874 0.00499999989
v 0.145890474 0.104971059 0.00499999989
v 0.149849772 0.104986615 0
v 0.145890474 0.104971059 0
v 0.122785173 0.104880281 0.00499999989
v 0.122785173 0.104880281 0
v 0.113607533 0.10484422 0.00499999989
v 0.115556568 0.104851879 0
v 0.114357531 0.104847163 0
v 0.109857529 0.104829483 0
v 0.10928525 0.104827233 0.00499999989
v 0.0877188444 0.104742497 0
v 0.0877188444 0.104742497 0.00499999989
v 0.0831426457 0.104724519 0
v 0.0768926442 0.104699962 0.00499999989
v 0.0761426464 0.104697019 0
v 0.0645862892 0.104651608 0.00499999989
v 0.0645862892 0.104651608 0
v 0.0518686995 0.104601644 0
v 0.0518686995 0.104601644 0.00499999989
v 0.0260000005 0.104500003 0.00499999989
v 0.0260000005 0.104500003 0
v 0.183919445 0.10512048 0.00499999989
v 0.183919445 0.10512048 0
v 0.159585848 0.150975123 0
v 0.159585848 0.150975123 0.00499999989
v 0.170515373 0.150932178 0.00499999989
v 0.149849772 0.151013389 0
v 0.177595407 0.150904372 0
v 0.145890474 0.151028946 0.00499999989
v 0.145890474 0.151028946 0
v 0.122785173 0.151119724 0
v 0.122785173 0.151119724 0.00499999989
v 0.115556568 0.151148126 0
v 0.113607533 0.151155785 0.00499999989
v 0.114357531 0.151152834 0
v 0.109857529 0.151170522 0
v 0.10928525 0.151172757 0.00499999989
v 0.0877188444 0.1512575 0
v 0.0877188444 0.1512575 0.00499999989
v 0.0768926442 0.151300043 0.00499999989
v 0.0831426457 0.151275486 0
v 0.0761426464 0.151302978 0
v 0.0645862892 0.151348397 0.00499999989
v 0.0645862892 0.151348397 0
v 0.0518686995 0.151398361 0
v 0.0260000005 0.151500002 0
v 0.0260000005 0.151500002 0.00499999989
v 0.0518686995 0.151398361 0.00499999989
v 0.177595407 0.150904372 0.00499999989
v 0.183919445 0.150879517 0.00499999989
v 0.183919445 0.150879517 0
v 0.188593313 0.141499266 0.00499999989
v 0.18860504 0.141715497 0.00499999989
v 0.18860504 0.141715497 0
v 0.18855828 0.141285554 0.00499999989
v 0.188593313 0.141499266 0
v 0.188500345 0.141076893 0.00499999989
v 0.18855828 0.141285554 0
v 0.188420191 0.140875727 0.00499999989
v 0.188500345 0.141076893 0
v 0.188318744 0.140684396 0.00499999989
v 0.188420191 0.140875727 0
v 0.188197225 0.14050515 0.00499999989
v 0.188318744 0.140684396 0
v 0.188057035 0.140340105 0.00499999989
v 0.188197225 0.14050515 0
v 0.187899813 0.140191182 0.00499999989
v 0.188057035 0.140340105 0
v 0.187727407 0.140060127 0.00499999989
v 0.187899813 0.140191182 0
v 0.187541857 0.139948472 0.00499999989
v 0.187727407 0.140060127 0
v 0.187345311 0.139857545 0.00499999989
v 0.187541857 0.139948472 0
v 0.187140092 0.139788404 0.00499999989
v 0.187345311 0.139857545 0
v 0.1869286 0.139741853 0.00499999989
v 0.187140092 0.139788404 0
v 0.186713308 0.139718428 0.00499999989
v 0.1869286 0.139741853 0
v 0.186496764 0.139718428 0.00499999989
v 0.186713308 0.139718428 0
v 0.186281472 0.139741853 0.00499999989
v 0.186496764 0.139718428 0
v 0.18606998 0.139788404 0.00499999989
v 0.186281472 0.139741853 0
v 0.185864761 0.139857545 0.00499999989
v 0.18606998 0.139788404 0
v 0.185668215 0.139948472 0.00499999989
v 0.185864761 0.139857545 0
v 0.185482666 0.140060127 0.00499999989
v 0.185668215 0.139948472 0
v 0.185310259 0.140191182 0.00499999989
v 0.185482666 0.140060127 0
v 0.185153052 0.140340105 0.00499999989
v 0.185310259 0.140191182 0
v 0.185012847 0.14050515 0.00499999989
v 0.185153052 0.140340105 0
v 0.184891328 0.140684396 0.00499999989
v 0.185012847 0.14050515 0
v 0.184789881 0.140875727 0.00499999989
v 0.184891328 0.140684396 0
v 0.184709728 0.141076893 0.00499999989
v 0.184789881 0.140875727 0
v 0.184651792 0.141285554 0.00499999989
v 0.184709728 0.141076893 0
v 0.184616759 0.141499266 0.00499999989
v 0.184651792 0.141285554 0
v 0.184605032 0.141715497 0.00499999989
v 0.184616759 0.141499266 0
v 0.184616759 0.141931742 0.00499999989
v 0.184605032 0.141715497 0
v 0.184651792 0.14214544 0.00499999989
v 0.184616759 0.141931742 0
v 0.184709728 0.142354101 0.00499999989
v 0.184651792 0.14214544 0
v 0.184789881 0.142555282 0.00499999989
v 0.184709728 0.142354101 0
v 0.184891328 0.142746612 0.00499999989
v 0.184789881 0.142555282 0
v 0.185012847 0.142925844 0.00499999989
v 0.184891328 0.142746612 0
v 0.185153052 0.143090904 0.00499999989
v 0.185012847 0.142925844 0
v 0.185310259 0.143239826 0.00499999989
v 0.185153052 0.143090904 0
v 0.185482666 0.143370882 0.00499999989
v 0.185310259 0.143239826 0
v 0.185668215 0.143482521 0.00499999989
v 0.185549855 0.143411309 0
v 0.185482666 0.143370882 0
v 0.185864761 0.143573448 0.00499999989
v 0.185668215 0.143482521 0
v 0.185864761 0.143573448 0
v 0.185966551 0.143607751 0
v 0.185966551 0.143607751 0.00499999989
v 0.18606998 0.143642604 0
v 0.18606998 0.143642604 0.00499999989
v 0.186281472 0.143689156 0.00499999989
v 0.186496764 0.143712565 0.00499999989
v 0.186281472 0.143689156 0
v 0.186713308 0.143712565 0.00499999989
v 0.186496764 0.143712565 0
v 0.1869286 0.143689156 0.00499999989
v 0.186713308 0.143712565 0
v 0.187140092 0.143642604 0.00499999989
v 0.1869286 0.143689156 0
v 0.187140092 0.143642604 0
v 0.187243521 0.143607751 0
v 0.187243521 0.143607751 0.00499999989
v 0.187345311 0.143573448 0
v 0.187345311 0.143573448 0.00499999989
v 0.187541857 0.143482521 0.00499999989
v 0.187541857 0.143482521 0
v 0.187660217 0.143411309 0
v 0.187727407 0.143370882 0.00499999989
v 0.187899813 0.143239826 0.00499999989
v 0.187727407 0.143370882 0
v 0.188057035 0.143090904 0.00499999989
v 0.187899813 0.143239826 0
v 0.188197225 0.142925844 0.00499999989
v 0.188057035 0.143090904 0
v 0.188318744 0.142746612 0.00499999989
v 0.188197225 0.142925844 0
v 0.188420191 0.142555282 0.00499999989
v 0.188318744 0.142746612 0
v 0.188500345 0.142354101 0.00499999989
v 0.188420191 0.142555282 0
v 0.18855828 0.14214544 0.00499999989
v 0.188500345 0.142354101 0
v 0.188593313 0.141931742 0.00499999989
v 0.18855828 0.14214544 0
v 0.188593313 0.141931742 0
v 0.188593313 0.114068262 0.00499999989
v 0.18860504 0.1142845 0.00499999989
v 0.18860504 0.1142845 0
v 0.18855828 0.113854557 0.00499999989
v 0.188593313 0.114068262 0
v 0.188500345 0.113645896 0.00499999989
v 0.18855828 0.113854557 0
v 0.188420191 0.113444723 0.00499999989
v 0.188500345 0.113645896 0
v 0.188318744 0.113253392 0.00499999989
v 0.188420191 0.113444723 0
v 0.188197225 0.113074154 0.00499999989
v 0.188318744 0.113253392 0
v 0.188057035 0.112909101 0.00499999989
v 0.188197225 0.113074154 0
v 0.187899813 0.112760179 0.00499999989
v 0.188057035 0.112909101 0
v 0.187727407 0.112629123 0.00499999989
v 0.187899813 0.112760179 0
v 0.187727407 0.112629123 0
v 0.187660486 0.11258886 0
v 0.187660486 0.11258886 0.00499999989
v 0.187541857 0.112517476 0
v 0.187541857 0.112517476 0.00499999989
v 0.187345311 0.112426549 0.00499999989
v 0.187140092 0.1123574 0.00499999989
v 0.187345311 0.112426549 0
v 0.1869286 0.112310849 0.00499999989
v 0.187140092 0.1123574 0
v 0.186713308 0.112287432 0.00499999989
v 0.1869286 0.112310849 0
v 0.186496764 0.112287432 0.00499999989
v 0.186713308 0.112287432 0
v 0.186281472 0.112310849 0.00499999989
v 0.186496764 0.112287432 0
v 0.18606998 0.1123574 0.00499999989
v 0.186281472 0.112310849 0
v 0.185864761 0.112426549 0.00499999989
v 0.18606998 0.1123574 0
v 0.185668215 0.112517476 0.00499999989
v 0.185864761 0.112426549 0
v 0.185668215 0.112517476 0
v 0.185549587 0.11258886 0
v 0.185549587 0.11258886 0.00499999989
v 0.185482666 0.112629123 0
v 0.185482666 0.112629123 0.00499999989
v 0.185310259 0.112760179 0.00499999989
v 0.185153052 0.112909101 0.00499999989
v 0.185310259 0.112760179 0
v 0.185012847 0.113074154 0.00499999989
v 0.185153052 0.112909101 0
v 0.184891328 0.113253392 0.00499999989
v 0.185012847 0.113074154 0
v 0.184789881 0.113444723 0.00499999989
v 0.184891328 0.113253392 0
v 0.184709728 0.113645896 0.00499999989
v 0.184789881 0.113444723 0
v 0.184651792 0.113854557 0.00499999989
v 0.184709728 0.113645896 0
v 0.184616759 0.114068262 0.00499999989
v 0.184651792 0.113854557 0
v 0.184605032 0.1142845 0.00499999989
v 0.184616759 0.114068262 0
v 0.184616759 0.114500739 0.00499999989
v 0.184605032 0.1142845 0
v 0.184651792 0.114714444 0.00499999989
v 0.184616759 0.114500739 0
v 0.184709728 0.114923105 0.00499999989
v 0.184651792 0.114714444 0
v 0.184789881 0.115124278 0.00499999989
v 0.184709728 0.114923105 0
v 0.184891328 0.115315609 0.00499999989
v 0.184789881 0.115124278 0
v 0.185012847 0.115494847 0.00499999989
v 0.184891328 0.115315609 0
v 0.185153052 0.1156599 0.00499999989
v 0.185012847 0.115494847 0
v 0.185310259 0.115808822 0.00499999989
v 0.185153052 0.1156599 0
v 0.185482666 0.115939878 0.00499999989
v 0.185310259 0.115808822 0
v 0.185668215 0.116051525 0.00499999989
v 0.185482666 0.115939878 0
v 0.185864761 0.116142452 0.00499999989
v 0.185668215 0.116051525 0
v 0.18606998 0.116211601 0.00499999989
v 0.185864761 0.116142452 0
v 0.186281472 0.116258152 0.00499999989
v 0.18606998 0.116211601 0
v 0.186496764 0.116281569 0.00499999989
v 0.186281472 0.116258152 0
v 0.186713308 0.116281569 0.00499999989
v 0.186496764 0.116281569 0
v 0.1869286 0.116258152 0.00499999989
v 0.186713308 0.116281569 0
v 0.187140092 0.116211601 0.00499999989
v 0.1869286 0.116258152 0
v 0.187345311 0.116142452 0.00499999989
v 0.187140092 0.116211601 0
v 0.187541857 0.116051525 0.00499999989
v 0.187345311 0.116142452 0
v 0.187727407 0.115939878 0.00499999989
v 0.187541857 0.116051525 0
v 0.187899813 0.115808822 0.00499999989
v 0.187727407 0.115939878 0
v 0.188057035 0.1156599 0.00499999989
v 0.187899813 0.115808822 0
v 0.188197225 0.115494847 0.00499999989
v 0.188057035 0.1156599 0
v 0.188318744 0.115315609 0.00499999989
v 0.188197225 0.115494847 0
v 0.188420191 0.115124278 0.00499999989
v 0.188318744 0.115315609 0
v 0.188500345 0.114923105 0.00499999989
v 0.188420191 0.115124278 0
v 0.18855828 0.114714444 0.00499999989
v 0.188500345 0.114923105 0
v 0.188593313 0.114500739 0.00499999989
v 0.18855828 0.114714444 0
v 0.188593313 0.114500739 0
v 0.056577567 0.14745307 0.00499999989
v 0.0565863624 0.147615239 0.00499999989
v 0.0565863624 0.147615239 0
v 0.0565512925 0.147292793 0.00499999989
v 0.056577567 0.14745307 0
v 0.0565078408 0.147136286 0.00499999989
v 0.0565512925 0.147292793 0
v 0.0564477257 0.146985412 0.00499999989
v 0.0565078408 0.147136286 0
v 0.0563716479 0.146841913 0.00499999989
v 0.0564477257 0.146985412 0
v 0.0562805012 0.146707475 0.00499999989
v 0.0563716479 0.146841913 0
v 0.0561753549 0.146583691 0.00499999989
v 0.0562805012 0.146707475 0
v 0.056057442 0.146471992 0.00499999989
v 0.0561753549 0.146583691 0
v 0.0559281409 0.146373704 0.00499999989
v 0.056057442 0.146471992 0
v 0.0557889752 0.146289974 0.00499999989
v 0.0559281409 0.146373704 0
v 0.0556415692 0.146221772 0.00499999989
v 0.0557889752 0.146289974 0
v 0.0554876551 0.146169916 0.00499999989
v 0.0556415692 0.146221772 0
v 0.055329036 0.146135002 0.00499999989
v 0.0554876551 0.146169916 0
v 0.0551675707 0.146117449 0.00499999989
v 0.055329036 0.146135002 0
v 0.0550051518 0.146117449 0.00499999989
v 0.0551675707 0.146117449 0
v 0.0548436902 0.146135002 0.00499999989
v 0.0550051518 0.146117449 0
v 0.0546850674 0.146169916 0.00499999989
v 0.0548436902 0.146135002 0
v 0.0545311533 0.146221772 0.00499999989
v 0.0546850674 0.146169916 0
v 0.0543837473 0.146289974 0.00499999989
v 0.0545311533 0.146221772 0
v 0.0542445816 0.146373704 0.00499999989
v 0.0543837473 0.146289974 0
v 0.0541152805 0.146471992 0.00499999989
v 0.0542445816 0.146373704 0
v 0.0539973676 0.146583691 0.00499999989
v 0.0541152805 0.146471992 0
v 0.0538922213 0.146707475 0.00499999989
v 0.0539973676 0.146583691 0
v 0.0538010746 0.146841913 0.00499999989
v 0.0538922213 0.146707475 0
v 0.0537249967 0.146985412 0.00499999989
v 0.0538010746 0.146841913 0
v 0.0536648817 0.147136286 0.00499999989
v 0.0537249967 0.146985412 0
v 0.0536214299 0.147292793 0.00499999989
v 0.0536648817 0.147136286 0
v 0.0535951555 0.14745307 0.00499999989
v 0.0536214299 0.147292793 0
v 0.0535863601 0.147615239 0.00499999989
v 0.0535951555 0.14745307 0
v 0.0535951555 0.147777423 0.00499999989
v 0.0535863601 0.147615239 0
v 0.0536214299 0.1479377 0.00499999989
v 0.0535951555 0.147777423 0
v 0.0536648817 0.148094192 0.00499999989
v 0.0536214299 0.1479377 0
v 0.0537249967 0.148245081 0.00499999989
v 0.0536648817 0.148094192 0
v 0.0538010746 0.148388579 0.00499999989
v 0.0537249967 0.148245081 0
v 0.0538922213 0.148523003 0.00499999989
v 0.0538010746 0.148388579 0
v 0.0539973676 0.148646787 0.00499999989
v 0.0538922213 0.148523003 0
v 0.0541152805 0.148758486 0.00499999989
v 0.0539973676 0.148646787 0
v 0.0542445816 0.148856774 0.00499999989
v 0.0541152805 0.148758486 0
v 0.0542445816 0.148856774 0
v 0.0543639697 0.148928612 0
v 0.0543639697 0.148928612 0.00499999989
v 0.0543837473 0.148940504 0
v 0.0543837473 0.148940504 0.00499999989
v 0.0545311533 0.149008706 0.00499999989
v 0.0546850674 0.149060562 0.00499999989
v 0.0545311533 0.149008706 0
v 0.0548436902 0.149095476 0.00499999989
v 0.0546850674 0.149060562 0
v 0.0550051518 0.149113044 0.00499999989
v 0.0548436902 0.149095476 0
v 0.0551675707 0.149113044 0.00499999989
v 0.0550051518 0.149113044 0
v 0.055329036 0.149095476 0.00499999989
v 0.0551675707 0.149113044 0
v 0.0554876551 0.149060562 0.00499999989
v 0.055329036 0.149095476 0
v 0.0556415692 0.149008706 0.00499999989
v 0.0554876551 0.149060562 0
v 0.0557889752 0.148940504 0.00499999989
v 0.0556415692 0.149008706 0
v 0.0557889752 0.148940504 0
v 0.0558087528 0.148928612 0
v 0.0558087528 0.148928612 0.00499999989
v 0.0559281409 0.148856774 0
v 0.0559281409 0.148856774 0.00499999989
v 0.056057442 0.148758486 0.00499999989
v 0.0561753549 0.148646787 0.00499999989
v 0.056057442 0.148758486 0
v 0.0562805012 0.148523003 0.00499999989
v 0.0561753549 0.148646787 0
v 0.0563716479 0.148388579 0.00499999989
v 0.0562805012 0.148523003 0
v 0.0564477257 0.148245081 0.00499999989
v 0.0563716479 0.148388579 0
v 0.0565078408 0.148094192 0.00499999989
v 0.0564477257 0.148245081 0
v 0.0565512925 0.1479377 0.00499999989
v 0.0565078408 0.148094192 0
v 0.056577567 0.147777423 0.00499999989
v 0.0565512925 0.1479377 0
v 0.056577567 0.147777423 0
v 0.056577567 0.108222581 0.00499999989
v 0.0565863624 0.108384758 0.00499999989
v 0.0565863624 0.108384758 0
v 0.0565512925 0.108062305 0.00499999989
v 0.056577567 0.108222581 0
v 0.0565078408 0.107905805 0.00499999989
v 0.0565512925 0.108062305 0
v 0.0564477257 0.107754923 0.00499999989
v 0.0565078408 0.107905805 0
v 0.0563716479 0.107611425 0.00499999989
v 0.0564477257 0.107754923 0
v 0.0562805012 0.107476994 0.00499999989
v 0.0563716479 0.107611425 0
v 0.0561753549 0.10735321 0.00499999989
v 0.0562805012 0.107476994 0
v 0.056057442 0.107241519 0.00499999989
v 0.0561753549 0.10735321 0
v 0.0559281409 0.107143223 0.00499999989
v 0.056057442 0.107241519 0
v 0.0559281409 0.107143223 0
v 0.0558087528 0.107071392 0
v 0.0558087528 0.107071392 0.00499999989
v 0.0557889752 0.107059494 0
v 0.0557889752 0.107059494 0.00499999989
v 0.0556415692 0.106991291 0.00499999989
v 0.0554876551 0.106939435 0.00499999989
v 0.0556415692 0.106991291 0
v 0.0554876551 0.106939435 0
v 0.0554088391 0.106922083 0
v 0.0554088391 0.106922083 0.00499999989
v 0.055329036 0.106904522 0
v 0.055329036 0.106904522 0.00499999989
v 0.0551675707 0.106886961 0.00499999989
v 0.0550051518 0.106886961 0.00499999989
v 0.0551675707 0.106886961 0
v 0.0548436902 0.106904522 0.00499999989
v 0.0550051518 0.106886961 0
v 0.0548436902 0.106904522 0
v 0.0547638871 0.106922083 0
v 0.0547638871 0.106922083 0.00499999989
v 0.0546850674 0.106939435 0
v 0.0546850674 0.106939435 0.00499999989
v 0.0545311533 0.106991291 0.00499999989
v 0.0543837473 0.107059494 0.00499999989
v 0.0545311533 0.106991291 0
v 0.0543837473 0.107059494 0
v 0.0543639697 0.107071392 0
v 0.0543639697 0.107071392 0.00499999989
v 0.0542445816 0.107143223 0
v 0.0542445816 0.107143223 0.00499999989
v 0.0541152805 0.107241519 0.00499999989
v 0.0539973676 0.10735321 0.00499999989
v 0.0541152805 0.107241519 0
v 0.0538922213 0.107476994 0.00499999989
v 0.0539973676 0.10735321 0
v 0.0538010746 0.107611425 0.00499999989
v 0.0538922213 0.107476994 0
v 0.0537249967 0.107754923 0.00499999989
v 0.0538010746 0.107611425 0
v 0.0536648817 0.107905805 0.00499999989
v 0.0537249967 0.107754923 0
v 0.0536214299 0.108062305 0.00499999989
v 0.0536648817 0.107905805 0
v 0.0535951555 0.108222581 0.00499999989
v 0.0536214299 0.108062305 0
v 0.0535863601 0.108384758 0.00499999989
v 0.0535951555 0.108222581 0
v 0.0535951555 0.108546935 0.00499999989
v 0.0535863601 0.108384758 0
v 0.0536214299 0.108707212 0.00499999989
v 0.0535951555 0.108546935 0
v 0.0536648817 0.108863711 0.00499999989
v 0.0536214299 0.108707212 0
v 0.0537249967 0.109014593 0.00499999989
v 0.0536648817 0.108863711 0
v 0.0538010746 0.109158091 0.00499999989
v 0.0537249967 0.109014593 0
v 0.0538922213 0.109292522 0.00499999989
v 0.0538010746 0.109158091 0
v 0.0539973676 0.109416306 0.00499999989
v 0.0538922213 0.109292522 0
v 0.0541152805 0.109528005 0.00499999989
v 0.0539973676 0.109416306 0
v 0.0542445816 0.109626293 0.00499999989
v 0.0541152805 0.109528005 0
v 0.0543837473 0.109710023 0.00499999989
v 0.0542445816 0.109626293 0
v 0.0545311533 0.109778225 0.00499999989
v 0.0543837473 0.109710023 0
v 0.0546850674 0.109830081 0.00499999989
v 0.0545311533 0.109778225 0
v 0.0548436902 0.109864995 0.00499999989
v 0.0546850674 0.109830081 0
v 0.0550051518 0.109882556 0.00499999989
v 0.0548436902 0.109864995 0
v 0.0551675707 0.109882556 0.00499999989
v 0.0550051518 0.109882556 0
v 0.055329036 0.109864995 0.00499999989
v 0.0551675707 0.109882556 0
v 0.0554876551 0.109830081 0.00499999989
v 0.055329036 0.109864995 0
v 0.0556415692 0.109778225 0.00499999989
v 0.0554876551 0.109830081 0
v 0.0557889752 0.109710023 0.00499999989
v 0.0556415692 0.109778225 0
v 0.0559281409 0.109626293 0.00499999989
v 0.0557889752 0.109710023 0
v 0.056057442 0.109528005 0.00499999989
v 0.0559281409 0.109626293 0
v 0.0561753549 0.109416306 0.00499999989
v 0.056057442 0.109528005 0
v 0.0562805012 0.109292522 0.00499999989
v 0.0561753549 0.109416306 0
v 0.0563716479 0.109158091 0.00499999989
v 0.0562805012 0.109292522 0
v 0.0564477257 0.109014593 0.00499999989
v 0.0563716479 0.109158091 0
v 0.0565078408 0.108863711 0.00499999989
v 0.0564477257 0.109014593 0
v 0.0565512925 0.108707212 0.00499999989
v 0.0565078408 0.108863711 0
v 0.056577567 0.108546935 0.00499999989
v 0.0565512925 0.108707212 0
v 0.056577567 0.108546935 0
v 0.075577423 0.108297229 0.00499999989
v 0.0755862147 0.108459413 0.00499999989
v 0.0755862147 0.108459413 0
v 0.0755511448 0.108136952 0.00499999989
v 0.075577423 0.108297229 0
v 0.075507693 0.10798046 0.00499999989
v 0.0755511448 0.108136952 0
v 0.0754475817 0.107829578 0.00499999989
v 0.075507693 0.10798046 0
v 0.0753715038 0.10768608 0.00499999989
v 0.0754475817 0.107829578 0
v 0.0752803534 0.107551649 0.00499999989
v 0.0753715038 0.10768608 0
v 0.0751752108 0.107427858 0.00499999989
v 0.0752803534 0.107551649 0
v 0.0750572979 0.107316166 0.00499999989
v 0.0751752108 0.107427858 0
v 0.0749279931 0.107217878 0.00499999989
v 0.0750572979 0.107316166 0
v 0.0747888312 0.107134141 0.00499999989
v 0.0749279931 0.107217878 0
v 0.0747888312 0.107134141 0
v 0.0746531934 0.107071392 0
v 0.0746531934 0.107071392 0.00499999989
v 0.0746414214 0.107065946 0
v 0.0746414214 0.107065946 0.00499999989
v 0.0744875073 0.107014082 0.00499999989
v 0.0743288845 0.106979169 0.00499999989
v 0.0744875073 0.107014082 0
v 0.074167423 0.106961608 0.00499999989
v 0.0743288845 0.106979169 0
v 0.0740050077 0.106961608 0.00499999989
v 0.074167423 0.106961608 0
v 0.0738435388 0.106979169 0.00499999989
v 0.0740050077 0.106961608 0
v 0.0736849234 0.107014082 0.00499999989
v 0.0738435388 0.106979169 0
v 0.0735310093 0.107065946 0.00499999989
v 0.0736849234 0.107014082 0
v 0.0735310093 0.107065946 0
v 0.0735192373 0.107071392 0
v 0.0735192373 0.107071392 0.00499999989
v 0.0733835995 0.107134141 0
v 0.0733835995 0.107134141 0.00499999989
v 0.0732444376 0.107217878 0.00499999989
v 0.0731151327 0.107316166 0.00499999989
v 0.0732444376 0.107217878 0
v 0.0729972199 0.107427858 0.00499999989
v 0.0731151327 0.107316166 0
v 0.0728920773 0.107551649 0.00499999989
v 0.0729972199 0.107427858 0
v 0.0728009269 0.10768608 0.00499999989
v 0.0728920773 0.107551649 0
v 0.072724849 0.107829578 0.00499999989
v 0.0728009269 0.10768608 0
v 0.0726647377 0.10798046 0.00499999989
v 0.072724849 0.107829578 0
v 0.0726212859 0.108136952 0.00499999989
v 0.0726647377 0.10798046 0
v 0.0725950077 0.108297229 0.00499999989
v 0.0726212859 0.108136952 0
v 0.072586216 0.108459413 0.00499999989
v 0.0725950077 0.108297229 0
v 0.0725950077 0.10862159 0.00499999989
v 0.072586216 0.108459413 0
v 0.0726212859 0.108781867 0.00499999989
v 0.0725950077 0.10862159 0
v 0.0726647377 0.108938366 0.00499999989
v 0.0726212859 0.108781867 0
v 0.072724849 0.109089248 0.00499999989
v 0.0726647377 0.108938366 0
v 0.0728009269 0.109232739 0.00499999989
v 0.072724849 0.109089248 0
v 0.0728920773 0.109367169 0.00499999989
v 0.0728009269 0.109232739 0
v 0.0729972199 0.109490961 0.00499999989
v 0.0728920773 0.109367169 0
v 0.0731151327 0.109602652 0.00499999989
v 0.0729972199 0.109490961 0
v 0.0732444376 0.109700941 0.00499999989
v 0.0731151327 0.109602652 0
v 0.0733835995 0.109784678 0.00499999989
v 0.0732444376 0.109700941 0
v 0.0735310093 0.109852873 0.00499999989
v 0.0733835995 0.109784678 0
v 0.0736849234 0.109904736 0.00499999989
v 0.0735310093 0.109852873 0
v 0.0738435388 0.10993965 0.00499999989
v 0.0736849234 0.109904736 0
v 0.0740050077 0.109957211 0.00499999989
v 0.0738435388 0.10993965 0
v 0.074167423 0.109957211 0.00499999989
v 0.0740050077 0.109957211 0
v 0.0743288845 0.10993965 0.00499999989
v 0.074167423 0.109957211 0
v 0.0744875073 0.109904736 0.00499999989
v 0.0743288845 0.10993965 0
v 0.0746414214 0.109852873 0.00499999989
v 0.0744875073 0.109904736 0
v 0.0747888312 0.109784678 0.00499999989
v 0.0746414214 0.109852873 0
v 0.0749279931 0.109700941 0.00499999989
v 0.0747888312 0.109784678 0
v 0.0750572979 0.109602652 0.00499999989
v 0.0749279931 0.109700941 0
v 0.0751752108 0.109490961 0.00499999989
v 0.0750572979 0.109602652 0
v 0.0752803534 0.109367169 0.00499999989
v 0.0751752108 0.109490961 0
v 0.0753715038 0.109232739 0.00499999989
v 0.0752803534 0.109367169 0
v 0.0754475817 0.109089248 0.00499999989
v 0.0753715038 0.109232739 0
v 0.075507693 0.108938366 0.00499999989
v 0.0754475817 0.109089248 0
v 0.0755511448 0.108781867 0.00499999989
v 0.075507693 0.108938366 0
v 0.075577423 0.10862159 0.00499999989
v 0.0755511448 0.108781867 0
v 0.075577423 0.10862159 0
v 0.0945774242 0.108371884 0.00499999989
v 0.0945862159 0.10853406 0.00499999989
v 0.0945862159 0.10853406 0
v 0.094551146 0.108211607 0.00499999989
v 0.0945774242 0.108371884 0
v 0.0945076942 0.108055115 0.00499999989
v 0.094551146 0.108211607 0
v 0.0944475755 0.107904233 0.00499999989
v 0.0945076942 0.108055115 0
v 0.0943714976 0.107760735 0.00499999989
v 0.0944475755 0.107904233 0
v 0.0942803547 0.107626304 0.00499999989
v 0.0943714976 0.107760735 0
v 0.0941752046 0.107502513 0.00499999989
v 0.0942803547 0.107626304 0
v 0.0940572917 0.107390821 0.00499999989
v 0.0941752046 0.107502513 0
v 0.0939279944 0.107292533 0.00499999989
v 0.0940572917 0.107390821 0
v 0.093788825 0.107208796 0.00499999989
v 0.0939279944 0.107292533 0
v 0.0936414227 0.107140601 0.00499999989
v 0.093788825 0.107208796 0
v 0.0934875086 0.107088737 0.00499999989
v 0.0936414227 0.107140601 0
v 0.0934875086 0.107088737 0
v 0.0934086889 0.107071392 0
v 0.0934086889 0.107071392 0.00499999989
v 0.0933288857 0.107053824 0
v 0.0933288857 0.107053824 0.00499999989
v 0.0931674242 0.107036263 0.00499999989
v 0.093005009 0.107036263 0.00499999989
v 0.0931674242 0.107036263 0
v 0.09284354 0.107053824 0.00499999989
v 0.093005009 0.107036263 0
v 0.09284354 0.107053824 0
v 0.0927637368 0.107071392 0
v 0.0927637368 0.107071392 0.00499999989
v 0.0926849246 0.107088737 0
v 0.0926849246 0.107088737 0.00499999989
v 0.0925310105 0.107140601 0.00499999989
v 0.0923836008 0.107208796 0.00499999989
v 0.0925310105 0.107140601 0
v 0.0922444314 0.107292533 0.00499999989
v 0.0923836008 0.107208796 0
v 0.092115134 0.107390821 0.00499999989
v 0.0922444314 0.107292533 0
v 0.0919972211 0.107502513 0.00499999989
v 0.092115134 0.107390821 0
v 0.0918920785 0.107626304 0.00499999989
v 0.0919972211 0.107502513 0
v 0.0918009281 0.107760735 0.00499999989
v 0.0918920785 0.107626304 0
v 0.0917248502 0.107904233 0.00499999989
v 0.0918009281 0.107760735 0
v 0.0916647315 0.108055115 0.00499999989
v 0.0917248502 0.107904233 0
v 0.0916212872 0.108211607 0.00499999989
v 0.0916647315 0.108055115 0
v 0.091595009 0.108371884 0.00499999989
v 0.0916212872 0.108211607 0
v 0.0915862173 0.10853406 0.00499999989
v 0.091595009 0.108371884 0
v 0.091595009 0.108696245 0.00499999989
v 0.0915862173 0.10853406 0
v 0.0916212872 0.108856522 0.00499999989
v 0.091595009 0.108696245 0
v 0.0916647315 0.109013014 0.00499999989
v 0.0916212872 0.108856522 0
v 0.0917248502 0.109163895 0.00499999989
v 0.0916647315 0.109013014 0
v 0.0918009281 0.109307393 0.00499999989
v 0.0917248502 0.109163895 0
v 0.0918920785 0.109441824 0.00499999989
v 0.0918009281 0.109307393 0
v 0.0919972211 0.109565616 0.00499999989
v 0.0918920785 0.109441824 0
v 0.092115134 0.109677307 0.00499999989
v 0.0919972211 0.109565616 0
v 0.0922444314 0.109775595 0.00499999989
v 0.092115134 0.109677307 0
v 0.0923836008 0.109859332 0.00499999989
v 0.0922444314 0.109775595 0
v 0.0925310105 0.109927528 0.00499999989
v 0.0923836008 0.109859332 0
v 0.0926849246 0.109979391 0.00499999989
v 0.0925310105 0.109927528 0
v 0.09284354 0.110014305 0.00499999989
v 0.0926849246 0.109979391 0
v 0.093005009 0.110031866 0.00499999989
v 0.09284354 0.110014305 0
v 0.0931674242 0.110031866 0.00499999989
v 0.093005009 0.110031866 0
v 0.0933288857 0.110014305 0.00499999989
v 0.0931674242 0.110031866 0
v 0.0934875086 0.109979391 0.00499999989
v 0.0933288857 0.110014305 0
v 0.0936414227 0.109927528 0.00499999989
v 0.0934875086 0.109979391 0
v 0.093788825 0.109859332 0.00499999989
v 0.0936414227 0.109927528 0
v 0.0939279944 0.109775595 0.00499999989
v 0.093788825 0.109859332 0
v 0.0940572917 0.109677307 0.00499999989
v 0.0939279944 0.109775595 0
v 0.0941752046 0.109565616 0.00499999989
v 0.0940572917 0.109677307 0
v 0.0942803547 0.109441824 0.00499999989
v 0.0941752046 0.109565616 0
v 0.0943714976 0.109307393 0.00499999989
v 0.0942803547 0.109441824 0
v 0.0944475755 0.109163895 0.00499999989
v 0.0943714976 0.109307393 0
v 0.0945076942 0.109013014 0.00499999989
v 0.0944475755 0.109163895 0
v 0.094551146 0.108856522 0.00499999989
v 0.0945076942 0.109013014 0
v 0.0945774242 0.108696245 0.00499999989
v 0.094551146 0.108856522 0
v 0.0945774242 0.108696245 0
v 0.113577425 0.108446538 0.00499999989
v 0.113586217 0.108608715 0.00499999989
v 0.113586217 0.108608715 0
v 0.113551147 0.108286262 0.00499999989
v 0.113577425 0.108446538 0
v 0.113507695 0.108129762 0.00499999989
v 0.113551147 0.108286262 0
v 0.113447577 0.10797888 0.00499999989
v 0.113507695 0.108129762 0
v 0.113371499 0.107835382 0.00499999989
v 0.113447577 0.10797888 0
v 0.113280356 0.107700951 0.00499999989
v 0.113371499 0.107835382 0
v 0.113175206 0.107577167 0.00499999989
v 0.113280356 0.107700951 0
v 0.113057293 0.107465476 0.00499999989
v 0.113175206 0.107577167 0
v 0.112927996 0.10736718 0.00499999989
v 0.113057293 0.107465476 0
v 0.112788826 0.107283451 0.00499999989
v 0.112927996 0.10736718 0
v 0.112641424 0.107215248 0.00499999989
v 0.112788826 0.107283451 0
v 0.11248751 0.107163392 0.00499999989
v 0.112641424 0.107215248 0
v 0.112328887 0.107128479 0.00499999989
v 0.11248751 0.107163392 0
v 0.112167425 0.107110918 0.00499999989
v 0.112328887 0.107128479 0
v 0.112005003 0.107110918 0.00499999989
v 0.112167425 0.107110918 0
v 0.111843541 0.107128479 0.00499999989
v 0.112005003 0.107110918 0
v 0.111684926 0.107163392 0.00499999989
v 0.111843541 0.107128479 0
v 0.111531004 0.107215248 0.00499999989
v 0.111684926 0.107163392 0
v 0.111383602 0.107283451 0.00499999989
v 0.111531004 0.107215248 0
v 0.111244433 0.10736718 0.00499999989
v 0.111383602 0.107283451 0
v 0.111115135 0.107465476 0.00499999989
v 0.111244433 0.10736718 0
v 0.110997222 0.107577167 0.00499999989
v 0.111115135 0.107465476 0
v 0.110892072 0.107700951 0.00499999989
v 0.110997222 0.107577167 0
v 0.110800929 0.107835382 0.00499999989
v 0.110892072 0.107700951 0
v 0.110724851 0.10797888 0.00499999989
v 0.110800929 0.107835382 0
v 0.110664733 0.108129762 0.00499999989
v 0.110724851 0.10797888 0
v 0.110621281 0.108286262 0.00499999989
v 0.110664733 0.108129762 0
v 0.11059501 0.108446538 0.00499999989
v 0.110621281 0.108286262 0
v 0.110586219 0.108608715 0.00499999989
v 0.11059501 0.108446538 0
v 0.11059501 0.108770892 0.00499999989
v 0.110586219 0.108608715 0
v 0.110621281 0.108931169 0.00499999989
v 0.11059501 0.108770892 0
v 0.110664733 0.109087668 0.00499999989
v 0.110621281 0.108931169 0
v 0.110724851 0.10923855 0.00499999989
v 0.110664733 0.109087668 0
v 0.110800929 0.109382048 0.00499999989
v 0.110724851 0.10923855 0
v 0.110892072 0.109516479 0.00499999989
v 0.110800929 0.109382048 0
v 0.110997222 0.109640263 0.00499999989
v 0.110892072 0.109516479 0
v 0.111115135 0.109751962 0.00499999989
v 0.110997222 0.109640263 0
v 0.111244433 0.10985025 0.00499999989
v 0.111115135 0.109751962 0
v 0.111383602 0.109933987 0.00499999989
v 0.111244433 0.10985025 0
v 0.111531004 0.110002182 0.00499999989
v 0.111383602 0.109933987 0
v 0.111684926 0.110054038 0.00499999989
v 0.111531004 0.110002182 0
v 0.111843541 0.110088959 0.00499999989
v 0.111684926 0.110054038 0
v 0.112005003 0.110106513 0.00499999989
v 0.111843541 0.110088959 0
v 0.112167425 0.110106513 0.00499999989
v 0.112005003 0.110106513 0
v 0.112328887 0.110088959 0.00499999989
v 0.112167425 0.110106513 0
v 0.11248751 0.110054038 0.00499999989
v 0.112328887 0.110088959 0
v 0.112641424 0.110002182 0.00499999989
v 0.11248751 0.110054038 0
v 0.112788826 0.109933987 0.00499999989
v 0.112641424 0.110002182 0
v 0.112927996 0.10985025 0.00499999989
v 0.112788826 0.109933987 0
v 0.113057293 0.109751962 0.00499999989
v 0.112927996 0.10985025 0
v 0.113175206 0.109640263 0.00499999989
v 0.113057293 0.109751962 0
v 0.113280356 0.109516479 0.00499999989
v 0.113175206 0.109640263 0
v 0.113371499 0.109382048 0.00499999989
v 0.113280356 0.109516479 0
v 0.113447577 0.10923855 0.00499999989
v 0.113371499 0.109382048 0
v 0.113507695 0.109087668 0.00499999989
v 0.113447577 0.10923855 0
v 0.113551147 0.108931169 0.00499999989
v 0.113507695 0.109087668 0
v 0.113577425 0.108770892 0.00499999989
v 0.113551147 0.108931169 0
v 0.113577425 0.108770892 0
v 0.13257727 0.108521193 0.00499999989
v 0.132586062 0.10868337 0.00499999989
v 0.132586062 0.10868337 0
v 0.132551 0.108360916 0.00499999989
v 0.13257727 0.108521193 0
v 0.132507548 0.108204417 0.00499999989
v 0.132551 0.108360916 0
v 0.132447436 0.108053535 0.00499999989
v 0.132507548 0.108204417 0
v 0.132371351 0.107910037 0.00499999989
v 0.132447436 0.108053535 0
v 0.132280201 0.107775606 0.00499999989
v 0.132371351 0.107910037 0
v 0.132175058 0.107651822 0.00499999989
v 0.132280201 0.107775606 0
v 0.132057145 0.107540123 0.00499999989
v 0.132175058 0.107651822 0
v 0.131927848 0.107441835 0.00499999989
v 0.132057145 0.107540123 0
v 0.131788686 0.107358098 0.00499999989
v 0.131927848 0.107441835 0
v 0.131641269 0.107289903 0.00499999989
v 0.131788686 0.107358098 0
v 0.131487355 0.107238047 0.00499999989
v 0.131641269 0.107289903 0
v 0.131328747 0.107203126 0.00499999989
v 0.131487355 0.107238047 0
v 0.131167278 0.107185565 0.00499999989
v 0.131328747 0.107203126 0
v 0.131004855 0.107185565 0.00499999989
v 0.131167278 0.107185565 0
v 0.130843401 0.107203126 0.00499999989
v 0.131004855 0.107185565 0
v 0.130684778 0.107238047 0.00499999989
v 0.130843401 0.107203126 0
v 0.130530864 0.107289903 0.00499999989
v 0.130684778 0.107238047 0
v 0.130383462 0.107358098 0.00499999989
v 0.130530864 0.107289903 0
v 0.130244285 0.107441835 0.00499999989
v 0.130383462 0.107358098 0
v 0.130114987 0.107540123 0.00499999989
v 0.130244285 0.107441835 0
v 0.129997075 0.107651822 0.00499999989
v 0.130114987 0.107540123 0
v 0.129891932 0.107775606 0.00499999989
v 0.129997075 0.107651822 0
v 0.129800782 0.107910037 0.00499999989
v 0.129891932 0.107775606 0
v 0.129724711 0.108053535 0.00499999989
v 0.129800782 0.107910037 0
v 0.129664585 0.108204417 0.00499999989
v 0.129724711 0.108053535 0
v 0.129621133 0.108360916 0.00499999989
v 0.129664585 0.108204417 0
v 0.129594862 0.108521193 0.00499999989
v 0.129621133 0.108360916 0
v 0.129586071 0.10868337 0.00499999989
v 0.129594862 0.108521193 0
v 0.129594862 0.108845547 0.00499999989
v 0.129586071 0.10868337 0
v 0.129621133 0.109005824 0.00499999989
v 0.129594862 0.108845547 0
v 0.129664585 0.109162323 0.00499999989
v 0.129621133 0.109005824 0
v 0.129724711 0.109313205 0.00499999989
v 0.129664585 0.109162323 0
v 0.129800782 0.109456696 0.00499999989
v 0.129724711 0.109313205 0
v 0.129891932 0.109591126 0.00499999989
v 0.129800782 0.109456696 0
v 0.129997075 0.109714918 0.00499999989
v 0.129891932 0.109591126 0
v 0.130114987 0.109826609 0.00499999989
v 0.129997075 0.109714918 0
v 0.130244285 0.109924905 0.00499999989
v 0.130114987 0.109826609 0
v 0.130383462 0.110008635 0.00499999989
v 0.130244285 0.109924905 0
v 0.130530864 0.110076837 0.00499999989
v 0.130383462 0.110008635 0
v 0.130684778 0.110128693 0.00499999989
v 0.130530864 0.110076837 0
v 0.130684778 0.110128693 0
v 0.13076359 0.110146046 0
v 0.13076359 0.110146046 0.00499999989
v 0.130843401 0.110163607 0
v 0.130843401 0.110163607 0.00499999989
v 0.131004855 0.110181168 0.00499999989
v 0.131167278 0.110181168 0.00499999989
v 0.131004855 0.110181168 0
v 0.131328747 0.110163607 0.00499999989
v 0.131167278 0.110181168 0
v 0.131328747 0.110163607 0
v 0.131408542 0.110146046 0
v 0.131408542 0.110146046 0.00499999989
v 0.131487355 0.110128693 0
v 0.131487355 0.110128693 0.00499999989
v 0.131641269 0.110076837 0.00499999989
v 0.131788686 0.110008635 0.00499999989
v 0.131641269 0.110076837 0
v 0.131927848 0.109924905 0.00499999989
v 0.131788686 0.110008635 0
v 0.132057145 0.109826609 0.00499999989
v 0.131927848 0.109924905 0
v 0.132175058 0.109714918 0.00499999989
v 0.132057145 0.109826609 0
v 0.132280201 0.109591126 0.00499999989
v 0.132175058 0.109714918 0
v 0.132371351 0.109456696 0.00499999989
v 0.132280201 0.109591126 0
v 0.132447436 0.109313205 0.00499999989
v 0.132371351 0.109456696 0
v 0.132507548 0.109162323 0.00499999989
v 0.132447436 0.109313205 0
v 0.132551 0.109005824 0.00499999989
v 0.132507548 0.109162323 0
v 0.13257727 0.108845547 0.00499999989
v 0.132551 0.109005824 0
v 0.13257727 0.108845547 0
v 0.15157713 0.108595841 0.00499999989
v 0.151585922 0.108758017 0.00499999989
v 0.151585922 0.108758017 0
v 0.151550859 0.108435564 0.00499999989
v 0.15157713 0.108595841 0
v 0.151507407 0.108279072 0.00499999989
v 0.151550859 0.108435564 0
v 0.151447281 0.10812819 0.00499999989
v 0.151507407 0.108279072 0
v 0.151371211 0.107984692 0.00499999989
v 0.151447281 0.10812819 0
v 0.15128006 0.107850261 0.00499999989
v 0.151371211 0.107984692 0
v 0.151174918 0.10772647 0.00499999989
v 0.15128006 0.107850261 0
v 0.151057005 0.107614778 0.00499999989
v 0.151174918 0.10772647 0
v 0.150927708 0.10751649 0.00499999989
v 0.151057005 0.107614778 0
v 0.150788531 0.107432753 0.00499999989
v 0.150927708 0.10751649 0
v 0.150641128 0.107364558 0.00499999989
v 0.150788531 0.107432753 0
v 0.150487214 0.107312694 0.00499999989
v 0.150641128 0.107364558 0
v 0.150328591 0.107277781 0.00499999989
v 0.150487214 0.107312694 0
v 0.150167122 0.10726022 0.00499999989
v 0.150328591 0.107277781 0
v 0.150004715 0.10726022 0.00499999989
v 0.150167122 0.10726022 0
v 0.150004715 0.10726022 0
v 0.149849772 0.107277073 0
v 0.149843246 0.107277781 0.00499999989
v 0.149684623 0.107312694 0.00499999989
v 0.149843246 0.107277781 0
v 0.149530709 0.107364558 0.00499999989
v 0.149684623 0.107312694 0
v 0.149383307 0.107432753 0.00499999989
v 0.149530709 0.107364558 0
v 0.149244145 0.10751649 0.00499999989
v 0.149383307 0.107432753 0
v 0.149114847 0.107614778 0.00499999989
v 0.149244145 0.10751649 0
v 0.148996934 0.10772647 0.00499999989
v 0.149114847 0.107614778 0
v 0.148891777 0.107850261 0.00499999989
v 0.148996934 0.10772647 0
v 0.148800641 0.107984692 0.00499999989
v 0.148891777 0.107850261 0
v 0.148724556 0.10812819 0.00499999989
v 0.148800641 0.107984692 0
v 0.148664445 0.108279072 0.00499999989
v 0.148724556 0.10812819 0
v 0.148620993 0.108435564 0.00499999989
v 0.148664445 0.108279072 0
v 0.148594707 0.108595841 0.00499999989
v 0.148620993 0.108435564 0
v 0.148585916 0.108758017 0.00499999989
v 0.148594707 0.108595841 0
v 0.148594707 0.108920202 0.00499999989
v 0.148585916 0.108758017 0
v 0.148620993 0.109080479 0.00499999989
v 0.148594707 0.108920202 0
v 0.148664445 0.109236971 0.00499999989
v 0.148620993 0.109080479 0
v 0.148724556 0.109387852 0.00499999989
v 0.148664445 0.109236971 0
v 0.148800641 0.10953135 0.00499999989
v 0.148724556 0.109387852 0
v 0.148891777 0.109665781 0.00499999989
v 0.148800641 0.10953135 0
v 0.148996934 0.109789573 0.00499999989
v 0.148891777 0.109665781 0
v 0.149114847 0.109901264 0.00499999989
v 0.148996934 0.109789573 0
v 0.149244145 0.109999552 0.00499999989
v 0.149114847 0.109901264 0
v 0.149383307 0.110083289 0.00499999989
v 0.149244145 0.109999552 0
v 0.149383307 0.110083289 0
v 0.149518952 0.110146046 0
v 0.149518952 0.110146046 0.00499999989
v 0.149530709 0.110151485 0
v 0.149530709 0.110151485 0.00499999989
v 0.149684623 0.110203348 0.00499999989
v 0.149843246 0.110238262 0.00499999989
v 0.149684623 0.110203348 0
v 0.149843246 0.110238262 0
v 0.149849772 0.110238969 0
v 0.150004715 0.110255823 0.00499999989
v 0.150167122 0.110255823 0.00499999989
v 0.150004715 0.110255823 0
v 0.150328591 0.110238262 0.00499999989
v 0.150167122 0.110255823 0
v 0.150487214 0.110203348 0.00499999989
v 0.150328591 0.110238262 0
v 0.150641128 0.110151485 0.00499999989
v 0.150487214 0.110203348 0
v 0.150641128 0.110151485 0
v 0.1506529 0.110146046 0
v 0.1506529 0.110146046 0.00499999989
v 0.150788531 0.110083289 0
v 0.150788531 0.110083289 0.00499999989
v 0.150927708 0.109999552 0.00499999989
v 0.151057005 0.109901264 0.00499999989
v 0.150927708 0.109999552 0
v 0.151174918 0.109789573 0.00499999989
v 0.151057005 0.109901264 0
v 0.15128006 0.109665781 0.00499999989
v 0.151174918 0.109789573 0
v 0.151371211 0.10953135 0.00499999989
v 0.15128006 0.109665781 0
v 0.151447281 0.109387852 0.00499999989
v 0.151371211 0.10953135 0
v 0.151507407 0.109236971 0.00499999989
v 0.151447281 0.109387852 0
v 0.151550859 0.109080479 0.00499999989
v 0.151507407 0.109236971 0
v 0.15157713 0.108920202 0.00499999989
v 0.151550859 0.109080479 0
v 0.15157713 0.108920202 0
v 0.170576975 0.108670495 0.00499999989
v 0.170585781 0.108832672 0.00499999989
v 0.170585781 0.108832672 0
v 0.170550704 0.108510219 0.00499999989
v 0.170576975 0.108670495 0
v 0.170550704 0.108510219 0
v 0.170507252 0.108353719 0
v 0.170515373 0.10838297 0.00499999989
v 0.170507252 0.108353719 0.00499999989
v 0.170447141 0.108202837 0.00499999989
v 0.170371056 0.108059339 0.00499999989
v 0.170447141 0.108202837 0
v 0.17027992 0.107924908 0.00499999989
v 0.170371056 0.108059339 0
v 0.170174763 0.107801124 0.00499999989
v 0.17027992 0.107924908 0
v 0.17005685 0.107689433 0.00499999989
v 0.170174763 0.107801124 0
v 0.169927552 0.107591137 0.00499999989
v 0.17005685 0.107689433 0
v 0.16978839 0.107507408 0.00499999989
v 0.169927552 0.107591137 0
v 0.169640988 0.107439205 0.00499999989
v 0.16978839 0.107507408 0
v 0.169487074 0.107387349 0.00499999989
v 0.169640988 0.107439205 0
v 0.169328451 0.107352436 0.00499999989
v 0.169487074 0.107387349 0
v 0.169166982 0.107334875 0.00499999989
v 0.169328451 0.107352436 0
v 0.16900456 0.107334875 0.00499999989
v 0.169166982 0.107334875 0
v 0.168843105 0.107352436 0.00499999989
v 0.16900456 0.107334875 0
v 0.168684483 0.107387349 0.00499999989
v 0.168843105 0.107352436 0
v 0.168530568 0.107439205 0.00499999989
v 0.168684483 0.107387349 0
v 0.168383166 0.107507408 0.00499999989
v 0.168530568 0.107439205 0
v 0.168243989 0.107591137 0.00499999989
v 0.168383166 0.107507408 0
v 0.168114692 0.107689433 0.00499999989
v 0.168243989 0.107591137 0
v 0.167996779 0.107801124 0.00499999989
v 0.168114692 0.107689433 0
v 0.167891636 0.107924908 0.00499999989
v 0.167996779 0.107801124 0
v 0.167800486 0.108059339 0.00499999989
v 0.167891636 0.107924908 0
v 0.167724416 0.108202837 0.00499999989
v 0.167800486 0.108059339 0
v 0.167664289 0.108353719 0.00499999989
v 0.167724416 0.108202837 0
v 0.167620838 0.108510219 0.00499999989
v 0.167664289 0.108353719 0
v 0.167594567 0.108670495 0.00499999989
v 0.167620838 0.108510219 0
v 0.167585775 0.108832672 0.00499999989
v 0.167594567 0.108670495 0
v 0.167594567 0.108994849 0.00499999989
v 0.167585775 0.108832672 0
v 0.167620838 0.109155126 0.00499999989
v 0.167594567 0.108994849 0
v 0.167664289 0.109311625 0.00499999989
v 0.167620838 0.109155126 0
v 0.167724416 0.109462507 0.00499999989
v 0.167664289 0.109311625 0
v 0.167800486 0.109606005 0.00499999989
v 0.167724416 0.109462507 0
v 0.167891636 0.109740436 0.00499999989
v 0.167800486 0.109606005 0
v 0.167996779 0.10986422 0.00499999989
v 0.167891636 0.109740436 0
v 0.168114692 0.109975919 0.00499999989
v 0.167996779 0.10986422 0
v 0.168243989 0.110074207 0.00499999989
v 0.168114692 0.109975919 0
v 0.168243989 0.110074207 0
v 0.168363392 0.110146046 0
v 0.168363392 0.110146046 0.00499999989
v 0.168383166 0.110157944 0
v 0.168383166 0.110157944 0.00499999989
v 0.168530568 0.110226139 0.00499999989
v 0.168684483 0.110277995 0.00499999989
v 0.168530568 0.110226139 0
v 0.168684483 0.110277995 0
v 0.168763295 0.110295348 0
v 0.168763295 0.110295348 0.00499999989
v 0.168843105 0.110312916 0
v 0.168843105 0.110312916 0.00499999989
v 0.16900456 0.11033047 0.00499999989
v 0.169166982 0.11033047 0.00499999989
v 0.16900456 0.11033047 0
v 0.169328451 0.110312916 0.00499999989
v 0.169166982 0.11033047 0
v 0.169328451 0.110312916 0
v 0.169408247 0.110295348 0
v 0.169408247 0.110295348 0.00499999989
v 0.169487074 0.110277995 0
v 0.169487074 0.110277995 0.00499999989
v 0.169640988 0.110226139 0.00499999989
v 0.16978839 0.110157944 0.00499999989
v 0.169640988 0.110226139 0
v 0.16978839 0.110157944 0
v 0.169808164 0.110146046 0
v 0.169808164 0.110146046 0.00499999989
v 0.169927552 0.110074207 0
v 0.169927552 0.110074207 0.00499999989
v 0.17005685 0.109975919 0.00499999989
v 0.170174763 0.10986422 0.00499999989
v 0.17005685 0.109975919 0
v 0.17027992 0.109740436 0.00499999989
v 0.170174763 0.10986422 0
v 0.170371056 0.109606005 0.00499999989
v 0.17027992 0.109740436 0
v 0.170447141 0.109462507 0.00499999989
v 0.170371056 0.109606005 0
v 0.170507252 0.109311625 0.00499999989
v 0.170447141 0.109462507 0
v 0.170550704 0.109155126 0
v 0.170550704 0.109155126 0.00499999989
v 0.170515373 0.109282374 0.00499999989
v 0.170507252 0.109311625 0
v 0.170576975 0.108994849 0.00499999989
v 0.170576975 0.108994849 0
v 0.170576975 0.147005156 0.00499999989
v 0.170585781 0.147167325 0.00499999989
v 0.170585781 0.147167325 0
v 0.170550704 0.146844864 0.00499999989
v 0.170576975 0.147005156 0
v 0.170550704 0.146844864 0
v 0.170507252 0.146688372 0
v 0.170515373 0.146717623 0.00499999989
v 0.170507252 0.146688372 0.00499999989
v 0.170447141 0.146537498 0.00499999989
v 0.170371056 0.146393999 0.00499999989
v 0.170447141 0.146537498 0
v 0.17027992 0.146259561 0.00499999989
v 0.170371056 0.146393999 0
v 0.170174763 0.146135777 0.00499999989
v 0.17027992 0.146259561 0
v 0.17005685 0.146024078 0.00499999989
v 0.170174763 0.146135777 0
v 0.169927552 0.14592579 0.00499999989
v 0.17005685 0.146024078 0
v 0.169927552 0.14592579 0
v 0.169808164 0.145853952 0
v 0.169808164 0.145853952 0.00499999989
v 0.16978839 0.14584206 0
v 0.16978839 0.14584206 0.00499999989
v 0.169640988 0.145773858 0.00499999989
v 0.169487074 0.145722002 0.00499999989
v 0.169640988 0.145773858 0
v 0.169487074 0.145722002 0
v 0.169408247 0.145704657 0
v 0.169408247 0.145704657 0.00499999989
v 0.169328451 0.145687088 0
v 0.169328451 0.145687088 0.00499999989
v 0.169166982 0.14566952 0.00499999989
v 0.16900456 0.14566952 0.00499999989
v 0.169166982 0.14566952 0
v 0.168843105 0.145687088 0.00499999989
v 0.16900456 0.14566952 0
v 0.168843105 0.145687088 0
v 0.168763295 0.145704657 0
v 0.168763295 0.145704657 0.00499999989
v 0.168684483 0.145722002 0
v 0.168684483 0.145722002 0.00499999989
v 0.168530568 0.145773858 0.00499999989
v 0.168383166 0.14584206 0.00499999989
v 0.168530568 0.145773858 0
v 0.168383166 0.14584206 0
v 0.168363392 0.145853952 0
v 0.168363392 0.145853952 0.00499999989
v 0.168243989 0.14592579 0
v 0.168243989 0.14592579 0.00499999989
v 0.168114692 0.146024078 0.00499999989
v 0.167996779 0.146135777 0.00499999989
v 0.168114692 0.146024078 0
v 0.167891636 0.146259561 0.00499999989
v 0.167996779 0.146135777 0
v 0.167800486 0.146393999 0.00499999989
v 0.167891636 0.146259561 0
v 0.167724416 0.146537498 0.00499999989
v 0.167800486 0.146393999 0
v 0.167664289 0.146688372 0.00499999989
v 0.167724416 0.146537498 0
v 0.167620838 0.146844864 0.00499999989
v 0.167664289 0.146688372 0
v 0.167594567 0.147005156 0.00499999989
v 0.167620838 0.146844864 0
v 0.167585775 0.147167325 0.00499999989
v 0.167594567 0.147005156 0
v 0.167594567 0.147329509 0.00499999989
v 0.167585775 0.147167325 0
v 0.167620838 0.147489786 0.00499999989
v 0.167594567 0.147329509 0
v 0.167664289 0.147646278 0.00499999989
v 0.167620838 0.147489786 0
v 0.167724416 0.147797167 0.00499999989
v 0.167664289 0.147646278 0
v 0.167800486 0.147940651 0.00499999989
v 0.167724416 0.147797167 0
v 0.167891636 0.148075089 0.00499999989
v 0.167800486 0.147940651 0
v 0.167996779 0.148198873 0.00499999989
v 0.167891636 0.148075089 0
v 0.168114692 0.148310572 0.00499999989
v 0.167996779 0.148198873 0
v 0.168243989 0.14840886 0.00499999989
v 0.168114692 0.148310572 0
v 0.168383166 0.14849259 0.00499999989
v 0.168243989 0.14840886 0
v 0.168530568 0.148560792 0.00499999989
v 0.168383166 0.14849259 0
v 0.168684483 0.148612648 0.00499999989
v 0.168530568 0.148560792 0
v 0.168843105 0.148647562 0.00499999989
v 0.168684483 0.148612648 0
v 0.16900456 0.14866513 0.00499999989
v 0.168843105 0.148647562 0
v 0.169166982 0.14866513 0.00499999989
v 0.16900456 0.14866513 0
v 0.169328451 0.148647562 0.00499999989
v 0.169166982 0.14866513 0
v 0.169487074 0.148612648 0.00499999989
v 0.169328451 0.148647562 0
v 0.169640988 0.148560792 0.00499999989
v 0.169487074 0.148612648 0
v 0.16978839 0.14849259 0.00499999989
v 0.169640988 0.148560792 0
v 0.169927552 0.14840886 0.00499999989
v 0.16978839 0.14849259 0
v 0.17005685 0.148310572 0.00499999989
v 0.169927552 0.14840886 0
v 0.170174763 0.148198873 0.00499999989
v 0.17005685 0.148310572 0
v 0.17027992 0.148075089 0.00499999989
v 0.170174763 0.148198873 0
v 0.170371056 0.147940651 0.00499999989
v 0.17027992 0.148075089 0
v 0.170447141 0.147797167 0.00499999989
v 0.170371056 0.147940651 0
v 0.170507252 0.147646278 0.00499999989
v 0.170447141 0.147797167 0
v 0.170550704 0.147489786 0
v 0.170550704 0.147489786 0.00499999989
v 0.170515373 0.147617027 0.00499999989
v 0.170507252 0.147646278 0
v 0.170576975 0.147329509 0.00499999989
v 0.170576975 0.147329509 0
v 0.15157713 0.147079796 0.00499999989
v 0.151585922 0.14724198 0.00499999989
v 0.151585922 0.14724198 0
v 0.151550859 0.146919519 0.00499999989
v 0.15157713 0.147079796 0
v 0.151507407 0.146763027 0.00499999989
v 0.151550859 0.146919519 0
v 0.151447281 0.146612152 0.00499999989
v 0.151507407 0.146763027 0
v 0.151371211 0.146468654 0.00499999989
v 0.151447281 0.146612152 0
v 0.15128006 0.146334216 0.00499999989
v 0.151371211 0.146468654 0
v 0.151174918 0.146210432 0.00499999989
v 0.15128006 0.146334216 0
v 0.151057005 0.146098733 0.00499999989
v 0.151174918 0.146210432 0
v 0.150927708 0.146000445 0.00499999989
v 0.151057005 0.146098733 0
v 0.150788531 0.145916715 0.00499999989
v 0.150927708 0.146000445 0
v 0.150788531 0.145916715 0
v 0.1506529 0.145853952 0
v 0.1506529 0.145853952 0.00499999989
v 0.150641128 0.145848513 0
v 0.150641128 0.145848513 0.00499999989
v 0.150487214 0.145796657 0.00499999989
v 0.150328591 0.145761743 0.00499999989
v 0.150487214 0.145796657 0
v 0.150167122 0.145744175 0.00499999989
v 0.150328591 0.145761743 0
v 0.150004715 0.145744175 0.00499999989
v 0.150167122 0.145744175 0
v 0.150004715 0.145744175 0
v 0.149849772 0.145761028 0
v 0.149843246 0.145761743 0.00499999989
v 0.149684623 0.145796657 0.00499999989
v 0.149843246 0.145761743 0
v 0.149530709 0.145848513 0.00499999989
v 0.149684623 0.145796657 0
v 0.149530709 0.145848513 0
v 0.149518952 0.145853952 0
v 0.149518952 0.145853952 0.00499999989
v 0.149383307 0.145916715 0
v 0.149383307 0.145916715 0.00499999989
v 0.149244145 0.146000445 0.00499999989
v 0.149114847 0.146098733 0.00499999989
v 0.149244145 0.146000445 0
v 0.148996934 0.146210432 0.00499999989
v 0.149114847 0.146098733 0
v 0.148891777 0.146334216 0.00499999989
v 0.148996934 0.146210432 0
v 0.148800641 0.146468654 0.00499999989
v 0.148891777 0.146334216 0
v 0.148724556 0.146612152 0.00499999989
v 0.148800641 0.146468654 0
v 0.148664445 0.146763027 0.00499999989
v 0.148724556 0.146612152 0
v 0.148620993 0.146919519 0.00499999989
v 0.148664445 0.146763027 0
v 0.148594707 0.147079796 0.00499999989
v 0.148620993 0.146919519 0
v 0.148585916 0.14724198 0.00499999989
v 0.148594707 0.147079796 0
v 0.148594707 0.147404164 0.00499999989
v 0.148585916 0.14724198 0
v 0.148620993 0.147564441 0.00499999989
v 0.148594707 0.147404164 0
v 0.148664445 0.147720933 0.00499999989
v 0.148620993 0.147564441 0
v 0.148724556 0.147871807 0.00499999989
v 0.148664445 0.147720933 0
v 0.148800641 0.148015305 0.00499999989
v 0.148724556 0.147871807 0
v 0.148891777 0.148149744 0.00499999989
v 0.148800641 0.148015305 0
v 0.148996934 0.148273528 0.00499999989
v 0.148891777 0.148149744 0
v 0.149114847 0.148385227 0.00499999989
v 0.148996934 0.148273528 0
v 0.149244145 0.148483515 0.00499999989
v 0.149114847 0.148385227 0
v 0.149383307 0.148567244 0.00499999989
v 0.149244145 0.148483515 0
v 0.149530709 0.148635447 0.00499999989
v 0.149383307 0.148567244 0
v 0.149684623 0.148687303 0.00499999989
v 0.149530709 0.148635447 0
v 0.149843246 0.148722216 0.00499999989
v 0.149684623 0.148687303 0
v 0.149843246 0.148722216 0
v 0.149849772 0.148722932 0
v 0.150004715 0.148739785 0.00499999989
v 0.150167122 0.148739785 0.00499999989
v 0.150004715 0.148739785 0
v 0.150328591 0.148722216 0.00499999989
v 0.150167122 0.148739785 0
v 0.150487214 0.148687303 0.00499999989
v 0.150328591 0.148722216 0
v 0.150641128 0.148635447 0.00499999989
v 0.150487214 0.148687303 0
v 0.150788531 0.148567244 0.00499999989
v 0.150641128 0.148635447 0
v 0.150927708 0.148483515 0.00499999989
v 0.150788531 0.148567244 0
v 0.151057005 0.148385227 0.00499999989
v 0.150927708 0.148483515 0
v 0.151174918 0.148273528 0.00499999989
v 0.151057005 0.148385227 0
v 0.15128006 0.148149744 0.00499999989
v 0.151174918 0.148273528 0
v 0.151371211 0.148015305 0.00499999989
v 0.15128006 0.148149744 0
v 0.151447281 0.147871807 0.00499999989
v 0.151371211 0.148015305 0
v 0.151507407 0.147720933 0.00499999989
v 0.151447281 0.147871807 0
v 0.151550859 0.147564441 0.00499999989
v 0.151507407 0.147720933 0
v 0.15157713 0.147404164 0.00499999989
v 0.151550859 0.147564441 0
v 0.15157713 0.147404164 0
v 0.13257727 0.14715445 0.00499999989
v 0.132586062 0.147316635 0.00499999989
v 0.132586062 0.147316635 0
v 0.132551 0.146994174 0.00499999989
v 0.13257727 0.14715445 0
v 0.132507548 0.146837682 0.00499999989
v 0.132551 0.146994174 0
v 0.132447436 0.146686792 0.00499999989
v 0.132507548 0.146837682 0
v 0.132371351 0.146543294 0.00499999989
v 0.132447436 0.146686792 0
v 0.132280201 0.146408871 0.00499999989
v 0.132371351 0.146543294 0
v 0.132175058 0.146285087 0.00499999989
v 0.132280201 0.146408871 0
v 0.132057145 0.146173388 0.00499999989
v 0.132175058 0.146285087 0
v 0.131927848 0.1460751 0.00499999989
v 0.132057145 0.146173388 0
v 0.131788686 0.14599137 0.00499999989
v 0.131927848 0.1460751 0
v 0.131641269 0.145923167 0.00499999989
v 0.131788686 0.14599137 0
v 0.131487355 0.145871311 0.00499999989
v 0.131641269 0.145923167 0
v 0.131487355 0.145871311 0
v 0.131408542 0.145853952 0
v 0.131408542 0.145853952 0.00499999989
v 0.131328747 0.145836398 0
v 0.131328747 0.145836398 0.00499999989
v 0.131167278 0.14581883 0.00499999989
v 0.131004855 0.14581883 0.00499999989
v 0.131167278 0.14581883 0
v 0.130843401 0.145836398 0.00499999989
v 0.131004855 0.14581883 0
v 0.130843401 0.145836398 0
v 0.13076359 0.145853952 0
v 0.13076359 0.145853952 0.00499999989
v 0.130684778 0.145871311 0
v 0.130684778 0.145871311 0.00499999989
v 0.130530864 0.145923167 0.00499999989
v 0.130383462 0.14599137 0.00499999989
v 0.130530864 0.145923167 0
v 0.130244285 0.1460751 0.00499999989
v 0.130383462 0.14599137 0
v 0.130114987 0.146173388 0.00499999989
v 0.130244285 0.1460751 0
v 0.129997075 0.146285087 0.00499999989
v 0.130114987 0.146173388 0
v 0.129891932 0.146408871 0.00499999989
v 0.129997075 0.146285087 0
v 0.129800782 0.146543294 0.00499999989
v 0.129891932 0.146408871 0
v 0.129724711 0.146686792 0.00499999989
v 0.129800782 0.146543294 0
v 0.129664585 0.146837682 0.00499999989
v 0.129724711 0.146686792 0
v 0.129621133 0.146994174 0.00499999989
v 0.129664585 0.146837682 0
v 0.129594862 0.14715445 0.00499999989
v 0.129621133 0.146994174 0
v 0.129586071 0.147316635 0.00499999989
v 0.129594862 0.14715445 0
v 0.129594862 0.147478804 0.00499999989
v 0.129586071 0.147316635 0
v 0.129621133 0.147639081 0.00499999989
v 0.129594862 0.147478804 0
v 0.129664585 0.147795588 0.00499999989
v 0.129621133 0.147639081 0
v 0.129724711 0.147946462 0.00499999989
v 0.129664585 0.147795588 0
v 0.129800782 0.14808996 0.00499999989
v 0.129724711 0.147946462 0
v 0.129891932 0.148224398 0.00499999989
v 0.129800782 0.14808996 0
v 0.129997075 0.148348182 0.00499999989
v 0.129891932 0.148224398 0
v 0.130114987 0.148459882 0.00499999989
v 0.129997075 0.148348182 0
v 0.130244285 0.14855817 0.00499999989
v 0.130114987 0.148459882 0
v 0.130383462 0.148641899 0.00499999989
v 0.130244285 0.14855817 0
v 0.130530864 0.148710102 0.00499999989
v 0.130383462 0.148641899 0
v 0.130684778 0.148761958 0.00499999989
v 0.130530864 0.148710102 0
v 0.130843401 0.148796871 0.00499999989
v 0.130684778 0.148761958 0
v 0.131004855 0.148814425 0.00499999989
v 0.130843401 0.148796871 0
v 0.131167278 0.148814425 0.00499999989
v 0.131004855 0.148814425 0
v 0.131328747 0.148796871 0.00499999989
v 0.131167278 0.148814425 0
v 0.131487355 0.148761958 0.00499999989
v 0.131328747 0.148796871 0
v 0.131641269 0.148710102 0.00499999989
v 0.131487355 0.148761958 0
v 0.131788686 0.148641899 0.00499999989
v 0.131641269 0.148710102 0
v 0.131927848 0.14855817 0.00499999989
v 0.131788686 0.148641899 0
v 0.132057145 0.148459882 0.00499999989
v 0.131927848 0.14855817 0
v 0.132175058 0.148348182 0.00499999989
v 0.132057145 0.148459882 0
v 0.132280201 0.148224398 0.00499999989
v 0.132175058 0.148348182 0
v 0.132371351 0.14808996 0.00499999989
v 0.132280201 0.148224398 0
v 0.132447436 0.147946462 0.00499999989
v 0.132371351 0.14808996 0
v 0.132507548 0.147795588 0.00499999989
v 0.132447436 0.147946462 0
v 0.132551 0.147639081 0.00499999989
v 0.132507548 0.147795588 0
v 0.13257727 0.147478804 0.00499999989
v 0.132551 0.147639081 0
v 0.13257727 0.147478804 0
v 0.113577425 0.147229105 0.00499999989
v 0.113586217 0.147391289 0.00499999989
v 0.113586217 0.147391289 0
v 0.113551147 0.147068828 0.00499999989
v 0.113577425 0.147229105 0
v 0.113507695 0.146912336 0.00499999989
v 0.113551147 0.147068828 0
v 0.113447577 0.146761447 0.00499999989
v 0.113507695 0.146912336 0
v 0.113371499 0.146617949 0.00499999989
v 0.113447577 0.146761447 0
v 0.113280356 0.146483526 0.00499999989
v 0.113371499 0.146617949 0
v 0.113175206 0.146359742 0.00499999989
v 0.113280356 0.146483526 0
v 0.113057293 0.146248043 0.00499999989
v 0.113175206 0.146359742 0
v 0.112927996 0.146149755 0.00499999989
v 0.113057293 0.146248043 0
v 0.112788826 0.14606601 0.00499999989
v 0.112927996 0.146149755 0
v 0.112641424 0.145997822 0.00499999989
v 0.112788826 0.14606601 0
v 0.11248751 0.145945951 0.00499999989
v 0.112641424 0.145997822 0
v 0.112328887 0.145911038 0.00499999989
v 0.11248751 0.145945951 0
v 0.112167425 0.145893484 0.00499999989
v 0.112328887 0.145911038 0
v 0.112005003 0.145893484 0.00499999989
v 0.112167425 0.145893484 0
v 0.111843541 0.145911038 0.00499999989
v 0.112005003 0.145893484 0
v 0.111684926 0.145945951 0.00499999989
v 0.111843541 0.145911038 0
v 0.111531004 0.145997822 0.00499999989
v 0.111684926 0.145945951 0
v 0.111383602 0.14606601 0.00499999989
v 0.111531004 0.145997822 0
v 0.111244433 0.146149755 0.00499999989
v 0.111383602 0.14606601 0
v 0.111115135 0.146248043 0.00499999989
v 0.111244433 0.146149755 0
v 0.110997222 0.146359742 0.00499999989
v 0.111115135 0.146248043 0
v 0.110892072 0.146483526 0.00499999989
v 0.110997222 0.146359742 0
v 0.110800929 0.146617949 0.00499999989
v 0.110892072 0.146483526 0
v 0.110724851 0.146761447 0.00499999989
v 0.110800929 0.146617949 0
v 0.110664733 0.146912336 0.00499999989
v 0.110724851 0.146761447 0
v 0.110621281 0.147068828 0.00499999989
v 0.110664733 0.146912336 0
v 0.11059501 0.147229105 0.00499999989
v 0.110621281 0.147068828 0
v 0.110586219 0.147391289 0.00499999989
v 0.11059501 0.147229105 0
v 0.11059501 0.147553459 0.00499999989
v 0.110586219 0.147391289 0
v 0.110621281 0.147713736 0.00499999989
v 0.11059501 0.147553459 0
v 0.110664733 0.147870243 0.00499999989
v 0.110621281 0.147713736 0
v 0.110724851 0.148021117 0.00499999989
v 0.110664733 0.147870243 0
v 0.110800929 0.148164615 0.00499999989
v 0.110724851 0.148021117 0
v 0.110892072 0.148299038 0.00499999989
v 0.110800929 0.148164615 0
v 0.110997222 0.148422837 0.00499999989
v 0.110892072 0.148299038 0
v 0.111115135 0.148534521 0.00499999989
v 0.110997222 0.148422837 0
v 0.111244433 0.148632824 0.00499999989
v 0.111115135 0.148534521 0
v 0.111383602 0.148716554 0.00499999989
v 0.111244433 0.148632824 0
v 0.111531004 0.148784742 0.00499999989
v 0.111383602 0.148716554 0
v 0.111684926 0.148836613 0.00499999989
v 0.111531004 0.148784742 0
v 0.111843541 0.148871526 0.00499999989
v 0.111684926 0.148836613 0
v 0.112005003 0.14888908 0.00499999989
v 0.111843541 0.148871526 0
v 0.112167425 0.14888908 0.00499999989
v 0.112005003 0.14888908 0
v 0.112328887 0.148871526 0.00499999989
v 0.112167425 0.14888908 0
v 0.11248751 0.148836613 0.00499999989
v 0.112328887 0.148871526 0
v 0.112641424 0.148784742 0.00499999989
v 0.11248751 0.148836613 0
v 0.112788826 0.148716554 0.00499999989
v 0.112641424 0.148784742 0
v 0.112927996 0.148632824 0.00499999989
v 0.112788826 0.148716554 0
v 0.113057293 0.148534521 0.00499999989
v 0.112927996 0.148632824 0
v 0.113175206 0.148422837 0.00499999989
v 0.113057293 0.148534521 0
v 0.113280356 0.148299038 0.00499999989
v 0.113175206 0.148422837 0
v 0.113371499 0.148164615 0.00499999989
v 0.113280356 0.148299038 0
v 0.113447577 0.148021117 0.00499999989
v 0.113371499 0.148164615 0
v 0.113507695 0.147870243 0.00499999989
v 0.113447577 0.148021117 0
v 0.113551147 0.147713736 0.00499999989
v 0.113507695 0.147870243 0
v 0.113577425 0.147553459 0.00499999989
v 0.113551147 0.147713736 0
v 0.113577425 0.147553459 0
v 0.0945774242 0.14730376 0.00499999989
v 0.0945862159 0.147465929 0.00499999989
v 0.0945862159 0.147465929 0
v 0.094551146 0.147143483 0.00499999989
v 0.0945774242 0.14730376 0
v 0.0945076942 0.146986991 0.00499999989
v 0.094551146 0.147143483 0
v 0.0944475755 0.146836102 0.00499999989
v 0.0945076942 0.146986991 0
v 0.0943714976 0.146692604 0.00499999989
v 0.0944475755 0.146836102 0
v 0.0942803547 0.14655818 0.00499999989
v 0.0943714976 0.146692604 0
v 0.0941752046 0.146434382 0.00499999989
v 0.0942803547 0.14655818 0
v 0.0940572917 0.146322697 0.00499999989
v 0.0941752046 0.146434382 0
v 0.0939279944 0.146224409 0.00499999989
v 0.0940572917 0.146322697 0
v 0.093788825 0.146140665 0.00499999989
v 0.0939279944 0.146224409 0
v 0.0936414227 0.146072477 0.00499999989
v 0.093788825 0.146140665 0
v 0.0934875086 0.146020606 0.00499999989
v 0.0936414227 0.146072477 0
v 0.0933288857 0.145985693 0.00499999989
v 0.0934875086 0.146020606 0
v 0.0931674242 0.145968139 0.00499999989
v 0.0933288857 0.145985693 0
v 0.093005009 0.145968139 0.00499999989
v 0.0931674242 0.145968139 0
v 0.09284354 0.145985693 0.00499999989
v 0.093005009 0.145968139 0
v 0.0926849246 0.146020606 0.00499999989
v 0.09284354 0.145985693 0
v 0.0925310105 0.146072477 0.00499999989
v 0.0926849246 0.146020606 0
v 0.0923836008 0.146140665 0.00499999989
v 0.0925310105 0.146072477 0
v 0.0922444314 0.146224409 0.00499999989
v 0.0923836008 0.146140665 0
v 0.092115134 0.146322697 0.00499999989
v 0.0922444314 0.146224409 0
v 0.0919972211 0.146434382 0.00499999989
v 0.092115134 0.146322697 0
v 0.0918920785 0.14655818 0.00499999989
v 0.0919972211 0.146434382 0
v 0.0918009281 0.146692604 0.00499999989
v 0.0918920785 0.14655818 0
v 0.0917248502 0.146836102 0.00499999989
v 0.0918009281 0.146692604 0
v 0.0916647315 0.146986991 0.00499999989
v 0.0917248502 0.146836102 0
v 0.0916212872 0.147143483 0.00499999989
v 0.0916647315 0.146986991 0
v 0.091595009 0.14730376 0.00499999989
v 0.0916212872 0.147143483 0
v 0.0915862173 0.147465929 0.00499999989
v 0.091595009 0.14730376 0
v 0.091595009 0.147628114 0.00499999989
v 0.0915862173 0.147465929 0
v 0.0916212872 0.147788391 0.00499999989
v 0.091595009 0.147628114 0
v 0.0916647315 0.147944883 0.00499999989
v 0.0916212872 0.147788391 0
v 0.0917248502 0.148095772 0.00499999989
v 0.0916647315 0.147944883 0
v 0.0918009281 0.14823927 0.00499999989
v 0.0917248502 0.148095772 0
v 0.0918920785 0.148373693 0.00499999989
v 0.0918009281 0.14823927 0
v 0.0919972211 0.148497492 0.00499999989
v 0.0918920785 0.148373693 0
v 0.092115134 0.148609176 0.00499999989
v 0.0919972211 0.148497492 0
v 0.0922444314 0.148707464 0.00499999989
v 0.092115134 0.148609176 0
v 0.0923836008 0.148791209 0.00499999989
v 0.0922444314 0.148707464 0
v 0.0925310105 0.148859397 0.00499999989
v 0.0923836008 0.148791209 0
v 0.0926849246 0.148911268 0.00499999989
v 0.0925310105 0.148859397 0
v 0.0926849246 0.148911268 0
v 0.0927637368 0.148928612 0
v 0.0927637368 0.148928612 0.00499999989
v 0.09284354 0.148946181 0
v 0.09284354 0.148946181 0.00499999989
v 0.093005009 0.148963735 0.00499999989
v 0.0931674242 0.148963735 0.00499999989
v 0.093005009 0.148963735 0
v 0.0933288857 0.148946181 0.00499999989
v 0.0931674242 0.148963735 0
v 0.0933288857 0.148946181 0
v 0.0934086889 0.148928612 0
v 0.0934086889 0.148928612 0.00499999989
v 0.0934875086 0.148911268 0
v 0.0934875086 0.148911268 0.00499999989
v 0.0936414227 0.148859397 0.00499999989
v 0.093788825 0.148791209 0.00499999989
v 0.0936414227 0.148859397 0
v 0.0939279944 0.148707464 0.00499999989
v 0.093788825 0.148791209 0
v 0.0940572917 0.148609176 0.00499999989
v 0.0939279944 0.148707464 0
v 0.0941752046 0.148497492 0.00499999989
v 0.0940572917 0.148609176 0
v 0.0942803547 0.148373693 0.00499999989
v 0.0941752046 0.148497492 0
v 0.0943714976 0.14823927 0.00499999989
v 0.0942803547 0.148373693 0
v 0.0944475755 0.148095772 0.00499999989
v 0.0943714976 0.14823927 0
v 0.0945076942 0.147944883 0.00499999989
v 0.0944475755 0.148095772 0
v 0.094551146 0.147788391 0.00499999989
v 0.0945076942 0.147944883 0
v 0.0945774242 0.147628114 0.00499999989
v 0.094551146 0.147788391 0
v 0.0945774242 0.147628114 0
v 0.075577423 0.147378415 0.00499999989
v 0.0755862147 0.147540584 0.00499999989
v 0.0755862147 0.147540584 0
v 0.0755511448 0.147218138 0.00499999989
v 0.075577423 0.147378415 0
v 0.075507693 0.147061631 0.00499999989
v 0.0755511448 0.147218138 0
v 0.0754475817 0.146910757 0.00499999989
v 0.075507693 0.147061631 0
v 0.0753715038 0.146767259 0.00499999989
v 0.0754475817 0.146910757 0
v 0.0752803534 0.146632835 0.00499999989
v 0.0753715038 0.146767259 0
v 0.0751752108 0.146509036 0.00499999989
v 0.0752803534 0.146632835 0
v 0.0750572979 0.146397352 0.00499999989
v 0.0751752108 0.146509036 0
v 0.0749279931 0.146299049 0.00499999989
v 0.0750572979 0.146397352 0
v 0.0747888312 0.14621532 0.00499999989
v 0.0749279931 0.146299049 0
v 0.0746414214 0.146147117 0.00499999989
v 0.0747888312 0.14621532 0
v 0.0744875073 0.146095261 0.00499999989
v 0.0746414214 0.146147117 0
v 0.0743288845 0.146060348 0.00499999989
v 0.0744875073 0.146095261 0
v 0.074167423 0.146042794 0.00499999989
v 0.0743288845 0.146060348 0
v 0.0740050077 0.146042794 0.00499999989
v 0.074167423 0.146042794 0
v 0.0738435388 0.146060348 0.00499999989
v 0.0740050077 0.146042794 0
v 0.0736849234 0.146095261 0.00499999989
v 0.0738435388 0.146060348 0
v 0.0735310093 0.146147117 0.00499999989
v 0.0736849234 0.146095261 0
v 0.0733835995 0.14621532 0.00499999989
v 0.0735310093 0.146147117 0
v 0.0732444376 0.146299049 0.00499999989
v 0.0733835995 0.14621532 0
v 0.0731151327 0.146397352 0.00499999989
v 0.0732444376 0.146299049 0
v 0.0729972199 0.146509036 0.00499999989
v 0.0731151327 0.146397352 0
v 0.0728920773 0.146632835 0.00499999989
v 0.0729972199 0.146509036 0
v 0.0728009269 0.146767259 0.00499999989
v 0.0728920773 0.146632835 0
v 0.072724849 0.146910757 0.00499999989
v 0.0728009269 0.146767259 0
v 0.0726647377 0.147061631 0.00499999989
v 0.072724849 0.146910757 0
v 0.0726212859 0.147218138 0.00499999989
v 0.0726647377 0.147061631 0
v 0.0725950077 0.147378415 0.00499999989
v 0.0726212859 0.147218138 0
v 0.072586216 0.147540584 0.00499999989
v 0.0725950077 0.147378415 0
v 0.0725950077 0.147702768 0.00499999989
v 0.072586216 0.147540584 0
v 0.0726212859 0.147863045 0.00499999989
v 0.0725950077 0.147702768 0
v 0.0726647377 0.148019537 0.00499999989
v 0.0726212859 0.147863045 0
v 0.072724849 0.148170426 0.00499999989
v 0.0726647377 0.148019537 0
v 0.0728009269 0.148313925 0.00499999989
v 0.072724849 0.148170426 0
v 0.0728920773 0.148448348 0.00499999989
v 0.0728009269 0.148313925 0
v 0.0729972199 0.148572132 0.00499999989
v 0.0728920773 0.148448348 0
v 0.0731151327 0.148683831 0.00499999989
v 0.0729972199 0.148572132 0
v 0.0732444376 0.148782119 0.00499999989
v 0.0731151327 0.148683831 0
v 0.0733835995 0.148865864 0.00499999989
v 0.0732444376 0.148782119 0
v 0.0733835995 0.148865864 0
v 0.0735192373 0.148928612 0
v 0.0735192373 0.148928612 0.00499999989
v 0.0735310093 0.148934051 0
v 0.0735310093 0.148934051 0.00499999989
v 0.0736849234 0.148985907 0.00499999989
v 0.0738435388 0.149020836 0.00499999989
v 0.0736849234 0.148985907 0
v 0.0740050077 0.149038389 0.00499999989
v 0.0738435388 0.149020836 0
v 0.074167423 0.149038389 0.00499999989
v 0.0740050077 0.149038389 0
v 0.0743288845 0.149020836 0.00499999989
v 0.074167423 0.149038389 0
v 0.0744875073 0.148985907 0.00499999989
v 0.0743288845 0.149020836 0
v 0.0746414214 0.148934051 0.00499999989
v 0.0744875073 0.148985907 0
v 0.0746414214 0.148934051 0
v 0.0746531934 0.148928612 0
v 0.0746531934 0.148928612 0.00499999989
v 0.0747888312 0.148865864 0
v 0.0747888312 0.148865864 0.00499999989
v 0.0749279931 0.148782119 0.00499999989
v 0.0750572979 0.148683831 0.00499999989
v 0.0749279931 0.148782119 0
v 0.0751752108 0.148572132 0.00499999989
v 0.0750572979 0.148683831 0
v 0.0752803534 0.148448348 0.00499999989
v 0.0751752108 0.148572132 0
v 0.0753715038 0.148313925 0.00499999989
v 0.0752803534 0.148448348 0
v 0.0754475817 0.148170426 0.00499999989
v 0.0753715038 0.148313925 0
v 0.075507693 0.148019537 0.00499999989
v 0.0754475817 0.148170426 0
v 0.0755511448 0.147863045 0.00499999989
v 0.075507693 0.148019537 0
v 0.075577423 0.147702768 0.00499999989
v 0.0755511448 0.147863045 0
v 0.075577423 0.147702768 0
v 0.0809250176 0.125130847 0.00499999989
v 0.0809338167 0.125293031 0.00499999989
v 0.0809338167 0.125293031 0.00170000002
v 0.0808987468 0.124970578 0.00499999989
v 0.0809250176 0.125130847 0.00170000002
v 0.0808552951 0.124814078 0.00499999989
v 0.0808987468 0.124970578 0.00170000002
v 0.0807951763 0.124663197 0.00499999989
v 0.0808552951 0.124814078 0.00170000002
v 0.0807190984 0.124519698 0.00499999989
v 0.0807951763 0.124663197 0.00170000002
v 0.0806279555 0.124385267 0.00499999989
v 0.0807190984 0.124519698 0.00170000002
v 0.0805228055 0.124261484 0.00499999989
v 0.0806279555 0.124385267 0.00170000002
v 0.0804048926 0.124149784 0.00499999989
v 0.0805228055 0.124261484 0.00170000002
v 0.0802755952 0.124051496 0.00499999989
v 0.0804048926 0.124149784 0.00170000002
v 0.0801364258 0.123967759 0.00499999989
v 0.0802755952 0.124051496 0.00170000002
v 0.0799890235 0.123899564 0.00499999989
v 0.0801364258 0.123967759 0.00170000002
v 0.079835102 0.123847708 0.00499999989
v 0.0799890235 0.123899564 0.00170000002
v 0.0796764866 0.123812787 0.00499999989
v 0.079835102 0.123847708 0.00170000002
v 0.079515025 0.123795226 0.00499999989
v 0.0796764866 0.123812787 0.00170000002
v 0.0793526024 0.123795226 0.00499999989
v 0.079515025 0.123795226 0.00170000002
v 0.0791911408 0.123812787 0.00499999989
v 0.0793526024 0.123795226 0.00170000002
v 0.079032518 0.123847708 0.00499999989
v 0.0791911408 0.123812787 0.00170000002
v 0.0788786039 0.123899564 0.00499999989
v 0.079032518 0.123847708 0.00170000002
v 0.0787312016 0.123967759 0.00499999989
v 0.0788786039 0.123899564 0.00170000002
v 0.0785920322 0.124051496 0.00499999989
v 0.0787312016 0.123967759 0.00170000002
v 0.0784627348 0.124149784 0.00499999989
v 0.0785920322 0.124051496 0.00170000002
v 0.0783448219 0.124261484 0.00499999989
v 0.0784627348 0.124149784 0.00170000002
v 0.0782396719 0.124385267 0.00499999989
v 0.0783448219 0.124261484 0.00170000002
v 0.0781485289 0.124519698 0.00499999989
v 0.0782396719 0.124385267 0.00170000002
v 0.0780724511 0.124663197 0.00499999989
v 0.0781485289 0.124519698 0.00170000002
v 0.0780123323 0.124814078 0.00499999989
v 0.0780724511 0.124663197 0.00170000002
v 0.0779688805 0.124970578 0.00499999989
v 0.0780123323 0.124814078 0.00170000002
v 0.0779426098 0.125130847 0.00499999989
v 0.0779688805 0.124970578 0.00170000002
v 0.0779338107 0.125293031 0.00499999989
v 0.0779426098 0.125130847 0.00170000002
v 0.0779426098 0.125455216 0.00499999989
v 0.0779338107 0.125293031 0.00170000002
v 0.0779688805 0.125615492 0.00499999989
v 0.0779426098 0.125455216 0.00170000002
v 0.0780123323 0.125771984 0.00499999989
v 0.0779688805 0.125615492 0.00170000002
v 0.0780724511 0.125922859 0.00499999989
v 0.0780123323 0.125771984 0.00170000002
v 0.0781485289 0.126066357 0.00499999989
v 0.0780724511 0.125922859 0.00170000002
v 0.0782396719 0.126200795 0.00499999989
v 0.0781485289 0.126066357 0.00170000002
v 0.0783448219 0.126324579 0.00499999989
v 0.0782396719 0.126200795 0.00170000002
v 0.0784627348 0.126436278 0.00499999989
v 0.0783448219 0.126324579 0.00170000002
v 0.0785920322 0.126534566 0.00499999989
v 0.0784627348 0.126436278 0.00170000002
v 0.0787312016 0.126618296 0.00499999989
v 0.0785920322 0.126534566 0.00170000002
v 0.0788786039 0.126686499 0.00499999989
v 0.0787312016 0.126618296 0.00170000002
v 0.079032518 0.126738355 0.00499999989
v 0.0788786039 0.126686499 0.00170000002
v 0.0791911408 0.126773268 0.00499999989
v 0.079032518 0.126738355 0.00170000002
v 0.0793526024 0.126790836 0.00499999989
v 0.0791911408 0.126773268 0.00170000002
v 0.079515025 0.126790836 0.00499999989
v 0.0793526024 0.126790836 0.00170000002
v 0.0796764866 0.126773268 0.00499999989
v 0.079515025 0.126790836 0.00170000002
v 0.079835102 0.126738355 0.00499999989
v 0.0796764866 0.126773268 0.00170000002
v 0.0799890235 0.126686499 0.00499999989
v 0.079835102 0.126738355 0.00170000002
v 0.0801364258 0.126618296 0.00499999989
v 0.0799890235 0.126686499 0.00170000002
v 0.0802755952 0.126534566 0.00499999989
v 0.0801364258 0.126618296 0.00170000002
v 0.0804048926 0.126436278 0.00499999989
v 0.0802755952 0.126534566 0.00170000002
v 0.0805228055 0.126324579 0.00499999989
v 0.0804048926 0.126436278 0.00170000002
v 0.0806279555 0.126200795 0.00499999989
v 0.0805228055 0.126324579 0.00170000002
v 0.0807190984 0.126066357 0.00499999989
v 0.0806279555 0.126200795 0.00170000002
v 0.0807951763 0.125922859 0.00499999989
v 0.0807190984 0.126066357 0.00170000002
v 0.0808552951 0.125771984 0.00499999989
v 0.0807951763 0.125922859 0.00170000002
v 0.0808987468 0.125615492 0.00499999989
v 0.0808552951 0.125771984 0.00170000002
v 0.0809250176 0.125455216 0.00499999989
v 0.0808987468 0.125615492 0.00170000002
v 0.0809250176 0.125455216 0.00170000002
v 0.078948468 0.128253505 0.00170000002
v 0.0791911408 0.126773268 0.00170000002
v 0.079032518 0.126738355 0.00170000002
v 0.0792713985 0.128288627 0.00170000002
v 0.0793526024 0.126790836 0.00170000002
v 0.0795962289 0.128288627 0.00170000002
v 0.079515025 0.126790836 0.00170000002
v 0.0799191594 0.128253505 0.00170000002
v 0.0796764866 0.126773268 0.00170000002
v 0.0802363977 0.128183678 0.00170000002
v 0.079835102 0.126738355 0.00170000002
v 0.0780285895 0.12794356 0.00170000002
v 0.0787312016 0.126618296 0.00170000002
v 0.0785920322 0.126534566 0.00170000002
v 0.0783234015 0.128079966 0.00170000002
v 0.0788786039 0.126686499 0.00170000002
v 0.0786312297 0.128183678 0.00170000002
v 0.0777502507 0.127776101 0.00170000002
v 0.0784627348 0.126436278 0.00170000002
v 0.0805442259 0.128079966 0.00170000002
v 0.0799890235 0.126686499 0.00170000002
v 0.0808390379 0.12794356 0.00170000002
v 0.0801364258 0.126618296 0.00170000002
v 0.0811173767 0.127776101 0.00170000002
v 0.0802755952 0.126534566 0.00170000002
v 0.0813759714 0.12757951 0.00170000002
v 0.0804048926 0.126436278 0.00170000002
v 0.0799191594 0.122332551 0.00170000002
v 0.0796764866 0.123812787 0.00170000002
v 0.079835102 0.123847708 0.00170000002
v 0.0795962289 0.122297429 0.00170000002
v 0.079515025 0.123795226 0.00170000002
v 0.0774916559 0.123006545 0.00170000002
v 0.0784627348 0.124149784 0.00170000002
v 0.0785920322 0.124051496 0.00170000002
v 0.0772558302 0.123229928 0.00170000002
v 0.0783448219 0.124261484 0.00170000002
v 0.0770455375 0.123477504 0.00170000002
v 0.0782396719 0.124385267 0.00170000002
v 0.0768632442 0.123746365 0.00170000002
v 0.0781485289 0.124519698 0.00170000002
v 0.0772558302 0.127356127 0.00170000002
v 0.0783448219 0.126324579 0.00170000002
v 0.0782396719 0.126200795 0.00170000002
v 0.0774916559 0.12757951 0.00170000002
v 0.0792713985 0.122297429 0.00170000002
v 0.0793526024 0.123795226 0.00170000002
v 0.078948468 0.122332551 0.00170000002
v 0.0791911408 0.123812787 0.00170000002
v 0.0786312297 0.122402377 0.00170000002
v 0.079032518 0.123847708 0.00170000002
v 0.0816117972 0.127356127 0.00170000002
v 0.0805228055 0.126324579 0.00170000002
v 0.0818220899 0.127108559 0.00170000002
v 0.0806279555 0.126200795 0.00170000002
v 0.0818220899 0.123477504 0.00170000002
v 0.0806279555 0.124385267 0.00170000002
v 0.0807190984 0.124519698 0.00170000002
v 0.0816117972 0.123229928 0.00170000002
v 0.0805228055 0.124261484 0.00170000002
v 0.0813759714 0.123006545 0.00170000002
v 0.0804048926 0.124149784 0.00170000002
v 0.0811173767 0.122809961 0.00170000002
v 0.0802755952 0.124051496 0.00170000002
v 0.0805442259 0.122506097 0.00170000002
v 0.0799890235 0.123899564 0.00170000002
v 0.0801364258 0.123967759 0.00170000002
v 0.0802363977 0.122402377 0.00170000002
v 0.0783234015 0.122506097 0.00170000002
v 0.0788786039 0.123899564 0.00170000002
v 0.0780285895 0.122642495 0.00170000002
v 0.0787312016 0.123967759 0.00170000002
v 0.0767110884 0.124033362 0.00170000002
v 0.0780724511 0.124663197 0.00170000002
v 0.0765908509 0.124335125 0.00170000002
v 0.0780123323 0.124814078 0.00170000002
v 0.0765039548 0.124648117 0.00170000002
v 0.0779688805 0.124970578 0.00170000002
v 0.0768632442 0.126839697 0.00170000002
v 0.0781485289 0.126066357 0.00170000002
v 0.0780724511 0.125922859 0.00170000002
v 0.0770455375 0.127108559 0.00170000002
v 0.0824338123 0.125293031 0.00170000002
v 0.0809338167 0.125293031 0.00170000002
v 0.0809250176 0.125455216 0.00170000002
v 0.082416229 0.12496867 0.00170000002
v 0.0809250176 0.125130847 0.00170000002
v 0.0777502507 0.122809961 0.00170000002
v 0.0764513984 0.12496867 0.00170000002
v 0.0779426098 0.125130847 0.00170000002
v 0.0764338151 0.125293031 0.00170000002
v 0.0779338107 0.125293031 0.00170000002
v 0.0764513984 0.125617385 0.00170000002
v 0.0779426098 0.125455216 0.00170000002
v 0.0765039548 0.125937939 0.00170000002
v 0.0779688805 0.125615492 0.00170000002
v 0.0765908509 0.126250938 0.00170000002
v 0.0780123323 0.125771984 0.00170000002
v 0.0767110884 0.126552701 0.00170000002
v 0.0820043832 0.126839697 0.00170000002
v 0.0807190984 0.126066357 0.00170000002
v 0.082156539 0.126552701 0.00170000002
v 0.0807951763 0.125922859 0.00170000002
v 0.0823636726 0.124648117 0.00170000002
v 0.0808987468 0.124970578 0.00170000002
v 0.0820043832 0.123746365 0.00170000002
v 0.0807951763 0.124663197 0.00170000002
v 0.082276769 0.126250938 0.00170000002
v 0.0808552951 0.125771984 0.00170000002
v 0.0823636726 0.125937939 0.00170000002
v 0.0808987468 0.125615492 0.00170000002
v 0.082416229 0.125617385 0.00170000002
v 0.0808390379 0.122642495 0.00170000002
v 0.082276769 0.124335125 0.00170000002
v 0.0808552951 0.124814078 0.00170000002
v 0.082156539 0.124033362 0.00170000002
v 0.082416229 0.12496867 0.00170000002
v 0.0824338123 0.125293031 0.00170000002
v 0.0824338123 0.125293031 0
v 0.0823636726 0.124648117 0.00170000002
v 0.082416229 0.12496867 0
v 0.082276769 0.124335125 0.00170000002
v 0.0823636726 0.124648117 0
v 0.082156539 0.124033362 0.00170000002
v 0.082276769 0.124335125 0
v 0.0820043832 0.123746365 0.00170000002
v 0.082156539 0.124033362 0
v 0.0818220899 0.123477504 0.00170000002
v 0.0820043832 0.123746365 0
v 0.0816117972 0.123229928 0.00170000002
v 0.0818220899 0.123477504 0
v 0.0813759714 0.123006545 0.00170000002
v 0.0816117972 0.123229928 0
v 0.0811173767 0.122809961 0.00170000002
v 0.0813759714 0.123006545 0
v 0.0808390379 0.122642495 0.00170000002
v 0.0811173767 0.122809961 0
v 0.0805442259 0.122506097 0.00170000002
v 0.0808390379 0.122642495 0
v 0.0802363977 0.122402377 0.00170000002
v 0.0805442259 0.122506097 0
v 0.0799191594 0.122332551 0.00170000002
v 0.0802363977 0.122402377 0
v 0.0795962289 0.122297429 0.00170000002
v 0.0799191594 0.122332551 0
v 0.0792713985 0.122297429 0.00170000002
v 0.0795962289 0.122297429 0
v 0.078948468 0.122332551 0.00170000002
v 0.0792713985 0.122297429 0
v 0.0786312297 0.122402377 0.00170000002
v 0.078948468 0.122332551 0
v 0.0783234015 0.122506097 0.00170000002
v 0.0786312297 0.122402377 0
v 0.0780285895 0.122642495 0.00170000002
v 0.0783234015 0.122506097 0
v 0.0777502507 0.122809961 0.00170000002
v 0.0780285895 0.122642495 0
v 0.0774916559 0.123006545 0.00170000002
v 0.0777502507 0.122809961 0
v 0.0772558302 0.123229928 0.00170000002
v 0.0774916559 0.123006545 0
v 0.0770455375 0.123477504 0.00170000002
v 0.0772558302 0.123229928 0
v 0.0768632442 0.123746365 0.00170000002
v 0.0770455375 0.123477504 0
v 0.0767110884 0.124033362 0.00170000002
v 0.0768632442 0.123746365 0
v 0.0765908509 0.124335125 0.00170000002
v 0.0767110884 0.124033362 0
v 0.0765039548 0.124648117 0.00170000002
v 0.0765908509 0.124335125 0
v 0.0764513984 0.12496867 0.00170000002
v 0.0765039548 0.124648117 0
v 0.0764338151 0.125293031 0.00170000002
v 0.0764513984 0.12496867 0
v 0.0764513984 0.125617385 0.00170000002
v 0.0764338151 0.125293031 0
v 0.0765039548 0.125937939 0.00170000002
v 0.0764513984 0.125617385 0
v 0.0765908509 0.126250938 0.00170000002
v 0.0765039548 0.125937939 0
v 0.0767110884 0.126552701 0.00170000002
v 0.0765908509 0.126250938 0
v 0.0768632442 0.126839697 0.00170000002
v 0.0767110884 0.126552701 0
v 0.0770455375 0.127108559 0.00170000002
v 0.0768632442 0.126839697 0
v 0.0772558302 0.127356127 0.00170000002
v 0.0770455375 0.127108559 0
v 0.0774916559 0.12757951 0.00170000002
v 0.0772558302 0.127356127 0
v 0.0777502507 0.127776101 0.00170000002
v 0.0774916559 0.12757951 0
v 0.0780285895 0.12794356 0.00170000002
v 0.0777502507 0.127776101 0
v 0.0783234015 0.128079966 0.00170000002
v 0.0780285895 0.12794356 0
v 0.0786312297 0.128183678 0.00170000002
v 0.0783234015 0.128079966 0
v 0.078948468 0.128253505 0.00170000002
v 0.0786312297 0.128183678 0
v 0.0792713985 0.128288627 0.00170000002
v 0.078948468 0.128253505 0
v 0.0795962289 0.128288627 0.00170000002
v 0.0792713985 0.128288627 0
v 0.0799191594 0.128253505 0.00170000002
v 0.0795962289 0.128288627 0
v 0.0802363977 0.128183678 0.00170000002
v 0.0799191594 0.128253505 0
v 0.0805442259 0.128079966 0.00170000002
v 0.0802363977 0.128183678 0
v 0.0808390379 0.12794356 0.00170000002
v 0.0805442259 0.128079966 0
v 0.0811173767 0.127776101 0.00170000002
v 0.0808390379 0.12794356 0
v 0.0813759714 0.12757951 0.00170000002
v 0.0811173767 0.127776101 0
v 0.0816117972 0.127356127 0.00170000002
v 0.0813759714 0.12757951 0
v 0.0818220899 0.127108559 0.00170000002
v 0.0816117972 0.127356127 0
v 0.0820043832 0.126839697 0.00170000002
v 0.0818220899 0.127108559 0
v 0.082156539 0.126552701 0.00170000002
v 0.0820043832 0.126839697 0
v 0.082276769 0.126250938 0.00170000002
v 0.082156539 0.126552701 0
v 0.0823636726 0.125937939 0.00170000002
v 0.082276769 0.126250938 0
v 0.082416229 0.125617385 0.00170000002
v 0.0823636726 0.125937939 0
v 0.082416229 0.125617385 0
v 0.0761426464 0.148928612 0
v 0.0831426457 0.148928612 0
v 0.0831426457 0.145853952 0
v 0.0877188444 0.148928612 0
v 0.0877188444 0.145853952 0
v 0.109857529 0.148928612 0
v 0.112005003 0.14888908 0
v 0.111843541 0.148871526 0
v 0.114357531 0.148928612 0
v 0.112167425 0.14888908 0
v 0.11248751 0.148836613 0
v 0.112328887 0.148871526 0
v 0.114357531 0.145853952 0
v 0.112788826 0.14606601 0
v 0.112927996 0.146149755 0
v 0.112167425 0.145893484 0
v 0.112328887 0.145911038 0
v 0.109857529 0.145853952 0
v 0.112005003 0.145893484 0
v 0.112641424 0.145997822 0
v 0.111684926 0.145945951 0
v 0.111843541 0.145911038 0
v 0.111115135 0.146248043 0
v 0.111244433 0.146149755 0
v 0.111531004 0.148784742 0
v 0.111383602 0.148716554 0
v 0.111684926 0.148836613 0
v 0.11248751 0.145945951 0
v 0.111383602 0.14606601 0
v 0.111244433 0.148632824 0
v 0.112641424 0.148784742 0
v 0.112927996 0.148632824 0
v 0.112788826 0.148716554 0
v 0.113586217 0.147391289 0
v 0.111531004 0.145997822 0
v 0.113057293 0.148534521 0
v 0.113577425 0.147229105 0
v 0.113057293 0.146248043 0
v 0.113175206 0.146359742 0
v 0.111115135 0.148534521 0
v 0.110997222 0.148422837 0
v 0.113577425 0.147553459 0
v 0.110892072 0.146483526 0
v 0.110997222 0.146359742 0
v 0.113280356 0.148299038 0
v 0.113175206 0.148422837 0
v 0.113551147 0.147713736 0
v 0.113507695 0.147870243 0
v 0.113551147 0.147068828 0
v 0.113280356 0.146483526 0
v 0.113371499 0.146617949 0
v 0.11059501 0.147553459 0
v 0.110586219 0.147391289 0
v 0.110892072 0.148299038 0
v 0.110800929 0.148164615 0
v 0.113447577 0.146761447 0
v 0.113507695 0.146912336 0
v 0.110724851 0.146761447 0
v 0.110800929 0.146617949 0
v 0.110621281 0.147713736 0
v 0.110724851 0.148021117 0
v 0.110664733 0.147870243 0
v 0.113447577 0.148021117 0
v 0.113371499 0.148164615 0
v 0.110621281 0.147068828 0
v 0.110664733 0.146912336 0
v 0.11059501 0.147229105 0
v 0.115556568 0.148928612 0
v 0.115556568 0.145853952 0
v 0.122785173 0.148928612 0
v 0.122785173 0.145853952 0
v 0.0518686995 0.145853952 0
v 0.0645862892 0.145853952 0
v 0.0645862892 0.145704657 0
v 0.0761426464 0.145853952 0
v 0.0761426464 0.145704657 0
v 0.0831426457 0.145704657 0
v 0.0877188444 0.145704657 0
v 0.109857529 0.145704657 0
v 0.114357531 0.145704657 0
v 0.115556568 0.145704657 0
v 0.122785173 0.145704657 0
v 0.0518686995 0.145704657 0
v 0.0645862892 0.143607751 0
v 0.0761426464 0.143607751 0
v 0.0831426457 0.143607751 0
v 0.0877188444 0.143607751 0
v 0.109857529 0.143607751 0
v 0.114357531 0.143607751 0
v 0.115556568 0.143607751 0
v 0.122785173 0.143607751 0
v 0.145890474 0.145704657 0
v 0.145890474 0.143607751 0
v 0.149849772 0.145704657 0
v 0.149849772 0.143607751 0
v 0.159585848 0.145704657 0
v 0.159585848 0.143607751 0
v 0.0831426457 0.143411309 0
v 0.0877188444 0.143411309 0
v 0.114357531 0.143411309 0
v 0.115556568 0.143411309 0
v 0.149849772 0.143411309 0
v 0.159585848 0.143411309 0
v 0.177595407 0.143607751 0
v 0.177595407 0.143411309 0
v 0.0761426464 0.143411309 0
v 0.0772558302 0.127356127 0
v 0.0770455375 0.127108559 0
v 0.0777502507 0.127776101 0
v 0.0774916559 0.12757951 0
v 0.0761426464 0.11258886 0
v 0.0780285895 0.122642495 0
v 0.0783234015 0.122506097 0
v 0.0816117972 0.127356127 0
v 0.0813759714 0.12757951 0
v 0.0820043832 0.126839697 0
v 0.0818220899 0.127108559 0
v 0.0831426457 0.11258886 0
v 0.0811173767 0.122809961 0
v 0.0813759714 0.123006545 0
v 0.0802363977 0.122402377 0
v 0.0805442259 0.122506097 0
v 0.0786312297 0.122402377 0
v 0.078948468 0.122332551 0
v 0.0777502507 0.122809961 0
v 0.0768632442 0.126839697 0
v 0.0792713985 0.128288627 0
v 0.078948468 0.128253505 0
v 0.0795962289 0.128288627 0
v 0.082156539 0.124033362 0
v 0.082276769 0.124335125 0
v 0.0818220899 0.123477504 0
v 0.0820043832 0.123746365 0
v 0.0816117972 0.123229928 0
v 0.0808390379 0.122642495 0
v 0.0795962289 0.122297429 0
v 0.0799191594 0.122332551 0
v 0.0792713985 0.122297429 0
v 0.0780285895 0.12794356 0
v 0.0786312297 0.128183678 0
v 0.0783234015 0.128079966 0
v 0.0802363977 0.128183678 0
v 0.0799191594 0.128253505 0
v 0.082156539 0.126552701 0
v 0.0823636726 0.124648117 0
v 0.0772558302 0.123229928 0
v 0.0774916559 0.123006545 0
v 0.0767110884 0.126552701 0
v 0.0765908509 0.126250938 0
v 0.0808390379 0.12794356 0
v 0.0805442259 0.128079966 0
v 0.0811173767 0.127776101 0
v 0.082416229 0.125617385 0
v 0.0823636726 0.125937939 0
v 0.082416229 0.12496867 0
v 0.0824338123 0.125293031 0
v 0.0770455375 0.123477504 0
v 0.0767110884 0.124033362 0
v 0.0768632442 0.123746365 0
v 0.0764513984 0.125617385 0
v 0.0764338151 0.125293031 0
v 0.0765039548 0.125937939 0
v 0.082276769 0.126250938 0
v 0.0765039548 0.124648117 0
v 0.0765908509 0.124335125 0
v 0.0764513984 0.12496867 0
v 0.145890474 0.143411309 0
v 0.149849772 0.11258886 0
v 0.0831426457 0.11130859 0
v 0.0877188444 0.11258886 0
v 0.0877188444 0.11130859 0
v 0.109857529 0.11258886 0
v 0.114357531 0.11258886 0
v 0.114357531 0.11130859 0
v 0.115556568 0.11258886 0
v 0.115556568 0.11130859 0
v 0.145890474 0.11258886 0
v 0.149849772 0.11130859 0
v 0.159585848 0.11258886 0
v 0.159585848 0.11130859 0
v 0.177595407 0.11258886 0
v 0.177595407 0.11130859 0
v 0.0518686995 0.11130859 0
v 0.0645862892 0.11130859 0
v 0.0645862892 0.110295348 0
v 0.0761426464 0.11130859 0
v 0.0761426464 0.110295348 0
v 0.0831426457 0.110295348 0
v 0.0877188444 0.110295348 0
v 0.109857529 0.11130859 0
v 0.109857529 0.110295348 0
v 0.114357531 0.110295348 0
v 0.115556568 0.110295348 0
v 0.122785173 0.11130859 0
v 0.122785173 0.110295348 0
v 0.145890474 0.11130859 0
v 0.145890474 0.110295348 0
v 0.149849772 0.110295348 0
v 0.159585848 0.110295348 0
v 0.0518686995 0.110295348 0
v 0.0645862892 0.110146046 0
v 0.0761426464 0.110146046 0
v 0.0831426457 0.110146046 0
v 0.0877188444 0.110146046 0
v 0.109857529 0.110146046 0
v 0.114357531 0.110146046 0
v 0.115556568 0.110146046 0
v 0.122785173 0.110146046 0
v 0.0831426457 0.107071392 0
v 0.0877188444 0.107071392 0
v 0.112005003 0.110106513 0
v 0.111843541 0.110088959 0
v 0.112167425 0.110106513 0
v 0.114357531 0.107071392 0
v 0.112167425 0.107110918 0
v 0.112328887 0.107128479 0
v 0.109857529 0.107071392 0
v 0.112005003 0.107110918 0
v 0.110997222 0.107577167 0
v 0.111115135 0.107465476 0
v 0.110800929 0.107835382 0
v 0.110892072 0.107700951 0
v 0.111684926 0.110054038 0
v 0.111531004 0.110002182 0
v 0.11248751 0.110054038 0
v 0.112328887 0.110088959 0
v 0.111684926 0.107163392 0
v 0.111843541 0.107128479 0
v 0.110997222 0.109640263 0
v 0.110892072 0.109516479 0
v 0.111244433 0.10985025 0
v 0.111115135 0.109751962 0
v 0.111383602 0.109933987 0
v 0.112788826 0.109933987 0
v 0.112641424 0.110002182 0
v 0.113175206 0.107577167 0
v 0.113280356 0.107700951 0
v 0.112927996 0.10736718 0
v 0.113057293 0.107465476 0
v 0.11248751 0.107163392 0
v 0.112641424 0.107215248 0
v 0.111383602 0.107283451 0
v 0.111531004 0.107215248 0
v 0.110724851 0.10797888 0
v 0.112927996 0.10985025 0
v 0.113175206 0.109640263 0
v 0.113057293 0.109751962 0
v 0.113371499 0.109382048 0
v 0.113280356 0.109516479 0
v 0.111244433 0.10736718 0
v 0.110664733 0.108129762 0
v 0.11059501 0.108446538 0
v 0.110621281 0.108286262 0
v 0.110800929 0.109382048 0
v 0.113371499 0.107835382 0
v 0.110664733 0.109087668 0
v 0.110621281 0.108931169 0
v 0.113447577 0.10923855 0
v 0.113577425 0.108446538 0
v 0.113586217 0.108608715 0
v 0.112788826 0.107283451 0
v 0.110724851 0.10923855 0
v 0.113447577 0.10797888 0
v 0.113507695 0.108129762 0
v 0.113551147 0.108931169 0
v 0.113507695 0.109087668 0
v 0.113577425 0.108770892 0
v 0.110586219 0.108608715 0
v 0.113551147 0.108286262 0
v 0.11059501 0.108770892 0
v 0.115556568 0.107071392 0
v 0.122785173 0.107071392 0
v 0.0761426464 0.107071392 0
v 0.0831426457 0.106922083 0
v 0.0877188444 0.106922083 0
v 0.114357531 0.106922083 0
v 0.115556568 0.106922083 0
v 0.122785173 0.106922083 0
v 0.145890474 0.107071392 0
v 0.145890474 0.106922083 0
v 0.149849772 0.107071392 0
v 0.149849772 0.106922083 0
v 0.159585848 0.107071392 0
v 0.159585848 0.106922083 0
v 0.177595407 0.107071392 0
v 0.177595407 0.106922083 0
v 0.177595407 0.110295348 0
v 0.177595407 0.110146046 0
v 0.169808164 0.110146046 0
v 0.169640988 0.110226139 0
v 0.169487074 0.110277995 0
v 0.16978839 0.110157944 0
v 0.16900456 0.11033047 0
v 0.168843105 0.110312916 0
v 0.169166982 0.11033047 0
v 0.169408247 0.110295348 0
v 0.169328451 0.110312916 0
v 0.168383166 0.110157944 0
v 0.168363392 0.110146046 0
v 0.168530568 0.110226139 0
v 0.168763295 0.110295348 0
v 0.168684483 0.110277995 0
v 0.167800486 0.108059339 0
v 0.167891636 0.107924908 0
v 0.169166982 0.107334875 0
v 0.169328451 0.107352436 0
v 0.167996779 0.107801124 0
v 0.169487074 0.107387349 0
v 0.16900456 0.107334875 0
v 0.168684483 0.107387349 0
v 0.168843105 0.107352436 0
v 0.168114692 0.107689433 0
v 0.169640988 0.107439205 0
v 0.16978839 0.107507408 0
v 0.168530568 0.107439205 0
v 0.167724416 0.108202837 0
v 0.167620838 0.108510219 0
v 0.167664289 0.108353719 0
v 0.159585848 0.110146046 0
v 0.167585775 0.108832672 0
v 0.17005685 0.107689433 0
v 0.170174763 0.107801124 0
v 0.169927552 0.107591137 0
v 0.168243989 0.107591137 0
v 0.168383166 0.107507408 0
v 0.167594567 0.108994849 0
v 0.170576975 0.108670495 0
v 0.170585781 0.108832672 0
v 0.17027992 0.107924908 0
v 0.167594567 0.108670495 0
v 0.168114692 0.109975919 0
v 0.167996779 0.10986422 0
v 0.17027992 0.109740436 0
v 0.170174763 0.10986422 0
v 0.170447141 0.108202837 0
v 0.170507252 0.108353719 0
v 0.170371056 0.108059339 0
v 0.167620838 0.109155126 0
v 0.167891636 0.109740436 0
v 0.170371056 0.109606005 0
v 0.170576975 0.108994849 0
v 0.167724416 0.109462507 0
v 0.167664289 0.109311625 0
v 0.167800486 0.109606005 0
v 0.170447141 0.109462507 0
v 0.170550704 0.109155126 0
v 0.170507252 0.109311625 0
v 0.170550704 0.108510219 0
v 0.168243989 0.110074207 0
v 0.17005685 0.109975919 0
v 0.169927552 0.110074207 0
v 0.150487214 0.110203348 0
v 0.150328591 0.110238262 0
v 0.1506529 0.110146046 0
v 0.150641128 0.110151485 0
v 0.150167122 0.110255823 0
v 0.150004715 0.110255823 0
v 0.149530709 0.110151485 0
v 0.149518952 0.110146046 0
v 0.149843246 0.110238262 0
v 0.149684623 0.110203348 0
v 0.149849772 0.110238969 0
v 0.148800641 0.107984692 0
v 0.148891777 0.107850261 0
v 0.148996934 0.10772647 0
v 0.149114847 0.107614778 0
v 0.148724556 0.10812819 0
v 0.148620993 0.108435564 0
v 0.148664445 0.108279072 0
v 0.145890474 0.110146046 0
v 0.148585916 0.108758017 0
v 0.149114847 0.109901264 0
v 0.148996934 0.109789573 0
v 0.149684623 0.107312694 0
v 0.149843246 0.107277781 0
v 0.149530709 0.107364558 0
v 0.149244145 0.10751649 0
v 0.149383307 0.107432753 0
v 0.148594707 0.108920202 0
v 0.148891777 0.109665781 0
v 0.148594707 0.108595841 0
v 0.148724556 0.109387852 0
v 0.148664445 0.109236971 0
v 0.148800641 0.10953135 0
v 0.149383307 0.110083289 0
v 0.148620993 0.109080479 0
v 0.149244145 0.109999552 0
v 0.150328591 0.107277781 0
v 0.151057005 0.107614778 0
v 0.151174918 0.10772647 0
v 0.150167122 0.10726022 0
v 0.15128006 0.109665781 0
v 0.151174918 0.109789573 0
v 0.15157713 0.108595841 0
v 0.151585922 0.108758017 0
v 0.15128006 0.107850261 0
v 0.150641128 0.107364558 0
v 0.150788531 0.107432753 0
v 0.150487214 0.107312694 0
v 0.149849772 0.107277073 0
v 0.150004715 0.10726022 0
v 0.151371211 0.10953135 0
v 0.151447281 0.10812819 0
v 0.151507407 0.108279072 0
v 0.151371211 0.107984692 0
v 0.150927708 0.10751649 0
v 0.150927708 0.109999552 0
v 0.150788531 0.110083289 0
v 0.151447281 0.109387852 0
v 0.151550859 0.109080479 0
v 0.151507407 0.109236971 0
v 0.15157713 0.108920202 0
v 0.151057005 0.109901264 0
v 0.151550859 0.108435564 0
v 0.131004855 0.110181168 0
v 0.130843401 0.110163607 0
v 0.131167278 0.110181168 0
v 0.131408542 0.110146046 0
v 0.131328747 0.110163607 0
v 0.131167278 0.107185565 0
v 0.131328747 0.107203126 0
v 0.132280201 0.109591126 0
v 0.132175058 0.109714918 0
v 0.131487355 0.107238047 0
v 0.131004855 0.107185565 0
v 0.130684778 0.107238047 0
v 0.130843401 0.107203126 0
v 0.131927848 0.109924905 0
v 0.131788686 0.110008635 0
v 0.132371351 0.109456696 0
v 0.13257727 0.108521193 0
v 0.132586062 0.10868337 0
v 0.132057145 0.107540123 0
v 0.132175058 0.107651822 0
v 0.131641269 0.107289903 0
v 0.131788686 0.107358098 0
v 0.130530864 0.107289903 0
v 0.129800782 0.107910037 0
v 0.129891932 0.107775606 0
v 0.129586071 0.10868337 0
v 0.130114987 0.109826609 0
v 0.129997075 0.109714918 0
v 0.131641269 0.110076837 0
v 0.131487355 0.110128693 0
v 0.132057145 0.109826609 0
v 0.132447436 0.109313205 0
v 0.132551 0.109005824 0
v 0.132507548 0.109162323 0
v 0.132280201 0.107775606 0
v 0.131927848 0.107441835 0
v 0.129724711 0.108053535 0
v 0.129621133 0.108360916 0
v 0.129664585 0.108204417 0
v 0.129594862 0.108845547 0
v 0.129891932 0.109591126 0
v 0.130530864 0.110076837 0
v 0.130383462 0.110008635 0
v 0.13257727 0.108845547 0
v 0.132447436 0.108053535 0
v 0.132507548 0.108204417 0
v 0.132371351 0.107910037 0
v 0.130244285 0.107441835 0
v 0.130383462 0.107358098 0
v 0.129997075 0.107651822 0
v 0.130114987 0.107540123 0
v 0.129594862 0.108521193 0
v 0.129724711 0.109313205 0
v 0.129664585 0.109162323 0
v 0.129800782 0.109456696 0
v 0.130244285 0.109924905 0
v 0.13076359 0.110146046 0
v 0.130684778 0.110128693 0
v 0.132551 0.108360916 0
v 0.129621133 0.109005824 0
v 0.109857529 0.106922083 0
v 0.0931674242 0.107036263 0
v 0.0933288857 0.107053824 0
v 0.093005009 0.107036263 0
v 0.0927637368 0.107071392 0
v 0.09284354 0.107053824 0
v 0.093005009 0.110031866 0
v 0.09284354 0.110014305 0
v 0.0933288857 0.110014305 0
v 0.0931674242 0.110031866 0
v 0.0926849246 0.109979391 0
v 0.0925310105 0.109927528 0
v 0.0934875086 0.109979391 0
v 0.0919972211 0.107502513 0
v 0.092115134 0.107390821 0
v 0.0918009281 0.107760735 0
v 0.0918920785 0.107626304 0
v 0.0919972211 0.109565616 0
v 0.0918920785 0.109441824 0
v 0.0922444314 0.109775595 0
v 0.092115134 0.109677307 0
v 0.0923836008 0.109859332 0
v 0.093788825 0.109859332 0
v 0.0936414227 0.109927528 0
v 0.0939279944 0.109775595 0
v 0.0941752046 0.109565616 0
v 0.0940572917 0.109677307 0
v 0.0943714976 0.109307393 0
v 0.0942803547 0.109441824 0
v 0.0941752046 0.107502513 0
v 0.0942803547 0.107626304 0
v 0.0939279944 0.107292533 0
v 0.0940572917 0.107390821 0
v 0.0925310105 0.107140601 0
v 0.0926849246 0.107088737 0
v 0.0917248502 0.107904233 0
v 0.0918009281 0.109307393 0
v 0.0923836008 0.107208796 0
v 0.0916647315 0.108055115 0
v 0.091595009 0.108371884 0
v 0.0916212872 0.108211607 0
v 0.0916647315 0.109013014 0
v 0.0916212872 0.108856522 0
v 0.0944475755 0.109163895 0
v 0.0945862159 0.10853406 0
v 0.0943714976 0.107760735 0
v 0.0934875086 0.107088737 0
v 0.0936414227 0.107140601 0
v 0.0922444314 0.107292533 0
v 0.091595009 0.108696245 0
v 0.0915862173 0.10853406 0
v 0.0917248502 0.109163895 0
v 0.0945774242 0.108371884 0
v 0.093788825 0.107208796 0
v 0.0934086889 0.107071392 0
v 0.094551146 0.108856522 0
v 0.0945076942 0.109013014 0
v 0.0945774242 0.108696245 0
v 0.0944475755 0.107904233 0
v 0.0945076942 0.108055115 0
v 0.094551146 0.108211607 0
v 0.0761426464 0.106922083 0
v 0.074167423 0.106961608 0
v 0.0743288845 0.106979169 0
v 0.0645862892 0.106922083 0
v 0.0740050077 0.106961608 0
v 0.0746414214 0.107065946 0
v 0.0746531934 0.107071392 0
v 0.0736849234 0.107014082 0
v 0.0738435388 0.106979169 0
v 0.0744875073 0.107014082 0
v 0.0645862892 0.107071392 0
v 0.0735192373 0.107071392 0
v 0.0735310093 0.107065946 0
v 0.0740050077 0.109957211 0
v 0.0738435388 0.10993965 0
v 0.074167423 0.109957211 0
v 0.0736849234 0.109904736 0
v 0.0735310093 0.109852873 0
v 0.0744875073 0.109904736 0
v 0.0743288845 0.10993965 0
v 0.0729972199 0.109490961 0
v 0.0728920773 0.109367169 0
v 0.0732444376 0.109700941 0
v 0.0731151327 0.109602652 0
v 0.0733835995 0.109784678 0
v 0.0747888312 0.109784678 0
v 0.0746414214 0.109852873 0
v 0.0729972199 0.107427858 0
v 0.0731151327 0.107316166 0
v 0.0728009269 0.10768608 0
v 0.0728920773 0.107551649 0
v 0.0749279931 0.109700941 0
v 0.0751752108 0.109490961 0
v 0.0750572979 0.109602652 0
v 0.0753715038 0.109232739 0
v 0.0752803534 0.109367169 0
v 0.0751752108 0.107427858 0
v 0.0752803534 0.107551649 0
v 0.0749279931 0.107217878 0
v 0.0750572979 0.107316166 0
v 0.0725950077 0.10862159 0
v 0.072586216 0.108459413 0
v 0.0728009269 0.109232739 0
v 0.072724849 0.107829578 0
v 0.0726212859 0.108136952 0
v 0.0726647377 0.10798046 0
v 0.0754475817 0.109089248 0
v 0.0755862147 0.108459413 0
v 0.0753715038 0.10768608 0
v 0.0732444376 0.107217878 0
v 0.0733835995 0.107134141 0
v 0.0725950077 0.108297229 0
v 0.072724849 0.109089248 0
v 0.0726647377 0.108938366 0
v 0.075577423 0.108297229 0
v 0.0747888312 0.107134141 0
v 0.0726212859 0.108781867 0
v 0.0755511448 0.108781867 0
v 0.075507693 0.108938366 0
v 0.075577423 0.10862159 0
v 0.0754475817 0.107829578 0
v 0.075507693 0.10798046 0
v 0.0755511448 0.108136952 0
v 0.0518686995 0.106922083 0
v 0.0518686995 0.107071392 0
v 0.0543639697 0.107071392 0
v 0.0543837473 0.107059494 0
v 0.0545311533 0.106991291 0
v 0.0546850674 0.106939435 0
v 0.0556415692 0.106991291 0
v 0.0557889752 0.107059494 0
v 0.0554876551 0.106939435 0
v 0.0554088391 0.106922083 0
v 0.0538010746 0.107611425 0
v 0.0538922213 0.107476994 0
v 0.0565863624 0.108384758 0
v 0.0537249967 0.107754923 0
v 0.0518686995 0.110146046 0
v 0.0550051518 0.109882556 0
v 0.0548436902 0.109864995 0
v 0.0551675707 0.109882556 0
v 0.0554876551 0.109830081 0
v 0.055329036 0.109864995 0
v 0.0557889752 0.109710023 0
v 0.0556415692 0.109778225 0
v 0.056577567 0.108222581 0
v 0.0536648817 0.107905805 0
v 0.0535951555 0.108222581 0
v 0.0536214299 0.108062305 0
v 0.0539973676 0.109416306 0
v 0.0538922213 0.109292522 0
v 0.0562805012 0.109292522 0
v 0.0561753549 0.109416306 0
v 0.056577567 0.108546935 0
v 0.056057442 0.107241519 0
v 0.0561753549 0.10735321 0
v 0.0539973676 0.10735321 0
v 0.0541152805 0.107241519 0
v 0.0535951555 0.108546935 0
v 0.0535863601 0.108384758 0
v 0.0536648817 0.108863711 0
v 0.0536214299 0.108707212 0
v 0.0538010746 0.109158091 0
v 0.0542445816 0.109626293 0
v 0.0541152805 0.109528005 0
v 0.0546850674 0.109830081 0
v 0.0545311533 0.109778225 0
v 0.056057442 0.109528005 0
v 0.0559281409 0.109626293 0
v 0.0563716479 0.109158091 0
v 0.0565078408 0.108863711 0
v 0.0564477257 0.109014593 0
v 0.0565512925 0.108062305 0
v 0.0562805012 0.107476994 0
v 0.0537249967 0.109014593 0
v 0.0543837473 0.109710023 0
v 0.0565512925 0.108707212 0
v 0.0564477257 0.107754923 0
v 0.0565078408 0.107905805 0
v 0.0563716479 0.107611425 0
v 0.0558087528 0.107071392 0
v 0.0559281409 0.107143223 0
v 0.0542445816 0.107143223 0
v 0.120197736 0.11258886 0
v 0.120479882 0.112545192 0
v 0.121003926 0.112519726 0
v 0.138214663 0.112587348 0
v 0.1382415 0.11258886 0
v 0.122785173 0.112526722 0
v 0.141828045 0.141759634 0
v 0.141459823 0.142127857 0
v 0.143194988 0.117606953 0
v 0.141055301 0.142455786 0
v 0.140618861 0.142739862 0
v 0.142155975 0.141355112 0
v 0.143113166 0.138432667 0
v 0.142956346 0.11606092 0
v 0.143089816 0.116566971 0
v 0.141149819 0.1135538 0
v 0.14155525 0.113884754 0
v 0.139166847 0.143300742 0
v 0.138652772 0.143383816 0
v 0.140155256 0.142976999 0
v 0.139669493 0.143164635 0
v 0.142677188 0.140455067 0
v 0.142440051 0.140918687 0
v 0.143169641 0.117084205 0
v 0.142770708 0.115571588 0
v 0.14192386 0.114256278 0
v 0.140246645 0.113027602 0
v 0.140712023 0.113267034 0
v 0.139253795 0.112700693 0
v 0.139758781 0.112838134 0
v 0.143000916 0.139466658 0
v 0.142864823 0.139969304 0
v 0.143084005 0.138952583 0
v 0.142534941 0.11510434 0
v 0.142251626 0.114664294 0
v 0.138737202 0.112616792 0
v 0.13813284 0.143412977 0
v 0.138162687 0.143411309 0
v 0.121003926 0.143480271 0
v 0.120479882 0.143454805 0
v 0.120198764 0.143411309 0
v 0.122785173 0.143473282 0
v 0.115984283 0.138480321 0
v 0.116657436 0.115014017 0
v 0.116943821 0.114574403 0
v 0.115984283 0.117519684 0
v 0.116418689 0.115481213 0
v 0.11609409 0.116477564 0
v 0.11623022 0.115970865 0
v 0.116011813 0.13900426 0
v 0.118963771 0.112946115 0
v 0.119454153 0.112759568 0
v 0.116011813 0.116995737 0
v 0.119961388 0.112625435 0
v 0.118054904 0.113467678 0
v 0.118495636 0.113183022 0
v 0.117274702 0.114167221 0
v 0.117646426 0.113796957 0
v 0.11623022 0.140029132 0
v 0.11609409 0.139522433 0
v 0.118054904 0.142532319 0
v 0.117646426 0.142203048 0
v 0.116943821 0.141425595 0
v 0.116657436 0.140985981 0
v 0.117274702 0.141832769 0
v 0.118963771 0.143053889 0
v 0.118495636 0.142816976 0
v 0.116418689 0.140518785 0
v 0.119454153 0.143240437 0
v 0.119961388 0.143374562 0
v 0.17044498 0.117694378 0
v 0.17044498 0.138305619 0
v 0.169166833 0.114355542 0
v 0.169494674 0.114761807 0
v 0.168393433 0.11365623 0
v 0.168798417 0.113985673 0
v 0.165985852 0.112723716 0
v 0.166501179 0.112807207 0
v 0.159585848 0.112671316 0
v 0.165464625 0.112694412 0
v 0.170417726 0.117173031 0
v 0.167491809 0.113132529 0
v 0.167956308 0.113370813 0
v 0.167005002 0.11294397 0
v 0.169166833 0.141644463 0
v 0.168798417 0.142014325 0
v 0.170014828 0.11566548 0
v 0.17020148 0.116153024 0
v 0.169494674 0.141238198 0
v 0.170336261 0.139342621 0
v 0.17020148 0.139846981 0
v 0.170417726 0.138826966 0
v 0.169778377 0.11520005 0
v 0.169778377 0.140799955 0
v 0.170014828 0.140334517 0
v 0.170336261 0.116657376 0
v 0.165985852 0.143276289 0
v 0.165464625 0.143305585 0
v 0.167491809 0.142867476 0
v 0.167005002 0.143056035 0
v 0.168393433 0.142343774 0
v 0.167956308 0.142629191 0
v 0.166501179 0.143192798 0
v 0.151113659 0.138322651 0
v 0.156214535 0.112658069 0
v 0.154668495 0.112896711 0
v 0.155174553 0.112763248 0
v 0.153271869 0.113601431 0
v 0.153711915 0.113318115 0
v 0.152492329 0.1142978 0
v 0.15286386 0.11392919 0
v 0.15119493 0.117638387 0
v 0.152397022 0.141686976 0
v 0.152066216 0.141278043 0
v 0.155691788 0.112683408 0
v 0.154179171 0.113082349 0
v 0.151874617 0.115141034 0
v 0.152161375 0.114703231 0
v 0.151445717 0.116094276 0
v 0.151635185 0.115606412 0
v 0.151139259 0.138847992 0
v 0.15276894 0.142058894 0
v 0.151308268 0.116599262 0
v 0.151224375 0.117115855 0
v 0.151780218 0.140836611 0
v 0.151542172 0.140367597 0
v 0.153177872 0.142389685 0
v 0.155088156 0.143235996 0
v 0.154579744 0.1431012 0
v 0.1513547 0.139876157 0
v 0.151219904 0.139367744 0
v 0.154088303 0.142913744 0
v 0.153619289 0.142675683 0
v 0.155607909 0.143316656 0
v 0.159585848 0.143328682 0
v 0.156133264 0.143342257 0
v 0.0877188444 0.112634197 0
v 0.0878119171 0.11260926 0
v 0.0888514742 0.112499997 0
v 0.102984287 0.112499997 0
v 0.0883288309 0.112527393 0
v 0.0879407451 0.11258886 0
v 0.103506923 0.112527393 0
v 0.103895009 0.11258886 0
v 0.102984287 0.1435 0
v 0.103506923 0.143472612 0
v 0.0883288309 0.143472612 0
v 0.0879417509 0.143411309 0
v 0.0888514742 0.1435 0
v 0.109857529 0.143411309 0
v 0.103894003 0.143411309 0
v 0.0878119171 0.143390745 0
v 0.0838514715 0.138500005 0
v 0.0838788599 0.139022648 0
v 0.0838514715 0.1175 0
v 0.0838788599 0.116977356 0
v 0.0848063901 0.141438931 0
v 0.0845213458 0.141000003 0
v 0.0839607343 0.139539555 0
v 0.0842837468 0.140533686 0
v 0.0855058208 0.142215729 0
v 0.0851357505 0.141845658 0
v 0.0863514692 0.142830133 0
v 0.085912548 0.142545089 0
v 0.0873063877 0.112744719 0
v 0.0840961933 0.140045092 0
v 0.0868177861 0.143067732 0
v 0.0877188444 0.1433658 0
v 0.0873063877 0.143255278 0
v 0.0868177861 0.112932272 0
v 0.085912548 0.113454916 0
v 0.0863514692 0.113169871 0
v 0.0851357505 0.114154346 0
v 0.0855058208 0.113784276 0
v 0.0845213458 0.115000002 0
v 0.0848063901 0.114561073 0
v 0.0840961933 0.115954913 0
v 0.0842837468 0.115466319 0
v 0.0839607343 0.116460443 0
v 0.0645862892 0.112499997 0
v 0.070851475 0.112499997 0
v 0.0713741183 0.112527393 0
v 0.0717621967 0.11258886 0
v 0.0758514702 0.1175 0
v 0.0758514702 0.138500005 0
v 0.0758240819 0.116977356 0
v 0.0754192024 0.140533686 0
v 0.075181596 0.141000003 0
v 0.0758240819 0.139022648 0
v 0.0741971284 0.142215729 0
v 0.0737904012 0.142545089 0
v 0.0748965591 0.141438931 0
v 0.0745671988 0.141845658 0
v 0.0756067559 0.140045092 0
v 0.0757422075 0.116460443 0
v 0.0745671988 0.114154346 0
v 0.0748965591 0.114561073 0
v 0.0723965541 0.143255278 0
v 0.0718910322 0.143390745 0
v 0.0733514726 0.142830133 0
v 0.0757422075 0.139539555 0
v 0.0741971284 0.113784276 0
v 0.0728851557 0.112932272 0
v 0.0733514726 0.113169871 0
v 0.0728851557 0.143067732 0
v 0.0756067559 0.115954913 0
v 0.075181596 0.115000002 0
v 0.0754192024 0.115466319 0
v 0.0737904012 0.113454916 0
v 0.0723965541 0.112744719 0
v 0.0718910322 0.11260926 0
v 0.070851475 0.1435 0
v 0.0713741183 0.143472612 0
v 0.0717611909 0.143411309 0
v 0.0645862892 0.1435 0
v 0.0551510341 0.1435 0
v 0.0518686995 0.143607751 0
v 0.0546283945 0.143472612 0
v 0.0542413183 0.143411309 0
v 0.0518686995 0.143411309 0
v 0.054111477 0.143390745 0
v 0.0531173535 0.143067732 0
v 0.0526510365 0.142830133 0
v 0.0536059514 0.143255278 0
v 0.0522121079 0.142545089 0
v 0.0518686995 0.11258886 0
v 0.0522121079 0.113454916 0
v 0.0526510365 0.113169871 0
v 0.0536059514 0.112744719 0
v 0.054111477 0.11260926 0
v 0.0531173535 0.112932272 0
v 0.0518686995 0.113733001 0
v 0.0551510341 0.112499997 0
v 0.0546283945 0.112527393 0
v 0.0542403087 0.11258886 0
v 0.185668215 0.143482521 0
v 0.185549855 0.143411309 0
v 0.185966551 0.143607751 0
v 0.185864761 0.143573448 0
v 0.110186689 0.127318814 0
v 0.109950863 0.127095431 0
v 0.110445291 0.127515391 0
v 0.111966431 0.128027931 0
v 0.111643501 0.127992809 0
v 0.112291269 0.128027931 0
v 0.114357531 0.127035737 0
v 0.114306837 0.127095431 0
v 0.110723622 0.127682865 0
v 0.111326262 0.127922982 0
v 0.111018434 0.127819255 0
v 0.112931438 0.127922982 0
v 0.112614192 0.127992809 0
v 0.114071012 0.127318814 0
v 0.113534078 0.127682865 0
v 0.113239266 0.127819255 0
v 0.113812409 0.127515391 0
v 0.107984282 0.138500005 0
v 0.109146439 0.125356689 0
v 0.109128848 0.125032321 0
v 0.10632994 0.142215729 0
v 0.105923213 0.142545089 0
v 0.107875019 0.139539555 0
v 0.107739568 0.140045092 0
v 0.107984282 0.1175 0
v 0.105484284 0.142830133 0
v 0.107314408 0.141000003 0
v 0.107029371 0.141438931 0
v 0.107552014 0.140533686 0
v 0.107956894 0.139022648 0
v 0.105923213 0.113454916 0
v 0.10632994 0.113784276 0
v 0.104529366 0.143255278 0
v 0.104023844 0.143390745 0
v 0.105017968 0.143067732 0
v 0.106700011 0.141845658 0
v 0.107739568 0.115954913 0
v 0.10974057 0.123216808 0
v 0.109857529 0.123079106 0
v 0.106700011 0.114154346 0
v 0.107029371 0.114561073 0
v 0.105484284 0.113169871 0
v 0.104529366 0.112744719 0
v 0.105017968 0.112932272 0
v 0.104023844 0.11260926 0
v 0.109406121 0.123772658 0
v 0.107875019 0.116460443 0
v 0.107956894 0.116977356 0
v 0.109285891 0.125990227 0
v 0.109198987 0.125677243 0
v 0.109857529 0.12698555 0
v 0.10974057 0.126847848 0
v 0.107552014 0.115466319 0
v 0.109285891 0.124074422 0
v 0.109406121 0.12629199 0
v 0.109558277 0.126578987 0
v 0.107314408 0.115000002 0
v 0.109198987 0.124387413 0
v 0.109558277 0.123485669 0
v 0.109146439 0.124707974 0
v 0.110723622 0.122381791 0
v 0.111018434 0.122245401 0
v 0.112931438 0.122141682 0
v 0.113239266 0.122245401 0
v 0.111326262 0.122141682 0
v 0.111643501 0.122071847 0
v 0.110445291 0.122549258 0
v 0.113534078 0.122381791 0
v 0.112291269 0.122036725 0
v 0.112614192 0.122071847 0
v 0.111966431 0.122036725 0
v 0.114071012 0.122745842 0
v 0.114306837 0.122969232 0
v 0.113812409 0.122549258 0
v 0.109950863 0.122969232 0
v 0.110186689 0.122745842 0
v 0.11451713 0.126847848 0
v 0.114699423 0.126578987 0
v 0.115111262 0.125356689 0
v 0.115058713 0.125677243 0
v 0.114851579 0.12629199 0
v 0.114971809 0.125990227 0
v 0.115128852 0.125032321 0
v 0.115058713 0.124387413 0
v 0.115111262 0.124707974 0
v 0.11451713 0.123216808 0
v 0.114699423 0.123485669 0
v 0.114357531 0.123028912 0
v 0.114851579 0.123772658 0
v 0.114971809 0.124074422 0
v 0.056577567 0.14745307 0
v 0.0565863624 0.147615239 0
v 0.0645862892 0.148928612 0
v 0.0565512925 0.1479377 0
v 0.0565078408 0.148094192 0
v 0.056577567 0.147777423 0
v 0.0564477257 0.148245081 0
v 0.0565512925 0.147292793 0
v 0.0564477257 0.146985412 0
v 0.0565078408 0.147136286 0
v 0.0557889752 0.146289974 0
v 0.0559281409 0.146373704 0
v 0.0554876551 0.146169916 0
v 0.0556415692 0.146221772 0
v 0.0562805012 0.148523003 0
v 0.0561753549 0.148646787 0
v 0.0563716479 0.146841913 0
v 0.0551675707 0.146117449 0
v 0.055329036 0.146135002 0
v 0.0563716479 0.148388579 0
v 0.056057442 0.146471992 0
v 0.0561753549 0.146583691 0
v 0.0550051518 0.146117449 0
v 0.0542445816 0.146373704 0
v 0.0543837473 0.146289974 0
v 0.0518686995 0.148928612 0
v 0.0535863601 0.147615239 0
v 0.0562805012 0.146707475 0
v 0.0546850674 0.146169916 0
v 0.0548436902 0.146135002 0
v 0.0545311533 0.146221772 0
v 0.0539973676 0.146583691 0
v 0.0541152805 0.146471992 0
v 0.0535951555 0.14745307 0
v 0.0536214299 0.1479377 0
v 0.0535951555 0.147777423 0
v 0.056057442 0.148758486 0
v 0.0559281409 0.148856774 0
v 0.0538010746 0.146841913 0
v 0.0538922213 0.146707475 0
v 0.0536214299 0.147292793 0
v 0.0536648817 0.148094192 0
v 0.0539973676 0.148646787 0
v 0.0538922213 0.148523003 0
v 0.0537249967 0.146985412 0
v 0.0536648817 0.147136286 0
v 0.0537249967 0.148245081 0
v 0.0538010746 0.148388579 0
v 0.0542445816 0.148856774 0
v 0.0541152805 0.148758486 0
v 0.0543639697 0.148928612 0
v 0.168530568 0.145773858 0
v 0.168684483 0.145722002 0
v 0.168383166 0.14584206 0
v 0.159585848 0.145853952 0
v 0.168363392 0.145853952 0
v 0.169328451 0.145687088 0
v 0.169408247 0.145704657 0
v 0.169166982 0.14566952 0
v 0.16900456 0.14566952 0
v 0.168763295 0.145704657 0
v 0.168843105 0.145687088 0
v 0.177595407 0.145704657 0
v 0.169487074 0.145722002 0
v 0.16978839 0.14584206 0
v 0.169808164 0.145853952 0
v 0.169640988 0.145773858 0
v 0.159585848 0.148928612 0
v 0.167594567 0.147329509 0
v 0.167585775 0.147167325 0
v 0.177595407 0.148928612 0
v 0.177595407 0.145853952 0
v 0.170585781 0.147167325 0
v 0.167594567 0.147005156 0
v 0.170576975 0.147005156 0
v 0.167620838 0.146844864 0
v 0.167664289 0.146688372 0
v 0.167620838 0.147489786 0
v 0.170576975 0.147329509 0
v 0.167800486 0.146393999 0
v 0.167891636 0.146259561 0
v 0.167724416 0.147797167 0
v 0.167664289 0.147646278 0
v 0.167996779 0.148198873 0
v 0.167891636 0.148075089 0
v 0.168383166 0.14849259 0
v 0.168243989 0.14840886 0
v 0.16900456 0.14866513 0
v 0.168843105 0.148647562 0
v 0.169166982 0.14866513 0
v 0.170371056 0.147940651 0
v 0.17027992 0.148075089 0
v 0.170550704 0.147489786 0
v 0.170507252 0.147646278 0
v 0.170550704 0.146844864 0
v 0.167724416 0.146537498 0
v 0.167800486 0.147940651 0
v 0.168530568 0.148560792 0
v 0.169487074 0.148612648 0
v 0.169328451 0.148647562 0
v 0.17005685 0.148310572 0
v 0.169927552 0.14840886 0
v 0.170447141 0.147797167 0
v 0.170447141 0.146537498 0
v 0.170507252 0.146688372 0
v 0.170174763 0.146135777 0
v 0.17027992 0.146259561 0
v 0.167996779 0.146135777 0
v 0.168114692 0.146024078 0
v 0.168114692 0.148310572 0
v 0.168684483 0.148612648 0
v 0.16978839 0.14849259 0
v 0.170174763 0.148198873 0
v 0.170371056 0.146393999 0
v 0.168243989 0.14592579 0
v 0.169640988 0.148560792 0
v 0.17005685 0.146024078 0
v 0.169927552 0.14592579 0
v 0.145890474 0.148928612 0
v 0.148594707 0.147404164 0
v 0.148585916 0.14724198 0
v 0.145890474 0.145853952 0
v 0.148594707 0.147079796 0
v 0.148620993 0.146919519 0
v 0.148664445 0.146763027 0
v 0.148620993 0.147564441 0
v 0.148800641 0.146468654 0
v 0.148891777 0.146334216 0
v 0.148724556 0.147871807 0
v 0.148664445 0.147720933 0
v 0.148996934 0.148273528 0
v 0.148891777 0.148149744 0
v 0.148724556 0.146612152 0
v 0.148800641 0.148015305 0
v 0.149383307 0.148567244 0
v 0.149244145 0.148483515 0
v 0.149244145 0.146000445 0
v 0.149383307 0.145916715 0
v 0.148996934 0.146210432 0
v 0.149114847 0.146098733 0
v 0.149114847 0.148385227 0
v 0.149530709 0.148635447 0
v 0.149849772 0.148928612 0
v 0.149684623 0.148687303 0
v 0.149849772 0.148722932 0
v 0.149843246 0.148722216 0
v 0.149684623 0.145796657 0
v 0.149518952 0.145853952 0
v 0.149843246 0.145761743 0
v 0.149530709 0.145848513 0
v 0.150167122 0.145744175 0
v 0.150641128 0.145848513 0
v 0.1506529 0.145853952 0
v 0.150328591 0.145761743 0
v 0.149849772 0.145761028 0
v 0.150004715 0.145744175 0
v 0.150487214 0.145796657 0
v 0.151585922 0.14724198 0
v 0.15157713 0.147079796 0
v 0.15157713 0.147404164 0
v 0.151371211 0.148015305 0
v 0.15128006 0.148149744 0
v 0.151550859 0.147564441 0
v 0.151507407 0.147720933 0
v 0.151550859 0.146919519 0
v 0.151447281 0.147871807 0
v 0.151447281 0.146612152 0
v 0.151507407 0.146763027 0
v 0.151174918 0.146210432 0
v 0.15128006 0.146334216 0
v 0.150487214 0.148687303 0
v 0.150328591 0.148722216 0
v 0.151057005 0.148385227 0
v 0.150927708 0.148483515 0
v 0.151174918 0.148273528 0
v 0.151371211 0.146468654 0
v 0.150167122 0.148739785 0
v 0.150004715 0.148739785 0
v 0.150788531 0.148567244 0
v 0.151057005 0.146098733 0
v 0.150788531 0.145916715 0
v 0.150641128 0.148635447 0
v 0.150927708 0.146000445 0
v 0.131004855 0.14581883 0
v 0.131167278 0.14581883 0
v 0.130843401 0.145836398 0
v 0.131328747 0.145836398 0
v 0.131408542 0.145853952 0
v 0.13076359 0.145853952 0
v 0.129594862 0.147478804 0
v 0.129586071 0.147316635 0
v 0.129594862 0.14715445 0
v 0.129621133 0.146994174 0
v 0.129664585 0.146837682 0
v 0.129621133 0.147639081 0
v 0.13257727 0.14715445 0
v 0.132586062 0.147316635 0
v 0.129800782 0.146543294 0
v 0.129891932 0.146408871 0
v 0.129724711 0.147946462 0
v 0.129664585 0.147795588 0
v 0.129997075 0.148348182 0
v 0.129891932 0.148224398 0
v 0.130383462 0.148641899 0
v 0.130244285 0.14855817 0
v 0.131004855 0.148814425 0
v 0.130843401 0.148796871 0
v 0.131328747 0.148796871 0
v 0.131167278 0.148814425 0
v 0.13257727 0.147478804 0
v 0.130244285 0.1460751 0
v 0.130383462 0.14599137 0
v 0.129724711 0.146686792 0
v 0.129800782 0.14808996 0
v 0.130530864 0.148710102 0
v 0.131487355 0.148761958 0
v 0.132057145 0.148459882 0
v 0.131927848 0.14855817 0
v 0.132371351 0.14808996 0
v 0.132280201 0.148224398 0
v 0.132551 0.147639081 0
v 0.132507548 0.147795588 0
v 0.132551 0.146994174 0
v 0.130530864 0.145923167 0
v 0.129997075 0.146285087 0
v 0.130114987 0.146173388 0
v 0.130114987 0.148459882 0
v 0.130684778 0.148761958 0
v 0.131788686 0.148641899 0
v 0.132447436 0.147946462 0
v 0.132447436 0.146686792 0
v 0.132507548 0.146837682 0
v 0.132175058 0.146285087 0
v 0.132280201 0.146408871 0
v 0.131641269 0.148710102 0
v 0.132175058 0.148348182 0
v 0.132371351 0.146543294 0
v 0.132057145 0.146173388 0
v 0.131641269 0.145923167 0
v 0.131788686 0.14599137 0
v 0.131487355 0.145871311 0
v 0.131927848 0.1460751 0
v 0.130684778 0.145871311 0
v 0.0931674242 0.145968139 0
v 0.0933288857 0.145985693 0
v 0.093005009 0.145968139 0
v 0.093788825 0.146140665 0
v 0.0939279944 0.146224409 0
v 0.0934875086 0.146020606 0
v 0.0936414227 0.146072477 0
v 0.0926849246 0.146020606 0
v 0.09284354 0.145985693 0
v 0.092115134 0.146322697 0
v 0.0922444314 0.146224409 0
v 0.0923836008 0.146140665 0
v 0.0945774242 0.14730376 0
v 0.0945862159 0.147465929 0
v 0.0925310105 0.146072477 0
v 0.0940572917 0.146322697 0
v 0.0941752046 0.146434382 0
v 0.0915862173 0.147465929 0
v 0.0945774242 0.147628114 0
v 0.0918920785 0.14655818 0
v 0.0919972211 0.146434382 0
v 0.091595009 0.147628114 0
v 0.0939279944 0.148707464 0
v 0.093788825 0.148791209 0
v 0.094551146 0.147788391 0
v 0.0945076942 0.147944883 0
v 0.094551146 0.147143483 0
v 0.0942803547 0.14655818 0
v 0.0943714976 0.146692604 0
v 0.091595009 0.14730376 0
v 0.0925310105 0.148859397 0
v 0.0923836008 0.148791209 0
v 0.0940572917 0.148609176 0
v 0.0944475755 0.146836102 0
v 0.0945076942 0.146986991 0
v 0.0917248502 0.146836102 0
v 0.0918009281 0.146692604 0
v 0.0916212872 0.147143483 0
v 0.0916647315 0.146986991 0
v 0.0916212872 0.147788391 0
v 0.092115134 0.148609176 0
v 0.0919972211 0.148497492 0
v 0.0922444314 0.148707464 0
v 0.0936414227 0.148859397 0
v 0.0942803547 0.148373693 0
v 0.0941752046 0.148497492 0
v 0.0917248502 0.148095772 0
v 0.0916647315 0.147944883 0
v 0.0927637368 0.148928612 0
v 0.0926849246 0.148911268 0
v 0.0918920785 0.148373693 0
v 0.0918009281 0.14823927 0
v 0.0934875086 0.148911268 0
v 0.0944475755 0.148095772 0
v 0.0943714976 0.14823927 0
v 0.0747888312 0.14621532 0
v 0.0749279931 0.146299049 0
v 0.074167423 0.146042794 0
v 0.0743288845 0.146060348 0
v 0.0740050077 0.146042794 0
v 0.0746414214 0.146147117 0
v 0.0736849234 0.146095261 0
v 0.0738435388 0.146060348 0
v 0.0731151327 0.146397352 0
v 0.0732444376 0.146299049 0
v 0.0744875073 0.146095261 0
v 0.0733835995 0.14621532 0
v 0.075577423 0.147378415 0
v 0.0755862147 0.147540584 0
v 0.0735310093 0.146147117 0
v 0.0750572979 0.146397352 0
v 0.0751752108 0.146509036 0
v 0.072586216 0.147540584 0
v 0.075577423 0.147702768 0
v 0.0728920773 0.146632835 0
v 0.0729972199 0.146509036 0
v 0.0725950077 0.147702768 0
v 0.0755511448 0.147863045 0
v 0.075507693 0.148019537 0
v 0.0755511448 0.147218138 0
v 0.0752803534 0.146632835 0
v 0.0753715038 0.146767259 0
v 0.0725950077 0.147378415 0
v 0.0754475817 0.146910757 0
v 0.075507693 0.147061631 0
v 0.072724849 0.146910757 0
v 0.0728009269 0.146767259 0
v 0.0726212859 0.147218138 0
v 0.0726647377 0.147061631 0
v 0.0726212859 0.147863045 0
v 0.0735192373 0.148928612 0
v 0.0733835995 0.148865864 0
v 0.0749279931 0.148782119 0
v 0.0747888312 0.148865864 0
v 0.072724849 0.148170426 0
v 0.0726647377 0.148019537 0
v 0.0731151327 0.148683831 0
v 0.0729972199 0.148572132 0
v 0.0732444376 0.148782119 0
v 0.0750572979 0.148683831 0
v 0.0752803534 0.148448348 0
v 0.0751752108 0.148572132 0
v 0.0728920773 0.148448348 0
v 0.0728009269 0.148313925 0
v 0.0754475817 0.148170426 0
v 0.0753715038 0.148313925 0
v 0.0156608541 0.106922083 0
v 0.0138844848 0.107863858 0
v 0.0117784059 0.109291814 0
v 0.0153792351 0.107071392 0
v 0.0107727293 0.110146046 0
v 0.0105969543 0.110295348 0
v 0.00983906258 0.110939108 0
v 0.00948907249 0.11130859 0
v 0.0368757918 0.121456251 0
v 0.05110595 0.114561073 0
v 0.0514353104 0.114154346 0
v 0.0508209094 0.115000002 0
v 0.0503957532 0.115954913 0
v 0.0505833067 0.115466319 0
v 0.0518053845 0.113784276 0
v 0.0375195406 0.122670494 0
v 0.0501784272 0.116977356 0
v 0.050260298 0.116460443 0
v 0.0380282328 0.123947218 0
v 0.0501510352 0.1175 0
v 0.0352148078 0.119271271 0
v 0.0361045338 0.120318733 0
v 0.033122953 0.117494427 0
v 0.0342170484 0.118326142 0
v 0.0082763359 0.11258886 0
v 0.0253128335 0.115325958 0
v 0.0266871657 0.115325958 0
v 0.0188770462 0.117494427 0
v 0.0200546533 0.116785884 0
v 0.00827648677 0.143411309 0
v 0.0266871657 0.14067404 0
v 0.0368757918 0.134543747 0
v 0.0508209094 0.141000003 0
v 0.0505833067 0.140533686 0
v 0.0514353104 0.141845658 0
v 0.0213019643 0.116208822 0
v 0.028053442 0.140525445 0
v 0.0306980349 0.139791176 0
v 0.0293956455 0.14023 0
v 0.0503957532 0.140045092 0
v 0.05110595 0.141438931 0
v 0.0383959077 0.125271454 0
v 0.038618248 0.126627684 0
v 0.0306980349 0.116208822 0
v 0.0319453478 0.116785884 0
v 0.028053442 0.115474552 0
v 0.0293956455 0.11576999 0
v 0.0239465572 0.115474552 0
v 0.0226043556 0.11576999 0
v 0.0158954654 0.120318733 0
v 0.0167851914 0.119271271 0
v 0.00654930854 0.114812106 0
v 0.0151242083 0.121456251 0
v 0.00523746712 0.116992399 0
v 0.0144804595 0.122670494 0
v 0.033122953 0.138505563 0
v 0.0319453478 0.139214113 0
v 0.0352148078 0.136728734 0
v 0.0342170484 0.137673855 0
v 0.0361045338 0.135681272 0
v 0.0518686995 0.142267004 0
v 0.0518053845 0.142215729 0
v 0.0501510352 0.138500005 0
v 0.038618248 0.129372314 0
v 0.0383959077 0.130728543 0
v 0.0386926532 0.128000006 0
v 0.00808919128 0.11278642 0
v 0.00416904688 0.119301751 0
v 0.0139717665 0.123947218 0
v 0.0025344647 0.12672773 0
v 0.0025344647 0.129272267 0
v 0.013307346 0.128000006 0
v 0.050260298 0.139539555 0
v 0.0501784272 0.139022648 0
v 0.0177829508 0.118326142 0
v 0.00335657527 0.121713087 0
v 0.00280957669 0.124198124 0
v 0.0136040933 0.125271454 0
v 0.0133817513 0.126627684 0
v 0.00416904688 0.136698246 0
v 0.0144804595 0.133329511 0
v 0.0139717665 0.132052779 0
v 0.0158954654 0.135681272 0
v 0.00808919128 0.143213585 0
v 0.0253128335 0.14067404 0
v 0.0239465572 0.140525445 0
v 0.0375195406 0.133329511 0
v 0.00280957669 0.131801873 0
v 0.0133817513 0.129372314 0
v 0.00335657527 0.13428691 0
v 0.00654930854 0.141187891 0
v 0.0151242083 0.134543747 0
v 0.0177829508 0.137673855 0
v 0.0167851914 0.136728734 0
v 0.0226043556 0.14023 0
v 0.0213019643 0.139791176 0
v 0.0380282328 0.132052779 0
v 0.0136040933 0.130728543 0
v 0.00523746712 0.139007598 0
v 0.0188770462 0.138505563 0
v 0.0200546533 0.139214113 0
v 0.00846257154 0.143607751 0
v 0.00983906258 0.145060897 0
v 0.0105969543 0.145704657 0
v 0.0107727293 0.145853952 0
v 0.0138844848 0.148136139 0
v 0.0153792351 0.148928612 0
v 0.0117784059 0.14670819 0
v 0.020948194 0.150950581 0
v 0.0234592035 0.15136224 0
v 0.0161326062 0.149328023 0
v 0.0260000005 0.151500002 0
v 0.0184964146 0.150269851 0
v 0.0645862892 0.151348397 0
v 0.0554876551 0.149060562 0
v 0.055329036 0.149095476 0
v 0.0518686995 0.151398361 0
v 0.0550051518 0.149113044 0
v 0.0548436902 0.149095476 0
v 0.0557889752 0.148940504 0
v 0.0556415692 0.149008706 0
v 0.0543837473 0.148940504 0
v 0.0546850674 0.149060562 0
v 0.0545311533 0.149008706 0
v 0.0551675707 0.149113044 0
v 0.0558087528 0.148928612 0
v 0.0761426464 0.151302978 0
v 0.0738435388 0.149020836 0
v 0.0736849234 0.148985907 0
v 0.0740050077 0.149038389 0
v 0.0735310093 0.148934051 0
v 0.074167423 0.149038389 0
v 0.0744875073 0.148985907 0
v 0.0743288845 0.149020836 0
v 0.0746531934 0.148928612 0
v 0.0746414214 0.148934051 0
v 0.0831426457 0.151275486 0
v 0.0877188444 0.1512575 0
v 0.09284354 0.148946181 0
v 0.093005009 0.148963735 0
v 0.109857529 0.151170522 0
v 0.0933288857 0.148946181 0
v 0.0934086889 0.148928612 0
v 0.0931674242 0.148963735 0
v 0.114357531 0.151152834 0
v 0.115556568 0.151148126 0
v 0.122785173 0.151119724 0
v 0.145890474 0.151028946 0
v 0.149849772 0.151013389 0
v 0.159585848 0.150975123 0
v 0.177595407 0.150904372 0
v 0.183919445 0.150879517 0
v 0.186086804 0.150076717 0
v 0.187098503 0.149515137 0
v 0.185023487 0.15053308 0
v 0.187941134 0.148928612 0
v 0.188048199 0.148854092 0
v 0.188926145 0.148100346 0
v 0.189723343 0.147261664 0
v 0.190431595 0.146346629 0
v 0.190738678 0.145853952 0
v 0.190831736 0.145704657 0
v 0.186496764 0.143712565 0
v 0.186281472 0.143689156 0
v 0.186713308 0.143712565 0
v 0.187140092 0.143642604 0
v 0.1869286 0.143689156 0
v 0.19104366 0.145364642 0
v 0.187243521 0.143607751 0
v 0.18606998 0.143642604 0
v 0.19155322 0.144325778 0
v 0.191819146 0.143607751 0
v 0.191891894 0.143411309 0
v 0.187660217 0.143411309 0
v 0.187541857 0.143482521 0
v 0.187345311 0.143573448 0
v 0.186713308 0.116281569 0
v 0.186496764 0.116281569 0
v 0.186496764 0.139718428 0
v 0.185864761 0.116142452 0
v 0.185668215 0.116051525 0
v 0.186281472 0.116258152 0
v 0.18606998 0.116211601 0
v 0.186713308 0.139718428 0
v 0.18855828 0.14214544 0
v 0.188500345 0.142354101 0
v 0.1869286 0.116258152 0
v 0.187345311 0.116142452 0
v 0.187140092 0.116211601 0
v 0.187727407 0.115939878 0
v 0.187541857 0.116051525 0
v 0.19195509 0.143240675 0
v 0.192245111 0.14212051 0
v 0.188593313 0.141931742 0
v 0.192420319 0.140976727 0
v 0.188593313 0.141499266 0
v 0.18860504 0.141715497 0
v 0.192478925 0.139821097 0
v 0.188500345 0.141076893 0
v 0.18855828 0.141285554 0
v 0.188420191 0.140875727 0
v 0.188057035 0.1156599 0
v 0.1869286 0.139741853 0
v 0.185482666 0.115939878 0
v 0.185310259 0.115808822 0
v 0.18606998 0.139788404 0
v 0.185012847 0.115494847 0
v 0.186281472 0.139741853 0
v 0.185153052 0.1156599 0
v 0.188420191 0.142555282 0
v 0.188318744 0.142746612 0
v 0.184651792 0.113854557 0
v 0.184709728 0.113645896 0
v 0.192478925 0.1161789 0
v 0.188197225 0.115494847 0
v 0.187899813 0.115808822 0
v 0.184891328 0.115315609 0
v 0.192420319 0.11502327 0
v 0.18855828 0.114714444 0
v 0.184651792 0.141285554 0
v 0.184709728 0.141076893 0
v 0.188197225 0.142925844 0
v 0.188197225 0.14050515 0
v 0.188318744 0.140684396 0
v 0.188057035 0.140340105 0
v 0.185153052 0.112909101 0
v 0.185310259 0.112760179 0
v 0.184616759 0.114068262 0
v 0.184616759 0.114500739 0
v 0.184605032 0.1142845 0
v 0.184789881 0.115124278 0
v 0.184709728 0.114923105 0
v 0.188420191 0.115124278 0
v 0.188318744 0.115315609 0
v 0.188500345 0.114923105 0
v 0.192245111 0.113879494 0
v 0.18860504 0.1142845 0
v 0.18855828 0.113854557 0
v 0.19195509 0.112759322 0
v 0.191891953 0.11258886 0
v 0.187727407 0.112629123 0
v 0.187899813 0.112760179 0
v 0.184789881 0.140875727 0
v 0.184891328 0.140684396 0
v 0.184616759 0.141499266 0
v 0.184616759 0.141931742 0
v 0.184605032 0.141715497 0
v 0.184789881 0.142555282 0
v 0.184709728 0.142354101 0
v 0.187140092 0.139788404 0
v 0.187345311 0.139857545 0
v 0.185482666 0.112629123 0
v 0.184651792 0.114714444 0
v 0.188593313 0.114500739 0
v 0.188593313 0.114068262 0
v 0.188420191 0.113444723 0
v 0.188500345 0.113645896 0
v 0.187660486 0.11258886 0
v 0.184651792 0.14214544 0
v 0.188057035 0.143090904 0
v 0.187899813 0.143239826 0
v 0.187727407 0.140060127 0
v 0.187899813 0.140191182 0
v 0.187541857 0.139948472 0
v 0.185012847 0.113074154 0
v 0.184789881 0.113444723 0
v 0.184891328 0.113253392 0
v 0.188197225 0.113074154 0
v 0.188318744 0.113253392 0
v 0.188057035 0.112909101 0
v 0.185668215 0.139948472 0
v 0.185864761 0.139857545 0
v 0.185012847 0.14050515 0
v 0.185012847 0.142925844 0
v 0.184891328 0.142746612 0
v 0.185482666 0.140060127 0
v 0.185153052 0.140340105 0
v 0.185310259 0.140191182 0
v 0.185153052 0.143090904 0
v 0.185482666 0.143370882 0
v 0.185310259 0.143239826 0
v 0.187727407 0.143370882 0
v 0.185549587 0.11258886 0
v 0.191373885 0.11130859 0
v 0.187541857 0.112517476 0
v 0.19155322 0.111674227 0
v 0.186496764 0.112287432 0
v 0.187345311 0.112426549 0
v 0.1869286 0.112310849 0
v 0.187140092 0.1123574 0
v 0.186281472 0.112310849 0
v 0.186713308 0.112287432 0
v 0.185864761 0.112426549 0
v 0.18606998 0.1123574 0
v 0.185668215 0.112517476 0
v 0.19104366 0.110635355 0
v 0.190831736 0.110295348 0
v 0.190738678 0.110146046 0
v 0.188048199 0.107145913 0
v 0.187941134 0.107071392 0
v 0.188926145 0.107899651 0
v 0.189723343 0.10873834 0
v 0.190431595 0.109653369 0
v 0.187726647 0.106922083 0
v 0.187098503 0.10648486 0
v 0.185023487 0.105466925 0
v 0.183919445 0.10512048 0
v 0.186086804 0.10592328 0
v 0.177595407 0.105095632 0
v 0.159585848 0.105024874 0
v 0.149849772 0.104986615 0
v 0.145890474 0.104971059 0
v 0.122785173 0.104880281 0
v 0.115556568 0.104851879 0
v 0.114357531 0.104847163 0
v 0.109857529 0.104829483 0
v 0.0877188444 0.104742497 0
v 0.0831426457 0.104724519 0
v 0.0761426464 0.104697019 0
v 0.0645862892 0.104651608 0
v 0.0518686995 0.104601644 0
v 0.055329036 0.106904522 0
v 0.0551675707 0.106886961 0
v 0.0547638871 0.106922083 0
v 0.0550051518 0.106886961 0
v 0.0548436902 0.106904522 0
v 0.0234592035 0.104637757 0
v 0.0184964146 0.105730154 0
v 0.0161326062 0.106671974 0
v 0.020948194 0.105049416 0
v 0.0260000005 0.104500003 0
v 0.113620058 0.124870151 0.00499999989
v 0.113628849 0.125032321 0.00499999989
v 0.113628849 0.125032321 0.00170000002
v 0.11359378 0.124709874 0.00170000002
v 0.11359378 0.124709874 0.00499999989
v 0.113607533 0.124793753 0.00499999989
v 0.113620058 0.124870151 0.00170000002
v 0.113550328 0.124553375 0.00499999989
v 0.113490209 0.124402493 0.00499999989
v 0.113550328 0.124553375 0.00170000002
v 0.113414139 0.124258995 0.00499999989
v 0.113490209 0.124402493 0.00170000002
v 0.113322988 0.124124564 0.00499999989
v 0.113414139 0.124258995 0.00170000002
v 0.113217846 0.12400078 0.00499999989
v 0.113322988 0.124124564 0.00170000002
v 0.113099925 0.123889081 0.00499999989
v 0.113217846 0.12400078 0.00170000002
v 0.112970628 0.123790793 0.00499999989
v 0.113099925 0.123889081 0.00170000002
v 0.112831458 0.123707063 0.00499999989
v 0.112970628 0.123790793 0.00170000002
v 0.112684056 0.123638861 0.00499999989
v 0.112831458 0.123707063 0.00170000002
v 0.112530142 0.123587005 0.00499999989
v 0.112684056 0.123638861 0.00170000002
v 0.112371519 0.123552091 0.00499999989
v 0.112530142 0.123587005 0.00170000002
v 0.112210058 0.12353453 0.00499999989
v 0.112371519 0.123552091 0.00170000002
v 0.112047642 0.12353453 0.00499999989
v 0.112210058 0.12353453 0.00170000002
v 0.111886173 0.123552091 0.00499999989
v 0.112047642 0.12353453 0.00170000002
v 0.111727558 0.123587005 0.00499999989
v 0.111886173 0.123552091 0.00170000002
v 0.111573644 0.123638861 0.00499999989
v 0.111727558 0.123587005 0.00170000002
v 0.111426234 0.123707063 0.00499999989
v 0.111573644 0.123638861 0.00170000002
v 0.111287072 0.123790793 0.00499999989
v 0.111426234 0.123707063 0.00170000002
v 0.111157767 0.123889081 0.00499999989
v 0.111287072 0.123790793 0.00170000002
v 0.111039855 0.12400078 0.00499999989
v 0.111157767 0.123889081 0.00170000002
v 0.110934712 0.124124564 0.00499999989
v 0.111039855 0.12400078 0.00170000002
v 0.110843562 0.124258995 0.00499999989
v 0.110934712 0.124124564 0.00170000002
v 0.110767484 0.124402493 0.00499999989
v 0.110843562 0.124258995 0.00170000002
v 0.110707372 0.124553375 0.00499999989
v 0.110767484 0.124402493 0.00170000002
v 0.110663921 0.124709874 0.00499999989
v 0.110707372 0.124553375 0.00170000002
v 0.110637642 0.124870151 0.00499999989
v 0.110663921 0.124709874 0.00170000002
v 0.110628851 0.125032321 0.00499999989
v 0.110637642 0.124870151 0.00170000002
v 0.110637642 0.125194505 0.00499999989
v 0.110628851 0.125032321 0.00170000002
v 0.110663921 0.125354782 0.00499999989
v 0.110637642 0.125194505 0.00170000002
v 0.110707372 0.125511274 0.00499999989
v 0.110663921 0.125354782 0.00170000002
v 0.110767484 0.125662163 0.00499999989
v 0.110707372 0.125511274 0.00170000002
v 0.110843562 0.125805661 0.00499999989
v 0.110767484 0.125662163 0.00170000002
v 0.110934712 0.125940084 0.00499999989
v 0.110843562 0.125805661 0.00170000002
v 0.111039855 0.126063883 0.00499999989
v 0.110934712 0.125940084 0.00170000002
v 0.111157767 0.126175568 0.00499999989
v 0.111039855 0.126063883 0.00170000002
v 0.111287072 0.126273856 0.00499999989
v 0.111157767 0.126175568 0.00170000002
v 0.111426234 0.1263576 0.00499999989
v 0.111287072 0.126273856 0.00170000002
v 0.111573644 0.126425788 0.00499999989
v 0.111426234 0.1263576 0.00170000002
v 0.111727558 0.126477659 0.00499999989
v 0.111573644 0.126425788 0.00170000002
v 0.111886173 0.126512572 0.00499999989
v 0.111727558 0.126477659 0.00170000002
v 0.112047642 0.126530126 0.00499999989
v 0.111886173 0.126512572 0.00170000002
v 0.112210058 0.126530126 0.00499999989
v 0.112047642 0.126530126 0.00170000002
v 0.112371519 0.126512572 0.00499999989
v 0.112210058 0.126530126 0.00170000002
v 0.112530142 0.126477659 0.00499999989
v 0.112371519 0.126512572 0.00170000002
v 0.112684056 0.126425788 0.00499999989
v 0.112530142 0.126477659 0.00170000002
v 0.112831458 0.1263576 0.00499999989
v 0.112684056 0.126425788 0.00170000002
v 0.112970628 0.126273856 0.00499999989
v 0.112831458 0.1263576 0.00170000002
v 0.113099925 0.126175568 0.00499999989
v 0.112970628 0.126273856 0.00170000002
v 0.113217846 0.126063883 0.00499999989
v 0.113099925 0.126175568 0.00170000002
v 0.113322988 0.125940084 0.00499999989
v 0.113217846 0.126063883 0.00170000002
v 0.113414139 0.125805661 0.00499999989
v 0.113322988 0.125940084 0.00170000002
v 0.113490209 0.125662163 0.00499999989
v 0.113414139 0.125805661 0.00170000002
v 0.113550328 0.125511274 0.00499999989
v 0.113490209 0.125662163 0.00170000002
v 0.11359378 0.125354782 0.00499999989
v 0.113550328 0.125511274 0.00170000002
v 0.11359378 0.125354782 0.00170000002
v 0.113620058 0.125194505 0.00170000002
v 0.113607533 0.125270903 0.00499999989
v 0.113620058 0.125194505 0.00499999989
v 0.111643501 0.127992809 0.00170000002
v 0.111886173 0.126512572 0.00170000002
v 0.111727558 0.126477659 0.00170000002
v 0.111966431 0.128027931 0.00170000002
v 0.112047642 0.126530126 0.00170000002
v 0.112291269 0.128027931 0.00170000002
v 0.112210058 0.126530126 0.00170000002
v 0.112614192 0.127992809 0.00170000002
v 0.112371519 0.126512572 0.00170000002
v 0.112931438 0.127922982 0.00170000002
v 0.112530142 0.126477659 0.00170000002
v 0.110723622 0.127682865 0.00170000002
v 0.111426234 0.1263576 0.00170000002
v 0.111287072 0.126273856 0.00170000002
v 0.111018434 0.127819255 0.00170000002
v 0.111573644 0.126425788 0.00170000002
v 0.111326262 0.127922982 0.00170000002
v 0.110445291 0.127515391 0.00170000002
v 0.111157767 0.126175568 0.00170000002
v 0.113239266 0.127819255 0.00170000002
v 0.112684056 0.126425788 0.00170000002
v 0.113534078 0.127682865 0.00170000002
v 0.112831458 0.1263576 0.00170000002
v 0.113812409 0.127515391 0.00170000002
v 0.112970628 0.126273856 0.00170000002
v 0.112614192 0.122071847 0.00170000002
v 0.112371519 0.123552091 0.00170000002
v 0.112530142 0.123587005 0.00170000002
v 0.112291269 0.122036725 0.00170000002
v 0.112210058 0.12353453 0.00170000002
v 0.110186689 0.122745842 0.00170000002
v 0.111157767 0.123889081 0.00170000002
v 0.111287072 0.123790793 0.00170000002
v 0.109950863 0.122969232 0.00170000002
v 0.111039855 0.12400078 0.00170000002
v 0.10974057 0.123216808 0.00170000002
v 0.110934712 0.124124564 0.00170000002
v 0.109558277 0.123485669 0.00170000002
v 0.110843562 0.124258995 0.00170000002
v 0.114071012 0.127318814 0.00170000002
v 0.113099925 0.126175568 0.00170000002
v 0.111966431 0.122036725 0.00170000002
v 0.112047642 0.12353453 0.00170000002
v 0.111643501 0.122071847 0.00170000002
v 0.111886173 0.123552091 0.00170000002
v 0.111326262 0.122141682 0.00170000002
v 0.111727558 0.123587005 0.00170000002
v 0.109950863 0.127095431 0.00170000002
v 0.111039855 0.126063883 0.00170000002
v 0.110934712 0.125940084 0.00170000002
v 0.110186689 0.127318814 0.00170000002
v 0.11451713 0.123216808 0.00170000002
v 0.113322988 0.124124564 0.00170000002
v 0.113414139 0.124258995 0.00170000002
v 0.114306837 0.122969232 0.00170000002
v 0.113217846 0.12400078 0.00170000002
v 0.114071012 0.122745842 0.00170000002
v 0.113099925 0.123889081 0.00170000002
v 0.113812409 0.122549258 0.00170000002
v 0.112970628 0.123790793 0.00170000002
v 0.113239266 0.122245401 0.00170000002
v 0.112684056 0.123638861 0.00170000002
v 0.112831458 0.123707063 0.00170000002
v 0.112931438 0.122141682 0.00170000002
v 0.111018434 0.122245401 0.00170000002
v 0.111573644 0.123638861 0.00170000002
v 0.110723622 0.122381791 0.00170000002
v 0.111426234 0.123707063 0.00170000002
v 0.109406121 0.123772658 0.00170000002
v 0.110767484 0.124402493 0.00170000002
v 0.114306837 0.127095431 0.00170000002
v 0.113217846 0.126063883 0.00170000002
v 0.11451713 0.126847848 0.00170000002
v 0.113322988 0.125940084 0.00170000002
v 0.110445291 0.122549258 0.00170000002
v 0.109285891 0.124074422 0.00170000002
v 0.110707372 0.124553375 0.00170000002
v 0.109198987 0.124387413 0.00170000002
v 0.110663921 0.124709874 0.00170000002
v 0.109146439 0.124707974 0.00170000002
v 0.110637642 0.124870151 0.00170000002
v 0.109558277 0.126578987 0.00170000002
v 0.110843562 0.125805661 0.00170000002
v 0.110767484 0.125662163 0.00170000002
v 0.10974057 0.126847848 0.00170000002
v 0.115128852 0.125032321 0.00170000002
v 0.113628849 0.125032321 0.00170000002
v 0.113620058 0.125194505 0.00170000002
v 0.115111262 0.124707974 0.00170000002
v 0.113620058 0.124870151 0.00170000002
v 0.114699423 0.123485669 0.00170000002
v 0.113490209 0.124402493 0.00170000002
v 0.109128848 0.125032321 0.00170000002
v 0.109146439 0.125356689 0.00170000002
v 0.110637642 0.125194505 0.00170000002
v 0.109198987 0.125677243 0.00170000002
v 0.110663921 0.125354782 0.00170000002
v 0.109285891 0.125990227 0.00170000002
v 0.110707372 0.125511274 0.00170000002
v 0.109406121 0.12629199 0.00170000002
v 0.114699423 0.126578987 0.00170000002
v 0.113414139 0.125805661 0.00170000002
v 0.114851579 0.12629199 0.00170000002
v 0.113490209 0.125662163 0.00170000002
v 0.115058713 0.124387413 0.00170000002
v 0.11359378 0.124709874 0.00170000002
v 0.113534078 0.122381791 0.00170000002
v 0.114971809 0.125990227 0.00170000002
v 0.113550328 0.125511274 0.00170000002
v 0.115058713 0.125677243 0.00170000002
v 0.11359378 0.125354782 0.00170000002
v 0.115111262 0.125356689 0.00170000002
v 0.114971809 0.124074422 0.00170000002
v 0.113550328 0.124553375 0.00170000002
v 0.114851579 0.123772658 0.00170000002
v 0.110628851 0.125032321 0.00170000002
v 0.115111262 0.124707974 0.00170000002
v 0.115128852 0.125032321 0.00170000002
v 0.115128852 0.125032321 0
v 0.115058713 0.124387413 0.00170000002
v 0.115111262 0.124707974 0
v 0.114971809 0.124074422 0.00170000002
v 0.115058713 0.124387413 0
v 0.114851579 0.123772658 0.00170000002
v 0.114971809 0.124074422 0
v 0.114699423 0.123485669 0.00170000002
v 0.114851579 0.123772658 0
v 0.11451713 0.123216808 0.00170000002
v 0.114699423 0.123485669 0
v 0.11451713 0.123216808 0
v 0.114357531 0.123028912 0
v 0.114306837 0.122969232 0.00170000002
v 0.114071012 0.122745842 0.00170000002
v 0.114306837 0.122969232 0
v 0.113812409 0.122549258 0.00170000002
v 0.114071012 0.122745842 0
v 0.113534078 0.122381791 0.00170000002
v 0.113812409 0.122549258 0
v 0.113239266 0.122245401 0.00170000002
v 0.113534078 0.122381791 0
v 0.112931438 0.122141682 0.00170000002
v 0.113239266 0.122245401 0
v 0.112614192 0.122071847 0.00170000002
v 0.112931438 0.122141682 0
v 0.112291269 0.122036725 0.00170000002
v 0.112614192 0.122071847 0
v 0.111966431 0.122036725 0.00170000002
v 0.112291269 0.122036725 0
v 0.111643501 0.122071847 0.00170000002
v 0.111966431 0.122036725 0
v 0.111326262 0.122141682 0.00170000002
v 0.111643501 0.122071847 0
v 0.111018434 0.122245401 0.00170000002
v 0.111326262 0.122141682 0
v 0.110723622 0.122381791 0.00170000002
v 0.111018434 0.122245401 0
v 0.110445291 0.122549258 0.00170000002
v 0.110723622 0.122381791 0
v 0.110186689 0.122745842 0.00170000002
v 0.110445291 0.122549258 0
v 0.109950863 0.122969232 0.00170000002
v 0.110186689 0.122745842 0
v 0.10974057 0.123216808 0.00170000002
v 0.109857529 0.123079106 0
v 0.109950863 0.122969232 0
v 0.109558277 0.123485669 0.00170000002
v 0.10974057 0.123216808 0
v 0.109406121 0.123772658 0.00170000002
v 0.109558277 0.123485669 0
v 0.109285891 0.124074422 0.00170000002
v 0.109406121 0.123772658 0
v 0.109198987 0.124387413 0.00170000002
v 0.109285891 0.124074422 0
v 0.109146439 0.124707974 0.00170000002
v 0.109198987 0.124387413 0
v 0.109128848 0.125032321 0.00170000002
v 0.109146439 0.124707974 0
v 0.109146439 0.125356689 0.00170000002
v 0.109128848 0.125032321 0
v 0.109198987 0.125677243 0.00170000002
v 0.109146439 0.125356689 0
v 0.109285891 0.125990227 0.00170000002
v 0.109198987 0.125677243 0
v 0.109406121 0.12629199 0.00170000002
v 0.109285891 0.125990227 0
v 0.109558277 0.126578987 0.00170000002
v 0.109406121 0.12629199 0
v 0.10974057 0.126847848 0.00170000002
v 0.109558277 0.126578987 0
v 0.10974057 0.126847848 0
v 0.109857529 0.12698555 0
v 0.109950863 0.127095431 0.00170000002
v 0.110186689 0.127318814 0.00170000002
v 0.109950863 0.127095431 0
v 0.110445291 0.127515391 0.00170000002
v 0.110186689 0.127318814 0
v 0.110723622 0.127682865 0.00170000002
v 0.110445291 0.127515391 0
v 0.111018434 0.127819255 0.00170000002
v 0.110723622 0.127682865 0
v 0.111326262 0.127922982 0.00170000002
v 0.111018434 0.127819255 0
v 0.111643501 0.127992809 0.00170000002
v 0.111326262 0.127922982 0
v 0.111966431 0.128027931 0.00170000002
v 0.111643501 0.127992809 0
v 0.112291269 0.128027931 0.00170000002
v 0.111966431 0.128027931 0
v 0.112614192 0.127992809 0.00170000002
v 0.112291269 0.128027931 0
v 0.112931438 0.127922982 0.00170000002
v 0.112614192 0.127992809 0
v 0.113239266 0.127819255 0.00170000002
v 0.112931438 0.127922982 0
v 0.113534078 0.127682865 0.00170000002
v 0.113239266 0.127819255 0
v 0.113812409 0.127515391 0.00170000002
v 0.113534078 0.127682865 0
v 0.114071012 0.127318814 0.00170000002
v 0.113812409 0.127515391 0
v 0.114306837 0.127095431 0.00170000002
v 0.114071012 0.127318814 0
v 0.11451713 0.126847848 0.00170000002
v 0.114357531 0.127035737 0
v 0.114306837 0.127095431 0
v 0.114699423 0.126578987 0.00170000002
v 0.11451713 0.126847848 0
v 0.114851579 0.12629199 0.00170000002
v 0.114699423 0.126578987 0
v 0.114971809 0.125990227 0.00170000002
v 0.114851579 0.12629199 0
v 0.115058713 0.125677243 0.00170000002
v 0.114971809 0.125990227 0
v 0.115111262 0.125356689 0.00170000002
v 0.115058713 0.125677243 0
v 0.115111262 0.125356689 0
f 1 2 3
f 2 4 5
f 4 6 7
f 6 8 9
f 8 10 11
f 10 12 13
f 12 14 15
f 14 16 17
f 16 18 19
f 18 20 21
f 20 22 23
f 22 24 25
f 24 26 27
f 26 28 29
f 28 30 31
f 30 32 33
f 32 34 35
f 34 36 37
f 36 38 39
f 38 40 41
f 40 42 43
f 42 44 45
f 44 46 47
f 46 48 49
f 48 50 51
f 50 52 53
f 52 54 55
f 54 56 57
f 56 58 59
f 58 60 61
f 60 62 63
f 62 64 65
f 64 66 67
f 66 68 69
f 68 70 71
f 70 72 73
f 72 74 75
f 74 76 77
f 76 78 79
f 78 80 81
f 80 82 83
f 82 84 85
f 84 86 87
f 86 88 89
f 88 90 91
f 90 92 93
f 92 94 95
f 94 96 97
f 96 98 99
f 98 100 101
f 100 102 103
f 102 104 105
f 104 106 107
f 106 108 109
f 108 110 111
f 110 112 113
f 112 114 115
f 114 1 116
f 116 3 117
f 3 5 118
f 5 7 119
f 7 9 120
f 9 11 121
f 11 13 122
f 13 15 123
f 15 17 124
f 17 19 125
f 19 21 126
f 21 23 127
f 23 25 128
f 25 27 129
f 27 29 130
f 29 31 131
f 31 33 132
f 33 35 133
f 35 37 134
f 37 39 135
f 39 41 136
f 41 43 137
f 43 45 138
f 45 47 139
f 47 49 140
f 49 51 141
f 51 53 142
f 53 55 143
f 55 57 144
f 57 59 145
f 59 61 146
f 61 63 147
f 63 65 148
f 65 67 149
f 67 69 150
f 69 71 151
f 71 73 152
f 73 75 153
f 75 77 154
f 77 79 155
f 79 81 156
f 81 83 157
f 83 85 158
f 85 87 159
f 87 89 160
f 89 91 161
f 91 93 162
f 93 95 163
f 95 97 164
f 97 99 165
f 99 101 166
f 101 103 167
f 103 105 168
f 105 107 169
f 107 109 170
f 109 111 171
f 111 113 172
f 113 115 173
f 115 116 174
f 174 117 175
f 117 118 176
f 118 119 177
f 119 120 178
f 120 121 179
f 121 122 180
f 122 123 181
f 123 124 182
f 124 125 183
f 125 126 184
f 126 127 185
f 127 128 186
f 128 129 187
f 129 130 188
f 130 131 189
f 131 132 190
f 132 133 191
f 133 134 192
f 134 135 193
f 135 136 194
f 136 137 195
f 137 138 196
f 138 139 197
f 139 140 198
f 140 141 199
f 141 142 200
f 142 143 201
f 143 144 202
f 144 145 203
f 145 146 204
f 146 147 205
f 147 148 206
f 148 149 207
f 149 150 208
f 150 151 209
f 151 152 210
f 152 153 211
f 153 154 212
f 154 155 213
f 155 156 214
f 156 157 215
f 157 158 216
f 158 159 217
f 159 160 218
f 160 161 219
f 161 162 220
f 162 163 221
f 163 164 222
f 164 165 223
f 165 166 224
f 166 167 225
f 167 168 226
f 168 169 227
f 169 170 228
f 170 171 229
f 171 172 230
f 172 173 231
f 173 174 232
f 232 175 233
f 175 176 234
f 176 177 235
f 177 178 236
f 178 179 237
f 179 180 238
f 180 181 239
f 181 182 240
f 182 183 241
f 183 184 242
f 184 185 243
f 185 186 244
f 186 187 245
f 187 188 246
f 188 189 247
f 189 190 248
f 190 191 249
f 191 192 250
f 192 193 251
f 193 194 252
f 194 195 253
f 195 196 254
f 196 197 255
f 197 198 256
f 198 199 257
f 199 200 258
f 200 201 259
f 201 202 260
f 202 203 261
f 203 204 262
f 204 205 263
f 205 206 264
f 206 207 265
f 207 208 266
f 208 209 267
f 209 210 268
f 210 211 269
f 211 212 270
f 212 213 271
f 213 214 272
f 214 215 273
f 215 216 274
f 216 217 275
f 217 218 276
f 218 219 277
f 219 220 278
f 220 221 279
f 221 222 280
f 222 223 281
f 223 224 282
f 224 225 283
f 225 226 284
f 226 227 285
f 227 228 286
f 228 229 287
f 229 230 288
f 230 231 289
f 231 232 290
f 290 233 291
f 233 234 292
f 234 235 293
f 235 236 294
f 236 237 295
f 237 238 296
f 238 239 297
f 239 240 298
f 240 241 299
f 241 242 300
f 242 243 301
f 243 244 302
f 244 245 303
f 245 246 304
f 246 247 305
f 247 248 306
f 248 249 307
f 249 250 308
f 250 251 309
f 251 252 310
f 252 253 311
f 253 254 312
f 254 255 313
f 255 256 314
f 256 257 315
f 257 258 316
f 258 259 317
f 259 260 318
f 260 261 319
f 261 262 320
f 262 263 321
f 263 264 322
f 264 265 323
f 265 266 324
f 266 267 325
f 267 268 326
f 268 269 327
f 269 270 328
f 270 271 329
f 271 272 330
f 272 273 331
f 273 274 332
f 274 275 333
f 275 276 334
f 276 277 335
f 277 278 336
f 278 279 337
f 279 280 338
f 280 281 339
f 281 282 340
f 282 283 341
f 283 284 342
f 284 285 343
f 285 286 344
f 286 287 345
f 287 288 346
f 288 289 347
f 289 290 348
f 348 291 349
f 291 292 350
f 292 293 351
f 293 294 352
f 294 295 353
f 295 296 354
f 296 297 355
f 297 298 356
f 298 299 357
f 299 300 358
f 300 301 359
f 301 302 360
f 302 303 361
f 303 304 362
f 304 305 363
f 305 306 364
f 306 307 365
f 307 308 366
f 308 309 367
f 309 310 368
f 310 311 369
f 311 312 370
f 312 313 371
f 313 314 372
f 314 315 373
f 315 316 374
f 316 317 375
f 317 318 376
f 318 319 377
f 319 320 378
f 320 321 379
f 321 322 380
f 322 323 381
f 323 324 382
f 324 325 383
f 325 326 384
f 326 327 385
f 327 328 386
f 328 329 387
f 329 330 388
f 330 331 389
f 331 332 390
f 332 333 391
f 333 334 392
f 334 335 393
f 335 336 394
f 336 337 395
f 337 338 396
f 338 339 397
f 339 340 398
f 340 341 399
f 341 342 400
f 342 343 401
f 343 344 402
f 344 345 403
f 345 346 404
f 346 347 405
f 347 348 406
f 406 349 407
f 349 350 408
f 350 351 409
f 351 352 410
f 352 353 411
f 353 354 412
f 354 355 413
f 355 356 414
f 356 357 415
f 357 358 416
f 358 359 417
f 359 360 418
f 360 361 419
f 361 362 420
f 362 363 421
f 363 364 422
f 364 365 423
f 365 366 424
f 366 367 425
f 367 368 426
f 368 369 427
f 369 370 428
f 370 371 429
f 371 372 430
f 372 373 431
f 373 374 432
f 374 375 433
f 375 376 434
f 376 377 435
f 377 378 436
f 378 379 437
f 379 380 438
f 380 381 439
f 381 382 440
f 382 383 441
f 383 384 442
f 384 385 443
f 385 386 444
f 386 387 445
f 387 388 446
f 388 389 447
f 389 390 448
f 390 391 449
f 391 392 450
f 392 393 451
f 393 394 452
f 394 395 453
f 395 396 454
f 396 397 455
f 397 398 456
f 398 399 457
f 399 400 458
f 400 401 459
f 401 402 460
f 402 403 461
f 403 404 462
f 404 405 463
f 405 406 464
f 464 407 465
f 407 408 466
f 408 409 467
f 409 410 468
f 410 411 469
f 411 412 470
f 412 413 471
f 413 414 472
f 414 415 473
f 415 416 474
f 416 417 475
f 417 418 476
f 418 419 477
f 419 420 478
f 420 421 479
f 421 422 480
f 422 423 481
f 423 424 482
f 424 425 483
f 425 426 484
f 426 427 485
f 427 428 486
f 428 429 487
f 429 430 488
f 430 431 489
f 431 432 490
f 432 433 491
f 433 434 492
f 434 435 493
f 435 436 494
f 436 437 495
f 437 438 496
f 438 439 497
f 439 440 498
f 440 441 499
f 441 442 500
f 442 443 501
f 443 444 502
f 444 445 503
f 445 446 504
f 446 447 505
f 447 448 506
f 448 449 507
f 449 450 508
f 450 451 509
f 451 452 510
f 452 453 511
f 453 454 512
f 454 455 513
f 455 456 514
f 456 457 515
f 457 458 516
f 458 459 517
f 459 460 518
f 460 461 519
f 461 462 520
f 462 463 521
f 463 464 522
f 522 465 523
f 465 466 524
f 466 467 525
f 467 468 526
f 468 469 527
f 469 470 528
f 470 471 529
f 471 472 530
f 472 473 531
f 473 474 532
f 474 475 533
f 475 476 534
f 476 477 535
f 477 478 536
f 478 479 537
f 479 480 538
f 480 481 539
f 481 482 540
f 482 483 541
f 483 484 542
f 484 485 543
f 485 486 544
f 486 487 545
f 487 488 546
f 488 489 547
f 489 490 548
f 490 491 549
f 491 492 550
f 492 493 551
f 493 494 552
f 494 495 553
f 495 496 554
f 496 497 555
f 497 498 556
f 498 499 557
f 499 500 558
f 500 501 559
f 501 502 560
f 502 503 561
f 503 504 562
f 504 505 563
f 505 506 564
f 506 507 565
f 507 508 566
f 508 509 567
f 509 510 568
f 510 511 569
f 511 512 570
f 512 513 571
f 513 514 572
f 514 515 573
f 515 516 574
f 516 517 575
f 517 518 576
f 518 519 577
f 519 520 578
f 520 521 579
f 521 522 580
f 580 523 581
f 523 524 582
f 524 525 583
f 525 526 584
f 526 527 585
f 527 528 586
f 528 529 587
f 529 530 588
f 530 531 589
f 531 532 590
f 532 533 591
f 533 534 592
f 534 535 593
f 535 536 594
f 536 537 595
f 537 538 596
f 538 539 597
f 539 540 598
f 540 541 599
f 541 542 600
f 542 543 601
f 543 544 602
f 544 545 603
f 545 546 604
f 546 547 605
f 547 548 606
f 548 549 607
f 549 550 608
f 550 551 609
f 551 552 610
f 552 553 611
f 553 554 612
f 554 555 613
f 555 556 614
f 556 557 615
f 557 558 616
f 558 559 617
f 559 560 618
f 560 561 619
f 561 562 620
f 562 563 621
f 563 564 622
f 564 565 623
f 565 566 624
f 566 567 625
f 567 568 626
f 568 569 627
f 569 570 628
f 570 571 629
f 571 572 630
f 572 573 631
f 573 574 632
f 574 575 633
f 575 576 634
f 576 577 635
f 577 578 636
f 578 579 637
f 579 580 638
f 638 581 639
f 581 582 640
f 582 583 641
f 583 584 642
f 584 585 643
f 585 586 644
f 586 587 645
f 587 588 646
f 588 589 647
f 589 590 648
f 590 591 649
f 591 592 650
f 592 593 651
f 593 594 652
f 594 595 653
f 595 596 654
f 596 597 655
f 597 598 656
f 598 599 657
f 599 600 658
f 600 601 659
f 601 602 660
f 602 603 661
f 603 604 662
f 604 605 663
f 605 606 664
f 606 607 665
f 607 608 666
f 608 609 667
f 609 610 668
f 610 611 669
f 611 612 670
f 612 613 671
f 613 614 672
f 614 615 673
f 615 616 674
f 616 617 675
f 617 618 676
f 618 619 677
f 619 620 678
f 620 621 679
f 621 622 680
f 622 623 681
f 623 624 682
f 624 625 683
f 625 626 684
f 626 627 685
f 627 628 686
f 628 629 687
f 629 630 688
f 630 631 689
f 631 632 690
f 632 633 691
f 633 634 692
f 634 635 693
f 635 636 694
f 636 637 695
f 637 638 696
f 696 639 697
f 639 640 698
f 640 641 699
f 641 642 700
f 642 643 701
f 643 644 702
f 644 645 703
f 645 646 704
f 646 647 705
f 647 648 706
f 648 649 707
f 649 650 708
f 650 651 709
f 651 652 710
f 652 653 711
f 653 654 712
f 654 655 713
f 655 656 714
f 656 657 715
f 657 658 716
f 658 659 717
f 659 660 718
f 660 661 719
f 661 662 720
f 662 663 721
f 663 664 722
f 664 665 723
f 665 666 724
f 666 667 725
f 667 668 726
f 668 669 727
f 669 670 728
f 670 671 729
f 671 672 730
f 672 673 731
f 673 674 732
f 674 675 733
f 675 676 734
f 676 677 735
f 677 678 736
f 678 679 737
f 679 680 738
f 680 681 739
f 681 682 740
f 682 683 741
f 683 684 742
f 684 685 743
f 685 686 744
f 686 687 745
f 687 688 746
f 688 689 747
f 689 690 748
f 690 691 749
f 691 692 750
f 692 693 751
f 693 694 752
f 694 695 753
f 695 696 754
f 754 697 755
f 697 698 756
f 698 699 757
f 699 700 758
f 700 701 759
f 701 702 760
f 702 703 761
f 703 704 762
f 704 705 763
f 705 706 764
f 706 707 765
f 707 708 766
f 708 709 767
f 709 710 768
f 710 711 769
f 711 712 770
f 712 713 771
f 713 714 772
f 714 715 773
f 715 716 774
f 716 717 775
f 717 718 776
f 718 719 777
f 719 720 778
f 720 721 779
f 721 722 780
f 722 723 781
f 723 724 782
f 724 725 783
f 725 726 784
f 726 727 785
f 727 728 786
f 728 729 787
f 729 730 788
f 730 731 789
f 731 732 790
f 732 733 791
f 733 734 792
f 734 735 793
f 735 736 794
f 736 737 795
f 737 738 796
f 738 739 797
f 739 740 798
f 740 741 799
f 741 742 800
f 742 743 801
f 743 744 802
f 744 745 803
f 745 746 804
f 746 747 805
f 747 748 806
f 748 749 807
f 749 750 808
f 750 751 809
f 751 752 810
f 752 753 811
f 753 754 812
f 812 755 813
f 755 756 814
f 756 757 815
f 757 758 816
f 758 759 817
f 759 760 818
f 760 761 819
f 761 762 820
f 762 763 821
f 763 764 822
f 764 765 823
f 765 766 824
f 766 767 825
f 767 768 826
f 768 769 827
f 769 770 828
f 770 771 829
f 771 772 830
f 772 773 831
f 773 774 832
f 774 775 833
f 775 776 834
f 776 777 835
f 777 778 836
f 778 779 837
f 779 780 838
f 780 781 839
f 781 782 840
f 782 783 841
f 783 784 842
f 784 785 843
f 785 786 844
f 786 787 845
f 787 788 846
f 788 789 847
f 789 790 848
f 790 791 849
f 791 792 850
f 792 793 851
f 793 794 852
f 794 795 853
f 795 796 854
f 796 797 855
f 797 798 856
f 798 799 857
f 799 800 858
f 800 801 859
f 801 802 860
f 802 803 861
f 803 804 862
f 804 805 863
f 805 806 864
f 806 807 865
f 807 808 866
f 808 809 867
f 809 810 868
f 810 811 869
f 811 812 870
f 870 813 871
f 813 814 872
f 814 815 873
f 815 816 874
f 816 817 875
f 817 818 876
f 818 819 877
f 819 820 878
f 820 821 879
f 821 822 880
f 822 823 881
f 823 824 882
f 824 825 883
f 825 826 884
f 826 827 885
f 827 828 886
f 828 829 887
f 829 830 888
f 830 831 889
f 831 832 890
f 832 833 891
f 833 834 892
f 834 835 893
f 835 836 894
f 836 837 895
f 837 838 896
f 838 839 897
f 839 840 898
f 840 841 899
f 841 842 900
f 842 843 901
f 843 844 902
f 844 845 903
f 845 846 904
f 846 847 905
f 847 848 906
f 848 849 907
f 849 850 908
f 850 851 909
f 851 852 910
f 852 853 911
f 853 854 912
f 854 855 913
f 855 856 914
f 856 857 915
f 857 858 916
f 858 859 917
f 859 860 918
f 860 861 919
f 861 862 920
f 862 863 921
f 863 864 922
f 864 865 923
f 865 866 924
f 866 867 925
f 867 868 926
f 868 869 927
f 869 870 928
f 928 927 869
f 927 926 868
f 926 925 867
f 925 924 866
f 924 923 865
f 923 922 864
f 922 921 863
f 921 920 862
f 920 919 861
f 919 918 860
f 918 917 859
f 917 916 858
f 916 915 857
f 915 914 856
f 914 913 855
f 913 912 854
f 912 911 853
f 911 910 852
f 910 909 851
f 909 908 850
f 908 907 849
f 907 906 848
f 906 905 847
f 905 904 846
f 904 903 845
f 903 902 844
f 902 901 843
f 901 900 842
f 900 899 841
f 899 898 840
f 898 897 839
f 897 896 838
f 896 895 837
f 895 894 836
f 894 893 835
f 893 892 834
f 892 891 833
f 891 890 832
f 890 889 831
f 889 888 830
f 888 887 829
f 887 886 828
f 886 885 827
f 885 884 826
f 884 883 825
f 883 882 824
f 882 881 823
f 881 880 822
f 880 879 821
f 879 878 820
f 878 877 819
f 877 876 818
f 876 875 817
f 875 874 816
f 874 873 815
f 873 872 814
f 872 871 813
f 871 928 870
f 870 869 811
f 869 868 810
f 868 867 809
f 867 866 808
f 866 865 807
f 865 864 806
f 864 863 805
f 863 862 804
f 862 861 803
f 861 860 802
f 860 859 801
f 859 858 800
f 858 857 799
f 857 856 798
f 856 855 797
f 855 854 796
f 854 853 795
f 853 852 794
f 852 851 793
f 851 850 792
f 850 849 791
f 849 848 790
f 848 847 789
f 847 846 788
f 846 845 787
f 845 844 786
f 844 843 785
f 843 842 784
f 842 841 783
f 841 840 782
f 840 839 781
f 839 838 780
f 838 837 779
f 837 836 778
f 836 835 777
f 835 834 776
f 834 833 775
f 833 832 774
f 832 831 773
f 831 830 772
f 830 829 771
f 829 828 770
f 828 827 769
f 827 826 768
f 826 825 767
f 825 824 766
f 824 823 765
f 823 822 764
f 822 821 763
f 821 820 762
f 820 819 761
f 819 818 760
f 818 817 759
f 817 816 758
f 816 815 757
f 815 814 756
f 814 813 755
f 813 870 812
f 812 811 753
f 811 810 752
f 810 809 751
f 809 808 750
f 808 807 749
f 807 806 748
f 806 805 747
f 805 804 746
f 804 803 745
f 803 802 744
f 802 801 743
f 801 800 742
f 800 799 741
f 799 798 740
f 798 797 739
f 797 796 738
f 796 795 737
f 795 794 736
f 794 793 735
f 793 792 734
f 792 791 733
f 791 790 732
f 790 789 731
f 789 788 730
f 788 787 729
f 787 786 728
f 786 785 727
f 785 784 726
f 784 783 725
f 783 782 724
f 782 781 723
f 781 780 722
f 780 779 721
f 779 778 720
f 778 777 719
f 777 776 718
f 776 775 717
f 775 774 716
f 774 773 715
f 773 772 714
f 772 771 713
f 771 770 712
f 770 769 711
f 769 768 710
f 768 767 709
f 767 766 708
f 766 765 707
f 765 764 706
f 764 763 705
f 763 762 704
f 762 761 703
f 761 760 702
f 760 759 701
f 759 758 700
f 758 757 699
f 757 756 698
f 756 755 697
f 755 812 754
f 754 753 695
f 753 752 694
f 752 751 693
f 751 750 692
f 750 749 691
f 749 748 690
f 748 747 689
f 747 746 688
f 746 745 687
f 745 744 686
f 744 743 685
f 743 742 684
f 742 741 683
f 741 740 682
f 740 739 681
f 739 738 680
f 738 737 679
f 737 736 678
f 736 735 677
f 735 734 676
f 734 733 675
f 733 732 674
f 732 731 673
f 731 730 672
f 730 729 671
f 729 728 670
f 728 727 669
f 727 726 668
f 726 725 667
f 725 724 666
f 724 723 665
f 723 722 664
f 722 721 663
f 721 720 662
f 720 719 661
f 719 718 660
f 718 717 659
f 717 716 658
f 716 715 657
f 715 714 656
f 714 713 655
f 713 712 654
f 712 711 653
f 711 710 652
f 710 709 651
f 709 708 650
f 708 707 649
f 707 706 648
f 706 705 647
f 705 704 646
f 704 703 645
f 703 702 644
f 702 701 643
f 701 700 642
f 700 699 641
f 699 698 640
f 698 697 639
f 697 754 696
f 696 695 637
f 695 694 636
f 694 693 635
f 693 692 634
f 692 691 633
f 691 690 632
f 690 689 631
f 689 688 630
f 688 687 629
f 687 686 628
f 686 685 627
f 685 684 626
f 684 683 625
f 683 682 624
f 682 681 623
f 681 680 622
f 680 679 621
f 679 678 620
f 678 677 619
f 677 676 618
f 676 675 617
f 675 674 616
f 674 673 615
f 673 672 614
f 672 671 613
f 671 670 612
f 670 669 611
f 669 668 610
f 668 667 609
f 667 666 608
f 666 665 607
f 665 664 606
f 664 663 605
f 663 662 604
f 662 661 603
f 661 660 602
f 660 659 601
f 659 658 600
f 658 657 599
f 657 656 598
f 656 655 597
f 655 654 596
f 654 653 595
f 653 652 594
f 652 651 593
f 651 650 592
f 650 649 591
f 649 648 590
f 648 647 589
f 647 646 588
f 646 645 587
f 645 644 586
f 644 643 585
f 643 642 584
f 642 641 583
f 641 640 582
f 640 639 581
f 639 696 638
f 638 637 579
f 637 636 578
f 636 635 577
f 635 634 576
f 634 633 575
f 633 632 574
f 632 631 573
f 631 630 572
f 630 629 571
f 629 628 570
f 628 627 569
f 627 626 568
f 626 625 567
f 625 624 566
f 624 623 565
f 623 622 564
f 622 621 563
f 621 620 562
f 620 619 561
f 619 618 560
f 618 617 559
f 617 616 558
f 616 615 557
f 615 614 556
f 614 613 555
f 613 612 554
f 612 611 553
f 611 610 552
f 610 609 551
f 609 608 550
f 608 607 549
f 607 606 548
f 606 605 547
f 605 604 546
f 604 603 545
f 603 602 544
f 602 601 543
f 601 600 542
f 600 599 541
f 599 598 540
f 598 597 539
f 597 596 538
f 596 595 537
f 595 594 536
f 594 593 535
f 593 592 534
f 592 591 533
f 591 590 532
f 590 589 531
f 589 588 530
f 588 587 529
f 587 586 528
f 586 585 527
f 585 584 526
f 584 583 525
f 583 582 524
f 582 581 523
f 581 638 580
f 580 579 521
f 579 578 520
f 578 577 519
f 577 576 518
f 576 575 517
f 575 574 516
f 574 573 515
f 573 572 514
f 572 571 513
f 571 570 512
f 570 569 511
f 569 568 510
f 568 567 509
f 567 566 508
f 566 565 507
f 565 564 506
f 564 563 505
f 563 562 504
f 562 561 503
f 561 560 502
f 560 559 501
f 559 558 500
f 558 557 499
f 557 556 498
f 556 555 497
f 555 554 496
f 554 553 495
f 553 552 494
f 552 551 493
f 551 550 492
f 550 549 491
f 549 548 490
f 548 547 489
f 547 546 488
f 546 545 487
f 545 544 486
f 544 543 485
f 543 542 484
f 542 541 483
f 541 540 482
f 540 539 481
f 539 538 480
f 538 537 479
f 537 536 478
f 536 535 477
f 535 534 476
f 534 533 475
f 533 532 474
f 532 531 473
f 531 530 472
f 530 529 471
f 529 528 470
f 528 527 469
f 527 526 468
f 526 525 467
f 525 524 466
f 524 523 465
f 523 580 522
f 522 521 463
f 521 520 462
f 520 519 461
f 519 518 460
f 518 517 459
f 517 516 458
f 516 515 457
f 515 514 456
f 514 513 455
f 513 512 454
f 512 511 453
f 511 510 452
f 510 509 451
f 509 508 450
f 508 507 449
f 507 506 448
f 506 505 447
f 505 504 446
f 504 503 445
f 503 502 444
f 502 501 443
f 501 500 442
f 500 499 441
f 499 498 440
f 498 497 439
f 497 496 438
f 496 495 437
f 495 494 436
f 494 493 435
f 493 492 434
f 492 491 433
f 491 490 432
f 490 489 431
f 489 488 430
f 488 487 429
f 487 486 428
f 486 485 427
f 485 484 426
f 484 483 425
f 483 482 424
f 482 481 423
f 481 480 422
f 480 479 421
f 479 478 420
f 478 477 419
f 477 476 418
f 476 475 417
f 475 474 416
f 474 473 415
f 473 472 414
f 472 471 413
f 471 470 412
f 470 469 411
f 469 468 410
f 468 467 409
f 467 466 408
f 466 465 407
f 465 522 464
f 464 463 405
f 463 462 404
f 462 461 403
f 461 460 402
f 460 459 401
f 459 458 400
f 458 457 399
f 457 456 398
f 456 455 397
f 455 454 396
f 454 453 395
f 453 452 394
f 452 451 393
f 451 450 392
f 450 449 391
f 449 448 390
f 448 447 389
f 447 446 388
f 446 445 387
f 445 444 386
f 444 443 385
f 443 442 384
f 442 441 383
f 441 440 382
f 440 439 381
f 439 438 380
f 438 437 379
f 437 436 378
f 436 435 377
f 435 434 376
f 434 433 375
f 433 432 374
f 432 431 373
f 431 430 372
f 430 429 371
f 429 428 370
f 428 427 369
f 427 426 368
f 426 425 367
f 425 424 366
f 424 423 365
f 423 422 364
f 422 421 363
f 421 420 362
f 420 419 361
f 419 418 360
f 418 417 359
f 417 416 358
f 416 415 357
f 415 414 356
f 414 413 355
f 413 412 354
f 412 411 353
f 411 410 352
f 410 409 351
f 409 408 350
f 408 407 349
f 407 464 406
f 406 405 347
f 405 404 346
f 404 403 345
f 403 402 344
f 402 401 343
f 401 400 342
f 400 399 341
f 399 398 340
f 398 397 339
f 397 396 338
f 396 395 337
f 395 394 336
f 394 393 335
f 393 392 334
f 392 391 333
f 391 390 332
f 390 389 331
f 389 388 330
f 388 387 329
f 387 386 328
f 386 385 327
f 385 384 326
f 384 383 325
f 383 382 324
f 382 381 323
f 381 380 322
f 380 379 321
f 379 378 320
f 378 377 319
f 377 376 318
f 376 375 317
f 375 374 316
f 374 373 315
f 373 372 314
f 372 371 313
f 371 370 312
f 370 369 311
f 369 368 310
f 368 367 309
f 367 366 308
f 366 365 307
f 365 364 306
f 364 363 305
f 363 362 304
f 362 361 303
f 361 360 302
f 360 359 301
f 359 358 300
f 358 357 299
f 357 356 298
f 356 355 297
f 355 354 296
f 354 353 295
f 353 352 294
f 352 351 293
f 351 350 292
f 350 349 291
f 349 406 348
f 348 347 289
f 347 346 288
f 346 345 287
f 345 344 286
f 344 343 285
f 343 342 284
f 342 341 283
f 341 340 282
f 340 339 281
f 339 338 280
f 338 337 279
f 337 336 278
f 336 335 277
f 335 334 276
f 334 333 275
f 333 332 274
f 332 331 273
f 331 330 272
f 330 329 271
f 329 328 270
f 328 327 269
f 327 326 268
f 326 325 267
f 325 324 266
f 324 323 265
f 323 322 264
f 322 321 263
f 321 320 262
f 320 319 261
f 319 318 260
f 318 317 259
f 317 316 258
f 316 315 257
f 315 314 256
f 314 313 255
f 313 312 254
f 312 311 253
f 311 310 252
f 310 309 251
f 309 308 250
f 308 307 249
f 307 306 248
f 306 305 247
f 305 304 246
f 304 303 245
f 303 302 244
f 302 301 243
f 301 300 242
f 300 299 241
f 299 298 240
f 298 297 239
f 297 296 238
f 296 295 237
f 295 294 236
f 294 293 235
f 293 292 234
f 292 291 233
f 291 348 290
f 290 289 231
f 289 288 230
f 288 287 229
f 287 286 228
f 286 285 227
f 285 284 226
f 284 283 225
f 283 282 224
f 282 281 223
f 281 280 222
f 280 279 221
f 279 278 220
f 278 277 219
f 277 276 218
f 276 275 217
f 275 274 216
f 274 273 215
f 273 272 214
f 272 271 213
f 271 270 212
f 270 269 211
f 269 268 210
f 268 267 209
f 267 266 208
f 266 265 207
f 265 264 206
f 264 263 205
f 263 262 204
f 262 261 203
f 261 260 202
f 260 259 201
f 259 258 200
f 258 257 199
f 257 256 198
f 256 255 197
f 255 254 196
f 254 253 195
f 253 252 194
f 252 251 193
f 251 250 192
f 250 249 191
f 249 248 190
f 248 247 189
f 247 246 188
f 246 245 187
f 245 244 186
f 244 243 185
f 243 242 184
f 242 241 183
f 241 240 182
f 240 239 181
f 239 238 180
f 238 237 179
f 237 236 178
f 236 235 177
f 235 234 176
f 234 233 175
f 233 290 232
f 232 231 173
f 231 230 172
f 230 229 171
f 229 228 170
f 228 227 169
f 227 226 168
f 226 225 167
f 225 224 166
f 224 223 165
f 223 222 164
f 222 221 163
f 221 220 162
f 220 219 161
f 219 218 160
f 218 217 159
f 217 216 158
f 216 215 157
f 215 214 156
f 214 213 155
f 213 212 154
f 212 211 153
f 211 210 152
f 210 209 151
f 209 208 150
f 208 207 149
f 207 206 148
f 206 205 147
f 205 204 146
f 204 203 145
f 203 202 144
f 202 201 143
f 201 200 142
f 200 199 141
f 199 198 140
f 198 197 139
f 197 196 138
f 196 195 137
f 195 194 136
f 194 193 135
f 193 192 134
f 192 191 133
f 191 190 132
f 190 189 131
f 189 188 130
f 188 187 129
f 187 186 128
f 186 185 127
f 185 184 126
f 184 183 125
f 183 182 124
f 182 181 123
f 181 180 122
f 180 179 121
f 179 178 120
f 178 177 119
f 177 176 118
f 176 175 117
f 175 232 174
f 174 173 115
f 173 172 113
f 172 171 111
f 171 170 109
f 170 169 107
f 169 168 105
f 168 167 103
f 167 166 101
f 166 165 99
f 165 164 97
f 164 163 95
f 163 162 93
f 162 161 91
f 161 160 89
f 160 159 87
f 159 158 85
f 158 157 83
f 157 156 81
f 156 155 79
f 155 154 77
f 154 153 75
f 153 152 73
f 152 151 71
f 151 150 69
f 150 149 67
f 149 148 65
f 148 147 63
f 147 146 61
f 146 145 59
f 145 144 57
f 144 143 55
f 143 142 53
f 142 141 51
f 141 140 49
f 140 139 47
f 139 138 45
f 138 137 43
f 137 136 41
f 136 135 39
f 135 134 37
f 134 133 35
f 133 132 33
f 132 131 31
f 131 130 29
f 130 129 27
f 129 128 25
f 128 127 23
f 127 126 21
f 126 125 19
f 125 124 17
f 124 123 15
f 123 122 13
f 122 121 11
f 121 120 9
f 120 119 7
f 119 118 5
f 118 117 3
f 117 174 116
f 116 115 114
f 115 113 112
f 113 111 110
f 111 109 108
f 109 107 106
f 107 105 104
f 105 103 102
f 103 101 100
f 101 99 98
f 99 97 96
f 97 95 94
f 95 93 92
f 93 91 90
f 91 89 88
f 89 87 86
f 87 85 84
f 85 83 82
f 83 81 80
f 81 79 78
f 79 77 76
f 77 75 74
f 75 73 72
f 73 71 70
f 71 69 68
f 69 67 66
f 67 65 64
f 65 63 62
f 63 61 60
f 61 59 58
f 59 57 56
f 57 55 54
f 55 53 52
f 53 51 50
f 51 49 48
f 49 47 46
f 47 45 44
f 45 43 42
f 43 41 40
f 41 39 38
f 39 37 36
f 37 35 34
f 35 33 32
f 33 31 30
f 31 29 28
f 29 27 26
f 27 25 24
f 25 23 22
f 23 21 20
f 21 19 18
f 19 17 16
f 17 15 14
f 15 13 12
f 13 11 10
f 11 9 8
f 9 7 6
f 7 5 4
f 5 3 2
f 3 116 1
f 929 930 931
f 932 931 933
f 934 933 935
f 936 935 937
f 938 937 939
f 940 939 941
f 942 941 943
f 944 943 945
f 946 945 947
f 948 947 949
f 950 949 951
f 952 951 953
f 954 953 955
f 956 957 958
f 959 958 960
f 961 960 962
f 963 962 964
f 965 964 966
f 967 966 968
f 969 968 970
f 971 970 972
f 973 972 974
f 975 974 976
f 977 976 978
f 979 978 980
f 981 980 982
f 983 982 984
f 985 984 986
f 987 986 988
f 989 988 990
f 991 990 992
f 993 992 994
f 995 994 996
f 997 996 998
f 999 998 1000
f 1001 1000 1002
f 1003 1002 1004
f 1005 1004 1006
f 1007 1006 1008
f 1009 1008 1010
f 1011 1010 1012
f 1013 1012 1014
f 1015 1014 1016
f 1017 1016 1018
f 1019 1018 1020
f 1021 1020 1022
f 1023 1022 1024
f 1025 1024 1026
f 1027 1026 1028
f 1029 1028 1030
f 1031 1030 1032
f 1033 1032 1034
f 1035 1034 1036
f 1037 1036 1038
f 1039 1038 930
f 1040 1041 1042
f 1040 1043 1044
f 1043 1045 1046
f 1043 1047 1045
f 1046 1044 1043
f 1044 1041 1040
f 1042 1048 1040
f 1043 1049 1047
f 1043 1050 1051
f 1051 1049 1043
f 1048 1052 1040
f 1052 1053 1040
f 1054 957 1055
f 957 1056 1057
f 1057 1055 957
f 957 1058 1056
f 957 1059 1058
f 957 1060 1059
f 957 1061 1060
f 957 1062 1061
f 957 1063 1062
f 956 1064 1065
f 1065 957 956
f 1065 1066 957
f 956 1067 1064
f 1066 1068 957
f 956 1069 1067
f 1068 1063 957
f 956 1070 1071
f 1040 1072 1070
f 1070 956 1040
f 1071 1073 956
f 1073 1074 956
f 1074 1075 956
f 1075 1076 956
f 1076 1077 956
f 1077 1078 956
f 1078 1069 956
f 1079 1080 1081
f 1079 1082 1083
f 1054 1084 1085
f 1085 1079 1054
f 1085 1082 1079
f 1054 1086 1087
f 1087 1084 1054
f 1054 1088 1086
f 1083 1089 1079
f 1089 1080 1079
f 1054 1090 1088
f 1054 1091 1090
f 1043 1092 1093
f 1092 1094 1095
f 1095 1093 1092
f 1092 1096 1094
f 1092 1097 1096
f 1092 1098 1097
f 1092 1099 1098
f 1092 1100 1099
f 1092 1101 1100
f 1092 1102 1103
f 955 1104 1102
f 955 1105 1104
f 1102 1092 955
f 1103 1106 1092
f 955 1107 1105
f 955 1108 1109
f 1079 1110 1108
f 1108 955 1079
f 1109 1111 955
f 1111 1112 955
f 1112 1113 955
f 1113 1114 955
f 1114 1115 955
f 1115 1116 955
f 1116 1107 955
f 1106 1101 1092
f 1093 1050 1043
f 1081 1110 1079
f 1055 1091 1054
f 1053 1072 1040
f 930 929 1039
f 1038 1039 1037
f 1036 1037 1035
f 1034 1035 1033
f 1032 1033 1031
f 1030 1031 1029
f 1028 1029 1027
f 1026 1027 1025
f 1024 1025 1023
f 1022 1023 1021
f 1020 1021 1019
f 1018 1019 1017
f 1016 1017 1015
f 1014 1015 1013
f 1012 1013 1011
f 1010 1011 1009
f 1008 1009 1007
f 1006 1007 1005
f 1004 1005 1003
f 1002 1003 1001
f 1000 1001 999
f 998 999 997
f 996 997 995
f 994 995 993
f 992 993 991
f 990 991 989
f 988 989 987
f 986 987 985
f 984 985 983
f 982 983 981
f 980 981 979
f 978 979 977
f 976 977 975
f 974 975 973
f 972 973 971
f 970 971 969
f 968 969 967
f 966 967 965
f 964 965 963
f 962 963 961
f 960 961 959
f 958 959 956
f 955 1092 954
f 953 954 952
f 951 952 950
f 949 950 948
f 947 948 946
f 945 946 944
f 943 944 942
f 941 942 940
f 939 940 938
f 937 938 936
f 935 936 934
f 933 934 932
f 931 932 929
f 1117 1118 1119
f 1119 1120 1117
f 1121 1120 1122
f 1123 1121 1124
f 1125 1123 1126
f 1127 1125 1128
f 1129 1127 1130
f 1131 1129 1132
f 1133 1131 1134
f 1135 1133 1136
f 1137 1135 1138
f 1139 1137 1140
f 1140 1141 1139
f 1142 1139 1143
f 1144 1142 1145
f 1146 1144 1147
f 1147 1148 1146
f 1149 1146 1150
f 1146 1151 1150
f 1149 1152 1153
f 1149 1154 1152
f 1155 1153 1156
f 1157 1156 1158
f 1159 1160 1161
f 1159 1158 1160
f 1162 1161 1163
f 1164 1163 1165
f 1166 1165 1167
f 1168 1167 1169
f 1170 1169 1171
f 1172 1171 1173
f 1174 1173 1175
f 1176 1175 1177
f 1178 1177 1179
f 1180 1181 1182
f 1181 1179 1182
f 1180 1183 1184
f 1184 1185 1180
f 1186 1185 1187
f 1188 1186 1189
f 1190 1188 1191
f 1192 1190 1193
f 1194 1192 1195
f 1196 1194 1197
f 1198 1196 1199
f 1200 1198 1201
f 1202 1200 1203
f 1204 1202 1205
f 1205 1206 1204
f 1207 1204 1208
f 1209 1207 1210
f 1211 1209 1212
f 1212 1213 1211
f 1211 1214 1215
f 1215 1216 1211
f 1216 1217 1218
f 1216 1219 1217
f 1220 1218 1221
f 1222 1221 1223
f 1224 1225 1226
f 1224 1223 1225
f 1227 1226 1228
f 1229 1228 1230
f 1231 1230 1232
f 1233 1232 1234
f 1235 1234 1236
f 1237 1236 1238
f 1239 1238 1240
f 1241 1240 1242
f 1243 1242 1244
f 1117 1245 1246
f 1245 1244 1246
f 1246 1118 1117
f 1244 1245 1243
f 1242 1243 1241
f 1240 1241 1239
f 1238 1239 1237
f 1236 1237 1235
f 1234 1235 1233
f 1232 1233 1231
f 1230 1231 1229
f 1228 1229 1227
f 1226 1227 1224
f 1223 1224 1222
f 1221 1222 1220
f 1218 1220 1216
f 1215 1219 1216
f 1213 1214 1211
f 1210 1212 1209
f 1208 1210 1207
f 1206 1208 1204
f 1203 1205 1202
f 1201 1203 1200
f 1199 1201 1198
f 1197 1199 1196
f 1195 1197 1194
f 1193 1195 1192
f 1191 1193 1190
f 1189 1191 1188
f 1187 1189 1186
f 1184 1187 1185
f 1182 1183 1180
f 1179 1181 1178
f 1177 1178 1176
f 1175 1176 1174
f 1173 1174 1172
f 1171 1172 1170
f 1169 1170 1168
f 1167 1168 1166
f 1165 1166 1164
f 1163 1164 1162
f 1161 1162 1159
f 1158 1159 1157
f 1156 1157 1155
f 1153 1155 1149
f 1150 1154 1149
f 1148 1151 1146
f 1145 1147 1144
f 1143 1145 1142
f 1141 1143 1139
f 1138 1140 1137
f 1136 1138 1135
f 1134 1136 1133
f 1132 1134 1131
f 1130 1132 1129
f 1128 1130 1127
f 1126 1128 1125
f 1124 1126 1123
f 1122 1124 1121
f 1119 1122 1120
f 1247 1248 1249
f 1248 1250 1251
f 1252 1253 1254
f 1255 1256 1253
f 1257 1258 1259
f 1258 1260 1261
f 1262 1263 1264
f 1263 1265 1266
f 1265 1267 1268
f 1267 1247 1269
f 1251 1249 1248
f 1270 1254 1271
f 1253 1252 1255
f 1272 1273 1274
f 1273 1275 1276
f 1275 1257 1277
f 1261 1259 1258
f 1260 1278 1279
f 1278 1280 1281
f 1280 1282 1283
f 1282 1284 1285
f 1266 1264 1263
f 1269 1268 1267
f 1250 1271 1251
f 1254 1270 1252
f 1286 1287 1256
f 1288 1289 1287
f 1290 1291 1292
f 1293 1294 1291
f 1295 1296 1297
f 1296 1298 1299
f 1276 1274 1273
f 1259 1277 1257
f 1281 1279 1278
f 1285 1283 1282
f 1268 1266 1265
f 1271 1250 1270
f 1287 1286 1288
f 1300 1301 1289
f 1302 1303 1304
f 1305 1306 1303
f 1307 1308 1309
f 1310 1311 1308
f 1312 1292 1311
f 1291 1290 1293
f 1299 1297 1296
f 1298 1313 1314
f 1313 1272 1315
f 1277 1276 1275
f 1283 1281 1280
f 1284 1262 1316
f 1249 1269 1247
f 1289 1288 1300
f 1317 1304 1318
f 1303 1302 1305
f 1308 1307 1310
f 1292 1312 1290
f 1319 1320 1321
f 1314 1299 1298
f 1274 1315 1272
f 1316 1285 1284
f 1256 1255 1286
f 1322 1323 1324
f 1325 1318 1323
f 1304 1317 1302
f 1326 1327 1306
f 1328 1329 1330
f 1331 1332 1329
f 1333 1309 1332
f 1311 1310 1312
f 1334 1335 1336
f 1319 1337 1320
f 1315 1314 1313
f 1264 1316 1262
f 1338 1339 1301
f 1340 1324 1339
f 1323 1322 1325
f 1306 1305 1326
f 1329 1328 1331
f 1309 1333 1307
f 1341 1319 1294
f 1336 1342 1334
f 1321 1334 1319
f 1319 1343 1344
f 1345 1346 1347
f 1346 1348 1349
f 1348 1295 1350
f 1279 1261 1260
f 1339 1338 1340
f 1318 1325 1317
f 1351 1330 1327
f 1332 1331 1333
f 1294 1293 1341
f 1321 1335 1334
f 1319 1352 1343
f 1334 1353 1345
f 1350 1349 1348
f 1301 1300 1338
f 1327 1326 1351
f 1341 1352 1319
f 1344 1337 1319
f 1349 1347 1346
f 1324 1340 1322
f 1342 1353 1334
f 1297 1350 1295
f 1347 1334 1345
f 1330 1351 1328
f 1354 1355 1356
f 1357 1358 1359
f 1357 1360 1361
f 1362 1363 1364
f 1362 1365 1366
f 1362 1354 1367
f 1356 1368 1354
f 1354 1369 1370
f 1354 1357 1371
f 1361 1358 1357
f 1357 1372 1373
f 1357 1374 1375
f 1364 1376 1362
f 1366 1377 1362
f 1367 1378 1362
f 1354 1379 1380
f 1354 1381 1382
f 1368 1383 1354
f 1354 1384 1369
f 1357 1385 1371
f 1373 1360 1357
f 1357 1386 1374
f 1362 1387 1388
f 1377 1363 1362
f 1380 1367 1354
f 1383 1381 1354
f 1371 1384 1354
f 1357 1389 1390
f 1375 1372 1357
f 1376 1387 1362
f 1382 1379 1354
f 1390 1385 1357
f 1357 1391 1386
f 1392 1393 1394
f 1362 1395 1396
f 1362 1397 1398
f 1378 1365 1362
f 1359 1389 1357
f 1357 1399 1400
f 1394 1357 1392
f 1392 1401 1402
f 1396 1392 1362
f 1388 1397 1362
f 1400 1391 1357
f 1392 1403 1393
f 1392 1404 1405
f 1392 1406 1401
f 1392 1407 1408
f 1398 1395 1362
f 1394 1399 1357
f 1392 1409 1404
f 1392 1410 1411
f 1392 1412 1413
f 1408 1406 1392
f 1396 1414 1392
f 1405 1403 1392
f 1413 1410 1392
f 1392 1415 1407
f 1370 1355 1354
f 1402 1412 1392
f 1411 1409 1392
f 1414 1415 1392
f 1416 1417 1418
f 1419 1416 1420
f 1421 1419 1422
f 1423 1421 1424
f 1425 1423 1426
f 1427 1425 1428
f 1429 1427 1430
f 1431 1429 1432
f 1433 1431 1434
f 1435 1433 1436
f 1437 1435 1438
f 1439 1437 1440
f 1441 1439 1442
f 1443 1441 1444
f 1445 1443 1446
f 1447 1445 1448
f 1449 1447 1450
f 1451 1449 1452
f 1453 1451 1454
f 1455 1453 1456
f 1457 1455 1458
f 1459 1457 1460
f 1461 1459 1462
f 1463 1461 1464
f 1465 1463 1466
f 1467 1465 1468
f 1469 1467 1470
f 1471 1469 1472
f 1473 1471 1474
f 1475 1473 1476
f 1477 1475 1478
f 1479 1477 1480
f 1481 1479 1482
f 1483 1481 1484
f 1485 1483 1486
f 1487 1485 1488
f 1489 1487 1490
f 1491 1489 1492
f 1493 1491 1494
f 1495 1493 1496
f 1497 1495 1498
f 1499 1497 1500
f 1501 1499 1502
f 1503 1501 1504
f 1505 1503 1506
f 1507 1505 1508
f 1509 1507 1510
f 1511 1509 1512
f 1512 1513 1511
f 1510 1512 1509
f 1508 1510 1507
f 1506 1508 1505
f 1504 1506 1503
f 1502 1504 1501
f 1500 1502 1499
f 1498 1500 1497
f 1496 1498 1495
f 1494 1496 1493
f 1492 1494 1491
f 1490 1492 1489
f 1488 1490 1487
f 1486 1488 1485
f 1484 1486 1483
f 1482 1484 1481
f 1480 1482 1479
f 1478 1480 1477
f 1476 1478 1475
f 1474 1476 1473
f 1472 1474 1471
f 1470 1472 1469
f 1468 1470 1467
f 1466 1468 1465
f 1464 1466 1463
f 1462 1464 1461
f 1460 1462 1459
f 1458 1460 1457
f 1456 1458 1455
f 1454 1456 1453
f 1452 1454 1451
f 1450 1452 1449
f 1448 1450 1447
f 1446 1448 1445
f 1444 1446 1443
f 1442 1444 1441
f 1440 1442 1439
f 1438 1440 1437
f 1436 1438 1435
f 1434 1436 1433
f 1432 1434 1431
f 1430 1432 1429
f 1428 1430 1427
f 1426 1428 1425
f 1424 1426 1423
f 1422 1424 1421
f 1420 1422 1419
f 1418 1420 1416
f 1514 1515 1516
f 1517 1518 1519
f 1520 1519 1521
f 1522 1521 1523
f 1524 1523 1525
f 1526 1525 1527
f 1528 1527 1529
f 1530 1514 1531
f 1532 1533 1534
f 1532 1535 1536
f 1532 1537 1538
f 1536 1533 1532
f 1535 1539 1540
f 1532 1541 1542
f 1532 1543 1544
f 1538 1545 1532
f 1540 1536 1535
f 1535 1546 1547
f 1517 1548 1549
f 1517 1550 1551
f 1517 1552 1553
f 1520 1554 1552
f 1544 1541 1532
f 1534 1537 1532
f 1535 1555 1546
f 1535 1556 1557
f 1535 1558 1559
f 1551 1548 1517
f 1517 1560 1561
f 1552 1517 1520
f 1520 1562 1563
f 1542 1564 1532
f 1547 1539 1535
f 1559 1556 1535
f 1549 1565 1517
f 1561 1566 1517
f 1563 1554 1520
f 1520 1567 1568
f 1520 1569 1570
f 1545 1543 1532
f 1535 1571 1558
f 1517 1572 1573
f 1565 1574 1517
f 1553 1560 1517
f 1520 1575 1576
f 1570 1567 1520
f 1532 1577 1578
f 1557 1555 1535
f 1535 1579 1580
f 1574 1572 1517
f 1576 1562 1520
f 1520 1581 1569
f 1564 1577 1532
f 1580 1582 1535
f 1517 1583 1584
f 1566 1550 1517
f 1568 1585 1520
f 1582 1571 1535
f 1584 1535 1517
f 1585 1575 1520
f 1520 1586 1587
f 1584 1579 1535
f 1587 1581 1520
f 1532 1588 1589
f 1573 1583 1517
f 1520 1532 1590
f 1578 1588 1532
f 1590 1591 1520
f 1591 1586 1520
f 1532 1520 1522
f 1592 1593 1594
f 1595 1594 1530
f 1596 1530 1597
f 1598 1597 1535
f 1599 1535 1532
f 1600 1532 1601
f 1602 1603 1604
f 1605 1592 1595
f 1606 1595 1596
f 1607 1596 1598
f 1608 1598 1599
f 1609 1599 1600
f 1610 1600 1611
f 1612 1611 1613
f 1614 1613 1615
f 1616 1602 1617
f 1618 1607 1608
f 1619 1609 1610
f 1620 1614 1621
f 1622 1621 1616
f 1623 1616 1624
f 1625 1619 1626
f 1627 1623 1628
f 1629 1627 1630
f 1631 1632 1633
f 1634 1633 1635
f 1636 1635 1637
f 1638 1637 1639
f 1640 1639 1641
f 1642 1641 1643
f 1644 1643 1645
f 1646 1645 1647
f 1648 1629 1649
f 1650 1631 1634
f 1651 1634 1636
f 1652 1636 1638
f 1653 1638 1640
f 1654 1640 1642
f 1655 1642 1644
f 1656 1648 1657
f 1658 1652 1653
f 1659 1660 1661
f 1659 1662 1663
f 1663 1660 1659
f 1662 1664 1665
f 1665 1663 1662
f 1659 1666 1667
f 1661 1668 1659
f 1667 1669 1659
f 1662 1670 1664
f 1662 1671 1672
f 1654 1673 1674
f 1654 1675 1676
f 1655 1677 1675
f 1668 1666 1659
f 1662 1678 1671
f 1654 1679 1673
f 1675 1654 1655
f 1655 1680 1681
f 1655 1682 1683
f 1659 1684 1685
f 1672 1670 1662
f 1662 1654 1686
f 1654 1687 1679
f 1681 1677 1655
f 1683 1688 1655
f 1669 1684 1659
f 1662 1689 1690
f 1654 1691 1686
f 1676 1687 1654
f 1688 1692 1655
f 1659 1693 1694
f 1659 1695 1696
f 1690 1678 1662
f 1686 1697 1662
f 1654 1698 1699
f 1692 1680 1655
f 1659 1700 1693
f 1659 1701 1702
f 1685 1695 1659
f 1662 1703 1704
f 1662 1705 1706
f 1654 1707 1691
f 1674 1698 1654
f 1655 1708 1709
f 1702 1700 1659
f 1704 1689 1662
f 1697 1705 1662
f 1654 1710 1711
f 1654 1712 1713
f 1709 1682 1655
f 1696 1701 1659
f 1711 1707 1654
f 1699 1712 1654
f 1655 1714 1715
f 1706 1703 1662
f 1715 1708 1655
f 1655 1716 1717
f 1655 1694 1718
f 1713 1710 1654
f 1718 1716 1655
f 1717 1714 1655
f 1659 1655 1719
f 1651 1720 1721
f 1651 1722 1723
f 1652 1724 1722
f 1651 1725 1720
f 1722 1651 1652
f 1652 1726 1727
f 1652 1728 1729
f 1651 1730 1731
f 1651 1732 1725
f 1727 1724 1652
f 1729 1733 1652
f 1731 1734 1651
f 1723 1732 1651
f 1733 1735 1652
f 1652 1658 1736
f 1734 1737 1738
f 1731 1739 1734
f 1651 1740 1741
f 1735 1726 1652
f 1658 1742 1736
f 1734 1743 1737
f 1734 1744 1745
f 1734 1746 1747
f 1651 1748 1730
f 1721 1740 1651
f 1652 1749 1750
f 1736 1751 1652
f 1658 1752 1753
f 1745 1743 1734
f 1734 1754 1755
f 1739 1746 1734
f 1651 1756 1757
f 1651 1758 1759
f 1750 1728 1652
f 1652 1760 1761
f 1658 1762 1742
f 1658 1763 1764
f 1753 1765 1658
f 1755 1744 1734
f 1757 1748 1651
f 1741 1758 1651
f 1652 1766 1767
f 1751 1760 1652
f 1658 1768 1769
f 1658 1770 1771
f 1765 1763 1658
f 1747 1754 1734
f 1767 1749 1652
f 1769 1762 1658
f 1764 1770 1658
f 1759 1756 1651
f 1771 1768 1658
f 1761 1766 1652
f 1653 1772 1773
f 1653 1774 1775
f 1654 1776 1777
f 1653 1778 1772
f 1653 1777 1774
f 1654 1779 1776
f 1654 1780 1781
f 1782 1783 1784
f 1653 1785 1786
f 1653 1787 1778
f 1777 1653 1654
f 1781 1788 1654
f 1782 1789 1783
f 1786 1782 1653
f 1775 1787 1653
f 1788 1790 1654
f 1654 1662 1791
f 1784 1792 1782
f 1782 1793 1794
f 1786 1795 1782
f 1653 1796 1797
f 1790 1779 1654
f 1662 1798 1791
f 1794 1789 1782
f 1782 1799 1800
f 1653 1801 1785
f 1773 1796 1653
f 1654 1802 1803
f 1791 1804 1654
f 1662 1805 1806
f 1662 1807 1808
f 1662 1809 1810
f 1792 1811 1782
f 1782 1812 1813
f 1795 1799 1782
f 1653 1814 1815
f 1653 1816 1817
f 1803 1780 1654
f 1654 1818 1819
f 1662 1820 1798
f 1808 1805 1662
f 1662 1821 1809
f 1813 1793 1782
f 1815 1801 1653
f 1797 1816 1653
f 1654 1822 1823
f 1804 1818 1654
f 1662 1824 1825
f 1662 1826 1827
f 1810 1807 1662
f 1800 1812 1782
f 1823 1802 1654
f 1825 1820 1662
f 1806 1826 1662
f 1817 1814 1653
f 1827 1824 1662
f 1819 1822 1654
f 1644 1828 1829
f 1646 1830 1828
f 1644 1831 1832
f 1828 1644 1646
f 1829 1831 1644
f 1646 1833 1834
f 1834 1830 1646
f 1835 1836 1837
f 1837 1833 1835
f 1838 1719 1839
f 1837 1840 1833
f 1719 1841 1839
f 1833 1842 1843
f 1833 1844 1845
f 1835 1846 1836
f 1839 1847 1838
f 1833 1848 1842
f 1840 1844 1833
f 1835 1849 1850
f 1835 1851 1852
f 1835 1853 1854
f 1838 1855 1853
f 1838 1856 1857
f 1838 1858 1859
f 1719 1860 1841
f 1833 1861 1862
f 1843 1863 1833
f 1850 1846 1835
f 1852 1864 1835
f 1835 1865 1866
f 1835 1867 1868
f 1853 1835 1838
f 1838 1869 1870
f 1838 1871 1872
f 1838 1873 1856
f 1847 1858 1838
f 1719 1874 1875
f 1862 1876 1833
f 1845 1848 1833
f 1835 1877 1851
f 1868 1865 1835
f 1870 1855 1838
f 1872 1878 1838
f 1857 1879 1838
f 1875 1860 1719
f 1719 1880 1881
f 1876 1882 1833
f 1864 1849 1835
f 1854 1867 1835
f 1878 1883 1838
f 1859 1873 1838
f 1881 1884 1719
f 1719 1885 1886
f 1719 1887 1888
f 1863 1861 1833
f 1883 1869 1838
f 1884 1874 1719
f 1888 1885 1719
f 1866 1877 1835
f 1886 1880 1719
f 1879 1871 1838
f 1719 1832 1889
f 1889 1887 1719
f 1882 1890 1833
f 1646 1891 1892
f 1646 1893 1894
f 1646 1895 1896
f 1894 1891 1646
f 1893 1897 1898
f 1646 1899 1895
f 1898 1894 1893
f 1893 1900 1901
f 1892 1899 1646
f 1901 1902 1893
f 1902 1897 1893
f 1903 1904 1905
f 1835 1833 1906
f 1905 1900 1903
f 1833 1907 1906
f 1905 1908 1900
f 1906 1909 1835
f 1900 1910 1911
f 1900 1912 1913
f 1903 1914 1904
f 1903 1915 1916
f 1903 1917 1918
f 1835 1919 1917
f 1835 1920 1921
f 1835 1922 1923
f 1833 1924 1907
f 1900 1925 1910
f 1908 1912 1900
f 1903 1926 1927
f 1903 1928 1929
f 1903 1930 1915
f 1917 1903 1835
f 1835 1931 1932
f 1835 1933 1934
f 1835 1935 1920
f 1909 1922 1835
f 1833 1936 1937
f 1911 1938 1900
f 1927 1914 1903
f 1929 1939 1903
f 1903 1940 1930
f 1932 1919 1835
f 1934 1941 1835
f 1921 1942 1835
f 1937 1924 1833
f 1833 1943 1944
f 1913 1925 1900
f 1903 1945 1928
f 1918 1940 1903
f 1941 1946 1835
f 1923 1935 1835
f 1944 1947 1833
f 1833 1948 1949
f 1833 1896 1950
f 1939 1926 1903
f 1946 1931 1835
f 1947 1936 1833
f 1950 1948 1833
f 1900 1951 1952
f 1916 1945 1903
f 1949 1943 1833
f 1900 1953 1951
f 1942 1933 1835
f 1938 1953 1900
f 1656 1954 1955
f 1656 1956 1954
f 1955 1957 1656
f 1656 1958 1959
f 1656 1960 1961
f 1959 1956 1656
f 1957 1960 1656
f 1648 1962 1963
f 1648 1964 1962
f 1648 1656 1965
f 1965 1964 1648
f 1647 1629 1966
f 1629 1967 1966
f 1629 1968 1967
f 1629 1648 1969
f 1629 1970 1968
f 1969 1971 1629
f 1971 1970 1629
f 1893 1966 1972
f 1893 1973 1974
f 1972 1975 1893
f 1975 1973 1893
f 1903 1900 1976
f 1900 1977 1976
f 1976 1978 1903
f 1979 1980 1981
f 1979 1982 1983
f 1903 1984 1985
f 1903 1986 1987
f 1903 1988 1989
f 1900 1990 1977
f 1979 1991 1992
f 1979 1993 1980
f 1979 1994 1982
f 1985 1979 1903
f 1903 1995 1996
f 1903 1997 1986
f 1978 1988 1903
f 1900 1998 1999
f 1992 2000 1979
f 1979 2001 1993
f 1985 1994 1979
f 1996 2002 1903
f 1987 2003 1903
f 1999 1990 1900
f 1900 2004 2005
f 1979 2006 2007
f 1979 2008 1991
f 1983 2001 1979
f 2002 2009 1903
f 1989 1997 1903
f 2005 2010 1900
f 1900 2011 2012
f 2000 2006 1979
f 2009 1984 1903
f 2010 1998 1900
f 1900 1974 2011
f 1981 2008 1979
f 2012 2004 1900
f 2003 1995 1903
f 2013 2014 2015
f 2013 1979 2016
f 2017 2018 1958
f 2015 2017 2013
f 2016 2019 2013
f 2017 2020 2018
f 2019 2014 2013
f 2015 2020 2017
f 2021 2022 2023
f 2021 2024 2025
f 1613 2026 2024
f 1613 2027 2028
f 2025 2022 2021
f 2024 1615 1613
f 1613 2029 2030
f 2028 2031 1613
f 2024 2021 1615
f 2031 2029 1613
f 2030 2026 1613
f 1524 2032 2033
f 1524 2034 2032
f 1524 2035 2034
f 1524 2036 2037
f 1524 2038 2039
f 2033 2040 1524
f 2037 2041 1524
f 1524 1526 2042
f 1526 2043 2044
f 1524 2045 2046
f 2040 2038 1524
f 1524 2047 2048
f 2042 2036 1524
f 1526 2049 2043
f 2027 2050 2051
f 2046 2027 1524
f 2048 2035 1524
f 2044 2042 1526
f 1526 2052 2053
f 1526 2054 2055
f 2021 2056 2057
f 2027 2058 2050
f 2046 2059 2027
f 2041 2047 1524
f 1526 2060 2052
f 1526 2061 2054
f 1526 2021 2062
f 2057 2063 2021
f 2027 2064 2065
f 2027 2066 2058
f 2027 2067 2068
f 1524 2069 2045
f 2053 2049 1526
f 1526 2070 2061
f 1526 2071 2072
f 2021 2073 2062
f 2021 2074 2075
f 2063 2076 2021
f 2021 2077 2078
f 2027 2079 2064
f 2068 2066 2027
f 2039 2069 1524
f 2072 2070 1526
f 2062 2080 1526
f 2076 2074 2021
f 2078 2081 2021
f 2051 2079 2027
f 2055 2060 1526
f 2021 2082 2073
f 2081 2056 2021
f 2059 2067 2027
f 2075 2082 2021
f 2080 2071 1526
f 1515 2083 2084
f 2084 2085 1515
f 2085 2086 2087
f 2084 2088 2085
f 1515 2089 2090
f 2085 2091 2086
f 2090 2083 1515
f 1515 1514 2092
f 2088 2091 2085
f 2092 2093 1515
f 2093 2089 1515
f 1530 2094 2095
f 1530 1594 2096
f 1530 2097 2098
f 2096 2094 1530
f 1594 2099 2100
f 1530 2101 2102
f 1530 2103 2104
f 2098 2105 1530
f 2100 2096 1594
f 1594 2106 2107
f 2104 2101 1530
f 2095 2097 1530
f 1594 2108 2106
f 1594 2109 2110
f 1594 2111 2112
f 2102 2113 1530
f 2107 2099 1594
f 2112 2109 1594
f 2114 2115 2116
f 2114 2117 2118
f 1514 2119 2120
f 1514 2121 2122
f 1530 2123 2124
f 2105 2103 1530
f 1594 2125 2111
f 1594 2114 2126
f 2118 2115 2114
f 2122 2119 1514
f 2124 1514 1530
f 1530 2127 2128
f 2110 2108 1594
f 2114 2129 2126
f 2114 2130 2131
f 2116 2132 2114
f 1514 2133 2121
f 2124 2134 1514
f 2113 2127 1530
f 1594 2135 2136
f 2126 2137 1594
f 2132 2130 2114
f 2114 2087 2138
f 2120 2139 1514
f 1530 2140 2123
f 2136 2125 1594
f 2114 2141 2129
f 2138 2117 2114
f 2139 2142 1514
f 1514 2143 2144
f 2128 2140 1530
f 2131 2141 2114
f 2144 2133 1514
f 2137 2135 1594
f 2134 2143 1514
f 1610 1612 2145
f 1612 2146 2145
f 1612 2147 2148
f 2148 2146 1612
f 1626 2149 2150
f 2151 2152 2153
f 1626 2154 2152
f 1626 2155 2156
f 2150 2157 1626
f 2152 2151 1626
f 2157 2155 1626
f 1626 2158 2159
f 2156 2154 1626
f 1626 2160 2161
f 1626 2162 2163
f 1626 2145 2158
f 2161 2149 1626
f 2159 2162 1626
f 2163 2160 1626
f 2164 1645 2165
f 1645 2166 2167
f 1645 2168 2165
f 1645 2169 2170
f 1645 2171 2166
f 1643 2172 2173
f 1645 2174 2168
f 1645 2175 2176
f 2167 2169 1645
f 1645 2177 2178
f 2173 1645 1643
f 2176 2174 1645
f 2178 2171 1645
f 1645 2179 2180
f 2173 2181 1645
f 2170 2175 1645
f 2181 2179 1645
f 2180 2177 1645
f 2164 2182 2183
f 1620 2184 2185
f 1620 2186 2187
f 2183 1620 2164
f 1620 2188 2184
f 1620 2189 2190
f 1620 2191 2186
f 2183 2192 1620
f 2190 2188 1620
f 1620 2193 2191
f 2192 2194 1620
f 2185 2195 1620
f 2194 2193 1620
f 2187 2189 1620
f 2164 2196 2197
f 2197 2182 2164
f 1612 1614 2198
f 1614 1620 2199
f 2199 2198 1614
f 1622 2200 2201
f 2201 1620 1622
f 1620 2202 2203
f 1620 2204 2205
f 2201 2206 1620
f 2164 2207 2208
f 1620 2209 2207
f 1620 2210 2211
f 1620 2212 2213
f 2205 2202 1620
f 2206 2214 1620
f 2207 2164 1620
f 2211 2215 1620
f 2203 2212 1620
f 2214 2216 1620
f 2215 2209 1620
f 2216 2204 1620
f 2213 2210 1620
f 1645 2217 2218
f 1645 2219 2220
f 1645 2221 2222
f 2220 2217 1645
f 1645 2223 2224
f 1645 2225 2226
f 2222 2227 1645
f 1645 2228 2229
f 2224 2219 1645
f 1645 2230 2231
f 2164 2232 2233
f 2226 1647 1645
f 2229 2221 1645
f 2231 2223 1645
f 2233 1645 2164
f 2227 2225 1645
f 2233 2230 1645
f 2218 2228 1645
f 1629 2234 2235
f 1627 1629 2236
f 1629 2237 2238
f 2235 2239 1629
f 1629 2240 2236
f 1629 2241 2237
f 2239 2242 1629
f 1629 2243 2240
f 2242 2241 1629
f 1629 2244 2245
f 1629 2246 2247
f 1647 2248 2249
f 2238 2243 1629
f 2247 2244 1629
f 2249 1629 1647
f 2245 2234 1629
f 2249 2250 1629
f 2250 2246 1629
f 1622 1623 2251
f 1623 2252 2253
f 1623 2254 2255
f 1623 2256 2257
f 1623 2258 2251
f 1623 2259 2252
f 1623 2260 2261
f 2257 2254 1623
f 2253 2258 1623
f 2255 2260 1623
f 1623 2262 2263
f 1627 2264 2265
f 2261 2259 1623
f 2263 2266 1623
f 2265 1623 1627
f 2266 2256 1623
f 2265 2267 1623
f 2267 2262 1623
f 1619 2268 2269
f 1619 2270 2271
f 1619 1625 2272
f 2269 2273 1619
f 2271 2274 1619
f 1619 2275 2276
f 2272 2277 1619
f 1625 2278 2279
f 2273 2280 1619
f 2276 2270 1619
f 1619 2281 2282
f 2279 2272 1625
f 2274 2268 1619
f 2277 2281 1619
f 2282 2275 1619
f 1608 1609 2283
f 1609 2284 2283
f 1608 2285 2286
f 2283 2287 1608
f 2287 2285 1608
f 1609 1619 2288
f 2288 2284 1609
f 2289 2286 2290
f 2291 2292 2293
f 1618 2294 2292
f 1618 2295 2296
f 2289 2297 2298
f 2292 2291 1618
f 1618 2299 2295
f 1618 2300 2301
f 2298 1618 2289
f 1618 2302 2294
f 1618 2303 2304
f 1618 2305 2299
f 2298 2300 1618
f 2304 2302 1618
f 2301 2305 1618
f 2296 2303 1618
f 2306 1635 2307
f 1635 2308 2309
f 2307 2310 2306
f 1635 2311 2312
f 1635 2313 2314
f 2306 2308 1635
f 1635 2315 2316
f 2312 2317 1635
f 2309 2313 1635
f 2316 1637 1635
f 2314 2311 1635
f 2317 2315 1635
f 2318 2319 2320
f 2316 2321 1637
f 2320 2322 2318
f 1635 2323 2307
f 1635 2324 2325
f 2322 2326 2318
f 2325 2323 1635
f 2320 2319 2327
f 2310 2318 2306
f 1635 2291 2328
f 2327 2329 2320
f 1635 2330 2324
f 1635 2331 2332
f 2291 2333 2328
f 2291 2334 2335
f 2291 2336 2337
f 2291 2338 2339
f 2340 2341 2342
f 2326 2306 2318
f 1635 2343 2331
f 2291 2344 2333
f 2337 2334 2291
f 2291 2345 2346
f 2291 2342 2338
f 2340 2347 2341
f 2320 2348 2349
f 2332 2330 1635
f 1635 2350 2351
f 2328 2352 1635
f 2291 2353 2354
f 2335 2355 2291
f 2346 2356 2291
f 2342 2291 2340
f 2340 2357 2358
f 2340 2359 2360
f 2329 2348 2320
f 1635 2361 2362
f 2352 2350 1635
f 2355 2353 2291
f 2339 2345 2291
f 2340 2363 2364
f 2360 2357 2340
f 2320 2365 2366
f 2320 2367 2368
f 2362 2343 1635
f 2354 2344 2291
f 2364 2347 2340
f 2340 2369 2359
f 2366 2340 2320
f 2320 2370 2371
f 2349 2367 2320
f 1635 2372 2373
f 2356 2336 2291
f 2358 2374 2340
f 2371 2365 2320
f 2373 2361 1635
f 2374 2363 2340
f 2340 2375 2376
f 2368 2370 2320
f 2376 2369 2340
f 2351 2372 1635
f 2340 2377 2378
f 2378 2375 2340
f 1625 1639 2379
f 1639 2380 2379
f 1639 2381 2382
f 1639 2383 2384
f 1639 2385 2380
f 1639 2386 2381
f 1639 2387 2388
f 1639 2389 2383
f 2382 2385 1639
f 1639 2390 2387
f 1639 2391 2389
f 1639 2392 2393
f 1637 2394 2395
f 2388 2386 1639
f 2393 2391 1639
f 1637 2396 2394
f 2384 2390 1639
f 2395 1639 1637
f 2395 2392 1639
f 1637 2321 2397
f 2397 2396 1637
f 1635 2398 2399
f 2399 2400 1635
f 1635 2401 2402
f 1635 2403 2404
f 1635 2405 2406
f 1633 2407 2408
f 2291 1635 2409
f 2402 2398 1635
f 1635 2410 2403
f 2406 2411 1635
f 2408 1635 1633
f 1635 2412 2409
f 1635 2413 2414
f 2404 2401 1635
f 2408 2405 1635
f 2414 2412 1635
f 2411 2410 1635
f 2400 2413 1635
f 1618 2415 2416
f 2416 2417 1618
f 1618 2418 2419
f 1618 2420 2421
f 1618 2291 2422
f 2291 2423 2424
f 2417 2425 1618
f 2421 2418 1618
f 2424 2422 2291
f 2419 2415 1618
f 1618 2426 2427
f 2422 2428 1618
f 2425 2429 1618
f 2428 2426 1618
f 2427 2420 1618
f 1606 1607 2430
f 1607 2431 2430
f 1607 1618 2432
f 2432 2431 1607
f 1606 2433 2434
f 1605 2435 2436
f 2434 1605 1606
f 2434 2435 1605
f 2437 2438 2439
f 2437 2440 2438
f 2437 2436 2441
f 2441 2440 2437
f 2439 2442 2437
f 1633 1632 2443
f 1632 2444 2445
f 1632 2446 2443
f 1632 2447 2444
f 2445 2446 1632
f 1632 2448 2449
f 2449 2447 1632
f 1632 2450 2448
f 1641 2451 2452
f 1641 1639 2453
f 2453 2451 1641
f 1639 2454 2455
f 2455 2453 1639
f 1625 2151 2456
f 1641 2457 2458
f 2452 2459 1641
f 1625 2460 2461
f 1625 2462 2463
f 2456 2464 1625
f 2458 2465 1641
f 1639 2466 2454
f 1639 2467 2468
f 2463 2460 1625
f 1625 2469 2470
f 2151 2471 2456
f 2151 2472 2473
f 2459 2457 1641
f 1639 2474 2467
f 2461 2475 1625
f 2470 2476 1625
f 2473 2471 2151
f 2151 2477 2478
f 2151 2479 2480
f 1641 2481 2482
f 2468 2466 1639
f 1625 2483 2484
f 2475 2485 1625
f 2464 2469 1625
f 2151 2486 2487
f 2480 2477 2151
f 2465 2481 1641
f 1639 2488 2489
f 1625 2490 2491
f 2485 2483 1625
f 2487 2472 2151
f 2151 2492 2479
f 1641 2493 2494
f 2489 2474 1639
f 1625 2495 2490
f 2476 2462 1625
f 2478 2496 2151
f 1641 2497 2498
f 2482 2493 1641
f 1639 2499 2500
f 1639 2501 2502
f 2491 1639 1625
f 2496 2486 2151
f 2498 2503 1641
f 2500 2488 1639
f 2491 2501 1639
f 2151 2504 2492
f 2494 2497 1641
f 2484 2495 1625
f 2502 2499 1639
f 2151 2505 2506
f 2506 2504 2151
f 2507 1641 2508
f 1641 2509 2510
f 1641 2511 2512
f 2508 2513 2507
f 1641 2514 2515
f 1641 2516 2509
f 1641 2517 2518
f 2507 2511 1641
f 1641 2519 2520
f 2515 2521 1641
f 2518 2516 1641
f 2512 2522 1641
f 2523 2507 2513
f 1641 2524 2525
f 2521 2519 1641
f 2522 2517 1641
f 2523 2526 2505
f 2513 2527 2523
f 2525 1643 1641
f 2510 2514 1641
f 2527 2526 2523
f 2520 2524 1641
f 2525 2172 1643
f 1651 1734 2528
f 1734 2529 2528
f 1651 2530 2531
f 2528 2532 1651
f 1651 2533 2534
f 1651 2535 2536
f 2531 2537 1651
f 1734 2538 2529
f 1734 2539 2540
f 1650 2541 2542
f 1650 2543 2544
f 1650 1651 2545
f 1651 2546 2547
f 2536 2533 1651
f 1651 2548 2549
f 2532 2530 1651
f 1734 2550 2539
f 1650 2551 2552
f 1650 2553 2554
f 1650 2555 2541
f 2545 2543 1650
f 2534 2546 1651
f 1651 2556 2548
f 2540 2538 1734
f 1734 2557 2558
f 2559 2552 2560
f 1650 2561 2551
f 2542 2553 1650
f 2547 2545 1651
f 2537 2556 1651
f 2558 2562 1734
f 2559 2563 2564
f 2560 2565 2559
f 1650 2566 2561
f 1650 2567 2568
f 2544 2555 1650
f 2562 2550 1734
f 2559 2569 2570
f 2559 2571 2563
f 2565 2572 2559
f 1650 2573 2566
f 2568 2574 1650
f 2549 2535 1651
f 1734 2575 2576
f 2570 2577 2559
f 2572 2571 2559
f 2574 2573 1650
f 2576 2557 1734
f 2564 2569 2559
f 2554 2567 1650
f 2552 2559 1650
f 2085 2114 2578
f 2578 2579 2085
f 2579 2580 2085
f 2580 2581 2085
f 2582 2583 2584
f 2582 2585 2583
f 2582 2586 2585
f 2582 2587 2586
f 1594 2588 2589
f 1594 2590 2591
f 1594 2592 2593
f 2589 2114 1594
f 2593 2590 1594
f 1593 2594 2592
f 1593 2595 2596
f 2597 2598 2599
f 2114 2600 2601
f 2589 2602 2114
f 1594 2603 2604
f 2592 1594 1593
f 1593 2605 2606
f 1593 2607 2608
f 1593 2609 2595
f 1593 2610 2611
f 2599 2612 2597
f 2114 2613 2600
f 1594 2614 2588
f 1594 2615 2616
f 2604 2617 1594
f 1594 2618 2619
f 2606 2594 1593
f 1593 2620 2621
f 2596 2607 1593
f 2611 2622 1593
f 1593 2597 2623
f 2597 2624 2625
f 2612 2626 2597
f 2114 2627 2613
f 2114 2628 2629
f 1594 2630 2614
f 2617 2615 1594
f 2591 2618 1594
f 1593 2631 2620
f 2622 2609 1593
f 2597 2632 2623
f 2626 2624 2597
f 2597 2633 2634
f 2114 2635 2636
f 2629 2627 2114
f 2616 2630 1594
f 2621 2605 1593
f 2623 2610 1593
f 2634 2598 2597
f 2601 2635 2114
f 2619 2603 1594
f 2625 2632 2597
f 2602 2628 2114
f 2597 2584 2633
f 2608 2631 1593
f 1516 2637 2638
f 2638 1531 1516
f 1516 1518 2639
f 1518 1517 2640
f 2639 2637 1516
f 2640 2641 1518
f 2641 2639 1518
f 1535 2642 2643
f 1597 2644 2642
f 1535 2645 2646
f 2642 1535 1597
f 1597 2647 2648
f 1535 2649 2650
f 1535 2651 2652
f 2646 2653 1535
f 2648 2644 1597
f 1597 2654 2655
f 2652 2649 1535
f 2643 2645 1535
f 1597 2656 2654
f 1597 2657 2658
f 1597 2659 2660
f 2650 2661 1535
f 2655 2647 1597
f 2660 2657 1597
f 1531 2662 2663
f 1531 2664 2665
f 2653 2651 1535
f 1597 2666 2659
f 2665 2662 1531
f 1517 2667 2668
f 1517 2669 2670
f 1535 2671 2672
f 2658 2656 1597
f 1597 2673 2674
f 2663 2675 1531
f 1531 2676 2677
f 2670 2667 1517
f 1535 2678 2679
f 2661 2671 1535
f 2674 2680 1597
f 1597 1531 2681
f 1531 2682 2683
f 2675 2684 1531
f 2677 2685 1531
f 1517 2686 2687
f 1517 2688 2669
f 2679 1517 1535
f 2680 2666 1597
f 1531 2689 2681
f 2684 2682 1531
f 2685 2690 1531
f 2687 2691 1517
f 2668 2692 1517
f 2679 2693 1517
f 2681 2673 1597
f 2690 2664 1531
f 2692 2686 1517
f 1517 2694 2695
f 1535 2696 2678
f 2683 2689 1531
f 2695 2688 1517
f 2672 2696 1535
f 2693 2694 1517
f 1613 2697 2698
f 2698 2027 1613
f 1611 2699 2697
f 1611 1601 2700
f 2697 1613 1611
f 2700 2701 1611
f 2701 2699 1611
f 1522 2702 2703
f 2703 2704 1522
f 1522 1524 2705
f 1524 2706 2707
f 2705 2702 1522
f 2707 2708 1524
f 1524 2709 2710
f 1601 2711 2712
f 1522 2713 2714
f 1522 2715 2716
f 1522 2717 2718
f 2708 2705 1524
f 1524 2719 2720
f 1524 2721 2709
f 1524 2027 2722
f 2027 2723 2724
f 1601 2725 2726
f 1601 2727 2711
f 2714 1601 1522
f 1522 2728 2729
f 2716 2730 1522
f 2704 2717 1522
f 1524 2731 2719
f 1524 2732 2721
f 1524 2733 2734
f 2027 2735 2722
f 2724 2736 2027
f 2027 2737 2738
f 1601 2739 2740
f 1601 2741 2725
f 1601 2742 2727
f 1601 2743 2744
f 2714 2745 1601
f 2730 2728 1522
f 1522 2746 2747
f 2720 2706 1524
f 2734 2732 1524
f 2722 2748 1524
f 2027 2749 2750
f 2736 2751 2027
f 2027 2752 2753
f 2738 2754 2027
f 2726 2739 1601
f 2744 2742 1601
f 1522 2755 2713
f 2747 2715 1522
f 2710 2731 1524
f 2027 2756 2735
f 2751 2749 2027
f 2754 2752 2027
f 2712 2741 1601
f 2729 2755 1522
f 2748 2733 1524
f 2753 2723 2027
f 2745 2743 1601
f 2750 2756 2027
f 2718 2746 1522
f 1526 2757 2758
f 1526 2759 2757
f 1526 1528 2760
f 1526 2761 2759
f 2760 2762 1526
f 1526 2763 2764
f 2758 2765 1526
f 2762 2766 1526
f 1528 2767 2768
f 1526 2769 2770
f 2765 2763 1526
f 1526 2771 2772
f 1528 2773 2760
f 1528 2774 2767
f 2021 2775 2776
f 2770 2021 1526
f 2772 2761 1526
f 2768 2773 1528
f 1528 2777 2778
f 1528 2779 2780
f 2021 2781 2775
f 2770 2782 2021
f 2766 2771 1526
f 1528 2783 2777
f 1528 2784 2779
f 2021 2785 2781
f 2021 2786 2787
f 1526 2788 2769
f 2778 2774 1528
f 1528 2789 2784
f 1528 2790 2791
f 2021 2792 2793
f 2787 2785 2021
f 2764 2788 1526
f 2791 2789 1528
f 2776 2792 2021
f 2780 2783 1528
f 2782 2786 2021
f 1615 2021 2794
f 1615 2795 2796
f 2794 2797 1615
f 2797 2795 1615
f 1616 2798 2799
f 1621 1615 2800
f 1616 2801 2798
f 2800 1616 1621
f 1616 2802 2801
f 2800 2803 1616
f 2803 2802 1616
f 1602 2804 2805
f 1602 2806 2804
f 1602 2799 2807
f 2807 2806 1602
f 1603 2808 2809
f 2809 2810 1603
f 1603 2811 2812
f 2810 2813 1603
f 2813 2811 1603
f 1603 2805 2814
f 2814 2808 1603
f 2815 1604 2816
f 1604 2817 2816
f 2816 2818 2815
f 1604 2819 2817
f 1604 1603 2820
f 2815 2821 2790
f 2820 2819 1604
f 2818 2821 2815
f 1649 2822 2823
f 2824 2825 2826
f 1649 2827 2822
f 1649 2828 2829
f 1649 2830 2831
f 2826 2832 2824
f 2825 2833 2834
f 2835 2836 2837
f 1649 2838 2839
f 2829 2827 1649
f 2831 2840 1649
f 1630 2841 2830
f 2825 2842 2826
f 2833 2843 2834
f 2833 2835 2844
f 2836 2845 2837
f 1649 2846 2847
f 2839 2848 1649
f 2840 2828 1649
f 1630 2849 2841
f 2824 2850 2851
f 2824 2852 2853
f 2834 2842 2825
f 2837 2844 2835
f 1649 2854 2846
f 1649 2855 2856
f 2823 2838 1649
f 1630 2857 2849
f 1630 2858 2859
f 1630 2860 2861
f 2860 2862 2863
f 2853 2850 2824
f 2844 2843 2833
f 2836 2864 2865
f 2856 2854 1649
f 2830 1649 1630
f 1630 2866 2867
f 2859 2868 1630
f 2861 2869 1630
f 2860 2870 2862
f 2860 2851 2871
f 2832 2852 2824
f 2836 2872 2864
f 2848 2855 1649
f 2868 2866 1630
f 2860 2873 2861
f 2860 2874 2875
f 2871 2870 2860
f 2865 2845 2836
f 2867 2857 1630
f 2875 2873 2860
f 2851 2860 2824
f 2836 2876 2877
f 2869 2858 1630
f 2877 2872 2836
f 2836 2878 2879
f 2863 2874 2860
f 2836 2880 2878
f 2879 2876 2836
f 2881 2882 2880
f 2881 2883 2884
f 1657 2885 2886
f 2880 2887 2888
f 2881 2886 2883
f 1657 2889 2885
f 2880 2836 2887
f 2886 2881 1657
f 2884 2882 2881
f 1657 1649 2890
f 2890 2889 1657
f 1657 2881 2891
f 2017 2892 2893
f 2017 2894 2892
f 2017 2895 2894
f 2017 2896 2895
f 2017 2891 2896
f 2013 2893 2897
f 2013 2898 2899
f 2897 2900 2013
f 2900 2898 2013
f 1979 2013 2901
f 1903 1979 2902
f 1835 1903 2903
f 1838 1835 2904
f 1659 1838 2905
f 1662 1659 2906
f 2907 2908 1821
f 2909 2910 2908
f 2908 2907 2909
f 2909 1782 2911
f 2909 2912 2910
f 2911 2913 2909
f 2913 2912 2909
f 1658 1782 2909
f 2914 2915 2916
f 2917 2918 2919
f 2914 2920 1752
f 2914 2921 2915
f 2919 2914 2917
f 2914 2922 2920
f 2919 2921 2914
f 2917 1734 2923
f 2916 2922 2914
f 2923 2924 2917
f 2924 2918 2917
f 2917 2925 2926
f 2917 2927 2928
f 2925 2929 2926
f 2926 2927 2917
f 2925 2930 2929
f 2925 2931 2932
f 2925 2933 2934
f 2925 2559 2935
f 2932 2930 2925
f 2935 2933 2925
f 2917 2936 2575
f 2934 2931 2925
f 2928 2936 2917
f 2937 2938 2939
f 2940 2941 2942
f 2942 2937 2940
f 2559 2925 2941
f 2941 2940 2559
f 1650 2559 2940
f 2940 2943 1650
f 2943 2944 1650
f 1631 1650 2945
f 1632 1631 2946
f 2946 2947 1632
f 2948 2949 2950
f 2951 2952 2953
f 2951 2954 2955
f 2956 2957 2958
f 2959 2960 2957
f 2948 2961 2962
f 2948 2953 2949
f 2955 2952 2951
f 2963 2964 2965
f 2957 2956 2959
f 2960 2959 2948
f 2962 2966 2948
f 2953 2948 2951
f 2951 2967 2968
f 2951 2969 2970
f 2951 2971 2972
f 2951 2973 2974
f 2965 2975 2963
f 2976 2977 2963
f 2978 2979 2977
f 2980 2981 2979
f 2982 2983 2984
f 2985 2986 2983
f 2987 2958 2988
f 2948 2989 2960
f 2950 2961 2948
f 2970 2967 2951
f 2974 2971 2951
f 1632 2990 2991
f 2990 2992 2993
f 2963 2975 2976
f 2979 2978 2980
f 2983 2982 2985
f 2994 2988 2986
f 2958 2987 2956
f 2948 2995 2996
f 2968 2954 2951
f 2972 2997 2951
f 2951 2998 2999
f 2951 3000 3001
f 2992 3002 3003
f 2992 3004 3000
f 1632 3005 3006
f 2993 2991 2990
f 2977 2976 2978
f 3007 2984 2981
f 2986 2985 2994
f 2996 2989 2948
f 2997 2969 2951
f 3001 2998 2951
f 2992 3008 3002
f 3000 3009 2992
f 2991 3005 1632
f 2981 2980 3007
f 2988 2994 2987
f 2948 3010 3011
f 2999 2973 2951
f 3000 3012 3013
f 3009 3008 2992
f 1632 3014 2990
f 2984 3007 2982
f 2966 3010 2948
f 3000 3004 3012
f 3006 2450 1632
f 1632 3015 3016
f 3011 2995 2948
f 3003 2993 2992
f 1632 3017 3015
f 2965 3018 3017
f 2964 3019 2965
f 3016 3014 1632
f 3019 3018 2965
f 3017 1632 2965
f 3020 3021 3022
f 3020 3023 3024
f 2951 2948 3023
f 3024 3021 3020
f 3022 3025 3020
f 3022 3026 3027
f 3022 3028 3029
f 3022 2437 3030
f 3022 3031 3025
f 3029 3026 3022
f 2437 3032 3030
f 3022 3033 3031
f 3030 3028 3022
f 3027 3033 3022
f 2437 3022 3034
f 1605 3035 3036
f 1605 3034 3035
f 1592 3036 3037
f 1593 3038 3039
f 1593 3040 3038
f 1593 3037 3040
f 2597 3039 3041
f 3042 3041 3043
f 3043 3044 3042
f 2582 3041 3045
f 3044 3046 3042
f 3042 3045 3041
f 3047 3048 2587
f 3049 2085 3050
f 3047 3051 3048
f 3050 3047 3049
f 3047 3052 3051
f 3050 3053 3047
f 3053 3052 3047
f 2085 3049 3054
f 1515 3054 3055
f 1516 3055 3056
f 1518 3056 3057
f 1519 3057 3058
f 1521 3058 3059
f 1523 3059 3060
f 1525 3060 3061
f 1527 3061 3062
f 1529 3062 3063
f 1529 3064 3065
f 3063 3066 1529
f 3066 3064 1529
f 2815 1529 3067
f 1604 2815 3068
f 3068 3069 1604
f 1604 3070 3071
f 3069 3072 1604
f 3072 3070 1604
f 1617 1604 3073
f 1624 1617 3074
f 3074 3075 1624
f 3076 3077 3078
f 3076 3079 3080
f 3078 3081 3076
f 1624 3082 3083
f 3080 1624 3076
f 3076 3084 3085
f 3077 3086 3078
f 1624 3087 3082
f 1624 3088 3089
f 3076 3090 3079
f 3081 3084 3076
f 3089 3087 1624
f 3085 3090 3076
f 3080 3088 1624
f 2860 3091 3092
f 2860 3093 3094
f 2860 3095 3096
f 1630 3097 3095
f 3094 3091 2860
f 3095 2860 1630
f 1630 3098 3099
f 1630 3100 3101
f 3102 3103 3086
f 2860 3104 3105
f 3096 3093 2860
f 3101 3098 1630
f 1630 3106 3107
f 3086 3108 3109
f 3086 3110 3102
f 3111 3112 3102
f 3113 3114 3115
f 3116 3117 3118
f 3105 3119 2860
f 3099 3097 1630
f 1630 3120 3106
f 1630 3121 3122
f 1630 3123 3124
f 1630 1628 3125
f 3109 3126 3086
f 3102 3110 3111
f 3115 3111 3113
f 3116 3127 3117
f 3128 3127 3116
f 3092 3104 2860
f 3122 3120 1630
f 3125 3123 1630
f 1628 3129 3130
f 1628 3131 3132
f 3086 3133 3108
f 3086 3134 3135
f 3115 3112 3111
f 3118 3113 3116
f 2860 3136 3128
f 3107 3100 1630
f 3130 3125 1628
f 3132 3137 1628
f 1628 3138 3139
f 3135 3133 3086
f 3118 3114 3113
f 3119 3136 2860
f 3137 3129 1628
f 1628 3083 3138
f 3103 3134 3086
f 3124 3121 1630
f 1628 3140 3141
f 3139 3142 1628
f 3116 2860 3128
f 3142 3140 1628
f 3141 3131 1628
f 3126 3078 3086
f 3083 1628 1624
f 3075 3076 1624
f 3073 3074 1617
f 3071 3073 1604
f 3067 3068 2815
f 3065 3067 1529
f 3062 1529 1527
f 3061 1527 1525
f 3060 1525 1523
f 3059 1523 1521
f 3058 1521 1519
f 3057 1519 1518
f 3056 1518 1516
f 3055 1516 1515
f 3054 1515 2085
f 2587 2582 3047
f 3045 3047 2582
f 3041 2582 2597
f 3039 2597 1593
f 3037 1593 1592
f 3036 1592 1605
f 3034 1605 2437
f 3023 3020 2951
f 3013 3001 3000
f 2947 2965 1632
f 2945 2946 1631
f 2944 2945 1650
f 2939 2940 2937
f 2575 1734 2917
f 1752 1658 2914
f 2909 2914 1658
f 1821 1662 2907
f 2906 2907 1662
f 2905 2906 1659
f 2904 2905 1838
f 2903 2904 1835
f 2902 2903 1903
f 2901 2902 1979
f 2899 2901 2013
f 2893 2013 2017
f 2891 2017 1657
f 2880 2888 2881
f 2847 2890 1649
f 2790 1528 2815
f 2812 2820 1603
f 2805 1603 1602
f 2799 1602 1616
f 2796 2800 1615
f 2793 2794 2021
f 2740 2700 1601
f 2698 2737 2027
f 2691 2640 1517
f 2638 2676 1531
f 2636 2578 2114
f 2584 2597 2582
f 2581 3050 2085
f 2577 2935 2559
f 2505 2151 2523
f 2503 2508 1641
f 2443 2407 1633
f 2442 3032 2437
f 2436 2437 1605
f 2430 2433 1606
f 2429 2432 1618
f 2409 2423 2291
f 2379 2278 1625
f 2366 2377 2340
f 2293 2340 2291
f 2290 2297 2289
f 2286 2289 1608
f 2280 2288 1619
f 2251 2200 1622
f 2236 2264 1627
f 2226 2248 1647
f 2208 2232 2164
f 2198 2147 1612
f 2195 2199 1620
f 2165 2196 2164
f 2153 2523 2151
f 2145 1626 1610
f 2142 2092 1514
f 2087 2114 2085
f 2065 2028 2027
f 2023 2077 2021
f 1958 1656 2017
f 2007 2016 1979
f 1974 1900 1893
f 1966 1893 1647
f 1963 1969 1648
f 1961 1965 1656
f 1952 1901 1900
f 1896 1833 1646
f 1890 1834 1833
f 1832 1719 1644
f 1811 2911 1782
f 1738 2923 1734
f 1719 1838 1659
f 1694 1655 1659
f 1653 1782 1658
f 1657 2017 1656
f 1644 1719 1655
f 1642 1655 1654
f 1640 1654 1653
f 1638 1653 1652
f 1636 1652 1651
f 1634 1651 1650
f 1649 1657 1648
f 1647 1893 1646
f 1645 1646 1644
f 1643 1644 1642
f 1641 1642 1640
f 1639 1640 1638
f 1637 1638 1636
f 1635 1636 1634
f 1633 1634 1631
f 1630 1649 1629
f 1628 1630 1627
f 1626 2151 1625
f 1624 1628 1623
f 1616 1623 1622
f 1621 1622 1620
f 1610 1626 1619
f 1608 2289 1618
f 1617 1624 1616
f 1615 1621 1614
f 1613 1614 1612
f 1611 1612 1610
f 1600 1610 1609
f 1599 1609 1608
f 1598 1608 1607
f 1596 1607 1606
f 1595 1606 1605
f 1604 1617 1602
f 1601 1611 1600
f 1532 1600 1599
f 1535 1599 1598
f 1597 1598 1596
f 1530 1596 1595
f 1594 1595 1592
f 1522 1601 1532
f 1589 1590 1532
f 1531 1597 1530
f 1529 2815 1528
f 1527 1528 1526
f 1525 1526 1524
f 1523 1524 1522
f 1521 1522 1520
f 1519 1520 1517
f 1516 1531 1514
f 3143 3144 3145
f 3146 3145 3147
f 3148 3147 3149
f 3150 3151 3152
f 3153 3149 3152
f 3152 3151 3153
f 3154 3155 3156
f 3150 3157 3156
f 3156 3155 3150
f 3158 3159 3160
f 3161 3160 3159
f 3159 3162 3161
f 3154 3163 3161
f 3161 3162 3154
f 3158 3164 3165
f 3166 3165 3167
f 3168 3167 3169
f 3170 3171 3172
f 3173 3172 3171
f 3171 3174 3173
f 3175 3169 3173
f 3173 3174 3175
f 3170 3176 3177
f 3178 3177 3179
f 3180 3179 3181
f 3181 3182 3180
f 3179 3180 3178
f 3177 3178 3170
f 3172 3176 3170
f 3169 3175 3168
f 3167 3168 3166
f 3165 3166 3158
f 3160 3164 3158
f 3156 3163 3154
f 3152 3157 3150
f 3149 3153 3148
f 3147 3148 3146
f 3145 3146 3143
f 3183 3184 3185
f 3186 3185 3187
f 3188 3187 3189
f 3190 3189 3191
f 3192 3193 3194
f 3195 3194 3193
f 3193 3196 3195
f 3191 3195 3196
f 3196 3197 3191
f 3192 3198 3199
f 3200 3201 3202
f 3203 3202 3204
f 3204 3205 3203
f 3206 3199 3205
f 3205 3204 3206
f 3207 3208 3209
f 3210 3209 3208
f 3208 3211 3210
f 3200 3210 3211
f 3211 3201 3200
f 3207 3212 3213
f 3214 3213 3215
f 3216 3215 3217
f 3217 3218 3216
f 3218 3219 3220
f 3221 3220 3222
f 3223 3222 3224
f 3225 3224 3226
f 3227 3226 3228
f 3229 3228 3230
f 3231 3230 3232
f 3233 3232 3234
f 3235 3234 3236
f 3237 3236 3238
f 3239 3240 3241
f 3238 3242 3243
f 3242 3241 3243
f 3243 3244 3238
f 3245 3246 3247
f 3248 3247 3246
f 3246 3249 3248
f 3239 3248 3249
f 3249 3240 3239
f 3245 3250 3251
f 3252 3253 3254
f 3251 3254 3253
f 3253 3255 3251
f 3252 3256 3257
f 3258 3257 3259
f 3260 3259 3261
f 3262 3261 3263
f 3263 3264 3262
f 3261 3262 3260
f 3259 3260 3258
f 3257 3258 3252
f 3254 3256 3252
f 3251 3255 3245
f 3247 3250 3245
f 3241 3242 3239
f 3238 3244 3237
f 3236 3237 3235
f 3234 3235 3233
f 3232 3233 3231
f 3230 3231 3229
f 3228 3229 3227
f 3226 3227 3225
f 3224 3225 3223
f 3222 3223 3221
f 3220 3221 3218
f 3217 3219 3218
f 3215 3216 3214
f 3213 3214 3207
f 3209 3212 3207
f 3202 3203 3200
f 3199 3206 3192
f 3194 3198 3192
f 3191 3197 3190
f 3189 3190 3188
f 3187 3188 3186
f 3185 3186 3183
f 3265 3266 3267
f 3267 3268 3265
f 3267 3269 3268
f 3270 3271 3272
f 3273 3272 3274
f 3275 3274 3276
f 3277 3278 3279
f 3280 3276 3279
f 3279 3278 3280
f 3277 3281 3282
f 3283 3282 3284
f 3285 3284 3286
f 3287 3288 3289
f 3288 3290 3291
f 3292 3286 3291
f 3291 3290 3292
f 3291 3289 3288
f 3287 3293 3294
f 3295 3296 3297
f 3296 3298 3297
f 3299 3294 3295
f 3295 3300 3299
f 3298 3296 3301
f 3302 3301 3303
f 3304 3303 3305
f 3305 3306 3304
f 3303 3304 3302
f 3301 3302 3298
f 3297 3300 3295
f 3294 3299 3287
f 3289 3293 3287
f 3286 3292 3285
f 3284 3285 3283
f 3282 3283 3277
f 3279 3281 3277
f 3276 3280 3275
f 3274 3275 3273
f 3272 3273 3270
f 3307 3308 3309
f 3309 3310 3307
f 3309 3311 3310
f 3312 3313 3314
f 3315 3316 3314
f 3314 3313 3315
f 3314 3317 3312
f 3318 3319 3320
f 3319 3321 3320
f 3320 3322 3318
f 3323 3324 3325
f 3326 3327 3325
f 3325 3324 3326
f 3325 3328 3323
f 3329 3330 3331
f 3331 3332 3329
f 3331 3333 3332
f 3334 3335 3336
f 3337 3338 3336
f 3336 3335 3337
f 3336 3339 3334
f 3340 3341 3342
f 3341 3343 3342
f 3342 3344 3340
f 3345 3346 3347
f 3348 3349 3347
f 3347 3346 3348
f 3347 3350 3345
f 3351 3352 3353
f 3352 3354 3353
f 3353 3355 3351
f 3356 3357 3358
f 3358 3359 3356
f 3360 3361 3362
f 3362 3363 3360
f 3362 3364 3363
f 3365 3366 3367
f 3367 3368 3365
f 3369 3370 3371
f 3372 3371 3370
f 3370 3373 3372
f 3371 3374 3369
f 3375 3376 3377
f 3377 3378 3375
f 3377 3379 3378
f 3380 3381 3382
f 3383 3382 3381
f 3381 3384 3383
f 3382 3385 3380
f 3386 3387 3388
f 3387 3389 3388
f 3388 3390 3386
f 3391 3392 3393
f 3394 3391 3395
f 3396 3394 3397
f 3398 3396 3399
f 3400 3398 3401
f 3402 3400 3403
f 3404 3402 3405
f 3406 3404 3407
f 3408 3406 3409
f 3410 3408 3411
f 3412 3410 3413
f 3414 3412 3415
f 3416 3414 3417
f 3418 3416 3419
f 3420 3418 3421
f 3421 3422 3420
f 3419 3421 3418
f 3417 3419 3416
f 3415 3417 3414
f 3413 3415 3412
f 3411 3413 3410
f 3409 3411 3408
f 3407 3409 3406
f 3405 3407 3404
f 3403 3405 3402
f 3401 3403 3400
f 3399 3401 3398
f 3397 3399 3396
f 3395 3397 3394
f 3393 3395 3391
f 3423 3424 3425
f 3426 3427 3428
f 3429 3430 3428
f 3428 3427 3429
f 3431 3430 3429
f 3432 3431 3433
f 3434 3432 3435
f 3436 3434 3437
f 3438 3436 3439
f 3440 3438 3441
f 3442 3440 3443
f 3444 3442 3445
f 3446 3444 3447
f 3448 3446 3449
f 3450 3448 3451
f 3452 3450 3453
f 3454 3452 3455
f 3455 3456 3454
f 3453 3455 3452
f 3451 3453 3450
f 3449 3451 3448
f 3447 3449 3446
f 3445 3447 3444
f 3443 3445 3442
f 3441 3443 3440
f 3439 3441 3438
f 3437 3439 3436
f 3435 3437 3434
f 3433 3435 3432
f 3429 3433 3431
f 3428 3423 3426
f 3425 3426 3423
f 3457 3458 3459
f 3460 3461 3462
f 3463 3464 3462
f 3462 3461 3463
f 3463 3465 3466
f 3467 3468 3466
f 3466 3465 3467
f 3469 3468 3467
f 3470 3469 3471
f 3472 3470 3473
f 3474 3472 3475
f 3476 3474 3477
f 3478 3476 3479
f 3480 3478 3481
f 3482 3480 3483
f 3484 3482 3485
f 3486 3484 3487
f 3488 3486 3489
f 3490 3488 3491
f 3491 3492 3490
f 3489 3491 3488
f 3487 3489 3486
f 3485 3487 3484
f 3483 3485 3482
f 3481 3483 3480
f 3479 3481 3478
f 3477 3479 3476
f 3475 3477 3474
f 3473 3475 3472
f 3471 3473 3470
f 3467 3471 3469
f 3466 3464 3463
f 3462 3457 3460
f 3459 3460 3457
f 3493 3494 3495
f 3496 3493 3497
f 3498 3496 3499
f 3500 3498 3501
f 3502 3500 3503
f 3504 3502 3505
f 3506 3504 3507
f 3508 3506 3509
f 3510 3508 3511
f 3512 3510 3513
f 3514 3512 3515
f 3516 3514 3517
f 3518 3516 3519
f 3520 3518 3521
f 3522 3520 3523
f 3523 3524 3522
f 3521 3523 3520
f 3519 3521 3518
f 3517 3519 3516
f 3515 3517 3514
f 3513 3515 3512
f 3511 3513 3510
f 3509 3511 3508
f 3507 3509 3506
f 3505 3507 3504
f 3503 3505 3502
f 3501 3503 3500
f 3499 3501 3498
f 3497 3499 3496
f 3495 3497 3493
f 3525 3526 3527
f 3528 3525 3529
f 3530 3528 3531
f 3532 3530 3533
f 3534 3532 3535
f 3536 3534 3537
f 3538 3536 3539
f 3540 3538 3541
f 3542 3540 3543
f 3544 3542 3545
f 3546 3544 3547
f 3548 3546 3549
f 3550 3548 3551
f 3552 3550 3553
f 3550 3554 3553
f 3555 3552 3556
f 3556 3557 3555
f 3553 3556 3552
f 3551 3554 3550
f 3549 3551 3548
f 3547 3549 3546
f 3545 3547 3544
f 3543 3545 3542
f 3541 3543 3540
f 3539 3541 3538
f 3537 3539 3536
f 3535 3537 3534
f 3533 3535 3532
f 3531 3533 3530
f 3529 3531 3528
f 3527 3529 3525
f 3558 3559 3560
f 3561 3558 3562
f 3563 3561 3564
f 3565 3563 3566
f 3567 3565 3568
f 3569 3567 3570
f 3571 3569 3572
f 3573 3571 3574
f 3575 3573 3576
f 3577 3575 3578
f 3579 3577 3580
f 3581 3579 3582
f 3583 3584 3585
f 3586 3587 3585
f 3585 3584 3586
f 3588 3587 3589
f 3587 3586 3589
f 3590 3588 3591
f 3591 3592 3590
f 3589 3591 3588
f 3585 3581 3583
f 3582 3583 3581
f 3580 3582 3579
f 3578 3580 3577
f 3576 3578 3575
f 3574 3576 3573
f 3572 3574 3571
f 3570 3572 3569
f 3568 3570 3567
f 3566 3568 3565
f 3564 3566 3563
f 3562 3564 3561
f 3560 3562 3558
f 3593 3594 3595
f 3596 3597 3598
f 3593 3599 3598
f 3598 3597 3593
f 3600 3596 3601
f 3602 3600 3603
f 3604 3602 3605
f 3606 3604 3607
f 3608 3606 3609
f 3610 3608 3611
f 3612 3610 3613
f 3614 3612 3615
f 3616 3614 3617
f 3618 3616 3619
f 3620 3618 3621
f 3622 3620 3623
f 3624 3622 3625
f 3625 3626 3624
f 3623 3625 3622
f 3621 3623 3620
f 3619 3621 3618
f 3617 3619 3616
f 3615 3617 3614
f 3613 3615 3612
f 3611 3613 3610
f 3609 3611 3608
f 3607 3609 3606
f 3605 3607 3604
f 3603 3605 3602
f 3601 3603 3600
f 3598 3601 3596
f 3595 3599 3593
f 3627 3628 3629
f 3630 3631 3632
f 3627 3633 3632
f 3632 3631 3627
f 3634 3630 3635
f 3636 3634 3637
f 3638 3636 3639
f 3640 3638 3641
f 3642 3640 3643
f 3644 3642 3645
f 3646 3644 3647
f 3648 3646 3649
f 3650 3648 3651
f 3652 3650 3653
f 3654 3652 3655
f 3656 3654 3657
f 3658 3656 3659
f 3659 3660 3658
f 3657 3659 3656
f 3655 3657 3654
f 3653 3655 3652
f 3651 3653 3650
f 3649 3651 3648
f 3647 3649 3646
f 3645 3647 3644
f 3643 3645 3642
f 3641 3643 3640
f 3639 3641 3638
f 3637 3639 3636
f 3635 3637 3634
f 3632 3635 3630
f 3629 3633 3627
f 3661 3662 3663
f 3664 3665 3663
f 3663 3662 3664
f 3666 3661 3667
f 3668 3666 3669
f 3670 3668 3671
f 3672 3670 3673
f 3674 3672 3675
f 3676 3674 3677
f 3678 3676 3679
f 3680 3678 3681
f 3682 3680 3683
f 3684 3682 3685
f 3686 3684 3687
f 3688 3686 3689
f 3690 3688 3691
f 3692 3690 3693
f 3693 3694 3692
f 3691 3693 3690
f 3689 3691 3688
f 3687 3689 3686
f 3685 3687 3684
f 3683 3685 3682
f 3681 3683 3680
f 3679 3681 3678
f 3677 3679 3676
f 3675 3677 3674
f 3673 3675 3672
f 3671 3673 3670
f 3669 3671 3668
f 3667 3669 3666
f 3663 3667 3661
f 3695 3696 3697
f 3698 3695 3699
f 3700 3698 3701
f 3702 3700 3703
f 3704 3702 3705
f 3706 3704 3707
f 3708 3706 3709
f 3710 3708 3711
f 3712 3710 3713
f 3714 3712 3715
f 3716 3714 3717
f 3718 3716 3719
f 3720 3718 3721
f 3722 3720 3723
f 3724 3722 3725
f 3725 3726 3724
f 3723 3725 3722
f 3721 3723 3720
f 3719 3721 3718
f 3717 3719 3716
f 3715 3717 3714
f 3713 3715 3712
f 3711 3713 3710
f 3709 3711 3708
f 3707 3709 3706
f 3705 3707 3704
f 3703 3705 3702
f 3701 3703 3700
f 3699 3701 3698
f 3697 3699 3695
f 3727 3728 3729
f 3730 3727 3731
f 3732 3730 3733
f 3734 3732 3735
f 3736 3734 3737
f 3738 3736 3739
f 3740 3738 3741
f 3742 3740 3743
f 3744 3742 3745
f 3746 3744 3747
f 3748 3746 3749
f 3750 3748 3751
f 3752 3750 3753
f 3754 3752 3755
f 3756 3754 3757
f 3757 3758 3756
f 3755 3757 3754
f 3753 3755 3752
f 3751 3753 3750
f 3749 3751 3748
f 3747 3749 3746
f 3745 3747 3744
f 3743 3745 3742
f 3741 3743 3740
f 3739 3741 3738
f 3737 3739 3736
f 3735 3737 3734
f 3733 3735 3732
f 3731 3733 3730
f 3729 3731 3727
f 3759 3760 3761
f 3762 3759 3763
f 3764 3762 3765
f 3766 3764 3767
f 3768 3766 3769
f 3770 3768 3771
f 3772 3770 3773
f 3774 3772 3775
f 3776 3774 3777
f 3778 3776 3779
f 3780 3778 3781
f 3782 3780 3783
f 3784 3782 3785
f 3786 3784 3787
f 3788 3789 3790
f 3789 3791 3790
f 3790 3786 3788
f 3787 3788 3786
f 3785 3787 3784
f 3783 3785 3782
f 3781 3783 3780
f 3779 3781 3778
f 3777 3779 3776
f 3775 3777 3774
f 3773 3775 3772
f 3771 3773 3770
f 3769 3771 3768
f 3767 3769 3766
f 3765 3767 3764
f 3763 3765 3762
f 3761 3763 3759
f 3792 3793 3794
f 3795 3792 3796
f 3797 3795 3798
f 3799 3797 3800
f 3801 3799 3802
f 3803 3801 3804
f 3805 3803 3806
f 3807 3805 3808
f 3809 3807 3810
f 3811 3809 3812
f 3813 3811 3814
f 3815 3813 3816
f 3817 3815 3818
f 3819 3820 3821
f 3821 3822 3819
f 3823 3820 3819
f 3819 3824 3823
f 3821 3817 3822
f 3818 3822 3817
f 3816 3818 3815
f 3814 3816 3813
f 3812 3814 3811
f 3810 3812 3809
f 3808 3810 3807
f 3806 3808 3805
f 3804 3806 3803
f 3802 3804 3801
f 3800 3802 3799
f 3798 3800 3797
f 3796 3798 3795
f 3794 3796 3792
f 3825 3826 3827
f 3828 3825 3829
f 3830 3828 3831
f 3832 3830 3833
f 3834 3832 3835
f 3836 3834 3837
f 3838 3836 3839
f 3840 3838 3841
f 3842 3840 3843
f 3844 3842 3845
f 3846 3844 3847
f 3848 3846 3849
f 3850 3848 3851
f 3852 3853 3854
f 3854 3855 3852
f 3856 3853 3852
f 3852 3857 3856
f 3854 3850 3855
f 3851 3855 3850
f 3849 3851 3848
f 3847 3849 3846
f 3845 3847 3844
f 3843 3845 3842
f 3841 3843 3840
f 3839 3841 3838
f 3837 3839 3836
f 3835 3837 3834
f 3833 3835 3832
f 3831 3833 3830
f 3829 3831 3828
f 3827 3829 3825
f 3858 3859 3860
f 3861 3858 3862
f 3863 3861 3864
f 3865 3863 3866
f 3867 3865 3868
f 3869 3867 3870
f 3871 3869 3872
f 3873 3871 3874
f 3875 3876 3877
f 3878 3879 3877
f 3877 3876 3878
f 3880 3879 3878
f 3881 3880 3882
f 3883 3881 3884
f 3885 3883 3886
f 3887 3885 3888
f 3885 3889 3888
f 3890 3887 3891
f 3891 3892 3890
f 3888 3891 3887
f 3886 3889 3885
f 3884 3886 3883
f 3882 3884 3881
f 3878 3882 3880
f 3877 3873 3875
f 3874 3875 3873
f 3872 3874 3871
f 3870 3872 3869
f 3868 3870 3867
f 3866 3868 3865
f 3864 3866 3863
f 3862 3864 3861
f 3860 3862 3858
f 3893 3894 3895
f 3896 3897 3898
f 3899 3900 3898
f 3898 3897 3899
f 3901 3900 3899
f 3902 3901 3903
f 3904 3902 3905
f 3906 3904 3907
f 3908 3909 3910
f 3911 3912 3910
f 3910 3909 3911
f 3913 3912 3911
f 3914 3913 3915
f 3916 3914 3917
f 3918 3916 3919
f 3920 3918 3921
f 3922 3920 3923
f 3924 3922 3925
f 3926 3924 3927
f 3927 3928 3926
f 3925 3927 3924
f 3923 3925 3922
f 3921 3923 3920
f 3919 3921 3918
f 3917 3919 3916
f 3915 3917 3914
f 3911 3915 3913
f 3910 3906 3908
f 3907 3908 3906
f 3905 3907 3904
f 3903 3905 3902
f 3899 3903 3901
f 3898 3893 3896
f 3895 3896 3893
f 3929 3930 3931
f 3930 3932 3931
f 3933 3934 3935
f 3935 3929 3933
f 3934 3936 3935
f 3934 3937 3938
f 3938 3936 3934
f 3937 3939 3940
f 3940 3938 3937
f 3939 3941 3940
f 3942 3941 3939
f 3939 3943 3942
f 3944 3942 3943
f 3943 3945 3944
f 3945 3946 3944
f 3947 3948 3946
f 3946 3945 3947
f 3949 3950 3948
f 3948 3947 3949
f 3951 3950 3949
f 3949 3952 3951
f 3953 3954 3951
f 3955 3932 3930
f 3951 3952 3953
f 3931 3933 3929
f 3930 3956 3955
f 3957 3958 3959
f 3958 3957 3960
f 3959 3961 3957
f 3960 3962 3958
f 3960 3963 3962
f 3962 3963 3964
f 3965 3964 3966
f 3964 3965 3962
f 3966 3967 3965
f 3966 3968 3967
f 3969 3970 3967
f 3967 3968 3969
f 3971 3972 3970
f 3973 3972 3974
f 3970 3969 3971
f 3972 3971 3974
f 3974 3975 3973
f 3976 3973 3975
f 3975 3977 3976
f 3976 3977 3978
f 3978 3979 3980
f 3978 3981 3976
f 3959 3982 3961
f 3983 3984 3961
f 3961 3982 3983
f 3980 3981 3978
f 3985 3986 3987
f 3988 3985 3989
f 3990 3988 3991
f 3992 3990 3993
f 3994 3992 3995
f 3996 3994 3997
f 3998 3996 3999
f 4000 3998 4001
f 4002 4000 4003
f 4004 4002 4005
f 4006 4004 4007
f 4008 4006 4009
f 4010 4008 4011
f 4012 4010 4013
f 4014 4012 4015
f 4016 4014 4017
f 4018 4016 4019
f 4020 4018 4021
f 4022 4020 4023
f 4024 4022 4025
f 4026 4024 4027
f 4028 4026 4029
f 4030 4028 4031
f 4032 4030 4033
f 4034 4032 4035
f 4036 4034 4037
f 4038 4036 4039
f 4040 4038 4041
f 4042 4040 4043
f 4044 4042 4045
f 4046 4044 4047
f 4048 4046 4049
f 4050 4048 4051
f 4052 4050 4053
f 4054 4052 4055
f 4056 4054 4057
f 4058 4056 4059
f 4060 4058 4061
f 4062 4060 4063
f 4060 4064 4063
f 4065 4062 4066
f 4067 4068 4069
f 4070 4071 4069
f 4069 4068 4070
f 4072 4071 4070
f 4073 4072 4074
f 4075 4073 4076
f 4077 4075 4078
f 4079 4077 4080
f 4081 4082 4083
f 4084 4085 4083
f 4083 4082 4084
f 4086 4085 4084
f 4086 4087 4088
f 4088 4089 4086
f 4090 4089 4091
f 4092 4090 4093
f 4094 4092 4095
f 4096 4094 4097
f 4098 4096 4099
f 4100 4098 4101
f 4102 4100 4103
f 4104 4102 4105
f 3986 4104 4106
f 4106 3987 3986
f 4105 4106 4104
f 4103 4105 4102
f 4101 4103 4100
f 4099 4101 4098
f 4097 4099 4096
f 4095 4097 4094
f 4093 4095 4092
f 4091 4093 4090
f 4088 4091 4089
f 4084 4087 4086
f 4083 4079 4081
f 4080 4081 4079
f 4078 4080 4077
f 4076 4078 4075
f 4074 4076 4073
f 4070 4074 4072
f 4069 4065 4067
f 4066 4067 4065
f 4063 4066 4062
f 4061 4064 4060
f 4059 4061 4058
f 4057 4059 4056
f 4055 4057 4054
f 4053 4055 4052
f 4051 4053 4050
f 4049 4051 4048
f 4047 4049 4046
f 4045 4047 4044
f 4043 4045 4042
f 4041 4043 4040
f 4039 4041 4038
f 4037 4039 4036
f 4035 4037 4034
f 4033 4035 4032
f 4031 4033 4030
f 4029 4031 4028
f 4027 4029 4026
f 4025 4027 4024
f 4023 4025 4022
f 4021 4023 4020
f 4019 4021 4018
f 4017 4019 4016
f 4015 4017 4014
f 4013 4015 4012
f 4011 4013 4010
f 4009 4011 4008
f 4007 4009 4006
f 4005 4007 4004
f 4003 4005 4002
f 4001 4003 4000
f 3999 4001 3998
f 3997 3999 3996
f 3995 3997 3994
f 3993 3995 3992
f 3991 3993 3990
f 3989 3991 3988
f 3987 3989 3985
f 4107 4108 4109
f 4110 4107 4111
f 4112 4110 4113
f 4114 4112 4115
f 4116 4114 4117
f 4118 4116 4119
f 4120 4118 4121
f 4122 4120 4123
f 4124 4122 4125
f 4126 4127 4128
f 4129 4130 4128
f 4128 4127 4129
f 4131 4130 4129
f 4132 4131 4133
f 4134 4132 4135
f 4136 4134 4137
f 4138 4136 4139
f 4140 4138 4141
f 4142 4140 4143
f 4144 4142 4145
f 4146 4144 4147
f 4148 4149 4150
f 4151 4152 4150
f 4150 4149 4151
f 4153 4152 4151
f 4154 4153 4155
f 4156 4154 4157
f 4158 4156 4159
f 4160 4158 4161
f 4162 4160 4163
f 4164 4162 4165
f 4166 4164 4167
f 4168 4166 4169
f 4170 4168 4171
f 4172 4170 4173
f 4174 4172 4175
f 4176 4174 4177
f 4178 4176 4179
f 4180 4178 4181
f 4182 4180 4183
f 4184 4182 4185
f 4186 4184 4187
f 4188 4186 4189
f 4190 4188 4191
f 4192 4190 4193
f 4194 4192 4195
f 4196 4194 4197
f 4198 4196 4199
f 4200 4198 4201
f 4202 4200 4203
f 4204 4202 4205
f 4206 4204 4207
f 4208 4206 4209
f 4210 4208 4211
f 4212 4210 4213
f 4214 4212 4215
f 4216 4214 4217
f 4218 4216 4219
f 4220 4218 4221
f 4222 4220 4223
f 4224 4222 4225
f 4108 4224 4226
f 4226 4109 4108
f 4225 4226 4224
f 4223 4225 4222
f 4221 4223 4220
f 4219 4221 4218
f 4217 4219 4216
f 4215 4217 4214
f 4213 4215 4212
f 4211 4213 4210
f 4209 4211 4208
f 4207 4209 4206
f 4205 4207 4204
f 4203 4205 4202
f 4201 4203 4200
f 4199 4201 4198
f 4197 4199 4196
f 4195 4197 4194
f 4193 4195 4192
f 4191 4193 4190
f 4189 4191 4188
f 4187 4189 4186
f 4185 4187 4184
f 4183 4185 4182
f 4181 4183 4180
f 4179 4181 4178
f 4177 4179 4176
f 4175 4177 4174
f 4173 4175 4172
f 4171 4173 4170
f 4169 4171 4168
f 4167 4169 4166
f 4165 4167 4164
f 4163 4165 4162
f 4161 4163 4160
f 4159 4161 4158
f 4157 4159 4156
f 4155 4157 4154
f 4151 4155 4153
f 4150 4146 4148
f 4147 4148 4146
f 4145 4147 4144
f 4143 4145 4142
f 4141 4143 4140
f 4139 4141 4138
f 4137 4139 4136
f 4135 4137 4134
f 4133 4135 4132
f 4129 4133 4131
f 4128 4124 4126
f 4125 4126 4124
f 4123 4125 4122
f 4121 4123 4120
f 4119 4121 4118
f 4117 4119 4116
f 4115 4117 4114
f 4113 4115 4112
f 4111 4113 4110
f 4109 4111 4107
f 4227 4228 4229
f 4230 4227 4231
f 4232 4230 4233
f 4234 4232 4235
f 4236 4234 4237
f 4238 4236 4239
f 4240 4238 4241
f 4242 4240 4243
f 4244 4242 4245
f 4246 4244 4247
f 4248 4246 4249
f 4250 4248 4251
f 4252 4250 4253
f 4254 4252 4255
f 4256 4254 4257
f 4258 4256 4259
f 4260 4258 4261
f 4262 4260 4263
f 4264 4262 4265
f 4266 4264 4267
f 4268 4266 4269
f 4270 4268 4271
f 4272 4270 4273
f 4274 4272 4275
f 4276 4274 4277
f 4278 4276 4279
f 4280 4278 4281
f 4282 4280 4283
f 4284 4282 4285
f 4286 4284 4287
f 4288 4286 4289
f 4290 4288 4291
f 4292 4290 4293
f 4294 4292 4295
f 4296 4294 4297
f 4298 4296 4299
f 4300 4298 4301
f 4302 4300 4303
f 4304 4305 4306
f 4307 4308 4306
f 4306 4305 4307
f 4309 4308 4307
f 4310 4309 4311
f 4312 4310 4313
f 4314 4312 4315
f 4316 4314 4317
f 4318 4316 4319
f 4320 4318 4321
f 4322 4320 4323
f 4324 4322 4325
f 4326 4327 4328
f 4329 4330 4328
f 4328 4327 4329
f 4331 4330 4329
f 4332 4331 4333
f 4334 4332 4335
f 4336 4334 4337
f 4338 4336 4339
f 4340 4338 4341
f 4342 4340 4343
f 4344 4342 4345
f 4228 4344 4346
f 4346 4229 4228
f 4345 4346 4344
f 4343 4345 4342
f 4341 4343 4340
f 4339 4341 4338
f 4337 4339 4336
f 4335 4337 4334
f 4333 4335 4332
f 4329 4333 4331
f 4328 4324 4326
f 4325 4326 4324
f 4323 4325 4322
f 4321 4323 4320
f 4319 4321 4318
f 4317 4319 4316
f 4315 4317 4314
f 4313 4315 4312
f 4311 4313 4310
f 4307 4311 4309
f 4306 4302 4304
f 4303 4304 4302
f 4301 4303 4300
f 4299 4301 4298
f 4297 4299 4296
f 4295 4297 4294
f 4293 4295 4292
f 4291 4293 4290
f 4289 4291 4288
f 4287 4289 4286
f 4285 4287 4284
f 4283 4285 4282
f 4281 4283 4280
f 4279 4281 4278
f 4277 4279 4276
f 4275 4277 4274
f 4273 4275 4272
f 4271 4273 4270
f 4269 4271 4268
f 4267 4269 4266
f 4265 4267 4264
f 4263 4265 4262
f 4261 4263 4260
f 4259 4261 4258
f 4257 4259 4256
f 4255 4257 4254
f 4253 4255 4252
f 4251 4253 4250
f 4249 4251 4248
f 4247 4249 4246
f 4245 4247 4244
f 4243 4245 4242
f 4241 4243 4240
f 4239 4241 4238
f 4237 4239 4236
f 4235 4237 4234
f 4233 4235 4232
f 4231 4233 4230
f 4229 4231 4227
f 4347 4348 4349
f 4350 4347 4351
f 4352 4350 4353
f 4354 4352 4355
f 4356 4354 4357
f 4358 4356 4359
f 4360 4358 4361
f 4362 4360 4363
f 4364 4362 4365
f 4366 4367 4368
f 4369 4370 4368
f 4368 4367 4369
f 4371 4370 4369
f 4372 4371 4373
f 4374 4375 4376
f 4377 4378 4376
f 4376 4375 4377
f 4379 4378 4377
f 4380 4379 4381
f 4382 4380 4383
f 4384 4385 4386
f 4387 4388 4386
f 4386 4385 4387
f 4389 4388 4387
f 4390 4389 4391
f 4392 4393 4394
f 4395 4396 4394
f 4394 4393 4395
f 4397 4396 4395
f 4398 4397 4399
f 4400 4398 4401
f 4402 4400 4403
f 4404 4402 4405
f 4406 4404 4407
f 4408 4406 4409
f 4410 4408 4411
f 4412 4410 4413
f 4414 4412 4415
f 4416 4414 4417
f 4418 4416 4419
f 4420 4418 4421
f 4422 4420 4423
f 4424 4422 4425
f 4426 4424 4427
f 4428 4426 4429
f 4430 4428 4431
f 4432 4430 4433
f 4434 4432 4435
f 4436 4434 4437
f 4438 4436 4439
f 4440 4438 4441
f 4442 4440 4443
f 4444 4442 4445
f 4446 4444 4447
f 4448 4446 4449
f 4450 4448 4451
f 4452 4450 4453
f 4454 4452 4455
f 4456 4454 4457
f 4458 4456 4459
f 4460 4458 4461
f 4462 4460 4463
f 4464 4462 4465
f 4466 4464 4467
f 4468 4466 4469
f 4348 4468 4470
f 4470 4349 4348
f 4469 4470 4468
f 4467 4469 4466
f 4465 4467 4464
f 4463 4465 4462
f 4461 4463 4460
f 4459 4461 4458
f 4457 4459 4456
f 4455 4457 4454
f 4453 4455 4452
f 4451 4453 4450
f 4449 4451 4448
f 4447 4449 4446
f 4445 4447 4444
f 4443 4445 4442
f 4441 4443 4440
f 4439 4441 4438
f 4437 4439 4436
f 4435 4437 4434
f 4433 4435 4432
f 4431 4433 4430
f 4429 4431 4428
f 4427 4429 4426
f 4425 4427 4424
f 4423 4425 4422
f 4421 4423 4420
f 4419 4421 4418
f 4417 4419 4416
f 4415 4417 4414
f 4413 4415 4412
f 4411 4413 4410
f 4409 4411 4408
f 4407 4409 4406
f 4405 4407 4404
f 4403 4405 4402
f 4401 4403 4400
f 4399 4401 4398
f 4395 4399 4397
f 4394 4390 4392
f 4391 4392 4390
f 4387 4391 4389
f 4386 4382 4384
f 4383 4384 4382
f 4381 4383 4380
f 4377 4381 4379
f 4376 4372 4374
f 4373 4374 4372
f 4369 4373 4371
f 4368 4364 4366
f 4365 4366 4364
f 4363 4365 4362
f 4361 4363 4360
f 4359 4361 4358
f 4357 4359 4356
f 4355 4357 4354
f 4353 4355 4352
f 4351 4353 4350
f 4349 4351 4347
f 4471 4472 4473
f 4474 4471 4475
f 4476 4474 4477
f 4478 4476 4479
f 4480 4478 4481
f 4482 4480 4483
f 4484 4482 4485
f 4486 4484 4487
f 4488 4486 4489
f 4490 4488 4491
f 4492 4493 4494
f 4495 4496 4494
f 4494 4493 4495
f 4497 4496 4495
f 4498 4497 4499
f 4500 4498 4501
f 4502 4500 4503
f 4504 4502 4505
f 4506 4504 4507
f 4508 4506 4509
f 4510 4511 4512
f 4513 4514 4512
f 4512 4511 4513
f 4515 4514 4513
f 4516 4515 4517
f 4518 4516 4519
f 4520 4518 4521
f 4522 4520 4523
f 4524 4522 4525
f 4526 4524 4527
f 4528 4526 4529
f 4530 4528 4531
f 4532 4530 4533
f 4534 4532 4535
f 4536 4534 4537
f 4538 4536 4539
f 4540 4538 4541
f 4542 4540 4543
f 4544 4542 4545
f 4546 4544 4547
f 4548 4546 4549
f 4550 4548 4551
f 4552 4550 4553
f 4554 4552 4555
f 4556 4554 4557
f 4558 4556 4559
f 4560 4558 4561
f 4562 4560 4563
f 4564 4562 4565
f 4566 4564 4567
f 4568 4566 4569
f 4570 4568 4571
f 4572 4570 4573
f 4574 4572 4575
f 4576 4574 4577
f 4578 4576 4579
f 4580 4578 4581
f 4582 4580 4583
f 4584 4582 4585
f 4586 4584 4587
f 4588 4586 4589
f 4472 4588 4590
f 4590 4473 4472
f 4589 4590 4588
f 4587 4589 4586
f 4585 4587 4584
f 4583 4585 4582
f 4581 4583 4580
f 4579 4581 4578
f 4577 4579 4576
f 4575 4577 4574
f 4573 4575 4572
f 4571 4573 4570
f 4569 4571 4568
f 4567 4569 4566
f 4565 4567 4564
f 4563 4565 4562
f 4561 4563 4560
f 4559 4561 4558
f 4557 4559 4556
f 4555 4557 4554
f 4553 4555 4552
f 4551 4553 4550
f 4549 4551 4548
f 4547 4549 4546
f 4545 4547 4544
f 4543 4545 4542
f 4541 4543 4540
f 4539 4541 4538
f 4537 4539 4536
f 4535 4537 4534
f 4533 4535 4532
f 4531 4533 4530
f 4529 4531 4528
f 4527 4529 4526
f 4525 4527 4524
f 4523 4525 4522
f 4521 4523 4520
f 4519 4521 4518
f 4517 4519 4516
f 4513 4517 4515
f 4512 4508 4510
f 4509 4510 4508
f 4507 4509 4506
f 4505 4507 4504
f 4503 4505 4502
f 4501 4503 4500
f 4499 4501 4498
f 4495 4499 4497
f 4494 4490 4492
f 4491 4492 4490
f 4489 4491 4488
f 4487 4489 4486
f 4485 4487 4484
f 4483 4485 4482
f 4481 4483 4480
f 4479 4481 4478
f 4477 4479 4476
f 4475 4477 4474
f 4473 4475 4471
f 4591 4592 4593
f 4594 4591 4595
f 4596 4594 4597
f 4598 4596 4599
f 4600 4598 4601
f 4602 4600 4603
f 4604 4602 4605
f 4606 4604 4607
f 4608 4606 4609
f 4610 4608 4611
f 4612 4610 4613
f 4614 4612 4615
f 4616 4617 4618
f 4619 4620 4618
f 4618 4617 4619
f 4621 4620 4619
f 4622 4621 4623
f 4624 4622 4625
f 4626 4627 4628
f 4629 4630 4628
f 4628 4627 4629
f 4631 4630 4629
f 4632 4631 4633
f 4634 4632 4635
f 4636 4634 4637
f 4638 4636 4639
f 4640 4638 4641
f 4642 4640 4643
f 4644 4642 4645
f 4646 4644 4647
f 4648 4646 4649
f 4650 4648 4651
f 4652 4650 4653
f 4654 4652 4655
f 4656 4654 4657
f 4658 4656 4659
f 4660 4658 4661
f 4662 4660 4663
f 4664 4662 4665
f 4666 4664 4667
f 4668 4666 4669
f 4670 4668 4671
f 4672 4670 4673
f 4674 4672 4675
f 4676 4674 4677
f 4678 4676 4679
f 4680 4678 4681
f 4682 4680 4683
f 4684 4682 4685
f 4686 4684 4687
f 4688 4686 4689
f 4690 4688 4691
f 4692 4690 4693
f 4694 4692 4695
f 4696 4694 4697
f 4698 4696 4699
f 4700 4698 4701
f 4702 4700 4703
f 4704 4702 4705
f 4706 4704 4707
f 4708 4706 4709
f 4592 4708 4710
f 4710 4593 4592
f 4709 4710 4708
f 4707 4709 4706
f 4705 4707 4704
f 4703 4705 4702
f 4701 4703 4700
f 4699 4701 4698
f 4697 4699 4696
f 4695 4697 4694
f 4693 4695 4692
f 4691 4693 4690
f 4689 4691 4688
f 4687 4689 4686
f 4685 4687 4684
f 4683 4685 4682
f 4681 4683 4680
f 4679 4681 4678
f 4677 4679 4676
f 4675 4677 4674
f 4673 4675 4672
f 4671 4673 4670
f 4669 4671 4668
f 4667 4669 4666
f 4665 4667 4664
f 4663 4665 4662
f 4661 4663 4660
f 4659 4661 4658
f 4657 4659 4656
f 4655 4657 4654
f 4653 4655 4652
f 4651 4653 4650
f 4649 4651 4648
f 4647 4649 4646
f 4645 4647 4644
f 4643 4645 4642
f 4641 4643 4640
f 4639 4641 4638
f 4637 4639 4636
f 4635 4637 4634
f 4633 4635 4632
f 4629 4633 4631
f 4628 4624 4626
f 4625 4626 4624
f 4623 4625 4622
f 4619 4623 4621
f 4618 4614 4616
f 4615 4616 4614
f 4613 4615 4612
f 4611 4613 4610
f 4609 4611 4608
f 4607 4609 4606
f 4605 4607 4604
f 4603 4605 4602
f 4601 4603 4600
f 4599 4601 4598
f 4597 4599 4596
f 4595 4597 4594
f 4593 4595 4591
f 4711 4712 4713
f 4714 4711 4715
f 4716 4714 4717
f 4718 4716 4719
f 4720 4718 4721
f 4722 4720 4723
f 4724 4722 4725
f 4726 4724 4727
f 4728 4726 4729
f 4730 4728 4731
f 4732 4730 4733
f 4734 4732 4735
f 4736 4734 4737
f 4738 4736 4739
f 4740 4738 4741
f 4742 4740 4743
f 4744 4742 4745
f 4746 4744 4747
f 4748 4746 4749
f 4750 4748 4751
f 4752 4750 4753
f 4754 4752 4755
f 4756 4754 4757
f 4758 4756 4759
f 4760 4758 4761
f 4762 4760 4763
f 4764 4762 4765
f 4766 4764 4767
f 4768 4766 4769
f 4770 4768 4771
f 4772 4770 4773
f 4774 4772 4775
f 4776 4774 4777
f 4778 4776 4779
f 4780 4778 4781
f 4782 4780 4783
f 4784 4782 4785
f 4786 4784 4787
f 4788 4786 4789
f 4790 4788 4791
f 4792 4790 4793
f 4794 4792 4795
f 4796 4794 4797
f 4798 4796 4799
f 4800 4798 4801
f 4802 4800 4803
f 4804 4802 4805
f 4806 4804 4807
f 4808 4806 4809
f 4810 4808 4811
f 4812 4810 4813
f 4814 4812 4815
f 4816 4814 4817
f 4818 4816 4819
f 4820 4818 4821
f 4822 4820 4823
f 4824 4822 4825
f 4712 4824 4826
f 4826 4713 4712
f 4825 4826 4824
f 4823 4825 4822
f 4821 4823 4820
f 4819 4821 4818
f 4817 4819 4816
f 4815 4817 4814
f 4813 4815 4812
f 4811 4813 4810
f 4809 4811 4808
f 4807 4809 4806
f 4805 4807 4804
f 4803 4805 4802
f 4801 4803 4800
f 4799 4801 4798
f 4797 4799 4796
f 4795 4797 4794
f 4793 4795 4792
f 4791 4793 4790
f 4789 4791 4788
f 4787 4789 4786
f 4785 4787 4784
f 4783 4785 4782
f 4781 4783 4780
f 4779 4781 4778
f 4777 4779 4776
f 4775 4777 4774
f 4773 4775 4772
f 4771 4773 4770
f 4769 4771 4768
f 4767 4769 4766
f 4765 4767 4764
f 4763 4765 4762
f 4761 4763 4760
f 4759 4761 4758
f 4757 4759 4756
f 4755 4757 4754
f 4753 4755 4752
f 4751 4753 4750
f 4749 4751 4748
f 4747 4749 4746
f 4745 4747 4744
f 4743 4745 4742
f 4741 4743 4740
f 4739 4741 4738
f 4737 4739 4736
f 4735 4737 4734
f 4733 4735 4732
f 4731 4733 4730
f 4729 4731 4728
f 4727 4729 4726
f 4725 4727 4724
f 4723 4725 4722
f 4721 4723 4720
f 4719 4721 4718
f 4717 4719 4716
f 4715 4717 4714
f 4713 4715 4711
f 4827 4828 4829
f 4830 4827 4831
f 4832 4830 4833
f 4834 4832 4835
f 4836 4834 4837
f 4838 4836 4839
f 4840 4838 4841
f 4842 4840 4843
f 4844 4842 4845
f 4846 4844 4847
f 4848 4846 4849
f 4850 4848 4851
f 4852 4850 4853
f 4854 4852 4855
f 4856 4854 4857
f 4858 4856 4859
f 4860 4858 4861
f 4862 4860 4863
f 4864 4862 4865
f 4866 4864 4867
f 4868 4866 4869
f 4870 4868 4871
f 4872 4870 4873
f 4874 4872 4875
f 4876 4874 4877
f 4878 4876 4879
f 4880 4878 4881
f 4882 4880 4883
f 4884 4882 4885
f 4886 4884 4887
f 4888 4886 4889
f 4890 4888 4891
f 4892 4890 4893
f 4894 4892 4895
f 4896 4894 4897
f 4898 4896 4899
f 4900 4898 4901
f 4902 4900 4903
f 4904 4902 4905
f 4906 4904 4907
f 4908 4906 4909
f 4910 4911 4912
f 4913 4914 4912
f 4912 4911 4913
f 4915 4914 4913
f 4916 4915 4917
f 4918 4916 4919
f 4920 4921 4922
f 4923 4924 4922
f 4922 4921 4923
f 4925 4924 4923
f 4926 4925 4927
f 4928 4926 4929
f 4930 4928 4931
f 4932 4930 4933
f 4934 4932 4935
f 4936 4934 4937
f 4938 4936 4939
f 4940 4938 4941
f 4942 4940 4943
f 4944 4942 4945
f 4828 4944 4946
f 4946 4829 4828
f 4945 4946 4944
f 4943 4945 4942
f 4941 4943 4940
f 4939 4941 4938
f 4937 4939 4936
f 4935 4937 4934
f 4933 4935 4932
f 4931 4933 4930
f 4929 4931 4928
f 4927 4929 4926
f 4923 4927 4925
f 4922 4918 4920
f 4919 4920 4918
f 4917 4919 4916
f 4913 4917 4915
f 4912 4908 4910
f 4909 4910 4908
f 4907 4909 4906
f 4905 4907 4904
f 4903 4905 4902
f 4901 4903 4900
f 4899 4901 4898
f 4897 4899 4896
f 4895 4897 4894
f 4893 4895 4892
f 4891 4893 4890
f 4889 4891 4888
f 4887 4889 4886
f 4885 4887 4884
f 4883 4885 4882
f 4881 4883 4880
f 4879 4881 4878
f 4877 4879 4876
f 4875 4877 4874
f 4873 4875 4872
f 4871 4873 4870
f 4869 4871 4868
f 4867 4869 4866
f 4865 4867 4864
f 4863 4865 4862
f 4861 4863 4860
f 4859 4861 4858
f 4857 4859 4856
f 4855 4857 4854
f 4853 4855 4852
f 4851 4853 4850
f 4849 4851 4848
f 4847 4849 4846
f 4845 4847 4844
f 4843 4845 4842
f 4841 4843 4840
f 4839 4841 4838
f 4837 4839 4836
f 4835 4837 4834
f 4833 4835 4832
f 4831 4833 4830
f 4829 4831 4827
f 4947 4948 4949
f 4950 4947 4951
f 4952 4950 4953
f 4954 4952 4955
f 4956 4954 4957
f 4958 4956 4959
f 4960 4958 4961
f 4962 4960 4963
f 4964 4962 4965
f 4966 4964 4967
f 4968 4966 4969
f 4970 4968 4971
f 4972 4970 4973
f 4974 4972 4975
f 4976 4974 4977
f 4976 4978 4979
f 4979 4980 4976
f 4981 4980 4982
f 4983 4981 4984
f 4985 4983 4986
f 4987 4985 4988
f 4989 4987 4990
f 4991 4989 4992
f 4993 4991 4994
f 4995 4993 4996
f 4997 4995 4998
f 4999 4997 5000
f 5001 4999 5002
f 5003 5001 5004
f 5005 5003 5006
f 5007 5005 5008
f 5009 5007 5010
f 5011 5009 5012
f 5013 5011 5014
f 5015 5013 5016
f 5017 5015 5018
f 5019 5017 5020
f 5021 5019 5022
f 5023 5021 5024
f 5025 5023 5026
f 5027 5028 5029
f 5030 5031 5029
f 5029 5028 5030
f 5032 5031 5030
f 5033 5032 5034
f 5033 5035 5036
f 5036 5037 5033
f 5038 5037 5039
f 5040 5038 5041
f 5042 5040 5043
f 5044 5042 5045
f 5046 5047 5048
f 5049 5050 5048
f 5048 5047 5049
f 5051 5050 5049
f 5052 5051 5053
f 5054 5052 5055
f 5056 5054 5057
f 5058 5056 5059
f 5060 5058 5061
f 5062 5060 5063
f 5064 5062 5065
f 5066 5064 5067
f 4948 5066 5068
f 5068 4949 4948
f 5067 5068 5066
f 5065 5067 5064
f 5063 5065 5062
f 5061 5063 5060
f 5059 5061 5058
f 5057 5059 5056
f 5055 5057 5054
f 5053 5055 5052
f 5049 5053 5051
f 5048 5044 5046
f 5045 5046 5044
f 5043 5045 5042
f 5041 5043 5040
f 5039 5041 5038
f 5036 5039 5037
f 5034 5035 5033
f 5030 5034 5032
f 5029 5025 5027
f 5026 5027 5025
f 5024 5026 5023
f 5022 5024 5021
f 5020 5022 5019
f 5018 5020 5017
f 5016 5018 5015
f 5014 5016 5013
f 5012 5014 5011
f 5010 5012 5009
f 5008 5010 5007
f 5006 5008 5005
f 5004 5006 5003
f 5002 5004 5001
f 5000 5002 4999
f 4998 5000 4997
f 4996 4998 4995
f 4994 4996 4993
f 4992 4994 4991
f 4990 4992 4989
f 4988 4990 4987
f 4986 4988 4985
f 4984 4986 4983
f 4982 4984 4981
f 4979 4982 4980
f 4977 4978 4976
f 4975 4977 4974
f 4973 4975 4972
f 4971 4973 4970
f 4969 4971 4968
f 4967 4969 4966
f 4965 4967 4964
f 4963 4965 4962
f 4961 4963 4960
f 4959 4961 4958
f 4957 4959 4956
f 4955 4957 4954
f 4953 4955 4952
f 4951 4953 4950
f 4949 4951 4947
f 5069 5070 5071
f 5072 5069 5073
f 5074 5075 5076
f 5075 5077 5076
f 5078 5077 5075
f 5079 5078 5080
f 5081 5079 5082
f 5083 5081 5084
f 5085 5083 5086
f 5087 5085 5088
f 5089 5087 5090
f 5091 5089 5092
f 5093 5091 5094
f 5095 5093 5096
f 5097 5095 5098
f 5099 5097 5100
f 5101 5099 5102
f 5103 5101 5104
f 5105 5103 5106
f 5107 5105 5108
f 5109 5107 5110
f 5111 5109 5112
f 5113 5111 5114
f 5115 5113 5116
f 5117 5115 5118
f 5119 5117 5120
f 5121 5119 5122
f 5123 5121 5124
f 5125 5123 5126
f 5127 5125 5128
f 5129 5127 5130
f 5131 5129 5132
f 5133 5131 5134
f 5135 5133 5136
f 5137 5135 5138
f 5139 5137 5140
f 5141 5139 5142
f 5143 5141 5144
f 5145 5143 5146
f 5147 5148 5149
f 5150 5151 5149
f 5149 5148 5150
f 5152 5151 5150
f 5153 5152 5154
f 5155 5156 5157
f 5158 5159 5157
f 5157 5156 5158
f 5160 5159 5158
f 5161 5160 5162
f 5163 5161 5164
f 5165 5166 5167
f 5168 5169 5167
f 5167 5166 5168
f 5170 5169 5168
f 5171 5170 5172
f 5173 5174 5175
f 5176 5177 5175
f 5175 5174 5176
f 5178 5177 5176
f 5179 5178 5180
f 5181 5179 5182
f 5183 5181 5184
f 5185 5183 5186
f 5187 5185 5188
f 5189 5190 5191
f 5191 5192 5189
f 5193 5190 5189
f 5070 5193 5194
f 5194 5071 5070
f 5189 5194 5193
f 5191 5187 5192
f 5188 5192 5187
f 5186 5188 5185
f 5184 5186 5183
f 5182 5184 5181
f 5180 5182 5179
f 5176 5180 5178
f 5175 5171 5173
f 5172 5173 5171
f 5168 5172 5170
f 5167 5163 5165
f 5164 5165 5163
f 5162 5164 5161
f 5158 5162 5160
f 5157 5153 5155
f 5154 5155 5153
f 5150 5154 5152
f 5149 5145 5147
f 5146 5147 5145
f 5144 5146 5143
f 5142 5144 5141
f 5140 5142 5139
f 5138 5140 5137
f 5136 5138 5135
f 5134 5136 5133
f 5132 5134 5131
f 5130 5132 5129
f 5128 5130 5127
f 5126 5128 5125
f 5124 5126 5123
f 5122 5124 5121
f 5120 5122 5119
f 5118 5120 5117
f 5116 5118 5115
f 5114 5116 5113
f 5112 5114 5111
f 5110 5112 5109
f 5108 5110 5107
f 5106 5108 5105
f 5104 5106 5103
f 5102 5104 5101
f 5100 5102 5099
f 5098 5100 5097
f 5096 5098 5095
f 5094 5096 5093
f 5092 5094 5091
f 5090 5092 5089
f 5088 5090 5087
f 5086 5088 5085
f 5084 5086 5083
f 5082 5084 5081
f 5080 5082 5079
f 5075 5080 5078
f 5076 5072 5074
f 5073 5074 5072
f 5071 5073 5069
f 5195 5196 5197
f 5198 5195 5199
f 5200 5201 5202
f 5201 5203 5202
f 5204 5203 5201
f 5205 5204 5206
f 5207 5205 5208
f 5209 5207 5210
f 5211 5209 5212
f 5213 5211 5214
f 5215 5216 5217
f 5218 5219 5217
f 5217 5216 5218
f 5220 5219 5218
f 5221 5220 5222
f 5223 5224 5225
f 5226 5227 5225
f 5225 5224 5226
f 5228 5227 5226
f 5229 5228 5230
f 5231 5229 5232
f 5233 5234 5235
f 5236 5237 5235
f 5235 5234 5236
f 5238 5237 5236
f 5239 5238 5240
f 5241 5242 5243
f 5244 5245 5243
f 5243 5242 5244
f 5246 5245 5244
f 5247 5246 5248
f 5249 5247 5250
f 5251 5249 5252
f 5253 5251 5254
f 5255 5253 5256
f 5257 5255 5258
f 5259 5257 5260
f 5261 5259 5262
f 5263 5261 5264
f 5265 5263 5266
f 5267 5265 5268
f 5269 5267 5270
f 5271 5269 5272
f 5273 5271 5274
f 5275 5273 5276
f 5277 5275 5278
f 5279 5277 5280
f 5281 5279 5282
f 5283 5281 5284
f 5285 5283 5286
f 5287 5285 5288
f 5289 5287 5290
f 5291 5289 5292
f 5293 5291 5294
f 5295 5293 5296
f 5297 5295 5298
f 5299 5297 5300
f 5301 5299 5302
f 5303 5301 5304
f 5305 5303 5306
f 5307 5305 5308
f 5309 5307 5310
f 5311 5309 5312
f 5313 5311 5314
f 5315 5316 5317
f 5317 5318 5315
f 5319 5316 5315
f 5196 5319 5320
f 5320 5197 5196
f 5315 5320 5319
f 5317 5313 5318
f 5314 5318 5313
f 5312 5314 5311
f 5310 5312 5309
f 5308 5310 5307
f 5306 5308 5305
f 5304 5306 5303
f 5302 5304 5301
f 5300 5302 5299
f 5298 5300 5297
f 5296 5298 5295
f 5294 5296 5293
f 5292 5294 5291
f 5290 5292 5289
f 5288 5290 5287
f 5286 5288 5285
f 5284 5286 5283
f 5282 5284 5281
f 5280 5282 5279
f 5278 5280 5277
f 5276 5278 5275
f 5274 5276 5273
f 5272 5274 5271
f 5270 5272 5269
f 5268 5270 5267
f 5266 5268 5265
f 5264 5266 5263
f 5262 5264 5261
f 5260 5262 5259
f 5258 5260 5257
f 5256 5258 5255
f 5254 5256 5253
f 5252 5254 5251
f 5250 5252 5249
f 5248 5250 5247
f 5244 5248 5246
f 5243 5239 5241
f 5240 5241 5239
f 5236 5240 5238
f 5235 5231 5233
f 5232 5233 5231
f 5230 5232 5229
f 5226 5230 5228
f 5225 5221 5223
f 5222 5223 5221
f 5218 5222 5220
f 5217 5213 5215
f 5214 5215 5213
f 5212 5214 5211
f 5210 5212 5209
f 5208 5210 5207
f 5206 5208 5205
f 5201 5206 5204
f 5202 5198 5200
f 5199 5200 5198
f 5197 5199 5195
f 5321 5322 5323
f 5324 5321 5325
f 5326 5324 5327
f 5328 5326 5329
f 5330 5328 5331
f 5332 5330 5333
f 5334 5332 5335
f 5336 5334 5337
f 5338 5336 5339
f 5340 5338 5341
f 5342 5343 5344
f 5345 5346 5344
f 5344 5343 5345
f 5347 5346 5345
f 5348 5347 5349
f 5350 5348 5351
f 5352 5350 5353
f 5352 5354 5355
f 5355 5356 5352
f 5357 5356 5358
f 5359 5357 5360
f 5361 5362 5363
f 5364 5365 5363
f 5363 5362 5364
f 5366 5365 5364
f 5367 5366 5368
f 5369 5367 5370
f 5371 5369 5372
f 5373 5371 5374
f 5375 5373 5376
f 5377 5375 5378
f 5379 5377 5380
f 5381 5379 5382
f 5383 5381 5384
f 5385 5383 5386
f 5387 5385 5388
f 5389 5387 5390
f 5391 5389 5392
f 5393 5391 5394
f 5395 5393 5396
f 5397 5395 5398
f 5399 5397 5400
f 5401 5399 5402
f 5403 5401 5404
f 5405 5403 5406
f 5407 5405 5408
f 5409 5407 5410
f 5409 5411 5412
f 5412 5413 5409
f 5414 5413 5415
f 5416 5414 5417
f 5418 5416 5419
f 5420 5418 5421
f 5422 5420 5423
f 5424 5422 5425
f 5426 5424 5427
f 5428 5426 5429
f 5430 5428 5431
f 5432 5430 5433
f 5434 5432 5435
f 5436 5434 5437
f 5438 5436 5439
f 5440 5438 5441
f 5322 5440 5442
f 5442 5323 5322
f 5441 5442 5440
f 5439 5441 5438
f 5437 5439 5436
f 5435 5437 5434
f 5433 5435 5432
f 5431 5433 5430
f 5429 5431 5428
f 5427 5429 5426
f 5425 5427 5424
f 5423 5425 5422
f 5421 5423 5420
f 5419 5421 5418
f 5417 5419 5416
f 5415 5417 5414
f 5412 5415 5413
f 5410 5411 5409
f 5408 5410 5407
f 5406 5408 5405
f 5404 5406 5403
f 5402 5404 5401
f 5400 5402 5399
f 5398 5400 5397
f 5396 5398 5395
f 5394 5396 5393
f 5392 5394 5391
f 5390 5392 5389
f 5388 5390 5387
f 5386 5388 5385
f 5384 5386 5383
f 5382 5384 5381
f 5380 5382 5379
f 5378 5380 5377
f 5376 5378 5375
f 5374 5376 5373
f 5372 5374 5371
f 5370 5372 5369
f 5368 5370 5367
f 5364 5368 5366
f 5363 5359 5361
f 5360 5361 5359
f 5358 5360 5357
f 5355 5358 5356
f 5353 5354 5352
f 5351 5353 5350
f 5349 5351 5348
f 5345 5349 5347
f 5344 5340 5342
f 5341 5342 5340
f 5339 5341 5338
f 5337 5339 5336
f 5335 5337 5334
f 5333 5335 5332
f 5331 5333 5330
f 5329 5331 5328
f 5327 5329 5326
f 5325 5327 5324
f 5323 5325 5321
f 5443 5444 5445
f 5446 5443 5447
f 5448 5446 5449
f 5450 5448 5451
f 5452 5450 5453
f 5454 5452 5455
f 5456 5454 5457
f 5458 5456 5459
f 5460 5458 5461
f 5462 5460 5463
f 5464 5462 5465
f 5466 5464 5467
f 5468 5469 5470
f 5471 5472 5470
f 5470 5469 5471
f 5473 5472 5471
f 5474 5473 5475
f 5476 5474 5477
f 5478 5479 5480
f 5481 5482 5480
f 5480 5479 5481
f 5483 5482 5481
f 5484 5483 5485
f 5486 5484 5487
f 5488 5486 5489
f 5490 5488 5491
f 5492 5490 5493
f 5494 5492 5495
f 5496 5494 5497
f 5498 5496 5499
f 5500 5498 5501
f 5502 5500 5503
f 5504 5502 5505
f 5506 5504 5507
f 5508 5506 5509
f 5510 5508 5511
f 5512 5510 5513
f 5514 5512 5515
f 5516 5514 5517
f 5518 5516 5519
f 5520 5518 5521
f 5522 5520 5523
f 5524 5522 5525
f 5526 5524 5527
f 5528 5526 5529
f 5530 5528 5531
f 5532 5530 5533
f 5534 5532 5535
f 5536 5534 5537
f 5538 5536 5539
f 5540 5538 5541
f 5542 5540 5543
f 5544 5542 5545
f 5546 5544 5547
f 5548 5546 5549
f 5550 5548 5551
f 5552 5550 5553
f 5554 5552 5555
f 5556 5554 5557
f 5558 5556 5559
f 5560 5558 5561
f 5444 5560 5562
f 5562 5445 5444
f 5561 5562 5560
f 5559 5561 5558
f 5557 5559 5556
f 5555 5557 5554
f 5553 5555 5552
f 5551 5553 5550
f 5549 5551 5548
f 5547 5549 5546
f 5545 5547 5544
f 5543 5545 5542
f 5541 5543 5540
f 5539 5541 5538
f 5537 5539 5536
f 5535 5537 5534
f 5533 5535 5532
f 5531 5533 5530
f 5529 5531 5528
f 5527 5529 5526
f 5525 5527 5524
f 5523 5525 5522
f 5521 5523 5520
f 5519 5521 5518
f 5517 5519 5516
f 5515 5517 5514
f 5513 5515 5512
f 5511 5513 5510
f 5509 5511 5508
f 5507 5509 5506
f 5505 5507 5504
f 5503 5505 5502
f 5501 5503 5500
f 5499 5501 5498
f 5497 5499 5496
f 5495 5497 5494
f 5493 5495 5492
f 5491 5493 5490
f 5489 5491 5488
f 5487 5489 5486
f 5485 5487 5484
f 5481 5485 5483
f 5480 5476 5478
f 5477 5478 5476
f 5475 5477 5474
f 5471 5475 5473
f 5470 5466 5468
f 5467 5468 5466
f 5465 5467 5464
f 5463 5465 5462
f 5461 5463 5460
f 5459 5461 5458
f 5457 5459 5456
f 5455 5457 5454
f 5453 5455 5452
f 5451 5453 5450
f 5449 5451 5448
f 5447 5449 5446
f 5445 5447 5443
f 5563 5564 5565
f 5566 5563 5567
f 5568 5566 5569
f 5570 5568 5571
f 5572 5570 5573
f 5574 5572 5575
f 5576 5574 5577
f 5578 5576 5579
f 5580 5578 5581
f 5582 5580 5583
f 5584 5582 5585
f 5586 5584 5587
f 5588 5586 5589
f 5590 5588 5591
f 5592 5590 5593
f 5594 5592 5595
f 5596 5594 5597
f 5598 5596 5599
f 5600 5598 5601
f 5602 5600 5603
f 5604 5602 5605
f 5606 5604 5607
f 5608 5606 5609
f 5610 5608 5611
f 5612 5610 5613
f 5614 5612 5615
f 5616 5614 5617
f 5618 5616 5619
f 5620 5618 5621
f 5622 5620 5623
f 5624 5622 5625
f 5626 5624 5627
f 5628 5626 5629
f 5630 5628 5631
f 5632 5630 5633
f 5634 5632 5635
f 5636 5634 5637
f 5638 5636 5639
f 5640 5638 5641
f 5642 5640 5643
f 5644 5642 5645
f 5646 5644 5647
f 5648 5646 5649
f 5650 5648 5651
f 5652 5650 5653
f 5654 5652 5655
f 5656 5654 5657
f 5658 5656 5659
f 5660 5658 5661
f 5662 5660 5663
f 5664 5662 5665
f 5666 5664 5667
f 5668 5666 5669
f 5670 5668 5671
f 5672 5670 5673
f 5674 5672 5675
f 5676 5674 5677
f 5564 5676 5678
f 5678 5565 5564
f 5677 5678 5676
f 5675 5677 5674
f 5673 5675 5672
f 5671 5673 5670
f 5669 5671 5668
f 5667 5669 5666
f 5665 5667 5664
f 5663 5665 5662
f 5661 5663 5660
f 5659 5661 5658
f 5657 5659 5656
f 5655 5657 5654
f 5653 5655 5652
f 5651 5653 5650
f 5649 5651 5648
f 5647 5649 5646
f 5645 5647 5644
f 5643 5645 5642
f 5641 5643 5640
f 5639 5641 5638
f 5637 5639 5636
f 5635 5637 5634
f 5633 5635 5632
f 5631 5633 5630
f 5629 5631 5628
f 5627 5629 5626
f 5625 5627 5624
f 5623 5625 5622
f 5621 5623 5620
f 5619 5621 5618
f 5617 5619 5616
f 5615 5617 5614
f 5613 5615 5612
f 5611 5613 5610
f 5609 5611 5608
f 5607 5609 5606
f 5605 5607 5604
f 5603 5605 5602
f 5601 5603 5600
f 5599 5601 5598
f 5597 5599 5596
f 5595 5597 5594
f 5593 5595 5592
f 5591 5593 5590
f 5589 5591 5588
f 5587 5589 5586
f 5585 5587 5584
f 5583 5585 5582
f 5581 5583 5580
f 5579 5581 5578
f 5577 5579 5576
f 5575 5577 5574
f 5573 5575 5572
f 5571 5573 5570
f 5569 5571 5568
f 5567 5569 5566
f 5565 5567 5563
f 5679 5680 5681
f 5682 5679 5683
f 5684 5682 5685
f 5686 5684 5687
f 5688 5686 5689
f 5690 5688 5691
f 5692 5690 5693
f 5694 5692 5695
f 5696 5694 5697
f 5698 5696 5699
f 5700 5698 5701
f 5702 5700 5703
f 5704 5702 5705
f 5706 5704 5707
f 5708 5706 5709
f 5710 5708 5711
f 5712 5710 5713
f 5714 5712 5715
f 5716 5714 5717
f 5718 5716 5719
f 5720 5718 5721
f 5722 5720 5723
f 5724 5722 5725
f 5726 5724 5727
f 5728 5726 5729
f 5730 5728 5731
f 5732 5730 5733
f 5734 5732 5735
f 5736 5734 5737
f 5738 5736 5739
f 5740 5738 5741
f 5742 5740 5743
f 5744 5742 5745
f 5746 5744 5747
f 5748 5746 5749
f 5750 5748 5751
f 5752 5750 5753
f 5754 5752 5755
f 5756 5754 5757
f 5758 5756 5759
f 5760 5758 5761
f 5762 5763 5764
f 5765 5766 5764
f 5764 5763 5765
f 5767 5766 5765
f 5768 5767 5769
f 5770 5768 5771
f 5772 5773 5774
f 5775 5776 5774
f 5774 5773 5775
f 5777 5776 5775
f 5778 5777 5779
f 5780 5778 5781
f 5782 5780 5783
f 5784 5782 5785
f 5786 5784 5787
f 5788 5786 5789
f 5790 5788 5791
f 5792 5790 5793
f 5794 5792 5795
f 5796 5794 5797
f 5680 5796 5798
f 5798 5681 5680
f 5797 5798 5796
f 5795 5797 5794
f 5793 5795 5792
f 5791 5793 5790
f 5789 5791 5788
f 5787 5789 5786
f 5785 5787 5784
f 5783 5785 5782
f 5781 5783 5780
f 5779 5781 5778
f 5775 5779 5777
f 5774 5770 5772
f 5771 5772 5770
f 5769 5771 5768
f 5765 5769 5767
f 5764 5760 5762
f 5761 5762 5760
f 5759 5761 5758
f 5757 5759 5756
f 5755 5757 5754
f 5753 5755 5752
f 5751 5753 5750
f 5749 5751 5748
f 5747 5749 5746
f 5745 5747 5744
f 5743 5745 5742
f 5741 5743 5740
f 5739 5741 5738
f 5737 5739 5736
f 5735 5737 5734
f 5733 5735 5732
f 5731 5733 5730
f 5729 5731 5728
f 5727 5729 5726
f 5725 5727 5724
f 5723 5725 5722
f 5721 5723 5720
f 5719 5721 5718
f 5717 5719 5716
f 5715 5717 5714
f 5713 5715 5712
f 5711 5713 5710
f 5709 5711 5708
f 5707 5709 5706
f 5705 5707 5704
f 5703 5705 5702
f 5701 5703 5700
f 5699 5701 5698
f 5697 5699 5696
f 5695 5697 5694
f 5693 5695 5692
f 5691 5693 5690
f 5689 5691 5688
f 5687 5689 5686
f 5685 5687 5684
f 5683 5685 5682
f 5681 5683 5679
f 5799 5800 5801
f 5802 5799 5803
f 5804 5802 5805
f 5806 5804 5807
f 5808 5806 5809
f 5810 5808 5811
f 5812 5810 5813
f 5814 5812 5815
f 5816 5814 5817
f 5818 5816 5819
f 5820 5818 5821
f 5822 5820 5823
f 5824 5822 5825
f 5826 5824 5827
f 5828 5826 5829
f 5830 5828 5831
f 5832 5830 5833
f 5834 5832 5835
f 5836 5834 5837
f 5838 5836 5839
f 5840 5838 5841
f 5842 5840 5843
f 5844 5842 5845
f 5846 5844 5847
f 5848 5846 5849
f 5850 5848 5851
f 5852 5850 5853
f 5854 5852 5855
f 5856 5854 5857
f 5858 5856 5859
f 5860 5858 5861
f 5862 5860 5863
f 5864 5862 5865
f 5866 5864 5867
f 5868 5866 5869
f 5870 5868 5871
f 5872 5870 5873
f 5874 5872 5875
f 5876 5874 5877
f 5878 5879 5880
f 5881 5882 5880
f 5880 5879 5881
f 5883 5882 5881
f 5884 5883 5885
f 5886 5884 5887
f 5888 5886 5889
f 5890 5888 5891
f 5892 5890 5893
f 5894 5892 5895
f 5896 5897 5898
f 5899 5900 5898
f 5898 5897 5899
f 5901 5900 5899
f 5902 5901 5903
f 5904 5902 5905
f 5906 5904 5907
f 5908 5906 5909
f 5910 5908 5911
f 5912 5910 5913
f 5914 5912 5915
f 5916 5914 5917
f 5800 5916 5918
f 5918 5801 5800
f 5917 5918 5916
f 5915 5917 5914
f 5913 5915 5912
f 5911 5913 5910
f 5909 5911 5908
f 5907 5909 5906
f 5905 5907 5904
f 5903 5905 5902
f 5899 5903 5901
f 5898 5894 5896
f 5895 5896 5894
f 5893 5895 5892
f 5891 5893 5890
f 5889 5891 5888
f 5887 5889 5886
f 5885 5887 5884
f 5881 5885 5883
f 5880 5876 5878
f 5877 5878 5876
f 5875 5877 5874
f 5873 5875 5872
f 5871 5873 5870
f 5869 5871 5868
f 5867 5869 5866
f 5865 5867 5864
f 5863 5865 5862
f 5861 5863 5860
f 5859 5861 5858
f 5857 5859 5856
f 5855 5857 5854
f 5853 5855 5852
f 5851 5853 5850
f 5849 5851 5848
f 5847 5849 5846
f 5845 5847 5844
f 5843 5845 5842
f 5841 5843 5840
f 5839 5841 5838
f 5837 5839 5836
f 5835 5837 5834
f 5833 5835 5832
f 5831 5833 5830
f 5829 5831 5828
f 5827 5829 5826
f 5825 5827 5824
f 5823 5825 5822
f 5821 5823 5820
f 5819 5821 5818
f 5817 5819 5816
f 5815 5817 5814
f 5813 5815 5812
f 5811 5813 5810
f 5809 5811 5808
f 5807 5809 5806
f 5805 5807 5804
f 5803 5805 5802
f 5801 5803 5799
f 5919 5920 5921
f 5922 5919 5923
f 5924 5922 5925
f 5926 5924 5927
f 5928 5926 5929
f 5930 5928 5931
f 5932 5930 5933
f 5934 5932 5935
f 5936 5934 5937
f 5938 5936 5939
f 5940 5938 5941
f 5942 5940 5943
f 5944 5942 5945
f 5946 5944 5947
f 5948 5946 5949
f 5950 5948 5951
f 5952 5950 5953
f 5954 5952 5955
f 5956 5954 5957
f 5958 5956 5959
f 5960 5958 5961
f 5962 5960 5963
f 5964 5962 5965
f 5966 5964 5967
f 5968 5966 5969
f 5970 5968 5971
f 5972 5970 5973
f 5974 5972 5975
f 5976 5974 5977
f 5978 5976 5979
f 5980 5978 5981
f 5982 5980 5983
f 5984 5982 5985
f 5986 5984 5987
f 5988 5986 5989
f 5990 5988 5991
f 5992 5990 5993
f 5994 5992 5995
f 5996 5994 5997
f 5998 5996 5999
f 6000 5998 6001
f 6002 6000 6003
f 6004 6002 6005
f 6006 6004 6007
f 6008 6006 6009
f 6010 6008 6011
f 6012 6010 6013
f 6014 6012 6015
f 6016 6014 6017
f 6018 6016 6019
f 6020 6018 6021
f 6022 6020 6023
f 6024 6022 6025
f 6026 6024 6027
f 6028 6026 6029
f 6030 6028 6031
f 6032 6030 6033
f 5920 6032 6034
f 6034 5921 5920
f 6033 6034 6032
f 6031 6033 6030
f 6029 6031 6028
f 6027 6029 6026
f 6025 6027 6024
f 6023 6025 6022
f 6021 6023 6020
f 6019 6021 6018
f 6017 6019 6016
f 6015 6017 6014
f 6013 6015 6012
f 6011 6013 6010
f 6009 6011 6008
f 6007 6009 6006
f 6005 6007 6004
f 6003 6005 6002
f 6001 6003 6000
f 5999 6001 5998
f 5997 5999 5996
f 5995 5997 5994
f 5993 5995 5992
f 5991 5993 5990
f 5989 5991 5988
f 5987 5989 5986
f 5985 5987 5984
f 5983 5985 5982
f 5981 5983 5980
f 5979 5981 5978
f 5977 5979 5976
f 5975 5977 5974
f 5973 5975 5972
f 5971 5973 5970
f 5969 5971 5968
f 5967 5969 5966
f 5965 5967 5964
f 5963 5965 5962
f 5961 5963 5960
f 5959 5961 5958
f 5957 5959 5956
f 5955 5957 5954
f 5953 5955 5952
f 5951 5953 5950
f 5949 5951 5948
f 5947 5949 5946
f 5945 5947 5944
f 5943 5945 5942
f 5941 5943 5940
f 5939 5941 5938
f 5937 5939 5936
f 5935 5937 5934
f 5933 5935 5932
f 5931 5933 5930
f 5929 5931 5928
f 5927 5929 5926
f 5925 5927 5924
f 5923 5925 5922
f 5921 5923 5919
f 6035 6036 6037
f 6035 6038 6039
f 6039 6036 6035
f 6038 6040 6041
f 6042 6043 6041
f 6042 6044 6045
f 6041 6039 6038
f 6045 6043 6042
f 6046 6047 6048
f 6046 6049 6050
f 6049 6051 6037
f 6041 6040 6042
f 6052 6048 6053
f 6050 6047 6046
f 6037 6051 6035
f 6054 6055 6045
f 6056 6057 6055
f 6056 6058 6059
f 6048 6052 6046
f 6045 6044 6054
f 6059 6057 6056
f 6058 6060 6061
f 6062 6063 6064
f 6062 6065 6066
f 6067 6068 6069
f 6070 6071 6068
f 6070 6072 6073
f 6072 6074 6075
f 6076 6077 6078
f 6076 6079 6053
f 6037 6050 6049
f 6061 6059 6058
f 6066 6063 6062
f 6080 6081 6066
f 6082 6083 6081
f 6082 6084 6085
f 6068 6067 6070
f 6075 6073 6072
f 6053 6077 6076
f 6055 6054 6056
f 6086 6087 6061
f 6086 6088 6089
f 6090 6091 6092
f 6093 6094 6091
f 6093 6095 6096
f 6095 6097 6098
f 6099 6100 6101
f 6099 6102 6064
f 6066 6065 6080
f 6085 6083 6082
f 6103 6104 6085
f 6103 6105 6106
f 6073 6071 6070
f 6074 6107 6108
f 6109 6110 6108
f 6109 6111 6112
f 6113 6114 6115
f 6113 6116 6078
f 6053 6079 6052
f 6089 6087 6086
f 6117 6118 6119
f 6117 6120 6121
f 6091 6090 6093
f 6098 6096 6095
f 6064 6100 6099
f 6081 6080 6082
f 6106 6104 6103
f 6105 6122 6069
f 6108 6075 6074
f 6112 6110 6109
f 6123 6124 6112
f 6125 6126 6124
f 6125 6127 6128
f 6129 6130 6128
f 6131 6132 6130
f 6131 6133 6115
f 6078 6114 6113
f 6061 6060 6086
f 6134 6135 6089
f 6134 6136 6137
f 6121 6118 6117
f 6120 6138 6139
f 6140 6092 6141
f 6096 6094 6093
f 6064 6102 6062
f 6069 6106 6105
f 6108 6107 6109
f 6124 6123 6125
f 6128 6127 6129
f 6115 6132 6131
f 6078 6116 6076
f 6137 6135 6134
f 6142 6143 6137
f 6142 6144 6145
f 6144 6146 6119
f 6139 6121 6120
f 6092 6140 6090
f 6097 6147 6101
f 6085 6084 6103
f 6112 6111 6123
f 6130 6129 6131
f 6089 6088 6134
f 6145 6143 6142
f 6119 6146 6117
f 6148 6149 6139
f 6148 6150 6141
f 6101 6098 6097
f 6069 6122 6067
f 6115 6133 6113
f 6119 6145 6144
f 6141 6149 6148
f 6101 6147 6099
f 6137 6136 6142
f 6141 6150 6140
f 6139 6138 6148
f 6128 6126 6125
f 6151 6152 6153
f 6154 6151 6155
f 6156 6154 6157
f 6158 6156 6159
f 6160 6158 6161
f 6162 6160 6163
f 6164 6162 6165
f 6166 6164 6167
f 6168 6166 6169
f 6170 6168 6171
f 6172 6170 6173
f 6174 6172 6175
f 6176 6174 6177
f 6178 6176 6179
f 6180 6178 6181
f 6182 6180 6183
f 6184 6182 6185
f 6186 6184 6187
f 6188 6186 6189
f 6190 6188 6191
f 6192 6190 6193
f 6194 6192 6195
f 6196 6194 6197
f 6198 6196 6199
f 6200 6198 6201
f 6202 6200 6203
f 6204 6202 6205
f 6206 6204 6207
f 6208 6206 6209
f 6210 6208 6211
f 6212 6210 6213
f 6214 6212 6215
f 6216 6214 6217
f 6218 6216 6219
f 6220 6218 6221
f 6222 6220 6223
f 6224 6222 6225
f 6226 6224 6227
f 6228 6226 6229
f 6230 6228 6231
f 6232 6230 6233
f 6234 6232 6235
f 6236 6234 6237
f 6238 6236 6239
f 6240 6238 6241
f 6242 6240 6243
f 6244 6242 6245
f 6246 6244 6247
f 6248 6246 6249
f 6250 6248 6251
f 6252 6250 6253
f 6254 6252 6255
f 6256 6254 6257
f 6258 6256 6259
f 6260 6258 6261
f 6262 6260 6263
f 6264 6262 6265
f 6152 6264 6266
f 6266 6153 6152
f 6265 6266 6264
f 6263 6265 6262
f 6261 6263 6260
f 6259 6261 6258
f 6257 6259 6256
f 6255 6257 6254
f 6253 6255 6252
f 6251 6253 6250
f 6249 6251 6248
f 6247 6249 6246
f 6245 6247 6244
f 6243 6245 6242
f 6241 6243 6240
f 6239 6241 6238
f 6237 6239 6236
f 6235 6237 6234
f 6233 6235 6232
f 6231 6233 6230
f 6229 6231 6228
f 6227 6229 6226
f 6225 6227 6224
f 6223 6225 6222
f 6221 6223 6220
f 6219 6221 6218
f 6217 6219 6216
f 6215 6217 6214
f 6213 6215 6212
f 6211 6213 6210
f 6209 6211 6208
f 6207 6209 6206
f 6205 6207 6204
f 6203 6205 6202
f 6201 6203 6200
f 6199 6201 6198
f 6197 6199 6196
f 6195 6197 6194
f 6193 6195 6192
f 6191 6193 6190
f 6189 6191 6188
f 6187 6189 6186
f 6185 6187 6184
f 6183 6185 6182
f 6181 6183 6180
f 6179 6181 6178
f 6177 6179 6176
f 6175 6177 6174
f 6173 6175 6172
f 6171 6173 6170
f 6169 6171 6168
f 6167 6169 6166
f 6165 6167 6164
f 6163 6165 6162
f 6161 6163 6160
f 6159 6161 6158
f 6157 6159 6156
f 6155 6157 6154
f 6153 6155 6151
f 6267 6268 6269
f 6268 6270 6271
f 6272 6273 6274
f 6272 6275 6276
f 6276 6273 6272
f 6275 6277 6278
f 6279 6280 6281
f 6279 6282 6283
f 6284 6285 6282
f 6278 6276 6275
f 6279 6286 6280
f 6282 6279 6284
f 6284 6287 6288
f 6284 6289 6290
f 6272 6291 6292
f 6274 6293 6272
f 6279 6294 6286
f 6288 6285 6284
f 6290 6295 6284
f 6292 6296 6272
f 6275 6297 6277
f 6275 6298 6299
f 6275 6279 6300
f 6283 6294 6279
f 6295 6301 6284
f 6293 6291 6272
f 6275 6302 6298
f 6279 6303 6300
f 6279 6304 6305
f 6301 6287 6284
f 6272 6306 6307
f 6299 6297 6275
f 6300 6308 6275
f 6281 6304 6279
f 6284 6309 6310
f 6296 6306 6272
f 6275 6311 6312
f 6275 6313 6314
f 6279 6315 6303
f 6279 6316 6317
f 6310 6289 6284
f 6272 6318 6319
f 6272 6320 6321
f 6312 6302 6275
f 6308 6313 6275
f 6279 6322 6323
f 6305 6316 6279
f 6284 6324 6325
f 6272 6326 6318
f 6272 6327 6328
f 6307 6320 6272
f 6275 6329 6330
f 6323 6315 6279
f 6325 6309 6284
f 6284 6331 6332
f 6284 6319 6333
f 6328 6326 6272
f 6330 6311 6275
f 6317 6322 6279
f 6333 6331 6284
f 6321 6327 6272
f 6332 6324 6284
f 6314 6329 6275
f 6275 6334 6335
f 6334 6336 6337
f 6338 6339 6340
f 6339 6341 6342
f 6341 6269 6343
f 6269 6271 6344
f 6271 6284 6345
f 6284 6279 6346
f 6279 6335 6347
f 6335 6337 6348
f 6349 6340 6350
f 6340 6342 6351
f 6342 6343 6352
f 6343 6344 6353
f 6344 6345 6354
f 6345 6346 6355
f 6346 6347 6356
f 6347 6348 6357
f 6348 6358 6359
f 6358 6360 6361
f 6360 6362 6363
f 6351 6352 6364
f 6352 6353 6365
f 6354 6355 6366
f 6355 6356 6367
f 6359 6361 6368
f 6361 6363 6369
f 6363 6370 6371
f 6372 6373 6374
f 6372 6375 6376
f 6377 6378 6379
f 6376 6373 6372
f 6364 6380 6381
f 6364 6382 6383
f 6384 6385 6386
f 6384 6387 6388
f 6377 6389 6390
f 6377 6391 6378
f 6374 6392 6372
f 6372 6393 6394
f 6372 6364 6395
f 6383 6380 6364
f 6384 6396 6397
f 6384 6398 6399
f 6386 6400 6384
f 6388 6401 6384
f 6384 6402 6403
f 6377 6404 6402
f 6379 6389 6377
f 6372 6405 6375
f 6372 6406 6407
f 6395 6393 6372
f 6364 6408 6409
f 6364 6410 6382
f 6397 6411 6384
f 6400 6398 6384
f 6403 6387 6384
f 6390 6404 6377
f 6377 6412 6413
f 6372 6414 6415
f 6407 6405 6372
f 6409 6395 6364
f 6364 6416 6417
f 6381 6418 6364
f 6364 6419 6420
f 6384 6421 6422
f 6399 6396 6384
f 6402 6384 6377
f 6377 6423 6412
f 6377 6424 6425
f 6372 6426 6427
f 6415 6428 6372
f 6394 6406 6372
f 6418 6416 6364
f 6420 6429 6364
f 6422 6364 6384
f 6401 6385 6384
f 6425 6423 6377
f 6428 6426 6372
f 6417 6408 6364
f 6422 6419 6364
f 6413 6391 6377
f 6392 6414 6372
f 6411 6421 6384
f 6377 6430 6431
f 6377 6427 6432
f 6429 6410 6364
f 6432 6430 6377
f 6431 6424 6377
f 6433 6368 6434
f 6377 6384 6435
f 6384 6436 6437
f 6438 6439 6440
f 6439 6441 6442
f 6443 6434 6444
f 6434 6445 6446
f 6445 6447 6448
f 6449 6450 6451
f 6450 6452 6453
f 6452 6435 6454
f 6435 6437 6455
f 6437 6456 6457
f 6456 6440 6458
f 6440 6442 6459
f 6442 6460 6461
f 6460 6462 6463
f 6462 6444 6464
f 6444 6446 6465
f 6466 6451 6467
f 6451 6453 6468
f 6453 6454 6469
f 6454 6455 6470
f 6455 6457 6471
f 6457 6458 6472
f 6458 6459 6473
f 6459 6461 6474
f 6468 6469 6475
f 6469 6470 6476
f 6471 6477 6478
f 6471 6472 6479
f 6480 6481 6482
f 6483 6484 6481
f 6483 6485 6486
f 6483 6487 6488
f 6471 6489 6490
f 6479 6477 6471
f 6472 6491 6492
f 6481 6480 6483
f 6483 6493 6494
f 6488 6485 6483
f 6471 6495 6496
f 6471 6497 6498
f 6490 6499 6471
f 6492 6479 6472
f 6472 6500 6501
f 6480 6502 6503
f 6480 6504 6505
f 6480 6506 6507
f 6494 6484 6483
f 6483 6508 6509
f 6483 6510 6487
f 6498 6495 6471
f 6478 6489 6471
f 6472 6511 6500
f 6472 6512 6513
f 6472 6514 6515
f 6505 6502 6480
f 6482 6506 6480
f 6483 6516 6508
f 6483 6517 6510
f 6483 6518 6519
f 6496 6520 6471
f 6501 6491 6472
f 6515 6512 6472
f 6503 6521 6480
f 6509 6493 6483
f 6519 6517 6483
f 6471 6522 6523
f 6499 6497 6471
f 6472 6524 6514
f 6480 6525 6526
f 6480 6527 6504
f 6486 6516 6483
f 6471 6528 6522
f 6513 6511 6472
f 6526 6472 6480
f 6480 6529 6530
f 6507 6527 6480
f 6520 6528 6471
f 6472 6531 6532
f 6526 6533 6472
f 6521 6529 6480
f 6483 6471 6534
f 6532 6524 6472
f 6480 6535 6525
f 6534 6518 6483
f 6523 6536 6471
f 6530 6535 6480
f 6533 6531 6472
f 6472 6473 6537
f 6473 6474 6538
f 6539 6475 6540
f 6475 6476 6541
f 6483 6480 6542
f 6480 6537 6543
f 6537 6538 6544
f 6538 6545 6546
f 6545 6547 6548
f 6547 6549 6550
f 6549 6551 6552
f 6553 6554 6555
f 6553 6556 6557
f 6555 6558 6553
f 6558 6556 6553
f 6446 6559 6560
f 6560 6465 6446
f 6448 6561 6559
f 6448 6553 6562
f 6559 6446 6448
f 6562 6563 6448
f 6563 6561 6448
f 6465 6564 6565
f 6465 6566 6564
f 6465 6567 6568
f 6568 6566 6465
f 6549 6569 6570
f 6551 6571 6572
f 6570 6573 6549
f 6572 6574 6551
f 6551 6549 6575
f 6549 6576 6577
f 6573 6578 6549
f 6551 6579 6580
f 6575 6571 6551
f 6549 6581 6576
f 6549 6582 6569
f 6549 6583 6584
f 6549 6585 6586
f 6551 6587 6588
f 6580 6589 6551
f 6577 6575 6549
f 6549 6590 6591
f 6584 6582 6549
f 6585 6592 6586
f 6551 6593 6594
f 6588 6595 6551
f 6574 6579 6551
f 6578 6590 6549
f 6586 6596 6549
f 6585 6597 6598
f 6554 6599 6600
f 6594 6554 6551
f 6551 6601 6602
f 6595 6603 6551
f 6591 6581 6549
f 6585 6604 6592
f 6598 6605 6585
f 6554 6606 6599
f 6594 6607 6554
f 6603 6601 6551
f 6596 6583 6549
f 6585 6608 6609
f 6605 6610 6585
f 6554 6611 6606
f 6554 6612 6613
f 6551 6614 6593
f 6589 6587 6551
f 6610 6608 6585
f 6585 6565 6615
f 6554 6616 6617
f 6613 6611 6554
f 6602 6614 6551
f 6615 6597 6585
f 6600 6616 6554
f 6609 6604 6585
f 6607 6612 6554
f 6465 6618 6619
f 6465 6585 6620
f 6619 6464 6465
f 6620 6621 6465
f 6464 6622 6623
f 6621 6618 6465
f 6619 6622 6464
f 6463 6624 6625
f 6464 6626 6627
f 6463 6627 6624
f 6464 6628 6626
f 6627 6463 6464
f 6545 6629 6630
f 6630 6631 6545
f 6631 6632 6545
f 6545 6633 6629
f 6545 6634 6635
f 6545 6636 6637
f 6636 6638 6639
f 6547 6640 6641
f 6547 6545 6642
f 6545 6643 6644
f 6635 6633 6545
f 6636 6645 6637
f 6639 6646 6636
f 6642 6640 6547
f 6632 6643 6545
f 6637 6647 6545
f 6636 6648 6649
f 6646 6650 6636
f 6636 6625 6651
f 6644 6642 6545
f 6636 6652 6645
f 6650 6648 6636
f 6651 6653 6636
f 6647 6634 6545
f 6653 6638 6636
f 6649 6652 6636
f 6549 6547 6654
f 6549 6655 6656
f 6547 6657 6654
f 6585 6658 6659
f 6549 6660 6661
f 6656 6662 6549
f 6549 6663 6664
f 6654 6665 6549
f 6547 6666 6667
f 6585 6668 6658
f 6661 6585 6549
f 6549 6669 6670
f 6662 6671 6549
f 6664 6672 6549
f 6667 6657 6547
f 6585 6673 6674
f 6585 6675 6668
f 6585 6676 6677
f 6661 6678 6585
f 6671 6669 6549
f 6665 6663 6549
f 6585 6679 6673
f 6677 6675 6585
f 6549 6680 6660
f 6672 6655 6549
f 6659 6679 6585
f 6670 6680 6549
f 6678 6676 6585
f 6461 6681 6682
f 6682 6474 6461
f 6461 6463 6683
f 6463 6636 6684
f 6683 6681 6461
f 6684 6685 6463
f 6685 6683 6463
f 6545 6686 6687
f 6636 6688 6689
f 6687 6690 6545
f 6538 6691 6686
f 6538 6692 6693
f 6636 6694 6695
f 6636 6696 6688
f 6545 6697 6698
f 6545 6699 6700
f 6545 6701 6702
f 6686 6545 6538
f 6538 6703 6692
f 6538 6704 6705
f 6538 6474 6706
f 6474 6707 6708
f 6636 6709 6710
f 6636 6711 6694
f 6636 6712 6696
f 6636 6713 6714
f 6698 6636 6545
f 6700 6715 6545
f 6702 6716 6545
f 6693 6691 6538
f 6538 6717 6704
f 6538 6718 6719
f 6474 6720 6706
f 6708 6721 6474
f 6474 6722 6723
f 6695 6709 6636
f 6714 6712 6636
f 6698 6724 6636
f 6545 6725 6726
f 6715 6727 6545
f 6690 6701 6545
f 6538 6728 6729
f 6538 6730 6731
f 6719 6717 6538
f 6706 6732 6538
f 6474 6733 6734
f 6721 6735 6474
f 6723 6736 6474
f 6474 6737 6738
f 6689 6711 6636
f 6545 6739 6697
f 6727 6725 6545
f 6729 6703 6538
f 6705 6730 6538
f 6474 6740 6720
f 6735 6733 6474
f 6738 6722 6474
f 6724 6713 6636
f 6716 6699 6545
f 6732 6718 6538
f 6736 6707 6474
f 6726 6739 6545
f 6734 6740 6474
f 6731 6728 6538
f 6741 6742 6743
f 6743 6483 6741
f 6541 6744 6742
f 6541 6476 6745
f 6742 6741 6541
f 6745 6746 6541
f 6746 6744 6541
f 6470 6747 6748
f 6471 6749 6750
f 6470 6751 6752
f 6470 6750 6747
f 6471 6753 6749
f 6476 6754 6755
f 6476 6756 6757
f 6470 6758 6759
f 6470 6760 6761
f 6752 6762 6470
f 6750 6470 6471
f 6471 6763 6764
f 6757 6754 6476
f 6761 6758 6470
f 6748 6751 6470
f 6471 6765 6763
f 6471 6766 6767
f 6471 6768 6769
f 6483 6770 6771
f 6483 6772 6773
f 6476 6774 6775
f 6476 6776 6756
f 6759 6777 6470
f 6764 6753 6471
f 6769 6766 6471
f 6773 6770 6483
f 6476 6778 6774
f 6476 6779 6776
f 6476 6780 6781
f 6470 6782 6783
f 6762 6760 6470
f 6471 6784 6768
f 6471 6483 6785
f 6771 6786 6483
f 6483 6787 6788
f 6476 6789 6778
f 6781 6779 6476
f 6470 6790 6791
f 6470 6792 6782
f 6767 6765 6471
f 6483 6793 6785
f 6483 6794 6772
f 6483 6795 6787
f 6755 6789 6476
f 6791 6476 6470
f 6777 6792 6470
f 6471 6796 6797
f 6785 6798 6471
f 6483 6799 6800
f 6788 6794 6483
f 6791 6780 6476
f 6797 6784 6471
f 6483 6801 6793
f 6786 6799 6483
f 6783 6790 6470
f 6800 6801 6483
f 6798 6796 6471
f 6802 6803 6804
f 6802 6805 6806
f 6802 6807 6808
f 6806 6803 6802
f 6805 6809 6810
f 6802 6811 6807
f 6810 6806 6805
f 6805 6812 6813
f 6804 6811 6802
f 6813 6814 6805
f 6814 6809 6805
f 6467 6815 6816
f 6468 6817 6815
f 6467 6818 6819
f 6815 6467 6468
f 6468 6820 6821
f 6467 6822 6823
f 6467 6824 6825
f 6819 6826 6467
f 6821 6817 6468
f 6468 6827 6828
f 6812 6829 6830
f 6812 6831 6832
f 6825 6822 6467
f 6816 6818 6467
f 6468 6833 6827
f 6468 6834 6835
f 6468 6836 6837
f 6539 6838 6839
f 6539 6840 6841
f 6832 6829 6812
f 6467 6842 6843
f 6823 6844 6467
f 6828 6820 6468
f 6837 6834 6468
f 6841 6838 6539
f 6812 6845 6831
f 6812 6846 6847
f 6843 6812 6467
f 6826 6824 6467
f 6468 6848 6836
f 6468 6539 6849
f 6839 6850 6539
f 6812 6851 6852
f 6847 6845 6812
f 6843 6853 6812
f 6467 6854 6855
f 6835 6833 6468
f 6539 6856 6849
f 6539 6857 6840
f 6830 6851 6812
f 6467 6858 6842
f 6844 6854 6467
f 6468 6859 6860
f 6849 6861 6468
f 6539 6862 6863
f 6539 6808 6857
f 6853 6846 6812
f 6860 6848 6468
f 6539 6864 6856
f 6850 6862 6539
f 6855 6858 6467
f 6863 6864 6539
f 6861 6859 6468
f 6865 6866 6867
f 6867 6868 6865
f 6868 6869 6865
f 6869 6870 6865
f 6812 6871 6872
f 6812 6873 6871
f 6805 6874 6873
f 6873 6812 6805
f 6866 6875 6876
f 6467 6812 6877
f 6866 6878 6875
f 6879 6880 6881
f 6879 6467 6882
f 6467 6883 6884
f 6467 6885 6886
f 6812 6887 6877
f 6866 6888 6878
f 6866 6889 6890
f 6879 6891 6892
f 6882 6880 6879
f 6886 6883 6467
f 6467 6893 6894
f 6877 6895 6467
f 6812 6896 6897
f 6866 6898 6899
f 6890 6888 6866
f 6879 6900 6901
f 6879 6902 6903
f 6892 6904 6879
f 6879 6905 6906
f 6879 6907 6908
f 6884 6882 6467
f 6467 6909 6910
f 6467 6911 6893
f 6467 6912 6913
f 6812 6914 6887
f 6897 6915 6812
f 6876 6898 6866
f 6901 6866 6879
f 6879 6916 6902
f 6906 6891 6879
f 6908 6917 6879
f 6910 6885 6467
f 6913 6911 6467
f 6895 6918 6467
f 6812 6919 6920
f 6915 6921 6812
f 6901 6889 6866
f 6904 6916 6879
f 6881 6907 6879
f 6918 6912 6467
f 6921 6919 6812
f 6812 6922 6923
f 6903 6900 6879
f 6894 6909 6467
f 6923 6896 6812
f 6899 6924 6866
f 6920 6914 6812
f 6917 6905 6879
f 6442 6441 6925
f 6460 6926 6927
f 6925 6460 6442
f 6925 6926 6460
f 6462 6928 6929
f 6460 6930 6928
f 6928 6462 6460
f 6433 6931 6932
f 6433 6443 6933
f 6433 6934 6935
f 6433 6936 6931
f 6933 6937 6433
f 6443 6938 6939
f 6443 6940 6941
f 6433 6942 6943
f 6433 6944 6945
f 6932 6934 6433
f 6433 6946 6947
f 6443 6948 6933
f 6443 6949 6938
f 6941 6950 6443
f 6443 6951 6952
f 6443 6953 6954
f 6945 6942 6433
f 6947 6936 6433
f 6433 6955 6956
f 6937 6957 6433
f 6443 6958 6949
f 6950 6959 6443
f 6954 6951 6443
f 6443 6929 6960
f 6935 6944 6433
f 6957 6955 6433
f 6959 6958 6443
f 6960 6953 6443
f 6956 6946 6433
f 6952 6940 6443
f 6939 6948 6443
f 6357 6359 6961
f 6359 6433 6962
f 6962 6961 6359
f 6356 6357 6963
f 6356 6964 6965
f 6357 6966 6963
f 6963 6964 6356
f 6441 6367 6967
f 6441 6968 6969
f 6967 6970 6441
f 6441 6971 6968
f 6441 6972 6973
f 6367 6974 6967
f 6441 6975 6976
f 6973 6971 6441
f 6970 6977 6441
f 6976 6978 6441
f 6441 6979 6980
f 6441 6981 6982
f 6977 6972 6441
f 6980 6975 6441
f 6969 6981 6441
f 6982 6979 6441
f 6367 6983 6984
f 6367 6985 6986
f 6984 6974 6367
f 6367 6987 6988
f 6986 6989 6367
f 6367 6990 6991
f 6367 6992 6983
f 6989 6987 6367
f 6367 6993 6990
f 6367 6965 6994
f 6988 6992 6367
f 6994 6993 6367
f 6991 6985 6367
f 6447 6995 6996
f 6447 6997 6998
f 6447 6999 7000
f 6447 7001 7002
f 6445 7003 7004
f 6447 7005 6995
f 7000 6997 6447
f 6447 7006 7007
f 7002 7008 6447
f 7004 6447 6445
f 6371 7009 7010
f 6996 6371 6447
f 6447 7011 7012
f 7007 6999 6447
f 7004 7001 6447
f 6371 7013 7009
f 6371 7014 7015
f 6996 7016 6371
f 6447 7017 7011
f 7008 7006 6447
f 6371 7018 7013
f 7015 7019 6371
f 6447 7020 7005
f 6998 7017 6447
f 6371 7021 7022
f 6371 7023 7024
f 6371 7025 7026
f 7019 7018 6371
f 7012 7020 6447
f 7022 6369 6371
f 7026 7023 6371
f 7016 7014 6371
f 6371 7027 7021
f 7010 7025 6371
f 7024 7027 6371
f 6434 6368 7028
f 6445 6434 7029
f 6434 7030 7031
f 6434 7032 7033
f 6434 7034 7035
f 7028 7036 6434
f 6368 7037 7038
f 6434 7039 7029
f 6434 7040 7030
f 7035 7032 6434
f 6434 7041 7042
f 6434 7043 7044
f 6368 7045 7028
f 6368 7046 7037
f 7031 7039 6434
f 7042 7034 6434
f 6434 7047 7043
f 7036 7048 6434
f 6368 7049 7050
f 6368 7051 7046
f 6368 7052 7053
f 7033 7040 6434
f 7048 7047 6434
f 6368 7054 7055
f 7038 7049 6368
f 6368 7056 7057
f 6368 7058 7052
f 6369 7059 7060
f 7044 7041 6434
f 7050 7054 6368
f 7053 7056 6368
f 7060 6368 6369
f 7055 7045 6368
f 7060 7058 6368
f 7057 7051 6368
f 6436 7061 7062
f 6437 7063 7064
f 6437 7065 7063
f 7064 6456 6437
f 6437 6436 7066
f 6456 7067 7068
f 7066 7065 6437
f 7064 7067 6456
f 6353 6354 7069
f 6354 7070 7069
f 6353 7071 7072
f 7069 7073 6353
f 7073 7071 6353
f 6354 7074 7075
f 7075 7070 6354
f 6365 7072 7076
f 6384 6364 7077
f 6364 7078 7077
f 7077 7079 6384
f 7079 7080 6384
f 6364 7081 7082
f 6364 7083 7078
f 7082 7084 6364
f 6364 7085 7086
f 6364 7087 7088
f 6436 6384 7089
f 6364 7090 7083
f 7086 7081 6364
f 6364 7091 7087
f 6365 7092 7093
f 6384 7094 7089
f 6384 7095 7096
f 6384 7097 7098
f 6384 7099 7100
f 6384 7101 7102
f 7080 7103 6384
f 7088 7085 6364
f 7093 6364 6365
f 7096 7094 6384
f 7100 7097 6384
f 7103 7101 6384
f 7093 7091 6364
f 7098 7095 6384
f 7084 7090 6364
f 7102 7099 6384
f 6450 7104 7105
f 6452 7106 7107
f 7105 6452 6450
f 7105 7106 6452
f 6377 7108 7109
f 6377 7110 7108
f 7109 6372 6377
f 6372 7111 7112
f 7109 7113 6372
f 6372 7114 7115
f 6372 7116 7117
f 6372 7118 7111
f 6377 7119 7110
f 6377 7120 7121
f 6372 7122 7123
f 7115 7124 6372
f 7112 7116 6372
f 7113 7125 6372
f 6377 7126 7120
f 6377 7127 7128
f 6372 7129 7122
f 7117 7114 6372
f 6377 7130 7119
f 6377 7131 7132
f 6377 7133 7126
f 6377 7134 7127
f 7124 7129 6372
f 7132 7130 6377
f 7128 7133 6377
f 6377 7107 7135
f 7125 7118 6372
f 7135 7134 6377
f 7121 7131 6377
f 6350 6351 7136
f 6351 7137 7136
f 6351 6372 7138
f 7138 7137 6351
f 6350 7139 7140
f 7141 7142 7143
f 7140 7141 6350
f 7140 7142 7141
f 7144 7143 7145
f 7144 7146 7147
f 7145 7148 7144
f 7148 7146 7144
f 7147 7149 7144
f 7150 7151 7152
f 7150 7153 7154
f 7152 7155 7150
f 7155 7153 7150
f 7150 7156 7151
f 6450 6449 7157
f 6449 7158 7157
f 6449 7150 7159
f 7159 7158 6449
f 6370 7160 7161
f 6370 7162 7163
f 7163 7160 6370
f 7074 7164 7165
f 7074 7166 7164
f 7074 7167 7168
f 6366 7169 7167
f 6366 7170 7171
f 7074 7172 7166
f 7074 7173 7174
f 7167 7074 6366
f 6366 7175 7176
f 7171 7177 6366
f 7174 7172 7074
f 7176 7169 6366
f 6366 7178 7179
f 7177 7180 6366
f 7168 7173 7074
f 7180 7178 6366
f 7179 7175 6366
f 7181 7182 7183
f 7181 7074 7182
f 7074 7184 7185
f 7074 7186 7187
f 7183 7188 7181
f 7185 7189 7074
f 7074 7190 7191
f 7187 7192 7074
f 7181 7193 7074
f 6438 7194 7195
f 7074 7196 7197
f 7189 7198 7074
f 7191 7199 7074
f 7193 7186 7074
f 7200 7201 7202
f 6438 7203 7204
f 6438 7205 7194
f 6438 7206 7207
f 6438 7068 7208
f 7209 7210 7211
f 7198 7196 7074
f 7192 7190 7074
f 7074 7212 7213
f 7074 7214 7215
f 6438 7216 7200
f 7195 7203 6438
f 7208 7206 6438
f 7211 7217 7209
f 7199 7184 7074
f 7074 7218 7212
f 7215 7219 7074
f 6438 7220 7216
f 7207 7205 6438
f 7201 7200 7210
f 7188 7221 7217
f 7197 7075 7074
f 7219 7218 7074
f 7204 7220 6438
f 7210 7209 7222
f 7188 7223 7221
f 7213 7182 7074
f 7210 7222 7201
f 7183 7223 7188
f 7211 7188 7217
f 6438 7224 7225
f 6439 7226 7227
f 6438 7228 7229
f 6438 7230 7224
f 7227 7231 6439
f 6439 7232 7233
f 6439 6438 7234
f 7225 7228 6438
f 6439 7235 7236
f 7233 7226 6439
f 7229 7234 6438
f 6439 7237 7235
f 7234 7232 6439
f 6438 7238 7239
f 7231 7237 6439
f 6438 7202 7238
f 7239 7230 6438
f 6367 7240 7170
f 6367 7241 7240
f 6367 7242 7243
f 6367 7244 7241
f 7243 7245 6367
f 6367 6441 7246
f 6441 7247 7248
f 6441 7249 7250
f 6441 6439 7251
f 7245 7244 6367
f 7248 7246 6441
f 6441 7252 7253
f 7251 7249 6441
f 7246 7242 6367
f 7250 7252 6441
f 7253 7247 6441
f 6339 7254 7255
f 7255 7256 6339
f 7256 7257 7258
f 7255 7259 7256
f 7258 7260 7256
f 6339 7261 7254
f 6339 7262 7263
f 6339 7264 7265
f 6339 7266 7267
f 7256 7268 7269
f 7259 7257 7256
f 6339 7270 7262
f 7267 7264 6339
f 6339 7271 7272
f 7256 7273 7268
f 7263 7261 6339
f 6339 7274 7275
f 7272 7266 6339
f 6338 7276 7271
f 6338 7277 7278
f 6338 7279 7280
f 7260 7273 7256
f 7275 7281 6339
f 7271 6339 6338
f 6338 7282 7283
f 7278 7284 6338
f 6338 7285 7286
f 7280 7287 6338
f 7279 7288 7289
f 7256 7290 7291
f 7281 7270 6339
f 7283 7276 6338
f 7286 7277 6338
f 6338 7292 7293
f 7287 7294 6338
f 7279 7295 7288
f 7279 7296 7297
f 7269 7290 7256
f 7284 7282 6338
f 6338 7298 7292
f 7294 7299 6338
f 7279 7300 7295
f 7297 7301 7279
f 7279 7302 7303
f 7265 7274 6339
f 7299 7298 6338
f 7301 7300 7279
f 7279 7304 7302
f 7293 7285 6338
f 7303 7296 7279
f 7289 7280 7279
f 6362 7305 7306
f 6362 7307 7305
f 6362 7308 7309
f 7309 7307 6362
f 6370 7310 7311
f 6370 7312 7310
f 6370 6363 7313
f 6363 6362 7314
f 7313 7312 6370
f 7314 7315 6363
f 7315 7313 6363
f 7316 7311 7317
f 7316 7318 7319
f 7317 7320 7316
f 7320 7318 7316
f 7321 7322 7323
f 7323 7308 7321
f 7324 7325 7326
f 7323 7327 7308
f 7325 7328 7326
f 7308 7329 7330
f 7321 7331 7322
f 7326 7332 7324
f 7308 7333 7334
f 7327 7329 7308
f 7321 7335 7336
f 7321 7337 7338
f 7321 7339 7340
f 7321 7341 7342
f 7324 7343 7341
f 7324 7344 7345
f 7324 7346 7347
f 7325 7348 7328
f 7308 7349 7333
f 7336 7331 7321
f 7338 7350 7321
f 7321 7351 7339
f 7341 7321 7324
f 7324 7352 7353
f 7324 7354 7355
f 7324 7356 7344
f 7332 7346 7324
f 7325 7357 7358
f 7325 7359 7360
f 7308 7361 7362
f 7330 7349 7308
f 7321 7363 7337
f 7321 7364 7351
f 7353 7343 7324
f 7355 7365 7324
f 7345 7366 7324
f 7358 7348 7325
f 7360 7367 7325
f 7362 7368 7308
f 7350 7335 7321
f 7342 7364 7321
f 7365 7369 7324
f 7347 7356 7324
f 7325 7370 7359
f 7334 7361 7308
f 7369 7352 7324
f 7367 7357 7325
f 7325 7319 7371
f 7340 7363 7321
f 7371 7370 7325
f 7366 7354 7324
f 7372 7373 7374
f 7374 7375 7372
f 7374 7376 7375
f 7375 7377 7378
f 7372 7379 7373
f 7375 7380 7381
f 7376 7377 7375
f 7372 7382 7383
f 7372 7384 7385
f 7375 7386 7380
f 7383 7379 7372
f 7385 7387 7372
f 7372 7388 7389
f 7375 7390 7391
f 7375 7392 7393
f 7378 7386 7375
f 7372 7394 7384
f 7372 7395 7388
f 7396 7397 7395
f 7393 7390 7375
f 7387 7382 7372
f 7395 7372 7396
f 7396 7398 7399
f 7381 7392 7375
f 7399 7397 7396
f 7389 7394 7372
f 6360 6358 7400
f 6358 7375 7401
f 7400 7402 6360
f 7401 7403 6358
f 7403 7400 6358
f 6362 6360 7404
f 6362 7405 7406
f 7404 7407 6362
f 6360 7408 7409
f 6362 7410 7405
f 7409 7404 6360
f 7407 7410 6362
f 7321 7308 7411
f 7308 7412 7411
f 7411 7413 7321
f 7321 7414 7415
f 7321 7416 7417
f 7308 7418 7412
f 7321 7419 7414
f 7413 7416 7321
f 7308 7420 7421
f 7308 7422 7423
f 7321 7424 7425
f 7321 7426 7427
f 7415 7428 7321
f 7421 7418 7308
f 7423 7429 7308
f 7396 7430 7431
f 7425 7396 7321
f 7427 7432 7321
f 7417 7419 7321
f 7308 7433 7422
f 7308 7406 7434
f 7425 7430 7396
f 7432 7435 7321
f 7429 7420 7308
f 7434 7436 7308
f 7435 7424 7321
f 7436 7433 7308
f 7428 7426 7321
f 6358 7437 7438
f 6348 7439 7437
f 6358 7440 7441
f 7437 6358 6348
f 7438 7440 6358
f 6348 6337 7442
f 7442 7439 6348
f 6336 7443 7444
f 7444 6337 6336
f 7444 7445 6337
f 6337 7446 7447
f 6336 7448 7443
f 7372 7449 7450
f 6337 7451 7452
f 7445 7446 6337
f 6336 7453 7454
f 6336 7455 7456
f 6336 7457 7458
f 6336 7459 7460
f 7372 7461 7462
f 7450 7463 7372
f 6337 7464 7465
f 6337 7466 7451
f 7454 7448 6336
f 7456 7467 6336
f 6336 7468 7457
f 6336 7462 7459
f 7372 7469 7461
f 7372 7470 7471
f 7372 7472 7473
f 7372 7474 7475
f 7372 7476 7449
f 7465 7477 6337
f 6337 7478 7479
f 7447 7466 6337
f 6336 7480 7455
f 6336 7481 7468
f 7462 6336 7372
f 7471 7482 7372
f 7372 7483 7472
f 7463 7474 7372
f 7372 7484 7485
f 7372 7486 7487
f 7479 7464 6337
f 7467 7453 6336
f 7460 7481 6336
f 7482 7488 7372
f 7473 7489 7372
f 7485 7476 7372
f 7487 7490 7372
f 7452 7478 6337
f 7488 7469 7372
f 7475 7483 7372
f 7372 7491 7486
f 7372 7492 7493
f 7458 7480 6336
f 7490 7484 7372
f 7372 7494 7492
f 7489 7470 7372
f 7493 7495 7372
f 7495 7491 7372
f 7375 7441 7494
f 7494 7372 7375
f 7477 7496 6337
f 6284 7497 7498
f 6271 7499 7497
f 6284 7500 7501
f 6284 7502 7503
f 7497 6284 6271
f 6271 7504 7505
f 6271 7506 7507
f 7503 7500 6284
f 7505 7499 6271
f 7507 7508 6271
f 6284 7509 7510
f 7498 7502 6284
f 7508 7511 6271
f 7510 6272 6284
f 6284 7512 7513
f 7511 7504 6271
f 6271 6270 7514
f 7510 7515 6272
f 7501 7512 6284
f 6271 7516 7517
f 6270 7518 7514
f 6272 7519 7520
f 6272 7521 7522
f 6284 7523 7509
f 6284 7524 7525
f 7517 7506 6271
f 7514 7526 6271
f 6270 7527 7528
f 6272 7529 7519
f 7515 7521 6272
f 6284 7530 7531
f 7513 7524 6284
f 6271 7532 7533
f 6271 7534 7535
f 6270 7536 7518
f 6270 7537 7538
f 7528 7539 6270
f 7520 7540 6272
f 6272 7541 7542
f 7531 7523 6284
f 7533 7516 6271
f 7526 7534 6271
f 6270 7543 7544
f 7539 7537 6270
f 6270 7545 7546
f 7542 7529 6272
f 7525 7530 6284
f 7544 7536 6270
f 6270 7547 7548
f 7546 7527 6270
f 7540 7549 6272
f 6272 7550 7551
f 7535 7532 6271
f 7538 7547 6270
f 7551 7541 6272
f 7548 7543 6270
f 7522 7550 6272
f 6341 7552 7553
f 6341 7554 7555
f 6341 6339 7556
f 6341 7557 7552
f 7556 7554 6341
f 6339 7558 7559
f 6339 7560 7561
f 6341 7562 7557
f 7559 7556 6339
f 7561 7563 6339
f 6341 7564 7565
f 7555 7562 6341
f 7563 7566 6339
f 7565 6267 6341
f 6341 7567 7568
f 7566 7558 6339
f 6339 7256 7569
f 7565 7570 6267
f 7553 7567 6341
f 6339 7571 7572
f 7256 7573 7569
f 6267 7574 7575
f 6341 7576 7564
f 6341 7577 7578
f 7572 7560 6339
f 7569 7579 6339
f 7570 7574 6267
f 6341 7580 7581
f 7568 7577 6341
f 6339 7582 7583
f 6339 7584 7585
f 7256 7586 7573
f 7256 7587 7588
f 6267 7589 7590
f 7581 7576 6341
f 7583 7571 6339
f 7579 7584 6339
f 7256 7591 7592
f 7256 7593 7594
f 7588 7595 7256
f 6267 7596 7589
f 6267 7597 7598
f 7578 7580 6341
f 7592 7586 7256
f 7256 7599 7600
f 7595 7593 7256
f 7598 7596 6267
f 6267 7601 7602
f 7585 7582 6339
f 7594 7599 7256
f 7602 7597 6267
f 7600 7591 7256
f 7575 7601 6267
f 6866 6865 7603
f 6879 7604 7605
f 6879 6866 7606
f 7606 7604 6879
f 6466 6879 7607
f 6449 6466 7608
f 7608 7609 6449
f 7150 6449 7610
f 7611 7612 7613
f 7611 7614 7612
f 7611 7615 7616
f 7150 7613 7617
f 7616 7614 7611
f 7611 7618 7619
f 7613 7150 7611
f 7619 7620 7611
f 7618 7621 7622
f 7620 7615 7611
f 7150 7623 7624
f 7150 7625 7626
f 7617 7156 7150
f 7626 7623 7150
f 7627 7628 7629
f 7627 7630 7631
f 7632 7144 7633
f 7634 7635 7636
f 7634 7144 7637
f 7624 7611 7150
f 7629 7150 7627
f 7631 7638 7627
f 7144 7639 7633
f 7144 7640 7641
f 7636 7642 7634
f 7637 7643 7634
f 7622 7644 7645
f 7622 7619 7618
f 7150 7646 7647
f 7150 7648 7649
f 7627 7650 7628
f 7638 7651 7627
f 7652 7653 7627
f 7654 7655 7652
f 7656 7657 7655
f 7641 7639 7144
f 7144 7658 7659
f 7144 7660 7661
f 7144 7634 7662
f 7643 7635 7634
f 7144 7663 7664
f 7665 7666 7667
f 7665 7622 7668
f 7621 7644 7622
f 7649 7646 7150
f 7651 7650 7627
f 7627 7669 7652
f 7655 7654 7656
f 7670 7671 7657
f 7672 7673 7674
f 7659 7640 7144
f 7662 7660 7144
f 7634 7675 7676
f 7664 7637 7144
f 7668 7666 7665
f 7647 7625 7150
f 7627 7677 7630
f 7652 7669 7654
f 7657 7656 7670
f 7678 7679 7680
f 7681 7679 7672
f 7682 7683 7684
f 7685 7686 7632
f 7632 7687 7688
f 7661 7658 7144
f 7642 7675 7634
f 7689 7676 7665
f 7645 7668 7622
f 7653 7677 7627
f 7680 7671 7678
f 7674 7681 7672
f 7673 7690 7691
f 7684 7692 7682
f 7693 7685 7694
f 7632 7695 7696
f 7632 7697 7698
f 7633 7687 7632
f 7665 7699 7689
f 7629 7648 7150
f 7681 7680 7679
f 7690 7700 7691
f 7692 7684 7700
f 7701 7694 7683
f 7694 7701 7693
f 7632 7702 7695
f 7698 7703 7632
f 7676 7689 7634
f 7670 7678 7671
f 7700 7690 7692
f 7693 7686 7685
f 7703 7702 7632
f 7667 7699 7665
f 7682 7701 7683
f 7688 7697 7632
f 7632 7696 7685
f 7144 7632 7704
f 7141 7705 7706
f 7141 7704 7705
f 6349 7706 7707
f 6338 7708 7709
f 6338 7710 7708
f 6338 7707 7710
f 7709 7711 7712
f 7711 7709 7713
f 7279 7709 7714
f 7713 7715 7711
f 7712 7714 7709
f 7716 7717 7718
f 7719 7720 7721
f 7718 7719 7716
f 7716 7722 7723
f 7719 7724 7304
f 7719 7725 7726
f 7719 7727 7720
f 7723 7717 7716
f 7726 7724 7719
f 7718 7727 7719
f 7721 7725 7719
f 7716 7256 7728
f 7728 7722 7716
f 7729 7730 7731
f 7729 7732 7730
f 7716 7733 7587
f 7729 7734 7732
f 7729 7735 7736
f 7716 7731 7733
f 7736 7734 7729
f 7729 6267 7737
f 7731 7716 7729
f 7737 7738 7729
f 7738 7735 7729
f 6267 7729 7739
f 6268 7739 7740
f 7740 7741 7545
f 7740 7742 7741
f 7740 7743 7744
f 7743 6272 7745
f 7740 7746 7742
f 7745 7744 7743
f 7744 7746 7740
f 6272 7743 7747
f 6275 7747 7748
f 6334 7748 7749
f 6336 7749 7750
f 7372 7750 7751
f 7396 7751 7752
f 7321 7752 7753
f 7324 7753 7754
f 7324 7755 7756
f 7754 7757 7324
f 7757 7755 7324
f 7325 7324 7758
f 7758 7759 7325
f 7759 7760 7325
f 7760 7761 7325
f 7761 7762 7325
f 7316 7325 7763
f 7316 7764 7765
f 7765 7766 7316
f 7764 7767 7765
f 7764 7768 7769
f 7764 7770 7771
f 7316 7772 7162
f 7769 7767 7764
f 7771 7768 7764
f 7766 7772 7316
f 7770 7773 7771
f 7773 7774 7771
f 7774 7775 7776
f 7776 7777 7774
f 7777 7778 7774
f 7779 7780 7781
f 7781 7782 7783
f 7781 7784 7785
f 7781 7786 7779
f 7787 7788 7775
f 7785 7782 7781
f 7786 7789 7779
f 7786 7790 7791
f 7786 7792 7793
f 7775 7794 7787
f 7795 7796 7787
f 7797 7798 7799
f 7800 7801 7802
f 7780 7784 7781
f 7793 7790 7786
f 7787 7794 7795
f 7799 7795 7797
f 7800 7803 7801
f 7804 7786 7805
f 7781 7806 7807
f 7791 7789 7786
f 6447 7808 7809
f 7810 7781 7811
f 7775 7812 7813
f 7799 7796 7795
f 7802 7797 7800
f 6447 7814 7815
f 7816 7817 7804
f 7783 7806 7781
f 7786 7804 7818
f 7809 7819 6447
f 7809 7808 7810
f 7816 7820 7821
f 6371 7822 7823
f 7813 7824 7775
f 7802 7798 7797
f 7800 7825 7826
f 7800 7816 7827
f 6447 7828 7829
f 6447 7830 7814
f 6447 7831 7832
f 6447 7833 7834
f 7805 7816 7804
f 7816 7835 7836
f 7818 7792 7786
f 7811 7809 7810
f 7821 7837 7816
f 7820 7838 7839
f 7840 7841 7842
f 7842 7843 7844
f 6371 7845 7846
f 6371 7847 7822
f 6371 7848 7849
f 6371 7850 7851
f 7788 7812 7775
f 7827 7825 7800
f 7816 7852 7853
f 7829 7854 6447
f 7832 7830 6447
f 7834 7855 6447
f 7836 7817 7816
f 7819 7833 6447
f 7820 7856 7821
f 7838 7857 7839
f 7838 7841 7840
f 7842 7858 7859
f 7842 7860 7843
f 7846 6447 6371
f 7849 7847 6371
f 7851 7861 6371
f 7775 7862 7863
f 7826 7803 7800
f 7816 7864 7865
f 7853 7866 7816
f 6447 7867 7828
f 6447 7868 7869
f 7855 7831 6447
f 7807 7811 7781
f 7839 7856 7820
f 7842 7859 7840
f 7842 7870 7871
f 7844 7872 7842
f 6447 7873 7874
f 7846 7875 6447
f 7861 7848 6371
f 6371 7876 7877
f 7824 7862 7775
f 7866 7864 7816
f 7869 7867 6447
f 7805 7852 7816
f 7840 7857 7838
f 7872 7870 7842
f 6447 7878 7873
f 6447 7879 7880
f 7823 7845 6371
f 6371 7881 7876
f 7865 7827 7816
f 7815 7868 6447
f 7871 7858 7842
f 7880 7878 6447
f 7877 7850 6371
f 6371 7882 7883
f 7863 7884 7775
f 7837 7835 7816
f 7875 7879 6447
f 6371 7161 7882
f 7854 7885 6447
f 7883 7881 6371
f 7874 7808 6447
f 7886 7887 7860
f 7860 7842 7888
f 7886 6448 7889
f 7886 7890 7887
f 7886 7891 7892
f 6448 7893 7889
f 6448 6447 7885
f 7892 7890 7886
f 7889 7894 7886
f 6448 7895 7896
f 7885 7897 6448
f 7894 7891 7886
f 7897 7895 6448
f 7896 7893 6448
f 6448 7898 7899
f 6448 7886 7898
f 6553 7899 7900
f 6554 7901 7902
f 6554 7903 7901
f 6554 7904 7903
f 6554 7900 7905
f 7905 7904 6554
f 6551 7902 7906
f 6552 7906 7907
f 6552 7908 7909
f 7907 7910 6552
f 7910 7908 6552
f 6550 6552 7911
f 6548 6550 7912
f 6546 6548 7913
f 6544 6546 7914
f 6543 6544 7915
f 6542 6543 7916
f 6741 6542 7917
f 6541 6741 7918
f 6540 6541 7919
f 6802 6540 7920
f 6805 6802 7921
f 7922 7923 6874
f 7923 7924 6874
f 7923 7925 7924
f 7923 6865 7926
f 7923 7927 7925
f 7926 7928 7923
f 7928 7927 7923
f 7929 7930 7931
f 7929 7932 7930
f 7603 7933 7929
f 6865 7923 7933
f 7933 7603 6865
f 7931 7603 7929
f 6874 6805 7922
f 7921 7922 6805
f 7920 7921 6802
f 7919 7920 6540
f 7918 7919 6541
f 7917 7918 6741
f 7916 7917 6542
f 7915 7916 6543
f 7914 7915 6544
f 7913 7914 6546
f 7912 7913 6548
f 7911 7912 6550
f 7909 7911 6552
f 7906 6552 6551
f 7902 6551 6554
f 7900 6554 6553
f 7899 6553 6448
f 7860 7888 7886
f 7884 7776 7775
f 7778 7771 7774
f 7162 6370 7316
f 7763 7764 7316
f 7762 7763 7325
f 7756 7758 7324
f 7753 7324 7321
f 7752 7321 7396
f 7751 7396 7372
f 7750 7372 6336
f 7749 6336 6334
f 7748 6334 6275
f 7747 6275 6272
f 7545 6270 7740
f 7740 6270 6268
f 7739 6268 6267
f 7587 7256 7716
f 7304 7279 7719
f 7714 7719 7279
f 7709 7279 6338
f 7707 6338 6349
f 7706 6349 7141
f 7704 7141 7144
f 7691 7674 7673
f 7610 7627 7150
f 7609 7610 6449
f 7607 7608 6466
f 7605 7607 6879
f 7603 7606 6866
f 7590 7737 6267
f 7549 7745 6272
f 7496 7442 6337
f 7441 7375 6358
f 7431 7398 7396
f 7406 7308 6362
f 7402 7408 6360
f 7391 7401 7375
f 7368 7309 7308
f 7319 7325 7316
f 7311 7316 6370
f 7306 7314 6362
f 7291 7728 7256
f 7170 6366 6367
f 7236 7251 6439
f 7202 6438 7200
f 7165 7214 7074
f 7161 6371 6370
f 7157 7104 6450
f 7154 7159 7150
f 7149 7663 7144
f 7143 7144 7141
f 7136 7139 6350
f 7123 7138 6372
f 7107 6377 6452
f 7089 7061 6436
f 7076 7092 6365
f 7072 6365 6353
f 7068 6438 6456
f 7062 7066 6436
f 7029 7003 6445
f 7022 7059 6369
f 6978 6925 6441
f 6965 6367 6356
f 6961 6966 6357
f 6943 6962 6433
f 6929 6443 6462
f 6927 6930 6460
f 6924 6867 6866
f 6872 6922 6812
f 6870 7926 6865
f 6852 6813 6812
f 6808 6539 6802
f 6775 6745 6476
f 6743 6795 6483
f 6710 6684 6636
f 6682 6737 6474
f 6674 6620 6585
f 6641 6666 6547
f 6625 6636 6463
f 6623 6628 6464
f 6617 6555 6554
f 6565 6585 6465
f 6560 6567 6465
f 6557 6562 6553
f 6552 6550 6549
f 6550 6548 6547
f 6548 6546 6545
f 6546 6544 6538
f 6544 6543 6537
f 6543 6542 6480
f 6542 6741 6483
f 6541 6540 6475
f 6540 6802 6539
f 6538 6537 6473
f 6537 6480 6472
f 6536 6534 6471
f 6476 6475 6469
f 6475 6539 6468
f 6474 6473 6459
f 6473 6472 6458
f 6472 6471 6457
f 6471 6470 6455
f 6470 6469 6454
f 6469 6468 6453
f 6468 6467 6451
f 6467 6879 6466
f 6465 6464 6444
f 6464 6463 6462
f 6463 6461 6460
f 6461 6459 6442
f 6459 6458 6440
f 6458 6457 6456
f 6457 6455 6437
f 6455 6454 6435
f 6454 6453 6452
f 6453 6451 6450
f 6451 6466 6449
f 6448 6446 6445
f 6446 6444 6434
f 6444 6462 6443
f 6442 6440 6439
f 6440 6456 6438
f 6437 6435 6384
f 6435 6452 6377
f 6434 6443 6433
f 6427 6377 6372
f 6371 6369 6363
f 6369 6368 6361
f 6368 6433 6359
f 6367 6366 6355
f 6366 7074 6354
f 6365 6364 6352
f 6364 6372 6351
f 6363 6361 6360
f 6361 6359 6358
f 6359 6357 6348
f 6357 6356 6347
f 6356 6355 6346
f 6355 6354 6345
f 6354 6353 6344
f 6353 6352 6343
f 6352 6351 6342
f 6351 6350 6340
f 6350 7141 6349
f 6348 6347 6335
f 6347 6346 6279
f 6346 6345 6284
f 6345 6344 6271
f 6344 6343 6269
f 6343 6342 6341
f 6342 6340 6339
f 6340 6349 6338
f 6337 6335 6334
f 6335 6279 6275
f 6319 6284 6272
f 6271 6269 6268
f 6269 6341 6267
f 7934 7935 7936
f 7937 7938 7939
f 7939 7940 7937
f 7941 7938 7937
f 7942 7941 7943
f 7944 7942 7945
f 7946 7944 7947
f 7948 7946 7949
f 7950 7948 7951
f 7952 7950 7953
f 7954 7952 7955
f 7956 7954 7957
f 7958 7956 7959
f 7960 7958 7961
f 7962 7960 7963
f 7964 7962 7965
f 7966 7964 7967
f 7968 7966 7969
f 7970 7968 7971
f 7972 7970 7973
f 7974 7972 7975
f 7976 7974 7977
f 7978 7976 7979
f 7980 7978 7981
f 7982 7980 7983
f 7984 7982 7985
f 7986 7984 7987
f 7988 7986 7989
f 7990 7988 7991
f 7992 7990 7993
f 7994 7992 7995
f 7996 7994 7997
f 7998 7996 7999
f 8000 7998 8001
f 8002 8000 8003
f 8004 8002 8005
f 8006 8004 8007
f 8008 8006 8009
f 8010 8008 8011
f 8012 8010 8013
f 8014 8012 8015
f 8016 8014 8017
f 8018 8016 8019
f 8020 8018 8021
f 8022 8020 8023
f 8024 8022 8025
f 8026 8024 8027
f 8028 8026 8029
f 8030 8028 8031
f 8032 8030 8033
f 8034 8032 8035
f 8036 8034 8037
f 8038 8036 8039
f 8040 8038 8041
f 8042 8040 8043
f 8044 8042 8045
f 8046 8044 8047
f 8048 8049 8050
f 8049 8051 8050
f 7935 8051 8049
f 8049 7936 7935
f 8050 8046 8048
f 8047 8048 8046
f 8045 8047 8044
f 8043 8045 8042
f 8041 8043 8040
f 8039 8041 8038
f 8037 8039 8036
f 8035 8037 8034
f 8033 8035 8032
f 8031 8033 8030
f 8029 8031 8028
f 8027 8029 8026
f 8025 8027 8024
f 8023 8025 8022
f 8021 8023 8020
f 8019 8021 8018
f 8017 8019 8016
f 8015 8017 8014
f 8013 8015 8012
f 8011 8013 8010
f 8009 8011 8008
f 8007 8009 8006
f 8005 8007 8004
f 8003 8005 8002
f 8001 8003 8000
f 7999 8001 7998
f 7997 7999 7996
f 7995 7997 7994
f 7993 7995 7992
f 7991 7993 7990
f 7989 7991 7988
f 7987 7989 7986
f 7985 7987 7984
f 7983 7985 7982
f 7981 7983 7980
f 7979 7981 7978
f 7977 7979 7976
f 7975 7977 7974
f 7973 7975 7972
f 7971 7973 7970
f 7969 7971 7968
f 7967 7969 7966
f 7965 7967 7964
f 7963 7965 7962
f 7961 7963 7960
f 7959 7961 7958
f 7957 7959 7956
f 7955 7957 7954
f 7953 7955 7952
f 7951 7953 7950
f 7949 7951 7948
f 7947 7949 7946
f 7945 7947 7944
f 7943 7945 7942
f 7937 7943 7941
f 7939 7934 7940
f 7936 7940 7934
f 8052 8053 8054
f 8052 8055 8056
f 8056 8053 8052
f 8055 8057 8058
f 8059 8060 8058
f 8059 8061 8062
f 8058 8056 8055
f 8062 8060 8059
f 8063 8064 8065
f 8063 8066 8067
f 8066 8068 8054
f 8058 8057 8059
f 8069 8065 8070
f 8067 8064 8063
f 8054 8068 8052
f 8071 8072 8062
f 8073 8074 8072
f 8073 8075 8076
f 8077 8078 8079
f 8077 8080 8081
f 8082 8083 8084
f 8085 8086 8083
f 8085 8087 8088
f 8087 8089 8090
f 8065 8069 8063
f 8062 8061 8071
f 8076 8074 8073
f 8075 8091 8092
f 8081 8078 8077
f 8093 8094 8081
f 8095 8096 8094
f 8095 8097 8098
f 8083 8082 8085
f 8090 8088 8087
f 8099 8100 8101
f 8099 8102 8070
f 8054 8067 8066
f 8092 8076 8075
f 8103 8104 8105
f 8106 8107 8104
f 8106 8108 8109
f 8108 8110 8111
f 8112 8113 8114
f 8112 8115 8079
f 8081 8080 8093
f 8098 8096 8095
f 8116 8117 8098
f 8116 8118 8119
f 8088 8086 8085
f 8089 8120 8121
f 8070 8100 8099
f 8072 8071 8073
f 8122 8123 8092
f 8122 8124 8125
f 8104 8103 8106
f 8111 8109 8108
f 8079 8113 8112
f 8094 8093 8095
f 8119 8117 8116
f 8118 8126 8084
f 8121 8090 8089
f 8127 8128 8121
f 8129 8130 8128
f 8129 8131 8132
f 8133 8134 8135
f 8133 8136 8101
f 8070 8102 8069
f 8125 8123 8122
f 8137 8138 8139
f 8137 8140 8141
f 8142 8105 8143
f 8109 8107 8106
f 8079 8115 8077
f 8084 8119 8118
f 8121 8120 8127
f 8132 8130 8129
f 8144 8145 8146
f 8147 8148 8146
f 8149 8150 8148
f 8149 8151 8135
f 8101 8134 8133
f 8092 8091 8122
f 8152 8153 8125
f 8152 8154 8155
f 8141 8138 8137
f 8140 8156 8157
f 8105 8142 8103
f 8110 8158 8114
f 8098 8097 8116
f 8128 8127 8129
f 8146 8145 8147
f 8135 8150 8149
f 8101 8136 8099
f 8155 8153 8152
f 8159 8160 8155
f 8159 8161 8162
f 8161 8163 8139
f 8157 8141 8140
f 8164 8165 8157
f 8164 8166 8143
f 8114 8111 8110
f 8084 8126 8082
f 8148 8147 8149
f 8125 8124 8152
f 8162 8160 8159
f 8139 8163 8137
f 8143 8165 8164
f 8114 8158 8112
f 8135 8151 8133
f 8139 8162 8161
f 8143 8166 8142
f 8144 8167 8132
f 8155 8154 8159
f 8132 8131 8144
f 8157 8156 8164
f 8146 8167 8144
f 8168 8169 8170
f 8171 8168 8172
f 8173 8171 8174
f 8175 8173 8176
f 8177 8175 8178
f 8179 8177 8180
f 8179 8181 8182
f 8182 8183 8179
f 8184 8183 8185
f 8186 8184 8187
f 8188 8186 8189
f 8190 8188 8191
f 8192 8190 8193
f 8194 8192 8195
f 8196 8194 8197
f 8198 8196 8199
f 8200 8198 8201
f 8202 8200 8203
f 8204 8202 8205
f 8206 8204 8207
f 8208 8206 8209
f 8210 8208 8211
f 8212 8210 8213
f 8214 8212 8215
f 8212 8216 8215
f 8217 8214 8218
f 8219 8217 8220
f 8221 8219 8222
f 8223 8221 8224
f 8225 8223 8226
f 8227 8225 8228
f 8229 8227 8230
f 8231 8229 8232
f 8233 8231 8234
f 8235 8233 8236
f 8237 8235 8238
f 8239 8237 8240
f 8239 8241 8242
f 8242 8243 8239
f 8244 8243 8245
f 8246 8244 8247
f 8248 8246 8249
f 8250 8248 8251
f 8252 8250 8253
f 8254 8252 8255
f 8256 8254 8257
f 8258 8256 8259
f 8260 8258 8261
f 8262 8260 8263
f 8264 8262 8265
f 8266 8264 8267
f 8268 8266 8269
f 8270 8268 8271
f 8272 8270 8273
f 8274 8272 8275
f 8272 8276 8275
f 8277 8274 8278
f 8279 8277 8280
f 8281 8279 8282
f 8283 8281 8284
f 8285 8283 8286
f 8169 8285 8287
f 8287 8170 8169
f 8286 8287 8285
f 8284 8286 8283
f 8282 8284 8281
f 8280 8282 8279
f 8278 8280 8277
f 8275 8278 8274
f 8273 8276 8272
f 8271 8273 8270
f 8269 8271 8268
f 8267 8269 8266
f 8265 8267 8264
f 8263 8265 8262
f 8261 8263 8260
f 8259 8261 8258
f 8257 8259 8256
f 8255 8257 8254
f 8253 8255 8252
f 8251 8253 8250
f 8249 8251 8248
f 8247 8249 8246
f 8245 8247 8244
f 8242 8245 8243
f 8240 8241 8239
f 8238 8240 8237
f 8236 8238 8235
f 8234 8236 8233
f 8232 8234 8231
f 8230 8232 8229
f 8228 8230 8227
f 8226 8228 8225
f 8224 8226 8223
f 8222 8224 8221
f 8220 8222 8219
f 8218 8220 8217
f 8215 8218 8214
f 8213 8216 8212
f 8211 8213 8210
f 8209 8211 8208
f 8207 8209 8206
f 8205 8207 8204
f 8203 8205 8202
f 8201 8203 8200
f 8199 8201 8198
f 8197 8199 8196
f 8195 8197 8194
f 8193 8195 8192
f 8191 8193 8190
f 8189 8191 8188
f 8187 8189 8186
f 8185 8187 8184
f 8182 8185 8183
f 8180 8181 8179
f 8178 8180 8177
f 8176 8178 8175
f 8174 8176 8173
f 8172 8174 8171
f 8170 8172 8168
