v 0.0240839943 -0.0137924273 0.219570696
v 0.0240820218 -0.0136849964 0.219584063
v 0.026305059 -0.0132357553 0.216301322
v 0.0240762364 -0.0138985999 0.219550908
v 0.0263070296 -0.013343187 0.216287956
v 0.0240588374 -0.0140022673 0.219524935
v 0.0262992717 -0.0134493588 0.216268167
v 0.0240320023 -0.0141022149 0.219493091
v 0.0262818728 -0.0135530261 0.216242194
v 0.0239960477 -0.0141972713 0.219455734
v 0.0262550395 -0.0136529747 0.21621035
v 0.0239513926 -0.0142863225 0.21941331
v 0.026219083 -0.0137480311 0.216172993
v 0.0238985606 -0.0143683227 0.219366312
v 0.0261744279 -0.0138370814 0.21613057
v 0.0238381717 -0.0144423116 0.21931529
v 0.0261215959 -0.0139190815 0.216083571
v 0.0237709358 -0.0145074222 0.219260842
v 0.0260612089 -0.0139930714 0.21603255
v 0.0236976389 -0.0145628899 0.219203621
v 0.0259939712 -0.0140581811 0.215978101
v 0.0236191396 -0.0146080656 0.219144285
v 0.0259206742 -0.0141136497 0.21592088
v 0.0235363618 -0.0146424193 0.219083518
v 0.0258421768 -0.0141588245 0.215861544
v 0.0234502722 -0.0146655478 0.21902205
v 0.0257593971 -0.0141931782 0.215800777
v 0.0233618822 -0.01467718 0.218960613
v 0.0256733075 -0.0142163066 0.21573931
v 0.0232722275 -0.01467718 0.218899891
v 0.0255849175 -0.0142279388 0.215677872
v 0.0231823586 -0.0146655478 0.218840629
v 0.0254952628 -0.0142279388 0.21561715
v 0.0230933297 -0.0146424193 0.218783498
v 0.0254053958 -0.0142163066 0.215557888
v 0.0230061859 -0.0146080656 0.218729198
v 0.0253163669 -0.0141931782 0.215500757
v 0.0229219478 -0.0145628899 0.218678325
v 0.0252292231 -0.0141588245 0.215446457
v 0.0228416026 -0.0145074222 0.218631506
v 0.0251449831 -0.0141136497 0.215395585
v 0.0227660909 -0.0144423116 0.218589291
v 0.0250646379 -0.0140581811 0.215348765
v 0.0226963013 -0.0143683227 0.218552157
v 0.0249891281 -0.0139930714 0.21530655
v 0.0226330496 -0.0142863225 0.218520537
v 0.0249193367 -0.0139190815 0.215269402
v 0.022577079 -0.0141972713 0.218494818
v 0.0248560868 -0.0138370814 0.215237796
v 0.0225290451 -0.0141022149 0.218475297
v 0.0248001143 -0.0137480311 0.215212077
v 0.0224895086 -0.0140022673 0.218462214
v 0.0247520804 -0.0136529747 0.215192556
v 0.022458937 -0.0138985999 0.218455687
v 0.0247125458 -0.0135530261 0.215179473
v 0.022437688 -0.0137924273 0.218455836
v 0.0246819742 -0.0134493588 0.215172946
v 0.0224260073 -0.0136849964 0.218462631
v 0.0246607233 -0.013343187 0.215173095
v 0.0224240366 -0.0135775646 0.218475997
v 0.0246490445 -0.0132357553 0.215179875
v 0.0224317946 -0.0134713929 0.218495771
v 0.024647072 -0.0131283235 0.215193242
v 0.0224491935 -0.0133677246 0.218521744
v 0.0246548299 -0.0130221518 0.215213031
v 0.0224760268 -0.0132677769 0.218553588
v 0.0246722288 -0.0129184844 0.215239003
v 0.0225119833 -0.0131727206 0.218590945
v 0.024699064 -0.0128185358 0.215270847
v 0.0225566383 -0.0130836703 0.218633384
v 0.0247350186 -0.0127234794 0.215308204
v 0.0226094704 -0.0130016692 0.218680382
v 0.0247796737 -0.0126344291 0.215350628
v 0.0226698574 -0.0129276803 0.218731388
v 0.0248325057 -0.012552429 0.215397626
v 0.0227370951 -0.0128625697 0.218785837
v 0.0248928946 -0.0124784391 0.215448648
v 0.0228103921 -0.0128071019 0.218843058
v 0.0249601305 -0.0124133294 0.215503097
v 0.0228888895 -0.0127619263 0.218902409
v 0.0250334274 -0.0123578608 0.215560317
v 0.0229716692 -0.0127275726 0.218963161
v 0.0251119249 -0.0123126851 0.215619668
v 0.0230577588 -0.0127044441 0.219024628
v 0.0251947045 -0.0122783324 0.21568042
v 0.0231461488 -0.0126928119 0.219086081
v 0.0252807941 -0.0122552039 0.215741888
v 0.0232358035 -0.0126928119 0.219146788
v 0.0253691841 -0.0122435708 0.21580334
v 0.0233256705 -0.0127044441 0.21920605
v 0.0254588388 -0.0122435708 0.215864047
v 0.0234146994 -0.0127275726 0.219263181
v 0.0255487077 -0.0122552039 0.215923309
v 0.0235018432 -0.0127619263 0.219317496
v 0.0256377347 -0.0122783324 0.21598044
v 0.0235860832 -0.0128071019 0.219368353
v 0.0257248804 -0.0123126851 0.216034755
v 0.0236664284 -0.0128625697 0.219415173
v 0.0258091185 -0.0123578608 0.216085613
v 0.0237419382 -0.0129276803 0.219457403
v 0.0258894637 -0.0124133294 0.216132432
v 0.0238117296 -0.0130016692 0.219494537
v 0.0259649754 -0.0124784391 0.216174647
v 0.0238749795 -0.0130836703 0.219526142
v 0.0260347649 -0.012552429 0.216211796
v 0.023930952 -0.0131727206 0.219551861
v 0.0260980166 -0.0126344291 0.216243401
v 0.0239789858 -0.0132677769 0.219571382
v 0.0261539873 -0.0127234794 0.216269121
v 0.0240185205 -0.0133677246 0.21958448
v 0.0262020212 -0.0128185358 0.216288641
v 0.0240490921 -0.0134713929 0.219590992
v 0.0262415558 -0.0129184844 0.216301739
v 0.024070343 -0.0135775646 0.219590858
v 0.0262721293 -0.0130221518 0.216308251
v 0.0262933783 -0.0131283235 0.216308102
v 0.101295702 0.0104724029 0.270328581
v 0.101295702 0.0195998326 0.271577686
v 0.109990709 0.0188088547 0.277357578
v 0.109990709 0.00968142599 0.276108503
v 0.113745809 0.0184672568 0.279853761
v 0.0655556619 0.00908877142 0.245936483
v 0.0655556619 0.0137236454 0.246570766
v 0.0867920667 0.0117917871 0.260687441
v 0.0867920667 0.00715691317 0.260053158
v 0.101295702 0.00583752943 0.269694299
v 0.109990709 0.00504655205 0.275474221
v 0.113745809 0.00933982804 0.278604656
v 0.0655556619 0.00873665977 0.245888293
v 0.0867920667 0.00680480106 0.260004967
v 0.109990709 0.00469443994 0.27542603
v 0.113745809 0.0047049541 0.277970403
v 0.0655556619 0.006686165 0.245607689
v 0.0867920667 0.00475430628 0.259724379
v 0.101295702 0.00548541732 0.269646138
v 0.109990709 0.00264394516 0.275145441
v 0.113745809 0.00435284199 0.277922213
v 0.0655556619 0.00155453337 0.244905427
v 0.101295702 0.00343492255 0.269365519
v 0.0963455737 0.00366887404 0.266045362
v 0.0962040275 0.00368719525 0.265952021
v 0.101295702 -0.00169670873 0.268663257
v 0.0964026004 0.000561815337 0.265658766
v 0.0965418145 0.000580136431 0.265755564
v 0.0966774076 0.000616563892 0.265852362
v 0.0955340043 0.00350718852 0.265473634
v 0.095418565 0.00341982627 0.265383512
v 0.09592361 0.00366887404 0.265759617
v 0.0957880169 0.00363244675 0.265662789
v 0.0960628241 0.00368719525 0.265856385
v 0.0969314203 0.000741822063 0.266041517
v 0.0970468596 0.000829184311 0.266131639
v 0.0968077853 0.000670670532 0.265948057
v 0.0961198509 0.000580136431 0.265469819
v 0.096261397 0.000561815337 0.26556316
v 0.0867920667 -0.000377324992 0.259022117
v 0.0959796309 0.000616563892 0.265379846
v 0.0956576392 0.00357833994 0.265567094
v 0.0966230407 0.00357833994 0.266220868
v 0.0964857936 0.00363244675 0.266135335
v 0.0971111134 0.00320074474 0.266499698
v 0.097001195 0.00331727741 0.266441226
v 0.0974849612 0.00246093073 0.26665163
v 0.097436808 0.00262420741 0.266641378
v 0.0975399315 0.00195530057 0.266619653
v 0.0975368246 0.00212450535 0.266640723
v 0.0975277126 0.00178807974 0.266588509
v 0.0953126624 0.00331727741 0.265297771
v 0.0952175558 0.00320074474 0.265217423
v 0.0967557207 0.00350718852 0.266300976
v 0.0968822613 0.00341982627 0.266374707
v 0.0975184292 0.0022937099 0.266651422
v 0.0973745435 0.00278162537 0.266620755
v 0.0972988904 0.00293133943 0.266589999
v 0.0974580422 0.0014673851 0.266497433
v 0.0975003093 0.00162480306 0.26654759
v 0.0958423838 0.000670670532 0.265294313
v 0.0955831632 0.000829184311 0.265140444
v 0.0957097039 0.000741822063 0.265214205
v 0.0951343477 0.00307159382 0.265143394
v 0.0950640142 0.00293133943 0.265076578
v 0.0972107351 0.00307159382 0.266549498
v 0.0953543112 0.00104826584 0.265015453
v 0.0954642296 0.000931732997 0.265073955
v 0.094925493 0.0022937099 0.264895499
v 0.0949285999 0.00212450535 0.264874458
v 0.0950073823 0.00278162537 0.265017718
v 0.0949651152 0.00262420741 0.264967561
v 0.0973310843 0.00117741665 0.266371787
v 0.0974014103 0.00131767115 0.266438603
v 0.0971527621 0.000931732997 0.266217411
v 0.0972478688 0.00104826584 0.266297758
v 0.094937712 0.00246093073 0.264926672
v 0.095090881 0.0014673851 0.264894426
v 0.0951665416 0.00131767115 0.264925182
v 0.0949804634 0.00178807974 0.264863551
v 0.0950286165 0.00162480306 0.264873803
v 0.0952546895 0.00117741665 0.264965683
v 0.0949469954 0.00195530057 0.264863759
v 0.109990709 -0.00248768623 0.274443179
v 0.113745809 0.00230234722 0.277641594
v 0.0208915453 -0.00372037548 0.213937521
v 0.0208915453 0.00561759062 0.215215415
v 0.0300625581 0.00478331139 0.221311748
v 0.0410369486 -0.00555298617 0.227328971
v 0.0410369486 0.00378498016 0.228606865
v 0.0655556619 -0.00778343296 0.243627533
v 0.0867920667 -0.00971529074 0.257744223
v 0.101295702 -0.0110346749 0.267385364
v 0.011694747 -0.0107806874 0.206743345
v 0.011694747 -0.00288375048 0.207824036
v 0.0208915453 -0.0116173122 0.212856829
v 0.0300625581 -0.00455465494 0.220033854
v 0.0345504768 -0.00968733989 0.222370625
v 0.0344268419 -0.00975849107 0.222277164
v 0.0350968651 -0.00957848411 0.222755522
v 0.0349556617 -0.00957848411 0.222659901
v 0.0346808545 -0.00963323284 0.22246632
v 0.0348164439 -0.00959680509 0.222563118
v 0.0300625581 -0.0124515919 0.218953162
v 0.0350126922 -0.0126855429 0.22227332
v 0.0351542346 -0.0127038639 0.222366676
v 0.0352384076 -0.00959680509 0.222848862
v 0.0355158821 -0.00968733989 0.223024383
v 0.0353786275 -0.00963323284 0.222938836
v 0.0357751027 -0.00984585285 0.223178223
v 0.0356485583 -0.00975849107 0.223104492
v 0.036003951 -0.0100649344 0.223303229
v 0.0358940288 -0.00994840171 0.223244727
v 0.0410369486 -0.0134499231 0.226248279
v 0.0355702452 -0.0126491152 0.222655877
v 0.0357006229 -0.0125950091 0.222751573
v 0.0338579565 -0.0106414724 0.221771076
v 0.036103569 -0.0101940855 0.223353013
v 0.0359397009 -0.0124364952 0.22293517
v 0.0360455997 -0.0123339463 0.223020911
v 0.0354346558 -0.0126855429 0.22255908
v 0.0352954417 -0.0127038639 0.222462296
v 0.0339002199 -0.0104840538 0.221821249
v 0.0341103896 -0.0100649344 0.222020924
v 0.0340271816 -0.0101940855 0.22194691
v 0.0343113989 -0.00984585285 0.222187027
v 0.0342055038 -0.00994840171 0.222101286
v 0.0361917242 -0.0103343399 0.223393515
v 0.0363296457 -0.0106414724 0.223444879
v 0.0362673774 -0.0104840538 0.223424256
v 0.0358242579 -0.0125238579 0.222845033
v 0.0341475308 -0.0120882625 0.221769184
v 0.0342471525 -0.0122174136 0.221818969
v 0.0338305533 -0.0108047491 0.221730173
v 0.0339568518 -0.0103343399 0.221880078
v 0.0364112668 -0.0109719699 0.223454922
v 0.0362942517 -0.0119480081 0.223242119
v 0.0363508798 -0.0117982943 0.223300949
v 0.0347352214 -0.0125950091 0.222097814
v 0.0348724723 -0.0126491152 0.222183362
v 0.0343570709 -0.0123339463 0.221877456
v 0.0344760008 -0.0124364952 0.22194396
v 0.0340593755 -0.0119480081 0.221728683
v 0.0363777988 -0.0108047491 0.223455146
v 0.0364327691 -0.011310379 0.223423168
v 0.0364296623 -0.0111411745 0.223444223
v 0.0362239182 -0.0120882625 0.223175287
v 0.0346025452 -0.0125238579 0.222017705
v 0.0339837223 -0.0117982943 0.221697941
v 0.033839833 -0.011310379 0.221667275
v 0.0338733047 -0.0114775999 0.221667051
v 0.0363931432 -0.0116408765 0.223351121
v 0.0364205465 -0.0114775999 0.22339201
v 0.0361407101 -0.0122174136 0.223101273
v 0.0339214541 -0.0116408765 0.221677318
v 0.0338214375 -0.0111411745 0.221677974
v 0.0338183343 -0.0109719699 0.221699014
v 0.0655556619 -0.015680369 0.242546842
v 0.011694747 -0.0131832939 0.206414551
v 0.0300625581 -0.0148541983 0.218624368
v 0.0258421768 -0.0141588245 0.215861544
v 0.0259206742 -0.0141136497 0.21592088
v 0.0254952628 -0.0142279388 0.21561715
v 0.0255849175 -0.0142279388 0.215677872
v 0.0257593971 -0.0141931782 0.215800777
v 0.0256733075 -0.0142163066 0.21573931
v 0.0208915453 -0.0140199186 0.212528035
v 0.0254053958 -0.0142163066 0.215557888
v 0.0252292231 -0.0141588245 0.215446457
v 0.0253163669 -0.0141931782 0.215500757
v 0.0255487077 -0.0122552039 0.215923309
v 0.0254588388 -0.0122435708 0.215864047
v 0.0262415558 -0.0129184844 0.216301739
v 0.0262020212 -0.0128185358 0.216288641
v 0.0263070296 -0.013343187 0.216287956
v 0.024647072 -0.0131283235 0.215193242
v 0.0252807941 -0.0122552039 0.215741888
v 0.0251947045 -0.0122783324 0.21568042
v 0.0253691841 -0.0122435708 0.21580334
v 0.0261539873 -0.0127234794 0.216269121
v 0.0262933783 -0.0131283235 0.216308102
v 0.0262721293 -0.0130221518 0.216308251
v 0.026305059 -0.0132357553 0.216301322
v 0.0261744279 -0.0138370814 0.21613057
v 0.026219083 -0.0137480311 0.216172993
v 0.0260612089 -0.0139930714 0.21603255
v 0.0261215959 -0.0139190815 0.216083571
v 0.0259939712 -0.0140581811 0.215978101
v 0.0246548299 -0.0130221518 0.215213031
v 0.024699064 -0.0128185358 0.215270847
v 0.0246722288 -0.0129184844 0.215239003
v 0.0249601305 -0.0124133294 0.215503097
v 0.0248928946 -0.0124784391 0.215448648
v 0.0251119249 -0.0123126851 0.215619668
v 0.0250334274 -0.0123578608 0.215560317
v 0.0256377347 -0.0122783324 0.21598044
v 0.0260980166 -0.0126344291 0.216243401
v 0.0260347649 -0.012552429 0.216211796
v 0.0262992717 -0.0134493588 0.216268167
v 0.0262550395 -0.0136529747 0.21621035
v 0.0262818728 -0.0135530261 0.216242194
v 0.0251449831 -0.0141136497 0.215395585
v 0.0246819742 -0.0134493588 0.215172946
v 0.0247125458 -0.0135530261 0.215179473
v 0.0249891281 -0.0139930714 0.21530655
v 0.0250646379 -0.0140581811 0.215348765
v 0.0247520804 -0.0136529747 0.215192556
v 0.0248001143 -0.0137480311 0.215212077
v 0.0246607233 -0.013343187 0.215173095
v 0.0247350186 -0.0127234794 0.215308204
v 0.0248325057 -0.012552429 0.215397626
v 0.0247796737 -0.0126344291 0.215350628
v 0.0258091185 -0.0123578608 0.216085613
v 0.0257248804 -0.0123126851 0.216034755
v 0.0248560868 -0.0138370814 0.215237796
v 0.0249193367 -0.0139190815 0.215269402
v 0.0259649754 -0.0124784391 0.216174647
v 0.0258894637 -0.0124133294 0.216132432
v 0.0246490445 -0.0132357553 0.215179875
v 0.0410369486 -0.0158525296 0.225919485
v 0.0655556619 -0.0180829763 0.242218047
v 0.0867920667 -0.0176122282 0.256663531
v 0.0208915453 -0.0145742279 0.212452173
v 0.0300625581 -0.0154085066 0.218548506
v 0.0410369486 -0.0164068379 0.225843623
v 0.011694747 -0.0137376022 0.206338704
v 0.0102209933 -0.0196793918 0.204527557
v 0.00959741604 -0.0175958481 0.204390407
v 0.0110256905 -0.0216864347 0.204797834
v 0.00916236173 -0.0154605433 0.204388008
v 0.011694747 -0.0229931511 0.20507209
v 0.00894202758 -0.01348719 0.204508856
v 0.00892099552 -0.0132988244 0.204520389
v 0.00891335867 -0.0129302731 0.204565659
v 0.008876184 -0.0111363577 0.204785973
v 0.00991471298 -0.00489941146 0.206342787
v 0.0106381727 -0.00298621948 0.20709452
v 0.00902845711 -0.00899881497 0.205181614
v 0.00937600899 -0.00691157253 0.205702618
v 0.0089195054 -0.0105282255 0.204898536
v 0.0107335383 -0.00279631 0.20718509
v 0.0115378005 -0.00119471038 0.207948908
v 0.018239174 0.00525730243 0.213369951
v 0.0194437373 0.0057492964 0.214252993
v 0.0166558307 0.00435595121 0.212174386
v 0.0138208717 0.00193988183 0.209923938
v 0.0151772108 0.00324575091 0.21102114
v 0.011694747 -0.000951792405 0.208088428
v 0.0126029151 0.000453847373 0.208895788
v 0.0199084468 0.0059391032 0.214593664
v 0.02703817 0.0063498118 0.219478041
v 0.0234247223 0.00661438098 0.217067257
v 0.0252299793 0.00659984071 0.218287766
v 0.0208915453 0.00619638385 0.215294614
v 0.0216438305 0.00639326032 0.215830997
v 0.0288278256 0.00586726237 0.22062394
v 0.0300625581 0.00536674401 0.221391588
v 0.0305777006 0.00515792193 0.221711859
v 0.0339019075 0.00374894659 0.223770157
v 0.0335669927 0.00376622519 0.22354573
v 0.0348762907 0.003938457 0.224455938
v 0.0351799391 0.00407993235 0.22468093
v 0.034234006 0.0037721179 0.223998219
v 0.0345599055 0.00383550301 0.224227592
v 0.0332326666 0.00382377743 0.223327205
v 0.0325793587 0.00405695708 0.222916692
v 0.0329023339 0.00392101798 0.223116815
v 0.0314975604 0.00465277024 0.222265646
v 0.0322670229 0.00423021102 0.222728893
v 0.0354677625 0.0042584883 0.224900275
v 0.035505157 0.00428820262 0.224929661
v 0.0357368365 0.00447230833 0.225111753
v 0.0407498479 0.00894272886 0.229118273
v 0.0428363718 0.0108034145 0.230785877
v 0.0431946702 0.0111229317 0.231072247
v 0.0479109846 0.0153287668 0.234841645
v 0.0507080294 0.0178230666 0.237077117
v 0.0702700987 0.0220697727 0.250905484
v 0.076638326 0.0166681409 0.254478782
v 0.0765374675 0.016570475 0.254397094
v 0.0772519037 0.0169227775 0.254929125
v 0.0771193206 0.0169053301 0.254836947
v 0.0767482668 0.0167513434 0.254564613
v 0.0769901872 0.0168706365 0.254744768
v 0.0768660158 0.0168191064 0.254653633
v 0.0773863867 0.0169227775 0.255020201
v 0.0776547343 0.0168706365 0.255194783
v 0.07752119 0.0169053301 0.255109102
v 0.0867920667 0.0169053003 0.261387229
v 0.0777854472 0.0168191064 0.255276263
v 0.0780323222 0.0166681409 0.255422771
v 0.0779118091 0.0167513434 0.255352557
v 0.0781890899 0.0142008625 0.255191296
v 0.078289941 0.0142985284 0.255272955
v 0.0775755048 0.0139462259 0.254740924
v 0.0777080879 0.0139636742 0.254833102
v 0.0655556619 0.02104632 0.247572869
v 0.0762467235 0.01606033 0.254130393
v 0.0762064755 0.0159104094 0.25408262
v 0.0783805251 0.0144095123 0.255349487
v 0.0784597695 0.014532513 0.25541997
v 0.0780791417 0.0141176609 0.255105436
v 0.0778372213 0.0139983669 0.254925281
v 0.0771726817 0.0139983669 0.254475266
v 0.0773062184 0.0139636742 0.254560947
v 0.0767950863 0.0142008625 0.254247278
v 0.0769156069 0.0141176609 0.254317522
v 0.0763006583 0.0162029155 0.254186451
v 0.0764468834 0.0164594911 0.254320592
v 0.076367639 0.0163364913 0.254250079
v 0.0781455934 0.016570475 0.255486101
v 0.0779613927 0.014049897 0.255016446
v 0.0770419613 0.014049897 0.254393816
v 0.0763982981 0.0146660879 0.254042238
v 0.0764822587 0.014532513 0.254080832
v 0.0784291103 0.0162029155 0.255627811
v 0.0783451498 0.0163364913 0.255589217
v 0.0786063224 0.0157549065 0.255686492
v 0.0785604641 0.0159104094 0.255676717
v 0.0786557198 0.0154345017 0.255676091
v 0.078638196 0.0155956494 0.255686283
v 0.0786586776 0.0152733549 0.255656064
v 0.078580685 0.0148086734 0.255539656
v 0.0786209404 0.0149585949 0.255587429
v 0.0774410218 0.0139462259 0.254649848
v 0.0766818225 0.0142985284 0.254183948
v 0.0765771344 0.0144095123 0.254128247
v 0.0782502741 0.0164594911 0.255541801
v 0.0786470324 0.0151140969 0.25562638
v 0.0785267502 0.0146660879 0.255483627
v 0.0761803761 0.0157549065 0.254043669
v 0.0761687383 0.0155956494 0.254013985
v 0.0785011575 0.01606033 0.255657077
v 0.0762669444 0.0149585949 0.253993332
v 0.076326251 0.0148086734 0.254012972
v 0.0761716962 0.0154345017 0.253993958
v 0.0761892125 0.0152733549 0.253983766
v 0.0762210861 0.0151140969 0.253983557
v 0.0893398225 0.0161089171 0.263003558
v 0.0896719545 0.0160256103 0.263217062
v 0.0937663019 0.0188754592 0.266379714
v 0.095001623 0.0201723985 0.267393738
v 0.090341188 0.0159792639 0.263663918
v 0.0906714797 0.0160166975 0.26389271
v 0.0900068805 0.015982246 0.263437957
v 0.0926022232 0.017328307 0.265379697
v 0.0913066342 0.016210869 0.264349401
v 0.0916050375 0.0163656343 0.26457265
v 0.0909943879 0.0160941612 0.264121979
v 0.092387706 0.0170406792 0.265195042
v 0.0918865576 0.0165568795 0.264789492
v 0.0921483412 0.0167826619 0.264997661
v 0.0980578735 0.0224099606 0.269769609
v 0.0996982083 0.0231724996 0.270984769
v 0.0950742066 0.0202486087 0.267453343
v 0.0965104178 0.0214314573 0.268587798
v 0.10497763 0.0240872484 0.274685144
v 0.101295702 0.0236735642 0.272135168
v 0.101411954 0.0237100236 0.272218883
v 0.106787242 0.0239224695 0.275888026
v 0.103178747 0.0240161512 0.273457229
v 0.108586095 0.0235237721 0.277051628
v 0.112066492 0.0220462754 0.279206336
v 0.113706715 0.0209850166 0.280171841
v 0.109990709 0.023024587 0.277934521
v 0.110352844 0.0228958894 0.278162122
v 0.115254037 0.0197247118 0.281047195
v 0.116690077 0.0182803236 0.281821996
v 0.113745809 0.0209531784 0.280193955
v 0.119161673 0.0149098719 0.283034503
v 0.120167881 0.0130238216 0.283457786
v 0.121004477 0.0110332416 0.283751905
v 0.116760977 0.0181929693 0.281858057
v 0.121661529 0.00896176416 0.283913374
v 0.117997803 0.0166689996 0.282487065
v 0.122436345 0.00391438277 0.283747345
v 0.115558393 0.00475097727 0.27920416
v 0.121738575 0.0086127324 0.283917785
v 0.11578279 0.00782160833 0.279776335
v 0.122131236 0.00683398079 0.283940256
v 0.122408018 0.00467515411 0.283832252
v 0.116836928 0.00614446262 0.280260652
v 0.115974404 0.004805726 0.279493362
v 0.116104782 0.00485983258 0.279589057
v 0.115699604 0.00475097727 0.279299766
v 0.11564257 0.00785803609 0.279686362
v 0.116824709 0.00597724179 0.280229509
v 0.116797306 0.00581396511 0.28018859
v 0.116698414 0.00550683308 0.280079603
v 0.116755038 0.00565654691 0.280138433
v 0.116544873 0.00523742801 0.279938757
v 0.116628081 0.0053665787 0.280012786
v 0.116343863 0.00501834648 0.279772639
v 0.116449758 0.00512089487 0.27985841
v 0.115838818 0.00476929825 0.279396564
v 0.115416855 0.00476929825 0.279110819
v 0.115220606 0.00785803609 0.279400617
v 0.115085013 0.00782160833 0.279303789
v 0.115501024 0.00787635706 0.279593021
v 0.116228417 0.00493098423 0.279682517
v 0.114880159 0.00501834648 0.278781444
v 0.115006708 0.00493098423 0.278855175
v 0.114651315 0.00523742801 0.278656453
v 0.114761233 0.00512089487 0.278714955
v 0.114954636 0.00776750175 0.279208094
v 0.11535982 0.00787635706 0.279497385
v 0.116595887 0.00712050125 0.280230999
v 0.116507731 0.00726075564 0.280190498
v 0.11513938 0.00485983258 0.278935283
v 0.115276635 0.004805726 0.279020846
v 0.11667154 0.00697078742 0.280261755
v 0.116815425 0.00648287171 0.280292422
v 0.116781957 0.00665009255 0.28029263
v 0.115920044 0.00776750175 0.279861867
v 0.116179265 0.00760898832 0.280015707
v 0.116052717 0.00769635057 0.279941976
v 0.116733804 0.00681336923 0.280282378
v 0.114431344 0.00726075564 0.278784394
v 0.11436101 0.00712050125 0.278717577
v 0.114609666 0.00750643946 0.27893877
v 0.114514552 0.00738990679 0.278858423
v 0.114831001 0.00769635057 0.279114634
v 0.114715561 0.00760898832 0.279024512
v 0.116833821 0.00631366717 0.280281723
v 0.114463538 0.00550683308 0.278566152
v 0.114551693 0.0053665787 0.278606653
v 0.114325613 0.00581396511 0.278514802
v 0.114387885 0.00565654691 0.278535426
v 0.114243992 0.00614446262 0.278504759
v 0.114277467 0.00597724179 0.278504521
v 0.114234716 0.00665009255 0.278567672
v 0.114222497 0.00648287171 0.278536499
v 0.11640811 0.00738990679 0.280140698
v 0.116298191 0.00750643946 0.280082226
v 0.114225596 0.00631366717 0.278515458
v 0.114304379 0.00697078742 0.278658718
v 0.114262119 0.00681336923 0.278608561
v 0.122488603 0.00251091248 0.283590645
v 0.122434281 0.00151196413 0.283417165
v 0.122449502 0.00356107438 0.283707887
v 0.122059651 -0.00173127861 0.282719642
v 0.12160854 -0.00354455039 0.282166004
v 0.122372016 0.00036695064 0.283218294
v 0.113745809 -0.0121672507 0.275661439
v 0.11601235 -0.0123734362 0.277168095
v 0.114978999 -0.0131863561 0.276357085
v 0.113745809 -0.0139268124 0.275420636
v 0.113413289 -0.0141264675 0.275168151
v 0.109990709 -0.0118256528 0.273165286
v 0.111758165 -0.014848779 0.273948461
v 0.110033266 -0.0153447166 0.272712499
v 0.109990709 -0.0153539544 0.272682428
v 0.101295702 -0.0172415432 0.266535968
v 0.0958095044 -0.0184325371 0.262657762
v 0.0880102962 -0.0201256555 0.257144541
v 0.0867920667 -0.0200148355 0.256334722
v 0.0862109289 -0.0205162782 0.255872577
v 0.0867920667 -0.0203901194 0.256283373
v 0.0529222339 -0.0181548484 0.233652994
v 0.0528213792 -0.0182525143 0.233571336
v 0.052730795 -0.0183634982 0.233494803
v 0.0526515506 -0.0184864979 0.233424306
v 0.0530321784 -0.0180716459 0.23373884
v 0.0655556619 -0.0250003058 0.241271421
v 0.0545738488 -0.0205244608 0.234447166
v 0.054664433 -0.020413477 0.234523699
v 0.0532740951 -0.0179523528 0.23391898
v 0.0531499274 -0.0180038828 0.233827844
v 0.0536702946 -0.0179002117 0.234194428
v 0.0535358153 -0.0179002117 0.234103352
v 0.0655556619 -0.0186372846 0.242142186
v 0.0545341857 -0.0183634982 0.234716043
v 0.0544295013 -0.0182525143 0.234660327
v 0.0544729941 -0.0206221268 0.234365508
v 0.0542453006 -0.0207730923 0.234190658
v 0.0543630496 -0.0207053293 0.234279662
v 0.0539919995 -0.020859316 0.234007329
v 0.0541211329 -0.0208246224 0.234099522
v 0.0410369486 -0.0303230435 0.22393921
v 0.0538594164 -0.0208767634 0.23391515
v 0.0534032285 -0.017917661 0.234011173
v 0.0538050979 -0.017917661 0.234283328
v 0.0543162338 -0.0181548484 0.234596997
v 0.0535901301 -0.020859316 0.233735189
v 0.0537249334 -0.0208767634 0.233824089
v 0.0533258729 -0.0207730923 0.233568028
v 0.0534565859 -0.0208246224 0.233649492
v 0.0525306314 -0.0187626593 0.233304635
v 0.0524903797 -0.0189125817 0.233256862
v 0.0539386421 -0.0179523528 0.23436901
v 0.054195717 -0.0180716459 0.234526768
v 0.0540693589 -0.0180038828 0.234450474
v 0.0546290614 -0.0184864979 0.234763458
v 0.0530789942 -0.0206221268 0.233421504
v 0.053199511 -0.0207053293 0.233491734
v 0.0528610423 -0.020413477 0.233302474
v 0.0529657304 -0.0205244608 0.233358175
v 0.0526822098 -0.0201569013 0.233216479
v 0.0527661666 -0.0202904772 0.233255044
v 0.0525845662 -0.0186200738 0.233360663
v 0.0547436811 -0.0202904772 0.234594196
v 0.0548106618 -0.0201569013 0.234657839
v 0.0526101589 -0.0200143158 0.233187199
v 0.052464284 -0.0190680828 0.233217895
v 0.0525049977 -0.0197088923 0.233157784
v 0.052550856 -0.0198643953 0.233167559
v 0.0524731241 -0.0195496343 0.233157992
v 0.0549221076 -0.0192273408 0.234860525
v 0.0548902303 -0.0190680828 0.234860733
v 0.0524526462 -0.0192273408 0.233188227
v 0.0547850691 -0.0187626593 0.234831303
v 0.0547130182 -0.0186200738 0.234802023
v 0.054844372 -0.0189125817 0.234850958
v 0.0549425818 -0.0195496343 0.234830275
v 0.0549396239 -0.0193884876 0.234850332
v 0.054930944 -0.0197088923 0.234800607
v 0.0548645966 -0.0200143158 0.234713882
v 0.0549048483 -0.0198643953 0.234761655
v 0.0524556041 -0.0193884876 0.23316817
v 0.026052488 -0.033091519 0.21341303
v 0.0242432337 -0.0328840725 0.212216213
v 0.027854912 -0.0330632329 0.214637488
v 0.0296291038 -0.0327995569 0.21587503
v 0.0224486273 -0.0324433632 0.211061239
v 0.0300625581 -0.0327054597 0.216181442
v 0.0155194467 -0.0137859676 0.208922118
v 0.0153838564 -0.0138223944 0.20882532
v 0.015799867 -0.0137676466 0.209114537
v 0.0156586617 -0.0137676466 0.209018901
v 0.0159414113 -0.0137859676 0.209207878
v 0.0160816293 -0.0138223944 0.209297851
v 0.0150144016 -0.0140350154 0.208546028
v 0.015010084 -0.0140391961 0.208542541
v 0.0164781027 -0.0140350154 0.209537238
v 0.0163515583 -0.0139476527 0.209463492
v 0.0151298447 -0.0139476527 0.208636165
v 0.0152534796 -0.0138765015 0.208729625
v 0.0162188821 -0.0138765015 0.209383383
v 0.0165970325 -0.0141375642 0.209603742
v 0.016644489 -0.0141878761 0.209628984
v 0.0162732471 -0.0168382768 0.209014878
v 0.0206899755 -0.0317746215 0.209961817
v 0.0189881548 -0.030885784 0.208930999
v 0.0161376577 -0.0168747045 0.20891808
v 0.0173633695 -0.0297874063 0.20798102
v 0.0159984417 -0.0168930255 0.208821297
v 0.0158349127 -0.0284925271 0.207123175
v 0.0158572365 -0.0168930255 0.208725676
v 0.0144209247 -0.0270165186 0.206367627
v 0.0155754741 -0.0168382768 0.208542362
v 0.0131381964 -0.0253769048 0.20572336
v 0.0145213343 -0.0151611315 0.208058029
v 0.0145244403 -0.0153303361 0.208036974
v 0.0157156941 -0.0168747045 0.208632335
v 0.0154382214 -0.0167841706 0.208456814
v 0.0120019559 -0.0235931519 0.20519802
v 0.0153055452 -0.0167130195 0.208376706
v 0.0145763047 -0.0156667624 0.208026052
v 0.0145335542 -0.0149939107 0.208089188
v 0.0164036248 -0.0167841706 0.209110573
v 0.0208915453 -0.0318512693 0.210087821
v 0.0150600718 -0.0165231079 0.208236471
v 0.0151790008 -0.0166256577 0.208302975
v 0.0146244559 -0.0158300381 0.208036318
v 0.0145609574 -0.014830634 0.208130091
v 0.0146598518 -0.0145235024 0.208239079
v 0.0146032218 -0.0146732163 0.208180249
v 0.0149501525 -0.0164065752 0.208177984
v 0.0146867232 -0.0159874558 0.208056942
v 0.0145428358 -0.0154995406 0.208026275
v 0.0147301834 -0.0143832471 0.20830591
v 0.0170538817 -0.0159874558 0.209659949
v 0.0170961469 -0.0158300381 0.209710121
v 0.0169972517 -0.0161371697 0.209601119
v 0.0165272597 -0.0167130195 0.209204033
v 0.0148133924 -0.0142540969 0.208379924
v 0.0170326475 -0.014830634 0.209803879
v 0.0169703811 -0.0146732163 0.209783256
v 0.0171235483 -0.0156667624 0.209751025
v 0.0171357691 -0.0154995406 0.209782183
v 0.0168437101 -0.0164065752 0.209460273
v 0.01692692 -0.016277425 0.209534302
v 0.0166427027 -0.0166256577 0.20929417
v 0.0167485997 -0.0165231079 0.209379911
v 0.0149085037 -0.0141375642 0.208460286
v 0.0168065708 -0.0143832471 0.209712014
v 0.016706951 -0.0142540969 0.209662229
v 0.0168947261 -0.0145235024 0.209752515
v 0.0171142686 -0.0151611315 0.209813923
v 0.0170807987 -0.0149939107 0.209814146
v 0.0171326641 -0.0153303361 0.209803239
v 0.0147623774 -0.0161371697 0.208087683
v 0.0148505317 -0.016277425 0.208128184
v 0.114809804 -0.00765645271 0.276999265
v 0.114938937 -0.00762176001 0.277091473
v 0.116436698 -0.0120396083 0.277501136
v 0.11454273 -0.00767390151 0.27681601
v 0.114407934 -0.00765645271 0.27672711
v 0.115757428 -0.00618562521 0.277842253
v 0.120864704 -0.00569173694 0.281368434
v 0.119996302 -0.0075069475 0.280531973
v 0.115722649 -0.00666153198 0.277753592
v 0.115748748 -0.00650603045 0.277792543
v 0.118960328 -0.00918294676 0.279601067
v 0.117769077 -0.0106998365 0.278586775
v 0.115482233 -0.00721061509 0.27751565
v 0.114677213 -0.00767390151 0.276907086
v 0.11427439 -0.00762176001 0.276641428
v 0.115662172 -0.00570971845 0.277842879
v 0.115602873 -0.00555979647 0.27782324
v 0.121555217 -0.00375886518 0.282100558
v 0.115708031 -0.00586521998 0.277852654
v 0.115760386 -0.00634677242 0.277822226
v 0.115682393 -0.00681145396 0.277705818
v 0.115561478 -0.00708761439 0.277586132
v 0.115628466 -0.00695403852 0.27764979
v 0.115391649 -0.00732159894 0.277439117
v 0.11518085 -0.00750246644 0.277271599
v 0.114017315 -0.00750246644 0.276483685
v 0.11414367 -0.00757022947 0.276559979
v 0.113745809 -0.00282928417 0.276939332
v 0.114353612 -0.00469734892 0.277095288
v 0.114221029 -0.00471479772 0.277003109
v 0.114756443 -0.00474949041 0.277360946
v 0.114622898 -0.00471479772 0.277275264
v 0.115530819 -0.00541721191 0.277793974
v 0.115446866 -0.00528363604 0.27775538
v 0.115739904 -0.006024478 0.277852446
v 0.115290798 -0.00741926441 0.277357459
v 0.113783531 -0.00732159894 0.276350111
v 0.113896795 -0.00741926441 0.276413441
v 0.114091896 -0.00474949041 0.276910931
v 0.114488095 -0.00469734892 0.277186364
v 0.115013517 -0.00486878399 0.277518719
v 0.114887156 -0.00480102049 0.277442425
v 0.115247302 -0.00504965149 0.277652264
v 0.115134038 -0.00495198602 0.277588934
v 0.115351982 -0.00516063534 0.277707964
v 0.115063101 -0.00757022947 0.277182609
v 0.113967724 -0.00480102049 0.276819795
v 0.113849983 -0.00486878399 0.276730776
v 0.113745809 -0.00728160609 0.276330024
v 0.113678843 -0.00721061509 0.27629441
v 0.113500014 -0.00695403852 0.276208401
v 0.113583967 -0.00708761439 0.276246995
v 0.113322802 -0.00650603045 0.27614972
v 0.11336866 -0.00666153198 0.276159495
v 0.113348432 -0.00555979647 0.276296556
v 0.113308184 -0.00570971845 0.276248783
v 0.113469347 -0.00528363604 0.276416242
v 0.113402367 -0.00541721191 0.276352614
v 0.113427959 -0.00681145396 0.276179135
v 0.113273405 -0.00618562521 0.276160121
v 0.113282084 -0.00586521998 0.276209831
v 0.113270447 -0.006024478 0.276180178
v 0.113639176 -0.00504965149 0.276563257
v 0.113548599 -0.00516063534 0.276486754
v 0.113290921 -0.00634677242 0.276149929
v 0.113740034 -0.00495198602 0.276644945
v 0.113745809 -0.00494761765 0.276649445
v 0.0474337563 0.00742268981 0.233436525
v 0.0475515015 0.00749045284 0.233525544
v 0.0470478684 0.00731901824 0.233161017
v 0.0476614498 0.00757365534 0.233611375
v 0.0471804552 0.00733646657 0.233253196
v 0.0473095886 0.00737115927 0.233345389
v 0.0469133854 0.00731901824 0.233069956
v 0.0466450416 0.00737115927 0.232895374
v 0.046778582 0.00733646657 0.232981056
v 0.0462674461 0.00757365534 0.232667372
v 0.0463879667 0.00749045284 0.232737601
v 0.0465143248 0.00742268981 0.232813895
v 0.046049498 0.00778230419 0.232548341
v 0.0461541824 0.00767132035 0.232604042
v 0.0477623045 0.00767132035 0.233693048
v 0.047852885 0.00778230419 0.233769566
v 0.0410369486 0.00891661178 0.229309127
v 0.0456922017 0.0084931273 0.232403651
v 0.0456934497 0.0084868893 0.232403651
v 0.0458706655 0.0080388803 0.232462347
v 0.0459546186 0.00790530536 0.232500926
v 0.045739308 0.0083313873 0.232413426
v 0.0457986109 0.00818146579 0.232433066
v 0.0480530486 0.00818146579 0.233959749
v 0.0480784439 0.00827605277 0.233989879
v 0.0479321331 0.00790530536 0.233840063
v 0.0479991175 0.0080388803 0.233903706
v 0.0459192507 0.00983228441 0.23274067
v 0.0458400026 0.00970928371 0.232670173
v 0.045652736 0.00912769977 0.232463777
v 0.0410369486 0.00919875503 0.229347736
v 0.0457730182 0.00957570784 0.23260653
v 0.0463383794 0.0101918988 0.233073711
v 0.0462206304 0.0101241348 0.232984707
v 0.0469935536 0.0102781216 0.233529195
v 0.0468587503 0.0102955699 0.233440295
v 0.0456788354 0.00928320084 0.232502729
v 0.0460098311 0.00994326733 0.232817203
v 0.0461106859 0.0100409333 0.232898861
v 0.047384169 0.0101241348 0.233772635
v 0.0472578108 0.0101918988 0.233696342
v 0.0456410982 0.00896844175 0.232434094
v 0.0456440561 0.00880729407 0.232414052
v 0.0457190871 0.00943312328 0.232550502
v 0.0467242673 0.0102955699 0.233349219
v 0.0471270941 0.0102434289 0.233614877
v 0.0465916805 0.0102781216 0.233257055
v 0.046462547 0.0102434289 0.233164847
v 0.0478175133 0.00970928371 0.234009326
v 0.0477226377 0.00983228441 0.23396191
v 0.0479735248 0.00943312328 0.234077185
v 0.0479014702 0.00957570784 0.234047905
v 0.0481280796 0.00880729407 0.234096199
v 0.0481105596 0.00896844175 0.234106392
v 0.0481310375 0.00864614639 0.234076142
v 0.0480933003 0.0083313873 0.234007522
v 0.0476179533 0.00994326733 0.233906209
v 0.0475046858 0.0100409333 0.233842865
v 0.0481193997 0.0084868893 0.234046474
v 0.0456615761 0.00864614639 0.232403859
v 0.0480786823 0.00912769977 0.2341066
v 0.0480328277 0.00928320084 0.234096825
v 0.105952866 0.00519963773 0.272760808
v 0.105862997 0.00521127041 0.272701532
v 0.106129043 0.00514215603 0.272872239
v 0.106041893 0.00517650926 0.27281791
v 0.105773345 0.00521127041 0.272640824
v 0.105684951 0.00519963773 0.272579372
v 0.105598867 0.00517650926 0.27251789
v 0.105516084 0.00514215603 0.272457153
v 0.105455071 0.00510704331 0.272411019
v 0.106293626 0.0050415122 0.272969902
v 0.106213279 0.00509698037 0.272923082
v 0.106307566 0.00502949255 0.27297771
v 0.106697537 0.00432651769 0.273145586
v 0.106676288 0.00443268986 0.273145735
v 0.10670922 0.00421908638 0.273138791
v 0.10670343 0.00400548289 0.273105651
v 0.106711194 0.00411165459 0.27312544
v 0.106686033 0.00390181504 0.273079693
v 0.106623247 0.00370681053 0.273010463
v 0.106659196 0.00380186713 0.273047835
v 0.106606185 0.00463630538 0.273126125
v 0.106558144 0.00473136175 0.273106605
v 0.106578588 0.00361776003 0.272968054
v 0.105809554 0.00323853455 0.272395372
v 0.105899423 0.0032269021 0.272454649
v 0.106502175 0.00482041249 0.273080885
v 0.106438927 0.00490241265 0.273049265
v 0.106525756 0.00353575964 0.272921056
v 0.10607747 0.00323853455 0.272576809
v 0.106163561 0.00326166302 0.272638261
v 0.105989076 0.0032269021 0.272515357
v 0.105393291 0.00346177048 0.27214402
v 0.105468802 0.00339666032 0.272186249
v 0.106369138 0.00497640204 0.273012131
v 0.106645718 0.00453635724 0.273139209
v 0.106246337 0.00329601648 0.272699028
v 0.106324837 0.00334119215 0.272758365
v 0.105633385 0.00329601648 0.272283942
v 0.105720527 0.00326166302 0.272338241
v 0.105549142 0.00334119215 0.272233069
v 0.106398135 0.00339666032 0.272815585
v 0.106465369 0.00346177048 0.272870034
v 0.105260246 0.00361776003 0.272075295
v 0.105323501 0.00353575964 0.272106886
v 0.105139181 0.00473136175 0.272145689
v 0.105103225 0.00463630538 0.272108346
v 0.105236664 0.00490241265 0.272235125
v 0.105183832 0.00482041249 0.272188127
v 0.105364293 0.0050415122 0.272340566
v 0.105297051 0.00497640204 0.272286147
v 0.105204277 0.00370681053 0.272049576
v 0.105116703 0.00390181504 0.272016943
v 0.105156243 0.00380186713 0.272030056
v 0.105076388 0.00453635724 0.272076488
v 0.105437592 0.00509698037 0.272397816
v 0.105051234 0.00432651769 0.272030741
v 0.105053201 0.00421908638 0.27201736
v 0.10505899 0.00443268986 0.27205053
v 0.105064884 0.00411165459 0.272010565
v 0.105086133 0.00400548289 0.272010446
v 0.0186685082 -0.0150234681 0.215734914
v 0.0278395209 -0.0158577487 0.221831262
v 0.0278395209 -0.0153034395 0.221907109
v 0.0388139151 -0.0168560799 0.229126364
v 0.0388139151 -0.0163017698 0.229202226
v 0.0633326247 -0.0190865248 0.245424926
v 0.0633326247 -0.0185322165 0.245500788
v 0.00947171077 -0.013632535 0.209697291
v 0.0186685082 -0.0144691598 0.215810776
v 0.0186685082 -0.0120665533 0.21613957
v 0.0278395209 -0.0129008321 0.222235903
v 0.0232358035 -0.0126928119 0.219146788
v 0.0230577588 -0.0127044441 0.219024628
v 0.0231461488 -0.0126928119 0.219086081
v 0.0234146994 -0.0127275726 0.219263181
v 0.0235018432 -0.0127619263 0.219317496
v 0.0233256705 -0.0127044441 0.21920605
v 0.0229219478 -0.0145628899 0.218678325
v 0.0228416026 -0.0145074222 0.218631506
v 0.0232722275 -0.01467718 0.218899891
v 0.0235363618 -0.0146424193 0.219083518
v 0.0234502722 -0.0146655478 0.21902205
v 0.0228888895 -0.0127619263 0.218902409
v 0.0229716692 -0.0127275726 0.218963161
v 0.022577079 -0.0141972713 0.218494818
v 0.0225290451 -0.0141022149 0.218475297
v 0.0227660909 -0.0144423116 0.218589291
v 0.0230933297 -0.0146424193 0.218783498
v 0.0230061859 -0.0146080656 0.218729198
v 0.0231823586 -0.0146655478 0.218840629
v 0.0233618822 -0.01467718 0.218960613
v 0.0236976389 -0.0145628899 0.219203621
v 0.0236191396 -0.0146080656 0.219144285
v 0.0235860832 -0.0128071019 0.219368353
v 0.0236664284 -0.0128625697 0.219415173
v 0.0224895086 -0.0140022673 0.218462214
v 0.0226963013 -0.0143683227 0.218552157
v 0.0226330496 -0.0142863225 0.218520537
v 0.0237709358 -0.0145074222 0.219260842
v 0.0238985606 -0.0143683227 0.219366312
v 0.0238381717 -0.0144423116 0.21931529
v 0.0239960477 -0.0141972713 0.219455734
v 0.0239513926 -0.0142863225 0.21941331
v 0.0237419382 -0.0129276803 0.219457403
v 0.0238117296 -0.0130016692 0.219494537
v 0.022458937 -0.0138985999 0.218455687
v 0.022437688 -0.0137924273 0.218455836
v 0.0240320023 -0.0141022149 0.219493091
v 0.0240762364 -0.0138985999 0.219550908
v 0.0240588374 -0.0140022673 0.219524935
v 0.0240820218 -0.0136849964 0.219584063
v 0.0240839943 -0.0137924273 0.219570696
v 0.0227370951 -0.0128625697 0.218785837
v 0.0228103921 -0.0128071019 0.218843058
v 0.0224491935 -0.0133677246 0.218521744
v 0.0224760268 -0.0132677769 0.218553588
v 0.0239789858 -0.0132677769 0.219571382
v 0.0240185205 -0.0133677246 0.21958448
v 0.0226094704 -0.0130016692 0.218680382
v 0.0226698574 -0.0129276803 0.218731388
v 0.0225119833 -0.0131727206 0.218590945
v 0.0225566383 -0.0130836703 0.218633384
v 0.0224317946 -0.0134713929 0.218495771
v 0.0224260073 -0.0136849964 0.218462631
v 0.0224240366 -0.0135775646 0.218475997
v 0.023930952 -0.0131727206 0.219551861
v 0.0240490921 -0.0134713929 0.219590992
v 0.024070343 -0.0135775646 0.219590858
v 0.0238749795 -0.0130836703 0.219526142
v 0.0388139151 -0.0138991633 0.22953102
v 0.0633326247 -0.0161296111 0.245829582
v 0.0845690295 -0.0204640757 0.259617478
v 0.0845690295 -0.0180614684 0.259946257
v 0.00947171077 -0.0112299277 0.2100261
v 0.0186685082 -0.00416961638 0.217220262
v 0.0278395209 -0.00500389561 0.223316595
v 0.0328738317 -0.0100277252 0.226038262
v 0.0330153741 -0.0100460462 0.226131618
v 0.0327326246 -0.0100277252 0.225942641
v 0.0388139151 -0.00600222684 0.230611712
v 0.0329311974 -0.013153105 0.225649416
v 0.0332116187 -0.0131347841 0.22584182
v 0.0330724046 -0.013153105 0.225745037
v 0.033155594 -0.010082474 0.226221576
v 0.0332928449 -0.0101365801 0.226307124
v 0.0325934105 -0.0100460462 0.225845858
v 0.0322038084 -0.0102077322 0.225559905
v 0.0323274434 -0.0101365801 0.225653365
v 0.0316075161 -0.0112539893 0.225012928
v 0.0316349193 -0.0110907126 0.225053817
v 0.0334775858 -0.0130442502 0.226034313
v 0.0333472081 -0.0130983563 0.225938618
v 0.0324578173 -0.010082474 0.225749061
v 0.0326494351 -0.0130983563 0.225466102
v 0.0325121842 -0.0130442502 0.225380555
v 0.0337166637 -0.0128857363 0.226217911
v 0.0336012207 -0.0129730981 0.226127774
v 0.0318873562 -0.0105141755 0.225303665
v 0.0319824666 -0.0103976429 0.225384027
v 0.0316771828 -0.0109332949 0.225103989
v 0.0317338146 -0.0107835811 0.225162819
v 0.0315952972 -0.0114212101 0.224981755
v 0.0316167995 -0.0117596202 0.224950016
v 0.031598404 -0.0115904147 0.224960715
v 0.0316984169 -0.0120901177 0.224960059
v 0.0316502675 -0.011926841 0.224949792
v 0.0320241153 -0.0126666548 0.225101709
v 0.0319244936 -0.0125375036 0.225051925
v 0.032789655 -0.0131347841 0.225556061
v 0.0339176729 -0.0126666548 0.226384014
v 0.0338225625 -0.0127831874 0.226303652
v 0.0340712145 -0.0123972492 0.22652486
v 0.034000881 -0.0125375036 0.226458028
v 0.0320883654 -0.010295094 0.225469768
v 0.0318041444 -0.0106433267 0.225229651
v 0.0321340337 -0.0127831874 0.225160196
v 0.032379508 -0.0129730981 0.225300446
v 0.0322529636 -0.0128857363 0.2252267
v 0.0342066251 -0.0115904147 0.226726964
v 0.034209732 -0.0117596202 0.226705924
v 0.0341547616 -0.0112539893 0.226737887
v 0.0341882296 -0.0114212101 0.226737663
v 0.0341701098 -0.0120901177 0.226633862
v 0.0341278464 -0.0122475354 0.226583689
v 0.034197513 -0.011926841 0.22667475
v 0.0334255211 -0.0102077322 0.226387233
v 0.0335520655 -0.010295094 0.226460978
v 0.0341066122 -0.0110907126 0.22672762
v 0.0336709954 -0.0103976429 0.226527482
v 0.0337809138 -0.0105141755 0.226585969
v 0.0318363383 -0.0123972492 0.225011423
v 0.0317606851 -0.0122475354 0.224980682
v 0.034044344 -0.0109332949 0.226706997
v 0.0338805355 -0.0106433267 0.226635754
v 0.0339686871 -0.0107835811 0.226676255
v 0.0633326247 -0.00823267363 0.246910274
v 0.0845690295 -0.0101645319 0.261026949
v 0.0278395209 0.00433407025 0.224594489
v 0.0633326247 0.00110529258 0.248188168
v 0.0845690295 -0.000826565898 0.262304842
v 0.0990726724 -0.0114839161 0.270668089
v 0.0990726724 -0.00214594975 0.271945983
v 0.107767671 -0.012274893 0.276448011
v 0.107767671 -0.00293692714 0.277725905
v 0.0845690295 0.00430506561 0.263007104
v 0.0938397869 0.00323795434 0.269139141
v 0.0939809904 0.00323795434 0.269234747
v 0.0990726724 0.00298568164 0.272648245
v 0.0941225365 0.00321963313 0.269328088
v 0.093434602 0.00312909903 0.26884985
v 0.0935649797 0.00318320584 0.268945545
v 0.0942627564 0.00318320584 0.269418061
v 0.0937005728 0.00321963313 0.269042343
v 0.0931955278 0.00297058537 0.268666267
v 0.0933109671 0.00305794762 0.26875639
v 0.0930896252 0.00286803674 0.268580496
v 0.0940383598 0.000112574453 0.268845886
v 0.0938968211 0.000130895569 0.268752545
v 0.0929113105 0.00262235291 0.26842612
v 0.0929945186 0.00275150384 0.268500149
v 0.0927055627 0.00167526433 0.268157184
v 0.0946592242 0.00297058537 0.269657463
v 0.0947781578 0.00286803674 0.269723952
v 0.0944000036 0.00312909903 0.269503623
v 0.0945326835 0.00305794762 0.269583732
v 0.0927024558 0.00184446899 0.268178254
v 0.0941795632 0.000112574453 0.268941522
v 0.0944543704 0.000167322985 0.269135118
v 0.0943187848 0.000130895569 0.26903829
v 0.0947083831 0.000292581186 0.269324273
v 0.0945847481 0.00022142964 0.269230813
v 0.0949297249 0.00048249212 0.269500136
v 0.0948238298 0.000379943405 0.269414395
v 0.0948880762 0.00275150384 0.269782454
v 0.0927146822 0.00201168982 0.268209398
v 0.0934866667 0.000292581186 0.268496931
v 0.093360126 0.000379943405 0.2684232
v 0.0937566012 0.000167322985 0.268662572
v 0.0936193466 0.00022142964 0.268577039
v 0.0949876979 0.00262235291 0.269832253
v 0.0950758532 0.00248209853 0.269872755
v 0.0927843451 0.00233238447 0.268300474
v 0.092840977 0.00248209853 0.268359303
v 0.0927420855 0.0021749665 0.268250316
v 0.0928055793 0.00117556227 0.268156528
v 0.0927574262 0.00133883883 0.268146276
v 0.0928678513 0.00101814419 0.268177152
v 0.0951080471 0.000728175743 0.269654512
v 0.095024839 0.000599024992 0.269580483
v 0.095235005 0.00101814419 0.269780189
v 0.0951783732 0.000868430245 0.269721329
v 0.095261924 0.00201168982 0.269934386
v 0.095295392 0.00184446899 0.269934148
v 0.0951515064 0.00233238447 0.269903481
v 0.0952137709 0.0021749665 0.269924104
v 0.0927239582 0.00150605978 0.268146485
v 0.093131274 0.000599024992 0.268298209
v 0.0930316597 0.000728175743 0.268248409
v 0.0932411999 0.00048249212 0.268356681
v 0.0953168944 0.00150605978 0.269902408
v 0.0953046754 0.00133883883 0.269871235
v 0.0929435045 0.000868430245 0.268207908
v 0.0952772722 0.00117556227 0.269830346
v 0.0953137875 0.00167526433 0.269923449
v 0.107767671 0.00219470426 0.278428167
v 0.111522771 -0.00327852508 0.280222088
v 0.111522771 0.00185310631 0.28092435
v 0.0633326247 0.00623692386 0.24889043
v 0.0845690295 0.00635556038 0.263287723
v 0.0990726724 0.00503617665 0.272928864
v 0.111522771 0.00390360109 0.281204939
v 0.0633326247 0.00828741863 0.249171034
v 0.0845690295 0.00670767203 0.263335913
v 0.0990726724 0.00538828829 0.272977054
v 0.107767671 0.00424519926 0.278708786
v 0.111522771 0.00425571296 0.281253129
v 0.0633326247 0.00863953028 0.249219224
v 0.0845690295 0.011342546 0.263970196
v 0.0990726724 0.0100231627 0.273611337
v 0.107767671 0.00459731091 0.278756976
v 0.107767671 0.00923218485 0.279391259
v 0.111522771 0.00889058691 0.281887412
v 0.107767671 0.0183596127 0.280640334
v 0.111522771 0.0180180147 0.283136487
v 0.10363996 0.00476202928 0.275984257
v 0.103818864 0.00472726859 0.276100665
v 0.103906006 0.0046929149 0.276154965
v 0.103729829 0.00475039706 0.276043534
v 0.103461921 0.00475039706 0.275862098
v 0.103550307 0.00476202928 0.27592355
v 0.103293054 0.0046929149 0.275739878
v 0.10337583 0.00472726859 0.275800645
v 0.104070589 0.00459227152 0.276252657
v 0.104084529 0.00458025187 0.276260436
v 0.103232041 0.00465780217 0.275693774
v 0.103990242 0.00464773923 0.276205838
v 0.104175098 0.00294741942 0.276098341
v 0.104101799 0.00289195124 0.27604109
v 0.103676386 0.0027776612 0.275737375
v 0.103854433 0.00278929365 0.275859535
v 0.103766039 0.0027776612 0.275798082
v 0.1040233 0.00284677558 0.275981754
v 0.104422681 0.00408711657 0.276421964
v 0.104453251 0.00398344873 0.276428461
v 0.103410348 0.00284677558 0.275566667
v 0.103326105 0.00289195124 0.275515825
v 0.103586517 0.00278929365 0.275678098
v 0.10349749 0.00281242235 0.275620997
v 0.103940524 0.00281242235 0.275921017
v 0.104480393 0.00355624175 0.276388377
v 0.104462996 0.00345257414 0.276362419
v 0.104488157 0.00366241392 0.276408166
v 0.1044745 0.00387727679 0.276428342
v 0.104279138 0.00437117135 0.276363611
v 0.104335114 0.00428212108 0.276389331
v 0.102835953 0.00398344873 0.275333256
v 0.10285335 0.00408711657 0.275359213
v 0.104355551 0.00316851912 0.27625078
v 0.104302719 0.00308651873 0.276203781
v 0.104383148 0.00418706471 0.276408851
v 0.10421589 0.00445317198 0.276332021
v 0.102828197 0.00387727679 0.275313467
v 0.102893673 0.00345257414 0.275299698
v 0.102863096 0.00355624175 0.275293171
v 0.104242332 0.00301252957 0.27615276
v 0.104486182 0.00376984524 0.276421547
v 0.103141256 0.00459227152 0.275623322
v 0.103214554 0.00464773923 0.275680542
v 0.103013627 0.00445317198 0.275517851
v 0.103074022 0.0045271609 0.275568873
v 0.102916144 0.00428212108 0.275428444
v 0.102960795 0.00437117135 0.275470853
v 0.102880187 0.00418706471 0.275391072
v 0.102830172 0.00376984524 0.275300115
v 0.102933206 0.00335262623 0.275312781
v 0.103037208 0.00316851912 0.275358021
v 0.10298124 0.00325756962 0.275332302
v 0.104436167 0.00335262623 0.27633056
v 0.10440021 0.00325756962 0.276293218
v 0.102841847 0.00366241392 0.27529332
v 0.103170253 0.00301252957 0.275426775
v 0.103100464 0.00308651873 0.275389642
v 0.103245765 0.00294741942 0.275469005
v 0.104146101 0.0045271609 0.276294887
v 0.0450865515 0.0069219186 0.23662813
v 0.044957418 0.0068872259 0.236535937
v 0.0454384126 0.0071244142 0.236894116
v 0.0453284681 0.00704121217 0.236808285
v 0.0388139151 0.00333573925 0.231889606
v 0.0448248312 0.00686977711 0.236443758
v 0.0446903482 0.00686977711 0.236352697
v 0.0455392674 0.00722207967 0.236975789
v 0.0388139151 0.00846737064 0.232591867
v 0.0435162745 0.00788214616 0.235696167
v 0.0444220044 0.0069219186 0.236178115
v 0.0442912877 0.00697344868 0.236096635
v 0.0452107191 0.00697344868 0.236719266
v 0.0434704162 0.00803764816 0.235686392
v 0.0441649295 0.00704121217 0.236020342
v 0.0440444127 0.0071244142 0.235950112
v 0.0445555486 0.0068872259 0.236263797
v 0.0457090959 0.00745606422 0.237122804
v 0.0456298515 0.00733306352 0.237052307
v 0.0458300114 0.00773222465 0.23724249
v 0.0457760803 0.00758963963 0.237186447
v 0.0435755774 0.00773222465 0.235715806
v 0.0438264608 0.00733306352 0.235831082
v 0.0437315851 0.00745606422 0.235783666
v 0.0439311452 0.00722207967 0.235886782
v 0.0436476283 0.00758963963 0.235745087
v 0.0458554067 0.00782681163 0.237272635
v 0.111179329 -0.00586645259 0.27963534
v 0.111246318 -0.00573287671 0.279698998
v 0.111125395 -0.00600903714 0.279579312
v 0.111059047 -0.00631446065 0.279492587
v 0.111085147 -0.00615895912 0.279531538
v 0.111276977 -0.00740327965 0.279491156
v 0.111204922 -0.00726069463 0.27946189
v 0.111050367 -0.00663486589 0.279442847
v 0.111047409 -0.00647371868 0.279462904
v 0.111067891 -0.00679601356 0.279432654
v 0.111145623 -0.00711077265 0.279442221
v 0.111522771 -0.0126164909 0.278944194
v 0.111522771 -0.00773084676 0.27961278
v 0.111099765 -0.00695527112 0.279432446
v 0.11136093 -0.00753685506 0.279529721
v 0.111455806 -0.00765985576 0.279577136
v 0.111516997 -0.00540122716 0.279927671
v 0.111522771 -0.00539685879 0.279932171
v 0.111325562 -0.00560987601 0.27976948
v 0.111416146 -0.00549889263 0.279846013
v 0.0137183741 -0.0142352078 0.212490618
v 0.013858594 -0.0142716356 0.212580591
v 0.0135768317 -0.0142168868 0.212397277
v 0.0143739954 -0.0145868044 0.212886482
v 0.0144214528 -0.0146371173 0.212911725
v 0.0139958458 -0.0143257426 0.212666124
v 0.014128522 -0.0143968938 0.212746233
v 0.0129068084 -0.0143968938 0.211918905
v 0.0130304433 -0.0143257426 0.212012365
v 0.0142550664 -0.0144842565 0.212819979
v 0.0132964104 -0.0142352078 0.212204874
v 0.0134356255 -0.0142168868 0.212301642
v 0.0131608201 -0.0142716356 0.212108061
v 0.00947171077 -0.0141868433 0.209621444
v 0.0127870487 -0.0144884372 0.211825281
v 0.0127913654 -0.0144842565 0.211828768
v 0.0633326247 0.0132744042 0.249853507
v 0.0456879511 0.0148795256 0.238124385
v 0.0409716368 0.0106736906 0.234354988
v 0.0406133384 0.0103541734 0.234068617
v 0.0436169654 0.00926004257 0.235952914
v 0.0436962135 0.00938304327 0.236023411
v 0.0446357131 0.00984632969 0.236723036
v 0.0438876487 0.00959169213 0.236181602
v 0.0439975969 0.00967489462 0.236267447
v 0.0437867939 0.00949402712 0.236099944
v 0.0447705165 0.00982888043 0.236811936
v 0.0441153422 0.00974265765 0.236356452
v 0.0442395136 0.00979418773 0.236447603
v 0.0449040569 0.00979418773 0.236897618
v 0.044368647 0.00982888043 0.236539796
v 0.0445012301 0.00984632969 0.23663196
v 0.0457504876 0.00898388214 0.237359926
v 0.0458097905 0.0088339597 0.237379566
v 0.0453949161 0.00949402712 0.23718895
v 0.0454996005 0.00938304327 0.237244651
v 0.0451611318 0.00967489462 0.237055376
v 0.0452816524 0.00959169213 0.237125605
v 0.0450347736 0.00974265765 0.236979082
v 0.0459050424 0.00835805293 0.23737894
v 0.0456784368 0.0091264667 0.237330645
v 0.0388139151 0.00874951389 0.232630476
v 0.0434210189 0.00835805293 0.235696793
v 0.0458875224 0.00851920061 0.237389132
v 0.0455944799 0.00926004257 0.237292066
v 0.0434297025 0.00867845863 0.235746518
v 0.0434557982 0.0088339597 0.235785469
v 0.043418061 0.00851920061 0.235716835
v 0.0434691682 0.00804388616 0.235686392
v 0.0434385389 0.00819690619 0.2356866
v 0.0458556488 0.00867845863 0.237389341
v 0.0434960499 0.00898388214 0.235833243
v 0.0435499847 0.0091264667 0.235889271
v 0.0458963625 0.00803764816 0.237329215
v 0.0458702631 0.00788214616 0.237290263
v 0.0459080003 0.00819690619 0.237358883
v 0.0385268107 0.00849348772 0.232401013
v 0.0335137993 0.00402306765 0.228394493
v 0.0320109688 0.00332287699 0.227280974
v 0.0316788703 0.00329970568 0.227052897
v 0.0300439857 0.00378097035 0.226011634
v 0.0292745251 0.00420352956 0.225548401
v 0.0313439555 0.00331698428 0.226828471
v 0.0310096294 0.00337453675 0.226609945
v 0.0323368683 0.00338626234 0.227510333
v 0.0329569019 0.00363069121 0.227963671
v 0.0326532535 0.00348921632 0.227738678
v 0.0303563215 0.00360771618 0.226199433
v 0.0306792986 0.00347177731 0.226399556
v 0.0332821198 0.00383896171 0.228212401
v 0.033244729 0.0038092474 0.228183016
v 0.0283546653 0.00470868079 0.2249946
v 0.0186685082 0.00516834995 0.218498155
v 0.0212016869 0.00616514031 0.220349997
v 0.0248151328 0.00590057066 0.222760782
v 0.0230069421 0.00615060003 0.221570507
v 0.0278395209 0.00491750287 0.224674329
v 0.0266047902 0.0054180217 0.223906681
v 0.0194207951 0.00594401918 0.219113737
v 0.0186685082 0.00574714318 0.218577355
v 0.0176854115 0.00548986252 0.217876405
v 0.017220702 0.00530005572 0.217535734
v 0.0103798788 4.60649335e-06 0.212178528
v 0.00947171077 -0.00140103325 0.211371168
v 0.0144327935 0.00390671007 0.215457126
v 0.0129541745 0.00279651 0.214303881
v 0.0160161387 0.00480806129 0.216652691
v 0.0115978355 0.00149064092 0.213206679
v 0.00947171077 -0.00333299115 0.211106777
v 0.00931476429 -0.00164395117 0.211231649
v 0.00769167673 -0.00534865214 0.209625527
v 0.00715297321 -0.00736081367 0.208985358
v 0.00680542132 -0.00944805518 0.208464354
v 0.00841513742 -0.00343546038 0.210377261
v 0.00851050206 -0.00324555091 0.21046783
v 0.00665314728 -0.0115855988 0.208068714
v 0.00669646962 -0.0109774666 0.208181277
v 0.00669795973 -0.0137480656 0.20780313
v 0.00671899132 -0.0139364311 0.207791597
v 0.00669032196 -0.0133795142 0.2078484
v 0.00737437932 -0.0180450901 0.207673147
v 0.00799795706 -0.020128632 0.207810298
v 0.00693932548 -0.0159097835 0.207670748
v 0.00880265515 -0.022135675 0.208080575
v 0.0133524379 -0.0172875188 0.211825103
v 0.0132151851 -0.0172334127 0.211739555
v 0.0109151602 -0.0258261468 0.209006101
v 0.0137754064 -0.0173422676 0.212104037
v 0.0136342002 -0.0173422676 0.212008417
v 0.0136118755 -0.0289417673 0.210405916
v 0.0139146205 -0.0173239466 0.21220082
v 0.0151403341 -0.0302366484 0.211263761
v 0.0148308463 -0.0164366979 0.21294269
v 0.0147742163 -0.0165864117 0.21288386
v 0.0130825089 -0.0171622597 0.211659446
v 0.00977891963 -0.0240423921 0.20848076
v 0.0121978885 -0.0274657607 0.209650367
v 0.0134926569 -0.0173239466 0.211915076
v 0.0167651176 -0.031335026 0.21221374
v 0.0141805885 -0.0172334127 0.212393314
v 0.0140502118 -0.0172875188 0.212297618
v 0.0184669383 -0.0322238617 0.213244557
v 0.0186685082 -0.0323005095 0.213370562
v 0.0143042225 -0.0171622597 0.212486774
v 0.0148731107 -0.0162792783 0.212992862
v 0.0146206748 -0.0168558173 0.212743014
v 0.0145255635 -0.01697235 0.212662652
v 0.0147038847 -0.0167266652 0.212817043
v 0.0148912324 -0.0156103726 0.213096678
v 0.0149096269 -0.0157795772 0.213085979
v 0.0129559645 -0.0170748979 0.211585715
v 0.00947171077 -0.0234423913 0.208354831
v 0.0144196656 -0.0170748979 0.212576911
v 0.014900513 -0.0161160026 0.213033766
v 0.0149127329 -0.0159487817 0.213064924
v 0.0123532685 -0.0161160026 0.211308792
v 0.0123197995 -0.0159487817 0.211309016
v 0.0124014197 -0.0162792783 0.211319059
v 0.0128370356 -0.01697235 0.211519212
v 0.0148096122 -0.0152798751 0.213086635
v 0.0148577625 -0.0154431518 0.213096887
v 0.0124368155 -0.0149727426 0.211521834
v 0.0125071472 -0.0148324883 0.211588651
v 0.0122982981 -0.0156103726 0.21134077
v 0.0123105189 -0.0154431518 0.211371928
v 0.012301404 -0.0157795772 0.211319715
v 0.012463687 -0.0164366979 0.211339682
v 0.0126274964 -0.0167266652 0.211410925
v 0.012539342 -0.0165864117 0.211370423
v 0.0127271172 -0.0168558173 0.211460724
v 0.0144839147 -0.014703338 0.21294497
v 0.0145835355 -0.0148324883 0.212994754
v 0.0125903571 -0.014703338 0.211662665
v 0.0123379212 -0.0152798751 0.211412832
v 0.0123801855 -0.0151224565 0.211462989
v 0.0146716898 -0.0149727426 0.213035256
v 0.0147473449 -0.0151224565 0.213065997
v 0.0126854675 -0.0145868044 0.211743027
v 0.0220201984 -0.0333333127 0.215498954
v 0.0238294527 -0.0335407592 0.216695771
v 0.020225592 -0.0328926034 0.21434398
v 0.0256318748 -0.0335124731 0.217920229
v 0.0274060685 -0.0332488008 0.21915777
v 0.0278395209 -0.0331547 0.219464183
v 0.0388139151 -0.0307722837 0.227221951
v 0.0513127781 -0.0183494519 0.237386093
v 0.0514472611 -0.0183494519 0.237477168
v 0.050361529 -0.0190693159 0.236643404
v 0.0504285134 -0.01893574 0.236707047
v 0.0509268902 -0.0184531249 0.237110585
v 0.0510510579 -0.0184015948 0.23720172
v 0.0505077615 -0.0188127384 0.236777544
v 0.050598342 -0.0187017545 0.236854076
v 0.050307598 -0.0192118995 0.236587375
v 0.0515820608 -0.0183669012 0.237566069
v 0.0511801913 -0.0183669012 0.237293929
v 0.0506991968 -0.0186040904 0.236935735
v 0.0508091412 -0.0185208879 0.23702158
v 0.0511028357 -0.0212223325 0.236850768
v 0.0509764776 -0.0211545695 0.236774474
v 0.0516363792 -0.0213260055 0.237197891
v 0.0515018962 -0.0213260055 0.23710683
v 0.0524060242 -0.01893574 0.238046199
v 0.0524899811 -0.0190693159 0.238084778
v 0.0519726798 -0.0185208879 0.237809509
v 0.0520931967 -0.0186040904 0.237879738
v 0.0502412468 -0.019517323 0.236500651
v 0.0502673462 -0.0193618219 0.236539602
v 0.0502819605 -0.0201581344 0.236440524
v 0.0512335524 -0.0212738626 0.236932233
v 0.0513670929 -0.0213085562 0.23701793
v 0.0633326247 -0.0254495461 0.244554162
v 0.0517689623 -0.0213085562 0.237290069
v 0.0520222671 -0.0212223325 0.237473398
v 0.0518980995 -0.0212738626 0.237382263
v 0.0526415594 -0.0204635579 0.237996623
v 0.0525876246 -0.0206061415 0.23794058
v 0.0527079105 -0.0201581344 0.238083348
v 0.0526818112 -0.0203136355 0.238044396
v 0.0523111485 -0.0188127384 0.237998784
v 0.0522064641 -0.0187017545 0.237943083
v 0.051715605 -0.0184015948 0.23765175
v 0.0518463217 -0.0184531249 0.237733215
v 0.050229609 -0.019676581 0.236470968
v 0.0502500869 -0.0199988764 0.236440733
v 0.0502325669 -0.0198377278 0.236450925
v 0.0503278188 -0.0203136355 0.2364503
v 0.0504591726 -0.0206061415 0.23649922
v 0.0503871217 -0.0204635579 0.236469939
v 0.0523508154 -0.0209737029 0.237729922
v 0.0522499606 -0.021071367 0.237648249
v 0.0527195483 -0.0199988764 0.238113016
v 0.0521400124 -0.0211545695 0.237562418
v 0.0525206439 -0.0207397174 0.237876937
v 0.0524413958 -0.020862719 0.237806439
v 0.050855957 -0.021071367 0.236704245
v 0.0507426932 -0.0209737029 0.236640915
v 0.0506380089 -0.020862719 0.236585215
v 0.0505431294 -0.0207397174 0.236537799
v 0.0527165905 -0.0198377278 0.238133073
v 0.0526671931 -0.019517323 0.238143474
v 0.0526990704 -0.019676581 0.238143265
v 0.0525620356 -0.0192118995 0.238114059
v 0.0526213348 -0.0193618219 0.238133699
v 0.0839878991 -0.0209655184 0.259155303
v 0.085787259 -0.0205748975 0.260427266
v 0.0935864672 -0.0188817773 0.265940517
v 0.0990726724 -0.0176907834 0.269818693
v 0.107767671 -0.0158031955 0.275965184
v 0.111190259 -0.0145757077 0.278450876
v 0.107810229 -0.0157939568 0.275995255
v 0.109535128 -0.0152980201 0.277231216
v 0.111522771 -0.0143760536 0.278703392
v 0.112755962 -0.0136355972 0.27963981
v 0.112586766 -0.00810569339 0.280282021
v 0.113789313 -0.0128226765 0.280450851
v 0.11421366 -0.0124888495 0.280783892
v 0.112957813 -0.00795170758 0.280554354
v 0.112840064 -0.00801947061 0.280465335
v 0.115546048 -0.0111490767 0.281869501
v 0.113067761 -0.00786850508 0.280640185
v 0.113259196 -0.00765985576 0.280798376
v 0.113168612 -0.00777083961 0.280721843
v 0.116737291 -0.0096321879 0.282883793
v 0.113338448 -0.00753685506 0.280868888
v 0.119385503 -0.00399379106 0.28544876
v 0.112664126 -0.00525026163 0.280725151
v 0.1123197 -0.00812314171 0.280098766
v 0.112184897 -0.00810569339 0.280009866
v 0.112454183 -0.00812314171 0.280189842
v 0.1127159 -0.00807100069 0.280374199
v 0.113405429 -0.00740327965 0.280932516
v 0.113223828 -0.00573287671 0.281038135
v 0.113307782 -0.00586645259 0.281076699
v 0.11279048 -0.00531802513 0.280801445
v 0.113128953 -0.00560987601 0.28099072
v 0.112533405 -0.00519873155 0.280643702
v 0.112265058 -0.00514659006 0.28046909
v 0.112399861 -0.00516403839 0.28055799
v 0.111868858 -0.00519873155 0.280193657
v 0.111997992 -0.00516403839 0.280285865
v 0.11192064 -0.00801947061 0.279842705
v 0.111794278 -0.00795170758 0.279766411
v 0.113459364 -0.00726069463 0.280988544
v 0.117773272 -0.00795618817 0.283814698
v 0.113499612 -0.00711077265 0.281036317
v 0.113024265 -0.00549889263 0.280935019
v 0.112911001 -0.00540122716 0.280871689
v 0.112130582 -0.00514659006 0.280378044
v 0.111744694 -0.00525026163 0.280102521
v 0.111673757 -0.00786850508 0.279696196
v 0.111560494 -0.00777083961 0.279632837
v 0.112051353 -0.00807100069 0.279924184
v 0.113525711 -0.00695527112 0.281075269
v 0.113484994 -0.00631446065 0.28113541
v 0.113516875 -0.00647371868 0.281135201
v 0.118641667 -0.00614097808 0.28465119
v 0.113439135 -0.00615895912 0.281125635
v 0.119332187 -0.00420810608 0.285383314
v 0.111626945 -0.00531802513 0.280013502
v 0.113534391 -0.00663486589 0.281125009
v 0.113537349 -0.00679601356 0.281104952
v 0.113379836 -0.00600903714 0.281105995
v 0.119836621 -0.00218051951 0.286002368
v 0.120148979 -8.22902366e-05 0.28650105
v 0.120211244 0.00106272323 0.286699921
v 0.120265566 0.00206167181 0.2868734
v 0.120226465 0.00311183347 0.286990643
v 0.120213307 0.0034651421 0.287030071
v 0.112492524 0.00715974718 0.282307267
v 0.112607971 0.00724710943 0.282397389
v 0.112731606 0.00731826108 0.282490849
v 0.113419533 0.00740879495 0.282969087
v 0.113559753 0.00737236766 0.283059061
v 0.112861976 0.00737236766 0.282586545
v 0.112997569 0.00740879495 0.282683343
v 0.112386629 0.00705719879 0.282221496
v 0.113277994 0.00742711639 0.282875746
v 0.112208307 0.00681151496 0.28206712
v 0.112291515 0.00694066565 0.282141149
v 0.113136783 0.00742711639 0.282780141
v 0.11278367 0.00448174309 0.28213793
v 0.112657122 0.00456910534 0.282064199
v 0.113476567 0.0043017366 0.282582521
v 0.113335356 0.0043017366 0.282486886
v 0.113615781 0.00432005757 0.28267929
v 0.119908199 0.00638474012 0.287223011
v 0.119515538 0.00816349126 0.287200511
v 0.11455892 0.00620085187 0.283575356
v 0.114372849 0.00667126058 0.283513725
v 0.114448503 0.00652154628 0.283544481
v 0.114185072 0.00694066565 0.283423454
v 0.114284694 0.00681151496 0.283473223
v 0.113956228 0.00715974718 0.283298463
v 0.114075154 0.00705719879 0.283364952
v 0.113697007 0.00731826108 0.283144593
v 0.11382968 0.00724710943 0.283224702
v 0.112916343 0.00441059144 0.282218039
v 0.113193817 0.00432005757 0.282393545
v 0.113053598 0.00435648486 0.282303572
v 0.113881744 0.00441059144 0.282871813
v 0.113751367 0.00435648486 0.282776117
v 0.114510775 0.00636412855 0.283565104
v 0.114120826 0.00456910534 0.283055395
v 0.114005379 0.00448174309 0.282965273
v 0.11199946 0.00603363104 0.281819254
v 0.112102576 0.00536472397 0.281797528
v 0.11205443 0.00552800065 0.281787276
v 0.112538196 0.0046716542 0.281997681
v 0.114574268 0.00536472397 0.283471346
v 0.12018498 0.00422591297 0.287115008
v 0.114610784 0.00586442649 0.283564448
v 0.114613891 0.00569522148 0.283543408
v 0.112011679 0.00620085187 0.281850398
v 0.112039082 0.00636412855 0.281891316
v 0.112002566 0.00586442649 0.281798184
v 0.112164848 0.00520730624 0.281818151
v 0.112328656 0.00491733756 0.281889409
v 0.112240501 0.00505759241 0.281848907
v 0.114321835 0.00478818687 0.283221483
v 0.114226721 0.0046716542 0.283141136
v 0.114475377 0.00505759241 0.283362329
v 0.114405043 0.00491733756 0.283295512
v 0.114601672 0.00552800065 0.283512235
v 0.114592388 0.00603363104 0.283575147
v 0.112081341 0.00652154628 0.281941473
v 0.112137973 0.00667126058 0.282000303
v 0.112020962 0.00569522148 0.281787485
v 0.112428278 0.00478818687 0.281939209
v 0.114532009 0.00520730624 0.283421189
v 0.115774766 0.0162197594 0.28576979
v 0.114537939 0.0177437272 0.285140783
v 0.11878144 0.0105840005 0.287034631
v 0.117944844 0.0125745805 0.286740512
v 0.116938636 0.0144606307 0.286317229
v 0.119438492 0.00851252303 0.2871961
v 0.114467047 0.0178310815 0.285104752
v 0.113031 0.0192754697 0.284329921
v 0.111483686 0.0205357745 0.283454567
v 0.111522771 0.0205039363 0.283476681
v 0.109843463 0.0215970334 0.282489061
v 0.108129807 0.0224466491 0.281444877
v 0.104564205 0.0234732293 0.279170781
v 0.1027546 0.0236380082 0.27796787
v 0.0990726724 0.0191505905 0.274860412
v 0.100955717 0.023566911 0.276739955
v 0.106363066 0.0230745319 0.280334383
v 0.0991889164 0.0232607834 0.275501609
v 0.107767671 0.0225753468 0.281217247
v 0.0942873806 0.020982217 0.271870524
v 0.0928511769 0.0197993685 0.270736068
v 0.0974751711 0.0227232594 0.274267524
v 0.0958348364 0.0219607186 0.273052365
v 0.0990726724 0.0232243221 0.275417894
v 0.0874489173 0.0155763691 0.266499817
v 0.0871167928 0.015659675 0.266286284
v 0.0884484425 0.0155674554 0.267175466
v 0.0890835971 0.0157616287 0.267632157
v 0.0887713507 0.015644921 0.267404735
v 0.0896635279 0.0161076393 0.268072218
v 0.0893820003 0.0159163941 0.267855406
v 0.0927785859 0.0197231583 0.270676494
v 0.0877838433 0.0155330049 0.266720682
v 0.0899253041 0.0163334198 0.268280387
v 0.0915432647 0.0184262171 0.26966247
v 0.0881181508 0.0155300237 0.266946673
v 0.0903791934 0.0168790668 0.268662423
v 0.0901646689 0.0165914372 0.268477798
v 0.068047069 0.0216205325 0.25418824
v 0.0748962834 0.0164560881 0.258119702
v 0.0750288665 0.0164735373 0.258211881
v 0.0745252371 0.0163021013 0.257847339
v 0.0746429786 0.0163698662 0.257936358
v 0.0845690295 0.0164560601 0.264669955
v 0.0754316971 0.0164213963 0.258477509
v 0.07476715 0.0164213963 0.258027494
v 0.0744152889 0.0162189007 0.257761508
v 0.0742238536 0.0160102509 0.257603317
v 0.0743144304 0.0161212347 0.25767985
v 0.0633326247 0.0205970798 0.250855595
v 0.0739457011 0.0151464082 0.257296741
v 0.0739661753 0.0148241138 0.257266492
v 0.073948659 0.0149852606 0.257276684
v 0.0755624101 0.0163698662 0.258558989
v 0.0751633495 0.0164735373 0.258302927
v 0.0752981529 0.0164560881 0.258391827
v 0.0741446018 0.0158872493 0.257532835
v 0.0756141916 0.0135491267 0.258208036
v 0.0754850581 0.0135144331 0.258115828
v 0.0760272369 0.0160102509 0.258824557
v 0.07612212 0.0158872493 0.258871973
v 0.0740236863 0.0156110898 0.257413149
v 0.0740776211 0.0157536753 0.257469177
v 0.0739573389 0.0153056663 0.257326424
v 0.0739834383 0.0154611673 0.257365376
v 0.0739980564 0.0146648558 0.257266283
v 0.0748189241 0.0136006568 0.257676542
v 0.0746925697 0.0136684198 0.257600248
v 0.0750831813 0.0135144331 0.257843703
v 0.0749496445 0.0135491267 0.257758021
v 0.0753524676 0.0134969847 0.258023679
v 0.0752179846 0.0134969847 0.257932603
v 0.0757383555 0.0136006568 0.258299172
v 0.0759225562 0.0161212347 0.258768857
v 0.0756887719 0.0163021013 0.258635283
v 0.0758092925 0.0162189007 0.258705527
v 0.0741752684 0.0142168477 0.257324994
v 0.0741032138 0.0143594323 0.257295698
v 0.0758561045 0.0136684198 0.258388191
v 0.0760669038 0.0138492873 0.258555681
v 0.0759660527 0.0137516223 0.258474022
v 0.0762060732 0.0157536753 0.258910537
v 0.0740439072 0.0145093538 0.257276058
v 0.0762367323 0.0140832718 0.258702725
v 0.0761574879 0.0139602711 0.258632213
v 0.0763832852 0.0153056663 0.258969247
v 0.0764151588 0.0151464082 0.258969039
v 0.0762781277 0.0156110898 0.258939832
v 0.0763374269 0.0154611673 0.258959472
v 0.0743540972 0.0139602711 0.257410973
v 0.0742592216 0.0140832718 0.257363558
v 0.0745720491 0.0137516223 0.257530034
v 0.0744587854 0.0138492873 0.257466674
v 0.0763037205 0.0142168477 0.258766353
v 0.0764326826 0.0149852606 0.258958846
v 0.0764356405 0.0148241138 0.258938789
v 0.0763979033 0.0145093538 0.258870155
v 0.0763576478 0.0143594323 0.258822381
v 0.0764240026 0.0146648558 0.258909106
v 0.0484849922 0.0173738245 0.240359858
v 0.0845690295 -0.0208393615 0.259566128
v 0.0702700987 0.0220697727 0.250905484
v 0.0655556619 0.02104632 0.247572869
v 0.0633326247 0.0205970798 0.250855595
v 0.0484849922 0.0173738245 0.240359858
v 0.0507080294 0.0178230666 0.237077117
v 0.068047069 0.0216205325 0.25418824
v 0.107810229 -0.0157939568 0.275995255
v 0.110033266 -0.0153447166 0.272712499
v 0.111758165 -0.014848779 0.273948461
v 0.109535128 -0.0152980201 0.277231216
v 0.113413289 -0.0141264675 0.275168151
v 0.113745809 -0.0139268124 0.275420636
v 0.111522771 -0.0143760536 0.278703392
v 0.114978999 -0.0131863561 0.276357085
v 0.112755962 -0.0136355972 0.27963981
v 0.11601235 -0.0123734362 0.277168095
v 0.113789313 -0.0128226765 0.280450851
v 0.116436698 -0.0120396083 0.277501136
v 0.11421366 -0.0124888495 0.280783892
v 0.117769077 -0.0106998365 0.278586775
v 0.115546048 -0.0111490767 0.281869501
v 0.118960328 -0.00918294676 0.279601067
v 0.116737291 -0.0096321879 0.282883793
v 0.119996302 -0.0075069475 0.280531973
v 0.117773272 -0.00795618817 0.283814698
v 0.120864704 -0.00569173694 0.281368434
v 0.118641667 -0.00614097808 0.28465119
v 0.121555217 -0.00375886518 0.282100558
v 0.119385503 -0.00399379106 0.28544876
v 0.119332187 -0.00420810608 0.285383314
v 0.12160854 -0.00354455039 0.282166004
v 0.122059651 -0.00173127861 0.282719642
v 0.119836621 -0.00218051951 0.286002368
v 0.122372016 0.00036695064 0.283218294
v 0.122434281 0.00151196413 0.283417165
v 0.120211244 0.00106272323 0.286699921
v 0.122488603 0.00251091248 0.283590645
v 0.120265566 0.00206167181 0.2868734
v 0.122449502 0.00356107438 0.283707887
v 0.120226465 0.00311183347 0.286990643
v 0.120213307 0.0034651421 0.287030071
v 0.122408018 0.00467515411 0.283832252
v 0.12018498 0.00422591297 0.287115008
v 0.122436345 0.00391438277 0.283747345
v 0.122131236 0.00683398079 0.283940256
v 0.121738575 0.0086127324 0.283917785
v 0.119515538 0.00816349126 0.287200511
v 0.121661529 0.00896176416 0.283913374
v 0.119438492 0.00851252303 0.2871961
v 0.121004477 0.0110332416 0.283751905
v 0.11878144 0.0105840005 0.287034631
v 0.120167881 0.0130238216 0.283457786
v 0.117944844 0.0125745805 0.286740512
v 0.119161673 0.0149098719 0.283034503
v 0.116938636 0.0144606307 0.286317229
v 0.117997803 0.0166689996 0.282487065
v 0.114537939 0.0177437272 0.285140783
v 0.115774766 0.0162197594 0.28576979
v 0.116760977 0.0181929693 0.281858057
v 0.116690077 0.0182803236 0.281821996
v 0.114467047 0.0178310815 0.285104752
v 0.115254037 0.0197247118 0.281047195
v 0.113745809 0.0209531784 0.280193955
v 0.111522771 0.0205039363 0.283476681
v 0.113706715 0.0209850166 0.280171841
v 0.111483686 0.0205357745 0.283454567
v 0.112066492 0.0220462754 0.279206336
v 0.109843463 0.0215970334 0.282489061
v 0.110352844 0.0228958894 0.278162122
v 0.109990709 0.023024587 0.277934521
v 0.107767671 0.0225753468 0.281217247
v 0.108586095 0.0235237721 0.277051628
v 0.106363066 0.0230745319 0.280334383
v 0.106787242 0.0239224695 0.275888026
v 0.104564205 0.0234732293 0.279170781
v 0.10497763 0.0240872484 0.274685144
v 0.1027546 0.0236380082 0.27796787
v 0.103178747 0.0240161512 0.273457229
v 0.100955717 0.023566911 0.276739955
v 0.101411954 0.0237100236 0.272218883
v 0.101295702 0.0236735642 0.272135168
v 0.0990726724 0.0232243221 0.275417894
v 0.0996982083 0.0231724996 0.270984769
v 0.0974751711 0.0227232594 0.274267524
v 0.0980578735 0.0224099606 0.269769609
v 0.0958348364 0.0219607186 0.273052365
v 0.0965104178 0.0214314573 0.268587798
v 0.0942873806 0.020982217 0.271870524
v 0.0950742066 0.0202486087 0.267453343
v 0.0927785859 0.0197231583 0.270676494
v 0.0928511769 0.0197993685 0.270736068
v 0.095001623 0.0201723985 0.267393738
v 0.0937663019 0.0188754592 0.266379714
v 0.0915432647 0.0184262171 0.26966247
v 0.0926022232 0.017328307 0.265379697
v 0.0903791934 0.0168790668 0.268662423
v 0.0991889164 0.0232607834 0.275501609
v 0.108129807 0.0224466491 0.281444877
v 0.113031 0.0192754697 0.284329921
v 0.119908199 0.00638474012 0.287223011
v 0.120148979 -8.22902366e-05 0.28650105
v 0.111190259 -0.0145757077 0.278450876
v 0.107767671 -0.0158031955 0.275965184
v 0.0990726724 -0.0176907834 0.269818693
v 0.101295702 -0.0172415432 0.266535968
v 0.109990709 -0.0153539544 0.272682428
v 0.110033266 -0.0153447166 0.272712499
v 0.0958095044 -0.0184325371 0.262657762
v 0.107810229 -0.0157939568 0.275995255
v 0.0633326247 -0.0254495461 0.244554162
v 0.0655556619 -0.0250003058 0.241271421
v 0.0862109289 -0.0205162782 0.255872577
v 0.0388139151 -0.0307722837 0.227221951
v 0.0410369486 -0.0303230435 0.22393921
v 0.0845690295 -0.0208393615 0.259566128
v 0.0867920667 -0.0203901194 0.256283373
v 0.0880102962 -0.0201256555 0.257144541
v 0.0839878991 -0.0209655184 0.259155303
v 0.0935864672 -0.0188817773 0.265940517
v 0.085787259 -0.0205748975 0.260427266
v 0.0278395209 -0.0331547 0.219464183
v 0.0274060685 -0.0332488008 0.21915777
v 0.0296291038 -0.0327995569 0.21587503
v 0.0300625581 -0.0327054597 0.216181442
v 0.0305777006 0.00515792193 0.221711859
v 0.0283546653 0.00470868079 0.2249946
v 0.0292745251 0.00420352956 0.225548401
v 0.0300439857 0.00378097035 0.226011634
v 0.0322670229 0.00423021102 0.222728893
v 0.0314975604 0.00465277024 0.222265646
v 0.0266047902 0.0054180217 0.223906681
v 0.0278395209 0.00491750287 0.224674329
v 0.0300625581 0.00536674401 0.221391588
v 0.0288278256 0.00586726237 0.22062394
v 0.02703817 0.0063498118 0.219478041
v 0.0248151328 0.00590057066 0.222760782
v 0.0252299793 0.00659984071 0.218287766
v 0.0230069421 0.00615060003 0.221570507
v 0.0234247223 0.00661438098 0.217067257
v 0.0212016869 0.00616514031 0.220349997
v 0.0216438305 0.00639326032 0.215830997
v 0.0176854115 0.00548986252 0.217876405
v 0.0186685082 0.00574714318 0.218577355
v 0.0208915453 0.00619638385 0.215294614
v 0.0194207951 0.00594401918 0.219113737
v 0.018239174 0.00525730243 0.213369951
v 0.0160161387 0.00480806129 0.216652691
v 0.017220702 0.00530005572 0.217535734
v 0.0199084468 0.0059391032 0.214593664
v 0.0194437373 0.0057492964 0.214252993
v 0.0166558307 0.00435595121 0.212174386
v 0.0144327935 0.00390671007 0.215457126
v 0.0151772108 0.00324575091 0.21102114
v 0.0129541745 0.00279651 0.214303881
v 0.0138208717 0.00193988183 0.209923938
v 0.0115978355 0.00149064092 0.213206679
v 0.0126029151 0.000453847373 0.208895788
v 0.00931476429 -0.00164395117 0.211231649
v 0.00947171077 -0.00140103325 0.211371168
v 0.011694747 -0.000951792405 0.208088428
v 0.0103798788 4.60649335e-06 0.212178528
v 0.00841513742 -0.00343546038 0.210377261
v 0.00851050206 -0.00324555091 0.21046783
v 0.0107335383 -0.00279631 0.20718509
v 0.0115378005 -0.00119471038 0.207948908
v 0.0106381727 -0.00298621948 0.20709452
v 0.00991471298 -0.00489941146 0.206342787
v 0.00769167673 -0.00534865214 0.209625527
v 0.00937600899 -0.00691157253 0.205702618
v 0.00715297321 -0.00736081367 0.208985358
v 0.00902845711 -0.00899881497 0.205181614
v 0.00665314728 -0.0115855988 0.208068714
v 0.00669646962 -0.0109774666 0.208181277
v 0.0089195054 -0.0105282255 0.204898536
v 0.00680542132 -0.00944805518 0.208464354
v 0.00669795973 -0.0137480656 0.20780313
v 0.00669032196 -0.0133795142 0.2078484
v 0.00891335867 -0.0129302731 0.204565659
v 0.008876184 -0.0111363577 0.204785973
v 0.00693932548 -0.0159097835 0.207670748
v 0.00671899132 -0.0139364311 0.207791597
v 0.00894202758 -0.01348719 0.204508856
v 0.00892099552 -0.0132988244 0.204520389
v 0.00916236173 -0.0154605433 0.204388008
v 0.00959741604 -0.0175958481 0.204390407
v 0.00737437932 -0.0180450901 0.207673147
v 0.0102209933 -0.0196793918 0.204527557
v 0.00799795706 -0.020128632 0.207810298
v 0.0110256905 -0.0216864347 0.204797834
v 0.00977891963 -0.0240423921 0.20848076
v 0.00947171077 -0.0234423913 0.208354831
v 0.011694747 -0.0229931511 0.20507209
v 0.00880265515 -0.022135675 0.208080575
v 0.0120019559 -0.0235931519 0.20519802
v 0.0131381964 -0.0253769048 0.20572336
v 0.0109151602 -0.0258261468 0.209006101
v 0.0144209247 -0.0270165186 0.206367627
v 0.0121978885 -0.0274657607 0.209650367
v 0.0158349127 -0.0284925271 0.207123175
v 0.0136118755 -0.0289417673 0.210405916
v 0.0173633695 -0.0297874063 0.20798102
v 0.0151403341 -0.0302366484 0.211263761
v 0.0189881548 -0.030885784 0.208930999
v 0.0167651176 -0.031335026 0.21221374
v 0.0206899755 -0.0317746215 0.209961817
v 0.0224486273 -0.0324433632 0.211061239
v 0.020225592 -0.0328926034 0.21434398
v 0.0186685082 -0.0323005095 0.213370562
v 0.0184669383 -0.0322238617 0.213244557
v 0.0208915453 -0.0318512693 0.210087821
v 0.0242432337 -0.0328840725 0.212216213
v 0.0220201984 -0.0333333127 0.215498954
v 0.026052488 -0.033091519 0.21341303
v 0.0238294527 -0.0335407592 0.216695771
v 0.027854912 -0.0330632329 0.214637488
v 0.0256318748 -0.0335124731 0.217920229
v 0.0296291038 -0.0327995569 0.21587503
v 0.0274060685 -0.0332488008 0.21915777
v 0.0845690295 0.0164560601 0.264669955
v 0.0871167928 0.015659675 0.266286284
v 0.0893398225 0.0161089171 0.263003558
v 0.0702700987 0.0220697727 0.250905484
v 0.068047069 0.0216205325 0.25418824
v 0.0867920667 0.0169053003 0.261387229
v 0.0406133384 0.0103541734 0.234068617
v 0.0428363718 0.0108034145 0.230785877
v 0.0410369486 0.00919875503 0.229347736
v 0.0409716368 0.0106736906 0.234354988
v 0.0431946702 0.0111229317 0.231072247
v 0.0479109846 0.0153287668 0.234841645
v 0.0456879511 0.0148795256 0.238124385
v 0.0484849922 0.0173738245 0.240359858
v 0.0507080294 0.0178230666 0.237077117
v 0.0388139151 0.00874951389 0.232630476
v 0.0385268107 0.00849348772 0.232401013
v 0.0407498479 0.00894272886 0.229118273
v 0.0357368365 0.00447230833 0.225111753
v 0.0335137993 0.00402306765 0.228394493
v 0.0901646689 0.0165914372 0.268477798
v 0.0903791934 0.0168790668 0.268662423
v 0.0926022232 0.017328307 0.265379697
v 0.0899253041 0.0163334198 0.268280387
v 0.092387706 0.0170406792 0.265195042
v 0.0896635279 0.0161076393 0.268072218
v 0.0921483412 0.0167826619 0.264997661
v 0.0893820003 0.0159163941 0.267855406
v 0.0918865576 0.0165568795 0.264789492
v 0.0890835971 0.0157616287 0.267632157
v 0.0916050375 0.0163656343 0.26457265
v 0.0887713507 0.015644921 0.267404735
v 0.0913066342 0.016210869 0.264349401
v 0.0884484425 0.0155674554 0.267175466
v 0.0909943879 0.0160941612 0.264121979
v 0.0881181508 0.0155300237 0.266946673
v 0.0906714797 0.0160166975 0.26389271
v 0.0877838433 0.0155330049 0.266720682
v 0.090341188 0.0159792639 0.263663918
v 0.0874489173 0.0155763691 0.266499817
v 0.0900068805 0.015982246 0.263437957
v 0.0871167928 0.015659675 0.266286284
v 0.0896719545 0.0160256103 0.263217062
v 0.0893398225 0.0161089171 0.263003558
v 0.0357368365 0.00447230833 0.225111753
v 0.035505157 0.00428820262 0.224929661
v 0.0332821198 0.00383896171 0.228212401
v 0.0354677625 0.0042584883 0.224900275
v 0.033244729 0.0038092474 0.228183016
v 0.0329569019 0.00363069121 0.227963671
v 0.0326532535 0.00348921632 0.227738678
v 0.0351799391 0.00407993235 0.22468093
v 0.0323368683 0.00338626234 0.227510333
v 0.0348762907 0.003938457 0.224455938
v 0.0320109688 0.00332287699 0.227280974
v 0.0345599055 0.00383550301 0.224227592
v 0.0316788703 0.00329970568 0.227052897
v 0.034234006 0.0037721179 0.223998219
v 0.0313439555 0.00331698428 0.226828471
v 0.0339019075 0.00374894659 0.223770157
v 0.0310096294 0.00337453675 0.226609945
v 0.0335669927 0.00376622519 0.22354573
v 0.0306792986 0.00347177731 0.226399556
v 0.0332326666 0.00382377743 0.223327205
v 0.0303563215 0.00360771618 0.226199433
v 0.0329023339 0.00392101798 0.223116815
v 0.0300439857 0.00378097035 0.226011634
v 0.0325793587 0.00405695708 0.222916692
v 0.0322670229 0.00423021102 0.222728893
v 0.0335137993 0.00402306765 0.228394493
v 0.0527195483 -0.0199988764 0.238113016
v 0.0527165905 -0.0198377278 0.238133073
v 0.0549396239 -0.0193884876 0.234850332
v 0.0527079105 -0.0201581344 0.238083348
v 0.0549425818 -0.0195496343 0.234830275
v 0.0526818112 -0.0203136355 0.238044396
v 0.054930944 -0.0197088923 0.234800607
v 0.0526415594 -0.0204635579 0.237996623
v 0.0549048483 -0.0198643953 0.234761655
v 0.0525876246 -0.0206061415 0.23794058
v 0.0548645966 -0.0200143158 0.234713882
v 0.0525206439 -0.0207397174 0.237876937
v 0.0548106618 -0.0201569013 0.234657839
v 0.0524413958 -0.020862719 0.237806439
v 0.0547436811 -0.0202904772 0.234594196
v 0.0523508154 -0.0209737029 0.237729922
v 0.054664433 -0.020413477 0.234523699
v 0.0522499606 -0.021071367 0.237648249
v 0.0545738488 -0.0205244608 0.234447166
v 0.0521400124 -0.0211545695 0.237562418
v 0.0544729941 -0.0206221268 0.234365508
v 0.0520222671 -0.0212223325 0.237473398
v 0.0543630496 -0.0207053293 0.234279662
v 0.0518980995 -0.0212738626 0.237382263
v 0.0542453006 -0.0207730923 0.234190658
v 0.0517689623 -0.0213085562 0.237290069
v 0.0541211329 -0.0208246224 0.234099522
v 0.0516363792 -0.0213260055 0.237197891
v 0.0539919995 -0.020859316 0.234007329
v 0.0515018962 -0.0213260055 0.23710683
v 0.0538594164 -0.0208767634 0.23391515
v 0.0513670929 -0.0213085562 0.23701793
v 0.0537249334 -0.0208767634 0.233824089
v 0.0512335524 -0.0212738626 0.236932233
v 0.0535901301 -0.020859316 0.233735189
v 0.0511028357 -0.0212223325 0.236850768
v 0.0534565859 -0.0208246224 0.233649492
v 0.0509764776 -0.0211545695 0.236774474
v 0.0533258729 -0.0207730923 0.233568028
v 0.050855957 -0.021071367 0.236704245
v 0.053199511 -0.0207053293 0.233491734
v 0.0507426932 -0.0209737029 0.236640915
v 0.0530789942 -0.0206221268 0.233421504
v 0.0506380089 -0.020862719 0.236585215
v 0.0529657304 -0.0205244608 0.233358175
v 0.0505431294 -0.0207397174 0.236537799
v 0.0528610423 -0.020413477 0.233302474
v 0.0504591726 -0.0206061415 0.23649922
v 0.0527661666 -0.0202904772 0.233255044
v 0.0503871217 -0.0204635579 0.236469939
v 0.0526822098 -0.0201569013 0.233216479
v 0.0503278188 -0.0203136355 0.2364503
v 0.0526101589 -0.0200143158 0.233187199
v 0.0502819605 -0.0201581344 0.236440524
v 0.052550856 -0.0198643953 0.233167559
v 0.0502500869 -0.0199988764 0.236440733
v 0.0525049977 -0.0197088923 0.233157784
v 0.0502325669 -0.0198377278 0.236450925
v 0.0524731241 -0.0195496343 0.233157992
v 0.050229609 -0.019676581 0.236470968
v 0.0524556041 -0.0193884876 0.23316817
v 0.0502412468 -0.019517323 0.236500651
v 0.0524526462 -0.0192273408 0.233188227
v 0.0502673462 -0.0193618219 0.236539602
v 0.052464284 -0.0190680828 0.233217895
v 0.050307598 -0.0192118995 0.236587375
v 0.0524903797 -0.0189125817 0.233256862
v 0.050361529 -0.0190693159 0.236643404
v 0.0525306314 -0.0187626593 0.233304635
v 0.0504285134 -0.01893574 0.236707047
v 0.0525845662 -0.0186200738 0.233360663
v 0.0505077615 -0.0188127384 0.236777544
v 0.0526515506 -0.0184864979 0.233424306
v 0.050598342 -0.0187017545 0.236854076
v 0.052730795 -0.0183634982 0.233494803
v 0.0506991968 -0.0186040904 0.236935735
v 0.0528213792 -0.0182525143 0.233571336
v 0.0508091412 -0.0185208879 0.23702158
v 0.0529222339 -0.0181548484 0.233652994
v 0.0509268902 -0.0184531249 0.237110585
v 0.0530321784 -0.0180716459 0.23373884
v 0.0510510579 -0.0184015948 0.23720172
v 0.0531499274 -0.0180038828 0.233827844
v 0.0511801913 -0.0183669012 0.237293929
v 0.0532740951 -0.0179523528 0.23391898
v 0.0513127781 -0.0183494519 0.237386093
v 0.0534032285 -0.017917661 0.234011173
v 0.0514472611 -0.0183494519 0.237477168
v 0.0535358153 -0.0179002117 0.234103352
v 0.0515820608 -0.0183669012 0.237566069
v 0.0536702946 -0.0179002117 0.234194428
v 0.051715605 -0.0184015948 0.23765175
v 0.0538050979 -0.017917661 0.234283328
v 0.0518463217 -0.0184531249 0.237733215
v 0.0539386421 -0.0179523528 0.23436901
v 0.0519726798 -0.0185208879 0.237809509
v 0.0540693589 -0.0180038828 0.234450474
v 0.0520931967 -0.0186040904 0.237879738
v 0.054195717 -0.0180716459 0.234526768
v 0.0522064641 -0.0187017545 0.237943083
v 0.0543162338 -0.0181548484 0.234596997
v 0.0523111485 -0.0188127384 0.237998784
v 0.0544295013 -0.0182525143 0.234660327
v 0.0524060242 -0.01893574 0.238046199
v 0.0545341857 -0.0183634982 0.234716043
v 0.0524899811 -0.0190693159 0.238084778
v 0.0546290614 -0.0184864979 0.234763458
v 0.0525620356 -0.0192118995 0.238114059
v 0.0547130182 -0.0186200738 0.234802023
v 0.0526213348 -0.0193618219 0.238133699
v 0.0547850691 -0.0187626593 0.234831303
v 0.0526671931 -0.019517323 0.238143474
v 0.054844372 -0.0189125817 0.234850958
v 0.0526990704 -0.019676581 0.238143265
v 0.0548902303 -0.0190680828 0.234860733
v 0.0549221076 -0.0192273408 0.234860525
v 0.0459080003 0.00819690619 0.237358883
v 0.0459050424 0.00835805293 0.23737894
v 0.0481280796 0.00880729407 0.234096199
v 0.0458963625 0.00803764816 0.237329215
v 0.0481310375 0.00864614639 0.234076142
v 0.0458702631 0.00788214616 0.237290263
v 0.0481193997 0.0084868893 0.234046474
v 0.0458554067 0.00782681163 0.237272635
v 0.0480933003 0.0083313873 0.234007522
v 0.0480784439 0.00827605277 0.233989879
v 0.0480530486 0.00818146579 0.233959749
v 0.0458300114 0.00773222465 0.23724249
v 0.0457760803 0.00758963963 0.237186447
v 0.0457090959 0.00745606422 0.237122804
v 0.0479991175 0.0080388803 0.233903706
v 0.0456298515 0.00733306352 0.237052307
v 0.0479321331 0.00790530536 0.233840063
v 0.0455392674 0.00722207967 0.236975789
v 0.047852885 0.00778230419 0.233769566
v 0.0454384126 0.0071244142 0.236894116
v 0.0477623045 0.00767132035 0.233693048
v 0.0453284681 0.00704121217 0.236808285
v 0.0476614498 0.00757365534 0.233611375
v 0.0452107191 0.00697344868 0.236719266
v 0.0475515015 0.00749045284 0.233525544
v 0.0450865515 0.0069219186 0.23662813
v 0.0474337563 0.00742268981 0.233436525
v 0.044957418 0.0068872259 0.236535937
v 0.0473095886 0.00737115927 0.233345389
v 0.0448248312 0.00686977711 0.236443758
v 0.0471804552 0.00733646657 0.233253196
v 0.0446903482 0.00686977711 0.236352697
v 0.0470478684 0.00731901824 0.233161017
v 0.0445555486 0.0068872259 0.236263797
v 0.0469133854 0.00731901824 0.233069956
v 0.0444220044 0.0069219186 0.236178115
v 0.046778582 0.00733646657 0.232981056
v 0.0442912877 0.00697344868 0.236096635
v 0.0466450416 0.00737115927 0.232895374
v 0.0441649295 0.00704121217 0.236020342
v 0.0465143248 0.00742268981 0.232813895
v 0.0440444127 0.0071244142 0.235950112
v 0.0463879667 0.00749045284 0.232737601
v 0.0439311452 0.00722207967 0.235886782
v 0.0462674461 0.00757365534 0.232667372
v 0.0438264608 0.00733306352 0.235831082
v 0.0461541824 0.00767132035 0.232604042
v 0.0437315851 0.00745606422 0.235783666
v 0.046049498 0.00778230419 0.232548341
v 0.0436476283 0.00758963963 0.235745087
v 0.0459546186 0.00790530536 0.232500926
v 0.0435755774 0.00773222465 0.235715806
v 0.0458706655 0.0080388803 0.232462347
v 0.0435162745 0.00788214616 0.235696167
v 0.0457986109 0.00818146579 0.232433066
v 0.0434704162 0.00803764816 0.235686392
v 0.045739308 0.0083313873 0.232413426
v 0.0434691682 0.00804388616 0.235686392
v 0.0456934497 0.0084868893 0.232403651
v 0.0456922017 0.0084931273 0.232403651
v 0.0456615761 0.00864614639 0.232403859
v 0.0434385389 0.00819690619 0.2356866
v 0.0434210189 0.00835805293 0.235696793
v 0.043418061 0.00851920061 0.235716835
v 0.0456440561 0.00880729407 0.232414052
v 0.0434297025 0.00867845863 0.235746518
v 0.0456410982 0.00896844175 0.232434094
v 0.0434557982 0.0088339597 0.235785469
v 0.045652736 0.00912769977 0.232463777
v 0.0434960499 0.00898388214 0.235833243
v 0.0456788354 0.00928320084 0.232502729
v 0.0435499847 0.0091264667 0.235889271
v 0.0457190871 0.00943312328 0.232550502
v 0.0436169654 0.00926004257 0.235952914
v 0.0457730182 0.00957570784 0.23260653
v 0.0436962135 0.00938304327 0.236023411
v 0.0458400026 0.00970928371 0.232670173
v 0.0437867939 0.00949402712 0.236099944
v 0.0459192507 0.00983228441 0.23274067
v 0.0438876487 0.00959169213 0.236181602
v 0.0460098311 0.00994326733 0.232817203
v 0.0439975969 0.00967489462 0.236267447
v 0.0461106859 0.0100409333 0.232898861
v 0.0441153422 0.00974265765 0.236356452
v 0.0462206304 0.0101241348 0.232984707
v 0.0442395136 0.00979418773 0.236447603
v 0.0463383794 0.0101918988 0.233073711
v 0.044368647 0.00982888043 0.236539796
v 0.046462547 0.0102434289 0.233164847
v 0.0445012301 0.00984632969 0.23663196
v 0.0465916805 0.0102781216 0.233257055
v 0.0446357131 0.00984632969 0.236723036
v 0.0467242673 0.0102955699 0.233349219
v 0.0447705165 0.00982888043 0.236811936
v 0.0468587503 0.0102955699 0.233440295
v 0.0449040569 0.00979418773 0.236897618
v 0.0469935536 0.0102781216 0.233529195
v 0.0450347736 0.00974265765 0.236979082
v 0.0471270941 0.0102434289 0.233614877
v 0.0451611318 0.00967489462 0.237055376
v 0.0472578108 0.0101918988 0.233696342
v 0.0452816524 0.00959169213 0.237125605
v 0.047384169 0.0101241348 0.233772635
v 0.0453949161 0.00949402712 0.23718895
v 0.0475046858 0.0100409333 0.233842865
v 0.0454996005 0.00938304327 0.237244651
v 0.0476179533 0.00994326733 0.233906209
v 0.0455944799 0.00926004257 0.237292066
v 0.0477226377 0.00983228441 0.23396191
v 0.0456784368 0.0091264667 0.237330645
v 0.0478175133 0.00970928371 0.234009326
v 0.0457504876 0.00898388214 0.237359926
v 0.0479014702 0.00957570784 0.234047905
v 0.0458097905 0.0088339597 0.237379566
v 0.0479735248 0.00943312328 0.234077185
v 0.0458556488 0.00867845863 0.237389341
v 0.0480328277 0.00928320084 0.234096825
v 0.0458875224 0.00851920061 0.237389132
v 0.0480786823 0.00912769977 0.2341066
v 0.0481105596 0.00896844175 0.234106392
v 0.113537349 -0.00679601356 0.281104952
v 0.113534391 -0.00663486589 0.281125009
v 0.115757428 -0.00618562521 0.277842253
v 0.113525711 -0.00695527112 0.281075269
v 0.115760386 -0.00634677242 0.277822226
v 0.113499612 -0.00711077265 0.281036317
v 0.115748748 -0.00650603045 0.277792543
v 0.113459364 -0.00726069463 0.280988544
v 0.115722649 -0.00666153198 0.277753592
v 0.113405429 -0.00740327965 0.280932516
v 0.115682393 -0.00681145396 0.277705818
v 0.113338448 -0.00753685506 0.280868888
v 0.115628466 -0.00695403852 0.27764979
v 0.113259196 -0.00765985576 0.280798376
v 0.115561478 -0.00708761439 0.277586132
v 0.113168612 -0.00777083961 0.280721843
v 0.115482233 -0.00721061509 0.27751565
v 0.113067761 -0.00786850508 0.280640185
v 0.115391649 -0.00732159894 0.277439117
v 0.112957813 -0.00795170758 0.280554354
v 0.115290798 -0.00741926441 0.277357459
v 0.112840064 -0.00801947061 0.280465335
v 0.11518085 -0.00750246644 0.277271599
v 0.1127159 -0.00807100069 0.280374199
v 0.115063101 -0.00757022947 0.277182609
v 0.112586766 -0.00810569339 0.280282021
v 0.114938937 -0.00762176001 0.277091473
v 0.112454183 -0.00812314171 0.280189842
v 0.114809804 -0.00765645271 0.276999265
v 0.1123197 -0.00812314171 0.280098766
v 0.114677213 -0.00767390151 0.276907086
v 0.112184897 -0.00810569339 0.280009866
v 0.11454273 -0.00767390151 0.27681601
v 0.112051353 -0.00807100069 0.279924184
v 0.114407934 -0.00765645271 0.27672711
v 0.11192064 -0.00801947061 0.279842705
v 0.11427439 -0.00762176001 0.276641428
v 0.111794278 -0.00795170758 0.279766411
v 0.11414367 -0.00757022947 0.276559979
v 0.111673757 -0.00786850508 0.279696196
v 0.114017315 -0.00750246644 0.276483685
v 0.111560494 -0.00777083961 0.279632837
v 0.113896795 -0.00741926441 0.276413441
v 0.111455806 -0.00765985576 0.279577136
v 0.111522771 -0.00773084676 0.27961278
v 0.113745809 -0.00728160609 0.276330024
v 0.113783531 -0.00732159894 0.276350111
v 0.11136093 -0.00753685506 0.279529721
v 0.113678843 -0.00721061509 0.27629441
v 0.111276977 -0.00740327965 0.279491156
v 0.113583967 -0.00708761439 0.276246995
v 0.111204922 -0.00726069463 0.27946189
v 0.113500014 -0.00695403852 0.276208401
v 0.111145623 -0.00711077265 0.279442221
v 0.113427959 -0.00681145396 0.276179135
v 0.111099765 -0.00695527112 0.279432446
v 0.11336866 -0.00666153198 0.276159495
v 0.111067891 -0.00679601356 0.279432654
v 0.113322802 -0.00650603045 0.27614972
v 0.111050367 -0.00663486589 0.279442847
v 0.113290921 -0.00634677242 0.276149929
v 0.111047409 -0.00647371868 0.279462904
v 0.113273405 -0.00618562521 0.276160121
v 0.111059047 -0.00631446065 0.279492587
v 0.113270447 -0.006024478 0.276180178
v 0.111085147 -0.00615895912 0.279531538
v 0.113282084 -0.00586521998 0.276209831
v 0.111125395 -0.00600903714 0.279579312
v 0.113308184 -0.00570971845 0.276248783
v 0.111179329 -0.00586645259 0.27963534
v 0.113348432 -0.00555979647 0.276296556
v 0.111246318 -0.00573287671 0.279698998
v 0.113402367 -0.00541721191 0.276352614
v 0.111325562 -0.00560987601 0.27976948
v 0.113469347 -0.00528363604 0.276416242
v 0.111416146 -0.00549889263 0.279846013
v 0.113548599 -0.00516063534 0.276486754
v 0.111516997 -0.00540122716 0.279927671
v 0.113639176 -0.00504965149 0.276563257
v 0.111626945 -0.00531802513 0.280013502
v 0.111522771 -0.00539685879 0.279932171
v 0.113745809 -0.00494761765 0.276649445
v 0.113740034 -0.00495198602 0.276644945
v 0.111744694 -0.00525026163 0.280102521
v 0.113849983 -0.00486878399 0.276730776
v 0.111868858 -0.00519873155 0.280193657
v 0.113967724 -0.00480102049 0.276819795
v 0.111997992 -0.00516403839 0.280285865
v 0.114091896 -0.00474949041 0.276910931
v 0.112130582 -0.00514659006 0.280378044
v 0.114221029 -0.00471479772 0.277003109
v 0.112265058 -0.00514659006 0.28046909
v 0.114353612 -0.00469734892 0.277095288
v 0.112399861 -0.00516403839 0.28055799
v 0.114488095 -0.00469734892 0.277186364
v 0.112533405 -0.00519873155 0.280643702
v 0.114622898 -0.00471479772 0.277275264
v 0.112664126 -0.00525026163 0.280725151
v 0.114756443 -0.00474949041 0.277360946
v 0.11279048 -0.00531802513 0.280801445
v 0.114887156 -0.00480102049 0.277442425
v 0.112911001 -0.00540122716 0.280871689
v 0.115013517 -0.00486878399 0.277518719
v 0.113024265 -0.00549889263 0.280935019
v 0.115134038 -0.00495198602 0.277588934
v 0.113128953 -0.00560987601 0.28099072
v 0.115247302 -0.00504965149 0.277652264
v 0.113223828 -0.00573287671 0.281038135
v 0.115351982 -0.00516063534 0.277707964
v 0.113307782 -0.00586645259 0.281076699
v 0.115446866 -0.00528363604 0.27775538
v 0.113379836 -0.00600903714 0.281105995
v 0.115530819 -0.00541721191 0.277793974
v 0.113439135 -0.00615895912 0.281125635
v 0.115602873 -0.00555979647 0.27782324
v 0.113484994 -0.00631446065 0.28113541
v 0.115662172 -0.00570971845 0.277842879
v 0.113516875 -0.00647371868 0.281135201
v 0.115708031 -0.00586521998 0.277852654
v 0.115739904 -0.006024478 0.277852446
v 0.0764356405 0.0148241138 0.258938789
v 0.0764326826 0.0149852606 0.258958846
v 0.0786557198 0.0154345017 0.255676091
v 0.0764240026 0.0146648558 0.258909106
v 0.0786586776 0.0152733549 0.255656064
v 0.0763979033 0.0145093538 0.258870155
v 0.0786470324 0.0151140969 0.25562638
v 0.0763576478 0.0143594323 0.258822381
v 0.0786209404 0.0149585949 0.255587429
v 0.0763037205 0.0142168477 0.258766353
v 0.078580685 0.0148086734 0.255539656
v 0.0762367323 0.0140832718 0.258702725
v 0.0785267502 0.0146660879 0.255483627
v 0.0761574879 0.0139602711 0.258632213
v 0.0784597695 0.014532513 0.25541997
v 0.0760669038 0.0138492873 0.258555681
v 0.0783805251 0.0144095123 0.255349487
v 0.0759660527 0.0137516223 0.258474022
v 0.078289941 0.0142985284 0.255272955
v 0.0758561045 0.0136684198 0.258388191
v 0.0781890899 0.0142008625 0.255191296
v 0.0757383555 0.0136006568 0.258299172
v 0.0780791417 0.0141176609 0.255105436
v 0.0756141916 0.0135491267 0.258208036
v 0.0779613927 0.014049897 0.255016446
v 0.0754850581 0.0135144331 0.258115828
v 0.0778372213 0.0139983669 0.254925281
v 0.0753524676 0.0134969847 0.258023679
v 0.0777080879 0.0139636742 0.254833102
v 0.0752179846 0.0134969847 0.257932603
v 0.0775755048 0.0139462259 0.254740924
v 0.0750831813 0.0135144331 0.257843703
v 0.0774410218 0.0139462259 0.254649848
v 0.0749496445 0.0135491267 0.257758021
v 0.0773062184 0.0139636742 0.254560947
v 0.0748189241 0.0136006568 0.257676542
v 0.0771726817 0.0139983669 0.254475266
v 0.0746925697 0.0136684198 0.257600248
v 0.0770419613 0.014049897 0.254393816
v 0.0745720491 0.0137516223 0.257530034
v 0.0769156069 0.0141176609 0.254317522
v 0.0744587854 0.0138492873 0.257466674
v 0.0767950863 0.0142008625 0.254247278
v 0.0743540972 0.0139602711 0.257410973
v 0.0766818225 0.0142985284 0.254183948
v 0.0742592216 0.0140832718 0.257363558
v 0.0765771344 0.0144095123 0.254128247
v 0.0741752684 0.0142168477 0.257324994
v 0.0764822587 0.014532513 0.254080832
v 0.0741032138 0.0143594323 0.257295698
v 0.0763982981 0.0146660879 0.254042238
v 0.0740439072 0.0145093538 0.257276058
v 0.076326251 0.0148086734 0.254012972
v 0.0739980564 0.0146648558 0.257266283
v 0.0762669444 0.0149585949 0.253993332
v 0.0739661753 0.0148241138 0.257266492
v 0.0762210861 0.0151140969 0.253983557
v 0.073948659 0.0149852606 0.257276684
v 0.0761892125 0.0152733549 0.253983766
v 0.0739457011 0.0151464082 0.257296741
v 0.0761716962 0.0154345017 0.253993958
v 0.0739573389 0.0153056663 0.257326424
v 0.0761687383 0.0155956494 0.254013985
v 0.0739834383 0.0154611673 0.257365376
v 0.0761803761 0.0157549065 0.254043669
v 0.0740236863 0.0156110898 0.257413149
v 0.0762064755 0.0159104094 0.25408262
v 0.0740776211 0.0157536753 0.257469177
v 0.0762467235 0.01606033 0.254130393
v 0.0741446018 0.0158872493 0.257532835
v 0.0763006583 0.0162029155 0.254186451
v 0.0742238536 0.0160102509 0.257603317
v 0.076367639 0.0163364913 0.254250079
v 0.0743144304 0.0161212347 0.25767985
v 0.0764468834 0.0164594911 0.254320592
v 0.0744152889 0.0162189007 0.257761508
v 0.0765374675 0.016570475 0.254397094
v 0.0745252371 0.0163021013 0.257847339
v 0.076638326 0.0166681409 0.254478782
v 0.0746429786 0.0163698662 0.257936358
v 0.0767482668 0.0167513434 0.254564613
v 0.07476715 0.0164213963 0.258027494
v 0.0768660158 0.0168191064 0.254653633
v 0.0748962834 0.0164560881 0.258119702
v 0.0769901872 0.0168706365 0.254744768
v 0.0750288665 0.0164735373 0.258211881
v 0.0771193206 0.0169053301 0.254836947
v 0.0751633495 0.0164735373 0.258302927
v 0.0772519037 0.0169227775 0.254929125
v 0.0752981529 0.0164560881 0.258391827
v 0.0773863867 0.0169227775 0.255020201
v 0.0754316971 0.0164213963 0.258477509
v 0.07752119 0.0169053301 0.255109102
v 0.0755624101 0.0163698662 0.258558989
v 0.0776547343 0.0168706365 0.255194783
v 0.0756887719 0.0163021013 0.258635283
v 0.0777854472 0.0168191064 0.255276263
v 0.0758092925 0.0162189007 0.258705527
v 0.0779118091 0.0167513434 0.255352557
v 0.0759225562 0.0161212347 0.258768857
v 0.0780323222 0.0166681409 0.255422771
v 0.0760272369 0.0160102509 0.258824557
v 0.0781455934 0.016570475 0.255486101
v 0.07612212 0.0158872493 0.258871973
v 0.0782502741 0.0164594911 0.255541801
v 0.0762060732 0.0157536753 0.258910537
v 0.0783451498 0.0163364913 0.255589217
v 0.0762781277 0.0156110898 0.258939832
v 0.0784291103 0.0162029155 0.255627811
v 0.0763374269 0.0154611673 0.258959472
v 0.0785011575 0.01606033 0.255657077
v 0.0763832852 0.0153056663 0.258969247
v 0.0785604641 0.0159104094 0.255676717
v 0.0764151588 0.0151464082 0.258969039
v 0.0786063224 0.0157549065 0.255686492
v 0.078638196 0.0155956494 0.255686283
v 0.104488157 0.00366241392 0.276408166
v 0.104486182 0.00376984524 0.276421547
v 0.10670922 0.00421908638 0.273138791
v 0.104480393 0.00355624175 0.276388377
v 0.106711194 0.00411165459 0.27312544
v 0.104462996 0.00345257414 0.276362419
v 0.10670343 0.00400548289 0.273105651
v 0.104436167 0.00335262623 0.27633056
v 0.106686033 0.00390181504 0.273079693
v 0.10440021 0.00325756962 0.276293218
v 0.106659196 0.00380186713 0.273047835
v 0.104355551 0.00316851912 0.27625078
v 0.106623247 0.00370681053 0.273010463
v 0.104302719 0.00308651873 0.276203781
v 0.106578588 0.00361776003 0.272968054
v 0.104242332 0.00301252957 0.27615276
v 0.106525756 0.00353575964 0.272921056
v 0.104175098 0.00294741942 0.276098341
v 0.106465369 0.00346177048 0.272870034
v 0.104101799 0.00289195124 0.27604109
v 0.106398135 0.00339666032 0.272815585
v 0.1040233 0.00284677558 0.275981754
v 0.106324837 0.00334119215 0.272758365
v 0.103940524 0.00281242235 0.275921017
v 0.106246337 0.00329601648 0.272699028
v 0.103854433 0.00278929365 0.275859535
v 0.106163561 0.00326166302 0.272638261
v 0.103766039 0.0027776612 0.275798082
v 0.10607747 0.00323853455 0.272576809
v 0.103676386 0.0027776612 0.275737375
v 0.105989076 0.0032269021 0.272515357
v 0.103586517 0.00278929365 0.275678098
v 0.105899423 0.0032269021 0.272454649
v 0.10349749 0.00281242235 0.275620997
v 0.105809554 0.00323853455 0.272395372
v 0.103410348 0.00284677558 0.275566667
v 0.105720527 0.00326166302 0.272338241
v 0.103326105 0.00289195124 0.275515825
v 0.105633385 0.00329601648 0.272283942
v 0.103245765 0.00294741942 0.275469005
v 0.105549142 0.00334119215 0.272233069
v 0.103170253 0.00301252957 0.275426775
v 0.105468802 0.00339666032 0.272186249
v 0.103100464 0.00308651873 0.275389642
v 0.105393291 0.00346177048 0.27214402
v 0.103037208 0.00316851912 0.275358021
v 0.105323501 0.00353575964 0.272106886
v 0.10298124 0.00325756962 0.275332302
v 0.105260246 0.00361776003 0.272075295
v 0.102933206 0.00335262623 0.275312781
v 0.105204277 0.00370681053 0.272049576
v 0.102893673 0.00345257414 0.275299698
v 0.105156243 0.00380186713 0.272030056
v 0.102863096 0.00355624175 0.275293171
v 0.105116703 0.00390181504 0.272016943
v 0.102841847 0.00366241392 0.27529332
v 0.105086133 0.00400548289 0.272010446
v 0.102830172 0.00376984524 0.275300115
v 0.105064884 0.00411165459 0.272010565
v 0.102828197 0.00387727679 0.275313467
v 0.105053201 0.00421908638 0.27201736
v 0.102835953 0.00398344873 0.275333256
v 0.105051234 0.00432651769 0.272030741
v 0.10285335 0.00408711657 0.275359213
v 0.10505899 0.00443268986 0.27205053
v 0.102880187 0.00418706471 0.275391072
v 0.105076388 0.00453635724 0.272076488
v 0.102916144 0.00428212108 0.275428444
v 0.105103225 0.00463630538 0.272108346
v 0.102960795 0.00437117135 0.275470853
v 0.105139181 0.00473136175 0.272145689
v 0.103013627 0.00445317198 0.275517851
v 0.105183832 0.00482041249 0.272188127
v 0.103074022 0.0045271609 0.275568873
v 0.105236664 0.00490241265 0.272235125
v 0.103141256 0.00459227152 0.275623322
v 0.105297051 0.00497640204 0.272286147
v 0.103214554 0.00464773923 0.275680542
v 0.105364293 0.0050415122 0.272340566
v 0.103293054 0.0046929149 0.275739878
v 0.103232041 0.00465780217 0.275693774
v 0.105455071 0.00510704331 0.272411019
v 0.105437592 0.00509698037 0.272397816
v 0.10337583 0.00472726859 0.275800645
v 0.105516084 0.00514215603 0.272457153
v 0.103461921 0.00475039706 0.275862098
v 0.105598867 0.00517650926 0.27251789
v 0.103550307 0.00476202928 0.27592355
v 0.105684951 0.00519963773 0.272579372
v 0.10363996 0.00476202928 0.275984257
v 0.105773345 0.00521127041 0.272640824
v 0.103729829 0.00475039706 0.276043534
v 0.105862997 0.00521127041 0.272701532
v 0.103818864 0.00472726859 0.276100665
v 0.105952866 0.00519963773 0.272760808
v 0.103906006 0.0046929149 0.276154965
v 0.106041893 0.00517650926 0.27281791
v 0.103990242 0.00464773923 0.276205838
v 0.106129043 0.00514215603 0.272872239
v 0.104070589 0.00459227152 0.276252657
v 0.106213279 0.00509698037 0.272923082
v 0.104146101 0.0045271609 0.276294887
v 0.104084529 0.00458025187 0.276260436
v 0.106307566 0.00502949255 0.27297771
v 0.106293626 0.0050415122 0.272969902
v 0.10421589 0.00445317198 0.276332021
v 0.106369138 0.00497640204 0.273012131
v 0.104279138 0.00437117135 0.276363611
v 0.106438927 0.00490241265 0.273049265
v 0.104335114 0.00428212108 0.276389331
v 0.106502175 0.00482041249 0.273080885
v 0.104383148 0.00418706471 0.276408851
v 0.106558144 0.00473136175 0.273106605
v 0.104422681 0.00408711657 0.276421964
v 0.106606185 0.00463630538 0.273126125
v 0.104453251 0.00398344873 0.276428461
v 0.106645718 0.00453635724 0.273139209
v 0.1044745 0.00387727679 0.276428342
v 0.106676288 0.00443268986 0.273145735
v 0.106697537 0.00432651769 0.273145586
v 0.0149127329 -0.0159487817 0.213064924
v 0.0149096269 -0.0157795772 0.213085979
v 0.0171326641 -0.0153303361 0.209803239
v 0.014900513 -0.0161160026 0.213033766
v 0.0171357691 -0.0154995406 0.209782183
v 0.0148731107 -0.0162792783 0.212992862
v 0.0171235483 -0.0156667624 0.209751025
v 0.0148308463 -0.0164366979 0.21294269
v 0.0170961469 -0.0158300381 0.209710121
v 0.0147742163 -0.0165864117 0.21288386
v 0.0170538817 -0.0159874558 0.209659949
v 0.0147038847 -0.0167266652 0.212817043
v 0.0169972517 -0.0161371697 0.209601119
v 0.0146206748 -0.0168558173 0.212743014
v 0.01692692 -0.016277425 0.209534302
v 0.0145255635 -0.01697235 0.212662652
v 0.0168437101 -0.0164065752 0.209460273
v 0.0144196656 -0.0170748979 0.212576911
v 0.0167485997 -0.0165231079 0.209379911
v 0.0143042225 -0.0171622597 0.212486774
v 0.0166427027 -0.0166256577 0.20929417
v 0.0141805885 -0.0172334127 0.212393314
v 0.0165272597 -0.0167130195 0.209204033
v 0.0140502118 -0.0172875188 0.212297618
v 0.0164036248 -0.0167841706 0.209110573
v 0.0139146205 -0.0173239466 0.21220082
v 0.0162732471 -0.0168382768 0.209014878
v 0.0137754064 -0.0173422676 0.212104037
v 0.0161376577 -0.0168747045 0.20891808
v 0.0136342002 -0.0173422676 0.212008417
v 0.0159984417 -0.0168930255 0.208821297
v 0.0134926569 -0.0173239466 0.211915076
v 0.0158572365 -0.0168930255 0.208725676
v 0.0133524379 -0.0172875188 0.211825103
v 0.0157156941 -0.0168747045 0.208632335
v 0.0132151851 -0.0172334127 0.211739555
v 0.0155754741 -0.0168382768 0.208542362
v 0.0130825089 -0.0171622597 0.211659446
v 0.0154382214 -0.0167841706 0.208456814
v 0.0129559645 -0.0170748979 0.211585715
v 0.0153055452 -0.0167130195 0.208376706
v 0.0128370356 -0.01697235 0.211519212
v 0.0151790008 -0.0166256577 0.208302975
v 0.0127271172 -0.0168558173 0.211460724
v 0.0150600718 -0.0165231079 0.208236471
v 0.0126274964 -0.0167266652 0.211410925
v 0.0149501525 -0.0164065752 0.208177984
v 0.012539342 -0.0165864117 0.211370423
v 0.0148505317 -0.016277425 0.208128184
v 0.012463687 -0.0164366979 0.211339682
v 0.0147623774 -0.0161371697 0.208087683
v 0.0124014197 -0.0162792783 0.211319059
v 0.0146867232 -0.0159874558 0.208056942
v 0.0123532685 -0.0161160026 0.211308792
v 0.0146244559 -0.0158300381 0.208036318
v 0.0123197995 -0.0159487817 0.211309016
v 0.0145763047 -0.0156667624 0.208026052
v 0.012301404 -0.0157795772 0.211319715
v 0.0145428358 -0.0154995406 0.208026275
v 0.0122982981 -0.0156103726 0.21134077
v 0.0145244403 -0.0153303361 0.208036974
v 0.0123105189 -0.0154431518 0.211371928
v 0.0145213343 -0.0151611315 0.208058029
v 0.0123379212 -0.0152798751 0.211412832
v 0.0145335542 -0.0149939107 0.208089188
v 0.0123801855 -0.0151224565 0.211462989
v 0.0145609574 -0.014830634 0.208130091
v 0.0124368155 -0.0149727426 0.211521834
v 0.0146032218 -0.0146732163 0.208180249
v 0.0125071472 -0.0148324883 0.211588651
v 0.0146598518 -0.0145235024 0.208239079
v 0.0125903571 -0.014703338 0.211662665
v 0.0147301834 -0.0143832471 0.20830591
v 0.0126854675 -0.0145868044 0.211743027
v 0.0148133924 -0.0142540969 0.208379924
v 0.0127870487 -0.0144884372 0.211825281
v 0.0149085037 -0.0141375642 0.208460286
v 0.015010084 -0.0140391961 0.208542541
v 0.0150144016 -0.0140350154 0.208546028
v 0.0127913654 -0.0144842565 0.211828768
v 0.0129068084 -0.0143968938 0.211918905
v 0.0130304433 -0.0143257426 0.212012365
v 0.0151298447 -0.0139476527 0.208636165
v 0.0131608201 -0.0142716356 0.212108061
v 0.0152534796 -0.0138765015 0.208729625
v 0.0132964104 -0.0142352078 0.212204874
v 0.0153838564 -0.0138223944 0.20882532
v 0.0134356255 -0.0142168868 0.212301642
v 0.0155194467 -0.0137859676 0.208922118
v 0.0135768317 -0.0142168868 0.212397277
v 0.0156586617 -0.0137676466 0.209018901
v 0.0137183741 -0.0142352078 0.212490618
v 0.015799867 -0.0137676466 0.209114537
v 0.013858594 -0.0142716356 0.212580591
v 0.0159414113 -0.0137859676 0.209207878
v 0.0139958458 -0.0143257426 0.212666124
v 0.0160816293 -0.0138223944 0.209297851
v 0.014128522 -0.0143968938 0.212746233
v 0.0162188821 -0.0138765015 0.209383383
v 0.0142550664 -0.0144842565 0.212819979
v 0.0163515583 -0.0139476527 0.209463492
v 0.0143739954 -0.0145868044 0.212886482
v 0.0164781027 -0.0140350154 0.209537238
v 0.0144214528 -0.0146371173 0.212911725
v 0.0165970325 -0.0141375642 0.209603742
v 0.016644489 -0.0141878761 0.209628984
v 0.016706951 -0.0142540969 0.209662229
v 0.0144839147 -0.014703338 0.21294497
v 0.0145835355 -0.0148324883 0.212994754
v 0.0146716898 -0.0149727426 0.213035256
v 0.0168065708 -0.0143832471 0.209712014
v 0.0147473449 -0.0151224565 0.213065997
v 0.0168947261 -0.0145235024 0.209752515
v 0.0148096122 -0.0152798751 0.213086635
v 0.0169703811 -0.0146732163 0.209783256
v 0.0148577625 -0.0154431518 0.213096887
v 0.0170326475 -0.014830634 0.209803879
v 0.0148912324 -0.0156103726 0.213096678
v 0.0170807987 -0.0149939107 0.209814146
v 0.0171142686 -0.0151611315 0.209813923
v 0.0953168944 0.00150605978 0.269902408
v 0.0953137875 0.00167526433 0.269923449
v 0.0975368246 0.00212450535 0.266640723
v 0.0953046754 0.00133883883 0.269871235
v 0.0975399315 0.00195530057 0.266619653
v 0.0952772722 0.00117556227 0.269830346
v 0.0975277126 0.00178807974 0.266588509
v 0.095235005 0.00101814419 0.269780189
v 0.0975003093 0.00162480306 0.26654759
v 0.0951783732 0.000868430245 0.269721329
v 0.0974580422 0.0014673851 0.266497433
v 0.0951080471 0.000728175743 0.269654512
v 0.0974014103 0.00131767115 0.266438603
v 0.095024839 0.000599024992 0.269580483
v 0.0973310843 0.00117741665 0.266371787
v 0.0949297249 0.00048249212 0.269500136
v 0.0972478688 0.00104826584 0.266297758
v 0.0948238298 0.000379943405 0.269414395
v 0.0971527621 0.000931732997 0.266217411
v 0.0947083831 0.000292581186 0.269324273
v 0.0970468596 0.000829184311 0.266131639
v 0.0945847481 0.00022142964 0.269230813
v 0.0969314203 0.000741822063 0.266041517
v 0.0944543704 0.000167322985 0.269135118
v 0.0968077853 0.000670670532 0.265948057
v 0.0943187848 0.000130895569 0.26903829
v 0.0966774076 0.000616563892 0.265852362
v 0.0941795632 0.000112574453 0.268941522
v 0.0965418145 0.000580136431 0.265755564
v 0.0940383598 0.000112574453 0.268845886
v 0.0964026004 0.000561815337 0.265658766
v 0.0938968211 0.000130895569 0.268752545
v 0.096261397 0.000561815337 0.26556316
v 0.0937566012 0.000167322985 0.268662572
v 0.0961198509 0.000580136431 0.265469819
v 0.0936193466 0.00022142964 0.268577039
v 0.0959796309 0.000616563892 0.265379846
v 0.0934866667 0.000292581186 0.268496931
v 0.0958423838 0.000670670532 0.265294313
v 0.093360126 0.000379943405 0.2684232
v 0.0957097039 0.000741822063 0.265214205
v 0.0932411999 0.00048249212 0.268356681
v 0.0955831632 0.000829184311 0.265140444
v 0.093131274 0.000599024992 0.268298209
v 0.0954642296 0.000931732997 0.265073955
v 0.0930316597 0.000728175743 0.268248409
v 0.0953543112 0.00104826584 0.265015453
v 0.0929435045 0.000868430245 0.268207908
v 0.0952546895 0.00117741665 0.264965683
v 0.0928678513 0.00101814419 0.268177152
v 0.0951665416 0.00131767115 0.264925182
v 0.0928055793 0.00117556227 0.268156528
v 0.095090881 0.0014673851 0.264894426
v 0.0927574262 0.00133883883 0.268146276
v 0.0950286165 0.00162480306 0.264873803
v 0.0927239582 0.00150605978 0.268146485
v 0.0949804634 0.00178807974 0.264863551
v 0.0927055627 0.00167526433 0.268157184
v 0.0949469954 0.00195530057 0.264863759
v 0.0927024558 0.00184446899 0.268178254
v 0.0949285999 0.00212450535 0.264874458
v 0.0927146822 0.00201168982 0.268209398
v 0.094925493 0.0022937099 0.264895499
v 0.0927420855 0.0021749665 0.268250316
v 0.094937712 0.00246093073 0.264926672
v 0.0927843451 0.00233238447 0.268300474
v 0.0949651152 0.00262420741 0.264967561
v 0.092840977 0.00248209853 0.268359303
v 0.0950073823 0.00278162537 0.265017718
v 0.0929113105 0.00262235291 0.26842612
v 0.0950640142 0.00293133943 0.265076578
v 0.0929945186 0.00275150384 0.268500149
v 0.0951343477 0.00307159382 0.265143394
v 0.0930896252 0.00286803674 0.268580496
v 0.0952175558 0.00320074474 0.265217423
v 0.0931955278 0.00297058537 0.268666267
v 0.0953126624 0.00331727741 0.265297771
v 0.0933109671 0.00305794762 0.26875639
v 0.095418565 0.00341982627 0.265383512
v 0.093434602 0.00312909903 0.26884985
v 0.0955340043 0.00350718852 0.265473634
v 0.0935649797 0.00318320584 0.268945545
v 0.0956576392 0.00357833994 0.265567094
v 0.0937005728 0.00321963313 0.269042343
v 0.0957880169 0.00363244675 0.265662789
v 0.0938397869 0.00323795434 0.269139141
v 0.09592361 0.00366887404 0.265759617
v 0.0939809904 0.00323795434 0.269234747
v 0.0960628241 0.00368719525 0.265856385
v 0.0941225365 0.00321963313 0.269328088
v 0.0962040275 0.00368719525 0.265952021
v 0.0942627564 0.00318320584 0.269418061
v 0.0963455737 0.00366887404 0.266045362
v 0.0944000036 0.00312909903 0.269503623
v 0.0964857936 0.00363244675 0.266135335
v 0.0945326835 0.00305794762 0.269583732
v 0.0966230407 0.00357833994 0.266220868
v 0.0946592242 0.00297058537 0.269657463
v 0.0967557207 0.00350718852 0.266300976
v 0.0947781578 0.00286803674 0.269723952
v 0.0968822613 0.00341982627 0.266374707
v 0.0948880762 0.00275150384 0.269782454
v 0.097001195 0.00331727741 0.266441226
v 0.0949876979 0.00262235291 0.269832253
v 0.0971111134 0.00320074474 0.266499698
v 0.0950758532 0.00248209853 0.269872755
v 0.0972107351 0.00307159382 0.266549498
v 0.0951515064 0.00233238447 0.269903481
v 0.0972988904 0.00293133943 0.266589999
v 0.0952137709 0.0021749665 0.269924104
v 0.0973745435 0.00278162537 0.266620755
v 0.095261924 0.00201168982 0.269934386
v 0.097436808 0.00262420741 0.266641378
v 0.095295392 0.00184446899 0.269934148
v 0.0974849612 0.00246093073 0.26665163
v 0.0975184292 0.0022937099 0.266651422
v 0.114613891 0.00569522148 0.283543408
v 0.114610784 0.00586442649 0.283564448
v 0.116833821 0.00631366717 0.280281723
v 0.114601672 0.00552800065 0.283512235
v 0.116836928 0.00614446262 0.280260652
v 0.114574268 0.00536472397 0.283471346
v 0.116824709 0.00597724179 0.280229509
v 0.114532009 0.00520730624 0.283421189
v 0.116797306 0.00581396511 0.28018859
v 0.114475377 0.00505759241 0.283362329
v 0.116755038 0.00565654691 0.280138433
v 0.114405043 0.00491733756 0.283295512
v 0.116698414 0.00550683308 0.280079603
v 0.114321835 0.00478818687 0.283221483
v 0.116628081 0.0053665787 0.280012786
v 0.114226721 0.0046716542 0.283141136
v 0.116544873 0.00523742801 0.279938757
v 0.114120826 0.00456910534 0.283055395
v 0.116449758 0.00512089487 0.27985841
v 0.114005379 0.00448174309 0.282965273
v 0.116343863 0.00501834648 0.279772639
v 0.113881744 0.00441059144 0.282871813
v 0.116228417 0.00493098423 0.279682517
v 0.113751367 0.00435648486 0.282776117
v 0.116104782 0.00485983258 0.279589057
v 0.113615781 0.00432005757 0.28267929
v 0.115974404 0.004805726 0.279493362
v 0.113476567 0.0043017366 0.282582521
v 0.115838818 0.00476929825 0.279396564
v 0.113335356 0.0043017366 0.282486886
v 0.115699604 0.00475097727 0.279299766
v 0.113193817 0.00432005757 0.282393545
v 0.115558393 0.00475097727 0.27920416
v 0.113053598 0.00435648486 0.282303572
v 0.115416855 0.00476929825 0.279110819
v 0.112916343 0.00441059144 0.282218039
v 0.115276635 0.004805726 0.279020846
v 0.11278367 0.00448174309 0.28213793
v 0.11513938 0.00485983258 0.278935283
v 0.112657122 0.00456910534 0.282064199
v 0.115006708 0.00493098423 0.278855175
v 0.112538196 0.0046716542 0.281997681
v 0.114880159 0.00501834648 0.278781444
v 0.112428278 0.00478818687 0.281939209
v 0.114761233 0.00512089487 0.278714955
v 0.112328656 0.00491733756 0.281889409
v 0.114651315 0.00523742801 0.278656453
v 0.112240501 0.00505759241 0.281848907
v 0.114551693 0.0053665787 0.278606653
v 0.112164848 0.00520730624 0.281818151
v 0.114463538 0.00550683308 0.278566152
v 0.112102576 0.00536472397 0.281797528
v 0.114387885 0.00565654691 0.278535426
v 0.11205443 0.00552800065 0.281787276
v 0.114325613 0.00581396511 0.278514802
v 0.112020962 0.00569522148 0.281787485
v 0.114277467 0.00597724179 0.278504521
v 0.112002566 0.00586442649 0.281798184
v 0.114243992 0.00614446262 0.278504759
v 0.11199946 0.00603363104 0.281819254
v 0.114225596 0.00631366717 0.278515458
v 0.112011679 0.00620085187 0.281850398
v 0.114222497 0.00648287171 0.278536499
v 0.112039082 0.00636412855 0.281891316
v 0.114234716 0.00665009255 0.278567672
v 0.112081341 0.00652154628 0.281941473
v 0.114262119 0.00681336923 0.278608561
v 0.112137973 0.00667126058 0.282000303
v 0.114304379 0.00697078742 0.278658718
v 0.112208307 0.00681151496 0.28206712
v 0.11436101 0.00712050125 0.278717577
v 0.112291515 0.00694066565 0.282141149
v 0.114431344 0.00726075564 0.278784394
v 0.112386629 0.00705719879 0.282221496
v 0.114514552 0.00738990679 0.278858423
v 0.112492524 0.00715974718 0.282307267
v 0.114609666 0.00750643946 0.27893877
v 0.112607971 0.00724710943 0.282397389
v 0.114715561 0.00760898832 0.279024512
v 0.112731606 0.00731826108 0.282490849
v 0.114831001 0.00769635057 0.279114634
v 0.112861976 0.00737236766 0.282586545
v 0.114954636 0.00776750175 0.279208094
v 0.112997569 0.00740879495 0.282683343
v 0.115085013 0.00782160833 0.279303789
v 0.113136783 0.00742711639 0.282780141
v 0.115220606 0.00785803609 0.279400617
v 0.113277994 0.00742711639 0.282875746
v 0.11535982 0.00787635706 0.279497385
v 0.113419533 0.00740879495 0.282969087
v 0.115501024 0.00787635706 0.279593021
v 0.113559753 0.00737236766 0.283059061
v 0.11564257 0.00785803609 0.279686362
v 0.113697007 0.00731826108 0.283144593
v 0.11578279 0.00782160833 0.279776335
v 0.11382968 0.00724710943 0.283224702
v 0.115920044 0.00776750175 0.279861867
v 0.113956228 0.00715974718 0.283298463
v 0.116052717 0.00769635057 0.279941976
v 0.114075154 0.00705719879 0.283364952
v 0.116179265 0.00760898832 0.280015707
v 0.114185072 0.00694066565 0.283423454
v 0.116298191 0.00750643946 0.280082226
v 0.114284694 0.00681151496 0.283473223
v 0.11640811 0.00738990679 0.280140698
v 0.114372849 0.00667126058 0.283513725
v 0.116507731 0.00726075564 0.280190498
v 0.114448503 0.00652154628 0.283544481
v 0.116595887 0.00712050125 0.280230999
v 0.114510775 0.00636412855 0.283565104
v 0.11667154 0.00697078742 0.280261755
v 0.11455892 0.00620085187 0.283575356
v 0.116733804 0.00681336923 0.280282378
v 0.114592388 0.00603363104 0.283575147
v 0.116781957 0.00665009255 0.28029263
v 0.116815425 0.00648287171 0.280292422
v 0.034209732 -0.0117596202 0.226705924
v 0.0342066251 -0.0115904147 0.226726964
v 0.0364296623 -0.0111411745 0.223444223
v 0.034197513 -0.011926841 0.22667475
v 0.0364327691 -0.011310379 0.223423168
v 0.0341701098 -0.0120901177 0.226633862
v 0.0364205465 -0.0114775999 0.22339201
v 0.0341278464 -0.0122475354 0.226583689
v 0.0363931432 -0.0116408765 0.223351121
v 0.0340712145 -0.0123972492 0.22652486
v 0.0363508798 -0.0117982943 0.223300949
v 0.034000881 -0.0125375036 0.226458028
v 0.0362942517 -0.0119480081 0.223242119
v 0.0339176729 -0.0126666548 0.226384014
v 0.0362239182 -0.0120882625 0.223175287
v 0.0338225625 -0.0127831874 0.226303652
v 0.0361407101 -0.0122174136 0.223101273
v 0.0337166637 -0.0128857363 0.226217911
v 0.0360455997 -0.0123339463 0.223020911
v 0.0336012207 -0.0129730981 0.226127774
v 0.0359397009 -0.0124364952 0.22293517
v 0.0334775858 -0.0130442502 0.226034313
v 0.0358242579 -0.0125238579 0.222845033
v 0.0333472081 -0.0130983563 0.225938618
v 0.0357006229 -0.0125950091 0.222751573
v 0.0332116187 -0.0131347841 0.22584182
v 0.0355702452 -0.0126491152 0.222655877
v 0.0330724046 -0.013153105 0.225745037
v 0.0354346558 -0.0126855429 0.22255908
v 0.0329311974 -0.013153105 0.225649416
v 0.0352954417 -0.0127038639 0.222462296
v 0.032789655 -0.0131347841 0.225556061
v 0.0351542346 -0.0127038639 0.222366676
v 0.0326494351 -0.0130983563 0.225466102
v 0.0350126922 -0.0126855429 0.22227332
v 0.0325121842 -0.0130442502 0.225380555
v 0.0348724723 -0.0126491152 0.222183362
v 0.032379508 -0.0129730981 0.225300446
v 0.0347352214 -0.0125950091 0.222097814
v 0.0322529636 -0.0128857363 0.2252267
v 0.0346025452 -0.0125238579 0.222017705
v 0.0321340337 -0.0127831874 0.225160196
v 0.0344760008 -0.0124364952 0.22194396
v 0.0320241153 -0.0126666548 0.225101709
v 0.0343570709 -0.0123339463 0.221877456
v 0.0319244936 -0.0125375036 0.225051925
v 0.0342471525 -0.0122174136 0.221818969
v 0.0318363383 -0.0123972492 0.225011423
v 0.0341475308 -0.0120882625 0.221769184
v 0.0317606851 -0.0122475354 0.224980682
v 0.0340593755 -0.0119480081 0.221728683
v 0.0316984169 -0.0120901177 0.224960059
v 0.0339837223 -0.0117982943 0.221697941
v 0.0316502675 -0.011926841 0.224949792
v 0.0339214541 -0.0116408765 0.221677318
v 0.0316167995 -0.0117596202 0.224950016
v 0.0338733047 -0.0114775999 0.221667051
v 0.031598404 -0.0115904147 0.224960715
v 0.033839833 -0.011310379 0.221667275
v 0.0315952972 -0.0114212101 0.224981755
v 0.0338214375 -0.0111411745 0.221677974
v 0.0316075161 -0.0112539893 0.225012928
v 0.0338183343 -0.0109719699 0.221699014
v 0.0316349193 -0.0110907126 0.225053817
v 0.0338305533 -0.0108047491 0.221730173
v 0.0316771828 -0.0109332949 0.225103989
v 0.0338579565 -0.0106414724 0.221771076
v 0.0317338146 -0.0107835811 0.225162819
v 0.0339002199 -0.0104840538 0.221821249
v 0.0318041444 -0.0106433267 0.225229651
v 0.0339568518 -0.0103343399 0.221880078
v 0.0318873562 -0.0105141755 0.225303665
v 0.0340271816 -0.0101940855 0.22194691
v 0.0319824666 -0.0103976429 0.225384027
v 0.0341103896 -0.0100649344 0.222020924
v 0.0320883654 -0.010295094 0.225469768
v 0.0342055038 -0.00994840171 0.222101286
v 0.0322038084 -0.0102077322 0.225559905
v 0.0343113989 -0.00984585285 0.222187027
v 0.0323274434 -0.0101365801 0.225653365
v 0.0344268419 -0.00975849107 0.222277164
v 0.0324578173 -0.010082474 0.225749061
v 0.0345504768 -0.00968733989 0.222370625
v 0.0325934105 -0.0100460462 0.225845858
v 0.0346808545 -0.00963323284 0.22246632
v 0.0327326246 -0.0100277252 0.225942641
v 0.0348164439 -0.00959680509 0.222563118
v 0.0328738317 -0.0100277252 0.226038262
v 0.0349556617 -0.00957848411 0.222659901
v 0.0330153741 -0.0100460462 0.226131618
v 0.0350968651 -0.00957848411 0.222755522
v 0.033155594 -0.010082474 0.226221576
v 0.0352384076 -0.00959680509 0.222848862
v 0.0332928449 -0.0101365801 0.226307124
v 0.0353786275 -0.00963323284 0.222938836
v 0.0334255211 -0.0102077322 0.226387233
v 0.0355158821 -0.00968733989 0.223024383
v 0.0335520655 -0.010295094 0.226460978
v 0.0356485583 -0.00975849107 0.223104492
v 0.0336709954 -0.0103976429 0.226527482
v 0.0357751027 -0.00984585285 0.223178223
v 0.0337809138 -0.0105141755 0.226585969
v 0.0358940288 -0.00994840171 0.223244727
v 0.0338805355 -0.0106433267 0.226635754
v 0.036003951 -0.0100649344 0.223303229
v 0.0339686871 -0.0107835811 0.226676255
v 0.036103569 -0.0101940855 0.223353013
v 0.034044344 -0.0109332949 0.226706997
v 0.0361917242 -0.0103343399 0.223393515
v 0.0341066122 -0.0110907126 0.22672762
v 0.0362673774 -0.0104840538 0.223424256
v 0.0341547616 -0.0112539893 0.226737887
v 0.0363296457 -0.0106414724 0.223444879
v 0.0341882296 -0.0114212101 0.226737663
v 0.0363777988 -0.0108047491 0.223455146
v 0.0364112668 -0.0109719699 0.223454922
f 1 2 3
f 4 1 5
f 6 4 7
f 8 6 9
f 10 8 11
f 12 10 13
f 14 12 15
f 16 14 17
f 18 16 19
f 20 18 21
f 22 20 23
f 24 22 25
f 26 24 27
f 28 26 29
f 30 28 31
f 32 30 33
f 34 32 35
f 36 34 37
f 38 36 39
f 40 38 41
f 42 40 43
f 44 42 45
f 46 44 47
f 48 46 49
f 50 48 51
f 52 50 53
f 54 52 55
f 56 54 57
f 58 56 59
f 60 58 61
f 62 60 63
f 64 62 65
f 66 64 67
f 68 66 69
f 70 68 71
f 72 70 73
f 74 72 75
f 76 74 77
f 78 76 79
f 80 78 81
f 82 80 83
f 84 82 85
f 86 84 87
f 88 86 89
f 90 88 91
f 92 90 93
f 94 92 95
f 96 94 97
f 98 96 99
f 100 98 101
f 102 100 103
f 104 102 105
f 106 104 107
f 108 106 109
f 110 108 111
f 112 110 113
f 114 112 115
f 2 114 116
f 116 3 2
f 115 116 114
f 113 115 112
f 111 113 110
f 109 111 108
f 107 109 106
f 105 107 104
f 103 105 102
f 101 103 100
f 99 101 98
f 97 99 96
f 95 97 94
f 93 95 92
f 91 93 90
f 89 91 88
f 87 89 86
f 85 87 84
f 83 85 82
f 81 83 80
f 79 81 78
f 77 79 76
f 75 77 74
f 73 75 72
f 71 73 70
f 69 71 68
f 67 69 66
f 65 67 64
f 63 65 62
f 61 63 60
f 59 61 58
f 57 59 56
f 55 57 54
f 53 55 52
f 51 53 50
f 49 51 48
f 47 49 46
f 45 47 44
f 43 45 42
f 41 43 40
f 39 41 38
f 37 39 36
f 35 37 34
f 33 35 32
f 31 33 30
f 29 31 28
f 27 29 26
f 25 27 24
f 23 25 22
f 21 23 20
f 19 21 18
f 17 19 16
f 15 17 14
f 13 15 12
f 11 13 10
f 9 11 8
f 7 9 6
f 5 7 4
f 3 5 1
f 117 118 119
f 120 119 121
f 122 123 124
f 125 124 117
f 126 117 120
f 127 120 128
f 129 122 125
f 130 125 126
f 131 127 132
f 133 129 130
f 134 130 135
f 136 131 137
f 138 133 134
f 139 140 141
f 142 143 144
f 141 134 139
f 144 145 142
f 134 146 147
f 134 148 149
f 141 150 134
f 142 151 152
f 145 153 142
f 142 154 155
f 156 157 154
f 134 158 146
f 150 148 134
f 139 159 160
f 139 161 162
f 139 163 164
f 139 165 166
f 139 142 167
f 153 151 142
f 154 142 156
f 134 168 169
f 149 158 134
f 139 170 159
f 162 171 139
f 139 172 163
f 167 165 139
f 155 143 142
f 147 168 134
f 171 170 139
f 139 173 174
f 166 172 139
f 142 175 176
f 156 177 157
f 156 178 179
f 134 180 181
f 160 140 139
f 174 182 139
f 176 167 142
f 179 177 156
f 156 183 184
f 134 185 186
f 134 187 188
f 169 180 134
f 164 173 139
f 142 189 190
f 142 191 192
f 184 178 156
f 134 193 185
f 181 187 134
f 190 175 142
f 152 191 142
f 156 194 195
f 156 196 197
f 188 193 134
f 192 189 142
f 195 198 156
f 156 199 196
f 182 161 139
f 197 194 156
f 198 183 156
f 156 186 199
f 142 139 136
f 200 136 201
f 202 203 204
f 205 206 138
f 207 138 156
f 208 156 142
f 209 142 200
f 210 211 202
f 212 202 213
f 213 214 215
f 213 216 217
f 213 218 214
f 217 219 213
f 220 221 222
f 219 218 213
f 213 205 223
f 205 224 225
f 205 226 227
f 205 228 229
f 230 231 232
f 222 230 220
f 220 213 233
f 223 216 213
f 227 224 205
f 205 234 228
f 230 235 236
f 230 237 231
f 222 238 230
f 213 239 233
f 213 240 241
f 213 242 243
f 225 223 205
f 205 244 234
f 205 245 246
f 230 247 235
f 238 237 230
f 220 248 249
f 233 250 220
f 241 251 213
f 215 242 213
f 246 244 205
f 205 230 252
f 230 253 254
f 232 247 230
f 220 255 256
f 220 257 258
f 220 259 248
f 251 239 213
f 229 226 205
f 252 260 205
f 230 261 262
f 230 263 253
f 256 221 220
f 258 264 220
f 220 265 259
f 220 266 267
f 243 240 213
f 262 252 230
f 230 268 269
f 230 270 263
f 264 255 220
f 220 271 265
f 220 272 266
f 250 273 220
f 269 261 230
f 236 270 230
f 267 271 220
f 260 245 205
f 249 257 220
f 254 268 230
f 230 205 207
f 274 207 208
f 275 210 212
f 276 277 278
f 276 279 280
f 276 281 277
f 280 282 276
f 283 284 279
f 283 285 286
f 282 281 276
f 286 284 283
f 212 287 288
f 220 289 290
f 220 276 291
f 279 276 283
f 283 212 292
f 212 293 294
f 288 295 212
f 290 296 220
f 220 297 298
f 291 299 220
f 276 300 301
f 276 302 303
f 278 304 276
f 212 305 292
f 212 306 307
f 212 308 309
f 212 310 311
f 295 293 212
f 220 312 287
f 220 313 314
f 298 289 220
f 276 315 291
f 276 316 317
f 303 300 276
f 283 318 285
f 283 319 320
f 307 305 212
f 311 308 212
f 287 212 220
f 296 313 220
f 317 315 276
f 304 302 276
f 283 321 322
f 283 323 324
f 283 325 319
f 212 326 306
f 212 327 328
f 294 310 212
f 220 329 330
f 299 297 220
f 322 318 283
f 283 331 332
f 320 323 283
f 328 326 212
f 330 312 220
f 301 316 276
f 324 331 283
f 309 327 212
f 220 333 334
f 332 321 283
f 334 329 220
f 283 335 325
f 314 333 220
f 276 220 230
f 336 230 274
f 337 274 338
f 339 283 276
f 340 276 336
f 341 336 337
f 342 343 344
f 342 345 343
f 344 346 342
f 342 347 345
f 275 342 348
f 348 349 275
f 275 350 351
f 351 210 275
f 211 210 352
f 352 353 211
f 210 354 355
f 355 352 210
f 210 356 354
f 211 357 358
f 202 359 360
f 202 361 359
f 202 362 363
f 202 211 364
f 363 361 202
f 364 365 202
f 365 362 202
f 203 360 366
f 204 203 367
f 203 368 369
f 203 370 371
f 367 372 204
f 371 368 203
f 369 367 203
f 204 373 374
f 205 213 375
f 213 376 375
f 205 377 378
f 205 379 380
f 213 381 376
f 213 382 383
f 380 377 205
f 383 381 213
f 213 204 384
f 375 379 205
f 384 385 213
f 205 386 387
f 385 382 213
f 378 386 205
f 206 388 389
f 206 387 388
f 129 390 391
f 122 391 392
f 123 392 393
f 394 395 396
f 394 397 398
f 394 399 395
f 394 400 401
f 394 402 397
f 394 403 404
f 405 406 403
f 405 407 408
f 124 409 410
f 124 411 412
f 413 414 415
f 414 413 394
f 401 399 394
f 404 402 394
f 408 406 405
f 124 416 417
f 124 418 409
f 412 419 124
f 123 420 421
f 123 422 423
f 394 424 414
f 394 425 426
f 398 400 394
f 405 427 407
f 410 416 124
f 419 428 124
f 421 124 123
f 423 429 123
f 123 430 431
f 426 424 394
f 403 394 405
f 405 432 433
f 405 434 435
f 405 436 437
f 405 124 438
f 124 439 440
f 428 418 124
f 421 441 124
f 123 442 422
f 431 443 123
f 396 425 394
f 433 444 405
f 437 434 405
f 124 445 438
f 124 446 439
f 441 411 124
f 443 442 123
f 413 447 448
f 444 427 405
f 435 449 405
f 440 445 124
f 429 420 123
f 448 123 413
f 449 432 405
f 417 446 124
f 123 450 451
f 415 447 413
f 451 430 123
f 123 452 453
f 438 436 405
f 453 454 123
f 454 450 123
f 124 405 455
f 455 456 124
f 117 457 458
f 124 459 460
f 456 461 124
f 117 462 457
f 117 463 464
f 117 460 465
f 461 459 124
f 117 466 462
f 464 467 117
f 460 117 124
f 117 468 466
f 465 463 117
f 467 468 117
f 118 469 470
f 118 471 472
f 472 469 118
f 118 458 471
f 119 118 473
f 118 474 475
f 473 476 119
f 475 477 118
f 477 473 118
f 476 478 119
f 119 479 480
f 119 481 482
f 482 479 119
f 480 121 119
f 121 483 484
f 121 485 483
f 128 486 487
f 487 488 128
f 128 121 489
f 488 490 128
f 489 491 128
f 491 486 128
f 492 132 493
f 128 494 495
f 496 497 498
f 492 499 500
f 493 501 492
f 495 502 128
f 497 503 498
f 504 503 497
f 492 505 506
f 492 507 508
f 492 509 510
f 492 511 499
f 132 512 493
f 128 513 514
f 502 515 128
f 497 492 504
f 508 505 492
f 492 516 509
f 501 511 492
f 132 517 518
f 132 519 520
f 514 521 128
f 515 522 128
f 494 523 524
f 506 504 492
f 500 516 492
f 132 525 526
f 520 517 132
f 522 513 128
f 494 527 523
f 496 528 529
f 510 507 492
f 518 525 132
f 494 530 495
f 494 531 532
f 494 533 527
f 529 494 496
f 526 512 132
f 128 534 535
f 128 536 537
f 128 538 539
f 532 530 494
f 529 533 494
f 498 540 496
f 132 541 542
f 132 543 544
f 537 534 128
f 521 538 128
f 540 528 496
f 544 541 132
f 132 545 546
f 128 547 548
f 539 536 128
f 494 549 550
f 542 519 132
f 132 551 545
f 548 132 128
f 128 552 553
f 550 531 494
f 546 543 132
f 553 547 128
f 524 549 494
f 535 552 128
f 137 132 492
f 137 554 555
f 137 556 554
f 201 557 558
f 201 555 559
f 559 557 201
f 560 561 562
f 560 563 564
f 564 565 560
f 564 566 565
f 566 567 565
f 209 565 568
f 209 569 570
f 570 208 209
f 338 570 571
f 337 572 573
f 572 574 573
f 341 575 576
f 341 577 578
f 341 579 575
f 580 581 582
f 576 577 341
f 341 583 584
f 341 585 586
f 587 588 589
f 580 590 581
f 580 591 592
f 580 593 594
f 595 596 593
f 584 579 341
f 586 597 341
f 587 598 585
f 589 599 587
f 592 590 580
f 593 580 595
f 595 600 601
f 595 602 603
f 341 604 605
f 597 583 341
f 587 606 598
f 587 607 608
f 587 609 588
f 594 591 580
f 603 600 595
f 595 610 611
f 595 612 613
f 595 614 615
f 341 616 604
f 585 341 587
f 599 607 587
f 580 617 618
f 601 596 595
f 613 610 595
f 595 619 614
f 605 620 341
f 608 606 587
f 582 617 580
f 615 612 595
f 595 621 622
f 341 623 621
f 578 616 341
f 587 624 625
f 611 602 595
f 621 595 341
f 620 626 341
f 587 627 628
f 625 629 587
f 587 630 631
f 587 580 632
f 580 633 634
f 622 619 595
f 628 609 587
f 631 624 587
f 634 632 580
f 341 635 623
f 629 627 587
f 618 633 580
f 632 630 587
f 340 341 595
f 339 340 636
f 636 637 339
f 340 638 636
f 340 639 638
f 637 640 339
f 340 641 639
f 275 642 643
f 275 644 645
f 283 646 644
f 645 642 275
f 283 647 646
f 275 648 649
f 644 275 283
f 283 650 651
f 275 652 648
f 643 653 275
f 651 654 283
f 653 652 275
f 283 655 650
f 654 647 283
f 283 339 656
f 656 655 283
f 657 658 659
f 660 659 661
f 662 661 663
f 664 663 665
f 666 665 667
f 342 668 669
f 661 662 660
f 665 670 664
f 667 671 666
f 671 667 672
f 673 672 347
f 347 342 674
f 342 675 668
f 676 677 658
f 663 664 662
f 672 673 671
f 347 678 679
f 674 680 347
f 342 681 675
f 342 682 683
f 658 657 676
f 666 670 665
f 347 684 678
f 680 685 347
f 669 686 342
f 342 687 682
f 339 688 689
f 339 677 690
f 676 691 677
f 347 679 673
f 686 674 342
f 342 692 687
f 339 693 694
f 339 695 696
f 690 688 339
f 677 697 698
f 677 699 700
f 659 660 657
f 683 681 342
f 342 649 701
f 339 702 703
f 694 704 339
f 339 705 706
f 696 707 339
f 698 690 677
f 691 699 677
f 347 708 709
f 701 692 342
f 704 702 339
f 707 705 339
f 700 697 677
f 685 708 347
f 706 693 339
f 709 684 347
f 689 695 339
f 710 711 712
f 561 560 713
f 712 561 710
f 560 714 713
f 715 716 717
f 717 718 719
f 720 721 722
f 561 723 710
f 560 724 714
f 558 725 726
f 725 558 727
f 728 727 716
f 719 729 717
f 720 730 718
f 720 731 732
f 721 733 722
f 721 712 734
f 713 723 561
f 560 735 736
f 737 738 739
f 737 740 741
f 558 742 743
f 727 728 725
f 716 715 744
f 718 717 720
f 722 731 720
f 734 745 721
f 736 724 560
f 560 746 747
f 739 748 737
f 741 749 737
f 558 750 751
f 558 752 753
f 743 754 558
f 716 744 728
f 732 730 720
f 712 755 734
f 747 735 560
f 737 756 757
f 749 738 737
f 751 737 558
f 754 752 558
f 717 729 715
f 711 755 712
f 748 756 737
f 753 750 558
f 745 733 721
f 751 740 737
f 560 758 746
f 726 742 558
f 565 759 758
f 565 760 761
f 565 762 763
f 200 764 765
f 200 766 767
f 761 759 565
f 763 768 565
f 565 200 769
f 200 770 771
f 767 764 200
f 200 772 773
f 768 760 565
f 769 774 565
f 765 770 200
f 200 775 772
f 774 762 565
f 773 766 200
f 771 769 200
f 200 737 776
f 776 775 200
f 138 777 778
f 138 206 779
f 778 780 138
f 138 781 782
f 206 783 779
f 206 784 785
f 782 777 138
f 785 783 206
f 206 786 787
f 779 781 138
f 787 788 206
f 788 784 206
f 206 789 790
f 138 791 792
f 790 786 206
f 793 794 795
f 780 791 138
f 206 796 797
f 206 798 799
f 795 206 793
f 138 800 801
f 138 802 803
f 797 789 206
f 795 798 206
f 803 800 138
f 799 796 206
f 792 802 138
f 390 804 805
f 806 807 390
f 805 808 390
f 390 809 810
f 129 811 812
f 390 813 806
f 390 814 804
f 810 815 390
f 812 390 129
f 129 816 817
f 807 818 819
f 390 820 813
f 815 814 390
f 812 821 390
f 817 822 129
f 819 793 807
f 808 820 390
f 390 823 824
f 822 811 129
f 806 818 807
f 821 823 390
f 129 825 826
f 129 827 828
f 129 829 830
f 133 831 829
f 133 801 832
f 824 809 390
f 129 833 834
f 828 825 129
f 829 129 133
f 832 835 133
f 819 836 793
f 826 833 129
f 129 837 838
f 835 831 133
f 834 816 129
f 830 837 129
f 838 827 129
f 127 839 840
f 127 841 842
f 126 840 843
f 842 839 127
f 126 844 845
f 840 126 127
f 126 846 847
f 843 844 126
f 127 848 849
f 127 131 850
f 845 846 126
f 850 848 127
f 849 841 127
f 131 851 852
f 131 853 851
f 136 854 855
f 131 855 853
f 136 856 854
f 136 857 858
f 131 859 860
f 855 131 136
f 136 861 857
f 139 862 863
f 860 864 131
f 858 856 136
f 863 136 139
f 864 865 131
f 136 866 861
f 136 867 868
f 863 869 136
f 139 870 871
f 865 872 131
f 852 873 131
f 136 874 875
f 869 867 136
f 139 876 877
f 871 878 139
f 873 859 131
f 136 879 880
f 868 874 136
f 878 876 139
f 139 881 882
f 135 883 884
f 135 885 886
f 135 887 888
f 880 866 136
f 877 862 139
f 139 889 881
f 139 890 891
f 884 892 135
f 888 885 135
f 135 847 893
f 875 879 136
f 891 889 139
f 135 894 895
f 892 896 135
f 893 887 135
f 882 870 139
f 139 897 898
f 895 139 135
f 886 883 135
f 898 890 139
f 896 894 135
f 895 897 139
f 872 850 131
f 847 135 126
f 836 794 793
f 801 133 138
f 758 560 565
f 757 776 737
f 703 656 339
f 649 342 275
f 640 677 339
f 595 641 340
f 626 635 341
f 580 587 573
f 573 587 337
f 574 572 571
f 571 572 338
f 570 338 208
f 568 569 209
f 567 568 565
f 562 563 560
f 558 737 201
f 555 201 137
f 492 556 137
f 548 551 132
f 490 494 128
f 484 489 121
f 480 485 121
f 478 481 119
f 470 474 118
f 458 118 117
f 448 452 123
f 393 413 123
f 392 123 122
f 391 122 129
f 807 793 389
f 389 793 206
f 387 206 205
f 374 384 204
f 372 373 204
f 366 370 203
f 360 203 202
f 358 364 211
f 353 357 211
f 351 356 210
f 349 350 275
f 346 348 342
f 337 587 341
f 336 341 340
f 276 340 339
f 338 572 337
f 274 337 336
f 230 336 276
f 292 335 283
f 212 283 275
f 208 338 274
f 207 274 230
f 273 272 220
f 213 220 212
f 202 212 210
f 200 565 209
f 142 209 208
f 156 208 207
f 138 207 205
f 204 213 202
f 201 737 200
f 136 200 142
f 186 156 134
f 134 156 138
f 137 201 136
f 135 139 134
f 130 134 133
f 132 137 131
f 126 135 130
f 125 130 129
f 128 132 127
f 120 127 126
f 117 126 125
f 124 125 122
f 121 128 120
f 119 120 117
f 899 900 901
f 900 902 903
f 902 904 905
f 906 907 908
f 909 908 910
f 908 911 912
f 912 910 908
f 909 913 914
f 910 915 909
f 907 916 917
f 907 901 918
f 901 919 920
f 915 913 909
f 908 921 922
f 907 923 924
f 917 925 907
f 907 926 927
f 918 928 907
f 920 929 901
f 901 930 931
f 909 932 933
f 922 911 908
f 924 934 907
f 907 935 936
f 927 916 907
f 929 918 901
f 901 937 930
f 901 938 939
f 901 940 941
f 909 942 943
f 914 932 909
f 907 944 945
f 936 923 907
f 928 926 907
f 939 937 901
f 901 946 940
f 901 947 948
f 909 949 950
f 933 942 909
f 908 951 952
f 908 953 954
f 934 944 907
f 931 919 901
f 948 946 901
f 950 901 909
f 909 955 956
f 952 921 908
f 908 957 958
f 908 959 960
f 908 961 953
f 907 962 963
f 925 935 907
f 950 947 901
f 909 964 955
f 958 951 908
f 954 959 908
f 963 908 907
f 941 938 901
f 909 965 966
f 909 967 964
f 960 957 908
f 945 962 907
f 956 965 909
f 963 961 908
f 943 967 909
f 901 903 968
f 903 905 969
f 905 970 971
f 972 908 973
f 908 909 974
f 974 975 976
f 974 977 975
f 976 978 974
f 909 968 979
f 968 980 981
f 978 982 983
f 974 984 977
f 974 985 986
f 909 987 988
f 981 979 968
f 968 989 990
f 976 982 978
f 986 991 974
f 988 974 909
f 909 992 993
f 990 980 968
f 968 994 995
f 991 984 974
f 974 996 997
f 974 998 999
f 909 1000 987
f 909 1001 1002
f 909 1003 1004
f 909 1005 1006
f 909 1007 992
f 995 989 968
f 968 1008 1009
f 968 1010 1011
f 974 1012 985
f 974 1013 996
f 988 998 974
f 1004 1001 909
f 909 1014 1005
f 909 1015 1016
f 979 1007 909
f 1011 1008 968
f 968 1017 1018
f 978 1019 1020
f 997 1012 974
f 1002 1000 909
f 1016 1014 909
f 1009 994 968
f 968 1021 1022
f 1018 1023 968
f 1020 968 978
f 978 1024 1025
f 999 1013 974
f 993 1015 909
f 1023 1021 968
f 978 1026 1019
f 978 1027 1028
f 983 1024 978
f 909 1029 1030
f 1022 1010 968
f 978 1031 1026
f 978 1032 1033
f 1025 1027 978
f 1006 1029 909
f 1033 1031 978
f 1030 1003 909
f 1028 1032 978
f 968 969 1034
f 969 971 1035
f 973 974 1036
f 978 1034 1037
f 1034 1035 1038
f 1035 1039 1040
f 1039 1041 1042
f 1037 1038 1043
f 1043 1044 1045
f 1045 1046 1043
f 1045 1047 1046
f 1043 1048 1049
f 1047 1050 1046
f 1049 1051 1043
f 1043 1052 1053
f 1051 1044 1043
f 1043 1054 1052
f 1040 1055 1056
f 1053 1048 1043
f 1043 1057 1058
f 1043 1038 1059
f 1056 1038 1040
f 1046 1060 1061
f 1046 1062 1063
f 1058 1054 1043
f 1059 1064 1043
f 1040 1065 1055
f 1040 1066 1067
f 1040 1068 1069
f 1040 1070 1071
f 1061 1072 1046
f 1050 1062 1046
f 1064 1073 1043
f 1038 1074 1075
f 1038 1076 1077
f 1067 1065 1040
f 1071 1068 1040
f 1046 1078 1079
f 1063 1060 1046
f 1043 1080 1081
f 1073 1082 1043
f 1038 1083 1084
f 1077 1074 1038
f 1069 1066 1040
f 1072 1078 1046
f 1082 1080 1043
f 1038 1085 1083
f 1056 1076 1038
f 1040 1086 1087
f 1040 1088 1089
f 1046 1090 1091
f 1046 1092 1093
f 1081 1057 1043
f 1084 1094 1038
f 1038 1095 1096
f 1075 1097 1038
f 1089 1086 1040
f 1046 1098 1099
f 1093 1090 1046
f 1094 1059 1038
f 1096 1100 1038
f 1087 1070 1040
f 1099 1040 1046
f 1079 1092 1046
f 1097 1095 1038
f 1099 1101 1040
f 1100 1085 1038
f 1046 1102 1098
f 1101 1088 1040
f 1040 1042 1103
f 1042 1104 1105
f 1106 1043 1107
f 1043 1046 1108
f 1103 1105 1109
f 1110 1107 1111
f 1107 1108 1112
f 1113 1109 1114
f 1115 1111 1116
f 1111 1112 1117
f 1112 1118 1119
f 1118 1114 1120
f 1117 1119 1121
f 1119 1120 1122
f 1118 1112 1123
f 1118 1124 1125
f 1123 1126 1118
f 1112 1127 1128
f 1112 1129 1130
f 1126 1124 1118
f 1130 1127 1112
f 1118 1131 1132
f 1128 1123 1112
f 1112 1108 1133
f 1118 1134 1131
f 1133 1129 1112
f 1125 1134 1118
f 1103 1135 1136
f 1046 1103 1137
f 1103 1138 1139
f 1136 1140 1103
f 1113 1141 1142
f 1046 1143 1144
f 1046 1145 1146
f 1139 1137 1103
f 1140 1147 1103
f 1103 1148 1149
f 1103 1113 1150
f 1142 1151 1113
f 1113 1152 1153
f 1108 1154 1155
f 1146 1143 1046
f 1147 1138 1103
f 1103 1156 1157
f 1150 1148 1103
f 1113 1158 1141
f 1113 1159 1152
f 1108 1160 1154
f 1046 1161 1162
f 1137 1145 1046
f 1157 1163 1103
f 1113 1164 1150
f 1153 1158 1113
f 1108 1165 1166
f 1108 1167 1168
f 1108 1169 1170
f 1155 1171 1108
f 1108 1046 1172
f 1046 1173 1161
f 1046 1174 1175
f 1163 1135 1103
f 1103 1176 1177
f 1151 1164 1113
f 1168 1165 1108
f 1171 1169 1108
f 1046 1178 1172
f 1175 1173 1046
f 1046 1179 1180
f 1144 1181 1046
f 1149 1176 1103
f 1113 1132 1182
f 1170 1167 1108
f 1162 1178 1046
f 1181 1179 1046
f 1182 1159 1113
f 1172 1160 1108
f 1177 1156 1103
f 1180 1174 1046
f 1037 1183 1184
f 1037 1185 1186
f 1187 1188 1189
f 1184 1187 1037
f 1037 1190 1185
f 1191 1187 1192
f 1187 1193 1194
f 1184 1188 1187
f 1186 1195 1037
f 1192 1196 1191
f 1187 1197 1198
f 1187 1199 1193
f 1195 1183 1037
f 1037 1200 1201
f 1037 1202 1203
f 1187 1204 1192
f 1187 1205 1206
f 1198 1207 1187
f 1189 1199 1187
f 1203 1200 1037
f 1187 1208 1204
f 1207 1205 1187
f 1201 1190 1037
f 1037 1106 1209
f 1206 1208 1187
f 1209 1202 1037
f 1194 1197 1187
f 1042 1210 1211
f 1042 1212 1210
f 1042 1213 1214
f 1041 1215 1216
f 1214 1212 1042
f 1042 1217 1218
f 1041 1219 1217
f 1216 1220 1041
f 1041 1221 1222
f 1218 1213 1042
f 1041 1223 1219
f 1041 1224 1215
f 1222 1225 1041
f 1042 1226 1227
f 1042 1228 1229
f 1217 1042 1041
f 1225 1224 1041
f 1229 1226 1042
f 1220 1223 1041
f 1211 1228 1042
f 907 1230 1231
f 907 906 1232
f 907 1233 1234
f 907 1235 1236
f 1232 1230 907
f 906 1237 1238
f 907 1239 1233
f 1231 1235 907
f 906 1240 1241
f 1238 1242 906
f 1236 1239 907
f 1242 1240 906
f 906 1243 1244
f 1241 1232 906
f 1244 1245 906
f 1245 1237 906
f 1115 1246 1247
f 1110 1115 1248
f 1249 1250 1251
f 1110 1249 1252
f 1249 1253 1254
f 1251 1255 1249
f 1252 1256 1110
f 1249 1257 1258
f 1255 1253 1249
f 1256 1259 1110
f 1249 1260 1261
f 1254 1257 1249
f 1110 1262 1263
f 1110 1264 1265
f 1110 1266 1267
f 1259 1268 1110
f 1258 1260 1249
f 1106 1110 1269
f 1110 1270 1262
f 1267 1264 1110
f 1261 1252 1249
f 1271 1191 1272
f 1110 1273 1269
f 1110 1274 1270
f 1268 1266 1110
f 1275 1276 1249
f 1272 1277 1271
f 1191 1278 1279
f 1110 1280 1273
f 1265 1274 1110
f 1249 1281 1282
f 1249 1271 1275
f 1279 1272 1191
f 1106 1283 1284
f 1269 1285 1106
f 1282 1250 1249
f 1277 1275 1271
f 1285 1283 1106
f 1276 1281 1249
f 1263 1280 1110
f 1187 1191 1286
f 1286 1287 1187
f 978 1288 1289
f 974 1290 1291
f 974 1292 1293
f 978 1294 1288
f 978 1295 1296
f 974 1297 1290
f 974 1289 1292
f 1296 1294 978
f 974 1298 1297
f 1289 974 978
f 978 1187 1299
f 1293 1298 974
f 1299 1300 978
f 1300 1295 978
f 1036 1291 1301
f 1302 1036 1303
f 1036 1304 1305
f 1036 1306 1307
f 1303 1308 1302
f 1307 1304 1036
f 1305 1303 1036
f 1302 1309 1310
f 973 1302 1311
f 973 1312 1313
f 973 1314 1315
f 1311 1316 973
f 973 1317 1312
f 1316 1314 973
f 1315 1317 973
f 1318 1313 1319
f 972 1320 1321
f 1321 1322 972
f 1318 1323 1320
f 1320 972 1318
f 1318 1324 1323
f 906 972 1325
f 972 1326 1325
f 906 1327 1328
f 906 1329 1327
f 1243 1330 1331
f 1243 1332 1330
f 1243 1328 1332
f 1331 1333 1243
f 1334 1335 1336
f 1337 1338 1339
f 1340 1337 1341
f 899 1342 1343
f 1335 1344 1345
f 1346 1347 1334
f 1338 1347 1346
f 1341 1348 1340
f 1349 1350 1351
f 1343 1352 899
f 1336 1346 1334
f 1339 1341 1337
f 1350 1340 1348
f 1352 1353 1349
f 899 1354 1342
f 1346 1339 1338
f 1351 1352 1349
f 1352 1355 1356
f 1343 1357 1352
f 899 1358 1359
f 1344 1360 1361
f 1348 1351 1350
f 1356 1362 1352
f 899 1363 1354
f 1359 1364 899
f 1361 1345 1344
f 1362 1353 1352
f 1364 1363 899
f 1243 1365 1366
f 1361 1367 1365
f 1360 1368 1361
f 1357 1355 1352
f 899 1369 1370
f 1243 1371 1372
f 1243 1373 1374
f 1366 1375 1243
f 1361 1376 1367
f 1361 1377 1378
f 1368 1379 1361
f 1370 1358 899
f 899 1380 1381
f 1372 1382 1243
f 1243 1383 1384
f 1375 1373 1243
f 1378 1376 1361
f 1345 1336 1335
f 899 1385 1386
f 899 1234 1380
f 1382 1387 1243
f 1374 1383 1243
f 1379 1377 1361
f 1381 1385 899
f 1384 1371 1243
f 1386 1369 899
f 1365 1243 1361
f 899 1388 1389
f 1389 900 899
f 899 1352 1390
f 1390 1388 899
f 1389 1391 900
f 1391 1392 900
f 900 1393 1394
f 902 1395 1396
f 902 1397 1398
f 1396 904 902
f 902 1399 1400
f 902 1401 1402
f 902 1403 1397
f 1396 1404 904
f 1400 1405 902
f 902 1406 1407
f 1398 1401 902
f 1394 1408 1409
f 1394 1410 1411
f 904 1412 1413
f 904 1414 1415
f 1405 1395 902
f 1402 1406 902
f 902 1416 1417
f 902 1394 1418
f 1394 1419 1408
f 1411 1420 1394
f 1394 1421 1422
f 1421 1423 1424
f 1421 1425 1426
f 1421 1427 1428
f 904 1429 1412
f 1415 1430 904
f 904 1431 1432
f 1407 1399 902
f 902 1433 1416
f 902 1434 1435
f 1394 1436 1418
f 1394 1437 1438
f 1420 1419 1394
f 1424 1422 1421
f 1421 1439 1440
f 1428 1425 1421
f 904 1441 1427
f 1430 1429 904
f 1404 1431 904
f 1435 1433 902
f 1438 1436 1394
f 1422 1410 1394
f 1440 1442 1421
f 1421 1443 1444
f 1427 1421 904
f 1432 1414 904
f 1418 1434 902
f 1394 1445 1446
f 1442 1423 1421
f 1426 1443 1421
f 1417 1403 902
f 1394 1447 1448
f 1409 1445 1394
f 904 1449 1441
f 904 1450 1451
f 904 1452 1453
f 1448 1437 1394
f 1444 1439 1421
f 1453 1450 904
f 1446 1447 1394
f 1413 1452 904
f 905 904 1454
f 1454 970 905
f 971 970 1455
f 1039 1035 1456
f 1035 971 1456
f 1039 1457 1458
f 1221 1041 1459
f 1041 1460 1461
f 1461 1459 1041
f 1041 1458 1460
f 1221 1462 1463
f 1464 1465 1466
f 1466 1467 1468
f 1469 1470 1467
f 1469 1471 1472
f 1473 1474 1471
f 1475 1104 1476
f 1221 1477 1478
f 1465 1479 1477
f 1468 1480 1466
f 1472 1470 1469
f 1473 1481 1474
f 1475 1482 1483
f 1476 1484 1475
f 1477 1221 1465
f 1466 1480 1464
f 1471 1469 1473
f 1475 1485 1482
f 1104 1486 1476
f 1104 1487 1488
f 1104 1489 1490
f 1221 1491 1492
f 1464 1479 1465
f 1473 1493 1481
f 1473 1494 1495
f 1475 1496 1485
f 1484 1497 1475
f 1104 1498 1487
f 1104 1499 1489
f 1221 1500 1501
f 1221 1502 1491
f 1467 1466 1469
f 1494 1503 1495
f 1504 1505 1506
f 1507 1504 1508
f 1497 1496 1475
f 1490 1498 1104
f 1104 1227 1509
f 1492 1500 1221
f 1495 1493 1473
f 1510 1511 1494
f 1508 1475 1507
f 1483 1512 1475
f 1509 1499 1104
f 1478 1502 1221
f 1494 1506 1510
f 1506 1508 1504
f 1488 1486 1104
f 1511 1503 1494
f 1512 1507 1475
f 1505 1510 1506
f 1105 1513 1514
f 1105 1104 1475
f 1475 1513 1105
f 1109 1105 1515
f 1515 1516 1109
f 1109 1517 1518
f 1120 1519 1520
f 1520 1521 1120
f 1120 1522 1523
f 1120 1524 1525
f 1120 1526 1519
f 1120 1527 1522
f 1521 1524 1120
f 1120 1528 1529
f 1120 1530 1527
f 1529 1526 1120
f 1114 1531 1532
f 1114 1533 1534
f 1518 1535 1533
f 1536 1537 1538
f 1537 1539 1540
f 1537 1541 1542
f 1537 1543 1544
f 1537 1545 1546
f 1525 1530 1120
f 1114 1547 1531
f 1114 1548 1549
f 1533 1114 1518
f 1518 1550 1551
f 1537 1552 1538
f 1542 1539 1537
f 1546 1543 1537
f 1523 1537 1120
f 1549 1547 1114
f 1551 1535 1518
f 1518 1553 1554
f 1540 1552 1537
f 1523 1545 1537
f 1120 1114 1555
f 1114 1556 1557
f 1532 1558 1114
f 1554 1550 1518
f 1559 1518 1560
f 1536 1561 1562
f 1544 1541 1537
f 1120 1563 1564
f 1114 1565 1555
f 1114 1566 1556
f 1114 1567 1568
f 1534 1548 1114
f 1518 1569 1570
f 1518 1571 1572
f 1560 1573 1559
f 1562 1560 1536
f 1538 1574 1536
f 1120 1575 1576
f 1555 1563 1120
f 1557 1577 1114
f 1114 1578 1567
f 1570 1553 1518
f 1518 1579 1571
f 1562 1573 1560
f 1576 1528 1120
f 1577 1565 1114
f 1558 1578 1114
f 1559 1579 1518
f 1564 1575 1120
f 1572 1569 1518
f 1568 1566 1114
f 1120 1580 1581
f 1120 1582 1583
f 1120 1584 1580
f 1120 1585 1582
f 1583 1584 1120
f 1120 1537 1585
f 1122 1586 1587
f 1122 1581 1586
f 1121 1122 1588
f 1122 1589 1588
f 1588 1590 1121
f 1590 1591 1121
f 1121 1592 1593
f 1594 1593 1595
f 1121 1596 1592
f 1593 1594 1121
f 1595 1597 1594
f 1121 1598 1596
f 1594 1599 1600
f 1594 1601 1602
f 1602 1599 1594
f 1594 1603 1601
f 1116 1604 1605
f 1116 1117 1606
f 1117 1607 1608
f 1117 1609 1610
f 1117 1594 1611
f 1116 1612 1604
f 1608 1606 1117
f 1117 1613 1609
f 1611 1614 1117
f 1116 1615 1612
f 1610 1607 1117
f 1614 1616 1117
f 1606 1615 1116
f 1616 1617 1117
f 1617 1613 1117
f 1618 1619 1620
f 1618 1621 1622
f 1623 1618 1624
f 1618 1625 1619
f 1618 1626 1621
f 1618 1627 1628
f 1629 1246 1630
f 1246 1631 1632
f 1624 1633 1623
f 1618 1634 1635
f 1622 1625 1618
f 1618 1636 1627
f 1632 1630 1246
f 1116 1637 1638
f 1623 1639 1640
f 1635 1624 1618
f 1628 1626 1618
f 1641 1642 1618
f 1629 1643 1644
f 1246 1645 1631
f 1246 1646 1647
f 1246 1648 1649
f 1116 1650 1651
f 1116 1652 1637
f 1623 1653 1639
f 1623 1654 1655
f 1620 1634 1618
f 1618 1629 1641
f 1630 1643 1629
f 1246 1656 1657
f 1649 1646 1246
f 1651 1246 1116
f 1116 1658 1652
f 1116 1659 1660
f 1640 1661 1623
f 1633 1654 1623
f 1644 1641 1629
f 1657 1662 1246
f 1651 1648 1246
f 1660 1658 1116
f 1116 1663 1664
f 1623 1665 1666
f 1623 1667 1668
f 1655 1653 1623
f 1662 1645 1246
f 1246 1669 1670
f 1246 1671 1672
f 1638 1650 1116
f 1116 1673 1663
f 1623 1674 1675
f 1668 1665 1623
f 1642 1636 1618
f 1672 1669 1246
f 1664 1659 1116
f 1675 1116 1623
f 1661 1667 1623
f 1647 1671 1246
f 1116 1676 1677
f 1675 1678 1116
f 1670 1656 1246
f 1678 1676 1116
f 1677 1673 1116
f 1246 1629 1679
f 1679 1247 1246
f 1666 1674 1623
f 1605 1623 1116
f 1600 1611 1594
f 1597 1603 1594
f 1591 1598 1121
f 1587 1589 1122
f 1581 1122 1120
f 1574 1561 1536
f 1518 1114 1109
f 1516 1517 1109
f 1514 1515 1105
f 1501 1222 1221
f 1463 1465 1221
f 1459 1462 1221
f 1458 1041 1039
f 1456 1457 1039
f 1455 1456 971
f 1455 970 1680
f 1454 1680 970
f 1454 904 1421
f 1451 1449 904
f 1394 902 900
f 1392 1393 900
f 1387 1244 1243
f 1333 1361 1243
f 1328 1243 906
f 1325 1329 906
f 1322 1326 972
f 1319 1324 1318
f 1313 1318 973
f 1310 1311 1302
f 1308 1309 1302
f 1301 1306 1036
f 1291 1036 974
f 1287 1299 1187
f 1286 1191 1271
f 1284 1209 1106
f 1248 1249 1110
f 1247 1248 1115
f 1234 899 907
f 1227 1104 1042
f 1196 1278 1191
f 1166 1133 1108
f 1132 1113 1118
f 1122 1121 1119
f 1121 1594 1117
f 1120 1119 1118
f 1119 1117 1112
f 1117 1116 1111
f 1116 1246 1115
f 1114 1118 1113
f 1112 1111 1107
f 1111 1115 1110
f 1109 1113 1103
f 1108 1107 1043
f 1107 1110 1106
f 1105 1103 1042
f 1103 1046 1040
f 1091 1102 1046
f 1043 1106 1037
f 1042 1040 1039
f 1040 1038 1035
f 1038 1037 1034
f 1037 1187 978
f 1036 1302 973
f 1035 1034 969
f 1034 978 968
f 1020 1017 968
f 974 973 908
f 973 1318 972
f 971 969 905
f 969 968 903
f 968 909 901
f 966 949 909
f 908 972 906
f 905 903 902
f 903 901 900
f 901 907 899
f 1681 1682 1683
f 1684 1683 1682
f 1682 1685 1684
f 1683 1686 1681
f 1687 1688 1689
f 1690 1689 1691
f 1691 1692 1693
f 1694 1695 1693
f 1693 1692 1694
f 1694 1696 1697
f 1698 1699 1697
f 1697 1696 1698
f 1699 1698 1700
f 1701 1700 1702
f 1703 1702 1704
f 1705 1704 1706
f 1707 1706 1708
f 1709 1710 1708
f 1709 1711 1712
f 1712 1713 1709
f 1713 1712 1714
f 1714 1715 1716
f 1716 1715 1717
f 1717 1718 1716
f 1717 1719 1720
f 1721 1720 1719
f 1722 1723 1721
f 1721 1724 1722
f 1719 1724 1721
f 1723 1722 1725
f 1725 1726 1727
f 1728 1729 1727
f 1727 1726 1728
f 1729 1728 1730
f 1731 1730 1732
f 1733 1732 1734
f 1735 1734 1736
f 1737 1738 1736
f 1737 1739 1740
f 1740 1741 1737
f 1741 1740 1742
f 1742 1743 1744
f 1745 1746 1744
f 1744 1743 1745
f 1746 1745 1747
f 1748 1747 1749
f 1749 1750 1751
f 1752 1753 1751
f 1751 1750 1752
f 1753 1752 1754
f 1755 1754 1756
f 1757 1756 1758
f 1759 1758 1760
f 1760 1761 1762
f 1763 1764 1762
f 1762 1761 1763
f 1764 1763 1765
f 1766 1765 1767
f 1768 1767 1769
f 1770 1771 1769
f 1770 1772 1773
f 1773 1774 1770
f 1774 1773 1775
f 1775 1776 1774
f 1769 1772 1770
f 1769 1771 1768
f 1767 1768 1766
f 1765 1766 1764
f 1762 1777 1760
f 1760 1777 1759
f 1758 1759 1757
f 1756 1757 1755
f 1754 1755 1753
f 1751 1778 1749
f 1749 1778 1748
f 1747 1748 1746
f 1744 1779 1742
f 1742 1779 1741
f 1736 1739 1737
f 1736 1738 1735
f 1734 1735 1733
f 1732 1733 1731
f 1730 1731 1729
f 1727 1780 1725
f 1725 1780 1723
f 1720 1718 1717
f 1716 1781 1714
f 1714 1781 1713
f 1708 1711 1709
f 1708 1710 1707
f 1706 1707 1705
f 1704 1705 1703
f 1702 1703 1701
f 1700 1701 1699
f 1697 1695 1694
f 1693 1782 1691
f 1691 1782 1690
f 1689 1690 1687
f 1783 1784 1785
f 1783 1786 1787
f 1788 1785 1784
f 1787 1789 1783
f 1790 1791 1792
f 1793 1794 1791
f 1795 1796 1797
f 1796 1795 1798
f 1785 1786 1783
f 1788 1799 1800
f 1794 1793 1801
f 1791 1790 1793
f 1798 1792 1796
f 1800 1797 1788
f 1792 1798 1790
f 1784 1799 1788
f 1797 1800 1795
f 1802 1803 1804
f 1804 1801 1802
f 1801 1804 1794
f 1805 1806 1807
f 1808 1809 1810
f 1810 1807 1808
f 1811 1812 1813
f 1805 1813 1812
f 1812 1806 1805
f 1811 1814 1815
f 1816 1815 1817
f 1818 1817 1819
f 1820 1819 1821
f 1822 1823 1824
f 1821 1824 1823
f 1823 1825 1821
f 1826 1827 1828
f 1822 1829 1830
f 1830 1828 1822
f 1827 1826 1831
f 1832 1831 1833
f 1834 1833 1835
f 1836 1835 1837
f 1838 1839 1840
f 1837 1840 1839
f 1839 1841 1837
f 1842 1843 1844
f 1838 1845 1844
f 1844 1843 1838
f 1842 1846 1847
f 1848 1847 1849
f 1850 1849 1851
f 1852 1853 1854
f 1851 1854 1853
f 1853 1855 1851
f 1856 1857 1858
f 1858 1857 1852
f 1852 1859 1858
f 1860 1861 1862
f 1856 1863 1862
f 1862 1861 1856
f 1860 1864 1865
f 1866 1865 1867
f 1868 1867 1869
f 1870 1871 1872
f 1873 1869 1872
f 1872 1871 1873
f 1870 1874 1875
f 1876 1875 1877
f 1878 1877 1879
f 1880 1879 1881
f 1882 1881 1883
f 1884 1883 1885
f 1886 1887 1888
f 1889 1885 1890
f 1890 1888 1889
f 1887 1886 1891
f 1892 1891 1893
f 1894 1893 1895
f 1896 1895 1897
f 1897 1898 1896
f 1895 1896 1894
f 1893 1894 1892
f 1891 1892 1887
f 1888 1890 1886
f 1885 1889 1884
f 1883 1884 1882
f 1881 1882 1880
f 1879 1880 1878
f 1877 1878 1876
f 1875 1876 1870
f 1872 1874 1870
f 1869 1873 1868
f 1867 1868 1866
f 1865 1866 1860
f 1862 1864 1860
f 1858 1863 1856
f 1854 1859 1852
f 1851 1855 1850
f 1849 1850 1848
f 1847 1848 1842
f 1844 1846 1842
f 1840 1845 1838
f 1837 1841 1836
f 1835 1836 1834
f 1833 1834 1832
f 1831 1832 1827
f 1828 1830 1826
f 1824 1829 1822
f 1821 1825 1820
f 1819 1820 1818
f 1817 1818 1816
f 1815 1816 1811
f 1813 1814 1811
f 1807 1810 1805
f 1899 1900 1901
f 1902 1903 1899
f 1899 1904 1902
f 1901 1904 1899
f 1905 1906 1907
f 1905 1908 1909
f 1910 1909 1908
f 1909 1906 1905
f 1911 1912 1913
f 1907 1914 1905
f 1915 1916 1917
f 1916 1915 1914
f 1908 1911 1910
f 1914 1907 1916
f 1917 1918 1915
f 1913 1910 1911
f 1919 1920 1921
f 1922 1919 1923
f 1924 1922 1925
f 1926 1924 1927
f 1928 1926 1929
f 1930 1928 1931
f 1932 1930 1933
f 1934 1932 1935
f 1936 1934 1937
f 1938 1936 1939
f 1940 1938 1941
f 1941 1942 1940
f 1939 1941 1938
f 1937 1939 1936
f 1935 1937 1934
f 1933 1935 1932
f 1931 1933 1930
f 1929 1931 1928
f 1927 1929 1926
f 1925 1927 1924
f 1923 1925 1922
f 1921 1923 1919
f 1943 1944 1945
f 1946 1947 1945
f 1945 1944 1946
f 1948 1947 1946
f 1949 1948 1950
f 1951 1949 1952
f 1953 1951 1954
f 1955 1953 1956
f 1957 1955 1958
f 1959 1957 1960
f 1961 1959 1962
f 1963 1961 1964
f 1965 1963 1966
f 1966 1967 1965
f 1964 1966 1963
f 1962 1964 1961
f 1960 1962 1959
f 1958 1960 1957
f 1956 1958 1955
f 1954 1956 1953
f 1952 1954 1951
f 1950 1952 1949
f 1946 1950 1948
f 1945 1968 1943
f 1969 1970 1971
f 1972 1969 1973
f 1974 1972 1975
f 1976 1974 1977
f 1978 1976 1979
f 1980 1978 1981
f 1982 1980 1983
f 1984 1982 1985
f 1986 1984 1987
f 1988 1986 1989
f 1990 1988 1991
f 1992 1990 1993
f 1994 1992 1995
f 1996 1994 1997
f 1998 1996 1999
f 2000 1998 2001
f 2002 2000 2003
f 2004 2002 2005
f 2006 2004 2007
f 2008 2006 2009
f 2010 2008 2011
f 2012 2010 2013
f 2014 2012 2015
f 2016 2014 2017
f 2018 2016 2019
f 2020 2018 2021
f 2022 2020 2023
f 2024 2022 2025
f 2026 2024 2027
f 2028 2026 2029
f 2030 2028 2031
f 2032 2030 2033
f 2034 2032 2035
f 2036 2034 2037
f 2038 2036 2039
f 2040 2038 2041
f 2042 2040 2043
f 2044 2042 2045
f 2046 2044 2047
f 2048 2046 2049
f 2050 2048 2051
f 2052 2050 2053
f 2054 2052 2055
f 2056 2054 2057
f 2058 2056 2059
f 2060 2058 2061
f 2062 2060 2063
f 2064 2062 2065
f 2066 2064 2067
f 2068 2066 2069
f 2070 2068 2071
f 2072 2070 2073
f 2074 2072 2075
f 2076 2074 2077
f 2078 2076 2079
f 2080 2078 2081
f 2082 2080 2083
f 1970 2082 2084
f 2084 1971 1970
f 2083 2084 2082
f 2081 2083 2080
f 2079 2081 2078
f 2077 2079 2076
f 2075 2077 2074
f 2073 2075 2072
f 2071 2073 2070
f 2069 2071 2068
f 2067 2069 2066
f 2065 2067 2064
f 2063 2065 2062
f 2061 2063 2060
f 2059 2061 2058
f 2057 2059 2056
f 2055 2057 2054
f 2053 2055 2052
f 2051 2053 2050
f 2049 2051 2048
f 2047 2049 2046
f 2045 2047 2044
f 2043 2045 2042
f 2041 2043 2040
f 2039 2041 2038
f 2037 2039 2036
f 2035 2037 2034
f 2033 2035 2032
f 2031 2033 2030
f 2029 2031 2028
f 2027 2029 2026
f 2025 2027 2024
f 2023 2025 2022
f 2021 2023 2020
f 2019 2021 2018
f 2017 2019 2016
f 2015 2017 2014
f 2013 2015 2012
f 2011 2013 2010
f 2009 2011 2008
f 2007 2009 2006
f 2005 2007 2004
f 2003 2005 2002
f 2001 2003 2000
f 1999 2001 1998
f 1997 1999 1996
f 1995 1997 1994
f 1993 1995 1992
f 1991 1993 1990
f 1989 1991 1988
f 1987 1989 1986
f 1985 1987 1984
f 1983 1985 1982
f 1981 1983 1980
f 1979 1981 1978
f 1977 1979 1976
f 1975 1977 1974
f 1973 1975 1972
f 1971 1973 1969
f 2085 2086 2087
f 2088 2085 2089
f 2090 2088 2091
f 2092 2090 2093
f 2092 2094 2095
f 2095 2096 2092
f 2097 2096 2095
f 2098 2097 2099
f 2100 2098 2101
f 2102 2100 2103
f 2104 2102 2105
f 2106 2104 2107
f 2108 2106 2109
f 2110 2108 2111
f 2112 2110 2113
f 2114 2112 2115
f 2116 2114 2117
f 2118 2116 2119
f 2120 2118 2121
f 2122 2120 2123
f 2124 2122 2125
f 2126 2124 2127
f 2128 2126 2129
f 2130 2128 2131
f 2132 2130 2133
f 2134 2132 2135
f 2136 2134 2137
f 2138 2136 2139
f 2140 2138 2141
f 2142 2140 2143
f 2142 2144 2145
f 2145 2146 2142
f 2147 2146 2145
f 2148 2147 2149
f 2150 2148 2151
f 2152 2150 2153
f 2154 2152 2155
f 2156 2154 2157
f 2158 2156 2159
f 2160 2158 2161
f 2162 2160 2163
f 2164 2162 2165
f 2166 2164 2167
f 2168 2166 2169
f 2170 2168 2171
f 2172 2170 2173
f 2174 2172 2175
f 2176 2174 2177
f 2178 2176 2179
f 2180 2178 2181
f 2182 2180 2183
f 2184 2182 2185
f 2186 2184 2187
f 2188 2186 2189
f 2190 2188 2191
f 2192 2190 2193
f 2194 2192 2195
f 2196 2194 2197
f 2198 2196 2199
f 2200 2198 2201
f 2202 2200 2203
f 2086 2202 2204
f 2204 2087 2086
f 2203 2204 2202
f 2201 2203 2200
f 2199 2201 2198
f 2197 2199 2196
f 2195 2197 2194
f 2193 2195 2192
f 2191 2193 2190
f 2189 2191 2188
f 2187 2189 2186
f 2185 2187 2184
f 2183 2185 2182
f 2181 2183 2180
f 2179 2181 2178
f 2177 2179 2176
f 2175 2177 2174
f 2173 2175 2172
f 2171 2173 2170
f 2169 2171 2168
f 2167 2169 2166
f 2165 2167 2164
f 2163 2165 2162
f 2161 2163 2160
f 2159 2161 2158
f 2157 2159 2156
f 2155 2157 2154
f 2153 2155 2152
f 2151 2153 2150
f 2149 2151 2148
f 2145 2149 2147
f 2143 2144 2142
f 2141 2143 2140
f 2139 2141 2138
f 2137 2139 2136
f 2135 2137 2134
f 2133 2135 2132
f 2131 2133 2130
f 2129 2131 2128
f 2127 2129 2126
f 2125 2127 2124
f 2123 2125 2122
f 2121 2123 2120
f 2119 2121 2118
f 2117 2119 2116
f 2115 2117 2114
f 2113 2115 2112
f 2111 2113 2110
f 2109 2111 2108
f 2107 2109 2106
f 2105 2107 2104
f 2103 2105 2102
f 2101 2103 2100
f 2099 2101 2098
f 2095 2099 2097
f 2093 2094 2092
f 2091 2093 2090
f 2089 2091 2088
f 2087 2089 2085
f 2205 2206 2207
f 2208 2205 2209
f 2210 2208 2211
f 2212 2210 2213
f 2214 2212 2215
f 2216 2214 2217
f 2218 2216 2219
f 2220 2218 2221
f 2222 2220 2223
f 2224 2222 2225
f 2226 2224 2227
f 2228 2226 2229
f 2230 2228 2231
f 2232 2230 2233
f 2234 2232 2235
f 2236 2234 2237
f 2238 2236 2239
f 2240 2238 2241
f 2242 2240 2243
f 2244 2242 2245
f 2246 2244 2247
f 2248 2249 2250
f 2246 2251 2250
f 2250 2249 2246
f 2252 2248 2253
f 2254 2252 2255
f 2256 2254 2257
f 2258 2256 2259
f 2260 2258 2261
f 2262 2260 2263
f 2264 2262 2265
f 2266 2264 2267
f 2268 2266 2269
f 2270 2268 2271
f 2272 2270 2273
f 2274 2272 2275
f 2276 2274 2277
f 2278 2276 2279
f 2280 2278 2281
f 2282 2280 2283
f 2284 2285 2286
f 2282 2287 2286
f 2286 2285 2282
f 2288 2284 2289
f 2290 2288 2291
f 2292 2290 2293
f 2294 2292 2295
f 2296 2294 2297
f 2298 2296 2299
f 2300 2298 2301
f 2302 2300 2303
f 2304 2302 2305
f 2306 2304 2307
f 2308 2306 2309
f 2310 2308 2311
f 2312 2310 2313
f 2314 2312 2315
f 2316 2314 2317
f 2318 2316 2319
f 2320 2318 2321
f 2322 2320 2323
f 2206 2322 2324
f 2324 2207 2206
f 2323 2324 2322
f 2321 2323 2320
f 2319 2321 2318
f 2317 2319 2316
f 2315 2317 2314
f 2313 2315 2312
f 2311 2313 2310
f 2309 2311 2308
f 2307 2309 2306
f 2305 2307 2304
f 2303 2305 2302
f 2301 2303 2300
f 2299 2301 2298
f 2297 2299 2296
f 2295 2297 2294
f 2293 2295 2292
f 2291 2293 2290
f 2289 2291 2288
f 2286 2289 2284
f 2283 2287 2282
f 2281 2283 2280
f 2279 2281 2278
f 2277 2279 2276
f 2275 2277 2274
f 2273 2275 2272
f 2271 2273 2270
f 2269 2271 2268
f 2267 2269 2266
f 2265 2267 2264
f 2263 2265 2262
f 2261 2263 2260
f 2259 2261 2258
f 2257 2259 2256
f 2255 2257 2254
f 2253 2255 2252
f 2250 2253 2248
f 2247 2251 2246
f 2245 2247 2244
f 2243 2245 2242
f 2241 2243 2240
f 2239 2241 2238
f 2237 2239 2236
f 2235 2237 2234
f 2233 2235 2232
f 2231 2233 2230
f 2229 2231 2228
f 2227 2229 2226
f 2225 2227 2224
f 2223 2225 2222
f 2221 2223 2220
f 2219 2221 2218
f 2217 2219 2216
f 2215 2217 2214
f 2213 2215 2212
f 2211 2213 2210
f 2209 2211 2208
f 2207 2209 2205
f 2325 2326 2327
f 2328 2325 2329
f 2330 2328 2331
f 2332 2330 2333
f 2334 2332 2335
f 2336 2334 2337
f 2338 2336 2339
f 2340 2338 2341
f 2342 2340 2343
f 2344 2342 2345
f 2346 2344 2347
f 2348 2346 2349
f 2350 2348 2351
f 2352 2350 2353
f 2354 2352 2355
f 2356 2354 2357
f 2358 2356 2359
f 2360 2358 2361
f 2362 2360 2363
f 2364 2362 2365
f 2366 2364 2367
f 2368 2366 2369
f 2370 2368 2371
f 2372 2370 2373
f 2374 2372 2375
f 2376 2374 2377
f 2378 2376 2379
f 2380 2378 2381
f 2382 2380 2383
f 2384 2382 2385
f 2386 2384 2387
f 2388 2386 2389
f 2390 2388 2391
f 2392 2390 2393
f 2394 2392 2395
f 2396 2394 2397
f 2398 2396 2399
f 2400 2398 2401
f 2402 2400 2403
f 2404 2402 2405
f 2406 2404 2407
f 2408 2406 2409
f 2410 2408 2411
f 2412 2410 2413
f 2414 2412 2415
f 2416 2414 2417
f 2418 2416 2419
f 2420 2418 2421
f 2422 2420 2423
f 2424 2422 2425
f 2426 2424 2427
f 2428 2426 2429
f 2430 2428 2431
f 2432 2430 2433
f 2434 2432 2435
f 2436 2434 2437
f 2438 2436 2439
f 2326 2438 2440
f 2440 2327 2326
f 2439 2440 2438
f 2437 2439 2436
f 2435 2437 2434
f 2433 2435 2432
f 2431 2433 2430
f 2429 2431 2428
f 2427 2429 2426
f 2425 2427 2424
f 2423 2425 2422
f 2421 2423 2420
f 2419 2421 2418
f 2417 2419 2416
f 2415 2417 2414
f 2413 2415 2412
f 2411 2413 2410
f 2409 2411 2408
f 2407 2409 2406
f 2405 2407 2404
f 2403 2405 2402
f 2401 2403 2400
f 2399 2401 2398
f 2397 2399 2396
f 2395 2397 2394
f 2393 2395 2392
f 2391 2393 2390
f 2389 2391 2388
f 2387 2389 2386
f 2385 2387 2384
f 2383 2385 2382
f 2381 2383 2380
f 2379 2381 2378
f 2377 2379 2376
f 2375 2377 2374
f 2373 2375 2372
f 2371 2373 2370
f 2369 2371 2368
f 2367 2369 2366
f 2365 2367 2364
f 2363 2365 2362
f 2361 2363 2360
f 2359 2361 2358
f 2357 2359 2356
f 2355 2357 2354
f 2353 2355 2352
f 2351 2353 2350
f 2349 2351 2348
f 2347 2349 2346
f 2345 2347 2344
f 2343 2345 2342
f 2341 2343 2340
f 2339 2341 2338
f 2337 2339 2336
f 2335 2337 2334
f 2333 2335 2332
f 2331 2333 2330
f 2329 2331 2328
f 2327 2329 2325
f 2441 2442 2443
f 2444 2441 2445
f 2446 2444 2447
f 2448 2446 2449
f 2450 2448 2451
f 2452 2450 2453
f 2454 2452 2455
f 2456 2454 2457
f 2458 2456 2459
f 2460 2458 2461
f 2462 2460 2463
f 2464 2462 2465
f 2466 2464 2467
f 2468 2466 2469
f 2470 2468 2471
f 2472 2470 2473
f 2474 2472 2475
f 2476 2474 2477
f 2478 2476 2479
f 2480 2478 2481
f 2482 2480 2483
f 2484 2482 2485
f 2486 2484 2487
f 2488 2486 2489
f 2490 2488 2491
f 2492 2490 2493
f 2494 2492 2495
f 2496 2494 2497
f 2498 2496 2499
f 2500 2498 2501
f 2502 2500 2503
f 2504 2502 2505
f 2506 2504 2507
f 2508 2506 2509
f 2510 2508 2511
f 2512 2510 2513
f 2514 2512 2515
f 2516 2514 2517
f 2518 2516 2519
f 2520 2521 2522
f 2518 2523 2522
f 2522 2521 2518
f 2524 2520 2525
f 2526 2524 2527
f 2528 2526 2529
f 2530 2528 2531
f 2532 2530 2533
f 2534 2532 2535
f 2536 2534 2537
f 2538 2536 2539
f 2540 2538 2541
f 2542 2543 2544
f 2540 2545 2544
f 2544 2543 2540
f 2546 2542 2547
f 2548 2546 2549
f 2550 2548 2551
f 2552 2550 2553
f 2554 2552 2555
f 2556 2554 2557
f 2558 2556 2559
f 2442 2558 2560
f 2560 2443 2442
f 2559 2560 2558
f 2557 2559 2556
f 2555 2557 2554
f 2553 2555 2552
f 2551 2553 2550
f 2549 2551 2548
f 2547 2549 2546
f 2544 2547 2542
f 2541 2545 2540
f 2539 2541 2538
f 2537 2539 2536
f 2535 2537 2534
f 2533 2535 2532
f 2531 2533 2530
f 2529 2531 2528
f 2527 2529 2526
f 2525 2527 2524
f 2522 2525 2520
f 2519 2523 2518
f 2517 2519 2516
f 2515 2517 2514
f 2513 2515 2512
f 2511 2513 2510
f 2509 2511 2508
f 2507 2509 2506
f 2505 2507 2504
f 2503 2505 2502
f 2501 2503 2500
f 2499 2501 2498
f 2497 2499 2496
f 2495 2497 2494
f 2493 2495 2492
f 2491 2493 2490
f 2489 2491 2488
f 2487 2489 2486
f 2485 2487 2484
f 2483 2485 2482
f 2481 2483 2480
f 2479 2481 2478
f 2477 2479 2476
f 2475 2477 2474
f 2473 2475 2472
f 2471 2473 2470
f 2469 2471 2468
f 2467 2469 2466
f 2465 2467 2464
f 2463 2465 2462
f 2461 2463 2460
f 2459 2461 2458
f 2457 2459 2456
f 2455 2457 2454
f 2453 2455 2452
f 2451 2453 2450
f 2449 2451 2448
f 2447 2449 2446
f 2445 2447 2444
f 2443 2445 2441
f 2561 2562 2563
f 2564 2561 2565
f 2566 2564 2567
f 2568 2566 2569
f 2570 2568 2571
f 2572 2570 2573
f 2574 2572 2575
f 2576 2574 2577
f 2578 2576 2579
f 2580 2578 2581
f 2582 2580 2583
f 2584 2582 2585
f 2586 2584 2587
f 2588 2586 2589
f 2590 2588 2591
f 2592 2590 2593
f 2594 2592 2595
f 2596 2594 2597
f 2598 2596 2599
f 2600 2598 2601
f 2602 2600 2603
f 2604 2602 2605
f 2606 2604 2607
f 2608 2606 2609
f 2610 2608 2611
f 2612 2610 2613
f 2614 2612 2615
f 2616 2614 2617
f 2618 2616 2619
f 2620 2618 2621
f 2622 2620 2623
f 2624 2622 2625
f 2626 2624 2627
f 2628 2626 2629
f 2630 2628 2631
f 2632 2630 2633
f 2634 2632 2635
f 2636 2634 2637
f 2636 2638 2639
f 2639 2640 2636
f 2641 2640 2639
f 2642 2641 2643
f 2644 2642 2645
f 2646 2644 2647
f 2648 2646 2649
f 2650 2648 2651
f 2652 2650 2653
f 2654 2652 2655
f 2656 2654 2657
f 2658 2656 2659
f 2660 2658 2661
f 2662 2660 2663
f 2664 2662 2665
f 2664 2666 2667
f 2667 2668 2664
f 2669 2668 2667
f 2670 2669 2671
f 2672 2670 2673
f 2674 2672 2675
f 2676 2674 2677
f 2678 2676 2679
f 2562 2678 2680
f 2680 2563 2562
f 2679 2680 2678
f 2677 2679 2676
f 2675 2677 2674
f 2673 2675 2672
f 2671 2673 2670
f 2667 2671 2669
f 2665 2666 2664
f 2663 2665 2662
f 2661 2663 2660
f 2659 2661 2658
f 2657 2659 2656
f 2655 2657 2654
f 2653 2655 2652
f 2651 2653 2650
f 2649 2651 2648
f 2647 2649 2646
f 2645 2647 2644
f 2643 2645 2642
f 2639 2643 2641
f 2637 2638 2636
f 2635 2637 2634
f 2633 2635 2632
f 2631 2633 2630
f 2629 2631 2628
f 2627 2629 2626
f 2625 2627 2624
f 2623 2625 2622
f 2621 2623 2620
f 2619 2621 2618
f 2617 2619 2616
f 2615 2617 2614
f 2613 2615 2612
f 2611 2613 2610
f 2609 2611 2608
f 2607 2609 2606
f 2605 2607 2604
f 2603 2605 2602
f 2601 2603 2600
f 2599 2601 2598
f 2597 2599 2596
f 2595 2597 2594
f 2593 2595 2592
f 2591 2593 2590
f 2589 2591 2588
f 2587 2589 2586
f 2585 2587 2584
f 2583 2585 2582
f 2581 2583 2580
f 2579 2581 2578
f 2577 2579 2576
f 2575 2577 2574
f 2573 2575 2572
f 2571 2573 2570
f 2569 2571 2568
f 2567 2569 2566
f 2565 2567 2564
f 2563 2565 2561
f 2681 2682 2683
f 2684 2681 2685
f 2686 2684 2687
f 2688 2686 2689
f 2690 2688 2691
f 2692 2690 2693
f 2694 2692 2695
f 2696 2694 2697
f 2698 2696 2699
f 2700 2698 2701
f 2702 2700 2703
f 2704 2702 2705
f 2706 2704 2707
f 2708 2706 2709
f 2710 2708 2711
f 2712 2710 2713
f 2714 2712 2715
f 2716 2714 2717
f 2718 2716 2719
f 2720 2718 2721
f 2722 2720 2723
f 2724 2722 2725
f 2726 2724 2727
f 2728 2726 2729
f 2730 2728 2731
f 2732 2730 2733
f 2734 2732 2735
f 2736 2734 2737
f 2738 2736 2739
f 2740 2738 2741
f 2742 2740 2743
f 2744 2742 2745
f 2746 2744 2747
f 2748 2746 2749
f 2750 2748 2751
f 2752 2750 2753
f 2754 2752 2755
f 2756 2754 2757
f 2758 2756 2759
f 2760 2758 2761
f 2762 2760 2763
f 2764 2762 2765
f 2766 2764 2767
f 2768 2766 2769
f 2770 2768 2771
f 2772 2770 2773
f 2774 2772 2775
f 2776 2774 2777
f 2778 2776 2779
f 2780 2778 2781
f 2782 2780 2783
f 2784 2782 2785
f 2786 2784 2787
f 2788 2786 2789
f 2790 2788 2791
f 2792 2790 2793
f 2794 2792 2795
f 2682 2794 2796
f 2796 2683 2682
f 2795 2796 2794
f 2793 2795 2792
f 2791 2793 2790
f 2789 2791 2788
f 2787 2789 2786
f 2785 2787 2784
f 2783 2785 2782
f 2781 2783 2780
f 2779 2781 2778
f 2777 2779 2776
f 2775 2777 2774
f 2773 2775 2772
f 2771 2773 2770
f 2769 2771 2768
f 2767 2769 2766
f 2765 2767 2764
f 2763 2765 2762
f 2761 2763 2760
f 2759 2761 2758
f 2757 2759 2756
f 2755 2757 2754
f 2753 2755 2752
f 2751 2753 2750
f 2749 2751 2748
f 2747 2749 2746
f 2745 2747 2744
f 2743 2745 2742
f 2741 2743 2740
f 2739 2741 2738
f 2737 2739 2736
f 2735 2737 2734
f 2733 2735 2732
f 2731 2733 2730
f 2729 2731 2728
f 2727 2729 2726
f 2725 2727 2724
f 2723 2725 2722
f 2721 2723 2720
f 2719 2721 2718
f 2717 2719 2716
f 2715 2717 2714
f 2713 2715 2712
f 2711 2713 2710
f 2709 2711 2708
f 2707 2709 2706
f 2705 2707 2704
f 2703 2705 2702
f 2701 2703 2700
f 2699 2701 2698
f 2697 2699 2696
f 2695 2697 2694
f 2693 2695 2692
f 2691 2693 2690
f 2689 2691 2688
f 2687 2689 2686
f 2685 2687 2684
f 2683 2685 2681
f 2797 2798 2799
f 2800 2797 2801
f 2802 2800 2803
f 2804 2802 2805
f 2806 2804 2807
f 2808 2806 2809
f 2810 2808 2811
f 2812 2810 2813
f 2814 2812 2815
f 2816 2814 2817
f 2818 2816 2819
f 2820 2818 2821
f 2822 2820 2823
f 2824 2822 2825
f 2826 2824 2827
f 2828 2826 2829
f 2830 2828 2831
f 2832 2830 2833
f 2834 2832 2835
f 2836 2834 2837
f 2838 2836 2839
f 2840 2838 2841
f 2842 2840 2843
f 2844 2842 2845
f 2846 2844 2847
f 2848 2846 2849
f 2850 2848 2851
f 2852 2850 2853
f 2854 2852 2855
f 2856 2854 2857
f 2858 2856 2859
f 2860 2858 2861
f 2862 2860 2863
f 2864 2862 2865
f 2866 2864 2867
f 2868 2866 2869
f 2870 2868 2871
f 2872 2870 2873
f 2874 2872 2875
f 2876 2874 2877
f 2878 2876 2879
f 2880 2878 2881
f 2882 2880 2883
f 2884 2882 2885
f 2886 2884 2887
f 2888 2886 2889
f 2890 2888 2891
f 2892 2890 2893
f 2894 2892 2895
f 2896 2894 2897
f 2898 2896 2899
f 2900 2898 2901
f 2902 2900 2903
f 2904 2902 2905
f 2906 2904 2907
f 2908 2906 2909
f 2910 2908 2911
f 2798 2910 2912
f 2912 2799 2798
f 2911 2912 2910
f 2909 2911 2908
f 2907 2909 2906
f 2905 2907 2904
f 2903 2905 2902
f 2901 2903 2900
f 2899 2901 2898
f 2897 2899 2896
f 2895 2897 2894
f 2893 2895 2892
f 2891 2893 2890
f 2889 2891 2888
f 2887 2889 2886
f 2885 2887 2884
f 2883 2885 2882
f 2881 2883 2880
f 2879 2881 2878
f 2877 2879 2876
f 2875 2877 2874
f 2873 2875 2872
f 2871 2873 2870
f 2869 2871 2868
f 2867 2869 2866
f 2865 2867 2864
f 2863 2865 2862
f 2861 2863 2860
f 2859 2861 2858
f 2857 2859 2856
f 2855 2857 2854
f 2853 2855 2852
f 2851 2853 2850
f 2849 2851 2848
f 2847 2849 2846
f 2845 2847 2844
f 2843 2845 2842
f 2841 2843 2840
f 2839 2841 2838
f 2837 2839 2836
f 2835 2837 2834
f 2833 2835 2832
f 2831 2833 2830
f 2829 2831 2828
f 2827 2829 2826
f 2825 2827 2824
f 2823 2825 2822
f 2821 2823 2820
f 2819 2821 2818
f 2817 2819 2816
f 2815 2817 2814
f 2813 2815 2812
f 2811 2813 2810
f 2809 2811 2808
f 2807 2809 2806
f 2805 2807 2804
f 2803 2805 2802
f 2801 2803 2800
f 2799 2801 2797
f 2913 2914 2915
f 2916 2913 2917
f 2918 2916 2919
f 2920 2918 2921
f 2922 2920 2923
f 2924 2922 2925
f 2926 2924 2927
f 2928 2926 2929
f 2930 2928 2931
f 2932 2930 2933
f 2934 2932 2935
f 2936 2934 2937
f 2938 2936 2939
f 2940 2938 2941
f 2942 2940 2943
f 2944 2942 2945
f 2946 2944 2947
f 2948 2946 2949
f 2950 2948 2951
f 2952 2950 2953
f 2954 2952 2955
f 2956 2954 2957
f 2958 2956 2959
f 2960 2958 2961
f 2962 2960 2963
f 2964 2962 2965
f 2966 2964 2967
f 2968 2966 2969
f 2970 2968 2971
f 2972 2970 2973
f 2974 2972 2975
f 2976 2974 2977
f 2978 2976 2979
f 2980 2978 2981
f 2982 2980 2983
f 2984 2982 2985
f 2986 2984 2987
f 2988 2986 2989
f 2990 2988 2991
f 2992 2990 2993
f 2994 2992 2995
f 2996 2994 2997
f 2998 2996 2999
f 3000 2998 3001
f 3002 3000 3003
f 3004 3002 3005
f 3006 3004 3007
f 3008 3006 3009
f 3010 3008 3011
f 3012 3010 3013
f 3014 3012 3015
f 3016 3014 3017
f 3018 3016 3019
f 3020 3018 3021
f 3022 3020 3023
f 3024 3022 3025
f 3026 3024 3027
f 2914 3026 3028
f 3028 2915 2914
f 3027 3028 3026
f 3025 3027 3024
f 3023 3025 3022
f 3021 3023 3020
f 3019 3021 3018
f 3017 3019 3016
f 3015 3017 3014
f 3013 3015 3012
f 3011 3013 3010
f 3009 3011 3008
f 3007 3009 3006
f 3005 3007 3004
f 3003 3005 3002
f 3001 3003 3000
f 2999 3001 2998
f 2997 2999 2996
f 2995 2997 2994
f 2993 2995 2992
f 2991 2993 2990
f 2989 2991 2988
f 2987 2989 2986
f 2985 2987 2984
f 2983 2985 2982
f 2981 2983 2980
f 2979 2981 2978
f 2977 2979 2976
f 2975 2977 2974
f 2973 2975 2972
f 2971 2973 2970
f 2969 2971 2968
f 2967 2969 2966
f 2965 2967 2964
f 2963 2965 2962
f 2961 2963 2960
f 2959 2961 2958
f 2957 2959 2956
f 2955 2957 2954
f 2953 2955 2952
f 2951 2953 2950
f 2949 2951 2948
f 2947 2949 2946
f 2945 2947 2944
f 2943 2945 2942
f 2941 2943 2940
f 2939 2941 2938
f 2937 2939 2936
f 2935 2937 2934
f 2933 2935 2932
f 2931 2933 2930
f 2929 2931 2928
f 2927 2929 2926
f 2925 2927 2924
f 2923 2925 2922
f 2921 2923 2920
f 2919 2921 2918
f 2917 2919 2916
f 2915 2917 2913
