v 0 0 -0.0182000007
v 0.00161161087 -0.000175273235 -0.0182000007
v 0.0015832131 -0.000348491565 -0.0182000007
v 0.00153625372 -0.000517624139 -0.0182000007
v 0.00147128315 -0.00068068807 -0.0182000007
v 0.00138906308 -0.000835771498 -0.0182000007
v 0.00129055756 -0.000981056364 -0.0182000007
v 0.00117692142 -0.00111483911 -0.0182000007
v 0.00104948692 -0.00123555155 -0.0182000007
v 0.000909748138 -0.00134177809 -0.0182000007
v 0.000759343442 -0.00143227365 -0.0182000007
v 0.000600036117 -0.00150597701 -0.0182000007
v 0.000433693902 -0.00156202423 -0.0182000007
v 0.000262267044 -0.00159975816 -0.0182000007
v 8.77653365e-05 -0.00161873642 -0.0182000007
v -8.77653365e-05 -0.00161873642 -0.0182000007
v -0.000262267044 -0.00159975816 -0.0182000007
v -0.000433693902 -0.00156202423 -0.0182000007
v -0.000600036117 -0.00150597701 -0.0182000007
v -0.000759343442 -0.00143227365 -0.0182000007
v -0.000909748138 -0.00134177809 -0.0182000007
v -0.00104948692 -0.00123555155 -0.0182000007
v -0.00117692142 -0.00111483911 -0.0182000007
v -0.00129055756 -0.000981056364 -0.0182000007
v -0.00138906308 -0.000835771498 -0.0182000007
v -0.00147128315 -0.00068068807 -0.0182000007
v -0.00153625372 -0.000517624139 -0.0182000007
v -0.0015832131 -0.000348491565 -0.0182000007
v -0.00161161087 -0.000175273235 -0.0182000007
v -0.00162111386 -1.24130921e-18 -0.0182000007
v -0.00161161087 0.000175273235 -0.0182000007
v -0.0015832131 0.000348491565 -0.0182000007
v -0.00153625372 0.000517624139 -0.0182000007
v -0.00147128315 0.00068068807 -0.0182000007
v -0.00138906308 0.000835771498 -0.0182000007
v -0.00129055756 0.000981056364 -0.0182000007
v -0.00117692142 0.00111483911 -0.0182000007
v -0.00104948692 0.00123555155 -0.0182000007
v -0.000909748138 0.00134177809 -0.0182000007
v -0.000759343442 0.00143227365 -0.0182000007
v -0.000600036117 0.00150597701 -0.0182000007
v -0.000433693902 0.00156202423 -0.0182000007
v -0.000262267044 0.00159975816 -0.0182000007
v -8.77653365e-05 0.00161873642 -0.0182000007
v 8.77653365e-05 0.00161873642 -0.0182000007
v 0.000262267044 0.00159975816 -0.0182000007
v 0.000433693902 0.00156202423 -0.0182000007
v 0.000600036117 0.00150597701 -0.0182000007
v 0.000759343442 0.00143227365 -0.0182000007
v 0.000909748138 0.00134177809 -0.0182000007
v 0.00104948692 0.00123555155 -0.0182000007
v 0.00117692142 0.00111483911 -0.0182000007
v 0.00129055756 0.000981056364 -0.0182000007
v 0.00138906308 0.000835771498 -0.0182000007
v 0.00147128315 0.00068068807 -0.0182000007
v 0.00153625372 0.000517624139 -0.0182000007
v 0.0015832131 0.000348491565 -0.0182000007
v 0.00161161087 0.000175273235 -0.0182000007
v 0.00162111386 -3.97058378e-19 -0.0182000007
v 0.00200000009 0 -0.0178211145
v 0.00162111386 -3.97058378e-19 -0.0182000007
v 0.00161161087 0.000175273235 -0.0182000007
v 0.00198827591 0.000216238041 -0.0178211145
v 0.0015832131 0.000348491565 -0.0182000007
v 0.00195324118 0.000429940876 -0.0178211145
v 0.00153625372 0.000517624139 -0.0182000007
v 0.0018953064 0.000638603058 -0.0178211145
v 0.00147128315 0.00068068807 -0.0182000007
v 0.00181515084 0.000839778222 -0.0178211145
v 0.00138906308 0.000835771498 -0.0182000007
v 0.00171371433 0.00103110773 -0.0178211145
v 0.00129055756 0.000981056364 -0.0182000007
v 0.00159218616 0.00121034845 -0.0178211145
v 0.00117692142 0.00111483911 -0.0182000007
v 0.00145199103 0.00137539895 -0.0178211145
v 0.00104948692 0.00123555155 -0.0182000007
v 0.00129477261 0.00152432406 -0.0178211145
v 0.000909748138 0.00134177809 -0.0182000007
v 0.00112237409 0.00165537803 -0.0178211145
v 0.000759343442 0.00143227365 -0.0182000007
v 0.000936816854 0.00176702405 -0.0178211145
v 0.000600036117 0.00150597701 -0.0182000007
v 0.0007402763 0.0018579535 -0.0178211145
v 0.000433693902 0.00156202423 -0.0182000007
v 0.000535056693 0.00192710001 -0.0178211145
v 0.000262267044 0.00159975816 -0.0182000007
v 0.000323563989 0.00197365298 -0.0178211145
v 8.77653365e-05 0.00161873642 -0.0182000007
v 0.000108277818 0.00199706689 -0.0178211145
v -8.77653365e-05 0.00161873642 -0.0182000007
v -0.000108277818 0.00199706689 -0.0178211145
v -0.000262267044 0.00159975816 -0.0182000007
v -0.000323563989 0.00197365298 -0.0178211145
v -0.000433693902 0.00156202423 -0.0182000007
v -0.000535056693 0.00192710001 -0.0178211145
v -0.000600036117 0.00150597701 -0.0182000007
v -0.0007402763 0.0018579535 -0.0178211145
v -0.000759343442 0.00143227365 -0.0182000007
v -0.000936816854 0.00176702405 -0.0178211145
v -0.000909748138 0.00134177809 -0.0182000007
v -0.00112237409 0.00165537803 -0.0178211145
v -0.00104948692 0.00123555155 -0.0182000007
v -0.00129477261 0.00152432406 -0.0178211145
v -0.00117692142 0.00111483911 -0.0182000007
v -0.00145199103 0.00137539895 -0.0178211145
v -0.00129055756 0.000981056364 -0.0182000007
v -0.00159218616 0.00121034845 -0.0178211145
v -0.00138906308 0.000835771498 -0.0182000007
v -0.00171371433 0.00103110773 -0.0178211145
v -0.00147128315 0.00068068807 -0.0182000007
v -0.00181515084 0.000839778222 -0.0178211145
v -0.00153625372 0.000517624139 -0.0182000007
v -0.0018953064 0.000638603058 -0.0178211145
v -0.0015832131 0.000348491565 -0.0182000007
v -0.00195324118 0.000429940876 -0.0178211145
v -0.00161161087 0.000175273235 -0.0182000007
v -0.00198827591 0.000216238041 -0.0178211145
v -0.00162111386 -1.24130921e-18 -0.0182000007
v -0.00200000009 -1.5314275e-18 -0.0178211145
v -0.00161161087 -0.000175273235 -0.0182000007
v -0.00198827591 -0.000216238041 -0.0178211145
v -0.0015832131 -0.000348491565 -0.0182000007
v -0.00195324118 -0.000429940876 -0.0178211145
v -0.00153625372 -0.000517624139 -0.0182000007
v -0.0018953064 -0.000638603058 -0.0178211145
v -0.00147128315 -0.00068068807 -0.0182000007
v -0.00181515084 -0.000839778222 -0.0178211145
v -0.00138906308 -0.000835771498 -0.0182000007
v -0.00171371433 -0.00103110773 -0.0178211145
v -0.00129055756 -0.000981056364 -0.0182000007
v -0.00159218616 -0.00121034845 -0.0178211145
v -0.00117692142 -0.00111483911 -0.0182000007
v -0.00145199103 -0.00137539895 -0.0178211145
v -0.00104948692 -0.00123555155 -0.0182000007
v -0.00129477261 -0.00152432406 -0.0178211145
v -0.000909748138 -0.00134177809 -0.0182000007
v -0.00112237409 -0.00165537803 -0.0178211145
v -0.000759343442 -0.00143227365 -0.0182000007
v -0.000936816854 -0.00176702405 -0.0178211145
v -0.000600036117 -0.00150597701 -0.0182000007
v -0.0007402763 -0.0018579535 -0.0178211145
v -0.000433693902 -0.00156202423 -0.0182000007
v -0.000535056693 -0.00192710001 -0.0178211145
v -0.000262267044 -0.00159975816 -0.0182000007
v -0.000323563989 -0.00197365298 -0.0178211145
v -8.77653365e-05 -0.00161873642 -0.0182000007
v -0.000108277818 -0.00199706689 -0.0178211145
v 8.77653365e-05 -0.00161873642 -0.0182000007
v 0.000108277818 -0.00199706689 -0.0178211145
v 0.000262267044 -0.00159975816 -0.0182000007
v 0.000323563989 -0.00197365298 -0.0178211145
v 0.000433693902 -0.00156202423 -0.0182000007
v 0.000535056693 -0.00192710001 -0.0178211145
v 0.000600036117 -0.00150597701 -0.0182000007
v 0.0007402763 -0.0018579535 -0.0178211145
v 0.000759343442 -0.00143227365 -0.0182000007
v 0.000936816854 -0.00176702405 -0.0178211145
v 0.000909748138 -0.00134177809 -0.0182000007
v 0.00112237409 -0.00165537803 -0.0178211145
v 0.00104948692 -0.00123555155 -0.0182000007
v 0.00129477261 -0.00152432406 -0.0178211145
v 0.00117692142 -0.00111483911 -0.0182000007
v 0.00145199103 -0.00137539895 -0.0178211145
v 0.00129055756 -0.000981056364 -0.0182000007
v 0.00159218616 -0.00121034845 -0.0178211145
v 0.00138906308 -0.000835771498 -0.0182000007
v 0.00171371433 -0.00103110773 -0.0178211145
v 0.00147128315 -0.00068068807 -0.0182000007
v 0.00181515084 -0.000839778222 -0.0178211145
v 0.00153625372 -0.000517624139 -0.0182000007
v 0.0018953064 -0.000638603058 -0.0178211145
v 0.0015832131 -0.000348491565 -0.0182000007
v 0.00195324118 -0.000429940876 -0.0178211145
v 0.00161161087 -0.000175273235 -0.0182000007
v 0.00198827591 -0.000216238041 -0.0178211145
v -0.00200000009 -1.5314275e-18 -0.0178211145
v -0.00200000009 0 -0.00240000011
v -0.00198827591 0.000216238041 -0.00240000011
v -0.00198827591 0.000216238041 -0.0178211145
v -0.00195324118 0.000429940876 -0.00240000011
v -0.00195324118 0.000429940876 -0.0178211145
v -0.0018953064 0.000638603058 -0.00240000011
v -0.0018953064 0.000638603058 -0.0178211145
v -0.00181515084 0.000839778222 -0.00240000011
v -0.00181515084 0.000839778222 -0.0178211145
v -0.00171371433 0.00103110773 -0.00240000011
v -0.00171371433 0.00103110773 -0.0178211145
v -0.00159218616 0.00121034845 -0.00240000011
v -0.00159218616 0.00121034845 -0.0178211145
v -0.00145199103 0.00137539895 -0.00240000011
v -0.00145199103 0.00137539895 -0.0178211145
v -0.00129477261 0.00152432406 -0.00240000011
v -0.00129477261 0.00152432406 -0.0178211145
v -0.00112237409 0.00165537803 -0.00240000011
v -0.00112237409 0.00165537803 -0.0178211145
v -0.000936816854 0.00176702405 -0.00240000011
v -0.000936816854 0.00176702405 -0.0178211145
v -0.0007402763 0.0018579535 -0.00240000011
v -0.0007402763 0.0018579535 -0.0178211145
v -0.000535056693 0.00192710001 -0.00240000011
v -0.000535056693 0.00192710001 -0.0178211145
v -0.000323563989 0.00197365298 -0.00240000011
v -0.000323563989 0.00197365298 -0.0178211145
v -0.000108277818 0.00199706689 -0.00240000011
v -0.000108277818 0.00199706689 -0.0178211145
v 0.000108277818 0.00199706689 -0.00240000011
v 0.000108277818 0.00199706689 -0.0178211145
v 0.000323563989 0.00197365298 -0.00240000011
v 0.000323563989 0.00197365298 -0.0178211145
v 0.000535056693 0.00192710001 -0.00240000011
v 0.000535056693 0.00192710001 -0.0178211145
v 0.0007402763 0.0018579535 -0.00240000011
v 0.0007402763 0.0018579535 -0.0178211145
v 0.000936816854 0.00176702405 -0.00240000011
v 0.000936816854 0.00176702405 -0.0178211145
v 0.00112237409 0.00165537803 -0.00240000011
v 0.00112237409 0.00165537803 -0.0178211145
v 0.00129477261 0.00152432406 -0.00240000011
v 0.00129477261 0.00152432406 -0.0178211145
v 0.00145199103 0.00137539895 -0.00240000011
v 0.00145199103 0.00137539895 -0.0178211145
v 0.00159218616 0.00121034845 -0.00240000011
v 0.00159218616 0.00121034845 -0.0178211145
v 0.00171371433 0.00103110773 -0.00240000011
v 0.00171371433 0.00103110773 -0.0178211145
v 0.00181515084 0.000839778222 -0.00240000011
v 0.00181515084 0.000839778222 -0.0178211145
v 0.0018953064 0.000638603058 -0.00240000011
v 0.0018953064 0.000638603058 -0.0178211145
v 0.00195324118 0.000429940876 -0.00240000011
v 0.00195324118 0.000429940876 -0.0178211145
v 0.00198827591 0.000216238041 -0.00240000011
v 0.00198827591 0.000216238041 -0.0178211145
v 0.00200000009 -1.5314275e-18 -0.00240000011
v 0.00200000009 0 -0.0178211145
v 0.00198827591 -0.000216238041 -0.00240000011
v 0.00198827591 -0.000216238041 -0.0178211145
v 0.00195324118 -0.000429940876 -0.00240000011
v 0.00195324118 -0.000429940876 -0.0178211145
v 0.0018953064 -0.000638603058 -0.00240000011
v 0.0018953064 -0.000638603058 -0.0178211145
v 0.00181515084 -0.000839778222 -0.00240000011
v 0.00181515084 -0.000839778222 -0.0178211145
v 0.00171371433 -0.00103110773 -0.00240000011
v 0.00171371433 -0.00103110773 -0.0178211145
v 0.00159218616 -0.00121034845 -0.00240000011
v 0.00159218616 -0.00121034845 -0.0178211145
v 0.00145199103 -0.00137539895 -0.00240000011
v 0.00145199103 -0.00137539895 -0.0178211145
v 0.00129477261 -0.00152432406 -0.00240000011
v 0.00129477261 -0.00152432406 -0.0178211145
v 0.00112237409 -0.00165537803 -0.00240000011
v 0.00112237409 -0.00165537803 -0.0178211145
v 0.000936816854 -0.00176702405 -0.00240000011
v 0.000936816854 -0.00176702405 -0.0178211145
v 0.0007402763 -0.0018579535 -0.00240000011
v 0.0007402763 -0.0018579535 -0.0178211145
v 0.000535056693 -0.00192710001 -0.00240000011
v 0.000535056693 -0.00192710001 -0.0178211145
v 0.000323563989 -0.00197365298 -0.00240000011
v 0.000323563989 -0.00197365298 -0.0178211145
v 0.000108277818 -0.00199706689 -0.00240000011
v 0.000108277818 -0.00199706689 -0.0178211145
v -0.000108277818 -0.00199706689 -0.00240000011
v -0.000108277818 -0.00199706689 -0.0178211145
v -0.000323563989 -0.00197365298 -0.00240000011
v -0.000323563989 -0.00197365298 -0.0178211145
v -0.000535056693 -0.00192710001 -0.00240000011
v -0.000535056693 -0.00192710001 -0.0178211145
v -0.0007402763 -0.0018579535 -0.00240000011
v -0.0007402763 -0.0018579535 -0.0178211145
v -0.000936816854 -0.00176702405 -0.00240000011
v -0.000936816854 -0.00176702405 -0.0178211145
v -0.00112237409 -0.00165537803 -0.00240000011
v -0.00112237409 -0.00165537803 -0.0178211145
v -0.00129477261 -0.00152432406 -0.00240000011
v -0.00129477261 -0.00152432406 -0.0178211145
v -0.00145199103 -0.00137539895 -0.00240000011
v -0.00145199103 -0.00137539895 -0.0178211145
v -0.00159218616 -0.00121034845 -0.00240000011
v -0.00159218616 -0.00121034845 -0.0178211145
v -0.00171371433 -0.00103110773 -0.00240000011
v -0.00171371433 -0.00103110773 -0.0178211145
v -0.00181515084 -0.000839778222 -0.00240000011
v -0.00181515084 -0.000839778222 -0.0178211145
v -0.0018953064 -0.000638603058 -0.00240000011
v -0.0018953064 -0.000638603058 -0.0178211145
v -0.00195324118 -0.000429940876 -0.00240000011
v -0.00195324118 -0.000429940876 -0.0178211145
v -0.00198827591 -0.000216238041 -0.00240000011
v -0.00198827591 -0.000216238041 -0.0178211145
v -0.00219999999 -5.3884458e-19 -0.00219999999
v -0.0021871035 0.000237861837 -0.00219999999
v -0.00216632034 0.000235601532 -0.00220109569
v -0.00214856514 0.000472934975 -0.00219999999
v -0.00212814822 0.000468440849 -0.00220109569
v -0.00208483706 0.000702463381 -0.00219999999
v -0.00206502574 0.000695788127 -0.00220109569
v -0.00199666596 0.000923756044 -0.00219999999
v -0.00197769236 0.00091497798 -0.00220109569
v -0.00188508583 0.00113421853 -0.00219999999
v -0.00186717254 0.00112344045 -0.00220109569
v -0.00175140472 0.00133138325 -0.00219999999
v -0.00173476187 0.00131873169 -0.00220109569
v -0.00159719004 0.00151293876 -0.00219999999
v -0.00158201263 0.00149856193 -0.00220109569
v -0.00142424984 0.00167675654 -0.00219999999
v -0.00141071575 0.00166082301 -0.00220109569
v -0.0012346115 0.00182091584 -0.00219999999
v -0.00122287951 0.00180361234 -0.00220109569
v -0.00103049853 0.00194372644 -0.00219999999
v -0.00102070614 0.0019252561 -0.00220109569
v -0.00081430393 0.00204374874 -0.00219999999
v -0.00080656592 0.00202432787 -0.00220109569
v -0.00058856234 0.00211981009 -0.00219999999
v -0.000582969456 0.00209966628 -0.00220109569
v -0.000355920405 0.00217101839 -0.00219999999
v -0.00035253822 0.00215038797 -0.00220109569
v -0.0001191056 0.00219677342 -0.00219999999
v -0.000117973788 0.00217589852 -0.00220109569
v 0.0001191056 0.00219677342 -0.00219999999
v 0.000117973788 0.00217589852 -0.00220109569
v 0.000355920405 0.00217101839 -0.00219999999
v 0.00035253822 0.00215038797 -0.00220109569
v 0.00058856234 0.00211981009 -0.00219999999
v 0.000582969456 0.00209966628 -0.00220109569
v 0.00081430393 0.00204374874 -0.00219999999
v 0.00080656592 0.00202432787 -0.00220109569
v 0.00103049853 0.00194372644 -0.00219999999
v 0.00102070614 0.0019252561 -0.00220109569
v 0.0012346115 0.00182091584 -0.00219999999
v 0.00122287951 0.00180361234 -0.00220109569
v 0.00142424984 0.00167675654 -0.00219999999
v 0.00141071575 0.00166082301 -0.00220109569
v 0.00159719004 0.00151293876 -0.00219999999
v 0.00158201263 0.00149856193 -0.00220109569
v 0.00175140472 0.00133138325 -0.00219999999
v 0.00173476187 0.00131873169 -0.00220109569
v 0.00188508583 0.00113421853 -0.00219999999
v 0.00186717254 0.00112344045 -0.00220109569
v 0.00199666596 0.000923756044 -0.00219999999
v 0.00197769236 0.00091497798 -0.00220109569
v 0.00208483706 0.000702463381 -0.00219999999
v 0.00206502574 0.000695788127 -0.00220109569
v 0.00214856514 0.000472934975 -0.00219999999
v 0.00212814822 0.000468440849 -0.00220109569
v 0.0021871035 0.000237861837 -0.00219999999
v 0.00216632034 0.000235601532 -0.00220109569
v 0.00219999999 -1.68457027e-18 -0.00219999999
v 0.00217909436 -4.53615146e-19 -0.00220109569
v 0.0021871035 -0.000237861837 -0.00219999999
v 0.00216632034 -0.000235601532 -0.00220109569
v 0.00214856514 -0.000472934975 -0.00219999999
v 0.00212814822 -0.000468440849 -0.00220109569
v 0.00208483706 -0.000702463381 -0.00219999999
v 0.00206502574 -0.000695788127 -0.00220109569
v 0.00199666596 -0.000923756044 -0.00219999999
v 0.00197769236 -0.00091497798 -0.00220109569
v 0.00188508583 -0.00113421853 -0.00219999999
v 0.00186717254 -0.00112344045 -0.00220109569
v 0.00175140472 -0.00133138325 -0.00219999999
v 0.00173476187 -0.00131873169 -0.00220109569
v 0.00159719004 -0.00151293876 -0.00219999999
v 0.00158201263 -0.00149856193 -0.00220109569
v 0.00142424984 -0.00167675654 -0.00219999999
v 0.00141071575 -0.00166082301 -0.00220109569
v 0.0012346115 -0.00182091584 -0.00219999999
v 0.00122287951 -0.00180361234 -0.00220109569
v 0.00103049853 -0.00194372644 -0.00219999999
v 0.00102070614 -0.0019252561 -0.00220109569
v 0.00081430393 -0.00204374874 -0.00219999999
v 0.00080656592 -0.00202432787 -0.00220109569
v 0.00058856234 -0.00211981009 -0.00219999999
v 0.000582969456 -0.00209966628 -0.00220109569
v 0.000355920405 -0.00217101839 -0.00219999999
v 0.00035253822 -0.00215038797 -0.00220109569
v 0.0001191056 -0.00219677342 -0.00219999999
v 0.000117973788 -0.00217589852 -0.00220109569
v -0.0001191056 -0.00219677342 -0.00219999999
v -0.000117973788 -0.00217589852 -0.00220109569
v -0.000355920405 -0.00217101839 -0.00219999999
v -0.00035253822 -0.00215038797 -0.00220109569
v -0.00058856234 -0.00211981009 -0.00219999999
v -0.000582969456 -0.00209966628 -0.00220109569
v -0.00081430393 -0.00204374874 -0.00219999999
v -0.00080656592 -0.00202432787 -0.00220109569
v -0.00103049853 -0.00194372644 -0.00219999999
v -0.00102070614 -0.0019252561 -0.00220109569
v -0.0012346115 -0.00182091584 -0.00219999999
v -0.00122287951 -0.00180361234 -0.00220109569
v -0.00142424984 -0.00167675654 -0.00219999999
v -0.00141071575 -0.00166082301 -0.00220109569
v -0.00159719004 -0.00151293876 -0.00219999999
v -0.00158201263 -0.00149856193 -0.00220109569
v -0.00175140472 -0.00133138325 -0.00219999999
v -0.00173476187 -0.00131873169 -0.00220109569
v -0.00188508583 -0.00113421853 -0.00219999999
v -0.00186717254 -0.00112344045 -0.00220109569
v -0.00199666596 -0.000923756044 -0.00219999999
v -0.00197769236 -0.00091497798 -0.00220109569
v -0.00208483706 -0.000702463381 -0.00219999999
v -0.00206502574 -0.000695788127 -0.00220109569
v -0.00214856514 -0.000472934975 -0.00219999999
v -0.00212814822 -0.000468440849 -0.00220109569
v -0.0021871035 -0.000237861837 -0.00219999999
v -0.00216632034 -0.000235601532 -0.00220109569
v -0.00217909436 0 -0.00220109569
v -0.00214576488 0.000233365994 -0.00220437045
v -0.00210795505 0.000463995995 -0.00220437045
v -0.00204543141 0.000689186039 -0.00220437045
v -0.00195892691 0.000906296074 -0.00220437045
v -0.00184945564 0.00111278053 -0.00220437045
v -0.00171830133 0.00130621868 -0.00220437045
v -0.00156700145 0.00148434262 -0.00220437045
v -0.00139732996 0.0016450641 -0.00220437045
v -0.00121127605 0.00178649859 -0.00220437045
v -0.00101102109 0.00190698798 -0.00220437045
v -0.000798912719 0.00200511981 -0.00220437045
v -0.000577437866 0.00207974343 -0.00220437045
v -0.000349193113 0.00212998386 -0.00220437045
v -0.000116854375 0.00215525227 -0.00220437045
v 0.000116854375 0.00215525227 -0.00220437045
v 0.000349193113 0.00212998386 -0.00220437045
v 0.000577437866 0.00207974343 -0.00220437045
v 0.000798912719 0.00200511981 -0.00220437045
v 0.00101102109 0.00190698798 -0.00220437045
v 0.00121127605 0.00178649859 -0.00220437045
v 0.00139732996 0.0016450641 -0.00220437045
v 0.00156700145 0.00148434262 -0.00220437045
v 0.00171830133 0.00130621868 -0.00220437045
v 0.00184945564 0.00111278053 -0.00220437045
v 0.00195892691 0.000906296074 -0.00220437045
v 0.00204543141 0.000689186039 -0.00220437045
v 0.00210795505 0.000463995995 -0.00220437045
v 0.00214576488 0.000233365994 -0.00220437045
v 0.0021584176 -4.49310912e-19 -0.00220437045
v 0.00214576488 -0.000233365994 -0.00220437045
v 0.00210795505 -0.000463995995 -0.00220437045
v 0.00204543141 -0.000689186039 -0.00220437045
v 0.00195892691 -0.000906296074 -0.00220437045
v 0.00184945564 -0.00111278053 -0.00220437045
v 0.00171830133 -0.00130621868 -0.00220437045
v 0.00156700145 -0.00148434262 -0.00220437045
v 0.00139732996 -0.0016450641 -0.00220437045
v 0.00121127605 -0.00178649859 -0.00220437045
v 0.00101102109 -0.00190698798 -0.00220437045
v 0.000798912719 -0.00200511981 -0.00220437045
v 0.000577437866 -0.00207974343 -0.00220437045
v 0.000349193113 -0.00212998386 -0.00220437045
v 0.000116854375 -0.00215525227 -0.00220437045
v -0.000116854375 -0.00215525227 -0.00220437045
v -0.000349193113 -0.00212998386 -0.00220437045
v -0.000577437866 -0.00207974343 -0.00220437045
v -0.000798912719 -0.00200511981 -0.00220437045
v -0.00101102109 -0.00190698798 -0.00220437045
v -0.00121127605 -0.00178649859 -0.00220437045
v -0.00139732996 -0.0016450641 -0.00220437045
v -0.00156700145 -0.00148434262 -0.00220437045
v -0.00171830133 -0.00130621868 -0.00220437045
v -0.00184945564 -0.00111278053 -0.00220437045
v -0.00195892691 -0.000906296074 -0.00220437045
v -0.00204543141 -0.000689186039 -0.00220437045
v -0.00210795505 -0.000463995995 -0.00220437045
v -0.00214576488 -0.000233365994 -0.00220437045
v -0.0021584176 0 -0.00220437045
v -0.00212566229 0.000231179714 -0.00220978865
v -0.00208820682 0.000459649076 -0.00220978865
v -0.00202626875 0.000682729471 -0.00220978865
v -0.00194057473 0.000897805439 -0.00220978865
v -0.00183212908 0.00110235554 -0.00220978865
v -0.00170220353 0.00129398145 -0.00220978865
v -0.00155232113 0.00147043669 -0.00220978865
v -0.00138423918 0.00162965234 -0.00220978865
v -0.00119992823 0.00176976179 -0.00220978865
v -0.0010015493 0.00188912242 -0.00220978865
v -0.000791428145 0.0019863348 -0.00220978865
v -0.000572028162 0.00206025923 -0.00220978865
v -0.000345921726 0.00211002911 -0.00220978865
v -0.000115759627 0.00213506073 -0.00220978865
v 0.000115759627 0.00213506073 -0.00220978865
v 0.000345921726 0.00211002911 -0.00220978865
v 0.000572028162 0.00206025923 -0.00220978865
v 0.000791428145 0.0019863348 -0.00220978865
v 0.0010015493 0.00188912242 -0.00220978865
v 0.00119992823 0.00176976179 -0.00220978865
v 0.00138423918 0.00162965234 -0.00220978865
v 0.00155232113 0.00147043669 -0.00220978865
v 0.00170220353 0.00129398145 -0.00220978865
v 0.00183212908 0.00110235554 -0.00220978865
v 0.00194057473 0.000897805439 -0.00220978865
v 0.00202626875 0.000682729471 -0.00220978865
v 0.00208820682 0.000459649076 -0.00220978865
v 0.00212566229 0.000231179714 -0.00220978865
v 0.00213819649 -4.45101597e-19 -0.00220978865
v 0.00212566229 -0.000231179714 -0.00220978865
v 0.00208820682 -0.000459649076 -0.00220978865
v 0.00202626875 -0.000682729471 -0.00220978865
v 0.00194057473 -0.000897805439 -0.00220978865
v 0.00183212908 -0.00110235554 -0.00220978865
v 0.00170220353 -0.00129398145 -0.00220978865
v 0.00155232113 -0.00147043669 -0.00220978865
v 0.00138423918 -0.00162965234 -0.00220978865
v 0.00119992823 -0.00176976179 -0.00220978865
v 0.0010015493 -0.00188912242 -0.00220978865
v 0.000791428145 -0.0019863348 -0.00220978865
v 0.000572028162 -0.00206025923 -0.00220978865
v 0.000345921726 -0.00211002911 -0.00220978865
v 0.000115759627 -0.00213506073 -0.00220978865
v -0.000115759627 -0.00213506073 -0.00220978865
v -0.000345921726 -0.00211002911 -0.00220978865
v -0.000572028162 -0.00206025923 -0.00220978865
v -0.000791428145 -0.0019863348 -0.00220978865
v -0.0010015493 -0.00188912242 -0.00220978865
v -0.00119992823 -0.00176976179 -0.00220978865
v -0.00138423918 -0.00162965234 -0.00220978865
v -0.00155232113 -0.00147043669 -0.00220978865
v -0.00170220353 -0.00129398145 -0.00220978865
v -0.00183212908 -0.00110235554 -0.00220978865
v -0.00194057473 -0.000897805439 -0.00220978865
v -0.00202626875 -0.000682729471 -0.00220978865
v -0.00208820682 -0.000459649076 -0.00220978865
v -0.00212566229 -0.000231179714 -0.00220978865
v -0.00213819649 0 -0.00220978865
v -0.00210623303 0.000229066645 -0.00221729092
v -0.00206911983 0.000455447705 -0.00221729092
v -0.002007748 0.000676489028 -0.00221729092
v -0.00192283711 0.000889599149 -0.00221729092
v -0.00181538274 0.00109227956 -0.00221729092
v -0.00168664474 0.001282154 -0.00221729092
v -0.00153813232 0.00145699631 -0.00221729092
v -0.0013715867 0.00161475665 -0.00221729092
v -0.00118896051 0.00175358553 -0.00221729092
v -0.000992394751 0.00187185511 -0.00221729092
v -0.000784194213 0.0019681789 -0.00221729092
v -0.000566799601 0.00204142765 -0.00221729092
v -0.000342759857 0.00209074258 -0.00221729092
v -0.000114701543 0.00211554556 -0.00221729092
v 0.000114701543 0.00211554556 -0.00221729092
v 0.000342759857 0.00209074258 -0.00221729092
v 0.000566799601 0.00204142765 -0.00221729092
v 0.000784194213 0.0019681789 -0.00221729092
v 0.000992394751 0.00187185511 -0.00221729092
v 0.00118896051 0.00175358553 -0.00221729092
v 0.0013715867 0.00161475665 -0.00221729092
v 0.00153813232 0.00145699631 -0.00221729092
v 0.00168664474 0.001282154 -0.00221729092
v 0.00181538274 0.00109227956 -0.00221729092
v 0.00192283711 0.000889599149 -0.00221729092
v 0.002007748 0.000676489028 -0.00221729092
v 0.00206911983 0.000455447705 -0.00221729092
v 0.00210623303 0.000229066645 -0.00221729092
v 0.00211865269 -4.4103316e-19 -0.00221729092
v 0.00210623303 -0.000229066645 -0.00221729092
v 0.00206911983 -0.000455447705 -0.00221729092
v 0.002007748 -0.000676489028 -0.00221729092
v 0.00192283711 -0.000889599149 -0.00221729092
v 0.00181538274 -0.00109227956 -0.00221729092
v 0.00168664474 -0.001282154 -0.00221729092
v 0.00153813232 -0.00145699631 -0.00221729092
v 0.0013715867 -0.00161475665 -0.00221729092
v 0.00118896051 -0.00175358553 -0.00221729092
v 0.000992394751 -0.00187185511 -0.00221729092
v 0.000784194213 -0.0019681789 -0.00221729092
v 0.000566799601 -0.00204142765 -0.00221729092
v 0.000342759857 -0.00209074258 -0.00221729092
v 0.000114701543 -0.00211554556 -0.00221729092
v -0.000114701543 -0.00211554556 -0.00221729092
v -0.000342759857 -0.00209074258 -0.00221729092
v -0.000566799601 -0.00204142765 -0.00221729092
v -0.000784194213 -0.0019681789 -0.00221729092
v -0.000992394751 -0.00187185511 -0.00221729092
v -0.00118896051 -0.00175358553 -0.00221729092
v -0.0013715867 -0.00161475665 -0.00221729092
v -0.00153813232 -0.00145699631 -0.00221729092
v -0.00168664474 -0.001282154 -0.00221729092
v -0.00181538274 -0.00109227956 -0.00221729092
v -0.00192283711 -0.000889599149 -0.00221729092
v -0.002007748 -0.000676489028 -0.00221729092
v -0.00206911983 -0.000455447705 -0.00221729092
v -0.00210623303 -0.000229066645 -0.00221729092
v -0.00211865269 0 -0.00221729092
v -0.0020876897 0.000227049939 -0.00222679484
v -0.00205090316 0.000451437925 -0.00222679484
v -0.00199007173 0.00067053322 -0.00222679484
v -0.00190590834 0.000881767133 -0.00222679484
v -0.00179940008 0.00108266308 -0.00222679484
v -0.00167179538 0.00127086591 -0.00222679484
v -0.00152459054 0.00144416885 -0.00222679484
v -0.00135951117 0.00160054036 -0.00222679484
v -0.00117849279 0.00173814688 -0.00222679484
v -0.000983657781 0.00185537525 -0.00222679484
v -0.000777290144 0.00195085106 -0.00222679484
v -0.000561809517 0.00202345499 -0.00222679484
v -0.000339742197 0.00207233569 -0.00222679484
v -0.000113691705 0.00209692027 -0.00222679484
v 0.000113691705 0.00209692027 -0.00222679484
v 0.000339742197 0.00207233569 -0.00222679484
v 0.000561809517 0.00202345499 -0.00222679484
v 0.000777290144 0.00195085106 -0.00222679484
v 0.000983657781 0.00185537525 -0.00222679484
v 0.00117849279 0.00173814688 -0.00222679484
v 0.00135951117 0.00160054036 -0.00222679484
v 0.00152459054 0.00144416885 -0.00222679484
v 0.00167179538 0.00127086591 -0.00222679484
v 0.00179940008 0.00108266308 -0.00222679484
v 0.00190590834 0.000881767133 -0.00222679484
v 0.00199007173 0.00067053322 -0.00222679484
v 0.00205090316 0.000451437925 -0.00222679484
v 0.0020876897 0.000227049939 -0.00222679484
v 0.00209999993 -4.37150323e-19 -0.00222679484
v 0.0020876897 -0.000227049939 -0.00222679484
v 0.00205090316 -0.000451437925 -0.00222679484
v 0.00199007173 -0.00067053322 -0.00222679484
v 0.00190590834 -0.000881767133 -0.00222679484
v 0.00179940008 -0.00108266308 -0.00222679484
v 0.00167179538 -0.00127086591 -0.00222679484
v 0.00152459054 -0.00144416885 -0.00222679484
v 0.00135951117 -0.00160054036 -0.00222679484
v 0.00117849279 -0.00173814688 -0.00222679484
v 0.000983657781 -0.00185537525 -0.00222679484
v 0.000777290144 -0.00195085106 -0.00222679484
v 0.000561809517 -0.00202345499 -0.00222679484
v 0.000339742197 -0.00207233569 -0.00222679484
v 0.000113691705 -0.00209692027 -0.00222679484
v -0.000113691705 -0.00209692027 -0.00222679484
v -0.000339742197 -0.00207233569 -0.00222679484
v -0.000561809517 -0.00202345499 -0.00222679484
v -0.000777290144 -0.00195085106 -0.00222679484
v -0.000983657781 -0.00185537525 -0.00222679484
v -0.00117849279 -0.00173814688 -0.00222679484
v -0.00135951117 -0.00160054036 -0.00222679484
v -0.00152459054 -0.00144416885 -0.00222679484
v -0.00167179538 -0.00127086591 -0.00222679484
v -0.00179940008 -0.00108266308 -0.00222679484
v -0.00190590834 -0.000881767133 -0.00222679484
v -0.00199007173 -0.00067053322 -0.00222679484
v -0.00205090316 -0.000451437925 -0.00222679484
v -0.0020876897 -0.000227049939 -0.00222679484
v -0.00209999993 0 -0.00222679484
v -0.00207023555 0.000225151685 -0.00223819655
v -0.00203375658 0.000447663682 -0.00223819655
v -0.00197343365 0.00066492724 -0.00223819655
v -0.001889974 0.000874395075 -0.00223819655
v -0.00178435619 0.00107361155 -0.00223819655
v -0.00165781844 0.0012602408 -0.00223819655
v -0.00151184422 0.00143209484 -0.00223819655
v -0.00134814496 0.001587159 -0.00223819655
v -0.0011686401 0.0017236151 -0.00223819655
v -0.000975433853 0.00183986349 -0.00223819655
v -0.000770791608 0.00193454104 -0.00223819655
v -0.000557112508 0.00200653798 -0.00223819655
v -0.00033690178 0.00205500983 -0.00223819655
v -0.000112741189 0.00207938883 -0.00223819655
v 0.000112741189 0.00207938883 -0.00223819655
v 0.00033690178 0.00205500983 -0.00223819655
v 0.000557112508 0.00200653798 -0.00223819655
v 0.000770791608 0.00193454104 -0.00223819655
v 0.000975433853 0.00183986349 -0.00223819655
v 0.0011686401 0.0017236151 -0.00223819655
v 0.00134814496 0.001587159 -0.00223819655
v 0.00151184422 0.00143209484 -0.00223819655
v 0.00165781844 0.0012602408 -0.00223819655
v 0.00178435619 0.00107361155 -0.00223819655
v 0.001889974 0.000874395075 -0.00223819655
v 0.00197343365 0.00066492724 -0.00223819655
v 0.00203375658 0.000447663682 -0.00223819655
v 0.00207023555 0.000225151685 -0.00223819655
v 0.00208244286 -4.33495529e-19 -0.00223819655
v 0.00207023555 -0.000225151685 -0.00223819655
v 0.00203375658 -0.000447663682 -0.00223819655
v 0.00197343365 -0.00066492724 -0.00223819655
v 0.001889974 -0.000874395075 -0.00223819655
v 0.00178435619 -0.00107361155 -0.00223819655
v 0.00165781844 -0.0012602408 -0.00223819655
v 0.00151184422 -0.00143209484 -0.00223819655
v 0.00134814496 -0.001587159 -0.00223819655
v 0.0011686401 -0.0017236151 -0.00223819655
v 0.000975433853 -0.00183986349 -0.00223819655
v 0.000770791608 -0.00193454104 -0.00223819655
v 0.000557112508 -0.00200653798 -0.00223819655
v 0.00033690178 -0.00205500983 -0.00223819655
v 0.000112741189 -0.00207938883 -0.00223819655
v -0.000112741189 -0.00207938883 -0.00223819655
v -0.00033690178 -0.00205500983 -0.00223819655
v -0.000557112508 -0.00200653798 -0.00223819655
v -0.000770791608 -0.00193454104 -0.00223819655
v -0.000975433853 -0.00183986349 -0.00223819655
v -0.0011686401 -0.0017236151 -0.00223819655
v -0.00134814496 -0.001587159 -0.00223819655
v -0.00151184422 -0.00143209484 -0.00223819655
v -0.00165781844 -0.0012602408 -0.00223819655
v -0.00178435619 -0.00107361155 -0.00223819655
v -0.001889974 -0.000874395075 -0.00223819655
v -0.00197343365 -0.00066492724 -0.00223819655
v -0.00203375658 -0.000447663682 -0.00223819655
v -0.00207023555 -0.000225151685 -0.00223819655
v -0.00208244286 0 -0.00223819655
v -0.00205406197 0.000223392693 -0.00225137104
v -0.00201786798 0.000444166304 -0.00225137104
v -0.00195801631 0.000659732497 -0.00225137104
v -0.00187520857 0.000867563882 -0.00225137104
v -0.00177041593 0.00106522394 -0.00225137104
v -0.00164486666 0.0012503952 -0.00225137104
v -0.00150003296 0.00142090663 -0.00225137104
v -0.00133761263 0.00157475937 -0.00225137104
v -0.00115951011 0.00171014934 -0.00225137104
v -0.000967813306 0.00182548945 -0.00225137104
v -0.000764769793 0.00191942742 -0.00225137104
v -0.000552760088 0.00199086173 -0.00225137104
v -0.000334269746 0.00203895522 -0.00225137104
v -0.000111860398 0.00206314377 -0.00225137104
v 0.000111860398 0.00206314377 -0.00225137104
v 0.000334269746 0.00203895522 -0.00225137104
v 0.000552760088 0.00199086173 -0.00225137104
v 0.000764769793 0.00191942742 -0.00225137104
v 0.000967813306 0.00182548945 -0.00225137104
v 0.00115951011 0.00171014934 -0.00225137104
v 0.00133761263 0.00157475937 -0.00225137104
v 0.00150003296 0.00142090663 -0.00225137104
v 0.00164486666 0.0012503952 -0.00225137104
v 0.00177041593 0.00106522394 -0.00225137104
v 0.00187520857 0.000867563882 -0.00225137104
v 0.00195801631 0.000659732497 -0.00225137104
v 0.00201786798 0.000444166304 -0.00225137104
v 0.00205406197 0.000223392693 -0.00225137104
v 0.00206617382 -4.30108845e-19 -0.00225137104
v 0.00205406197 -0.000223392693 -0.00225137104
v 0.00201786798 -0.000444166304 -0.00225137104
v 0.00195801631 -0.000659732497 -0.00225137104
v 0.00187520857 -0.000867563882 -0.00225137104
v 0.00177041593 -0.00106522394 -0.00225137104
v 0.00164486666 -0.0012503952 -0.00225137104
v 0.00150003296 -0.00142090663 -0.00225137104
v 0.00133761263 -0.00157475937 -0.00225137104
v 0.00115951011 -0.00171014934 -0.00225137104
v 0.000967813306 -0.00182548945 -0.00225137104
v 0.000764769793 -0.00191942742 -0.00225137104
v 0.000552760088 -0.00199086173 -0.00225137104
v 0.000334269746 -0.00203895522 -0.00225137104
v 0.000111860398 -0.00206314377 -0.00225137104
v -0.000111860398 -0.00206314377 -0.00225137104
v -0.000334269746 -0.00203895522 -0.00225137104
v -0.000552760088 -0.00199086173 -0.00225137104
v -0.000764769793 -0.00191942742 -0.00225137104
v -0.000967813306 -0.00182548945 -0.00225137104
v -0.00115951011 -0.00171014934 -0.00225137104
v -0.00133761263 -0.00157475937 -0.00225137104
v -0.00150003296 -0.00142090663 -0.00225137104
v -0.00164486666 -0.0012503952 -0.00225137104
v -0.00177041593 -0.00106522394 -0.00225137104
v -0.00187520857 -0.000867563882 -0.00225137104
v -0.00195801631 -0.000659732497 -0.00225137104
v -0.00201786798 -0.000444166304 -0.00225137104
v -0.00205406197 -0.000223392693 -0.00225137104
v -0.00206617382 0 -0.00225137104
v -0.00203934591 0.000221792216 -0.00226617395
v -0.00200341106 0.00044098412 -0.00226617395
v -0.00194398826 0.000655005919 -0.00226617395
v -0.0018617739 0.000861348351 -0.00226617395
v -0.00175773201 0.00105759222 -0.00226617395
v -0.00163308228 0.00124143681 -0.00226617395
v -0.00148928608 0.00141072681 -0.00226617395
v -0.00132802944 0.00156347721 -0.00226617395
v -0.00115120295 0.00169789721 -0.00226617395
v -0.000960879494 0.00181241101 -0.00226617395
v -0.000759290706 0.00190567598 -0.00226617395
v -0.000548799871 0.00197659852 -0.00226617395
v -0.000331874908 0.00202434743 -0.00226617395
v -0.000111058987 0.00204836251 -0.00226617395
v 0.000111058987 0.00204836251 -0.00226617395
v 0.000331874908 0.00202434743 -0.00226617395
v 0.000548799871 0.00197659852 -0.00226617395
v 0.000759290706 0.00190567598 -0.00226617395
v 0.000960879494 0.00181241101 -0.00226617395
v 0.00115120295 0.00169789721 -0.00226617395
v 0.00132802944 0.00156347721 -0.00226617395
v 0.00148928608 0.00141072681 -0.00226617395
v 0.00163308228 0.00124143681 -0.00226617395
v 0.00175773201 0.00105759222 -0.00226617395
v 0.0018617739 0.000861348351 -0.00226617395
v 0.00194398826 0.000655005919 -0.00226617395
v 0.00200341106 0.00044098412 -0.00226617395
v 0.00203934591 0.000221792216 -0.00226617395
v 0.00205137115 -4.2702739e-19 -0.00226617395
v 0.00203934591 -0.000221792216 -0.00226617395
v 0.00200341106 -0.00044098412 -0.00226617395
v 0.00194398826 -0.000655005919 -0.00226617395
v 0.0018617739 -0.000861348351 -0.00226617395
v 0.00175773201 -0.00105759222 -0.00226617395
v 0.00163308228 -0.00124143681 -0.00226617395
v 0.00148928608 -0.00141072681 -0.00226617395
v 0.00132802944 -0.00156347721 -0.00226617395
v 0.00115120295 -0.00169789721 -0.00226617395
v 0.000960879494 -0.00181241101 -0.00226617395
v 0.000759290706 -0.00190567598 -0.00226617395
v 0.000548799871 -0.00197659852 -0.00226617395
v 0.000331874908 -0.00202434743 -0.00226617395
v 0.000111058987 -0.00204836251 -0.00226617395
v -0.000111058987 -0.00204836251 -0.00226617395
v -0.000331874908 -0.00202434743 -0.00226617395
v -0.000548799871 -0.00197659852 -0.00226617395
v -0.000759290706 -0.00190567598 -0.00226617395
v -0.000960879494 -0.00181241101 -0.00226617395
v -0.00115120295 -0.00169789721 -0.00226617395
v -0.00132802944 -0.00156347721 -0.00226617395
v -0.00148928608 -0.00141072681 -0.00226617395
v -0.00163308228 -0.00124143681 -0.00226617395
v -0.00175773201 -0.00105759222 -0.00226617395
v -0.0018617739 -0.000861348351 -0.00226617395
v -0.00194398826 -0.000655005919 -0.00226617395
v -0.00200341106 -0.00044098412 -0.00226617395
v -0.00203934591 -0.000221792216 -0.00226617395
v -0.00205137115 0 -0.00226617395
v -0.00202624849 0.000220367816 -0.00228244299
v -0.00199054461 0.000438152027 -0.00228244299
v -0.00193150342 0.000650799309 -0.00228244299
v -0.00184981711 0.000855816528 -0.00228244299
v -0.00174644333 0.00105080009 -0.00228244299
v -0.00162259419 0.00123346399 -0.00228244299
v -0.00147972151 0.00140166667 -0.00228244299
v -0.0013195005 0.00155343616 -0.00228244299
v -0.00114380952 0.00168699294 -0.00228244299
v -0.000954708492 0.00180077122 -0.00228244299
v -0.000754414359 0.00189343723 -0.00228244299
v -0.000545275339 0.00196390436 -0.00228244299
v -0.000329743518 0.0020113464 -0.00228244299
v -0.00011034574 0.00203520735 -0.00228244299
v 0.00011034574 0.00203520735 -0.00228244299
v 0.000329743518 0.0020113464 -0.00228244299
v 0.000545275339 0.00196390436 -0.00228244299
v 0.000754414359 0.00189343723 -0.00228244299
v 0.000954708492 0.00180077122 -0.00228244299
v 0.00114380952 0.00168699294 -0.00228244299
v 0.0013195005 0.00155343616 -0.00228244299
v 0.00147972151 0.00140166667 -0.00228244299
v 0.00162259419 0.00123346399 -0.00228244299
v 0.00174644333 0.00105080009 -0.00228244299
v 0.00184981711 0.000855816528 -0.00228244299
v 0.00193150342 0.000650799309 -0.00228244299
v 0.00199054461 0.000438152027 -0.00228244299
v 0.00202624849 0.000220367816 -0.00228244299
v 0.00203819666 -4.24284899e-19 -0.00228244299
v 0.00202624849 -0.000220367816 -0.00228244299
v 0.00199054461 -0.000438152027 -0.00228244299
v 0.00193150342 -0.000650799309 -0.00228244299
v 0.00184981711 -0.000855816528 -0.00228244299
v 0.00174644333 -0.00105080009 -0.00228244299
v 0.00162259419 -0.00123346399 -0.00228244299
v 0.00147972151 -0.00140166667 -0.00228244299
v 0.0013195005 -0.00155343616 -0.00228244299
v 0.00114380952 -0.00168699294 -0.00228244299
v 0.000954708492 -0.00180077122 -0.00228244299
v 0.000754414359 -0.00189343723 -0.00228244299
v 0.000545275339 -0.00196390436 -0.00228244299
v 0.000329743518 -0.0020113464 -0.00228244299
v 0.00011034574 -0.00203520735 -0.00228244299
v -0.00011034574 -0.00203520735 -0.00228244299
v -0.000329743518 -0.0020113464 -0.00228244299
v -0.000545275339 -0.00196390436 -0.00228244299
v -0.000754414359 -0.00189343723 -0.00228244299
v -0.000954708492 -0.00180077122 -0.00228244299
v -0.00114380952 -0.00168699294 -0.00228244299
v -0.0013195005 -0.00155343616 -0.00228244299
v -0.00147972151 -0.00140166667 -0.00228244299
v -0.00162259419 -0.00123346399 -0.00228244299
v -0.00174644333 -0.00105080009 -0.00228244299
v -0.00184981711 -0.000855816528 -0.00228244299
v -0.00193150342 -0.000650799309 -0.00228244299
v -0.00199054461 -0.000438152027 -0.00228244299
v -0.00202624849 -0.000220367816 -0.00228244299
v -0.00203819666 0 -0.00228244299
v -0.00201491383 0.00021913508 -0.00230000005
v -0.00197940948 0.000435700989 -0.00230000005
v -0.00192069868 0.000647158711 -0.00230000005
v -0.0018394693 0.000851029123 -0.00230000005
v -0.00173667376 0.00104492193 -0.00230000005
v -0.00161351741 0.00122656405 -0.00230000005
v -0.00147144392 0.00139382575 -0.00230000005
v -0.00131211919 0.00154474622 -0.00230000005
v -0.00113741111 0.00167755585 -0.00230000005
v -0.000949367823 0.00179069769 -0.00230000005
v -0.000750194129 0.0018828453 -0.00230000005
v -0.000542225083 0.00195291825 -0.00230000005
v -0.000327898917 0.00200009509 -0.00230000005
v -0.000109728462 0.0020238224 -0.00230000005
v 0.000109728462 0.0020238224 -0.00230000005
v 0.000327898917 0.00200009509 -0.00230000005
v 0.000542225083 0.00195291825 -0.00230000005
v 0.000750194129 0.0018828453 -0.00230000005
v 0.000949367823 0.00179069769 -0.00230000005
v 0.00113741111 0.00167755585 -0.00230000005
v 0.00131211919 0.00154474622 -0.00230000005
v 0.00147144392 0.00139382575 -0.00230000005
v 0.00161351741 0.00122656405 -0.00230000005
v 0.00173667376 0.00104492193 -0.00230000005
v 0.0018394693 0.000851029123 -0.00230000005
v 0.00192069868 0.000647158711 -0.00230000005
v 0.00197940948 0.000435700989 -0.00230000005
v 0.00201491383 0.00021913508 -0.00230000005
v 0.00202679494 -4.21911459e-19 -0.00230000005
v 0.00201491383 -0.00021913508 -0.00230000005
v 0.00197940948 -0.000435700989 -0.00230000005
v 0.00192069868 -0.000647158711 -0.00230000005
v 0.0018394693 -0.000851029123 -0.00230000005
v 0.00173667376 -0.00104492193 -0.00230000005
v 0.00161351741 -0.00122656405 -0.00230000005
v 0.00147144392 -0.00139382575 -0.00230000005
v 0.00131211919 -0.00154474622 -0.00230000005
v 0.00113741111 -0.00167755585 -0.00230000005
v 0.000949367823 -0.00179069769 -0.00230000005
v 0.000750194129 -0.0018828453 -0.00230000005
v 0.000542225083 -0.00195291825 -0.00230000005
v 0.000327898917 -0.00200009509 -0.00230000005
v 0.000109728462 -0.0020238224 -0.00230000005
v -0.000109728462 -0.0020238224 -0.00230000005
v -0.000327898917 -0.00200009509 -0.00230000005
v -0.000542225083 -0.00195291825 -0.00230000005
v -0.000750194129 -0.0018828453 -0.00230000005
v -0.000949367823 -0.00179069769 -0.00230000005
v -0.00113741111 -0.00167755585 -0.00230000005
v -0.00131211919 -0.00154474622 -0.00230000005
v -0.00147144392 -0.00139382575 -0.00230000005
v -0.00161351741 -0.00122656405 -0.00230000005
v -0.00173667376 -0.00104492193 -0.00230000005
v -0.0018394693 -0.000851029123 -0.00230000005
v -0.00192069868 -0.000647158711 -0.00230000005
v -0.00197940948 -0.000435700989 -0.00230000005
v -0.00201491383 -0.00021913508 -0.00230000005
v -0.00202679494 0 -0.00230000005
v -0.00200546556 0.000218107511 -0.00231865258
v -0.00197012769 0.0004336579 -0.00231865258
v -0.00191169209 0.000644124055 -0.00231865258
v -0.00183084363 0.000847038464 -0.00231865258
v -0.00172853016 0.00104002212 -0.00231865258
v -0.00160595134 0.00122081244 -0.00231865258
v -0.0014645441 0.00138728984 -0.00231865258
v -0.00130596652 0.00153750263 -0.00231865258
v -0.00113207754 0.00166968955 -0.00231865258
v -0.000944916101 0.00178230077 -0.00231865258
v -0.000746676349 0.00187401625 -0.00231865258
v -0.000539682456 0.00194376067 -0.00231865258
v -0.000326361362 0.00199071621 -0.00231865258
v -0.000109213928 0.00201433245 -0.00231865258
v 0.000109213928 0.00201433245 -0.00231865258
v 0.000326361362 0.00199071621 -0.00231865258
v 0.000539682456 0.00194376067 -0.00231865258
v 0.000746676349 0.00187401625 -0.00231865258
v 0.000944916101 0.00178230077 -0.00231865258
v 0.00113207754 0.00166968955 -0.00231865258
v 0.00130596652 0.00153750263 -0.00231865258
v 0.0014645441 0.00138728984 -0.00231865258
v 0.00160595134 0.00122081244 -0.00231865258
v 0.00172853016 0.00104002212 -0.00231865258
v 0.00183084363 0.000847038464 -0.00231865258
v 0.00191169209 0.000644124055 -0.00231865258
v 0.00197012769 0.0004336579 -0.00231865258
v 0.00200546556 0.000218107511 -0.00231865258
v 0.0020172908 -4.19933024e-19 -0.00231865258
v 0.00200546556 -0.000218107511 -0.00231865258
v 0.00197012769 -0.0004336579 -0.00231865258
v 0.00191169209 -0.000644124055 -0.00231865258
v 0.00183084363 -0.000847038464 -0.00231865258
v 0.00172853016 -0.00104002212 -0.00231865258
v 0.00160595134 -0.00122081244 -0.00231865258
v 0.0014645441 -0.00138728984 -0.00231865258
v 0.00130596652 -0.00153750263 -0.00231865258
v 0.00113207754 -0.00166968955 -0.00231865258
v 0.000944916101 -0.00178230077 -0.00231865258
v 0.000746676349 -0.00187401625 -0.00231865258
v 0.000539682456 -0.00194376067 -0.00231865258
v 0.000326361362 -0.00199071621 -0.00231865258
v 0.000109213928 -0.00201433245 -0.00231865258
v -0.000109213928 -0.00201433245 -0.00231865258
v -0.000326361362 -0.00199071621 -0.00231865258
v -0.000539682456 -0.00194376067 -0.00231865258
v -0.000746676349 -0.00187401625 -0.00231865258
v -0.000944916101 -0.00178230077 -0.00231865258
v -0.00113207754 -0.00166968955 -0.00231865258
v -0.00130596652 -0.00153750263 -0.00231865258
v -0.0014645441 -0.00138728984 -0.00231865258
v -0.00160595134 -0.00122081244 -0.00231865258
v -0.00172853016 -0.00104002212 -0.00231865258
v -0.00183084363 -0.000847038464 -0.00231865258
v -0.00191169209 -0.000644124055 -0.00231865258
v -0.00197012769 -0.0004336579 -0.00231865258
v -0.00200546556 -0.000218107511 -0.00231865258
v -0.0020172908 0 -0.00231865258
v -0.0019980073 0.000217296387 -0.00233819662
v -0.00196280098 0.00043204517 -0.00233819662
v -0.0019045826 0.000641728635 -0.00233819662
v -0.00182403484 0.000843888381 -0.00233819662
v -0.00172210182 0.00103615434 -0.00233819662
v -0.00159997889 0.00121627224 -0.00233819662
v -0.00145909749 0.00138213055 -0.00233819662
v -0.00130110967 0.00153178466 -0.00233819662
v -0.00112786738 0.00166347995 -0.00233819662
v -0.000941401988 0.00177567254 -0.00233819662
v -0.000743899494 0.00186704693 -0.00233819662
v -0.000537675456 0.00193653186 -0.00233819662
v -0.000325147616 0.00198331289 -0.00233819662
v -0.00010880777 0.00200684112 -0.00233819662
v 0.00010880777 0.00200684112 -0.00233819662
v 0.000325147616 0.00198331289 -0.00233819662
v 0.000537675456 0.00193653186 -0.00233819662
v 0.000743899494 0.00186704693 -0.00233819662
v 0.000941401988 0.00177567254 -0.00233819662
v 0.00112786738 0.00166347995 -0.00233819662
v 0.00130110967 0.00153178466 -0.00233819662
v 0.00145909749 0.00138213055 -0.00233819662
v 0.00159997889 0.00121627224 -0.00233819662
v 0.00172210182 0.00103615434 -0.00233819662
v 0.00182403484 0.000843888381 -0.00233819662
v 0.0019045826 0.000641728635 -0.00233819662
v 0.00196280098 0.00043204517 -0.00233819662
v 0.0019980073 0.000217296387 -0.00233819662
v 0.00200978876 -4.18371307e-19 -0.00233819662
v 0.0019980073 -0.000217296387 -0.00233819662
v 0.00196280098 -0.00043204517 -0.00233819662
v 0.0019045826 -0.000641728635 -0.00233819662
v 0.00182403484 -0.000843888381 -0.00233819662
v 0.00172210182 -0.00103615434 -0.00233819662
v 0.00159997889 -0.00121627224 -0.00233819662
v 0.00145909749 -0.00138213055 -0.00233819662
v 0.00130110967 -0.00153178466 -0.00233819662
v 0.00112786738 -0.00166347995 -0.00233819662
v 0.000941401988 -0.00177567254 -0.00233819662
v 0.000743899494 -0.00186704693 -0.00233819662
v 0.000537675456 -0.00193653186 -0.00233819662
v 0.000325147616 -0.00198331289 -0.00233819662
v 0.00010880777 -0.00200684112 -0.00233819662
v -0.00010880777 -0.00200684112 -0.00233819662
v -0.000325147616 -0.00198331289 -0.00233819662
v -0.000537675456 -0.00193653186 -0.00233819662
v -0.000743899494 -0.00186704693 -0.00233819662
v -0.000941401988 -0.00177567254 -0.00233819662
v -0.00112786738 -0.00166347995 -0.00233819662
v -0.00130110967 -0.00153178466 -0.00233819662
v -0.00145909749 -0.00138213055 -0.00233819662
v -0.00159997889 -0.00121627224 -0.00233819662
v -0.00172210182 -0.00103615434 -0.00233819662
v -0.00182403484 -0.000843888381 -0.00233819662
v -0.0019045826 -0.000641728635 -0.00233819662
v -0.00196280098 -0.00043204517 -0.00233819662
v -0.0019980073 -0.000217296387 -0.00233819662
v -0.00200978876 0 -0.00233819662
v -0.00199262076 0.00021671057 -0.00235841773
v -0.00195750943 0.000430880405 -0.00235841773
v -0.00189944799 0.000639998587 -0.00235841773
v -0.00181911734 0.000841613335 -0.00235841773
v -0.00171745918 0.00103336095 -0.00235841773
v -0.00159566547 0.00121299329 -0.00235841773
v -0.00145516393 0.00137840444 -0.00235841773
v -0.00129760196 0.00152765517 -0.00235841773
v -0.00112482684 0.0016589954 -0.00235841773
v -0.000938864076 0.00177088543 -0.00235841773
v -0.000741894008 0.00186201348 -0.00235841773
v -0.000536225911 0.00193131121 -0.00235841773
v -0.000324271066 0.00197796593 -0.00235841773
v -0.000108514432 0.00200143084 -0.00235841773
v 0.000108514432 0.00200143084 -0.00235841773
v 0.000324271066 0.00197796593 -0.00235841773
v 0.000536225911 0.00193131121 -0.00235841773
v 0.000741894008 0.00186201348 -0.00235841773
v 0.000938864076 0.00177088543 -0.00235841773
v 0.00112482684 0.0016589954 -0.00235841773
v 0.00129760196 0.00152765517 -0.00235841773
v 0.00145516393 0.00137840444 -0.00235841773
v 0.00159566547 0.00121299329 -0.00235841773
v 0.00171745918 0.00103336095 -0.00235841773
v 0.00181911734 0.000841613335 -0.00235841773
v 0.00189944799 0.000639998587 -0.00235841773
v 0.00195750943 0.000430880405 -0.00235841773
v 0.00199262076 0.00021671057 -0.00235841773
v 0.00200437056 -4.1724342e-19 -0.00235841773
v 0.00199262076 -0.00021671057 -0.00235841773
v 0.00195750943 -0.000430880405 -0.00235841773
v 0.00189944799 -0.000639998587 -0.00235841773
v 0.00181911734 -0.000841613335 -0.00235841773
v 0.00171745918 -0.00103336095 -0.00235841773
v 0.00159566547 -0.00121299329 -0.00235841773
v 0.00145516393 -0.00137840444 -0.00235841773
v 0.00129760196 -0.00152765517 -0.00235841773
v 0.00112482684 -0.0016589954 -0.00235841773
v 0.000938864076 -0.00177088543 -0.00235841773
v 0.000741894008 -0.00186201348 -0.00235841773
v 0.000536225911 -0.00193131121 -0.00235841773
v 0.000324271066 -0.00197796593 -0.00235841773
v 0.000108514432 -0.00200143084 -0.00235841773
v -0.000108514432 -0.00200143084 -0.00235841773
v -0.000324271066 -0.00197796593 -0.00235841773
v -0.000536225911 -0.00193131121 -0.00235841773
v -0.000741894008 -0.00186201348 -0.00235841773
v -0.000938864076 -0.00177088543 -0.00235841773
v -0.00112482684 -0.0016589954 -0.00235841773
v -0.00129760196 -0.00152765517 -0.00235841773
v -0.00145516393 -0.00137840444 -0.00235841773
v -0.00159566547 -0.00121299329 -0.00235841773
v -0.00171745918 -0.00103336095 -0.00235841773
v -0.00181911734 -0.000841613335 -0.00235841773
v -0.00189944799 -0.000639998587 -0.00235841773
v -0.00195750943 -0.000430880405 -0.00235841773
v -0.00199262076 -0.00021671057 -0.00235841773
v -0.00200437056 0 -0.00235841773
v -0.00198936509 0.000216356493 -0.00237909425
v -0.00195431104 0.000430176413 -0.00237909425
v -0.00189634459 0.000638952886 -0.00237909425
v -0.00181614514 0.000840238237 -0.00237909425
v -0.0017146531 0.00103167258 -0.00237909425
v -0.00159305835 0.00121101143 -0.00237909425
v -0.00145278638 0.00137615239 -0.00237909425
v -0.00129548181 0.00152515911 -0.00237909425
v -0.00112298899 0.00165628479 -0.00237909425
v -0.000937330071 0.00176799204 -0.00237909425
v -0.000740681833 0.0018589712 -0.00237909425
v -0.000535349769 0.00192815566 -0.00237909425
v -0.000323741231 0.00197473424 -0.00237909425
v -0.000108337132 0.00199816073 -0.00237909425
v 0.000108337132 0.00199816073 -0.00237909425
v 0.000323741231 0.00197473424 -0.00237909425
v 0.000535349769 0.00192815566 -0.00237909425
v 0.000740681833 0.0018589712 -0.00237909425
v 0.000937330071 0.00176799204 -0.00237909425
v 0.00112298899 0.00165628479 -0.00237909425
v 0.00129548181 0.00152515911 -0.00237909425
v 0.00145278638 0.00137615239 -0.00237909425
v 0.00159305835 0.00121101143 -0.00237909425
v 0.0017146531 0.00103167258 -0.00237909425
v 0.00181614514 0.000840238237 -0.00237909425
v 0.00189634459 0.000638952886 -0.00237909425
v 0.00195431104 0.000430176413 -0.00237909425
v 0.00198936509 0.000216356493 -0.00237909425
v 0.00200109556 -4.16561694e-19 -0.00237909425
v 0.00198936509 -0.000216356493 -0.00237909425
v 0.00195431104 -0.000430176413 -0.00237909425
v 0.00189634459 -0.000638952886 -0.00237909425
v 0.00181614514 -0.000840238237 -0.00237909425
v 0.0017146531 -0.00103167258 -0.00237909425
v 0.00159305835 -0.00121101143 -0.00237909425
v 0.00145278638 -0.00137615239 -0.00237909425
v 0.00129548181 -0.00152515911 -0.00237909425
v 0.00112298899 -0.00165628479 -0.00237909425
v 0.000937330071 -0.00176799204 -0.00237909425
v 0.000740681833 -0.0018589712 -0.00237909425
v 0.000535349769 -0.00192815566 -0.00237909425
v 0.000323741231 -0.00197473424 -0.00237909425
v 0.000108337132 -0.00199816073 -0.00237909425
v -0.000108337132 -0.00199816073 -0.00237909425
v -0.000323741231 -0.00197473424 -0.00237909425
v -0.000535349769 -0.00192815566 -0.00237909425
v -0.000740681833 -0.0018589712 -0.00237909425
v -0.000937330071 -0.00176799204 -0.00237909425
v -0.00112298899 -0.00165628479 -0.00237909425
v -0.00129548181 -0.00152515911 -0.00237909425
v -0.00145278638 -0.00137615239 -0.00237909425
v -0.00159305835 -0.00121101143 -0.00237909425
v -0.0017146531 -0.00103167258 -0.00237909425
v -0.00181614514 -0.000840238237 -0.00237909425
v -0.00189634459 -0.000638952886 -0.00237909425
v -0.00195431104 -0.000430176413 -0.00237909425
v -0.00198936509 -0.000216356493 -0.00237909425
v -0.00200109556 0 -0.00237909425
v -0.00198827591 0.000216238041 -0.00240000011
v -0.00195324118 0.000429940876 -0.00240000011
v -0.0018953064 0.000638603058 -0.00240000011
v -0.00181515084 0.000839778222 -0.00240000011
v -0.00171371433 0.00103110773 -0.00240000011
v -0.00159218616 0.00121034845 -0.00240000011
v -0.00145199103 0.00137539895 -0.00240000011
v -0.00129477261 0.00152432406 -0.00240000011
v -0.00112237409 0.00165537803 -0.00240000011
v -0.000936816854 0.00176702405 -0.00240000011
v -0.0007402763 0.0018579535 -0.00240000011
v -0.000535056693 0.00192710001 -0.00240000011
v -0.000323563989 0.00197365298 -0.00240000011
v -0.000108277818 0.00199706689 -0.00240000011
v 0.000108277818 0.00199706689 -0.00240000011
v 0.000323563989 0.00197365298 -0.00240000011
v 0.000535056693 0.00192710001 -0.00240000011
v 0.0007402763 0.0018579535 -0.00240000011
v 0.000936816854 0.00176702405 -0.00240000011
v 0.00112237409 0.00165537803 -0.00240000011
v 0.00129477261 0.00152432406 -0.00240000011
v 0.00145199103 0.00137539895 -0.00240000011
v 0.00159218616 0.00121034845 -0.00240000011
v 0.00171371433 0.00103110773 -0.00240000011
v 0.00181515084 0.000839778222 -0.00240000011
v 0.0018953064 0.000638603058 -0.00240000011
v 0.00195324118 0.000429940876 -0.00240000011
v 0.00198827591 0.000216238041 -0.00240000011
v 0.00200000009 -1.5314275e-18 -0.00240000011
v 0.00198827591 -0.000216238041 -0.00240000011
v 0.00195324118 -0.000429940876 -0.00240000011
v 0.0018953064 -0.000638603058 -0.00240000011
v 0.00181515084 -0.000839778222 -0.00240000011
v 0.00171371433 -0.00103110773 -0.00240000011
v 0.00159218616 -0.00121034845 -0.00240000011
v 0.00145199103 -0.00137539895 -0.00240000011
v 0.00129477261 -0.00152432406 -0.00240000011
v 0.00112237409 -0.00165537803 -0.00240000011
v 0.000936816854 -0.00176702405 -0.00240000011
v 0.0007402763 -0.0018579535 -0.00240000011
v 0.000535056693 -0.00192710001 -0.00240000011
v 0.000323563989 -0.00197365298 -0.00240000011
v 0.000108277818 -0.00199706689 -0.00240000011
v -0.000108277818 -0.00199706689 -0.00240000011
v -0.000323563989 -0.00197365298 -0.00240000011
v -0.000535056693 -0.00192710001 -0.00240000011
v -0.0007402763 -0.0018579535 -0.00240000011
v -0.000936816854 -0.00176702405 -0.00240000011
v -0.00112237409 -0.00165537803 -0.00240000011
v -0.00129477261 -0.00152432406 -0.00240000011
v -0.00145199103 -0.00137539895 -0.00240000011
v -0.00159218616 -0.00121034845 -0.00240000011
v -0.00171371433 -0.00103110773 -0.00240000011
v -0.00181515084 -0.000839778222 -0.00240000011
v -0.0018953064 -0.000638603058 -0.00240000011
v -0.00195324118 -0.000429940876 -0.00240000011
v -0.00198827591 -0.000216238041 -0.00240000011
v -0.00200000009 0 -0.00240000011
v -0.00371115818 0.000816887652 -0.00219999999
v -0.00214856514 0.000472934975 -0.00219999999
v -0.0021871035 0.000237861837 -0.00219999999
v -0.00360108213 0.00121334579 -0.00219999999
v -0.00208483706 0.000702463381 -0.00219999999
v -0.00344878668 0.00159557862 -0.00219999999
v -0.00199666596 0.000923756044 -0.00219999999
v -0.00325605716 0.00195910456 -0.00219999999
v -0.00188508583 0.00113421853 -0.00219999999
v -0.00302515365 0.00229966198 -0.00219999999
v -0.00275878282 0.00261325785 -0.00219999999
v -0.00159719004 0.00151293876 -0.00219999999
v -0.00246006786 0.00289621577 -0.00219999999
v -0.00142424984 0.00167675654 -0.00219999999
v 0.00246006786 -0.00289621577 -0.00219999999
v 0.00142424984 -0.00167675654 -0.00219999999
v 0.00159719004 -0.00151293876 -0.00219999999
v 0.00213251077 -0.00314521813 -0.00219999999
v 0.0012346115 -0.00182091584 -0.00219999999
v -0.00175140472 0.00133138325 -0.00219999999
v 0.00177995209 -0.0033573457 -0.00219999999
v 0.00103049853 -0.00194372644 -0.00219999999
v 0.00275878282 -0.00261325785 -0.00219999999
v 0.00175140472 -0.00133138325 -0.00219999999
v 0.00101660774 -0.00366149005 -0.00219999999
v 0.00058856234 -0.00211981009 -0.00219999999
v 0.00081430393 -0.00204374874 -0.00219999999
v 0.000614771561 -0.00374994078 -0.00219999999
v 0.000355920405 -0.00217101839 -0.00219999999
v 0.000205727847 -0.00379442703 -0.00219999999
v 0.0001191056 -0.00219677342 -0.00219999999
v -0.000205727847 -0.00379442703 -0.00219999999
v -0.0001191056 -0.00219677342 -0.00219999999
v -0.00140652503 -0.00353011163 -0.00219999999
v -0.00081430393 -0.00204374874 -0.00219999999
v -0.00058856234 -0.00211981009 -0.00219999999
v -0.00177995209 -0.0033573457 -0.00219999999
v -0.00103049853 -0.00194372644 -0.00219999999
v -0.00380000006 0 -0.00219999999
v -0.00377772423 0.000410852284 -0.00219999999
v -0.00213251077 0.00314521813 -0.00219999999
v -0.0012346115 0.00182091584 -0.00219999999
v -0.00177995209 0.0033573457 -0.00219999999
v -0.00103049853 0.00194372644 -0.00219999999
v -0.00140652503 0.00353011163 -0.00219999999
v -0.00081430393 0.00204374874 -0.00219999999
v -0.00101660774 0.00366149005 -0.00219999999
v -0.00058856234 0.00211981009 -0.00219999999
v -0.000614771561 0.00374994078 -0.00219999999
v -0.000355920405 0.00217101839 -0.00219999999
v -0.000205727847 0.00379442703 -0.00219999999
v -0.0001191056 0.00219677342 -0.00219999999
v 0.00140652503 -0.00353011163 -0.00219999999
v -0.00213251077 -0.00314521813 -0.00219999999
v -0.0012346115 -0.00182091584 -0.00219999999
v 0.000205727847 0.00379442703 -0.00219999999
v 0.0001191056 0.00219677342 -0.00219999999
v 0.000614771561 0.00374994078 -0.00219999999
v 0.000355920405 0.00217101839 -0.00219999999
v 0.00325605716 -0.00195910456 -0.00219999999
v 0.00188508583 -0.00113421853 -0.00219999999
v 0.00199666596 -0.000923756044 -0.00219999999
v 0.00302515365 -0.00229966198 -0.00219999999
v -0.000614771561 -0.00374994078 -0.00219999999
v -0.000355920405 -0.00217101839 -0.00219999999
v -0.00101660774 -0.00366149005 -0.00219999999
v -0.00246006786 -0.00289621577 -0.00219999999
v -0.00142424984 -0.00167675654 -0.00219999999
v -0.00275878282 -0.00261325785 -0.00219999999
v -0.00159719004 -0.00151293876 -0.00219999999
v -0.00302515365 -0.00229966198 -0.00219999999
v -0.00175140472 -0.00133138325 -0.00219999999
v -0.00360108213 -0.00121334579 -0.00219999999
v -0.00208483706 -0.000702463381 -0.00219999999
v -0.00199666596 -0.000923756044 -0.00219999999
v -0.00371115818 -0.000816887652 -0.00219999999
v -0.00214856514 -0.000472934975 -0.00219999999
v 0.00101660774 0.00366149005 -0.00219999999
v 0.00058856234 0.00211981009 -0.00219999999
v 0.00140652503 0.00353011163 -0.00219999999
v 0.00081430393 0.00204374874 -0.00219999999
v 0.00177995209 0.0033573457 -0.00219999999
v 0.00103049853 0.00194372644 -0.00219999999
v 0.00377772423 -0.000410852284 -0.00219999999
v 0.0021871035 -0.000237861837 -0.00219999999
v 0.00219999999 -1.68457027e-18 -0.00219999999
v 0.00371115818 -0.000816887652 -0.00219999999
v 0.00214856514 -0.000472934975 -0.00219999999
v 0.00344878668 -0.00159557862 -0.00219999999
v 0.00208483706 -0.000702463381 -0.00219999999
v -0.00325605716 -0.00195910456 -0.00219999999
v -0.00188508583 -0.00113421853 -0.00219999999
v -0.00344878668 -0.00159557862 -0.00219999999
v -0.00377772423 -0.000410852284 -0.00219999999
v -0.0021871035 -0.000237861837 -0.00219999999
v 0.00213251077 0.00314521813 -0.00219999999
v 0.0012346115 0.00182091584 -0.00219999999
v 0.00377772423 0.000410852284 -0.00219999999
v 0.00380000006 -2.90971224e-18 -0.00219999999
v 0.00360108213 -0.00121334579 -0.00219999999
v 0.00246006786 0.00289621577 -0.00219999999
v 0.00142424984 0.00167675654 -0.00219999999
v 0.00275878282 0.00261325785 -0.00219999999
v 0.00159719004 0.00151293876 -0.00219999999
v 0.00325605716 0.00195910456 -0.00219999999
v 0.00188508583 0.00113421853 -0.00219999999
v 0.00175140472 0.00133138325 -0.00219999999
v 0.00344878668 0.00159557862 -0.00219999999
v 0.00199666596 0.000923756044 -0.00219999999
v 0.00371115818 0.000816887652 -0.00219999999
v 0.00214856514 0.000472934975 -0.00219999999
v 0.00208483706 0.000702463381 -0.00219999999
v 0.0021871035 0.000237861837 -0.00219999999
v 0.00302515365 0.00229966198 -0.00219999999
v 0.00360108213 0.00121334579 -0.00219999999
v -0.00219999999 -5.3884458e-19 -0.00219999999
v -0.00226360303 0 -0.000219296548
v -0.00190000003 -4.65365764e-19 4.33680869e-19
v -0.00188886211 0.000205426142 4.33680869e-19
v -0.00225033355 0.000244738534 -0.000219296548
v -0.00185557909 0.000408443826 4.33680869e-19
v -0.00221068133 0.000486607722 -0.000219296548
v -0.00180054107 0.000606672897 4.33680869e-19
v -0.00214511063 0.000722771918 -0.000219296548
v -0.00172439334 0.000797789311 4.33680869e-19
v -0.0020543905 0.000950462243 -0.000219296548
v -0.00162802858 0.000979552278 4.33680869e-19
v -0.0019395845 0.00116700924 -0.000219296548
v -0.00151257683 0.00114983099 4.33680869e-19
v -0.00180203863 0.00136987411 -0.000219296548
v -0.00137939141 0.00130662892 4.33680869e-19
v -0.0016433656 0.00155667856 -0.000219296548
v -0.00123003393 0.00144810788 4.33680869e-19
v -0.00146542548 0.00172523235 -0.000219296548
v -0.00106625538 0.00157260906 4.33680869e-19
v -0.00127030467 0.00187355932 -0.000219296548
v -0.000889976043 0.00167867285 4.33680869e-19
v -0.00106029073 0.00199992047 -0.000219296548
v -0.000703262514 0.00176505581 4.33680869e-19
v -0.000837845844 0.00210283441 -0.000219296548
v -0.00050830387 0.00183074502 4.33680869e-19
v -0.000605577952 0.00218109461 -0.000219296548
v -0.000307385781 0.00187497039 4.33680869e-19
v -0.00036621021 0.00223378348 -0.000219296548
v -0.000102863924 0.00189721351 4.33680869e-19
v -0.000122548998 0.00226028333 -0.000219296548
v 0.000102863924 0.00189721351 4.33680869e-19
v 0.000122548998 0.00226028333 -0.000219296548
v 0.000307385781 0.00187497039 4.33680869e-19
v 0.00036621021 0.00223378348 -0.000219296548
v 0.00050830387 0.00183074502 4.33680869e-19
v 0.000605577952 0.00218109461 -0.000219296548
v 0.000703262514 0.00176505581 4.33680869e-19
v 0.000837845844 0.00210283441 -0.000219296548
v 0.000889976043 0.00167867285 4.33680869e-19
v 0.00106029073 0.00199992047 -0.000219296548
v 0.00106625538 0.00157260906 4.33680869e-19
v 0.00127030467 0.00187355932 -0.000219296548
v 0.00123003393 0.00144810788 4.33680869e-19
v 0.00146542548 0.00172523235 -0.000219296548
v 0.00137939141 0.00130662892 4.33680869e-19
v 0.0016433656 0.00155667856 -0.000219296548
v 0.00151257683 0.00114983099 4.33680869e-19
v 0.00180203863 0.00136987411 -0.000219296548
v 0.00162802858 0.000979552278 4.33680869e-19
v 0.0019395845 0.00116700924 -0.000219296548
v 0.00172439334 0.000797789311 4.33680869e-19
v 0.0020543905 0.000950462243 -0.000219296548
v 0.00180054107 0.000606672897 4.33680869e-19
v 0.00214511063 0.000722771918 -0.000219296548
v 0.00185557909 0.000408443826 4.33680869e-19
v 0.00221068133 0.000486607722 -0.000219296548
v 0.00188886211 0.000205426142 4.33680869e-19
v 0.00225033355 0.000244738534 -0.000219296548
v 0.00190000003 -1.45485612e-18 4.33680869e-19
v 0.00226360303 -4.71207055e-19 -0.000219296548
v 0.00188886211 -0.000205426142 4.33680869e-19
v 0.00225033355 -0.000244738534 -0.000219296548
v 0.00185557909 -0.000408443826 4.33680869e-19
v 0.00221068133 -0.000486607722 -0.000219296548
v 0.00180054107 -0.000606672897 4.33680869e-19
v 0.00214511063 -0.000722771918 -0.000219296548
v 0.00172439334 -0.000797789311 4.33680869e-19
v 0.0020543905 -0.000950462243 -0.000219296548
v 0.00162802858 -0.000979552278 4.33680869e-19
v 0.0019395845 -0.00116700924 -0.000219296548
v 0.00151257683 -0.00114983099 4.33680869e-19
v 0.00180203863 -0.00136987411 -0.000219296548
v 0.00137939141 -0.00130662892 4.33680869e-19
v 0.0016433656 -0.00155667856 -0.000219296548
v 0.00123003393 -0.00144810788 4.33680869e-19
v 0.00146542548 -0.00172523235 -0.000219296548
v 0.00106625538 -0.00157260906 4.33680869e-19
v 0.00127030467 -0.00187355932 -0.000219296548
v 0.000889976043 -0.00167867285 4.33680869e-19
v 0.00106029073 -0.00199992047 -0.000219296548
v 0.000703262514 -0.00176505581 4.33680869e-19
v 0.000837845844 -0.00210283441 -0.000219296548
v 0.00050830387 -0.00183074502 4.33680869e-19
v 0.000605577952 -0.00218109461 -0.000219296548
v 0.000307385781 -0.00187497039 4.33680869e-19
v 0.00036621021 -0.00223378348 -0.000219296548
v 0.000102863924 -0.00189721351 4.33680869e-19
v 0.000122548998 -0.00226028333 -0.000219296548
v -0.000102863924 -0.00189721351 4.33680869e-19
v -0.000122548998 -0.00226028333 -0.000219296548
v -0.000307385781 -0.00187497039 4.33680869e-19
v -0.00036621021 -0.00223378348 -0.000219296548
v -0.00050830387 -0.00183074502 4.33680869e-19
v -0.000605577952 -0.00218109461 -0.000219296548
v -0.000703262514 -0.00176505581 4.33680869e-19
v -0.000837845844 -0.00210283441 -0.000219296548
v -0.000889976043 -0.00167867285 4.33680869e-19
v -0.00106029073 -0.00199992047 -0.000219296548
v -0.00106625538 -0.00157260906 4.33680869e-19
v -0.00127030467 -0.00187355932 -0.000219296548
v -0.00123003393 -0.00144810788 4.33680869e-19
v -0.00146542548 -0.00172523235 -0.000219296548
v -0.00137939141 -0.00130662892 4.33680869e-19
v -0.0016433656 -0.00155667856 -0.000219296548
v -0.00151257683 -0.00114983099 4.33680869e-19
v -0.00180203863 -0.00136987411 -0.000219296548
v -0.00162802858 -0.000979552278 4.33680869e-19
v -0.0019395845 -0.00116700924 -0.000219296548
v -0.00172439334 -0.000797789311 4.33680869e-19
v -0.0020543905 -0.000950462243 -0.000219296548
v -0.00180054107 -0.000606672897 4.33680869e-19
v -0.00214511063 -0.000722771918 -0.000219296548
v -0.00185557909 -0.000408443826 4.33680869e-19
v -0.00221068133 -0.000486607722 -0.000219296548
v -0.00188886211 -0.000205426142 4.33680869e-19
v -0.00225033355 -0.000244738534 -0.000219296548
v -0.00260215742 0 -0.000475575653
v -0.00258690352 0.000281342713 -0.000475575653
v -0.0025413204 0.000559386914 -0.000475575653
v -0.00246594287 0.000830872857 -0.000475575653
v -0.00236165407 0.00109261752 -0.000475575653
v -0.00222967728 0.00134155236 -0.000475575653
v -0.00207155943 0.00157475856 -0.000475575653
v -0.00188915455 0.00178950233 -0.000475575653
v -0.00168460107 0.00198326563 -0.000475575653
v -0.00146029715 0.00215377705 -0.000475575653
v -0.00121887249 0.00229903753 -0.000475575653
v -0.000963157741 0.00241734367 -0.000475575653
v -0.000696150877 0.00250730873 -0.000475575653
v -0.000420982222 0.00256787799 -0.000475575653
v -0.000140877964 0.00259834109 -0.000475575653
v 0.000140877964 0.00259834109 -0.000475575653
v 0.000420982222 0.00256787799 -0.000475575653
v 0.000696150877 0.00250730873 -0.000475575653
v 0.000963157741 0.00241734367 -0.000475575653
v 0.00121887249 0.00229903753 -0.000475575653
v 0.00146029715 0.00215377705 -0.000475575653
v 0.00168460107 0.00198326563 -0.000475575653
v 0.00188915455 0.00178950233 -0.000475575653
v 0.00207155943 0.00157475856 -0.000475575653
v 0.00222967728 0.00134155236 -0.000475575653
v 0.00236165407 0.00109261752 -0.000475575653
v 0.00246594287 0.000830872857 -0.000475575653
v 0.0025413204 0.000559386914 -0.000475575653
v 0.00258690352 0.000281342713 -0.000475575653
v 0.00260215742 -5.41682843e-19 -0.000475575653
v 0.00258690352 -0.000281342713 -0.000475575653
v 0.0025413204 -0.000559386914 -0.000475575653
v 0.00246594287 -0.000830872857 -0.000475575653
v 0.00236165407 -0.00109261752 -0.000475575653
v 0.00222967728 -0.00134155236 -0.000475575653
v 0.00207155943 -0.00157475856 -0.000475575653
v 0.00188915455 -0.00178950233 -0.000475575653
v 0.00168460107 -0.00198326563 -0.000475575653
v 0.00146029715 -0.00215377705 -0.000475575653
v 0.00121887249 -0.00229903753 -0.000475575653
v 0.000963157741 -0.00241734367 -0.000475575653
v 0.000696150877 -0.00250730873 -0.000475575653
v 0.000420982222 -0.00256787799 -0.000475575653
v 0.000140877964 -0.00259834109 -0.000475575653
v -0.000140877964 -0.00259834109 -0.000475575653
v -0.000420982222 -0.00256787799 -0.000475575653
v -0.000696150877 -0.00250730873 -0.000475575653
v -0.000963157741 -0.00241734367 -0.000475575653
v -0.00121887249 -0.00229903753 -0.000475575653
v -0.00146029715 -0.00215377705 -0.000475575653
v -0.00168460107 -0.00198326563 -0.000475575653
v -0.00188915455 -0.00178950233 -0.000475575653
v -0.00207155943 -0.00157475856 -0.000475575653
v -0.00222967728 -0.00134155236 -0.000475575653
v -0.00236165407 -0.00109261752 -0.000475575653
v -0.00246594287 -0.000830872857 -0.000475575653
v -0.0025413204 -0.000559386914 -0.000475575653
v -0.00258690352 -0.000281342713 -0.000475575653
v -0.00291191693 0 -0.000766001409
v -0.00289484719 0.000314833625 -0.000766001409
v -0.00284383795 0.00062597607 -0.000766001409
v -0.00275948737 0.000929779548 -0.000766001409
v -0.00264278427 0.00122268219 -0.000766001409
v -0.002495097 0.00150125008 -0.000766001409
v -0.00231815688 0.00176221714 -0.000766001409
v -0.00211403868 0.00200252375 -0.000766001409
v -0.00188513519 0.00221935264 -0.000766001409
v -0.00163413014 0.00241016177 -0.000766001409
v -0.0013639665 0.00257271389 -0.000766001409
v -0.00107781158 0.00270510325 -0.000766001409
v -0.000779020309 0.00280577759 -0.000766001409
v -0.000471095758 0.00287355692 -0.000766001409
v -0.000157648014 0.00290764635 -0.000766001409
v 0.000157648014 0.00290764635 -0.000766001409
v 0.000471095758 0.00287355692 -0.000766001409
v 0.000779020309 0.00280577759 -0.000766001409
v 0.00107781158 0.00270510325 -0.000766001409
v 0.0013639665 0.00257271389 -0.000766001409
v 0.00163413014 0.00241016177 -0.000766001409
v 0.00188513519 0.00221935264 -0.000766001409
v 0.00211403868 0.00200252375 -0.000766001409
v 0.00231815688 0.00176221714 -0.000766001409
v 0.002495097 0.00150125008 -0.000766001409
v 0.00264278427 0.00122268219 -0.000766001409
v 0.00275948737 0.000929779548 -0.000766001409
v 0.00284383795 0.00062597607 -0.000766001409
v 0.00289484719 0.000314833625 -0.000766001409
v 0.00291191693 -6.06164519e-19 -0.000766001409
v 0.00289484719 -0.000314833625 -0.000766001409
v 0.00284383795 -0.00062597607 -0.000766001409
v 0.00275948737 -0.000929779548 -0.000766001409
v 0.00264278427 -0.00122268219 -0.000766001409
v 0.002495097 -0.00150125008 -0.000766001409
v 0.00231815688 -0.00176221714 -0.000766001409
v 0.00211403868 -0.00200252375 -0.000766001409
v 0.00188513519 -0.00221935264 -0.000766001409
v 0.00163413014 -0.00241016177 -0.000766001409
v 0.0013639665 -0.00257271389 -0.000766001409
v 0.00107781158 -0.00270510325 -0.000766001409
v 0.000779020309 -0.00280577759 -0.000766001409
v 0.000471095758 -0.00287355692 -0.000766001409
v 0.000157648014 -0.00290764635 -0.000766001409
v -0.000157648014 -0.00290764635 -0.000766001409
v -0.000471095758 -0.00287355692 -0.000766001409
v -0.000779020309 -0.00280577759 -0.000766001409
v -0.00107781158 -0.00270510325 -0.000766001409
v -0.0013639665 -0.00257271389 -0.000766001409
v -0.00163413014 -0.00241016177 -0.000766001409
v -0.00188513519 -0.00221935264 -0.000766001409
v -0.00211403868 -0.00200252375 -0.000766001409
v -0.00231815688 -0.00176221714 -0.000766001409
v -0.002495097 -0.00150125008 -0.000766001409
v -0.00264278427 -0.00122268219 -0.000766001409
v -0.00275948737 -0.000929779548 -0.000766001409
v -0.00284383795 -0.00062597607 -0.000766001409
v -0.00289484719 -0.000314833625 -0.000766001409
v -0.00318945409 0 -0.00108735997
v -0.00317075732 0.000344840635 -0.00108735997
v -0.00311488635 0.000685638341 -0.00108735997
v -0.00302249612 0.00101839751 -0.00108735997
v -0.00289467 0.00133921695 -0.00108735997
v -0.00273290649 0.00164433534 -0.00108735997
v -0.00253910222 0.00193017535 -0.00108735997
v -0.00231552916 0.00219338574 -0.00108735997
v -0.00206480874 0.00243088091 -0.00108735997
v -0.00178988033 0.00263987598 -0.00108735997
v -0.00149396714 0.00281792111 -0.00108735997
v -0.00118053867 0.0029629285 -0.00108735997
v -0.000853269303 0.00307319849 -0.00108735997
v -0.000515996246 0.0031474377 -0.00108735997
v -0.000172673565 0.00318477629 -0.00108735997
v 0.000172673565 0.00318477629 -0.00108735997
v 0.000515996246 0.0031474377 -0.00108735997
v 0.000853269303 0.00307319849 -0.00108735997
v 0.00118053867 0.0029629285 -0.00108735997
v 0.00149396714 0.00281792111 -0.00108735997
v 0.00178988033 0.00263987598 -0.00108735997
v 0.00206480874 0.00243088091 -0.00108735997
v 0.00231552916 0.00219338574 -0.00108735997
v 0.00253910222 0.00193017535 -0.00108735997
v 0.00273290649 0.00164433534 -0.00108735997
v 0.00289467 0.00133921695 -0.00108735997
v 0.00302249612 0.00101839751 -0.00108735997
v 0.00311488635 0.000685638341 -0.00108735997
v 0.00317075732 0.000344840635 -0.00108735997
v 0.00318945409 -6.63938483e-19 -0.00108735997
v 0.00317075732 -0.000344840635 -0.00108735997
v 0.00311488635 -0.000685638341 -0.00108735997
v 0.00302249612 -0.00101839751 -0.00108735997
v 0.00289467 -0.00133921695 -0.00108735997
v 0.00273290649 -0.00164433534 -0.00108735997
v 0.00253910222 -0.00193017535 -0.00108735997
v 0.00231552916 -0.00219338574 -0.00108735997
v 0.00206480874 -0.00243088091 -0.00108735997
v 0.00178988033 -0.00263987598 -0.00108735997
v 0.00149396714 -0.00281792111 -0.00108735997
v 0.00118053867 -0.0029629285 -0.00108735997
v 0.000853269303 -0.00307319849 -0.00108735997
v 0.000515996246 -0.0031474377 -0.00108735997
v 0.000172673565 -0.00318477629 -0.00108735997
v -0.000172673565 -0.00318477629 -0.00108735997
v -0.000515996246 -0.0031474377 -0.00108735997
v -0.000853269303 -0.00307319849 -0.00108735997
v -0.00118053867 -0.0029629285 -0.00108735997
v -0.00149396714 -0.00281792111 -0.00108735997
v -0.00178988033 -0.00263987598 -0.00108735997
v -0.00206480874 -0.00243088091 -0.00108735997
v -0.00231552916 -0.00219338574 -0.00108735997
v -0.00253910222 -0.00193017535 -0.00108735997
v -0.00273290649 -0.00164433534 -0.00108735997
v -0.00289467 -0.00133921695 -0.00108735997
v -0.00302249612 -0.00101839751 -0.00108735997
v -0.00311488635 -0.000685638341 -0.00108735997
v -0.00317075732 -0.000344840635 -0.00108735997
v -0.00343169714 0 -0.00143609534
v -0.00341158034 0.000371031725 -0.00143609534
v -0.00335146603 0.000737713475 -0.00143609534
v -0.00325205876 0.00109574618 -0.00143609534
v -0.00311452406 0.00144093228 -0.00143609534
v -0.00294047431 0.00176922476 -0.00143609534
v -0.00273195026 0.0020767746 -0.00143609534
v -0.00249139662 0.00235997629 -0.00143609534
v -0.00222163368 0.00261550932 -0.00143609534
v -0.00192582409 0.00284037809 -0.00143609534
v -0.00160743587 0.00303194579 -0.00143609534
v -0.0012702021 0.00318796677 -0.00143609534
v -0.000918076257 0.00330661191 -0.00143609534
v -0.000555186823 0.00338648981 -0.00143609534
v -0.000185788347 0.00342666428 -0.00143609534
v 0.000185788347 0.00342666428 -0.00143609534
v 0.000555186823 0.00338648981 -0.00143609534
v 0.000918076257 0.00330661191 -0.00143609534
v 0.0012702021 0.00318796677 -0.00143609534
v 0.00160743587 0.00303194579 -0.00143609534
v 0.00192582409 0.00284037809 -0.00143609534
v 0.00222163368 0.00261550932 -0.00143609534
v 0.00249139662 0.00235997629 -0.00143609534
v 0.00273195026 0.0020767746 -0.00143609534
v 0.00294047431 0.00176922476 -0.00143609534
v 0.00311452406 0.00144093228 -0.00143609534
v 0.00325205876 0.00109574618 -0.00143609534
v 0.00335146603 0.000737713475 -0.00143609534
v 0.00341158034 0.000371031725 -0.00143609534
v 0.00343169714 -7.14365481e-19 -0.00143609534
v 0.00341158034 -0.000371031725 -0.00143609534
v 0.00335146603 -0.000737713475 -0.00143609534
v 0.00325205876 -0.00109574618 -0.00143609534
v 0.00311452406 -0.00144093228 -0.00143609534
v 0.00294047431 -0.00176922476 -0.00143609534
v 0.00273195026 -0.0020767746 -0.00143609534
v 0.00249139662 -0.00235997629 -0.00143609534
v 0.00222163368 -0.00261550932 -0.00143609534
v 0.00192582409 -0.00284037809 -0.00143609534
v 0.00160743587 -0.00303194579 -0.00143609534
v 0.0012702021 -0.00318796677 -0.00143609534
v 0.000918076257 -0.00330661191 -0.00143609534
v 0.000555186823 -0.00338648981 -0.00143609534
v 0.000185788347 -0.00342666428 -0.00143609534
v -0.000185788347 -0.00342666428 -0.00143609534
v -0.000555186823 -0.00338648981 -0.00143609534
v -0.000918076257 -0.00330661191 -0.00143609534
v -0.0012702021 -0.00318796677 -0.00143609534
v -0.00160743587 -0.00303194579 -0.00143609534
v -0.00192582409 -0.00284037809 -0.00143609534
v -0.00222163368 -0.00261550932 -0.00143609534
v -0.00249139662 -0.00235997629 -0.00143609534
v -0.00273195026 -0.0020767746 -0.00143609534
v -0.00294047431 -0.00176922476 -0.00143609534
v -0.00311452406 -0.00144093228 -0.00143609534
v -0.00325205876 -0.00109574618 -0.00143609534
v -0.00335146603 -0.000737713475 -0.00143609534
v -0.00341158034 -0.000371031725 -0.00143609534
v -0.00363596599 0 -0.00180834846
v -0.00361465174 0.00039311708 -0.00180834846
v -0.00355095905 0.000781625218 -0.00180834846
v -0.00344563462 0.00116096949 -0.00180834846
v -0.00329991337 0.00152670254 -0.00180834846
v -0.00311550358 0.00187453628 -0.00180834846
v -0.00289456733 0.00220039277 -0.00180834846
v -0.00263969484 0.00250045187 -0.00180834846
v -0.0023538745 0.00277119526 -0.00180834846
v -0.00204045698 0.00300944899 -0.00180834846
v -0.00170311716 0.0032124198 -0.00180834846
v -0.00134580978 0.0033777277 -0.00180834846
v -0.000972723938 0.00350343506 -0.00180834846
v -0.000588233816 0.0035880676 -0.00180834846
v -0.000196847235 0.00363063347 -0.00180834846
v 0.000196847235 0.00363063347 -0.00180834846
v 0.000588233816 0.0035880676 -0.00180834846
v 0.000972723938 0.00350343506 -0.00180834846
v 0.00134580978 0.0033777277 -0.00180834846
v 0.00170311716 0.0032124198 -0.00180834846
v 0.00204045698 0.00300944899 -0.00180834846
v 0.0023538745 0.00277119526 -0.00180834846
v 0.00263969484 0.00250045187 -0.00180834846
v 0.00289456733 0.00220039277 -0.00180834846
v 0.00311550358 0.00187453628 -0.00180834846
v 0.00329991337 0.00152670254 -0.00180834846
v 0.00344563462 0.00116096949 -0.00180834846
v 0.00355095905 0.000781625218 -0.00180834846
v 0.00361465174 0.00039311708 -0.00180834846
v 0.00363596599 -7.56887476e-19 -0.00180834846
v 0.00361465174 -0.00039311708 -0.00180834846
v 0.00355095905 -0.000781625218 -0.00180834846
v 0.00344563462 -0.00116096949 -0.00180834846
v 0.00329991337 -0.00152670254 -0.00180834846
v 0.00311550358 -0.00187453628 -0.00180834846
v 0.00289456733 -0.00220039277 -0.00180834846
v 0.00263969484 -0.00250045187 -0.00180834846
v 0.0023538745 -0.00277119526 -0.00180834846
v 0.00204045698 -0.00300944899 -0.00180834846
v 0.00170311716 -0.0032124198 -0.00180834846
v 0.00134580978 -0.0033777277 -0.00180834846
v 0.000972723938 -0.00350343506 -0.00180834846
v 0.000588233816 -0.0035880676 -0.00180834846
v 0.000196847235 -0.00363063347 -0.00180834846
v -0.000196847235 -0.00363063347 -0.00180834846
v -0.000588233816 -0.0035880676 -0.00180834846
v -0.000972723938 -0.00350343506 -0.00180834846
v -0.00134580978 -0.0033777277 -0.00180834846
v -0.00170311716 -0.0032124198 -0.00180834846
v -0.00204045698 -0.00300944899 -0.00180834846
v -0.0023538745 -0.00277119526 -0.00180834846
v -0.00263969484 -0.00250045187 -0.00180834846
v -0.00289456733 -0.00220039277 -0.00180834846
v -0.00311550358 -0.00187453628 -0.00180834846
v -0.00329991337 -0.00152670254 -0.00180834846
v -0.00344563462 -0.00116096949 -0.00180834846
v -0.00355095905 -0.000781625218 -0.00180834846
v -0.00361465174 -0.00039311708 -0.00180834846
v -0.00380000006 0 -0.00219999999
v -0.00377772423 0.000410852284 -0.00219999999
v -0.00371115818 0.000816887652 -0.00219999999
v -0.00360108213 0.00121334579 -0.00219999999
v -0.00344878668 0.00159557862 -0.00219999999
v -0.00325605716 0.00195910456 -0.00219999999
v -0.00302515365 0.00229966198 -0.00219999999
v -0.00275878282 0.00261325785 -0.00219999999
v -0.00246006786 0.00289621577 -0.00219999999
v -0.00213251077 0.00314521813 -0.00219999999
v -0.00177995209 0.0033573457 -0.00219999999
v -0.00140652503 0.00353011163 -0.00219999999
v -0.00101660774 0.00366149005 -0.00219999999
v -0.000614771561 0.00374994078 -0.00219999999
v -0.000205727847 0.00379442703 -0.00219999999
v 0.000205727847 0.00379442703 -0.00219999999
v 0.000614771561 0.00374994078 -0.00219999999
v 0.00101660774 0.00366149005 -0.00219999999
v 0.00140652503 0.00353011163 -0.00219999999
v 0.00177995209 0.0033573457 -0.00219999999
v 0.00213251077 0.00314521813 -0.00219999999
v 0.00246006786 0.00289621577 -0.00219999999
v 0.00275878282 0.00261325785 -0.00219999999
v 0.00302515365 0.00229966198 -0.00219999999
v 0.00325605716 0.00195910456 -0.00219999999
v 0.00344878668 0.00159557862 -0.00219999999
v 0.00360108213 0.00121334579 -0.00219999999
v 0.00371115818 0.000816887652 -0.00219999999
v 0.00377772423 0.000410852284 -0.00219999999
v 0.00380000006 -2.90971224e-18 -0.00219999999
v 0.00377772423 -0.000410852284 -0.00219999999
v 0.00371115818 -0.000816887652 -0.00219999999
v 0.00360108213 -0.00121334579 -0.00219999999
v 0.00344878668 -0.00159557862 -0.00219999999
v 0.00325605716 -0.00195910456 -0.00219999999
v 0.00302515365 -0.00229966198 -0.00219999999
v 0.00275878282 -0.00261325785 -0.00219999999
v 0.00246006786 -0.00289621577 -0.00219999999
v 0.00213251077 -0.00314521813 -0.00219999999
v 0.00177995209 -0.0033573457 -0.00219999999
v 0.00140652503 -0.00353011163 -0.00219999999
v 0.00101660774 -0.00366149005 -0.00219999999
v 0.000614771561 -0.00374994078 -0.00219999999
v 0.000205727847 -0.00379442703 -0.00219999999
v -0.000205727847 -0.00379442703 -0.00219999999
v -0.000614771561 -0.00374994078 -0.00219999999
v -0.00101660774 -0.00366149005 -0.00219999999
v -0.00140652503 -0.00353011163 -0.00219999999
v -0.00177995209 -0.0033573457 -0.00219999999
v -0.00213251077 -0.00314521813 -0.00219999999
v -0.00246006786 -0.00289621577 -0.00219999999
v -0.00275878282 -0.00261325785 -0.00219999999
v -0.00302515365 -0.00229966198 -0.00219999999
v -0.00325605716 -0.00195910456 -0.00219999999
v -0.00344878668 -0.00159557862 -0.00219999999
v -0.00360108213 -0.00121334579 -0.00219999999
v -0.00371115818 -0.000816887652 -0.00219999999
v -0.00377772423 -0.000410852284 -0.00219999999
v 0.00124999997 0.000721687858 0
v 0.00106625538 0.00157260906 4.33680869e-19
v 0.000889976043 0.00167867285 4.33680869e-19
v -0.00124999997 -0.000721687858 0
v -0.00124999997 0.000721687858 0
v -0.00190000003 -4.65365764e-19 4.33680869e-19
v 0.00123003393 0.00144810788 4.33680869e-19
v 3.25260652e-19 0.00144337572 0
v -0.000889976043 0.00167867285 4.33680869e-19
v -0.00188886211 0.000205426142 4.33680869e-19
v -0.00106625538 -0.00157260906 4.33680869e-19
v -0.000889976043 -0.00167867285 4.33680869e-19
v 0.000703262514 0.00176505581 4.33680869e-19
v 0.00050830387 0.00183074502 4.33680869e-19
v 0.00151257683 0.00114983099 4.33680869e-19
v 0.00137939141 0.00130662892 4.33680869e-19
v -0.00106625538 0.00157260906 4.33680869e-19
v -0.00123003393 0.00144810788 4.33680869e-19
v -0.000703262514 0.00176505581 4.33680869e-19
v -0.00188886211 -0.000205426142 4.33680869e-19
v -0.00123003393 -0.00144810788 4.33680869e-19
v 0.00124999997 -0.000721687858 0
v 2.16840434e-19 -0.00144337572 0
v 0.000889976043 -0.00167867285 4.33680869e-19
v 0.000102863924 -0.00189721351 4.33680869e-19
v 0.000307385781 -0.00187497039 4.33680869e-19
v 0.000307385781 0.00187497039 4.33680869e-19
v -0.00137939141 0.00130662892 4.33680869e-19
v -0.00151257683 0.00114983099 4.33680869e-19
v -0.000102863924 0.00189721351 4.33680869e-19
v -0.000307385781 0.00187497039 4.33680869e-19
v -0.00185557909 -0.000408443826 4.33680869e-19
v -0.00137939141 -0.00130662892 4.33680869e-19
v 0.00106625538 -0.00157260906 4.33680869e-19
v -0.000102863924 -0.00189721351 4.33680869e-19
v 0.000102863924 0.00189721351 4.33680869e-19
v 0.00162802858 0.000979552278 4.33680869e-19
v -0.00050830387 0.00183074502 4.33680869e-19
v -0.00180054107 -0.000606672897 4.33680869e-19
v -0.00172439334 -0.000797789311 4.33680869e-19
v -0.00185557909 0.000408443826 4.33680869e-19
v -0.00162802858 0.000979552278 4.33680869e-19
v -0.00172439334 0.000797789311 4.33680869e-19
v -0.000703262514 -0.00176505581 4.33680869e-19
v -0.00050830387 -0.00183074502 4.33680869e-19
v -0.00162802858 -0.000979552278 4.33680869e-19
v -0.00151257683 -0.00114983099 4.33680869e-19
v 0.00123003393 -0.00144810788 4.33680869e-19
v 0.00137939141 -0.00130662892 4.33680869e-19
v 0.000703262514 -0.00176505581 4.33680869e-19
v 0.00050830387 -0.00183074502 4.33680869e-19
v -0.00180054107 0.000606672897 4.33680869e-19
v -0.000307385781 -0.00187497039 4.33680869e-19
v 0.00151257683 -0.00114983099 4.33680869e-19
v 0.00180054107 0.000606672897 4.33680869e-19
v 0.00172439334 0.000797789311 4.33680869e-19
v 0.00188886211 0.000205426142 4.33680869e-19
v 0.00185557909 0.000408443826 4.33680869e-19
v 0.00188886211 -0.000205426142 4.33680869e-19
v 0.00190000003 -1.45485612e-18 4.33680869e-19
v 0.00180054107 -0.000606672897 4.33680869e-19
v 0.00185557909 -0.000408443826 4.33680869e-19
v 0.00162802858 -0.000979552278 4.33680869e-19
v 0.00172439334 -0.000797789311 4.33680869e-19
v 0.00124999997 0.000721687858 0
v 3.25260652e-19 0.00144337572 0
v 0.000624999986 0.00108253176 -0.0013
v 3.25260652e-19 0.00144337572 -0.0013
v 0.00124999997 0.000721687858 -0.0013
v 3.25260652e-19 0.00144337572 0
v -0.00124999997 0.000721687858 0
v -0.000624999986 0.00108253176 -0.0013
v -0.00124999997 0.000721687858 -0.0013
v 3.25260652e-19 0.00144337572 -0.0013
v -0.00124999997 -0.000721687858 0
v -0.00124999997 -0.000721687858 -0.0013
v -0.00124999997 0 -0.0013
v -0.00124999997 0.000721687858 0
v -0.00124999997 0.000721687858 -0.0013
v 2.16840434e-19 -0.00144337572 0
v 2.16840434e-19 -0.00144337572 -0.0013
v -0.000624999986 -0.00108253176 -0.0013
v -0.00124999997 -0.000721687858 0
v -0.00124999997 -0.000721687858 -0.0013
v 2.16840434e-19 -0.00144337572 0
v 0.00124999997 -0.000721687858 0
v 0.000624999986 -0.00108253176 -0.0013
v 0.00124999997 -0.000721687858 -0.0013
v 2.16840434e-19 -0.00144337572 -0.0013
v 0.00124999997 -0.000721687858 0
v 0.00124999997 0.000721687858 0
v 0.00124999997 0 -0.0013
v 0.00124999997 0.000721687858 -0.0013
v 0.00124999997 -0.000721687858 -0.0013
v 0.00124999997 0.000721687858 -0.0013
v 0.00122077565 0.000268713047 -0.0013
v 0.00124267244 0.000135148774 -0.0013
v 0.00107107149 0.000644442334 -0.0013
v 0.00113446929 0.000524861389 -0.0013
v 0.00118456641 0.000399126904 -0.0013
v 0.000995116308 0.000756467751 -0.0013
v 0.000809232879 0.000952702598 -0.0013
v 0.000907494337 0.000859624299 -0.0013
v 0.000624999986 0.00108253176 -0.0013
v 0.000701483805 0.00103461125 -0.0013
v 0.00124999997 0 -0.0013
v -1.5418056e-19 0 -0.00175496284
v 0.000701483805 0.00103461125 -0.0013
v 0.000624999986 0.00108253176 -0.0013
v -1.5418056e-19 0 -0.00175496284
v -0.00058551057 0.00110439002 -0.0013
v -0.000624999986 0.00108253176 -0.0013
v -1.5418056e-19 0 -0.00175496284
v -0.000701483805 -0.00103461125 -0.0013
v -0.000624999986 -0.00108253176 -0.0013
v -1.5418056e-19 0 -0.00175496284
v 0.00058551057 -0.00110439002 -0.0013
v 0.000624999986 -0.00108253176 -0.0013
v -1.5418056e-19 0 -0.00175496284
v 0.00124267244 -0.000135148774 -0.0013
v 0.00124999997 0 -0.0013
v -1.5418056e-19 0 -0.00175496284
v 0.00122077565 -0.000268713047 -0.0013
v -1.5418056e-19 0 -0.00175496284
v 0.00118456641 -0.000399126904 -0.0013
v -1.5418056e-19 0 -0.00175496284
v 0.00113446929 -0.000524861389 -0.0013
v -1.5418056e-19 0 -0.00175496284
v 0.00107107149 -0.000644442334 -0.0013
v -1.5418056e-19 0 -0.00175496284
v 0.000995116308 -0.000756467751 -0.0013
v -1.5418056e-19 0 -0.00175496284
v 0.000907494337 -0.000859624299 -0.0013
v -1.5418056e-19 0 -0.00175496284
v 0.000809232879 -0.000952702598 -0.0013
v -1.5418056e-19 0 -0.00175496284
v 0.000701483805 -0.00103461125 -0.0013
v -1.5418056e-19 0 -0.00175496284
v -1.5418056e-19 0 -0.00175496284
v 0.000462672702 -0.00116122095 -0.0013
v -1.5418056e-19 0 -0.00175496284
v 0.000334410433 -0.00120443746 -0.0013
v -1.5418056e-19 0 -0.00175496284
v 0.0002022275 -0.00123353314 -0.0013
v -1.5418056e-19 0 -0.00175496284
v 6.76736381e-05 -0.00124816678 -0.0013
v -1.5418056e-19 0 -0.00175496284
v -6.76736381e-05 -0.00124816678 -0.0013
v -1.5418056e-19 0 -0.00175496284
v -0.0002022275 -0.00123353314 -0.0013
v -1.5418056e-19 0 -0.00175496284
v -0.000334410433 -0.00120443746 -0.0013
v -1.5418056e-19 0 -0.00175496284
v -0.000462672702 -0.00116122095 -0.0013
v -1.5418056e-19 0 -0.00175496284
v -0.00058551057 -0.00110439002 -0.0013
v -1.5418056e-19 0 -0.00175496284
v -1.5418056e-19 0 -0.00175496284
v -0.000809232879 -0.000952702598 -0.0013
v -1.5418056e-19 0 -0.00175496284
v -0.000907494337 -0.000859624299 -0.0013
v -1.5418056e-19 0 -0.00175496284
v -0.000995116308 -0.000756467751 -0.0013
v -1.5418056e-19 0 -0.00175496284
v -0.00107107149 -0.000644442334 -0.0013
v -1.5418056e-19 0 -0.00175496284
v -0.00113446929 -0.000524861389 -0.0013
v -1.5418056e-19 0 -0.00175496284
v -0.00118456641 -0.000399126904 -0.0013
v -1.5418056e-19 0 -0.00175496284
v -0.00122077565 -0.000268713047 -0.0013
v -1.5418056e-19 0 -0.00175496284
v -0.00124267244 -0.000135148774 -0.0013
v -1.5418056e-19 0 -0.00175496284
v -0.00124999997 0 -0.0013
v -1.5418056e-19 0 -0.00175496284
v -0.00124267244 0.000135148774 -0.0013
v -1.5418056e-19 0 -0.00175496284
v -0.00122077565 0.000268713047 -0.0013
v -1.5418056e-19 0 -0.00175496284
v -0.00118456641 0.000399126904 -0.0013
v -1.5418056e-19 0 -0.00175496284
v -0.00113446929 0.000524861389 -0.0013
v -1.5418056e-19 0 -0.00175496284
v -0.00107107149 0.000644442334 -0.0013
v -1.5418056e-19 0 -0.00175496284
v -0.000995116308 0.000756467751 -0.0013
v -1.5418056e-19 0 -0.00175496284
v -0.000907494337 0.000859624299 -0.0013
v -1.5418056e-19 0 -0.00175496284
v -0.000809232879 0.000952702598 -0.0013
v -1.5418056e-19 0 -0.00175496284
v -0.000701483805 0.00103461125 -0.0013
v -1.5418056e-19 0 -0.00175496284
v -1.5418056e-19 0 -0.00175496284
v -0.000462672702 0.00116122095 -0.0013
v -1.5418056e-19 0 -0.00175496284
v -0.000334410433 0.00120443746 -0.0013
v -1.5418056e-19 0 -0.00175496284
v -0.0002022275 0.00123353314 -0.0013
v -1.5418056e-19 0 -0.00175496284
v -6.76736381e-05 0.00124816678 -0.0013
v -1.5418056e-19 0 -0.00175496284
v 6.76736381e-05 0.00124816678 -0.0013
v -1.5418056e-19 0 -0.00175496284
v 0.0002022275 0.00123353314 -0.0013
v -1.5418056e-19 0 -0.00175496284
v 0.000334410433 0.00120443746 -0.0013
v -1.5418056e-19 0 -0.00175496284
v 0.000462672702 0.00116122095 -0.0013
v -1.5418056e-19 0 -0.00175496284
v 0.00058551057 0.00110439002 -0.0013
v -1.5418056e-19 0 -0.00175496284
v -1.5418056e-19 0 -0.00175496284
v 0.000809232879 0.000952702598 -0.0013
v -1.5418056e-19 0 -0.00175496284
v 0.000907494337 0.000859624299 -0.0013
v -1.5418056e-19 0 -0.00175496284
v 0.000995116308 0.000756467751 -0.0013
v -1.5418056e-19 0 -0.00175496284
v 0.00107107149 0.000644442334 -0.0013
v -1.5418056e-19 0 -0.00175496284
v 0.00113446929 0.000524861389 -0.0013
v -1.5418056e-19 0 -0.00175496284
v 0.00118456641 0.000399126904 -0.0013
v -1.5418056e-19 0 -0.00175496284
v 0.00122077565 0.000268713047 -0.0013
v -1.5418056e-19 0 -0.00175496284
v 0.00124267244 0.000135148774 -0.0013
v -1.5418056e-19 0 -0.00175496284
v 3.25260652e-19 0.00144337572 -0.0013
v 0.000462672702 0.00116122095 -0.0013
v 0.00058551057 0.00110439002 -0.0013
v 6.76736381e-05 0.00124816678 -0.0013
v 0.0002022275 0.00123353314 -0.0013
v 0.000334410433 0.00120443746 -0.0013
v -6.76736381e-05 0.00124816678 -0.0013
v -0.000462672702 0.00116122095 -0.0013
v -0.000334410433 0.00120443746 -0.0013
v -0.0002022275 0.00123353314 -0.0013
v -0.000624999986 0.00108253176 -0.0013
v -0.00058551057 0.00110439002 -0.0013
v 0.000624999986 0.00108253176 -0.0013
v -0.00124999997 0.000721687858 -0.0013
v -0.000809232879 0.000952702598 -0.0013
v -0.000701483805 0.00103461125 -0.0013
v -0.000907494337 0.000859624299 -0.0013
v -0.000995116308 0.000756467751 -0.0013
v -0.00113446929 0.000524861389 -0.0013
v -0.00107107149 0.000644442334 -0.0013
v -0.00122077565 0.000268713047 -0.0013
v -0.00118456641 0.000399126904 -0.0013
v -0.00124999997 0 -0.0013
v -0.00124267244 0.000135148774 -0.0013
v -0.000624999986 0.00108253176 -0.0013
v -0.00124999997 -0.000721687858 -0.0013
v -0.00113446929 -0.000524861389 -0.0013
v -0.00118456641 -0.000399126904 -0.0013
v -0.00122077565 -0.000268713047 -0.0013
v -0.00107107149 -0.000644442334 -0.0013
v -0.000907494337 -0.000859624299 -0.0013
v -0.000995116308 -0.000756467751 -0.0013
v -0.000624999986 -0.00108253176 -0.0013
v -0.000701483805 -0.00103461125 -0.0013
v -0.00124267244 -0.000135148774 -0.0013
v -0.000809232879 -0.000952702598 -0.0013
v -0.00124999997 0 -0.0013
v 2.16840434e-19 -0.00144337572 -0.0013
v -6.76736381e-05 -0.00124816678 -0.0013
v -0.0002022275 -0.00123353314 -0.0013
v 0.0002022275 -0.00123353314 -0.0013
v 6.76736381e-05 -0.00124816678 -0.0013
v 0.000624999986 -0.00108253176 -0.0013
v 0.00058551057 -0.00110439002 -0.0013
v -0.000462672702 -0.00116122095 -0.0013
v -0.00058551057 -0.00110439002 -0.0013
v -0.000334410433 -0.00120443746 -0.0013
v 0.000334410433 -0.00120443746 -0.0013
v 0.000462672702 -0.00116122095 -0.0013
v -0.000624999986 -0.00108253176 -0.0013
v 0.00124999997 -0.000721687858 -0.0013
v 0.000809232879 -0.000952702598 -0.0013
v 0.000701483805 -0.00103461125 -0.0013
v 0.000907494337 -0.000859624299 -0.0013
v 0.00113446929 -0.000524861389 -0.0013
v 0.00107107149 -0.000644442334 -0.0013
v 0.00122077565 -0.000268713047 -0.0013
v 0.00118456641 -0.000399126904 -0.0013
v 0.000995116308 -0.000756467751 -0.0013
v 0.00124267244 -0.000135148774 -0.0013
v 0.00124999997 0 -0.0013
v 0.000624999986 -0.00108253176 -0.0013
f 1 2 3
f 3 4 1
f 4 5 1
f 5 6 1
f 6 7 1
f 7 8 1
f 8 9 1
f 9 10 1
f 10 11 1
f 11 12 1
f 12 13 1
f 13 14 1
f 14 15 1
f 15 16 1
f 16 17 1
f 17 18 1
f 18 19 1
f 19 20 1
f 20 21 1
f 21 22 1
f 22 23 1
f 23 24 1
f 24 25 1
f 25 26 1
f 26 27 1
f 27 28 1
f 28 29 1
f 29 30 1
f 30 31 1
f 31 32 1
f 32 33 1
f 33 34 1
f 34 35 1
f 35 36 1
f 36 37 1
f 37 38 1
f 38 39 1
f 39 40 1
f 40 41 1
f 41 42 1
f 42 43 1
f 43 44 1
f 44 45 1
f 45 46 1
f 46 47 1
f 47 48 1
f 48 49 1
f 49 50 1
f 50 51 1
f 51 52 1
f 52 53 1
f 53 54 1
f 54 55 1
f 55 56 1
f 56 57 1
f 57 58 1
f 58 59 1
f 59 2 1
f 60 61 62
f 63 62 64
f 65 64 66
f 67 66 68
f 69 68 70
f 71 70 72
f 73 72 74
f 75 74 76
f 77 76 78
f 79 78 80
f 81 80 82
f 83 82 84
f 85 84 86
f 87 86 88
f 89 88 90
f 91 90 92
f 93 92 94
f 95 94 96
f 97 96 98
f 99 98 100
f 101 100 102
f 103 102 104
f 105 104 106
f 107 106 108
f 109 108 110
f 111 110 112
f 113 112 114
f 115 114 116
f 117 116 118
f 119 118 120
f 121 120 122
f 123 122 124
f 125 124 126
f 127 126 128
f 129 128 130
f 131 130 132
f 133 132 134
f 135 134 136
f 137 136 138
f 139 138 140
f 141 140 142
f 143 142 144
f 145 144 146
f 147 146 148
f 149 148 150
f 151 150 152
f 153 152 154
f 155 154 156
f 157 156 158
f 159 158 160
f 161 160 162
f 163 162 164
f 165 164 166
f 167 166 168
f 169 168 170
f 171 170 172
f 173 172 174
f 175 174 61
f 61 60 175
f 174 175 173
f 172 173 171
f 170 171 169
f 168 169 167
f 166 167 165
f 164 165 163
f 162 163 161
f 160 161 159
f 158 159 157
f 156 157 155
f 154 155 153
f 152 153 151
f 150 151 149
f 148 149 147
f 146 147 145
f 144 145 143
f 142 143 141
f 140 141 139
f 138 139 137
f 136 137 135
f 134 135 133
f 132 133 131
f 130 131 129
f 128 129 127
f 126 127 125
f 124 125 123
f 122 123 121
f 120 121 119
f 118 119 117
f 116 117 115
f 114 115 113
f 112 113 111
f 110 111 109
f 108 109 107
f 106 107 105
f 104 105 103
f 102 103 101
f 100 101 99
f 98 99 97
f 96 97 95
f 94 95 93
f 92 93 91
f 90 91 89
f 88 89 87
f 86 87 85
f 84 85 83
f 82 83 81
f 80 81 79
f 78 79 77
f 76 77 75
f 74 75 73
f 72 73 71
f 70 71 69
f 68 69 67
f 66 67 65
f 64 65 63
f 62 63 60
f 176 177 178
f 179 178 180
f 181 180 182
f 183 182 184
f 185 184 186
f 187 186 188
f 189 188 190
f 191 190 192
f 193 192 194
f 195 194 196
f 197 196 198
f 199 198 200
f 201 200 202
f 203 202 204
f 205 204 206
f 207 206 208
f 209 208 210
f 211 210 212
f 213 212 214
f 215 214 216
f 217 216 218
f 219 218 220
f 221 220 222
f 223 222 224
f 225 224 226
f 227 226 228
f 229 228 230
f 231 230 232
f 233 232 234
f 235 234 236
f 237 236 238
f 239 238 240
f 241 240 242
f 243 242 244
f 245 244 246
f 247 246 248
f 249 248 250
f 251 250 252
f 253 252 254
f 255 254 256
f 257 256 258
f 259 258 260
f 261 260 262
f 263 262 264
f 265 264 266
f 267 266 268
f 269 268 270
f 271 270 272
f 273 272 274
f 275 274 276
f 277 276 278
f 279 278 280
f 281 280 282
f 283 282 284
f 285 284 286
f 287 286 288
f 289 288 290
f 291 290 177
f 177 176 291
f 290 291 289
f 288 289 287
f 286 287 285
f 284 285 283
f 282 283 281
f 280 281 279
f 278 279 277
f 276 277 275
f 274 275 273
f 272 273 271
f 270 271 269
f 268 269 267
f 266 267 265
f 264 265 263
f 262 263 261
f 260 261 259
f 258 259 257
f 256 257 255
f 254 255 253
f 252 253 251
f 250 251 249
f 248 249 247
f 246 247 245
f 244 245 243
f 242 243 241
f 240 241 239
f 238 239 237
f 236 237 235
f 234 235 233
f 232 233 231
f 230 231 229
f 228 229 227
f 226 227 225
f 224 225 223
f 222 223 221
f 220 221 219
f 218 219 217
f 216 217 215
f 214 215 213
f 212 213 211
f 210 211 209
f 208 209 207
f 206 207 205
f 204 205 203
f 202 203 201
f 200 201 199
f 198 199 197
f 196 197 195
f 194 195 193
f 192 193 191
f 190 191 189
f 188 189 187
f 186 187 185
f 184 185 183
f 182 183 181
f 180 181 179
f 178 179 176
f 292 293 294
f 293 295 296
f 295 297 298
f 297 299 300
f 299 301 302
f 301 303 304
f 303 305 306
f 305 307 308
f 307 309 310
f 309 311 312
f 311 313 314
f 313 315 316
f 315 317 318
f 317 319 320
f 319 321 322
f 321 323 324
f 323 325 326
f 325 327 328
f 327 329 330
f 329 331 332
f 331 333 334
f 333 335 336
f 335 337 338
f 337 339 340
f 339 341 342
f 341 343 344
f 343 345 346
f 345 347 348
f 347 349 350
f 349 351 352
f 351 353 354
f 353 355 356
f 355 357 358
f 357 359 360
f 359 361 362
f 361 363 364
f 363 365 366
f 365 367 368
f 367 369 370
f 369 371 372
f 371 373 374
f 373 375 376
f 375 377 378
f 377 379 380
f 379 381 382
f 381 383 384
f 383 385 386
f 385 387 388
f 387 389 390
f 389 391 392
f 391 393 394
f 393 395 396
f 395 397 398
f 397 399 400
f 399 401 402
f 401 403 404
f 403 405 406
f 405 292 407
f 407 294 408
f 294 296 409
f 296 298 410
f 298 300 411
f 300 302 412
f 302 304 413
f 304 306 414
f 306 308 415
f 308 310 416
f 310 312 417
f 312 314 418
f 314 316 419
f 316 318 420
f 318 320 421
f 320 322 422
f 322 324 423
f 324 326 424
f 326 328 425
f 328 330 426
f 330 332 427
f 332 334 428
f 334 336 429
f 336 338 430
f 338 340 431
f 340 342 432
f 342 344 433
f 344 346 434
f 346 348 435
f 348 350 436
f 350 352 437
f 352 354 438
f 354 356 439
f 356 358 440
f 358 360 441
f 360 362 442
f 362 364 443
f 364 366 444
f 366 368 445
f 368 370 446
f 370 372 447
f 372 374 448
f 374 376 449
f 376 378 450
f 378 380 451
f 380 382 452
f 382 384 453
f 384 386 454
f 386 388 455
f 388 390 456
f 390 392 457
f 392 394 458
f 394 396 459
f 396 398 460
f 398 400 461
f 400 402 462
f 402 404 463
f 404 406 464
f 406 407 465
f 465 408 466
f 408 409 467
f 409 410 468
f 410 411 469
f 411 412 470
f 412 413 471
f 413 414 472
f 414 415 473
f 415 416 474
f 416 417 475
f 417 418 476
f 418 419 477
f 419 420 478
f 420 421 479
f 421 422 480
f 422 423 481
f 423 424 482
f 424 425 483
f 425 426 484
f 426 427 485
f 427 428 486
f 428 429 487
f 429 430 488
f 430 431 489
f 431 432 490
f 432 433 491
f 433 434 492
f 434 435 493
f 435 436 494
f 436 437 495
f 437 438 496
f 438 439 497
f 439 440 498
f 440 441 499
f 441 442 500
f 442 443 501
f 443 444 502
f 444 445 503
f 445 446 504
f 446 447 505
f 447 448 506
f 448 449 507
f 449 450 508
f 450 451 509
f 451 452 510
f 452 453 511
f 453 454 512
f 454 455 513
f 455 456 514
f 456 457 515
f 457 458 516
f 458 459 517
f 459 460 518
f 460 461 519
f 461 462 520
f 462 463 521
f 463 464 522
f 464 465 523
f 523 466 524
f 466 467 525
f 467 468 526
f 468 469 527
f 469 470 528
f 470 471 529
f 471 472 530
f 472 473 531
f 473 474 532
f 474 475 533
f 475 476 534
f 476 477 535
f 477 478 536
f 478 479 537
f 479 480 538
f 480 481 539
f 481 482 540
f 482 483 541
f 483 484 542
f 484 485 543
f 485 486 544
f 486 487 545
f 487 488 546
f 488 489 547
f 489 490 548
f 490 491 549
f 491 492 550
f 492 493 551
f 493 494 552
f 494 495 553
f 495 496 554
f 496 497 555
f 497 498 556
f 498 499 557
f 499 500 558
f 500 501 559
f 501 502 560
f 502 503 561
f 503 504 562
f 504 505 563
f 505 506 564
f 506 507 565
f 507 508 566
f 508 509 567
f 509 510 568
f 510 511 569
f 511 512 570
f 512 513 571
f 513 514 572
f 514 515 573
f 515 516 574
f 516 517 575
f 517 518 576
f 518 519 577
f 519 520 578
f 520 521 579
f 521 522 580
f 522 523 581
f 581 524 582
f 524 525 583
f 525 526 584
f 526 527 585
f 527 528 586
f 528 529 587
f 529 530 588
f 530 531 589
f 531 532 590
f 532 533 591
f 533 534 592
f 534 535 593
f 535 536 594
f 536 537 595
f 537 538 596
f 538 539 597
f 539 540 598
f 540 541 599
f 541 542 600
f 542 543 601
f 543 544 602
f 544 545 603
f 545 546 604
f 546 547 605
f 547 548 606
f 548 549 607
f 549 550 608
f 550 551 609
f 551 552 610
f 552 553 611
f 553 554 612
f 554 555 613
f 555 556 614
f 556 557 615
f 557 558 616
f 558 559 617
f 559 560 618
f 560 561 619
f 561 562 620
f 562 563 621
f 563 564 622
f 564 565 623
f 565 566 624
f 566 567 625
f 567 568 626
f 568 569 627
f 569 570 628
f 570 571 629
f 571 572 630
f 572 573 631
f 573 574 632
f 574 575 633
f 575 576 634
f 576 577 635
f 577 578 636
f 578 579 637
f 579 580 638
f 580 581 639
f 639 582 640
f 582 583 641
f 583 584 642
f 584 585 643
f 585 586 644
f 586 587 645
f 587 588 646
f 588 589 647
f 589 590 648
f 590 591 649
f 591 592 650
f 592 593 651
f 593 594 652
f 594 595 653
f 595 596 654
f 596 597 655
f 597 598 656
f 598 599 657
f 599 600 658
f 600 601 659
f 601 602 660
f 602 603 661
f 603 604 662
f 604 605 663
f 605 606 664
f 606 607 665
f 607 608 666
f 608 609 667
f 609 610 668
f 610 611 669
f 611 612 670
f 612 613 671
f 613 614 672
f 614 615 673
f 615 616 674
f 616 617 675
f 617 618 676
f 618 619 677
f 619 620 678
f 620 621 679
f 621 622 680
f 622 623 681
f 623 624 682
f 624 625 683
f 625 626 684
f 626 627 685
f 627 628 686
f 628 629 687
f 629 630 688
f 630 631 689
f 631 632 690
f 632 633 691
f 633 634 692
f 634 635 693
f 635 636 694
f 636 637 695
f 637 638 696
f 638 639 697
f 697 640 698
f 640 641 699
f 641 642 700
f 642 643 701
f 643 644 702
f 644 645 703
f 645 646 704
f 646 647 705
f 647 648 706
f 648 649 707
f 649 650 708
f 650 651 709
f 651 652 710
f 652 653 711
f 653 654 712
f 654 655 713
f 655 656 714
f 656 657 715
f 657 658 716
f 658 659 717
f 659 660 718
f 660 661 719
f 661 662 720
f 662 663 721
f 663 664 722
f 664 665 723
f 665 666 724
f 666 667 725
f 667 668 726
f 668 669 727
f 669 670 728
f 670 671 729
f 671 672 730
f 672 673 731
f 673 674 732
f 674 675 733
f 675 676 734
f 676 677 735
f 677 678 736
f 678 679 737
f 679 680 738
f 680 681 739
f 681 682 740
f 682 683 741
f 683 684 742
f 684 685 743
f 685 686 744
f 686 687 745
f 687 688 746
f 688 689 747
f 689 690 748
f 690 691 749
f 691 692 750
f 692 693 751
f 693 694 752
f 694 695 753
f 695 696 754
f 696 697 755
f 755 698 756
f 698 699 757
f 699 700 758
f 700 701 759
f 701 702 760
f 702 703 761
f 703 704 762
f 704 705 763
f 705 706 764
f 706 707 765
f 707 708 766
f 708 709 767
f 709 710 768
f 710 711 769
f 711 712 770
f 712 713 771
f 713 714 772
f 714 715 773
f 715 716 774
f 716 717 775
f 717 718 776
f 718 719 777
f 719 720 778
f 720 721 779
f 721 722 780
f 722 723 781
f 723 724 782
f 724 725 783
f 725 726 784
f 726 727 785
f 727 728 786
f 728 729 787
f 729 730 788
f 730 731 789
f 731 732 790
f 732 733 791
f 733 734 792
f 734 735 793
f 735 736 794
f 736 737 795
f 737 738 796
f 738 739 797
f 739 740 798
f 740 741 799
f 741 742 800
f 742 743 801
f 743 744 802
f 744 745 803
f 745 746 804
f 746 747 805
f 747 748 806
f 748 749 807
f 749 750 808
f 750 751 809
f 751 752 810
f 752 753 811
f 753 754 812
f 754 755 813
f 813 756 814
f 756 757 815
f 757 758 816
f 758 759 817
f 759 760 818
f 760 761 819
f 761 762 820
f 762 763 821
f 763 764 822
f 764 765 823
f 765 766 824
f 766 767 825
f 767 768 826
f 768 769 827
f 769 770 828
f 770 771 829
f 771 772 830
f 772 773 831
f 773 774 832
f 774 775 833
f 775 776 834
f 776 777 835
f 777 778 836
f 778 779 837
f 779 780 838
f 780 781 839
f 781 782 840
f 782 783 841
f 783 784 842
f 784 785 843
f 785 786 844
f 786 787 845
f 787 788 846
f 788 789 847
f 789 790 848
f 790 791 849
f 791 792 850
f 792 793 851
f 793 794 852
f 794 795 853
f 795 796 854
f 796 797 855
f 797 798 856
f 798 799 857
f 799 800 858
f 800 801 859
f 801 802 860
f 802 803 861
f 803 804 862
f 804 805 863
f 805 806 864
f 806 807 865
f 807 808 866
f 808 809 867
f 809 810 868
f 810 811 869
f 811 812 870
f 812 813 871
f 871 814 872
f 814 815 873
f 815 816 874
f 816 817 875
f 817 818 876
f 818 819 877
f 819 820 878
f 820 821 879
f 821 822 880
f 822 823 881
f 823 824 882
f 824 825 883
f 825 826 884
f 826 827 885
f 827 828 886
f 828 829 887
f 829 830 888
f 830 831 889
f 831 832 890
f 832 833 891
f 833 834 892
f 834 835 893
f 835 836 894
f 836 837 895
f 837 838 896
f 838 839 897
f 839 840 898
f 840 841 899
f 841 842 900
f 842 843 901
f 843 844 902
f 844 845 903
f 845 846 904
f 846 847 905
f 847 848 906
f 848 849 907
f 849 850 908
f 850 851 909
f 851 852 910
f 852 853 911
f 853 854 912
f 854 855 913
f 855 856 914
f 856 857 915
f 857 858 916
f 858 859 917
f 859 860 918
f 860 861 919
f 861 862 920
f 862 863 921
f 863 864 922
f 864 865 923
f 865 866 924
f 866 867 925
f 867 868 926
f 868 869 927
f 869 870 928
f 870 871 929
f 929 872 930
f 872 873 931
f 873 874 932
f 874 875 933
f 875 876 934
f 876 877 935
f 877 878 936
f 878 879 937
f 879 880 938
f 880 881 939
f 881 882 940
f 882 883 941
f 883 884 942
f 884 885 943
f 885 886 944
f 886 887 945
f 887 888 946
f 888 889 947
f 889 890 948
f 890 891 949
f 891 892 950
f 892 893 951
f 893 894 952
f 894 895 953
f 895 896 954
f 896 897 955
f 897 898 956
f 898 899 957
f 899 900 958
f 900 901 959
f 901 902 960
f 902 903 961
f 903 904 962
f 904 905 963
f 905 906 964
f 906 907 965
f 907 908 966
f 908 909 967
f 909 910 968
f 910 911 969
f 911 912 970
f 912 913 971
f 913 914 972
f 914 915 973
f 915 916 974
f 916 917 975
f 917 918 976
f 918 919 977
f 919 920 978
f 920 921 979
f 921 922 980
f 922 923 981
f 923 924 982
f 924 925 983
f 925 926 984
f 926 927 985
f 927 928 986
f 928 929 987
f 987 930 988
f 930 931 989
f 931 932 990
f 932 933 991
f 933 934 992
f 934 935 993
f 935 936 994
f 936 937 995
f 937 938 996
f 938 939 997
f 939 940 998
f 940 941 999
f 941 942 1000
f 942 943 1001
f 943 944 1002
f 944 945 1003
f 945 946 1004
f 946 947 1005
f 947 948 1006
f 948 949 1007
f 949 950 1008
f 950 951 1009
f 951 952 1010
f 952 953 1011
f 953 954 1012
f 954 955 1013
f 955 956 1014
f 956 957 1015
f 957 958 1016
f 958 959 1017
f 959 960 1018
f 960 961 1019
f 961 962 1020
f 962 963 1021
f 963 964 1022
f 964 965 1023
f 965 966 1024
f 966 967 1025
f 967 968 1026
f 968 969 1027
f 969 970 1028
f 970 971 1029
f 971 972 1030
f 972 973 1031
f 973 974 1032
f 974 975 1033
f 975 976 1034
f 976 977 1035
f 977 978 1036
f 978 979 1037
f 979 980 1038
f 980 981 1039
f 981 982 1040
f 982 983 1041
f 983 984 1042
f 984 985 1043
f 985 986 1044
f 986 987 1045
f 1045 988 1046
f 988 989 1047
f 989 990 1048
f 990 991 1049
f 991 992 1050
f 992 993 1051
f 993 994 1052
f 994 995 1053
f 995 996 1054
f 996 997 1055
f 997 998 1056
f 998 999 1057
f 999 1000 1058
f 1000 1001 1059
f 1001 1002 1060
f 1002 1003 1061
f 1003 1004 1062
f 1004 1005 1063
f 1005 1006 1064
f 1006 1007 1065
f 1007 1008 1066
f 1008 1009 1067
f 1009 1010 1068
f 1010 1011 1069
f 1011 1012 1070
f 1012 1013 1071
f 1013 1014 1072
f 1014 1015 1073
f 1015 1016 1074
f 1016 1017 1075
f 1017 1018 1076
f 1018 1019 1077
f 1019 1020 1078
f 1020 1021 1079
f 1021 1022 1080
f 1022 1023 1081
f 1023 1024 1082
f 1024 1025 1083
f 1025 1026 1084
f 1026 1027 1085
f 1027 1028 1086
f 1028 1029 1087
f 1029 1030 1088
f 1030 1031 1089
f 1031 1032 1090
f 1032 1033 1091
f 1033 1034 1092
f 1034 1035 1093
f 1035 1036 1094
f 1036 1037 1095
f 1037 1038 1096
f 1038 1039 1097
f 1039 1040 1098
f 1040 1041 1099
f 1041 1042 1100
f 1042 1043 1101
f 1043 1044 1102
f 1044 1045 1103
f 1103 1046 1104
f 1046 1047 1105
f 1047 1048 1106
f 1048 1049 1107
f 1049 1050 1108
f 1050 1051 1109
f 1051 1052 1110
f 1052 1053 1111
f 1053 1054 1112
f 1054 1055 1113
f 1055 1056 1114
f 1056 1057 1115
f 1057 1058 1116
f 1058 1059 1117
f 1059 1060 1118
f 1060 1061 1119
f 1061 1062 1120
f 1062 1063 1121
f 1063 1064 1122
f 1064 1065 1123
f 1065 1066 1124
f 1066 1067 1125
f 1067 1068 1126
f 1068 1069 1127
f 1069 1070 1128
f 1070 1071 1129
f 1071 1072 1130
f 1072 1073 1131
f 1073 1074 1132
f 1074 1075 1133
f 1075 1076 1134
f 1076 1077 1135
f 1077 1078 1136
f 1078 1079 1137
f 1079 1080 1138
f 1080 1081 1139
f 1081 1082 1140
f 1082 1083 1141
f 1083 1084 1142
f 1084 1085 1143
f 1085 1086 1144
f 1086 1087 1145
f 1087 1088 1146
f 1088 1089 1147
f 1089 1090 1148
f 1090 1091 1149
f 1091 1092 1150
f 1092 1093 1151
f 1093 1094 1152
f 1094 1095 1153
f 1095 1096 1154
f 1096 1097 1155
f 1097 1098 1156
f 1098 1099 1157
f 1099 1100 1158
f 1100 1101 1159
f 1101 1102 1160
f 1102 1103 1161
f 1161 1104 1162
f 1104 1105 1163
f 1105 1106 1164
f 1106 1107 1165
f 1107 1108 1166
f 1108 1109 1167
f 1109 1110 1168
f 1110 1111 1169
f 1111 1112 1170
f 1112 1113 1171
f 1113 1114 1172
f 1114 1115 1173
f 1115 1116 1174
f 1116 1117 1175
f 1117 1118 1176
f 1118 1119 1177
f 1119 1120 1178
f 1120 1121 1179
f 1121 1122 1180
f 1122 1123 1181
f 1123 1124 1182
f 1124 1125 1183
f 1125 1126 1184
f 1126 1127 1185
f 1127 1128 1186
f 1128 1129 1187
f 1129 1130 1188
f 1130 1131 1189
f 1131 1132 1190
f 1132 1133 1191
f 1133 1134 1192
f 1134 1135 1193
f 1135 1136 1194
f 1136 1137 1195
f 1137 1138 1196
f 1138 1139 1197
f 1139 1140 1198
f 1140 1141 1199
f 1141 1142 1200
f 1142 1143 1201
f 1143 1144 1202
f 1144 1145 1203
f 1145 1146 1204
f 1146 1147 1205
f 1147 1148 1206
f 1148 1149 1207
f 1149 1150 1208
f 1150 1151 1209
f 1151 1152 1210
f 1152 1153 1211
f 1153 1154 1212
f 1154 1155 1213
f 1155 1156 1214
f 1156 1157 1215
f 1157 1158 1216
f 1158 1159 1217
f 1159 1160 1218
f 1160 1161 1219
f 1219 1218 1160
f 1218 1217 1159
f 1217 1216 1158
f 1216 1215 1157
f 1215 1214 1156
f 1214 1213 1155
f 1213 1212 1154
f 1212 1211 1153
f 1211 1210 1152
f 1210 1209 1151
f 1209 1208 1150
f 1208 1207 1149
f 1207 1206 1148
f 1206 1205 1147
f 1205 1204 1146
f 1204 1203 1145
f 1203 1202 1144
f 1202 1201 1143
f 1201 1200 1142
f 1200 1199 1141
f 1199 1198 1140
f 1198 1197 1139
f 1197 1196 1138
f 1196 1195 1137
f 1195 1194 1136
f 1194 1193 1135
f 1193 1192 1134
f 1192 1191 1133
f 1191 1190 1132
f 1190 1189 1131
f 1189 1188 1130
f 1188 1187 1129
f 1187 1186 1128
f 1186 1185 1127
f 1185 1184 1126
f 1184 1183 1125
f 1183 1182 1124
f 1182 1181 1123
f 1181 1180 1122
f 1180 1179 1121
f 1179 1178 1120
f 1178 1177 1119
f 1177 1176 1118
f 1176 1175 1117
f 1175 1174 1116
f 1174 1173 1115
f 1173 1172 1114
f 1172 1171 1113
f 1171 1170 1112
f 1170 1169 1111
f 1169 1168 1110
f 1168 1167 1109
f 1167 1166 1108
f 1166 1165 1107
f 1165 1164 1106
f 1164 1163 1105
f 1163 1162 1104
f 1162 1219 1161
f 1161 1160 1102
f 1160 1159 1101
f 1159 1158 1100
f 1158 1157 1099
f 1157 1156 1098
f 1156 1155 1097
f 1155 1154 1096
f 1154 1153 1095
f 1153 1152 1094
f 1152 1151 1093
f 1151 1150 1092
f 1150 1149 1091
f 1149 1148 1090
f 1148 1147 1089
f 1147 1146 1088
f 1146 1145 1087
f 1145 1144 1086
f 1144 1143 1085
f 1143 1142 1084
f 1142 1141 1083
f 1141 1140 1082
f 1140 1139 1081
f 1139 1138 1080
f 1138 1137 1079
f 1137 1136 1078
f 1136 1135 1077
f 1135 1134 1076
f 1134 1133 1075
f 1133 1132 1074
f 1132 1131 1073
f 1131 1130 1072
f 1130 1129 1071
f 1129 1128 1070
f 1128 1127 1069
f 1127 1126 1068
f 1126 1125 1067
f 1125 1124 1066
f 1124 1123 1065
f 1123 1122 1064
f 1122 1121 1063
f 1121 1120 1062
f 1120 1119 1061
f 1119 1118 1060
f 1118 1117 1059
f 1117 1116 1058
f 1116 1115 1057
f 1115 1114 1056
f 1114 1113 1055
f 1113 1112 1054
f 1112 1111 1053
f 1111 1110 1052
f 1110 1109 1051
f 1109 1108 1050
f 1108 1107 1049
f 1107 1106 1048
f 1106 1105 1047
f 1105 1104 1046
f 1104 1161 1103
f 1103 1102 1044
f 1102 1101 1043
f 1101 1100 1042
f 1100 1099 1041
f 1099 1098 1040
f 1098 1097 1039
f 1097 1096 1038
f 1096 1095 1037
f 1095 1094 1036
f 1094 1093 1035
f 1093 1092 1034
f 1092 1091 1033
f 1091 1090 1032
f 1090 1089 1031
f 1089 1088 1030
f 1088 1087 1029
f 1087 1086 1028
f 1086 1085 1027
f 1085 1084 1026
f 1084 1083 1025
f 1083 1082 1024
f 1082 1081 1023
f 1081 1080 1022
f 1080 1079 1021
f 1079 1078 1020
f 1078 1077 1019
f 1077 1076 1018
f 1076 1075 1017
f 1075 1074 1016
f 1074 1073 1015
f 1073 1072 1014
f 1072 1071 1013
f 1071 1070 1012
f 1070 1069 1011
f 1069 1068 1010
f 1068 1067 1009
f 1067 1066 1008
f 1066 1065 1007
f 1065 1064 1006
f 1064 1063 1005
f 1063 1062 1004
f 1062 1061 1003
f 1061 1060 1002
f 1060 1059 1001
f 1059 1058 1000
f 1058 1057 999
f 1057 1056 998
f 1056 1055 997
f 1055 1054 996
f 1054 1053 995
f 1053 1052 994
f 1052 1051 993
f 1051 1050 992
f 1050 1049 991
f 1049 1048 990
f 1048 1047 989
f 1047 1046 988
f 1046 1103 1045
f 1045 1044 986
f 1044 1043 985
f 1043 1042 984
f 1042 1041 983
f 1041 1040 982
f 1040 1039 981
f 1039 1038 980
f 1038 1037 979
f 1037 1036 978
f 1036 1035 977
f 1035 1034 976
f 1034 1033 975
f 1033 1032 974
f 1032 1031 973
f 1031 1030 972
f 1030 1029 971
f 1029 1028 970
f 1028 1027 969
f 1027 1026 968
f 1026 1025 967
f 1025 1024 966
f 1024 1023 965
f 1023 1022 964
f 1022 1021 963
f 1021 1020 962
f 1020 1019 961
f 1019 1018 960
f 1018 1017 959
f 1017 1016 958
f 1016 1015 957
f 1015 1014 956
f 1014 1013 955
f 1013 1012 954
f 1012 1011 953
f 1011 1010 952
f 1010 1009 951
f 1009 1008 950
f 1008 1007 949
f 1007 1006 948
f 1006 1005 947
f 1005 1004 946
f 1004 1003 945
f 1003 1002 944
f 1002 1001 943
f 1001 1000 942
f 1000 999 941
f 999 998 940
f 998 997 939
f 997 996 938
f 996 995 937
f 995 994 936
f 994 993 935
f 993 992 934
f 992 991 933
f 991 990 932
f 990 989 931
f 989 988 930
f 988 1045 987
f 987 986 928
f 986 985 927
f 985 984 926
f 984 983 925
f 983 982 924
f 982 981 923
f 981 980 922
f 980 979 921
f 979 978 920
f 978 977 919
f 977 976 918
f 976 975 917
f 975 974 916
f 974 973 915
f 973 972 914
f 972 971 913
f 971 970 912
f 970 969 911
f 969 968 910
f 968 967 909
f 967 966 908
f 966 965 907
f 965 964 906
f 964 963 905
f 963 962 904
f 962 961 903
f 961 960 902
f 960 959 901
f 959 958 900
f 958 957 899
f 957 956 898
f 956 955 897
f 955 954 896
f 954 953 895
f 953 952 894
f 952 951 893
f 951 950 892
f 950 949 891
f 949 948 890
f 948 947 889
f 947 946 888
f 946 945 887
f 945 944 886
f 944 943 885
f 943 942 884
f 942 941 883
f 941 940 882
f 940 939 881
f 939 938 880
f 938 937 879
f 937 936 878
f 936 935 877
f 935 934 876
f 934 933 875
f 933 932 874
f 932 931 873
f 931 930 872
f 930 987 929
f 929 928 870
f 928 927 869
f 927 926 868
f 926 925 867
f 925 924 866
f 924 923 865
f 923 922 864
f 922 921 863
f 921 920 862
f 920 919 861
f 919 918 860
f 918 917 859
f 917 916 858
f 916 915 857
f 915 914 856
f 914 913 855
f 913 912 854
f 912 911 853
f 911 910 852
f 910 909 851
f 909 908 850
f 908 907 849
f 907 906 848
f 906 905 847
f 905 904 846
f 904 903 845
f 903 902 844
f 902 901 843
f 901 900 842
f 900 899 841
f 899 898 840
f 898 897 839
f 897 896 838
f 896 895 837
f 895 894 836
f 894 893 835
f 893 892 834
f 892 891 833
f 891 890 832
f 890 889 831
f 889 888 830
f 888 887 829
f 887 886 828
f 886 885 827
f 885 884 826
f 884 883 825
f 883 882 824
f 882 881 823
f 881 880 822
f 880 879 821
f 879 878 820
f 878 877 819
f 877 876 818
f 876 875 817
f 875 874 816
f 874 873 815
f 873 872 814
f 872 929 871
f 871 870 812
f 870 869 811
f 869 868 810
f 868 867 809
f 867 866 808
f 866 865 807
f 865 864 806
f 864 863 805
f 863 862 804
f 862 861 803
f 861 860 802
f 860 859 801
f 859 858 800
f 858 857 799
f 857 856 798
f 856 855 797
f 855 854 796
f 854 853 795
f 853 852 794
f 852 851 793
f 851 850 792
f 850 849 791
f 849 848 790
f 848 847 789
f 847 846 788
f 846 845 787
f 845 844 786
f 844 843 785
f 843 842 784
f 842 841 783
f 841 840 782
f 840 839 781
f 839 838 780
f 838 837 779
f 837 836 778
f 836 835 777
f 835 834 776
f 834 833 775
f 833 832 774
f 832 831 773
f 831 830 772
f 830 829 771
f 829 828 770
f 828 827 769
f 827 826 768
f 826 825 767
f 825 824 766
f 824 823 765
f 823 822 764
f 822 821 763
f 821 820 762
f 820 819 761
f 819 818 760
f 818 817 759
f 817 816 758
f 816 815 757
f 815 814 756
f 814 871 813
f 813 812 754
f 812 811 753
f 811 810 752
f 810 809 751
f 809 808 750
f 808 807 749
f 807 806 748
f 806 805 747
f 805 804 746
f 804 803 745
f 803 802 744
f 802 801 743
f 801 800 742
f 800 799 741
f 799 798 740
f 798 797 739
f 797 796 738
f 796 795 737
f 795 794 736
f 794 793 735
f 793 792 734
f 792 791 733
f 791 790 732
f 790 789 731
f 789 788 730
f 788 787 729
f 787 786 728
f 786 785 727
f 785 784 726
f 784 783 725
f 783 782 724
f 782 781 723
f 781 780 722
f 780 779 721
f 779 778 720
f 778 777 719
f 777 776 718
f 776 775 717
f 775 774 716
f 774 773 715
f 773 772 714
f 772 771 713
f 771 770 712
f 770 769 711
f 769 768 710
f 768 767 709
f 767 766 708
f 766 765 707
f 765 764 706
f 764 763 705
f 763 762 704
f 762 761 703
f 761 760 702
f 760 759 701
f 759 758 700
f 758 757 699
f 757 756 698
f 756 813 755
f 755 754 696
f 754 753 695
f 753 752 694
f 752 751 693
f 751 750 692
f 750 749 691
f 749 748 690
f 748 747 689
f 747 746 688
f 746 745 687
f 745 744 686
f 744 743 685
f 743 742 684
f 742 741 683
f 741 740 682
f 740 739 681
f 739 738 680
f 738 737 679
f 737 736 678
f 736 735 677
f 735 734 676
f 734 733 675
f 733 732 674
f 732 731 673
f 731 730 672
f 730 729 671
f 729 728 670
f 728 727 669
f 727 726 668
f 726 725 667
f 725 724 666
f 724 723 665
f 723 722 664
f 722 721 663
f 721 720 662
f 720 719 661
f 719 718 660
f 718 717 659
f 717 716 658
f 716 715 657
f 715 714 656
f 714 713 655
f 713 712 654
f 712 711 653
f 711 710 652
f 710 709 651
f 709 708 650
f 708 707 649
f 707 706 648
f 706 705 647
f 705 704 646
f 704 703 645
f 703 702 644
f 702 701 643
f 701 700 642
f 700 699 641
f 699 698 640
f 698 755 697
f 697 696 638
f 696 695 637
f 695 694 636
f 694 693 635
f 693 692 634
f 692 691 633
f 691 690 632
f 690 689 631
f 689 688 630
f 688 687 629
f 687 686 628
f 686 685 627
f 685 684 626
f 684 683 625
f 683 682 624
f 682 681 623
f 681 680 622
f 680 679 621
f 679 678 620
f 678 677 619
f 677 676 618
f 676 675 617
f 675 674 616
f 674 673 615
f 673 672 614
f 672 671 613
f 671 670 612
f 670 669 611
f 669 668 610
f 668 667 609
f 667 666 608
f 666 665 607
f 665 664 606
f 664 663 605
f 663 662 604
f 662 661 603
f 661 660 602
f 660 659 601
f 659 658 600
f 658 657 599
f 657 656 598
f 656 655 597
f 655 654 596
f 654 653 595
f 653 652 594
f 652 651 593
f 651 650 592
f 650 649 591
f 649 648 590
f 648 647 589
f 647 646 588
f 646 645 587
f 645 644 586
f 644 643 585
f 643 642 584
f 642 641 583
f 641 640 582
f 640 697 639
f 639 638 580
f 638 637 579
f 637 636 578
f 636 635 577
f 635 634 576
f 634 633 575
f 633 632 574
f 632 631 573
f 631 630 572
f 630 629 571
f 629 628 570
f 628 627 569
f 627 626 568
f 626 625 567
f 625 624 566
f 624 623 565
f 623 622 564
f 622 621 563
f 621 620 562
f 620 619 561
f 619 618 560
f 618 617 559
f 617 616 558
f 616 615 557
f 615 614 556
f 614 613 555
f 613 612 554
f 612 611 553
f 611 610 552
f 610 609 551
f 609 608 550
f 608 607 549
f 607 606 548
f 606 605 547
f 605 604 546
f 604 603 545
f 603 602 544
f 602 601 543
f 601 600 542
f 600 599 541
f 599 598 540
f 598 597 539
f 597 596 538
f 596 595 537
f 595 594 536
f 594 593 535
f 593 592 534
f 592 591 533
f 591 590 532
f 590 589 531
f 589 588 530
f 588 587 529
f 587 586 528
f 586 585 527
f 585 584 526
f 584 583 525
f 583 582 524
f 582 639 581
f 581 580 522
f 580 579 521
f 579 578 520
f 578 577 519
f 577 576 518
f 576 575 517
f 575 574 516
f 574 573 515
f 573 572 514
f 572 571 513
f 571 570 512
f 570 569 511
f 569 568 510
f 568 567 509
f 567 566 508
f 566 565 507
f 565 564 506
f 564 563 505
f 563 562 504
f 562 561 503
f 561 560 502
f 560 559 501
f 559 558 500
f 558 557 499
f 557 556 498
f 556 555 497
f 555 554 496
f 554 553 495
f 553 552 494
f 552 551 493
f 551 550 492
f 550 549 491
f 549 548 490
f 548 547 489
f 547 546 488
f 546 545 487
f 545 544 486
f 544 543 485
f 543 542 484
f 542 541 483
f 541 540 482
f 540 539 481
f 539 538 480
f 538 537 479
f 537 536 478
f 536 535 477
f 535 534 476
f 534 533 475
f 533 532 474
f 532 531 473
f 531 530 472
f 530 529 471
f 529 528 470
f 528 527 469
f 527 526 468
f 526 525 467
f 525 524 466
f 524 581 523
f 523 522 464
f 522 521 463
f 521 520 462
f 520 519 461
f 519 518 460
f 518 517 459
f 517 516 458
f 516 515 457
f 515 514 456
f 514 513 455
f 513 512 454
f 512 511 453
f 511 510 452
f 510 509 451
f 509 508 450
f 508 507 449
f 507 506 448
f 506 505 447
f 505 504 446
f 504 503 445
f 503 502 444
f 502 501 443
f 501 500 442
f 500 499 441
f 499 498 440
f 498 497 439
f 497 496 438
f 496 495 437
f 495 494 436
f 494 493 435
f 493 492 434
f 492 491 433
f 491 490 432
f 490 489 431
f 489 488 430
f 488 487 429
f 487 486 428
f 486 485 427
f 485 484 426
f 484 483 425
f 483 482 424
f 482 481 423
f 481 480 422
f 480 479 421
f 479 478 420
f 478 477 419
f 477 476 418
f 476 475 417
f 475 474 416
f 474 473 415
f 473 472 414
f 472 471 413
f 471 470 412
f 470 469 411
f 469 468 410
f 468 467 409
f 467 466 408
f 466 523 465
f 465 464 406
f 464 463 404
f 463 462 402
f 462 461 400
f 461 460 398
f 460 459 396
f 459 458 394
f 458 457 392
f 457 456 390
f 456 455 388
f 455 454 386
f 454 453 384
f 453 452 382
f 452 451 380
f 451 450 378
f 450 449 376
f 449 448 374
f 448 447 372
f 447 446 370
f 446 445 368
f 445 444 366
f 444 443 364
f 443 442 362
f 442 441 360
f 441 440 358
f 440 439 356
f 439 438 354
f 438 437 352
f 437 436 350
f 436 435 348
f 435 434 346
f 434 433 344
f 433 432 342
f 432 431 340
f 431 430 338
f 430 429 336
f 429 428 334
f 428 427 332
f 427 426 330
f 426 425 328
f 425 424 326
f 424 423 324
f 423 422 322
f 422 421 320
f 421 420 318
f 420 419 316
f 419 418 314
f 418 417 312
f 417 416 310
f 416 415 308
f 415 414 306
f 414 413 304
f 413 412 302
f 412 411 300
f 411 410 298
f 410 409 296
f 409 408 294
f 408 465 407
f 407 406 405
f 406 404 403
f 404 402 401
f 402 400 399
f 400 398 397
f 398 396 395
f 396 394 393
f 394 392 391
f 392 390 389
f 390 388 387
f 388 386 385
f 386 384 383
f 384 382 381
f 382 380 379
f 380 378 377
f 378 376 375
f 376 374 373
f 374 372 371
f 372 370 369
f 370 368 367
f 368 366 365
f 366 364 363
f 364 362 361
f 362 360 359
f 360 358 357
f 358 356 355
f 356 354 353
f 354 352 351
f 352 350 349
f 350 348 347
f 348 346 345
f 346 344 343
f 344 342 341
f 342 340 339
f 340 338 337
f 338 336 335
f 336 334 333
f 334 332 331
f 332 330 329
f 330 328 327
f 328 326 325
f 326 324 323
f 324 322 321
f 322 320 319
f 320 318 317
f 318 316 315
f 316 314 313
f 314 312 311
f 312 310 309
f 310 308 307
f 308 306 305
f 306 304 303
f 304 302 301
f 302 300 299
f 300 298 297
f 298 296 295
f 296 294 293
f 294 407 292
f 1220 1221 1222
f 1220 1223 1224
f 1223 1225 1226
f 1225 1227 1228
f 1229 1230 1231
f 1230 1232 1233
f 1234 1235 1236
f 1237 1238 1235
f 1224 1221 1220
f 1228 1226 1225
f 1229 1239 1228
f 1233 1231 1230
f 1235 1234 1237
f 1237 1240 1241
f 1226 1224 1223
f 1231 1239 1229
f 1242 1236 1243
f 1241 1238 1237
f 1244 1245 1246
f 1244 1247 1248
f 1249 1250 1248
f 1249 1251 1252
f 1253 1254 1255
f 1253 1256 1257
f 1258 1259 1222
f 1228 1227 1229
f 1260 1261 1233
f 1260 1262 1263
f 1264 1265 1263
f 1264 1266 1267
f 1266 1268 1269
f 1268 1270 1271
f 1236 1242 1234
f 1240 1272 1246
f 1248 1245 1244
f 1252 1250 1249
f 1257 1254 1253
f 1273 1274 1257
f 1222 1259 1220
f 1263 1261 1260
f 1267 1265 1264
f 1271 1269 1268
f 1275 1276 1271
f 1275 1277 1278
f 1279 1280 1281
f 1279 1282 1243
f 1246 1241 1240
f 1248 1247 1249
f 1283 1284 1252
f 1283 1285 1255
f 1257 1256 1273
f 1273 1286 1287
f 1288 1289 1287
f 1288 1290 1291
f 1292 1293 1294
f 1295 1296 1293
f 1233 1232 1260
f 1269 1267 1266
f 1278 1276 1275
f 1277 1297 1298
f 1299 1300 1298
f 1299 1301 1302
f 1303 1304 1305
f 1303 1306 1307
f 1308 1281 1309
f 1243 1280 1279
f 1246 1272 1244
f 1255 1284 1283
f 1287 1274 1273
f 1291 1289 1288
f 1310 1311 1291
f 1310 1312 1294
f 1293 1292 1295
f 1295 1313 1314
f 1263 1262 1264
f 1298 1278 1277
f 1302 1300 1299
f 1301 1315 1316
f 1317 1318 1305
f 1307 1304 1303
f 1319 1309 1307
f 1281 1308 1279
f 1252 1251 1283
f 1287 1286 1288
f 1294 1311 1310
f 1314 1296 1295
f 1271 1270 1275
f 1316 1302 1301
f 1320 1321 1316
f 1320 1322 1323
f 1324 1325 1326
f 1324 1327 1328
f 1329 1330 1331
f 1329 1317 1332
f 1305 1318 1303
f 1309 1319 1308
f 1255 1285 1253
f 1294 1312 1292
f 1298 1297 1299
f 1323 1321 1320
f 1333 1326 1323
f 1328 1325 1324
f 1334 1331 1328
f 1332 1330 1329
f 1307 1306 1319
f 1291 1290 1310
f 1316 1315 1320
f 1326 1333 1324
f 1331 1334 1329
f 1243 1282 1242
f 1323 1322 1333
f 1305 1332 1317
f 1328 1327 1334
f 1258 1335 1314
f 1314 1313 1258
f 1222 1335 1258
f 1336 1337 1338
f 1339 1338 1340
f 1341 1340 1342
f 1343 1342 1344
f 1345 1344 1346
f 1347 1346 1348
f 1349 1348 1350
f 1351 1350 1352
f 1353 1352 1354
f 1355 1354 1356
f 1357 1356 1358
f 1359 1358 1360
f 1361 1360 1362
f 1363 1362 1364
f 1365 1364 1366
f 1367 1366 1368
f 1369 1368 1370
f 1371 1370 1372
f 1373 1372 1374
f 1375 1374 1376
f 1377 1376 1378
f 1379 1378 1380
f 1381 1380 1382
f 1383 1382 1384
f 1385 1384 1386
f 1387 1386 1388
f 1389 1388 1390
f 1391 1390 1392
f 1393 1392 1394
f 1395 1394 1396
f 1397 1396 1398
f 1399 1398 1400
f 1401 1400 1402
f 1403 1402 1404
f 1405 1404 1406
f 1407 1406 1408
f 1409 1408 1410
f 1411 1410 1412
f 1413 1412 1414
f 1415 1414 1416
f 1417 1416 1418
f 1419 1418 1420
f 1421 1420 1422
f 1423 1422 1424
f 1425 1424 1426
f 1427 1426 1428
f 1429 1428 1430
f 1431 1430 1432
f 1433 1432 1434
f 1435 1434 1436
f 1437 1436 1438
f 1439 1438 1440
f 1441 1440 1442
f 1443 1442 1444
f 1445 1444 1446
f 1447 1446 1448
f 1449 1448 1450
f 1451 1450 1337
f 1452 1336 1339
f 1453 1339 1341
f 1454 1341 1343
f 1455 1343 1345
f 1456 1345 1347
f 1457 1347 1349
f 1458 1349 1351
f 1459 1351 1353
f 1460 1353 1355
f 1461 1355 1357
f 1462 1357 1359
f 1463 1359 1361
f 1464 1361 1363
f 1465 1363 1365
f 1466 1365 1367
f 1467 1367 1369
f 1468 1369 1371
f 1469 1371 1373
f 1470 1373 1375
f 1471 1375 1377
f 1472 1377 1379
f 1473 1379 1381
f 1474 1381 1383
f 1475 1383 1385
f 1476 1385 1387
f 1477 1387 1389
f 1478 1389 1391
f 1479 1391 1393
f 1480 1393 1395
f 1481 1395 1397
f 1482 1397 1399
f 1483 1399 1401
f 1484 1401 1403
f 1485 1403 1405
f 1486 1405 1407
f 1487 1407 1409
f 1488 1409 1411
f 1489 1411 1413
f 1490 1413 1415
f 1491 1415 1417
f 1492 1417 1419
f 1493 1419 1421
f 1494 1421 1423
f 1495 1423 1425
f 1496 1425 1427
f 1497 1427 1429
f 1498 1429 1431
f 1499 1431 1433
f 1500 1433 1435
f 1501 1435 1437
f 1502 1437 1439
f 1503 1439 1441
f 1504 1441 1443
f 1505 1443 1445
f 1506 1445 1447
f 1507 1447 1449
f 1508 1449 1451
f 1509 1451 1336
f 1510 1452 1453
f 1511 1453 1454
f 1512 1454 1455
f 1513 1455 1456
f 1514 1456 1457
f 1515 1457 1458
f 1516 1458 1459
f 1517 1459 1460
f 1518 1460 1461
f 1519 1461 1462
f 1520 1462 1463
f 1521 1463 1464
f 1522 1464 1465
f 1523 1465 1466
f 1524 1466 1467
f 1525 1467 1468
f 1526 1468 1469
f 1527 1469 1470
f 1528 1470 1471
f 1529 1471 1472
f 1530 1472 1473
f 1531 1473 1474
f 1532 1474 1475
f 1533 1475 1476
f 1534 1476 1477
f 1535 1477 1478
f 1536 1478 1479
f 1537 1479 1480
f 1538 1480 1481
f 1539 1481 1482
f 1540 1482 1483
f 1541 1483 1484
f 1542 1484 1485
f 1543 1485 1486
f 1544 1486 1487
f 1545 1487 1488
f 1546 1488 1489
f 1547 1489 1490
f 1548 1490 1491
f 1549 1491 1492
f 1550 1492 1493
f 1551 1493 1494
f 1552 1494 1495
f 1553 1495 1496
f 1554 1496 1497
f 1555 1497 1498
f 1556 1498 1499
f 1557 1499 1500
f 1558 1500 1501
f 1559 1501 1502
f 1560 1502 1503
f 1561 1503 1504
f 1562 1504 1505
f 1563 1505 1506
f 1564 1506 1507
f 1565 1507 1508
f 1566 1508 1509
f 1567 1509 1452
f 1568 1510 1511
f 1569 1511 1512
f 1570 1512 1513
f 1571 1513 1514
f 1572 1514 1515
f 1573 1515 1516
f 1574 1516 1517
f 1575 1517 1518
f 1576 1518 1519
f 1577 1519 1520
f 1578 1520 1521
f 1579 1521 1522
f 1580 1522 1523
f 1581 1523 1524
f 1582 1524 1525
f 1583 1525 1526
f 1584 1526 1527
f 1585 1527 1528
f 1586 1528 1529
f 1587 1529 1530
f 1588 1530 1531
f 1589 1531 1532
f 1590 1532 1533
f 1591 1533 1534
f 1592 1534 1535
f 1593 1535 1536
f 1594 1536 1537
f 1595 1537 1538
f 1596 1538 1539
f 1597 1539 1540
f 1598 1540 1541
f 1599 1541 1542
f 1600 1542 1543
f 1601 1543 1544
f 1602 1544 1545
f 1603 1545 1546
f 1604 1546 1547
f 1605 1547 1548
f 1606 1548 1549
f 1607 1549 1550
f 1608 1550 1551
f 1609 1551 1552
f 1610 1552 1553
f 1611 1553 1554
f 1612 1554 1555
f 1613 1555 1556
f 1614 1556 1557
f 1615 1557 1558
f 1616 1558 1559
f 1617 1559 1560
f 1618 1560 1561
f 1619 1561 1562
f 1620 1562 1563
f 1621 1563 1564
f 1622 1564 1565
f 1623 1565 1566
f 1624 1566 1567
f 1625 1567 1510
f 1626 1568 1569
f 1627 1569 1570
f 1628 1570 1571
f 1629 1571 1572
f 1630 1572 1573
f 1631 1573 1574
f 1632 1574 1575
f 1633 1575 1576
f 1634 1576 1577
f 1635 1577 1578
f 1636 1578 1579
f 1637 1579 1580
f 1638 1580 1581
f 1639 1581 1582
f 1640 1582 1583
f 1641 1583 1584
f 1642 1584 1585
f 1643 1585 1586
f 1644 1586 1587
f 1645 1587 1588
f 1646 1588 1589
f 1647 1589 1590
f 1648 1590 1591
f 1649 1591 1592
f 1650 1592 1593
f 1651 1593 1594
f 1652 1594 1595
f 1653 1595 1596
f 1654 1596 1597
f 1655 1597 1598
f 1656 1598 1599
f 1657 1599 1600
f 1658 1600 1601
f 1659 1601 1602
f 1660 1602 1603
f 1661 1603 1604
f 1662 1604 1605
f 1663 1605 1606
f 1664 1606 1607
f 1665 1607 1608
f 1666 1608 1609
f 1667 1609 1610
f 1668 1610 1611
f 1669 1611 1612
f 1670 1612 1613
f 1671 1613 1614
f 1672 1614 1615
f 1673 1615 1616
f 1674 1616 1617
f 1675 1617 1618
f 1676 1618 1619
f 1677 1619 1620
f 1678 1620 1621
f 1679 1621 1622
f 1680 1622 1623
f 1681 1623 1624
f 1682 1624 1625
f 1683 1625 1568
f 1684 1626 1627
f 1685 1627 1628
f 1686 1628 1629
f 1687 1629 1630
f 1688 1630 1631
f 1689 1631 1632
f 1690 1632 1633
f 1691 1633 1634
f 1692 1634 1635
f 1693 1635 1636
f 1694 1636 1637
f 1695 1637 1638
f 1696 1638 1639
f 1697 1639 1640
f 1698 1640 1641
f 1699 1641 1642
f 1700 1642 1643
f 1701 1643 1644
f 1702 1644 1645
f 1703 1645 1646
f 1704 1646 1647
f 1705 1647 1648
f 1706 1648 1649
f 1707 1649 1650
f 1708 1650 1651
f 1709 1651 1652
f 1710 1652 1653
f 1711 1653 1654
f 1712 1654 1655
f 1713 1655 1656
f 1714 1656 1657
f 1715 1657 1658
f 1716 1658 1659
f 1717 1659 1660
f 1718 1660 1661
f 1719 1661 1662
f 1720 1662 1663
f 1721 1663 1664
f 1722 1664 1665
f 1723 1665 1666
f 1724 1666 1667
f 1725 1667 1668
f 1726 1668 1669
f 1727 1669 1670
f 1728 1670 1671
f 1729 1671 1672
f 1730 1672 1673
f 1731 1673 1674
f 1732 1674 1675
f 1733 1675 1676
f 1734 1676 1677
f 1735 1677 1678
f 1736 1678 1679
f 1737 1679 1680
f 1738 1680 1681
f 1739 1681 1682
f 1740 1682 1683
f 1741 1683 1626
f 1742 1684 1685
f 1743 1685 1686
f 1744 1686 1687
f 1745 1687 1688
f 1746 1688 1689
f 1747 1689 1690
f 1748 1690 1691
f 1749 1691 1692
f 1750 1692 1693
f 1751 1693 1694
f 1752 1694 1695
f 1753 1695 1696
f 1754 1696 1697
f 1755 1697 1698
f 1756 1698 1699
f 1757 1699 1700
f 1758 1700 1701
f 1759 1701 1702
f 1760 1702 1703
f 1761 1703 1704
f 1762 1704 1705
f 1763 1705 1706
f 1764 1706 1707
f 1765 1707 1708
f 1766 1708 1709
f 1767 1709 1710
f 1768 1710 1711
f 1769 1711 1712
f 1770 1712 1713
f 1771 1713 1714
f 1772 1714 1715
f 1773 1715 1716
f 1774 1716 1717
f 1775 1717 1718
f 1776 1718 1719
f 1777 1719 1720
f 1778 1720 1721
f 1779 1721 1722
f 1780 1722 1723
f 1781 1723 1724
f 1782 1724 1725
f 1783 1725 1726
f 1784 1726 1727
f 1785 1727 1728
f 1786 1728 1729
f 1787 1729 1730
f 1788 1730 1731
f 1789 1731 1732
f 1790 1732 1733
f 1791 1733 1734
f 1792 1734 1735
f 1793 1735 1736
f 1794 1736 1737
f 1795 1737 1738
f 1796 1738 1739
f 1797 1739 1740
f 1798 1740 1741
f 1799 1741 1684
f 1684 1742 1799
f 1741 1799 1798
f 1740 1798 1797
f 1739 1797 1796
f 1738 1796 1795
f 1737 1795 1794
f 1736 1794 1793
f 1735 1793 1792
f 1734 1792 1791
f 1733 1791 1790
f 1732 1790 1789
f 1731 1789 1788
f 1730 1788 1787
f 1729 1787 1786
f 1728 1786 1785
f 1727 1785 1784
f 1726 1784 1783
f 1725 1783 1782
f 1724 1782 1781
f 1723 1781 1780
f 1722 1780 1779
f 1721 1779 1778
f 1720 1778 1777
f 1719 1777 1776
f 1718 1776 1775
f 1717 1775 1774
f 1716 1774 1773
f 1715 1773 1772
f 1714 1772 1771
f 1713 1771 1770
f 1712 1770 1769
f 1711 1769 1768
f 1710 1768 1767
f 1709 1767 1766
f 1708 1766 1765
f 1707 1765 1764
f 1706 1764 1763
f 1705 1763 1762
f 1704 1762 1761
f 1703 1761 1760
f 1702 1760 1759
f 1701 1759 1758
f 1700 1758 1757
f 1699 1757 1756
f 1698 1756 1755
f 1697 1755 1754
f 1696 1754 1753
f 1695 1753 1752
f 1694 1752 1751
f 1693 1751 1750
f 1692 1750 1749
f 1691 1749 1748
f 1690 1748 1747
f 1689 1747 1746
f 1688 1746 1745
f 1687 1745 1744
f 1686 1744 1743
f 1685 1743 1742
f 1626 1684 1741
f 1683 1741 1740
f 1682 1740 1739
f 1681 1739 1738
f 1680 1738 1737
f 1679 1737 1736
f 1678 1736 1735
f 1677 1735 1734
f 1676 1734 1733
f 1675 1733 1732
f 1674 1732 1731
f 1673 1731 1730
f 1672 1730 1729
f 1671 1729 1728
f 1670 1728 1727
f 1669 1727 1726
f 1668 1726 1725
f 1667 1725 1724
f 1666 1724 1723
f 1665 1723 1722
f 1664 1722 1721
f 1663 1721 1720
f 1662 1720 1719
f 1661 1719 1718
f 1660 1718 1717
f 1659 1717 1716
f 1658 1716 1715
f 1657 1715 1714
f 1656 1714 1713
f 1655 1713 1712
f 1654 1712 1711
f 1653 1711 1710
f 1652 1710 1709
f 1651 1709 1708
f 1650 1708 1707
f 1649 1707 1706
f 1648 1706 1705
f 1647 1705 1704
f 1646 1704 1703
f 1645 1703 1702
f 1644 1702 1701
f 1643 1701 1700
f 1642 1700 1699
f 1641 1699 1698
f 1640 1698 1697
f 1639 1697 1696
f 1638 1696 1695
f 1637 1695 1694
f 1636 1694 1693
f 1635 1693 1692
f 1634 1692 1691
f 1633 1691 1690
f 1632 1690 1689
f 1631 1689 1688
f 1630 1688 1687
f 1629 1687 1686
f 1628 1686 1685
f 1627 1685 1684
f 1568 1626 1683
f 1625 1683 1682
f 1624 1682 1681
f 1623 1681 1680
f 1622 1680 1679
f 1621 1679 1678
f 1620 1678 1677
f 1619 1677 1676
f 1618 1676 1675
f 1617 1675 1674
f 1616 1674 1673
f 1615 1673 1672
f 1614 1672 1671
f 1613 1671 1670
f 1612 1670 1669
f 1611 1669 1668
f 1610 1668 1667
f 1609 1667 1666
f 1608 1666 1665
f 1607 1665 1664
f 1606 1664 1663
f 1605 1663 1662
f 1604 1662 1661
f 1603 1661 1660
f 1602 1660 1659
f 1601 1659 1658
f 1600 1658 1657
f 1599 1657 1656
f 1598 1656 1655
f 1597 1655 1654
f 1596 1654 1653
f 1595 1653 1652
f 1594 1652 1651
f 1593 1651 1650
f 1592 1650 1649
f 1591 1649 1648
f 1590 1648 1647
f 1589 1647 1646
f 1588 1646 1645
f 1587 1645 1644
f 1586 1644 1643
f 1585 1643 1642
f 1584 1642 1641
f 1583 1641 1640
f 1582 1640 1639
f 1581 1639 1638
f 1580 1638 1637
f 1579 1637 1636
f 1578 1636 1635
f 1577 1635 1634
f 1576 1634 1633
f 1575 1633 1632
f 1574 1632 1631
f 1573 1631 1630
f 1572 1630 1629
f 1571 1629 1628
f 1570 1628 1627
f 1569 1627 1626
f 1510 1568 1625
f 1567 1625 1624
f 1566 1624 1623
f 1565 1623 1622
f 1564 1622 1621
f 1563 1621 1620
f 1562 1620 1619
f 1561 1619 1618
f 1560 1618 1617
f 1559 1617 1616
f 1558 1616 1615
f 1557 1615 1614
f 1556 1614 1613
f 1555 1613 1612
f 1554 1612 1611
f 1553 1611 1610
f 1552 1610 1609
f 1551 1609 1608
f 1550 1608 1607
f 1549 1607 1606
f 1548 1606 1605
f 1547 1605 1604
f 1546 1604 1603
f 1545 1603 1602
f 1544 1602 1601
f 1543 1601 1600
f 1542 1600 1599
f 1541 1599 1598
f 1540 1598 1597
f 1539 1597 1596
f 1538 1596 1595
f 1537 1595 1594
f 1536 1594 1593
f 1535 1593 1592
f 1534 1592 1591
f 1533 1591 1590
f 1532 1590 1589
f 1531 1589 1588
f 1530 1588 1587
f 1529 1587 1586
f 1528 1586 1585
f 1527 1585 1584
f 1526 1584 1583
f 1525 1583 1582
f 1524 1582 1581
f 1523 1581 1580
f 1522 1580 1579
f 1521 1579 1578
f 1520 1578 1577
f 1519 1577 1576
f 1518 1576 1575
f 1517 1575 1574
f 1516 1574 1573
f 1515 1573 1572
f 1514 1572 1571
f 1513 1571 1570
f 1512 1570 1569
f 1511 1569 1568
f 1452 1510 1567
f 1509 1567 1566
f 1508 1566 1565
f 1507 1565 1564
f 1506 1564 1563
f 1505 1563 1562
f 1504 1562 1561
f 1503 1561 1560
f 1502 1560 1559
f 1501 1559 1558
f 1500 1558 1557
f 1499 1557 1556
f 1498 1556 1555
f 1497 1555 1554
f 1496 1554 1553
f 1495 1553 1552
f 1494 1552 1551
f 1493 1551 1550
f 1492 1550 1549
f 1491 1549 1548
f 1490 1548 1547
f 1489 1547 1546
f 1488 1546 1545
f 1487 1545 1544
f 1486 1544 1543
f 1485 1543 1542
f 1484 1542 1541
f 1483 1541 1540
f 1482 1540 1539
f 1481 1539 1538
f 1480 1538 1537
f 1479 1537 1536
f 1478 1536 1535
f 1477 1535 1534
f 1476 1534 1533
f 1475 1533 1532
f 1474 1532 1531
f 1473 1531 1530
f 1472 1530 1529
f 1471 1529 1528
f 1470 1528 1527
f 1469 1527 1526
f 1468 1526 1525
f 1467 1525 1524
f 1466 1524 1523
f 1465 1523 1522
f 1464 1522 1521
f 1463 1521 1520
f 1462 1520 1519
f 1461 1519 1518
f 1460 1518 1517
f 1459 1517 1516
f 1458 1516 1515
f 1457 1515 1514
f 1456 1514 1513
f 1455 1513 1512
f 1454 1512 1511
f 1453 1511 1510
f 1336 1452 1509
f 1451 1509 1508
f 1449 1508 1507
f 1447 1507 1506
f 1445 1506 1505
f 1443 1505 1504
f 1441 1504 1503
f 1439 1503 1502
f 1437 1502 1501
f 1435 1501 1500
f 1433 1500 1499
f 1431 1499 1498
f 1429 1498 1497
f 1427 1497 1496
f 1425 1496 1495
f 1423 1495 1494
f 1421 1494 1493
f 1419 1493 1492
f 1417 1492 1491
f 1415 1491 1490
f 1413 1490 1489
f 1411 1489 1488
f 1409 1488 1487
f 1407 1487 1486
f 1405 1486 1485
f 1403 1485 1484
f 1401 1484 1483
f 1399 1483 1482
f 1397 1482 1481
f 1395 1481 1480
f 1393 1480 1479
f 1391 1479 1478
f 1389 1478 1477
f 1387 1477 1476
f 1385 1476 1475
f 1383 1475 1474
f 1381 1474 1473
f 1379 1473 1472
f 1377 1472 1471
f 1375 1471 1470
f 1373 1470 1469
f 1371 1469 1468
f 1369 1468 1467
f 1367 1467 1466
f 1365 1466 1465
f 1363 1465 1464
f 1361 1464 1463
f 1359 1463 1462
f 1357 1462 1461
f 1355 1461 1460
f 1353 1460 1459
f 1351 1459 1458
f 1349 1458 1457
f 1347 1457 1456
f 1345 1456 1455
f 1343 1455 1454
f 1341 1454 1453
f 1339 1453 1452
f 1337 1336 1451
f 1450 1451 1449
f 1448 1449 1447
f 1446 1447 1445
f 1444 1445 1443
f 1442 1443 1441
f 1440 1441 1439
f 1438 1439 1437
f 1436 1437 1435
f 1434 1435 1433
f 1432 1433 1431
f 1430 1431 1429
f 1428 1429 1427
f 1426 1427 1425
f 1424 1425 1423
f 1422 1423 1421
f 1420 1421 1419
f 1418 1419 1417
f 1416 1417 1415
f 1414 1415 1413
f 1412 1413 1411
f 1410 1411 1409
f 1408 1409 1407
f 1406 1407 1405
f 1404 1405 1403
f 1402 1403 1401
f 1400 1401 1399
f 1398 1399 1397
f 1396 1397 1395
f 1394 1395 1393
f 1392 1393 1391
f 1390 1391 1389
f 1388 1389 1387
f 1386 1387 1385
f 1384 1385 1383
f 1382 1383 1381
f 1380 1381 1379
f 1378 1379 1377
f 1376 1377 1375
f 1374 1375 1373
f 1372 1373 1371
f 1370 1371 1369
f 1368 1369 1367
f 1366 1367 1365
f 1364 1365 1363
f 1362 1363 1361
f 1360 1361 1359
f 1358 1359 1357
f 1356 1357 1355
f 1354 1355 1353
f 1352 1353 1351
f 1350 1351 1349
f 1348 1349 1347
f 1346 1347 1345
f 1344 1345 1343
f 1342 1343 1341
f 1340 1341 1339
f 1338 1339 1336
f 1800 1801 1802
f 1803 1804 1805
f 1800 1806 1801
f 1804 1807 1808
f 1804 1809 1805
f 1803 1810 1811
f 1807 1812 1813
f 1802 1807 1800
f 1800 1814 1815
f 1804 1816 1817
f 1807 1818 1808
f 1805 1819 1803
f 1803 1820 1810
f 1821 1822 1823
f 1822 1824 1825
f 1813 1826 1807
f 1815 1806 1800
f 1804 1827 1828
f 1808 1816 1804
f 1807 1829 1830
f 1819 1831 1803
f 1803 1832 1820
f 1823 1833 1821
f 1822 1834 1824
f 1826 1835 1807
f 1800 1836 1814
f 1817 1827 1804
f 1830 1837 1807
f 1803 1838 1839
f 1804 1840 1809
f 1804 1841 1842
f 1822 1843 1844
f 1811 1822 1803
f 1803 1845 1846
f 1821 1847 1848
f 1822 1849 1823
f 1825 1850 1822
f 1802 1812 1807
f 1837 1818 1807
f 1831 1838 1803
f 1842 1851 1804
f 1844 1852 1822
f 1846 1832 1803
f 1848 1853 1821
f 1850 1849 1822
f 1800 1854 1855
f 1800 1856 1857
f 1821 1858 1859
f 1828 1841 1804
f 1851 1840 1804
f 1811 1843 1822
f 1833 1847 1821
f 1857 1854 1800
f 1859 1800 1821
f 1821 1860 1861
f 1821 1862 1863
f 1839 1845 1803
f 1853 1862 1821
f 1859 1856 1800
f 1863 1860 1821
f 1852 1834 1822
f 1861 1858 1821
f 1855 1836 1800
f 1835 1829 1807
f 1864 1865 1866
f 1865 1867 1866
f 1866 1868 1864
f 1869 1870 1871
f 1870 1872 1871
f 1871 1873 1869
f 1874 1875 1876
f 1876 1877 1874
f 1876 1878 1877
f 1879 1880 1881
f 1881 1882 1879
f 1881 1883 1882
f 1884 1885 1886
f 1885 1887 1886
f 1886 1888 1884
f 1889 1890 1891
f 1890 1892 1891
f 1891 1893 1889
f 1894 1895 1896
f 1894 1897 1898
f 1894 1899 1895
f 1894 1900 1897
f 1894 1901 1902
f 1894 1903 1904
f 1898 1899 1894
f 1904 1901 1894
f 1902 1900 1894
f 1896 1905 1894
f 1906 1907 1908
f 1909 1910 1911
f 1912 1913 1914
f 1915 1916 1917
f 1918 1919 1920
f 1921 1922 1919
f 1923 1924 1922
f 1925 1926 1924
f 1927 1928 1926
f 1929 1930 1928
f 1931 1932 1930
f 1933 1934 1932
f 1935 1936 1934
f 1917 1936 1937
f 1938 1939 1916
f 1940 1941 1939
f 1942 1943 1941
f 1944 1945 1943
f 1946 1947 1945
f 1948 1949 1947
f 1950 1951 1949
f 1952 1953 1951
f 1954 1955 1953
f 1914 1955 1956
f 1957 1958 1913
f 1959 1960 1958
f 1961 1962 1960
f 1963 1964 1962
f 1965 1966 1964
f 1967 1968 1966
f 1969 1970 1968
f 1971 1972 1970
f 1973 1974 1972
f 1975 1976 1974
f 1977 1978 1976
f 1979 1980 1978
f 1981 1982 1980
f 1983 1984 1982
f 1985 1986 1984
f 1987 1988 1986
f 1989 1990 1988
f 1991 1992 1990
f 1911 1992 1993
f 1994 1995 1910
f 1996 1997 1995
f 1998 1999 1997
f 2000 2001 1999
f 2002 2003 2001
f 2004 2005 2003
f 2006 2007 2005
f 2008 2009 2007
f 2010 2011 2009
f 1908 2011 2012
f 2013 2014 1907
f 2015 2016 2014
f 2017 2018 2016
f 2019 2020 2018
f 2021 2022 2020
f 2023 2024 2022
f 2025 2026 2024
f 2027 2028 2026
f 2029 1920 2028
f 2030 2031 2032
f 2030 2033 2034
f 2030 2035 2031
f 2030 2036 2033
f 2030 2037 2038
f 2034 2035 2030
f 2038 2039 2030
f 2039 2036 2030
f 2030 2040 2041
f 2041 2037 2030
f 2032 2042 2030
f 2043 2044 2045
f 2043 2046 2044
f 2043 2047 2046
f 2043 2048 2049
f 2043 2050 2051
f 2043 2052 2053
f 2049 2047 2043
f 2053 2050 2043
f 2051 2048 2043
f 2045 2054 2043
f 2055 2056 2057
f 2057 2058 2055
f 2055 2059 2056
f 2055 2060 2061
f 2061 2059 2055
f 2055 2062 2063
f 2058 2064 2055
f 2063 2065 2055
f 2065 2060 2055
f 2064 2066 2055
f 2067 2068 2069
f 2067 2070 2071
f 2067 2072 2073
f 2067 2074 2075
f 2069 2076 2067
f 2067 2077 2070
f 2073 2078 2067
f 2076 2074 2067
f 2078 2077 2067
f 2071 2068 2067
f 2075 2079 2067
f 2080 2081 2082
f 2080 2083 2081
f 2080 2084 2085
f 2080 2086 2087
f 2080 2088 2083
f 2087 2084 2080
f 2085 2088 2080
f 2080 2089 2086
f 2080 2090 2089
f 2082 2091 2080
