v 0.00655625015 -0.153246403 4.44272023e-17
v 0.00714374986 -0.153246403 6.38912915e-17
v 0.00714374986 -0.153108433 0.00254483102
v 0.00655625015 -0.153108433 0.00254483102
v 0.00714374986 -0.152696118 0.00505982619
v 0.00655625015 -0.152696118 0.00505982619
v 0.00714374986 -0.1520143 0.00751549983
v 0.00655625015 -0.1520143 0.00751549983
v 0.00714374986 -0.151070982 0.00988306105
v 0.00655625015 -0.151070982 0.00988306105
v 0.00714374986 -0.149877205 0.0121347522
v 0.00655625015 -0.149877205 0.0121347522
v 0.00714374986 -0.148446992 0.0142441746
v 0.00655625015 -0.148446992 0.0142441746
v 0.00714374986 -0.146797076 0.0161865968
v 0.00655625015 -0.146797076 0.0161865968
v 0.00714374986 -0.144946828 0.0179392453
v 0.00655625015 -0.144946828 0.0179392453
v 0.00714374986 -0.142917931 0.0194815733
v 0.00655625015 -0.142917931 0.0194815733
v 0.00714374986 -0.140734166 0.020795498
v 0.00655625015 -0.140734166 0.020795498
v 0.00714374986 -0.138421148 0.0218656156
v 0.00655625015 -0.138421148 0.0218656156
v 0.00714374986 -0.136005998 0.0226793773
v 0.00655625015 -0.136005998 0.0226793773
v 0.00714374986 -0.133517012 0.0232272428
v 0.00655625015 -0.133517012 0.0232272428
v 0.00714374986 -0.130983382 0.0235027932
v 0.00655625015 -0.130983382 0.0235027932
v 0.00714374986 -0.128434807 0.0235027932
v 0.00655625015 -0.128434807 0.0235027932
v 0.00714374986 -0.125901178 0.0232272428
v 0.00655625015 -0.125901178 0.0232272428
v 0.00714374986 -0.123412199 0.0226793773
v 0.00655625015 -0.123412199 0.0226793773
v 0.00714374986 -0.120997034 0.0218656156
v 0.00655625015 -0.120997034 0.0218656156
v 0.00714374986 -0.118684016 0.020795498
v 0.00655625015 -0.118684016 0.020795498
v 0.00714374986 -0.116500258 0.0194815733
v 0.00655625015 -0.116500258 0.0194815733
v 0.00714374986 -0.114471361 0.0179392453
v 0.00655625015 -0.114471361 0.0179392453
v 0.00714374986 -0.112621114 0.0161865968
v 0.00655625015 -0.112621114 0.0161865968
v 0.00714374986 -0.110971205 0.0142441746
v 0.00655625015 -0.110971205 0.0142441746
v 0.00714374986 -0.109540977 0.0121347522
v 0.00655625015 -0.109540977 0.0121347522
v 0.00714374986 -0.108347207 0.00988306105
v 0.00655625015 -0.108347207 0.00988306105
v 0.00714374986 -0.107403889 0.00751549983
v 0.00655625015 -0.107403889 0.00751549983
v 0.00714374986 -0.106722072 0.00505982619
v 0.00655625015 -0.106722072 0.00505982619
v 0.00714374986 -0.106309757 0.00254483102
v 0.00655625015 -0.106309757 0.00254483102
v 0.00714374986 -0.106171779 7.25387568e-17
v 0.00655625015 -0.106171779 6.24500451e-17
v 0.00714374986 -0.106309757 -0.00254483102
v 0.00655625015 -0.106309757 -0.00254483102
v 0.00714374986 -0.106722072 -0.00505982619
v 0.00655625015 -0.106722072 -0.00505982619
v 0.00714374986 -0.107403889 -0.00751549983
v 0.00655625015 -0.107403889 -0.00751549983
v 0.00714374986 -0.108347207 -0.00988306105
v 0.00655625015 -0.108347207 -0.00988306105
v 0.00714374986 -0.109540977 -0.0121347522
v 0.00655625015 -0.109540977 -0.0121347522
v 0.00714374986 -0.110971205 -0.0142441746
v 0.00655625015 -0.110971205 -0.0142441746
v 0.00714374986 -0.112621114 -0.0161865968
v 0.00655625015 -0.112621114 -0.0161865968
v 0.00714374986 -0.114471361 -0.0179392453
v 0.00655625015 -0.114471361 -0.0179392453
v 0.00714374986 -0.116500258 -0.0194815733
v 0.00655625015 -0.116500258 -0.0194815733
v 0.00714374986 -0.118684016 -0.020795498
v 0.00655625015 -0.118684016 -0.020795498
v 0.00714374986 -0.120997034 -0.0218656156
v 0.00655625015 -0.120997034 -0.0218656156
v 0.00714374986 -0.123412199 -0.0226793773
v 0.00655625015 -0.123412199 -0.0226793773
v 0.00714374986 -0.125901178 -0.0232272428
v 0.00655625015 -0.125901178 -0.0232272428
v 0.00714374986 -0.128434807 -0.0235027932
v 0.00655625015 -0.128434807 -0.0235027932
v 0.00714374986 -0.130983382 -0.0235027932
v 0.00655625015 -0.130983382 -0.0235027932
v 0.00714374986 -0.133517012 -0.0232272428
v 0.00655625015 -0.133517012 -0.0232272428
v 0.00714374986 -0.136005998 -0.0226793773
v 0.00655625015 -0.136005998 -0.0226793773
v 0.00714374986 -0.138421148 -0.0218656156
v 0.00655625015 -0.138421148 -0.0218656156
v 0.00714374986 -0.140734166 -0.020795498
v 0.00655625015 -0.140734166 -0.020795498
v 0.00714374986 -0.142917931 -0.0194815733
v 0.00655625015 -0.142917931 -0.0194815733
v 0.00714374986 -0.144946828 -0.0179392453
v 0.00655625015 -0.144946828 -0.0179392453
v 0.00714374986 -0.146797076 -0.0161865968
v 0.00655625015 -0.146797076 -0.0161865968
v 0.00714374986 -0.148446992 -0.0142441746
v 0.00655625015 -0.148446992 -0.0142441746
v 0.00714374986 -0.149877205 -0.0121347522
v 0.00655625015 -0.149877205 -0.0121347522
v 0.00714374986 -0.151070982 -0.00988306105
v 0.00655625015 -0.151070982 -0.00988306105
v 0.00714374986 -0.1520143 -0.00751549983
v 0.00655625015 -0.1520143 -0.00751549983
v 0.00714374986 -0.152696118 -0.00505982619
v 0.00655625015 -0.152696118 -0.00505982619
v 0.00714374986 -0.153108433 -0.00254483102
v 0.00655625015 -0.153108433 -0.00254483102
v 0.00714374986 -0.11780531 0.00429402245
v 0.00714374986 -0.117667072 0.00425564032
v 0.00714374986 -0.112621114 0.0161865968
v 0.00714374986 -0.117946886 0.00431723287
v 0.00714374986 -0.114471361 0.0179392453
v 0.00714374986 -0.118090145 0.0043250001
v 0.00714374986 -0.116500258 0.0194815733
v 0.00714374986 -0.118233405 0.00431723287
v 0.00714374986 -0.118684016 0.020795498
v 0.00714374986 -0.117533788 0.00420253724
v 0.00714374986 -0.117407039 0.0041353358
v 0.00714374986 -0.110971205 0.0142441746
v 0.00714374986 -0.120997034 0.0218656156
v 0.00714374986 -0.118374981 0.00429402245
v 0.00714374986 -0.118513219 0.00425564032
v 0.00714374986 -0.123412199 0.0226793773
v 0.00714374986 -0.125901178 0.0232272428
v 0.00714374986 -0.118646495 0.00420253724
v 0.00714374986 -0.118773252 0.0041353358
v 0.00714374986 -0.128434807 0.0235027932
v 0.00714374986 -0.153108433 -0.00254483102
v 0.00714374986 -0.141612872 -0.00170597772
v 0.00714374986 -0.141471297 -0.00168276718
v 0.00714374986 -0.117667072 0.0017443595
v 0.00714374986 -0.112621114 -0.0161865968
v 0.00714374986 -0.110971205 -0.0142441746
v 0.00714374986 -0.117533788 0.00179746258
v 0.00714374986 -0.109540977 -0.0121347522
v 0.00714374986 -0.117407039 0.00186466426
v 0.00714374986 -0.108347207 -0.00988306105
v 0.00714374986 -0.117288291 0.00194517674
v 0.00714374986 -0.107403889 -0.00751549983
v 0.00714374986 -0.130983382 0.0235027932
v 0.00714374986 -0.118891999 0.00405482342
v 0.00714374986 -0.119001344 0.00396194402
v 0.00714374986 -0.133517012 0.0232272428
v 0.00714374986 -0.131051183 -0.000145960672
v 0.00714374986 -0.141328037 -0.00167499995
v 0.00714374986 -0.141184792 -0.00168276718
v 0.00714374986 -0.141751125 -0.0017443595
v 0.00714374986 -0.117178939 0.00203805603
v 0.00714374986 -0.109540977 0.0121347522
v 0.00714374986 -0.117178939 0.00396194402
v 0.00714374986 -0.117080279 0.00385778677
v 0.00714374986 -0.117288291 0.00405482342
v 0.00714374986 -0.136005998 0.0226793773
v 0.00714374986 -0.119413197 0.00307173398
v 0.00714374986 -0.1520143 0.00751549983
v 0.00714374986 -0.129927501 0.00133221585
v 0.00714374986 -0.141043201 -0.00170597772
v 0.00714374986 -0.118090145 0.00167499995
v 0.00714374986 -0.118684016 -0.020795498
v 0.00714374986 -0.116500258 -0.0194815733
v 0.00714374986 -0.117946886 0.00168276718
v 0.00714374986 -0.114471361 -0.0179392453
v 0.00714374986 -0.11780531 0.00170597772
v 0.00714374986 -0.108347207 0.00988306105
v 0.00714374986 -0.116993457 0.00374357286
v 0.00714374986 -0.116919488 0.00362064107
v 0.00714374986 -0.119100012 0.00385778677
v 0.00714374986 -0.119321041 0.0034904331
v 0.00714374986 -0.119260795 0.00362064107
v 0.00714374986 -0.144946828 0.0179392453
v 0.00714374986 -0.119413197 0.00292826584
v 0.00714374986 -0.140904963 -0.0017443595
v 0.00714374986 -0.140771687 -0.00179746258
v 0.00714374986 -0.116993457 0.00225642719
v 0.00714374986 -0.106722072 -0.00505982619
v 0.00714374986 -0.106309757 -0.00254483102
v 0.00714374986 -0.107403889 0.00751549983
v 0.00714374986 -0.138421148 0.0218656156
v 0.00714374986 -0.119186834 0.00374357286
v 0.00714374986 -0.142917931 0.0194815733
v 0.00714374986 -0.146797076 0.0161865968
v 0.00714374986 -0.119397692 0.00278563891
v 0.00714374986 -0.130208775 0.00125411863
v 0.00714374986 -0.130070254 0.00130079244
v 0.00714374986 -0.129782185 0.00134802016
v 0.00714374986 -0.129636005 0.00134802016
v 0.00714374986 -0.142011151 -0.00186466426
v 0.00714374986 -0.141884401 -0.00179746258
v 0.00714374986 -0.117080279 0.00214221328
v 0.00714374986 -0.11685925 0.00250956696
v 0.00714374986 -0.116919488 0.00237935875
v 0.00714374986 -0.140734166 0.020795498
v 0.00714374986 -0.148446992 0.0142441746
v 0.00714374986 -0.119397692 0.00321436115
v 0.00714374986 -0.119366847 0.00335447513
v 0.00714374986 -0.149877205 0.0121347522
v 0.00714374986 -0.1304667 0.0011173801
v 0.00714374986 -0.13034144 0.00119274121
v 0.00714374986 -0.129490688 0.00133221585
v 0.00714374986 -0.129347935 0.00130079244
v 0.00714374986 -0.128367007 0.000145960672
v 0.00714374986 -0.118646495 0.00179746258
v 0.00714374986 -0.118773252 0.00186466426
v 0.00714374986 -0.142239243 -0.00203805603
v 0.00714374986 -0.142129898 -0.00194517674
v 0.00714374986 -0.125901178 -0.0232272428
v 0.00714374986 -0.129490688 -0.00133221585
v 0.00714374986 -0.129636005 -0.00134802016
v 0.00714374986 -0.123412199 -0.0226793773
v 0.00714374986 -0.129347935 -0.00130079244
v 0.00714374986 -0.106171779 7.25387568e-17
v 0.00714374986 -0.106309757 0.00254483102
v 0.00714374986 -0.116767086 0.00292826584
v 0.00714374986 -0.116782598 0.00278563891
v 0.00714374986 -0.151070982 0.00988306105
v 0.00714374986 -0.128835127 0.00102891878
v 0.00714374986 -0.128729001 0.000928394264
v 0.00714374986 -0.129209414 0.00125411863
v 0.00714374986 -0.129076749 0.00119274121
v 0.00714374986 -0.118513219 0.0017443595
v 0.00714374986 -0.140644938 -0.00186466426
v 0.00714374986 -0.14052619 -0.00194517674
v 0.00714374986 -0.120997034 -0.0218656156
v 0.00714374986 -0.129209414 -0.00125411863
v 0.00714374986 -0.129076749 -0.00119274121
v 0.00714374986 -0.116813444 0.00264552492
v 0.00714374986 -0.116767086 0.00307173398
v 0.00714374986 -0.106722072 0.00505982619
v 0.00714374986 -0.116782598 0.00321436115
v 0.00714374986 -0.11685925 0.0034904331
v 0.00714374986 -0.116813444 0.00335447513
v 0.00714374986 -0.130583063 0.00102891878
v 0.00714374986 -0.130783826 0.000816985208
v 0.00714374986 -0.130689189 0.000928394264
v 0.00714374986 -0.130934328 0.0005668503
v 0.00714374986 -0.130865857 0.000695997733
v 0.00714374986 -0.128429756 0.000431057066
v 0.00714374986 -0.128390655 0.000290210097
v 0.00714374986 -0.119366847 0.00264552492
v 0.00714374986 -0.128634363 0.000816985208
v 0.00714374986 -0.128552333 0.000695997733
v 0.00714374986 -0.12895149 0.0011173801
v 0.00714374986 -0.118374981 0.00170597772
v 0.00714374986 -0.118233405 0.00168276718
v 0.00714374986 -0.141043201 -0.00429402245
v 0.00714374986 -0.141184792 -0.00431723287
v 0.00714374986 -0.138421148 -0.0218656156
v 0.00714374986 -0.140904963 -0.00425564032
v 0.00714374986 -0.136005998 -0.0226793773
v 0.00714374986 -0.140771687 -0.00420253724
v 0.00714374986 -0.133517012 -0.0232272428
v 0.00714374986 -0.140644938 -0.0041353358
v 0.00714374986 -0.130983382 -0.0235027932
v 0.00714374986 -0.140051335 -0.00335447513
v 0.00714374986 -0.129927501 -0.00133221585
v 0.00714374986 -0.130070254 -0.00130079244
v 0.00714374986 -0.129782185 -0.00134802016
v 0.00714374986 -0.142129898 -0.00405482342
v 0.00714374986 -0.142239243 -0.00396194402
v 0.00714374986 -0.149877205 -0.0121347522
v 0.00714374986 -0.141884401 -0.00420253724
v 0.00714374986 -0.142011151 -0.0041353358
v 0.00714374986 -0.148446992 -0.0142441746
v 0.00714374986 -0.141612872 -0.00429402245
v 0.00714374986 -0.141751125 -0.00425564032
v 0.00714374986 -0.146797076 -0.0161865968
v 0.00714374986 -0.141471297 -0.00431723287
v 0.00714374986 -0.144946828 -0.0179392453
v 0.00714374986 -0.12895149 -0.0011173801
v 0.00714374986 -0.128729001 -0.000928394264
v 0.00714374986 -0.128835127 -0.00102891878
v 0.00714374986 -0.128483862 -0.0005668503
v 0.00714374986 -0.130988419 0.000431057066
v 0.00714374986 -0.152696118 0.00505982619
v 0.00714374986 -0.131027535 0.000290210097
v 0.00714374986 -0.153108433 0.00254483102
v 0.00714374986 -0.131051183 0.000145960672
v 0.00714374986 -0.119321041 0.00250956696
v 0.00714374986 -0.128483862 0.0005668503
v 0.00714374986 -0.119186834 0.00225642719
v 0.00714374986 -0.119260795 0.00237935875
v 0.00714374986 -0.118891999 0.00194517674
v 0.00714374986 -0.119001344 0.00203805603
v 0.00714374986 -0.141328037 -0.0043250001
v 0.00714374986 -0.140734166 -0.020795498
v 0.00714374986 -0.128434807 -0.0235027932
v 0.00714374986 -0.140416846 -0.00396194402
v 0.00714374986 -0.14052619 -0.00405482342
v 0.00714374986 -0.130988419 -0.000431057066
v 0.00714374986 -0.140004992 -0.00292826584
v 0.00714374986 -0.140004992 -0.00307173398
v 0.00714374986 -0.131027535 -0.000290210097
v 0.00714374986 -0.140051335 -0.00264552492
v 0.00714374986 -0.130583063 -0.00102891878
v 0.00714374986 -0.130689189 -0.000928394264
v 0.00714374986 -0.130208775 -0.00125411863
v 0.00714374986 -0.13034144 -0.00119274121
v 0.00714374986 -0.140157387 -0.00237935875
v 0.00714374986 -0.140097156 -0.00250956696
v 0.00714374986 -0.140318185 -0.00214221328
v 0.00714374986 -0.140231356 -0.00225642719
v 0.00714374986 -0.142337903 -0.00214221328
v 0.00714374986 -0.142651096 -0.00307173398
v 0.00714374986 -0.142651096 -0.00292826584
v 0.00714374986 -0.152696118 -0.00505982619
v 0.00714374986 -0.142635584 -0.00321436115
v 0.00714374986 -0.142917931 -0.0194815733
v 0.00714374986 -0.128634363 -0.000816985208
v 0.00714374986 -0.128552333 -0.000695997733
v 0.00714374986 -0.119100012 0.00214221328
v 0.00714374986 -0.140097156 -0.0034904331
v 0.00714374986 -0.140020505 -0.00278563891
v 0.00714374986 -0.130783826 -0.000816985208
v 0.00714374986 -0.130865857 -0.000695997733
v 0.00714374986 -0.1304667 -0.0011173801
v 0.00714374986 -0.140416846 -0.00203805603
v 0.00714374986 -0.142498702 -0.00237935875
v 0.00714374986 -0.142424732 -0.00225642719
v 0.00714374986 -0.142604753 -0.00264552492
v 0.00714374986 -0.142558932 -0.00250956696
v 0.00714374986 -0.1520143 -0.00751549983
v 0.00714374986 -0.142558932 -0.0034904331
v 0.00714374986 -0.142604753 -0.00335447513
v 0.00714374986 -0.151070982 -0.00988306105
v 0.00714374986 -0.142424732 -0.00374357286
v 0.00714374986 -0.142498702 -0.00362064107
v 0.00714374986 -0.128429756 -0.000431057066
v 0.00714374986 -0.140157387 -0.00362064107
v 0.00714374986 -0.140231356 -0.00374357286
v 0.00714374986 -0.130934328 -0.0005668503
v 0.00714374986 -0.142337903 -0.00385778677
v 0.00714374986 -0.128367007 -0.000145960672
v 0.00714374986 -0.128390655 -0.000290210097
v 0.00714374986 -0.153246403 6.38912915e-17
v 0.00714374986 -0.131059095 6.26153754e-17
v 0.00714374986 -0.140318185 -0.00385778677
v 0.00714374986 -0.140020505 -0.00321436115
v 0.00714374986 -0.142635584 -0.00278563891
v 0.00714374986 -0.128359094 6.21193913e-17
v 0.00714374986 -0.128367007 -0.000145960672
v 0.00714374986 -0.128359094 6.21193913e-17
v -0.00714374986 -0.128359094 6.24500451e-17
v 0.00714374986 -0.128390655 -0.000290210097
v -0.00714374986 -0.128367007 -0.000145960672
v 0.00714374986 -0.128429756 -0.000431057066
v -0.00714374986 -0.128390655 -0.000290210097
v 0.00714374986 -0.128483862 -0.0005668503
v -0.00714374986 -0.128429756 -0.000431057066
v 0.00714374986 -0.128552333 -0.000695997733
v -0.00714374986 -0.128483862 -0.0005668503
v 0.00714374986 -0.128634363 -0.000816985208
v -0.00714374986 -0.128552333 -0.000695997733
v 0.00714374986 -0.128729001 -0.000928394264
v -0.00714374986 -0.128634363 -0.000816985208
v 0.00714374986 -0.128835127 -0.00102891878
v -0.00714374986 -0.128729001 -0.000928394264
v 0.00714374986 -0.12895149 -0.0011173801
v -0.00714374986 -0.128835127 -0.00102891878
v 0.00714374986 -0.129076749 -0.00119274121
v -0.00714374986 -0.12895149 -0.0011173801
v 0.00714374986 -0.129209414 -0.00125411863
v -0.00714374986 -0.129076749 -0.00119274121
v 0.00714374986 -0.129347935 -0.00130079244
v -0.00714374986 -0.129209414 -0.00125411863
v 0.00714374986 -0.129490688 -0.00133221585
v -0.00714374986 -0.129347935 -0.00130079244
v 0.00714374986 -0.129636005 -0.00134802016
v -0.00714374986 -0.129490688 -0.00133221585
v 0.00714374986 -0.129782185 -0.00134802016
v -0.00714374986 -0.129636005 -0.00134802016
v 0.00714374986 -0.129927501 -0.00133221585
v -0.00714374986 -0.129782185 -0.00134802016
v 0.00714374986 -0.130070254 -0.00130079244
v -0.00714374986 -0.129927501 -0.00133221585
v 0.00714374986 -0.130208775 -0.00125411863
v -0.00714374986 -0.130070254 -0.00130079244
v 0.00714374986 -0.13034144 -0.00119274121
v -0.00714374986 -0.130208775 -0.00125411863
v 0.00714374986 -0.1304667 -0.0011173801
v -0.00714374986 -0.13034144 -0.00119274121
v 0.00714374986 -0.130583063 -0.00102891878
v -0.00714374986 -0.1304667 -0.0011173801
v 0.00714374986 -0.130689189 -0.000928394264
v -0.00714374986 -0.130583063 -0.00102891878
v 0.00714374986 -0.130783826 -0.000816985208
v -0.00714374986 -0.130689189 -0.000928394264
v 0.00714374986 -0.130865857 -0.000695997733
v -0.00714374986 -0.130783826 -0.000816985208
v 0.00714374986 -0.130934328 -0.0005668503
v -0.00714374986 -0.130865857 -0.000695997733
v 0.00714374986 -0.130988419 -0.000431057066
v -0.00714374986 -0.130934328 -0.0005668503
v 0.00714374986 -0.131027535 -0.000290210097
v -0.00714374986 -0.130988419 -0.000431057066
v 0.00714374986 -0.131051183 -0.000145960672
v -0.00714374986 -0.131027535 -0.000290210097
v 0.00714374986 -0.131059095 6.26153754e-17
v -0.00714374986 -0.131051183 -0.000145960672
v 0.00714374986 -0.131051183 0.000145960672
v -0.00714374986 -0.131059095 6.26153754e-17
v 0.00714374986 -0.131027535 0.000290210097
v -0.00714374986 -0.131051183 0.000145960672
v 0.00714374986 -0.130988419 0.000431057066
v -0.00714374986 -0.131027535 0.000290210097
v 0.00714374986 -0.130934328 0.0005668503
v -0.00714374986 -0.130988419 0.000431057066
v 0.00714374986 -0.130865857 0.000695997733
v -0.00714374986 -0.130934328 0.0005668503
v 0.00714374986 -0.130783826 0.000816985208
v -0.00714374986 -0.130865857 0.000695997733
v 0.00714374986 -0.130689189 0.000928394264
v -0.00714374986 -0.130783826 0.000816985208
v 0.00714374986 -0.130583063 0.00102891878
v -0.00714374986 -0.130689189 0.000928394264
v 0.00714374986 -0.1304667 0.0011173801
v -0.00714374986 -0.130583063 0.00102891878
v 0.00714374986 -0.13034144 0.00119274121
v -0.00714374986 -0.1304667 0.0011173801
v 0.00714374986 -0.130208775 0.00125411863
v -0.00714374986 -0.13034144 0.00119274121
v 0.00714374986 -0.130070254 0.00130079244
v -0.00714374986 -0.130208775 0.00125411863
v 0.00714374986 -0.129927501 0.00133221585
v -0.00714374986 -0.130070254 0.00130079244
v 0.00714374986 -0.129782185 0.00134802016
v -0.00714374986 -0.129927501 0.00133221585
v 0.00714374986 -0.129636005 0.00134802016
v -0.00714374986 -0.129782185 0.00134802016
v 0.00714374986 -0.129490688 0.00133221585
v -0.00714374986 -0.129636005 0.00134802016
v 0.00714374986 -0.129347935 0.00130079244
v -0.00714374986 -0.129490688 0.00133221585
v 0.00714374986 -0.129209414 0.00125411863
v -0.00714374986 -0.129347935 0.00130079244
v 0.00714374986 -0.129076749 0.00119274121
v -0.00714374986 -0.129209414 0.00125411863
v 0.00714374986 -0.12895149 0.0011173801
v -0.00714374986 -0.129076749 0.00119274121
v 0.00714374986 -0.128835127 0.00102891878
v -0.00714374986 -0.12895149 0.0011173801
v 0.00714374986 -0.128729001 0.000928394264
v -0.00714374986 -0.128835127 0.00102891878
v 0.00714374986 -0.128634363 0.000816985208
v -0.00714374986 -0.128729001 0.000928394264
v 0.00714374986 -0.128552333 0.000695997733
v -0.00714374986 -0.128634363 0.000816985208
v 0.00714374986 -0.128483862 0.0005668503
v -0.00714374986 -0.128552333 0.000695997733
v 0.00714374986 -0.128429756 0.000431057066
v -0.00714374986 -0.128483862 0.0005668503
v 0.00714374986 -0.128390655 0.000290210097
v -0.00714374986 -0.128429756 0.000431057066
v 0.00714374986 -0.128367007 0.000145960672
v -0.00714374986 -0.128390655 0.000290210097
v -0.00714374986 -0.128367007 0.000145960672
v -0.00714374986 -0.141471297 -0.00168276718
v -0.00714374986 -0.141328037 -0.00167499995
v 0.00714374986 -0.141328037 -0.00167499995
v -0.00714374986 -0.141612872 -0.00170597772
v 0.00714374986 -0.141471297 -0.00168276718
v -0.00714374986 -0.141751125 -0.0017443595
v 0.00714374986 -0.141612872 -0.00170597772
v -0.00714374986 -0.141884401 -0.00179746258
v 0.00714374986 -0.141751125 -0.0017443595
v -0.00714374986 -0.142011151 -0.00186466426
v 0.00714374986 -0.141884401 -0.00179746258
v -0.00714374986 -0.142129898 -0.00194517674
v 0.00714374986 -0.142011151 -0.00186466426
v -0.00714374986 -0.142239243 -0.00203805603
v 0.00714374986 -0.142129898 -0.00194517674
v -0.00714374986 -0.142337903 -0.00214221328
v 0.00714374986 -0.142239243 -0.00203805603
v -0.00714374986 -0.142424732 -0.00225642719
v 0.00714374986 -0.142337903 -0.00214221328
v -0.00714374986 -0.142498702 -0.00237935875
v 0.00714374986 -0.142424732 -0.00225642719
v -0.00714374986 -0.142558932 -0.00250956696
v 0.00714374986 -0.142498702 -0.00237935875
v -0.00714374986 -0.142604753 -0.00264552492
v 0.00714374986 -0.142558932 -0.00250956696
v -0.00714374986 -0.142635584 -0.00278563891
v 0.00714374986 -0.142604753 -0.00264552492
v -0.00714374986 -0.142651096 -0.00292826584
v 0.00714374986 -0.142635584 -0.00278563891
v -0.00714374986 -0.142651096 -0.00307173398
v 0.00714374986 -0.142651096 -0.00292826584
v -0.00714374986 -0.142635584 -0.00321436115
v 0.00714374986 -0.142651096 -0.00307173398
v -0.00714374986 -0.142604753 -0.00335447513
v 0.00714374986 -0.142635584 -0.00321436115
v -0.00714374986 -0.142558932 -0.0034904331
v 0.00714374986 -0.142604753 -0.00335447513
v -0.00714374986 -0.142498702 -0.00362064107
v 0.00714374986 -0.142558932 -0.0034904331
v -0.00714374986 -0.142424732 -0.00374357286
v 0.00714374986 -0.142498702 -0.00362064107
v -0.00714374986 -0.142337903 -0.00385778677
v 0.00714374986 -0.142424732 -0.00374357286
v -0.00714374986 -0.142239243 -0.00396194402
v 0.00714374986 -0.142337903 -0.00385778677
v -0.00714374986 -0.142129898 -0.00405482342
v 0.00714374986 -0.142239243 -0.00396194402
v -0.00714374986 -0.142011151 -0.0041353358
v 0.00714374986 -0.142129898 -0.00405482342
v -0.00714374986 -0.141884401 -0.00420253724
v 0.00714374986 -0.142011151 -0.0041353358
v -0.00714374986 -0.141751125 -0.00425564032
v 0.00714374986 -0.141884401 -0.00420253724
v -0.00714374986 -0.141612872 -0.00429402245
v 0.00714374986 -0.141751125 -0.00425564032
v -0.00714374986 -0.141471297 -0.00431723287
v 0.00714374986 -0.141612872 -0.00429402245
v -0.00714374986 -0.141328037 -0.0043250001
v 0.00714374986 -0.141471297 -0.00431723287
v -0.00714374986 -0.141184792 -0.00431723287
v 0.00714374986 -0.141328037 -0.0043250001
v -0.00714374986 -0.141043201 -0.00429402245
v 0.00714374986 -0.141184792 -0.00431723287
v -0.00714374986 -0.140904963 -0.00425564032
v 0.00714374986 -0.141043201 -0.00429402245
v -0.00714374986 -0.140771687 -0.00420253724
v 0.00714374986 -0.140904963 -0.00425564032
v -0.00714374986 -0.140644938 -0.0041353358
v 0.00714374986 -0.140771687 -0.00420253724
v -0.00714374986 -0.14052619 -0.00405482342
v 0.00714374986 -0.140644938 -0.0041353358
v -0.00714374986 -0.140416846 -0.00396194402
v 0.00714374986 -0.14052619 -0.00405482342
v -0.00714374986 -0.140318185 -0.00385778677
v 0.00714374986 -0.140416846 -0.00396194402
v -0.00714374986 -0.140231356 -0.00374357286
v 0.00714374986 -0.140318185 -0.00385778677
v -0.00714374986 -0.140157387 -0.00362064107
v 0.00714374986 -0.140231356 -0.00374357286
v -0.00714374986 -0.140097156 -0.0034904331
v 0.00714374986 -0.140157387 -0.00362064107
v -0.00714374986 -0.140051335 -0.00335447513
v 0.00714374986 -0.140097156 -0.0034904331
v -0.00714374986 -0.140020505 -0.00321436115
v 0.00714374986 -0.140051335 -0.00335447513
v -0.00714374986 -0.140004992 -0.00307173398
v 0.00714374986 -0.140020505 -0.00321436115
v -0.00714374986 -0.140004992 -0.00292826584
v 0.00714374986 -0.140004992 -0.00307173398
v -0.00714374986 -0.140020505 -0.00278563891
v 0.00714374986 -0.140004992 -0.00292826584
v -0.00714374986 -0.140051335 -0.00264552492
v 0.00714374986 -0.140020505 -0.00278563891
v -0.00714374986 -0.140097156 -0.00250956696
v 0.00714374986 -0.140051335 -0.00264552492
v -0.00714374986 -0.140157387 -0.00237935875
v 0.00714374986 -0.140097156 -0.00250956696
v -0.00714374986 -0.140231356 -0.00225642719
v 0.00714374986 -0.140157387 -0.00237935875
v -0.00714374986 -0.140318185 -0.00214221328
v 0.00714374986 -0.140231356 -0.00225642719
v -0.00714374986 -0.140416846 -0.00203805603
v 0.00714374986 -0.140318185 -0.00214221328
v -0.00714374986 -0.14052619 -0.00194517674
v 0.00714374986 -0.140416846 -0.00203805603
v -0.00714374986 -0.140644938 -0.00186466426
v 0.00714374986 -0.14052619 -0.00194517674
v -0.00714374986 -0.140771687 -0.00179746258
v 0.00714374986 -0.140644938 -0.00186466426
v -0.00714374986 -0.140904963 -0.0017443595
v 0.00714374986 -0.140771687 -0.00179746258
v -0.00714374986 -0.141043201 -0.00170597772
v 0.00714374986 -0.140904963 -0.0017443595
v -0.00714374986 -0.141184792 -0.00168276718
v 0.00714374986 -0.141043201 -0.00170597772
v 0.00714374986 -0.141184792 -0.00168276718
v -0.00714374986 -0.118233405 0.00431723287
v -0.00714374986 -0.118090145 0.0043250001
v 0.00714374986 -0.118090145 0.0043250001
v -0.00714374986 -0.118374981 0.00429402245
v 0.00714374986 -0.118233405 0.00431723287
v -0.00714374986 -0.118513219 0.00425564032
v 0.00714374986 -0.118374981 0.00429402245
v -0.00714374986 -0.118646495 0.00420253724
v 0.00714374986 -0.118513219 0.00425564032
v -0.00714374986 -0.118773252 0.0041353358
v 0.00714374986 -0.118646495 0.00420253724
v -0.00714374986 -0.118891999 0.00405482342
v 0.00714374986 -0.118773252 0.0041353358
v -0.00714374986 -0.119001344 0.00396194402
v 0.00714374986 -0.118891999 0.00405482342
v -0.00714374986 -0.119100012 0.00385778677
v 0.00714374986 -0.119001344 0.00396194402
v -0.00714374986 -0.119186834 0.00374357286
v 0.00714374986 -0.119100012 0.00385778677
v -0.00714374986 -0.119260795 0.00362064107
v 0.00714374986 -0.119186834 0.00374357286
v -0.00714374986 -0.119321041 0.0034904331
v 0.00714374986 -0.119260795 0.00362064107
v -0.00714374986 -0.119366847 0.00335447513
v 0.00714374986 -0.119321041 0.0034904331
v -0.00714374986 -0.119397692 0.00321436115
v 0.00714374986 -0.119366847 0.00335447513
v -0.00714374986 -0.119413197 0.00307173398
v 0.00714374986 -0.119397692 0.00321436115
v -0.00714374986 -0.119413197 0.00292826584
v 0.00714374986 -0.119413197 0.00307173398
v -0.00714374986 -0.119397692 0.00278563891
v 0.00714374986 -0.119413197 0.00292826584
v -0.00714374986 -0.119366847 0.00264552492
v 0.00714374986 -0.119397692 0.00278563891
v -0.00714374986 -0.119321041 0.00250956696
v 0.00714374986 -0.119366847 0.00264552492
v -0.00714374986 -0.119260795 0.00237935875
v 0.00714374986 -0.119321041 0.00250956696
v -0.00714374986 -0.119186834 0.00225642719
v 0.00714374986 -0.119260795 0.00237935875
v -0.00714374986 -0.119100012 0.00214221328
v 0.00714374986 -0.119186834 0.00225642719
v -0.00714374986 -0.119001344 0.00203805603
v 0.00714374986 -0.119100012 0.00214221328
v -0.00714374986 -0.118891999 0.00194517674
v 0.00714374986 -0.119001344 0.00203805603
v -0.00714374986 -0.118773252 0.00186466426
v 0.00714374986 -0.118891999 0.00194517674
v -0.00714374986 -0.118646495 0.00179746258
v 0.00714374986 -0.118773252 0.00186466426
v -0.00714374986 -0.118513219 0.0017443595
v 0.00714374986 -0.118646495 0.00179746258
v -0.00714374986 -0.118374981 0.00170597772
v 0.00714374986 -0.118513219 0.0017443595
v -0.00714374986 -0.118233405 0.00168276718
v 0.00714374986 -0.118374981 0.00170597772
v -0.00714374986 -0.118090145 0.00167499995
v 0.00714374986 -0.118233405 0.00168276718
v -0.00714374986 -0.117946886 0.00168276718
v 0.00714374986 -0.118090145 0.00167499995
v -0.00714374986 -0.11780531 0.00170597772
v 0.00714374986 -0.117946886 0.00168276718
v -0.00714374986 -0.117667072 0.0017443595
v 0.00714374986 -0.11780531 0.00170597772
v -0.00714374986 -0.117533788 0.00179746258
v 0.00714374986 -0.117667072 0.0017443595
v -0.00714374986 -0.117407039 0.00186466426
v 0.00714374986 -0.117533788 0.00179746258
v -0.00714374986 -0.117288291 0.00194517674
v 0.00714374986 -0.117407039 0.00186466426
v -0.00714374986 -0.117178939 0.00203805603
v 0.00714374986 -0.117288291 0.00194517674
v -0.00714374986 -0.117080279 0.00214221328
v 0.00714374986 -0.117178939 0.00203805603
v -0.00714374986 -0.116993457 0.00225642719
v 0.00714374986 -0.117080279 0.00214221328
v -0.00714374986 -0.116919488 0.00237935875
v 0.00714374986 -0.116993457 0.00225642719
v -0.00714374986 -0.11685925 0.00250956696
v 0.00714374986 -0.116919488 0.00237935875
v -0.00714374986 -0.116813444 0.00264552492
v 0.00714374986 -0.11685925 0.00250956696
v -0.00714374986 -0.116782598 0.00278563891
v 0.00714374986 -0.116813444 0.00264552492
v -0.00714374986 -0.116767086 0.00292826584
v 0.00714374986 -0.116782598 0.00278563891
v -0.00714374986 -0.116767086 0.00307173398
v 0.00714374986 -0.116767086 0.00292826584
v -0.00714374986 -0.116782598 0.00321436115
v 0.00714374986 -0.116767086 0.00307173398
v -0.00714374986 -0.116813444 0.00335447513
v 0.00714374986 -0.116782598 0.00321436115
v -0.00714374986 -0.11685925 0.0034904331
v 0.00714374986 -0.116813444 0.00335447513
v -0.00714374986 -0.116919488 0.00362064107
v 0.00714374986 -0.11685925 0.0034904331
v -0.00714374986 -0.116993457 0.00374357286
v 0.00714374986 -0.116919488 0.00362064107
v -0.00714374986 -0.117080279 0.00385778677
v 0.00714374986 -0.116993457 0.00374357286
v -0.00714374986 -0.117178939 0.00396194402
v 0.00714374986 -0.117080279 0.00385778677
v -0.00714374986 -0.117288291 0.00405482342
v 0.00714374986 -0.117178939 0.00396194402
v -0.00714374986 -0.117407039 0.0041353358
v 0.00714374986 -0.117288291 0.00405482342
v -0.00714374986 -0.117533788 0.00420253724
v 0.00714374986 -0.117407039 0.0041353358
v -0.00714374986 -0.117667072 0.00425564032
v 0.00714374986 -0.117533788 0.00420253724
v -0.00714374986 -0.11780531 0.00429402245
v 0.00714374986 -0.117667072 0.00425564032
v -0.00714374986 -0.117946886 0.00431723287
v 0.00714374986 -0.11780531 0.00429402245
v 0.00714374986 -0.117946886 0.00431723287
v -0.00714374986 -0.125901178 -0.0232272428
v -0.00714374986 -0.129490688 -0.00133221585
v -0.00714374986 -0.129347935 -0.00130079244
v -0.00714374986 -0.128434807 -0.0235027932
v -0.00714374986 -0.129636005 -0.00134802016
v -0.00714374986 -0.123412199 -0.0226793773
v -0.00714374986 -0.129209414 -0.00125411863
v -0.00714374986 -0.133517012 -0.0232272428
v -0.00714374986 -0.129927501 -0.00133221585
v -0.00714374986 -0.129782185 -0.00134802016
v -0.00714374986 -0.136005998 -0.0226793773
v -0.00714374986 -0.130070254 -0.00130079244
v -0.00714374986 -0.130983382 -0.0235027932
v -0.00714374986 -0.138421148 -0.0218656156
v -0.00714374986 -0.130208775 -0.00125411863
v -0.00714374986 -0.130783826 -0.000816985208
v -0.00714374986 -0.146797076 -0.0161865968
v -0.00714374986 -0.140904963 -0.00425564032
v -0.00714374986 -0.118684016 -0.020795498
v -0.00714374986 -0.129076749 -0.00119274121
v -0.00714374986 -0.12895149 -0.0011173801
v -0.00714374986 -0.120997034 -0.0218656156
v -0.00714374986 -0.141043201 -0.00429402245
v -0.00714374986 -0.106309757 0.00254483102
v -0.00714374986 -0.117407039 0.00186466426
v -0.00714374986 -0.117288291 0.00194517674
v -0.00714374986 -0.128367007 0.000145960672
v -0.00714374986 -0.118090145 0.00167499995
v -0.00714374986 -0.117946886 0.00168276718
v -0.00714374986 -0.140734166 -0.020795498
v -0.00714374986 -0.13034144 -0.00119274121
v -0.00714374986 -0.142917931 -0.0194815733
v -0.00714374986 -0.1304667 -0.0011173801
v -0.00714374986 -0.130689189 -0.000928394264
v -0.00714374986 -0.130583063 -0.00102891878
v -0.00714374986 -0.130934328 -0.0005668503
v -0.00714374986 -0.130865857 -0.000695997733
v -0.00714374986 -0.117533788 0.00179746258
v -0.00714374986 -0.11780531 0.00170597772
v -0.00714374986 -0.117667072 0.0017443595
v -0.00714374986 -0.118374981 0.00170597772
v -0.00714374986 -0.118233405 0.00168276718
v -0.00714374986 -0.118891999 0.00194517674
v -0.00714374986 -0.118773252 0.00186466426
v -0.00714374986 -0.112621114 -0.0161865968
v -0.00714374986 -0.114471361 -0.0179392453
v -0.00714374986 -0.128835127 -0.00102891878
v -0.00714374986 -0.116500258 -0.0194815733
v -0.00714374986 -0.144946828 -0.0179392453
v -0.00714374986 -0.130988419 -0.000431057066
v -0.00714374986 -0.118646495 0.00179746258
v -0.00714374986 -0.110971205 -0.0142441746
v -0.00714374986 -0.128729001 -0.000928394264
v -0.00714374986 -0.141184792 -0.00431723287
v -0.00714374986 -0.141751125 -0.00425564032
v -0.00714374986 -0.141612872 -0.00429402245
v -0.00714374986 -0.117946886 0.00431723287
v -0.00714374986 -0.116500258 0.0194815733
v -0.00714374986 -0.114471361 0.0179392453
v -0.00714374986 -0.11780531 0.00429402245
v -0.00714374986 -0.112621114 0.0161865968
v -0.00714374986 -0.117533788 0.00420253724
v -0.00714374986 -0.110971205 0.0142441746
v -0.00714374986 -0.118513219 0.0017443595
v -0.00714374986 -0.141328037 -0.0043250001
v -0.00714374986 -0.141471297 -0.00431723287
v -0.00714374986 -0.141884401 -0.00420253724
v -0.00714374986 -0.148446992 -0.0142441746
v -0.00714374986 -0.142129898 -0.00405482342
v -0.00714374986 -0.149877205 -0.0121347522
v -0.00714374986 -0.118090145 0.0043250001
v -0.00714374986 -0.118684016 0.020795498
v -0.00714374986 -0.117667072 0.00425564032
v -0.00714374986 -0.117288291 0.00405482342
v -0.00714374986 -0.117407039 0.0041353358
v -0.00714374986 -0.119100012 0.00214221328
v -0.00714374986 -0.119001344 0.00203805603
v -0.00714374986 -0.119397692 0.00278563891
v -0.00714374986 -0.128634363 0.000816985208
v -0.00714374986 -0.128729001 0.000928394264
v -0.00714374986 -0.109540977 -0.0121347522
v -0.00714374986 -0.128552333 -0.000695997733
v -0.00714374986 -0.128483862 -0.0005668503
v -0.00714374986 -0.128634363 -0.000816985208
v -0.00714374986 -0.142011151 -0.0041353358
v -0.00714374986 -0.142239243 -0.00396194402
v -0.00714374986 -0.141471297 -0.00168276718
v -0.00714374986 -0.141612872 -0.00170597772
v -0.00714374986 -0.144946828 0.0179392453
v -0.00714374986 -0.141328037 -0.00167499995
v -0.00714374986 -0.142917931 0.0194815733
v -0.00714374986 -0.109540977 0.0121347522
v -0.00714374986 -0.108347207 0.00988306105
v -0.00714374986 -0.117080279 0.00385778677
v -0.00714374986 -0.107403889 0.00751549983
v -0.00714374986 -0.116919488 0.00362064107
v -0.00714374986 -0.116993457 0.00225642719
v -0.00714374986 -0.116919488 0.00237935875
v -0.00714374986 -0.128835127 0.00102891878
v -0.00714374986 -0.128483862 0.0005668503
v -0.00714374986 -0.128552333 0.000695997733
v -0.00714374986 -0.128429756 0.000431057066
v -0.00714374986 -0.119366847 0.00264552492
v -0.00714374986 -0.118513219 0.00425564032
v -0.00714374986 -0.125901178 0.0232272428
v -0.00714374986 -0.123412199 0.0226793773
v -0.00714374986 -0.118374981 0.00429402245
v -0.00714374986 -0.120997034 0.0218656156
v -0.00714374986 -0.108347207 -0.00988306105
v -0.00714374986 -0.128429756 -0.000431057066
v -0.00714374986 -0.141884401 -0.00179746258
v -0.00714374986 -0.142011151 -0.00186466426
v -0.00714374986 -0.149877205 0.0121347522
v -0.00714374986 -0.141751125 -0.0017443595
v -0.00714374986 -0.148446992 0.0142441746
v -0.00714374986 -0.146797076 0.0161865968
v -0.00714374986 -0.140734166 0.020795498
v -0.00714374986 -0.133517012 0.0232272428
v -0.00714374986 -0.129927501 0.00133221585
v -0.00714374986 -0.130070254 0.00130079244
v -0.00714374986 -0.130983382 0.0235027932
v -0.00714374986 -0.129782185 0.00134802016
v -0.00714374986 -0.117178939 0.00396194402
v -0.00714374986 -0.11685925 0.0034904331
v -0.00714374986 -0.117080279 0.00214221328
v -0.00714374986 -0.117178939 0.00203805603
v -0.00714374986 -0.119321041 0.00250956696
v -0.00714374986 -0.119260795 0.00237935875
v -0.00714374986 -0.12895149 0.0011173801
v -0.00714374986 -0.128390655 0.000290210097
v -0.00714374986 -0.118646495 0.00420253724
v -0.00714374986 -0.128434807 0.0235027932
v -0.00714374986 -0.118233405 0.00431723287
v -0.00714374986 -0.151070982 -0.00988306105
v -0.00714374986 -0.1520143 -0.00751549983
v -0.00714374986 -0.142498702 -0.00362064107
v -0.00714374986 -0.152696118 -0.00505982619
v -0.00714374986 -0.142604753 -0.00335447513
v -0.00714374986 -0.153108433 -0.00254483102
v -0.00714374986 -0.153246403 6.67737778e-17
v -0.00714374986 -0.142635584 -0.00278563891
v -0.00714374986 -0.142129898 -0.00194517674
v -0.00714374986 -0.142239243 -0.00203805603
v -0.00714374986 -0.1520143 0.00751549983
v -0.00714374986 -0.151070982 0.00988306105
v -0.00714374986 -0.136005998 0.0226793773
v -0.00714374986 -0.130208775 0.00125411863
v -0.00714374986 -0.116993457 0.00374357286
v -0.00714374986 -0.106722072 0.00505982619
v -0.00714374986 -0.116813444 0.00335447513
v -0.00714374986 -0.116767086 0.00307173398
v -0.00714374986 -0.119186834 0.00225642719
v -0.00714374986 -0.142337903 -0.00385778677
v -0.00714374986 -0.142424732 -0.00374357286
v -0.00714374986 -0.142558932 -0.0034904331
v -0.00714374986 -0.142651096 -0.00307173398
v -0.00714374986 -0.142651096 -0.00292826584
v -0.00714374986 -0.142558932 -0.00250956696
v -0.00714374986 -0.142604753 -0.00264552492
v -0.00714374986 -0.142424732 -0.00225642719
v -0.00714374986 -0.142498702 -0.00237935875
v -0.00714374986 -0.153108433 0.00254483102
v -0.00714374986 -0.142337903 -0.00214221328
v -0.00714374986 -0.152696118 0.00505982619
v -0.00714374986 -0.131051183 0.000145960672
v -0.00714374986 -0.141043201 -0.00170597772
v -0.00714374986 -0.141184792 -0.00168276718
v -0.00714374986 -0.138421148 0.0218656156
v -0.00714374986 -0.13034144 0.00119274121
v -0.00714374986 -0.129636005 0.00134802016
v -0.00714374986 -0.116782598 0.00321436115
v -0.00714374986 -0.116767086 0.00292826584
v -0.00714374986 -0.119260795 0.00362064107
v -0.00714374986 -0.118773252 0.0041353358
v -0.00714374986 -0.118891999 0.00405482342
v -0.00714374986 -0.106722072 -0.00505982619
v -0.00714374986 -0.128390655 -0.000290210097
v -0.00714374986 -0.128367007 -0.000145960672
v -0.00714374986 -0.107403889 -0.00751549983
v -0.00714374986 -0.140904963 -0.0017443595
v -0.00714374986 -0.140644938 -0.00186466426
v -0.00714374986 -0.140771687 -0.00179746258
v -0.00714374986 -0.140097156 -0.00250956696
v -0.00714374986 -0.131059095 6.26153754e-17
v -0.00714374986 -0.131051183 -0.000145960672
v -0.00714374986 -0.140004992 -0.00307173398
v -0.00714374986 -0.140004992 -0.00292826584
v -0.00714374986 -0.140644938 -0.0041353358
v -0.00714374986 -0.14052619 -0.00405482342
v -0.00714374986 -0.116782598 0.00278563891
v -0.00714374986 -0.11685925 0.00250956696
v -0.00714374986 -0.116813444 0.00264552492
v -0.00714374986 -0.129076749 0.00119274121
v -0.00714374986 -0.119397692 0.00321436115
v -0.00714374986 -0.129347935 0.00130079244
v -0.00714374986 -0.129490688 0.00133221585
v -0.00714374986 -0.119413197 0.00292826584
v -0.00714374986 -0.129209414 0.00125411863
v -0.00714374986 -0.119413197 0.00307173398
v -0.00714374986 -0.119186834 0.00374357286
v -0.00714374986 -0.140771687 -0.00420253724
v -0.00714374986 -0.142635584 -0.00321436115
v -0.00714374986 -0.140416846 -0.00203805603
v -0.00714374986 -0.14052619 -0.00194517674
v -0.00714374986 -0.140020505 -0.00321436115
v -0.00714374986 -0.140157387 -0.00362064107
v -0.00714374986 -0.140097156 -0.0034904331
v -0.00714374986 -0.140318185 -0.00385778677
v -0.00714374986 -0.140231356 -0.00374357286
v -0.00714374986 -0.130865857 0.000695997733
v -0.00714374986 -0.130934328 0.0005668503
v -0.00714374986 -0.119100012 0.00385778677
v -0.00714374986 -0.119001344 0.00396194402
v -0.00714374986 -0.131027535 -0.000290210097
v -0.00714374986 -0.140157387 -0.00237935875
v -0.00714374986 -0.140231356 -0.00225642719
v -0.00714374986 -0.140051335 -0.00264552492
v -0.00714374986 -0.140020505 -0.00278563891
v -0.00714374986 -0.140416846 -0.00396194402
v -0.00714374986 -0.130783826 0.000816985208
v -0.00714374986 -0.130583063 0.00102891878
v -0.00714374986 -0.130689189 0.000928394264
v -0.00714374986 -0.1304667 0.0011173801
v -0.00714374986 -0.119321041 0.0034904331
v -0.00714374986 -0.119366847 0.00335447513
v -0.00714374986 -0.106171779 5.81263125e-17
v -0.00714374986 -0.128359094 6.24500451e-17
v -0.00714374986 -0.106309757 -0.00254483102
v -0.00714374986 -0.140318185 -0.00214221328
v -0.00714374986 -0.140051335 -0.00335447513
v -0.00714374986 -0.130988419 0.000431057066
v -0.00714374986 -0.131027535 0.000290210097
v -0.00655625015 -0.106171779 6.24500451e-17
v -0.00714374986 -0.106171779 5.81263125e-17
v -0.00714374986 -0.106309757 0.00254483102
v -0.00655625015 -0.106309757 0.00254483102
v -0.00714374986 -0.106722072 0.00505982619
v -0.00655625015 -0.106722072 0.00505982619
v -0.00714374986 -0.107403889 0.00751549983
v -0.00655625015 -0.107403889 0.00751549983
v -0.00714374986 -0.108347207 0.00988306105
v -0.00655625015 -0.108347207 0.00988306105
v -0.00714374986 -0.109540977 0.0121347522
v -0.00655625015 -0.109540977 0.0121347522
v -0.00714374986 -0.110971205 0.0142441746
v -0.00655625015 -0.110971205 0.0142441746
v -0.00714374986 -0.112621114 0.0161865968
v -0.00655625015 -0.112621114 0.0161865968
v -0.00714374986 -0.114471361 0.0179392453
v -0.00655625015 -0.114471361 0.0179392453
v -0.00714374986 -0.116500258 0.0194815733
v -0.00655625015 -0.116500258 0.0194815733
v -0.00714374986 -0.118684016 0.020795498
v -0.00655625015 -0.118684016 0.020795498
v -0.00714374986 -0.120997034 0.0218656156
v -0.00655625015 -0.120997034 0.0218656156
v -0.00714374986 -0.123412199 0.0226793773
v -0.00655625015 -0.123412199 0.0226793773
v -0.00714374986 -0.125901178 0.0232272428
v -0.00655625015 -0.125901178 0.0232272428
v -0.00714374986 -0.128434807 0.0235027932
v -0.00655625015 -0.128434807 0.0235027932
v -0.00714374986 -0.130983382 0.0235027932
v -0.00655625015 -0.130983382 0.0235027932
v -0.00714374986 -0.133517012 0.0232272428
v -0.00655625015 -0.133517012 0.0232272428
v -0.00714374986 -0.136005998 0.0226793773
v -0.00655625015 -0.136005998 0.0226793773
v -0.00714374986 -0.138421148 0.0218656156
v -0.00655625015 -0.138421148 0.0218656156
v -0.00714374986 -0.140734166 0.020795498
v -0.00655625015 -0.140734166 0.020795498
v -0.00714374986 -0.142917931 0.0194815733
v -0.00655625015 -0.142917931 0.0194815733
v -0.00714374986 -0.144946828 0.0179392453
v -0.00655625015 -0.144946828 0.0179392453
v -0.00714374986 -0.146797076 0.0161865968
v -0.00655625015 -0.146797076 0.0161865968
v -0.00714374986 -0.148446992 0.0142441746
v -0.00655625015 -0.148446992 0.0142441746
v -0.00714374986 -0.149877205 0.0121347522
v -0.00655625015 -0.149877205 0.0121347522
v -0.00714374986 -0.151070982 0.00988306105
v -0.00655625015 -0.151070982 0.00988306105
v -0.00714374986 -0.1520143 0.00751549983
v -0.00655625015 -0.1520143 0.00751549983
v -0.00714374986 -0.152696118 0.00505982619
v -0.00655625015 -0.152696118 0.00505982619
v -0.00714374986 -0.153108433 0.00254483102
v -0.00655625015 -0.153108433 0.00254483102
v -0.00714374986 -0.153246403 6.67737778e-17
v -0.00655625015 -0.153246403 8.04728879e-17
v -0.00714374986 -0.153108433 -0.00254483102
v -0.00655625015 -0.153108433 -0.00254483102
v -0.00714374986 -0.152696118 -0.00505982619
v -0.00655625015 -0.152696118 -0.00505982619
v -0.00714374986 -0.1520143 -0.00751549983
v -0.00655625015 -0.1520143 -0.00751549983
v -0.00714374986 -0.151070982 -0.00988306105
v -0.00655625015 -0.151070982 -0.00988306105
v -0.00714374986 -0.149877205 -0.0121347522
v -0.00655625015 -0.149877205 -0.0121347522
v -0.00714374986 -0.148446992 -0.0142441746
v -0.00655625015 -0.148446992 -0.0142441746
v -0.00714374986 -0.146797076 -0.0161865968
v -0.00655625015 -0.146797076 -0.0161865968
v -0.00714374986 -0.144946828 -0.0179392453
v -0.00655625015 -0.144946828 -0.0179392453
v -0.00714374986 -0.142917931 -0.0194815733
v -0.00655625015 -0.142917931 -0.0194815733
v -0.00714374986 -0.140734166 -0.020795498
v -0.00655625015 -0.140734166 -0.020795498
v -0.00714374986 -0.138421148 -0.0218656156
v -0.00655625015 -0.138421148 -0.0218656156
v -0.00714374986 -0.136005998 -0.0226793773
v -0.00655625015 -0.136005998 -0.0226793773
v -0.00714374986 -0.133517012 -0.0232272428
v -0.00655625015 -0.133517012 -0.0232272428
v -0.00714374986 -0.130983382 -0.0235027932
v -0.00655625015 -0.130983382 -0.0235027932
v -0.00714374986 -0.128434807 -0.0235027932
v -0.00655625015 -0.128434807 -0.0235027932
v -0.00714374986 -0.125901178 -0.0232272428
v -0.00655625015 -0.125901178 -0.0232272428
v -0.00714374986 -0.123412199 -0.0226793773
v -0.00655625015 -0.123412199 -0.0226793773
v -0.00714374986 -0.120997034 -0.0218656156
v -0.00655625015 -0.120997034 -0.0218656156
v -0.00714374986 -0.118684016 -0.020795498
v -0.00655625015 -0.118684016 -0.020795498
v -0.00714374986 -0.116500258 -0.0194815733
v -0.00655625015 -0.116500258 -0.0194815733
v -0.00714374986 -0.114471361 -0.0179392453
v -0.00655625015 -0.114471361 -0.0179392453
v -0.00714374986 -0.112621114 -0.0161865968
v -0.00655625015 -0.112621114 -0.0161865968
v -0.00714374986 -0.110971205 -0.0142441746
v -0.00655625015 -0.110971205 -0.0142441746
v -0.00714374986 -0.109540977 -0.0121347522
v -0.00655625015 -0.109540977 -0.0121347522
v -0.00714374986 -0.108347207 -0.00988306105
v -0.00655625015 -0.108347207 -0.00988306105
v -0.00714374986 -0.107403889 -0.00751549983
v -0.00655625015 -0.107403889 -0.00751549983
v -0.00714374986 -0.106722072 -0.00505982619
v -0.00655625015 -0.106722072 -0.00505982619
v -0.00714374986 -0.106309757 -0.00254483102
v -0.00655625015 -0.106309757 -0.00254483102
v 0.00655625015 -0.106309757 0.00254483102
v 0.00555624999 -0.10720627 0.00124635804
v 0.00555624999 -0.107236102 0.00170151249
v 0.00655625015 -0.106171779 6.24500451e-17
v 0.00555624999 -0.107171781 5.69299976e-17
v 0.00655625015 -0.106722072 0.00505982619
v 0.00555624999 -0.107561469 0.00417290302
v 0.00555624999 -0.107650459 0.00462026941
v 0.00555624999 -0.107303895 0.00243671192
v 0.00555624999 -0.107698694 0.00484485598
v 0.00555624999 -0.108295619 0.00702804839
v 0.00655625015 -0.107403889 0.00751549983
v 0.00655625015 -0.108347207 0.00988306105
v 0.00555624999 -0.108442239 0.00745997252
v 0.00555624999 -0.108351536 0.00719619822
v 0.00655625015 -0.109540977 0.0121347522
v 0.00555624999 -0.109597899 0.0101720337
v 0.00555624999 -0.109254785 0.00946317147
v 0.00555624999 -0.10939616 0.00976294186
v 0.00555624999 -0.110844254 0.0123307891
v 0.00555624999 -0.111097671 0.0127100479
v 0.00555624999 -0.110397838 0.0116191981
v 0.00655625015 -0.110971205 0.0142441746
v 0.00655625015 -0.112621114 0.0161865968
v 0.00555624999 -0.112615138 0.0146876527
v 0.00555624999 -0.112915888 0.0150305899
v 0.00555624999 -0.111767299 0.0136390002
v 0.00655625015 -0.114471361 0.0179392453
v 0.00555624999 -0.114678502 0.0167932063
v 0.00555624999 -0.115021445 0.0170939546
v 0.00555624999 -0.113347106 0.0154988971
v 0.00555624999 -0.115118749 0.0171770845
v 0.00555624999 -0.116999045 0.0186114237
v 0.00655625015 -0.116500258 0.0194815733
v 0.00655625015 -0.118684016 0.020795498
v 0.00555624999 -0.117378302 0.0188648365
v 0.00555624999 -0.117061444 0.0186538845
v 0.00655625015 -0.120997034 0.0218656156
v 0.00555624999 -0.119946152 0.020312937
v 0.00555624999 -0.119152427 0.0199119858
v 0.00555624999 -0.119537063 0.0201111957
v 0.00555624999 -0.122249119 0.0212668572
v 0.00555624999 -0.122681044 0.0214134753
v 0.00555624999 -0.121367171 0.0209366381
v 0.00655625015 -0.123412199 0.0226793773
v 0.00655625015 -0.125901178 0.0232272428
v 0.00555624999 -0.125088826 0.0220586378
v 0.00555624999 -0.125536188 0.0221476257
v 0.00555624999 -0.123679727 0.0217158273
v 0.00655625015 -0.128434807 0.0235027932
v 0.00555624999 -0.128007576 0.0224729907
v 0.00555624999 -0.128462732 0.0225028228
v 0.00555624999 -0.126062959 0.0222404171
v 0.00555624999 -0.128488943 0.0225042589
v 0.00555624999 -0.130929247 0.0225042589
v 0.00655625015 -0.133517012 0.0232272428
v 0.00655625015 -0.130983382 0.0235027932
v 0.00555624999 -0.131410614 0.0224729907
v 0.00555624999 -0.130955458 0.0225028228
v 0.00655625015 -0.136005998 0.0226793773
v 0.00555624999 -0.134329364 0.0220586378
v 0.00555624999 -0.13335523 0.0222404171
v 0.00555624999 -0.133882001 0.0221476257
v 0.00655625015 -0.138421148 0.0218656156
v 0.00555624999 -0.136737138 0.0214134753
v 0.00555624999 -0.137169063 0.0212668572
v 0.00555624999 -0.135738462 0.0217158273
v 0.00655625015 -0.140734166 0.020795498
v 0.00555624999 -0.139472038 0.020312937
v 0.00555624999 -0.139881134 0.0201111957
v 0.00555624999 -0.138051018 0.0209366381
v 0.00555624999 -0.140265763 0.0199119858
v 0.00555624999 -0.14203988 0.0188648365
v 0.00655625015 -0.142917931 0.0194815733
v 0.00655625015 -0.144946828 0.0179392453
v 0.00555624999 -0.142419145 0.0186114237
v 0.00555624999 -0.142356738 0.0186538845
v 0.00655625015 -0.146797076 0.0161865968
v 0.00555624999 -0.144739687 0.0167932063
v 0.00555624999 -0.144299448 0.0171770845
v 0.00555624999 -0.144396752 0.0170939546
v 0.00655625015 -0.148446992 0.0142441746
v 0.00555624999 -0.146803051 0.0146876527
v 0.00555624999 -0.146071076 0.0154988971
v 0.00555624999 -0.146502301 0.0150305899
v 0.00655625015 -0.149877205 0.0121347522
v 0.00555624999 -0.148320511 0.0127100479
v 0.00555624999 -0.148573935 0.0123307891
v 0.00555624999 -0.147650898 0.0136390002
v 0.00655625015 -0.151070982 0.00988306105
v 0.00555624999 -0.149820283 0.0101720337
v 0.00555624999 -0.15002203 0.00976294186
v 0.00555624999 -0.149020344 0.0116191981
v 0.00555624999 -0.150163397 0.00946317147
v 0.00555624999 -0.150975958 0.00745997252
v 0.00655625015 -0.1520143 0.00751549983
v 0.00655625015 -0.152696118 0.00505982619
v 0.00555624999 -0.15112257 0.00702804839
v 0.00555624999 -0.151066646 0.00719619822
v 0.00655625015 -0.153108433 0.00254483102
v 0.00555624999 -0.15185672 0.00417290302
v 0.00555624999 -0.151719496 0.00484485598
v 0.00555624999 -0.151767731 0.00462026941
v 0.00655625015 -0.153246403 4.44272023e-17
v 0.00555624999 -0.152211919 0.00124635804
v 0.00555624999 -0.152114287 0.00243671192
v 0.00555624999 -0.152182087 0.00170151249
v 0.00655625015 -0.153108433 -0.00254483102
v 0.00555624999 -0.152211919 -0.00124635804
v 0.00555624999 -0.152182087 -0.00170151249
v 0.00555624999 -0.152246401 4.51929168e-17
v 0.00655625015 -0.152696118 -0.00505982619
v 0.00555624999 -0.15185672 -0.00417290302
v 0.00555624999 -0.151767731 -0.00462026941
v 0.00555624999 -0.152114287 -0.00243671192
v 0.00555624999 -0.151719496 -0.00484485598
v 0.00555624999 -0.15112257 -0.00702804839
v 0.00655625015 -0.1520143 -0.00751549983
v 0.00655625015 -0.151070982 -0.00988306105
v 0.00555624999 -0.150975958 -0.00745997252
v 0.00555624999 -0.151066646 -0.00719619822
v 0.00655625015 -0.149877205 -0.0121347522
v 0.00555624999 -0.149820283 -0.0101720337
v 0.00555624999 -0.150163397 -0.00946317147
v 0.00555624999 -0.15002203 -0.00976294186
v 0.00555624999 -0.148573935 -0.0123307891
v 0.00555624999 -0.148320511 -0.0127100479
v 0.00555624999 -0.149020344 -0.0116191981
v 0.00655625015 -0.148446992 -0.0142441746
v 0.00655625015 -0.146797076 -0.0161865968
v 0.00555624999 -0.146803051 -0.0146876527
v 0.00555624999 -0.146502301 -0.0150305899
v 0.00555624999 -0.147650898 -0.0136390002
v 0.00655625015 -0.144946828 -0.0179392453
v 0.00555624999 -0.144739687 -0.0167932063
v 0.00555624999 -0.144396752 -0.0170939546
v 0.00555624999 -0.146071076 -0.0154988971
v 0.00555624999 -0.144299448 -0.0171770845
v 0.00555624999 -0.142419145 -0.0186114237
v 0.00655625015 -0.142917931 -0.0194815733
v 0.00655625015 -0.140734166 -0.020795498
v 0.00555624999 -0.14203988 -0.0188648365
v 0.00555624999 -0.142356738 -0.0186538845
v 0.00655625015 -0.138421148 -0.0218656156
v 0.00555624999 -0.139472038 -0.020312937
v 0.00555624999 -0.140265763 -0.0199119858
v 0.00555624999 -0.139881134 -0.0201111957
v 0.00555624999 -0.137169063 -0.0212668572
v 0.00555624999 -0.136737138 -0.0214134753
v 0.00555624999 -0.138051018 -0.0209366381
v 0.00655625015 -0.136005998 -0.0226793773
v 0.00655625015 -0.133517012 -0.0232272428
v 0.00555624999 -0.134329364 -0.0220586378
v 0.00555624999 -0.133882001 -0.0221476257
v 0.00555624999 -0.135738462 -0.0217158273
v 0.00655625015 -0.130983382 -0.0235027932
v 0.00555624999 -0.131410614 -0.0224729907
v 0.00555624999 -0.130955458 -0.0225028228
v 0.00555624999 -0.13335523 -0.0222404171
v 0.00555624999 -0.130929247 -0.0225042589
v 0.00555624999 -0.128488943 -0.0225042589
v 0.00655625015 -0.125901178 -0.0232272428
v 0.00655625015 -0.128434807 -0.0235027932
v 0.00555624999 -0.128007576 -0.0224729907
v 0.00555624999 -0.128462732 -0.0225028228
v 0.00655625015 -0.123412199 -0.0226793773
v 0.00555624999 -0.125088826 -0.0220586378
v 0.00555624999 -0.126062959 -0.0222404171
v 0.00555624999 -0.125536188 -0.0221476257
v 0.00655625015 -0.120997034 -0.0218656156
v 0.00555624999 -0.122681044 -0.0214134753
v 0.00555624999 -0.122249119 -0.0212668572
v 0.00555624999 -0.123679727 -0.0217158273
v 0.00655625015 -0.118684016 -0.020795498
v 0.00555624999 -0.119946152 -0.020312937
v 0.00555624999 -0.119537063 -0.0201111957
v 0.00555624999 -0.121367171 -0.0209366381
v 0.00555624999 -0.119152427 -0.0199119858
v 0.00555624999 -0.117378302 -0.0188648365
v 0.00655625015 -0.116500258 -0.0194815733
v 0.00655625015 -0.114471361 -0.0179392453
v 0.00555624999 -0.116999045 -0.0186114237
v 0.00555624999 -0.117061444 -0.0186538845
v 0.00655625015 -0.112621114 -0.0161865968
v 0.00555624999 -0.114678502 -0.0167932063
v 0.00555624999 -0.115118749 -0.0171770845
v 0.00555624999 -0.115021445 -0.0170939546
v 0.00655625015 -0.110971205 -0.0142441746
v 0.00555624999 -0.112615138 -0.0146876527
v 0.00555624999 -0.113347106 -0.0154988971
v 0.00555624999 -0.112915888 -0.0150305899
v 0.00655625015 -0.109540977 -0.0121347522
v 0.00555624999 -0.111097671 -0.0127100479
v 0.00555624999 -0.110844254 -0.0123307891
v 0.00555624999 -0.111767299 -0.0136390002
v 0.00655625015 -0.108347207 -0.00988306105
v 0.00555624999 -0.109597899 -0.0101720337
v 0.00555624999 -0.10939616 -0.00976294186
v 0.00555624999 -0.110397838 -0.0116191981
v 0.00555624999 -0.109254785 -0.00946317147
v 0.00555624999 -0.108442239 -0.00745997252
v 0.00655625015 -0.107403889 -0.00751549983
v 0.00655625015 -0.106722072 -0.00505982619
v 0.00555624999 -0.108295619 -0.00702804839
v 0.00555624999 -0.108351536 -0.00719619822
v 0.00655625015 -0.106309757 -0.00254483102
v 0.00555624999 -0.107561469 -0.00417290302
v 0.00555624999 -0.107698694 -0.00484485598
v 0.00555624999 -0.107650459 -0.00462026941
v 0.00555624999 -0.10720627 -0.00124635804
v 0.00555624999 -0.107303895 -0.00243671192
v 0.00555624999 -0.107236102 -0.00170151249
v -0.00555624999 -0.134329364 0.0220586378
v 0.00555624999 -0.134329364 0.0220586378
v 0.00555624999 -0.133882001 0.0221476257
v -0.00555624999 -0.133882001 0.0221476257
v 0.00555624999 -0.134722233 0.0210487638
v 0.00555624999 -0.135399044 0.0206510071
v 0.00555624999 -0.135500133 0.0206463356
v 0.00555624999 -0.135017082 0.020775767
v 0.00555624999 -0.134784445 0.0209689569
v 0.00555624999 -0.135601118 0.020652568
v 0.00555624999 -0.135201305 0.0206927173
v 0.00555624999 -0.135299057 0.0206665285
v 0.00555624999 -0.135106951 0.0207292717
v 0.00555624999 -0.134854883 0.02089631
v 0.00555624999 -0.135981113 0.020783212
v 0.00555624999 -0.136064589 0.0208404027
v 0.00555624999 -0.134932727 0.0208316632
v 0.00555624999 -0.135891974 0.0207353346
v 0.00555624999 -0.135700867 0.0206696317
v 0.00555624999 -0.135798186 0.0206973273
v 0.00555624999 -0.136271715 0.0210607275
v 0.00555624999 -0.136323631 0.0211475771
v 0.00555624999 -0.136141434 0.0209062453
v 0.00555624999 -0.13621074 0.0209799707
v 0.00555624999 -0.13636592 0.0212395079
v 0.00555624999 -0.134625271 0.0212260671
v 0.00555624999 -0.134668976 0.0211347993
v 0.00555624999 -0.134568498 0.0214200094
v 0.00555624999 -0.134591654 0.0213215053
v 0.00555624999 -0.13455452 0.0216216091
v 0.00555624999 -0.13455607 0.0215204321
v 0.00555624999 -0.134563863 0.021722367
v 0.00555624999 -0.136379391 0.0212688055
v 0.00555624999 -0.135738462 0.0217158273
v 0.00555624999 -0.134566844 0.0217544772
v 0.00555624999 -0.136395946 0.0212964825
v 0.00555624999 -0.136415392 0.021322215
v 0.00555624999 -0.136488602 0.0213848893
v 0.00555624999 -0.136517018 0.0214001294
v 0.00555624999 -0.134419277 0.0220239386
v 0.00555624999 -0.134446174 0.0220061522
v 0.00555624999 -0.134329364 0.0220586378
v 0.00555624999 -0.134360522 0.0220503341
v 0.00555624999 -0.136577949 0.0214210209
v 0.00555624999 -0.136609733 0.0214264281
v 0.00555624999 -0.136461988 0.0213666782
v 0.00555624999 -0.136437491 0.0213457048
v 0.00555624999 -0.134562373 0.0218187291
v 0.00555624999 -0.134566352 0.0217867233
v 0.00555624999 -0.134513319 0.0219370201
v 0.00555624999 -0.134530321 0.0219096113
v 0.00555624999 -0.134470999 0.0219855737
v 0.00555624999 -0.134390607 0.0220387224
v 0.00555624999 -0.136674136 0.0214268528
v 0.00555624999 -0.13670601 0.0214218665
v 0.00555624999 -0.136546925 0.0214122199
v 0.00555624999 -0.134554982 0.0218501184
v 0.00555624999 -0.13449347 0.0219624396
v 0.00555624999 -0.136641935 0.0214283802
v 0.00555624999 -0.134544253 0.0218805317
v 0.00555624999 -0.136737138 0.0214134753
v -0.00555624999 -0.137169063 0.0212668572
v 0.00555624999 -0.137169063 0.0212668572
v 0.00555624999 -0.136737138 0.0214134753
v -0.00555624999 -0.136737138 0.0214134753
v 0.00555624999 -0.13636592 0.0212395079
v -0.00555624999 -0.13636592 0.0212395079
v -0.00555624999 -0.136379391 0.0212688055
v 0.00555624999 -0.136379391 0.0212688055
v -0.00555624999 -0.136395946 0.0212964825
v 0.00555624999 -0.136395946 0.0212964825
v -0.00555624999 -0.136415392 0.021322215
v 0.00555624999 -0.136415392 0.021322215
v -0.00555624999 -0.136437491 0.0213457048
v 0.00555624999 -0.136437491 0.0213457048
v -0.00555624999 -0.136461988 0.0213666782
v 0.00555624999 -0.136461988 0.0213666782
v -0.00555624999 -0.136488602 0.0213848893
v 0.00555624999 -0.136488602 0.0213848893
v -0.00555624999 -0.136517018 0.0214001294
v 0.00555624999 -0.136517018 0.0214001294
v -0.00555624999 -0.136546925 0.0214122199
v 0.00555624999 -0.136546925 0.0214122199
v -0.00555624999 -0.136577949 0.0214210209
v 0.00555624999 -0.136577949 0.0214210209
v -0.00555624999 -0.136609733 0.0214264281
v 0.00555624999 -0.136609733 0.0214264281
v -0.00555624999 -0.136641935 0.0214283802
v 0.00555624999 -0.136641935 0.0214283802
v -0.00555624999 -0.136674136 0.0214268528
v 0.00555624999 -0.136674136 0.0214268528
v -0.00555624999 -0.13670601 0.0214218665
v 0.00555624999 -0.13670601 0.0214218665
v -0.00555624999 -0.136737138 0.0214134753
v 0.00555624999 -0.136737138 0.0214134753
v -0.00555624999 -0.135017082 0.020775767
v -0.00555624999 -0.134854883 0.02089631
v -0.00555624999 -0.134784445 0.0209689569
v -0.00555624999 -0.134722233 0.0210487638
v -0.00555624999 -0.135601118 0.020652568
v -0.00555624999 -0.135500133 0.0206463356
v -0.00555624999 -0.134932727 0.0208316632
v -0.00555624999 -0.135201305 0.0206927173
v -0.00555624999 -0.135106951 0.0207292717
v -0.00555624999 -0.135399044 0.0206510071
v -0.00555624999 -0.135299057 0.0206665285
v -0.00555624999 -0.135700867 0.0206696317
v -0.00555624999 -0.136141434 0.0209062453
v -0.00555624999 -0.136064589 0.0208404027
v -0.00555624999 -0.135891974 0.0207353346
v -0.00555624999 -0.135798186 0.0206973273
v -0.00555624999 -0.135981113 0.020783212
v -0.00555624999 -0.13621074 0.0209799707
v -0.00555624999 -0.13636592 0.0212395079
v -0.00555624999 -0.136323631 0.0211475771
v -0.00555624999 -0.136271715 0.0210607275
v -0.00555624999 -0.134668976 0.0211347993
v -0.00555624999 -0.134568498 0.0214200094
v -0.00555624999 -0.13455607 0.0215204321
v -0.00555624999 -0.134625271 0.0212260671
v -0.00555624999 -0.134591654 0.0213215053
v -0.00555624999 -0.13455452 0.0216216091
v -0.00555624999 -0.134563863 0.021722367
v -0.00555624999 -0.134566844 0.0217544772
v -0.00555624999 -0.135738462 0.0217158273
v -0.00555624999 -0.136379391 0.0212688055
v -0.00555624999 -0.136395946 0.0212964825
v -0.00555624999 -0.136437491 0.0213457048
v -0.00555624999 -0.136415392 0.021322215
v -0.00555624999 -0.134390607 0.0220387224
v -0.00555624999 -0.134360522 0.0220503341
v -0.00555624999 -0.134470999 0.0219855737
v -0.00555624999 -0.134446174 0.0220061522
v -0.00555624999 -0.136546925 0.0214122199
v -0.00555624999 -0.136517018 0.0214001294
v -0.00555624999 -0.134419277 0.0220239386
v -0.00555624999 -0.13449347 0.0219624396
v -0.00555624999 -0.134544253 0.0218805317
v -0.00555624999 -0.134530321 0.0219096113
v -0.00555624999 -0.134566352 0.0217867233
v -0.00555624999 -0.136461988 0.0213666782
v -0.00555624999 -0.136488602 0.0213848893
v -0.00555624999 -0.136641935 0.0214283802
v -0.00555624999 -0.136609733 0.0214264281
v -0.00555624999 -0.134513319 0.0219370201
v -0.00555624999 -0.134562373 0.0218187291
v -0.00555624999 -0.136577949 0.0214210209
v -0.00555624999 -0.136737138 0.0214134753
v -0.00555624999 -0.13670601 0.0214218665
v -0.00555624999 -0.134554982 0.0218501184
v -0.00555624999 -0.136674136 0.0214268528
v -0.00555624999 -0.134329364 0.0220586378
v -0.00555624999 -0.134563863 0.021722367
v 0.00555624999 -0.134563863 0.021722367
v 0.00555624999 -0.134566844 0.0217544772
v -0.00555624999 -0.134566844 0.0217544772
v 0.00555624999 -0.134566352 0.0217867233
v -0.00555624999 -0.134566352 0.0217867233
v 0.00555624999 -0.134562373 0.0218187291
v -0.00555624999 -0.134562373 0.0218187291
v 0.00555624999 -0.134554982 0.0218501184
v -0.00555624999 -0.134554982 0.0218501184
v 0.00555624999 -0.134544253 0.0218805317
v -0.00555624999 -0.134544253 0.0218805317
v 0.00555624999 -0.134530321 0.0219096113
v -0.00555624999 -0.134530321 0.0219096113
v 0.00555624999 -0.134513319 0.0219370201
v -0.00555624999 -0.134513319 0.0219370201
v 0.00555624999 -0.13449347 0.0219624396
v -0.00555624999 -0.13449347 0.0219624396
v 0.00555624999 -0.134470999 0.0219855737
v -0.00555624999 -0.134470999 0.0219855737
v 0.00555624999 -0.134446174 0.0220061522
v -0.00555624999 -0.134446174 0.0220061522
v 0.00555624999 -0.134419277 0.0220239386
v -0.00555624999 -0.134419277 0.0220239386
v 0.00555624999 -0.134390607 0.0220387224
v -0.00555624999 -0.134390607 0.0220387224
v 0.00555624999 -0.134360522 0.0220503341
v -0.00555624999 -0.134360522 0.0220503341
v 0.00555624999 -0.134329364 0.0220586378
v -0.00555624999 -0.134329364 0.0220586378
v 0.00555624999 -0.13455452 0.0216216091
v 0.00555624999 -0.134563863 0.021722367
v -0.00555624999 -0.134563863 0.021722367
v 0.00555624999 -0.13455607 0.0215204321
v -0.00555624999 -0.13455452 0.0216216091
v 0.00555624999 -0.134568498 0.0214200094
v -0.00555624999 -0.13455607 0.0215204321
v 0.00555624999 -0.134591654 0.0213215053
v -0.00555624999 -0.134568498 0.0214200094
v 0.00555624999 -0.134625271 0.0212260671
v -0.00555624999 -0.134591654 0.0213215053
v 0.00555624999 -0.134668976 0.0211347993
v -0.00555624999 -0.134625271 0.0212260671
v 0.00555624999 -0.134722233 0.0210487638
v -0.00555624999 -0.134668976 0.0211347993
v 0.00555624999 -0.134784445 0.0209689569
v -0.00555624999 -0.134722233 0.0210487638
v 0.00555624999 -0.134854883 0.02089631
v -0.00555624999 -0.134784445 0.0209689569
v 0.00555624999 -0.134932727 0.0208316632
v -0.00555624999 -0.134854883 0.02089631
v 0.00555624999 -0.135017082 0.020775767
v -0.00555624999 -0.134932727 0.0208316632
v 0.00555624999 -0.135106951 0.0207292717
v -0.00555624999 -0.135017082 0.020775767
v 0.00555624999 -0.135201305 0.0206927173
v -0.00555624999 -0.135106951 0.0207292717
v 0.00555624999 -0.135299057 0.0206665285
v -0.00555624999 -0.135201305 0.0206927173
v 0.00555624999 -0.135399044 0.0206510071
v -0.00555624999 -0.135299057 0.0206665285
v 0.00555624999 -0.135500133 0.0206463356
v -0.00555624999 -0.135399044 0.0206510071
v 0.00555624999 -0.135601118 0.020652568
v -0.00555624999 -0.135500133 0.0206463356
v 0.00555624999 -0.135700867 0.0206696317
v -0.00555624999 -0.135601118 0.020652568
v 0.00555624999 -0.135798186 0.0206973273
v -0.00555624999 -0.135700867 0.0206696317
v 0.00555624999 -0.135891974 0.0207353346
v -0.00555624999 -0.135798186 0.0206973273
v 0.00555624999 -0.135981113 0.020783212
v -0.00555624999 -0.135891974 0.0207353346
v 0.00555624999 -0.136064589 0.0208404027
v -0.00555624999 -0.135981113 0.020783212
v 0.00555624999 -0.136141434 0.0209062453
v -0.00555624999 -0.136064589 0.0208404027
v 0.00555624999 -0.13621074 0.0209799707
v -0.00555624999 -0.136141434 0.0209062453
v 0.00555624999 -0.136271715 0.0210607275
v -0.00555624999 -0.13621074 0.0209799707
v 0.00555624999 -0.136323631 0.0211475771
v -0.00555624999 -0.136271715 0.0210607275
v 0.00555624999 -0.13636592 0.0212395079
v -0.00555624999 -0.136323631 0.0211475771
v -0.00555624999 -0.13636592 0.0212395079
v 0.00555624999 -0.137683451 0.0199051965
v 0.00555624999 -0.138893545 0.0199518502
v 0.00555624999 -0.138964534 0.0200239569
v 0.00555624999 -0.138447642 0.0197254717
v 0.00555624999 -0.138545573 0.0197509136
v 0.00555624999 -0.137855262 0.0197988097
v 0.00555624999 -0.138145477 0.0197138228
v 0.00555624999 -0.138246417 0.0197068192
v 0.00555624999 -0.137948751 0.0197600871
v 0.00555624999 -0.138045862 0.0197316483
v 0.00555624999 -0.138815209 0.0198878013
v 0.00555624999 -0.13864021 0.0197867453
v 0.00555624999 -0.138347536 0.0197107159
v 0.00555624999 -0.137766495 0.0198473688
v 0.00555624999 -0.138730437 0.0198325515
v 0.00555624999 -0.139081284 0.0201889109
v 0.00555624999 -0.137478024 0.020127099
v 0.00555624999 -0.137538373 0.0200458784
v 0.00555624999 -0.139027357 0.0201032851
v 0.00555624999 -0.137426764 0.0202143416
v 0.00555624999 -0.137332901 0.0205017962
v 0.00555624999 -0.137353778 0.0204027835
v 0.00555624999 -0.137607127 0.019971624
v 0.00555624999 -0.13738519 0.0203065947
v 0.00555624999 -0.137323588 0.0207036659
v 0.00555624999 -0.137322798 0.0206024796
v 0.00555624999 -0.138051018 0.0209366381
v 0.00555624999 -0.139252052 0.020328436
v 0.00555624999 -0.13928327 0.0203365199
v 0.00555624999 -0.137357667 0.0209028535
v 0.00555624999 -0.137335256 0.0208041798
v 0.00555624999 -0.137169063 0.0212668572
v 0.00555624999 -0.13719888 0.0212545581
v 0.00555624999 -0.139347419 0.0203424077
v 0.00555624999 -0.139379576 0.0203401409
v 0.00555624999 -0.139315188 0.0203411952
v 0.00555624999 -0.137348846 0.0210928768
v 0.00555624999 -0.137358874 0.0210622251
v 0.00555624999 -0.137227193 0.0212391168
v 0.00555624999 -0.139193118 0.020302454
v 0.00555624999 -0.139221892 0.0203170367
v 0.00555624999 -0.139098465 0.0202161986
v 0.00555624999 -0.13736555 0.0210306719
v 0.00555624999 -0.137319222 0.02115006
v 0.00555624999 -0.137335569 0.0211222693
v 0.00555624999 -0.137278035 0.0211995728
v 0.00555624999 -0.137299955 0.0211759303
v 0.00555624999 -0.137253672 0.0212207176
v 0.00555624999 -0.139411315 0.0203344226
v 0.00555624999 -0.139442265 0.020325318
v 0.00555624999 -0.139141127 0.0202644542
v 0.00555624999 -0.139166102 0.0202848576
v 0.00555624999 -0.139118493 0.0202414785
v 0.00555624999 -0.13736482 0.0209343024
v 0.00555624999 -0.137368768 0.020998586
v 0.00555624999 -0.13736853 0.0209663361
v 0.00555624999 -0.139472038 0.020312937
v -0.00555624999 -0.139881134 0.0201111957
v 0.00555624999 -0.139881134 0.0201111957
v 0.00555624999 -0.139472038 0.020312937
v -0.00555624999 -0.139472038 0.020312937
v 0.00555624999 -0.139081284 0.0201889109
v -0.00555624999 -0.139081284 0.0201889109
v -0.00555624999 -0.139098465 0.0202161986
v 0.00555624999 -0.139098465 0.0202161986
v -0.00555624999 -0.139118493 0.0202414785
v 0.00555624999 -0.139118493 0.0202414785
v -0.00555624999 -0.139141127 0.0202644542
v 0.00555624999 -0.139141127 0.0202644542
v -0.00555624999 -0.139166102 0.0202848576
v 0.00555624999 -0.139166102 0.0202848576
v -0.00555624999 -0.139193118 0.020302454
v 0.00555624999 -0.139193118 0.020302454
v -0.00555624999 -0.139221892 0.0203170367
v 0.00555624999 -0.139221892 0.0203170367
v -0.00555624999 -0.139252052 0.020328436
v 0.00555624999 -0.139252052 0.020328436
v -0.00555624999 -0.13928327 0.0203365199
v 0.00555624999 -0.13928327 0.0203365199
v -0.00555624999 -0.139315188 0.0203411952
v 0.00555624999 -0.139315188 0.0203411952
v -0.00555624999 -0.139347419 0.0203424077
v 0.00555624999 -0.139347419 0.0203424077
v -0.00555624999 -0.139379576 0.0203401409
v 0.00555624999 -0.139379576 0.0203401409
v -0.00555624999 -0.139411315 0.0203344226
v 0.00555624999 -0.139411315 0.0203344226
v -0.00555624999 -0.139442265 0.020325318
v 0.00555624999 -0.139442265 0.020325318
v -0.00555624999 -0.139472038 0.020312937
v 0.00555624999 -0.139472038 0.020312937
v -0.00555624999 -0.137855262 0.0197988097
v -0.00555624999 -0.138145477 0.0197138228
v -0.00555624999 -0.138045862 0.0197316483
v -0.00555624999 -0.138347536 0.0197107159
v -0.00555624999 -0.138246417 0.0197068192
v -0.00555624999 -0.137683451 0.0199051965
v -0.00555624999 -0.13864021 0.0197867453
v -0.00555624999 -0.138545573 0.0197509136
v -0.00555624999 -0.137766495 0.0198473688
v -0.00555624999 -0.138730437 0.0198325515
v -0.00555624999 -0.139027357 0.0201032851
v -0.00555624999 -0.138964534 0.0200239569
v -0.00555624999 -0.137948751 0.0197600871
v -0.00555624999 -0.138447642 0.0197254717
v -0.00555624999 -0.138893545 0.0199518502
v -0.00555624999 -0.139081284 0.0201889109
v -0.00555624999 -0.137607127 0.019971624
v -0.00555624999 -0.137538373 0.0200458784
v -0.00555624999 -0.138815209 0.0198878013
v -0.00555624999 -0.13738519 0.0203065947
v -0.00555624999 -0.137353778 0.0204027835
v -0.00555624999 -0.137478024 0.020127099
v -0.00555624999 -0.137332901 0.0205017962
v -0.00555624999 -0.137322798 0.0206024796
v -0.00555624999 -0.137426764 0.0202143416
v -0.00555624999 -0.138051018 0.0209366381
v -0.00555624999 -0.137227193 0.0212391168
v -0.00555624999 -0.13719888 0.0212545581
v -0.00555624999 -0.137323588 0.0207036659
v -0.00555624999 -0.137335256 0.0208041798
v -0.00555624999 -0.139315188 0.0203411952
v -0.00555624999 -0.13928327 0.0203365199
v -0.00555624999 -0.137253672 0.0212207176
v -0.00555624999 -0.13736555 0.0210306719
v -0.00555624999 -0.137358874 0.0210622251
v -0.00555624999 -0.139347419 0.0203424077
v -0.00555624999 -0.137278035 0.0211995728
v -0.00555624999 -0.137319222 0.02115006
v -0.00555624999 -0.137299955 0.0211759303
v -0.00555624999 -0.137348846 0.0210928768
v -0.00555624999 -0.137335569 0.0211222693
v -0.00555624999 -0.137368768 0.020998586
v -0.00555624999 -0.137357667 0.0209028535
v -0.00555624999 -0.13736482 0.0209343024
v -0.00555624999 -0.139098465 0.0202161986
v -0.00555624999 -0.139252052 0.020328436
v -0.00555624999 -0.139221892 0.0203170367
v -0.00555624999 -0.139379576 0.0203401409
v -0.00555624999 -0.139472038 0.020312937
v -0.00555624999 -0.139442265 0.020325318
v -0.00555624999 -0.13736853 0.0209663361
v -0.00555624999 -0.139141127 0.0202644542
v -0.00555624999 -0.139118493 0.0202414785
v -0.00555624999 -0.139193118 0.020302454
v -0.00555624999 -0.139166102 0.0202848576
v -0.00555624999 -0.139411315 0.0203344226
v -0.00555624999 -0.137169063 0.0212668572
v -0.00555624999 -0.137357667 0.0209028535
v 0.00555624999 -0.137357667 0.0209028535
v 0.00555624999 -0.13736482 0.0209343024
v -0.00555624999 -0.13736482 0.0209343024
v 0.00555624999 -0.13736853 0.0209663361
v -0.00555624999 -0.13736853 0.0209663361
v 0.00555624999 -0.137368768 0.020998586
v -0.00555624999 -0.137368768 0.020998586
v 0.00555624999 -0.13736555 0.0210306719
v -0.00555624999 -0.13736555 0.0210306719
v 0.00555624999 -0.137358874 0.0210622251
v -0.00555624999 -0.137358874 0.0210622251
v 0.00555624999 -0.137348846 0.0210928768
v -0.00555624999 -0.137348846 0.0210928768
v 0.00555624999 -0.137335569 0.0211222693
v -0.00555624999 -0.137335569 0.0211222693
v 0.00555624999 -0.137319222 0.02115006
v -0.00555624999 -0.137319222 0.02115006
v 0.00555624999 -0.137299955 0.0211759303
v -0.00555624999 -0.137299955 0.0211759303
v 0.00555624999 -0.137278035 0.0211995728
v -0.00555624999 -0.137278035 0.0211995728
v 0.00555624999 -0.137253672 0.0212207176
v -0.00555624999 -0.137253672 0.0212207176
v 0.00555624999 -0.137227193 0.0212391168
v -0.00555624999 -0.137227193 0.0212391168
v 0.00555624999 -0.13719888 0.0212545581
v -0.00555624999 -0.13719888 0.0212545581
v 0.00555624999 -0.137169063 0.0212668572
v -0.00555624999 -0.137169063 0.0212668572
v 0.00555624999 -0.137335256 0.0208041798
v 0.00555624999 -0.137357667 0.0209028535
v -0.00555624999 -0.137357667 0.0209028535
v 0.00555624999 -0.137323588 0.0207036659
v -0.00555624999 -0.137335256 0.0208041798
v 0.00555624999 -0.137322798 0.0206024796
v -0.00555624999 -0.137323588 0.0207036659
v 0.00555624999 -0.137332901 0.0205017962
v -0.00555624999 -0.137322798 0.0206024796
v 0.00555624999 -0.137353778 0.0204027835
v -0.00555624999 -0.137332901 0.0205017962
v 0.00555624999 -0.13738519 0.0203065947
v -0.00555624999 -0.137353778 0.0204027835
v 0.00555624999 -0.137426764 0.0202143416
v -0.00555624999 -0.13738519 0.0203065947
v 0.00555624999 -0.137478024 0.020127099
v -0.00555624999 -0.137426764 0.0202143416
v 0.00555624999 -0.137538373 0.0200458784
v -0.00555624999 -0.137478024 0.020127099
v 0.00555624999 -0.137607127 0.019971624
v -0.00555624999 -0.137538373 0.0200458784
v 0.00555624999 -0.137683451 0.0199051965
v -0.00555624999 -0.137607127 0.019971624
v 0.00555624999 -0.137766495 0.0198473688
v -0.00555624999 -0.137683451 0.0199051965
v 0.00555624999 -0.137855262 0.0197988097
v -0.00555624999 -0.137766495 0.0198473688
v 0.00555624999 -0.137948751 0.0197600871
v -0.00555624999 -0.137855262 0.0197988097
v 0.00555624999 -0.138045862 0.0197316483
v -0.00555624999 -0.137948751 0.0197600871
v 0.00555624999 -0.138145477 0.0197138228
v -0.00555624999 -0.138045862 0.0197316483
v 0.00555624999 -0.138246417 0.0197068192
v -0.00555624999 -0.138145477 0.0197138228
v 0.00555624999 -0.138347536 0.0197107159
v -0.00555624999 -0.138246417 0.0197068192
v 0.00555624999 -0.138447642 0.0197254717
v -0.00555624999 -0.138347536 0.0197107159
v 0.00555624999 -0.138545573 0.0197509136
v -0.00555624999 -0.138447642 0.0197254717
v 0.00555624999 -0.13864021 0.0197867453
v -0.00555624999 -0.138545573 0.0197509136
v 0.00555624999 -0.138730437 0.0198325515
v -0.00555624999 -0.13864021 0.0197867453
v 0.00555624999 -0.138815209 0.0198878013
v -0.00555624999 -0.138730437 0.0198325515
v 0.00555624999 -0.138893545 0.0199518502
v -0.00555624999 -0.138815209 0.0198878013
v 0.00555624999 -0.138964534 0.0200239569
v -0.00555624999 -0.138893545 0.0199518502
v 0.00555624999 -0.139027357 0.0201032851
v -0.00555624999 -0.138964534 0.0200239569
v 0.00555624999 -0.139081284 0.0201889109
v -0.00555624999 -0.139027357 0.0201032851
v -0.00555624999 -0.139081284 0.0201889109
v 0.00555624999 -0.141146496 0.0184517223
v 0.00555624999 -0.14074564 0.0184238795
v 0.00555624999 -0.140846387 0.0184145458
v 0.00555624999 -0.140213385 0.0186940413
v 0.00555624999 -0.141499013 0.0186445713
v 0.00555624999 -0.141571641 0.0187150203
v 0.00555624999 -0.141241923 0.0184853598
v 0.00555624999 -0.141333193 0.0185290705
v 0.00555624999 -0.140947565 0.0184161086
v 0.00555624999 -0.140550032 0.0184746739
v 0.00555624999 -0.140646473 0.0184439998
v 0.00555624999 -0.140369833 0.0185661409
v 0.00555624999 -0.140457466 0.0185155459
v 0.00555624999 -0.140288159 0.0186258703
v 0.00555624999 -0.141419217 0.0185823478
v 0.00555624999 -0.141636282 0.0187928751
v 0.00555624999 -0.140087903 0.0188524574
v 0.00555624999 -0.140146375 0.018769864
v 0.00555624999 -0.141047984 0.0184285492
v 0.00555624999 -0.140038669 0.0189408604
v 0.00555624999 -0.139951468 0.0192304049
v 0.00555624999 -0.139970049 0.0191309378
v 0.00555624999 -0.139960811 0.0195326526
v 0.00555624999 -0.139946818 0.0194324348
v 0.00555624999 -0.139999241 0.0190340467
v 0.00555624999 -0.139943689 0.019331295
v 0.00555624999 -0.140020609 0.0197256859
v 0.00555624999 -0.139985502 0.0196307823
v 0.00555624999 -0.1400318 0.0197559334
v 0.00555624999 -0.141705468 0.018859962
v 0.00555624999 -0.141732901 0.0188769307
v 0.00555624999 -0.141823813 0.018908916
v 0.00555624999 -0.141855821 0.0189128574
v 0.00555624999 -0.141680032 0.018840136
v 0.00555624999 -0.140044108 0.0198191497
v 0.00555624999 -0.14201197 0.0188810006
v 0.00555624999 -0.140265763 0.0199119858
v 0.00555624999 -0.139881134 0.0201111957
v 0.00555624999 -0.139909074 0.0200951081
v 0.00555624999 -0.141888067 0.0189133268
v 0.00555624999 -0.141920164 0.0189103223
v 0.00555624999 -0.141792417 0.018901553
v 0.00555624999 -0.141761988 0.0188908484
v 0.00555624999 -0.140045092 0.0198513847
v 0.00555624999 -0.140036657 0.0199152362
v 0.00555624999 -0.140042603 0.0198835377
v 0.00555624999 -0.140014753 0.0199757982
v 0.00555624999 -0.140027344 0.0199461095
v 0.00555624999 -0.139958993 0.0200544074
v 0.00555624999 -0.139980376 0.0200302638
v 0.00555624999 -0.139935136 0.0200761054
v 0.00555624999 -0.14195177 0.0189038757
v 0.00555624999 -0.140039653 0.0197872091
v 0.00555624999 -0.141982496 0.0188940633
v 0.00555624999 -0.139999032 0.0200039595
v 0.00555624999 -0.141656891 0.0188176874
v 0.00555624999 -0.14203988 0.0188648365
v 0.00555624999 -0.14203988 0.0188648365
v -0.00555624999 -0.14203988 0.0188648365
v -0.00555624999 -0.142356738 0.0186538845
v -0.00555624999 -0.142419145 0.0186114237
v 0.00555624999 -0.142419145 0.0186114237
v 0.00555624999 -0.142356738 0.0186538845
v 0.00555624999 -0.141636282 0.0187928751
v -0.00555624999 -0.141636282 0.0187928751
v -0.00555624999 -0.141656891 0.0188176874
v 0.00555624999 -0.141656891 0.0188176874
v -0.00555624999 -0.141680032 0.018840136
v 0.00555624999 -0.141680032 0.018840136
v -0.00555624999 -0.141705468 0.018859962
v 0.00555624999 -0.141705468 0.018859962
v -0.00555624999 -0.141732901 0.0188769307
v 0.00555624999 -0.141732901 0.0188769307
v -0.00555624999 -0.141761988 0.0188908484
v 0.00555624999 -0.141761988 0.0188908484
v -0.00555624999 -0.141792417 0.018901553
v 0.00555624999 -0.141792417 0.018901553
v -0.00555624999 -0.141823813 0.018908916
v 0.00555624999 -0.141823813 0.018908916
v -0.00555624999 -0.141855821 0.0189128574
v 0.00555624999 -0.141855821 0.0189128574
v -0.00555624999 -0.141888067 0.0189133268
v 0.00555624999 -0.141888067 0.0189133268
v -0.00555624999 -0.141920164 0.0189103223
v 0.00555624999 -0.141920164 0.0189103223
v -0.00555624999 -0.14195177 0.0189038757
v 0.00555624999 -0.14195177 0.0189038757
v -0.00555624999 -0.141982496 0.0188940633
v 0.00555624999 -0.141982496 0.0188940633
v -0.00555624999 -0.14201197 0.0188810006
v 0.00555624999 -0.14201197 0.0188810006
v -0.00555624999 -0.14203988 0.0188648365
v 0.00555624999 -0.14203988 0.0188648365
v -0.00555624999 -0.141146496 0.0184517223
v -0.00555624999 -0.140947565 0.0184161086
v -0.00555624999 -0.140846387 0.0184145458
v -0.00555624999 -0.140369833 0.0185661409
v -0.00555624999 -0.140288159 0.0186258703
v -0.00555624999 -0.140550032 0.0184746739
v -0.00555624999 -0.140457466 0.0185155459
v -0.00555624999 -0.14074564 0.0184238795
v -0.00555624999 -0.140646473 0.0184439998
v -0.00555624999 -0.141047984 0.0184285492
v -0.00555624999 -0.140213385 0.0186940413
v -0.00555624999 -0.141333193 0.0185290705
v -0.00555624999 -0.141241923 0.0184853598
v -0.00555624999 -0.141636282 0.0187928751
v -0.00555624999 -0.141571641 0.0187150203
v -0.00555624999 -0.141419217 0.0185823478
v -0.00555624999 -0.141499013 0.0186445713
v -0.00555624999 -0.140146375 0.018769864
v -0.00555624999 -0.139943689 0.019331295
v -0.00555624999 -0.139946818 0.0194324348
v -0.00555624999 -0.139999241 0.0190340467
v -0.00555624999 -0.139970049 0.0191309378
v -0.00555624999 -0.140087903 0.0188524574
v -0.00555624999 -0.139960811 0.0195326526
v -0.00555624999 -0.139985502 0.0196307823
v -0.00555624999 -0.139951468 0.0192304049
v -0.00555624999 -0.140038669 0.0189408604
v -0.00555624999 -0.140265763 0.0199119858
v -0.00555624999 -0.14203988 0.0188648365
v -0.00555624999 -0.14201197 0.0188810006
v -0.00555624999 -0.1400318 0.0197559334
v -0.00555624999 -0.141761988 0.0188908484
v -0.00555624999 -0.141732901 0.0188769307
v -0.00555624999 -0.140045092 0.0198513847
v -0.00555624999 -0.141705468 0.018859962
v -0.00555624999 -0.141888067 0.0189133268
v -0.00555624999 -0.141855821 0.0189128574
v -0.00555624999 -0.139958993 0.0200544074
v -0.00555624999 -0.139935136 0.0200761054
v -0.00555624999 -0.139999032 0.0200039595
v -0.00555624999 -0.139980376 0.0200302638
v -0.00555624999 -0.140036657 0.0199152362
v -0.00555624999 -0.140027344 0.0199461095
v -0.00555624999 -0.140042603 0.0198835377
v -0.00555624999 -0.140039653 0.0197872091
v -0.00555624999 -0.140044108 0.0198191497
v -0.00555624999 -0.140020609 0.0197256859
v -0.00555624999 -0.141792417 0.018901553
v -0.00555624999 -0.141823813 0.018908916
v -0.00555624999 -0.14195177 0.0189038757
v -0.00555624999 -0.141920164 0.0189103223
v -0.00555624999 -0.140014753 0.0199757982
v -0.00555624999 -0.141982496 0.0188940633
v -0.00555624999 -0.141656891 0.0188176874
v -0.00555624999 -0.141680032 0.018840136
v -0.00555624999 -0.139909074 0.0200951081
v -0.00555624999 -0.139881134 0.0201111957
v -0.00555624999 -0.140020609 0.0197256859
v 0.00555624999 -0.140020609 0.0197256859
v 0.00555624999 -0.1400318 0.0197559334
v -0.00555624999 -0.1400318 0.0197559334
v 0.00555624999 -0.140039653 0.0197872091
v -0.00555624999 -0.140039653 0.0197872091
v 0.00555624999 -0.140044108 0.0198191497
v -0.00555624999 -0.140044108 0.0198191497
v 0.00555624999 -0.140045092 0.0198513847
v -0.00555624999 -0.140045092 0.0198513847
v 0.00555624999 -0.140042603 0.0198835377
v -0.00555624999 -0.140042603 0.0198835377
v 0.00555624999 -0.140036657 0.0199152362
v -0.00555624999 -0.140036657 0.0199152362
v 0.00555624999 -0.140027344 0.0199461095
v -0.00555624999 -0.140027344 0.0199461095
v 0.00555624999 -0.140014753 0.0199757982
v -0.00555624999 -0.140014753 0.0199757982
v 0.00555624999 -0.139999032 0.0200039595
v -0.00555624999 -0.139999032 0.0200039595
v 0.00555624999 -0.139980376 0.0200302638
v -0.00555624999 -0.139980376 0.0200302638
v 0.00555624999 -0.139958993 0.0200544074
v -0.00555624999 -0.139958993 0.0200544074
v 0.00555624999 -0.139935136 0.0200761054
v -0.00555624999 -0.139935136 0.0200761054
v 0.00555624999 -0.139909074 0.0200951081
v -0.00555624999 -0.139909074 0.0200951081
v 0.00555624999 -0.139881134 0.0201111957
v -0.00555624999 -0.139881134 0.0201111957
v 0.00555624999 -0.139985502 0.0196307823
v 0.00555624999 -0.140020609 0.0197256859
v -0.00555624999 -0.140020609 0.0197256859
v 0.00555624999 -0.139960811 0.0195326526
v -0.00555624999 -0.139985502 0.0196307823
v 0.00555624999 -0.139946818 0.0194324348
v -0.00555624999 -0.139960811 0.0195326526
v 0.00555624999 -0.139943689 0.019331295
v -0.00555624999 -0.139946818 0.0194324348
v 0.00555624999 -0.139951468 0.0192304049
v -0.00555624999 -0.139943689 0.019331295
v 0.00555624999 -0.139970049 0.0191309378
v -0.00555624999 -0.139951468 0.0192304049
v 0.00555624999 -0.139999241 0.0190340467
v -0.00555624999 -0.139970049 0.0191309378
v 0.00555624999 -0.140038669 0.0189408604
v -0.00555624999 -0.139999241 0.0190340467
v 0.00555624999 -0.140087903 0.0188524574
v -0.00555624999 -0.140038669 0.0189408604
v 0.00555624999 -0.140146375 0.018769864
v -0.00555624999 -0.140087903 0.0188524574
v 0.00555624999 -0.140213385 0.0186940413
v -0.00555624999 -0.140146375 0.018769864
v 0.00555624999 -0.140288159 0.0186258703
v -0.00555624999 -0.140213385 0.0186940413
v 0.00555624999 -0.140369833 0.0185661409
v -0.00555624999 -0.140288159 0.0186258703
v 0.00555624999 -0.140457466 0.0185155459
v -0.00555624999 -0.140369833 0.0185661409
v 0.00555624999 -0.140550032 0.0184746739
v -0.00555624999 -0.140457466 0.0185155459
v 0.00555624999 -0.140646473 0.0184439998
v -0.00555624999 -0.140550032 0.0184746739
v 0.00555624999 -0.14074564 0.0184238795
v -0.00555624999 -0.140646473 0.0184439998
v 0.00555624999 -0.140846387 0.0184145458
v -0.00555624999 -0.14074564 0.0184238795
v 0.00555624999 -0.140947565 0.0184161086
v -0.00555624999 -0.140846387 0.0184145458
v 0.00555624999 -0.141047984 0.0184285492
v -0.00555624999 -0.140947565 0.0184161086
v 0.00555624999 -0.141146496 0.0184517223
v -0.00555624999 -0.141047984 0.0184285492
v 0.00555624999 -0.141241923 0.0184853598
v -0.00555624999 -0.141146496 0.0184517223
v 0.00555624999 -0.141333193 0.0185290705
v -0.00555624999 -0.141241923 0.0184853598
v 0.00555624999 -0.141419217 0.0185823478
v -0.00555624999 -0.141333193 0.0185290705
v 0.00555624999 -0.141499013 0.0186445713
v -0.00555624999 -0.141419217 0.0185823478
v 0.00555624999 -0.141571641 0.0187150203
v -0.00555624999 -0.141499013 0.0186445713
v 0.00555624999 -0.141636282 0.0187928751
v -0.00555624999 -0.141571641 0.0187150203
v -0.00555624999 -0.141636282 0.0187928751
v 0.00555624999 -0.142960325 0.0168585945
v 0.00555624999 -0.143556088 0.016821878
v 0.00555624999 -0.143652275 0.0168533027
v 0.00555624999 -0.14345707 0.0168009866
v 0.00555624999 -0.143356398 0.0167908669
v 0.00555624999 -0.14305602 0.0168257039
v 0.00555624999 -0.143831745 0.0169461723
v 0.00555624999 -0.143912956 0.0170065369
v 0.00555624999 -0.143154696 0.0168032981
v 0.00555624999 -0.143987209 0.017075289
v 0.00555624999 -0.142782286 0.0169541985
v 0.00555624999 -0.142868727 0.0169015937
v 0.00555624999 -0.142628819 0.0170856789
v 0.00555624999 -0.142701998 0.017015798
v 0.00555624999 -0.143744513 0.0168948956
v 0.00555624999 -0.143255204 0.0167916417
v 0.00555624999 -0.142563581 0.0171630271
v 0.00555624999 -0.142459854 0.0173364636
v 0.00555624999 -0.142507032 0.0172469467
v 0.00555624999 -0.142422587 0.0174305364
v 0.00555624999 -0.142373919 0.0177289881
v 0.00555624999 -0.142379358 0.0176279452
v 0.00555624999 -0.142507106 0.018211009
v 0.00555624999 -0.142459914 0.0181214996
v 0.00555624999 -0.142395645 0.0175280757
v 0.00555624999 -0.142395675 0.0179298967
v 0.00555624999 -0.142379373 0.0178300291
v 0.00555624999 -0.142422631 0.0180274304
v 0.00555624999 -0.142522156 0.0182395354
v 0.00555624999 -0.144220516 0.0171655901
v 0.00555624999 -0.144252554 0.0171618462
v 0.00555624999 -0.144299448 0.0171770845
v 0.00555624999 -0.144064561 0.0171327703
v 0.00555624999 -0.144093961 0.0171460155
v 0.00555624999 -0.14418827 0.0171658602
v 0.00555624999 -0.144124627 0.0171560161
v 0.00555624999 -0.144156188 0.0171626583
v 0.00555624999 -0.144036755 0.0171164349
v 0.00555624999 -0.144010872 0.0170972012
v 0.00555624999 -0.14244476 0.0185918268
v 0.00555624999 -0.14246811 0.0185695849
v 0.00555624999 -0.144283995 0.017154675
v 0.00555624999 -0.144314483 0.0171441603
v 0.00555624999 -0.142542616 0.0183006041
v 0.00555624999 -0.142534032 0.0182695184
v 0.00555624999 -0.142533943 0.0184597448
v 0.00555624999 -0.142542556 0.0184286665
v 0.00555624999 -0.142506972 0.0185182318
v 0.00555624999 -0.142522037 0.0184897166
v 0.00555624999 -0.142488927 0.0185449589
v 0.00555624999 -0.142547801 0.0183324348
v 0.00555624999 -0.142547771 0.0183968395
v 0.00555624999 -0.142549515 0.0183646381
v 0.00555624999 -0.142419145 0.0186114237
v 0.00555624999 -0.144343659 0.0171304233
v 0.00555624999 -0.144371182 0.0171136223
v 0.00555624999 -0.144396752 0.0170939546
v -0.00555624999 -0.144739687 0.0167932063
v 0.00555624999 -0.144739687 0.0167932063
v 0.00555624999 -0.144396752 0.0170939546
v -0.00555624999 -0.144396752 0.0170939546
v 0.00555624999 -0.143987209 0.017075289
v -0.00555624999 -0.143987209 0.017075289
v -0.00555624999 -0.144010872 0.0170972012
v 0.00555624999 -0.144010872 0.0170972012
v -0.00555624999 -0.144036755 0.0171164349
v 0.00555624999 -0.144036755 0.0171164349
v -0.00555624999 -0.144064561 0.0171327703
v 0.00555624999 -0.144064561 0.0171327703
v -0.00555624999 -0.144093961 0.0171460155
v 0.00555624999 -0.144093961 0.0171460155
v -0.00555624999 -0.144124627 0.0171560161
v 0.00555624999 -0.144124627 0.0171560161
v -0.00555624999 -0.144156188 0.0171626583
v 0.00555624999 -0.144156188 0.0171626583
v -0.00555624999 -0.14418827 0.0171658602
v 0.00555624999 -0.14418827 0.0171658602
v -0.00555624999 -0.144220516 0.0171655901
v 0.00555624999 -0.144220516 0.0171655901
v -0.00555624999 -0.144252554 0.0171618462
v 0.00555624999 -0.144252554 0.0171618462
v -0.00555624999 -0.144283995 0.017154675
v 0.00555624999 -0.144283995 0.017154675
v -0.00555624999 -0.144314483 0.0171441603
v 0.00555624999 -0.144314483 0.0171441603
v -0.00555624999 -0.144343659 0.0171304233
v 0.00555624999 -0.144343659 0.0171304233
v -0.00555624999 -0.144371182 0.0171136223
v 0.00555624999 -0.144371182 0.0171136223
v -0.00555624999 -0.144396752 0.0170939546
v 0.00555624999 -0.144396752 0.0170939546
v -0.00555624999 -0.143356398 0.0167908669
v -0.00555624999 -0.143154696 0.0168032981
v -0.00555624999 -0.14305602 0.0168257039
v -0.00555624999 -0.143255204 0.0167916417
v -0.00555624999 -0.142960325 0.0168585945
v -0.00555624999 -0.143744513 0.0168948956
v -0.00555624999 -0.143652275 0.0168533027
v -0.00555624999 -0.143987209 0.017075289
v -0.00555624999 -0.142782286 0.0169541985
v -0.00555624999 -0.142701998 0.017015798
v -0.00555624999 -0.142868727 0.0169015937
v -0.00555624999 -0.14345707 0.0168009866
v -0.00555624999 -0.143556088 0.016821878
v -0.00555624999 -0.143912956 0.0170065369
v -0.00555624999 -0.143831745 0.0169461723
v -0.00555624999 -0.142563581 0.0171630271
v -0.00555624999 -0.142507032 0.0172469467
v -0.00555624999 -0.142628819 0.0170856789
v -0.00555624999 -0.142422631 0.0180274304
v -0.00555624999 -0.142459914 0.0181214996
v -0.00555624999 -0.142395645 0.0175280757
v -0.00555624999 -0.142379358 0.0176279452
v -0.00555624999 -0.142459854 0.0173364636
v -0.00555624999 -0.142395675 0.0179298967
v -0.00555624999 -0.142373919 0.0177289881
v -0.00555624999 -0.142379373 0.0178300291
v -0.00555624999 -0.142422587 0.0174305364
v -0.00555624999 -0.142507106 0.018211009
v -0.00555624999 -0.142522156 0.0182395354
v -0.00555624999 -0.144299448 0.0171770845
v -0.00555624999 -0.144252554 0.0171618462
v -0.00555624999 -0.144010872 0.0170972012
v -0.00555624999 -0.144124627 0.0171560161
v -0.00555624999 -0.144093961 0.0171460155
v -0.00555624999 -0.144283995 0.017154675
v -0.00555624999 -0.142506972 0.0185182318
v -0.00555624999 -0.142488927 0.0185449589
v -0.00555624999 -0.142533943 0.0184597448
v -0.00555624999 -0.142522037 0.0184897166
v -0.00555624999 -0.142547771 0.0183968395
v -0.00555624999 -0.142542556 0.0184286665
v -0.00555624999 -0.142534032 0.0182695184
v -0.00555624999 -0.144036755 0.0171164349
v -0.00555624999 -0.144064561 0.0171327703
v -0.00555624999 -0.14418827 0.0171658602
v -0.00555624999 -0.144156188 0.0171626583
v -0.00555624999 -0.144220516 0.0171655901
v -0.00555624999 -0.14246811 0.0185695849
v -0.00555624999 -0.142547801 0.0183324348
v -0.00555624999 -0.142549515 0.0183646381
v -0.00555624999 -0.142542616 0.0183006041
v -0.00555624999 -0.144343659 0.0171304233
v -0.00555624999 -0.144314483 0.0171441603
v -0.00555624999 -0.144396752 0.0170939546
v -0.00555624999 -0.144371182 0.0171136223
v -0.00555624999 -0.14244476 0.0185918268
v -0.00555624999 -0.142419145 0.0186114237
v -0.00555624999 -0.142507106 0.018211009
v 0.00555624999 -0.142507106 0.018211009
v 0.00555624999 -0.142522156 0.0182395354
v -0.00555624999 -0.142522156 0.0182395354
v 0.00555624999 -0.142534032 0.0182695184
v -0.00555624999 -0.142534032 0.0182695184
v 0.00555624999 -0.142542616 0.0183006041
v -0.00555624999 -0.142542616 0.0183006041
v 0.00555624999 -0.142547801 0.0183324348
v -0.00555624999 -0.142547801 0.0183324348
v 0.00555624999 -0.142549515 0.0183646381
v -0.00555624999 -0.142549515 0.0183646381
v 0.00555624999 -0.142547771 0.0183968395
v -0.00555624999 -0.142547771 0.0183968395
v 0.00555624999 -0.142542556 0.0184286665
v -0.00555624999 -0.142542556 0.0184286665
v 0.00555624999 -0.142533943 0.0184597448
v -0.00555624999 -0.142533943 0.0184597448
v 0.00555624999 -0.142522037 0.0184897166
v -0.00555624999 -0.142522037 0.0184897166
v 0.00555624999 -0.142506972 0.0185182318
v -0.00555624999 -0.142506972 0.0185182318
v 0.00555624999 -0.142488927 0.0185449589
v -0.00555624999 -0.142488927 0.0185449589
v 0.00555624999 -0.14246811 0.0185695849
v -0.00555624999 -0.14246811 0.0185695849
v 0.00555624999 -0.14244476 0.0185918268
v -0.00555624999 -0.14244476 0.0185918268
v 0.00555624999 -0.142419145 0.0186114237
v -0.00555624999 -0.142419145 0.0186114237
v 0.00555624999 -0.142459914 0.0181214996
v 0.00555624999 -0.142507106 0.018211009
v -0.00555624999 -0.142507106 0.018211009
v 0.00555624999 -0.142422631 0.0180274304
v -0.00555624999 -0.142459914 0.0181214996
v 0.00555624999 -0.142395675 0.0179298967
v -0.00555624999 -0.142422631 0.0180274304
v 0.00555624999 -0.142379373 0.0178300291
v -0.00555624999 -0.142395675 0.0179298967
v 0.00555624999 -0.142373919 0.0177289881
v -0.00555624999 -0.142379373 0.0178300291
v 0.00555624999 -0.142379358 0.0176279452
v -0.00555624999 -0.142373919 0.0177289881
v 0.00555624999 -0.142395645 0.0175280757
v -0.00555624999 -0.142379358 0.0176279452
v 0.00555624999 -0.142422587 0.0174305364
v -0.00555624999 -0.142395645 0.0175280757
v 0.00555624999 -0.142459854 0.0173364636
v -0.00555624999 -0.142422587 0.0174305364
v 0.00555624999 -0.142507032 0.0172469467
v -0.00555624999 -0.142459854 0.0173364636
v 0.00555624999 -0.142563581 0.0171630271
v -0.00555624999 -0.142507032 0.0172469467
v 0.00555624999 -0.142628819 0.0170856789
v -0.00555624999 -0.142563581 0.0171630271
v 0.00555624999 -0.142701998 0.017015798
v -0.00555624999 -0.142628819 0.0170856789
v 0.00555624999 -0.142782286 0.0169541985
v -0.00555624999 -0.142701998 0.017015798
v 0.00555624999 -0.142868727 0.0169015937
v -0.00555624999 -0.142782286 0.0169541985
v 0.00555624999 -0.142960325 0.0168585945
v -0.00555624999 -0.142868727 0.0169015937
v 0.00555624999 -0.14305602 0.0168257039
v -0.00555624999 -0.142960325 0.0168585945
v 0.00555624999 -0.143154696 0.0168032981
v -0.00555624999 -0.14305602 0.0168257039
v 0.00555624999 -0.143255204 0.0167916417
v -0.00555624999 -0.143154696 0.0168032981
v 0.00555624999 -0.143356398 0.0167908669
v -0.00555624999 -0.143255204 0.0167916417
v 0.00555624999 -0.14345707 0.0168009866
v -0.00555624999 -0.143356398 0.0167908669
v 0.00555624999 -0.143556088 0.016821878
v -0.00555624999 -0.14345707 0.0168009866
v 0.00555624999 -0.143652275 0.0168533027
v -0.00555624999 -0.143556088 0.016821878
v 0.00555624999 -0.143744513 0.0168948956
v -0.00555624999 -0.143652275 0.0168533027
v 0.00555624999 -0.143831745 0.0169461723
v -0.00555624999 -0.143744513 0.0168948956
v 0.00555624999 -0.143912956 0.0170065369
v -0.00555624999 -0.143831745 0.0169461723
v 0.00555624999 -0.143987209 0.017075289
v -0.00555624999 -0.143912956 0.0170065369
v -0.00555624999 -0.143987209 0.017075289
v 0.00555624999 -0.145047441 0.0149847353
v 0.00555624999 -0.14533107 0.0148798637
v 0.00555624999 -0.14543128 0.0148658892
v 0.00555624999 -0.145138025 0.0149396341
v 0.00555624999 -0.145232931 0.014904541
v 0.00555624999 -0.144883409 0.015102759
v 0.00555624999 -0.145732775 0.0148891713
v 0.00555624999 -0.145829663 0.0149183674
v 0.00555624999 -0.145532429 0.0148627795
v 0.00555624999 -0.14563331 0.01487057
v 0.00555624999 -0.144962236 0.015039322
v 0.00555624999 -0.14609383 0.0150655406
v 0.00555624999 -0.144716159 0.0163021497
v 0.00555624999 -0.14466691 0.0162137542
v 0.00555624999 -0.145922855 0.0149578182
v 0.00555624999 -0.144693837 0.0153383482
v 0.00555624999 -0.14474842 0.0152531452
v 0.00555624999 -0.144627467 0.0161205735
v 0.00555624999 -0.146011248 0.0150070665
v 0.00555624999 -0.144811854 0.0151743107
v 0.00555624999 -0.144574985 0.0157221928
v 0.00555624999 -0.144588962 0.0156219732
v 0.00555624999 -0.144598261 0.016023688
v 0.00555624999 -0.144579664 0.0159242228
v 0.00555624999 -0.144774631 0.0163847338
v 0.00555624999 -0.144613639 0.0155238397
v 0.00555624999 -0.144648731 0.0154289305
v 0.00555624999 -0.144571871 0.0158233345
v 0.00555624999 -0.146071076 0.0154988971
v 0.00555624999 -0.146178022 0.0151124327
v 0.00555624999 -0.146208912 0.0151217263
v 0.00555624999 -0.146272764 0.0151301045
v 0.00555624999 -0.146304995 0.0151290921
v 0.00555624999 -0.146240607 0.0151276402
v 0.00555624999 -0.144739687 0.0167932063
v 0.00555624999 -0.144762516 0.0167704336
v 0.00555624999 -0.146336928 0.0151246144
v 0.00555624999 -0.146148324 0.0150998663
v 0.00555624999 -0.146120146 0.0150841754
v 0.00555624999 -0.144793272 0.0164110549
v 0.00555624999 -0.144800201 0.0167181995
v 0.00555624999 -0.144814596 0.0166893471
v 0.00555624999 -0.144782767 0.0167453345
v 0.00555624999 -0.14639844 0.0151055092
v 0.00555624999 -0.146427289 0.0150911035
v 0.00555624999 -0.146368206 0.0151167223
v 0.00555624999 -0.144830823 0.0164998118
v 0.00555624999 -0.144808963 0.0164392292
v 0.00555624999 -0.146454424 0.0150736747
v 0.00555624999 -0.144821525 0.016468931
v 0.00555624999 -0.144833714 0.0166278407
v 0.00555624999 -0.144838184 0.0165959038
v 0.00555624999 -0.144825816 0.0166591089
v 0.00555624999 -0.144839197 0.0165636688
v 0.00555624999 -0.144836739 0.016531514
v 0.00555624999 -0.146479532 0.015053425
v 0.00555624999 -0.146502301 0.0150305899
v -0.00555624999 -0.146803051 0.0146876527
v 0.00555624999 -0.146803051 0.0146876527
v 0.00555624999 -0.146502301 0.0150305899
v -0.00555624999 -0.146502301 0.0150305899
v 0.00555624999 -0.14609383 0.0150655406
v -0.00555624999 -0.14609383 0.0150655406
v -0.00555624999 -0.146120146 0.0150841754
v 0.00555624999 -0.146120146 0.0150841754
v -0.00555624999 -0.146148324 0.0150998663
v 0.00555624999 -0.146148324 0.0150998663
v -0.00555624999 -0.146178022 0.0151124327
v 0.00555624999 -0.146178022 0.0151124327
v -0.00555624999 -0.146208912 0.0151217263
v 0.00555624999 -0.146208912 0.0151217263
v -0.00555624999 -0.146240607 0.0151276402
v 0.00555624999 -0.146240607 0.0151276402
v -0.00555624999 -0.146272764 0.0151301045
v 0.00555624999 -0.146272764 0.0151301045
v -0.00555624999 -0.146304995 0.0151290921
v 0.00555624999 -0.146304995 0.0151290921
v -0.00555624999 -0.146336928 0.0151246144
v 0.00555624999 -0.146336928 0.0151246144
v -0.00555624999 -0.146368206 0.0151167223
v 0.00555624999 -0.146368206 0.0151167223
v -0.00555624999 -0.14639844 0.0151055092
v 0.00555624999 -0.14639844 0.0151055092
v -0.00555624999 -0.146427289 0.0150911035
v 0.00555624999 -0.146427289 0.0150911035
v -0.00555624999 -0.146454424 0.0150736747
v 0.00555624999 -0.146454424 0.0150736747
v -0.00555624999 -0.146479532 0.015053425
v 0.00555624999 -0.146479532 0.015053425
v -0.00555624999 -0.146502301 0.0150305899
v 0.00555624999 -0.146502301 0.0150305899
v -0.00555624999 -0.145047441 0.0149847353
v -0.00555624999 -0.14533107 0.0148798637
v -0.00555624999 -0.145232931 0.014904541
v -0.00555624999 -0.145532429 0.0148627795
v -0.00555624999 -0.14543128 0.0148658892
v -0.00555624999 -0.144962236 0.015039322
v -0.00555624999 -0.144883409 0.015102759
v -0.00555624999 -0.145732775 0.0148891713
v -0.00555624999 -0.14563331 0.01487057
v -0.00555624999 -0.145922855 0.0149578182
v -0.00555624999 -0.145829663 0.0149183674
v -0.00555624999 -0.145138025 0.0149396341
v -0.00555624999 -0.14609383 0.0150655406
v -0.00555624999 -0.144627467 0.0161205735
v -0.00555624999 -0.14466691 0.0162137542
v -0.00555624999 -0.144598261 0.016023688
v -0.00555624999 -0.144811854 0.0151743107
v -0.00555624999 -0.14474842 0.0152531452
v -0.00555624999 -0.146011248 0.0150070665
v -0.00555624999 -0.144716159 0.0163021497
v -0.00555624999 -0.144571871 0.0158233345
v -0.00555624999 -0.144579664 0.0159242228
v -0.00555624999 -0.144613639 0.0155238397
v -0.00555624999 -0.144588962 0.0156219732
v -0.00555624999 -0.144574985 0.0157221928
v -0.00555624999 -0.144693837 0.0153383482
v -0.00555624999 -0.144648731 0.0154289305
v -0.00555624999 -0.144830823 0.0164998118
v -0.00555624999 -0.146240607 0.0151276402
v -0.00555624999 -0.146208912 0.0151217263
v -0.00555624999 -0.146272764 0.0151301045
v -0.00555624999 -0.146336928 0.0151246144
v -0.00555624999 -0.146304995 0.0151290921
v -0.00555624999 -0.146071076 0.0154988971
v -0.00555624999 -0.144814596 0.0166893471
v -0.00555624999 -0.144800201 0.0167181995
v -0.00555624999 -0.144774631 0.0163847338
v -0.00555624999 -0.146120146 0.0150841754
v -0.00555624999 -0.146178022 0.0151124327
v -0.00555624999 -0.146368206 0.0151167223
v -0.00555624999 -0.144782767 0.0167453345
v -0.00555624999 -0.144762516 0.0167704336
v -0.00555624999 -0.144825816 0.0166591089
v -0.00555624999 -0.146148324 0.0150998663
v -0.00555624999 -0.14639844 0.0151055092
v -0.00555624999 -0.146454424 0.0150736747
v -0.00555624999 -0.146427289 0.0150911035
v -0.00555624999 -0.144793272 0.0164110549
v -0.00555624999 -0.146479532 0.015053425
v -0.00555624999 -0.144833714 0.0166278407
v -0.00555624999 -0.144839197 0.0165636688
v -0.00555624999 -0.144838184 0.0165959038
v -0.00555624999 -0.144808963 0.0164392292
v -0.00555624999 -0.146502301 0.0150305899
v -0.00555624999 -0.144836739 0.016531514
v -0.00555624999 -0.144821525 0.016468931
v -0.00555624999 -0.144739687 0.0167932063
v -0.00555624999 -0.144774631 0.0163847338
v 0.00555624999 -0.144774631 0.0163847338
v 0.00555624999 -0.144793272 0.0164110549
v -0.00555624999 -0.144793272 0.0164110549
v 0.00555624999 -0.144808963 0.0164392292
v -0.00555624999 -0.144808963 0.0164392292
v 0.00555624999 -0.144821525 0.016468931
v -0.00555624999 -0.144821525 0.016468931
v 0.00555624999 -0.144830823 0.0164998118
v -0.00555624999 -0.144830823 0.0164998118
v 0.00555624999 -0.144836739 0.016531514
v -0.00555624999 -0.144836739 0.016531514
v 0.00555624999 -0.144839197 0.0165636688
v -0.00555624999 -0.144839197 0.0165636688
v 0.00555624999 -0.144838184 0.0165959038
v -0.00555624999 -0.144838184 0.0165959038
v 0.00555624999 -0.144833714 0.0166278407
v -0.00555624999 -0.144833714 0.0166278407
v 0.00555624999 -0.144825816 0.0166591089
v -0.00555624999 -0.144825816 0.0166591089
v 0.00555624999 -0.144814596 0.0166893471
v -0.00555624999 -0.144814596 0.0166893471
v 0.00555624999 -0.144800201 0.0167181995
v -0.00555624999 -0.144800201 0.0167181995
v 0.00555624999 -0.144782767 0.0167453345
v -0.00555624999 -0.144782767 0.0167453345
v 0.00555624999 -0.144762516 0.0167704336
v -0.00555624999 -0.144762516 0.0167704336
v 0.00555624999 -0.144739687 0.0167932063
v -0.00555624999 -0.144739687 0.0167932063
v 0.00555624999 -0.144716159 0.0163021497
v 0.00555624999 -0.144774631 0.0163847338
v -0.00555624999 -0.144774631 0.0163847338
v 0.00555624999 -0.14466691 0.0162137542
v -0.00555624999 -0.144716159 0.0163021497
v 0.00555624999 -0.144627467 0.0161205735
v -0.00555624999 -0.14466691 0.0162137542
v 0.00555624999 -0.144598261 0.016023688
v -0.00555624999 -0.144627467 0.0161205735
v 0.00555624999 -0.144579664 0.0159242228
v -0.00555624999 -0.144598261 0.016023688
v 0.00555624999 -0.144571871 0.0158233345
v -0.00555624999 -0.144579664 0.0159242228
v 0.00555624999 -0.144574985 0.0157221928
v -0.00555624999 -0.144571871 0.0158233345
v 0.00555624999 -0.144588962 0.0156219732
v -0.00555624999 -0.144574985 0.0157221928
v 0.00555624999 -0.144613639 0.0155238397
v -0.00555624999 -0.144588962 0.0156219732
v 0.00555624999 -0.144648731 0.0154289305
v -0.00555624999 -0.144613639 0.0155238397
v 0.00555624999 -0.144693837 0.0153383482
v -0.00555624999 -0.144648731 0.0154289305
v 0.00555624999 -0.14474842 0.0152531452
v -0.00555624999 -0.144693837 0.0153383482
v 0.00555624999 -0.144811854 0.0151743107
v -0.00555624999 -0.14474842 0.0152531452
v 0.00555624999 -0.144883409 0.015102759
v -0.00555624999 -0.144811854 0.0151743107
v 0.00555624999 -0.144962236 0.015039322
v -0.00555624999 -0.144883409 0.015102759
v 0.00555624999 -0.145047441 0.0149847353
v -0.00555624999 -0.144962236 0.015039322
v 0.00555624999 -0.145138025 0.0149396341
v -0.00555624999 -0.145047441 0.0149847353
v 0.00555624999 -0.145232931 0.014904541
v -0.00555624999 -0.145138025 0.0149396341
v 0.00555624999 -0.14533107 0.0148798637
v -0.00555624999 -0.145232931 0.014904541
v 0.00555624999 -0.14543128 0.0148658892
v -0.00555624999 -0.14533107 0.0148798637
v 0.00555624999 -0.145532429 0.0148627795
v -0.00555624999 -0.14543128 0.0148658892
v 0.00555624999 -0.14563331 0.01487057
v -0.00555624999 -0.145532429 0.0148627795
v 0.00555624999 -0.145732775 0.0148891713
v -0.00555624999 -0.14563331 0.01487057
v 0.00555624999 -0.145829663 0.0149183674
v -0.00555624999 -0.145732775 0.0148891713
v 0.00555624999 -0.145922855 0.0149578182
v -0.00555624999 -0.145829663 0.0149183674
v 0.00555624999 -0.146011248 0.0150070665
v -0.00555624999 -0.145922855 0.0149578182
v 0.00555624999 -0.14609383 0.0150655406
v -0.00555624999 -0.146011248 0.0150070665
v -0.00555624999 -0.14609383 0.0150655406
v 0.00555624999 -0.147920102 0.012798016
v 0.00555624999 -0.147638991 0.0126865814
v 0.00555624999 -0.14773652 0.0127135329
v 0.00555624999 -0.147438079 0.0126648229
v 0.00555624999 -0.147539124 0.0126702823
v 0.00555624999 -0.147139624 0.0127134882
v 0.00555624999 -0.147237167 0.0126865515
v 0.00555624999 -0.147045553 0.0127507634
v 0.00555624999 -0.147337034 0.0126702664
v 0.00555624999 -0.146956041 0.0127979442
v 0.00555624999 -0.146794766 0.0129197231
v 0.00555624999 -0.146872118 0.012854483
v 0.00555624999 -0.146663293 0.0130731864
v 0.00555624999 -0.146724895 0.0129929082
v 0.00555624999 -0.146534801 0.0133469207
v 0.00555624999 -0.146567687 0.0132512264
v 0.00555624999 -0.146500736 0.0135461129
v 0.00555624999 -0.146512389 0.0134455981
v 0.00555624999 -0.146610692 0.0131596271
v 0.00555624999 -0.146499962 0.0136472993
v 0.00555624999 -0.146530971 0.0138469897
v 0.00555624999 -0.14651008 0.0137479808
v 0.00555624999 -0.146603987 0.0140354214
v 0.00555624999 -0.146562397 0.0139431758
v 0.00555624999 -0.147650898 0.0136390002
v 0.00555624999 -0.148168832 0.012824852
v 0.00555624999 -0.148198813 0.0128129469
v 0.00555624999 -0.14678438 0.0142781129
v 0.00555624999 -0.146715626 0.0142038679
v 0.00555624999 -0.148137763 0.0128334612
v 0.00555624999 -0.148073733 0.0128404256
v 0.00555624999 -0.148105934 0.0128386719
v 0.00555624999 -0.146655262 0.0141226565
v 0.00555624999 -0.146870941 0.0145434607
v 0.00555624999 -0.146874681 0.0145114288
v 0.00555624999 -0.146853253 0.0146053899
v 0.00555624999 -0.146863773 0.0145749021
v 0.00555624999 -0.148041531 0.0128386999
v 0.00555624999 -0.147948623 0.012813055
v 0.00555624999 -0.1468063 0.014301776
v 0.00555624999 -0.146874949 0.0144791799
v 0.00555624999 -0.146871746 0.0144470902
v 0.00555624999 -0.146803051 0.0146876527
v 0.00555624999 -0.146822721 0.0146620944
v 0.00555624999 -0.148227319 0.0127978818
v 0.00555624999 -0.147978619 0.0128249349
v 0.00555624999 -0.148009703 0.0128335161
v 0.00555624999 -0.147830591 0.0127508212
v 0.00555624999 -0.146855116 0.0143848723
v 0.00555624999 -0.146841869 0.0143554686
v 0.00555624999 -0.146839514 0.0146345664
v 0.00555624999 -0.148278683 0.0127590131
v 0.00555624999 -0.148300916 0.0127356602
v 0.00555624999 -0.146865115 0.0144155314
v 0.00555624999 -0.148254052 0.0127798347
v 0.00555624999 -0.146825522 0.0143276621
v 0.00555624999 -0.148320511 0.0127100479
v -0.00555624999 -0.148573935 0.0123307891
v 0.00555624999 -0.148573935 0.0123307891
v 0.00555624999 -0.148320511 0.0127100479
v -0.00555624999 -0.148320511 0.0127100479
v 0.00555624999 -0.147920102 0.012798016
v -0.00555624999 -0.147920102 0.012798016
v -0.00555624999 -0.147948623 0.012813055
v 0.00555624999 -0.147948623 0.012813055
v -0.00555624999 -0.147978619 0.0128249349
v 0.00555624999 -0.147978619 0.0128249349
v -0.00555624999 -0.148009703 0.0128335161
v 0.00555624999 -0.148009703 0.0128335161
v -0.00555624999 -0.148041531 0.0128386999
v 0.00555624999 -0.148041531 0.0128386999
v -0.00555624999 -0.148073733 0.0128404256
v 0.00555624999 -0.148073733 0.0128404256
v -0.00555624999 -0.148105934 0.0128386719
v 0.00555624999 -0.148105934 0.0128386719
v -0.00555624999 -0.148137763 0.0128334612
v 0.00555624999 -0.148137763 0.0128334612
v -0.00555624999 -0.148168832 0.012824852
v 0.00555624999 -0.148168832 0.012824852
v -0.00555624999 -0.148198813 0.0128129469
v 0.00555624999 -0.148198813 0.0128129469
v -0.00555624999 -0.148227319 0.0127978818
v 0.00555624999 -0.148227319 0.0127978818
v -0.00555624999 -0.148254052 0.0127798347
v 0.00555624999 -0.148254052 0.0127798347
v -0.00555624999 -0.148278683 0.0127590131
v 0.00555624999 -0.148278683 0.0127590131
v -0.00555624999 -0.148300916 0.0127356602
v 0.00555624999 -0.148300916 0.0127356602
v -0.00555624999 -0.148320511 0.0127100479
v 0.00555624999 -0.148320511 0.0127100479
v -0.00555624999 -0.147920102 0.012798016
v -0.00555624999 -0.147337034 0.0126702664
v -0.00555624999 -0.147237167 0.0126865515
v -0.00555624999 -0.147638991 0.0126865814
v -0.00555624999 -0.147539124 0.0126702823
v -0.00555624999 -0.147830591 0.0127508212
v -0.00555624999 -0.14773652 0.0127135329
v -0.00555624999 -0.147139624 0.0127134882
v -0.00555624999 -0.146534801 0.0133469207
v -0.00555624999 -0.146512389 0.0134455981
v -0.00555624999 -0.146610692 0.0131596271
v -0.00555624999 -0.146567687 0.0132512264
v -0.00555624999 -0.146794766 0.0129197231
v -0.00555624999 -0.146724895 0.0129929082
v -0.00555624999 -0.146956041 0.0127979442
v -0.00555624999 -0.146872118 0.012854483
v -0.00555624999 -0.147045553 0.0127507634
v -0.00555624999 -0.147438079 0.0126648229
v -0.00555624999 -0.146500736 0.0135461129
v -0.00555624999 -0.146663293 0.0130731864
v -0.00555624999 -0.146499962 0.0136472993
v -0.00555624999 -0.14651008 0.0137479808
v -0.00555624999 -0.146562397 0.0139431758
v -0.00555624999 -0.148137763 0.0128334612
v -0.00555624999 -0.148105934 0.0128386719
v -0.00555624999 -0.147650898 0.0136390002
v -0.00555624999 -0.146870941 0.0145434607
v -0.00555624999 -0.146863773 0.0145749021
v -0.00555624999 -0.146530971 0.0138469897
v -0.00555624999 -0.148168832 0.012824852
v -0.00555624999 -0.148227319 0.0127978818
v -0.00555624999 -0.148198813 0.0128129469
v -0.00555624999 -0.146853253 0.0146053899
v -0.00555624999 -0.146874949 0.0144791799
v -0.00555624999 -0.146874681 0.0145114288
v -0.00555624999 -0.148073733 0.0128404256
v -0.00555624999 -0.148254052 0.0127798347
v -0.00555624999 -0.146865115 0.0144155314
v -0.00555624999 -0.146871746 0.0144470902
v -0.00555624999 -0.147948623 0.012813055
v -0.00555624999 -0.148041531 0.0128386999
v -0.00555624999 -0.148009703 0.0128335161
v -0.00555624999 -0.146715626 0.0142038679
v -0.00555624999 -0.148278683 0.0127590131
v -0.00555624999 -0.148300916 0.0127356602
v -0.00555624999 -0.146839514 0.0146345664
v -0.00555624999 -0.146822721 0.0146620944
v -0.00555624999 -0.146825522 0.0143276621
v -0.00555624999 -0.146841869 0.0143554686
v -0.00555624999 -0.147978619 0.0128249349
v -0.00555624999 -0.146655262 0.0141226565
v -0.00555624999 -0.148320511 0.0127100479
v -0.00555624999 -0.146855116 0.0143848723
v -0.00555624999 -0.146603987 0.0140354214
v -0.00555624999 -0.1468063 0.014301776
v -0.00555624999 -0.14678438 0.0142781129
v -0.00555624999 -0.146803051 0.0146876527
v -0.00555624999 -0.14678438 0.0142781129
v 0.00555624999 -0.14678438 0.0142781129
v 0.00555624999 -0.1468063 0.014301776
v -0.00555624999 -0.1468063 0.014301776
v 0.00555624999 -0.146825522 0.0143276621
v -0.00555624999 -0.146825522 0.0143276621
v 0.00555624999 -0.146841869 0.0143554686
v -0.00555624999 -0.146841869 0.0143554686
v 0.00555624999 -0.146855116 0.0143848723
v -0.00555624999 -0.146855116 0.0143848723
v 0.00555624999 -0.146865115 0.0144155314
v -0.00555624999 -0.146865115 0.0144155314
v 0.00555624999 -0.146871746 0.0144470902
v -0.00555624999 -0.146871746 0.0144470902
v 0.00555624999 -0.146874949 0.0144791799
v -0.00555624999 -0.146874949 0.0144791799
v 0.00555624999 -0.146874681 0.0145114288
v -0.00555624999 -0.146874681 0.0145114288
v 0.00555624999 -0.146870941 0.0145434607
v -0.00555624999 -0.146870941 0.0145434607
v 0.00555624999 -0.146863773 0.0145749021
v -0.00555624999 -0.146863773 0.0145749021
v 0.00555624999 -0.146853253 0.0146053899
v -0.00555624999 -0.146853253 0.0146053899
v 0.00555624999 -0.146839514 0.0146345664
v -0.00555624999 -0.146839514 0.0146345664
v 0.00555624999 -0.146822721 0.0146620944
v -0.00555624999 -0.146822721 0.0146620944
v 0.00555624999 -0.146803051 0.0146876527
v -0.00555624999 -0.146803051 0.0146876527
v 0.00555624999 -0.146715626 0.0142038679
v 0.00555624999 -0.14678438 0.0142781129
v -0.00555624999 -0.14678438 0.0142781129
v 0.00555624999 -0.146655262 0.0141226565
v -0.00555624999 -0.146715626 0.0142038679
v 0.00555624999 -0.146603987 0.0140354214
v -0.00555624999 -0.146655262 0.0141226565
v 0.00555624999 -0.146562397 0.0139431758
v -0.00555624999 -0.146603987 0.0140354214
v 0.00555624999 -0.146530971 0.0138469897
v -0.00555624999 -0.146562397 0.0139431758
v 0.00555624999 -0.14651008 0.0137479808
v -0.00555624999 -0.146530971 0.0138469897
v 0.00555624999 -0.146499962 0.0136472993
v -0.00555624999 -0.14651008 0.0137479808
v 0.00555624999 -0.146500736 0.0135461129
v -0.00555624999 -0.146499962 0.0136472993
v 0.00555624999 -0.146512389 0.0134455981
v -0.00555624999 -0.146500736 0.0135461129
v 0.00555624999 -0.146534801 0.0133469207
v -0.00555624999 -0.146512389 0.0134455981
v 0.00555624999 -0.146567687 0.0132512264
v -0.00555624999 -0.146534801 0.0133469207
v 0.00555624999 -0.146610692 0.0131596271
v -0.00555624999 -0.146567687 0.0132512264
v 0.00555624999 -0.146663293 0.0130731864
v -0.00555624999 -0.146610692 0.0131596271
v 0.00555624999 -0.146724895 0.0129929082
v -0.00555624999 -0.146663293 0.0130731864
v 0.00555624999 -0.146794766 0.0129197231
v -0.00555624999 -0.146724895 0.0129929082
v 0.00555624999 -0.146872118 0.012854483
v -0.00555624999 -0.146794766 0.0129197231
v 0.00555624999 -0.146956041 0.0127979442
v -0.00555624999 -0.146872118 0.012854483
v 0.00555624999 -0.147045553 0.0127507634
v -0.00555624999 -0.146956041 0.0127979442
v 0.00555624999 -0.147139624 0.0127134882
v -0.00555624999 -0.147045553 0.0127507634
v 0.00555624999 -0.147237167 0.0126865515
v -0.00555624999 -0.147139624 0.0127134882
v 0.00555624999 -0.147337034 0.0126702664
v -0.00555624999 -0.147237167 0.0126865515
v 0.00555624999 -0.147438079 0.0126648229
v -0.00555624999 -0.147337034 0.0126702664
v 0.00555624999 -0.147539124 0.0126702823
v -0.00555624999 -0.147438079 0.0126648229
v 0.00555624999 -0.147638991 0.0126865814
v -0.00555624999 -0.147539124 0.0126702823
v 0.00555624999 -0.14773652 0.0127135329
v -0.00555624999 -0.147638991 0.0126865814
v 0.00555624999 -0.147830591 0.0127508212
v -0.00555624999 -0.14773652 0.0127135329
v 0.00555624999 -0.147920102 0.012798016
v -0.00555624999 -0.147830591 0.0127508212
v -0.00555624999 -0.147920102 0.012798016
v 0.00555624999 -0.148840025 0.0102609619
v 0.00555624999 -0.148939505 0.0102423755
v 0.00555624999 -0.149040386 0.0102345999
v 0.00555624999 -0.149241745 0.0102517148
v 0.00555624999 -0.148561552 0.0103788162
v 0.00555624999 -0.148649961 0.0103295809
v 0.00555624999 -0.149141535 0.0102377245
v 0.00555624999 -0.148743138 0.010290144
v 0.00555624999 -0.14933987 0.0102764061
v 0.00555624999 -0.149434775 0.0103115132
v 0.00555624999 -0.148403138 0.0105042867
v 0.00555624999 -0.148478955 0.0104372771
v 0.00555624999 -0.148334965 0.0105790645
v 0.00555624999 -0.148183763 0.010840944
v 0.00555624999 -0.148224637 0.0107483771
v 0.00555624999 -0.148275241 0.0106607443
v 0.00555624999 -0.14813298 0.0110365404
v 0.00555624999 -0.148153096 0.0109373722
v 0.00555624999 -0.148125201 0.0112384753
v 0.00555624999 -0.148123637 0.0111372983
v 0.00555624999 -0.148424119 0.0118625537
v 0.00555624999 -0.148353666 0.0117899161
v 0.00555624999 -0.148291439 0.0117101204
v 0.00555624999 -0.148160815 0.0114373965
v 0.00555624999 -0.148137644 0.011338897
v 0.00555624999 -0.148238167 0.0116240922
v 0.00555624999 -0.148194447 0.011532831
v 0.00555624999 -0.148501977 0.0119271893
v 0.00555624999 -0.148526788 0.0119477902
v 0.00555624999 -0.149785206 0.0102260401
v 0.00555624999 -0.149020344 0.0116191981
v 0.00555624999 -0.149713054 0.0102899382
v 0.00555624999 -0.149739355 0.0102712801
v 0.00555624999 -0.148549229 0.0119709438
v 0.00555624999 -0.149684891 0.0103056533
v 0.00555624999 -0.149465024 0.0103227003
v 0.00555624999 -0.149804205 0.0101999845
v 0.00555624999 -0.14858602 0.0120238038
v 0.00555624999 -0.148569062 0.0119963801
v 0.00555624999 -0.148618013 0.0121147148
v 0.00555624999 -0.148610651 0.0120833172
v 0.00555624999 -0.148603156 0.0122733973
v 0.00555624999 -0.148612976 0.0122426767
v 0.00555624999 -0.149655208 0.0103182448
v 0.00555624999 -0.149592638 0.0103335073
v 0.00555624999 -0.149624333 0.0103275655
v 0.00555624999 -0.14952825 0.0103350161
v 0.00555624999 -0.149560481 0.0103360005
v 0.00555624999 -0.149496302 0.0103305653
v 0.00555624999 -0.148599938 0.0120528955
v 0.00555624999 -0.148622423 0.0121789686
v 0.00555624999 -0.148621947 0.0121467225
v 0.00555624999 -0.148619413 0.0122110778
v 0.00555624999 -0.148573935 0.0123307891
v 0.00555624999 -0.148590088 0.012302882
v 0.00555624999 -0.149763495 0.0102498978
v 0.00555624999 -0.149820283 0.0101720337
v -0.00555624999 -0.15002203 0.00976294186
v 0.00555624999 -0.15002203 0.00976294186
v 0.00555624999 -0.149820283 0.0101720337
v -0.00555624999 -0.149820283 0.0101720337
v 0.00555624999 -0.149434775 0.0103115132
v -0.00555624999 -0.149434775 0.0103115132
v -0.00555624999 -0.149465024 0.0103227003
v 0.00555624999 -0.149465024 0.0103227003
v -0.00555624999 -0.149496302 0.0103305653
v 0.00555624999 -0.149496302 0.0103305653
v -0.00555624999 -0.14952825 0.0103350161
v 0.00555624999 -0.14952825 0.0103350161
v -0.00555624999 -0.149560481 0.0103360005
v 0.00555624999 -0.149560481 0.0103360005
v -0.00555624999 -0.149592638 0.0103335073
v 0.00555624999 -0.149592638 0.0103335073
v -0.00555624999 -0.149624333 0.0103275655
v 0.00555624999 -0.149624333 0.0103275655
v -0.00555624999 -0.149655208 0.0103182448
v 0.00555624999 -0.149655208 0.0103182448
v -0.00555624999 -0.149684891 0.0103056533
v 0.00555624999 -0.149684891 0.0103056533
v -0.00555624999 -0.149713054 0.0102899382
v 0.00555624999 -0.149713054 0.0102899382
v -0.00555624999 -0.149739355 0.0102712801
v 0.00555624999 -0.149739355 0.0102712801
v -0.00555624999 -0.149763495 0.0102498978
v 0.00555624999 -0.149763495 0.0102498978
v -0.00555624999 -0.149785206 0.0102260401
v 0.00555624999 -0.149785206 0.0102260401
v -0.00555624999 -0.149804205 0.0101999845
v 0.00555624999 -0.149804205 0.0101999845
v -0.00555624999 -0.149820283 0.0101720337
v 0.00555624999 -0.149820283 0.0101720337
v -0.00555624999 -0.149241745 0.0102517148
v -0.00555624999 -0.148743138 0.010290144
v -0.00555624999 -0.148649961 0.0103295809
v -0.00555624999 -0.148840025 0.0102609619
v -0.00555624999 -0.149141535 0.0102377245
v -0.00555624999 -0.149040386 0.0102345999
v -0.00555624999 -0.149434775 0.0103115132
v -0.00555624999 -0.148561552 0.0103788162
v -0.00555624999 -0.148478955 0.0104372771
v -0.00555624999 -0.148939505 0.0102423755
v -0.00555624999 -0.14933987 0.0102764061
v -0.00555624999 -0.148275241 0.0106607443
v -0.00555624999 -0.148224637 0.0107483771
v -0.00555624999 -0.148403138 0.0105042867
v -0.00555624999 -0.14813298 0.0110365404
v -0.00555624999 -0.148123637 0.0111372983
v -0.00555624999 -0.148183763 0.010840944
v -0.00555624999 -0.148153096 0.0109373722
v -0.00555624999 -0.148334965 0.0105790645
v -0.00555624999 -0.148125201 0.0112384753
v -0.00555624999 -0.148137644 0.011338897
v -0.00555624999 -0.148160815 0.0114373965
v -0.00555624999 -0.148194447 0.011532831
v -0.00555624999 -0.148238167 0.0116240922
v -0.00555624999 -0.149465024 0.0103227003
v -0.00555624999 -0.148549229 0.0119709438
v -0.00555624999 -0.149804205 0.0101999845
v -0.00555624999 -0.149785206 0.0102260401
v -0.00555624999 -0.149020344 0.0116191981
v -0.00555624999 -0.149820283 0.0101720337
v -0.00555624999 -0.149496302 0.0103305653
v -0.00555624999 -0.148501977 0.0119271893
v -0.00555624999 -0.149763495 0.0102498978
v -0.00555624999 -0.148619413 0.0122110778
v -0.00555624999 -0.148612976 0.0122426767
v -0.00555624999 -0.148599938 0.0120528955
v -0.00555624999 -0.148610651 0.0120833172
v -0.00555624999 -0.148569062 0.0119963801
v -0.00555624999 -0.14952825 0.0103350161
v -0.00555624999 -0.149592638 0.0103335073
v -0.00555624999 -0.149560481 0.0103360005
v -0.00555624999 -0.149739355 0.0102712801
v -0.00555624999 -0.148424119 0.0118625537
v -0.00555624999 -0.148622423 0.0121789686
v -0.00555624999 -0.148618013 0.0121147148
v -0.00555624999 -0.148621947 0.0121467225
v -0.00555624999 -0.14858602 0.0120238038
v -0.00555624999 -0.148526788 0.0119477902
v -0.00555624999 -0.149655208 0.0103182448
v -0.00555624999 -0.149624333 0.0103275655
v -0.00555624999 -0.149713054 0.0102899382
v -0.00555624999 -0.149684891 0.0103056533
v -0.00555624999 -0.148353666 0.0117899161
v -0.00555624999 -0.148603156 0.0122733973
v -0.00555624999 -0.148590088 0.012302882
v -0.00555624999 -0.148291439 0.0117101204
v -0.00555624999 -0.148573935 0.0123307891
v -0.00555624999 -0.148501977 0.0119271893
v 0.00555624999 -0.148501977 0.0119271893
v 0.00555624999 -0.148526788 0.0119477902
v -0.00555624999 -0.148526788 0.0119477902
v 0.00555624999 -0.148549229 0.0119709438
v -0.00555624999 -0.148549229 0.0119709438
v 0.00555624999 -0.148569062 0.0119963801
v -0.00555624999 -0.148569062 0.0119963801
v 0.00555624999 -0.14858602 0.0120238038
v -0.00555624999 -0.14858602 0.0120238038
v 0.00555624999 -0.148599938 0.0120528955
v -0.00555624999 -0.148599938 0.0120528955
v 0.00555624999 -0.148610651 0.0120833172
v -0.00555624999 -0.148610651 0.0120833172
v 0.00555624999 -0.148618013 0.0121147148
v -0.00555624999 -0.148618013 0.0121147148
v 0.00555624999 -0.148621947 0.0121467225
v -0.00555624999 -0.148621947 0.0121467225
v 0.00555624999 -0.148622423 0.0121789686
v -0.00555624999 -0.148622423 0.0121789686
v 0.00555624999 -0.148619413 0.0122110778
v -0.00555624999 -0.148619413 0.0122110778
v 0.00555624999 -0.148612976 0.0122426767
v -0.00555624999 -0.148612976 0.0122426767
v 0.00555624999 -0.148603156 0.0122733973
v -0.00555624999 -0.148603156 0.0122733973
v 0.00555624999 -0.148590088 0.012302882
v -0.00555624999 -0.148590088 0.012302882
v 0.00555624999 -0.148573935 0.0123307891
v -0.00555624999 -0.148573935 0.0123307891
v 0.00555624999 -0.148424119 0.0118625537
v 0.00555624999 -0.148501977 0.0119271893
v -0.00555624999 -0.148501977 0.0119271893
v 0.00555624999 -0.148353666 0.0117899161
v -0.00555624999 -0.148424119 0.0118625537
v 0.00555624999 -0.148291439 0.0117101204
v -0.00555624999 -0.148353666 0.0117899161
v 0.00555624999 -0.148238167 0.0116240922
v -0.00555624999 -0.148291439 0.0117101204
v 0.00555624999 -0.148194447 0.011532831
v -0.00555624999 -0.148238167 0.0116240922
v 0.00555624999 -0.148160815 0.0114373965
v -0.00555624999 -0.148194447 0.011532831
v 0.00555624999 -0.148137644 0.011338897
v -0.00555624999 -0.148160815 0.0114373965
v 0.00555624999 -0.148125201 0.0112384753
v -0.00555624999 -0.148137644 0.011338897
v 0.00555624999 -0.148123637 0.0111372983
v -0.00555624999 -0.148125201 0.0112384753
v 0.00555624999 -0.14813298 0.0110365404
v -0.00555624999 -0.148123637 0.0111372983
v 0.00555624999 -0.148153096 0.0109373722
v -0.00555624999 -0.14813298 0.0110365404
v 0.00555624999 -0.148183763 0.010840944
v -0.00555624999 -0.148153096 0.0109373722
v 0.00555624999 -0.148224637 0.0107483771
v -0.00555624999 -0.148183763 0.010840944
v 0.00555624999 -0.148275241 0.0106607443
v -0.00555624999 -0.148224637 0.0107483771
v 0.00555624999 -0.148334965 0.0105790645
v -0.00555624999 -0.148275241 0.0106607443
v 0.00555624999 -0.148403138 0.0105042867
v -0.00555624999 -0.148334965 0.0105790645
v 0.00555624999 -0.148478955 0.0104372771
v -0.00555624999 -0.148403138 0.0105042867
v 0.00555624999 -0.148561552 0.0103788162
v -0.00555624999 -0.148478955 0.0104372771
v 0.00555624999 -0.148649961 0.0103295809
v -0.00555624999 -0.148561552 0.0103788162
v 0.00555624999 -0.148743138 0.010290144
v -0.00555624999 -0.148649961 0.0103295809
v 0.00555624999 -0.148840025 0.0102609619
v -0.00555624999 -0.148743138 0.010290144
v 0.00555624999 -0.148939505 0.0102423755
v -0.00555624999 -0.148840025 0.0102609619
v 0.00555624999 -0.149040386 0.0102345999
v -0.00555624999 -0.148939505 0.0102423755
v 0.00555624999 -0.149141535 0.0102377245
v -0.00555624999 -0.149040386 0.0102345999
v 0.00555624999 -0.149241745 0.0102517148
v -0.00555624999 -0.149141535 0.0102377245
v 0.00555624999 -0.14933987 0.0102764061
v -0.00555624999 -0.149241745 0.0102517148
v 0.00555624999 -0.149434775 0.0103115132
v -0.00555624999 -0.14933987 0.0102764061
v -0.00555624999 -0.149434775 0.0103115132
v 0.00555624999 -0.149754971 0.0078292843
v 0.00555624999 -0.150412753 0.00761448685
v 0.00555624999 -0.150513276 0.00762615865
v 0.00555624999 -0.150311574 0.00761369802
v 0.00555624999 -0.150015682 0.00767609011
v 0.00555624999 -0.150111884 0.0076446794
v 0.00555624999 -0.149836197 0.00776893133
v 0.00555624999 -0.150210887 0.00762380147
v 0.00555624999 -0.149923429 0.00771766808
v 0.00555624999 -0.150611952 0.00764857838
v 0.00555624999 -0.149556458 0.00805739593
v 0.00555624999 -0.149614289 0.00797435828
v 0.00555624999 -0.149680719 0.00789802615
v 0.00555624999 -0.149440736 0.00833676942
v 0.00555624999 -0.149469182 0.00823965948
v 0.00555624999 -0.14950791 0.00814617239
v 0.00555624999 -0.149419814 0.00863843691
v 0.00555624999 -0.14941591 0.00853732228
v 0.00555624999 -0.149422914 0.00843637623
v 0.00555624999 -0.149541646 0.00902134273
v 0.00555624999 -0.14949584 0.00893111527
v 0.00555624999 -0.149733052 0.00925544649
v 0.00555624999 -0.149660945 0.0091844555
v 0.00555624999 -0.149898008 0.00937218778
v 0.00555624999 -0.149812385 0.00931826793
v 0.00555624999 -0.149460003 0.00883648265
v 0.00555624999 -0.149434566 0.00873854384
v 0.00555624999 -0.1495969 0.0091061173
v 0.00555624999 -0.150643393 0.00765572162
v 0.00555624999 -0.149925292 0.00938937441
v 0.00555624999 -0.149950579 0.00940939877
v 0.00555624999 -0.149973541 0.00943202991
v 0.00555624999 -0.150801972 0.00763975224
v 0.00555624999 -0.150831357 0.00762648135
v 0.00555624999 -0.15077132 0.00764978025
v 0.00555624999 -0.150707677 0.00765968021
v 0.00555624999 -0.150739759 0.00765644852
v 0.00555624999 -0.150675431 0.00765943667
v 0.00555624999 -0.150163397 0.00946317147
v 0.00555624999 -0.150011554 0.00948403031
v 0.00555624999 -0.149993956 0.00945700426
v 0.00555624999 -0.150885031 0.00759086525
v 0.00555624999 -0.150908664 0.007568934
v 0.00555624999 -0.150026128 0.00951279514
v 0.00555624999 -0.150859147 0.00761012221
v 0.00555624999 -0.150929809 0.00754458364
v 0.00555624999 -0.150037527 0.00954296254
v 0.00555624999 -0.150948212 0.00751809776
v 0.00555624999 -0.150051504 0.00963831786
v 0.00555624999 -0.150050282 0.00960609131
v 0.00555624999 -0.150045618 0.00957418233
v 0.00555624999 -0.150043517 0.00970222615
v 0.00555624999 -0.150049239 0.00967048761
v 0.00555624999 -0.15002203 0.00976294186
v 0.00555624999 -0.150034413 0.00973316468
v 0.00555624999 -0.150963649 0.00748978416
v 0.00555624999 -0.150975958 0.00745997252
v 0.00555624999 -0.150975958 0.00745997252
v -0.00555624999 -0.150975958 0.00745997252
v -0.00555624999 -0.151066646 0.00719619822
v -0.00555624999 -0.15112257 0.00702804839
v 0.00555624999 -0.15112257 0.00702804839
v 0.00555624999 -0.151066646 0.00719619822
v 0.00555624999 -0.150611952 0.00764857838
v -0.00555624999 -0.150611952 0.00764857838
v -0.00555624999 -0.150643393 0.00765572162
v 0.00555624999 -0.150643393 0.00765572162
v -0.00555624999 -0.150675431 0.00765943667
v 0.00555624999 -0.150675431 0.00765943667
v -0.00555624999 -0.150707677 0.00765968021
v 0.00555624999 -0.150707677 0.00765968021
v -0.00555624999 -0.150739759 0.00765644852
v 0.00555624999 -0.150739759 0.00765644852
v -0.00555624999 -0.15077132 0.00764978025
v 0.00555624999 -0.15077132 0.00764978025
v -0.00555624999 -0.150801972 0.00763975224
v 0.00555624999 -0.150801972 0.00763975224
v -0.00555624999 -0.150831357 0.00762648135
v 0.00555624999 -0.150831357 0.00762648135
v -0.00555624999 -0.150859147 0.00761012221
v 0.00555624999 -0.150859147 0.00761012221
v -0.00555624999 -0.150885031 0.00759086525
v 0.00555624999 -0.150885031 0.00759086525
v -0.00555624999 -0.150908664 0.007568934
v 0.00555624999 -0.150908664 0.007568934
v -0.00555624999 -0.150929809 0.00754458364
v 0.00555624999 -0.150929809 0.00754458364
v -0.00555624999 -0.150948212 0.00751809776
v 0.00555624999 -0.150948212 0.00751809776
v -0.00555624999 -0.150963649 0.00748978416
v 0.00555624999 -0.150963649 0.00748978416
v -0.00555624999 -0.150975958 0.00745997252
v 0.00555624999 -0.150975958 0.00745997252
v -0.00555624999 -0.149754971 0.0078292843
v -0.00555624999 -0.150611952 0.00764857838
v -0.00555624999 -0.150513276 0.00762615865
v -0.00555624999 -0.150015682 0.00767609011
v -0.00555624999 -0.149923429 0.00771766808
v -0.00555624999 -0.149836197 0.00776893133
v -0.00555624999 -0.150210887 0.00762380147
v -0.00555624999 -0.150111884 0.0076446794
v -0.00555624999 -0.150412753 0.00761448685
v -0.00555624999 -0.149680719 0.00789802615
v -0.00555624999 -0.149614289 0.00797435828
v -0.00555624999 -0.150311574 0.00761369802
v -0.00555624999 -0.14950791 0.00814617239
v -0.00555624999 -0.149469182 0.00823965948
v -0.00555624999 -0.149422914 0.00843637623
v -0.00555624999 -0.14941591 0.00853732228
v -0.00555624999 -0.149556458 0.00805739593
v -0.00555624999 -0.149733052 0.00925544649
v -0.00555624999 -0.149812385 0.00931826793
v -0.00555624999 -0.1495969 0.0091061173
v -0.00555624999 -0.149660945 0.0091844555
v -0.00555624999 -0.149460003 0.00883648265
v -0.00555624999 -0.14949584 0.00893111527
v -0.00555624999 -0.149440736 0.00833676942
v -0.00555624999 -0.149541646 0.00902134273
v -0.00555624999 -0.149419814 0.00863843691
v -0.00555624999 -0.149434566 0.00873854384
v -0.00555624999 -0.149898008 0.00937218778
v -0.00555624999 -0.150643393 0.00765572162
v -0.00555624999 -0.149925292 0.00938937441
v -0.00555624999 -0.149950579 0.00940939877
v -0.00555624999 -0.150675431 0.00765943667
v -0.00555624999 -0.149973541 0.00943202991
v -0.00555624999 -0.150859147 0.00761012221
v -0.00555624999 -0.150831357 0.00762648135
v -0.00555624999 -0.150163397 0.00946317147
v -0.00555624999 -0.150929809 0.00754458364
v -0.00555624999 -0.149993956 0.00945700426
v -0.00555624999 -0.15077132 0.00764978025
v -0.00555624999 -0.150739759 0.00765644852
v -0.00555624999 -0.150801972 0.00763975224
v -0.00555624999 -0.150011554 0.00948403031
v -0.00555624999 -0.150707677 0.00765968021
v -0.00555624999 -0.150908664 0.007568934
v -0.00555624999 -0.150885031 0.00759086525
v -0.00555624999 -0.150026128 0.00951279514
v -0.00555624999 -0.150963649 0.00748978416
v -0.00555624999 -0.150948212 0.00751809776
v -0.00555624999 -0.150045618 0.00957418233
v -0.00555624999 -0.150050282 0.00960609131
v -0.00555624999 -0.150975958 0.00745997252
v -0.00555624999 -0.150043517 0.00970222615
v -0.00555624999 -0.150034413 0.00973316468
v -0.00555624999 -0.150051504 0.00963831786
v -0.00555624999 -0.150049239 0.00967048761
v -0.00555624999 -0.150037527 0.00954296254
v -0.00555624999 -0.15002203 0.00976294186
v -0.00555624999 -0.149898008 0.00937218778
v 0.00555624999 -0.149898008 0.00937218778
v 0.00555624999 -0.149925292 0.00938937441
v -0.00555624999 -0.149925292 0.00938937441
v 0.00555624999 -0.149950579 0.00940939877
v -0.00555624999 -0.149950579 0.00940939877
v 0.00555624999 -0.149973541 0.00943202991
v -0.00555624999 -0.149973541 0.00943202991
v 0.00555624999 -0.149993956 0.00945700426
v -0.00555624999 -0.149993956 0.00945700426
v 0.00555624999 -0.150011554 0.00948403031
v -0.00555624999 -0.150011554 0.00948403031
v 0.00555624999 -0.150026128 0.00951279514
v -0.00555624999 -0.150026128 0.00951279514
v 0.00555624999 -0.150037527 0.00954296254
v -0.00555624999 -0.150037527 0.00954296254
v 0.00555624999 -0.150045618 0.00957418233
v -0.00555624999 -0.150045618 0.00957418233
v 0.00555624999 -0.150050282 0.00960609131
v -0.00555624999 -0.150050282 0.00960609131
v 0.00555624999 -0.150051504 0.00963831786
v -0.00555624999 -0.150051504 0.00963831786
v 0.00555624999 -0.150049239 0.00967048761
v -0.00555624999 -0.150049239 0.00967048761
v 0.00555624999 -0.150043517 0.00970222615
v -0.00555624999 -0.150043517 0.00970222615
v 0.00555624999 -0.150034413 0.00973316468
v -0.00555624999 -0.150034413 0.00973316468
v 0.00555624999 -0.15002203 0.00976294186
v -0.00555624999 -0.15002203 0.00976294186
v 0.00555624999 -0.149812385 0.00931826793
v 0.00555624999 -0.149898008 0.00937218778
v -0.00555624999 -0.149898008 0.00937218778
v 0.00555624999 -0.149733052 0.00925544649
v -0.00555624999 -0.149812385 0.00931826793
v 0.00555624999 -0.149660945 0.0091844555
v -0.00555624999 -0.149733052 0.00925544649
v 0.00555624999 -0.1495969 0.0091061173
v -0.00555624999 -0.149660945 0.0091844555
v 0.00555624999 -0.149541646 0.00902134273
v -0.00555624999 -0.1495969 0.0091061173
v 0.00555624999 -0.14949584 0.00893111527
v -0.00555624999 -0.149541646 0.00902134273
v 0.00555624999 -0.149460003 0.00883648265
v -0.00555624999 -0.14949584 0.00893111527
v 0.00555624999 -0.149434566 0.00873854384
v -0.00555624999 -0.149460003 0.00883648265
v 0.00555624999 -0.149419814 0.00863843691
v -0.00555624999 -0.149434566 0.00873854384
v 0.00555624999 -0.14941591 0.00853732228
v -0.00555624999 -0.149419814 0.00863843691
v 0.00555624999 -0.149422914 0.00843637623
v -0.00555624999 -0.14941591 0.00853732228
v 0.00555624999 -0.149440736 0.00833676942
v -0.00555624999 -0.149422914 0.00843637623
v 0.00555624999 -0.149469182 0.00823965948
v -0.00555624999 -0.149440736 0.00833676942
v 0.00555624999 -0.14950791 0.00814617239
v -0.00555624999 -0.149469182 0.00823965948
v 0.00555624999 -0.149556458 0.00805739593
v -0.00555624999 -0.14950791 0.00814617239
v 0.00555624999 -0.149614289 0.00797435828
v -0.00555624999 -0.149556458 0.00805739593
v 0.00555624999 -0.149680719 0.00789802615
v -0.00555624999 -0.149614289 0.00797435828
v 0.00555624999 -0.149754971 0.0078292843
v -0.00555624999 -0.149680719 0.00789802615
v 0.00555624999 -0.149836197 0.00776893133
v -0.00555624999 -0.149754971 0.0078292843
v 0.00555624999 -0.149923429 0.00771766808
v -0.00555624999 -0.149836197 0.00776893133
v 0.00555624999 -0.150015682 0.00767609011
v -0.00555624999 -0.149923429 0.00771766808
v 0.00555624999 -0.150111884 0.0076446794
v -0.00555624999 -0.150015682 0.00767609011
v 0.00555624999 -0.150210887 0.00762380147
v -0.00555624999 -0.150111884 0.0076446794
v 0.00555624999 -0.150311574 0.00761369802
v -0.00555624999 -0.150210887 0.00762380147
v 0.00555624999 -0.150412753 0.00761448685
v -0.00555624999 -0.150311574 0.00761369802
v 0.00555624999 -0.150513276 0.00762615865
v -0.00555624999 -0.150412753 0.00761448685
v 0.00555624999 -0.150611952 0.00764857838
v -0.00555624999 -0.150513276 0.00762615865
v -0.00555624999 -0.150611952 0.00764857838
v 0.00555624999 -0.151431456 0.00485477364
v 0.00555624999 -0.151129097 0.00485939858
v 0.00555624999 -0.151229531 0.00484697334
v 0.00555624999 -0.1510306 0.00488255732
v 0.00555624999 -0.150843889 0.00495987758
v 0.00555624999 -0.150935158 0.00491618039
v 0.00555624999 -0.150678053 0.00507535366
v 0.00555624999 -0.150757864 0.00501314132
v 0.00555624999 -0.15060541 0.00514579145
v 0.00555624999 -0.150401816 0.00549221784
v 0.00555624999 -0.150438368 0.00539786182
v 0.00555624999 -0.150355428 0.00579103176
v 0.00555624999 -0.150360107 0.00568995066
v 0.00555624999 -0.150769815 0.00656261435
v 0.00555624999 -0.150689065 0.00650164206
v 0.00555624999 -0.15048486 0.00530798733
v 0.00555624999 -0.150540754 0.00522363745
v 0.00555624999 -0.15037562 0.00558995875
v 0.00555624999 -0.150361657 0.00589202857
v 0.00555624999 -0.150615335 0.00643233443
v 0.00555624999 -0.150492311 0.00627201935
v 0.00555624999 -0.150444433 0.00618287362
v 0.00555624999 -0.150856674 0.0066145435
v 0.00555624999 -0.15040642 0.00608909363
v 0.00555624999 -0.150378719 0.00599176856
v 0.00555624999 -0.150549501 0.00635549612
v 0.00555624999 -0.150948599 0.00665682601
v 0.00555624999 -0.151330709 0.00484542549
v 0.00555624999 -0.151463568 0.00485775154
v 0.00555624999 -0.150977895 0.00667030318
v 0.00555624999 -0.151495814 0.00485725328
v 0.00555624999 -0.151005581 0.00668685744
v 0.00555624999 -0.151031315 0.006706296
v 0.00555624999 -0.151527822 0.00485328492
v 0.00555624999 -0.151559219 0.00484589301
v 0.00555624999 -0.151719496 0.00484485598
v 0.00555624999 -0.1510548 0.00672839303
v 0.00555624999 -0.151618704 0.00482122041
v 0.00555624999 -0.151646107 0.00480422657
v 0.00555624999 -0.151589632 0.00483516324
v 0.00555624999 -0.151671529 0.00478438009
v 0.00555624999 -0.151130959 0.00699690916
v 0.00555624999 -0.151135951 0.00696504768
v 0.00555624999 -0.15169467 0.004761911
v 0.00555624999 -0.151715249 0.00473708101
v 0.00555624999 -0.15109399 0.00677950634
v 0.00555624999 -0.151075765 0.00675289147
v 0.00555624999 -0.151135519 0.00690064393
v 0.00555624999 -0.15113011 0.00686885091
v 0.00555624999 -0.151137471 0.00693283416
v 0.00555624999 -0.151109219 0.00680792751
v 0.00555624999 -0.151121318 0.00683782529
v 0.00555624999 -0.15112257 0.00702804839
v 0.00555624999 -0.151733026 0.00471017929
v 0.00555624999 -0.151747823 0.0046815183
v 0.00555624999 -0.151759431 0.00465143146
v 0.00555624999 -0.151767731 0.00462026941
v -0.00555624999 -0.15185672 0.00417290302
v 0.00555624999 -0.15185672 0.00417290302
v 0.00555624999 -0.151767731 0.00462026941
v -0.00555624999 -0.151767731 0.00462026941
v 0.00555624999 -0.151431456 0.00485477364
v -0.00555624999 -0.151431456 0.00485477364
v -0.00555624999 -0.151463568 0.00485775154
v 0.00555624999 -0.151463568 0.00485775154
v -0.00555624999 -0.151495814 0.00485725328
v 0.00555624999 -0.151495814 0.00485725328
v -0.00555624999 -0.151527822 0.00485328492
v 0.00555624999 -0.151527822 0.00485328492
v -0.00555624999 -0.151559219 0.00484589301
v 0.00555624999 -0.151559219 0.00484589301
v -0.00555624999 -0.151589632 0.00483516324
v 0.00555624999 -0.151589632 0.00483516324
v -0.00555624999 -0.151618704 0.00482122041
v 0.00555624999 -0.151618704 0.00482122041
v -0.00555624999 -0.151646107 0.00480422657
v 0.00555624999 -0.151646107 0.00480422657
v -0.00555624999 -0.151671529 0.00478438009
v 0.00555624999 -0.151671529 0.00478438009
v -0.00555624999 -0.15169467 0.004761911
v 0.00555624999 -0.15169467 0.004761911
v -0.00555624999 -0.151715249 0.00473708101
v 0.00555624999 -0.151715249 0.00473708101
v -0.00555624999 -0.151733026 0.00471017929
v 0.00555624999 -0.151733026 0.00471017929
v -0.00555624999 -0.151747823 0.0046815183
v 0.00555624999 -0.151747823 0.0046815183
v -0.00555624999 -0.151759431 0.00465143146
v 0.00555624999 -0.151759431 0.00465143146
v -0.00555624999 -0.151767731 0.00462026941
v 0.00555624999 -0.151767731 0.00462026941
v -0.00555624999 -0.15060541 0.00514579145
v -0.00555624999 -0.151431456 0.00485477364
v -0.00555624999 -0.151330709 0.00484542549
v -0.00555624999 -0.150843889 0.00495987758
v -0.00555624999 -0.150757864 0.00501314132
v -0.00555624999 -0.150678053 0.00507535366
v -0.00555624999 -0.1510306 0.00488255732
v -0.00555624999 -0.150935158 0.00491618039
v -0.00555624999 -0.151229531 0.00484697334
v -0.00555624999 -0.150615335 0.00643233443
v -0.00555624999 -0.150689065 0.00650164206
v -0.00555624999 -0.15037562 0.00558995875
v -0.00555624999 -0.150360107 0.00568995066
v -0.00555624999 -0.15048486 0.00530798733
v -0.00555624999 -0.150438368 0.00539786182
v -0.00555624999 -0.151129097 0.00485939858
v -0.00555624999 -0.150549501 0.00635549612
v -0.00555624999 -0.150355428 0.00579103176
v -0.00555624999 -0.150401816 0.00549221784
v -0.00555624999 -0.150540754 0.00522363745
v -0.00555624999 -0.150769815 0.00656261435
v -0.00555624999 -0.15040642 0.00608909363
v -0.00555624999 -0.150444433 0.00618287362
v -0.00555624999 -0.150856674 0.0066145435
v -0.00555624999 -0.150492311 0.00627201935
v -0.00555624999 -0.150361657 0.00589202857
v -0.00555624999 -0.150378719 0.00599176856
v -0.00555624999 -0.150948599 0.00665682601
v -0.00555624999 -0.151463568 0.00485775154
v -0.00555624999 -0.150977895 0.00667030318
v -0.00555624999 -0.151495814 0.00485725328
v -0.00555624999 -0.151005581 0.00668685744
v -0.00555624999 -0.151031315 0.006706296
v -0.00555624999 -0.151527822 0.00485328492
v -0.00555624999 -0.151589632 0.00483516324
v -0.00555624999 -0.151559219 0.00484589301
v -0.00555624999 -0.151719496 0.00484485598
v -0.00555624999 -0.151646107 0.00480422657
v -0.00555624999 -0.151618704 0.00482122041
v -0.00555624999 -0.151671529 0.00478438009
v -0.00555624999 -0.1510548 0.00672839303
v -0.00555624999 -0.15169467 0.004761911
v -0.00555624999 -0.151135519 0.00690064393
v -0.00555624999 -0.151137471 0.00693283416
v -0.00555624999 -0.151121318 0.00683782529
v -0.00555624999 -0.15113011 0.00686885091
v -0.00555624999 -0.151075765 0.00675289147
v -0.00555624999 -0.151733026 0.00471017929
v -0.00555624999 -0.151715249 0.00473708101
v -0.00555624999 -0.151135951 0.00696504768
v -0.00555624999 -0.151109219 0.00680792751
v -0.00555624999 -0.15109399 0.00677950634
v -0.00555624999 -0.151747823 0.0046815183
v -0.00555624999 -0.151767731 0.00462026941
v -0.00555624999 -0.151759431 0.00465143146
v -0.00555624999 -0.151130959 0.00699690916
v -0.00555624999 -0.15112257 0.00702804839
v -0.00555624999 -0.150948599 0.00665682601
v 0.00555624999 -0.150948599 0.00665682601
v 0.00555624999 -0.150977895 0.00667030318
v -0.00555624999 -0.150977895 0.00667030318
v 0.00555624999 -0.151005581 0.00668685744
v -0.00555624999 -0.151005581 0.00668685744
v 0.00555624999 -0.151031315 0.006706296
v -0.00555624999 -0.151031315 0.006706296
v 0.00555624999 -0.1510548 0.00672839303
v -0.00555624999 -0.1510548 0.00672839303
v 0.00555624999 -0.151075765 0.00675289147
v -0.00555624999 -0.151075765 0.00675289147
v 0.00555624999 -0.15109399 0.00677950634
v -0.00555624999 -0.15109399 0.00677950634
v 0.00555624999 -0.151109219 0.00680792751
v -0.00555624999 -0.151109219 0.00680792751
v 0.00555624999 -0.151121318 0.00683782529
v -0.00555624999 -0.151121318 0.00683782529
v 0.00555624999 -0.15113011 0.00686885091
v -0.00555624999 -0.15113011 0.00686885091
v 0.00555624999 -0.151135519 0.00690064393
v -0.00555624999 -0.151135519 0.00690064393
v 0.00555624999 -0.151137471 0.00693283416
v -0.00555624999 -0.151137471 0.00693283416
v 0.00555624999 -0.151135951 0.00696504768
v -0.00555624999 -0.151135951 0.00696504768
v 0.00555624999 -0.151130959 0.00699690916
v -0.00555624999 -0.151130959 0.00699690916
v 0.00555624999 -0.15112257 0.00702804839
v -0.00555624999 -0.15112257 0.00702804839
v 0.00555624999 -0.150856674 0.0066145435
v 0.00555624999 -0.150948599 0.00665682601
v -0.00555624999 -0.150948599 0.00665682601
v 0.00555624999 -0.150769815 0.00656261435
v -0.00555624999 -0.150856674 0.0066145435
v 0.00555624999 -0.150689065 0.00650164206
v -0.00555624999 -0.150769815 0.00656261435
v 0.00555624999 -0.150615335 0.00643233443
v -0.00555624999 -0.150689065 0.00650164206
v 0.00555624999 -0.150549501 0.00635549612
v -0.00555624999 -0.150615335 0.00643233443
v 0.00555624999 -0.150492311 0.00627201935
v -0.00555624999 -0.150549501 0.00635549612
v 0.00555624999 -0.150444433 0.00618287362
v -0.00555624999 -0.150492311 0.00627201935
v 0.00555624999 -0.15040642 0.00608909363
v -0.00555624999 -0.150444433 0.00618287362
v 0.00555624999 -0.150378719 0.00599176856
v -0.00555624999 -0.15040642 0.00608909363
v 0.00555624999 -0.150361657 0.00589202857
v -0.00555624999 -0.150378719 0.00599176856
v 0.00555624999 -0.150355428 0.00579103176
v -0.00555624999 -0.150361657 0.00589202857
v 0.00555624999 -0.150360107 0.00568995066
v -0.00555624999 -0.150355428 0.00579103176
v 0.00555624999 -0.15037562 0.00558995875
v -0.00555624999 -0.150360107 0.00568995066
v 0.00555624999 -0.150401816 0.00549221784
v -0.00555624999 -0.15037562 0.00558995875
v 0.00555624999 -0.150438368 0.00539786182
v -0.00555624999 -0.150401816 0.00549221784
v 0.00555624999 -0.15048486 0.00530798733
v -0.00555624999 -0.150438368 0.00539786182
v 0.00555624999 -0.150540754 0.00522363745
v -0.00555624999 -0.15048486 0.00530798733
v 0.00555624999 -0.15060541 0.00514579145
v -0.00555624999 -0.150540754 0.00522363745
v 0.00555624999 -0.150678053 0.00507535366
v -0.00555624999 -0.15060541 0.00514579145
v 0.00555624999 -0.150757864 0.00501314132
v -0.00555624999 -0.150678053 0.00507535366
v 0.00555624999 -0.150843889 0.00495987758
v -0.00555624999 -0.150757864 0.00501314132
v 0.00555624999 -0.150935158 0.00491618039
v -0.00555624999 -0.150843889 0.00495987758
v 0.00555624999 -0.1510306 0.00488255732
v -0.00555624999 -0.150935158 0.00491618039
v 0.00555624999 -0.151129097 0.00485939858
v -0.00555624999 -0.1510306 0.00488255732
v 0.00555624999 -0.151229531 0.00484697334
v -0.00555624999 -0.151129097 0.00485939858
v 0.00555624999 -0.151330709 0.00484542549
v -0.00555624999 -0.151229531 0.00484697334
v 0.00555624999 -0.151431456 0.00485477364
v -0.00555624999 -0.151330709 0.00484542549
v -0.00555624999 -0.151431456 0.00485477364
v 0.00555624999 -0.151276067 0.00364849251
v 0.00555624999 -0.151635781 0.00382756372
v 0.00555624999 -0.151539117 0.00379764242
v 0.00555624999 -0.151232123 0.00222283858
v 0.00555624999 -0.151310474 0.00215880037
v 0.00555624999 -0.151044354 0.00245987088
v 0.00555624999 -0.151098296 0.00237425277
v 0.00555624999 -0.151200756 0.0035809055
v 0.00555624999 -0.151446238 0.00375749357
v 0.00555624999 -0.151395261 0.0021035641
v 0.00555624999 -0.151161119 0.00229493505
v 0.00555624999 -0.151074067 0.00342347403
v 0.00555624999 -0.151024133 0.00333545753
v 0.00555624999 -0.151358217 0.00370758376
v 0.00555624999 -0.150965586 0.00264596962
v 0.00555624999 -0.150999948 0.00255079498
v 0.00555624999 -0.150954038 0.00314592058
v 0.00555624999 -0.150934681 0.00304660108
v 0.00555624999 -0.150983974 0.00324257999
v 0.00555624999 -0.151133165 0.00350560807
v 0.00555624999 -0.150928453 0.00284461281
v 0.00555624999 -0.150941655 0.00274428935
v 0.00555624999 -0.150926113 0.00294577493
v 0.00555624999 -0.151485488 0.0020577712
v 0.00555624999 -0.151666597 0.00383710139
v 0.00555624999 -0.151879296 0.0019779026
v 0.00555624999 -0.151861757 0.00410869531
v 0.00555624999 -0.15185906 0.00407655817
v 0.00555624999 -0.15169619 0.00384990149
v 0.00555624999 -0.151778176 0.00198178599
v 0.00555624999 -0.151724249 0.00386581523
v 0.00555624999 -0.151774406 0.00390620856
v 0.00555624999 -0.151750416 0.00388465729
v 0.00555624999 -0.151852936 0.00404489785
v 0.00555624999 -0.151843414 0.00401408272
v 0.00555624999 -0.151911527 0.00197666348
v 0.00555624999 -0.152114287 0.00243671192
v 0.00555624999 -0.152004793 0.0019524229
v 0.00555624999 -0.152033553 0.00193781522
v 0.00555624999 -0.15185672 0.00417290302
v 0.00555624999 -0.151860967 0.00414093537
v 0.00555624999 -0.151814759 0.00395640731
v 0.00555624999 -0.151795939 0.00393021852
v 0.00555624999 -0.15167807 0.00199652649
v 0.00555624999 -0.151974648 0.00196384895
v 0.00555624999 -0.151830643 0.00398447085
v 0.00555624999 -0.15194343 0.00197196053
v 0.00555624999 -0.151580125 0.00202195346
v 0.00555624999 -0.152060568 0.00192019599
v 0.00555624999 -0.152085513 0.00189977011
v 0.00555624999 -0.152108133 0.00187677529
v 0.00555624999 -0.15212813 0.00185147882
v 0.00555624999 -0.15217033 0.0017648366
v 0.00555624999 -0.152177915 0.0017334919
v 0.00555624999 -0.152145296 0.00182417524
v 0.00555624999 -0.152159423 0.00179518212
v 0.00555624999 -0.152182087 0.00170151249
v -0.00555624999 -0.152211919 0.00124635804
v 0.00555624999 -0.152211919 0.00124635804
v 0.00555624999 -0.152182087 0.00170151249
v -0.00555624999 -0.152182087 0.00170151249
v 0.00555624999 -0.151879296 0.0019779026
v -0.00555624999 -0.151879296 0.0019779026
v -0.00555624999 -0.151911527 0.00197666348
v 0.00555624999 -0.151911527 0.00197666348
v -0.00555624999 -0.15194343 0.00197196053
v 0.00555624999 -0.15194343 0.00197196053
v -0.00555624999 -0.151974648 0.00196384895
v 0.00555624999 -0.151974648 0.00196384895
v -0.00555624999 -0.152004793 0.0019524229
v 0.00555624999 -0.152004793 0.0019524229
v -0.00555624999 -0.152033553 0.00193781522
v 0.00555624999 -0.152033553 0.00193781522
v -0.00555624999 -0.152060568 0.00192019599
v 0.00555624999 -0.152060568 0.00192019599
v -0.00555624999 -0.152085513 0.00189977011
v 0.00555624999 -0.152085513 0.00189977011
v -0.00555624999 -0.152108133 0.00187677529
v 0.00555624999 -0.152108133 0.00187677529
v -0.00555624999 -0.15212813 0.00185147882
v 0.00555624999 -0.15212813 0.00185147882
v -0.00555624999 -0.152145296 0.00182417524
v 0.00555624999 -0.152145296 0.00182417524
v -0.00555624999 -0.152159423 0.00179518212
v 0.00555624999 -0.152159423 0.00179518212
v -0.00555624999 -0.15217033 0.0017648366
v 0.00555624999 -0.15217033 0.0017648366
v -0.00555624999 -0.152177915 0.0017334919
v 0.00555624999 -0.152177915 0.0017334919
v -0.00555624999 -0.152182087 0.00170151249
v 0.00555624999 -0.152182087 0.00170151249
v -0.00555624999 -0.151879296 0.0019779026
v -0.00555624999 -0.151446238 0.00375749357
v -0.00555624999 -0.151539117 0.00379764242
v -0.00555624999 -0.151276067 0.00364849251
v -0.00555624999 -0.151358217 0.00370758376
v -0.00555624999 -0.151044354 0.00245987088
v -0.00555624999 -0.151395261 0.0021035641
v -0.00555624999 -0.151310474 0.00215880037
v -0.00555624999 -0.15167807 0.00199652649
v -0.00555624999 -0.151580125 0.00202195346
v -0.00555624999 -0.151133165 0.00350560807
v -0.00555624999 -0.151200756 0.0035809055
v -0.00555624999 -0.151232123 0.00222283858
v -0.00555624999 -0.151161119 0.00229493505
v -0.00555624999 -0.151485488 0.0020577712
v -0.00555624999 -0.151778176 0.00198178599
v -0.00555624999 -0.150983974 0.00324257999
v -0.00555624999 -0.151024133 0.00333545753
v -0.00555624999 -0.151074067 0.00342347403
v -0.00555624999 -0.150954038 0.00314592058
v -0.00555624999 -0.150926113 0.00294577493
v -0.00555624999 -0.150934681 0.00304660108
v -0.00555624999 -0.150999948 0.00255079498
v -0.00555624999 -0.150928453 0.00284461281
v -0.00555624999 -0.150965586 0.00264596962
v -0.00555624999 -0.150941655 0.00274428935
v -0.00555624999 -0.151098296 0.00237425277
v -0.00555624999 -0.151635781 0.00382756372
v -0.00555624999 -0.151911527 0.00197666348
v -0.00555624999 -0.151666597 0.00383710139
v -0.00555624999 -0.15169619 0.00384990149
v -0.00555624999 -0.152114287 0.00243671192
v -0.00555624999 -0.15194343 0.00197196053
v -0.00555624999 -0.152060568 0.00192019599
v -0.00555624999 -0.152033553 0.00193781522
v -0.00555624999 -0.151974648 0.00196384895
v -0.00555624999 -0.152004793 0.0019524229
v -0.00555624999 -0.151724249 0.00386581523
v -0.00555624999 -0.151750416 0.00388465729
v -0.00555624999 -0.152108133 0.00187677529
v -0.00555624999 -0.152085513 0.00189977011
v -0.00555624999 -0.151830643 0.00398447085
v -0.00555624999 -0.151843414 0.00401408272
v -0.00555624999 -0.151774406 0.00390620856
v -0.00555624999 -0.151795939 0.00393021852
v -0.00555624999 -0.151814759 0.00395640731
v -0.00555624999 -0.152145296 0.00182417524
v -0.00555624999 -0.15212813 0.00185147882
v -0.00555624999 -0.15185906 0.00407655817
v -0.00555624999 -0.151861757 0.00410869531
v -0.00555624999 -0.151852936 0.00404489785
v -0.00555624999 -0.151860967 0.00414093537
v -0.00555624999 -0.15217033 0.0017648366
v -0.00555624999 -0.152159423 0.00179518212
v -0.00555624999 -0.152182087 0.00170151249
v -0.00555624999 -0.152177915 0.0017334919
v -0.00555624999 -0.15185672 0.00417290302
v -0.00555624999 -0.151635781 0.00382756372
v 0.00555624999 -0.151635781 0.00382756372
v 0.00555624999 -0.151666597 0.00383710139
v -0.00555624999 -0.151666597 0.00383710139
v 0.00555624999 -0.15169619 0.00384990149
v -0.00555624999 -0.15169619 0.00384990149
v 0.00555624999 -0.151724249 0.00386581523
v -0.00555624999 -0.151724249 0.00386581523
v 0.00555624999 -0.151750416 0.00388465729
v -0.00555624999 -0.151750416 0.00388465729
v 0.00555624999 -0.151774406 0.00390620856
v -0.00555624999 -0.151774406 0.00390620856
v 0.00555624999 -0.151795939 0.00393021852
v -0.00555624999 -0.151795939 0.00393021852
v 0.00555624999 -0.151814759 0.00395640731
v -0.00555624999 -0.151814759 0.00395640731
v 0.00555624999 -0.151830643 0.00398447085
v -0.00555624999 -0.151830643 0.00398447085
v 0.00555624999 -0.151843414 0.00401408272
v -0.00555624999 -0.151843414 0.00401408272
v 0.00555624999 -0.151852936 0.00404489785
v -0.00555624999 -0.151852936 0.00404489785
v 0.00555624999 -0.15185906 0.00407655817
v -0.00555624999 -0.15185906 0.00407655817
v 0.00555624999 -0.151861757 0.00410869531
v -0.00555624999 -0.151861757 0.00410869531
v 0.00555624999 -0.151860967 0.00414093537
v -0.00555624999 -0.151860967 0.00414093537
v 0.00555624999 -0.15185672 0.00417290302
v -0.00555624999 -0.15185672 0.00417290302
v 0.00555624999 -0.151539117 0.00379764242
v 0.00555624999 -0.151635781 0.00382756372
v -0.00555624999 -0.151635781 0.00382756372
v 0.00555624999 -0.151446238 0.00375749357
v -0.00555624999 -0.151539117 0.00379764242
v 0.00555624999 -0.151358217 0.00370758376
v -0.00555624999 -0.151446238 0.00375749357
v 0.00555624999 -0.151276067 0.00364849251
v -0.00555624999 -0.151358217 0.00370758376
v 0.00555624999 -0.151200756 0.0035809055
v -0.00555624999 -0.151276067 0.00364849251
v 0.00555624999 -0.151133165 0.00350560807
v -0.00555624999 -0.151200756 0.0035809055
v 0.00555624999 -0.151074067 0.00342347403
v -0.00555624999 -0.151133165 0.00350560807
v 0.00555624999 -0.151024133 0.00333545753
v -0.00555624999 -0.151074067 0.00342347403
v 0.00555624999 -0.150983974 0.00324257999
v -0.00555624999 -0.151024133 0.00333545753
v 0.00555624999 -0.150954038 0.00314592058
v -0.00555624999 -0.150983974 0.00324257999
v 0.00555624999 -0.150934681 0.00304660108
v -0.00555624999 -0.150954038 0.00314592058
v 0.00555624999 -0.150926113 0.00294577493
v -0.00555624999 -0.150934681 0.00304660108
v 0.00555624999 -0.150928453 0.00284461281
v -0.00555624999 -0.150926113 0.00294577493
v 0.00555624999 -0.150941655 0.00274428935
v -0.00555624999 -0.150928453 0.00284461281
v 0.00555624999 -0.150965586 0.00264596962
v -0.00555624999 -0.150941655 0.00274428935
v 0.00555624999 -0.150999948 0.00255079498
v -0.00555624999 -0.150965586 0.00264596962
v 0.00555624999 -0.151044354 0.00245987088
v -0.00555624999 -0.150999948 0.00255079498
v 0.00555624999 -0.151098296 0.00237425277
v -0.00555624999 -0.151044354 0.00245987088
v 0.00555624999 -0.151161119 0.00229493505
v -0.00555624999 -0.151098296 0.00237425277
v 0.00555624999 -0.151232123 0.00222283858
v -0.00555624999 -0.151161119 0.00229493505
v 0.00555624999 -0.151310474 0.00215880037
v -0.00555624999 -0.151232123 0.00222283858
v 0.00555624999 -0.151395261 0.0021035641
v -0.00555624999 -0.151310474 0.00215880037
v 0.00555624999 -0.151485488 0.0020577712
v -0.00555624999 -0.151395261 0.0021035641
v 0.00555624999 -0.151580125 0.00202195346
v -0.00555624999 -0.151485488 0.0020577712
v 0.00555624999 -0.15167807 0.00199652649
v -0.00555624999 -0.151580125 0.00202195346
v 0.00555624999 -0.151778176 0.00198178599
v -0.00555624999 -0.15167807 0.00199652649
v 0.00555624999 -0.151879296 0.0019779026
v -0.00555624999 -0.151778176 0.00198178599
v -0.00555624999 -0.151879296 0.0019779026
v 0.00555624999 -0.151567787 -0.000802223745
v 0.00555624999 -0.151656941 -0.000850087847
v 0.00555624999 -0.151750728 -0.000888081209
v 0.00555624999 -0.151848048 -0.000915762677
v 0.00555624999 -0.15140745 -0.00067921466
v 0.00555624999 -0.151484296 -0.00074504473
v 0.00555624999 -0.151277155 -0.000524750503
v 0.00555624999 -0.15133813 -0.000605497917
v 0.00555624999 -0.151567787 0.000802223745
v 0.00555624999 -0.151484296 0.00074504473
v 0.00555624999 -0.151750728 0.000888081209
v 0.00555624999 -0.151656941 0.000850087847
v 0.00555624999 -0.151225209 -0.000437909999
v 0.00555624999 -0.151129097 -0.000151196116
v 0.00555624999 -0.151150748 -0.000250042096
v 0.00555624999 -0.15140745 0.00067921466
v 0.00555624999 -0.15133813 0.000605497917
v 0.00555624999 -0.151947796 0.000932810828
v 0.00555624999 -0.151848048 0.000915762677
v 0.00555624999 -0.151182905 -0.000345984736
v 0.00555624999 -0.151118219 5.05945281e-05
v 0.00555624999 -0.151118219 -5.05945281e-05
v 0.00555624999 -0.151182905 0.000345984736
v 0.00555624999 -0.151150748 0.000250042096
v 0.00555624999 -0.151277155 0.000524750503
v 0.00555624999 -0.151129097 0.000151196116
v 0.00555624999 -0.151225209 0.000437909999
v 0.00555624999 -0.152246401 4.51929168e-17
v 0.00555624999 -0.152211919 0.00124635804
v 0.00555624999 -0.152211964 0.00121410855
v 0.00555624999 -0.152040496 -0.000959189085
v 0.00555624999 -0.152068898 -0.000974453811
v 0.00555624999 -0.152095497 -0.000992689282
v 0.00555624999 -0.152010605 -0.000947072753
v 0.00555624999 -0.151979581 0.000938245794
v 0.00555624999 -0.152191445 -0.00111994252
v 0.00555624999 -0.152201667 -0.001150531
v 0.00555624999 -0.152010605 0.000947072753
v 0.00555624999 -0.152119979 0.00101368339
v 0.00555624999 -0.152095497 0.000992689282
v 0.00555624999 -0.152178004 -0.0010906324
v 0.00555624999 -0.152119979 -0.00101368339
v 0.00555624999 -0.152040496 0.000959189085
v 0.00555624999 -0.152068898 0.000974453811
v 0.00555624999 -0.152208537 0.00118204183
v 0.00555624999 -0.152201667 0.001150531
v 0.00555624999 -0.151947796 -0.000932810828
v 0.00555624999 -0.152161464 -0.0010629415
v 0.00555624999 -0.152142048 -0.00103719195
v 0.00555624999 -0.152161464 0.0010629415
v 0.00555624999 -0.152142048 0.00103719195
v 0.00555624999 -0.152191445 0.00111994252
v 0.00555624999 -0.151979581 -0.000938245794
v 0.00555624999 -0.152178004 0.0010906324
v 0.00555624999 -0.152208537 -0.00118204183
v 0.00555624999 -0.152211964 -0.00121410855
v 0.00555624999 -0.152211919 -0.00124635804
v -0.00555624999 -0.152182087 -0.00170151249
v 0.00555624999 -0.152182087 -0.00170151249
v 0.00555624999 -0.152211919 -0.00124635804
v -0.00555624999 -0.152211919 -0.00124635804
v 0.00555624999 -0.151947796 -0.000932810828
v -0.00555624999 -0.151947796 -0.000932810828
v -0.00555624999 -0.151979581 -0.000938245794
v 0.00555624999 -0.151979581 -0.000938245794
v -0.00555624999 -0.152010605 -0.000947072753
v 0.00555624999 -0.152010605 -0.000947072753
v -0.00555624999 -0.152040496 -0.000959189085
v 0.00555624999 -0.152040496 -0.000959189085
v -0.00555624999 -0.152068898 -0.000974453811
v 0.00555624999 -0.152068898 -0.000974453811
v -0.00555624999 -0.152095497 -0.000992689282
v 0.00555624999 -0.152095497 -0.000992689282
v -0.00555624999 -0.152119979 -0.00101368339
v 0.00555624999 -0.152119979 -0.00101368339
v -0.00555624999 -0.152142048 -0.00103719195
v 0.00555624999 -0.152142048 -0.00103719195
v -0.00555624999 -0.152161464 -0.0010629415
v 0.00555624999 -0.152161464 -0.0010629415
v -0.00555624999 -0.152178004 -0.0010906324
v 0.00555624999 -0.152178004 -0.0010906324
v -0.00555624999 -0.152191445 -0.00111994252
v 0.00555624999 -0.152191445 -0.00111994252
v -0.00555624999 -0.152201667 -0.001150531
v 0.00555624999 -0.152201667 -0.001150531
v -0.00555624999 -0.152208537 -0.00118204183
v 0.00555624999 -0.152208537 -0.00118204183
v -0.00555624999 -0.152211964 -0.00121410855
v 0.00555624999 -0.152211964 -0.00121410855
v -0.00555624999 -0.152211919 -0.00124635804
v 0.00555624999 -0.152211919 -0.00124635804
v -0.00555624999 -0.151947796 0.000932810828
v 0.00555624999 -0.151947796 0.000932810828
v 0.00555624999 -0.151979581 0.000938245794
v -0.00555624999 -0.151979581 0.000938245794
v 0.00555624999 -0.152010605 0.000947072753
v -0.00555624999 -0.152010605 0.000947072753
v 0.00555624999 -0.152040496 0.000959189085
v -0.00555624999 -0.152040496 0.000959189085
v 0.00555624999 -0.152068898 0.000974453811
v -0.00555624999 -0.152068898 0.000974453811
v 0.00555624999 -0.152095497 0.000992689282
v -0.00555624999 -0.152095497 0.000992689282
v 0.00555624999 -0.152119979 0.00101368339
v -0.00555624999 -0.152119979 0.00101368339
v 0.00555624999 -0.152142048 0.00103719195
v -0.00555624999 -0.152142048 0.00103719195
v 0.00555624999 -0.152161464 0.0010629415
v -0.00555624999 -0.152161464 0.0010629415
v 0.00555624999 -0.152178004 0.0010906324
v -0.00555624999 -0.152178004 0.0010906324
v 0.00555624999 -0.152191445 0.00111994252
v -0.00555624999 -0.152191445 0.00111994252
v 0.00555624999 -0.152201667 0.001150531
v -0.00555624999 -0.152201667 0.001150531
v 0.00555624999 -0.152208537 0.00118204183
v -0.00555624999 -0.152208537 0.00118204183
v 0.00555624999 -0.152211964 0.00121410855
v -0.00555624999 -0.152211964 0.00121410855
v 0.00555624999 -0.152211919 0.00124635804
v -0.00555624999 -0.152211919 0.00124635804
v 0.00555624999 -0.151848048 0.000915762677
v 0.00555624999 -0.151947796 0.000932810828
v -0.00555624999 -0.151947796 0.000932810828
v 0.00555624999 -0.151750728 0.000888081209
v -0.00555624999 -0.151848048 0.000915762677
v 0.00555624999 -0.151656941 0.000850087847
v -0.00555624999 -0.151750728 0.000888081209
v 0.00555624999 -0.151567787 0.000802223745
v -0.00555624999 -0.151656941 0.000850087847
v 0.00555624999 -0.151484296 0.00074504473
v -0.00555624999 -0.151567787 0.000802223745
v 0.00555624999 -0.15140745 0.00067921466
v -0.00555624999 -0.151484296 0.00074504473
v 0.00555624999 -0.15133813 0.000605497917
v -0.00555624999 -0.15140745 0.00067921466
v 0.00555624999 -0.151277155 0.000524750503
v -0.00555624999 -0.15133813 0.000605497917
v 0.00555624999 -0.151225209 0.000437909999
v -0.00555624999 -0.151277155 0.000524750503
v 0.00555624999 -0.151182905 0.000345984736
v -0.00555624999 -0.151225209 0.000437909999
v 0.00555624999 -0.151150748 0.000250042096
v -0.00555624999 -0.151182905 0.000345984736
v 0.00555624999 -0.151129097 0.000151196116
v -0.00555624999 -0.151150748 0.000250042096
v 0.00555624999 -0.151118219 5.05945281e-05
v -0.00555624999 -0.151129097 0.000151196116
v 0.00555624999 -0.151118219 -5.05945281e-05
v -0.00555624999 -0.151118219 5.05945281e-05
v 0.00555624999 -0.151129097 -0.000151196116
v -0.00555624999 -0.151118219 -5.05945281e-05
v 0.00555624999 -0.151150748 -0.000250042096
v -0.00555624999 -0.151129097 -0.000151196116
v 0.00555624999 -0.151182905 -0.000345984736
v -0.00555624999 -0.151150748 -0.000250042096
v 0.00555624999 -0.151225209 -0.000437909999
v -0.00555624999 -0.151182905 -0.000345984736
v 0.00555624999 -0.151277155 -0.000524750503
v -0.00555624999 -0.151225209 -0.000437909999
v 0.00555624999 -0.15133813 -0.000605497917
v -0.00555624999 -0.151277155 -0.000524750503
v 0.00555624999 -0.15140745 -0.00067921466
v -0.00555624999 -0.15133813 -0.000605497917
v 0.00555624999 -0.151484296 -0.00074504473
v -0.00555624999 -0.15140745 -0.00067921466
v 0.00555624999 -0.151567787 -0.000802223745
v -0.00555624999 -0.151484296 -0.00074504473
v 0.00555624999 -0.151656941 -0.000850087847
v -0.00555624999 -0.151567787 -0.000802223745
v 0.00555624999 -0.151750728 -0.000888081209
v -0.00555624999 -0.151656941 -0.000850087847
v 0.00555624999 -0.151848048 -0.000915762677
v -0.00555624999 -0.151750728 -0.000888081209
v 0.00555624999 -0.151947796 -0.000932810828
v -0.00555624999 -0.151848048 -0.000915762677
v -0.00555624999 -0.151947796 -0.000932810828
v -0.00555624999 -0.15140745 0.00067921466
v -0.00555624999 -0.151567787 0.000802223745
v -0.00555624999 -0.151656941 0.000850087847
v -0.00555624999 -0.151484296 0.00074504473
v -0.00555624999 -0.151848048 0.000915762677
v -0.00555624999 -0.151277155 0.000524750503
v -0.00555624999 -0.15133813 0.000605497917
v -0.00555624999 -0.151750728 -0.000888081209
v -0.00555624999 -0.151656941 -0.000850087847
v -0.00555624999 -0.151947796 -0.000932810828
v -0.00555624999 -0.151848048 -0.000915762677
v -0.00555624999 -0.151750728 0.000888081209
v -0.00555624999 -0.151225209 0.000437909999
v -0.00555624999 -0.151129097 0.000151196116
v -0.00555624999 -0.151150748 0.000250042096
v -0.00555624999 -0.15140745 -0.00067921466
v -0.00555624999 -0.15133813 -0.000605497917
v -0.00555624999 -0.151567787 -0.000802223745
v -0.00555624999 -0.151484296 -0.00074504473
v -0.00555624999 -0.151182905 0.000345984736
v -0.00555624999 -0.151118219 -5.05945281e-05
v -0.00555624999 -0.151118219 5.05945281e-05
v -0.00555624999 -0.151182905 -0.000345984736
v -0.00555624999 -0.151150748 -0.000250042096
v -0.00555624999 -0.151277155 -0.000524750503
v -0.00555624999 -0.151129097 -0.000151196116
v -0.00555624999 -0.151225209 -0.000437909999
v -0.00555624999 -0.151979581 -0.000938245794
v -0.00555624999 -0.152010605 -0.000947072753
v -0.00555624999 -0.152040496 -0.000959189085
v -0.00555624999 -0.152246401 7.97071768e-17
v -0.00555624999 -0.152068898 0.000974453811
v -0.00555624999 -0.152095497 0.000992689282
v -0.00555624999 -0.152211919 -0.00124635804
v -0.00555624999 -0.152211964 -0.00121410855
v -0.00555624999 -0.152068898 -0.000974453811
v -0.00555624999 -0.152119979 -0.00101368339
v -0.00555624999 -0.152095497 -0.000992689282
v -0.00555624999 -0.152191445 0.00111994252
v -0.00555624999 -0.152201667 0.001150531
v -0.00555624999 -0.152040496 0.000959189085
v -0.00555624999 -0.152208537 -0.00118204183
v -0.00555624999 -0.152201667 -0.001150531
v -0.00555624999 -0.152178004 0.0010906324
v -0.00555624999 -0.152119979 0.00101368339
v -0.00555624999 -0.152142048 0.00103719195
v -0.00555624999 -0.152010605 0.000947072753
v -0.00555624999 -0.152142048 -0.00103719195
v -0.00555624999 -0.152191445 -0.00111994252
v -0.00555624999 -0.151947796 0.000932810828
v -0.00555624999 -0.152161464 0.0010629415
v -0.00555624999 -0.152161464 -0.0010629415
v -0.00555624999 -0.152178004 -0.0010906324
v -0.00555624999 -0.151979581 0.000938245794
v -0.00555624999 -0.152208537 0.00118204183
v -0.00555624999 -0.152211964 0.00121410855
v -0.00555624999 -0.152211919 0.00124635804
v 0.00555624999 -0.151044354 -0.00245987088
v 0.00555624999 -0.151395261 -0.0021035641
v 0.00555624999 -0.151310474 -0.00215880037
v 0.00555624999 -0.151879296 -0.0019779026
v 0.00555624999 -0.151446238 -0.00375749357
v 0.00555624999 -0.151539117 -0.00379764242
v 0.00555624999 -0.151276067 -0.00364849251
v 0.00555624999 -0.151358217 -0.00370758376
v 0.00555624999 -0.150983974 -0.00324257999
v 0.00555624999 -0.151024133 -0.00333545753
v 0.00555624999 -0.151232123 -0.00222283858
v 0.00555624999 -0.151161119 -0.00229493505
v 0.00555624999 -0.151098296 -0.00237425277
v 0.00555624999 -0.151485488 -0.0020577712
v 0.00555624999 -0.15167807 -0.00199652649
v 0.00555624999 -0.151580125 -0.00202195346
v 0.00555624999 -0.151778176 -0.00198178599
v 0.00555624999 -0.151133165 -0.00350560807
v 0.00555624999 -0.151200756 -0.0035809055
v 0.00555624999 -0.150954038 -0.00314592058
v 0.00555624999 -0.151074067 -0.00342347403
v 0.00555624999 -0.150926113 -0.00294577493
v 0.00555624999 -0.150934681 -0.00304660108
v 0.00555624999 -0.150999948 -0.00255079498
v 0.00555624999 -0.150928453 -0.00284461281
v 0.00555624999 -0.150965586 -0.00264596962
v 0.00555624999 -0.150941655 -0.00274428935
v 0.00555624999 -0.151635781 -0.00382756372
v 0.00555624999 -0.151911527 -0.00197666348
v 0.00555624999 -0.151666597 -0.00383710139
v 0.00555624999 -0.15169619 -0.00384990149
v 0.00555624999 -0.152114287 -0.00243671192
v 0.00555624999 -0.15194343 -0.00197196053
v 0.00555624999 -0.151974648 -0.00196384895
v 0.00555624999 -0.152004793 -0.0019524229
v 0.00555624999 -0.152060568 -0.00192019599
v 0.00555624999 -0.152033553 -0.00193781522
v 0.00555624999 -0.151724249 -0.00386581523
v 0.00555624999 -0.151750416 -0.00388465729
v 0.00555624999 -0.152108133 -0.00187677529
v 0.00555624999 -0.152085513 -0.00189977011
v 0.00555624999 -0.151830643 -0.00398447085
v 0.00555624999 -0.151843414 -0.00401408272
v 0.00555624999 -0.151774406 -0.00390620856
v 0.00555624999 -0.151795939 -0.00393021852
v 0.00555624999 -0.151814759 -0.00395640731
v 0.00555624999 -0.152145296 -0.00182417524
v 0.00555624999 -0.15212813 -0.00185147882
v 0.00555624999 -0.15185906 -0.00407655817
v 0.00555624999 -0.151861757 -0.00410869531
v 0.00555624999 -0.151852936 -0.00404489785
v 0.00555624999 -0.151860967 -0.00414093537
v 0.00555624999 -0.15217033 -0.0017648366
v 0.00555624999 -0.152159423 -0.00179518212
v 0.00555624999 -0.152182087 -0.00170151249
v 0.00555624999 -0.152177915 -0.0017334919
v 0.00555624999 -0.15185672 -0.00417290302
v -0.00555624999 -0.151767731 -0.00462026941
v 0.00555624999 -0.151767731 -0.00462026941
v 0.00555624999 -0.15185672 -0.00417290302
v -0.00555624999 -0.15185672 -0.00417290302
v 0.00555624999 -0.151635781 -0.00382756372
v -0.00555624999 -0.151635781 -0.00382756372
v -0.00555624999 -0.151666597 -0.00383710139
v 0.00555624999 -0.151666597 -0.00383710139
v -0.00555624999 -0.15169619 -0.00384990149
v 0.00555624999 -0.15169619 -0.00384990149
v -0.00555624999 -0.151724249 -0.00386581523
v 0.00555624999 -0.151724249 -0.00386581523
v -0.00555624999 -0.151750416 -0.00388465729
v 0.00555624999 -0.151750416 -0.00388465729
v -0.00555624999 -0.151774406 -0.00390620856
v 0.00555624999 -0.151774406 -0.00390620856
v -0.00555624999 -0.151795939 -0.00393021852
v 0.00555624999 -0.151795939 -0.00393021852
v -0.00555624999 -0.151814759 -0.00395640731
v 0.00555624999 -0.151814759 -0.00395640731
v -0.00555624999 -0.151830643 -0.00398447085
v 0.00555624999 -0.151830643 -0.00398447085
v -0.00555624999 -0.151843414 -0.00401408272
v 0.00555624999 -0.151843414 -0.00401408272
v -0.00555624999 -0.151852936 -0.00404489785
v 0.00555624999 -0.151852936 -0.00404489785
v -0.00555624999 -0.15185906 -0.00407655817
v 0.00555624999 -0.15185906 -0.00407655817
v -0.00555624999 -0.151861757 -0.00410869531
v 0.00555624999 -0.151861757 -0.00410869531
v -0.00555624999 -0.151860967 -0.00414093537
v 0.00555624999 -0.151860967 -0.00414093537
v -0.00555624999 -0.15185672 -0.00417290302
v 0.00555624999 -0.15185672 -0.00417290302
v -0.00555624999 -0.151635781 -0.00382756372
v -0.00555624999 -0.151232123 -0.00222283858
v -0.00555624999 -0.151310474 -0.00215880037
v -0.00555624999 -0.151098296 -0.00237425277
v -0.00555624999 -0.151161119 -0.00229493505
v -0.00555624999 -0.151074067 -0.00342347403
v -0.00555624999 -0.151024133 -0.00333545753
v -0.00555624999 -0.151276067 -0.00364849251
v -0.00555624999 -0.151539117 -0.00379764242
v -0.00555624999 -0.151395261 -0.0021035641
v -0.00555624999 -0.151044354 -0.00245987088
v -0.00555624999 -0.150983974 -0.00324257999
v -0.00555624999 -0.151200756 -0.0035809055
v -0.00555624999 -0.151446238 -0.00375749357
v -0.00555624999 -0.150965586 -0.00264596962
v -0.00555624999 -0.150999948 -0.00255079498
v -0.00555624999 -0.150954038 -0.00314592058
v -0.00555624999 -0.150934681 -0.00304660108
v -0.00555624999 -0.151133165 -0.00350560807
v -0.00555624999 -0.151358217 -0.00370758376
v -0.00555624999 -0.150928453 -0.00284461281
v -0.00555624999 -0.150941655 -0.00274428935
v -0.00555624999 -0.150926113 -0.00294577493
v -0.00555624999 -0.151485488 -0.0020577712
v -0.00555624999 -0.151666597 -0.00383710139
v -0.00555624999 -0.151879296 -0.0019779026
v -0.00555624999 -0.151861757 -0.00410869531
v -0.00555624999 -0.15185906 -0.00407655817
v -0.00555624999 -0.15169619 -0.00384990149
v -0.00555624999 -0.151778176 -0.00198178599
v -0.00555624999 -0.152114287 -0.00243671192
v -0.00555624999 -0.15185672 -0.00417290302
v -0.00555624999 -0.151860967 -0.00414093537
v -0.00555624999 -0.151724249 -0.00386581523
v -0.00555624999 -0.151774406 -0.00390620856
v -0.00555624999 -0.151750416 -0.00388465729
v -0.00555624999 -0.151852936 -0.00404489785
v -0.00555624999 -0.151843414 -0.00401408272
v -0.00555624999 -0.151911527 -0.00197666348
v -0.00555624999 -0.151974648 -0.00196384895
v -0.00555624999 -0.151814759 -0.00395640731
v -0.00555624999 -0.151795939 -0.00393021852
v -0.00555624999 -0.15167807 -0.00199652649
v -0.00555624999 -0.152004793 -0.0019524229
v -0.00555624999 -0.152033553 -0.00193781522
v -0.00555624999 -0.15194343 -0.00197196053
v -0.00555624999 -0.151830643 -0.00398447085
v -0.00555624999 -0.151580125 -0.00202195346
v -0.00555624999 -0.152060568 -0.00192019599
v -0.00555624999 -0.152085513 -0.00189977011
v -0.00555624999 -0.152108133 -0.00187677529
v -0.00555624999 -0.15212813 -0.00185147882
v -0.00555624999 -0.15217033 -0.0017648366
v -0.00555624999 -0.152177915 -0.0017334919
v -0.00555624999 -0.152145296 -0.00182417524
v -0.00555624999 -0.152159423 -0.00179518212
v -0.00555624999 -0.152182087 -0.00170151249
v -0.00555624999 -0.151879296 -0.0019779026
v 0.00555624999 -0.151879296 -0.0019779026
v 0.00555624999 -0.151911527 -0.00197666348
v -0.00555624999 -0.151911527 -0.00197666348
v 0.00555624999 -0.15194343 -0.00197196053
v -0.00555624999 -0.15194343 -0.00197196053
v 0.00555624999 -0.151974648 -0.00196384895
v -0.00555624999 -0.151974648 -0.00196384895
v 0.00555624999 -0.152004793 -0.0019524229
v -0.00555624999 -0.152004793 -0.0019524229
v 0.00555624999 -0.152033553 -0.00193781522
v -0.00555624999 -0.152033553 -0.00193781522
v 0.00555624999 -0.152060568 -0.00192019599
v -0.00555624999 -0.152060568 -0.00192019599
v 0.00555624999 -0.152085513 -0.00189977011
v -0.00555624999 -0.152085513 -0.00189977011
v 0.00555624999 -0.152108133 -0.00187677529
v -0.00555624999 -0.152108133 -0.00187677529
v 0.00555624999 -0.15212813 -0.00185147882
v -0.00555624999 -0.15212813 -0.00185147882
v 0.00555624999 -0.152145296 -0.00182417524
v -0.00555624999 -0.152145296 -0.00182417524
v 0.00555624999 -0.152159423 -0.00179518212
v -0.00555624999 -0.152159423 -0.00179518212
v 0.00555624999 -0.15217033 -0.0017648366
v -0.00555624999 -0.15217033 -0.0017648366
v 0.00555624999 -0.152177915 -0.0017334919
v -0.00555624999 -0.152177915 -0.0017334919
v 0.00555624999 -0.152182087 -0.00170151249
v -0.00555624999 -0.152182087 -0.00170151249
v 0.00555624999 -0.151778176 -0.00198178599
v 0.00555624999 -0.151879296 -0.0019779026
v -0.00555624999 -0.151879296 -0.0019779026
v 0.00555624999 -0.15167807 -0.00199652649
v -0.00555624999 -0.151778176 -0.00198178599
v 0.00555624999 -0.151580125 -0.00202195346
v -0.00555624999 -0.15167807 -0.00199652649
v 0.00555624999 -0.151485488 -0.0020577712
v -0.00555624999 -0.151580125 -0.00202195346
v 0.00555624999 -0.151395261 -0.0021035641
v -0.00555624999 -0.151485488 -0.0020577712
v 0.00555624999 -0.151310474 -0.00215880037
v -0.00555624999 -0.151395261 -0.0021035641
v 0.00555624999 -0.151232123 -0.00222283858
v -0.00555624999 -0.151310474 -0.00215880037
v 0.00555624999 -0.151161119 -0.00229493505
v -0.00555624999 -0.151232123 -0.00222283858
v 0.00555624999 -0.151098296 -0.00237425277
v -0.00555624999 -0.151161119 -0.00229493505
v 0.00555624999 -0.151044354 -0.00245987088
v -0.00555624999 -0.151098296 -0.00237425277
v 0.00555624999 -0.150999948 -0.00255079498
v -0.00555624999 -0.151044354 -0.00245987088
v 0.00555624999 -0.150965586 -0.00264596962
v -0.00555624999 -0.150999948 -0.00255079498
v 0.00555624999 -0.150941655 -0.00274428935
v -0.00555624999 -0.150965586 -0.00264596962
v 0.00555624999 -0.150928453 -0.00284461281
v -0.00555624999 -0.150941655 -0.00274428935
v 0.00555624999 -0.150926113 -0.00294577493
v -0.00555624999 -0.150928453 -0.00284461281
v 0.00555624999 -0.150934681 -0.00304660108
v -0.00555624999 -0.150926113 -0.00294577493
v 0.00555624999 -0.150954038 -0.00314592058
v -0.00555624999 -0.150934681 -0.00304660108
v 0.00555624999 -0.150983974 -0.00324257999
v -0.00555624999 -0.150954038 -0.00314592058
v 0.00555624999 -0.151024133 -0.00333545753
v -0.00555624999 -0.150983974 -0.00324257999
v 0.00555624999 -0.151074067 -0.00342347403
v -0.00555624999 -0.151024133 -0.00333545753
v 0.00555624999 -0.151133165 -0.00350560807
v -0.00555624999 -0.151074067 -0.00342347403
v 0.00555624999 -0.151200756 -0.0035809055
v -0.00555624999 -0.151133165 -0.00350560807
v 0.00555624999 -0.151276067 -0.00364849251
v -0.00555624999 -0.151200756 -0.0035809055
v 0.00555624999 -0.151358217 -0.00370758376
v -0.00555624999 -0.151276067 -0.00364849251
v 0.00555624999 -0.151446238 -0.00375749357
v -0.00555624999 -0.151358217 -0.00370758376
v 0.00555624999 -0.151539117 -0.00379764242
v -0.00555624999 -0.151446238 -0.00375749357
v 0.00555624999 -0.151635781 -0.00382756372
v -0.00555624999 -0.151539117 -0.00379764242
v -0.00555624999 -0.151635781 -0.00382756372
v 0.00555624999 -0.150843889 -0.00495987758
v 0.00555624999 -0.151330709 -0.00484542549
v 0.00555624999 -0.151229531 -0.00484697334
v 0.00555624999 -0.151431456 -0.00485477364
v 0.00555624999 -0.150757864 -0.00501314132
v 0.00555624999 -0.151129097 -0.00485939858
v 0.00555624999 -0.1510306 -0.00488255732
v 0.00555624999 -0.150935158 -0.00491618039
v 0.00555624999 -0.150615335 -0.00643233443
v 0.00555624999 -0.150689065 -0.00650164206
v 0.00555624999 -0.15037562 -0.00558995875
v 0.00555624999 -0.150360107 -0.00568995066
v 0.00555624999 -0.15048486 -0.00530798733
v 0.00555624999 -0.150438368 -0.00539786182
v 0.00555624999 -0.150678053 -0.00507535366
v 0.00555624999 -0.150769815 -0.00656261435
v 0.00555624999 -0.150355428 -0.00579103176
v 0.00555624999 -0.150401816 -0.00549221784
v 0.00555624999 -0.15060541 -0.00514579145
v 0.00555624999 -0.150540754 -0.00522363745
v 0.00555624999 -0.150549501 -0.00635549612
v 0.00555624999 -0.15040642 -0.00608909363
v 0.00555624999 -0.150444433 -0.00618287362
v 0.00555624999 -0.150856674 -0.0066145435
v 0.00555624999 -0.150492311 -0.00627201935
v 0.00555624999 -0.150361657 -0.00589202857
v 0.00555624999 -0.150378719 -0.00599176856
v 0.00555624999 -0.150948599 -0.00665682601
v 0.00555624999 -0.151463568 -0.00485775154
v 0.00555624999 -0.150977895 -0.00667030318
v 0.00555624999 -0.151005581 -0.00668685744
v 0.00555624999 -0.151495814 -0.00485725328
v 0.00555624999 -0.151719496 -0.00484485598
v 0.00555624999 -0.151646107 -0.00480422657
v 0.00555624999 -0.151618704 -0.00482122041
v 0.00555624999 -0.151031315 -0.006706296
v 0.00555624999 -0.151527822 -0.00485328492
v 0.00555624999 -0.151671529 -0.00478438009
v 0.00555624999 -0.151135519 -0.00690064393
v 0.00555624999 -0.151137471 -0.00693283416
v 0.00555624999 -0.151121318 -0.00683782529
v 0.00555624999 -0.15113011 -0.00686885091
v 0.00555624999 -0.1510548 -0.00672839303
v 0.00555624999 -0.151075765 -0.00675289147
v 0.00555624999 -0.151589632 -0.00483516324
v 0.00555624999 -0.151559219 -0.00484589301
v 0.00555624999 -0.15169467 -0.004761911
v 0.00555624999 -0.151135951 -0.00696504768
v 0.00555624999 -0.151109219 -0.00680792751
v 0.00555624999 -0.15109399 -0.00677950634
v 0.00555624999 -0.151130959 -0.00699690916
v 0.00555624999 -0.151733026 -0.00471017929
v 0.00555624999 -0.151715249 -0.00473708101
v 0.00555624999 -0.151747823 -0.0046815183
v 0.00555624999 -0.151767731 -0.00462026941
v 0.00555624999 -0.151759431 -0.00465143146
v 0.00555624999 -0.15112257 -0.00702804839
v 0.00555624999 -0.15112257 -0.00702804839
v -0.00555624999 -0.15112257 -0.00702804839
v -0.00555624999 -0.151066646 -0.00719619822
v -0.00555624999 -0.150975958 -0.00745997252
v 0.00555624999 -0.150975958 -0.00745997252
v 0.00555624999 -0.151066646 -0.00719619822
v 0.00555624999 -0.150948599 -0.00665682601
v -0.00555624999 -0.150948599 -0.00665682601
v -0.00555624999 -0.150977895 -0.00667030318
v 0.00555624999 -0.150977895 -0.00667030318
v -0.00555624999 -0.151005581 -0.00668685744
v 0.00555624999 -0.151005581 -0.00668685744
v -0.00555624999 -0.151031315 -0.006706296
v 0.00555624999 -0.151031315 -0.006706296
v -0.00555624999 -0.1510548 -0.00672839303
v 0.00555624999 -0.1510548 -0.00672839303
v -0.00555624999 -0.151075765 -0.00675289147
v 0.00555624999 -0.151075765 -0.00675289147
v -0.00555624999 -0.15109399 -0.00677950634
v 0.00555624999 -0.15109399 -0.00677950634
v -0.00555624999 -0.151109219 -0.00680792751
v 0.00555624999 -0.151109219 -0.00680792751
v -0.00555624999 -0.151121318 -0.00683782529
v 0.00555624999 -0.151121318 -0.00683782529
v -0.00555624999 -0.15113011 -0.00686885091
v 0.00555624999 -0.15113011 -0.00686885091
v -0.00555624999 -0.151135519 -0.00690064393
v 0.00555624999 -0.151135519 -0.00690064393
v -0.00555624999 -0.151137471 -0.00693283416
v 0.00555624999 -0.151137471 -0.00693283416
v -0.00555624999 -0.151135951 -0.00696504768
v 0.00555624999 -0.151135951 -0.00696504768
v -0.00555624999 -0.151130959 -0.00699690916
v 0.00555624999 -0.151130959 -0.00699690916
v -0.00555624999 -0.15112257 -0.00702804839
v 0.00555624999 -0.15112257 -0.00702804839
v -0.00555624999 -0.150843889 -0.00495987758
v -0.00555624999 -0.151129097 -0.00485939858
v -0.00555624999 -0.151229531 -0.00484697334
v -0.00555624999 -0.151330709 -0.00484542549
v -0.00555624999 -0.150935158 -0.00491618039
v -0.00555624999 -0.151431456 -0.00485477364
v -0.00555624999 -0.150678053 -0.00507535366
v -0.00555624999 -0.150757864 -0.00501314132
v -0.00555624999 -0.1510306 -0.00488255732
v -0.00555624999 -0.15060541 -0.00514579145
v -0.00555624999 -0.150401816 -0.00549221784
v -0.00555624999 -0.150438368 -0.00539786182
v -0.00555624999 -0.150355428 -0.00579103176
v -0.00555624999 -0.150360107 -0.00568995066
v -0.00555624999 -0.150769815 -0.00656261435
v -0.00555624999 -0.150689065 -0.00650164206
v -0.00555624999 -0.15048486 -0.00530798733
v -0.00555624999 -0.150540754 -0.00522363745
v -0.00555624999 -0.15037562 -0.00558995875
v -0.00555624999 -0.150361657 -0.00589202857
v -0.00555624999 -0.150856674 -0.0066145435
v -0.00555624999 -0.150492311 -0.00627201935
v -0.00555624999 -0.150444433 -0.00618287362
v -0.00555624999 -0.150615335 -0.00643233443
v -0.00555624999 -0.15040642 -0.00608909363
v -0.00555624999 -0.150378719 -0.00599176856
v -0.00555624999 -0.150549501 -0.00635549612
v -0.00555624999 -0.150948599 -0.00665682601
v -0.00555624999 -0.151463568 -0.00485775154
v -0.00555624999 -0.150977895 -0.00667030318
v -0.00555624999 -0.151005581 -0.00668685744
v -0.00555624999 -0.151719496 -0.00484485598
v -0.00555624999 -0.1510548 -0.00672839303
v -0.00555624999 -0.151618704 -0.00482122041
v -0.00555624999 -0.151495814 -0.00485725328
v -0.00555624999 -0.151031315 -0.006706296
v -0.00555624999 -0.151646107 -0.00480422657
v -0.00555624999 -0.151671529 -0.00478438009
v -0.00555624999 -0.151527822 -0.00485328492
v -0.00555624999 -0.151559219 -0.00484589301
v -0.00555624999 -0.15109399 -0.00677950634
v -0.00555624999 -0.151075765 -0.00675289147
v -0.00555624999 -0.151135519 -0.00690064393
v -0.00555624999 -0.15113011 -0.00686885091
v -0.00555624999 -0.151130959 -0.00699690916
v -0.00555624999 -0.151135951 -0.00696504768
v -0.00555624999 -0.151589632 -0.00483516324
v -0.00555624999 -0.151109219 -0.00680792751
v -0.00555624999 -0.151121318 -0.00683782529
v -0.00555624999 -0.151137471 -0.00693283416
v -0.00555624999 -0.15169467 -0.004761911
v -0.00555624999 -0.151715249 -0.00473708101
v -0.00555624999 -0.15112257 -0.00702804839
v -0.00555624999 -0.151733026 -0.00471017929
v -0.00555624999 -0.151747823 -0.0046815183
v -0.00555624999 -0.151759431 -0.00465143146
v -0.00555624999 -0.151767731 -0.00462026941
v -0.00555624999 -0.151431456 -0.00485477364
v 0.00555624999 -0.151431456 -0.00485477364
v 0.00555624999 -0.151463568 -0.00485775154
v -0.00555624999 -0.151463568 -0.00485775154
v 0.00555624999 -0.151495814 -0.00485725328
v -0.00555624999 -0.151495814 -0.00485725328
v 0.00555624999 -0.151527822 -0.00485328492
v -0.00555624999 -0.151527822 -0.00485328492
v 0.00555624999 -0.151559219 -0.00484589301
v -0.00555624999 -0.151559219 -0.00484589301
v 0.00555624999 -0.151589632 -0.00483516324
v -0.00555624999 -0.151589632 -0.00483516324
v 0.00555624999 -0.151618704 -0.00482122041
v -0.00555624999 -0.151618704 -0.00482122041
v 0.00555624999 -0.151646107 -0.00480422657
v -0.00555624999 -0.151646107 -0.00480422657
v 0.00555624999 -0.151671529 -0.00478438009
v -0.00555624999 -0.151671529 -0.00478438009
v 0.00555624999 -0.15169467 -0.004761911
v -0.00555624999 -0.15169467 -0.004761911
v 0.00555624999 -0.151715249 -0.00473708101
v -0.00555624999 -0.151715249 -0.00473708101
v 0.00555624999 -0.151733026 -0.00471017929
v -0.00555624999 -0.151733026 -0.00471017929
v 0.00555624999 -0.151747823 -0.0046815183
v -0.00555624999 -0.151747823 -0.0046815183
v 0.00555624999 -0.151759431 -0.00465143146
v -0.00555624999 -0.151759431 -0.00465143146
v 0.00555624999 -0.151767731 -0.00462026941
v -0.00555624999 -0.151767731 -0.00462026941
v 0.00555624999 -0.151330709 -0.00484542549
v 0.00555624999 -0.151431456 -0.00485477364
v -0.00555624999 -0.151431456 -0.00485477364
v 0.00555624999 -0.151229531 -0.00484697334
v -0.00555624999 -0.151330709 -0.00484542549
v 0.00555624999 -0.151129097 -0.00485939858
v -0.00555624999 -0.151229531 -0.00484697334
v 0.00555624999 -0.1510306 -0.00488255732
v -0.00555624999 -0.151129097 -0.00485939858
v 0.00555624999 -0.150935158 -0.00491618039
v -0.00555624999 -0.1510306 -0.00488255732
v 0.00555624999 -0.150843889 -0.00495987758
v -0.00555624999 -0.150935158 -0.00491618039
v 0.00555624999 -0.150757864 -0.00501314132
v -0.00555624999 -0.150843889 -0.00495987758
v 0.00555624999 -0.150678053 -0.00507535366
v -0.00555624999 -0.150757864 -0.00501314132
v 0.00555624999 -0.15060541 -0.00514579145
v -0.00555624999 -0.150678053 -0.00507535366
v 0.00555624999 -0.150540754 -0.00522363745
v -0.00555624999 -0.15060541 -0.00514579145
v 0.00555624999 -0.15048486 -0.00530798733
v -0.00555624999 -0.150540754 -0.00522363745
v 0.00555624999 -0.150438368 -0.00539786182
v -0.00555624999 -0.15048486 -0.00530798733
v 0.00555624999 -0.150401816 -0.00549221784
v -0.00555624999 -0.150438368 -0.00539786182
v 0.00555624999 -0.15037562 -0.00558995875
v -0.00555624999 -0.150401816 -0.00549221784
v 0.00555624999 -0.150360107 -0.00568995066
v -0.00555624999 -0.15037562 -0.00558995875
v 0.00555624999 -0.150355428 -0.00579103176
v -0.00555624999 -0.150360107 -0.00568995066
v 0.00555624999 -0.150361657 -0.00589202857
v -0.00555624999 -0.150355428 -0.00579103176
v 0.00555624999 -0.150378719 -0.00599176856
v -0.00555624999 -0.150361657 -0.00589202857
v 0.00555624999 -0.15040642 -0.00608909363
v -0.00555624999 -0.150378719 -0.00599176856
v 0.00555624999 -0.150444433 -0.00618287362
v -0.00555624999 -0.15040642 -0.00608909363
v 0.00555624999 -0.150492311 -0.00627201935
v -0.00555624999 -0.150444433 -0.00618287362
v 0.00555624999 -0.150549501 -0.00635549612
v -0.00555624999 -0.150492311 -0.00627201935
v 0.00555624999 -0.150615335 -0.00643233443
v -0.00555624999 -0.150549501 -0.00635549612
v 0.00555624999 -0.150689065 -0.00650164206
v -0.00555624999 -0.150615335 -0.00643233443
v 0.00555624999 -0.150769815 -0.00656261435
v -0.00555624999 -0.150689065 -0.00650164206
v 0.00555624999 -0.150856674 -0.0066145435
v -0.00555624999 -0.150769815 -0.00656261435
v 0.00555624999 -0.150948599 -0.00665682601
v -0.00555624999 -0.150856674 -0.0066145435
v -0.00555624999 -0.150948599 -0.00665682601
v 0.00555624999 -0.149836197 -0.00776893133
v 0.00555624999 -0.150111884 -0.0076446794
v 0.00555624999 -0.150015682 -0.00767609011
v 0.00555624999 -0.149754971 -0.0078292843
v 0.00555624999 -0.150412753 -0.00761448685
v 0.00555624999 -0.150311574 -0.00761369802
v 0.00555624999 -0.149923429 -0.00771766808
v 0.00555624999 -0.150210887 -0.00762380147
v 0.00555624999 -0.150611952 -0.00764857838
v 0.00555624999 -0.149680719 -0.00789802615
v 0.00555624999 -0.149614289 -0.00797435828
v 0.00555624999 -0.150513276 -0.00762615865
v 0.00555624999 -0.14950791 -0.00814617239
v 0.00555624999 -0.149469182 -0.00823965948
v 0.00555624999 -0.149422914 -0.00843637623
v 0.00555624999 -0.14941591 -0.00853732228
v 0.00555624999 -0.149556458 -0.00805739593
v 0.00555624999 -0.149733052 -0.00925544649
v 0.00555624999 -0.149812385 -0.00931826793
v 0.00555624999 -0.1495969 -0.0091061173
v 0.00555624999 -0.149660945 -0.0091844555
v 0.00555624999 -0.149460003 -0.00883648265
v 0.00555624999 -0.14949584 -0.00893111527
v 0.00555624999 -0.149440736 -0.00833676942
v 0.00555624999 -0.149541646 -0.00902134273
v 0.00555624999 -0.149419814 -0.00863843691
v 0.00555624999 -0.149434566 -0.00873854384
v 0.00555624999 -0.149898008 -0.00937218778
v 0.00555624999 -0.150643393 -0.00765572162
v 0.00555624999 -0.149925292 -0.00938937441
v 0.00555624999 -0.149950579 -0.00940939877
v 0.00555624999 -0.150675431 -0.00765943667
v 0.00555624999 -0.149973541 -0.00943202991
v 0.00555624999 -0.150859147 -0.00761012221
v 0.00555624999 -0.150831357 -0.00762648135
v 0.00555624999 -0.15077132 -0.00764978025
v 0.00555624999 -0.150739759 -0.00765644852
v 0.00555624999 -0.150801972 -0.00763975224
v 0.00555624999 -0.150163397 -0.00946317147
v 0.00555624999 -0.150929809 -0.00754458364
v 0.00555624999 -0.149993956 -0.00945700426
v 0.00555624999 -0.150707677 -0.00765968021
v 0.00555624999 -0.150908664 -0.007568934
v 0.00555624999 -0.150011554 -0.00948403031
v 0.00555624999 -0.150885031 -0.00759086525
v 0.00555624999 -0.150963649 -0.00748978416
v 0.00555624999 -0.150948212 -0.00751809776
v 0.00555624999 -0.150045618 -0.00957418233
v 0.00555624999 -0.150050282 -0.00960609131
v 0.00555624999 -0.150026128 -0.00951279514
v 0.00555624999 -0.150975958 -0.00745997252
v 0.00555624999 -0.150043517 -0.00970222615
v 0.00555624999 -0.150034413 -0.00973316468
v 0.00555624999 -0.150051504 -0.00963831786
v 0.00555624999 -0.150049239 -0.00967048761
v 0.00555624999 -0.150037527 -0.00954296254
v 0.00555624999 -0.15002203 -0.00976294186
v -0.00555624999 -0.149820283 -0.0101720337
v 0.00555624999 -0.149820283 -0.0101720337
v 0.00555624999 -0.15002203 -0.00976294186
v -0.00555624999 -0.15002203 -0.00976294186
v 0.00555624999 -0.149898008 -0.00937218778
v -0.00555624999 -0.149898008 -0.00937218778
v -0.00555624999 -0.149925292 -0.00938937441
v 0.00555624999 -0.149925292 -0.00938937441
v -0.00555624999 -0.149950579 -0.00940939877
v 0.00555624999 -0.149950579 -0.00940939877
v -0.00555624999 -0.149973541 -0.00943202991
v 0.00555624999 -0.149973541 -0.00943202991
v -0.00555624999 -0.149993956 -0.00945700426
v 0.00555624999 -0.149993956 -0.00945700426
v -0.00555624999 -0.150011554 -0.00948403031
v 0.00555624999 -0.150011554 -0.00948403031
v -0.00555624999 -0.150026128 -0.00951279514
v 0.00555624999 -0.150026128 -0.00951279514
v -0.00555624999 -0.150037527 -0.00954296254
v 0.00555624999 -0.150037527 -0.00954296254
v -0.00555624999 -0.150045618 -0.00957418233
v 0.00555624999 -0.150045618 -0.00957418233
v -0.00555624999 -0.150050282 -0.00960609131
v 0.00555624999 -0.150050282 -0.00960609131
v -0.00555624999 -0.150051504 -0.00963831786
v 0.00555624999 -0.150051504 -0.00963831786
v -0.00555624999 -0.150049239 -0.00967048761
v 0.00555624999 -0.150049239 -0.00967048761
v -0.00555624999 -0.150043517 -0.00970222615
v 0.00555624999 -0.150043517 -0.00970222615
v -0.00555624999 -0.150034413 -0.00973316468
v 0.00555624999 -0.150034413 -0.00973316468
v -0.00555624999 -0.15002203 -0.00976294186
v 0.00555624999 -0.15002203 -0.00976294186
v -0.00555624999 -0.149754971 -0.0078292843
v -0.00555624999 -0.150210887 -0.00762380147
v -0.00555624999 -0.150311574 -0.00761369802
v -0.00555624999 -0.150111884 -0.0076446794
v -0.00555624999 -0.149836197 -0.00776893133
v -0.00555624999 -0.149923429 -0.00771766808
v -0.00555624999 -0.150412753 -0.00761448685
v -0.00555624999 -0.150513276 -0.00762615865
v -0.00555624999 -0.150015682 -0.00767609011
v -0.00555624999 -0.150611952 -0.00764857838
v -0.00555624999 -0.149556458 -0.00805739593
v -0.00555624999 -0.149614289 -0.00797435828
v -0.00555624999 -0.149680719 -0.00789802615
v -0.00555624999 -0.149440736 -0.00833676942
v -0.00555624999 -0.149469182 -0.00823965948
v -0.00555624999 -0.14950791 -0.00814617239
v -0.00555624999 -0.149419814 -0.00863843691
v -0.00555624999 -0.14941591 -0.00853732228
v -0.00555624999 -0.149422914 -0.00843637623
v -0.00555624999 -0.149541646 -0.00902134273
v -0.00555624999 -0.14949584 -0.00893111527
v -0.00555624999 -0.149733052 -0.00925544649
v -0.00555624999 -0.149660945 -0.0091844555
v -0.00555624999 -0.149898008 -0.00937218778
v -0.00555624999 -0.149812385 -0.00931826793
v -0.00555624999 -0.149460003 -0.00883648265
v -0.00555624999 -0.149434566 -0.00873854384
v -0.00555624999 -0.1495969 -0.0091061173
v -0.00555624999 -0.150643393 -0.00765572162
v -0.00555624999 -0.149925292 -0.00938937441
v -0.00555624999 -0.149950579 -0.00940939877
v -0.00555624999 -0.149973541 -0.00943202991
v -0.00555624999 -0.150801972 -0.00763975224
v -0.00555624999 -0.150831357 -0.00762648135
v -0.00555624999 -0.15077132 -0.00764978025
v -0.00555624999 -0.150707677 -0.00765968021
v -0.00555624999 -0.150739759 -0.00765644852
v -0.00555624999 -0.150675431 -0.00765943667
v -0.00555624999 -0.150885031 -0.00759086525
v -0.00555624999 -0.150908664 -0.007568934
v -0.00555624999 -0.150163397 -0.00946317147
v -0.00555624999 -0.150011554 -0.00948403031
v -0.00555624999 -0.149993956 -0.00945700426
v -0.00555624999 -0.150859147 -0.00761012221
v -0.00555624999 -0.150026128 -0.00951279514
v -0.00555624999 -0.150929809 -0.00754458364
v -0.00555624999 -0.150948212 -0.00751809776
v -0.00555624999 -0.150037527 -0.00954296254
v -0.00555624999 -0.150051504 -0.00963831786
v -0.00555624999 -0.150050282 -0.00960609131
v -0.00555624999 -0.150045618 -0.00957418233
v -0.00555624999 -0.150043517 -0.00970222615
v -0.00555624999 -0.150049239 -0.00967048761
v -0.00555624999 -0.15002203 -0.00976294186
v -0.00555624999 -0.150034413 -0.00973316468
v -0.00555624999 -0.150963649 -0.00748978416
v -0.00555624999 -0.150975958 -0.00745997252
v -0.00555624999 -0.150611952 -0.00764857838
v 0.00555624999 -0.150611952 -0.00764857838
v 0.00555624999 -0.150643393 -0.00765572162
v -0.00555624999 -0.150643393 -0.00765572162
v 0.00555624999 -0.150675431 -0.00765943667
v -0.00555624999 -0.150675431 -0.00765943667
v 0.00555624999 -0.150707677 -0.00765968021
v -0.00555624999 -0.150707677 -0.00765968021
v 0.00555624999 -0.150739759 -0.00765644852
v -0.00555624999 -0.150739759 -0.00765644852
v 0.00555624999 -0.15077132 -0.00764978025
v -0.00555624999 -0.15077132 -0.00764978025
v 0.00555624999 -0.150801972 -0.00763975224
v -0.00555624999 -0.150801972 -0.00763975224
v 0.00555624999 -0.150831357 -0.00762648135
v -0.00555624999 -0.150831357 -0.00762648135
v 0.00555624999 -0.150859147 -0.00761012221
v -0.00555624999 -0.150859147 -0.00761012221
v 0.00555624999 -0.150885031 -0.00759086525
v -0.00555624999 -0.150885031 -0.00759086525
v 0.00555624999 -0.150908664 -0.007568934
v -0.00555624999 -0.150908664 -0.007568934
v 0.00555624999 -0.150929809 -0.00754458364
v -0.00555624999 -0.150929809 -0.00754458364
v 0.00555624999 -0.150948212 -0.00751809776
v -0.00555624999 -0.150948212 -0.00751809776
v 0.00555624999 -0.150963649 -0.00748978416
v -0.00555624999 -0.150963649 -0.00748978416
v 0.00555624999 -0.150975958 -0.00745997252
v -0.00555624999 -0.150975958 -0.00745997252
v 0.00555624999 -0.150513276 -0.00762615865
v 0.00555624999 -0.150611952 -0.00764857838
v -0.00555624999 -0.150611952 -0.00764857838
v 0.00555624999 -0.150412753 -0.00761448685
v -0.00555624999 -0.150513276 -0.00762615865
v 0.00555624999 -0.150311574 -0.00761369802
v -0.00555624999 -0.150412753 -0.00761448685
v 0.00555624999 -0.150210887 -0.00762380147
v -0.00555624999 -0.150311574 -0.00761369802
v 0.00555624999 -0.150111884 -0.0076446794
v -0.00555624999 -0.150210887 -0.00762380147
v 0.00555624999 -0.150015682 -0.00767609011
v -0.00555624999 -0.150111884 -0.0076446794
v 0.00555624999 -0.149923429 -0.00771766808
v -0.00555624999 -0.150015682 -0.00767609011
v 0.00555624999 -0.149836197 -0.00776893133
v -0.00555624999 -0.149923429 -0.00771766808
v 0.00555624999 -0.149754971 -0.0078292843
v -0.00555624999 -0.149836197 -0.00776893133
v 0.00555624999 -0.149680719 -0.00789802615
v -0.00555624999 -0.149754971 -0.0078292843
v 0.00555624999 -0.149614289 -0.00797435828
v -0.00555624999 -0.149680719 -0.00789802615
v 0.00555624999 -0.149556458 -0.00805739593
v -0.00555624999 -0.149614289 -0.00797435828
v 0.00555624999 -0.14950791 -0.00814617239
v -0.00555624999 -0.149556458 -0.00805739593
v 0.00555624999 -0.149469182 -0.00823965948
v -0.00555624999 -0.14950791 -0.00814617239
v 0.00555624999 -0.149440736 -0.00833676942
v -0.00555624999 -0.149469182 -0.00823965948
v 0.00555624999 -0.149422914 -0.00843637623
v -0.00555624999 -0.149440736 -0.00833676942
v 0.00555624999 -0.14941591 -0.00853732228
v -0.00555624999 -0.149422914 -0.00843637623
v 0.00555624999 -0.149419814 -0.00863843691
v -0.00555624999 -0.14941591 -0.00853732228
v 0.00555624999 -0.149434566 -0.00873854384
v -0.00555624999 -0.149419814 -0.00863843691
v 0.00555624999 -0.149460003 -0.00883648265
v -0.00555624999 -0.149434566 -0.00873854384
v 0.00555624999 -0.14949584 -0.00893111527
v -0.00555624999 -0.149460003 -0.00883648265
v 0.00555624999 -0.149541646 -0.00902134273
v -0.00555624999 -0.14949584 -0.00893111527
v 0.00555624999 -0.1495969 -0.0091061173
v -0.00555624999 -0.149541646 -0.00902134273
v 0.00555624999 -0.149660945 -0.0091844555
v -0.00555624999 -0.1495969 -0.0091061173
v 0.00555624999 -0.149733052 -0.00925544649
v -0.00555624999 -0.149660945 -0.0091844555
v 0.00555624999 -0.149812385 -0.00931826793
v -0.00555624999 -0.149733052 -0.00925544649
v 0.00555624999 -0.149898008 -0.00937218778
v -0.00555624999 -0.149812385 -0.00931826793
v -0.00555624999 -0.149898008 -0.00937218778
v 0.00555624999 -0.149434775 -0.0103115132
v 0.00555624999 -0.148840025 -0.0102609619
v 0.00555624999 -0.148743138 -0.010290144
v 0.00555624999 -0.148649961 -0.0103295809
v 0.00555624999 -0.148939505 -0.0102423755
v 0.00555624999 -0.149241745 -0.0102517148
v 0.00555624999 -0.149141535 -0.0102377245
v 0.00555624999 -0.14933987 -0.0102764061
v 0.00555624999 -0.148561552 -0.0103788162
v 0.00555624999 -0.148478955 -0.0104372771
v 0.00555624999 -0.148275241 -0.0106607443
v 0.00555624999 -0.148224637 -0.0107483771
v 0.00555624999 -0.148403138 -0.0105042867
v 0.00555624999 -0.149040386 -0.0102345999
v 0.00555624999 -0.148334965 -0.0105790645
v 0.00555624999 -0.148183763 -0.010840944
v 0.00555624999 -0.148153096 -0.0109373722
v 0.00555624999 -0.14813298 -0.0110365404
v 0.00555624999 -0.149465024 -0.0103227003
v 0.00555624999 -0.149020344 -0.0116191981
v 0.00555624999 -0.149820283 -0.0101720337
v 0.00555624999 -0.149804205 -0.0101999845
v 0.00555624999 -0.149496302 -0.0103305653
v 0.00555624999 -0.149684891 -0.0103056533
v 0.00555624999 -0.149655208 -0.0103182448
v 0.00555624999 -0.148569062 -0.0119963801
v 0.00555624999 -0.14952825 -0.0103350161
v 0.00555624999 -0.149624333 -0.0103275655
v 0.00555624999 -0.148501977 -0.0119271893
v 0.00555624999 -0.149785206 -0.0102260401
v 0.00555624999 -0.149763495 -0.0102498978
v 0.00555624999 -0.148619413 -0.0122110778
v 0.00555624999 -0.148612976 -0.0122426767
v 0.00555624999 -0.148599938 -0.0120528955
v 0.00555624999 -0.148610651 -0.0120833172
v 0.00555624999 -0.148549229 -0.0119709438
v 0.00555624999 -0.149560481 -0.0103360005
v 0.00555624999 -0.149592638 -0.0103335073
v 0.00555624999 -0.148125201 -0.0112384753
v 0.00555624999 -0.149713054 -0.0102899382
v 0.00555624999 -0.148160815 -0.0114373965
v 0.00555624999 -0.149739355 -0.0102712801
v 0.00555624999 -0.148238167 -0.0116240922
v 0.00555624999 -0.148424119 -0.0118625537
v 0.00555624999 -0.148622423 -0.0121789686
v 0.00555624999 -0.148618013 -0.0121147148
v 0.00555624999 -0.148621947 -0.0121467225
v 0.00555624999 -0.14858602 -0.0120238038
v 0.00555624999 -0.148123637 -0.0111372983
v 0.00555624999 -0.148137644 -0.011338897
v 0.00555624999 -0.148194447 -0.011532831
v 0.00555624999 -0.148526788 -0.0119477902
v 0.00555624999 -0.148353666 -0.0117899161
v 0.00555624999 -0.148603156 -0.0122733973
v 0.00555624999 -0.148590088 -0.012302882
v 0.00555624999 -0.148291439 -0.0117101204
v 0.00555624999 -0.148573935 -0.0123307891
v -0.00555624999 -0.148320511 -0.0127100479
v 0.00555624999 -0.148320511 -0.0127100479
v 0.00555624999 -0.148573935 -0.0123307891
v -0.00555624999 -0.148573935 -0.0123307891
v 0.00555624999 -0.148501977 -0.0119271893
v -0.00555624999 -0.148501977 -0.0119271893
v -0.00555624999 -0.148526788 -0.0119477902
v 0.00555624999 -0.148526788 -0.0119477902
v -0.00555624999 -0.148549229 -0.0119709438
v 0.00555624999 -0.148549229 -0.0119709438
v -0.00555624999 -0.148569062 -0.0119963801
v 0.00555624999 -0.148569062 -0.0119963801
v -0.00555624999 -0.14858602 -0.0120238038
v 0.00555624999 -0.14858602 -0.0120238038
v -0.00555624999 -0.148599938 -0.0120528955
v 0.00555624999 -0.148599938 -0.0120528955
v -0.00555624999 -0.148610651 -0.0120833172
v 0.00555624999 -0.148610651 -0.0120833172
v -0.00555624999 -0.148618013 -0.0121147148
v 0.00555624999 -0.148618013 -0.0121147148
v -0.00555624999 -0.148621947 -0.0121467225
v 0.00555624999 -0.148621947 -0.0121467225
v -0.00555624999 -0.148622423 -0.0121789686
v 0.00555624999 -0.148622423 -0.0121789686
v -0.00555624999 -0.148619413 -0.0122110778
v 0.00555624999 -0.148619413 -0.0122110778
v -0.00555624999 -0.148612976 -0.0122426767
v 0.00555624999 -0.148612976 -0.0122426767
v -0.00555624999 -0.148603156 -0.0122733973
v 0.00555624999 -0.148603156 -0.0122733973
v -0.00555624999 -0.148590088 -0.012302882
v 0.00555624999 -0.148590088 -0.012302882
v -0.00555624999 -0.148573935 -0.0123307891
v 0.00555624999 -0.148573935 -0.0123307891
v -0.00555624999 -0.149434775 -0.0103115132
v -0.00555624999 -0.148649961 -0.0103295809
v -0.00555624999 -0.148743138 -0.010290144
v -0.00555624999 -0.148939505 -0.0102423755
v -0.00555624999 -0.149241745 -0.0102517148
v -0.00555624999 -0.14933987 -0.0102764061
v -0.00555624999 -0.149040386 -0.0102345999
v -0.00555624999 -0.149141535 -0.0102377245
v -0.00555624999 -0.148561552 -0.0103788162
v -0.00555624999 -0.148840025 -0.0102609619
v -0.00555624999 -0.148403138 -0.0105042867
v -0.00555624999 -0.148478955 -0.0104372771
v -0.00555624999 -0.148334965 -0.0105790645
v -0.00555624999 -0.148183763 -0.010840944
v -0.00555624999 -0.148224637 -0.0107483771
v -0.00555624999 -0.148275241 -0.0106607443
v -0.00555624999 -0.14813298 -0.0110365404
v -0.00555624999 -0.148153096 -0.0109373722
v -0.00555624999 -0.148125201 -0.0112384753
v -0.00555624999 -0.148123637 -0.0111372983
v -0.00555624999 -0.148424119 -0.0118625537
v -0.00555624999 -0.148353666 -0.0117899161
v -0.00555624999 -0.148291439 -0.0117101204
v -0.00555624999 -0.148160815 -0.0114373965
v -0.00555624999 -0.148137644 -0.011338897
v -0.00555624999 -0.148238167 -0.0116240922
v -0.00555624999 -0.148194447 -0.011532831
v -0.00555624999 -0.148501977 -0.0119271893
v -0.00555624999 -0.148526788 -0.0119477902
v -0.00555624999 -0.149465024 -0.0103227003
v -0.00555624999 -0.149785206 -0.0102260401
v -0.00555624999 -0.149020344 -0.0116191981
v -0.00555624999 -0.149624333 -0.0103275655
v -0.00555624999 -0.149655208 -0.0103182448
v -0.00555624999 -0.149560481 -0.0103360005
v -0.00555624999 -0.149592638 -0.0103335073
v -0.00555624999 -0.149496302 -0.0103305653
v -0.00555624999 -0.148549229 -0.0119709438
v -0.00555624999 -0.14952825 -0.0103350161
v -0.00555624999 -0.149804205 -0.0101999845
v -0.00555624999 -0.14858602 -0.0120238038
v -0.00555624999 -0.148569062 -0.0119963801
v -0.00555624999 -0.148618013 -0.0121147148
v -0.00555624999 -0.148610651 -0.0120833172
v -0.00555624999 -0.148603156 -0.0122733973
v -0.00555624999 -0.148612976 -0.0122426767
v -0.00555624999 -0.148599938 -0.0120528955
v -0.00555624999 -0.148622423 -0.0121789686
v -0.00555624999 -0.148621947 -0.0121467225
v -0.00555624999 -0.148619413 -0.0122110778
v -0.00555624999 -0.149713054 -0.0102899382
v -0.00555624999 -0.149739355 -0.0102712801
v -0.00555624999 -0.149684891 -0.0103056533
v -0.00555624999 -0.148573935 -0.0123307891
v -0.00555624999 -0.148590088 -0.012302882
v -0.00555624999 -0.149763495 -0.0102498978
v -0.00555624999 -0.149820283 -0.0101720337
v -0.00555624999 -0.149434775 -0.0103115132
v 0.00555624999 -0.149434775 -0.0103115132
v 0.00555624999 -0.149465024 -0.0103227003
v -0.00555624999 -0.149465024 -0.0103227003
v 0.00555624999 -0.149496302 -0.0103305653
v -0.00555624999 -0.149496302 -0.0103305653
v 0.00555624999 -0.14952825 -0.0103350161
v -0.00555624999 -0.14952825 -0.0103350161
v 0.00555624999 -0.149560481 -0.0103360005
v -0.00555624999 -0.149560481 -0.0103360005
v 0.00555624999 -0.149592638 -0.0103335073
v -0.00555624999 -0.149592638 -0.0103335073
v 0.00555624999 -0.149624333 -0.0103275655
v -0.00555624999 -0.149624333 -0.0103275655
v 0.00555624999 -0.149655208 -0.0103182448
v -0.00555624999 -0.149655208 -0.0103182448
v 0.00555624999 -0.149684891 -0.0103056533
v -0.00555624999 -0.149684891 -0.0103056533
v 0.00555624999 -0.149713054 -0.0102899382
v -0.00555624999 -0.149713054 -0.0102899382
v 0.00555624999 -0.149739355 -0.0102712801
v -0.00555624999 -0.149739355 -0.0102712801
v 0.00555624999 -0.149763495 -0.0102498978
v -0.00555624999 -0.149763495 -0.0102498978
v 0.00555624999 -0.149785206 -0.0102260401
v -0.00555624999 -0.149785206 -0.0102260401
v 0.00555624999 -0.149804205 -0.0101999845
v -0.00555624999 -0.149804205 -0.0101999845
v 0.00555624999 -0.149820283 -0.0101720337
v -0.00555624999 -0.149820283 -0.0101720337
v 0.00555624999 -0.14933987 -0.0102764061
v 0.00555624999 -0.149434775 -0.0103115132
v -0.00555624999 -0.149434775 -0.0103115132
v 0.00555624999 -0.149241745 -0.0102517148
v -0.00555624999 -0.14933987 -0.0102764061
v 0.00555624999 -0.149141535 -0.0102377245
v -0.00555624999 -0.149241745 -0.0102517148
v 0.00555624999 -0.149040386 -0.0102345999
v -0.00555624999 -0.149141535 -0.0102377245
v 0.00555624999 -0.148939505 -0.0102423755
v -0.00555624999 -0.149040386 -0.0102345999
v 0.00555624999 -0.148840025 -0.0102609619
v -0.00555624999 -0.148939505 -0.0102423755
v 0.00555624999 -0.148743138 -0.010290144
v -0.00555624999 -0.148840025 -0.0102609619
v 0.00555624999 -0.148649961 -0.0103295809
v -0.00555624999 -0.148743138 -0.010290144
v 0.00555624999 -0.148561552 -0.0103788162
v -0.00555624999 -0.148649961 -0.0103295809
v 0.00555624999 -0.148478955 -0.0104372771
v -0.00555624999 -0.148561552 -0.0103788162
v 0.00555624999 -0.148403138 -0.0105042867
v -0.00555624999 -0.148478955 -0.0104372771
v 0.00555624999 -0.148334965 -0.0105790645
v -0.00555624999 -0.148403138 -0.0105042867
v 0.00555624999 -0.148275241 -0.0106607443
v -0.00555624999 -0.148334965 -0.0105790645
v 0.00555624999 -0.148224637 -0.0107483771
v -0.00555624999 -0.148275241 -0.0106607443
v 0.00555624999 -0.148183763 -0.010840944
v -0.00555624999 -0.148224637 -0.0107483771
v 0.00555624999 -0.148153096 -0.0109373722
v -0.00555624999 -0.148183763 -0.010840944
v 0.00555624999 -0.14813298 -0.0110365404
v -0.00555624999 -0.148153096 -0.0109373722
v 0.00555624999 -0.148123637 -0.0111372983
v -0.00555624999 -0.14813298 -0.0110365404
v 0.00555624999 -0.148125201 -0.0112384753
v -0.00555624999 -0.148123637 -0.0111372983
v 0.00555624999 -0.148137644 -0.011338897
v -0.00555624999 -0.148125201 -0.0112384753
v 0.00555624999 -0.148160815 -0.0114373965
v -0.00555624999 -0.148137644 -0.011338897
v 0.00555624999 -0.148194447 -0.011532831
v -0.00555624999 -0.148160815 -0.0114373965
v 0.00555624999 -0.148238167 -0.0116240922
v -0.00555624999 -0.148194447 -0.011532831
v 0.00555624999 -0.148291439 -0.0117101204
v -0.00555624999 -0.148238167 -0.0116240922
v 0.00555624999 -0.148353666 -0.0117899161
v -0.00555624999 -0.148291439 -0.0117101204
v 0.00555624999 -0.148424119 -0.0118625537
v -0.00555624999 -0.148353666 -0.0117899161
v 0.00555624999 -0.148501977 -0.0119271893
v -0.00555624999 -0.148424119 -0.0118625537
v -0.00555624999 -0.148501977 -0.0119271893
v 0.00555624999 -0.147920102 -0.012798016
v 0.00555624999 -0.147638991 -0.0126865814
v 0.00555624999 -0.147539124 -0.0126702823
v 0.00555624999 -0.147830591 -0.0127508212
v 0.00555624999 -0.14773652 -0.0127135329
v 0.00555624999 -0.147237167 -0.0126865515
v 0.00555624999 -0.147139624 -0.0127134882
v 0.00555624999 -0.147438079 -0.0126648229
v 0.00555624999 -0.147337034 -0.0126702664
v 0.00555624999 -0.146794766 -0.0129197231
v 0.00555624999 -0.146724895 -0.0129929082
v 0.00555624999 -0.146956041 -0.0127979442
v 0.00555624999 -0.146872118 -0.012854483
v 0.00555624999 -0.147045553 -0.0127507634
v 0.00555624999 -0.146610692 -0.0131596271
v 0.00555624999 -0.146567687 -0.0132512264
v 0.00555624999 -0.146534801 -0.0133469207
v 0.00555624999 -0.146512389 -0.0134455981
v 0.00555624999 -0.146663293 -0.0130731864
v 0.00555624999 -0.147650898 -0.0136390002
v 0.00555624999 -0.146870941 -0.0145434607
v 0.00555624999 -0.146863773 -0.0145749021
v 0.00555624999 -0.146499962 -0.0136472993
v 0.00555624999 -0.14651008 -0.0137479808
v 0.00555624999 -0.146500736 -0.0135461129
v 0.00555624999 -0.146562397 -0.0139431758
v 0.00555624999 -0.148137763 -0.0128334612
v 0.00555624999 -0.148105934 -0.0128386719
v 0.00555624999 -0.146853253 -0.0146053899
v 0.00555624999 -0.146874949 -0.0144791799
v 0.00555624999 -0.146874681 -0.0145114288
v 0.00555624999 -0.146530971 -0.0138469897
v 0.00555624999 -0.148168832 -0.012824852
v 0.00555624999 -0.148227319 -0.0127978818
v 0.00555624999 -0.148198813 -0.0128129469
v 0.00555624999 -0.146865115 -0.0144155314
v 0.00555624999 -0.146871746 -0.0144470902
v 0.00555624999 -0.148073733 -0.0128404256
v 0.00555624999 -0.148254052 -0.0127798347
v 0.00555624999 -0.146825522 -0.0143276621
v 0.00555624999 -0.146841869 -0.0143554686
v 0.00555624999 -0.147948623 -0.012813055
v 0.00555624999 -0.148041531 -0.0128386999
v 0.00555624999 -0.148009703 -0.0128335161
v 0.00555624999 -0.146715626 -0.0142038679
v 0.00555624999 -0.148278683 -0.0127590131
v 0.00555624999 -0.148300916 -0.0127356602
v 0.00555624999 -0.146839514 -0.0146345664
v 0.00555624999 -0.146855116 -0.0143848723
v 0.00555624999 -0.147978619 -0.0128249349
v 0.00555624999 -0.146655262 -0.0141226565
v 0.00555624999 -0.148320511 -0.0127100479
v 0.00555624999 -0.146603987 -0.0140354214
v 0.00555624999 -0.1468063 -0.014301776
v 0.00555624999 -0.14678438 -0.0142781129
v 0.00555624999 -0.146822721 -0.0146620944
v 0.00555624999 -0.146803051 -0.0146876527
v -0.00555624999 -0.146502301 -0.0150305899
v 0.00555624999 -0.146502301 -0.0150305899
v 0.00555624999 -0.146803051 -0.0146876527
v -0.00555624999 -0.146803051 -0.0146876527
v 0.00555624999 -0.14678438 -0.0142781129
v -0.00555624999 -0.14678438 -0.0142781129
v -0.00555624999 -0.1468063 -0.014301776
v 0.00555624999 -0.1468063 -0.014301776
v -0.00555624999 -0.146825522 -0.0143276621
v 0.00555624999 -0.146825522 -0.0143276621
v -0.00555624999 -0.146841869 -0.0143554686
v 0.00555624999 -0.146841869 -0.0143554686
v -0.00555624999 -0.146855116 -0.0143848723
v 0.00555624999 -0.146855116 -0.0143848723
v -0.00555624999 -0.146865115 -0.0144155314
v 0.00555624999 -0.146865115 -0.0144155314
v -0.00555624999 -0.146871746 -0.0144470902
v 0.00555624999 -0.146871746 -0.0144470902
v -0.00555624999 -0.146874949 -0.0144791799
v 0.00555624999 -0.146874949 -0.0144791799
v -0.00555624999 -0.146874681 -0.0145114288
v 0.00555624999 -0.146874681 -0.0145114288
v -0.00555624999 -0.146870941 -0.0145434607
v 0.00555624999 -0.146870941 -0.0145434607
v -0.00555624999 -0.146863773 -0.0145749021
v 0.00555624999 -0.146863773 -0.0145749021
v -0.00555624999 -0.146853253 -0.0146053899
v 0.00555624999 -0.146853253 -0.0146053899
v -0.00555624999 -0.146839514 -0.0146345664
v 0.00555624999 -0.146839514 -0.0146345664
v -0.00555624999 -0.146822721 -0.0146620944
v 0.00555624999 -0.146822721 -0.0146620944
v -0.00555624999 -0.146803051 -0.0146876527
v 0.00555624999 -0.146803051 -0.0146876527
v -0.00555624999 -0.147920102 -0.012798016
v -0.00555624999 -0.147638991 -0.0126865814
v -0.00555624999 -0.14773652 -0.0127135329
v -0.00555624999 -0.147438079 -0.0126648229
v -0.00555624999 -0.147539124 -0.0126702823
v -0.00555624999 -0.147237167 -0.0126865515
v -0.00555624999 -0.147337034 -0.0126702664
v -0.00555624999 -0.147045553 -0.0127507634
v -0.00555624999 -0.147139624 -0.0127134882
v -0.00555624999 -0.146956041 -0.0127979442
v -0.00555624999 -0.146794766 -0.0129197231
v -0.00555624999 -0.146872118 -0.012854483
v -0.00555624999 -0.146663293 -0.0130731864
v -0.00555624999 -0.146724895 -0.0129929082
v -0.00555624999 -0.146534801 -0.0133469207
v -0.00555624999 -0.146567687 -0.0132512264
v -0.00555624999 -0.146610692 -0.0131596271
v -0.00555624999 -0.146500736 -0.0135461129
v -0.00555624999 -0.146512389 -0.0134455981
v -0.00555624999 -0.146499962 -0.0136472993
v -0.00555624999 -0.146530971 -0.0138469897
v -0.00555624999 -0.14651008 -0.0137479808
v -0.00555624999 -0.146603987 -0.0140354214
v -0.00555624999 -0.146562397 -0.0139431758
v -0.00555624999 -0.147650898 -0.0136390002
v -0.00555624999 -0.148168832 -0.012824852
v -0.00555624999 -0.148198813 -0.0128129469
v -0.00555624999 -0.14678438 -0.0142781129
v -0.00555624999 -0.146715626 -0.0142038679
v -0.00555624999 -0.148137763 -0.0128334612
v -0.00555624999 -0.148073733 -0.0128404256
v -0.00555624999 -0.148105934 -0.0128386719
v -0.00555624999 -0.146655262 -0.0141226565
v -0.00555624999 -0.148041531 -0.0128386999
v -0.00555624999 -0.147948623 -0.012813055
v -0.00555624999 -0.1468063 -0.014301776
v -0.00555624999 -0.146870941 -0.0145434607
v -0.00555624999 -0.146874681 -0.0145114288
v -0.00555624999 -0.146853253 -0.0146053899
v -0.00555624999 -0.146863773 -0.0145749021
v -0.00555624999 -0.148227319 -0.0127978818
v -0.00555624999 -0.147978619 -0.0128249349
v -0.00555624999 -0.148009703 -0.0128335161
v -0.00555624999 -0.147830591 -0.0127508212
v -0.00555624999 -0.146874949 -0.0144791799
v -0.00555624999 -0.146871746 -0.0144470902
v -0.00555624999 -0.146803051 -0.0146876527
v -0.00555624999 -0.146822721 -0.0146620944
v -0.00555624999 -0.146855116 -0.0143848723
v -0.00555624999 -0.146841869 -0.0143554686
v -0.00555624999 -0.146839514 -0.0146345664
v -0.00555624999 -0.148254052 -0.0127798347
v -0.00555624999 -0.148278683 -0.0127590131
v -0.00555624999 -0.146865115 -0.0144155314
v -0.00555624999 -0.148300916 -0.0127356602
v -0.00555624999 -0.146825522 -0.0143276621
v -0.00555624999 -0.148320511 -0.0127100479
v -0.00555624999 -0.147920102 -0.012798016
v 0.00555624999 -0.147920102 -0.012798016
v 0.00555624999 -0.147948623 -0.012813055
v -0.00555624999 -0.147948623 -0.012813055
v 0.00555624999 -0.147978619 -0.0128249349
v -0.00555624999 -0.147978619 -0.0128249349
v 0.00555624999 -0.148009703 -0.0128335161
v -0.00555624999 -0.148009703 -0.0128335161
v 0.00555624999 -0.148041531 -0.0128386999
v -0.00555624999 -0.148041531 -0.0128386999
v 0.00555624999 -0.148073733 -0.0128404256
v -0.00555624999 -0.148073733 -0.0128404256
v 0.00555624999 -0.148105934 -0.0128386719
v -0.00555624999 -0.148105934 -0.0128386719
v 0.00555624999 -0.148137763 -0.0128334612
v -0.00555624999 -0.148137763 -0.0128334612
v 0.00555624999 -0.148168832 -0.012824852
v -0.00555624999 -0.148168832 -0.012824852
v 0.00555624999 -0.148198813 -0.0128129469
v -0.00555624999 -0.148198813 -0.0128129469
v 0.00555624999 -0.148227319 -0.0127978818
v -0.00555624999 -0.148227319 -0.0127978818
v 0.00555624999 -0.148254052 -0.0127798347
v -0.00555624999 -0.148254052 -0.0127798347
v 0.00555624999 -0.148278683 -0.0127590131
v -0.00555624999 -0.148278683 -0.0127590131
v 0.00555624999 -0.148300916 -0.0127356602
v -0.00555624999 -0.148300916 -0.0127356602
v 0.00555624999 -0.148320511 -0.0127100479
v -0.00555624999 -0.148320511 -0.0127100479
v 0.00555624999 -0.147830591 -0.0127508212
v 0.00555624999 -0.147920102 -0.012798016
v -0.00555624999 -0.147920102 -0.012798016
v 0.00555624999 -0.14773652 -0.0127135329
v -0.00555624999 -0.147830591 -0.0127508212
v 0.00555624999 -0.147638991 -0.0126865814
v -0.00555624999 -0.14773652 -0.0127135329
v 0.00555624999 -0.147539124 -0.0126702823
v -0.00555624999 -0.147638991 -0.0126865814
v 0.00555624999 -0.147438079 -0.0126648229
v -0.00555624999 -0.147539124 -0.0126702823
v 0.00555624999 -0.147337034 -0.0126702664
v -0.00555624999 -0.147438079 -0.0126648229
v 0.00555624999 -0.147237167 -0.0126865515
v -0.00555624999 -0.147337034 -0.0126702664
v 0.00555624999 -0.147139624 -0.0127134882
v -0.00555624999 -0.147237167 -0.0126865515
v 0.00555624999 -0.147045553 -0.0127507634
v -0.00555624999 -0.147139624 -0.0127134882
v 0.00555624999 -0.146956041 -0.0127979442
v -0.00555624999 -0.147045553 -0.0127507634
v 0.00555624999 -0.146872118 -0.012854483
v -0.00555624999 -0.146956041 -0.0127979442
v 0.00555624999 -0.146794766 -0.0129197231
v -0.00555624999 -0.146872118 -0.012854483
v 0.00555624999 -0.146724895 -0.0129929082
v -0.00555624999 -0.146794766 -0.0129197231
v 0.00555624999 -0.146663293 -0.0130731864
v -0.00555624999 -0.146724895 -0.0129929082
v 0.00555624999 -0.146610692 -0.0131596271
v -0.00555624999 -0.146663293 -0.0130731864
v 0.00555624999 -0.146567687 -0.0132512264
v -0.00555624999 -0.146610692 -0.0131596271
v 0.00555624999 -0.146534801 -0.0133469207
v -0.00555624999 -0.146567687 -0.0132512264
v 0.00555624999 -0.146512389 -0.0134455981
v -0.00555624999 -0.146534801 -0.0133469207
v 0.00555624999 -0.146500736 -0.0135461129
v -0.00555624999 -0.146512389 -0.0134455981
v 0.00555624999 -0.146499962 -0.0136472993
v -0.00555624999 -0.146500736 -0.0135461129
v 0.00555624999 -0.14651008 -0.0137479808
v -0.00555624999 -0.146499962 -0.0136472993
v 0.00555624999 -0.146530971 -0.0138469897
v -0.00555624999 -0.14651008 -0.0137479808
v 0.00555624999 -0.146562397 -0.0139431758
v -0.00555624999 -0.146530971 -0.0138469897
v 0.00555624999 -0.146603987 -0.0140354214
v -0.00555624999 -0.146562397 -0.0139431758
v 0.00555624999 -0.146655262 -0.0141226565
v -0.00555624999 -0.146603987 -0.0140354214
v 0.00555624999 -0.146715626 -0.0142038679
v -0.00555624999 -0.146655262 -0.0141226565
v 0.00555624999 -0.14678438 -0.0142781129
v -0.00555624999 -0.146715626 -0.0142038679
v -0.00555624999 -0.14678438 -0.0142781129
v 0.00555624999 -0.145232931 -0.014904541
v 0.00555624999 -0.145138025 -0.0149396341
v 0.00555624999 -0.145047441 -0.0149847353
v 0.00555624999 -0.144962236 -0.015039322
v 0.00555624999 -0.14533107 -0.0148798637
v 0.00555624999 -0.145532429 -0.0148627795
v 0.00555624999 -0.14543128 -0.0148658892
v 0.00555624999 -0.145732775 -0.0148891713
v 0.00555624999 -0.14563331 -0.01487057
v 0.00555624999 -0.145922855 -0.0149578182
v 0.00555624999 -0.145829663 -0.0149183674
v 0.00555624999 -0.14609383 -0.0150655406
v 0.00555624999 -0.144598261 -0.016023688
v 0.00555624999 -0.144627467 -0.0161205735
v 0.00555624999 -0.14466691 -0.0162137542
v 0.00555624999 -0.144716159 -0.0163021497
v 0.00555624999 -0.144571871 -0.0158233345
v 0.00555624999 -0.144579664 -0.0159242228
v 0.00555624999 -0.146011248 -0.0150070665
v 0.00555624999 -0.144811854 -0.0151743107
v 0.00555624999 -0.14474842 -0.0152531452
v 0.00555624999 -0.144588962 -0.0156219732
v 0.00555624999 -0.144574985 -0.0157221928
v 0.00555624999 -0.144693837 -0.0153383482
v 0.00555624999 -0.144648731 -0.0154289305
v 0.00555624999 -0.144883409 -0.015102759
v 0.00555624999 -0.144613639 -0.0155238397
v 0.00555624999 -0.146071076 -0.0154988971
v 0.00555624999 -0.146240607 -0.0151276402
v 0.00555624999 -0.146208912 -0.0151217263
v 0.00555624999 -0.144774631 -0.0163847338
v 0.00555624999 -0.146120146 -0.0150841754
v 0.00555624999 -0.146272764 -0.0151301045
v 0.00555624999 -0.146336928 -0.0151246144
v 0.00555624999 -0.146304995 -0.0151290921
v 0.00555624999 -0.144830823 -0.0164998118
v 0.00555624999 -0.146178022 -0.0151124327
v 0.00555624999 -0.146368206 -0.0151167223
v 0.00555624999 -0.144793272 -0.0164110549
v 0.00555624999 -0.146148324 -0.0150998663
v 0.00555624999 -0.14639844 -0.0151055092
v 0.00555624999 -0.146454424 -0.0150736747
v 0.00555624999 -0.146427289 -0.0150911035
v 0.00555624999 -0.146502301 -0.0150305899
v 0.00555624999 -0.146479532 -0.015053425
v 0.00555624999 -0.144808963 -0.0164392292
v 0.00555624999 -0.144782767 -0.0167453345
v 0.00555624999 -0.144762516 -0.0167704336
v 0.00555624999 -0.144814596 -0.0166893471
v 0.00555624999 -0.144800201 -0.0167181995
v 0.00555624999 -0.144839197 -0.0165636688
v 0.00555624999 -0.144838184 -0.0165959038
v 0.00555624999 -0.144836739 -0.016531514
v 0.00555624999 -0.144821525 -0.016468931
v 0.00555624999 -0.144833714 -0.0166278407
v 0.00555624999 -0.144825816 -0.0166591089
v 0.00555624999 -0.144739687 -0.0167932063
v -0.00555624999 -0.144396752 -0.0170939546
v 0.00555624999 -0.144396752 -0.0170939546
v 0.00555624999 -0.144739687 -0.0167932063
v -0.00555624999 -0.144739687 -0.0167932063
v 0.00555624999 -0.144774631 -0.0163847338
v -0.00555624999 -0.144774631 -0.0163847338
v -0.00555624999 -0.144793272 -0.0164110549
v 0.00555624999 -0.144793272 -0.0164110549
v -0.00555624999 -0.144808963 -0.0164392292
v 0.00555624999 -0.144808963 -0.0164392292
v -0.00555624999 -0.144821525 -0.016468931
v 0.00555624999 -0.144821525 -0.016468931
v -0.00555624999 -0.144830823 -0.0164998118
v 0.00555624999 -0.144830823 -0.0164998118
v -0.00555624999 -0.144836739 -0.016531514
v 0.00555624999 -0.144836739 -0.016531514
v -0.00555624999 -0.144839197 -0.0165636688
v 0.00555624999 -0.144839197 -0.0165636688
v -0.00555624999 -0.144838184 -0.0165959038
v 0.00555624999 -0.144838184 -0.0165959038
v -0.00555624999 -0.144833714 -0.0166278407
v 0.00555624999 -0.144833714 -0.0166278407
v -0.00555624999 -0.144825816 -0.0166591089
v 0.00555624999 -0.144825816 -0.0166591089
v -0.00555624999 -0.144814596 -0.0166893471
v 0.00555624999 -0.144814596 -0.0166893471
v -0.00555624999 -0.144800201 -0.0167181995
v 0.00555624999 -0.144800201 -0.0167181995
v -0.00555624999 -0.144782767 -0.0167453345
v 0.00555624999 -0.144782767 -0.0167453345
v -0.00555624999 -0.144762516 -0.0167704336
v 0.00555624999 -0.144762516 -0.0167704336
v -0.00555624999 -0.144739687 -0.0167932063
v 0.00555624999 -0.144739687 -0.0167932063
v -0.00555624999 -0.145232931 -0.014904541
v -0.00555624999 -0.144962236 -0.015039322
v -0.00555624999 -0.145047441 -0.0149847353
v -0.00555624999 -0.145732775 -0.0148891713
v -0.00555624999 -0.145829663 -0.0149183674
v -0.00555624999 -0.145532429 -0.0148627795
v -0.00555624999 -0.14563331 -0.01487057
v -0.00555624999 -0.14533107 -0.0148798637
v -0.00555624999 -0.14543128 -0.0148658892
v -0.00555624999 -0.145138025 -0.0149396341
v -0.00555624999 -0.14609383 -0.0150655406
v -0.00555624999 -0.14466691 -0.0162137542
v -0.00555624999 -0.144627467 -0.0161205735
v -0.00555624999 -0.144716159 -0.0163021497
v -0.00555624999 -0.145922855 -0.0149578182
v -0.00555624999 -0.144883409 -0.015102759
v -0.00555624999 -0.146011248 -0.0150070665
v -0.00555624999 -0.144693837 -0.0153383482
v -0.00555624999 -0.14474842 -0.0152531452
v -0.00555624999 -0.144598261 -0.016023688
v -0.00555624999 -0.144579664 -0.0159242228
v -0.00555624999 -0.144774631 -0.0163847338
v -0.00555624999 -0.144811854 -0.0151743107
v -0.00555624999 -0.144613639 -0.0155238397
v -0.00555624999 -0.144648731 -0.0154289305
v -0.00555624999 -0.144571871 -0.0158233345
v -0.00555624999 -0.144574985 -0.0157221928
v -0.00555624999 -0.144588962 -0.0156219732
v -0.00555624999 -0.146071076 -0.0154988971
v -0.00555624999 -0.146178022 -0.0151124327
v -0.00555624999 -0.146208912 -0.0151217263
v -0.00555624999 -0.146272764 -0.0151301045
v -0.00555624999 -0.146304995 -0.0151290921
v -0.00555624999 -0.146240607 -0.0151276402
v -0.00555624999 -0.146336928 -0.0151246144
v -0.00555624999 -0.146148324 -0.0150998663
v -0.00555624999 -0.146120146 -0.0150841754
v -0.00555624999 -0.144793272 -0.0164110549
v -0.00555624999 -0.146454424 -0.0150736747
v -0.00555624999 -0.146479532 -0.015053425
v -0.00555624999 -0.14639844 -0.0151055092
v -0.00555624999 -0.146427289 -0.0150911035
v -0.00555624999 -0.146368206 -0.0151167223
v -0.00555624999 -0.144830823 -0.0164998118
v -0.00555624999 -0.144808963 -0.0164392292
v -0.00555624999 -0.144821525 -0.016468931
v -0.00555624999 -0.144739687 -0.0167932063
v -0.00555624999 -0.144762516 -0.0167704336
v -0.00555624999 -0.144839197 -0.0165636688
v -0.00555624999 -0.144836739 -0.016531514
v -0.00555624999 -0.144833714 -0.0166278407
v -0.00555624999 -0.144838184 -0.0165959038
v -0.00555624999 -0.144782767 -0.0167453345
v -0.00555624999 -0.144814596 -0.0166893471
v -0.00555624999 -0.144825816 -0.0166591089
v -0.00555624999 -0.144800201 -0.0167181995
v -0.00555624999 -0.146502301 -0.0150305899
v -0.00555624999 -0.14609383 -0.0150655406
v 0.00555624999 -0.14609383 -0.0150655406
v 0.00555624999 -0.146120146 -0.0150841754
v -0.00555624999 -0.146120146 -0.0150841754
v 0.00555624999 -0.146148324 -0.0150998663
v -0.00555624999 -0.146148324 -0.0150998663
v 0.00555624999 -0.146178022 -0.0151124327
v -0.00555624999 -0.146178022 -0.0151124327
v 0.00555624999 -0.146208912 -0.0151217263
v -0.00555624999 -0.146208912 -0.0151217263
v 0.00555624999 -0.146240607 -0.0151276402
v -0.00555624999 -0.146240607 -0.0151276402
v 0.00555624999 -0.146272764 -0.0151301045
v -0.00555624999 -0.146272764 -0.0151301045
v 0.00555624999 -0.146304995 -0.0151290921
v -0.00555624999 -0.146304995 -0.0151290921
v 0.00555624999 -0.146336928 -0.0151246144
v -0.00555624999 -0.146336928 -0.0151246144
v 0.00555624999 -0.146368206 -0.0151167223
v -0.00555624999 -0.146368206 -0.0151167223
v 0.00555624999 -0.14639844 -0.0151055092
v -0.00555624999 -0.14639844 -0.0151055092
v 0.00555624999 -0.146427289 -0.0150911035
v -0.00555624999 -0.146427289 -0.0150911035
v 0.00555624999 -0.146454424 -0.0150736747
v -0.00555624999 -0.146454424 -0.0150736747
v 0.00555624999 -0.146479532 -0.015053425
v -0.00555624999 -0.146479532 -0.015053425
v 0.00555624999 -0.146502301 -0.0150305899
v -0.00555624999 -0.146502301 -0.0150305899
v 0.00555624999 -0.146011248 -0.0150070665
v 0.00555624999 -0.14609383 -0.0150655406
v -0.00555624999 -0.14609383 -0.0150655406
v 0.00555624999 -0.145922855 -0.0149578182
v -0.00555624999 -0.146011248 -0.0150070665
v 0.00555624999 -0.145829663 -0.0149183674
v -0.00555624999 -0.145922855 -0.0149578182
v 0.00555624999 -0.145732775 -0.0148891713
v -0.00555624999 -0.145829663 -0.0149183674
v 0.00555624999 -0.14563331 -0.01487057
v -0.00555624999 -0.145732775 -0.0148891713
v 0.00555624999 -0.145532429 -0.0148627795
v -0.00555624999 -0.14563331 -0.01487057
v 0.00555624999 -0.14543128 -0.0148658892
v -0.00555624999 -0.145532429 -0.0148627795
v 0.00555624999 -0.14533107 -0.0148798637
v -0.00555624999 -0.14543128 -0.0148658892
v 0.00555624999 -0.145232931 -0.014904541
v -0.00555624999 -0.14533107 -0.0148798637
v 0.00555624999 -0.145138025 -0.0149396341
v -0.00555624999 -0.145232931 -0.014904541
v 0.00555624999 -0.145047441 -0.0149847353
v -0.00555624999 -0.145138025 -0.0149396341
v 0.00555624999 -0.144962236 -0.015039322
v -0.00555624999 -0.145047441 -0.0149847353
v 0.00555624999 -0.144883409 -0.015102759
v -0.00555624999 -0.144962236 -0.015039322
v 0.00555624999 -0.144811854 -0.0151743107
v -0.00555624999 -0.144883409 -0.015102759
v 0.00555624999 -0.14474842 -0.0152531452
v -0.00555624999 -0.144811854 -0.0151743107
v 0.00555624999 -0.144693837 -0.0153383482
v -0.00555624999 -0.14474842 -0.0152531452
v 0.00555624999 -0.144648731 -0.0154289305
v -0.00555624999 -0.144693837 -0.0153383482
v 0.00555624999 -0.144613639 -0.0155238397
v -0.00555624999 -0.144648731 -0.0154289305
v 0.00555624999 -0.144588962 -0.0156219732
v -0.00555624999 -0.144613639 -0.0155238397
v 0.00555624999 -0.144574985 -0.0157221928
v -0.00555624999 -0.144588962 -0.0156219732
v 0.00555624999 -0.144571871 -0.0158233345
v -0.00555624999 -0.144574985 -0.0157221928
v 0.00555624999 -0.144579664 -0.0159242228
v -0.00555624999 -0.144571871 -0.0158233345
v 0.00555624999 -0.144598261 -0.016023688
v -0.00555624999 -0.144579664 -0.0159242228
v 0.00555624999 -0.144627467 -0.0161205735
v -0.00555624999 -0.144598261 -0.016023688
v 0.00555624999 -0.14466691 -0.0162137542
v -0.00555624999 -0.144627467 -0.0161205735
v 0.00555624999 -0.144716159 -0.0163021497
v -0.00555624999 -0.14466691 -0.0162137542
v 0.00555624999 -0.144774631 -0.0163847338
v -0.00555624999 -0.144716159 -0.0163021497
v -0.00555624999 -0.144774631 -0.0163847338
v 0.00555624999 -0.143154696 -0.0168032981
v 0.00555624999 -0.143744513 -0.0168948956
v 0.00555624999 -0.143652275 -0.0168533027
v 0.00555624999 -0.14345707 -0.0168009866
v 0.00555624999 -0.143356398 -0.0167908669
v 0.00555624999 -0.143255204 -0.0167916417
v 0.00555624999 -0.143556088 -0.016821878
v 0.00555624999 -0.143987209 -0.017075289
v 0.00555624999 -0.143912956 -0.0170065369
v 0.00555624999 -0.143831745 -0.0169461723
v 0.00555624999 -0.142782286 -0.0169541985
v 0.00555624999 -0.142701998 -0.017015798
v 0.00555624999 -0.142960325 -0.0168585945
v 0.00555624999 -0.142868727 -0.0169015937
v 0.00555624999 -0.14305602 -0.0168257039
v 0.00555624999 -0.142422631 -0.0180274304
v 0.00555624999 -0.142459914 -0.0181214996
v 0.00555624999 -0.142395675 -0.0179298967
v 0.00555624999 -0.142373919 -0.0177289881
v 0.00555624999 -0.142379373 -0.0178300291
v 0.00555624999 -0.142395645 -0.0175280757
v 0.00555624999 -0.142379358 -0.0176279452
v 0.00555624999 -0.142563581 -0.0171630271
v 0.00555624999 -0.142507032 -0.0172469467
v 0.00555624999 -0.142422587 -0.0174305364
v 0.00555624999 -0.142459854 -0.0173364636
v 0.00555624999 -0.142628819 -0.0170856789
v 0.00555624999 -0.144299448 -0.0171770845
v 0.00555624999 -0.144314483 -0.0171441603
v 0.00555624999 -0.144283995 -0.017154675
v 0.00555624999 -0.142522156 -0.0182395354
v 0.00555624999 -0.144064561 -0.0171327703
v 0.00555624999 -0.144036755 -0.0171164349
v 0.00555624999 -0.144124627 -0.0171560161
v 0.00555624999 -0.144093961 -0.0171460155
v 0.00555624999 -0.144220516 -0.0171655901
v 0.00555624999 -0.14418827 -0.0171658602
v 0.00555624999 -0.144252554 -0.0171618462
v 0.00555624999 -0.144343659 -0.0171304233
v 0.00555624999 -0.142506972 -0.0185182318
v 0.00555624999 -0.142488927 -0.0185449589
v 0.00555624999 -0.142533943 -0.0184597448
v 0.00555624999 -0.142522037 -0.0184897166
v 0.00555624999 -0.142547771 -0.0183968395
v 0.00555624999 -0.142542556 -0.0184286665
v 0.00555624999 -0.142534032 -0.0182695184
v 0.00555624999 -0.144371182 -0.0171136223
v 0.00555624999 -0.14246811 -0.0185695849
v 0.00555624999 -0.142547801 -0.0183324348
v 0.00555624999 -0.142549515 -0.0183646381
v 0.00555624999 -0.142542616 -0.0183006041
v 0.00555624999 -0.142507106 -0.018211009
v 0.00555624999 -0.144156188 -0.0171626583
v 0.00555624999 -0.144010872 -0.0170972012
v 0.00555624999 -0.14244476 -0.0185918268
v 0.00555624999 -0.144396752 -0.0170939546
v 0.00555624999 -0.142419145 -0.0186114237
v 0.00555624999 -0.142419145 -0.0186114237
v -0.00555624999 -0.142419145 -0.0186114237
v -0.00555624999 -0.142356738 -0.0186538845
v -0.00555624999 -0.14203988 -0.0188648365
v 0.00555624999 -0.14203988 -0.0188648365
v 0.00555624999 -0.142356738 -0.0186538845
v 0.00555624999 -0.142507106 -0.018211009
v -0.00555624999 -0.142507106 -0.018211009
v -0.00555624999 -0.142522156 -0.0182395354
v 0.00555624999 -0.142522156 -0.0182395354
v -0.00555624999 -0.142534032 -0.0182695184
v 0.00555624999 -0.142534032 -0.0182695184
v -0.00555624999 -0.142542616 -0.0183006041
v 0.00555624999 -0.142542616 -0.0183006041
v -0.00555624999 -0.142547801 -0.0183324348
v 0.00555624999 -0.142547801 -0.0183324348
v -0.00555624999 -0.142549515 -0.0183646381
v 0.00555624999 -0.142549515 -0.0183646381
v -0.00555624999 -0.142547771 -0.0183968395
v 0.00555624999 -0.142547771 -0.0183968395
v -0.00555624999 -0.142542556 -0.0184286665
v 0.00555624999 -0.142542556 -0.0184286665
v -0.00555624999 -0.142533943 -0.0184597448
v 0.00555624999 -0.142533943 -0.0184597448
v -0.00555624999 -0.142522037 -0.0184897166
v 0.00555624999 -0.142522037 -0.0184897166
v -0.00555624999 -0.142506972 -0.0185182318
v 0.00555624999 -0.142506972 -0.0185182318
v -0.00555624999 -0.142488927 -0.0185449589
v 0.00555624999 -0.142488927 -0.0185449589
v -0.00555624999 -0.14246811 -0.0185695849
v 0.00555624999 -0.14246811 -0.0185695849
v -0.00555624999 -0.14244476 -0.0185918268
v 0.00555624999 -0.14244476 -0.0185918268
v -0.00555624999 -0.142419145 -0.0186114237
v 0.00555624999 -0.142419145 -0.0186114237
v -0.00555624999 -0.143154696 -0.0168032981
v -0.00555624999 -0.143556088 -0.016821878
v -0.00555624999 -0.143652275 -0.0168533027
v -0.00555624999 -0.143831745 -0.0169461723
v -0.00555624999 -0.143912956 -0.0170065369
v -0.00555624999 -0.14345707 -0.0168009866
v -0.00555624999 -0.143255204 -0.0167916417
v -0.00555624999 -0.143744513 -0.0168948956
v -0.00555624999 -0.143356398 -0.0167908669
v -0.00555624999 -0.143987209 -0.017075289
v -0.00555624999 -0.142960325 -0.0168585945
v -0.00555624999 -0.14305602 -0.0168257039
v -0.00555624999 -0.142782286 -0.0169541985
v -0.00555624999 -0.142868727 -0.0169015937
v -0.00555624999 -0.142628819 -0.0170856789
v -0.00555624999 -0.142701998 -0.017015798
v -0.00555624999 -0.142507106 -0.018211009
v -0.00555624999 -0.142459914 -0.0181214996
v -0.00555624999 -0.142459854 -0.0173364636
v -0.00555624999 -0.142507032 -0.0172469467
v -0.00555624999 -0.142373919 -0.0177289881
v -0.00555624999 -0.142379358 -0.0176279452
v -0.00555624999 -0.142395675 -0.0179298967
v -0.00555624999 -0.142379373 -0.0178300291
v -0.00555624999 -0.142422631 -0.0180274304
v -0.00555624999 -0.144299448 -0.0171770845
v -0.00555624999 -0.144252554 -0.0171618462
v -0.00555624999 -0.144283995 -0.017154675
v -0.00555624999 -0.142563581 -0.0171630271
v -0.00555624999 -0.142422587 -0.0174305364
v -0.00555624999 -0.142395645 -0.0175280757
v -0.00555624999 -0.144343659 -0.0171304233
v -0.00555624999 -0.144371182 -0.0171136223
v -0.00555624999 -0.144314483 -0.0171441603
v -0.00555624999 -0.142522156 -0.0182395354
v -0.00555624999 -0.144220516 -0.0171655901
v -0.00555624999 -0.144156188 -0.0171626583
v -0.00555624999 -0.14418827 -0.0171658602
v -0.00555624999 -0.144064561 -0.0171327703
v -0.00555624999 -0.144093961 -0.0171460155
v -0.00555624999 -0.144010872 -0.0170972012
v -0.00555624999 -0.144036755 -0.0171164349
v -0.00555624999 -0.142542616 -0.0183006041
v -0.00555624999 -0.142534032 -0.0182695184
v -0.00555624999 -0.142533943 -0.0184597448
v -0.00555624999 -0.142542556 -0.0184286665
v -0.00555624999 -0.142506972 -0.0185182318
v -0.00555624999 -0.142522037 -0.0184897166
v -0.00555624999 -0.14246811 -0.0185695849
v -0.00555624999 -0.142488927 -0.0185449589
v -0.00555624999 -0.142419145 -0.0186114237
v -0.00555624999 -0.14244476 -0.0185918268
v -0.00555624999 -0.144124627 -0.0171560161
v -0.00555624999 -0.142547801 -0.0183324348
v -0.00555624999 -0.142547771 -0.0183968395
v -0.00555624999 -0.142549515 -0.0183646381
v -0.00555624999 -0.144396752 -0.0170939546
v -0.00555624999 -0.143987209 -0.017075289
v 0.00555624999 -0.143987209 -0.017075289
v 0.00555624999 -0.144010872 -0.0170972012
v -0.00555624999 -0.144010872 -0.0170972012
v 0.00555624999 -0.144036755 -0.0171164349
v -0.00555624999 -0.144036755 -0.0171164349
v 0.00555624999 -0.144064561 -0.0171327703
v -0.00555624999 -0.144064561 -0.0171327703
v 0.00555624999 -0.144093961 -0.0171460155
v -0.00555624999 -0.144093961 -0.0171460155
v 0.00555624999 -0.144124627 -0.0171560161
v -0.00555624999 -0.144124627 -0.0171560161
v 0.00555624999 -0.144156188 -0.0171626583
v -0.00555624999 -0.144156188 -0.0171626583
v 0.00555624999 -0.14418827 -0.0171658602
v -0.00555624999 -0.14418827 -0.0171658602
v 0.00555624999 -0.144220516 -0.0171655901
v -0.00555624999 -0.144220516 -0.0171655901
v 0.00555624999 -0.144252554 -0.0171618462
v -0.00555624999 -0.144252554 -0.0171618462
v 0.00555624999 -0.144283995 -0.017154675
v -0.00555624999 -0.144283995 -0.017154675
v 0.00555624999 -0.144314483 -0.0171441603
v -0.00555624999 -0.144314483 -0.0171441603
v 0.00555624999 -0.144343659 -0.0171304233
v -0.00555624999 -0.144343659 -0.0171304233
v 0.00555624999 -0.144371182 -0.0171136223
v -0.00555624999 -0.144371182 -0.0171136223
v 0.00555624999 -0.144396752 -0.0170939546
v -0.00555624999 -0.144396752 -0.0170939546
v 0.00555624999 -0.143912956 -0.0170065369
v 0.00555624999 -0.143987209 -0.017075289
v -0.00555624999 -0.143987209 -0.017075289
v 0.00555624999 -0.143831745 -0.0169461723
v -0.00555624999 -0.143912956 -0.0170065369
v 0.00555624999 -0.143744513 -0.0168948956
v -0.00555624999 -0.143831745 -0.0169461723
v 0.00555624999 -0.143652275 -0.0168533027
v -0.00555624999 -0.143744513 -0.0168948956
v 0.00555624999 -0.143556088 -0.016821878
v -0.00555624999 -0.143652275 -0.0168533027
v 0.00555624999 -0.14345707 -0.0168009866
v -0.00555624999 -0.143556088 -0.016821878
v 0.00555624999 -0.143356398 -0.0167908669
v -0.00555624999 -0.14345707 -0.0168009866
v 0.00555624999 -0.143255204 -0.0167916417
v -0.00555624999 -0.143356398 -0.0167908669
v 0.00555624999 -0.143154696 -0.0168032981
v -0.00555624999 -0.143255204 -0.0167916417
v 0.00555624999 -0.14305602 -0.0168257039
v -0.00555624999 -0.143154696 -0.0168032981
v 0.00555624999 -0.142960325 -0.0168585945
v -0.00555624999 -0.14305602 -0.0168257039
v 0.00555624999 -0.142868727 -0.0169015937
v -0.00555624999 -0.142960325 -0.0168585945
v 0.00555624999 -0.142782286 -0.0169541985
v -0.00555624999 -0.142868727 -0.0169015937
v 0.00555624999 -0.142701998 -0.017015798
v -0.00555624999 -0.142782286 -0.0169541985
v 0.00555624999 -0.142628819 -0.0170856789
v -0.00555624999 -0.142701998 -0.017015798
v 0.00555624999 -0.142563581 -0.0171630271
v -0.00555624999 -0.142628819 -0.0170856789
v 0.00555624999 -0.142507032 -0.0172469467
v -0.00555624999 -0.142563581 -0.0171630271
v 0.00555624999 -0.142459854 -0.0173364636
v -0.00555624999 -0.142507032 -0.0172469467
v 0.00555624999 -0.142422587 -0.0174305364
v -0.00555624999 -0.142459854 -0.0173364636
v 0.00555624999 -0.142395645 -0.0175280757
v -0.00555624999 -0.142422587 -0.0174305364
v 0.00555624999 -0.142379358 -0.0176279452
v -0.00555624999 -0.142395645 -0.0175280757
v 0.00555624999 -0.142373919 -0.0177289881
v -0.00555624999 -0.142379358 -0.0176279452
v 0.00555624999 -0.142379373 -0.0178300291
v -0.00555624999 -0.142373919 -0.0177289881
v 0.00555624999 -0.142395675 -0.0179298967
v -0.00555624999 -0.142379373 -0.0178300291
v 0.00555624999 -0.142422631 -0.0180274304
v -0.00555624999 -0.142395675 -0.0179298967
v 0.00555624999 -0.142459914 -0.0181214996
v -0.00555624999 -0.142422631 -0.0180274304
v 0.00555624999 -0.142507106 -0.018211009
v -0.00555624999 -0.142459914 -0.0181214996
v -0.00555624999 -0.142507106 -0.018211009
v 0.00555624999 -0.14074564 -0.0184238795
v 0.00555624999 -0.141571641 -0.0187150203
v 0.00555624999 -0.141499013 -0.0186445713
v 0.00555624999 -0.141636282 -0.0187928751
v 0.00555624999 -0.140369833 -0.0185661409
v 0.00555624999 -0.140288159 -0.0186258703
v 0.00555624999 -0.140646473 -0.0184439998
v 0.00555624999 -0.140550032 -0.0184746739
v 0.00555624999 -0.141047984 -0.0184285492
v 0.00555624999 -0.140947565 -0.0184161086
v 0.00555624999 -0.141241923 -0.0184853598
v 0.00555624999 -0.141146496 -0.0184517223
v 0.00555624999 -0.141419217 -0.0185823478
v 0.00555624999 -0.140457466 -0.0185155459
v 0.00555624999 -0.141333193 -0.0185290705
v 0.00555624999 -0.140146375 -0.018769864
v 0.00555624999 -0.140087903 -0.0188524574
v 0.00555624999 -0.140213385 -0.0186940413
v 0.00555624999 -0.140846387 -0.0184145458
v 0.00555624999 -0.140038669 -0.0189408604
v 0.00555624999 -0.139999241 -0.0190340467
v 0.00555624999 -0.140020609 -0.0197256859
v 0.00555624999 -0.141982496 -0.0188940633
v 0.00555624999 -0.14195177 -0.0189038757
v 0.00555624999 -0.140265763 -0.0199119858
v 0.00555624999 -0.14203988 -0.0188648365
v 0.00555624999 -0.14201197 -0.0188810006
v 0.00555624999 -0.139970049 -0.0191309378
v 0.00555624999 -0.141792417 -0.018901553
v 0.00555624999 -0.141761988 -0.0188908484
v 0.00555624999 -0.139985502 -0.0196307823
v 0.00555624999 -0.140045092 -0.0198513847
v 0.00555624999 -0.141656891 -0.0188176874
v 0.00555624999 -0.141823813 -0.018908916
v 0.00555624999 -0.141920164 -0.0189103223
v 0.00555624999 -0.141888067 -0.0189133268
v 0.00555624999 -0.1400318 -0.0197559334
v 0.00555624999 -0.139958993 -0.0200544074
v 0.00555624999 -0.139935136 -0.0200761054
v 0.00555624999 -0.139999032 -0.0200039595
v 0.00555624999 -0.139980376 -0.0200302638
v 0.00555624999 -0.140036657 -0.0199152362
v 0.00555624999 -0.140027344 -0.0199461095
v 0.00555624999 -0.140042603 -0.0198835377
v 0.00555624999 -0.140039653 -0.0197872091
v 0.00555624999 -0.140044108 -0.0198191497
v 0.00555624999 -0.141680032 -0.018840136
v 0.00555624999 -0.141732901 -0.0188769307
v 0.00555624999 -0.141855821 -0.0189128574
v 0.00555624999 -0.139943689 -0.019331295
v 0.00555624999 -0.139960811 -0.0195326526
v 0.00555624999 -0.140014753 -0.0199757982
v 0.00555624999 -0.141705468 -0.018859962
v 0.00555624999 -0.139951468 -0.0192304049
v 0.00555624999 -0.139946818 -0.0194324348
v 0.00555624999 -0.139909074 -0.0200951081
v 0.00555624999 -0.139881134 -0.0201111957
v -0.00555624999 -0.139472038 -0.020312937
v 0.00555624999 -0.139472038 -0.020312937
v 0.00555624999 -0.139881134 -0.0201111957
v -0.00555624999 -0.139881134 -0.0201111957
v 0.00555624999 -0.140020609 -0.0197256859
v -0.00555624999 -0.140020609 -0.0197256859
v -0.00555624999 -0.1400318 -0.0197559334
v 0.00555624999 -0.1400318 -0.0197559334
v -0.00555624999 -0.140039653 -0.0197872091
v 0.00555624999 -0.140039653 -0.0197872091
v -0.00555624999 -0.140044108 -0.0198191497
v 0.00555624999 -0.140044108 -0.0198191497
v -0.00555624999 -0.140045092 -0.0198513847
v 0.00555624999 -0.140045092 -0.0198513847
v -0.00555624999 -0.140042603 -0.0198835377
v 0.00555624999 -0.140042603 -0.0198835377
v -0.00555624999 -0.140036657 -0.0199152362
v 0.00555624999 -0.140036657 -0.0199152362
v -0.00555624999 -0.140027344 -0.0199461095
v 0.00555624999 -0.140027344 -0.0199461095
v -0.00555624999 -0.140014753 -0.0199757982
v 0.00555624999 -0.140014753 -0.0199757982
v -0.00555624999 -0.139999032 -0.0200039595
v 0.00555624999 -0.139999032 -0.0200039595
v -0.00555624999 -0.139980376 -0.0200302638
v 0.00555624999 -0.139980376 -0.0200302638
v -0.00555624999 -0.139958993 -0.0200544074
v 0.00555624999 -0.139958993 -0.0200544074
v -0.00555624999 -0.139935136 -0.0200761054
v 0.00555624999 -0.139935136 -0.0200761054
v -0.00555624999 -0.139909074 -0.0200951081
v 0.00555624999 -0.139909074 -0.0200951081
v -0.00555624999 -0.139881134 -0.0201111957
v 0.00555624999 -0.139881134 -0.0201111957
v -0.00555624999 -0.14074564 -0.0184238795
v -0.00555624999 -0.141419217 -0.0185823478
v -0.00555624999 -0.141499013 -0.0186445713
v -0.00555624999 -0.141571641 -0.0187150203
v -0.00555624999 -0.141333193 -0.0185290705
v -0.00555624999 -0.141047984 -0.0184285492
v -0.00555624999 -0.141146496 -0.0184517223
v -0.00555624999 -0.140846387 -0.0184145458
v -0.00555624999 -0.140947565 -0.0184161086
v -0.00555624999 -0.141636282 -0.0187928751
v -0.00555624999 -0.140457466 -0.0185155459
v -0.00555624999 -0.140550032 -0.0184746739
v -0.00555624999 -0.140213385 -0.0186940413
v -0.00555624999 -0.140288159 -0.0186258703
v -0.00555624999 -0.141241923 -0.0184853598
v -0.00555624999 -0.140646473 -0.0184439998
v -0.00555624999 -0.140369833 -0.0185661409
v -0.00555624999 -0.140038669 -0.0189408604
v -0.00555624999 -0.140087903 -0.0188524574
v -0.00555624999 -0.140146375 -0.018769864
v -0.00555624999 -0.139970049 -0.0191309378
v -0.00555624999 -0.139999241 -0.0190340467
v -0.00555624999 -0.139943689 -0.019331295
v -0.00555624999 -0.139951468 -0.0192304049
v -0.00555624999 -0.139960811 -0.0195326526
v -0.00555624999 -0.139946818 -0.0194324348
v -0.00555624999 -0.140020609 -0.0197256859
v -0.00555624999 -0.139985502 -0.0196307823
v -0.00555624999 -0.1400318 -0.0197559334
v -0.00555624999 -0.141792417 -0.018901553
v -0.00555624999 -0.141823813 -0.018908916
v -0.00555624999 -0.141732901 -0.0188769307
v -0.00555624999 -0.141761988 -0.0188908484
v -0.00555624999 -0.140044108 -0.0198191497
v -0.00555624999 -0.14201197 -0.0188810006
v -0.00555624999 -0.140265763 -0.0199119858
v -0.00555624999 -0.139958993 -0.0200544074
v -0.00555624999 -0.139980376 -0.0200302638
v -0.00555624999 -0.141855821 -0.0189128574
v -0.00555624999 -0.141888067 -0.0189133268
v -0.00555624999 -0.141705468 -0.018859962
v -0.00555624999 -0.140045092 -0.0198513847
v -0.00555624999 -0.140036657 -0.0199152362
v -0.00555624999 -0.140042603 -0.0198835377
v -0.00555624999 -0.140014753 -0.0199757982
v -0.00555624999 -0.140027344 -0.0199461095
v -0.00555624999 -0.139935136 -0.0200761054
v -0.00555624999 -0.139881134 -0.0201111957
v -0.00555624999 -0.139909074 -0.0200951081
v -0.00555624999 -0.141920164 -0.0189103223
v -0.00555624999 -0.14195177 -0.0189038757
v -0.00555624999 -0.141656891 -0.0188176874
v -0.00555624999 -0.140039653 -0.0197872091
v -0.00555624999 -0.141982496 -0.0188940633
v -0.00555624999 -0.139999032 -0.0200039595
v -0.00555624999 -0.141680032 -0.018840136
v -0.00555624999 -0.14203988 -0.0188648365
v -0.00555624999 -0.141636282 -0.0187928751
v 0.00555624999 -0.141636282 -0.0187928751
v 0.00555624999 -0.141656891 -0.0188176874
v -0.00555624999 -0.141656891 -0.0188176874
v 0.00555624999 -0.141680032 -0.018840136
v -0.00555624999 -0.141680032 -0.018840136
v 0.00555624999 -0.141705468 -0.018859962
v -0.00555624999 -0.141705468 -0.018859962
v 0.00555624999 -0.141732901 -0.0188769307
v -0.00555624999 -0.141732901 -0.0188769307
v 0.00555624999 -0.141761988 -0.0188908484
v -0.00555624999 -0.141761988 -0.0188908484
v 0.00555624999 -0.141792417 -0.018901553
v -0.00555624999 -0.141792417 -0.018901553
v 0.00555624999 -0.141823813 -0.018908916
v -0.00555624999 -0.141823813 -0.018908916
v 0.00555624999 -0.141855821 -0.0189128574
v -0.00555624999 -0.141855821 -0.0189128574
v 0.00555624999 -0.141888067 -0.0189133268
v -0.00555624999 -0.141888067 -0.0189133268
v 0.00555624999 -0.141920164 -0.0189103223
v -0.00555624999 -0.141920164 -0.0189103223
v 0.00555624999 -0.14195177 -0.0189038757
v -0.00555624999 -0.14195177 -0.0189038757
v 0.00555624999 -0.141982496 -0.0188940633
v -0.00555624999 -0.141982496 -0.0188940633
v 0.00555624999 -0.14201197 -0.0188810006
v -0.00555624999 -0.14201197 -0.0188810006
v 0.00555624999 -0.14203988 -0.0188648365
v -0.00555624999 -0.14203988 -0.0188648365
v 0.00555624999 -0.141571641 -0.0187150203
v 0.00555624999 -0.141636282 -0.0187928751
v -0.00555624999 -0.141636282 -0.0187928751
v 0.00555624999 -0.141499013 -0.0186445713
v -0.00555624999 -0.141571641 -0.0187150203
v 0.00555624999 -0.141419217 -0.0185823478
v -0.00555624999 -0.141499013 -0.0186445713
v 0.00555624999 -0.141333193 -0.0185290705
v -0.00555624999 -0.141419217 -0.0185823478
v 0.00555624999 -0.141241923 -0.0184853598
v -0.00555624999 -0.141333193 -0.0185290705
v 0.00555624999 -0.141146496 -0.0184517223
v -0.00555624999 -0.141241923 -0.0184853598
v 0.00555624999 -0.141047984 -0.0184285492
v -0.00555624999 -0.141146496 -0.0184517223
v 0.00555624999 -0.140947565 -0.0184161086
v -0.00555624999 -0.141047984 -0.0184285492
v 0.00555624999 -0.140846387 -0.0184145458
v -0.00555624999 -0.140947565 -0.0184161086
v 0.00555624999 -0.14074564 -0.0184238795
v -0.00555624999 -0.140846387 -0.0184145458
v 0.00555624999 -0.140646473 -0.0184439998
v -0.00555624999 -0.14074564 -0.0184238795
v 0.00555624999 -0.140550032 -0.0184746739
v -0.00555624999 -0.140646473 -0.0184439998
v 0.00555624999 -0.140457466 -0.0185155459
v -0.00555624999 -0.140550032 -0.0184746739
v 0.00555624999 -0.140369833 -0.0185661409
v -0.00555624999 -0.140457466 -0.0185155459
v 0.00555624999 -0.140288159 -0.0186258703
v -0.00555624999 -0.140369833 -0.0185661409
v 0.00555624999 -0.140213385 -0.0186940413
v -0.00555624999 -0.140288159 -0.0186258703
v 0.00555624999 -0.140146375 -0.018769864
v -0.00555624999 -0.140213385 -0.0186940413
v 0.00555624999 -0.140087903 -0.0188524574
v -0.00555624999 -0.140146375 -0.018769864
v 0.00555624999 -0.140038669 -0.0189408604
v -0.00555624999 -0.140087903 -0.0188524574
v 0.00555624999 -0.139999241 -0.0190340467
v -0.00555624999 -0.140038669 -0.0189408604
v 0.00555624999 -0.139970049 -0.0191309378
v -0.00555624999 -0.139999241 -0.0190340467
v 0.00555624999 -0.139951468 -0.0192304049
v -0.00555624999 -0.139970049 -0.0191309378
v 0.00555624999 -0.139943689 -0.019331295
v -0.00555624999 -0.139951468 -0.0192304049
v 0.00555624999 -0.139946818 -0.0194324348
v -0.00555624999 -0.139943689 -0.019331295
v 0.00555624999 -0.139960811 -0.0195326526
v -0.00555624999 -0.139946818 -0.0194324348
v 0.00555624999 -0.139985502 -0.0196307823
v -0.00555624999 -0.139960811 -0.0195326526
v 0.00555624999 -0.140020609 -0.0197256859
v -0.00555624999 -0.139985502 -0.0196307823
v -0.00555624999 -0.140020609 -0.0197256859
v 0.00555624999 -0.137948751 -0.0197600871
v 0.00555624999 -0.138815209 -0.0198878013
v 0.00555624999 -0.138730437 -0.0198325515
v 0.00555624999 -0.137766495 -0.0198473688
v 0.00555624999 -0.137683451 -0.0199051965
v 0.00555624999 -0.137855262 -0.0197988097
v 0.00555624999 -0.138447642 -0.0197254717
v 0.00555624999 -0.138145477 -0.0197138228
v 0.00555624999 -0.138045862 -0.0197316483
v 0.00555624999 -0.138347536 -0.0197107159
v 0.00555624999 -0.13864021 -0.0197867453
v 0.00555624999 -0.137607127 -0.019971624
v 0.00555624999 -0.137538373 -0.0200458784
v 0.00555624999 -0.138246417 -0.0197068192
v 0.00555624999 -0.138545573 -0.0197509136
v 0.00555624999 -0.137478024 -0.020127099
v 0.00555624999 -0.139027357 -0.0201032851
v 0.00555624999 -0.138964534 -0.0200239569
v 0.00555624999 -0.138893545 -0.0199518502
v 0.00555624999 -0.139081284 -0.0201889109
v 0.00555624999 -0.137353778 -0.0204027835
v 0.00555624999 -0.137332901 -0.0205017962
v 0.00555624999 -0.137426764 -0.0202143416
v 0.00555624999 -0.13738519 -0.0203065947
v 0.00555624999 -0.137323588 -0.0207036659
v 0.00555624999 -0.137335256 -0.0208041798
v 0.00555624999 -0.137322798 -0.0206024796
v 0.00555624999 -0.138051018 -0.0209366381
v 0.00555624999 -0.139472038 -0.020312937
v 0.00555624999 -0.139442265 -0.020325318
v 0.00555624999 -0.137299955 -0.0211759303
v 0.00555624999 -0.137278035 -0.0211995728
v 0.00555624999 -0.137335569 -0.0211222693
v 0.00555624999 -0.137319222 -0.02115006
v 0.00555624999 -0.139411315 -0.0203344226
v 0.00555624999 -0.137253672 -0.0212207176
v 0.00555624999 -0.137348846 -0.0210928768
v 0.00555624999 -0.139221892 -0.0203170367
v 0.00555624999 -0.139193118 -0.020302454
v 0.00555624999 -0.13928327 -0.0203365199
v 0.00555624999 -0.139252052 -0.020328436
v 0.00555624999 -0.139347419 -0.0203424077
v 0.00555624999 -0.139315188 -0.0203411952
v 0.00555624999 -0.139379576 -0.0203401409
v 0.00555624999 -0.137227193 -0.0212391168
v 0.00555624999 -0.13719888 -0.0212545581
v 0.00555624999 -0.13736555 -0.0210306719
v 0.00555624999 -0.137358874 -0.0210622251
v 0.00555624999 -0.137357667 -0.0209028535
v 0.00555624999 -0.13736482 -0.0209343024
v 0.00555624999 -0.139098465 -0.0202161986
v 0.00555624999 -0.137368768 -0.020998586
v 0.00555624999 -0.13736853 -0.0209663361
v 0.00555624999 -0.139166102 -0.0202848576
v 0.00555624999 -0.139141127 -0.0202644542
v 0.00555624999 -0.139118493 -0.0202414785
v 0.00555624999 -0.137169063 -0.0212668572
v -0.00555624999 -0.136737138 -0.0214134753
v 0.00555624999 -0.136737138 -0.0214134753
v 0.00555624999 -0.137169063 -0.0212668572
v -0.00555624999 -0.137169063 -0.0212668572
v 0.00555624999 -0.137357667 -0.0209028535
v -0.00555624999 -0.137357667 -0.0209028535
v -0.00555624999 -0.13736482 -0.0209343024
v 0.00555624999 -0.13736482 -0.0209343024
v -0.00555624999 -0.13736853 -0.0209663361
v 0.00555624999 -0.13736853 -0.0209663361
v -0.00555624999 -0.137368768 -0.020998586
v 0.00555624999 -0.137368768 -0.020998586
v -0.00555624999 -0.13736555 -0.0210306719
v 0.00555624999 -0.13736555 -0.0210306719
v -0.00555624999 -0.137358874 -0.0210622251
v 0.00555624999 -0.137358874 -0.0210622251
v -0.00555624999 -0.137348846 -0.0210928768
v 0.00555624999 -0.137348846 -0.0210928768
v -0.00555624999 -0.137335569 -0.0211222693
v 0.00555624999 -0.137335569 -0.0211222693
v -0.00555624999 -0.137319222 -0.02115006
v 0.00555624999 -0.137319222 -0.02115006
v -0.00555624999 -0.137299955 -0.0211759303
v 0.00555624999 -0.137299955 -0.0211759303
v -0.00555624999 -0.137278035 -0.0211995728
v 0.00555624999 -0.137278035 -0.0211995728
v -0.00555624999 -0.137253672 -0.0212207176
v 0.00555624999 -0.137253672 -0.0212207176
v -0.00555624999 -0.137227193 -0.0212391168
v 0.00555624999 -0.137227193 -0.0212391168
v -0.00555624999 -0.13719888 -0.0212545581
v 0.00555624999 -0.13719888 -0.0212545581
v -0.00555624999 -0.137169063 -0.0212668572
v 0.00555624999 -0.137169063 -0.0212668572
v -0.00555624999 -0.137948751 -0.0197600871
v -0.00555624999 -0.13864021 -0.0197867453
v -0.00555624999 -0.138730437 -0.0198325515
v -0.00555624999 -0.138545573 -0.0197509136
v -0.00555624999 -0.138145477 -0.0197138228
v -0.00555624999 -0.138246417 -0.0197068192
v -0.00555624999 -0.138347536 -0.0197107159
v -0.00555624999 -0.138447642 -0.0197254717
v -0.00555624999 -0.138045862 -0.0197316483
v -0.00555624999 -0.138815209 -0.0198878013
v -0.00555624999 -0.137766495 -0.0198473688
v -0.00555624999 -0.137855262 -0.0197988097
v -0.00555624999 -0.137607127 -0.019971624
v -0.00555624999 -0.137683451 -0.0199051965
v -0.00555624999 -0.137478024 -0.020127099
v -0.00555624999 -0.138893545 -0.0199518502
v -0.00555624999 -0.138964534 -0.0200239569
v -0.00555624999 -0.137538373 -0.0200458784
v -0.00555624999 -0.139027357 -0.0201032851
v -0.00555624999 -0.139081284 -0.0201889109
v -0.00555624999 -0.137353778 -0.0204027835
v -0.00555624999 -0.13738519 -0.0203065947
v -0.00555624999 -0.137322798 -0.0206024796
v -0.00555624999 -0.137332901 -0.0205017962
v -0.00555624999 -0.137426764 -0.0202143416
v -0.00555624999 -0.137323588 -0.0207036659
v -0.00555624999 -0.137357667 -0.0209028535
v -0.00555624999 -0.137335256 -0.0208041798
v -0.00555624999 -0.138051018 -0.0209366381
v -0.00555624999 -0.139411315 -0.0203344226
v -0.00555624999 -0.139442265 -0.020325318
v -0.00555624999 -0.139347419 -0.0203424077
v -0.00555624999 -0.139379576 -0.0203401409
v -0.00555624999 -0.137299955 -0.0211759303
v -0.00555624999 -0.137319222 -0.02115006
v -0.00555624999 -0.137253672 -0.0212207176
v -0.00555624999 -0.137278035 -0.0211995728
v -0.00555624999 -0.13928327 -0.0203365199
v -0.00555624999 -0.139315188 -0.0203411952
v -0.00555624999 -0.139221892 -0.0203170367
v -0.00555624999 -0.139252052 -0.020328436
v -0.00555624999 -0.139166102 -0.0202848576
v -0.00555624999 -0.139193118 -0.020302454
v -0.00555624999 -0.137335569 -0.0211222693
v -0.00555624999 -0.137227193 -0.0212391168
v -0.00555624999 -0.139098465 -0.0202161986
v -0.00555624999 -0.137348846 -0.0210928768
v -0.00555624999 -0.137358874 -0.0210622251
v -0.00555624999 -0.137169063 -0.0212668572
v -0.00555624999 -0.13719888 -0.0212545581
v -0.00555624999 -0.139118493 -0.0202414785
v -0.00555624999 -0.139141127 -0.0202644542
v -0.00555624999 -0.13736482 -0.0209343024
v -0.00555624999 -0.137368768 -0.020998586
v -0.00555624999 -0.13736853 -0.0209663361
v -0.00555624999 -0.13736555 -0.0210306719
v -0.00555624999 -0.139472038 -0.020312937
v -0.00555624999 -0.139081284 -0.0201889109
v 0.00555624999 -0.139081284 -0.0201889109
v 0.00555624999 -0.139098465 -0.0202161986
v -0.00555624999 -0.139098465 -0.0202161986
v 0.00555624999 -0.139118493 -0.0202414785
v -0.00555624999 -0.139118493 -0.0202414785
v 0.00555624999 -0.139141127 -0.0202644542
v -0.00555624999 -0.139141127 -0.0202644542
v 0.00555624999 -0.139166102 -0.0202848576
v -0.00555624999 -0.139166102 -0.0202848576
v 0.00555624999 -0.139193118 -0.020302454
v -0.00555624999 -0.139193118 -0.020302454
v 0.00555624999 -0.139221892 -0.0203170367
v -0.00555624999 -0.139221892 -0.0203170367
v 0.00555624999 -0.139252052 -0.020328436
v -0.00555624999 -0.139252052 -0.020328436
v 0.00555624999 -0.13928327 -0.0203365199
v -0.00555624999 -0.13928327 -0.0203365199
v 0.00555624999 -0.139315188 -0.0203411952
v -0.00555624999 -0.139315188 -0.0203411952
v 0.00555624999 -0.139347419 -0.0203424077
v -0.00555624999 -0.139347419 -0.0203424077
v 0.00555624999 -0.139379576 -0.0203401409
v -0.00555624999 -0.139379576 -0.0203401409
v 0.00555624999 -0.139411315 -0.0203344226
v -0.00555624999 -0.139411315 -0.0203344226
v 0.00555624999 -0.139442265 -0.020325318
v -0.00555624999 -0.139442265 -0.020325318
v 0.00555624999 -0.139472038 -0.020312937
v -0.00555624999 -0.139472038 -0.020312937
v 0.00555624999 -0.139027357 -0.0201032851
v 0.00555624999 -0.139081284 -0.0201889109
v -0.00555624999 -0.139081284 -0.0201889109
v 0.00555624999 -0.138964534 -0.0200239569
v -0.00555624999 -0.139027357 -0.0201032851
v 0.00555624999 -0.138893545 -0.0199518502
v -0.00555624999 -0.138964534 -0.0200239569
v 0.00555624999 -0.138815209 -0.0198878013
v -0.00555624999 -0.138893545 -0.0199518502
v 0.00555624999 -0.138730437 -0.0198325515
v -0.00555624999 -0.138815209 -0.0198878013
v 0.00555624999 -0.13864021 -0.0197867453
v -0.00555624999 -0.138730437 -0.0198325515
v 0.00555624999 -0.138545573 -0.0197509136
v -0.00555624999 -0.13864021 -0.0197867453
v 0.00555624999 -0.138447642 -0.0197254717
v -0.00555624999 -0.138545573 -0.0197509136
v 0.00555624999 -0.138347536 -0.0197107159
v -0.00555624999 -0.138447642 -0.0197254717
v 0.00555624999 -0.138246417 -0.0197068192
v -0.00555624999 -0.138347536 -0.0197107159
v 0.00555624999 -0.138145477 -0.0197138228
v -0.00555624999 -0.138246417 -0.0197068192
v 0.00555624999 -0.138045862 -0.0197316483
v -0.00555624999 -0.138145477 -0.0197138228
v 0.00555624999 -0.137948751 -0.0197600871
v -0.00555624999 -0.138045862 -0.0197316483
v 0.00555624999 -0.137855262 -0.0197988097
v -0.00555624999 -0.137948751 -0.0197600871
v 0.00555624999 -0.137766495 -0.0198473688
v -0.00555624999 -0.137855262 -0.0197988097
v 0.00555624999 -0.137683451 -0.0199051965
v -0.00555624999 -0.137766495 -0.0198473688
v 0.00555624999 -0.137607127 -0.019971624
v -0.00555624999 -0.137683451 -0.0199051965
v 0.00555624999 -0.137538373 -0.0200458784
v -0.00555624999 -0.137607127 -0.019971624
v 0.00555624999 -0.137478024 -0.020127099
v -0.00555624999 -0.137538373 -0.0200458784
v 0.00555624999 -0.137426764 -0.0202143416
v -0.00555624999 -0.137478024 -0.020127099
v 0.00555624999 -0.13738519 -0.0203065947
v -0.00555624999 -0.137426764 -0.0202143416
v 0.00555624999 -0.137353778 -0.0204027835
v -0.00555624999 -0.13738519 -0.0203065947
v 0.00555624999 -0.137332901 -0.0205017962
v -0.00555624999 -0.137353778 -0.0204027835
v 0.00555624999 -0.137322798 -0.0206024796
v -0.00555624999 -0.137332901 -0.0205017962
v 0.00555624999 -0.137323588 -0.0207036659
v -0.00555624999 -0.137322798 -0.0206024796
v 0.00555624999 -0.137335256 -0.0208041798
v -0.00555624999 -0.137323588 -0.0207036659
v 0.00555624999 -0.137357667 -0.0209028535
v -0.00555624999 -0.137335256 -0.0208041798
v -0.00555624999 -0.137357667 -0.0209028535
v 0.00555624999 -0.134722233 -0.0210487638
v 0.00555624999 -0.134932727 -0.0208316632
v 0.00555624999 -0.134854883 -0.02089631
v 0.00555624999 -0.135106951 -0.0207292717
v 0.00555624999 -0.135017082 -0.020775767
v 0.00555624999 -0.135299057 -0.0206665285
v 0.00555624999 -0.135201305 -0.0206927173
v 0.00555624999 -0.135500133 -0.0206463356
v 0.00555624999 -0.135399044 -0.0206510071
v 0.00555624999 -0.135891974 -0.0207353346
v 0.00555624999 -0.135798186 -0.0206973273
v 0.00555624999 -0.135700867 -0.0206696317
v 0.00555624999 -0.135601118 -0.020652568
v 0.00555624999 -0.135981113 -0.020783212
v 0.00555624999 -0.136141434 -0.0209062453
v 0.00555624999 -0.136064589 -0.0208404027
v 0.00555624999 -0.13636592 -0.0212395079
v 0.00555624999 -0.136323631 -0.0211475771
v 0.00555624999 -0.136271715 -0.0210607275
v 0.00555624999 -0.13621074 -0.0209799707
v 0.00555624999 -0.134668976 -0.0211347993
v 0.00555624999 -0.135738462 -0.0217158273
v 0.00555624999 -0.136437491 -0.0213457048
v 0.00555624999 -0.136415392 -0.021322215
v 0.00555624999 -0.134446174 -0.0220061522
v 0.00555624999 -0.134419277 -0.0220239386
v 0.00555624999 -0.134568498 -0.0214200094
v 0.00555624999 -0.13455607 -0.0215204321
v 0.00555624999 -0.134625271 -0.0212260671
v 0.00555624999 -0.134591654 -0.0213215053
v 0.00555624999 -0.134784445 -0.0209689569
v 0.00555624999 -0.136395946 -0.0212964825
v 0.00555624999 -0.136546925 -0.0214122199
v 0.00555624999 -0.136517018 -0.0214001294
v 0.00555624999 -0.134470999 -0.0219855737
v 0.00555624999 -0.134513319 -0.0219370201
v 0.00555624999 -0.13449347 -0.0219624396
v 0.00555624999 -0.13455452 -0.0216216091
v 0.00555624999 -0.136461988 -0.0213666782
v 0.00555624999 -0.136488602 -0.0213848893
v 0.00555624999 -0.136641935 -0.0214283802
v 0.00555624999 -0.136609733 -0.0214264281
v 0.00555624999 -0.134390607 -0.0220387224
v 0.00555624999 -0.134530321 -0.0219096113
v 0.00555624999 -0.134554982 -0.0218501184
v 0.00555624999 -0.134544253 -0.0218805317
v 0.00555624999 -0.136577949 -0.0214210209
v 0.00555624999 -0.136737138 -0.0214134753
v 0.00555624999 -0.13670601 -0.0214218665
v 0.00555624999 -0.134360522 -0.0220503341
v 0.00555624999 -0.134566844 -0.0217544772
v 0.00555624999 -0.134566352 -0.0217867233
v 0.00555624999 -0.134563863 -0.021722367
v 0.00555624999 -0.136674136 -0.0214268528
v 0.00555624999 -0.134562373 -0.0218187291
v 0.00555624999 -0.136379391 -0.0212688055
v 0.00555624999 -0.134329364 -0.0220586378
v -0.00555624999 -0.133882001 -0.0221476257
v 0.00555624999 -0.133882001 -0.0221476257
v 0.00555624999 -0.134329364 -0.0220586378
v -0.00555624999 -0.134329364 -0.0220586378
v 0.00555624999 -0.134563863 -0.021722367
v -0.00555624999 -0.134563863 -0.021722367
v -0.00555624999 -0.134566844 -0.0217544772
v 0.00555624999 -0.134566844 -0.0217544772
v -0.00555624999 -0.134566352 -0.0217867233
v 0.00555624999 -0.134566352 -0.0217867233
v -0.00555624999 -0.134562373 -0.0218187291
v 0.00555624999 -0.134562373 -0.0218187291
v -0.00555624999 -0.134554982 -0.0218501184
v 0.00555624999 -0.134554982 -0.0218501184
v -0.00555624999 -0.134544253 -0.0218805317
v 0.00555624999 -0.134544253 -0.0218805317
v -0.00555624999 -0.134530321 -0.0219096113
v 0.00555624999 -0.134530321 -0.0219096113
v -0.00555624999 -0.134513319 -0.0219370201
v 0.00555624999 -0.134513319 -0.0219370201
v -0.00555624999 -0.13449347 -0.0219624396
v 0.00555624999 -0.13449347 -0.0219624396
v -0.00555624999 -0.134470999 -0.0219855737
v 0.00555624999 -0.134470999 -0.0219855737
v -0.00555624999 -0.134446174 -0.0220061522
v 0.00555624999 -0.134446174 -0.0220061522
v -0.00555624999 -0.134419277 -0.0220239386
v 0.00555624999 -0.134419277 -0.0220239386
v -0.00555624999 -0.134390607 -0.0220387224
v 0.00555624999 -0.134390607 -0.0220387224
v -0.00555624999 -0.134360522 -0.0220503341
v 0.00555624999 -0.134360522 -0.0220503341
v -0.00555624999 -0.134329364 -0.0220586378
v 0.00555624999 -0.134329364 -0.0220586378
v -0.00555624999 -0.134722233 -0.0210487638
v -0.00555624999 -0.135299057 -0.0206665285
v -0.00555624999 -0.135399044 -0.0206510071
v -0.00555624999 -0.135106951 -0.0207292717
v -0.00555624999 -0.135201305 -0.0206927173
v -0.00555624999 -0.134932727 -0.0208316632
v -0.00555624999 -0.135017082 -0.020775767
v -0.00555624999 -0.134784445 -0.0209689569
v -0.00555624999 -0.134854883 -0.02089631
v -0.00555624999 -0.135700867 -0.0206696317
v -0.00555624999 -0.135798186 -0.0206973273
v -0.00555624999 -0.136271715 -0.0210607275
v -0.00555624999 -0.136323631 -0.0211475771
v -0.00555624999 -0.135981113 -0.020783212
v -0.00555624999 -0.136064589 -0.0208404027
v -0.00555624999 -0.135891974 -0.0207353346
v -0.00555624999 -0.135500133 -0.0206463356
v -0.00555624999 -0.135601118 -0.020652568
v -0.00555624999 -0.13621074 -0.0209799707
v -0.00555624999 -0.136141434 -0.0209062453
v -0.00555624999 -0.135738462 -0.0217158273
v -0.00555624999 -0.136395946 -0.0212964825
v -0.00555624999 -0.136415392 -0.021322215
v -0.00555624999 -0.13636592 -0.0212395079
v -0.00555624999 -0.134625271 -0.0212260671
v -0.00555624999 -0.134668976 -0.0211347993
v -0.00555624999 -0.136488602 -0.0213848893
v -0.00555624999 -0.136517018 -0.0214001294
v -0.00555624999 -0.136379391 -0.0212688055
v -0.00555624999 -0.134568498 -0.0214200094
v -0.00555624999 -0.134591654 -0.0213215053
v -0.00555624999 -0.13455452 -0.0216216091
v -0.00555624999 -0.13455607 -0.0215204321
v -0.00555624999 -0.136577949 -0.0214210209
v -0.00555624999 -0.136609733 -0.0214264281
v -0.00555624999 -0.136461988 -0.0213666782
v -0.00555624999 -0.136437491 -0.0213457048
v -0.00555624999 -0.134563863 -0.021722367
v -0.00555624999 -0.134470999 -0.0219855737
v -0.00555624999 -0.13449347 -0.0219624396
v -0.00555624999 -0.134329364 -0.0220586378
v -0.00555624999 -0.134360522 -0.0220503341
v -0.00555624999 -0.136674136 -0.0214268528
v -0.00555624999 -0.13670601 -0.0214218665
v -0.00555624999 -0.136546925 -0.0214122199
v -0.00555624999 -0.134530321 -0.0219096113
v -0.00555624999 -0.134544253 -0.0218805317
v -0.00555624999 -0.134513319 -0.0219370201
v -0.00555624999 -0.134419277 -0.0220239386
v -0.00555624999 -0.134446174 -0.0220061522
v -0.00555624999 -0.134390607 -0.0220387224
v -0.00555624999 -0.136641935 -0.0214283802
v -0.00555624999 -0.134566844 -0.0217544772
v -0.00555624999 -0.134562373 -0.0218187291
v -0.00555624999 -0.134566352 -0.0217867233
v -0.00555624999 -0.134554982 -0.0218501184
v -0.00555624999 -0.136737138 -0.0214134753
v -0.00555624999 -0.13636592 -0.0212395079
v 0.00555624999 -0.13636592 -0.0212395079
v 0.00555624999 -0.136379391 -0.0212688055
v -0.00555624999 -0.136379391 -0.0212688055
v 0.00555624999 -0.136395946 -0.0212964825
v -0.00555624999 -0.136395946 -0.0212964825
v 0.00555624999 -0.136415392 -0.021322215
v -0.00555624999 -0.136415392 -0.021322215
v 0.00555624999 -0.136437491 -0.0213457048
v -0.00555624999 -0.136437491 -0.0213457048
v 0.00555624999 -0.136461988 -0.0213666782
v -0.00555624999 -0.136461988 -0.0213666782
v 0.00555624999 -0.136488602 -0.0213848893
v -0.00555624999 -0.136488602 -0.0213848893
v 0.00555624999 -0.136517018 -0.0214001294
v -0.00555624999 -0.136517018 -0.0214001294
v 0.00555624999 -0.136546925 -0.0214122199
v -0.00555624999 -0.136546925 -0.0214122199
v 0.00555624999 -0.136577949 -0.0214210209
v -0.00555624999 -0.136577949 -0.0214210209
v 0.00555624999 -0.136609733 -0.0214264281
v -0.00555624999 -0.136609733 -0.0214264281
v 0.00555624999 -0.136641935 -0.0214283802
v -0.00555624999 -0.136641935 -0.0214283802
v 0.00555624999 -0.136674136 -0.0214268528
v -0.00555624999 -0.136674136 -0.0214268528
v 0.00555624999 -0.13670601 -0.0214218665
v -0.00555624999 -0.13670601 -0.0214218665
v 0.00555624999 -0.136737138 -0.0214134753
v -0.00555624999 -0.136737138 -0.0214134753
v 0.00555624999 -0.136323631 -0.0211475771
v 0.00555624999 -0.13636592 -0.0212395079
v -0.00555624999 -0.13636592 -0.0212395079
v 0.00555624999 -0.136271715 -0.0210607275
v -0.00555624999 -0.136323631 -0.0211475771
v 0.00555624999 -0.13621074 -0.0209799707
v -0.00555624999 -0.136271715 -0.0210607275
v 0.00555624999 -0.136141434 -0.0209062453
v -0.00555624999 -0.13621074 -0.0209799707
v 0.00555624999 -0.136064589 -0.0208404027
v -0.00555624999 -0.136141434 -0.0209062453
v 0.00555624999 -0.135981113 -0.020783212
v -0.00555624999 -0.136064589 -0.0208404027
v 0.00555624999 -0.135891974 -0.0207353346
v -0.00555624999 -0.135981113 -0.020783212
v 0.00555624999 -0.135798186 -0.0206973273
v -0.00555624999 -0.135891974 -0.0207353346
v 0.00555624999 -0.135700867 -0.0206696317
v -0.00555624999 -0.135798186 -0.0206973273
v 0.00555624999 -0.135601118 -0.020652568
v -0.00555624999 -0.135700867 -0.0206696317
v 0.00555624999 -0.135500133 -0.0206463356
v -0.00555624999 -0.135601118 -0.020652568
v 0.00555624999 -0.135399044 -0.0206510071
v -0.00555624999 -0.135500133 -0.0206463356
v 0.00555624999 -0.135299057 -0.0206665285
v -0.00555624999 -0.135399044 -0.0206510071
v 0.00555624999 -0.135201305 -0.0206927173
v -0.00555624999 -0.135299057 -0.0206665285
v 0.00555624999 -0.135106951 -0.0207292717
v -0.00555624999 -0.135201305 -0.0206927173
v 0.00555624999 -0.135017082 -0.020775767
v -0.00555624999 -0.135106951 -0.0207292717
v 0.00555624999 -0.134932727 -0.0208316632
v -0.00555624999 -0.135017082 -0.020775767
v 0.00555624999 -0.134854883 -0.02089631
v -0.00555624999 -0.134932727 -0.0208316632
v 0.00555624999 -0.134784445 -0.0209689569
v -0.00555624999 -0.134854883 -0.02089631
v 0.00555624999 -0.134722233 -0.0210487638
v -0.00555624999 -0.134784445 -0.0209689569
v 0.00555624999 -0.134668976 -0.0211347993
v -0.00555624999 -0.134722233 -0.0210487638
v 0.00555624999 -0.134625271 -0.0212260671
v -0.00555624999 -0.134668976 -0.0211347993
v 0.00555624999 -0.134591654 -0.0213215053
v -0.00555624999 -0.134625271 -0.0212260671
v 0.00555624999 -0.134568498 -0.0214200094
v -0.00555624999 -0.134591654 -0.0213215053
v 0.00555624999 -0.13455607 -0.0215204321
v -0.00555624999 -0.134568498 -0.0214200094
v 0.00555624999 -0.13455452 -0.0216216091
v -0.00555624999 -0.13455607 -0.0215204321
v 0.00555624999 -0.134563863 -0.021722367
v -0.00555624999 -0.13455452 -0.0216216091
v -0.00555624999 -0.134563863 -0.021722367
v 0.00555624999 -0.133044556 -0.0213150438
v 0.00555624999 -0.132453382 -0.0212325677
v 0.00555624999 -0.132355064 -0.0212564934
v 0.00555624999 -0.132553712 -0.0212193597
v 0.00555624999 -0.132855013 -0.0212449469
v 0.00555624999 -0.132755697 -0.0212255847
v 0.00555624999 -0.132951677 -0.0212748814
v 0.00555624999 -0.132168964 -0.0213352665
v 0.00555624999 -0.133357584 -0.0215669777
v 0.00555624999 -0.133289993 -0.0214916691
v 0.00555624999 -0.13225989 -0.0212908592
v 0.00555624999 -0.133214697 -0.0214240719
v 0.00555624999 -0.132083341 -0.0213891994
v 0.00555624999 -0.132654876 -0.0212170221
v 0.00555624999 -0.133132562 -0.0213649683
v 0.00555624999 -0.131812662 -0.0216861647
v 0.00555624999 -0.131766871 -0.0217763986
v 0.00555624999 -0.131931931 -0.0215230342
v 0.00555624999 -0.1318679 -0.0216013826
v 0.00555624999 -0.132004023 -0.021452032
v 0.00555624999 -0.131731048 -0.0218710378
v 0.00555624999 -0.13350673 -0.0218300279
v 0.00555624999 -0.133466586 -0.0217371434
v 0.00555624999 -0.133416682 -0.0216491204
v 0.00555624999 -0.133536652 -0.0219266918
v 0.00555624999 -0.131705627 -0.0219689794
v 0.00555624999 -0.131690875 -0.0220690891
v 0.00555624999 -0.13335523 -0.0222404171
v 0.00555624999 -0.133753985 -0.0221438371
v 0.00555624999 -0.13372317 -0.0221343264
v 0.00555624999 -0.131585866 -0.0223990344
v 0.00555624999 -0.131560579 -0.0224190373
v 0.00555624999 -0.131661519 -0.0222957041
v 0.00555624999 -0.131646916 -0.0223244559
v 0.00555624999 -0.133693561 -0.0221215505
v 0.00555624999 -0.133817792 -0.0221526641
v 0.00555624999 -0.13378565 -0.0221499726
v 0.00555624999 -0.131504282 -0.0224503223
v 0.00555624999 -0.131473929 -0.0224612392
v 0.00555624999 -0.131608859 -0.0223764237
v 0.00555624999 -0.131629288 -0.0223514661
v 0.00555624999 -0.131687 -0.0221702028
v 0.00555624999 -0.133882001 -0.0221476257
v 0.00555624999 -0.133850023 -0.0221518781
v 0.00555624999 -0.131533265 -0.0224361997
v 0.00555624999 -0.131685764 -0.0222024284
v 0.00555624999 -0.131681055 -0.0222343337
v 0.00555624999 -0.133546188 -0.021957498
v 0.00555624999 -0.133665502 -0.0221056622
v 0.00555624999 -0.133639306 -0.022086842
v 0.00555624999 -0.131672949 -0.022265546
v 0.00555624999 -0.133558989 -0.0219870992
v 0.00555624999 -0.1336153 -0.0220653117
v 0.00555624999 -0.133593753 -0.0220413208
v 0.00555624999 -0.133574903 -0.0220151488
v 0.00555624999 -0.131442592 -0.0224688239
v 0.00555624999 -0.131410614 -0.0224729907
v -0.00555624999 -0.130955458 -0.0225028228
v 0.00555624999 -0.130955458 -0.0225028228
v 0.00555624999 -0.131410614 -0.0224729907
v -0.00555624999 -0.131410614 -0.0224729907
v 0.00555624999 -0.131687 -0.0221702028
v -0.00555624999 -0.131687 -0.0221702028
v -0.00555624999 -0.131685764 -0.0222024284
v 0.00555624999 -0.131685764 -0.0222024284
v -0.00555624999 -0.131681055 -0.0222343337
v 0.00555624999 -0.131681055 -0.0222343337
v -0.00555624999 -0.131672949 -0.022265546
v 0.00555624999 -0.131672949 -0.022265546
v -0.00555624999 -0.131661519 -0.0222957041
v 0.00555624999 -0.131661519 -0.0222957041
v -0.00555624999 -0.131646916 -0.0223244559
v 0.00555624999 -0.131646916 -0.0223244559
v -0.00555624999 -0.131629288 -0.0223514661
v 0.00555624999 -0.131629288 -0.0223514661
v -0.00555624999 -0.131608859 -0.0223764237
v 0.00555624999 -0.131608859 -0.0223764237
v -0.00555624999 -0.131585866 -0.0223990344
v 0.00555624999 -0.131585866 -0.0223990344
v -0.00555624999 -0.131560579 -0.0224190373
v 0.00555624999 -0.131560579 -0.0224190373
v -0.00555624999 -0.131533265 -0.0224361997
v 0.00555624999 -0.131533265 -0.0224361997
v -0.00555624999 -0.131504282 -0.0224503223
v 0.00555624999 -0.131504282 -0.0224503223
v -0.00555624999 -0.131473929 -0.0224612392
v 0.00555624999 -0.131473929 -0.0224612392
v -0.00555624999 -0.131442592 -0.0224688239
v 0.00555624999 -0.131442592 -0.0224688239
v -0.00555624999 -0.131410614 -0.0224729907
v 0.00555624999 -0.131410614 -0.0224729907
v -0.00555624999 -0.133044556 -0.0213150438
v -0.00555624999 -0.13225989 -0.0212908592
v -0.00555624999 -0.132355064 -0.0212564934
v -0.00555624999 -0.132168964 -0.0213352665
v -0.00555624999 -0.133214697 -0.0214240719
v -0.00555624999 -0.133289993 -0.0214916691
v -0.00555624999 -0.132553712 -0.0212193597
v -0.00555624999 -0.132855013 -0.0212449469
v -0.00555624999 -0.132951677 -0.0212748814
v -0.00555624999 -0.132654876 -0.0212170221
v -0.00555624999 -0.132755697 -0.0212255847
v -0.00555624999 -0.132453382 -0.0212325677
v -0.00555624999 -0.133132562 -0.0213649683
v -0.00555624999 -0.133357584 -0.0215669777
v -0.00555624999 -0.132004023 -0.021452032
v -0.00555624999 -0.132083341 -0.0213891994
v -0.00555624999 -0.131931931 -0.0215230342
v -0.00555624999 -0.131812662 -0.0216861647
v -0.00555624999 -0.1318679 -0.0216013826
v -0.00555624999 -0.131731048 -0.0218710378
v -0.00555624999 -0.131766871 -0.0217763986
v -0.00555624999 -0.133416682 -0.0216491204
v -0.00555624999 -0.133466586 -0.0217371434
v -0.00555624999 -0.133536652 -0.0219266918
v -0.00555624999 -0.131690875 -0.0220690891
v -0.00555624999 -0.131705627 -0.0219689794
v -0.00555624999 -0.13335523 -0.0222404171
v -0.00555624999 -0.133693561 -0.0221215505
v -0.00555624999 -0.13372317 -0.0221343264
v -0.00555624999 -0.13350673 -0.0218300279
v -0.00555624999 -0.131687 -0.0221702028
v -0.00555624999 -0.133753985 -0.0221438371
v -0.00555624999 -0.13378565 -0.0221499726
v -0.00555624999 -0.133665502 -0.0221056622
v -0.00555624999 -0.131685764 -0.0222024284
v -0.00555624999 -0.131629288 -0.0223514661
v -0.00555624999 -0.131646916 -0.0223244559
v -0.00555624999 -0.131533265 -0.0224361997
v -0.00555624999 -0.131560579 -0.0224190373
v -0.00555624999 -0.131442592 -0.0224688239
v -0.00555624999 -0.131473929 -0.0224612392
v -0.00555624999 -0.133817792 -0.0221526641
v -0.00555624999 -0.1336153 -0.0220653117
v -0.00555624999 -0.133639306 -0.022086842
v -0.00555624999 -0.131608859 -0.0223764237
v -0.00555624999 -0.131585866 -0.0223990344
v -0.00555624999 -0.131410614 -0.0224729907
v -0.00555624999 -0.133574903 -0.0220151488
v -0.00555624999 -0.133593753 -0.0220413208
v -0.00555624999 -0.133558989 -0.0219870992
v -0.00555624999 -0.133546188 -0.021957498
v -0.00555624999 -0.131672949 -0.022265546
v -0.00555624999 -0.131681055 -0.0222343337
v -0.00555624999 -0.131504282 -0.0224503223
v -0.00555624999 -0.131661519 -0.0222957041
v -0.00555624999 -0.133850023 -0.0221518781
v -0.00555624999 -0.133882001 -0.0221476257
v -0.00555624999 -0.133536652 -0.0219266918
v 0.00555624999 -0.133536652 -0.0219266918
v 0.00555624999 -0.133546188 -0.021957498
v -0.00555624999 -0.133546188 -0.021957498
v 0.00555624999 -0.133558989 -0.0219870992
v -0.00555624999 -0.133558989 -0.0219870992
v 0.00555624999 -0.133574903 -0.0220151488
v -0.00555624999 -0.133574903 -0.0220151488
v 0.00555624999 -0.133593753 -0.0220413208
v -0.00555624999 -0.133593753 -0.0220413208
v 0.00555624999 -0.1336153 -0.0220653117
v -0.00555624999 -0.1336153 -0.0220653117
v 0.00555624999 -0.133639306 -0.022086842
v -0.00555624999 -0.133639306 -0.022086842
v 0.00555624999 -0.133665502 -0.0221056622
v -0.00555624999 -0.133665502 -0.0221056622
v 0.00555624999 -0.133693561 -0.0221215505
v -0.00555624999 -0.133693561 -0.0221215505
v 0.00555624999 -0.13372317 -0.0221343264
v -0.00555624999 -0.13372317 -0.0221343264
v 0.00555624999 -0.133753985 -0.0221438371
v -0.00555624999 -0.133753985 -0.0221438371
v 0.00555624999 -0.13378565 -0.0221499726
v -0.00555624999 -0.13378565 -0.0221499726
v 0.00555624999 -0.133817792 -0.0221526641
v -0.00555624999 -0.133817792 -0.0221526641
v 0.00555624999 -0.133850023 -0.0221518781
v -0.00555624999 -0.133850023 -0.0221518781
v 0.00555624999 -0.133882001 -0.0221476257
v -0.00555624999 -0.133882001 -0.0221476257
v 0.00555624999 -0.13350673 -0.0218300279
v 0.00555624999 -0.133536652 -0.0219266918
v -0.00555624999 -0.133536652 -0.0219266918
v 0.00555624999 -0.133466586 -0.0217371434
v -0.00555624999 -0.13350673 -0.0218300279
v 0.00555624999 -0.133416682 -0.0216491204
v -0.00555624999 -0.133466586 -0.0217371434
v 0.00555624999 -0.133357584 -0.0215669777
v -0.00555624999 -0.133416682 -0.0216491204
v 0.00555624999 -0.133289993 -0.0214916691
v -0.00555624999 -0.133357584 -0.0215669777
v 0.00555624999 -0.133214697 -0.0214240719
v -0.00555624999 -0.133289993 -0.0214916691
v 0.00555624999 -0.133132562 -0.0213649683
v -0.00555624999 -0.133214697 -0.0214240719
v 0.00555624999 -0.133044556 -0.0213150438
v -0.00555624999 -0.133132562 -0.0213649683
v 0.00555624999 -0.132951677 -0.0212748814
v -0.00555624999 -0.133044556 -0.0213150438
v 0.00555624999 -0.132855013 -0.0212449469
v -0.00555624999 -0.132951677 -0.0212748814
v 0.00555624999 -0.132755697 -0.0212255847
v -0.00555624999 -0.132855013 -0.0212449469
v 0.00555624999 -0.132654876 -0.0212170221
v -0.00555624999 -0.132755697 -0.0212255847
v 0.00555624999 -0.132553712 -0.0212193597
v -0.00555624999 -0.132654876 -0.0212170221
v 0.00555624999 -0.132453382 -0.0212325677
v -0.00555624999 -0.132553712 -0.0212193597
v 0.00555624999 -0.132355064 -0.0212564934
v -0.00555624999 -0.132453382 -0.0212325677
v 0.00555624999 -0.13225989 -0.0212908592
v -0.00555624999 -0.132355064 -0.0212564934
v 0.00555624999 -0.132168964 -0.0213352665
v -0.00555624999 -0.13225989 -0.0212908592
v 0.00555624999 -0.132083341 -0.0213891994
v -0.00555624999 -0.132168964 -0.0213352665
v 0.00555624999 -0.132004023 -0.021452032
v -0.00555624999 -0.132083341 -0.0213891994
v 0.00555624999 -0.131931931 -0.0215230342
v -0.00555624999 -0.132004023 -0.021452032
v 0.00555624999 -0.1318679 -0.0216013826
v -0.00555624999 -0.131931931 -0.0215230342
v 0.00555624999 -0.131812662 -0.0216861647
v -0.00555624999 -0.1318679 -0.0216013826
v 0.00555624999 -0.131766871 -0.0217763986
v -0.00555624999 -0.131812662 -0.0216861647
v 0.00555624999 -0.131731048 -0.0218710378
v -0.00555624999 -0.131766871 -0.0217763986
v 0.00555624999 -0.131705627 -0.0219689794
v -0.00555624999 -0.131731048 -0.0218710378
v 0.00555624999 -0.131690875 -0.0220690891
v -0.00555624999 -0.131705627 -0.0219689794
v 0.00555624999 -0.131687 -0.0221702028
v -0.00555624999 -0.131690875 -0.0220690891
v -0.00555624999 -0.131687 -0.0221702028
v 0.00555624999 -0.129860297 -0.0214200094
v 0.00555624999 -0.129658505 -0.0214091204
v 0.00555624999 -0.129557893 -0.0214200094
v 0.00555624999 -0.12918435 -0.0215680562
v 0.00555624999 -0.129103601 -0.0216290411
v 0.00555624999 -0.129459053 -0.021441659
v 0.00555624999 -0.129363105 -0.0214738175
v 0.00555624999 -0.129759684 -0.0214091204
v 0.00555624999 -0.129029885 -0.0216983594
v 0.00555624999 -0.130055085 -0.0214738175
v 0.00555624999 -0.129959136 -0.021441659
v 0.00555624999 -0.130388305 -0.0216983594
v 0.00555624999 -0.130314589 -0.0216290411
v 0.00555624999 -0.129271179 -0.0215161145
v 0.00555624999 -0.13014701 -0.0215161145
v 0.00555624999 -0.130233839 -0.0215680562
v 0.00555624999 -0.130559176 -0.0219478458
v 0.00555624999 -0.130511314 -0.0218586922
v 0.00555624999 -0.130597174 -0.02204163
v 0.00555624999 -0.128964052 -0.0217752066
v 0.00555624999 -0.130454138 -0.0217752066
v 0.00555624999 -0.128906876 -0.0218586922
v 0.00555624999 -0.128859013 -0.0219478458
v 0.00555624999 -0.128821015 -0.02204163
v 0.00555624999 -0.128793329 -0.0221389607
v 0.00555624999 -0.128776282 -0.0222387034
v 0.00555624999 -0.130641907 -0.0222387034
v 0.00555624999 -0.130624861 -0.0221389607
v 0.00555624999 -0.128762022 -0.0223015081
v 0.00555624999 -0.130929247 -0.0225042589
v 0.00555624999 -0.130891129 -0.0224994384
v 0.00555624999 -0.130647346 -0.0222704913
v 0.00555624999 -0.130859628 -0.0224925745
v 0.00555624999 -0.128488943 -0.0225042589
v 0.00555624999 -0.128527045 -0.0224994384
v 0.00555624999 -0.130799726 -0.0224689059
v 0.00555624999 -0.130772039 -0.0224523768
v 0.00555624999 -0.130829036 -0.0224823579
v 0.00555624999 -0.128494993 -0.0225028675
v 0.00555624999 -0.128589153 -0.0224823579
v 0.00555624999 -0.128558561 -0.0224925745
v 0.00555624999 -0.128716409 -0.0223864019
v 0.00555624999 -0.128695413 -0.0224108826
v 0.00555624999 -0.128749907 -0.0223313961
v 0.00555624999 -0.128770843 -0.0222704913
v 0.00555624999 -0.13070178 -0.0223864019
v 0.00555624999 -0.130683541 -0.0223598033
v 0.00555624999 -0.130923197 -0.0225028675
v 0.00555624999 -0.12864615 -0.0224523768
v 0.00555624999 -0.128618464 -0.0224689059
v 0.00555624999 -0.128671899 -0.0224329587
v 0.00555624999 -0.128734633 -0.0223598033
v 0.00555624999 -0.130656168 -0.0223015081
v 0.00555624999 -0.130668283 -0.0223313961
v 0.00555624999 -0.13074629 -0.0224329587
v 0.00555624999 -0.130722776 -0.0224108826
v 0.00555624999 -0.130955458 -0.0225028228
v 0.00555624999 -0.128462732 -0.0225028228
v -0.00555624999 -0.128007576 -0.0224729907
v 0.00555624999 -0.128007576 -0.0224729907
v 0.00555624999 -0.128462732 -0.0225028228
v -0.00555624999 -0.128462732 -0.0225028228
v 0.00555624999 -0.128776282 -0.0222387034
v -0.00555624999 -0.128776282 -0.0222387034
v -0.00555624999 -0.128770843 -0.0222704913
v 0.00555624999 -0.128770843 -0.0222704913
v -0.00555624999 -0.128762022 -0.0223015081
v 0.00555624999 -0.128762022 -0.0223015081
v -0.00555624999 -0.128749907 -0.0223313961
v 0.00555624999 -0.128749907 -0.0223313961
v -0.00555624999 -0.128734633 -0.0223598033
v 0.00555624999 -0.128734633 -0.0223598033
v -0.00555624999 -0.128716409 -0.0223864019
v 0.00555624999 -0.128716409 -0.0223864019
v -0.00555624999 -0.128695413 -0.0224108826
v 0.00555624999 -0.128695413 -0.0224108826
v -0.00555624999 -0.128671899 -0.0224329587
v 0.00555624999 -0.128671899 -0.0224329587
v -0.00555624999 -0.12864615 -0.0224523768
v 0.00555624999 -0.12864615 -0.0224523768
v -0.00555624999 -0.128618464 -0.0224689059
v 0.00555624999 -0.128618464 -0.0224689059
v -0.00555624999 -0.128589153 -0.0224823579
v 0.00555624999 -0.128589153 -0.0224823579
v -0.00555624999 -0.128558561 -0.0224925745
v 0.00555624999 -0.128558561 -0.0224925745
v -0.00555624999 -0.128527045 -0.0224994384
v 0.00555624999 -0.128527045 -0.0224994384
v -0.00555624999 -0.128494993 -0.0225028675
v 0.00555624999 -0.128494993 -0.0225028675
v -0.00555624999 -0.128462732 -0.0225028228
v 0.00555624999 -0.128462732 -0.0225028228
v -0.00555624999 -0.129860297 -0.0214200094
v -0.00555624999 -0.129459053 -0.021441659
v -0.00555624999 -0.129557893 -0.0214200094
v -0.00555624999 -0.129029885 -0.0216983594
v -0.00555624999 -0.130233839 -0.0215680562
v -0.00555624999 -0.130314589 -0.0216290411
v -0.00555624999 -0.129959136 -0.021441659
v -0.00555624999 -0.129658505 -0.0214091204
v -0.00555624999 -0.129271179 -0.0215161145
v -0.00555624999 -0.129363105 -0.0214738175
v -0.00555624999 -0.129103601 -0.0216290411
v -0.00555624999 -0.130454138 -0.0217752066
v -0.00555624999 -0.130511314 -0.0218586922
v -0.00555624999 -0.13014701 -0.0215161145
v -0.00555624999 -0.130055085 -0.0214738175
v -0.00555624999 -0.12918435 -0.0215680562
v -0.00555624999 -0.130388305 -0.0216983594
v -0.00555624999 -0.130597174 -0.02204163
v -0.00555624999 -0.128906876 -0.0218586922
v -0.00555624999 -0.128964052 -0.0217752066
v -0.00555624999 -0.130559176 -0.0219478458
v -0.00555624999 -0.129759684 -0.0214091204
v -0.00555624999 -0.128859013 -0.0219478458
v -0.00555624999 -0.128821015 -0.02204163
v -0.00555624999 -0.130624861 -0.0221389607
v -0.00555624999 -0.130641907 -0.0222387034
v -0.00555624999 -0.128776282 -0.0222387034
v -0.00555624999 -0.128793329 -0.0221389607
v -0.00555624999 -0.130929247 -0.0225042589
v -0.00555624999 -0.128488943 -0.0225042589
v -0.00555624999 -0.128527045 -0.0224994384
v -0.00555624999 -0.130891129 -0.0224994384
v -0.00555624999 -0.130923197 -0.0225028675
v -0.00555624999 -0.128762022 -0.0223015081
v -0.00555624999 -0.130859628 -0.0224925745
v -0.00555624999 -0.130799726 -0.0224689059
v -0.00555624999 -0.130829036 -0.0224823579
v -0.00555624999 -0.13074629 -0.0224329587
v -0.00555624999 -0.130772039 -0.0224523768
v -0.00555624999 -0.130647346 -0.0222704913
v -0.00555624999 -0.128770843 -0.0222704913
v -0.00555624999 -0.128558561 -0.0224925745
v -0.00555624999 -0.130668283 -0.0223313961
v -0.00555624999 -0.130683541 -0.0223598033
v -0.00555624999 -0.128734633 -0.0223598033
v -0.00555624999 -0.128749907 -0.0223313961
v -0.00555624999 -0.128671899 -0.0224329587
v -0.00555624999 -0.128695413 -0.0224108826
v -0.00555624999 -0.128589153 -0.0224823579
v -0.00555624999 -0.13070178 -0.0223864019
v -0.00555624999 -0.130722776 -0.0224108826
v -0.00555624999 -0.130656168 -0.0223015081
v -0.00555624999 -0.128716409 -0.0223864019
v -0.00555624999 -0.12864615 -0.0224523768
v -0.00555624999 -0.128618464 -0.0224689059
v -0.00555624999 -0.128494993 -0.0225028675
v -0.00555624999 -0.128462732 -0.0225028228
v -0.00555624999 -0.130955458 -0.0225028228
v -0.00555624999 -0.130641907 -0.0222387034
v 0.00555624999 -0.130641907 -0.0222387034
v 0.00555624999 -0.130647346 -0.0222704913
v -0.00555624999 -0.130647346 -0.0222704913
v 0.00555624999 -0.130656168 -0.0223015081
v -0.00555624999 -0.130656168 -0.0223015081
v 0.00555624999 -0.130668283 -0.0223313961
v -0.00555624999 -0.130668283 -0.0223313961
v 0.00555624999 -0.130683541 -0.0223598033
v -0.00555624999 -0.130683541 -0.0223598033
v 0.00555624999 -0.13070178 -0.0223864019
v -0.00555624999 -0.13070178 -0.0223864019
v 0.00555624999 -0.130722776 -0.0224108826
v -0.00555624999 -0.130722776 -0.0224108826
v 0.00555624999 -0.13074629 -0.0224329587
v -0.00555624999 -0.13074629 -0.0224329587
v 0.00555624999 -0.130772039 -0.0224523768
v -0.00555624999 -0.130772039 -0.0224523768
v 0.00555624999 -0.130799726 -0.0224689059
v -0.00555624999 -0.130799726 -0.0224689059
v 0.00555624999 -0.130829036 -0.0224823579
v -0.00555624999 -0.130829036 -0.0224823579
v 0.00555624999 -0.130859628 -0.0224925745
v -0.00555624999 -0.130859628 -0.0224925745
v 0.00555624999 -0.130891129 -0.0224994384
v -0.00555624999 -0.130891129 -0.0224994384
v 0.00555624999 -0.130923197 -0.0225028675
v -0.00555624999 -0.130923197 -0.0225028675
v 0.00555624999 -0.130955458 -0.0225028228
v -0.00555624999 -0.130955458 -0.0225028228
v 0.00555624999 -0.130624861 -0.0221389607
v 0.00555624999 -0.130641907 -0.0222387034
v -0.00555624999 -0.130641907 -0.0222387034
v 0.00555624999 -0.130597174 -0.02204163
v -0.00555624999 -0.130624861 -0.0221389607
v 0.00555624999 -0.130559176 -0.0219478458
v -0.00555624999 -0.130597174 -0.02204163
v 0.00555624999 -0.130511314 -0.0218586922
v -0.00555624999 -0.130559176 -0.0219478458
v 0.00555624999 -0.130454138 -0.0217752066
v -0.00555624999 -0.130511314 -0.0218586922
v 0.00555624999 -0.130388305 -0.0216983594
v -0.00555624999 -0.130454138 -0.0217752066
v 0.00555624999 -0.130314589 -0.0216290411
v -0.00555624999 -0.130388305 -0.0216983594
v 0.00555624999 -0.130233839 -0.0215680562
v -0.00555624999 -0.130314589 -0.0216290411
v 0.00555624999 -0.13014701 -0.0215161145
v -0.00555624999 -0.130233839 -0.0215680562
v 0.00555624999 -0.130055085 -0.0214738175
v -0.00555624999 -0.13014701 -0.0215161145
v 0.00555624999 -0.129959136 -0.021441659
v -0.00555624999 -0.130055085 -0.0214738175
v 0.00555624999 -0.129860297 -0.0214200094
v -0.00555624999 -0.129959136 -0.021441659
v 0.00555624999 -0.129759684 -0.0214091204
v -0.00555624999 -0.129860297 -0.0214200094
v 0.00555624999 -0.129658505 -0.0214091204
v -0.00555624999 -0.129759684 -0.0214091204
v 0.00555624999 -0.129557893 -0.0214200094
v -0.00555624999 -0.129658505 -0.0214091204
v 0.00555624999 -0.129459053 -0.021441659
v -0.00555624999 -0.129557893 -0.0214200094
v 0.00555624999 -0.129363105 -0.0214738175
v -0.00555624999 -0.129459053 -0.021441659
v 0.00555624999 -0.129271179 -0.0215161145
v -0.00555624999 -0.129363105 -0.0214738175
v 0.00555624999 -0.12918435 -0.0215680562
v -0.00555624999 -0.129271179 -0.0215161145
v 0.00555624999 -0.129103601 -0.0216290411
v -0.00555624999 -0.12918435 -0.0215680562
v 0.00555624999 -0.129029885 -0.0216983594
v -0.00555624999 -0.129103601 -0.0216290411
v 0.00555624999 -0.128964052 -0.0217752066
v -0.00555624999 -0.129029885 -0.0216983594
v 0.00555624999 -0.128906876 -0.0218586922
v -0.00555624999 -0.128964052 -0.0217752066
v 0.00555624999 -0.128859013 -0.0219478458
v -0.00555624999 -0.128906876 -0.0218586922
v 0.00555624999 -0.128821015 -0.02204163
v -0.00555624999 -0.128859013 -0.0219478458
v 0.00555624999 -0.128793329 -0.0221389607
v -0.00555624999 -0.128821015 -0.02204163
v 0.00555624999 -0.128776282 -0.0222387034
v -0.00555624999 -0.128793329 -0.0221389607
v -0.00555624999 -0.128776282 -0.0222387034
v 0.00555624999 -0.127158299 -0.0212908592
v 0.00555624999 -0.127063125 -0.0212564934
v 0.00555624999 -0.126964808 -0.0212325677
v 0.00555624999 -0.127249226 -0.0213352665
v 0.00555624999 -0.126563177 -0.0212449469
v 0.00555624999 -0.126466513 -0.0212748814
v 0.00555624999 -0.126864478 -0.0212193597
v 0.00555624999 -0.126763314 -0.0212170221
v 0.00555624999 -0.126662493 -0.0212255847
v 0.00555624999 -0.127334848 -0.0213891994
v 0.00555624999 -0.126285613 -0.0213649683
v 0.00555624999 -0.126203492 -0.0214240719
v 0.00555624999 -0.126373634 -0.0213150438
v 0.00555624999 -0.126128182 -0.0214916691
v 0.00555624999 -0.126060605 -0.0215669777
v 0.00555624999 -0.126001507 -0.0216491204
v 0.00555624999 -0.127486259 -0.0215230342
v 0.00555624999 -0.127414152 -0.021452032
v 0.00555624999 -0.127605528 -0.0216861647
v 0.00555624999 -0.127550289 -0.0216013826
v 0.00555624999 -0.127687141 -0.0218710378
v 0.00555624999 -0.127651319 -0.0217763986
v 0.00555624999 -0.125951603 -0.0217371434
v 0.00555624999 -0.126062959 -0.0222404171
v 0.00555624999 -0.125600398 -0.0221526641
v 0.00555624999 -0.125568151 -0.0221518781
v 0.00555624999 -0.125664189 -0.0221438371
v 0.00555624999 -0.125632539 -0.0221499726
v 0.00555624999 -0.125752687 -0.0221056622
v 0.00555624999 -0.125724629 -0.0221215505
v 0.00555624999 -0.125881538 -0.0219266918
v 0.00555624999 -0.127727315 -0.0220690891
v 0.00555624999 -0.127712563 -0.0219689794
v 0.00555624999 -0.125871986 -0.021957498
v 0.00555624999 -0.127944261 -0.0224612392
v 0.00555624999 -0.127913907 -0.0224503223
v 0.00555624999 -0.125695005 -0.0221343264
v 0.00555624999 -0.125911444 -0.0218300279
v 0.00555624999 -0.127731189 -0.0221702028
v 0.00555624999 -0.127809331 -0.0223764237
v 0.00555624999 -0.127788901 -0.0223514661
v 0.00555624999 -0.127857611 -0.0224190373
v 0.00555624999 -0.127832323 -0.0223990344
v 0.00555624999 -0.127884924 -0.0224361997
v 0.00555624999 -0.125802889 -0.0220653117
v 0.00555624999 -0.125778869 -0.022086842
v 0.00555624999 -0.128007576 -0.0224729907
v 0.00555624999 -0.127975598 -0.0224688239
v 0.00555624999 -0.127745241 -0.022265546
v 0.00555624999 -0.127737135 -0.0222343337
v 0.00555624999 -0.127771273 -0.0223244559
v 0.00555624999 -0.125843272 -0.0220151488
v 0.00555624999 -0.125824437 -0.0220413208
v 0.00555624999 -0.125859186 -0.0219870992
v 0.00555624999 -0.12775667 -0.0222957041
v 0.00555624999 -0.127732426 -0.0222024284
v 0.00555624999 -0.125536188 -0.0221476257
v -0.00555624999 -0.125088826 -0.0220586378
v 0.00555624999 -0.125088826 -0.0220586378
v 0.00555624999 -0.125536188 -0.0221476257
v -0.00555624999 -0.125536188 -0.0221476257
v 0.00555624999 -0.125881538 -0.0219266918
v -0.00555624999 -0.125881538 -0.0219266918
v -0.00555624999 -0.125871986 -0.021957498
v 0.00555624999 -0.125871986 -0.021957498
v -0.00555624999 -0.125859186 -0.0219870992
v 0.00555624999 -0.125859186 -0.0219870992
v -0.00555624999 -0.125843272 -0.0220151488
v 0.00555624999 -0.125843272 -0.0220151488
v -0.00555624999 -0.125824437 -0.0220413208
v 0.00555624999 -0.125824437 -0.0220413208
v -0.00555624999 -0.125802889 -0.0220653117
v 0.00555624999 -0.125802889 -0.0220653117
v -0.00555624999 -0.125778869 -0.022086842
v 0.00555624999 -0.125778869 -0.022086842
v -0.00555624999 -0.125752687 -0.0221056622
v 0.00555624999 -0.125752687 -0.0221056622
v -0.00555624999 -0.125724629 -0.0221215505
v 0.00555624999 -0.125724629 -0.0221215505
v -0.00555624999 -0.125695005 -0.0221343264
v 0.00555624999 -0.125695005 -0.0221343264
v -0.00555624999 -0.125664189 -0.0221438371
v 0.00555624999 -0.125664189 -0.0221438371
v -0.00555624999 -0.125632539 -0.0221499726
v 0.00555624999 -0.125632539 -0.0221499726
v -0.00555624999 -0.125600398 -0.0221526641
v 0.00555624999 -0.125600398 -0.0221526641
v -0.00555624999 -0.125568151 -0.0221518781
v 0.00555624999 -0.125568151 -0.0221518781
v -0.00555624999 -0.125536188 -0.0221476257
v 0.00555624999 -0.125536188 -0.0221476257
v -0.00555624999 -0.127158299 -0.0212908592
v -0.00555624999 -0.126864478 -0.0212193597
v -0.00555624999 -0.126964808 -0.0212325677
v -0.00555624999 -0.127063125 -0.0212564934
v -0.00555624999 -0.127249226 -0.0213352665
v -0.00555624999 -0.126662493 -0.0212255847
v -0.00555624999 -0.126763314 -0.0212170221
v -0.00555624999 -0.126373634 -0.0213150438
v -0.00555624999 -0.126466513 -0.0212748814
v -0.00555624999 -0.126563177 -0.0212449469
v -0.00555624999 -0.127334848 -0.0213891994
v -0.00555624999 -0.126128182 -0.0214916691
v -0.00555624999 -0.126203492 -0.0214240719
v -0.00555624999 -0.126285613 -0.0213649683
v -0.00555624999 -0.126001507 -0.0216491204
v -0.00555624999 -0.126060605 -0.0215669777
v -0.00555624999 -0.127605528 -0.0216861647
v -0.00555624999 -0.127651319 -0.0217763986
v -0.00555624999 -0.127486259 -0.0215230342
v -0.00555624999 -0.127550289 -0.0216013826
v -0.00555624999 -0.127414152 -0.021452032
v -0.00555624999 -0.127687141 -0.0218710378
v -0.00555624999 -0.125911444 -0.0218300279
v -0.00555624999 -0.125951603 -0.0217371434
v -0.00555624999 -0.126062959 -0.0222404171
v -0.00555624999 -0.125695005 -0.0221343264
v -0.00555624999 -0.125724629 -0.0221215505
v -0.00555624999 -0.125871986 -0.021957498
v -0.00555624999 -0.127809331 -0.0223764237
v -0.00555624999 -0.127832323 -0.0223990344
v -0.00555624999 -0.125881538 -0.0219266918
v -0.00555624999 -0.127712563 -0.0219689794
v -0.00555624999 -0.125664189 -0.0221438371
v -0.00555624999 -0.125600398 -0.0221526641
v -0.00555624999 -0.125632539 -0.0221499726
v -0.00555624999 -0.127884924 -0.0224361997
v -0.00555624999 -0.127913907 -0.0224503223
v -0.00555624999 -0.127857611 -0.0224190373
v -0.00555624999 -0.127771273 -0.0223244559
v -0.00555624999 -0.127788901 -0.0223514661
v -0.00555624999 -0.127727315 -0.0220690891
v -0.00555624999 -0.125752687 -0.0221056622
v -0.00555624999 -0.125778869 -0.022086842
v -0.00555624999 -0.12775667 -0.0222957041
v -0.00555624999 -0.127732426 -0.0222024284
v -0.00555624999 -0.127737135 -0.0222343337
v -0.00555624999 -0.125859186 -0.0219870992
v -0.00555624999 -0.127944261 -0.0224612392
v -0.00555624999 -0.127975598 -0.0224688239
v -0.00555624999 -0.125536188 -0.0221476257
v -0.00555624999 -0.125568151 -0.0221518781
v -0.00555624999 -0.127745241 -0.022265546
v -0.00555624999 -0.127731189 -0.0221702028
v -0.00555624999 -0.125843272 -0.0220151488
v -0.00555624999 -0.125802889 -0.0220653117
v -0.00555624999 -0.125824437 -0.0220413208
v -0.00555624999 -0.128007576 -0.0224729907
v -0.00555624999 -0.127731189 -0.0221702028
v 0.00555624999 -0.127731189 -0.0221702028
v 0.00555624999 -0.127732426 -0.0222024284
v -0.00555624999 -0.127732426 -0.0222024284
v 0.00555624999 -0.127737135 -0.0222343337
v -0.00555624999 -0.127737135 -0.0222343337
v 0.00555624999 -0.127745241 -0.022265546
v -0.00555624999 -0.127745241 -0.022265546
v 0.00555624999 -0.12775667 -0.0222957041
v -0.00555624999 -0.12775667 -0.0222957041
v 0.00555624999 -0.127771273 -0.0223244559
v -0.00555624999 -0.127771273 -0.0223244559
v 0.00555624999 -0.127788901 -0.0223514661
v -0.00555624999 -0.127788901 -0.0223514661
v 0.00555624999 -0.127809331 -0.0223764237
v -0.00555624999 -0.127809331 -0.0223764237
v 0.00555624999 -0.127832323 -0.0223990344
v -0.00555624999 -0.127832323 -0.0223990344
v 0.00555624999 -0.127857611 -0.0224190373
v -0.00555624999 -0.127857611 -0.0224190373
v 0.00555624999 -0.127884924 -0.0224361997
v -0.00555624999 -0.127884924 -0.0224361997
v 0.00555624999 -0.127913907 -0.0224503223
v -0.00555624999 -0.127913907 -0.0224503223
v 0.00555624999 -0.127944261 -0.0224612392
v -0.00555624999 -0.127944261 -0.0224612392
v 0.00555624999 -0.127975598 -0.0224688239
v -0.00555624999 -0.127975598 -0.0224688239
v 0.00555624999 -0.128007576 -0.0224729907
v -0.00555624999 -0.128007576 -0.0224729907
v 0.00555624999 -0.127727315 -0.0220690891
v 0.00555624999 -0.127731189 -0.0221702028
v -0.00555624999 -0.127731189 -0.0221702028
v 0.00555624999 -0.127712563 -0.0219689794
v -0.00555624999 -0.127727315 -0.0220690891
v 0.00555624999 -0.127687141 -0.0218710378
v -0.00555624999 -0.127712563 -0.0219689794
v 0.00555624999 -0.127651319 -0.0217763986
v -0.00555624999 -0.127687141 -0.0218710378
v 0.00555624999 -0.127605528 -0.0216861647
v -0.00555624999 -0.127651319 -0.0217763986
v 0.00555624999 -0.127550289 -0.0216013826
v -0.00555624999 -0.127605528 -0.0216861647
v 0.00555624999 -0.127486259 -0.0215230342
v -0.00555624999 -0.127550289 -0.0216013826
v 0.00555624999 -0.127414152 -0.021452032
v -0.00555624999 -0.127486259 -0.0215230342
v 0.00555624999 -0.127334848 -0.0213891994
v -0.00555624999 -0.127414152 -0.021452032
v 0.00555624999 -0.127249226 -0.0213352665
v -0.00555624999 -0.127334848 -0.0213891994
v 0.00555624999 -0.127158299 -0.0212908592
v -0.00555624999 -0.127249226 -0.0213352665
v 0.00555624999 -0.127063125 -0.0212564934
v -0.00555624999 -0.127158299 -0.0212908592
v 0.00555624999 -0.126964808 -0.0212325677
v -0.00555624999 -0.127063125 -0.0212564934
v 0.00555624999 -0.126864478 -0.0212193597
v -0.00555624999 -0.126964808 -0.0212325677
v 0.00555624999 -0.126763314 -0.0212170221
v -0.00555624999 -0.126864478 -0.0212193597
v 0.00555624999 -0.126662493 -0.0212255847
v -0.00555624999 -0.126763314 -0.0212170221
v 0.00555624999 -0.126563177 -0.0212449469
v -0.00555624999 -0.126662493 -0.0212255847
v 0.00555624999 -0.126466513 -0.0212748814
v -0.00555624999 -0.126563177 -0.0212449469
v 0.00555624999 -0.126373634 -0.0213150438
v -0.00555624999 -0.126466513 -0.0212748814
v 0.00555624999 -0.126285613 -0.0213649683
v -0.00555624999 -0.126373634 -0.0213150438
v 0.00555624999 -0.126203492 -0.0214240719
v -0.00555624999 -0.126285613 -0.0213649683
v 0.00555624999 -0.126128182 -0.0214916691
v -0.00555624999 -0.126203492 -0.0214240719
v 0.00555624999 -0.126060605 -0.0215669777
v -0.00555624999 -0.126128182 -0.0214916691
v 0.00555624999 -0.126001507 -0.0216491204
v -0.00555624999 -0.126060605 -0.0215669777
v 0.00555624999 -0.125951603 -0.0217371434
v -0.00555624999 -0.126001507 -0.0216491204
v 0.00555624999 -0.125911444 -0.0218300279
v -0.00555624999 -0.125951603 -0.0217371434
v 0.00555624999 -0.125881538 -0.0219266918
v -0.00555624999 -0.125911444 -0.0218300279
v -0.00555624999 -0.125881538 -0.0219266918
v 0.00555624999 -0.124749213 -0.0211347993
v 0.00555624999 -0.123620003 -0.0206973273
v 0.00555624999 -0.123526223 -0.0207353346
v 0.00555624999 -0.123817064 -0.020652568
v 0.00555624999 -0.123717323 -0.0206696317
v 0.00555624999 -0.12320745 -0.0209799707
v 0.00555624999 -0.123146482 -0.0210607275
v 0.00555624999 -0.123437077 -0.020783212
v 0.00555624999 -0.123353601 -0.0208404027
v 0.00555624999 -0.124119133 -0.0206665285
v 0.00555624999 -0.124019146 -0.0206510071
v 0.00555624999 -0.124311231 -0.0207292717
v 0.00555624999 -0.124216877 -0.0206927173
v 0.00555624999 -0.124695949 -0.0210487638
v 0.00555624999 -0.124633737 -0.0209689569
v 0.00555624999 -0.123276763 -0.0209062453
v 0.00555624999 -0.124485455 -0.0208316632
v 0.00555624999 -0.124401107 -0.020775767
v 0.00555624999 -0.124563299 -0.02089631
v 0.00555624999 -0.123094551 -0.0211475771
v 0.00555624999 -0.123679727 -0.0217158273
v 0.00555624999 -0.122871272 -0.0214122199
v 0.00555624999 -0.122840241 -0.0214210209
v 0.00555624999 -0.122929588 -0.0213848893
v 0.00555624999 -0.122901164 -0.0214001294
v 0.00555624999 -0.122980699 -0.0213457048
v 0.00555624999 -0.122956201 -0.0213666782
v 0.00555624999 -0.123038791 -0.0212688055
v 0.00555624999 -0.123022236 -0.0212964825
v 0.00555624999 -0.123918064 -0.0206463356
v 0.00555624999 -0.123052269 -0.0212395079
v 0.00555624999 -0.124826536 -0.0213215053
v 0.00555624999 -0.124792911 -0.0212260671
v 0.00555624999 -0.12486212 -0.0215204321
v 0.00555624999 -0.124849692 -0.0214200094
v 0.00555624999 -0.124854319 -0.021722367
v 0.00555624999 -0.124863669 -0.0216216091
v 0.00555624999 -0.124873929 -0.0218805317
v 0.00555624999 -0.1248632 -0.0218501184
v 0.00555624999 -0.125088826 -0.0220586378
v 0.00555624999 -0.125057667 -0.0220503341
v 0.00555624999 -0.122776262 -0.0214283802
v 0.00555624999 -0.122744046 -0.0214268528
v 0.00555624999 -0.122808449 -0.0214264281
v 0.00555624999 -0.123002797 -0.021322215
v 0.00555624999 -0.124855809 -0.0218187291
v 0.00555624999 -0.125027582 -0.0220387224
v 0.00555624999 -0.124887876 -0.0219096113
v 0.00555624999 -0.124924712 -0.0219624396
v 0.00555624999 -0.124904871 -0.0219370201
v 0.00555624999 -0.124972016 -0.0220061522
v 0.00555624999 -0.124947183 -0.0219855737
v 0.00555624999 -0.124998912 -0.0220239386
v 0.00555624999 -0.124851346 -0.0217544772
v 0.00555624999 -0.122712187 -0.0214218665
v 0.00555624999 -0.124851838 -0.0217867233
v 0.00555624999 -0.122681044 -0.0214134753
v -0.00555624999 -0.122249119 -0.0212668572
v 0.00555624999 -0.122249119 -0.0212668572
v 0.00555624999 -0.122681044 -0.0214134753
v -0.00555624999 -0.122681044 -0.0214134753
v 0.00555624999 -0.123052269 -0.0212395079
v -0.00555624999 -0.123052269 -0.0212395079
v -0.00555624999 -0.123038791 -0.0212688055
v 0.00555624999 -0.123038791 -0.0212688055
v -0.00555624999 -0.123022236 -0.0212964825
v 0.00555624999 -0.123022236 -0.0212964825
v -0.00555624999 -0.123002797 -0.021322215
v 0.00555624999 -0.123002797 -0.021322215
v -0.00555624999 -0.122980699 -0.0213457048
v 0.00555624999 -0.122980699 -0.0213457048
v -0.00555624999 -0.122956201 -0.0213666782
v 0.00555624999 -0.122956201 -0.0213666782
v -0.00555624999 -0.122929588 -0.0213848893
v 0.00555624999 -0.122929588 -0.0213848893
v -0.00555624999 -0.122901164 -0.0214001294
v 0.00555624999 -0.122901164 -0.0214001294
v -0.00555624999 -0.122871272 -0.0214122199
v 0.00555624999 -0.122871272 -0.0214122199
v -0.00555624999 -0.122840241 -0.0214210209
v 0.00555624999 -0.122840241 -0.0214210209
v -0.00555624999 -0.122808449 -0.0214264281
v 0.00555624999 -0.122808449 -0.0214264281
v -0.00555624999 -0.122776262 -0.0214283802
v 0.00555624999 -0.122776262 -0.0214283802
v -0.00555624999 -0.122744046 -0.0214268528
v 0.00555624999 -0.122744046 -0.0214268528
v -0.00555624999 -0.122712187 -0.0214218665
v 0.00555624999 -0.122712187 -0.0214218665
v -0.00555624999 -0.122681044 -0.0214134753
v 0.00555624999 -0.122681044 -0.0214134753
v -0.00555624999 -0.124749213 -0.0211347993
v -0.00555624999 -0.123620003 -0.0206973273
v -0.00555624999 -0.123717323 -0.0206696317
v -0.00555624999 -0.123437077 -0.020783212
v -0.00555624999 -0.123526223 -0.0207353346
v -0.00555624999 -0.123817064 -0.020652568
v -0.00555624999 -0.124563299 -0.02089631
v -0.00555624999 -0.124633737 -0.0209689569
v -0.00555624999 -0.124119133 -0.0206665285
v -0.00555624999 -0.124216877 -0.0206927173
v -0.00555624999 -0.123918064 -0.0206463356
v -0.00555624999 -0.124019146 -0.0206510071
v -0.00555624999 -0.123276763 -0.0209062453
v -0.00555624999 -0.123353601 -0.0208404027
v -0.00555624999 -0.123094551 -0.0211475771
v -0.00555624999 -0.123146482 -0.0210607275
v -0.00555624999 -0.124485455 -0.0208316632
v -0.00555624999 -0.124311231 -0.0207292717
v -0.00555624999 -0.124401107 -0.020775767
v -0.00555624999 -0.12320745 -0.0209799707
v -0.00555624999 -0.124695949 -0.0210487638
v -0.00555624999 -0.123679727 -0.0217158273
v -0.00555624999 -0.124855809 -0.0218187291
v -0.00555624999 -0.1248632 -0.0218501184
v -0.00555624999 -0.123052269 -0.0212395079
v -0.00555624999 -0.124972016 -0.0220061522
v -0.00555624999 -0.124998912 -0.0220239386
v -0.00555624999 -0.124851838 -0.0217867233
v -0.00555624999 -0.12486212 -0.0215204321
v -0.00555624999 -0.124863669 -0.0216216091
v -0.00555624999 -0.124826536 -0.0213215053
v -0.00555624999 -0.124849692 -0.0214200094
v -0.00555624999 -0.124792911 -0.0212260671
v -0.00555624999 -0.125027582 -0.0220387224
v -0.00555624999 -0.124924712 -0.0219624396
v -0.00555624999 -0.124947183 -0.0219855737
v -0.00555624999 -0.124887876 -0.0219096113
v -0.00555624999 -0.124904871 -0.0219370201
v -0.00555624999 -0.124873929 -0.0218805317
v -0.00555624999 -0.123002797 -0.021322215
v -0.00555624999 -0.123022236 -0.0212964825
v -0.00555624999 -0.122929588 -0.0213848893
v -0.00555624999 -0.122956201 -0.0213666782
v -0.00555624999 -0.122871272 -0.0214122199
v -0.00555624999 -0.122901164 -0.0214001294
v -0.00555624999 -0.122808449 -0.0214264281
v -0.00555624999 -0.122840241 -0.0214210209
v -0.00555624999 -0.122681044 -0.0214134753
v -0.00555624999 -0.122712187 -0.0214218665
v -0.00555624999 -0.122980699 -0.0213457048
v -0.00555624999 -0.122776262 -0.0214283802
v -0.00555624999 -0.122744046 -0.0214268528
v -0.00555624999 -0.124854319 -0.021722367
v -0.00555624999 -0.124851346 -0.0217544772
v -0.00555624999 -0.123038791 -0.0212688055
v -0.00555624999 -0.125057667 -0.0220503341
v -0.00555624999 -0.125088826 -0.0220586378
v -0.00555624999 -0.124854319 -0.021722367
v 0.00555624999 -0.124854319 -0.021722367
v 0.00555624999 -0.124851346 -0.0217544772
v -0.00555624999 -0.124851346 -0.0217544772
v 0.00555624999 -0.124851838 -0.0217867233
v -0.00555624999 -0.124851838 -0.0217867233
v 0.00555624999 -0.124855809 -0.0218187291
v -0.00555624999 -0.124855809 -0.0218187291
v 0.00555624999 -0.1248632 -0.0218501184
v -0.00555624999 -0.1248632 -0.0218501184
v 0.00555624999 -0.124873929 -0.0218805317
v -0.00555624999 -0.124873929 -0.0218805317
v 0.00555624999 -0.124887876 -0.0219096113
v -0.00555624999 -0.124887876 -0.0219096113
v 0.00555624999 -0.124904871 -0.0219370201
v -0.00555624999 -0.124904871 -0.0219370201
v 0.00555624999 -0.124924712 -0.0219624396
v -0.00555624999 -0.124924712 -0.0219624396
v 0.00555624999 -0.124947183 -0.0219855737
v -0.00555624999 -0.124947183 -0.0219855737
v 0.00555624999 -0.124972016 -0.0220061522
v -0.00555624999 -0.124972016 -0.0220061522
v 0.00555624999 -0.124998912 -0.0220239386
v -0.00555624999 -0.124998912 -0.0220239386
v 0.00555624999 -0.125027582 -0.0220387224
v -0.00555624999 -0.125027582 -0.0220387224
v 0.00555624999 -0.125057667 -0.0220503341
v -0.00555624999 -0.125057667 -0.0220503341
v 0.00555624999 -0.125088826 -0.0220586378
v -0.00555624999 -0.125088826 -0.0220586378
v 0.00555624999 -0.124863669 -0.0216216091
v 0.00555624999 -0.124854319 -0.021722367
v -0.00555624999 -0.124854319 -0.021722367
v 0.00555624999 -0.12486212 -0.0215204321
v -0.00555624999 -0.124863669 -0.0216216091
v 0.00555624999 -0.124849692 -0.0214200094
v -0.00555624999 -0.12486212 -0.0215204321
v 0.00555624999 -0.124826536 -0.0213215053
v -0.00555624999 -0.124849692 -0.0214200094
v 0.00555624999 -0.124792911 -0.0212260671
v -0.00555624999 -0.124826536 -0.0213215053
v 0.00555624999 -0.124749213 -0.0211347993
v -0.00555624999 -0.124792911 -0.0212260671
v 0.00555624999 -0.124695949 -0.0210487638
v -0.00555624999 -0.124749213 -0.0211347993
v 0.00555624999 -0.124633737 -0.0209689569
v -0.00555624999 -0.124695949 -0.0210487638
v 0.00555624999 -0.124563299 -0.02089631
v -0.00555624999 -0.124633737 -0.0209689569
v 0.00555624999 -0.124485455 -0.0208316632
v -0.00555624999 -0.124563299 -0.02089631
v 0.00555624999 -0.124401107 -0.020775767
v -0.00555624999 -0.124485455 -0.0208316632
v 0.00555624999 -0.124311231 -0.0207292717
v -0.00555624999 -0.124401107 -0.020775767
v 0.00555624999 -0.124216877 -0.0206927173
v -0.00555624999 -0.124311231 -0.0207292717
v 0.00555624999 -0.124119133 -0.0206665285
v -0.00555624999 -0.124216877 -0.0206927173
v 0.00555624999 -0.124019146 -0.0206510071
v -0.00555624999 -0.124119133 -0.0206665285
v 0.00555624999 -0.123918064 -0.0206463356
v -0.00555624999 -0.124019146 -0.0206510071
v 0.00555624999 -0.123817064 -0.020652568
v -0.00555624999 -0.123918064 -0.0206463356
v 0.00555624999 -0.123717323 -0.0206696317
v -0.00555624999 -0.123817064 -0.020652568
v 0.00555624999 -0.123620003 -0.0206973273
v -0.00555624999 -0.123717323 -0.0206696317
v 0.00555624999 -0.123526223 -0.0207353346
v -0.00555624999 -0.123620003 -0.0206973273
v 0.00555624999 -0.123437077 -0.020783212
v -0.00555624999 -0.123526223 -0.0207353346
v 0.00555624999 -0.123353601 -0.0208404027
v -0.00555624999 -0.123437077 -0.020783212
v 0.00555624999 -0.123276763 -0.0209062453
v -0.00555624999 -0.123353601 -0.0208404027
v 0.00555624999 -0.12320745 -0.0209799707
v -0.00555624999 -0.123276763 -0.0209062453
v 0.00555624999 -0.123146482 -0.0210607275
v -0.00555624999 -0.12320745 -0.0209799707
v 0.00555624999 -0.123094551 -0.0211475771
v -0.00555624999 -0.123146482 -0.0210607275
v 0.00555624999 -0.123052269 -0.0212395079
v -0.00555624999 -0.123094551 -0.0211475771
v -0.00555624999 -0.123052269 -0.0212395079
v 0.00555624999 -0.122033007 -0.0203065947
v 0.00555624999 -0.121991426 -0.0202143416
v 0.00555624999 -0.121940166 -0.020127099
v 0.00555624999 -0.122064412 -0.0204027835
v 0.00555624999 -0.121734738 -0.0199051965
v 0.00555624999 -0.121651702 -0.0198473688
v 0.00555624999 -0.121879809 -0.0200458784
v 0.00555624999 -0.122095399 -0.0206024796
v 0.00555624999 -0.121469438 -0.0197600871
v 0.00555624999 -0.121372327 -0.0197316483
v 0.00555624999 -0.12181107 -0.019971624
v 0.00555624999 -0.120777979 -0.0197867453
v 0.00555624999 -0.120687753 -0.0198325515
v 0.00555624999 -0.120970547 -0.0197254717
v 0.00555624999 -0.120872609 -0.0197509136
v 0.00555624999 -0.12127272 -0.0197138228
v 0.00555624999 -0.121171772 -0.0197068192
v 0.00555624999 -0.121562921 -0.0197988097
v 0.00555624999 -0.122085296 -0.0205017962
v 0.00555624999 -0.121070661 -0.0197107159
v 0.00555624999 -0.12060298 -0.0198878013
v 0.00555624999 -0.120524637 -0.0199518502
v 0.00555624999 -0.120453648 -0.0200239569
v 0.00555624999 -0.120390825 -0.0201032851
v 0.00555624999 -0.120336905 -0.0201889109
v 0.00555624999 -0.122082934 -0.0208041798
v 0.00555624999 -0.122094609 -0.0207036659
v 0.00555624999 -0.121367171 -0.0209366381
v 0.00555624999 -0.120225064 -0.020302454
v 0.00555624999 -0.120196298 -0.0203170367
v 0.00555624999 -0.122060515 -0.0209028535
v 0.00555624999 -0.120103002 -0.0203411952
v 0.00555624999 -0.120070778 -0.0203424077
v 0.00555624999 -0.12016613 -0.020328436
v 0.00555624999 -0.120134912 -0.0203365199
v 0.00555624999 -0.120252088 -0.0202848576
v 0.00555624999 -0.120299697 -0.0202414785
v 0.00555624999 -0.120277062 -0.0202644542
v 0.00555624999 -0.120319717 -0.0202161986
v 0.00555624999 -0.122059315 -0.0210622251
v 0.00555624999 -0.122052647 -0.0210306719
v 0.00555624999 -0.120038606 -0.0203401409
v 0.00555624999 -0.120006867 -0.0203344226
v 0.00555624999 -0.12205337 -0.0209343024
v 0.00555624999 -0.122049414 -0.020998586
v 0.00555624999 -0.122049659 -0.0209663361
v 0.00555624999 -0.122069344 -0.0210928768
v 0.00555624999 -0.122098975 -0.02115006
v 0.00555624999 -0.122082613 -0.0211222693
v 0.00555624999 -0.122140162 -0.0211995728
v 0.00555624999 -0.122118227 -0.0211759303
v 0.00555624999 -0.122190997 -0.0212391168
v 0.00555624999 -0.12216451 -0.0212207176
v 0.00555624999 -0.122249119 -0.0212668572
v 0.00555624999 -0.122219309 -0.0212545581
v 0.00555624999 -0.119975932 -0.020325318
v 0.00555624999 -0.119946152 -0.020312937
v -0.00555624999 -0.119537063 -0.0201111957
v 0.00555624999 -0.119537063 -0.0201111957
v 0.00555624999 -0.119946152 -0.020312937
v -0.00555624999 -0.119946152 -0.020312937
v 0.00555624999 -0.120336905 -0.0201889109
v -0.00555624999 -0.120336905 -0.0201889109
v -0.00555624999 -0.120319717 -0.0202161986
v 0.00555624999 -0.120319717 -0.0202161986
v -0.00555624999 -0.120299697 -0.0202414785
v 0.00555624999 -0.120299697 -0.0202414785
v -0.00555624999 -0.120277062 -0.0202644542
v 0.00555624999 -0.120277062 -0.0202644542
v -0.00555624999 -0.120252088 -0.0202848576
v 0.00555624999 -0.120252088 -0.0202848576
v -0.00555624999 -0.120225064 -0.020302454
v 0.00555624999 -0.120225064 -0.020302454
v -0.00555624999 -0.120196298 -0.0203170367
v 0.00555624999 -0.120196298 -0.0203170367
v -0.00555624999 -0.12016613 -0.020328436
v 0.00555624999 -0.12016613 -0.020328436
v -0.00555624999 -0.120134912 -0.0203365199
v 0.00555624999 -0.120134912 -0.0203365199
v -0.00555624999 -0.120103002 -0.0203411952
v 0.00555624999 -0.120103002 -0.0203411952
v -0.00555624999 -0.120070778 -0.0203424077
v 0.00555624999 -0.120070778 -0.0203424077
v -0.00555624999 -0.120038606 -0.0203401409
v 0.00555624999 -0.120038606 -0.0203401409
v -0.00555624999 -0.120006867 -0.0203344226
v 0.00555624999 -0.120006867 -0.0203344226
v -0.00555624999 -0.119975932 -0.020325318
v 0.00555624999 -0.119975932 -0.020325318
v -0.00555624999 -0.119946152 -0.020312937
v 0.00555624999 -0.119946152 -0.020312937
v -0.00555624999 -0.122033007 -0.0203065947
v -0.00555624999 -0.121879809 -0.0200458784
v -0.00555624999 -0.121940166 -0.020127099
v -0.00555624999 -0.121991426 -0.0202143416
v -0.00555624999 -0.122064412 -0.0204027835
v -0.00555624999 -0.121562921 -0.0197988097
v -0.00555624999 -0.121651702 -0.0198473688
v -0.00555624999 -0.12181107 -0.019971624
v -0.00555624999 -0.121734738 -0.0199051965
v -0.00555624999 -0.122095399 -0.0206024796
v -0.00555624999 -0.12127272 -0.0197138228
v -0.00555624999 -0.121372327 -0.0197316483
v -0.00555624999 -0.122085296 -0.0205017962
v -0.00555624999 -0.121469438 -0.0197600871
v -0.00555624999 -0.121070661 -0.0197107159
v -0.00555624999 -0.121171772 -0.0197068192
v -0.00555624999 -0.120777979 -0.0197867453
v -0.00555624999 -0.120872609 -0.0197509136
v -0.00555624999 -0.12060298 -0.0198878013
v -0.00555624999 -0.120687753 -0.0198325515
v -0.00555624999 -0.120970547 -0.0197254717
v -0.00555624999 -0.120453648 -0.0200239569
v -0.00555624999 -0.120524637 -0.0199518502
v -0.00555624999 -0.120336905 -0.0201889109
v -0.00555624999 -0.120390825 -0.0201032851
v -0.00555624999 -0.122094609 -0.0207036659
v -0.00555624999 -0.122082934 -0.0208041798
v -0.00555624999 -0.121367171 -0.0209366381
v -0.00555624999 -0.122049414 -0.020998586
v -0.00555624999 -0.122052647 -0.0210306719
v -0.00555624999 -0.122060515 -0.0209028535
v -0.00555624999 -0.12205337 -0.0209343024
v -0.00555624999 -0.120319717 -0.0202161986
v -0.00555624999 -0.12216451 -0.0212207176
v -0.00555624999 -0.122190997 -0.0212391168
v -0.00555624999 -0.122069344 -0.0210928768
v -0.00555624999 -0.122082613 -0.0211222693
v -0.00555624999 -0.122059315 -0.0210622251
v -0.00555624999 -0.122049659 -0.0209663361
v -0.00555624999 -0.12016613 -0.020328436
v -0.00555624999 -0.120196298 -0.0203170367
v -0.00555624999 -0.122140162 -0.0211995728
v -0.00555624999 -0.122098975 -0.02115006
v -0.00555624999 -0.122118227 -0.0211759303
v -0.00555624999 -0.120252088 -0.0202848576
v -0.00555624999 -0.120277062 -0.0202644542
v -0.00555624999 -0.120225064 -0.020302454
v -0.00555624999 -0.120103002 -0.0203411952
v -0.00555624999 -0.120134912 -0.0203365199
v -0.00555624999 -0.120038606 -0.0203401409
v -0.00555624999 -0.120070778 -0.0203424077
v -0.00555624999 -0.119975932 -0.020325318
v -0.00555624999 -0.120006867 -0.0203344226
v -0.00555624999 -0.119946152 -0.020312937
v -0.00555624999 -0.120299697 -0.0202414785
v -0.00555624999 -0.122219309 -0.0212545581
v -0.00555624999 -0.122249119 -0.0212668572
v -0.00555624999 -0.122060515 -0.0209028535
v 0.00555624999 -0.122060515 -0.0209028535
v 0.00555624999 -0.12205337 -0.0209343024
v -0.00555624999 -0.12205337 -0.0209343024
v 0.00555624999 -0.122049659 -0.0209663361
v -0.00555624999 -0.122049659 -0.0209663361
v 0.00555624999 -0.122049414 -0.020998586
v -0.00555624999 -0.122049414 -0.020998586
v 0.00555624999 -0.122052647 -0.0210306719
v -0.00555624999 -0.122052647 -0.0210306719
v 0.00555624999 -0.122059315 -0.0210622251
v -0.00555624999 -0.122059315 -0.0210622251
v 0.00555624999 -0.122069344 -0.0210928768
v -0.00555624999 -0.122069344 -0.0210928768
v 0.00555624999 -0.122082613 -0.0211222693
v -0.00555624999 -0.122082613 -0.0211222693
v 0.00555624999 -0.122098975 -0.02115006
v -0.00555624999 -0.122098975 -0.02115006
v 0.00555624999 -0.122118227 -0.0211759303
v -0.00555624999 -0.122118227 -0.0211759303
v 0.00555624999 -0.122140162 -0.0211995728
v -0.00555624999 -0.122140162 -0.0211995728
v 0.00555624999 -0.12216451 -0.0212207176
v -0.00555624999 -0.12216451 -0.0212207176
v 0.00555624999 -0.122190997 -0.0212391168
v -0.00555624999 -0.122190997 -0.0212391168
v 0.00555624999 -0.122219309 -0.0212545581
v -0.00555624999 -0.122219309 -0.0212545581
v 0.00555624999 -0.122249119 -0.0212668572
v -0.00555624999 -0.122249119 -0.0212668572
v 0.00555624999 -0.122082934 -0.0208041798
v 0.00555624999 -0.122060515 -0.0209028535
v -0.00555624999 -0.122060515 -0.0209028535
v 0.00555624999 -0.122094609 -0.0207036659
v -0.00555624999 -0.122082934 -0.0208041798
v 0.00555624999 -0.122095399 -0.0206024796
v -0.00555624999 -0.122094609 -0.0207036659
v 0.00555624999 -0.122085296 -0.0205017962
v -0.00555624999 -0.122095399 -0.0206024796
v 0.00555624999 -0.122064412 -0.0204027835
v -0.00555624999 -0.122085296 -0.0205017962
v 0.00555624999 -0.122033007 -0.0203065947
v -0.00555624999 -0.122064412 -0.0204027835
v 0.00555624999 -0.121991426 -0.0202143416
v -0.00555624999 -0.122033007 -0.0203065947
v 0.00555624999 -0.121940166 -0.020127099
v -0.00555624999 -0.121991426 -0.0202143416
v 0.00555624999 -0.121879809 -0.0200458784
v -0.00555624999 -0.121940166 -0.020127099
v 0.00555624999 -0.12181107 -0.019971624
v -0.00555624999 -0.121879809 -0.0200458784
v 0.00555624999 -0.121734738 -0.0199051965
v -0.00555624999 -0.12181107 -0.019971624
v 0.00555624999 -0.121651702 -0.0198473688
v -0.00555624999 -0.121734738 -0.0199051965
v 0.00555624999 -0.121562921 -0.0197988097
v -0.00555624999 -0.121651702 -0.0198473688
v 0.00555624999 -0.121469438 -0.0197600871
v -0.00555624999 -0.121562921 -0.0197988097
v 0.00555624999 -0.121372327 -0.0197316483
v -0.00555624999 -0.121469438 -0.0197600871
v 0.00555624999 -0.12127272 -0.0197138228
v -0.00555624999 -0.121372327 -0.0197316483
v 0.00555624999 -0.121171772 -0.0197068192
v -0.00555624999 -0.12127272 -0.0197138228
v 0.00555624999 -0.121070661 -0.0197107159
v -0.00555624999 -0.121171772 -0.0197068192
v 0.00555624999 -0.120970547 -0.0197254717
v -0.00555624999 -0.121070661 -0.0197107159
v 0.00555624999 -0.120872609 -0.0197509136
v -0.00555624999 -0.120970547 -0.0197254717
v 0.00555624999 -0.120777979 -0.0197867453
v -0.00555624999 -0.120872609 -0.0197509136
v 0.00555624999 -0.120687753 -0.0198325515
v -0.00555624999 -0.120777979 -0.0197867453
v 0.00555624999 -0.12060298 -0.0198878013
v -0.00555624999 -0.120687753 -0.0198325515
v 0.00555624999 -0.120524637 -0.0199518502
v -0.00555624999 -0.12060298 -0.0198878013
v 0.00555624999 -0.120453648 -0.0200239569
v -0.00555624999 -0.120524637 -0.0199518502
v 0.00555624999 -0.120390825 -0.0201032851
v -0.00555624999 -0.120453648 -0.0200239569
v 0.00555624999 -0.120336905 -0.0201889109
v -0.00555624999 -0.120390825 -0.0201032851
v -0.00555624999 -0.120336905 -0.0201889109
v 0.00555624999 -0.118672557 -0.0184238795
v 0.00555624999 -0.119204804 -0.0186940413
v 0.00555624999 -0.11913003 -0.0186258703
v 0.00555624999 -0.119379513 -0.0189408604
v 0.00555624999 -0.118271701 -0.0184517223
v 0.00555624999 -0.118176267 -0.0184853598
v 0.00555624999 -0.118571796 -0.0184145458
v 0.00555624999 -0.118960716 -0.0185155459
v 0.00555624999 -0.11886815 -0.0184746739
v 0.00555624999 -0.118771724 -0.0184439998
v 0.00555624999 -0.11904835 -0.0185661409
v 0.00555624999 -0.11933028 -0.0188524574
v 0.00555624999 -0.118085004 -0.0185290705
v 0.00555624999 -0.118470617 -0.0184161086
v 0.00555624999 -0.119271815 -0.018769864
v 0.00555624999 -0.117919177 -0.0186445713
v 0.00555624999 -0.117846541 -0.0187150203
v 0.00555624999 -0.117998973 -0.0185823478
v 0.00555624999 -0.118370198 -0.0184285492
v 0.00555624999 -0.119152427 -0.0199119858
v 0.00555624999 -0.119537063 -0.0201111957
v 0.00555624999 -0.119509108 -0.0200951081
v 0.00555624999 -0.117781907 -0.0187928751
v 0.00555624999 -0.119466715 -0.0192304049
v 0.00555624999 -0.119448133 -0.0191309378
v 0.00555624999 -0.119471371 -0.0194324348
v 0.00555624999 -0.119474493 -0.019331295
v 0.00555624999 -0.119459197 -0.0200544074
v 0.00555624999 -0.119437814 -0.0200302638
v 0.00555624999 -0.119483054 -0.0200761054
v 0.00555624999 -0.11938639 -0.0197559334
v 0.00555624999 -0.117562369 -0.0189128574
v 0.00555624999 -0.117530122 -0.0189133268
v 0.00555624999 -0.119418949 -0.0190340467
v 0.00555624999 -0.119457379 -0.0195326526
v 0.00555624999 -0.119397581 -0.0197256859
v 0.00555624999 -0.119432688 -0.0196307823
v 0.00555624999 -0.117498018 -0.0189103223
v 0.00555624999 -0.11746642 -0.0189038757
v 0.00555624999 -0.117594376 -0.018908916
v 0.00555624999 -0.117712714 -0.018859962
v 0.00555624999 -0.117685288 -0.0188769307
v 0.00555624999 -0.119374081 -0.0198191497
v 0.00555624999 -0.117406212 -0.0188810006
v 0.00555624999 -0.119403437 -0.0199757982
v 0.00555624999 -0.119390845 -0.0199461095
v 0.00555624999 -0.119419158 -0.0200039595
v 0.00555624999 -0.117656201 -0.0188908484
v 0.00555624999 -0.11762578 -0.018901553
v 0.00555624999 -0.11773815 -0.018840136
v 0.00555624999 -0.119375587 -0.0198835377
v 0.00555624999 -0.119373091 -0.0198513847
v 0.00555624999 -0.117761306 -0.0188176874
v 0.00555624999 -0.119381525 -0.0199152362
v 0.00555624999 -0.119378529 -0.0197872091
v 0.00555624999 -0.117435694 -0.0188940633
v 0.00555624999 -0.117378302 -0.0188648365
v -0.00555624999 -0.117378302 -0.0188648365
v -0.00555624999 -0.117061444 -0.0186538845
v 0.00555624999 -0.117061444 -0.0186538845
v 0.00555624999 -0.116999045 -0.0186114237
v -0.00555624999 -0.116999045 -0.0186114237
v 0.00555624999 -0.117378302 -0.0188648365
v 0.00555624999 -0.117781907 -0.0187928751
v -0.00555624999 -0.117781907 -0.0187928751
v -0.00555624999 -0.117761306 -0.0188176874
v 0.00555624999 -0.117761306 -0.0188176874
v -0.00555624999 -0.11773815 -0.018840136
v 0.00555624999 -0.11773815 -0.018840136
v -0.00555624999 -0.117712714 -0.018859962
v 0.00555624999 -0.117712714 -0.018859962
v -0.00555624999 -0.117685288 -0.0188769307
v 0.00555624999 -0.117685288 -0.0188769307
v -0.00555624999 -0.117656201 -0.0188908484
v 0.00555624999 -0.117656201 -0.0188908484
v -0.00555624999 -0.11762578 -0.018901553
v 0.00555624999 -0.11762578 -0.018901553
v -0.00555624999 -0.117594376 -0.018908916
v 0.00555624999 -0.117594376 -0.018908916
v -0.00555624999 -0.117562369 -0.0189128574
v 0.00555624999 -0.117562369 -0.0189128574
v -0.00555624999 -0.117530122 -0.0189133268
v 0.00555624999 -0.117530122 -0.0189133268
v -0.00555624999 -0.117498018 -0.0189103223
v 0.00555624999 -0.117498018 -0.0189103223
v -0.00555624999 -0.11746642 -0.0189038757
v 0.00555624999 -0.11746642 -0.0189038757
v -0.00555624999 -0.117435694 -0.0188940633
v 0.00555624999 -0.117435694 -0.0188940633
v -0.00555624999 -0.117406212 -0.0188810006
v 0.00555624999 -0.117406212 -0.0188810006
v -0.00555624999 -0.117378302 -0.0188648365
v 0.00555624999 -0.117378302 -0.0188648365
v -0.00555624999 -0.118672557 -0.0184238795
v -0.00555624999 -0.11904835 -0.0185661409
v -0.00555624999 -0.11913003 -0.0186258703
v -0.00555624999 -0.119271815 -0.018769864
v -0.00555624999 -0.11933028 -0.0188524574
v -0.00555624999 -0.118960716 -0.0185155459
v -0.00555624999 -0.118771724 -0.0184439998
v -0.00555624999 -0.119379513 -0.0189408604
v -0.00555624999 -0.118470617 -0.0184161086
v -0.00555624999 -0.118571796 -0.0184145458
v -0.00555624999 -0.118085004 -0.0185290705
v -0.00555624999 -0.118176267 -0.0184853598
v -0.00555624999 -0.119204804 -0.0186940413
v -0.00555624999 -0.11886815 -0.0184746739
v -0.00555624999 -0.118370198 -0.0184285492
v -0.00555624999 -0.117998973 -0.0185823478
v -0.00555624999 -0.118271701 -0.0184517223
v -0.00555624999 -0.117919177 -0.0186445713
v -0.00555624999 -0.117781907 -0.0187928751
v -0.00555624999 -0.117846541 -0.0187150203
v -0.00555624999 -0.119152427 -0.0199119858
v -0.00555624999 -0.119459197 -0.0200544074
v -0.00555624999 -0.119483054 -0.0200761054
v -0.00555624999 -0.119419158 -0.0200039595
v -0.00555624999 -0.119437814 -0.0200302638
v -0.00555624999 -0.119466715 -0.0192304049
v -0.00555624999 -0.119474493 -0.019331295
v -0.00555624999 -0.119418949 -0.0190340467
v -0.00555624999 -0.119448133 -0.0191309378
v -0.00555624999 -0.117378302 -0.0188648365
v -0.00555624999 -0.117406212 -0.0188810006
v -0.00555624999 -0.119457379 -0.0195326526
v -0.00555624999 -0.119432688 -0.0196307823
v -0.00555624999 -0.119471371 -0.0194324348
v -0.00555624999 -0.11938639 -0.0197559334
v -0.00555624999 -0.117435694 -0.0188940633
v -0.00555624999 -0.11746642 -0.0189038757
v -0.00555624999 -0.119403437 -0.0199757982
v -0.00555624999 -0.119381525 -0.0199152362
v -0.00555624999 -0.119390845 -0.0199461095
v -0.00555624999 -0.119373091 -0.0198513847
v -0.00555624999 -0.117656201 -0.0188908484
v -0.00555624999 -0.117685288 -0.0188769307
v -0.00555624999 -0.117530122 -0.0189133268
v -0.00555624999 -0.117562369 -0.0189128574
v -0.00555624999 -0.117498018 -0.0189103223
v -0.00555624999 -0.119374081 -0.0198191497
v -0.00555624999 -0.117712714 -0.018859962
v -0.00555624999 -0.117594376 -0.018908916
v -0.00555624999 -0.11762578 -0.018901553
v -0.00555624999 -0.119375587 -0.0198835377
v -0.00555624999 -0.119378529 -0.0197872091
v -0.00555624999 -0.119397581 -0.0197256859
v -0.00555624999 -0.11773815 -0.018840136
v -0.00555624999 -0.117761306 -0.0188176874
v -0.00555624999 -0.119509108 -0.0200951081
v -0.00555624999 -0.119537063 -0.0201111957
v -0.00555624999 -0.119397581 -0.0197256859
v 0.00555624999 -0.119397581 -0.0197256859
v 0.00555624999 -0.11938639 -0.0197559334
v -0.00555624999 -0.11938639 -0.0197559334
v 0.00555624999 -0.119378529 -0.0197872091
v -0.00555624999 -0.119378529 -0.0197872091
v 0.00555624999 -0.119374081 -0.0198191497
v -0.00555624999 -0.119374081 -0.0198191497
v 0.00555624999 -0.119373091 -0.0198513847
v -0.00555624999 -0.119373091 -0.0198513847
v 0.00555624999 -0.119375587 -0.0198835377
v -0.00555624999 -0.119375587 -0.0198835377
v 0.00555624999 -0.119381525 -0.0199152362
v -0.00555624999 -0.119381525 -0.0199152362
v 0.00555624999 -0.119390845 -0.0199461095
v -0.00555624999 -0.119390845 -0.0199461095
v 0.00555624999 -0.119403437 -0.0199757982
v -0.00555624999 -0.119403437 -0.0199757982
v 0.00555624999 -0.119419158 -0.0200039595
v -0.00555624999 -0.119419158 -0.0200039595
v 0.00555624999 -0.119437814 -0.0200302638
v -0.00555624999 -0.119437814 -0.0200302638
v 0.00555624999 -0.119459197 -0.0200544074
v -0.00555624999 -0.119459197 -0.0200544074
v 0.00555624999 -0.119483054 -0.0200761054
v -0.00555624999 -0.119483054 -0.0200761054
v 0.00555624999 -0.119509108 -0.0200951081
v -0.00555624999 -0.119509108 -0.0200951081
v 0.00555624999 -0.119537063 -0.0201111957
v -0.00555624999 -0.119537063 -0.0201111957
v 0.00555624999 -0.119432688 -0.0196307823
v 0.00555624999 -0.119397581 -0.0197256859
v -0.00555624999 -0.119397581 -0.0197256859
v 0.00555624999 -0.119457379 -0.0195326526
v -0.00555624999 -0.119432688 -0.0196307823
v 0.00555624999 -0.119471371 -0.0194324348
v -0.00555624999 -0.119457379 -0.0195326526
v 0.00555624999 -0.119474493 -0.019331295
v -0.00555624999 -0.119471371 -0.0194324348
v 0.00555624999 -0.119466715 -0.0192304049
v -0.00555624999 -0.119474493 -0.019331295
v 0.00555624999 -0.119448133 -0.0191309378
v -0.00555624999 -0.119466715 -0.0192304049
v 0.00555624999 -0.119418949 -0.0190340467
v -0.00555624999 -0.119448133 -0.0191309378
v 0.00555624999 -0.119379513 -0.0189408604
v -0.00555624999 -0.119418949 -0.0190340467
v 0.00555624999 -0.11933028 -0.0188524574
v -0.00555624999 -0.119379513 -0.0189408604
v 0.00555624999 -0.119271815 -0.018769864
v -0.00555624999 -0.11933028 -0.0188524574
v 0.00555624999 -0.119204804 -0.0186940413
v -0.00555624999 -0.119271815 -0.018769864
v 0.00555624999 -0.11913003 -0.0186258703
v -0.00555624999 -0.119204804 -0.0186940413
v 0.00555624999 -0.11904835 -0.0185661409
v -0.00555624999 -0.11913003 -0.0186258703
v 0.00555624999 -0.118960716 -0.0185155459
v -0.00555624999 -0.11904835 -0.0185661409
v 0.00555624999 -0.11886815 -0.0184746739
v -0.00555624999 -0.118960716 -0.0185155459
v 0.00555624999 -0.118771724 -0.0184439998
v -0.00555624999 -0.11886815 -0.0184746739
v 0.00555624999 -0.118672557 -0.0184238795
v -0.00555624999 -0.118771724 -0.0184439998
v 0.00555624999 -0.118571796 -0.0184145458
v -0.00555624999 -0.118672557 -0.0184238795
v 0.00555624999 -0.118470617 -0.0184161086
v -0.00555624999 -0.118571796 -0.0184145458
v 0.00555624999 -0.118370198 -0.0184285492
v -0.00555624999 -0.118470617 -0.0184161086
v 0.00555624999 -0.118271701 -0.0184517223
v -0.00555624999 -0.118370198 -0.0184285492
v 0.00555624999 -0.118176267 -0.0184853598
v -0.00555624999 -0.118271701 -0.0184517223
v 0.00555624999 -0.118085004 -0.0185290705
v -0.00555624999 -0.118176267 -0.0184853598
v 0.00555624999 -0.117998973 -0.0185823478
v -0.00555624999 -0.118085004 -0.0185290705
v 0.00555624999 -0.117919177 -0.0186445713
v -0.00555624999 -0.117998973 -0.0185823478
v 0.00555624999 -0.117846541 -0.0187150203
v -0.00555624999 -0.117919177 -0.0186445713
v 0.00555624999 -0.117781907 -0.0187928751
v -0.00555624999 -0.117846541 -0.0187150203
v -0.00555624999 -0.117781907 -0.0187928751
v 0.00555624999 -0.116716184 -0.017015798
v 0.00555624999 -0.115862101 -0.016821878
v 0.00555624999 -0.115765922 -0.0168533027
v 0.00555624999 -0.115961112 -0.0168009866
v 0.00555624999 -0.116061792 -0.0167908669
v 0.00555624999 -0.116263494 -0.0168032981
v 0.00555624999 -0.116162978 -0.0167916417
v 0.00555624999 -0.116457865 -0.0168585945
v 0.00555624999 -0.116635911 -0.0169541985
v 0.00555624999 -0.115586437 -0.0169461723
v 0.00555624999 -0.115505226 -0.0170065369
v 0.00555624999 -0.115673669 -0.0168948956
v 0.00555624999 -0.116362177 -0.0168257039
v 0.00555624999 -0.11654947 -0.0169015937
v 0.00555624999 -0.115430981 -0.017075289
v 0.00555624999 -0.116854608 -0.0171630271
v 0.00555624999 -0.116789371 -0.0170856789
v 0.00555624999 -0.116911151 -0.0172469467
v 0.00555624999 -0.116958328 -0.0173364636
v 0.00555624999 -0.117022544 -0.0175280757
v 0.00555624999 -0.116995603 -0.0174305364
v 0.00555624999 -0.11704427 -0.0177289881
v 0.00555624999 -0.117038824 -0.0176279452
v 0.00555624999 -0.116995558 -0.0180274304
v 0.00555624999 -0.117022514 -0.0179298967
v 0.00555624999 -0.117038809 -0.0178300291
v 0.00555624999 -0.116911076 -0.018211009
v 0.00555624999 -0.116958275 -0.0181214996
v 0.00555624999 -0.115407318 -0.0170972012
v 0.00555624999 -0.116896041 -0.0182395354
v 0.00555624999 -0.116884157 -0.0182695184
v 0.00555624999 -0.116875574 -0.0183006041
v 0.00555624999 -0.115197666 -0.0171655901
v 0.00555624999 -0.115165636 -0.0171618462
v 0.00555624999 -0.115229912 -0.0171658602
v 0.00555624999 -0.115381435 -0.0171164349
v 0.00555624999 -0.115353629 -0.0171327703
v 0.00555624999 -0.115118749 -0.0171770845
v 0.00555624999 -0.115324222 -0.0171460155
v 0.00555624999 -0.115293562 -0.0171560161
v 0.00555624999 -0.115262002 -0.0171626583
v 0.00555624999 -0.115134194 -0.017154675
v 0.00555624999 -0.115103707 -0.0171441603
v 0.00555624999 -0.116868667 -0.0183646381
v 0.00555624999 -0.116870396 -0.0183324348
v 0.00555624999 -0.116973437 -0.0185918268
v 0.00555624999 -0.11695008 -0.0185695849
v 0.00555624999 -0.11507453 -0.0171304233
v 0.00555624999 -0.115047 -0.0171136223
v 0.00555624999 -0.116896145 -0.0184897166
v 0.00555624999 -0.116884239 -0.0184597448
v 0.00555624999 -0.116999045 -0.0186114237
v 0.00555624999 -0.116875634 -0.0184286665
v 0.00555624999 -0.116870426 -0.0183968395
v 0.00555624999 -0.11691121 -0.0185182318
v 0.00555624999 -0.116929263 -0.0185449589
v 0.00555624999 -0.115021445 -0.0170939546
v -0.00555624999 -0.114678502 -0.0167932063
v 0.00555624999 -0.114678502 -0.0167932063
v 0.00555624999 -0.115021445 -0.0170939546
v -0.00555624999 -0.115021445 -0.0170939546
v 0.00555624999 -0.115430981 -0.017075289
v -0.00555624999 -0.115430981 -0.017075289
v -0.00555624999 -0.115407318 -0.0170972012
v 0.00555624999 -0.115407318 -0.0170972012
v -0.00555624999 -0.115381435 -0.0171164349
v 0.00555624999 -0.115381435 -0.0171164349
v -0.00555624999 -0.115353629 -0.0171327703
v 0.00555624999 -0.115353629 -0.0171327703
v -0.00555624999 -0.115324222 -0.0171460155
v 0.00555624999 -0.115324222 -0.0171460155
v -0.00555624999 -0.115293562 -0.0171560161
v 0.00555624999 -0.115293562 -0.0171560161
v -0.00555624999 -0.115262002 -0.0171626583
v 0.00555624999 -0.115262002 -0.0171626583
v -0.00555624999 -0.115229912 -0.0171658602
v 0.00555624999 -0.115229912 -0.0171658602
v -0.00555624999 -0.115197666 -0.0171655901
v 0.00555624999 -0.115197666 -0.0171655901
v -0.00555624999 -0.115165636 -0.0171618462
v 0.00555624999 -0.115165636 -0.0171618462
v -0.00555624999 -0.115134194 -0.017154675
v 0.00555624999 -0.115134194 -0.017154675
v -0.00555624999 -0.115103707 -0.0171441603
v 0.00555624999 -0.115103707 -0.0171441603
v -0.00555624999 -0.11507453 -0.0171304233
v 0.00555624999 -0.11507453 -0.0171304233
v -0.00555624999 -0.115047 -0.0171136223
v 0.00555624999 -0.115047 -0.0171136223
v -0.00555624999 -0.115021445 -0.0170939546
v 0.00555624999 -0.115021445 -0.0170939546
v -0.00555624999 -0.116716184 -0.017015798
v -0.00555624999 -0.115673669 -0.0168948956
v -0.00555624999 -0.115765922 -0.0168533027
v -0.00555624999 -0.115862101 -0.016821878
v -0.00555624999 -0.116457865 -0.0168585945
v -0.00555624999 -0.11654947 -0.0169015937
v -0.00555624999 -0.116635911 -0.0169541985
v -0.00555624999 -0.116061792 -0.0167908669
v -0.00555624999 -0.116162978 -0.0167916417
v -0.00555624999 -0.115961112 -0.0168009866
v -0.00555624999 -0.115430981 -0.017075289
v -0.00555624999 -0.116789371 -0.0170856789
v -0.00555624999 -0.116362177 -0.0168257039
v -0.00555624999 -0.116263494 -0.0168032981
v -0.00555624999 -0.115586437 -0.0169461723
v -0.00555624999 -0.115505226 -0.0170065369
v -0.00555624999 -0.116854608 -0.0171630271
v -0.00555624999 -0.117038809 -0.0178300291
v -0.00555624999 -0.117022514 -0.0179298967
v -0.00555624999 -0.117022544 -0.0175280757
v -0.00555624999 -0.117038824 -0.0176279452
v -0.00555624999 -0.116958328 -0.0173364636
v -0.00555624999 -0.116995603 -0.0174305364
v -0.00555624999 -0.116911151 -0.0172469467
v -0.00555624999 -0.116995558 -0.0180274304
v -0.00555624999 -0.116958275 -0.0181214996
v -0.00555624999 -0.11704427 -0.0177289881
v -0.00555624999 -0.116911076 -0.018211009
v -0.00555624999 -0.115407318 -0.0170972012
v -0.00555624999 -0.116896041 -0.0182395354
v -0.00555624999 -0.116884157 -0.0182695184
v -0.00555624999 -0.115381435 -0.0171164349
v -0.00555624999 -0.116875574 -0.0183006041
v -0.00555624999 -0.115118749 -0.0171770845
v -0.00555624999 -0.115165636 -0.0171618462
v -0.00555624999 -0.115324222 -0.0171460155
v -0.00555624999 -0.115353629 -0.0171327703
v -0.00555624999 -0.115197666 -0.0171655901
v -0.00555624999 -0.115262002 -0.0171626583
v -0.00555624999 -0.115293562 -0.0171560161
v -0.00555624999 -0.115134194 -0.017154675
v -0.00555624999 -0.115229912 -0.0171658602
v -0.00555624999 -0.11507453 -0.0171304233
v -0.00555624999 -0.115103707 -0.0171441603
v -0.00555624999 -0.116870396 -0.0183324348
v -0.00555624999 -0.11695008 -0.0185695849
v -0.00555624999 -0.116973437 -0.0185918268
v -0.00555624999 -0.116896145 -0.0184897166
v -0.00555624999 -0.11691121 -0.0185182318
v -0.00555624999 -0.116875634 -0.0184286665
v -0.00555624999 -0.116884239 -0.0184597448
v -0.00555624999 -0.115021445 -0.0170939546
v -0.00555624999 -0.115047 -0.0171136223
v -0.00555624999 -0.116929263 -0.0185449589
v -0.00555624999 -0.116868667 -0.0183646381
v -0.00555624999 -0.116870426 -0.0183968395
v -0.00555624999 -0.116999045 -0.0186114237
v -0.00555624999 -0.116911076 -0.018211009
v 0.00555624999 -0.116911076 -0.018211009
v 0.00555624999 -0.116896041 -0.0182395354
v -0.00555624999 -0.116896041 -0.0182395354
v 0.00555624999 -0.116884157 -0.0182695184
v -0.00555624999 -0.116884157 -0.0182695184
v 0.00555624999 -0.116875574 -0.0183006041
v -0.00555624999 -0.116875574 -0.0183006041
v 0.00555624999 -0.116870396 -0.0183324348
v -0.00555624999 -0.116870396 -0.0183324348
v 0.00555624999 -0.116868667 -0.0183646381
v -0.00555624999 -0.116868667 -0.0183646381
v 0.00555624999 -0.116870426 -0.0183968395
v -0.00555624999 -0.116870426 -0.0183968395
v 0.00555624999 -0.116875634 -0.0184286665
v -0.00555624999 -0.116875634 -0.0184286665
v 0.00555624999 -0.116884239 -0.0184597448
v -0.00555624999 -0.116884239 -0.0184597448
v 0.00555624999 -0.116896145 -0.0184897166
v -0.00555624999 -0.116896145 -0.0184897166
v 0.00555624999 -0.11691121 -0.0185182318
v -0.00555624999 -0.11691121 -0.0185182318
v 0.00555624999 -0.116929263 -0.0185449589
v -0.00555624999 -0.116929263 -0.0185449589
v 0.00555624999 -0.11695008 -0.0185695849
v -0.00555624999 -0.11695008 -0.0185695849
v 0.00555624999 -0.116973437 -0.0185918268
v -0.00555624999 -0.116973437 -0.0185918268
v 0.00555624999 -0.116999045 -0.0186114237
v -0.00555624999 -0.116999045 -0.0186114237
v 0.00555624999 -0.116958275 -0.0181214996
v 0.00555624999 -0.116911076 -0.018211009
v -0.00555624999 -0.116911076 -0.018211009
v 0.00555624999 -0.116995558 -0.0180274304
v -0.00555624999 -0.116958275 -0.0181214996
v 0.00555624999 -0.117022514 -0.0179298967
v -0.00555624999 -0.116995558 -0.0180274304
v 0.00555624999 -0.117038809 -0.0178300291
v -0.00555624999 -0.117022514 -0.0179298967
v 0.00555624999 -0.11704427 -0.0177289881
v -0.00555624999 -0.117038809 -0.0178300291
v 0.00555624999 -0.117038824 -0.0176279452
v -0.00555624999 -0.11704427 -0.0177289881
v 0.00555624999 -0.117022544 -0.0175280757
v -0.00555624999 -0.117038824 -0.0176279452
v 0.00555624999 -0.116995603 -0.0174305364
v -0.00555624999 -0.117022544 -0.0175280757
v 0.00555624999 -0.116958328 -0.0173364636
v -0.00555624999 -0.116995603 -0.0174305364
v 0.00555624999 -0.116911151 -0.0172469467
v -0.00555624999 -0.116958328 -0.0173364636
v 0.00555624999 -0.116854608 -0.0171630271
v -0.00555624999 -0.116911151 -0.0172469467
v 0.00555624999 -0.116789371 -0.0170856789
v -0.00555624999 -0.116854608 -0.0171630271
v 0.00555624999 -0.116716184 -0.017015798
v -0.00555624999 -0.116789371 -0.0170856789
v 0.00555624999 -0.116635911 -0.0169541985
v -0.00555624999 -0.116716184 -0.017015798
v 0.00555624999 -0.11654947 -0.0169015937
v -0.00555624999 -0.116635911 -0.0169541985
v 0.00555624999 -0.116457865 -0.0168585945
v -0.00555624999 -0.11654947 -0.0169015937
v 0.00555624999 -0.116362177 -0.0168257039
v -0.00555624999 -0.116457865 -0.0168585945
v 0.00555624999 -0.116263494 -0.0168032981
v -0.00555624999 -0.116362177 -0.0168257039
v 0.00555624999 -0.116162978 -0.0167916417
v -0.00555624999 -0.116263494 -0.0168032981
v 0.00555624999 -0.116061792 -0.0167908669
v -0.00555624999 -0.116162978 -0.0167916417
v 0.00555624999 -0.115961112 -0.0168009866
v -0.00555624999 -0.116061792 -0.0167908669
v 0.00555624999 -0.115862101 -0.016821878
v -0.00555624999 -0.115961112 -0.0168009866
v 0.00555624999 -0.115765922 -0.0168533027
v -0.00555624999 -0.115862101 -0.016821878
v 0.00555624999 -0.115673669 -0.0168948956
v -0.00555624999 -0.115765922 -0.0168533027
v 0.00555624999 -0.115586437 -0.0169461723
v -0.00555624999 -0.115673669 -0.0168948956
v 0.00555624999 -0.115505226 -0.0170065369
v -0.00555624999 -0.115586437 -0.0169461723
v 0.00555624999 -0.115430981 -0.017075289
v -0.00555624999 -0.115505226 -0.0170065369
v -0.00555624999 -0.115430981 -0.017075289
v 0.00555624999 -0.113986902 -0.0148658892
v 0.00555624999 -0.113685407 -0.0148891713
v 0.00555624999 -0.113588519 -0.0149183674
v 0.00555624999 -0.11388576 -0.0148627795
v 0.00555624999 -0.113495342 -0.0149578182
v 0.00555624999 -0.114185251 -0.014904541
v 0.00555624999 -0.11408712 -0.0148798637
v 0.00555624999 -0.114370748 -0.0149847353
v 0.00555624999 -0.114280164 -0.0149396341
v 0.00555624999 -0.113784872 -0.01487057
v 0.00555624999 -0.113324359 -0.0150655406
v 0.00555624999 -0.11466977 -0.0152531452
v 0.00555624999 -0.114606336 -0.0151743107
v 0.00555624999 -0.113406941 -0.0150070665
v 0.00555624999 -0.11472436 -0.0153383482
v 0.00555624999 -0.114769459 -0.0154289305
v 0.00555624999 -0.114455946 -0.015039322
v 0.00555624999 -0.11453478 -0.015102759
v 0.00555624999 -0.114829227 -0.0156219732
v 0.00555624999 -0.114804551 -0.0155238397
v 0.00555624999 -0.114838526 -0.0159242228
v 0.00555624999 -0.114846312 -0.0158233345
v 0.00555624999 -0.114702031 -0.0163021497
v 0.00555624999 -0.114751279 -0.0162137542
v 0.00555624999 -0.114843205 -0.0157221928
v 0.00555624999 -0.11479073 -0.0161205735
v 0.00555624999 -0.114819922 -0.016023688
v 0.00555624999 -0.114643551 -0.0163847338
v 0.00555624999 -0.113347106 -0.0154988971
v 0.00555624999 -0.113177583 -0.0151276402
v 0.00555624999 -0.113145426 -0.0151301045
v 0.00555624999 -0.114624918 -0.0164110549
v 0.00555624999 -0.113049984 -0.0151167223
v 0.00555624999 -0.11301975 -0.0151055092
v 0.00555624999 -0.113113187 -0.0151290921
v 0.00555624999 -0.113269866 -0.0150998663
v 0.00555624999 -0.11324016 -0.0151124327
v 0.00555624999 -0.113298036 -0.0150841754
v 0.00555624999 -0.112990893 -0.0150911035
v 0.00555624999 -0.113081254 -0.0151246144
v 0.00555624999 -0.113209285 -0.0151217263
v 0.00555624999 -0.114584483 -0.0166278407
v 0.00555624999 -0.114579998 -0.0165959038
v 0.00555624999 -0.114655666 -0.0167704336
v 0.00555624999 -0.114635415 -0.0167453345
v 0.00555624999 -0.114592373 -0.0166591089
v 0.00555624999 -0.114617988 -0.0167181995
v 0.00555624999 -0.114603586 -0.0166893471
v 0.00555624999 -0.114678502 -0.0167932063
v 0.00555624999 -0.112963758 -0.0150736747
v 0.00555624999 -0.112938657 -0.015053425
v 0.00555624999 -0.114578992 -0.0165636688
v 0.00555624999 -0.114596665 -0.016468931
v 0.00555624999 -0.114609227 -0.0164392292
v 0.00555624999 -0.114581451 -0.016531514
v 0.00555624999 -0.114587367 -0.0164998118
v 0.00555624999 -0.112915888 -0.0150305899
v -0.00555624999 -0.112615138 -0.0146876527
v 0.00555624999 -0.112615138 -0.0146876527
v 0.00555624999 -0.112915888 -0.0150305899
v -0.00555624999 -0.112915888 -0.0150305899
v 0.00555624999 -0.113324359 -0.0150655406
v -0.00555624999 -0.113324359 -0.0150655406
v -0.00555624999 -0.113298036 -0.0150841754
v 0.00555624999 -0.113298036 -0.0150841754
v -0.00555624999 -0.113269866 -0.0150998663
v 0.00555624999 -0.113269866 -0.0150998663
v -0.00555624999 -0.11324016 -0.0151124327
v 0.00555624999 -0.11324016 -0.0151124327
v -0.00555624999 -0.113209285 -0.0151217263
v 0.00555624999 -0.113209285 -0.0151217263
v -0.00555624999 -0.113177583 -0.0151276402
v 0.00555624999 -0.113177583 -0.0151276402
v -0.00555624999 -0.113145426 -0.0151301045
v 0.00555624999 -0.113145426 -0.0151301045
v -0.00555624999 -0.113113187 -0.0151290921
v 0.00555624999 -0.113113187 -0.0151290921
v -0.00555624999 -0.113081254 -0.0151246144
v 0.00555624999 -0.113081254 -0.0151246144
v -0.00555624999 -0.113049984 -0.0151167223
v 0.00555624999 -0.113049984 -0.0151167223
v -0.00555624999 -0.11301975 -0.0151055092
v 0.00555624999 -0.11301975 -0.0151055092
v -0.00555624999 -0.112990893 -0.0150911035
v 0.00555624999 -0.112990893 -0.0150911035
v -0.00555624999 -0.112963758 -0.0150736747
v 0.00555624999 -0.112963758 -0.0150736747
v -0.00555624999 -0.112938657 -0.015053425
v 0.00555624999 -0.112938657 -0.015053425
v -0.00555624999 -0.112915888 -0.0150305899
v 0.00555624999 -0.112915888 -0.0150305899
v -0.00555624999 -0.113495342 -0.0149578182
v -0.00555624999 -0.114185251 -0.014904541
v -0.00555624999 -0.114280164 -0.0149396341
v -0.00555624999 -0.113986902 -0.0148658892
v -0.00555624999 -0.11408712 -0.0148798637
v -0.00555624999 -0.113685407 -0.0148891713
v -0.00555624999 -0.113784872 -0.01487057
v -0.00555624999 -0.11388576 -0.0148627795
v -0.00555624999 -0.113588519 -0.0149183674
v -0.00555624999 -0.113324359 -0.0150655406
v -0.00555624999 -0.11453478 -0.015102759
v -0.00555624999 -0.114606336 -0.0151743107
v -0.00555624999 -0.11466977 -0.0152531452
v -0.00555624999 -0.114370748 -0.0149847353
v -0.00555624999 -0.113406941 -0.0150070665
v -0.00555624999 -0.11472436 -0.0153383482
v -0.00555624999 -0.114455946 -0.015039322
v -0.00555624999 -0.11479073 -0.0161205735
v -0.00555624999 -0.114751279 -0.0162137542
v -0.00555624999 -0.114843205 -0.0157221928
v -0.00555624999 -0.114846312 -0.0158233345
v -0.00555624999 -0.114769459 -0.0154289305
v -0.00555624999 -0.114804551 -0.0155238397
v -0.00555624999 -0.114702031 -0.0163021497
v -0.00555624999 -0.114838526 -0.0159242228
v -0.00555624999 -0.114819922 -0.016023688
v -0.00555624999 -0.114829227 -0.0156219732
v -0.00555624999 -0.114643551 -0.0163847338
v -0.00555624999 -0.113347106 -0.0154988971
v -0.00555624999 -0.113113187 -0.0151290921
v -0.00555624999 -0.113145426 -0.0151301045
v -0.00555624999 -0.114603586 -0.0166893471
v -0.00555624999 -0.114617988 -0.0167181995
v -0.00555624999 -0.114624918 -0.0164110549
v -0.00555624999 -0.113298036 -0.0150841754
v -0.00555624999 -0.113209285 -0.0151217263
v -0.00555624999 -0.11324016 -0.0151124327
v -0.00555624999 -0.113081254 -0.0151246144
v -0.00555624999 -0.112990893 -0.0150911035
v -0.00555624999 -0.11301975 -0.0151055092
v -0.00555624999 -0.114592373 -0.0166591089
v -0.00555624999 -0.114578992 -0.0165636688
v -0.00555624999 -0.114579998 -0.0165959038
v -0.00555624999 -0.113269866 -0.0150998663
v -0.00555624999 -0.113177583 -0.0151276402
v -0.00555624999 -0.113049984 -0.0151167223
v -0.00555624999 -0.112963758 -0.0150736747
v -0.00555624999 -0.114635415 -0.0167453345
v -0.00555624999 -0.114584483 -0.0166278407
v -0.00555624999 -0.114655666 -0.0167704336
v -0.00555624999 -0.114581451 -0.016531514
v -0.00555624999 -0.112915888 -0.0150305899
v -0.00555624999 -0.112938657 -0.015053425
v -0.00555624999 -0.114596665 -0.016468931
v -0.00555624999 -0.114587367 -0.0164998118
v -0.00555624999 -0.114609227 -0.0164392292
v -0.00555624999 -0.114678502 -0.0167932063
v -0.00555624999 -0.114643551 -0.0163847338
v 0.00555624999 -0.114643551 -0.0163847338
v 0.00555624999 -0.114624918 -0.0164110549
v -0.00555624999 -0.114624918 -0.0164110549
v 0.00555624999 -0.114609227 -0.0164392292
v -0.00555624999 -0.114609227 -0.0164392292
v 0.00555624999 -0.114596665 -0.016468931
v -0.00555624999 -0.114596665 -0.016468931
v 0.00555624999 -0.114587367 -0.0164998118
v -0.00555624999 -0.114587367 -0.0164998118
v 0.00555624999 -0.114581451 -0.016531514
v -0.00555624999 -0.114581451 -0.016531514
v 0.00555624999 -0.114578992 -0.0165636688
v -0.00555624999 -0.114578992 -0.0165636688
v 0.00555624999 -0.114579998 -0.0165959038
v -0.00555624999 -0.114579998 -0.0165959038
v 0.00555624999 -0.114584483 -0.0166278407
v -0.00555624999 -0.114584483 -0.0166278407
v 0.00555624999 -0.114592373 -0.0166591089
v -0.00555624999 -0.114592373 -0.0166591089
v 0.00555624999 -0.114603586 -0.0166893471
v -0.00555624999 -0.114603586 -0.0166893471
v 0.00555624999 -0.114617988 -0.0167181995
v -0.00555624999 -0.114617988 -0.0167181995
v 0.00555624999 -0.114635415 -0.0167453345
v -0.00555624999 -0.114635415 -0.0167453345
v 0.00555624999 -0.114655666 -0.0167704336
v -0.00555624999 -0.114655666 -0.0167704336
v 0.00555624999 -0.114678502 -0.0167932063
v -0.00555624999 -0.114678502 -0.0167932063
v 0.00555624999 -0.114702031 -0.0163021497
v 0.00555624999 -0.114643551 -0.0163847338
v -0.00555624999 -0.114643551 -0.0163847338
v 0.00555624999 -0.114751279 -0.0162137542
v -0.00555624999 -0.114702031 -0.0163021497
v 0.00555624999 -0.11479073 -0.0161205735
v -0.00555624999 -0.114751279 -0.0162137542
v 0.00555624999 -0.114819922 -0.016023688
v -0.00555624999 -0.11479073 -0.0161205735
v 0.00555624999 -0.114838526 -0.0159242228
v -0.00555624999 -0.114819922 -0.016023688
v 0.00555624999 -0.114846312 -0.0158233345
v -0.00555624999 -0.114838526 -0.0159242228
v 0.00555624999 -0.114843205 -0.0157221928
v -0.00555624999 -0.114846312 -0.0158233345
v 0.00555624999 -0.114829227 -0.0156219732
v -0.00555624999 -0.114843205 -0.0157221928
v 0.00555624999 -0.114804551 -0.0155238397
v -0.00555624999 -0.114829227 -0.0156219732
v 0.00555624999 -0.114769459 -0.0154289305
v -0.00555624999 -0.114804551 -0.0155238397
v 0.00555624999 -0.11472436 -0.0153383482
v -0.00555624999 -0.114769459 -0.0154289305
v 0.00555624999 -0.11466977 -0.0152531452
v -0.00555624999 -0.11472436 -0.0153383482
v 0.00555624999 -0.114606336 -0.0151743107
v -0.00555624999 -0.11466977 -0.0152531452
v 0.00555624999 -0.11453478 -0.015102759
v -0.00555624999 -0.114606336 -0.0151743107
v 0.00555624999 -0.114455946 -0.015039322
v -0.00555624999 -0.11453478 -0.015102759
v 0.00555624999 -0.114370748 -0.0149847353
v -0.00555624999 -0.114455946 -0.015039322
v 0.00555624999 -0.114280164 -0.0149396341
v -0.00555624999 -0.114370748 -0.0149847353
v 0.00555624999 -0.114185251 -0.014904541
v -0.00555624999 -0.114280164 -0.0149396341
v 0.00555624999 -0.11408712 -0.0148798637
v -0.00555624999 -0.114185251 -0.014904541
v 0.00555624999 -0.113986902 -0.0148658892
v -0.00555624999 -0.11408712 -0.0148798637
v 0.00555624999 -0.11388576 -0.0148627795
v -0.00555624999 -0.113986902 -0.0148658892
v 0.00555624999 -0.113784872 -0.01487057
v -0.00555624999 -0.11388576 -0.0148627795
v 0.00555624999 -0.113685407 -0.0148891713
v -0.00555624999 -0.113784872 -0.01487057
v 0.00555624999 -0.113588519 -0.0149183674
v -0.00555624999 -0.113685407 -0.0148891713
v 0.00555624999 -0.113495342 -0.0149578182
v -0.00555624999 -0.113588519 -0.0149183674
v 0.00555624999 -0.113406941 -0.0150070665
v -0.00555624999 -0.113495342 -0.0149578182
v 0.00555624999 -0.113324359 -0.0150655406
v -0.00555624999 -0.113406941 -0.0150070665
v -0.00555624999 -0.113324359 -0.0150655406
v 0.00555624999 -0.111587599 -0.0127508212
v 0.00555624999 -0.112546064 -0.012854483
v 0.00555624999 -0.112462148 -0.0127979442
v 0.00555624999 -0.112372629 -0.0127507634
v 0.00555624999 -0.111779198 -0.0126865814
v 0.00555624999 -0.111681662 -0.0127135329
v 0.00555624999 -0.111879066 -0.0126702823
v 0.00555624999 -0.112181015 -0.0126865515
v 0.00555624999 -0.112081148 -0.0126702664
v 0.00555624999 -0.112278558 -0.0127134882
v 0.00555624999 -0.112623416 -0.0129197231
v 0.00555624999 -0.112693295 -0.0129929082
v 0.00555624999 -0.112883389 -0.0133469207
v 0.00555624999 -0.112850502 -0.0132512264
v 0.00555624999 -0.111980103 -0.0126648229
v 0.00555624999 -0.112754896 -0.0130731864
v 0.00555624999 -0.112807497 -0.0131596271
v 0.00555624999 -0.112905793 -0.0134455981
v 0.00555624999 -0.111498088 -0.012798016
v 0.00555624999 -0.112887219 -0.0138469897
v 0.00555624999 -0.11290811 -0.0137479808
v 0.00555624999 -0.112918228 -0.0136472993
v 0.00555624999 -0.112917453 -0.0135461129
v 0.00555624999 -0.112762921 -0.0141226565
v 0.00555624999 -0.112814195 -0.0140354214
v 0.00555624999 -0.112855792 -0.0139431758
v 0.00555624999 -0.112633802 -0.0142781129
v 0.00555624999 -0.112702556 -0.0142038679
v 0.00555624999 -0.111469559 -0.012813055
v 0.00555624999 -0.111767299 -0.0136390002
v 0.00555624999 -0.112611897 -0.014301776
v 0.00555624999 -0.112546436 -0.0144470902
v 0.00555624999 -0.112553075 -0.0144155314
v 0.00555624999 -0.111280426 -0.0128334612
v 0.00555624999 -0.11124935 -0.012824852
v 0.00555624999 -0.111408487 -0.0128335161
v 0.00555624999 -0.111376658 -0.0128386999
v 0.00555624999 -0.112563081 -0.0143848723
v 0.00555624999 -0.112615138 -0.0146876527
v 0.00555624999 -0.112595469 -0.0146620944
v 0.00555624999 -0.111219376 -0.0128129469
v 0.00555624999 -0.111344457 -0.0128404256
v 0.00555624999 -0.111439578 -0.0128249349
v 0.00555624999 -0.112576321 -0.0143554686
v 0.00555624999 -0.112554416 -0.0145749021
v 0.00555624999 -0.112547249 -0.0145434607
v 0.00555624999 -0.112578675 -0.0146345664
v 0.00555624999 -0.111139506 -0.0127590131
v 0.00555624999 -0.111117266 -0.0127356602
v 0.00555624999 -0.111190863 -0.0127978818
v 0.00555624999 -0.111164138 -0.0127798347
v 0.00555624999 -0.111312255 -0.0128386719
v 0.00555624999 -0.11259266 -0.0143276621
v 0.00555624999 -0.112543501 -0.0145114288
v 0.00555624999 -0.112564936 -0.0146053899
v 0.00555624999 -0.112543233 -0.0144791799
v 0.00555624999 -0.111097671 -0.0127100479
v -0.00555624999 -0.110844254 -0.0123307891
v 0.00555624999 -0.110844254 -0.0123307891
v 0.00555624999 -0.111097671 -0.0127100479
v -0.00555624999 -0.111097671 -0.0127100479
v 0.00555624999 -0.111498088 -0.012798016
v -0.00555624999 -0.111498088 -0.012798016
v -0.00555624999 -0.111469559 -0.012813055
v 0.00555624999 -0.111469559 -0.012813055
v -0.00555624999 -0.111439578 -0.0128249349
v 0.00555624999 -0.111439578 -0.0128249349
v -0.00555624999 -0.111408487 -0.0128335161
v 0.00555624999 -0.111408487 -0.0128335161
v -0.00555624999 -0.111376658 -0.0128386999
v 0.00555624999 -0.111376658 -0.0128386999
v -0.00555624999 -0.111344457 -0.0128404256
v 0.00555624999 -0.111344457 -0.0128404256
v -0.00555624999 -0.111312255 -0.0128386719
v 0.00555624999 -0.111312255 -0.0128386719
v -0.00555624999 -0.111280426 -0.0128334612
v 0.00555624999 -0.111280426 -0.0128334612
v -0.00555624999 -0.11124935 -0.012824852
v 0.00555624999 -0.11124935 -0.012824852
v -0.00555624999 -0.111219376 -0.0128129469
v 0.00555624999 -0.111219376 -0.0128129469
v -0.00555624999 -0.111190863 -0.0127978818
v 0.00555624999 -0.111190863 -0.0127978818
v -0.00555624999 -0.111164138 -0.0127798347
v 0.00555624999 -0.111164138 -0.0127798347
v -0.00555624999 -0.111139506 -0.0127590131
v 0.00555624999 -0.111139506 -0.0127590131
v -0.00555624999 -0.111117266 -0.0127356602
v 0.00555624999 -0.111117266 -0.0127356602
v -0.00555624999 -0.111097671 -0.0127100479
v 0.00555624999 -0.111097671 -0.0127100479
v -0.00555624999 -0.111587599 -0.0127508212
v -0.00555624999 -0.112372629 -0.0127507634
v -0.00555624999 -0.112462148 -0.0127979442
v -0.00555624999 -0.112546064 -0.012854483
v -0.00555624999 -0.111879066 -0.0126702823
v -0.00555624999 -0.112181015 -0.0126865515
v -0.00555624999 -0.112278558 -0.0127134882
v -0.00555624999 -0.111980103 -0.0126648229
v -0.00555624999 -0.112081148 -0.0126702664
v -0.00555624999 -0.111681662 -0.0127135329
v -0.00555624999 -0.112807497 -0.0131596271
v -0.00555624999 -0.112850502 -0.0132512264
v -0.00555624999 -0.112623416 -0.0129197231
v -0.00555624999 -0.111779198 -0.0126865814
v -0.00555624999 -0.112754896 -0.0130731864
v -0.00555624999 -0.112693295 -0.0129929082
v -0.00555624999 -0.112883389 -0.0133469207
v -0.00555624999 -0.111498088 -0.012798016
v -0.00555624999 -0.112917453 -0.0135461129
v -0.00555624999 -0.112918228 -0.0136472993
v -0.00555624999 -0.112905793 -0.0134455981
v -0.00555624999 -0.11290811 -0.0137479808
v -0.00555624999 -0.111469559 -0.012813055
v -0.00555624999 -0.111767299 -0.0136390002
v -0.00555624999 -0.112563081 -0.0143848723
v -0.00555624999 -0.112553075 -0.0144155314
v -0.00555624999 -0.111439578 -0.0128249349
v -0.00555624999 -0.111344457 -0.0128404256
v -0.00555624999 -0.111376658 -0.0128386999
v -0.00555624999 -0.111219376 -0.0128129469
v -0.00555624999 -0.11124935 -0.012824852
v -0.00555624999 -0.112702556 -0.0142038679
v -0.00555624999 -0.111139506 -0.0127590131
v -0.00555624999 -0.111164138 -0.0127798347
v -0.00555624999 -0.112576321 -0.0143554686
v -0.00555624999 -0.111408487 -0.0128335161
v -0.00555624999 -0.111312255 -0.0128386719
v -0.00555624999 -0.111190863 -0.0127978818
v -0.00555624999 -0.112855792 -0.0139431758
v -0.00555624999 -0.112762921 -0.0141226565
v -0.00555624999 -0.111117266 -0.0127356602
v -0.00555624999 -0.112578675 -0.0146345664
v -0.00555624999 -0.112595469 -0.0146620944
v -0.00555624999 -0.112554416 -0.0145749021
v -0.00555624999 -0.112564936 -0.0146053899
v -0.00555624999 -0.112543501 -0.0145114288
v -0.00555624999 -0.112547249 -0.0145434607
v -0.00555624999 -0.11259266 -0.0143276621
v -0.00555624999 -0.111280426 -0.0128334612
v -0.00555624999 -0.112887219 -0.0138469897
v -0.00555624999 -0.112814195 -0.0140354214
v -0.00555624999 -0.111097671 -0.0127100479
v -0.00555624999 -0.112543233 -0.0144791799
v -0.00555624999 -0.112611897 -0.014301776
v -0.00555624999 -0.112546436 -0.0144470902
v -0.00555624999 -0.112633802 -0.0142781129
v -0.00555624999 -0.112615138 -0.0146876527
v -0.00555624999 -0.112633802 -0.0142781129
v 0.00555624999 -0.112633802 -0.0142781129
v 0.00555624999 -0.112611897 -0.014301776
v -0.00555624999 -0.112611897 -0.014301776
v 0.00555624999 -0.11259266 -0.0143276621
v -0.00555624999 -0.11259266 -0.0143276621
v 0.00555624999 -0.112576321 -0.0143554686
v -0.00555624999 -0.112576321 -0.0143554686
v 0.00555624999 -0.112563081 -0.0143848723
v -0.00555624999 -0.112563081 -0.0143848723
v 0.00555624999 -0.112553075 -0.0144155314
v -0.00555624999 -0.112553075 -0.0144155314
v 0.00555624999 -0.112546436 -0.0144470902
v -0.00555624999 -0.112546436 -0.0144470902
v 0.00555624999 -0.112543233 -0.0144791799
v -0.00555624999 -0.112543233 -0.0144791799
v 0.00555624999 -0.112543501 -0.0145114288
v -0.00555624999 -0.112543501 -0.0145114288
v 0.00555624999 -0.112547249 -0.0145434607
v -0.00555624999 -0.112547249 -0.0145434607
v 0.00555624999 -0.112554416 -0.0145749021
v -0.00555624999 -0.112554416 -0.0145749021
v 0.00555624999 -0.112564936 -0.0146053899
v -0.00555624999 -0.112564936 -0.0146053899
v 0.00555624999 -0.112578675 -0.0146345664
v -0.00555624999 -0.112578675 -0.0146345664
v 0.00555624999 -0.112595469 -0.0146620944
v -0.00555624999 -0.112595469 -0.0146620944
v 0.00555624999 -0.112615138 -0.0146876527
v -0.00555624999 -0.112615138 -0.0146876527
v 0.00555624999 -0.112702556 -0.0142038679
v 0.00555624999 -0.112633802 -0.0142781129
v -0.00555624999 -0.112633802 -0.0142781129
v 0.00555624999 -0.112762921 -0.0141226565
v -0.00555624999 -0.112702556 -0.0142038679
v 0.00555624999 -0.112814195 -0.0140354214
v -0.00555624999 -0.112762921 -0.0141226565
v 0.00555624999 -0.112855792 -0.0139431758
v -0.00555624999 -0.112814195 -0.0140354214
v 0.00555624999 -0.112887219 -0.0138469897
v -0.00555624999 -0.112855792 -0.0139431758
v 0.00555624999 -0.11290811 -0.0137479808
v -0.00555624999 -0.112887219 -0.0138469897
v 0.00555624999 -0.112918228 -0.0136472993
v -0.00555624999 -0.11290811 -0.0137479808
v 0.00555624999 -0.112917453 -0.0135461129
v -0.00555624999 -0.112918228 -0.0136472993
v 0.00555624999 -0.112905793 -0.0134455981
v -0.00555624999 -0.112917453 -0.0135461129
v 0.00555624999 -0.112883389 -0.0133469207
v -0.00555624999 -0.112905793 -0.0134455981
v 0.00555624999 -0.112850502 -0.0132512264
v -0.00555624999 -0.112883389 -0.0133469207
v 0.00555624999 -0.112807497 -0.0131596271
v -0.00555624999 -0.112850502 -0.0132512264
v 0.00555624999 -0.112754896 -0.0130731864
v -0.00555624999 -0.112807497 -0.0131596271
v 0.00555624999 -0.112693295 -0.0129929082
v -0.00555624999 -0.112754896 -0.0130731864
v 0.00555624999 -0.112623416 -0.0129197231
v -0.00555624999 -0.112693295 -0.0129929082
v 0.00555624999 -0.112546064 -0.012854483
v -0.00555624999 -0.112623416 -0.0129197231
v 0.00555624999 -0.112462148 -0.0127979442
v -0.00555624999 -0.112546064 -0.012854483
v 0.00555624999 -0.112372629 -0.0127507634
v -0.00555624999 -0.112462148 -0.0127979442
v 0.00555624999 -0.112278558 -0.0127134882
v -0.00555624999 -0.112372629 -0.0127507634
v 0.00555624999 -0.112181015 -0.0126865515
v -0.00555624999 -0.112278558 -0.0127134882
v 0.00555624999 -0.112081148 -0.0126702664
v -0.00555624999 -0.112181015 -0.0126865515
v 0.00555624999 -0.111980103 -0.0126648229
v -0.00555624999 -0.112081148 -0.0126702664
v 0.00555624999 -0.111879066 -0.0126702823
v -0.00555624999 -0.111980103 -0.0126648229
v 0.00555624999 -0.111779198 -0.0126865814
v -0.00555624999 -0.111879066 -0.0126702823
v 0.00555624999 -0.111681662 -0.0127135329
v -0.00555624999 -0.111779198 -0.0126865814
v 0.00555624999 -0.111587599 -0.0127508212
v -0.00555624999 -0.111681662 -0.0127135329
v 0.00555624999 -0.111498088 -0.012798016
v -0.00555624999 -0.111587599 -0.0127508212
v -0.00555624999 -0.111498088 -0.012798016
v 0.00555624999 -0.110578157 -0.0102609619
v 0.00555624999 -0.110478692 -0.0102423755
v 0.00555624999 -0.110377796 -0.0102345999
v 0.00555624999 -0.110276662 -0.0102377245
v 0.00555624999 -0.110675044 -0.010290144
v 0.00555624999 -0.110176444 -0.0102517148
v 0.00555624999 -0.110078312 -0.0102764061
v 0.00555624999 -0.109983407 -0.0103115132
v 0.00555624999 -0.110939227 -0.0104372771
v 0.00555624999 -0.110856637 -0.0103788162
v 0.00555624999 -0.111180022 -0.0116240922
v 0.00555624999 -0.111223735 -0.011532831
v 0.00555624999 -0.110768236 -0.0103295809
v 0.00555624999 -0.111083224 -0.0105790645
v 0.00555624999 -0.111015052 -0.0105042867
v 0.00555624999 -0.111234419 -0.010840944
v 0.00555624999 -0.111193545 -0.0107483771
v 0.00555624999 -0.111126743 -0.0117101204
v 0.00555624999 -0.11091622 -0.0119271893
v 0.00555624999 -0.110994071 -0.0118625537
v 0.00555624999 -0.111142956 -0.0106607443
v 0.00555624999 -0.111265093 -0.0109373722
v 0.00555624999 -0.111294545 -0.0111372983
v 0.00555624999 -0.111285217 -0.0110365404
v 0.00555624999 -0.111257374 -0.0114373965
v 0.00555624999 -0.111064523 -0.0117899161
v 0.00555624999 -0.111280546 -0.011338897
v 0.00555624999 -0.111292988 -0.0112384753
v 0.00555624999 -0.109953158 -0.0103227003
v 0.00555624999 -0.110891409 -0.0119477902
v 0.00555624999 -0.110868961 -0.0119709438
v 0.00555624999 -0.109921888 -0.0103305653
v 0.00555624999 -0.110796236 -0.0121467225
v 0.00555624999 -0.110800177 -0.0121147148
v 0.00555624999 -0.110849135 -0.0119963801
v 0.00555624999 -0.110807545 -0.0120833172
v 0.00555624999 -0.110397838 -0.0116191981
v 0.00555624999 -0.109733298 -0.0103056533
v 0.00555624999 -0.109705135 -0.0102899382
v 0.00555624999 -0.109825559 -0.0103335073
v 0.00555624999 -0.109793857 -0.0103275655
v 0.00555624999 -0.110844254 -0.0123307891
v 0.00555624999 -0.110828094 -0.012302882
v 0.00555624999 -0.110832162 -0.0120238038
v 0.00555624999 -0.110818245 -0.0120528955
v 0.00555624999 -0.109654687 -0.0102498978
v 0.00555624999 -0.109632991 -0.0102260401
v 0.00555624999 -0.109762982 -0.0103182448
v 0.00555624999 -0.109857708 -0.0103360005
v 0.00555624999 -0.109889947 -0.0103350161
v 0.00555624999 -0.110798769 -0.0122110778
v 0.00555624999 -0.110795766 -0.0121789686
v 0.00555624999 -0.110815033 -0.0122733973
v 0.00555624999 -0.110805221 -0.0122426767
v 0.00555624999 -0.109613985 -0.0101999845
v 0.00555624999 -0.109678827 -0.0102712801
v 0.00555624999 -0.109597899 -0.0101720337
v -0.00555624999 -0.10939616 -0.00976294186
v 0.00555624999 -0.10939616 -0.00976294186
v 0.00555624999 -0.109597899 -0.0101720337
v -0.00555624999 -0.109597899 -0.0101720337
v 0.00555624999 -0.109983407 -0.0103115132
v -0.00555624999 -0.109983407 -0.0103115132
v -0.00555624999 -0.109953158 -0.0103227003
v 0.00555624999 -0.109953158 -0.0103227003
v -0.00555624999 -0.109921888 -0.0103305653
v 0.00555624999 -0.109921888 -0.0103305653
v -0.00555624999 -0.109889947 -0.0103350161
v 0.00555624999 -0.109889947 -0.0103350161
v -0.00555624999 -0.109857708 -0.0103360005
v 0.00555624999 -0.109857708 -0.0103360005
v -0.00555624999 -0.109825559 -0.0103335073
v 0.00555624999 -0.109825559 -0.0103335073
v -0.00555624999 -0.109793857 -0.0103275655
v 0.00555624999 -0.109793857 -0.0103275655
v -0.00555624999 -0.109762982 -0.0103182448
v 0.00555624999 -0.109762982 -0.0103182448
v -0.00555624999 -0.109733298 -0.0103056533
v 0.00555624999 -0.109733298 -0.0103056533
v -0.00555624999 -0.109705135 -0.0102899382
v 0.00555624999 -0.109705135 -0.0102899382
v -0.00555624999 -0.109678827 -0.0102712801
v 0.00555624999 -0.109678827 -0.0102712801
v -0.00555624999 -0.109654687 -0.0102498978
v 0.00555624999 -0.109654687 -0.0102498978
v -0.00555624999 -0.109632991 -0.0102260401
v 0.00555624999 -0.109632991 -0.0102260401
v -0.00555624999 -0.109613985 -0.0101999845
v 0.00555624999 -0.109613985 -0.0101999845
v -0.00555624999 -0.109597899 -0.0101720337
v 0.00555624999 -0.109597899 -0.0101720337
v -0.00555624999 -0.110578157 -0.0102609619
v -0.00555624999 -0.110276662 -0.0102377245
v -0.00555624999 -0.110377796 -0.0102345999
v -0.00555624999 -0.110478692 -0.0102423755
v -0.00555624999 -0.109983407 -0.0103115132
v -0.00555624999 -0.111257374 -0.0114373965
v -0.00555624999 -0.111223735 -0.011532831
v -0.00555624999 -0.110768236 -0.0103295809
v -0.00555624999 -0.110856637 -0.0103788162
v -0.00555624999 -0.110675044 -0.010290144
v -0.00555624999 -0.110176444 -0.0102517148
v -0.00555624999 -0.110078312 -0.0102764061
v -0.00555624999 -0.111064523 -0.0117899161
v -0.00555624999 -0.110994071 -0.0118625537
v -0.00555624999 -0.111180022 -0.0116240922
v -0.00555624999 -0.111142956 -0.0106607443
v -0.00555624999 -0.111193545 -0.0107483771
v -0.00555624999 -0.110939227 -0.0104372771
v -0.00555624999 -0.111015052 -0.0105042867
v -0.00555624999 -0.111126743 -0.0117101204
v -0.00555624999 -0.111280546 -0.011338897
v -0.00555624999 -0.111265093 -0.0109373722
v -0.00555624999 -0.111285217 -0.0110365404
v -0.00555624999 -0.111234419 -0.010840944
v -0.00555624999 -0.111083224 -0.0105790645
v -0.00555624999 -0.111294545 -0.0111372983
v -0.00555624999 -0.111292988 -0.0112384753
v -0.00555624999 -0.11091622 -0.0119271893
v -0.00555624999 -0.109953158 -0.0103227003
v -0.00555624999 -0.110891409 -0.0119477902
v -0.00555624999 -0.110868961 -0.0119709438
v -0.00555624999 -0.110397838 -0.0116191981
v -0.00555624999 -0.110807545 -0.0120833172
v -0.00555624999 -0.110800177 -0.0121147148
v -0.00555624999 -0.109921888 -0.0103305653
v -0.00555624999 -0.110818245 -0.0120528955
v -0.00555624999 -0.110832162 -0.0120238038
v -0.00555624999 -0.110849135 -0.0119963801
v -0.00555624999 -0.109762982 -0.0103182448
v -0.00555624999 -0.109793857 -0.0103275655
v -0.00555624999 -0.109678827 -0.0102712801
v -0.00555624999 -0.109705135 -0.0102899382
v -0.00555624999 -0.109857708 -0.0103360005
v -0.00555624999 -0.109889947 -0.0103350161
v -0.00555624999 -0.109825559 -0.0103335073
v -0.00555624999 -0.109733298 -0.0103056533
v -0.00555624999 -0.109613985 -0.0101999845
v -0.00555624999 -0.109632991 -0.0102260401
v -0.00555624999 -0.109597899 -0.0101720337
v -0.00555624999 -0.109654687 -0.0102498978
v -0.00555624999 -0.110815033 -0.0122733973
v -0.00555624999 -0.110828094 -0.012302882
v -0.00555624999 -0.110798769 -0.0122110778
v -0.00555624999 -0.110805221 -0.0122426767
v -0.00555624999 -0.110796236 -0.0121467225
v -0.00555624999 -0.110795766 -0.0121789686
v -0.00555624999 -0.110844254 -0.0123307891
v -0.00555624999 -0.11091622 -0.0119271893
v 0.00555624999 -0.11091622 -0.0119271893
v 0.00555624999 -0.110891409 -0.0119477902
v -0.00555624999 -0.110891409 -0.0119477902
v 0.00555624999 -0.110868961 -0.0119709438
v -0.00555624999 -0.110868961 -0.0119709438
v 0.00555624999 -0.110849135 -0.0119963801
v -0.00555624999 -0.110849135 -0.0119963801
v 0.00555624999 -0.110832162 -0.0120238038
v -0.00555624999 -0.110832162 -0.0120238038
v 0.00555624999 -0.110818245 -0.0120528955
v -0.00555624999 -0.110818245 -0.0120528955
v 0.00555624999 -0.110807545 -0.0120833172
v -0.00555624999 -0.110807545 -0.0120833172
v 0.00555624999 -0.110800177 -0.0121147148
v -0.00555624999 -0.110800177 -0.0121147148
v 0.00555624999 -0.110796236 -0.0121467225
v -0.00555624999 -0.110796236 -0.0121467225
v 0.00555624999 -0.110795766 -0.0121789686
v -0.00555624999 -0.110795766 -0.0121789686
v 0.00555624999 -0.110798769 -0.0122110778
v -0.00555624999 -0.110798769 -0.0122110778
v 0.00555624999 -0.110805221 -0.0122426767
v -0.00555624999 -0.110805221 -0.0122426767
v 0.00555624999 -0.110815033 -0.0122733973
v -0.00555624999 -0.110815033 -0.0122733973
v 0.00555624999 -0.110828094 -0.012302882
v -0.00555624999 -0.110828094 -0.012302882
v 0.00555624999 -0.110844254 -0.0123307891
v -0.00555624999 -0.110844254 -0.0123307891
v 0.00555624999 -0.110994071 -0.0118625537
v 0.00555624999 -0.11091622 -0.0119271893
v -0.00555624999 -0.11091622 -0.0119271893
v 0.00555624999 -0.111064523 -0.0117899161
v -0.00555624999 -0.110994071 -0.0118625537
v 0.00555624999 -0.111126743 -0.0117101204
v -0.00555624999 -0.111064523 -0.0117899161
v 0.00555624999 -0.111180022 -0.0116240922
v -0.00555624999 -0.111126743 -0.0117101204
v 0.00555624999 -0.111223735 -0.011532831
v -0.00555624999 -0.111180022 -0.0116240922
v 0.00555624999 -0.111257374 -0.0114373965
v -0.00555624999 -0.111223735 -0.011532831
v 0.00555624999 -0.111280546 -0.011338897
v -0.00555624999 -0.111257374 -0.0114373965
v 0.00555624999 -0.111292988 -0.0112384753
v -0.00555624999 -0.111280546 -0.011338897
v 0.00555624999 -0.111294545 -0.0111372983
v -0.00555624999 -0.111292988 -0.0112384753
v 0.00555624999 -0.111285217 -0.0110365404
v -0.00555624999 -0.111294545 -0.0111372983
v 0.00555624999 -0.111265093 -0.0109373722
v -0.00555624999 -0.111285217 -0.0110365404
v 0.00555624999 -0.111234419 -0.010840944
v -0.00555624999 -0.111265093 -0.0109373722
v 0.00555624999 -0.111193545 -0.0107483771
v -0.00555624999 -0.111234419 -0.010840944
v 0.00555624999 -0.111142956 -0.0106607443
v -0.00555624999 -0.111193545 -0.0107483771
v 0.00555624999 -0.111083224 -0.0105790645
v -0.00555624999 -0.111142956 -0.0106607443
v 0.00555624999 -0.111015052 -0.0105042867
v -0.00555624999 -0.111083224 -0.0105790645
v 0.00555624999 -0.110939227 -0.0104372771
v -0.00555624999 -0.111015052 -0.0105042867
v 0.00555624999 -0.110856637 -0.0103788162
v -0.00555624999 -0.110939227 -0.0104372771
v 0.00555624999 -0.110768236 -0.0103295809
v -0.00555624999 -0.110856637 -0.0103788162
v 0.00555624999 -0.110675044 -0.010290144
v -0.00555624999 -0.110768236 -0.0103295809
v 0.00555624999 -0.110578157 -0.0102609619
v -0.00555624999 -0.110675044 -0.010290144
v 0.00555624999 -0.110478692 -0.0102423755
v -0.00555624999 -0.110578157 -0.0102609619
v 0.00555624999 -0.110377796 -0.0102345999
v -0.00555624999 -0.110478692 -0.0102423755
v 0.00555624999 -0.110276662 -0.0102377245
v -0.00555624999 -0.110377796 -0.0102345999
v 0.00555624999 -0.110176444 -0.0102517148
v -0.00555624999 -0.110276662 -0.0102377245
v 0.00555624999 -0.110078312 -0.0102764061
v -0.00555624999 -0.110176444 -0.0102517148
v 0.00555624999 -0.109983407 -0.0103115132
v -0.00555624999 -0.110078312 -0.0102764061
v -0.00555624999 -0.109983407 -0.0103115132
v 0.00555624999 -0.108806238 -0.00764857838
v 0.00555624999 -0.109494753 -0.00771766808
v 0.00555624999 -0.1094025 -0.00767609011
v 0.00555624999 -0.1098039 -0.00797435828
v 0.00555624999 -0.109737471 -0.00789802615
v 0.00555624999 -0.109910287 -0.00814617239
v 0.00555624999 -0.109861724 -0.00805739593
v 0.00555624999 -0.109306313 -0.0076446794
v 0.00555624999 -0.109005429 -0.00761448685
v 0.00555624999 -0.108904913 -0.00762615865
v 0.00555624999 -0.109207295 -0.00762380147
v 0.00555624999 -0.109106615 -0.00761369802
v 0.00555624999 -0.109581992 -0.00776893133
v 0.00555624999 -0.109663218 -0.0078292843
v 0.00555624999 -0.109949008 -0.00823965948
v 0.00555624999 -0.109995268 -0.00843637623
v 0.00555624999 -0.109977446 -0.00833676942
v 0.00555624999 -0.109922349 -0.00893111527
v 0.00555624999 -0.109958179 -0.00883648265
v 0.00555624999 -0.109685138 -0.00925544649
v 0.00555624999 -0.109757245 -0.0091844555
v 0.00555624999 -0.109983623 -0.00873854384
v 0.00555624999 -0.109998375 -0.00863843691
v 0.00555624999 -0.109876543 -0.00902134273
v 0.00555624999 -0.10982129 -0.0091061173
v 0.00555624999 -0.110002279 -0.00853732228
v 0.00555624999 -0.109520182 -0.00937218778
v 0.00555624999 -0.109605812 -0.00931826793
v 0.00555624999 -0.109467618 -0.00940939877
v 0.00555624999 -0.108742759 -0.00765943667
v 0.00555624999 -0.108710513 -0.00765968021
v 0.00555624999 -0.10864687 -0.00764978025
v 0.00555624999 -0.108616218 -0.00763975224
v 0.00555624999 -0.108678423 -0.00765644852
v 0.00555624999 -0.108774789 -0.00765572162
v 0.00555624999 -0.109492898 -0.00938937441
v 0.00555624999 -0.108586825 -0.00762648135
v 0.00555624999 -0.108559035 -0.00761012221
v 0.00555624999 -0.108533166 -0.00759086525
v 0.00555624999 -0.109424233 -0.00945700426
v 0.00555624999 -0.109444641 -0.00943202991
v 0.00555624999 -0.109254785 -0.00946317147
v 0.00555624999 -0.109406643 -0.00948403031
v 0.00555624999 -0.108509518 -0.007568934
v 0.00555624999 -0.109392054 -0.00951279514
v 0.00555624999 -0.109372571 -0.00957418233
v 0.00555624999 -0.109380655 -0.00954296254
v 0.00555624999 -0.109366685 -0.00963831786
v 0.00555624999 -0.1093679 -0.00960609131
v 0.00555624999 -0.108488373 -0.00754458364
v 0.00555624999 -0.108469978 -0.00751809776
v 0.00555624999 -0.10936895 -0.00967048761
v 0.00555624999 -0.109383777 -0.00973316468
v 0.00555624999 -0.109374672 -0.00970222615
v 0.00555624999 -0.10845454 -0.00748978416
v 0.00555624999 -0.10939616 -0.00976294186
v 0.00555624999 -0.108442239 -0.00745997252
v -0.00555624999 -0.108442239 -0.00745997252
v -0.00555624999 -0.108351536 -0.00719619822
v 0.00555624999 -0.108351536 -0.00719619822
v 0.00555624999 -0.108295619 -0.00702804839
v -0.00555624999 -0.108295619 -0.00702804839
v 0.00555624999 -0.108442239 -0.00745997252
v 0.00555624999 -0.108806238 -0.00764857838
v -0.00555624999 -0.108806238 -0.00764857838
v -0.00555624999 -0.108774789 -0.00765572162
v 0.00555624999 -0.108774789 -0.00765572162
v -0.00555624999 -0.108742759 -0.00765943667
v 0.00555624999 -0.108742759 -0.00765943667
v -0.00555624999 -0.108710513 -0.00765968021
v 0.00555624999 -0.108710513 -0.00765968021
v -0.00555624999 -0.108678423 -0.00765644852
v 0.00555624999 -0.108678423 -0.00765644852
v -0.00555624999 -0.10864687 -0.00764978025
v 0.00555624999 -0.10864687 -0.00764978025
v -0.00555624999 -0.108616218 -0.00763975224
v 0.00555624999 -0.108616218 -0.00763975224
v -0.00555624999 -0.108586825 -0.00762648135
v 0.00555624999 -0.108586825 -0.00762648135
v -0.00555624999 -0.108559035 -0.00761012221
v 0.00555624999 -0.108559035 -0.00761012221
v -0.00555624999 -0.108533166 -0.00759086525
v 0.00555624999 -0.108533166 -0.00759086525
v -0.00555624999 -0.108509518 -0.007568934
v 0.00555624999 -0.108509518 -0.007568934
v -0.00555624999 -0.108488373 -0.00754458364
v 0.00555624999 -0.108488373 -0.00754458364
v -0.00555624999 -0.108469978 -0.00751809776
v 0.00555624999 -0.108469978 -0.00751809776
v -0.00555624999 -0.10845454 -0.00748978416
v 0.00555624999 -0.10845454 -0.00748978416
v -0.00555624999 -0.108442239 -0.00745997252
v 0.00555624999 -0.108442239 -0.00745997252
v -0.00555624999 -0.108806238 -0.00764857838
v -0.00555624999 -0.1098039 -0.00797435828
v -0.00555624999 -0.109861724 -0.00805739593
v -0.00555624999 -0.109663218 -0.0078292843
v -0.00555624999 -0.109737471 -0.00789802615
v -0.00555624999 -0.109306313 -0.0076446794
v -0.00555624999 -0.1094025 -0.00767609011
v -0.00555624999 -0.109494753 -0.00771766808
v -0.00555624999 -0.109005429 -0.00761448685
v -0.00555624999 -0.109106615 -0.00761369802
v -0.00555624999 -0.108904913 -0.00762615865
v -0.00555624999 -0.109949008 -0.00823965948
v -0.00555624999 -0.109977446 -0.00833676942
v -0.00555624999 -0.109910287 -0.00814617239
v -0.00555624999 -0.109581992 -0.00776893133
v -0.00555624999 -0.110002279 -0.00853732228
v -0.00555624999 -0.109998375 -0.00863843691
v -0.00555624999 -0.109207295 -0.00762380147
v -0.00555624999 -0.109995268 -0.00843637623
v -0.00555624999 -0.109983623 -0.00873854384
v -0.00555624999 -0.108678423 -0.00765644852
v -0.00555624999 -0.108710513 -0.00765968021
v -0.00555624999 -0.10864687 -0.00764978025
v -0.00555624999 -0.108533166 -0.00759086525
v -0.00555624999 -0.108559035 -0.00761012221
v -0.00555624999 -0.109605812 -0.00931826793
v -0.00555624999 -0.108469978 -0.00751809776
v -0.00555624999 -0.108488373 -0.00754458364
v -0.00555624999 -0.109254785 -0.00946317147
v -0.00555624999 -0.108442239 -0.00745997252
v -0.00555624999 -0.10845454 -0.00748978416
v -0.00555624999 -0.108774789 -0.00765572162
v -0.00555624999 -0.108616218 -0.00763975224
v -0.00555624999 -0.108586825 -0.00762648135
v -0.00555624999 -0.109922349 -0.00893111527
v -0.00555624999 -0.108509518 -0.007568934
v -0.00555624999 -0.10982129 -0.0091061173
v -0.00555624999 -0.109685138 -0.00925544649
v -0.00555624999 -0.109467618 -0.00940939877
v -0.00555624999 -0.109520182 -0.00937218778
v -0.00555624999 -0.109406643 -0.00948403031
v -0.00555624999 -0.108742759 -0.00765943667
v -0.00555624999 -0.109958179 -0.00883648265
v -0.00555624999 -0.109876543 -0.00902134273
v -0.00555624999 -0.109757245 -0.0091844555
v -0.00555624999 -0.109492898 -0.00938937441
v -0.00555624999 -0.109372571 -0.00957418233
v -0.00555624999 -0.1093679 -0.00960609131
v -0.00555624999 -0.109392054 -0.00951279514
v -0.00555624999 -0.109380655 -0.00954296254
v -0.00555624999 -0.109424233 -0.00945700426
v -0.00555624999 -0.109444641 -0.00943202991
v -0.00555624999 -0.109366685 -0.00963831786
v -0.00555624999 -0.10936895 -0.00967048761
v -0.00555624999 -0.109374672 -0.00970222615
v -0.00555624999 -0.109383777 -0.00973316468
v -0.00555624999 -0.10939616 -0.00976294186
v -0.00555624999 -0.109520182 -0.00937218778
v 0.00555624999 -0.109520182 -0.00937218778
v 0.00555624999 -0.109492898 -0.00938937441
v -0.00555624999 -0.109492898 -0.00938937441
v 0.00555624999 -0.109467618 -0.00940939877
v -0.00555624999 -0.109467618 -0.00940939877
v 0.00555624999 -0.109444641 -0.00943202991
v -0.00555624999 -0.109444641 -0.00943202991
v 0.00555624999 -0.109424233 -0.00945700426
v -0.00555624999 -0.109424233 -0.00945700426
v 0.00555624999 -0.109406643 -0.00948403031
v -0.00555624999 -0.109406643 -0.00948403031
v 0.00555624999 -0.109392054 -0.00951279514
v -0.00555624999 -0.109392054 -0.00951279514
v 0.00555624999 -0.109380655 -0.00954296254
v -0.00555624999 -0.109380655 -0.00954296254
v 0.00555624999 -0.109372571 -0.00957418233
v -0.00555624999 -0.109372571 -0.00957418233
v 0.00555624999 -0.1093679 -0.00960609131
v -0.00555624999 -0.1093679 -0.00960609131
v 0.00555624999 -0.109366685 -0.00963831786
v -0.00555624999 -0.109366685 -0.00963831786
v 0.00555624999 -0.10936895 -0.00967048761
v -0.00555624999 -0.10936895 -0.00967048761
v 0.00555624999 -0.109374672 -0.00970222615
v -0.00555624999 -0.109374672 -0.00970222615
v 0.00555624999 -0.109383777 -0.00973316468
v -0.00555624999 -0.109383777 -0.00973316468
v 0.00555624999 -0.10939616 -0.00976294186
v -0.00555624999 -0.10939616 -0.00976294186
v 0.00555624999 -0.109605812 -0.00931826793
v 0.00555624999 -0.109520182 -0.00937218778
v -0.00555624999 -0.109520182 -0.00937218778
v 0.00555624999 -0.109685138 -0.00925544649
v -0.00555624999 -0.109605812 -0.00931826793
v 0.00555624999 -0.109757245 -0.0091844555
v -0.00555624999 -0.109685138 -0.00925544649
v 0.00555624999 -0.10982129 -0.0091061173
v -0.00555624999 -0.109757245 -0.0091844555
v 0.00555624999 -0.109876543 -0.00902134273
v -0.00555624999 -0.10982129 -0.0091061173
v 0.00555624999 -0.109922349 -0.00893111527
v -0.00555624999 -0.109876543 -0.00902134273
v 0.00555624999 -0.109958179 -0.00883648265
v -0.00555624999 -0.109922349 -0.00893111527
v 0.00555624999 -0.109983623 -0.00873854384
v -0.00555624999 -0.109958179 -0.00883648265
v 0.00555624999 -0.109998375 -0.00863843691
v -0.00555624999 -0.109983623 -0.00873854384
v 0.00555624999 -0.110002279 -0.00853732228
v -0.00555624999 -0.109998375 -0.00863843691
v 0.00555624999 -0.109995268 -0.00843637623
v -0.00555624999 -0.110002279 -0.00853732228
v 0.00555624999 -0.109977446 -0.00833676942
v -0.00555624999 -0.109995268 -0.00843637623
v 0.00555624999 -0.109949008 -0.00823965948
v -0.00555624999 -0.109977446 -0.00833676942
v 0.00555624999 -0.109910287 -0.00814617239
v -0.00555624999 -0.109949008 -0.00823965948
v 0.00555624999 -0.109861724 -0.00805739593
v -0.00555624999 -0.109910287 -0.00814617239
v 0.00555624999 -0.1098039 -0.00797435828
v -0.00555624999 -0.109861724 -0.00805739593
v 0.00555624999 -0.109737471 -0.00789802615
v -0.00555624999 -0.1098039 -0.00797435828
v 0.00555624999 -0.109663218 -0.0078292843
v -0.00555624999 -0.109737471 -0.00789802615
v 0.00555624999 -0.109581992 -0.00776893133
v -0.00555624999 -0.109663218 -0.0078292843
v 0.00555624999 -0.109494753 -0.00771766808
v -0.00555624999 -0.109581992 -0.00776893133
v 0.00555624999 -0.1094025 -0.00767609011
v -0.00555624999 -0.109494753 -0.00771766808
v 0.00555624999 -0.109306313 -0.0076446794
v -0.00555624999 -0.1094025 -0.00767609011
v 0.00555624999 -0.109207295 -0.00762380147
v -0.00555624999 -0.109306313 -0.0076446794
v 0.00555624999 -0.109106615 -0.00761369802
v -0.00555624999 -0.109207295 -0.00762380147
v 0.00555624999 -0.109005429 -0.00761448685
v -0.00555624999 -0.109106615 -0.00761369802
v 0.00555624999 -0.108904913 -0.00762615865
v -0.00555624999 -0.109005429 -0.00761448685
v 0.00555624999 -0.108806238 -0.00764857838
v -0.00555624999 -0.108904913 -0.00762615865
v -0.00555624999 -0.108806238 -0.00764857838
v 0.00555624999 -0.108087488 -0.00484542549
v 0.00555624999 -0.108483024 -0.00491618039
v 0.00555624999 -0.108387589 -0.00488255732
v 0.00555624999 -0.107986726 -0.00485477364
v 0.00555624999 -0.108648367 -0.00656261435
v 0.00555624999 -0.108729124 -0.00650164206
v 0.00555624999 -0.108289085 -0.00485939858
v 0.00555624999 -0.108812787 -0.00514579145
v 0.00555624999 -0.108740136 -0.00507535366
v 0.00555624999 -0.108802848 -0.00643233443
v 0.00555624999 -0.108469583 -0.00665682601
v 0.00555624999 -0.108561516 -0.0066145435
v 0.00555624999 -0.108188659 -0.00484697334
v 0.00555624999 -0.108660333 -0.00501314132
v 0.00555624999 -0.108979821 -0.00539786182
v 0.00555624999 -0.10893333 -0.00530798733
v 0.00555624999 -0.108868688 -0.00635549612
v 0.00555624999 -0.108925879 -0.00627201935
v 0.00555624999 -0.108574294 -0.00495987758
v 0.00555624999 -0.108877428 -0.00522363745
v 0.00555624999 -0.109016374 -0.00549221784
v 0.00555624999 -0.10905809 -0.00568995066
v 0.00555624999 -0.109042563 -0.00558995875
v 0.00555624999 -0.109056525 -0.00589202857
v 0.00555624999 -0.109062761 -0.00579103176
v 0.00555624999 -0.108973756 -0.00618287362
v 0.00555624999 -0.109011769 -0.00608909363
v 0.00555624999 -0.109039463 -0.00599176856
v 0.00555624999 -0.107698694 -0.00484485598
v 0.00555624999 -0.108440287 -0.00667030318
v 0.00555624999 -0.107799485 -0.00482122041
v 0.00555624999 -0.107828565 -0.00483516324
v 0.00555624999 -0.107746653 -0.00478438009
v 0.00555624999 -0.107723519 -0.004761911
v 0.00555624999 -0.107858978 -0.00484589301
v 0.00555624999 -0.107922368 -0.00485725328
v 0.00555624999 -0.107890368 -0.00485328492
v 0.00555624999 -0.108324207 -0.00677950634
v 0.00555624999 -0.108342417 -0.00675289147
v 0.00555624999 -0.107772075 -0.00480422657
v 0.00555624999 -0.108386882 -0.006706296
v 0.00555624999 -0.108412609 -0.00668685744
v 0.00555624999 -0.10836339 -0.00672839303
v 0.00555624999 -0.108296871 -0.00683782529
v 0.00555624999 -0.108308963 -0.00680792751
v 0.00555624999 -0.108282663 -0.00690064393
v 0.00555624999 -0.108288072 -0.00686885091
v 0.00555624999 -0.107702941 -0.00473708101
v 0.00555624999 -0.107685156 -0.00471017929
v 0.00555624999 -0.107954614 -0.00485775154
v 0.00555624999 -0.108282238 -0.00696504768
v 0.00555624999 -0.108280718 -0.00693283416
v 0.00555624999 -0.108295619 -0.00702804839
v 0.00555624999 -0.10828723 -0.00699690916
v 0.00555624999 -0.107670374 -0.0046815183
v 0.00555624999 -0.107658759 -0.00465143146
v 0.00555624999 -0.107650459 -0.00462026941
v -0.00555624999 -0.107561469 -0.00417290302
v 0.00555624999 -0.107561469 -0.00417290302
v 0.00555624999 -0.107650459 -0.00462026941
v -0.00555624999 -0.107650459 -0.00462026941
v 0.00555624999 -0.107986726 -0.00485477364
v -0.00555624999 -0.107986726 -0.00485477364
v -0.00555624999 -0.107954614 -0.00485775154
v 0.00555624999 -0.107954614 -0.00485775154
v -0.00555624999 -0.107922368 -0.00485725328
v 0.00555624999 -0.107922368 -0.00485725328
v -0.00555624999 -0.107890368 -0.00485328492
v 0.00555624999 -0.107890368 -0.00485328492
v -0.00555624999 -0.107858978 -0.00484589301
v 0.00555624999 -0.107858978 -0.00484589301
v -0.00555624999 -0.107828565 -0.00483516324
v 0.00555624999 -0.107828565 -0.00483516324
v -0.00555624999 -0.107799485 -0.00482122041
v 0.00555624999 -0.107799485 -0.00482122041
v -0.00555624999 -0.107772075 -0.00480422657
v 0.00555624999 -0.107772075 -0.00480422657
v -0.00555624999 -0.107746653 -0.00478438009
v 0.00555624999 -0.107746653 -0.00478438009
v -0.00555624999 -0.107723519 -0.004761911
v 0.00555624999 -0.107723519 -0.004761911
v -0.00555624999 -0.107702941 -0.00473708101
v 0.00555624999 -0.107702941 -0.00473708101
v -0.00555624999 -0.107685156 -0.00471017929
v 0.00555624999 -0.107685156 -0.00471017929
v -0.00555624999 -0.107670374 -0.0046815183
v 0.00555624999 -0.107670374 -0.0046815183
v -0.00555624999 -0.107658759 -0.00465143146
v 0.00555624999 -0.107658759 -0.00465143146
v -0.00555624999 -0.107650459 -0.00462026941
v 0.00555624999 -0.107650459 -0.00462026941
v -0.00555624999 -0.107986726 -0.00485477364
v -0.00555624999 -0.108802848 -0.00643233443
v -0.00555624999 -0.108729124 -0.00650164206
v -0.00555624999 -0.108087488 -0.00484542549
v -0.00555624999 -0.108289085 -0.00485939858
v -0.00555624999 -0.108387589 -0.00488255732
v -0.00555624999 -0.108648367 -0.00656261435
v -0.00555624999 -0.108561516 -0.0066145435
v -0.00555624999 -0.108868688 -0.00635549612
v -0.00555624999 -0.108660333 -0.00501314132
v -0.00555624999 -0.108740136 -0.00507535366
v -0.00555624999 -0.108188659 -0.00484697334
v -0.00555624999 -0.108973756 -0.00618287362
v -0.00555624999 -0.108925879 -0.00627201935
v -0.00555624999 -0.108877428 -0.00522363745
v -0.00555624999 -0.10893333 -0.00530798733
v -0.00555624999 -0.108574294 -0.00495987758
v -0.00555624999 -0.108483024 -0.00491618039
v -0.00555624999 -0.109039463 -0.00599176856
v -0.00555624999 -0.109011769 -0.00608909363
v -0.00555624999 -0.10905809 -0.00568995066
v -0.00555624999 -0.109062761 -0.00579103176
v -0.00555624999 -0.109016374 -0.00549221784
v -0.00555624999 -0.109042563 -0.00558995875
v -0.00555624999 -0.108979821 -0.00539786182
v -0.00555624999 -0.108812787 -0.00514579145
v -0.00555624999 -0.109056525 -0.00589202857
v -0.00555624999 -0.107698694 -0.00484485598
v -0.00555624999 -0.107772075 -0.00480422657
v -0.00555624999 -0.107799485 -0.00482122041
v -0.00555624999 -0.108440287 -0.00667030318
v -0.00555624999 -0.10836339 -0.00672839303
v -0.00555624999 -0.108342417 -0.00675289147
v -0.00555624999 -0.108469583 -0.00665682601
v -0.00555624999 -0.107858978 -0.00484589301
v -0.00555624999 -0.107890368 -0.00485328492
v -0.00555624999 -0.107828565 -0.00483516324
v -0.00555624999 -0.107702941 -0.00473708101
v -0.00555624999 -0.107723519 -0.004761911
v -0.00555624999 -0.108296871 -0.00683782529
v -0.00555624999 -0.108288072 -0.00686885091
v -0.00555624999 -0.108324207 -0.00677950634
v -0.00555624999 -0.108308963 -0.00680792751
v -0.00555624999 -0.108386882 -0.006706296
v -0.00555624999 -0.108412609 -0.00668685744
v -0.00555624999 -0.107954614 -0.00485775154
v -0.00555624999 -0.107746653 -0.00478438009
v -0.00555624999 -0.108282663 -0.00690064393
v -0.00555624999 -0.108280718 -0.00693283416
v -0.00555624999 -0.107922368 -0.00485725328
v -0.00555624999 -0.107670374 -0.0046815183
v -0.00555624999 -0.107685156 -0.00471017929
v -0.00555624999 -0.107650459 -0.00462026941
v -0.00555624999 -0.107658759 -0.00465143146
v -0.00555624999 -0.108282238 -0.00696504768
v -0.00555624999 -0.10828723 -0.00699690916
v -0.00555624999 -0.108295619 -0.00702804839
v -0.00555624999 -0.108469583 -0.00665682601
v 0.00555624999 -0.108469583 -0.00665682601
v 0.00555624999 -0.108440287 -0.00667030318
v -0.00555624999 -0.108440287 -0.00667030318
v 0.00555624999 -0.108412609 -0.00668685744
v -0.00555624999 -0.108412609 -0.00668685744
v 0.00555624999 -0.108386882 -0.006706296
v -0.00555624999 -0.108386882 -0.006706296
v 0.00555624999 -0.10836339 -0.00672839303
v -0.00555624999 -0.10836339 -0.00672839303
v 0.00555624999 -0.108342417 -0.00675289147
v -0.00555624999 -0.108342417 -0.00675289147
v 0.00555624999 -0.108324207 -0.00677950634
v -0.00555624999 -0.108324207 -0.00677950634
v 0.00555624999 -0.108308963 -0.00680792751
v -0.00555624999 -0.108308963 -0.00680792751
v 0.00555624999 -0.108296871 -0.00683782529
v -0.00555624999 -0.108296871 -0.00683782529
v 0.00555624999 -0.108288072 -0.00686885091
v -0.00555624999 -0.108288072 -0.00686885091
v 0.00555624999 -0.108282663 -0.00690064393
v -0.00555624999 -0.108282663 -0.00690064393
v 0.00555624999 -0.108280718 -0.00693283416
v -0.00555624999 -0.108280718 -0.00693283416
v 0.00555624999 -0.108282238 -0.00696504768
v -0.00555624999 -0.108282238 -0.00696504768
v 0.00555624999 -0.10828723 -0.00699690916
v -0.00555624999 -0.10828723 -0.00699690916
v 0.00555624999 -0.108295619 -0.00702804839
v -0.00555624999 -0.108295619 -0.00702804839
v 0.00555624999 -0.108561516 -0.0066145435
v 0.00555624999 -0.108469583 -0.00665682601
v -0.00555624999 -0.108469583 -0.00665682601
v 0.00555624999 -0.108648367 -0.00656261435
v -0.00555624999 -0.108561516 -0.0066145435
v 0.00555624999 -0.108729124 -0.00650164206
v -0.00555624999 -0.108648367 -0.00656261435
v 0.00555624999 -0.108802848 -0.00643233443
v -0.00555624999 -0.108729124 -0.00650164206
v 0.00555624999 -0.108868688 -0.00635549612
v -0.00555624999 -0.108802848 -0.00643233443
v 0.00555624999 -0.108925879 -0.00627201935
v -0.00555624999 -0.108868688 -0.00635549612
v 0.00555624999 -0.108973756 -0.00618287362
v -0.00555624999 -0.108925879 -0.00627201935
v 0.00555624999 -0.109011769 -0.00608909363
v -0.00555624999 -0.108973756 -0.00618287362
v 0.00555624999 -0.109039463 -0.00599176856
v -0.00555624999 -0.109011769 -0.00608909363
v 0.00555624999 -0.109056525 -0.00589202857
v -0.00555624999 -0.109039463 -0.00599176856
v 0.00555624999 -0.109062761 -0.00579103176
v -0.00555624999 -0.109056525 -0.00589202857
v 0.00555624999 -0.10905809 -0.00568995066
v -0.00555624999 -0.109062761 -0.00579103176
v 0.00555624999 -0.109042563 -0.00558995875
v -0.00555624999 -0.10905809 -0.00568995066
v 0.00555624999 -0.109016374 -0.00549221784
v -0.00555624999 -0.109042563 -0.00558995875
v 0.00555624999 -0.108979821 -0.00539786182
v -0.00555624999 -0.109016374 -0.00549221784
v 0.00555624999 -0.10893333 -0.00530798733
v -0.00555624999 -0.108979821 -0.00539786182
v 0.00555624999 -0.108877428 -0.00522363745
v -0.00555624999 -0.10893333 -0.00530798733
v 0.00555624999 -0.108812787 -0.00514579145
v -0.00555624999 -0.108877428 -0.00522363745
v 0.00555624999 -0.108740136 -0.00507535366
v -0.00555624999 -0.108812787 -0.00514579145
v 0.00555624999 -0.108660333 -0.00501314132
v -0.00555624999 -0.108740136 -0.00507535366
v 0.00555624999 -0.108574294 -0.00495987758
v -0.00555624999 -0.108660333 -0.00501314132
v 0.00555624999 -0.108483024 -0.00491618039
v -0.00555624999 -0.108574294 -0.00495987758
v 0.00555624999 -0.108387589 -0.00488255732
v -0.00555624999 -0.108483024 -0.00491618039
v 0.00555624999 -0.108289085 -0.00485939858
v -0.00555624999 -0.108387589 -0.00488255732
v 0.00555624999 -0.108188659 -0.00484697334
v -0.00555624999 -0.108289085 -0.00485939858
v 0.00555624999 -0.108087488 -0.00484542549
v -0.00555624999 -0.108188659 -0.00484697334
v 0.00555624999 -0.107986726 -0.00485477364
v -0.00555624999 -0.108087488 -0.00484542549
v -0.00555624999 -0.107986726 -0.00485477364
v 0.00555624999 -0.107538894 -0.0019779026
v 0.00555624999 -0.107838057 -0.00202195346
v 0.00555624999 -0.107740112 -0.00199652649
v 0.00555624999 -0.107932694 -0.0020577712
v 0.00555624999 -0.108107716 -0.00215880037
v 0.00555624999 -0.108022928 -0.0021035641
v 0.00555624999 -0.108452603 -0.00264596962
v 0.00555624999 -0.108418234 -0.00255079498
v 0.00555624999 -0.108257063 -0.00229493505
v 0.00555624999 -0.108186059 -0.00222283858
v 0.00555624999 -0.108373828 -0.00245987088
v 0.00555624999 -0.108319893 -0.00237425277
v 0.00555624999 -0.108492069 -0.00294577493
v 0.00555624999 -0.108489737 -0.00284461281
v 0.00555624999 -0.108464144 -0.00314592058
v 0.00555624999 -0.108483508 -0.00304660108
v 0.00555624999 -0.107971951 -0.00375749357
v 0.00555624999 -0.108059973 -0.00370758376
v 0.00555624999 -0.108476527 -0.00274428935
v 0.00555624999 -0.108434215 -0.00324257999
v 0.00555624999 -0.108344123 -0.00342347403
v 0.00555624999 -0.108394049 -0.00333545753
v 0.00555624999 -0.108142115 -0.00364849251
v 0.00555624999 -0.107782401 -0.00382756372
v 0.00555624999 -0.107879065 -0.00379764242
v 0.00555624999 -0.108217426 -0.0035809055
v 0.00555624999 -0.108285025 -0.00350560807
v 0.00555624999 -0.107751593 -0.00383710139
v 0.00555624999 -0.107303895 -0.00243671192
v 0.00555624999 -0.107357629 -0.00192019599
v 0.00555624999 -0.107332669 -0.00189977011
v 0.00555624999 -0.107506663 -0.00197666348
v 0.00555624999 -0.107474759 -0.00197196053
v 0.00555624999 -0.107640006 -0.00198178599
v 0.00555624999 -0.107384637 -0.00193781522
v 0.00555624999 -0.107443549 -0.00196384895
v 0.00555624999 -0.107413389 -0.0019524229
v 0.00555624999 -0.107667774 -0.00388465729
v 0.00555624999 -0.107693948 -0.00386581523
v 0.00555624999 -0.107721992 -0.00384990149
v 0.00555624999 -0.107622251 -0.00393021852
v 0.00555624999 -0.107643783 -0.00390620856
v 0.00555624999 -0.107574768 -0.00401408272
v 0.00555624999 -0.107587546 -0.00398447085
v 0.00555624999 -0.107557215 -0.00414093537
v 0.00555624999 -0.107556432 -0.00410869531
v 0.00555624999 -0.107247852 -0.0017648366
v 0.00555624999 -0.107240267 -0.0017334919
v 0.00555624999 -0.107290059 -0.00185147882
v 0.00555624999 -0.107272893 -0.00182417524
v 0.00555624999 -0.107310057 -0.00187677529
v 0.00555624999 -0.107603431 -0.00395640731
v 0.00555624999 -0.107559122 -0.00407655817
v 0.00555624999 -0.107565254 -0.00404489785
v 0.00555624999 -0.107561469 -0.00417290302
v 0.00555624999 -0.107258774 -0.00179518212
v 0.00555624999 -0.107236102 -0.00170151249
v -0.00555624999 -0.10720627 -0.00124635804
v 0.00555624999 -0.10720627 -0.00124635804
v 0.00555624999 -0.107236102 -0.00170151249
v -0.00555624999 -0.107236102 -0.00170151249
v 0.00555624999 -0.107538894 -0.0019779026
v -0.00555624999 -0.107538894 -0.0019779026
v -0.00555624999 -0.107506663 -0.00197666348
v 0.00555624999 -0.107506663 -0.00197666348
v -0.00555624999 -0.107474759 -0.00197196053
v 0.00555624999 -0.107474759 -0.00197196053
v -0.00555624999 -0.107443549 -0.00196384895
v 0.00555624999 -0.107443549 -0.00196384895
v -0.00555624999 -0.107413389 -0.0019524229
v 0.00555624999 -0.107413389 -0.0019524229
v -0.00555624999 -0.107384637 -0.00193781522
v 0.00555624999 -0.107384637 -0.00193781522
v -0.00555624999 -0.107357629 -0.00192019599
v 0.00555624999 -0.107357629 -0.00192019599
v -0.00555624999 -0.107332669 -0.00189977011
v 0.00555624999 -0.107332669 -0.00189977011
v -0.00555624999 -0.107310057 -0.00187677529
v 0.00555624999 -0.107310057 -0.00187677529
v -0.00555624999 -0.107290059 -0.00185147882
v 0.00555624999 -0.107290059 -0.00185147882
v -0.00555624999 -0.107272893 -0.00182417524
v 0.00555624999 -0.107272893 -0.00182417524
v -0.00555624999 -0.107258774 -0.00179518212
v 0.00555624999 -0.107258774 -0.00179518212
v -0.00555624999 -0.107247852 -0.0017648366
v 0.00555624999 -0.107247852 -0.0017648366
v -0.00555624999 -0.107240267 -0.0017334919
v 0.00555624999 -0.107240267 -0.0017334919
v -0.00555624999 -0.107236102 -0.00170151249
v 0.00555624999 -0.107236102 -0.00170151249
v -0.00555624999 -0.107538894 -0.0019779026
v -0.00555624999 -0.107640006 -0.00198178599
v -0.00555624999 -0.107740112 -0.00199652649
v -0.00555624999 -0.108373828 -0.00245987088
v -0.00555624999 -0.108418234 -0.00255079498
v -0.00555624999 -0.107932694 -0.0020577712
v -0.00555624999 -0.108022928 -0.0021035641
v -0.00555624999 -0.107838057 -0.00202195346
v -0.00555624999 -0.108319893 -0.00237425277
v -0.00555624999 -0.108107716 -0.00215880037
v -0.00555624999 -0.108186059 -0.00222283858
v -0.00555624999 -0.108142115 -0.00364849251
v -0.00555624999 -0.108059973 -0.00370758376
v -0.00555624999 -0.108492069 -0.00294577493
v -0.00555624999 -0.108483508 -0.00304660108
v -0.00555624999 -0.108476527 -0.00274428935
v -0.00555624999 -0.108489737 -0.00284461281
v -0.00555624999 -0.108257063 -0.00229493505
v -0.00555624999 -0.107971951 -0.00375749357
v -0.00555624999 -0.107879065 -0.00379764242
v -0.00555624999 -0.108217426 -0.0035809055
v -0.00555624999 -0.108434215 -0.00324257999
v -0.00555624999 -0.108394049 -0.00333545753
v -0.00555624999 -0.108464144 -0.00314592058
v -0.00555624999 -0.108452603 -0.00264596962
v -0.00555624999 -0.108344123 -0.00342347403
v -0.00555624999 -0.108285025 -0.00350560807
v -0.00555624999 -0.107782401 -0.00382756372
v -0.00555624999 -0.107751593 -0.00383710139
v -0.00555624999 -0.107506663 -0.00197666348
v -0.00555624999 -0.107303895 -0.00243671192
v -0.00555624999 -0.107310057 -0.00187677529
v -0.00555624999 -0.107332669 -0.00189977011
v -0.00555624999 -0.107474759 -0.00197196053
v -0.00555624999 -0.107384637 -0.00193781522
v -0.00555624999 -0.107413389 -0.0019524229
v -0.00555624999 -0.107357629 -0.00192019599
v -0.00555624999 -0.107721992 -0.00384990149
v -0.00555624999 -0.107693948 -0.00386581523
v -0.00555624999 -0.107443549 -0.00196384895
v -0.00555624999 -0.107603431 -0.00395640731
v -0.00555624999 -0.107587546 -0.00398447085
v -0.00555624999 -0.107667774 -0.00388465729
v -0.00555624999 -0.107643783 -0.00390620856
v -0.00555624999 -0.107559122 -0.00407655817
v -0.00555624999 -0.107556432 -0.00410869531
v -0.00555624999 -0.107574768 -0.00401408272
v -0.00555624999 -0.107565254 -0.00404489785
v -0.00555624999 -0.107622251 -0.00393021852
v -0.00555624999 -0.107290059 -0.00185147882
v -0.00555624999 -0.107258774 -0.00179518212
v -0.00555624999 -0.107272893 -0.00182417524
v -0.00555624999 -0.107236102 -0.00170151249
v -0.00555624999 -0.107240267 -0.0017334919
v -0.00555624999 -0.107247852 -0.0017648366
v -0.00555624999 -0.107557215 -0.00414093537
v -0.00555624999 -0.107561469 -0.00417290302
v -0.00555624999 -0.107782401 -0.00382756372
v 0.00555624999 -0.107782401 -0.00382756372
v 0.00555624999 -0.107751593 -0.00383710139
v -0.00555624999 -0.107751593 -0.00383710139
v 0.00555624999 -0.107721992 -0.00384990149
v -0.00555624999 -0.107721992 -0.00384990149
v 0.00555624999 -0.107693948 -0.00386581523
v -0.00555624999 -0.107693948 -0.00386581523
v 0.00555624999 -0.107667774 -0.00388465729
v -0.00555624999 -0.107667774 -0.00388465729
v 0.00555624999 -0.107643783 -0.00390620856
v -0.00555624999 -0.107643783 -0.00390620856
v 0.00555624999 -0.107622251 -0.00393021852
v -0.00555624999 -0.107622251 -0.00393021852
v 0.00555624999 -0.107603431 -0.00395640731
v -0.00555624999 -0.107603431 -0.00395640731
v 0.00555624999 -0.107587546 -0.00398447085
v -0.00555624999 -0.107587546 -0.00398447085
v 0.00555624999 -0.107574768 -0.00401408272
v -0.00555624999 -0.107574768 -0.00401408272
v 0.00555624999 -0.107565254 -0.00404489785
v -0.00555624999 -0.107565254 -0.00404489785
v 0.00555624999 -0.107559122 -0.00407655817
v -0.00555624999 -0.107559122 -0.00407655817
v 0.00555624999 -0.107556432 -0.00410869531
v -0.00555624999 -0.107556432 -0.00410869531
v 0.00555624999 -0.107557215 -0.00414093537
v -0.00555624999 -0.107557215 -0.00414093537
v 0.00555624999 -0.107561469 -0.00417290302
v -0.00555624999 -0.107561469 -0.00417290302
v 0.00555624999 -0.107879065 -0.00379764242
v 0.00555624999 -0.107782401 -0.00382756372
v -0.00555624999 -0.107782401 -0.00382756372
v 0.00555624999 -0.107971951 -0.00375749357
v -0.00555624999 -0.107879065 -0.00379764242
v 0.00555624999 -0.108059973 -0.00370758376
v -0.00555624999 -0.107971951 -0.00375749357
v 0.00555624999 -0.108142115 -0.00364849251
v -0.00555624999 -0.108059973 -0.00370758376
v 0.00555624999 -0.108217426 -0.0035809055
v -0.00555624999 -0.108142115 -0.00364849251
v 0.00555624999 -0.108285025 -0.00350560807
v -0.00555624999 -0.108217426 -0.0035809055
v 0.00555624999 -0.108344123 -0.00342347403
v -0.00555624999 -0.108285025 -0.00350560807
v 0.00555624999 -0.108394049 -0.00333545753
v -0.00555624999 -0.108344123 -0.00342347403
v 0.00555624999 -0.108434215 -0.00324257999
v -0.00555624999 -0.108394049 -0.00333545753
v 0.00555624999 -0.108464144 -0.00314592058
v -0.00555624999 -0.108434215 -0.00324257999
v 0.00555624999 -0.108483508 -0.00304660108
v -0.00555624999 -0.108464144 -0.00314592058
v 0.00555624999 -0.108492069 -0.00294577493
v -0.00555624999 -0.108483508 -0.00304660108
v 0.00555624999 -0.108489737 -0.00284461281
v -0.00555624999 -0.108492069 -0.00294577493
v 0.00555624999 -0.108476527 -0.00274428935
v -0.00555624999 -0.108489737 -0.00284461281
v 0.00555624999 -0.108452603 -0.00264596962
v -0.00555624999 -0.108476527 -0.00274428935
v 0.00555624999 -0.108418234 -0.00255079498
v -0.00555624999 -0.108452603 -0.00264596962
v 0.00555624999 -0.108373828 -0.00245987088
v -0.00555624999 -0.108418234 -0.00255079498
v 0.00555624999 -0.108319893 -0.00237425277
v -0.00555624999 -0.108373828 -0.00245987088
v 0.00555624999 -0.108257063 -0.00229493505
v -0.00555624999 -0.108319893 -0.00237425277
v 0.00555624999 -0.108186059 -0.00222283858
v -0.00555624999 -0.108257063 -0.00229493505
v 0.00555624999 -0.108107716 -0.00215880037
v -0.00555624999 -0.108186059 -0.00222283858
v 0.00555624999 -0.108022928 -0.0021035641
v -0.00555624999 -0.108107716 -0.00215880037
v 0.00555624999 -0.107932694 -0.0020577712
v -0.00555624999 -0.108022928 -0.0021035641
v 0.00555624999 -0.107838057 -0.00202195346
v -0.00555624999 -0.107932694 -0.0020577712
v 0.00555624999 -0.107740112 -0.00199652649
v -0.00555624999 -0.107838057 -0.00202195346
v 0.00555624999 -0.107640006 -0.00198178599
v -0.00555624999 -0.107740112 -0.00199652649
v 0.00555624999 -0.107538894 -0.0019779026
v -0.00555624999 -0.107640006 -0.00198178599
v -0.00555624999 -0.107538894 -0.0019779026
v 0.00555624999 -0.132553712 0.0212193597
v 0.00555624999 -0.132855013 0.0212449469
v 0.00555624999 -0.132951677 0.0212748814
v 0.00555624999 -0.132654876 0.0212170221
v 0.00555624999 -0.132755697 0.0212255847
v 0.00555624999 -0.133044556 0.0213150438
v 0.00555624999 -0.132355064 0.0212564934
v 0.00555624999 -0.132453382 0.0212325677
v 0.00555624999 -0.13225989 0.0212908592
v 0.00555624999 -0.132083341 0.0213891994
v 0.00555624999 -0.132168964 0.0213352665
v 0.00555624999 -0.132004023 0.021452032
v 0.00555624999 -0.133214697 0.0214240719
v 0.00555624999 -0.133289993 0.0214916691
v 0.00555624999 -0.133132562 0.0213649683
v 0.00555624999 -0.133357584 0.0215669777
v 0.00555624999 -0.131812662 0.0216861647
v 0.00555624999 -0.1318679 0.0216013826
v 0.00555624999 -0.131731048 0.0218710378
v 0.00555624999 -0.131766871 0.0217763986
v 0.00555624999 -0.133416682 0.0216491204
v 0.00555624999 -0.133466586 0.0217371434
v 0.00555624999 -0.13350673 0.0218300279
v 0.00555624999 -0.131931931 0.0215230342
v 0.00555624999 -0.133536652 0.0219266918
v 0.00555624999 -0.131690875 0.0220690891
v 0.00555624999 -0.131705627 0.0219689794
v 0.00555624999 -0.131687 0.0221702028
v 0.00555624999 -0.13335523 0.0222404171
v 0.00555624999 -0.13372317 0.0221343264
v 0.00555624999 -0.133753985 0.0221438371
v 0.00555624999 -0.133693561 0.0221215505
v 0.00555624999 -0.133593753 0.0220413208
v 0.00555624999 -0.1336153 0.0220653117
v 0.00555624999 -0.133665502 0.0221056622
v 0.00555624999 -0.133639306 0.022086842
v 0.00555624999 -0.133546188 0.021957498
v 0.00555624999 -0.131685764 0.0222024284
v 0.00555624999 -0.13378565 0.0221499726
v 0.00555624999 -0.133817792 0.0221526641
v 0.00555624999 -0.133558989 0.0219870992
v 0.00555624999 -0.133574903 0.0220151488
v 0.00555624999 -0.131681055 0.0222343337
v 0.00555624999 -0.131442592 0.0224688239
v 0.00555624999 -0.131473929 0.0224612392
v 0.00555624999 -0.131661519 0.0222957041
v 0.00555624999 -0.131672949 0.022265546
v 0.00555624999 -0.131410614 0.0224729907
v 0.00555624999 -0.131629288 0.0223514661
v 0.00555624999 -0.131646916 0.0223244559
v 0.00555624999 -0.131585866 0.0223990344
v 0.00555624999 -0.131608859 0.0223764237
v 0.00555624999 -0.131533265 0.0224361997
v 0.00555624999 -0.131560579 0.0224190373
v 0.00555624999 -0.131504282 0.0224503223
v 0.00555624999 -0.133850023 0.0221518781
v 0.00555624999 -0.133882001 0.0221476257
v 0.00555624999 -0.133536652 0.0219266918
v -0.00555624999 -0.133536652 0.0219266918
v -0.00555624999 -0.133546188 0.021957498
v 0.00555624999 -0.133546188 0.021957498
v -0.00555624999 -0.133558989 0.0219870992
v 0.00555624999 -0.133558989 0.0219870992
v -0.00555624999 -0.133574903 0.0220151488
v 0.00555624999 -0.133574903 0.0220151488
v -0.00555624999 -0.133593753 0.0220413208
v 0.00555624999 -0.133593753 0.0220413208
v -0.00555624999 -0.1336153 0.0220653117
v 0.00555624999 -0.1336153 0.0220653117
v -0.00555624999 -0.133639306 0.022086842
v 0.00555624999 -0.133639306 0.022086842
v -0.00555624999 -0.133665502 0.0221056622
v 0.00555624999 -0.133665502 0.0221056622
v -0.00555624999 -0.133693561 0.0221215505
v 0.00555624999 -0.133693561 0.0221215505
v -0.00555624999 -0.13372317 0.0221343264
v 0.00555624999 -0.13372317 0.0221343264
v -0.00555624999 -0.133753985 0.0221438371
v 0.00555624999 -0.133753985 0.0221438371
v -0.00555624999 -0.13378565 0.0221499726
v 0.00555624999 -0.13378565 0.0221499726
v -0.00555624999 -0.133817792 0.0221526641
v 0.00555624999 -0.133817792 0.0221526641
v -0.00555624999 -0.133850023 0.0221518781
v 0.00555624999 -0.133850023 0.0221518781
v -0.00555624999 -0.133882001 0.0221476257
v 0.00555624999 -0.133882001 0.0221476257
v -0.00555624999 -0.133044556 0.0213150438
v -0.00555624999 -0.132553712 0.0212193597
v -0.00555624999 -0.132453382 0.0212325677
v -0.00555624999 -0.132855013 0.0212449469
v -0.00555624999 -0.132755697 0.0212255847
v -0.00555624999 -0.132951677 0.0212748814
v -0.00555624999 -0.13225989 0.0212908592
v -0.00555624999 -0.132168964 0.0213352665
v -0.00555624999 -0.132355064 0.0212564934
v -0.00555624999 -0.133357584 0.0215669777
v -0.00555624999 -0.131812662 0.0216861647
v -0.00555624999 -0.131766871 0.0217763986
v -0.00555624999 -0.131931931 0.0215230342
v -0.00555624999 -0.1318679 0.0216013826
v -0.00555624999 -0.132083341 0.0213891994
v -0.00555624999 -0.132654876 0.0212170221
v -0.00555624999 -0.132004023 0.021452032
v -0.00555624999 -0.133214697 0.0214240719
v -0.00555624999 -0.133132562 0.0213649683
v -0.00555624999 -0.133289993 0.0214916691
v -0.00555624999 -0.131731048 0.0218710378
v -0.00555624999 -0.13350673 0.0218300279
v -0.00555624999 -0.133466586 0.0217371434
v -0.00555624999 -0.133536652 0.0219266918
v -0.00555624999 -0.131705627 0.0219689794
v -0.00555624999 -0.133416682 0.0216491204
v -0.00555624999 -0.131690875 0.0220690891
v -0.00555624999 -0.131687 0.0221702028
v -0.00555624999 -0.133546188 0.021957498
v -0.00555624999 -0.13335523 0.0222404171
v -0.00555624999 -0.13378565 0.0221499726
v -0.00555624999 -0.133753985 0.0221438371
v -0.00555624999 -0.133639306 0.022086842
v -0.00555624999 -0.1336153 0.0220653117
v -0.00555624999 -0.13372317 0.0221343264
v -0.00555624999 -0.131504282 0.0224503223
v -0.00555624999 -0.131473929 0.0224612392
v -0.00555624999 -0.131685764 0.0222024284
v -0.00555624999 -0.133665502 0.0221056622
v -0.00555624999 -0.133693561 0.0221215505
v -0.00555624999 -0.133882001 0.0221476257
v -0.00555624999 -0.133850023 0.0221518781
v -0.00555624999 -0.131533265 0.0224361997
v -0.00555624999 -0.131585866 0.0223990344
v -0.00555624999 -0.131560579 0.0224190373
v -0.00555624999 -0.131629288 0.0223514661
v -0.00555624999 -0.131608859 0.0223764237
v -0.00555624999 -0.131661519 0.0222957041
v -0.00555624999 -0.131646916 0.0223244559
v -0.00555624999 -0.131681055 0.0222343337
v -0.00555624999 -0.133558989 0.0219870992
v -0.00555624999 -0.133817792 0.0221526641
v -0.00555624999 -0.131672949 0.022265546
v -0.00555624999 -0.133593753 0.0220413208
v -0.00555624999 -0.133574903 0.0220151488
v -0.00555624999 -0.131442592 0.0224688239
v -0.00555624999 -0.131410614 0.0224729907
v -0.00555624999 -0.131687 0.0221702028
v 0.00555624999 -0.131687 0.0221702028
v 0.00555624999 -0.131685764 0.0222024284
v -0.00555624999 -0.131685764 0.0222024284
v 0.00555624999 -0.131681055 0.0222343337
v -0.00555624999 -0.131681055 0.0222343337
v 0.00555624999 -0.131672949 0.022265546
v -0.00555624999 -0.131672949 0.022265546
v 0.00555624999 -0.131661519 0.0222957041
v -0.00555624999 -0.131661519 0.0222957041
v 0.00555624999 -0.131646916 0.0223244559
v -0.00555624999 -0.131646916 0.0223244559
v 0.00555624999 -0.131629288 0.0223514661
v -0.00555624999 -0.131629288 0.0223514661
v 0.00555624999 -0.131608859 0.0223764237
v -0.00555624999 -0.131608859 0.0223764237
v 0.00555624999 -0.131585866 0.0223990344
v -0.00555624999 -0.131585866 0.0223990344
v 0.00555624999 -0.131560579 0.0224190373
v -0.00555624999 -0.131560579 0.0224190373
v 0.00555624999 -0.131533265 0.0224361997
v -0.00555624999 -0.131533265 0.0224361997
v 0.00555624999 -0.131504282 0.0224503223
v -0.00555624999 -0.131504282 0.0224503223
v 0.00555624999 -0.131473929 0.0224612392
v -0.00555624999 -0.131473929 0.0224612392
v 0.00555624999 -0.131442592 0.0224688239
v -0.00555624999 -0.131442592 0.0224688239
v 0.00555624999 -0.131410614 0.0224729907
v -0.00555624999 -0.131410614 0.0224729907
v 0.00555624999 -0.131690875 0.0220690891
v 0.00555624999 -0.131687 0.0221702028
v -0.00555624999 -0.131687 0.0221702028
v 0.00555624999 -0.131705627 0.0219689794
v -0.00555624999 -0.131690875 0.0220690891
v 0.00555624999 -0.131731048 0.0218710378
v -0.00555624999 -0.131705627 0.0219689794
v 0.00555624999 -0.131766871 0.0217763986
v -0.00555624999 -0.131731048 0.0218710378
v 0.00555624999 -0.131812662 0.0216861647
v -0.00555624999 -0.131766871 0.0217763986
v 0.00555624999 -0.1318679 0.0216013826
v -0.00555624999 -0.131812662 0.0216861647
v 0.00555624999 -0.131931931 0.0215230342
v -0.00555624999 -0.1318679 0.0216013826
v 0.00555624999 -0.132004023 0.021452032
v -0.00555624999 -0.131931931 0.0215230342
v 0.00555624999 -0.132083341 0.0213891994
v -0.00555624999 -0.132004023 0.021452032
v 0.00555624999 -0.132168964 0.0213352665
v -0.00555624999 -0.132083341 0.0213891994
v 0.00555624999 -0.13225989 0.0212908592
v -0.00555624999 -0.132168964 0.0213352665
v 0.00555624999 -0.132355064 0.0212564934
v -0.00555624999 -0.13225989 0.0212908592
v 0.00555624999 -0.132453382 0.0212325677
v -0.00555624999 -0.132355064 0.0212564934
v 0.00555624999 -0.132553712 0.0212193597
v -0.00555624999 -0.132453382 0.0212325677
v 0.00555624999 -0.132654876 0.0212170221
v -0.00555624999 -0.132553712 0.0212193597
v 0.00555624999 -0.132755697 0.0212255847
v -0.00555624999 -0.132654876 0.0212170221
v 0.00555624999 -0.132855013 0.0212449469
v -0.00555624999 -0.132755697 0.0212255847
v 0.00555624999 -0.132951677 0.0212748814
v -0.00555624999 -0.132855013 0.0212449469
v 0.00555624999 -0.133044556 0.0213150438
v -0.00555624999 -0.132951677 0.0212748814
v 0.00555624999 -0.133132562 0.0213649683
v -0.00555624999 -0.133044556 0.0213150438
v 0.00555624999 -0.133214697 0.0214240719
v -0.00555624999 -0.133132562 0.0213649683
v 0.00555624999 -0.133289993 0.0214916691
v -0.00555624999 -0.133214697 0.0214240719
v 0.00555624999 -0.133357584 0.0215669777
v -0.00555624999 -0.133289993 0.0214916691
v 0.00555624999 -0.133416682 0.0216491204
v -0.00555624999 -0.133357584 0.0215669777
v 0.00555624999 -0.133466586 0.0217371434
v -0.00555624999 -0.133416682 0.0216491204
v 0.00555624999 -0.13350673 0.0218300279
v -0.00555624999 -0.133466586 0.0217371434
v 0.00555624999 -0.133536652 0.0219266918
v -0.00555624999 -0.13350673 0.0218300279
v -0.00555624999 -0.133536652 0.0219266918
v -0.00555624999 -0.131410614 0.0224729907
v 0.00555624999 -0.131410614 0.0224729907
v 0.00555624999 -0.130955458 0.0225028228
v -0.00555624999 -0.130955458 0.0225028228
v 0.00555624999 -0.129271179 0.0215161145
v 0.00555624999 -0.129363105 0.0214738175
v 0.00555624999 -0.129459053 0.021441659
v 0.00555624999 -0.129658505 0.0214091204
v 0.00555624999 -0.129029885 0.0216983594
v 0.00555624999 -0.129103601 0.0216290411
v 0.00555624999 -0.129860297 0.0214200094
v 0.00555624999 -0.129959136 0.021441659
v 0.00555624999 -0.129557893 0.0214200094
v 0.00555624999 -0.12918435 0.0215680562
v 0.00555624999 -0.13014701 0.0215161145
v 0.00555624999 -0.130233839 0.0215680562
v 0.00555624999 -0.130055085 0.0214738175
v 0.00555624999 -0.129759684 0.0214091204
v 0.00555624999 -0.130314589 0.0216290411
v 0.00555624999 -0.128906876 0.0218586922
v 0.00555624999 -0.128964052 0.0217752066
v 0.00555624999 -0.130388305 0.0216983594
v 0.00555624999 -0.130559176 0.0219478458
v 0.00555624999 -0.128821015 0.02204163
v 0.00555624999 -0.128859013 0.0219478458
v 0.00555624999 -0.130647346 0.0222704913
v 0.00555624999 -0.128488943 0.0225042589
v 0.00555624999 -0.128527045 0.0224994384
v 0.00555624999 -0.130454138 0.0217752066
v 0.00555624999 -0.130511314 0.0218586922
v 0.00555624999 -0.128793329 0.0221389607
v 0.00555624999 -0.128558561 0.0224925745
v 0.00555624999 -0.130683541 0.0223598033
v 0.00555624999 -0.13070178 0.0223864019
v 0.00555624999 -0.128776282 0.0222387034
v 0.00555624999 -0.130597174 0.02204163
v 0.00555624999 -0.12864615 0.0224523768
v 0.00555624999 -0.128671899 0.0224329587
v 0.00555624999 -0.128589153 0.0224823579
v 0.00555624999 -0.128462732 0.0225028228
v 0.00555624999 -0.128494993 0.0225028675
v 0.00555624999 -0.130929247 0.0225042589
v 0.00555624999 -0.130891129 0.0224994384
v 0.00555624999 -0.130923197 0.0225028675
v 0.00555624999 -0.130859628 0.0224925745
v 0.00555624999 -0.130772039 0.0224523768
v 0.00555624999 -0.130799726 0.0224689059
v 0.00555624999 -0.130722776 0.0224108826
v 0.00555624999 -0.130624861 0.0221389607
v 0.00555624999 -0.128695413 0.0224108826
v 0.00555624999 -0.130829036 0.0224823579
v 0.00555624999 -0.130668283 0.0223313961
v 0.00555624999 -0.128749907 0.0223313961
v 0.00555624999 -0.128762022 0.0223015081
v 0.00555624999 -0.128716409 0.0223864019
v 0.00555624999 -0.128618464 0.0224689059
v 0.00555624999 -0.13074629 0.0224329587
v 0.00555624999 -0.130641907 0.0222387034
v 0.00555624999 -0.128734633 0.0223598033
v 0.00555624999 -0.130656168 0.0223015081
v 0.00555624999 -0.128770843 0.0222704913
v 0.00555624999 -0.130955458 0.0225028228
v -0.00555624999 -0.128462732 0.0225028228
v 0.00555624999 -0.128462732 0.0225028228
v 0.00555624999 -0.128007576 0.0224729907
v -0.00555624999 -0.128007576 0.0224729907
v 0.00555624999 -0.128793329 0.0221389607
v 0.00555624999 -0.128776282 0.0222387034
v -0.00555624999 -0.128776282 0.0222387034
v 0.00555624999 -0.128821015 0.02204163
v -0.00555624999 -0.128793329 0.0221389607
v 0.00555624999 -0.128859013 0.0219478458
v -0.00555624999 -0.128821015 0.02204163
v 0.00555624999 -0.128906876 0.0218586922
v -0.00555624999 -0.128859013 0.0219478458
v 0.00555624999 -0.128964052 0.0217752066
v -0.00555624999 -0.128906876 0.0218586922
v 0.00555624999 -0.129029885 0.0216983594
v -0.00555624999 -0.128964052 0.0217752066
v 0.00555624999 -0.129103601 0.0216290411
v -0.00555624999 -0.129029885 0.0216983594
v 0.00555624999 -0.12918435 0.0215680562
v -0.00555624999 -0.129103601 0.0216290411
v 0.00555624999 -0.129271179 0.0215161145
v -0.00555624999 -0.12918435 0.0215680562
v 0.00555624999 -0.129363105 0.0214738175
v -0.00555624999 -0.129271179 0.0215161145
v 0.00555624999 -0.129459053 0.021441659
v -0.00555624999 -0.129363105 0.0214738175
v 0.00555624999 -0.129557893 0.0214200094
v -0.00555624999 -0.129459053 0.021441659
v 0.00555624999 -0.129658505 0.0214091204
v -0.00555624999 -0.129557893 0.0214200094
v 0.00555624999 -0.129759684 0.0214091204
v -0.00555624999 -0.129658505 0.0214091204
v 0.00555624999 -0.129860297 0.0214200094
v -0.00555624999 -0.129759684 0.0214091204
v 0.00555624999 -0.129959136 0.021441659
v -0.00555624999 -0.129860297 0.0214200094
v 0.00555624999 -0.130055085 0.0214738175
v -0.00555624999 -0.129959136 0.021441659
v 0.00555624999 -0.13014701 0.0215161145
v -0.00555624999 -0.130055085 0.0214738175
v 0.00555624999 -0.130233839 0.0215680562
v -0.00555624999 -0.13014701 0.0215161145
v 0.00555624999 -0.130314589 0.0216290411
v -0.00555624999 -0.130233839 0.0215680562
v 0.00555624999 -0.130388305 0.0216983594
v -0.00555624999 -0.130314589 0.0216290411
v 0.00555624999 -0.130454138 0.0217752066
v -0.00555624999 -0.130388305 0.0216983594
v 0.00555624999 -0.130511314 0.0218586922
v -0.00555624999 -0.130454138 0.0217752066
v 0.00555624999 -0.130559176 0.0219478458
v -0.00555624999 -0.130511314 0.0218586922
v 0.00555624999 -0.130597174 0.02204163
v -0.00555624999 -0.130559176 0.0219478458
v 0.00555624999 -0.130624861 0.0221389607
v -0.00555624999 -0.130597174 0.02204163
v 0.00555624999 -0.130641907 0.0222387034
v -0.00555624999 -0.130624861 0.0221389607
v -0.00555624999 -0.130641907 0.0222387034
v -0.00555624999 -0.129658505 0.0214091204
v -0.00555624999 -0.12918435 0.0215680562
v -0.00555624999 -0.129103601 0.0216290411
v -0.00555624999 -0.129271179 0.0215161145
v -0.00555624999 -0.129557893 0.0214200094
v -0.00555624999 -0.129459053 0.021441659
v -0.00555624999 -0.129029885 0.0216983594
v -0.00555624999 -0.130055085 0.0214738175
v -0.00555624999 -0.129959136 0.021441659
v -0.00555624999 -0.129363105 0.0214738175
v -0.00555624999 -0.129860297 0.0214200094
v -0.00555624999 -0.129759684 0.0214091204
v -0.00555624999 -0.13014701 0.0215161145
v -0.00555624999 -0.130314589 0.0216290411
v -0.00555624999 -0.130233839 0.0215680562
v -0.00555624999 -0.128964052 0.0217752066
v -0.00555624999 -0.130559176 0.0219478458
v -0.00555624999 -0.128906876 0.0218586922
v -0.00555624999 -0.128859013 0.0219478458
v -0.00555624999 -0.130454138 0.0217752066
v -0.00555624999 -0.130388305 0.0216983594
v -0.00555624999 -0.128488943 0.0225042589
v -0.00555624999 -0.130647346 0.0222704913
v -0.00555624999 -0.128527045 0.0224994384
v -0.00555624999 -0.128589153 0.0224823579
v -0.00555624999 -0.128558561 0.0224925745
v -0.00555624999 -0.128821015 0.02204163
v -0.00555624999 -0.130511314 0.0218586922
v -0.00555624999 -0.130929247 0.0225042589
v -0.00555624999 -0.130891129 0.0224994384
v -0.00555624999 -0.128494993 0.0225028675
v -0.00555624999 -0.128618464 0.0224689059
v -0.00555624999 -0.128695413 0.0224108826
v -0.00555624999 -0.128671899 0.0224329587
v -0.00555624999 -0.128793329 0.0221389607
v -0.00555624999 -0.128776282 0.0222387034
v -0.00555624999 -0.130624861 0.0221389607
v -0.00555624999 -0.130597174 0.02204163
v -0.00555624999 -0.130722776 0.0224108826
v -0.00555624999 -0.13070178 0.0223864019
v -0.00555624999 -0.130859628 0.0224925745
v -0.00555624999 -0.128716409 0.0223864019
v -0.00555624999 -0.130641907 0.0222387034
v -0.00555624999 -0.13074629 0.0224329587
v -0.00555624999 -0.130829036 0.0224823579
v -0.00555624999 -0.12864615 0.0224523768
v -0.00555624999 -0.128734633 0.0223598033
v -0.00555624999 -0.128770843 0.0222704913
v -0.00555624999 -0.128762022 0.0223015081
v -0.00555624999 -0.130683541 0.0223598033
v -0.00555624999 -0.130799726 0.0224689059
v -0.00555624999 -0.130923197 0.0225028675
v -0.00555624999 -0.128749907 0.0223313961
v -0.00555624999 -0.130772039 0.0224523768
v -0.00555624999 -0.130955458 0.0225028228
v -0.00555624999 -0.130668283 0.0223313961
v -0.00555624999 -0.130656168 0.0223015081
v -0.00555624999 -0.128462732 0.0225028228
v -0.00555624999 -0.128776282 0.0222387034
v 0.00555624999 -0.128776282 0.0222387034
v 0.00555624999 -0.128770843 0.0222704913
v -0.00555624999 -0.128770843 0.0222704913
v 0.00555624999 -0.128762022 0.0223015081
v -0.00555624999 -0.128762022 0.0223015081
v 0.00555624999 -0.128749907 0.0223313961
v -0.00555624999 -0.128749907 0.0223313961
v 0.00555624999 -0.128734633 0.0223598033
v -0.00555624999 -0.128734633 0.0223598033
v 0.00555624999 -0.128716409 0.0223864019
v -0.00555624999 -0.128716409 0.0223864019
v 0.00555624999 -0.128695413 0.0224108826
v -0.00555624999 -0.128695413 0.0224108826
v 0.00555624999 -0.128671899 0.0224329587
v -0.00555624999 -0.128671899 0.0224329587
v 0.00555624999 -0.12864615 0.0224523768
v -0.00555624999 -0.12864615 0.0224523768
v 0.00555624999 -0.128618464 0.0224689059
v -0.00555624999 -0.128618464 0.0224689059
v 0.00555624999 -0.128589153 0.0224823579
v -0.00555624999 -0.128589153 0.0224823579
v 0.00555624999 -0.128558561 0.0224925745
v -0.00555624999 -0.128558561 0.0224925745
v 0.00555624999 -0.128527045 0.0224994384
v -0.00555624999 -0.128527045 0.0224994384
v 0.00555624999 -0.128494993 0.0225028675
v -0.00555624999 -0.128494993 0.0225028675
v 0.00555624999 -0.128462732 0.0225028228
v -0.00555624999 -0.128462732 0.0225028228
v 0.00555624999 -0.130641907 0.0222387034
v -0.00555624999 -0.130641907 0.0222387034
v -0.00555624999 -0.130647346 0.0222704913
v 0.00555624999 -0.130647346 0.0222704913
v -0.00555624999 -0.130656168 0.0223015081
v 0.00555624999 -0.130656168 0.0223015081
v -0.00555624999 -0.130668283 0.0223313961
v 0.00555624999 -0.130668283 0.0223313961
v -0.00555624999 -0.130683541 0.0223598033
v 0.00555624999 -0.130683541 0.0223598033
v -0.00555624999 -0.13070178 0.0223864019
v 0.00555624999 -0.13070178 0.0223864019
v -0.00555624999 -0.130722776 0.0224108826
v 0.00555624999 -0.130722776 0.0224108826
v -0.00555624999 -0.13074629 0.0224329587
v 0.00555624999 -0.13074629 0.0224329587
v -0.00555624999 -0.130772039 0.0224523768
v 0.00555624999 -0.130772039 0.0224523768
v -0.00555624999 -0.130799726 0.0224689059
v 0.00555624999 -0.130799726 0.0224689059
v -0.00555624999 -0.130829036 0.0224823579
v 0.00555624999 -0.130829036 0.0224823579
v -0.00555624999 -0.130859628 0.0224925745
v 0.00555624999 -0.130859628 0.0224925745
v -0.00555624999 -0.130891129 0.0224994384
v 0.00555624999 -0.130891129 0.0224994384
v -0.00555624999 -0.130923197 0.0225028675
v 0.00555624999 -0.130923197 0.0225028675
v -0.00555624999 -0.130955458 0.0225028228
v 0.00555624999 -0.130955458 0.0225028228
v 0.00555624999 -0.126563177 0.0212449469
v 0.00555624999 -0.127249226 0.0213352665
v 0.00555624999 -0.127334848 0.0213891994
v 0.00555624999 -0.126662493 0.0212255847
v 0.00555624999 -0.126763314 0.0212170221
v 0.00555624999 -0.126864478 0.0212193597
v 0.00555624999 -0.127158299 0.0212908592
v 0.00555624999 -0.126964808 0.0212325677
v 0.00555624999 -0.127063125 0.0212564934
v 0.00555624999 -0.126060605 0.0215669777
v 0.00555624999 -0.127605528 0.0216861647
v 0.00555624999 -0.127651319 0.0217763986
v 0.00555624999 -0.127486259 0.0215230342
v 0.00555624999 -0.127550289 0.0216013826
v 0.00555624999 -0.127414152 0.021452032
v 0.00555624999 -0.126373634 0.0213150438
v 0.00555624999 -0.126466513 0.0212748814
v 0.00555624999 -0.126203492 0.0214240719
v 0.00555624999 -0.126285613 0.0213649683
v 0.00555624999 -0.126128182 0.0214916691
v 0.00555624999 -0.126062959 0.0222404171
v 0.00555624999 -0.125632539 0.0221499726
v 0.00555624999 -0.125664189 0.0221438371
v 0.00555624999 -0.127687141 0.0218710378
v 0.00555624999 -0.125911444 0.0218300279
v 0.00555624999 -0.125951603 0.0217371434
v 0.00555624999 -0.125695005 0.0221343264
v 0.00555624999 -0.125724629 0.0221215505
v 0.00555624999 -0.125600398 0.0221526641
v 0.00555624999 -0.125881538 0.0219266918
v 0.00555624999 -0.127809331 0.0223764237
v 0.00555624999 -0.127832323 0.0223990344
v 0.00555624999 -0.127712563 0.0219689794
v 0.00555624999 -0.126001507 0.0216491204
v 0.00555624999 -0.125752687 0.0221056622
v 0.00555624999 -0.125536188 0.0221476257
v 0.00555624999 -0.125568151 0.0221518781
v 0.00555624999 -0.127884924 0.0224361997
v 0.00555624999 -0.127913907 0.0224503223
v 0.00555624999 -0.127857611 0.0224190373
v 0.00555624999 -0.127727315 0.0220690891
v 0.00555624999 -0.125859186 0.0219870992
v 0.00555624999 -0.127732426 0.0222024284
v 0.00555624999 -0.125778869 0.022086842
v 0.00555624999 -0.125802889 0.0220653117
v 0.00555624999 -0.127944261 0.0224612392
v 0.00555624999 -0.127975598 0.0224688239
v 0.00555624999 -0.127771273 0.0223244559
v 0.00555624999 -0.127788901 0.0223514661
v 0.00555624999 -0.125824437 0.0220413208
v 0.00555624999 -0.125843272 0.0220151488
v 0.00555624999 -0.12775667 0.0222957041
v 0.00555624999 -0.127737135 0.0222343337
v 0.00555624999 -0.127731189 0.0221702028
v 0.00555624999 -0.127745241 0.022265546
v 0.00555624999 -0.125871986 0.021957498
v 0.00555624999 -0.128007576 0.0224729907
v -0.00555624999 -0.125536188 0.0221476257
v 0.00555624999 -0.125536188 0.0221476257
v 0.00555624999 -0.125088826 0.0220586378
v -0.00555624999 -0.125088826 0.0220586378
v 0.00555624999 -0.127731189 0.0221702028
v -0.00555624999 -0.127731189 0.0221702028
v -0.00555624999 -0.127732426 0.0222024284
v 0.00555624999 -0.127732426 0.0222024284
v -0.00555624999 -0.127737135 0.0222343337
v 0.00555624999 -0.127737135 0.0222343337
v -0.00555624999 -0.127745241 0.022265546
v 0.00555624999 -0.127745241 0.022265546
v -0.00555624999 -0.12775667 0.0222957041
v 0.00555624999 -0.12775667 0.0222957041
v -0.00555624999 -0.127771273 0.0223244559
v 0.00555624999 -0.127771273 0.0223244559
v -0.00555624999 -0.127788901 0.0223514661
v 0.00555624999 -0.127788901 0.0223514661
v -0.00555624999 -0.127809331 0.0223764237
v 0.00555624999 -0.127809331 0.0223764237
v -0.00555624999 -0.127832323 0.0223990344
v 0.00555624999 -0.127832323 0.0223990344
v -0.00555624999 -0.127857611 0.0224190373
v 0.00555624999 -0.127857611 0.0224190373
v -0.00555624999 -0.127884924 0.0224361997
v 0.00555624999 -0.127884924 0.0224361997
v -0.00555624999 -0.127913907 0.0224503223
v 0.00555624999 -0.127913907 0.0224503223
v -0.00555624999 -0.127944261 0.0224612392
v 0.00555624999 -0.127944261 0.0224612392
v -0.00555624999 -0.127975598 0.0224688239
v 0.00555624999 -0.127975598 0.0224688239
v -0.00555624999 -0.128007576 0.0224729907
v 0.00555624999 -0.128007576 0.0224729907
v -0.00555624999 -0.126662493 0.0212255847
v -0.00555624999 -0.126964808 0.0212325677
v -0.00555624999 -0.126864478 0.0212193597
v -0.00555624999 -0.126563177 0.0212449469
v -0.00555624999 -0.127414152 0.021452032
v -0.00555624999 -0.127334848 0.0213891994
v -0.00555624999 -0.126763314 0.0212170221
v -0.00555624999 -0.127249226 0.0213352665
v -0.00555624999 -0.127063125 0.0212564934
v -0.00555624999 -0.127158299 0.0212908592
v -0.00555624999 -0.126062959 0.0222404171
v -0.00555624999 -0.125695005 0.0221343264
v -0.00555624999 -0.125664189 0.0221438371
v -0.00555624999 -0.126203492 0.0214240719
v -0.00555624999 -0.126128182 0.0214916691
v -0.00555624999 -0.126373634 0.0213150438
v -0.00555624999 -0.126285613 0.0213649683
v -0.00555624999 -0.126466513 0.0212748814
v -0.00555624999 -0.126060605 0.0215669777
v -0.00555624999 -0.127605528 0.0216861647
v -0.00555624999 -0.127550289 0.0216013826
v -0.00555624999 -0.127687141 0.0218710378
v -0.00555624999 -0.127651319 0.0217763986
v -0.00555624999 -0.125632539 0.0221499726
v -0.00555624999 -0.125752687 0.0221056622
v -0.00555624999 -0.125724629 0.0221215505
v -0.00555624999 -0.126001507 0.0216491204
v -0.00555624999 -0.125951603 0.0217371434
v -0.00555624999 -0.125911444 0.0218300279
v -0.00555624999 -0.127486259 0.0215230342
v -0.00555624999 -0.125600398 0.0221526641
v -0.00555624999 -0.125568151 0.0221518781
v -0.00555624999 -0.125778869 0.022086842
v -0.00555624999 -0.125881538 0.0219266918
v -0.00555624999 -0.127727315 0.0220690891
v -0.00555624999 -0.127712563 0.0219689794
v -0.00555624999 -0.127857611 0.0224190373
v -0.00555624999 -0.127832323 0.0223990344
v -0.00555624999 -0.125824437 0.0220413208
v -0.00555624999 -0.125802889 0.0220653117
v -0.00555624999 -0.125859186 0.0219870992
v -0.00555624999 -0.125843272 0.0220151488
v -0.00555624999 -0.127731189 0.0221702028
v -0.00555624999 -0.127884924 0.0224361997
v -0.00555624999 -0.128007576 0.0224729907
v -0.00555624999 -0.127975598 0.0224688239
v -0.00555624999 -0.127732426 0.0222024284
v -0.00555624999 -0.127809331 0.0223764237
v -0.00555624999 -0.127788901 0.0223514661
v -0.00555624999 -0.127913907 0.0224503223
v -0.00555624999 -0.127944261 0.0224612392
v -0.00555624999 -0.127745241 0.022265546
v -0.00555624999 -0.127737135 0.0222343337
v -0.00555624999 -0.127771273 0.0223244559
v -0.00555624999 -0.125871986 0.021957498
v -0.00555624999 -0.12775667 0.0222957041
v -0.00555624999 -0.125536188 0.0221476257
v -0.00555624999 -0.125881538 0.0219266918
v 0.00555624999 -0.125881538 0.0219266918
v 0.00555624999 -0.125871986 0.021957498
v -0.00555624999 -0.125871986 0.021957498
v 0.00555624999 -0.125859186 0.0219870992
v -0.00555624999 -0.125859186 0.0219870992
v 0.00555624999 -0.125843272 0.0220151488
v -0.00555624999 -0.125843272 0.0220151488
v 0.00555624999 -0.125824437 0.0220413208
v -0.00555624999 -0.125824437 0.0220413208
v 0.00555624999 -0.125802889 0.0220653117
v -0.00555624999 -0.125802889 0.0220653117
v 0.00555624999 -0.125778869 0.022086842
v -0.00555624999 -0.125778869 0.022086842
v 0.00555624999 -0.125752687 0.0221056622
v -0.00555624999 -0.125752687 0.0221056622
v 0.00555624999 -0.125724629 0.0221215505
v -0.00555624999 -0.125724629 0.0221215505
v 0.00555624999 -0.125695005 0.0221343264
v -0.00555624999 -0.125695005 0.0221343264
v 0.00555624999 -0.125664189 0.0221438371
v -0.00555624999 -0.125664189 0.0221438371
v 0.00555624999 -0.125632539 0.0221499726
v -0.00555624999 -0.125632539 0.0221499726
v 0.00555624999 -0.125600398 0.0221526641
v -0.00555624999 -0.125600398 0.0221526641
v 0.00555624999 -0.125568151 0.0221518781
v -0.00555624999 -0.125568151 0.0221518781
v 0.00555624999 -0.125536188 0.0221476257
v -0.00555624999 -0.125536188 0.0221476257
v 0.00555624999 -0.125911444 0.0218300279
v 0.00555624999 -0.125881538 0.0219266918
v -0.00555624999 -0.125881538 0.0219266918
v 0.00555624999 -0.125951603 0.0217371434
v -0.00555624999 -0.125911444 0.0218300279
v 0.00555624999 -0.126001507 0.0216491204
v -0.00555624999 -0.125951603 0.0217371434
v 0.00555624999 -0.126060605 0.0215669777
v -0.00555624999 -0.126001507 0.0216491204
v 0.00555624999 -0.126128182 0.0214916691
v -0.00555624999 -0.126060605 0.0215669777
v 0.00555624999 -0.126203492 0.0214240719
v -0.00555624999 -0.126128182 0.0214916691
v 0.00555624999 -0.126285613 0.0213649683
v -0.00555624999 -0.126203492 0.0214240719
v 0.00555624999 -0.126373634 0.0213150438
v -0.00555624999 -0.126285613 0.0213649683
v 0.00555624999 -0.126466513 0.0212748814
v -0.00555624999 -0.126373634 0.0213150438
v 0.00555624999 -0.126563177 0.0212449469
v -0.00555624999 -0.126466513 0.0212748814
v 0.00555624999 -0.126662493 0.0212255847
v -0.00555624999 -0.126563177 0.0212449469
v 0.00555624999 -0.126763314 0.0212170221
v -0.00555624999 -0.126662493 0.0212255847
v 0.00555624999 -0.126864478 0.0212193597
v -0.00555624999 -0.126763314 0.0212170221
v 0.00555624999 -0.126964808 0.0212325677
v -0.00555624999 -0.126864478 0.0212193597
v 0.00555624999 -0.127063125 0.0212564934
v -0.00555624999 -0.126964808 0.0212325677
v 0.00555624999 -0.127158299 0.0212908592
v -0.00555624999 -0.127063125 0.0212564934
v 0.00555624999 -0.127249226 0.0213352665
v -0.00555624999 -0.127158299 0.0212908592
v 0.00555624999 -0.127334848 0.0213891994
v -0.00555624999 -0.127249226 0.0213352665
v 0.00555624999 -0.127414152 0.021452032
v -0.00555624999 -0.127334848 0.0213891994
v 0.00555624999 -0.127486259 0.0215230342
v -0.00555624999 -0.127414152 0.021452032
v 0.00555624999 -0.127550289 0.0216013826
v -0.00555624999 -0.127486259 0.0215230342
v 0.00555624999 -0.127605528 0.0216861647
v -0.00555624999 -0.127550289 0.0216013826
v 0.00555624999 -0.127651319 0.0217763986
v -0.00555624999 -0.127605528 0.0216861647
v 0.00555624999 -0.127687141 0.0218710378
v -0.00555624999 -0.127651319 0.0217763986
v 0.00555624999 -0.127712563 0.0219689794
v -0.00555624999 -0.127687141 0.0218710378
v 0.00555624999 -0.127727315 0.0220690891
v -0.00555624999 -0.127712563 0.0219689794
v 0.00555624999 -0.127731189 0.0221702028
v -0.00555624999 -0.127727315 0.0220690891
v -0.00555624999 -0.127731189 0.0221702028
v 0.00555624999 -0.124216877 0.0206927173
v 0.00555624999 -0.123437077 0.020783212
v 0.00555624999 -0.123526223 0.0207353346
v 0.00555624999 -0.123817064 0.020652568
v 0.00555624999 -0.123918064 0.0206463356
v 0.00555624999 -0.124019146 0.0206510071
v 0.00555624999 -0.123620003 0.0206973273
v 0.00555624999 -0.124119133 0.0206665285
v 0.00555624999 -0.123717323 0.0206696317
v 0.00555624999 -0.123276763 0.0209062453
v 0.00555624999 -0.124311231 0.0207292717
v 0.00555624999 -0.123353601 0.0208404027
v 0.00555624999 -0.124485455 0.0208316632
v 0.00555624999 -0.124563299 0.02089631
v 0.00555624999 -0.124401107 0.020775767
v 0.00555624999 -0.124749213 0.0211347993
v 0.00555624999 -0.124792911 0.0212260671
v 0.00555624999 -0.124633737 0.0209689569
v 0.00555624999 -0.124695949 0.0210487638
v 0.00555624999 -0.124826536 0.0213215053
v 0.00555624999 -0.123146482 0.0210607275
v 0.00555624999 -0.12320745 0.0209799707
v 0.00555624999 -0.123052269 0.0212395079
v 0.00555624999 -0.123094551 0.0211475771
v 0.00555624999 -0.12486212 0.0215204321
v 0.00555624999 -0.124863669 0.0216216091
v 0.00555624999 -0.124849692 0.0214200094
v 0.00555624999 -0.123679727 0.0217158273
v 0.00555624999 -0.122808449 0.0214264281
v 0.00555624999 -0.122840241 0.0214210209
v 0.00555624999 -0.125027582 0.0220387224
v 0.00555624999 -0.125057667 0.0220503341
v 0.00555624999 -0.124924712 0.0219624396
v 0.00555624999 -0.124947183 0.0219855737
v 0.00555624999 -0.124887876 0.0219096113
v 0.00555624999 -0.124904871 0.0219370201
v 0.00555624999 -0.124851838 0.0217867233
v 0.00555624999 -0.124855809 0.0218187291
v 0.00555624999 -0.123002797 0.021322215
v 0.00555624999 -0.123022236 0.0212964825
v 0.00555624999 -0.122929588 0.0213848893
v 0.00555624999 -0.122956201 0.0213666782
v 0.00555624999 -0.122871272 0.0214122199
v 0.00555624999 -0.122901164 0.0214001294
v 0.00555624999 -0.122776262 0.0214283802
v 0.00555624999 -0.124998912 0.0220239386
v 0.00555624999 -0.124972016 0.0220061522
v 0.00555624999 -0.124873929 0.0218805317
v 0.00555624999 -0.1248632 0.0218501184
v 0.00555624999 -0.122980699 0.0213457048
v 0.00555624999 -0.122744046 0.0214268528
v 0.00555624999 -0.122681044 0.0214134753
v 0.00555624999 -0.122712187 0.0214218665
v 0.00555624999 -0.124854319 0.021722367
v 0.00555624999 -0.124851346 0.0217544772
v 0.00555624999 -0.123038791 0.0212688055
v 0.00555624999 -0.125088826 0.0220586378
v -0.00555624999 -0.122681044 0.0214134753
v 0.00555624999 -0.122681044 0.0214134753
v 0.00555624999 -0.122249119 0.0212668572
v -0.00555624999 -0.122249119 0.0212668572
v 0.00555624999 -0.124854319 0.021722367
v -0.00555624999 -0.124854319 0.021722367
v -0.00555624999 -0.124851346 0.0217544772
v 0.00555624999 -0.124851346 0.0217544772
v -0.00555624999 -0.124851838 0.0217867233
v 0.00555624999 -0.124851838 0.0217867233
v -0.00555624999 -0.124855809 0.0218187291
v 0.00555624999 -0.124855809 0.0218187291
v -0.00555624999 -0.1248632 0.0218501184
v 0.00555624999 -0.1248632 0.0218501184
v -0.00555624999 -0.124873929 0.0218805317
v 0.00555624999 -0.124873929 0.0218805317
v -0.00555624999 -0.124887876 0.0219096113
v 0.00555624999 -0.124887876 0.0219096113
v -0.00555624999 -0.124904871 0.0219370201
v 0.00555624999 -0.124904871 0.0219370201
v -0.00555624999 -0.124924712 0.0219624396
v 0.00555624999 -0.124924712 0.0219624396
v -0.00555624999 -0.124947183 0.0219855737
v 0.00555624999 -0.124947183 0.0219855737
v -0.00555624999 -0.124972016 0.0220061522
v 0.00555624999 -0.124972016 0.0220061522
v -0.00555624999 -0.124998912 0.0220239386
v 0.00555624999 -0.124998912 0.0220239386
v -0.00555624999 -0.125027582 0.0220387224
v 0.00555624999 -0.125027582 0.0220387224
v -0.00555624999 -0.125057667 0.0220503341
v 0.00555624999 -0.125057667 0.0220503341
v -0.00555624999 -0.125088826 0.0220586378
v 0.00555624999 -0.125088826 0.0220586378
v -0.00555624999 -0.124216877 0.0206927173
v -0.00555624999 -0.123620003 0.0206973273
v -0.00555624999 -0.123526223 0.0207353346
v -0.00555624999 -0.123717323 0.0206696317
v -0.00555624999 -0.123817064 0.020652568
v -0.00555624999 -0.124119133 0.0206665285
v -0.00555624999 -0.124019146 0.0206510071
v -0.00555624999 -0.123437077 0.020783212
v -0.00555624999 -0.123353601 0.0208404027
v -0.00555624999 -0.123918064 0.0206463356
v -0.00555624999 -0.123276763 0.0209062453
v -0.00555624999 -0.124401107 0.020775767
v -0.00555624999 -0.124311231 0.0207292717
v -0.00555624999 -0.124485455 0.0208316632
v -0.00555624999 -0.124633737 0.0209689569
v -0.00555624999 -0.124563299 0.02089631
v -0.00555624999 -0.124695949 0.0210487638
v -0.00555624999 -0.124826536 0.0213215053
v -0.00555624999 -0.124792911 0.0212260671
v -0.00555624999 -0.123146482 0.0210607275
v -0.00555624999 -0.123094551 0.0211475771
v -0.00555624999 -0.12320745 0.0209799707
v -0.00555624999 -0.124749213 0.0211347993
v -0.00555624999 -0.123679727 0.0217158273
v -0.00555624999 -0.122871272 0.0214122199
v -0.00555624999 -0.122840241 0.0214210209
v -0.00555624999 -0.123052269 0.0212395079
v -0.00555624999 -0.12486212 0.0215204321
v -0.00555624999 -0.124849692 0.0214200094
v -0.00555624999 -0.124854319 0.021722367
v -0.00555624999 -0.124863669 0.0216216091
v -0.00555624999 -0.122808449 0.0214264281
v -0.00555624999 -0.122929588 0.0213848893
v -0.00555624999 -0.122901164 0.0214001294
v -0.00555624999 -0.122980699 0.0213457048
v -0.00555624999 -0.122956201 0.0213666782
v -0.00555624999 -0.123038791 0.0212688055
v -0.00555624999 -0.123022236 0.0212964825
v -0.00555624999 -0.1248632 0.0218501184
v -0.00555624999 -0.124855809 0.0218187291
v -0.00555624999 -0.124924712 0.0219624396
v -0.00555624999 -0.124904871 0.0219370201
v -0.00555624999 -0.124972016 0.0220061522
v -0.00555624999 -0.124947183 0.0219855737
v -0.00555624999 -0.125088826 0.0220586378
v -0.00555624999 -0.125057667 0.0220503341
v -0.00555624999 -0.122744046 0.0214268528
v -0.00555624999 -0.122712187 0.0214218665
v -0.00555624999 -0.122776262 0.0214283802
v -0.00555624999 -0.123002797 0.021322215
v -0.00555624999 -0.124873929 0.0218805317
v -0.00555624999 -0.124887876 0.0219096113
v -0.00555624999 -0.124998912 0.0220239386
v -0.00555624999 -0.125027582 0.0220387224
v -0.00555624999 -0.124851346 0.0217544772
v -0.00555624999 -0.124851838 0.0217867233
v -0.00555624999 -0.122681044 0.0214134753
v -0.00555624999 -0.123052269 0.0212395079
v 0.00555624999 -0.123052269 0.0212395079
v 0.00555624999 -0.123038791 0.0212688055
v -0.00555624999 -0.123038791 0.0212688055
v 0.00555624999 -0.123022236 0.0212964825
v -0.00555624999 -0.123022236 0.0212964825
v 0.00555624999 -0.123002797 0.021322215
v -0.00555624999 -0.123002797 0.021322215
v 0.00555624999 -0.122980699 0.0213457048
v -0.00555624999 -0.122980699 0.0213457048
v 0.00555624999 -0.122956201 0.0213666782
v -0.00555624999 -0.122956201 0.0213666782
v 0.00555624999 -0.122929588 0.0213848893
v -0.00555624999 -0.122929588 0.0213848893
v 0.00555624999 -0.122901164 0.0214001294
v -0.00555624999 -0.122901164 0.0214001294
v 0.00555624999 -0.122871272 0.0214122199
v -0.00555624999 -0.122871272 0.0214122199
v 0.00555624999 -0.122840241 0.0214210209
v -0.00555624999 -0.122840241 0.0214210209
v 0.00555624999 -0.122808449 0.0214264281
v -0.00555624999 -0.122808449 0.0214264281
v 0.00555624999 -0.122776262 0.0214283802
v -0.00555624999 -0.122776262 0.0214283802
v 0.00555624999 -0.122744046 0.0214268528
v -0.00555624999 -0.122744046 0.0214268528
v 0.00555624999 -0.122712187 0.0214218665
v -0.00555624999 -0.122712187 0.0214218665
v 0.00555624999 -0.122681044 0.0214134753
v -0.00555624999 -0.122681044 0.0214134753
v 0.00555624999 -0.123094551 0.0211475771
v 0.00555624999 -0.123052269 0.0212395079
v -0.00555624999 -0.123052269 0.0212395079
v 0.00555624999 -0.123146482 0.0210607275
v -0.00555624999 -0.123094551 0.0211475771
v 0.00555624999 -0.12320745 0.0209799707
v -0.00555624999 -0.123146482 0.0210607275
v 0.00555624999 -0.123276763 0.0209062453
v -0.00555624999 -0.12320745 0.0209799707
v 0.00555624999 -0.123353601 0.0208404027
v -0.00555624999 -0.123276763 0.0209062453
v 0.00555624999 -0.123437077 0.020783212
v -0.00555624999 -0.123353601 0.0208404027
v 0.00555624999 -0.123526223 0.0207353346
v -0.00555624999 -0.123437077 0.020783212
v 0.00555624999 -0.123620003 0.0206973273
v -0.00555624999 -0.123526223 0.0207353346
v 0.00555624999 -0.123717323 0.0206696317
v -0.00555624999 -0.123620003 0.0206973273
v 0.00555624999 -0.123817064 0.020652568
v -0.00555624999 -0.123717323 0.0206696317
v 0.00555624999 -0.123918064 0.0206463356
v -0.00555624999 -0.123817064 0.020652568
v 0.00555624999 -0.124019146 0.0206510071
v -0.00555624999 -0.123918064 0.0206463356
v 0.00555624999 -0.124119133 0.0206665285
v -0.00555624999 -0.124019146 0.0206510071
v 0.00555624999 -0.124216877 0.0206927173
v -0.00555624999 -0.124119133 0.0206665285
v 0.00555624999 -0.124311231 0.0207292717
v -0.00555624999 -0.124216877 0.0206927173
v 0.00555624999 -0.124401107 0.020775767
v -0.00555624999 -0.124311231 0.0207292717
v 0.00555624999 -0.124485455 0.0208316632
v -0.00555624999 -0.124401107 0.020775767
v 0.00555624999 -0.124563299 0.02089631
v -0.00555624999 -0.124485455 0.0208316632
v 0.00555624999 -0.124633737 0.0209689569
v -0.00555624999 -0.124563299 0.02089631
v 0.00555624999 -0.124695949 0.0210487638
v -0.00555624999 -0.124633737 0.0209689569
v 0.00555624999 -0.124749213 0.0211347993
v -0.00555624999 -0.124695949 0.0210487638
v 0.00555624999 -0.124792911 0.0212260671
v -0.00555624999 -0.124749213 0.0211347993
v 0.00555624999 -0.124826536 0.0213215053
v -0.00555624999 -0.124792911 0.0212260671
v 0.00555624999 -0.124849692 0.0214200094
v -0.00555624999 -0.124826536 0.0213215053
v 0.00555624999 -0.12486212 0.0215204321
v -0.00555624999 -0.124849692 0.0214200094
v 0.00555624999 -0.124863669 0.0216216091
v -0.00555624999 -0.12486212 0.0215204321
v 0.00555624999 -0.124854319 0.021722367
v -0.00555624999 -0.124863669 0.0216216091
v -0.00555624999 -0.124854319 0.021722367
v 0.00555624999 -0.121070661 0.0197107159
v 0.00555624999 -0.121651702 0.0198473688
v 0.00555624999 -0.121734738 0.0199051965
v 0.00555624999 -0.12127272 0.0197138228
v 0.00555624999 -0.121372327 0.0197316483
v 0.00555624999 -0.121469438 0.0197600871
v 0.00555624999 -0.121562921 0.0197988097
v 0.00555624999 -0.121171772 0.0197068192
v 0.00555624999 -0.120453648 0.0200239569
v 0.00555624999 -0.121940166 0.020127099
v 0.00555624999 -0.121991426 0.0202143416
v 0.00555624999 -0.12181107 0.019971624
v 0.00555624999 -0.120872609 0.0197509136
v 0.00555624999 -0.120970547 0.0197254717
v 0.00555624999 -0.12060298 0.0198878013
v 0.00555624999 -0.120687753 0.0198325515
v 0.00555624999 -0.122033007 0.0203065947
v 0.00555624999 -0.121879809 0.0200458784
v 0.00555624999 -0.120777979 0.0197867453
v 0.00555624999 -0.122064412 0.0204027835
v 0.00555624999 -0.122085296 0.0205017962
v 0.00555624999 -0.120524637 0.0199518502
v 0.00555624999 -0.122095399 0.0206024796
v 0.00555624999 -0.120336905 0.0201889109
v 0.00555624999 -0.120390825 0.0201032851
v 0.00555624999 -0.122094609 0.0207036659
v 0.00555624999 -0.121367171 0.0209366381
v 0.00555624999 -0.122069344 0.0210928768
v 0.00555624999 -0.122082613 0.0211222693
v 0.00555624999 -0.122082934 0.0208041798
v 0.00555624999 -0.122098975 0.02115006
v 0.00555624999 -0.122060515 0.0209028535
v 0.00555624999 -0.12205337 0.0209343024
v 0.00555624999 -0.120319717 0.0202161986
v 0.00555624999 -0.12216451 0.0212207176
v 0.00555624999 -0.122190997 0.0212391168
v 0.00555624999 -0.122118227 0.0211759303
v 0.00555624999 -0.122140162 0.0211995728
v 0.00555624999 -0.122059315 0.0210622251
v 0.00555624999 -0.120252088 0.0202848576
v 0.00555624999 -0.120277062 0.0202644542
v 0.00555624999 -0.120196298 0.0203170367
v 0.00555624999 -0.120225064 0.020302454
v 0.00555624999 -0.122052647 0.0210306719
v 0.00555624999 -0.122049659 0.0209663361
v 0.00555624999 -0.122049414 0.020998586
v 0.00555624999 -0.120038606 0.0203401409
v 0.00555624999 -0.120070778 0.0203424077
v 0.00555624999 -0.119975932 0.020325318
v 0.00555624999 -0.120006867 0.0203344226
v 0.00555624999 -0.120299697 0.0202414785
v 0.00555624999 -0.120134912 0.0203365199
v 0.00555624999 -0.12016613 0.020328436
v 0.00555624999 -0.120103002 0.0203411952
v 0.00555624999 -0.119946152 0.020312937
v 0.00555624999 -0.122219309 0.0212545581
v 0.00555624999 -0.122249119 0.0212668572
v -0.00555624999 -0.119946152 0.020312937
v 0.00555624999 -0.119946152 0.020312937
v 0.00555624999 -0.119537063 0.0201111957
v -0.00555624999 -0.119537063 0.0201111957
v 0.00555624999 -0.122060515 0.0209028535
v -0.00555624999 -0.122060515 0.0209028535
v -0.00555624999 -0.12205337 0.0209343024
v 0.00555624999 -0.12205337 0.0209343024
v -0.00555624999 -0.122049659 0.0209663361
v 0.00555624999 -0.122049659 0.0209663361
v -0.00555624999 -0.122049414 0.020998586
v 0.00555624999 -0.122049414 0.020998586
v -0.00555624999 -0.122052647 0.0210306719
v 0.00555624999 -0.122052647 0.0210306719
v -0.00555624999 -0.122059315 0.0210622251
v 0.00555624999 -0.122059315 0.0210622251
v -0.00555624999 -0.122069344 0.0210928768
v 0.00555624999 -0.122069344 0.0210928768
v -0.00555624999 -0.122082613 0.0211222693
v 0.00555624999 -0.122082613 0.0211222693
v -0.00555624999 -0.122098975 0.02115006
v 0.00555624999 -0.122098975 0.02115006
v -0.00555624999 -0.122118227 0.0211759303
v 0.00555624999 -0.122118227 0.0211759303
v -0.00555624999 -0.122140162 0.0211995728
v 0.00555624999 -0.122140162 0.0211995728
v -0.00555624999 -0.12216451 0.0212207176
v 0.00555624999 -0.12216451 0.0212207176
v -0.00555624999 -0.122190997 0.0212391168
v 0.00555624999 -0.122190997 0.0212391168
v -0.00555624999 -0.122219309 0.0212545581
v 0.00555624999 -0.122219309 0.0212545581
v -0.00555624999 -0.122249119 0.0212668572
v 0.00555624999 -0.122249119 0.0212668572
v -0.00555624999 -0.12181107 0.019971624
v -0.00555624999 -0.120777979 0.0197867453
v -0.00555624999 -0.120687753 0.0198325515
v -0.00555624999 -0.121562921 0.0197988097
v -0.00555624999 -0.12127272 0.0197138228
v -0.00555624999 -0.121171772 0.0197068192
v -0.00555624999 -0.121469438 0.0197600871
v -0.00555624999 -0.121070661 0.0197107159
v -0.00555624999 -0.121734738 0.0199051965
v -0.00555624999 -0.120872609 0.0197509136
v -0.00555624999 -0.120970547 0.0197254717
v -0.00555624999 -0.121372327 0.0197316483
v -0.00555624999 -0.121651702 0.0198473688
v -0.00555624999 -0.120453648 0.0200239569
v -0.00555624999 -0.122033007 0.0203065947
v -0.00555624999 -0.121991426 0.0202143416
v -0.00555624999 -0.121940166 0.020127099
v -0.00555624999 -0.121879809 0.0200458784
v -0.00555624999 -0.122064412 0.0204027835
v -0.00555624999 -0.12060298 0.0198878013
v -0.00555624999 -0.120524637 0.0199518502
v -0.00555624999 -0.122095399 0.0206024796
v -0.00555624999 -0.122085296 0.0205017962
v -0.00555624999 -0.120390825 0.0201032851
v -0.00555624999 -0.120336905 0.0201889109
v -0.00555624999 -0.122082934 0.0208041798
v -0.00555624999 -0.122094609 0.0207036659
v -0.00555624999 -0.121367171 0.0209366381
v -0.00555624999 -0.120252088 0.0202848576
v -0.00555624999 -0.120225064 0.020302454
v -0.00555624999 -0.120299697 0.0202414785
v -0.00555624999 -0.120277062 0.0202644542
v -0.00555624999 -0.122060515 0.0209028535
v -0.00555624999 -0.122098975 0.02115006
v -0.00555624999 -0.122082613 0.0211222693
v -0.00555624999 -0.120103002 0.0203411952
v -0.00555624999 -0.120070778 0.0203424077
v -0.00555624999 -0.120319717 0.0202161986
v -0.00555624999 -0.122118227 0.0211759303
v -0.00555624999 -0.122249119 0.0212668572
v -0.00555624999 -0.122219309 0.0212545581
v -0.00555624999 -0.120038606 0.0203401409
v -0.00555624999 -0.120006867 0.0203344226
v -0.00555624999 -0.120134912 0.0203365199
v -0.00555624999 -0.120196298 0.0203170367
v -0.00555624999 -0.12016613 0.020328436
v -0.00555624999 -0.12205337 0.0209343024
v -0.00555624999 -0.122069344 0.0210928768
v -0.00555624999 -0.12216451 0.0212207176
v -0.00555624999 -0.122140162 0.0211995728
v -0.00555624999 -0.122190997 0.0212391168
v -0.00555624999 -0.122049659 0.0209663361
v -0.00555624999 -0.122052647 0.0210306719
v -0.00555624999 -0.122049414 0.020998586
v -0.00555624999 -0.122059315 0.0210622251
v -0.00555624999 -0.119975932 0.020325318
v -0.00555624999 -0.119946152 0.020312937
v -0.00555624999 -0.120336905 0.0201889109
v 0.00555624999 -0.120336905 0.0201889109
v 0.00555624999 -0.120319717 0.0202161986
v -0.00555624999 -0.120319717 0.0202161986
v 0.00555624999 -0.120299697 0.0202414785
v -0.00555624999 -0.120299697 0.0202414785
v 0.00555624999 -0.120277062 0.0202644542
v -0.00555624999 -0.120277062 0.0202644542
v 0.00555624999 -0.120252088 0.0202848576
v -0.00555624999 -0.120252088 0.0202848576
v 0.00555624999 -0.120225064 0.020302454
v -0.00555624999 -0.120225064 0.020302454
v 0.00555624999 -0.120196298 0.0203170367
v -0.00555624999 -0.120196298 0.0203170367
v 0.00555624999 -0.12016613 0.020328436
v -0.00555624999 -0.12016613 0.020328436
v 0.00555624999 -0.120134912 0.0203365199
v -0.00555624999 -0.120134912 0.0203365199
v 0.00555624999 -0.120103002 0.0203411952
v -0.00555624999 -0.120103002 0.0203411952
v 0.00555624999 -0.120070778 0.0203424077
v -0.00555624999 -0.120070778 0.0203424077
v 0.00555624999 -0.120038606 0.0203401409
v -0.00555624999 -0.120038606 0.0203401409
v 0.00555624999 -0.120006867 0.0203344226
v -0.00555624999 -0.120006867 0.0203344226
v 0.00555624999 -0.119975932 0.020325318
v -0.00555624999 -0.119975932 0.020325318
v 0.00555624999 -0.119946152 0.020312937
v -0.00555624999 -0.119946152 0.020312937
v 0.00555624999 -0.120390825 0.0201032851
v 0.00555624999 -0.120336905 0.0201889109
v -0.00555624999 -0.120336905 0.0201889109
v 0.00555624999 -0.120453648 0.0200239569
v -0.00555624999 -0.120390825 0.0201032851
v 0.00555624999 -0.120524637 0.0199518502
v -0.00555624999 -0.120453648 0.0200239569
v 0.00555624999 -0.12060298 0.0198878013
v -0.00555624999 -0.120524637 0.0199518502
v 0.00555624999 -0.120687753 0.0198325515
v -0.00555624999 -0.12060298 0.0198878013
v 0.00555624999 -0.120777979 0.0197867453
v -0.00555624999 -0.120687753 0.0198325515
v 0.00555624999 -0.120872609 0.0197509136
v -0.00555624999 -0.120777979 0.0197867453
v 0.00555624999 -0.120970547 0.0197254717
v -0.00555624999 -0.120872609 0.0197509136
v 0.00555624999 -0.121070661 0.0197107159
v -0.00555624999 -0.120970547 0.0197254717
v 0.00555624999 -0.121171772 0.0197068192
v -0.00555624999 -0.121070661 0.0197107159
v 0.00555624999 -0.12127272 0.0197138228
v -0.00555624999 -0.121171772 0.0197068192
v 0.00555624999 -0.121372327 0.0197316483
v -0.00555624999 -0.12127272 0.0197138228
v 0.00555624999 -0.121469438 0.0197600871
v -0.00555624999 -0.121372327 0.0197316483
v 0.00555624999 -0.121562921 0.0197988097
v -0.00555624999 -0.121469438 0.0197600871
v 0.00555624999 -0.121651702 0.0198473688
v -0.00555624999 -0.121562921 0.0197988097
v 0.00555624999 -0.121734738 0.0199051965
v -0.00555624999 -0.121651702 0.0198473688
v 0.00555624999 -0.12181107 0.019971624
v -0.00555624999 -0.121734738 0.0199051965
v 0.00555624999 -0.121879809 0.0200458784
v -0.00555624999 -0.12181107 0.019971624
v 0.00555624999 -0.121940166 0.020127099
v -0.00555624999 -0.121879809 0.0200458784
v 0.00555624999 -0.121991426 0.0202143416
v -0.00555624999 -0.121940166 0.020127099
v 0.00555624999 -0.122033007 0.0203065947
v -0.00555624999 -0.121991426 0.0202143416
v 0.00555624999 -0.122064412 0.0204027835
v -0.00555624999 -0.122033007 0.0203065947
v 0.00555624999 -0.122085296 0.0205017962
v -0.00555624999 -0.122064412 0.0204027835
v 0.00555624999 -0.122095399 0.0206024796
v -0.00555624999 -0.122085296 0.0205017962
v 0.00555624999 -0.122094609 0.0207036659
v -0.00555624999 -0.122095399 0.0206024796
v 0.00555624999 -0.122082934 0.0208041798
v -0.00555624999 -0.122094609 0.0207036659
v 0.00555624999 -0.122060515 0.0209028535
v -0.00555624999 -0.122082934 0.0208041798
v -0.00555624999 -0.122060515 0.0209028535
v 0.00555624999 -0.11886815 0.0184746739
v 0.00555624999 -0.119204804 0.0186940413
v 0.00555624999 -0.119271815 0.018769864
v 0.00555624999 -0.11904835 0.0185661409
v 0.00555624999 -0.11913003 0.0186258703
v 0.00555624999 -0.119379513 0.0189408604
v 0.00555624999 -0.118470617 0.0184161086
v 0.00555624999 -0.118571796 0.0184145458
v 0.00555624999 -0.118176267 0.0184853598
v 0.00555624999 -0.118271701 0.0184517223
v 0.00555624999 -0.11933028 0.0188524574
v 0.00555624999 -0.118960716 0.0185155459
v 0.00555624999 -0.118672557 0.0184238795
v 0.00555624999 -0.118771724 0.0184439998
v 0.00555624999 -0.118370198 0.0184285492
v 0.00555624999 -0.118085004 0.0185290705
v 0.00555624999 -0.117998973 0.0185823478
v 0.00555624999 -0.117919177 0.0186445713
v 0.00555624999 -0.119418949 0.0190340467
v 0.00555624999 -0.119448133 0.0191309378
v 0.00555624999 -0.119152427 0.0199119858
v 0.00555624999 -0.119459197 0.0200544074
v 0.00555624999 -0.119483054 0.0200761054
v 0.00555624999 -0.119419158 0.0200039595
v 0.00555624999 -0.119437814 0.0200302638
v 0.00555624999 -0.117781907 0.0187928751
v 0.00555624999 -0.119466715 0.0192304049
v 0.00555624999 -0.119474493 0.019331295
v 0.00555624999 -0.117378302 0.0188648365
v 0.00555624999 -0.117406212 0.0188810006
v 0.00555624999 -0.119457379 0.0195326526
v 0.00555624999 -0.119432688 0.0196307823
v 0.00555624999 -0.119471371 0.0194324348
v 0.00555624999 -0.117846541 0.0187150203
v 0.00555624999 -0.11938639 0.0197559334
v 0.00555624999 -0.117530122 0.0189133268
v 0.00555624999 -0.117562369 0.0189128574
v 0.00555624999 -0.119403437 0.0199757982
v 0.00555624999 -0.119381525 0.0199152362
v 0.00555624999 -0.119390845 0.0199461095
v 0.00555624999 -0.119373091 0.0198513847
v 0.00555624999 -0.117712714 0.018859962
v 0.00555624999 -0.11773815 0.018840136
v 0.00555624999 -0.117656201 0.0188908484
v 0.00555624999 -0.117685288 0.0188769307
v 0.00555624999 -0.117594376 0.018908916
v 0.00555624999 -0.119374081 0.0198191497
v 0.00555624999 -0.11762578 0.018901553
v 0.00555624999 -0.11746642 0.0189038757
v 0.00555624999 -0.117498018 0.0189103223
v 0.00555624999 -0.119375587 0.0198835377
v 0.00555624999 -0.119378529 0.0197872091
v 0.00555624999 -0.119397581 0.0197256859
v 0.00555624999 -0.117435694 0.0188940633
v 0.00555624999 -0.117761306 0.0188176874
v 0.00555624999 -0.119509108 0.0200951081
v 0.00555624999 -0.119537063 0.0201111957
v -0.00555624999 -0.117061444 0.0186538845
v 0.00555624999 -0.117061444 0.0186538845
v 0.00555624999 -0.116999045 0.0186114237
v -0.00555624999 -0.117378302 0.0188648365
v 0.00555624999 -0.117378302 0.0188648365
v -0.00555624999 -0.116999045 0.0186114237
v 0.00555624999 -0.119397581 0.0197256859
v -0.00555624999 -0.119397581 0.0197256859
v -0.00555624999 -0.11938639 0.0197559334
v 0.00555624999 -0.11938639 0.0197559334
v -0.00555624999 -0.119378529 0.0197872091
v 0.00555624999 -0.119378529 0.0197872091
v -0.00555624999 -0.119374081 0.0198191497
v 0.00555624999 -0.119374081 0.0198191497
v -0.00555624999 -0.119373091 0.0198513847
v 0.00555624999 -0.119373091 0.0198513847
v -0.00555624999 -0.119375587 0.0198835377
v 0.00555624999 -0.119375587 0.0198835377
v -0.00555624999 -0.119381525 0.0199152362
v 0.00555624999 -0.119381525 0.0199152362
v -0.00555624999 -0.119390845 0.0199461095
v 0.00555624999 -0.119390845 0.0199461095
v -0.00555624999 -0.119403437 0.0199757982
v 0.00555624999 -0.119403437 0.0199757982
v -0.00555624999 -0.119419158 0.0200039595
v 0.00555624999 -0.119419158 0.0200039595
v -0.00555624999 -0.119437814 0.0200302638
v 0.00555624999 -0.119437814 0.0200302638
v -0.00555624999 -0.119459197 0.0200544074
v 0.00555624999 -0.119459197 0.0200544074
v -0.00555624999 -0.119483054 0.0200761054
v 0.00555624999 -0.119483054 0.0200761054
v -0.00555624999 -0.119509108 0.0200951081
v 0.00555624999 -0.119509108 0.0200951081
v -0.00555624999 -0.119537063 0.0201111957
v 0.00555624999 -0.119537063 0.0201111957
v -0.00555624999 -0.119379513 0.0189408604
v -0.00555624999 -0.118370198 0.0184285492
v -0.00555624999 -0.118271701 0.0184517223
v -0.00555624999 -0.118672557 0.0184238795
v -0.00555624999 -0.118571796 0.0184145458
v -0.00555624999 -0.11886815 0.0184746739
v -0.00555624999 -0.119204804 0.0186940413
v -0.00555624999 -0.11913003 0.0186258703
v -0.00555624999 -0.11933028 0.0188524574
v -0.00555624999 -0.119271815 0.018769864
v -0.00555624999 -0.118176267 0.0184853598
v -0.00555624999 -0.118470617 0.0184161086
v -0.00555624999 -0.118771724 0.0184439998
v -0.00555624999 -0.11904835 0.0185661409
v -0.00555624999 -0.118085004 0.0185290705
v -0.00555624999 -0.117998973 0.0185823478
v -0.00555624999 -0.118960716 0.0185155459
v -0.00555624999 -0.117919177 0.0186445713
v -0.00555624999 -0.119466715 0.0192304049
v -0.00555624999 -0.119448133 0.0191309378
v -0.00555624999 -0.119152427 0.0199119858
v -0.00555624999 -0.119537063 0.0201111957
v -0.00555624999 -0.119509108 0.0200951081
v -0.00555624999 -0.119418949 0.0190340467
v -0.00555624999 -0.117781907 0.0187928751
v -0.00555624999 -0.119471371 0.0194324348
v -0.00555624999 -0.119474493 0.019331295
v -0.00555624999 -0.119459197 0.0200544074
v -0.00555624999 -0.119437814 0.0200302638
v -0.00555624999 -0.119483054 0.0200761054
v -0.00555624999 -0.11938639 0.0197559334
v -0.00555624999 -0.117594376 0.018908916
v -0.00555624999 -0.117562369 0.0189128574
v -0.00555624999 -0.117846541 0.0187150203
v -0.00555624999 -0.119457379 0.0195326526
v -0.00555624999 -0.119397581 0.0197256859
v -0.00555624999 -0.119432688 0.0196307823
v -0.00555624999 -0.119374081 0.0198191497
v -0.00555624999 -0.117406212 0.0188810006
v -0.00555624999 -0.11762578 0.018901553
v -0.00555624999 -0.117712714 0.018859962
v -0.00555624999 -0.117685288 0.0188769307
v -0.00555624999 -0.117761306 0.0188176874
v -0.00555624999 -0.11773815 0.018840136
v -0.00555624999 -0.119373091 0.0198513847
v -0.00555624999 -0.119403437 0.0199757982
v -0.00555624999 -0.119390845 0.0199461095
v -0.00555624999 -0.119419158 0.0200039595
v -0.00555624999 -0.117530122 0.0189133268
v -0.00555624999 -0.117498018 0.0189103223
v -0.00555624999 -0.117656201 0.0188908484
v -0.00555624999 -0.119375587 0.0198835377
v -0.00555624999 -0.11746642 0.0189038757
v -0.00555624999 -0.117378302 0.0188648365
v -0.00555624999 -0.119381525 0.0199152362
v -0.00555624999 -0.119378529 0.0197872091
v -0.00555624999 -0.117435694 0.0188940633
v -0.00555624999 -0.117781907 0.0187928751
v 0.00555624999 -0.117781907 0.0187928751
v 0.00555624999 -0.117761306 0.0188176874
v -0.00555624999 -0.117761306 0.0188176874
v 0.00555624999 -0.11773815 0.018840136
v -0.00555624999 -0.11773815 0.018840136
v 0.00555624999 -0.117712714 0.018859962
v -0.00555624999 -0.117712714 0.018859962
v 0.00555624999 -0.117685288 0.0188769307
v -0.00555624999 -0.117685288 0.0188769307
v 0.00555624999 -0.117656201 0.0188908484
v -0.00555624999 -0.117656201 0.0188908484
v 0.00555624999 -0.11762578 0.018901553
v -0.00555624999 -0.11762578 0.018901553
v 0.00555624999 -0.117594376 0.018908916
v -0.00555624999 -0.117594376 0.018908916
v 0.00555624999 -0.117562369 0.0189128574
v -0.00555624999 -0.117562369 0.0189128574
v 0.00555624999 -0.117530122 0.0189133268
v -0.00555624999 -0.117530122 0.0189133268
v 0.00555624999 -0.117498018 0.0189103223
v -0.00555624999 -0.117498018 0.0189103223
v 0.00555624999 -0.11746642 0.0189038757
v -0.00555624999 -0.11746642 0.0189038757
v 0.00555624999 -0.117435694 0.0188940633
v -0.00555624999 -0.117435694 0.0188940633
v 0.00555624999 -0.117406212 0.0188810006
v -0.00555624999 -0.117406212 0.0188810006
v 0.00555624999 -0.117378302 0.0188648365
v -0.00555624999 -0.117378302 0.0188648365
v 0.00555624999 -0.117846541 0.0187150203
v 0.00555624999 -0.117781907 0.0187928751
v -0.00555624999 -0.117781907 0.0187928751
v 0.00555624999 -0.117919177 0.0186445713
v -0.00555624999 -0.117846541 0.0187150203
v 0.00555624999 -0.117998973 0.0185823478
v -0.00555624999 -0.117919177 0.0186445713
v 0.00555624999 -0.118085004 0.0185290705
v -0.00555624999 -0.117998973 0.0185823478
v 0.00555624999 -0.118176267 0.0184853598
v -0.00555624999 -0.118085004 0.0185290705
v 0.00555624999 -0.118271701 0.0184517223
v -0.00555624999 -0.118176267 0.0184853598
v 0.00555624999 -0.118370198 0.0184285492
v -0.00555624999 -0.118271701 0.0184517223
v 0.00555624999 -0.118470617 0.0184161086
v -0.00555624999 -0.118370198 0.0184285492
v 0.00555624999 -0.118571796 0.0184145458
v -0.00555624999 -0.118470617 0.0184161086
v 0.00555624999 -0.118672557 0.0184238795
v -0.00555624999 -0.118571796 0.0184145458
v 0.00555624999 -0.118771724 0.0184439998
v -0.00555624999 -0.118672557 0.0184238795
v 0.00555624999 -0.11886815 0.0184746739
v -0.00555624999 -0.118771724 0.0184439998
v 0.00555624999 -0.118960716 0.0185155459
v -0.00555624999 -0.11886815 0.0184746739
v 0.00555624999 -0.11904835 0.0185661409
v -0.00555624999 -0.118960716 0.0185155459
v 0.00555624999 -0.11913003 0.0186258703
v -0.00555624999 -0.11904835 0.0185661409
v 0.00555624999 -0.119204804 0.0186940413
v -0.00555624999 -0.11913003 0.0186258703
v 0.00555624999 -0.119271815 0.018769864
v -0.00555624999 -0.119204804 0.0186940413
v 0.00555624999 -0.11933028 0.0188524574
v -0.00555624999 -0.119271815 0.018769864
v 0.00555624999 -0.119379513 0.0189408604
v -0.00555624999 -0.11933028 0.0188524574
v 0.00555624999 -0.119418949 0.0190340467
v -0.00555624999 -0.119379513 0.0189408604
v 0.00555624999 -0.119448133 0.0191309378
v -0.00555624999 -0.119418949 0.0190340467
v 0.00555624999 -0.119466715 0.0192304049
v -0.00555624999 -0.119448133 0.0191309378
v 0.00555624999 -0.119474493 0.019331295
v -0.00555624999 -0.119466715 0.0192304049
v 0.00555624999 -0.119471371 0.0194324348
v -0.00555624999 -0.119474493 0.019331295
v 0.00555624999 -0.119457379 0.0195326526
v -0.00555624999 -0.119471371 0.0194324348
v 0.00555624999 -0.119432688 0.0196307823
v -0.00555624999 -0.119457379 0.0195326526
v 0.00555624999 -0.119397581 0.0197256859
v -0.00555624999 -0.119432688 0.0196307823
v -0.00555624999 -0.119397581 0.0197256859
v 0.00555624999 -0.116263494 0.0168032981
v 0.00555624999 -0.11654947 0.0169015937
v 0.00555624999 -0.116635911 0.0169541985
v 0.00555624999 -0.116716184 0.017015798
v 0.00555624999 -0.116362177 0.0168257039
v 0.00555624999 -0.116789371 0.0170856789
v 0.00555624999 -0.116854608 0.0171630271
v 0.00555624999 -0.116457865 0.0168585945
v 0.00555624999 -0.116911151 0.0172469467
v 0.00555624999 -0.115862101 0.016821878
v 0.00555624999 -0.115961112 0.0168009866
v 0.00555624999 -0.115586437 0.0169461723
v 0.00555624999 -0.115673669 0.0168948956
v 0.00555624999 -0.115430981 0.017075289
v 0.00555624999 -0.115505226 0.0170065369
v 0.00555624999 -0.116958328 0.0173364636
v 0.00555624999 -0.116061792 0.0167908669
v 0.00555624999 -0.116162978 0.0167916417
v 0.00555624999 -0.115765922 0.0168533027
v 0.00555624999 -0.11704427 0.0177289881
v 0.00555624999 -0.117038809 0.0178300291
v 0.00555624999 -0.117022544 0.0175280757
v 0.00555624999 -0.117038824 0.0176279452
v 0.00555624999 -0.116995603 0.0174305364
v 0.00555624999 -0.116995558 0.0180274304
v 0.00555624999 -0.116958275 0.0181214996
v 0.00555624999 -0.117022514 0.0179298967
v 0.00555624999 -0.116911076 0.018211009
v 0.00555624999 -0.115407318 0.0170972012
v 0.00555624999 -0.115381435 0.0171164349
v 0.00555624999 -0.11695008 0.0185695849
v 0.00555624999 -0.116973437 0.0185918268
v 0.00555624999 -0.115353629 0.0171327703
v 0.00555624999 -0.115118749 0.0171770845
v 0.00555624999 -0.115134194 0.017154675
v 0.00555624999 -0.115165636 0.0171618462
v 0.00555624999 -0.116896041 0.0182395354
v 0.00555624999 -0.115324222 0.0171460155
v 0.00555624999 -0.115262002 0.0171626583
v 0.00555624999 -0.115293562 0.0171560161
v 0.00555624999 -0.116896145 0.0184897166
v 0.00555624999 -0.11691121 0.0185182318
v 0.00555624999 -0.116875634 0.0184286665
v 0.00555624999 -0.116884239 0.0184597448
v 0.00555624999 -0.116875574 0.0183006041
v 0.00555624999 -0.116870396 0.0183324348
v 0.00555624999 -0.116884157 0.0182695184
v 0.00555624999 -0.115197666 0.0171655901
v 0.00555624999 -0.115229912 0.0171658602
v 0.00555624999 -0.115103707 0.0171441603
v 0.00555624999 -0.115047 0.0171136223
v 0.00555624999 -0.11507453 0.0171304233
v 0.00555624999 -0.116868667 0.0183646381
v 0.00555624999 -0.116870426 0.0183968395
v 0.00555624999 -0.116929263 0.0185449589
v 0.00555624999 -0.115021445 0.0170939546
v 0.00555624999 -0.116999045 0.0186114237
v -0.00555624999 -0.115021445 0.0170939546
v 0.00555624999 -0.115021445 0.0170939546
v 0.00555624999 -0.114678502 0.0167932063
v -0.00555624999 -0.114678502 0.0167932063
v 0.00555624999 -0.116911076 0.018211009
v -0.00555624999 -0.116911076 0.018211009
v -0.00555624999 -0.116896041 0.0182395354
v 0.00555624999 -0.116896041 0.0182395354
v -0.00555624999 -0.116884157 0.0182695184
v 0.00555624999 -0.116884157 0.0182695184
v -0.00555624999 -0.116875574 0.0183006041
v 0.00555624999 -0.116875574 0.0183006041
v -0.00555624999 -0.116870396 0.0183324348
v 0.00555624999 -0.116870396 0.0183324348
v -0.00555624999 -0.116868667 0.0183646381
v 0.00555624999 -0.116868667 0.0183646381
v -0.00555624999 -0.116870426 0.0183968395
v 0.00555624999 -0.116870426 0.0183968395
v -0.00555624999 -0.116875634 0.0184286665
v 0.00555624999 -0.116875634 0.0184286665
v -0.00555624999 -0.116884239 0.0184597448
v 0.00555624999 -0.116884239 0.0184597448
v -0.00555624999 -0.116896145 0.0184897166
v 0.00555624999 -0.116896145 0.0184897166
v -0.00555624999 -0.11691121 0.0185182318
v 0.00555624999 -0.11691121 0.0185182318
v -0.00555624999 -0.116929263 0.0185449589
v 0.00555624999 -0.116929263 0.0185449589
v -0.00555624999 -0.11695008 0.0185695849
v 0.00555624999 -0.11695008 0.0185695849
v -0.00555624999 -0.116973437 0.0185918268
v 0.00555624999 -0.116973437 0.0185918268
v -0.00555624999 -0.116999045 0.0186114237
v 0.00555624999 -0.116999045 0.0186114237
v -0.00555624999 -0.116263494 0.0168032981
v -0.00555624999 -0.116716184 0.017015798
v -0.00555624999 -0.116635911 0.0169541985
v -0.00555624999 -0.11654947 0.0169015937
v -0.00555624999 -0.116457865 0.0168585945
v -0.00555624999 -0.116362177 0.0168257039
v -0.00555624999 -0.116789371 0.0170856789
v -0.00555624999 -0.116911151 0.0172469467
v -0.00555624999 -0.115586437 0.0169461723
v -0.00555624999 -0.115505226 0.0170065369
v -0.00555624999 -0.115765922 0.0168533027
v -0.00555624999 -0.115673669 0.0168948956
v -0.00555624999 -0.116061792 0.0167908669
v -0.00555624999 -0.115961112 0.0168009866
v -0.00555624999 -0.116854608 0.0171630271
v -0.00555624999 -0.115862101 0.016821878
v -0.00555624999 -0.116162978 0.0167916417
v -0.00555624999 -0.115430981 0.017075289
v -0.00555624999 -0.116995603 0.0174305364
v -0.00555624999 -0.116958328 0.0173364636
v -0.00555624999 -0.117022544 0.0175280757
v -0.00555624999 -0.11704427 0.0177289881
v -0.00555624999 -0.117038824 0.0176279452
v -0.00555624999 -0.117022514 0.0179298967
v -0.00555624999 -0.117038809 0.0178300291
v -0.00555624999 -0.116995558 0.0180274304
v -0.00555624999 -0.116911076 0.018211009
v -0.00555624999 -0.116958275 0.0181214996
v -0.00555624999 -0.115118749 0.0171770845
v -0.00555624999 -0.116999045 0.0186114237
v -0.00555624999 -0.116973437 0.0185918268
v -0.00555624999 -0.115381435 0.0171164349
v -0.00555624999 -0.11695008 0.0185695849
v -0.00555624999 -0.115407318 0.0170972012
v -0.00555624999 -0.116896041 0.0182395354
v -0.00555624999 -0.115134194 0.017154675
v -0.00555624999 -0.116884157 0.0182695184
v -0.00555624999 -0.115197666 0.0171655901
v -0.00555624999 -0.115165636 0.0171618462
v -0.00555624999 -0.115324222 0.0171460155
v -0.00555624999 -0.115293562 0.0171560161
v -0.00555624999 -0.115353629 0.0171327703
v -0.00555624999 -0.116875574 0.0183006041
v -0.00555624999 -0.116868667 0.0183646381
v -0.00555624999 -0.116870396 0.0183324348
v -0.00555624999 -0.116929263 0.0185449589
v -0.00555624999 -0.11691121 0.0185182318
v -0.00555624999 -0.115103707 0.0171441603
v -0.00555624999 -0.11507453 0.0171304233
v -0.00555624999 -0.115262002 0.0171626583
v -0.00555624999 -0.115229912 0.0171658602
v -0.00555624999 -0.116875634 0.0184286665
v -0.00555624999 -0.116870426 0.0183968395
v -0.00555624999 -0.116896145 0.0184897166
v -0.00555624999 -0.116884239 0.0184597448
v -0.00555624999 -0.115047 0.0171136223
v -0.00555624999 -0.115021445 0.0170939546
v -0.00555624999 -0.115430981 0.017075289
v 0.00555624999 -0.115430981 0.017075289
v 0.00555624999 -0.115407318 0.0170972012
v -0.00555624999 -0.115407318 0.0170972012
v 0.00555624999 -0.115381435 0.0171164349
v -0.00555624999 -0.115381435 0.0171164349
v 0.00555624999 -0.115353629 0.0171327703
v -0.00555624999 -0.115353629 0.0171327703
v 0.00555624999 -0.115324222 0.0171460155
v -0.00555624999 -0.115324222 0.0171460155
v 0.00555624999 -0.115293562 0.0171560161
v -0.00555624999 -0.115293562 0.0171560161
v 0.00555624999 -0.115262002 0.0171626583
v -0.00555624999 -0.115262002 0.0171626583
v 0.00555624999 -0.115229912 0.0171658602
v -0.00555624999 -0.115229912 0.0171658602
v 0.00555624999 -0.115197666 0.0171655901
v -0.00555624999 -0.115197666 0.0171655901
v 0.00555624999 -0.115165636 0.0171618462
v -0.00555624999 -0.115165636 0.0171618462
v 0.00555624999 -0.115134194 0.017154675
v -0.00555624999 -0.115134194 0.017154675
v 0.00555624999 -0.115103707 0.0171441603
v -0.00555624999 -0.115103707 0.0171441603
v 0.00555624999 -0.11507453 0.0171304233
v -0.00555624999 -0.11507453 0.0171304233
v 0.00555624999 -0.115047 0.0171136223
v -0.00555624999 -0.115047 0.0171136223
v 0.00555624999 -0.115021445 0.0170939546
v -0.00555624999 -0.115021445 0.0170939546
v 0.00555624999 -0.115505226 0.0170065369
v 0.00555624999 -0.115430981 0.017075289
v -0.00555624999 -0.115430981 0.017075289
v 0.00555624999 -0.115586437 0.0169461723
v -0.00555624999 -0.115505226 0.0170065369
v 0.00555624999 -0.115673669 0.0168948956
v -0.00555624999 -0.115586437 0.0169461723
v 0.00555624999 -0.115765922 0.0168533027
v -0.00555624999 -0.115673669 0.0168948956
v 0.00555624999 -0.115862101 0.016821878
v -0.00555624999 -0.115765922 0.0168533027
v 0.00555624999 -0.115961112 0.0168009866
v -0.00555624999 -0.115862101 0.016821878
v 0.00555624999 -0.116061792 0.0167908669
v -0.00555624999 -0.115961112 0.0168009866
v 0.00555624999 -0.116162978 0.0167916417
v -0.00555624999 -0.116061792 0.0167908669
v 0.00555624999 -0.116263494 0.0168032981
v -0.00555624999 -0.116162978 0.0167916417
v 0.00555624999 -0.116362177 0.0168257039
v -0.00555624999 -0.116263494 0.0168032981
v 0.00555624999 -0.116457865 0.0168585945
v -0.00555624999 -0.116362177 0.0168257039
v 0.00555624999 -0.11654947 0.0169015937
v -0.00555624999 -0.116457865 0.0168585945
v 0.00555624999 -0.116635911 0.0169541985
v -0.00555624999 -0.11654947 0.0169015937
v 0.00555624999 -0.116716184 0.017015798
v -0.00555624999 -0.116635911 0.0169541985
v 0.00555624999 -0.116789371 0.0170856789
v -0.00555624999 -0.116716184 0.017015798
v 0.00555624999 -0.116854608 0.0171630271
v -0.00555624999 -0.116789371 0.0170856789
v 0.00555624999 -0.116911151 0.0172469467
v -0.00555624999 -0.116854608 0.0171630271
v 0.00555624999 -0.116958328 0.0173364636
v -0.00555624999 -0.116911151 0.0172469467
v 0.00555624999 -0.116995603 0.0174305364
v -0.00555624999 -0.116958328 0.0173364636
v 0.00555624999 -0.117022544 0.0175280757
v -0.00555624999 -0.116995603 0.0174305364
v 0.00555624999 -0.117038824 0.0176279452
v -0.00555624999 -0.117022544 0.0175280757
v 0.00555624999 -0.11704427 0.0177289881
v -0.00555624999 -0.117038824 0.0176279452
v 0.00555624999 -0.117038809 0.0178300291
v -0.00555624999 -0.11704427 0.0177289881
v 0.00555624999 -0.117022514 0.0179298967
v -0.00555624999 -0.117038809 0.0178300291
v 0.00555624999 -0.116995558 0.0180274304
v -0.00555624999 -0.117022514 0.0179298967
v 0.00555624999 -0.116958275 0.0181214996
v -0.00555624999 -0.116995558 0.0180274304
v 0.00555624999 -0.116911076 0.018211009
v -0.00555624999 -0.116958275 0.0181214996
v -0.00555624999 -0.116911076 0.018211009
v 0.00555624999 -0.114606336 0.0151743107
v 0.00555624999 -0.113685407 0.0148891713
v 0.00555624999 -0.113784872 0.01487057
v 0.00555624999 -0.114280164 0.0149396341
v 0.00555624999 -0.114370748 0.0149847353
v 0.00555624999 -0.11408712 0.0148798637
v 0.00555624999 -0.114185251 0.014904541
v 0.00555624999 -0.113588519 0.0149183674
v 0.00555624999 -0.113406941 0.0150070665
v 0.00555624999 -0.113495342 0.0149578182
v 0.00555624999 -0.113324359 0.0150655406
v 0.00555624999 -0.11479073 0.0161205735
v 0.00555624999 -0.114751279 0.0162137542
v 0.00555624999 -0.114843205 0.0157221928
v 0.00555624999 -0.114846312 0.0158233345
v 0.00555624999 -0.114455946 0.015039322
v 0.00555624999 -0.113986902 0.0148658892
v 0.00555624999 -0.11388576 0.0148627795
v 0.00555624999 -0.114819922 0.016023688
v 0.00555624999 -0.114838526 0.0159242228
v 0.00555624999 -0.114804551 0.0155238397
v 0.00555624999 -0.114829227 0.0156219732
v 0.00555624999 -0.11472436 0.0153383482
v 0.00555624999 -0.114769459 0.0154289305
v 0.00555624999 -0.11466977 0.0152531452
v 0.00555624999 -0.114702031 0.0163021497
v 0.00555624999 -0.11453478 0.015102759
v 0.00555624999 -0.113298036 0.0150841754
v 0.00555624999 -0.114596665 0.016468931
v 0.00555624999 -0.114587367 0.0164998118
v 0.00555624999 -0.113269866 0.0150998663
v 0.00555624999 -0.114655666 0.0167704336
v 0.00555624999 -0.113347106 0.0154988971
v 0.00555624999 -0.113113187 0.0151290921
v 0.00555624999 -0.113145426 0.0151301045
v 0.00555624999 -0.114603586 0.0166893471
v 0.00555624999 -0.114617988 0.0167181995
v 0.00555624999 -0.114584483 0.0166278407
v 0.00555624999 -0.114592373 0.0166591089
v 0.00555624999 -0.114578992 0.0165636688
v 0.00555624999 -0.114579998 0.0165959038
v 0.00555624999 -0.114581451 0.016531514
v 0.00555624999 -0.114643551 0.0163847338
v 0.00555624999 -0.114635415 0.0167453345
v 0.00555624999 -0.11324016 0.0151124327
v 0.00555624999 -0.113177583 0.0151276402
v 0.00555624999 -0.113209285 0.0151217263
v 0.00555624999 -0.113081254 0.0151246144
v 0.00555624999 -0.11301975 0.0151055092
v 0.00555624999 -0.113049984 0.0151167223
v 0.00555624999 -0.112915888 0.0150305899
v 0.00555624999 -0.112938657 0.015053425
v 0.00555624999 -0.114624918 0.0164110549
v 0.00555624999 -0.114609227 0.0164392292
v 0.00555624999 -0.114678502 0.0167932063
v 0.00555624999 -0.112990893 0.0150911035
v 0.00555624999 -0.112963758 0.0150736747
v -0.00555624999 -0.112915888 0.0150305899
v 0.00555624999 -0.112915888 0.0150305899
v 0.00555624999 -0.112615138 0.0146876527
v -0.00555624999 -0.112615138 0.0146876527
v 0.00555624999 -0.114643551 0.0163847338
v -0.00555624999 -0.114643551 0.0163847338
v -0.00555624999 -0.114624918 0.0164110549
v 0.00555624999 -0.114624918 0.0164110549
v -0.00555624999 -0.114609227 0.0164392292
v 0.00555624999 -0.114609227 0.0164392292
v -0.00555624999 -0.114596665 0.016468931
v 0.00555624999 -0.114596665 0.016468931
v -0.00555624999 -0.114587367 0.0164998118
v 0.00555624999 -0.114587367 0.0164998118
v -0.00555624999 -0.114581451 0.016531514
v 0.00555624999 -0.114581451 0.016531514
v -0.00555624999 -0.114578992 0.0165636688
v 0.00555624999 -0.114578992 0.0165636688
v -0.00555624999 -0.114579998 0.0165959038
v 0.00555624999 -0.114579998 0.0165959038
v -0.00555624999 -0.114584483 0.0166278407
v 0.00555624999 -0.114584483 0.0166278407
v -0.00555624999 -0.114592373 0.0166591089
v 0.00555624999 -0.114592373 0.0166591089
v -0.00555624999 -0.114603586 0.0166893471
v 0.00555624999 -0.114603586 0.0166893471
v -0.00555624999 -0.114617988 0.0167181995
v 0.00555624999 -0.114617988 0.0167181995
v -0.00555624999 -0.114635415 0.0167453345
v 0.00555624999 -0.114635415 0.0167453345
v -0.00555624999 -0.114655666 0.0167704336
v 0.00555624999 -0.114655666 0.0167704336
v -0.00555624999 -0.114678502 0.0167932063
v 0.00555624999 -0.114678502 0.0167932063
v -0.00555624999 -0.114606336 0.0151743107
v -0.00555624999 -0.11388576 0.0148627795
v -0.00555624999 -0.113784872 0.01487057
v -0.00555624999 -0.113588519 0.0149183674
v -0.00555624999 -0.113495342 0.0149578182
v -0.00555624999 -0.113685407 0.0148891713
v -0.00555624999 -0.114280164 0.0149396341
v -0.00555624999 -0.114185251 0.014904541
v -0.00555624999 -0.114455946 0.015039322
v -0.00555624999 -0.114370748 0.0149847353
v -0.00555624999 -0.113406941 0.0150070665
v -0.00555624999 -0.113986902 0.0148658892
v -0.00555624999 -0.11408712 0.0148798637
v -0.00555624999 -0.11453478 0.015102759
v -0.00555624999 -0.113324359 0.0150655406
v -0.00555624999 -0.114838526 0.0159242228
v -0.00555624999 -0.114846312 0.0158233345
v -0.00555624999 -0.114702031 0.0163021497
v -0.00555624999 -0.114751279 0.0162137542
v -0.00555624999 -0.11472436 0.0153383482
v -0.00555624999 -0.11466977 0.0152531452
v -0.00555624999 -0.114804551 0.0155238397
v -0.00555624999 -0.114769459 0.0154289305
v -0.00555624999 -0.114843205 0.0157221928
v -0.00555624999 -0.114829227 0.0156219732
v -0.00555624999 -0.114819922 0.016023688
v -0.00555624999 -0.11479073 0.0161205735
v -0.00555624999 -0.114643551 0.0163847338
v -0.00555624999 -0.113347106 0.0154988971
v -0.00555624999 -0.113177583 0.0151276402
v -0.00555624999 -0.113145426 0.0151301045
v -0.00555624999 -0.114678502 0.0167932063
v -0.00555624999 -0.114655666 0.0167704336
v -0.00555624999 -0.113298036 0.0150841754
v -0.00555624999 -0.114581451 0.016531514
v -0.00555624999 -0.114587367 0.0164998118
v -0.00555624999 -0.114635415 0.0167453345
v -0.00555624999 -0.114617988 0.0167181995
v -0.00555624999 -0.112963758 0.0150736747
v -0.00555624999 -0.112938657 0.015053425
v -0.00555624999 -0.113081254 0.0151246144
v -0.00555624999 -0.113049984 0.0151167223
v -0.00555624999 -0.113113187 0.0151290921
v -0.00555624999 -0.11324016 0.0151124327
v -0.00555624999 -0.113209285 0.0151217263
v -0.00555624999 -0.113269866 0.0150998663
v -0.00555624999 -0.114578992 0.0165636688
v -0.00555624999 -0.114584483 0.0166278407
v -0.00555624999 -0.114579998 0.0165959038
v -0.00555624999 -0.114603586 0.0166893471
v -0.00555624999 -0.112990893 0.0150911035
v -0.00555624999 -0.11301975 0.0151055092
v -0.00555624999 -0.114624918 0.0164110549
v -0.00555624999 -0.114596665 0.016468931
v -0.00555624999 -0.114609227 0.0164392292
v -0.00555624999 -0.114592373 0.0166591089
v -0.00555624999 -0.112915888 0.0150305899
v -0.00555624999 -0.113324359 0.0150655406
v 0.00555624999 -0.113324359 0.0150655406
v 0.00555624999 -0.113298036 0.0150841754
v -0.00555624999 -0.113298036 0.0150841754
v 0.00555624999 -0.113269866 0.0150998663
v -0.00555624999 -0.113269866 0.0150998663
v 0.00555624999 -0.11324016 0.0151124327
v -0.00555624999 -0.11324016 0.0151124327
v 0.00555624999 -0.113209285 0.0151217263
v -0.00555624999 -0.113209285 0.0151217263
v 0.00555624999 -0.113177583 0.0151276402
v -0.00555624999 -0.113177583 0.0151276402
v 0.00555624999 -0.113145426 0.0151301045
v -0.00555624999 -0.113145426 0.0151301045
v 0.00555624999 -0.113113187 0.0151290921
v -0.00555624999 -0.113113187 0.0151290921
v 0.00555624999 -0.113081254 0.0151246144
v -0.00555624999 -0.113081254 0.0151246144
v 0.00555624999 -0.113049984 0.0151167223
v -0.00555624999 -0.113049984 0.0151167223
v 0.00555624999 -0.11301975 0.0151055092
v -0.00555624999 -0.11301975 0.0151055092
v 0.00555624999 -0.112990893 0.0150911035
v -0.00555624999 -0.112990893 0.0150911035
v 0.00555624999 -0.112963758 0.0150736747
v -0.00555624999 -0.112963758 0.0150736747
v 0.00555624999 -0.112938657 0.015053425
v -0.00555624999 -0.112938657 0.015053425
v 0.00555624999 -0.112915888 0.0150305899
v -0.00555624999 -0.112915888 0.0150305899
v 0.00555624999 -0.113406941 0.0150070665
v 0.00555624999 -0.113324359 0.0150655406
v -0.00555624999 -0.113324359 0.0150655406
v 0.00555624999 -0.113495342 0.0149578182
v -0.00555624999 -0.113406941 0.0150070665
v 0.00555624999 -0.113588519 0.0149183674
v -0.00555624999 -0.113495342 0.0149578182
v 0.00555624999 -0.113685407 0.0148891713
v -0.00555624999 -0.113588519 0.0149183674
v 0.00555624999 -0.113784872 0.01487057
v -0.00555624999 -0.113685407 0.0148891713
v 0.00555624999 -0.11388576 0.0148627795
v -0.00555624999 -0.113784872 0.01487057
v 0.00555624999 -0.113986902 0.0148658892
v -0.00555624999 -0.11388576 0.0148627795
v 0.00555624999 -0.11408712 0.0148798637
v -0.00555624999 -0.113986902 0.0148658892
v 0.00555624999 -0.114185251 0.014904541
v -0.00555624999 -0.11408712 0.0148798637
v 0.00555624999 -0.114280164 0.0149396341
v -0.00555624999 -0.114185251 0.014904541
v 0.00555624999 -0.114370748 0.0149847353
v -0.00555624999 -0.114280164 0.0149396341
v 0.00555624999 -0.114455946 0.015039322
v -0.00555624999 -0.114370748 0.0149847353
v 0.00555624999 -0.11453478 0.015102759
v -0.00555624999 -0.114455946 0.015039322
v 0.00555624999 -0.114606336 0.0151743107
v -0.00555624999 -0.11453478 0.015102759
v 0.00555624999 -0.11466977 0.0152531452
v -0.00555624999 -0.114606336 0.0151743107
v 0.00555624999 -0.11472436 0.0153383482
v -0.00555624999 -0.11466977 0.0152531452
v 0.00555624999 -0.114769459 0.0154289305
v -0.00555624999 -0.11472436 0.0153383482
v 0.00555624999 -0.114804551 0.0155238397
v -0.00555624999 -0.114769459 0.0154289305
v 0.00555624999 -0.114829227 0.0156219732
v -0.00555624999 -0.114804551 0.0155238397
v 0.00555624999 -0.114843205 0.0157221928
v -0.00555624999 -0.114829227 0.0156219732
v 0.00555624999 -0.114846312 0.0158233345
v -0.00555624999 -0.114843205 0.0157221928
v 0.00555624999 -0.114838526 0.0159242228
v -0.00555624999 -0.114846312 0.0158233345
v 0.00555624999 -0.114819922 0.016023688
v -0.00555624999 -0.114838526 0.0159242228
v 0.00555624999 -0.11479073 0.0161205735
v -0.00555624999 -0.114819922 0.016023688
v 0.00555624999 -0.114751279 0.0162137542
v -0.00555624999 -0.11479073 0.0161205735
v 0.00555624999 -0.114702031 0.0163021497
v -0.00555624999 -0.114751279 0.0162137542
v 0.00555624999 -0.114643551 0.0163847338
v -0.00555624999 -0.114702031 0.0163021497
v -0.00555624999 -0.114643551 0.0163847338
v 0.00555624999 -0.111498088 0.012798016
v 0.00555624999 -0.112081148 0.0126702664
v 0.00555624999 -0.112181015 0.0126865515
v 0.00555624999 -0.112278558 0.0127134882
v 0.00555624999 -0.111681662 0.0127135329
v 0.00555624999 -0.111779198 0.0126865814
v 0.00555624999 -0.111879066 0.0126702823
v 0.00555624999 -0.111980103 0.0126648229
v 0.00555624999 -0.111587599 0.0127508212
v 0.00555624999 -0.112372629 0.0127507634
v 0.00555624999 -0.112462148 0.0127979442
v 0.00555624999 -0.112546064 0.012854483
v 0.00555624999 -0.112623416 0.0129197231
v 0.00555624999 -0.112855792 0.0139431758
v 0.00555624999 -0.112814195 0.0140354214
v 0.00555624999 -0.112918228 0.0136472993
v 0.00555624999 -0.11290811 0.0137479808
v 0.00555624999 -0.112850502 0.0132512264
v 0.00555624999 -0.112883389 0.0133469207
v 0.00555624999 -0.112693295 0.0129929082
v 0.00555624999 -0.112754896 0.0130731864
v 0.00555624999 -0.112762921 0.0141226565
v 0.00555624999 -0.112917453 0.0135461129
v 0.00555624999 -0.112807497 0.0131596271
v 0.00555624999 -0.112887219 0.0138469897
v 0.00555624999 -0.112905793 0.0134455981
v 0.00555624999 -0.112702556 0.0142038679
v 0.00555624999 -0.111767299 0.0136390002
v 0.00555624999 -0.112564936 0.0146053899
v 0.00555624999 -0.112578675 0.0146345664
v 0.00555624999 -0.112553075 0.0144155314
v 0.00555624999 -0.112546436 0.0144470902
v 0.00555624999 -0.112576321 0.0143554686
v 0.00555624999 -0.112563081 0.0143848723
v 0.00555624999 -0.112633802 0.0142781129
v 0.00555624999 -0.112611897 0.014301776
v 0.00555624999 -0.112554416 0.0145749021
v 0.00555624999 -0.112543501 0.0145114288
v 0.00555624999 -0.112547249 0.0145434607
v 0.00555624999 -0.111469559 0.012813055
v 0.00555624999 -0.111280426 0.0128334612
v 0.00555624999 -0.111312255 0.0128386719
v 0.00555624999 -0.112543233 0.0144791799
v 0.00555624999 -0.111439578 0.0128249349
v 0.00555624999 -0.111344457 0.0128404256
v 0.00555624999 -0.111376658 0.0128386999
v 0.00555624999 -0.11124935 0.012824852
v 0.00555624999 -0.111190863 0.0127978818
v 0.00555624999 -0.111219376 0.0128129469
v 0.00555624999 -0.111097671 0.0127100479
v 0.00555624999 -0.111117266 0.0127356602
v 0.00555624999 -0.11259266 0.0143276621
v 0.00555624999 -0.111408487 0.0128335161
v 0.00555624999 -0.111164138 0.0127798347
v 0.00555624999 -0.111139506 0.0127590131
v 0.00555624999 -0.112595469 0.0146620944
v 0.00555624999 -0.112615138 0.0146876527
v -0.00555624999 -0.111097671 0.0127100479
v 0.00555624999 -0.111097671 0.0127100479
v 0.00555624999 -0.110844254 0.0123307891
v -0.00555624999 -0.110844254 0.0123307891
v 0.00555624999 -0.112633802 0.0142781129
v -0.00555624999 -0.112633802 0.0142781129
v -0.00555624999 -0.112611897 0.014301776
v 0.00555624999 -0.112611897 0.014301776
v -0.00555624999 -0.11259266 0.0143276621
v 0.00555624999 -0.11259266 0.0143276621
v -0.00555624999 -0.112576321 0.0143554686
v 0.00555624999 -0.112576321 0.0143554686
v -0.00555624999 -0.112563081 0.0143848723
v 0.00555624999 -0.112563081 0.0143848723
v -0.00555624999 -0.112553075 0.0144155314
v 0.00555624999 -0.112553075 0.0144155314
v -0.00555624999 -0.112546436 0.0144470902
v 0.00555624999 -0.112546436 0.0144470902
v -0.00555624999 -0.112543233 0.0144791799
v 0.00555624999 -0.112543233 0.0144791799
v -0.00555624999 -0.112543501 0.0145114288
v 0.00555624999 -0.112543501 0.0145114288
v -0.00555624999 -0.112547249 0.0145434607
v 0.00555624999 -0.112547249 0.0145434607
v -0.00555624999 -0.112554416 0.0145749021
v 0.00555624999 -0.112554416 0.0145749021
v -0.00555624999 -0.112564936 0.0146053899
v 0.00555624999 -0.112564936 0.0146053899
v -0.00555624999 -0.112578675 0.0146345664
v 0.00555624999 -0.112578675 0.0146345664
v -0.00555624999 -0.112595469 0.0146620944
v 0.00555624999 -0.112595469 0.0146620944
v -0.00555624999 -0.112615138 0.0146876527
v 0.00555624999 -0.112615138 0.0146876527
v -0.00555624999 -0.111980103 0.0126648229
v -0.00555624999 -0.111681662 0.0127135329
v -0.00555624999 -0.111587599 0.0127508212
v -0.00555624999 -0.111879066 0.0126702823
v -0.00555624999 -0.111779198 0.0126865814
v -0.00555624999 -0.111498088 0.012798016
v -0.00555624999 -0.112278558 0.0127134882
v -0.00555624999 -0.112181015 0.0126865515
v -0.00555624999 -0.112081148 0.0126702664
v -0.00555624999 -0.112372629 0.0127507634
v -0.00555624999 -0.112546064 0.012854483
v -0.00555624999 -0.112462148 0.0127979442
v -0.00555624999 -0.112693295 0.0129929082
v -0.00555624999 -0.112623416 0.0129197231
v -0.00555624999 -0.112807497 0.0131596271
v -0.00555624999 -0.112754896 0.0130731864
v -0.00555624999 -0.112905793 0.0134455981
v -0.00555624999 -0.112883389 0.0133469207
v -0.00555624999 -0.112887219 0.0138469897
v -0.00555624999 -0.11290811 0.0137479808
v -0.00555624999 -0.112762921 0.0141226565
v -0.00555624999 -0.112814195 0.0140354214
v -0.00555624999 -0.112850502 0.0132512264
v -0.00555624999 -0.112918228 0.0136472993
v -0.00555624999 -0.112702556 0.0142038679
v -0.00555624999 -0.112917453 0.0135461129
v -0.00555624999 -0.112855792 0.0139431758
v -0.00555624999 -0.112633802 0.0142781129
v -0.00555624999 -0.111469559 0.012813055
v -0.00555624999 -0.111767299 0.0136390002
v -0.00555624999 -0.112611897 0.014301776
v -0.00555624999 -0.112595469 0.0146620944
v -0.00555624999 -0.112578675 0.0146345664
v -0.00555624999 -0.11124935 0.012824852
v -0.00555624999 -0.111219376 0.0128129469
v -0.00555624999 -0.111344457 0.0128404256
v -0.00555624999 -0.111312255 0.0128386719
v -0.00555624999 -0.112553075 0.0144155314
v -0.00555624999 -0.112563081 0.0143848723
v -0.00555624999 -0.112543233 0.0144791799
v -0.00555624999 -0.112546436 0.0144470902
v -0.00555624999 -0.112615138 0.0146876527
v -0.00555624999 -0.111190863 0.0127978818
v -0.00555624999 -0.111280426 0.0128334612
v -0.00555624999 -0.111408487 0.0128335161
v -0.00555624999 -0.111376658 0.0128386999
v -0.00555624999 -0.112554416 0.0145749021
v -0.00555624999 -0.112547249 0.0145434607
v -0.00555624999 -0.112564936 0.0146053899
v -0.00555624999 -0.111139506 0.0127590131
v -0.00555624999 -0.111117266 0.0127356602
v -0.00555624999 -0.111164138 0.0127798347
v -0.00555624999 -0.111439578 0.0128249349
v -0.00555624999 -0.112543501 0.0145114288
v -0.00555624999 -0.112576321 0.0143554686
v -0.00555624999 -0.11259266 0.0143276621
v -0.00555624999 -0.111097671 0.0127100479
v -0.00555624999 -0.111498088 0.012798016
v 0.00555624999 -0.111498088 0.012798016
v 0.00555624999 -0.111469559 0.012813055
v -0.00555624999 -0.111469559 0.012813055
v 0.00555624999 -0.111439578 0.0128249349
v -0.00555624999 -0.111439578 0.0128249349
v 0.00555624999 -0.111408487 0.0128335161
v -0.00555624999 -0.111408487 0.0128335161
v 0.00555624999 -0.111376658 0.0128386999
v -0.00555624999 -0.111376658 0.0128386999
v 0.00555624999 -0.111344457 0.0128404256
v -0.00555624999 -0.111344457 0.0128404256
v 0.00555624999 -0.111312255 0.0128386719
v -0.00555624999 -0.111312255 0.0128386719
v 0.00555624999 -0.111280426 0.0128334612
v -0.00555624999 -0.111280426 0.0128334612
v 0.00555624999 -0.11124935 0.012824852
v -0.00555624999 -0.11124935 0.012824852
v 0.00555624999 -0.111219376 0.0128129469
v -0.00555624999 -0.111219376 0.0128129469
v 0.00555624999 -0.111190863 0.0127978818
v -0.00555624999 -0.111190863 0.0127978818
v 0.00555624999 -0.111164138 0.0127798347
v -0.00555624999 -0.111164138 0.0127798347
v 0.00555624999 -0.111139506 0.0127590131
v -0.00555624999 -0.111139506 0.0127590131
v 0.00555624999 -0.111117266 0.0127356602
v -0.00555624999 -0.111117266 0.0127356602
v 0.00555624999 -0.111097671 0.0127100479
v -0.00555624999 -0.111097671 0.0127100479
v 0.00555624999 -0.111587599 0.0127508212
v 0.00555624999 -0.111498088 0.012798016
v -0.00555624999 -0.111498088 0.012798016
v 0.00555624999 -0.111681662 0.0127135329
v -0.00555624999 -0.111587599 0.0127508212
v 0.00555624999 -0.111779198 0.0126865814
v -0.00555624999 -0.111681662 0.0127135329
v 0.00555624999 -0.111879066 0.0126702823
v -0.00555624999 -0.111779198 0.0126865814
v 0.00555624999 -0.111980103 0.0126648229
v -0.00555624999 -0.111879066 0.0126702823
v 0.00555624999 -0.112081148 0.0126702664
v -0.00555624999 -0.111980103 0.0126648229
v 0.00555624999 -0.112181015 0.0126865515
v -0.00555624999 -0.112081148 0.0126702664
v 0.00555624999 -0.112278558 0.0127134882
v -0.00555624999 -0.112181015 0.0126865515
v 0.00555624999 -0.112372629 0.0127507634
v -0.00555624999 -0.112278558 0.0127134882
v 0.00555624999 -0.112462148 0.0127979442
v -0.00555624999 -0.112372629 0.0127507634
v 0.00555624999 -0.112546064 0.012854483
v -0.00555624999 -0.112462148 0.0127979442
v 0.00555624999 -0.112623416 0.0129197231
v -0.00555624999 -0.112546064 0.012854483
v 0.00555624999 -0.112693295 0.0129929082
v -0.00555624999 -0.112623416 0.0129197231
v 0.00555624999 -0.112754896 0.0130731864
v -0.00555624999 -0.112693295 0.0129929082
v 0.00555624999 -0.112807497 0.0131596271
v -0.00555624999 -0.112754896 0.0130731864
v 0.00555624999 -0.112850502 0.0132512264
v -0.00555624999 -0.112807497 0.0131596271
v 0.00555624999 -0.112883389 0.0133469207
v -0.00555624999 -0.112850502 0.0132512264
v 0.00555624999 -0.112905793 0.0134455981
v -0.00555624999 -0.112883389 0.0133469207
v 0.00555624999 -0.112917453 0.0135461129
v -0.00555624999 -0.112905793 0.0134455981
v 0.00555624999 -0.112918228 0.0136472993
v -0.00555624999 -0.112917453 0.0135461129
v 0.00555624999 -0.11290811 0.0137479808
v -0.00555624999 -0.112918228 0.0136472993
v 0.00555624999 -0.112887219 0.0138469897
v -0.00555624999 -0.11290811 0.0137479808
v 0.00555624999 -0.112855792 0.0139431758
v -0.00555624999 -0.112887219 0.0138469897
v 0.00555624999 -0.112814195 0.0140354214
v -0.00555624999 -0.112855792 0.0139431758
v 0.00555624999 -0.112762921 0.0141226565
v -0.00555624999 -0.112814195 0.0140354214
v 0.00555624999 -0.112702556 0.0142038679
v -0.00555624999 -0.112762921 0.0141226565
v 0.00555624999 -0.112633802 0.0142781129
v -0.00555624999 -0.112702556 0.0142038679
v -0.00555624999 -0.112633802 0.0142781129
v 0.00555624999 -0.111265093 0.0109373722
v 0.00555624999 -0.111083224 0.0105790645
v 0.00555624999 -0.111142956 0.0106607443
v 0.00555624999 -0.110856637 0.0103788162
v 0.00555624999 -0.110939227 0.0104372771
v 0.00555624999 -0.110478692 0.0102423755
v 0.00555624999 -0.110578157 0.0102609619
v 0.00555624999 -0.111193545 0.0107483771
v 0.00555624999 -0.111015052 0.0105042867
v 0.00555624999 -0.110675044 0.010290144
v 0.00555624999 -0.110276662 0.0102377245
v 0.00555624999 -0.110377796 0.0102345999
v 0.00555624999 -0.110768236 0.0103295809
v 0.00555624999 -0.110176444 0.0102517148
v 0.00555624999 -0.109983407 0.0103115132
v 0.00555624999 -0.110078312 0.0102764061
v 0.00555624999 -0.111285217 0.0110365404
v 0.00555624999 -0.111294545 0.0111372983
v 0.00555624999 -0.111126743 0.0117101204
v 0.00555624999 -0.111064523 0.0117899161
v 0.00555624999 -0.111280546 0.011338897
v 0.00555624999 -0.111257374 0.0114373965
v 0.00555624999 -0.110994071 0.0118625537
v 0.00555624999 -0.111223735 0.011532831
v 0.00555624999 -0.111180022 0.0116240922
v 0.00555624999 -0.111292988 0.0112384753
v 0.00555624999 -0.111234419 0.010840944
v 0.00555624999 -0.11091622 0.0119271893
v 0.00555624999 -0.109953158 0.0103227003
v 0.00555624999 -0.110868961 0.0119709438
v 0.00555624999 -0.109825559 0.0103335073
v 0.00555624999 -0.109857708 0.0103360005
v 0.00555624999 -0.109762982 0.0103182448
v 0.00555624999 -0.109793857 0.0103275655
v 0.00555624999 -0.110397838 0.0116191981
v 0.00555624999 -0.110807545 0.0120833172
v 0.00555624999 -0.110800177 0.0121147148
v 0.00555624999 -0.109597899 0.0101720337
v 0.00555624999 -0.109613985 0.0101999845
v 0.00555624999 -0.110891409 0.0119477902
v 0.00555624999 -0.110818245 0.0120528955
v 0.00555624999 -0.110849135 0.0119963801
v 0.00555624999 -0.109921888 0.0103305653
v 0.00555624999 -0.109733298 0.0103056533
v 0.00555624999 -0.109678827 0.0102712801
v 0.00555624999 -0.109705135 0.0102899382
v 0.00555624999 -0.110815033 0.0122733973
v 0.00555624999 -0.110828094 0.012302882
v 0.00555624999 -0.110832162 0.0120238038
v 0.00555624999 -0.109889947 0.0103350161
v 0.00555624999 -0.109632991 0.0102260401
v 0.00555624999 -0.110805221 0.0122426767
v 0.00555624999 -0.110796236 0.0121467225
v 0.00555624999 -0.110795766 0.0121789686
v 0.00555624999 -0.109654687 0.0102498978
v 0.00555624999 -0.110798769 0.0122110778
v 0.00555624999 -0.110844254 0.0123307891
v -0.00555624999 -0.109597899 0.0101720337
v 0.00555624999 -0.109597899 0.0101720337
v 0.00555624999 -0.10939616 0.00976294186
v -0.00555624999 -0.10939616 0.00976294186
v 0.00555624999 -0.11091622 0.0119271893
v -0.00555624999 -0.11091622 0.0119271893
v -0.00555624999 -0.110891409 0.0119477902
v 0.00555624999 -0.110891409 0.0119477902
v -0.00555624999 -0.110868961 0.0119709438
v 0.00555624999 -0.110868961 0.0119709438
v -0.00555624999 -0.110849135 0.0119963801
v 0.00555624999 -0.110849135 0.0119963801
v -0.00555624999 -0.110832162 0.0120238038
v 0.00555624999 -0.110832162 0.0120238038
v -0.00555624999 -0.110818245 0.0120528955
v 0.00555624999 -0.110818245 0.0120528955
v -0.00555624999 -0.110807545 0.0120833172
v 0.00555624999 -0.110807545 0.0120833172
v -0.00555624999 -0.110800177 0.0121147148
v 0.00555624999 -0.110800177 0.0121147148
v -0.00555624999 -0.110796236 0.0121467225
v 0.00555624999 -0.110796236 0.0121467225
v -0.00555624999 -0.110795766 0.0121789686
v 0.00555624999 -0.110795766 0.0121789686
v -0.00555624999 -0.110798769 0.0122110778
v 0.00555624999 -0.110798769 0.0122110778
v -0.00555624999 -0.110805221 0.0122426767
v 0.00555624999 -0.110805221 0.0122426767
v -0.00555624999 -0.110815033 0.0122733973
v 0.00555624999 -0.110815033 0.0122733973
v -0.00555624999 -0.110828094 0.012302882
v 0.00555624999 -0.110828094 0.012302882
v -0.00555624999 -0.110844254 0.0123307891
v 0.00555624999 -0.110844254 0.0123307891
v -0.00555624999 -0.111265093 0.0109373722
v -0.00555624999 -0.110675044 0.010290144
v -0.00555624999 -0.110578157 0.0102609619
v -0.00555624999 -0.111015052 0.0105042867
v -0.00555624999 -0.110939227 0.0104372771
v -0.00555624999 -0.111193545 0.0107483771
v -0.00555624999 -0.111142956 0.0106607443
v -0.00555624999 -0.110478692 0.0102423755
v -0.00555624999 -0.110377796 0.0102345999
v -0.00555624999 -0.110768236 0.0103295809
v -0.00555624999 -0.111083224 0.0105790645
v -0.00555624999 -0.111234419 0.010840944
v -0.00555624999 -0.110176444 0.0102517148
v -0.00555624999 -0.110078312 0.0102764061
v -0.00555624999 -0.110276662 0.0102377245
v -0.00555624999 -0.110856637 0.0103788162
v -0.00555624999 -0.109983407 0.0103115132
v -0.00555624999 -0.111292988 0.0112384753
v -0.00555624999 -0.111294545 0.0111372983
v -0.00555624999 -0.111285217 0.0110365404
v -0.00555624999 -0.111223735 0.011532831
v -0.00555624999 -0.111257374 0.0114373965
v -0.00555624999 -0.110994071 0.0118625537
v -0.00555624999 -0.111064523 0.0117899161
v -0.00555624999 -0.111280546 0.011338897
v -0.00555624999 -0.111126743 0.0117101204
v -0.00555624999 -0.111180022 0.0116240922
v -0.00555624999 -0.11091622 0.0119271893
v -0.00555624999 -0.109921888 0.0103305653
v -0.00555624999 -0.110796236 0.0121467225
v -0.00555624999 -0.110800177 0.0121147148
v -0.00555624999 -0.109953158 0.0103227003
v -0.00555624999 -0.110891409 0.0119477902
v -0.00555624999 -0.110807545 0.0120833172
v -0.00555624999 -0.110397838 0.0116191981
v -0.00555624999 -0.109825559 0.0103335073
v -0.00555624999 -0.109793857 0.0103275655
v -0.00555624999 -0.109889947 0.0103350161
v -0.00555624999 -0.109857708 0.0103360005
v -0.00555624999 -0.110868961 0.0119709438
v -0.00555624999 -0.110832162 0.0120238038
v -0.00555624999 -0.110849135 0.0119963801
v -0.00555624999 -0.110818245 0.0120528955
v -0.00555624999 -0.109733298 0.0103056533
v -0.00555624999 -0.109705135 0.0102899382
v -0.00555624999 -0.109762982 0.0103182448
v -0.00555624999 -0.110844254 0.0123307891
v -0.00555624999 -0.110828094 0.012302882
v -0.00555624999 -0.110798769 0.0122110778
v -0.00555624999 -0.110795766 0.0121789686
v -0.00555624999 -0.110815033 0.0122733973
v -0.00555624999 -0.109654687 0.0102498978
v -0.00555624999 -0.109632991 0.0102260401
v -0.00555624999 -0.110805221 0.0122426767
v -0.00555624999 -0.109678827 0.0102712801
v -0.00555624999 -0.109613985 0.0101999845
v -0.00555624999 -0.109597899 0.0101720337
v -0.00555624999 -0.109983407 0.0103115132
v 0.00555624999 -0.109983407 0.0103115132
v 0.00555624999 -0.109953158 0.0103227003
v -0.00555624999 -0.109953158 0.0103227003
v 0.00555624999 -0.109921888 0.0103305653
v -0.00555624999 -0.109921888 0.0103305653
v 0.00555624999 -0.109889947 0.0103350161
v -0.00555624999 -0.109889947 0.0103350161
v 0.00555624999 -0.109857708 0.0103360005
v -0.00555624999 -0.109857708 0.0103360005
v 0.00555624999 -0.109825559 0.0103335073
v -0.00555624999 -0.109825559 0.0103335073
v 0.00555624999 -0.109793857 0.0103275655
v -0.00555624999 -0.109793857 0.0103275655
v 0.00555624999 -0.109762982 0.0103182448
v -0.00555624999 -0.109762982 0.0103182448
v 0.00555624999 -0.109733298 0.0103056533
v -0.00555624999 -0.109733298 0.0103056533
v 0.00555624999 -0.109705135 0.0102899382
v -0.00555624999 -0.109705135 0.0102899382
v 0.00555624999 -0.109678827 0.0102712801
v -0.00555624999 -0.109678827 0.0102712801
v 0.00555624999 -0.109654687 0.0102498978
v -0.00555624999 -0.109654687 0.0102498978
v 0.00555624999 -0.109632991 0.0102260401
v -0.00555624999 -0.109632991 0.0102260401
v 0.00555624999 -0.109613985 0.0101999845
v -0.00555624999 -0.109613985 0.0101999845
v 0.00555624999 -0.109597899 0.0101720337
v -0.00555624999 -0.109597899 0.0101720337
v 0.00555624999 -0.110078312 0.0102764061
v 0.00555624999 -0.109983407 0.0103115132
v -0.00555624999 -0.109983407 0.0103115132
v 0.00555624999 -0.110176444 0.0102517148
v -0.00555624999 -0.110078312 0.0102764061
v 0.00555624999 -0.110276662 0.0102377245
v -0.00555624999 -0.110176444 0.0102517148
v 0.00555624999 -0.110377796 0.0102345999
v -0.00555624999 -0.110276662 0.0102377245
v 0.00555624999 -0.110478692 0.0102423755
v -0.00555624999 -0.110377796 0.0102345999
v 0.00555624999 -0.110578157 0.0102609619
v -0.00555624999 -0.110478692 0.0102423755
v 0.00555624999 -0.110675044 0.010290144
v -0.00555624999 -0.110578157 0.0102609619
v 0.00555624999 -0.110768236 0.0103295809
v -0.00555624999 -0.110675044 0.010290144
v 0.00555624999 -0.110856637 0.0103788162
v -0.00555624999 -0.110768236 0.0103295809
v 0.00555624999 -0.110939227 0.0104372771
v -0.00555624999 -0.110856637 0.0103788162
v 0.00555624999 -0.111015052 0.0105042867
v -0.00555624999 -0.110939227 0.0104372771
v 0.00555624999 -0.111083224 0.0105790645
v -0.00555624999 -0.111015052 0.0105042867
v 0.00555624999 -0.111142956 0.0106607443
v -0.00555624999 -0.111083224 0.0105790645
v 0.00555624999 -0.111193545 0.0107483771
v -0.00555624999 -0.111142956 0.0106607443
v 0.00555624999 -0.111234419 0.010840944
v -0.00555624999 -0.111193545 0.0107483771
v 0.00555624999 -0.111265093 0.0109373722
v -0.00555624999 -0.111234419 0.010840944
v 0.00555624999 -0.111285217 0.0110365404
v -0.00555624999 -0.111265093 0.0109373722
v 0.00555624999 -0.111294545 0.0111372983
v -0.00555624999 -0.111285217 0.0110365404
v 0.00555624999 -0.111292988 0.0112384753
v -0.00555624999 -0.111294545 0.0111372983
v 0.00555624999 -0.111280546 0.011338897
v -0.00555624999 -0.111292988 0.0112384753
v 0.00555624999 -0.111257374 0.0114373965
v -0.00555624999 -0.111280546 0.011338897
v 0.00555624999 -0.111223735 0.011532831
v -0.00555624999 -0.111257374 0.0114373965
v 0.00555624999 -0.111180022 0.0116240922
v -0.00555624999 -0.111223735 0.011532831
v 0.00555624999 -0.111126743 0.0117101204
v -0.00555624999 -0.111180022 0.0116240922
v 0.00555624999 -0.111064523 0.0117899161
v -0.00555624999 -0.111126743 0.0117101204
v 0.00555624999 -0.110994071 0.0118625537
v -0.00555624999 -0.111064523 0.0117899161
v 0.00555624999 -0.11091622 0.0119271893
v -0.00555624999 -0.110994071 0.0118625537
v -0.00555624999 -0.11091622 0.0119271893
v 0.00555624999 -0.108806238 0.00764857838
v 0.00555624999 -0.1098039 0.00797435828
v 0.00555624999 -0.109861724 0.00805739593
v 0.00555624999 -0.109306313 0.0076446794
v 0.00555624999 -0.109005429 0.00761448685
v 0.00555624999 -0.109106615 0.00761369802
v 0.00555624999 -0.109737471 0.00789802615
v 0.00555624999 -0.109581992 0.00776893133
v 0.00555624999 -0.109663218 0.0078292843
v 0.00555624999 -0.1094025 0.00767609011
v 0.00555624999 -0.108904913 0.00762615865
v 0.00555624999 -0.109494753 0.00771766808
v 0.00555624999 -0.109876543 0.00902134273
v 0.00555624999 -0.10982129 0.0091061173
v 0.00555624999 -0.109910287 0.00814617239
v 0.00555624999 -0.109207295 0.00762380147
v 0.00555624999 -0.109685138 0.00925544649
v 0.00555624999 -0.109605812 0.00931826793
v 0.00555624999 -0.109757245 0.0091844555
v 0.00555624999 -0.109983623 0.00873854384
v 0.00555624999 -0.109958179 0.00883648265
v 0.00555624999 -0.110002279 0.00853732228
v 0.00555624999 -0.109998375 0.00863843691
v 0.00555624999 -0.109949008 0.00823965948
v 0.00555624999 -0.109977446 0.00833676942
v 0.00555624999 -0.109922349 0.00893111527
v 0.00555624999 -0.109995268 0.00843637623
v 0.00555624999 -0.109520182 0.00937218778
v 0.00555624999 -0.108774789 0.00765572162
v 0.00555624999 -0.109492898 0.00938937441
v 0.00555624999 -0.109467618 0.00940939877
v 0.00555624999 -0.10864687 0.00764978025
v 0.00555624999 -0.108678423 0.00765644852
v 0.00555624999 -0.108742759 0.00765943667
v 0.00555624999 -0.108710513 0.00765968021
v 0.00555624999 -0.109254785 0.00946317147
v 0.00555624999 -0.108442239 0.00745997252
v 0.00555624999 -0.10845454 0.00748978416
v 0.00555624999 -0.108586825 0.00762648135
v 0.00555624999 -0.108616218 0.00763975224
v 0.00555624999 -0.109406643 0.00948403031
v 0.00555624999 -0.109444641 0.00943202991
v 0.00555624999 -0.109424233 0.00945700426
v 0.00555624999 -0.108469978 0.00751809776
v 0.00555624999 -0.108488373 0.00754458364
v 0.00555624999 -0.109372571 0.00957418233
v 0.00555624999 -0.1093679 0.00960609131
v 0.00555624999 -0.109392054 0.00951279514
v 0.00555624999 -0.109380655 0.00954296254
v 0.00555624999 -0.108533166 0.00759086525
v 0.00555624999 -0.108559035 0.00761012221
v 0.00555624999 -0.109366685 0.00963831786
v 0.00555624999 -0.108509518 0.007568934
v 0.00555624999 -0.10936895 0.00967048761
v 0.00555624999 -0.109374672 0.00970222615
v 0.00555624999 -0.109383777 0.00973316468
v 0.00555624999 -0.10939616 0.00976294186
v -0.00555624999 -0.108295619 0.00702804839
v -0.00555624999 -0.108351536 0.00719619822
v 0.00555624999 -0.108351536 0.00719619822
v 0.00555624999 -0.108442239 0.00745997252
v -0.00555624999 -0.108442239 0.00745997252
v 0.00555624999 -0.108295619 0.00702804839
v 0.00555624999 -0.109520182 0.00937218778
v -0.00555624999 -0.109520182 0.00937218778
v -0.00555624999 -0.109492898 0.00938937441
v 0.00555624999 -0.109492898 0.00938937441
v -0.00555624999 -0.109467618 0.00940939877
v 0.00555624999 -0.109467618 0.00940939877
v -0.00555624999 -0.109444641 0.00943202991
v 0.00555624999 -0.109444641 0.00943202991
v -0.00555624999 -0.109424233 0.00945700426
v 0.00555624999 -0.109424233 0.00945700426
v -0.00555624999 -0.109406643 0.00948403031
v 0.00555624999 -0.109406643 0.00948403031
v -0.00555624999 -0.109392054 0.00951279514
v 0.00555624999 -0.109392054 0.00951279514
v -0.00555624999 -0.109380655 0.00954296254
v 0.00555624999 -0.109380655 0.00954296254
v -0.00555624999 -0.109372571 0.00957418233
v 0.00555624999 -0.109372571 0.00957418233
v -0.00555624999 -0.1093679 0.00960609131
v 0.00555624999 -0.1093679 0.00960609131
v -0.00555624999 -0.109366685 0.00963831786
v 0.00555624999 -0.109366685 0.00963831786
v -0.00555624999 -0.10936895 0.00967048761
v 0.00555624999 -0.10936895 0.00967048761
v -0.00555624999 -0.109374672 0.00970222615
v 0.00555624999 -0.109374672 0.00970222615
v -0.00555624999 -0.109383777 0.00973316468
v 0.00555624999 -0.109383777 0.00973316468
v -0.00555624999 -0.10939616 0.00976294186
v 0.00555624999 -0.10939616 0.00976294186
v -0.00555624999 -0.109306313 0.0076446794
v -0.00555624999 -0.109207295 0.00762380147
v -0.00555624999 -0.109106615 0.00761369802
v -0.00555624999 -0.108806238 0.00764857838
v -0.00555624999 -0.109910287 0.00814617239
v -0.00555624999 -0.109861724 0.00805739593
v -0.00555624999 -0.109005429 0.00761448685
v -0.00555624999 -0.109494753 0.00771766808
v -0.00555624999 -0.1094025 0.00767609011
v -0.00555624999 -0.109737471 0.00789802615
v -0.00555624999 -0.109663218 0.0078292843
v -0.00555624999 -0.1098039 0.00797435828
v -0.00555624999 -0.108904913 0.00762615865
v -0.00555624999 -0.109581992 0.00776893133
v -0.00555624999 -0.109949008 0.00823965948
v -0.00555624999 -0.109757245 0.0091844555
v -0.00555624999 -0.10982129 0.0091061173
v -0.00555624999 -0.109995268 0.00843637623
v -0.00555624999 -0.109977446 0.00833676942
v -0.00555624999 -0.109983623 0.00873854384
v -0.00555624999 -0.109998375 0.00863843691
v -0.00555624999 -0.109922349 0.00893111527
v -0.00555624999 -0.109958179 0.00883648265
v -0.00555624999 -0.109685138 0.00925544649
v -0.00555624999 -0.109520182 0.00937218778
v -0.00555624999 -0.109605812 0.00931826793
v -0.00555624999 -0.110002279 0.00853732228
v -0.00555624999 -0.109876543 0.00902134273
v -0.00555624999 -0.108774789 0.00765572162
v -0.00555624999 -0.109492898 0.00938937441
v -0.00555624999 -0.109467618 0.00940939877
v -0.00555624999 -0.108710513 0.00765968021
v -0.00555624999 -0.108678423 0.00765644852
v -0.00555624999 -0.108742759 0.00765943667
v -0.00555624999 -0.10864687 0.00764978025
v -0.00555624999 -0.108616218 0.00763975224
v -0.00555624999 -0.109424233 0.00945700426
v -0.00555624999 -0.108509518 0.007568934
v -0.00555624999 -0.108488373 0.00754458364
v -0.00555624999 -0.108586825 0.00762648135
v -0.00555624999 -0.108559035 0.00761012221
v -0.00555624999 -0.109254785 0.00946317147
v -0.00555624999 -0.109406643 0.00948403031
v -0.00555624999 -0.108533166 0.00759086525
v -0.00555624999 -0.109444641 0.00943202991
v -0.00555624999 -0.109392054 0.00951279514
v -0.00555624999 -0.109372571 0.00957418233
v -0.00555624999 -0.109380655 0.00954296254
v -0.00555624999 -0.109366685 0.00963831786
v -0.00555624999 -0.1093679 0.00960609131
v -0.00555624999 -0.108469978 0.00751809776
v -0.00555624999 -0.10936895 0.00967048761
v -0.00555624999 -0.109383777 0.00973316468
v -0.00555624999 -0.109374672 0.00970222615
v -0.00555624999 -0.10845454 0.00748978416
v -0.00555624999 -0.10939616 0.00976294186
v -0.00555624999 -0.108442239 0.00745997252
v -0.00555624999 -0.108806238 0.00764857838
v 0.00555624999 -0.108806238 0.00764857838
v 0.00555624999 -0.108774789 0.00765572162
v -0.00555624999 -0.108774789 0.00765572162
v 0.00555624999 -0.108742759 0.00765943667
v -0.00555624999 -0.108742759 0.00765943667
v 0.00555624999 -0.108710513 0.00765968021
v -0.00555624999 -0.108710513 0.00765968021
v 0.00555624999 -0.108678423 0.00765644852
v -0.00555624999 -0.108678423 0.00765644852
v 0.00555624999 -0.10864687 0.00764978025
v -0.00555624999 -0.10864687 0.00764978025
v 0.00555624999 -0.108616218 0.00763975224
v -0.00555624999 -0.108616218 0.00763975224
v 0.00555624999 -0.108586825 0.00762648135
v -0.00555624999 -0.108586825 0.00762648135
v 0.00555624999 -0.108559035 0.00761012221
v -0.00555624999 -0.108559035 0.00761012221
v 0.00555624999 -0.108533166 0.00759086525
v -0.00555624999 -0.108533166 0.00759086525
v 0.00555624999 -0.108509518 0.007568934
v -0.00555624999 -0.108509518 0.007568934
v 0.00555624999 -0.108488373 0.00754458364
v -0.00555624999 -0.108488373 0.00754458364
v 0.00555624999 -0.108469978 0.00751809776
v -0.00555624999 -0.108469978 0.00751809776
v 0.00555624999 -0.10845454 0.00748978416
v -0.00555624999 -0.10845454 0.00748978416
v 0.00555624999 -0.108442239 0.00745997252
v -0.00555624999 -0.108442239 0.00745997252
v 0.00555624999 -0.108904913 0.00762615865
v 0.00555624999 -0.108806238 0.00764857838
v -0.00555624999 -0.108806238 0.00764857838
v 0.00555624999 -0.109005429 0.00761448685
v -0.00555624999 -0.108904913 0.00762615865
v 0.00555624999 -0.109106615 0.00761369802
v -0.00555624999 -0.109005429 0.00761448685
v 0.00555624999 -0.109207295 0.00762380147
v -0.00555624999 -0.109106615 0.00761369802
v 0.00555624999 -0.109306313 0.0076446794
v -0.00555624999 -0.109207295 0.00762380147
v 0.00555624999 -0.1094025 0.00767609011
v -0.00555624999 -0.109306313 0.0076446794
v 0.00555624999 -0.109494753 0.00771766808
v -0.00555624999 -0.1094025 0.00767609011
v 0.00555624999 -0.109581992 0.00776893133
v -0.00555624999 -0.109494753 0.00771766808
v 0.00555624999 -0.109663218 0.0078292843
v -0.00555624999 -0.109581992 0.00776893133
v 0.00555624999 -0.109737471 0.00789802615
v -0.00555624999 -0.109663218 0.0078292843
v 0.00555624999 -0.1098039 0.00797435828
v -0.00555624999 -0.109737471 0.00789802615
v 0.00555624999 -0.109861724 0.00805739593
v -0.00555624999 -0.1098039 0.00797435828
v 0.00555624999 -0.109910287 0.00814617239
v -0.00555624999 -0.109861724 0.00805739593
v 0.00555624999 -0.109949008 0.00823965948
v -0.00555624999 -0.109910287 0.00814617239
v 0.00555624999 -0.109977446 0.00833676942
v -0.00555624999 -0.109949008 0.00823965948
v 0.00555624999 -0.109995268 0.00843637623
v -0.00555624999 -0.109977446 0.00833676942
v 0.00555624999 -0.110002279 0.00853732228
v -0.00555624999 -0.109995268 0.00843637623
v 0.00555624999 -0.109998375 0.00863843691
v -0.00555624999 -0.110002279 0.00853732228
v 0.00555624999 -0.109983623 0.00873854384
v -0.00555624999 -0.109998375 0.00863843691
v 0.00555624999 -0.109958179 0.00883648265
v -0.00555624999 -0.109983623 0.00873854384
v 0.00555624999 -0.109922349 0.00893111527
v -0.00555624999 -0.109958179 0.00883648265
v 0.00555624999 -0.109876543 0.00902134273
v -0.00555624999 -0.109922349 0.00893111527
v 0.00555624999 -0.10982129 0.0091061173
v -0.00555624999 -0.109876543 0.00902134273
v 0.00555624999 -0.109757245 0.0091844555
v -0.00555624999 -0.10982129 0.0091061173
v 0.00555624999 -0.109685138 0.00925544649
v -0.00555624999 -0.109757245 0.0091844555
v 0.00555624999 -0.109605812 0.00931826793
v -0.00555624999 -0.109685138 0.00925544649
v 0.00555624999 -0.109520182 0.00937218778
v -0.00555624999 -0.109605812 0.00931826793
v -0.00555624999 -0.109520182 0.00937218778
v 0.00555624999 -0.107986726 0.00485477364
v 0.00555624999 -0.108802848 0.00643233443
v 0.00555624999 -0.108729124 0.00650164206
v 0.00555624999 -0.109042563 0.00558995875
v 0.00555624999 -0.10905809 0.00568995066
v 0.00555624999 -0.108877428 0.00522363745
v 0.00555624999 -0.10893333 0.00530798733
v 0.00555624999 -0.108660333 0.00501314132
v 0.00555624999 -0.108740136 0.00507535366
v 0.00555624999 -0.108387589 0.00488255732
v 0.00555624999 -0.108087488 0.00484542549
v 0.00555624999 -0.108648367 0.00656261435
v 0.00555624999 -0.108561516 0.0066145435
v 0.00555624999 -0.108868688 0.00635549612
v 0.00555624999 -0.109016374 0.00549221784
v 0.00555624999 -0.108979821 0.00539786182
v 0.00555624999 -0.108574294 0.00495987758
v 0.00555624999 -0.108483024 0.00491618039
v 0.00555624999 -0.108188659 0.00484697334
v 0.00555624999 -0.108973756 0.00618287362
v 0.00555624999 -0.108925879 0.00627201935
v 0.00555624999 -0.109062761 0.00579103176
v 0.00555624999 -0.109056525 0.00589202857
v 0.00555624999 -0.108812787 0.00514579145
v 0.00555624999 -0.108289085 0.00485939858
v 0.00555624999 -0.109039463 0.00599176856
v 0.00555624999 -0.109011769 0.00608909363
v 0.00555624999 -0.108469583 0.00665682601
v 0.00555624999 -0.108440287 0.00667030318
v 0.00555624999 -0.107954614 0.00485775154
v 0.00555624999 -0.107858978 0.00484589301
v 0.00555624999 -0.107890368 0.00485328492
v 0.00555624999 -0.107799485 0.00482122041
v 0.00555624999 -0.107828565 0.00483516324
v 0.00555624999 -0.107698694 0.00484485598
v 0.00555624999 -0.10836339 0.00672839303
v 0.00555624999 -0.108342417 0.00675289147
v 0.00555624999 -0.107922368 0.00485725328
v 0.00555624999 -0.107772075 0.00480422657
v 0.00555624999 -0.107723519 0.004761911
v 0.00555624999 -0.107746653 0.00478438009
v 0.00555624999 -0.108296871 0.00683782529
v 0.00555624999 -0.108288072 0.00686885091
v 0.00555624999 -0.108324207 0.00677950634
v 0.00555624999 -0.108308963 0.00680792751
v 0.00555624999 -0.108386882 0.006706296
v 0.00555624999 -0.108412609 0.00668685744
v 0.00555624999 -0.107685156 0.00471017929
v 0.00555624999 -0.107702941 0.00473708101
v 0.00555624999 -0.108282238 0.00696504768
v 0.00555624999 -0.10828723 0.00699690916
v 0.00555624999 -0.108282663 0.00690064393
v 0.00555624999 -0.108280718 0.00693283416
v 0.00555624999 -0.107670374 0.0046815183
v 0.00555624999 -0.107650459 0.00462026941
v 0.00555624999 -0.107658759 0.00465143146
v 0.00555624999 -0.108295619 0.00702804839
v -0.00555624999 -0.107650459 0.00462026941
v 0.00555624999 -0.107650459 0.00462026941
v 0.00555624999 -0.107561469 0.00417290302
v -0.00555624999 -0.107561469 0.00417290302
v 0.00555624999 -0.108469583 0.00665682601
v -0.00555624999 -0.108469583 0.00665682601
v -0.00555624999 -0.108440287 0.00667030318
v 0.00555624999 -0.108440287 0.00667030318
v -0.00555624999 -0.108412609 0.00668685744
v 0.00555624999 -0.108412609 0.00668685744
v -0.00555624999 -0.108386882 0.006706296
v 0.00555624999 -0.108386882 0.006706296
v -0.00555624999 -0.10836339 0.00672839303
v 0.00555624999 -0.10836339 0.00672839303
v -0.00555624999 -0.108342417 0.00675289147
v 0.00555624999 -0.108342417 0.00675289147
v -0.00555624999 -0.108324207 0.00677950634
v 0.00555624999 -0.108324207 0.00677950634
v -0.00555624999 -0.108308963 0.00680792751
v 0.00555624999 -0.108308963 0.00680792751
v -0.00555624999 -0.108296871 0.00683782529
v 0.00555624999 -0.108296871 0.00683782529
v -0.00555624999 -0.108288072 0.00686885091
v 0.00555624999 -0.108288072 0.00686885091
v -0.00555624999 -0.108282663 0.00690064393
v 0.00555624999 -0.108282663 0.00690064393
v -0.00555624999 -0.108280718 0.00693283416
v 0.00555624999 -0.108280718 0.00693283416
v -0.00555624999 -0.108282238 0.00696504768
v 0.00555624999 -0.108282238 0.00696504768
v -0.00555624999 -0.10828723 0.00699690916
v 0.00555624999 -0.10828723 0.00699690916
v -0.00555624999 -0.108295619 0.00702804839
v 0.00555624999 -0.108295619 0.00702804839
v -0.00555624999 -0.108387589 0.00488255732
v -0.00555624999 -0.108188659 0.00484697334
v -0.00555624999 -0.108087488 0.00484542549
v -0.00555624999 -0.107986726 0.00485477364
v -0.00555624999 -0.108812787 0.00514579145
v -0.00555624999 -0.108740136 0.00507535366
v -0.00555624999 -0.108979821 0.00539786182
v -0.00555624999 -0.10893333 0.00530798733
v -0.00555624999 -0.109062761 0.00579103176
v -0.00555624999 -0.10905809 0.00568995066
v -0.00555624999 -0.108648367 0.00656261435
v -0.00555624999 -0.108729124 0.00650164206
v -0.00555624999 -0.108289085 0.00485939858
v -0.00555624999 -0.108574294 0.00495987758
v -0.00555624999 -0.108483024 0.00491618039
v -0.00555624999 -0.108660333 0.00501314132
v -0.00555624999 -0.109016374 0.00549221784
v -0.00555624999 -0.109042563 0.00558995875
v -0.00555624999 -0.108802848 0.00643233443
v -0.00555624999 -0.108469583 0.00665682601
v -0.00555624999 -0.108561516 0.0066145435
v -0.00555624999 -0.108877428 0.00522363745
v -0.00555624999 -0.109039463 0.00599176856
v -0.00555624999 -0.109056525 0.00589202857
v -0.00555624999 -0.108868688 0.00635549612
v -0.00555624999 -0.108925879 0.00627201935
v -0.00555624999 -0.108973756 0.00618287362
v -0.00555624999 -0.109011769 0.00608909363
v -0.00555624999 -0.108440287 0.00667030318
v -0.00555624999 -0.107858978 0.00484589301
v -0.00555624999 -0.107828565 0.00483516324
v -0.00555624999 -0.107922368 0.00485725328
v -0.00555624999 -0.107890368 0.00485328492
v -0.00555624999 -0.107698694 0.00484485598
v -0.00555624999 -0.107772075 0.00480422657
v -0.00555624999 -0.107746653 0.00478438009
v -0.00555624999 -0.107799485 0.00482122041
v -0.00555624999 -0.107954614 0.00485775154
v -0.00555624999 -0.108324207 0.00677950634
v -0.00555624999 -0.108342417 0.00675289147
v -0.00555624999 -0.107723519 0.004761911
v -0.00555624999 -0.107702941 0.00473708101
v -0.00555624999 -0.108386882 0.006706296
v -0.00555624999 -0.108412609 0.00668685744
v -0.00555624999 -0.10836339 0.00672839303
v -0.00555624999 -0.108296871 0.00683782529
v -0.00555624999 -0.108308963 0.00680792751
v -0.00555624999 -0.108282663 0.00690064393
v -0.00555624999 -0.108288072 0.00686885091
v -0.00555624999 -0.107685156 0.00471017929
v -0.00555624999 -0.108282238 0.00696504768
v -0.00555624999 -0.108280718 0.00693283416
v -0.00555624999 -0.108295619 0.00702804839
v -0.00555624999 -0.10828723 0.00699690916
v -0.00555624999 -0.107670374 0.0046815183
v -0.00555624999 -0.107658759 0.00465143146
v -0.00555624999 -0.107650459 0.00462026941
v -0.00555624999 -0.107986726 0.00485477364
v 0.00555624999 -0.107986726 0.00485477364
v 0.00555624999 -0.107954614 0.00485775154
v -0.00555624999 -0.107954614 0.00485775154
v 0.00555624999 -0.107922368 0.00485725328
v -0.00555624999 -0.107922368 0.00485725328
v 0.00555624999 -0.107890368 0.00485328492
v -0.00555624999 -0.107890368 0.00485328492
v 0.00555624999 -0.107858978 0.00484589301
v -0.00555624999 -0.107858978 0.00484589301
v 0.00555624999 -0.107828565 0.00483516324
v -0.00555624999 -0.107828565 0.00483516324
v 0.00555624999 -0.107799485 0.00482122041
v -0.00555624999 -0.107799485 0.00482122041
v 0.00555624999 -0.107772075 0.00480422657
v -0.00555624999 -0.107772075 0.00480422657
v 0.00555624999 -0.107746653 0.00478438009
v -0.00555624999 -0.107746653 0.00478438009
v 0.00555624999 -0.107723519 0.004761911
v -0.00555624999 -0.107723519 0.004761911
v 0.00555624999 -0.107702941 0.00473708101
v -0.00555624999 -0.107702941 0.00473708101
v 0.00555624999 -0.107685156 0.00471017929
v -0.00555624999 -0.107685156 0.00471017929
v 0.00555624999 -0.107670374 0.0046815183
v -0.00555624999 -0.107670374 0.0046815183
v 0.00555624999 -0.107658759 0.00465143146
v -0.00555624999 -0.107658759 0.00465143146
v 0.00555624999 -0.107650459 0.00462026941
v -0.00555624999 -0.107650459 0.00462026941
v 0.00555624999 -0.108087488 0.00484542549
v 0.00555624999 -0.107986726 0.00485477364
v -0.00555624999 -0.107986726 0.00485477364
v 0.00555624999 -0.108188659 0.00484697334
v -0.00555624999 -0.108087488 0.00484542549
v 0.00555624999 -0.108289085 0.00485939858
v -0.00555624999 -0.108188659 0.00484697334
v 0.00555624999 -0.108387589 0.00488255732
v -0.00555624999 -0.108289085 0.00485939858
v 0.00555624999 -0.108483024 0.00491618039
v -0.00555624999 -0.108387589 0.00488255732
v 0.00555624999 -0.108574294 0.00495987758
v -0.00555624999 -0.108483024 0.00491618039
v 0.00555624999 -0.108660333 0.00501314132
v -0.00555624999 -0.108574294 0.00495987758
v 0.00555624999 -0.108740136 0.00507535366
v -0.00555624999 -0.108660333 0.00501314132
v 0.00555624999 -0.108812787 0.00514579145
v -0.00555624999 -0.108740136 0.00507535366
v 0.00555624999 -0.108877428 0.00522363745
v -0.00555624999 -0.108812787 0.00514579145
v 0.00555624999 -0.10893333 0.00530798733
v -0.00555624999 -0.108877428 0.00522363745
v 0.00555624999 -0.108979821 0.00539786182
v -0.00555624999 -0.10893333 0.00530798733
v 0.00555624999 -0.109016374 0.00549221784
v -0.00555624999 -0.108979821 0.00539786182
v 0.00555624999 -0.109042563 0.00558995875
v -0.00555624999 -0.109016374 0.00549221784
v 0.00555624999 -0.10905809 0.00568995066
v -0.00555624999 -0.109042563 0.00558995875
v 0.00555624999 -0.109062761 0.00579103176
v -0.00555624999 -0.10905809 0.00568995066
v 0.00555624999 -0.109056525 0.00589202857
v -0.00555624999 -0.109062761 0.00579103176
v 0.00555624999 -0.109039463 0.00599176856
v -0.00555624999 -0.109056525 0.00589202857
v 0.00555624999 -0.109011769 0.00608909363
v -0.00555624999 -0.109039463 0.00599176856
v 0.00555624999 -0.108973756 0.00618287362
v -0.00555624999 -0.109011769 0.00608909363
v 0.00555624999 -0.108925879 0.00627201935
v -0.00555624999 -0.108973756 0.00618287362
v 0.00555624999 -0.108868688 0.00635549612
v -0.00555624999 -0.108925879 0.00627201935
v 0.00555624999 -0.108802848 0.00643233443
v -0.00555624999 -0.108868688 0.00635549612
v 0.00555624999 -0.108729124 0.00650164206
v -0.00555624999 -0.108802848 0.00643233443
v 0.00555624999 -0.108648367 0.00656261435
v -0.00555624999 -0.108729124 0.00650164206
v 0.00555624999 -0.108561516 0.0066145435
v -0.00555624999 -0.108648367 0.00656261435
v 0.00555624999 -0.108469583 0.00665682601
v -0.00555624999 -0.108561516 0.0066145435
v -0.00555624999 -0.108469583 0.00665682601
v -0.00655625015 -0.106309757 -0.00254483102
v -0.00555624999 -0.10720627 -0.00124635804
v -0.00555624999 -0.107236102 -0.00170151249
v -0.00655625015 -0.106171779 6.24500451e-17
v -0.00555624999 -0.107171781 6.24500451e-17
v -0.00655625015 -0.106722072 -0.00505982619
v -0.00555624999 -0.107561469 -0.00417290302
v -0.00555624999 -0.107650459 -0.00462026941
v -0.00555624999 -0.107303895 -0.00243671192
v -0.00555624999 -0.107698694 -0.00484485598
v -0.00555624999 -0.108295619 -0.00702804839
v -0.00655625015 -0.107403889 -0.00751549983
v -0.00655625015 -0.108347207 -0.00988306105
v -0.00555624999 -0.108442239 -0.00745997252
v -0.00555624999 -0.108351536 -0.00719619822
v -0.00655625015 -0.109540977 -0.0121347522
v -0.00555624999 -0.109597899 -0.0101720337
v -0.00555624999 -0.109254785 -0.00946317147
v -0.00555624999 -0.10939616 -0.00976294186
v -0.00555624999 -0.110844254 -0.0123307891
v -0.00555624999 -0.111097671 -0.0127100479
v -0.00555624999 -0.110397838 -0.0116191981
v -0.00655625015 -0.110971205 -0.0142441746
v -0.00655625015 -0.112621114 -0.0161865968
v -0.00555624999 -0.112615138 -0.0146876527
v -0.00555624999 -0.112915888 -0.0150305899
v -0.00555624999 -0.111767299 -0.0136390002
v -0.00655625015 -0.114471361 -0.0179392453
v -0.00555624999 -0.114678502 -0.0167932063
v -0.00555624999 -0.115021445 -0.0170939546
v -0.00555624999 -0.113347106 -0.0154988971
v -0.00555624999 -0.115118749 -0.0171770845
v -0.00555624999 -0.116999045 -0.0186114237
v -0.00655625015 -0.116500258 -0.0194815733
v -0.00655625015 -0.118684016 -0.020795498
v -0.00555624999 -0.117378302 -0.0188648365
v -0.00555624999 -0.117061444 -0.0186538845
v -0.00655625015 -0.120997034 -0.0218656156
v -0.00555624999 -0.119946152 -0.020312937
v -0.00555624999 -0.119152427 -0.0199119858
v -0.00555624999 -0.119537063 -0.0201111957
v -0.00555624999 -0.122249119 -0.0212668572
v -0.00555624999 -0.122681044 -0.0214134753
v -0.00555624999 -0.121367171 -0.0209366381
v -0.00655625015 -0.123412199 -0.0226793773
v -0.00655625015 -0.125901178 -0.0232272428
v -0.00555624999 -0.125088826 -0.0220586378
v -0.00555624999 -0.125536188 -0.0221476257
v -0.00555624999 -0.123679727 -0.0217158273
v -0.00655625015 -0.128434807 -0.0235027932
v -0.00555624999 -0.128007576 -0.0224729907
v -0.00555624999 -0.128462732 -0.0225028228
v -0.00555624999 -0.126062959 -0.0222404171
v -0.00555624999 -0.128488943 -0.0225042589
v -0.00555624999 -0.130929247 -0.0225042589
v -0.00655625015 -0.133517012 -0.0232272428
v -0.00655625015 -0.130983382 -0.0235027932
v -0.00555624999 -0.131410614 -0.0224729907
v -0.00555624999 -0.130955458 -0.0225028228
v -0.00655625015 -0.136005998 -0.0226793773
v -0.00555624999 -0.134329364 -0.0220586378
v -0.00555624999 -0.13335523 -0.0222404171
v -0.00555624999 -0.133882001 -0.0221476257
v -0.00655625015 -0.138421148 -0.0218656156
v -0.00555624999 -0.136737138 -0.0214134753
v -0.00555624999 -0.137169063 -0.0212668572
v -0.00555624999 -0.135738462 -0.0217158273
v -0.00655625015 -0.140734166 -0.020795498
v -0.00555624999 -0.139472038 -0.020312937
v -0.00555624999 -0.139881134 -0.0201111957
v -0.00555624999 -0.138051018 -0.0209366381
v -0.00555624999 -0.140265763 -0.0199119858
v -0.00555624999 -0.14203988 -0.0188648365
v -0.00655625015 -0.142917931 -0.0194815733
v -0.00655625015 -0.144946828 -0.0179392453
v -0.00555624999 -0.142419145 -0.0186114237
v -0.00555624999 -0.142356738 -0.0186538845
v -0.00655625015 -0.146797076 -0.0161865968
v -0.00555624999 -0.144739687 -0.0167932063
v -0.00555624999 -0.144299448 -0.0171770845
v -0.00555624999 -0.144396752 -0.0170939546
v -0.00655625015 -0.148446992 -0.0142441746
v -0.00555624999 -0.146803051 -0.0146876527
v -0.00555624999 -0.146071076 -0.0154988971
v -0.00555624999 -0.146502301 -0.0150305899
v -0.00655625015 -0.149877205 -0.0121347522
v -0.00555624999 -0.148320511 -0.0127100479
v -0.00555624999 -0.148573935 -0.0123307891
v -0.00555624999 -0.147650898 -0.0136390002
v -0.00655625015 -0.151070982 -0.00988306105
v -0.00555624999 -0.149820283 -0.0101720337
v -0.00555624999 -0.15002203 -0.00976294186
v -0.00555624999 -0.149020344 -0.0116191981
v -0.00555624999 -0.150163397 -0.00946317147
v -0.00555624999 -0.150975958 -0.00745997252
v -0.00655625015 -0.1520143 -0.00751549983
v -0.00655625015 -0.152696118 -0.00505982619
v -0.00555624999 -0.15112257 -0.00702804839
v -0.00555624999 -0.151066646 -0.00719619822
v -0.00655625015 -0.153108433 -0.00254483102
v -0.00555624999 -0.15185672 -0.00417290302
v -0.00555624999 -0.151719496 -0.00484485598
v -0.00555624999 -0.151767731 -0.00462026941
v -0.00655625015 -0.153246403 8.04728879e-17
v -0.00555624999 -0.152211919 -0.00124635804
v -0.00555624999 -0.152114287 -0.00243671192
v -0.00555624999 -0.152182087 -0.00170151249
v -0.00655625015 -0.153108433 0.00254483102
v -0.00555624999 -0.152211919 0.00124635804
v -0.00555624999 -0.152182087 0.00170151249
v -0.00555624999 -0.152246401 7.97071768e-17
v -0.00655625015 -0.152696118 0.00505982619
v -0.00555624999 -0.15185672 0.00417290302
v -0.00555624999 -0.151767731 0.00462026941
v -0.00555624999 -0.152114287 0.00243671192
v -0.00555624999 -0.151719496 0.00484485598
v -0.00555624999 -0.15112257 0.00702804839
v -0.00655625015 -0.1520143 0.00751549983
v -0.00655625015 -0.151070982 0.00988306105
v -0.00555624999 -0.150975958 0.00745997252
v -0.00555624999 -0.151066646 0.00719619822
v -0.00655625015 -0.149877205 0.0121347522
v -0.00555624999 -0.149820283 0.0101720337
v -0.00555624999 -0.150163397 0.00946317147
v -0.00555624999 -0.15002203 0.00976294186
v -0.00555624999 -0.148573935 0.0123307891
v -0.00555624999 -0.148320511 0.0127100479
v -0.00555624999 -0.149020344 0.0116191981
v -0.00655625015 -0.148446992 0.0142441746
v -0.00655625015 -0.146797076 0.0161865968
v -0.00555624999 -0.146803051 0.0146876527
v -0.00555624999 -0.146502301 0.0150305899
v -0.00555624999 -0.147650898 0.0136390002
v -0.00655625015 -0.144946828 0.0179392453
v -0.00555624999 -0.144739687 0.0167932063
v -0.00555624999 -0.144396752 0.0170939546
v -0.00555624999 -0.146071076 0.0154988971
v -0.00555624999 -0.144299448 0.0171770845
v -0.00555624999 -0.142419145 0.0186114237
v -0.00655625015 -0.142917931 0.0194815733
v -0.00655625015 -0.140734166 0.020795498
v -0.00555624999 -0.14203988 0.0188648365
v -0.00555624999 -0.142356738 0.0186538845
v -0.00655625015 -0.138421148 0.0218656156
v -0.00555624999 -0.139472038 0.020312937
v -0.00555624999 -0.140265763 0.0199119858
v -0.00555624999 -0.139881134 0.0201111957
v -0.00555624999 -0.137169063 0.0212668572
v -0.00555624999 -0.136737138 0.0214134753
v -0.00555624999 -0.138051018 0.0209366381
v -0.00655625015 -0.136005998 0.0226793773
v -0.00655625015 -0.133517012 0.0232272428
v -0.00555624999 -0.134329364 0.0220586378
v -0.00555624999 -0.133882001 0.0221476257
v -0.00555624999 -0.135738462 0.0217158273
v -0.00655625015 -0.130983382 0.0235027932
v -0.00555624999 -0.131410614 0.0224729907
v -0.00555624999 -0.130955458 0.0225028228
v -0.00555624999 -0.13335523 0.0222404171
v -0.00555624999 -0.130929247 0.0225042589
v -0.00555624999 -0.128488943 0.0225042589
v -0.00655625015 -0.125901178 0.0232272428
v -0.00655625015 -0.128434807 0.0235027932
v -0.00555624999 -0.128007576 0.0224729907
v -0.00555624999 -0.128462732 0.0225028228
v -0.00655625015 -0.123412199 0.0226793773
v -0.00555624999 -0.125088826 0.0220586378
v -0.00555624999 -0.126062959 0.0222404171
v -0.00555624999 -0.125536188 0.0221476257
v -0.00655625015 -0.120997034 0.0218656156
v -0.00555624999 -0.122681044 0.0214134753
v -0.00555624999 -0.122249119 0.0212668572
v -0.00555624999 -0.123679727 0.0217158273
v -0.00655625015 -0.118684016 0.020795498
v -0.00555624999 -0.119946152 0.020312937
v -0.00555624999 -0.119537063 0.0201111957
v -0.00555624999 -0.121367171 0.0209366381
v -0.00555624999 -0.119152427 0.0199119858
v -0.00555624999 -0.117378302 0.0188648365
v -0.00655625015 -0.116500258 0.0194815733
v -0.00655625015 -0.114471361 0.0179392453
v -0.00555624999 -0.116999045 0.0186114237
v -0.00555624999 -0.117061444 0.0186538845
v -0.00655625015 -0.112621114 0.0161865968
v -0.00555624999 -0.114678502 0.0167932063
v -0.00555624999 -0.115118749 0.0171770845
v -0.00555624999 -0.115021445 0.0170939546
v -0.00655625015 -0.110971205 0.0142441746
v -0.00555624999 -0.112615138 0.0146876527
v -0.00555624999 -0.113347106 0.0154988971
v -0.00555624999 -0.112915888 0.0150305899
v -0.00655625015 -0.109540977 0.0121347522
v -0.00555624999 -0.111097671 0.0127100479
v -0.00555624999 -0.110844254 0.0123307891
v -0.00555624999 -0.111767299 0.0136390002
v -0.00655625015 -0.108347207 0.00988306105
v -0.00555624999 -0.109597899 0.0101720337
v -0.00555624999 -0.10939616 0.00976294186
v -0.00555624999 -0.110397838 0.0116191981
v -0.00555624999 -0.109254785 0.00946317147
v -0.00555624999 -0.108442239 0.00745997252
v -0.00655625015 -0.107403889 0.00751549983
v -0.00655625015 -0.106722072 0.00505982619
v -0.00555624999 -0.108295619 0.00702804839
v -0.00555624999 -0.108351536 0.00719619822
v -0.00655625015 -0.106309757 0.00254483102
v -0.00555624999 -0.107561469 0.00417290302
v -0.00555624999 -0.107698694 0.00484485598
v -0.00555624999 -0.107650459 0.00462026941
v -0.00555624999 -0.10720627 0.00124635804
v -0.00555624999 -0.107303895 0.00243671192
v -0.00555624999 -0.107236102 0.00170151249
v -0.00555624999 -0.107470393 -0.000932810828
v 0.00555624999 -0.107470393 -0.000932810828
v 0.00555624999 -0.107438602 -0.000938245794
v -0.00555624999 -0.107438602 -0.000938245794
v 0.00555624999 -0.107407585 -0.000947072753
v -0.00555624999 -0.107407585 -0.000947072753
v 0.00555624999 -0.107377701 -0.000959189085
v -0.00555624999 -0.107377701 -0.000959189085
v 0.00555624999 -0.107349291 -0.000974453811
v -0.00555624999 -0.107349291 -0.000974453811
v 0.00555624999 -0.107322693 -0.000992689282
v -0.00555624999 -0.107322693 -0.000992689282
v 0.00555624999 -0.10729821 -0.00101368339
v -0.00555624999 -0.10729821 -0.00101368339
v 0.00555624999 -0.107276134 -0.00103719195
v -0.00555624999 -0.107276134 -0.00103719195
v 0.00555624999 -0.107256718 -0.0010629415
v -0.00555624999 -0.107256718 -0.0010629415
v 0.00555624999 -0.107240185 -0.0010906324
v -0.00555624999 -0.107240185 -0.0010906324
v 0.00555624999 -0.107226737 -0.00111994252
v -0.00555624999 -0.107226737 -0.00111994252
v 0.00555624999 -0.107216522 -0.001150531
v -0.00555624999 -0.107216522 -0.001150531
v 0.00555624999 -0.10720966 -0.00118204183
v -0.00555624999 -0.10720966 -0.00118204183
v 0.00555624999 -0.107206225 -0.00121410855
v -0.00555624999 -0.107206225 -0.00121410855
v 0.00555624999 -0.10720627 -0.00124635804
v -0.00555624999 -0.10720627 -0.00124635804
v -0.00555624999 -0.107933886 -0.00074504473
v -0.00555624999 -0.107850403 -0.000802223745
v -0.00555624999 -0.107761249 -0.000850087847
v -0.00555624999 -0.107570134 -0.000915762677
v -0.00555624999 -0.108267434 -0.000250042096
v -0.00555624999 -0.108235277 -0.000345984736
v -0.00555624999 -0.107570134 0.000915762677
v -0.00555624999 -0.107667461 0.000888081209
v -0.00555624999 -0.107667461 -0.000888081209
v -0.00555624999 -0.108080052 -0.000605497917
v -0.00555624999 -0.108010732 -0.00067921466
v -0.00555624999 -0.10819298 -0.000437909999
v -0.00555624999 -0.108141035 -0.000524750503
v -0.00555624999 -0.108289085 -0.000151196116
v -0.00555624999 -0.10819298 0.000437909999
v -0.00555624999 -0.108235277 0.000345984736
v -0.00555624999 -0.107761249 0.000850087847
v -0.00555624999 -0.107850403 0.000802223745
v -0.00555624999 -0.107470393 0.000932810828
v -0.00555624999 -0.107171781 6.24500451e-17
v -0.00555624999 -0.107206225 0.00121410855
v -0.00555624999 -0.10720966 0.00118204183
v -0.00555624999 -0.108299971 5.05945281e-05
v -0.00555624999 -0.108299971 -5.05945281e-05
v -0.00555624999 -0.108267434 0.000250042096
v -0.00555624999 -0.108080052 0.000605497917
v -0.00555624999 -0.108141035 0.000524750503
v -0.00555624999 -0.107933886 0.00074504473
v -0.00555624999 -0.108010732 0.00067921466
v -0.00555624999 -0.10720627 0.00124635804
v -0.00555624999 -0.108289085 0.000151196116
v -0.00555624999 -0.107438602 -0.000938245794
v -0.00555624999 -0.107470393 -0.000932810828
v -0.00555624999 -0.107438602 0.000938245794
v -0.00555624999 -0.107377701 -0.000959189085
v -0.00555624999 -0.107349291 -0.000974453811
v -0.00555624999 -0.107407585 -0.000947072753
v -0.00555624999 -0.107407585 0.000947072753
v -0.00555624999 -0.107322693 -0.000992689282
v -0.00555624999 -0.10729821 -0.00101368339
v -0.00555624999 -0.107377701 0.000959189085
v -0.00555624999 -0.107322693 0.000992689282
v -0.00555624999 -0.107349291 0.000974453811
v -0.00555624999 -0.107276134 -0.00103719195
v -0.00555624999 -0.107256718 -0.0010629415
v -0.00555624999 -0.107276134 0.00103719195
v -0.00555624999 -0.10729821 0.00101368339
v -0.00555624999 -0.107240185 -0.0010906324
v -0.00555624999 -0.107226737 -0.00111994252
v -0.00555624999 -0.107240185 0.0010906324
v -0.00555624999 -0.107256718 0.0010629415
v -0.00555624999 -0.107216522 0.001150531
v -0.00555624999 -0.107216522 -0.001150531
v -0.00555624999 -0.10720966 -0.00118204183
v -0.00555624999 -0.107226737 0.00111994252
v -0.00555624999 -0.107206225 -0.00121410855
v -0.00555624999 -0.10720627 -0.00124635804
v 0.00555624999 -0.107470393 0.000932810828
v -0.00555624999 -0.107470393 0.000932810828
v -0.00555624999 -0.107438602 0.000938245794
v 0.00555624999 -0.107438602 0.000938245794
v -0.00555624999 -0.107407585 0.000947072753
v 0.00555624999 -0.107407585 0.000947072753
v -0.00555624999 -0.107377701 0.000959189085
v 0.00555624999 -0.107377701 0.000959189085
v -0.00555624999 -0.107349291 0.000974453811
v 0.00555624999 -0.107349291 0.000974453811
v -0.00555624999 -0.107322693 0.000992689282
v 0.00555624999 -0.107322693 0.000992689282
v -0.00555624999 -0.10729821 0.00101368339
v 0.00555624999 -0.10729821 0.00101368339
v -0.00555624999 -0.107276134 0.00103719195
v 0.00555624999 -0.107276134 0.00103719195
v -0.00555624999 -0.107256718 0.0010629415
v 0.00555624999 -0.107256718 0.0010629415
v -0.00555624999 -0.107240185 0.0010906324
v 0.00555624999 -0.107240185 0.0010906324
v -0.00555624999 -0.107226737 0.00111994252
v 0.00555624999 -0.107226737 0.00111994252
v -0.00555624999 -0.107216522 0.001150531
v 0.00555624999 -0.107216522 0.001150531
v -0.00555624999 -0.10720966 0.00118204183
v 0.00555624999 -0.10720966 0.00118204183
v -0.00555624999 -0.107206225 0.00121410855
v 0.00555624999 -0.107206225 0.00121410855
v -0.00555624999 -0.10720627 0.00124635804
v 0.00555624999 -0.10720627 0.00124635804
v 0.00555624999 -0.107570134 -0.000915762677
v 0.00555624999 -0.107470393 -0.000932810828
v -0.00555624999 -0.107470393 -0.000932810828
v 0.00555624999 -0.107667461 -0.000888081209
v -0.00555624999 -0.107570134 -0.000915762677
v 0.00555624999 -0.107761249 -0.000850087847
v -0.00555624999 -0.107667461 -0.000888081209
v 0.00555624999 -0.107850403 -0.000802223745
v -0.00555624999 -0.107761249 -0.000850087847
v 0.00555624999 -0.107933886 -0.00074504473
v -0.00555624999 -0.107850403 -0.000802223745
v 0.00555624999 -0.108010732 -0.00067921466
v -0.00555624999 -0.107933886 -0.00074504473
v 0.00555624999 -0.108080052 -0.000605497917
v -0.00555624999 -0.108010732 -0.00067921466
v 0.00555624999 -0.108141035 -0.000524750503
v -0.00555624999 -0.108080052 -0.000605497917
v 0.00555624999 -0.10819298 -0.000437909999
v -0.00555624999 -0.108141035 -0.000524750503
v 0.00555624999 -0.108235277 -0.000345984736
v -0.00555624999 -0.10819298 -0.000437909999
v 0.00555624999 -0.108267434 -0.000250042096
v -0.00555624999 -0.108235277 -0.000345984736
v 0.00555624999 -0.108289085 -0.000151196116
v -0.00555624999 -0.108267434 -0.000250042096
v 0.00555624999 -0.108299971 -5.05945281e-05
v -0.00555624999 -0.108289085 -0.000151196116
v 0.00555624999 -0.108299971 5.05945281e-05
v -0.00555624999 -0.108299971 -5.05945281e-05
v 0.00555624999 -0.108289085 0.000151196116
v -0.00555624999 -0.108299971 5.05945281e-05
v 0.00555624999 -0.108267434 0.000250042096
v -0.00555624999 -0.108289085 0.000151196116
v 0.00555624999 -0.108235277 0.000345984736
v -0.00555624999 -0.108267434 0.000250042096
v 0.00555624999 -0.10819298 0.000437909999
v -0.00555624999 -0.108235277 0.000345984736
v 0.00555624999 -0.108141035 0.000524750503
v -0.00555624999 -0.10819298 0.000437909999
v 0.00555624999 -0.108080052 0.000605497917
v -0.00555624999 -0.108141035 0.000524750503
v 0.00555624999 -0.108010732 0.00067921466
v -0.00555624999 -0.108080052 0.000605497917
v 0.00555624999 -0.107933886 0.00074504473
v -0.00555624999 -0.108010732 0.00067921466
v 0.00555624999 -0.107850403 0.000802223745
v -0.00555624999 -0.107933886 0.00074504473
v 0.00555624999 -0.107761249 0.000850087847
v -0.00555624999 -0.107850403 0.000802223745
v 0.00555624999 -0.107667461 0.000888081209
v -0.00555624999 -0.107761249 0.000850087847
v 0.00555624999 -0.107570134 0.000915762677
v -0.00555624999 -0.107667461 0.000888081209
v 0.00555624999 -0.107470393 0.000932810828
v -0.00555624999 -0.107570134 0.000915762677
v -0.00555624999 -0.107470393 0.000932810828
v 0.00555624999 -0.107171781 5.69299976e-17
v 0.00555624999 -0.107761249 0.000850087847
v 0.00555624999 -0.107667461 0.000888081209
v 0.00555624999 -0.107761249 -0.000850087847
v 0.00555624999 -0.107850403 -0.000802223745
v 0.00555624999 -0.107570134 0.000915762677
v 0.00555624999 -0.107933886 0.00074504473
v 0.00555624999 -0.107850403 0.000802223745
v 0.00555624999 -0.108267434 0.000250042096
v 0.00555624999 -0.108235277 0.000345984736
v 0.00555624999 -0.107667461 -0.000888081209
v 0.00555624999 -0.108080052 0.000605497917
v 0.00555624999 -0.108010732 0.00067921466
v 0.00555624999 -0.10819298 0.000437909999
v 0.00555624999 -0.108141035 0.000524750503
v 0.00555624999 -0.108289085 0.000151196116
v 0.00555624999 -0.10819298 -0.000437909999
v 0.00555624999 -0.108235277 -0.000345984736
v 0.00555624999 -0.107570134 -0.000915762677
v 0.00555624999 -0.108299971 -5.05945281e-05
v 0.00555624999 -0.108299971 5.05945281e-05
v 0.00555624999 -0.108267434 -0.000250042096
v 0.00555624999 -0.108080052 -0.000605497917
v 0.00555624999 -0.108141035 -0.000524750503
v 0.00555624999 -0.107933886 -0.00074504473
v 0.00555624999 -0.108010732 -0.00067921466
v 0.00555624999 -0.107470393 -0.000932810828
v 0.00555624999 -0.108289085 -0.000151196116
v 0.00555624999 -0.107438602 -0.000938245794
v 0.00555624999 -0.107470393 0.000932810828
v 0.00555624999 -0.107438602 0.000938245794
v 0.00555624999 -0.107407585 -0.000947072753
v 0.00555624999 -0.107377701 -0.000959189085
v 0.00555624999 -0.107377701 0.000959189085
v 0.00555624999 -0.107349291 0.000974453811
v 0.00555624999 -0.107407585 0.000947072753
v 0.00555624999 -0.107322693 -0.000992689282
v 0.00555624999 -0.107349291 -0.000974453811
v 0.00555624999 -0.107276134 -0.00103719195
v 0.00555624999 -0.10729821 -0.00101368339
v 0.00555624999 -0.107322693 0.000992689282
v 0.00555624999 -0.10729821 0.00101368339
v 0.00555624999 -0.107240185 -0.0010906324
v 0.00555624999 -0.107256718 -0.0010629415
v 0.00555624999 -0.107276134 0.00103719195
v 0.00555624999 -0.107256718 0.0010629415
v 0.00555624999 -0.107226737 0.00111994252
v 0.00555624999 -0.107216522 0.001150531
v 0.00555624999 -0.107216522 -0.001150531
v 0.00555624999 -0.107226737 -0.00111994252
v 0.00555624999 -0.107240185 0.0010906324
v 0.00555624999 -0.10720627 -0.00124635804
v 0.00555624999 -0.107206225 -0.00121410855
v 0.00555624999 -0.10720966 -0.00118204183
v 0.00555624999 -0.10720966 0.00118204183
v 0.00555624999 -0.107206225 0.00121410855
v 0.00555624999 -0.10720627 0.00124635804
v -0.00555624999 -0.107236102 0.00170151249
v 0.00555624999 -0.107236102 0.00170151249
v 0.00555624999 -0.10720627 0.00124635804
v -0.00555624999 -0.10720627 0.00124635804
v -0.00555624999 -0.107538894 0.0019779026
v -0.00555624999 -0.108257063 0.00229493505
v -0.00555624999 -0.108186059 0.00222283858
v -0.00555624999 -0.107838057 0.00202195346
v -0.00555624999 -0.107740112 0.00199652649
v -0.00555624999 -0.108107716 0.00215880037
v -0.00555624999 -0.108452603 0.00264596962
v -0.00555624999 -0.108418234 0.00255079498
v -0.00555624999 -0.107932694 0.0020577712
v -0.00555624999 -0.108022928 0.0021035641
v -0.00555624999 -0.108373828 0.00245987088
v -0.00555624999 -0.108319893 0.00237425277
v -0.00555624999 -0.108492069 0.00294577493
v -0.00555624999 -0.108489737 0.00284461281
v -0.00555624999 -0.108464144 0.00314592058
v -0.00555624999 -0.108483508 0.00304660108
v -0.00555624999 -0.107971951 0.00375749357
v -0.00555624999 -0.108059973 0.00370758376
v -0.00555624999 -0.108476527 0.00274428935
v -0.00555624999 -0.108434215 0.00324257999
v -0.00555624999 -0.108344123 0.00342347403
v -0.00555624999 -0.108394049 0.00333545753
v -0.00555624999 -0.108142115 0.00364849251
v -0.00555624999 -0.107782401 0.00382756372
v -0.00555624999 -0.107879065 0.00379764242
v -0.00555624999 -0.108217426 0.0035809055
v -0.00555624999 -0.108285025 0.00350560807
v -0.00555624999 -0.107751593 0.00383710139
v -0.00555624999 -0.107303895 0.00243671192
v -0.00555624999 -0.107443549 0.00196384895
v -0.00555624999 -0.107413389 0.0019524229
v -0.00555624999 -0.107506663 0.00197666348
v -0.00555624999 -0.107474759 0.00197196053
v -0.00555624999 -0.107640006 0.00198178599
v -0.00555624999 -0.107357629 0.00192019599
v -0.00555624999 -0.107332669 0.00189977011
v -0.00555624999 -0.107384637 0.00193781522
v -0.00555624999 -0.107667774 0.00388465729
v -0.00555624999 -0.107693948 0.00386581523
v -0.00555624999 -0.107721992 0.00384990149
v -0.00555624999 -0.107622251 0.00393021852
v -0.00555624999 -0.107643783 0.00390620856
v -0.00555624999 -0.107565254 0.00404489785
v -0.00555624999 -0.107574768 0.00401408272
v -0.00555624999 -0.107557215 0.00414093537
v -0.00555624999 -0.107556432 0.00410869531
v -0.00555624999 -0.107290059 0.00185147882
v -0.00555624999 -0.107272893 0.00182417524
v -0.00555624999 -0.107310057 0.00187677529
v -0.00555624999 -0.107587546 0.00398447085
v -0.00555624999 -0.107603431 0.00395640731
v -0.00555624999 -0.107559122 0.00407655817
v -0.00555624999 -0.107561469 0.00417290302
v -0.00555624999 -0.107258774 0.00179518212
v -0.00555624999 -0.107247852 0.0017648366
v -0.00555624999 -0.107240267 0.0017334919
v -0.00555624999 -0.107236102 0.00170151249
v 0.00555624999 -0.107538894 0.0019779026
v 0.00555624999 -0.108107716 0.00215880037
v 0.00555624999 -0.108186059 0.00222283858
v 0.00555624999 -0.108142115 0.00364849251
v 0.00555624999 -0.108059973 0.00370758376
v 0.00555624999 -0.108373828 0.00245987088
v 0.00555624999 -0.108418234 0.00255079498
v 0.00555624999 -0.108022928 0.0021035641
v 0.00555624999 -0.107640006 0.00198178599
v 0.00555624999 -0.107740112 0.00199652649
v 0.00555624999 -0.107971951 0.00375749357
v 0.00555624999 -0.107879065 0.00379764242
v 0.00555624999 -0.108217426 0.0035809055
v 0.00555624999 -0.108492069 0.00294577493
v 0.00555624999 -0.108483508 0.00304660108
v 0.00555624999 -0.108319893 0.00237425277
v 0.00555624999 -0.107932694 0.0020577712
v 0.00555624999 -0.107838057 0.00202195346
v 0.00555624999 -0.108344123 0.00342347403
v 0.00555624999 -0.108285025 0.00350560807
v 0.00555624999 -0.108434215 0.00324257999
v 0.00555624999 -0.108394049 0.00333545753
v 0.00555624999 -0.108464144 0.00314592058
v 0.00555624999 -0.108476527 0.00274428935
v 0.00555624999 -0.108489737 0.00284461281
v 0.00555624999 -0.108257063 0.00229493505
v 0.00555624999 -0.108452603 0.00264596962
v 0.00555624999 -0.107782401 0.00382756372
v 0.00555624999 -0.107751593 0.00383710139
v 0.00555624999 -0.107506663 0.00197666348
v 0.00555624999 -0.107303895 0.00243671192
v 0.00555624999 -0.107384637 0.00193781522
v 0.00555624999 -0.107413389 0.0019524229
v 0.00555624999 -0.107474759 0.00197196053
v 0.00555624999 -0.107443549 0.00196384895
v 0.00555624999 -0.107310057 0.00187677529
v 0.00555624999 -0.107332669 0.00189977011
v 0.00555624999 -0.107721992 0.00384990149
v 0.00555624999 -0.107693948 0.00386581523
v 0.00555624999 -0.107357629 0.00192019599
v 0.00555624999 -0.107587546 0.00398447085
v 0.00555624999 -0.107574768 0.00401408272
v 0.00555624999 -0.107667774 0.00388465729
v 0.00555624999 -0.107643783 0.00390620856
v 0.00555624999 -0.107559122 0.00407655817
v 0.00555624999 -0.107556432 0.00410869531
v 0.00555624999 -0.107565254 0.00404489785
v 0.00555624999 -0.107622251 0.00393021852
v 0.00555624999 -0.107603431 0.00395640731
v 0.00555624999 -0.107290059 0.00185147882
v 0.00555624999 -0.107258774 0.00179518212
v 0.00555624999 -0.107272893 0.00182417524
v 0.00555624999 -0.107236102 0.00170151249
v 0.00555624999 -0.107240267 0.0017334919
v 0.00555624999 -0.107247852 0.0017648366
v 0.00555624999 -0.107557215 0.00414093537
v 0.00555624999 -0.107561469 0.00417290302
v 0.00555624999 -0.107782401 0.00382756372
v -0.00555624999 -0.107782401 0.00382756372
v -0.00555624999 -0.107751593 0.00383710139
v 0.00555624999 -0.107751593 0.00383710139
v -0.00555624999 -0.107721992 0.00384990149
v 0.00555624999 -0.107721992 0.00384990149
v -0.00555624999 -0.107693948 0.00386581523
v 0.00555624999 -0.107693948 0.00386581523
v -0.00555624999 -0.107667774 0.00388465729
v 0.00555624999 -0.107667774 0.00388465729
v -0.00555624999 -0.107643783 0.00390620856
v 0.00555624999 -0.107643783 0.00390620856
v -0.00555624999 -0.107622251 0.00393021852
v 0.00555624999 -0.107622251 0.00393021852
v -0.00555624999 -0.107603431 0.00395640731
v 0.00555624999 -0.107603431 0.00395640731
v -0.00555624999 -0.107587546 0.00398447085
v 0.00555624999 -0.107587546 0.00398447085
v -0.00555624999 -0.107574768 0.00401408272
v 0.00555624999 -0.107574768 0.00401408272
v -0.00555624999 -0.107565254 0.00404489785
v 0.00555624999 -0.107565254 0.00404489785
v -0.00555624999 -0.107559122 0.00407655817
v 0.00555624999 -0.107559122 0.00407655817
v -0.00555624999 -0.107556432 0.00410869531
v 0.00555624999 -0.107556432 0.00410869531
v -0.00555624999 -0.107557215 0.00414093537
v 0.00555624999 -0.107557215 0.00414093537
v -0.00555624999 -0.107561469 0.00417290302
v 0.00555624999 -0.107561469 0.00417290302
v -0.00555624999 -0.107538894 0.0019779026
v 0.00555624999 -0.107538894 0.0019779026
v 0.00555624999 -0.107506663 0.00197666348
v -0.00555624999 -0.107506663 0.00197666348
v 0.00555624999 -0.107474759 0.00197196053
v -0.00555624999 -0.107474759 0.00197196053
v 0.00555624999 -0.107443549 0.00196384895
v -0.00555624999 -0.107443549 0.00196384895
v 0.00555624999 -0.107413389 0.0019524229
v -0.00555624999 -0.107413389 0.0019524229
v 0.00555624999 -0.107384637 0.00193781522
v -0.00555624999 -0.107384637 0.00193781522
v 0.00555624999 -0.107357629 0.00192019599
v -0.00555624999 -0.107357629 0.00192019599
v 0.00555624999 -0.107332669 0.00189977011
v -0.00555624999 -0.107332669 0.00189977011
v 0.00555624999 -0.107310057 0.00187677529
v -0.00555624999 -0.107310057 0.00187677529
v 0.00555624999 -0.107290059 0.00185147882
v -0.00555624999 -0.107290059 0.00185147882
v 0.00555624999 -0.107272893 0.00182417524
v -0.00555624999 -0.107272893 0.00182417524
v 0.00555624999 -0.107258774 0.00179518212
v -0.00555624999 -0.107258774 0.00179518212
v 0.00555624999 -0.107247852 0.0017648366
v -0.00555624999 -0.107247852 0.0017648366
v 0.00555624999 -0.107240267 0.0017334919
v -0.00555624999 -0.107240267 0.0017334919
v 0.00555624999 -0.107236102 0.00170151249
v -0.00555624999 -0.107236102 0.00170151249
v 0.00555624999 -0.107640006 0.00198178599
v 0.00555624999 -0.107538894 0.0019779026
v -0.00555624999 -0.107538894 0.0019779026
v 0.00555624999 -0.107740112 0.00199652649
v -0.00555624999 -0.107640006 0.00198178599
v 0.00555624999 -0.107838057 0.00202195346
v -0.00555624999 -0.107740112 0.00199652649
v 0.00555624999 -0.107932694 0.0020577712
v -0.00555624999 -0.107838057 0.00202195346
v 0.00555624999 -0.108022928 0.0021035641
v -0.00555624999 -0.107932694 0.0020577712
v 0.00555624999 -0.108107716 0.00215880037
v -0.00555624999 -0.108022928 0.0021035641
v 0.00555624999 -0.108186059 0.00222283858
v -0.00555624999 -0.108107716 0.00215880037
v 0.00555624999 -0.108257063 0.00229493505
v -0.00555624999 -0.108186059 0.00222283858
v 0.00555624999 -0.108319893 0.00237425277
v -0.00555624999 -0.108257063 0.00229493505
v 0.00555624999 -0.108373828 0.00245987088
v -0.00555624999 -0.108319893 0.00237425277
v 0.00555624999 -0.108418234 0.00255079498
v -0.00555624999 -0.108373828 0.00245987088
v 0.00555624999 -0.108452603 0.00264596962
v -0.00555624999 -0.108418234 0.00255079498
v 0.00555624999 -0.108476527 0.00274428935
v -0.00555624999 -0.108452603 0.00264596962
v 0.00555624999 -0.108489737 0.00284461281
v -0.00555624999 -0.108476527 0.00274428935
v 0.00555624999 -0.108492069 0.00294577493
v -0.00555624999 -0.108489737 0.00284461281
v 0.00555624999 -0.108483508 0.00304660108
v -0.00555624999 -0.108492069 0.00294577493
v 0.00555624999 -0.108464144 0.00314592058
v -0.00555624999 -0.108483508 0.00304660108
v 0.00555624999 -0.108434215 0.00324257999
v -0.00555624999 -0.108464144 0.00314592058
v 0.00555624999 -0.108394049 0.00333545753
v -0.00555624999 -0.108434215 0.00324257999
v 0.00555624999 -0.108344123 0.00342347403
v -0.00555624999 -0.108394049 0.00333545753
v 0.00555624999 -0.108285025 0.00350560807
v -0.00555624999 -0.108344123 0.00342347403
v 0.00555624999 -0.108217426 0.0035809055
v -0.00555624999 -0.108285025 0.00350560807
v 0.00555624999 -0.108142115 0.00364849251
v -0.00555624999 -0.108217426 0.0035809055
v 0.00555624999 -0.108059973 0.00370758376
v -0.00555624999 -0.108142115 0.00364849251
v 0.00555624999 -0.107971951 0.00375749357
v -0.00555624999 -0.108059973 0.00370758376
v 0.00555624999 -0.107879065 0.00379764242
v -0.00555624999 -0.107971951 0.00375749357
v 0.00555624999 -0.107782401 0.00382756372
v -0.00555624999 -0.107879065 0.00379764242
v -0.00555624999 -0.107782401 0.00382756372
f 1 2 3
f 4 3 5
f 6 5 7
f 8 7 9
f 10 9 11
f 12 11 13
f 14 13 15
f 16 15 17
f 18 17 19
f 20 19 21
f 22 21 23
f 24 23 25
f 26 25 27
f 28 27 29
f 30 29 31
f 32 31 33
f 34 33 35
f 36 35 37
f 38 37 39
f 40 39 41
f 42 41 43
f 44 43 45
f 46 45 47
f 48 47 49
f 50 49 51
f 52 51 53
f 54 53 55
f 56 55 57
f 58 57 59
f 60 59 61
f 62 61 63
f 64 63 65
f 66 65 67
f 68 67 69
f 70 69 71
f 72 71 73
f 74 73 75
f 76 75 77
f 78 77 79
f 80 79 81
f 82 81 83
f 84 83 85
f 86 85 87
f 88 87 89
f 90 89 91
f 92 91 93
f 94 93 95
f 96 95 97
f 98 97 99
f 100 99 101
f 102 101 103
f 104 103 105
f 106 105 107
f 108 107 109
f 110 109 111
f 112 111 113
f 114 113 115
f 116 115 2
f 2 1 116
f 115 116 114
f 113 114 112
f 111 112 110
f 109 110 108
f 107 108 106
f 105 106 104
f 103 104 102
f 101 102 100
f 99 100 98
f 97 98 96
f 95 96 94
f 93 94 92
f 91 92 90
f 89 90 88
f 87 88 86
f 85 86 84
f 83 84 82
f 81 82 80
f 79 80 78
f 77 78 76
f 75 76 74
f 73 74 72
f 71 72 70
f 69 70 68
f 67 68 66
f 65 66 64
f 63 64 62
f 61 62 60
f 59 60 58
f 57 58 56
f 55 56 54
f 53 54 52
f 51 52 50
f 49 50 48
f 47 48 46
f 45 46 44
f 43 44 42
f 41 42 40
f 39 40 38
f 37 38 36
f 35 36 34
f 33 34 32
f 31 32 30
f 29 30 28
f 27 28 26
f 25 26 24
f 23 24 22
f 21 22 20
f 19 20 18
f 17 18 16
f 15 16 14
f 13 14 12
f 11 12 10
f 9 10 8
f 7 8 6
f 5 6 4
f 3 4 1
f 117 118 119
f 120 117 121
f 122 120 123
f 124 122 125
f 126 127 128
f 121 123 120
f 125 129 124
f 130 124 129
f 131 130 132
f 128 119 126
f 123 125 122
f 132 133 131
f 119 118 126
f 129 132 130
f 134 131 133
f 135 134 136
f 137 138 139
f 140 141 142
f 143 142 144
f 145 144 146
f 147 146 148
f 119 121 117
f 136 149 135
f 150 135 149
f 151 150 152
f 153 154 155
f 137 156 138
f 144 145 143
f 148 157 147
f 158 159 160
f 161 159 158
f 133 136 134
f 152 162 151
f 163 164 165
f 155 166 153
f 139 153 137
f 167 168 169
f 170 169 171
f 172 171 141
f 146 147 145
f 173 174 175
f 158 128 161
f 149 152 150
f 176 151 162
f 177 178 179
f 165 180 163
f 153 181 182
f 139 154 153
f 171 172 170
f 142 143 140
f 183 184 185
f 175 186 173
f 127 161 128
f 162 187 176
f 178 188 189
f 179 190 177
f 165 191 180
f 164 192 193
f 191 194 195
f 166 181 153
f 137 196 197
f 141 140 172
f 198 148 184
f 185 199 200
f 173 160 174
f 187 201 176
f 188 176 201
f 190 202 177
f 203 204 205
f 193 165 164
f 164 206 207
f 191 208 209
f 191 165 194
f 210 211 212
f 197 156 137
f 137 213 214
f 215 216 217
f 215 218 219
f 148 198 157
f 185 200 183
f 199 185 220
f 221 222 223
f 160 173 158
f 189 179 178
f 204 177 202
f 205 224 203
f 207 192 164
f 191 225 226
f 191 227 228
f 195 208 191
f 210 229 211
f 153 230 231
f 214 196 137
f 219 216 215
f 218 232 233
f 232 168 234
f 184 183 198
f 220 223 235
f 221 236 222
f 237 238 236
f 186 239 240
f 201 189 188
f 224 164 203
f 164 241 206
f 164 242 243
f 164 244 245
f 246 247 248
f 191 249 250
f 191 251 225
f 209 227 191
f 210 252 229
f 210 167 253
f 254 255 256
f 257 254 258
f 259 257 260
f 261 259 262
f 263 264 265
f 263 217 266
f 182 230 153
f 267 268 269
f 270 271 272
f 273 274 275
f 276 273 277
f 233 219 218
f 168 278 234
f 168 279 280
f 168 167 281
f 220 235 199
f 236 221 237
f 240 237 186
f 202 205 204
f 243 241 164
f 164 282 244
f 283 284 282
f 283 285 286
f 247 287 248
f 250 288 191
f 228 251 191
f 210 289 290
f 210 291 292
f 253 252 210
f 255 293 294
f 258 260 257
f 262 295 261
f 295 296 297
f 298 299 300
f 298 301 302
f 263 303 304
f 263 305 306
f 266 264 263
f 153 307 308
f 153 309 310
f 137 311 213
f 137 312 313
f 314 315 312
f 272 271 267
f 275 274 270
f 277 316 276
f 293 276 316
f 234 233 232
f 168 317 279
f 281 318 168
f 223 220 221
f 175 239 186
f 245 242 164
f 286 284 283
f 248 191 246
f 226 249 191
f 210 319 289
f 212 291 210
f 256 258 254
f 297 261 295
f 295 217 320
f 298 321 299
f 302 321 298
f 263 322 323
f 263 324 303
f 265 305 263
f 310 307 153
f 231 325 153
f 137 326 327
f 137 328 329
f 312 137 314
f 330 331 332
f 333 334 335
f 272 275 270
f 316 294 293
f 280 278 168
f 167 336 281
f 240 238 237
f 282 164 283
f 288 246 191
f 292 319 210
f 260 262 259
f 295 337 338
f 217 263 320
f 301 153 302
f 323 339 263
f 306 324 263
f 325 309 153
f 329 326 137
f 314 332 315
f 330 335 331
f 333 340 334
f 269 268 340
f 275 277 273
f 318 317 168
f 167 341 342
f 163 203 164
f 290 287 210
f 343 344 286
f 343 137 153
f 295 345 296
f 320 337 295
f 300 346 298
f 304 322 263
f 327 311 137
f 313 347 137
f 335 330 333
f 269 272 267
f 342 336 167
f 167 210 348
f 247 210 287
f 153 344 343
f 338 345 295
f 339 298 263
f 347 328 137
f 340 333 269
f 348 341 167
f 286 285 343
f 346 263 298
f 332 314 330
f 169 170 167
f 308 302 153
f 294 256 255
f 217 295 215
f 349 350 351
f 352 349 353
f 354 352 355
f 356 354 357
f 358 356 359
f 360 358 361
f 362 360 363
f 364 362 365
f 366 364 367
f 368 366 369
f 370 368 371
f 372 370 373
f 374 372 375
f 376 374 377
f 378 376 379
f 380 378 381
f 382 380 383
f 384 382 385
f 386 384 387
f 388 386 389
f 390 388 391
f 392 390 393
f 394 392 395
f 396 394 397
f 398 396 399
f 400 398 401
f 402 400 403
f 404 402 405
f 406 404 407
f 408 406 409
f 410 408 411
f 412 410 413
f 414 412 415
f 416 414 417
f 418 416 419
f 420 418 421
f 422 420 423
f 424 422 425
f 426 424 427
f 428 426 429
f 430 428 431
f 432 430 433
f 434 432 435
f 436 434 437
f 438 436 439
f 440 438 441
f 442 440 443
f 444 442 445
f 446 444 447
f 448 446 449
f 450 448 451
f 452 450 453
f 454 452 455
f 456 454 457
f 458 456 459
f 460 458 461
f 462 460 463
f 350 462 464
f 464 351 350
f 463 464 462
f 461 463 460
f 459 461 458
f 457 459 456
f 455 457 454
f 453 455 452
f 451 453 450
f 449 451 448
f 447 449 446
f 445 447 444
f 443 445 442
f 441 443 440
f 439 441 438
f 437 439 436
f 435 437 434
f 433 435 432
f 431 433 430
f 429 431 428
f 427 429 426
f 425 427 424
f 423 425 422
f 421 423 420
f 419 421 418
f 417 419 416
f 415 417 414
f 413 415 412
f 411 413 410
f 409 411 408
f 407 409 406
f 405 407 404
f 403 405 402
f 401 403 400
f 399 401 398
f 397 399 396
f 395 397 394
f 393 395 392
f 391 393 390
f 389 391 388
f 387 389 386
f 385 387 384
f 383 385 382
f 381 383 380
f 379 381 378
f 377 379 376
f 375 377 374
f 373 375 372
f 371 373 370
f 369 371 368
f 367 369 366
f 365 367 364
f 363 365 362
f 361 363 360
f 359 361 358
f 357 359 356
f 355 357 354
f 353 355 352
f 351 353 349
f 465 466 467
f 468 465 469
f 470 468 471
f 472 470 473
f 474 472 475
f 476 474 477
f 478 476 479
f 480 478 481
f 482 480 483
f 484 482 485
f 486 484 487
f 488 486 489
f 490 488 491
f 492 490 493
f 494 492 495
f 496 494 497
f 498 496 499
f 500 498 501
f 502 500 503
f 504 502 505
f 506 504 507
f 508 506 509
f 510 508 511
f 512 510 513
f 514 512 515
f 516 514 517
f 518 516 519
f 520 518 521
f 522 520 523
f 524 522 525
f 526 524 527
f 528 526 529
f 530 528 531
f 532 530 533
f 534 532 535
f 536 534 537
f 538 536 539
f 540 538 541
f 542 540 543
f 544 542 545
f 546 544 547
f 548 546 549
f 550 548 551
f 552 550 553
f 554 552 555
f 556 554 557
f 558 556 559
f 560 558 561
f 562 560 563
f 564 562 565
f 566 564 567
f 568 566 569
f 570 568 571
f 572 570 573
f 574 572 575
f 576 574 577
f 578 576 579
f 466 578 580
f 580 467 466
f 579 580 578
f 577 579 576
f 575 577 574
f 573 575 572
f 571 573 570
f 569 571 568
f 567 569 566
f 565 567 564
f 563 565 562
f 561 563 560
f 559 561 558
f 557 559 556
f 555 557 554
f 553 555 552
f 551 553 550
f 549 551 548
f 547 549 546
f 545 547 544
f 543 545 542
f 541 543 540
f 539 541 538
f 537 539 536
f 535 537 534
f 533 535 532
f 531 533 530
f 529 531 528
f 527 529 526
f 525 527 524
f 523 525 522
f 521 523 520
f 519 521 518
f 517 519 516
f 515 517 514
f 513 515 512
f 511 513 510
f 509 511 508
f 507 509 506
f 505 507 504
f 503 505 502
f 501 503 500
f 499 501 498
f 497 499 496
f 495 497 494
f 493 495 492
f 491 493 490
f 489 491 488
f 487 489 486
f 485 487 484
f 483 485 482
f 481 483 480
f 479 481 478
f 477 479 476
f 475 477 474
f 473 475 472
f 471 473 470
f 469 471 468
f 467 469 465
f 581 582 583
f 584 581 585
f 586 584 587
f 588 586 589
f 590 588 591
f 592 590 593
f 594 592 595
f 596 594 597
f 598 596 599
f 600 598 601
f 602 600 603
f 604 602 605
f 606 604 607
f 608 606 609
f 610 608 611
f 612 610 613
f 614 612 615
f 616 614 617
f 618 616 619
f 620 618 621
f 622 620 623
f 624 622 625
f 626 624 627
f 628 626 629
f 630 628 631
f 632 630 633
f 634 632 635
f 636 634 637
f 638 636 639
f 640 638 641
f 642 640 643
f 644 642 645
f 646 644 647
f 648 646 649
f 650 648 651
f 652 650 653
f 654 652 655
f 656 654 657
f 658 656 659
f 660 658 661
f 662 660 663
f 664 662 665
f 666 664 667
f 668 666 669
f 670 668 671
f 672 670 673
f 674 672 675
f 676 674 677
f 678 676 679
f 680 678 681
f 682 680 683
f 684 682 685
f 686 684 687
f 688 686 689
f 690 688 691
f 692 690 693
f 694 692 695
f 582 694 696
f 696 583 582
f 695 696 694
f 693 695 692
f 691 693 690
f 689 691 688
f 687 689 686
f 685 687 684
f 683 685 682
f 681 683 680
f 679 681 678
f 677 679 676
f 675 677 674
f 673 675 672
f 671 673 670
f 669 671 668
f 667 669 666
f 665 667 664
f 663 665 662
f 661 663 660
f 659 661 658
f 657 659 656
f 655 657 654
f 653 655 652
f 651 653 650
f 649 651 648
f 647 649 646
f 645 647 644
f 643 645 642
f 641 643 640
f 639 641 638
f 637 639 636
f 635 637 634
f 633 635 632
f 631 633 630
f 629 631 628
f 627 629 626
f 625 627 624
f 623 625 622
f 621 623 620
f 619 621 618
f 617 619 616
f 615 617 614
f 613 615 612
f 611 613 610
f 609 611 608
f 607 609 606
f 605 607 604
f 603 605 602
f 601 603 600
f 599 601 598
f 597 599 596
f 595 597 594
f 593 595 592
f 591 593 590
f 589 591 588
f 587 589 586
f 585 587 584
f 583 585 581
f 697 698 699
f 697 700 701
f 702 699 703
f 701 698 697
f 704 705 706
f 704 707 708
f 699 702 697
f 700 709 706
f 708 705 704
f 707 710 711
f 712 713 714
f 715 716 717
f 718 703 716
f 706 701 700
f 711 708 707
f 713 719 714
f 720 721 722
f 723 724 725
f 716 715 718
f 706 709 704
f 726 727 711
f 726 728 729
f 713 730 731
f 714 732 733
f 720 734 721
f 720 735 736
f 725 720 723
f 723 737 738
f 723 739 740
f 741 742 743
f 742 744 717
f 703 718 702
f 729 727 726
f 745 731 729
f 713 712 730
f 714 746 732
f 736 734 720
f 738 724 723
f 740 747 723
f 748 741 749
f 717 743 742
f 711 710 726
f 731 745 713
f 713 750 719
f 713 751 752
f 753 754 755
f 756 755 757
f 758 757 759
f 725 735 720
f 747 760 723
f 743 749 741
f 729 728 745
f 713 761 750
f 752 762 713
f 763 713 764
f 765 764 766
f 767 768 754
f 757 769 756
f 759 770 771
f 760 737 723
f 723 772 773
f 774 775 776
f 777 778 779
f 777 748 780
f 717 744 715
f 762 761 713
f 764 781 763
f 766 782 765
f 783 784 785
f 786 783 787
f 755 756 753
f 759 771 758
f 770 759 788
f 788 789 790
f 789 791 792
f 720 793 794
f 773 739 723
f 776 795 774
f 774 796 797
f 798 774 799
f 800 801 802
f 803 802 804
f 805 779 806
f 780 778 777
f 714 733 712
f 765 781 764
f 807 808 809
f 810 807 811
f 784 810 812
f 787 813 786
f 814 815 816
f 814 817 818
f 758 769 757
f 790 819 788
f 791 820 792
f 720 821 793
f 722 822 720
f 723 823 824
f 795 825 774
f 774 798 796
f 799 826 798
f 827 828 801
f 804 829 803
f 829 804 768
f 779 805 777
f 763 751 713
f 830 831 832
f 831 833 834
f 835 836 837
f 838 839 840
f 808 838 841
f 811 812 810
f 785 787 783
f 842 816 843
f 818 815 814
f 788 819 770
f 792 844 789
f 791 845 846
f 845 720 847
f 822 821 720
f 824 848 723
f 797 775 774
f 823 723 826
f 801 800 827
f 768 767 829
f 749 780 748
f 766 830 849
f 832 850 830
f 834 851 831
f 833 835 852
f 837 853 835
f 854 855 836
f 856 857 858
f 859 856 860
f 841 809 808
f 812 785 784
f 861 862 863
f 864 843 865
f 816 842 814
f 817 828 866
f 844 790 789
f 845 867 846
f 720 868 847
f 848 772 723
f 799 823 826
f 866 828 869
f 828 870 871
f 802 803 800
f 872 873 874
f 872 875 806
f 849 782 766
f 851 832 831
f 853 852 835
f 858 857 854
f 860 840 859
f 809 811 807
f 861 876 862
f 861 877 878
f 879 880 881
f 881 882 883
f 881 884 885
f 865 813 864
f 866 818 817
f 846 820 791
f 720 886 868
f 720 887 888
f 825 889 774
f 890 891 892
f 893 774 889
f 894 890 895
f 828 896 869
f 827 870 828
f 806 873 872
f 850 849 830
f 746 714 897
f 852 898 833
f 858 860 856
f 840 841 838
f 878 876 861
f 861 899 900
f 879 861 880
f 881 901 882
f 881 902 903
f 881 904 905
f 881 897 884
f 813 906 907
f 843 864 842
f 847 867 845
f 794 887 720
f 890 894 891
f 895 893 894
f 828 908 896
f 871 909 828
f 806 875 805
f 897 881 910
f 836 855 837
f 839 859 840
f 900 877 861
f 861 911 912
f 881 913 879
f 883 914 881
f 905 902 881
f 885 915 881
f 813 916 906
f 813 917 918
f 865 919 813
f 888 886 720
f 889 894 893
f 866 920 921
f 909 908 828
f 922 923 723
f 922 924 874
f 897 910 746
f 836 858 854
f 861 925 899
f 879 911 861
f 881 926 901
f 915 904 881
f 907 786 813
f 919 917 813
f 892 866 890
f 869 920 866
f 874 923 922
f 898 834 833
f 912 925 861
f 903 926 881
f 786 927 928
f 918 916 813
f 921 890 866
f 874 924 872
f 914 913 881
f 907 927 786
f 723 720 922
f 928 861 786
f 863 786 861
f 754 753 767
f 929 930 931
f 932 931 933
f 934 933 935
f 936 935 937
f 938 937 939
f 940 939 941
f 942 941 943
f 944 943 945
f 946 945 947
f 948 947 949
f 950 949 951
f 952 951 953
f 954 953 955
f 956 955 957
f 958 957 959
f 960 959 961
f 962 961 963
f 964 963 965
f 966 965 967
f 968 967 969
f 970 969 971
f 972 971 973
f 974 973 975
f 976 975 977
f 978 977 979
f 980 979 981
f 982 981 983
f 984 983 985
f 986 985 987
f 988 987 989
f 990 989 991
f 992 991 993
f 994 993 995
f 996 995 997
f 998 997 999
f 1000 999 1001
f 1002 1001 1003
f 1004 1003 1005
f 1006 1005 1007
f 1008 1007 1009
f 1010 1009 1011
f 1012 1011 1013
f 1014 1013 1015
f 1016 1015 1017
f 1018 1017 1019
f 1020 1019 1021
f 1022 1021 1023
f 1024 1023 1025
f 1026 1025 1027
f 1028 1027 1029
f 1030 1029 1031
f 1032 1031 1033
f 1034 1033 1035
f 1036 1035 1037
f 1038 1037 1039
f 1040 1039 1041
f 1042 1041 1043
f 1044 1043 930
f 930 929 1044
f 1043 1044 1042
f 1041 1042 1040
f 1039 1040 1038
f 1037 1038 1036
f 1035 1036 1034
f 1033 1034 1032
f 1031 1032 1030
f 1029 1030 1028
f 1027 1028 1026
f 1025 1026 1024
f 1023 1024 1022
f 1021 1022 1020
f 1019 1020 1018
f 1017 1018 1016
f 1015 1016 1014
f 1013 1014 1012
f 1011 1012 1010
f 1009 1010 1008
f 1007 1008 1006
f 1005 1006 1004
f 1003 1004 1002
f 1001 1002 1000
f 999 1000 998
f 997 998 996
f 995 996 994
f 993 994 992
f 991 992 990
f 989 990 988
f 987 988 986
f 985 986 984
f 983 984 982
f 981 982 980
f 979 980 978
f 977 978 976
f 975 976 974
f 973 974 972
f 971 972 970
f 969 970 968
f 967 968 966
f 965 966 964
f 963 964 962
f 961 962 960
f 959 960 958
f 957 958 956
f 955 956 954
f 953 954 952
f 951 952 950
f 949 950 948
f 947 948 946
f 945 946 944
f 943 944 942
f 941 942 940
f 939 940 938
f 937 938 936
f 935 936 934
f 933 934 932
f 931 932 929
f 1045 1046 1047
f 1048 1049 1046
f 1046 1045 1048
f 1050 1051 1052
f 1045 1053 1051
f 1051 1050 1045
f 1050 1054 1055
f 1055 1056 1050
f 1057 1056 1058
f 1056 1059 1058
f 1060 1057 1061
f 1057 1062 1063
f 1063 1061 1057
f 1060 1064 1065
f 1060 1066 1064
f 1065 1067 1060
f 1068 1069 1070
f 1067 1071 1069
f 1069 1068 1067
f 1072 1073 1074
f 1068 1075 1073
f 1073 1072 1068
f 1072 1076 1077
f 1077 1078 1072
f 1079 1078 1080
f 1078 1081 1080
f 1082 1079 1083
f 1079 1084 1085
f 1085 1083 1079
f 1082 1086 1087
f 1082 1088 1086
f 1087 1089 1082
f 1090 1091 1092
f 1089 1093 1091
f 1091 1090 1089
f 1094 1095 1096
f 1090 1097 1095
f 1095 1094 1090
f 1094 1098 1099
f 1100 1101 1102
f 1101 1099 1103
f 1103 1102 1101
f 1104 1100 1105
f 1100 1106 1107
f 1107 1105 1100
f 1108 1104 1109
f 1109 1110 1108
f 1104 1111 1109
f 1112 1113 1114
f 1108 1115 1113
f 1113 1112 1108
f 1112 1116 1117
f 1117 1118 1112
f 1119 1118 1120
f 1118 1121 1120
f 1122 1119 1123
f 1119 1124 1125
f 1125 1123 1119
f 1126 1122 1127
f 1122 1128 1129
f 1129 1127 1122
f 1130 1126 1131
f 1131 1132 1130
f 1126 1133 1131
f 1134 1135 1136
f 1130 1137 1135
f 1135 1134 1130
f 1134 1138 1139
f 1139 1140 1134
f 1141 1140 1142
f 1140 1143 1142
f 1144 1141 1145
f 1141 1146 1147
f 1147 1145 1141
f 1148 1144 1149
f 1144 1150 1151
f 1151 1149 1144
f 1152 1153 1154
f 1148 1155 1153
f 1153 1152 1148
f 1156 1157 1158
f 1152 1159 1157
f 1157 1156 1152
f 1156 1160 1161
f 1161 1162 1156
f 1163 1162 1164
f 1162 1165 1164
f 1166 1163 1167
f 1163 1168 1169
f 1169 1167 1163
f 1166 1170 1171
f 1166 1172 1170
f 1171 1173 1166
f 1174 1175 1176
f 1173 1177 1175
f 1175 1174 1173
f 1178 1179 1180
f 1174 1181 1179
f 1179 1178 1174
f 1178 1182 1183
f 1183 1184 1178
f 1185 1184 1186
f 1184 1187 1186
f 1188 1185 1189
f 1185 1190 1191
f 1191 1189 1185
f 1188 1192 1193
f 1188 1194 1192
f 1193 1195 1188
f 1196 1197 1198
f 1195 1199 1197
f 1197 1196 1195
f 1200 1201 1202
f 1196 1203 1201
f 1201 1200 1196
f 1200 1204 1205
f 1206 1207 1208
f 1207 1205 1209
f 1209 1208 1207
f 1210 1206 1211
f 1206 1212 1213
f 1213 1211 1206
f 1214 1210 1215
f 1215 1216 1214
f 1210 1217 1215
f 1218 1219 1220
f 1214 1221 1219
f 1219 1218 1214
f 1218 1222 1223
f 1223 1224 1218
f 1225 1224 1226
f 1224 1227 1226
f 1228 1225 1229
f 1225 1230 1231
f 1231 1229 1225
f 1232 1228 1233
f 1228 1234 1235
f 1235 1233 1228
f 1236 1232 1237
f 1237 1238 1236
f 1232 1239 1237
f 1240 1241 1242
f 1236 1243 1241
f 1241 1240 1236
f 1240 1244 1245
f 1245 1246 1240
f 1247 1246 1248
f 1246 1249 1248
f 1250 1247 1251
f 1247 1252 1253
f 1253 1251 1247
f 1048 1250 1254
f 1250 1255 1256
f 1256 1254 1250
f 1254 1049 1048
f 1251 1255 1250
f 1248 1252 1247
f 1245 1249 1246
f 1242 1244 1240
f 1238 1243 1236
f 1233 1239 1232
f 1229 1234 1228
f 1226 1230 1225
f 1223 1227 1224
f 1220 1222 1218
f 1216 1221 1214
f 1211 1217 1210
f 1208 1212 1206
f 1205 1207 1200
f 1202 1204 1200
f 1198 1203 1196
f 1193 1199 1195
f 1189 1194 1188
f 1186 1190 1185
f 1183 1187 1184
f 1180 1182 1178
f 1176 1181 1174
f 1171 1177 1173
f 1167 1172 1166
f 1164 1168 1163
f 1161 1165 1162
f 1158 1160 1156
f 1154 1159 1152
f 1149 1155 1148
f 1145 1150 1144
f 1142 1146 1141
f 1139 1143 1140
f 1136 1138 1134
f 1132 1137 1130
f 1127 1133 1126
f 1123 1128 1122
f 1120 1124 1119
f 1117 1121 1118
f 1114 1116 1112
f 1110 1115 1108
f 1105 1111 1104
f 1102 1106 1100
f 1099 1101 1094
f 1096 1098 1094
f 1092 1097 1090
f 1087 1093 1089
f 1083 1088 1082
f 1080 1084 1079
f 1077 1081 1078
f 1074 1076 1072
f 1070 1075 1068
f 1065 1071 1067
f 1061 1066 1060
f 1058 1062 1057
f 1055 1059 1056
f 1052 1054 1050
f 1047 1053 1045
f 1257 1258 1259
f 1259 1260 1257
f 1261 1262 1263
f 1264 1261 1265
f 1263 1266 1261
f 1261 1267 1268
f 1261 1264 1269
f 1265 1270 1264
f 1261 1271 1272
f 1268 1262 1261
f 1270 1273 1264
f 1261 1274 1271
f 1261 1275 1276
f 1269 1267 1261
f 1261 1277 1278
f 1272 1279 1261
f 1266 1275 1261
f 1261 1280 1277
f 1276 1274 1261
f 1279 1280 1261
f 1281 1282 1283
f 1283 1261 1281
f 1281 1284 1285
f 1281 1286 1287
f 1285 1282 1281
f 1281 1288 1286
f 1287 1284 1281
f 1281 1289 1290
f 1281 1291 1288
f 1278 1281 1261
f 1290 1292 1293
f 1290 1291 1281
f 1290 1294 1295
f 1289 1292 1290
f 1290 1296 1297
f 1290 1298 1299
f 1290 1300 1301
f 1290 1302 1294
f 1293 1303 1290
f 1290 1304 1305
f 1290 1306 1307
f 1297 1308 1290
f 1299 1309 1290
f 1290 1310 1311
f 1290 1312 1300
f 1303 1302 1290
f 1290 1313 1304
f 1290 1314 1306
f 1309 1296 1290
f 1290 1315 1310
f 1295 1312 1290
f 1290 1316 1313
f 1308 1314 1290
f 1301 1315 1290
f 1307 1316 1290
f 1305 1291 1290
f 1311 1317 1290
f 1318 1319 1320
f 1320 1321 1318
f 1322 1323 1324
f 1325 1324 1326
f 1327 1326 1328
f 1329 1328 1330
f 1331 1330 1332
f 1333 1332 1334
f 1335 1334 1336
f 1337 1336 1338
f 1339 1338 1340
f 1341 1340 1342
f 1343 1342 1344
f 1345 1344 1346
f 1347 1346 1348
f 1349 1348 1350
f 1350 1351 1349
f 1348 1349 1347
f 1346 1347 1345
f 1344 1345 1343
f 1342 1343 1341
f 1340 1341 1339
f 1338 1339 1337
f 1336 1337 1335
f 1334 1335 1333
f 1332 1333 1331
f 1330 1331 1329
f 1328 1329 1327
f 1326 1327 1325
f 1324 1325 1322
f 1352 1353 1354
f 1355 1356 1357
f 1352 1358 1353
f 1355 1359 1360
f 1355 1361 1362
f 1355 1363 1356
f 1360 1352 1355
f 1357 1361 1355
f 1355 1364 1365
f 1362 1359 1355
f 1355 1366 1367
f 1365 1368 1355
f 1367 1363 1355
f 1355 1369 1364
f 1355 1370 1371
f 1368 1366 1355
f 1371 1372 1355
f 1370 1355 1373
f 1372 1369 1355
f 1370 1374 1375
f 1370 1376 1377
f 1354 1355 1352
f 1375 1378 1370
f 1373 1376 1370
f 1377 1374 1370
f 1378 1379 1370
f 1370 1380 1381
f 1381 1382 1370
f 1381 1383 1382
f 1381 1384 1385
f 1381 1386 1387
f 1381 1388 1389
f 1385 1383 1381
f 1381 1390 1391
f 1381 1392 1386
f 1381 1393 1388
f 1381 1394 1395
f 1381 1380 1396
f 1381 1397 1384
f 1391 1398 1381
f 1381 1399 1400
f 1389 1392 1381
f 1395 1401 1381
f 1396 1402 1381
f 1398 1397 1381
f 1400 1403 1381
f 1381 1404 1405
f 1401 1393 1381
f 1402 1406 1381
f 1403 1390 1381
f 1405 1407 1381
f 1406 1394 1381
f 1407 1399 1381
f 1379 1380 1370
f 1387 1408 1381
f 1409 1410 1411
f 1412 1411 1413
f 1414 1413 1415
f 1416 1415 1417
f 1418 1417 1419
f 1420 1419 1421
f 1422 1421 1423
f 1424 1423 1425
f 1426 1425 1427
f 1428 1427 1429
f 1430 1429 1431
f 1432 1431 1433
f 1434 1433 1435
f 1436 1435 1437
f 1437 1438 1436
f 1435 1436 1434
f 1433 1434 1432
f 1431 1432 1430
f 1429 1430 1428
f 1427 1428 1426
f 1425 1426 1424
f 1423 1424 1422
f 1421 1422 1420
f 1419 1420 1418
f 1417 1418 1416
f 1415 1416 1414
f 1413 1414 1412
f 1411 1412 1409
f 1439 1440 1441
f 1442 1439 1443
f 1444 1442 1445
f 1446 1444 1447
f 1448 1446 1449
f 1450 1448 1451
f 1452 1450 1453
f 1454 1452 1455
f 1456 1454 1457
f 1458 1456 1459
f 1460 1458 1461
f 1462 1460 1463
f 1464 1462 1465
f 1466 1464 1467
f 1468 1466 1469
f 1470 1468 1471
f 1472 1470 1473
f 1474 1472 1475
f 1476 1474 1477
f 1478 1476 1479
f 1480 1478 1481
f 1482 1480 1483
f 1484 1482 1485
f 1486 1484 1487
f 1488 1486 1489
f 1490 1488 1491
f 1492 1490 1493
f 1493 1494 1492
f 1491 1493 1490
f 1489 1491 1488
f 1487 1489 1486
f 1485 1487 1484
f 1483 1485 1482
f 1481 1483 1480
f 1479 1481 1478
f 1477 1479 1476
f 1475 1477 1474
f 1473 1475 1472
f 1471 1473 1470
f 1469 1471 1468
f 1467 1469 1466
f 1465 1467 1464
f 1463 1465 1462
f 1461 1463 1460
f 1459 1461 1458
f 1457 1459 1456
f 1455 1457 1454
f 1453 1455 1452
f 1451 1453 1450
f 1449 1451 1448
f 1447 1449 1446
f 1445 1447 1444
f 1443 1445 1442
f 1441 1443 1439
f 1495 1496 1497
f 1495 1498 1499
f 1500 1501 1502
f 1500 1503 1504
f 1495 1505 1496
f 1499 1506 1495
f 1504 1501 1500
f 1507 1495 1508
f 1495 1509 1505
f 1495 1507 1498
f 1508 1500 1507
f 1510 1511 1512
f 1497 1513 1495
f 1502 1507 1500
f 1510 1514 1511
f 1510 1515 1516
f 1506 1509 1495
f 1512 1517 1510
f 1516 1518 1510
f 1510 1519 1520
f 1517 1495 1510
f 1520 1515 1510
f 1521 1522 1523
f 1518 1514 1510
f 1510 1524 1525
f 1521 1526 1527
f 1521 1528 1529
f 1523 1530 1521
f 1525 1519 1510
f 1521 1531 1532
f 1527 1533 1521
f 1530 1528 1521
f 1521 1534 1535
f 1513 1510 1495
f 1524 1536 1521
f 1532 1537 1521
f 1521 1538 1539
f 1521 1540 1541
f 1533 1542 1521
f 1521 1543 1544
f 1535 1522 1521
f 1521 1545 1546
f 1521 1536 1547
f 1521 1548 1524
f 1521 1549 1550
f 1539 1531 1521
f 1542 1540 1521
f 1529 1543 1521
f 1547 1545 1521
f 1550 1548 1521
f 1541 1538 1521
f 1546 1534 1521
f 1537 1549 1521
f 1510 1536 1524
f 1544 1551 1521
f 1552 1553 1554
f 1554 1555 1552
f 1556 1557 1558
f 1559 1558 1560
f 1561 1560 1562
f 1563 1562 1564
f 1565 1564 1566
f 1567 1566 1568
f 1569 1568 1570
f 1571 1570 1572
f 1573 1572 1574
f 1575 1574 1576
f 1577 1576 1578
f 1579 1578 1580
f 1581 1580 1582
f 1583 1582 1584
f 1584 1585 1583
f 1582 1583 1581
f 1580 1581 1579
f 1578 1579 1577
f 1576 1577 1575
f 1574 1575 1573
f 1572 1573 1571
f 1570 1571 1569
f 1568 1569 1567
f 1566 1567 1565
f 1564 1565 1563
f 1562 1563 1561
f 1560 1561 1559
f 1558 1559 1556
f 1586 1587 1588
f 1586 1589 1590
f 1591 1592 1593
f 1589 1586 1594
f 1590 1587 1586
f 1591 1595 1592
f 1591 1596 1597
f 1588 1598 1586
f 1593 1599 1591
f 1597 1600 1591
f 1601 1602 1603
f 1599 1589 1591
f 1600 1604 1591
f 1601 1605 1606
f 1603 1607 1601
f 1604 1595 1591
f 1601 1608 1609
f 1601 1610 1605
f 1601 1591 1602
f 1591 1601 1596
f 1606 1608 1601
f 1594 1591 1589
f 1611 1612 1613
f 1601 1614 1615
f 1607 1610 1601
f 1611 1616 1617
f 1611 1618 1612
f 1611 1619 1620
f 1609 1614 1601
f 1611 1621 1616
f 1611 1622 1618
f 1611 1623 1624
f 1611 1625 1626
f 1611 1627 1619
f 1628 1629 1611
f 1628 1630 1601
f 1611 1631 1632
f 1611 1633 1621
f 1611 1634 1635
f 1624 1622 1611
f 1620 1625 1611
f 1611 1629 1636
f 1615 1628 1601
f 1611 1637 1638
f 1611 1639 1640
f 1617 1631 1611
f 1635 1641 1611
f 1626 1623 1611
f 1611 1630 1628
f 1640 1637 1611
f 1641 1633 1611
f 1636 1627 1611
f 1632 1639 1611
f 1638 1630 1611
f 1613 1642 1611
f 1643 1644 1645
f 1646 1645 1647
f 1648 1647 1649
f 1650 1649 1651
f 1652 1651 1653
f 1654 1653 1655
f 1656 1655 1657
f 1658 1657 1659
f 1660 1659 1661
f 1662 1661 1663
f 1664 1663 1665
f 1666 1665 1667
f 1668 1667 1669
f 1670 1669 1671
f 1671 1672 1670
f 1669 1670 1668
f 1667 1668 1666
f 1665 1666 1664
f 1663 1664 1662
f 1661 1662 1660
f 1659 1660 1658
f 1657 1658 1656
f 1655 1656 1654
f 1653 1654 1652
f 1651 1652 1650
f 1649 1650 1648
f 1647 1648 1646
f 1645 1646 1643
f 1673 1674 1675
f 1676 1673 1677
f 1678 1676 1679
f 1680 1678 1681
f 1682 1680 1683
f 1684 1682 1685
f 1686 1684 1687
f 1688 1686 1689
f 1690 1688 1691
f 1692 1690 1693
f 1694 1692 1695
f 1696 1694 1697
f 1698 1696 1699
f 1700 1698 1701
f 1702 1700 1703
f 1704 1702 1705
f 1706 1704 1707
f 1708 1706 1709
f 1710 1708 1711
f 1712 1710 1713
f 1714 1712 1715
f 1716 1714 1717
f 1718 1716 1719
f 1720 1718 1721
f 1722 1720 1723
f 1724 1722 1725
f 1726 1724 1727
f 1727 1728 1726
f 1725 1727 1724
f 1723 1725 1722
f 1721 1723 1720
f 1719 1721 1718
f 1717 1719 1716
f 1715 1717 1714
f 1713 1715 1712
f 1711 1713 1710
f 1709 1711 1708
f 1707 1709 1706
f 1705 1707 1704
f 1703 1705 1702
f 1701 1703 1700
f 1699 1701 1698
f 1697 1699 1696
f 1695 1697 1694
f 1693 1695 1692
f 1691 1693 1690
f 1689 1691 1688
f 1687 1689 1686
f 1685 1687 1684
f 1683 1685 1682
f 1681 1683 1680
f 1679 1681 1678
f 1677 1679 1676
f 1675 1677 1673
f 1729 1730 1731
f 1732 1733 1734
f 1732 1735 1736
f 1731 1737 1729
f 1729 1738 1739
f 1729 1740 1741
f 1729 1732 1742
f 1732 1743 1733
f 1732 1729 1735
f 1739 1730 1729
f 1742 1740 1729
f 1736 1743 1732
f 1741 1738 1729
f 1744 1745 1746
f 1737 1747 1729
f 1744 1748 1745
f 1744 1749 1750
f 1744 1751 1752
f 1746 1732 1744
f 1750 1753 1744
f 1752 1754 1744
f 1744 1755 1756
f 1757 1758 1759
f 1753 1748 1744
f 1756 1751 1744
f 1757 1760 1761
f 1757 1762 1758
f 1754 1749 1744
f 1763 1764 1765
f 1765 1766 1767
f 1757 1768 1769
f 1757 1770 1760
f 1759 1771 1757
f 1744 1757 1755
f 1765 1772 1763
f 1765 1773 1774
f 1765 1775 1776
f 1765 1777 1778
f 1767 1779 1765
f 1769 1780 1757
f 1771 1770 1757
f 1734 1744 1732
f 1781 1757 1782
f 1774 1772 1765
f 1765 1783 1775
f 1779 1777 1765
f 1761 1768 1757
f 1744 1784 1757
f 1763 1781 1764
f 1778 1783 1765
f 1784 1762 1757
f 1776 1773 1765
f 1782 1764 1781
f 1780 1782 1757
f 1764 1785 1765
f 1786 1787 1788
f 1789 1790 1791
f 1791 1788 1789
f 1788 1791 1786
f 1792 1793 1794
f 1795 1794 1796
f 1797 1796 1798
f 1799 1798 1800
f 1801 1800 1802
f 1803 1802 1804
f 1805 1804 1806
f 1807 1806 1808
f 1809 1808 1810
f 1811 1810 1812
f 1813 1812 1814
f 1815 1814 1816
f 1817 1816 1818
f 1819 1818 1820
f 1820 1821 1819
f 1818 1819 1817
f 1816 1817 1815
f 1814 1815 1813
f 1812 1813 1811
f 1810 1811 1809
f 1808 1809 1807
f 1806 1807 1805
f 1804 1805 1803
f 1802 1803 1801
f 1800 1801 1799
f 1798 1799 1797
f 1796 1797 1795
f 1794 1795 1792
f 1822 1823 1824
f 1822 1825 1826
f 1822 1827 1828
f 1822 1829 1830
f 1822 1831 1823
f 1832 1833 1834
f 1832 1835 1836
f 1828 1825 1822
f 1824 1829 1822
f 1832 1837 1833
f 1836 1838 1832
f 1835 1832 1839
f 1830 1827 1822
f 1838 1837 1832
f 1835 1840 1841
f 1835 1842 1843
f 1839 1844 1835
f 1834 1822 1832
f 1835 1845 1846
f 1835 1847 1840
f 1835 1848 1842
f 1826 1832 1822
f 1849 1850 1851
f 1841 1845 1835
f 1844 1848 1835
f 1852 1853 1854
f 1851 1855 1849
f 1843 1847 1835
f 1854 1856 1852
f 1852 1857 1858
f 1849 1859 1860
f 1849 1861 1862
f 1849 1863 1864
f 1849 1855 1865
f 1851 1866 1867
f 1846 1868 1835
f 1852 1869 1853
f 1858 1870 1852
f 1852 1871 1872
f 1862 1859 1849
f 1864 1873 1849
f 1851 1867 1855
f 1866 1851 1874
f 1852 1875 1835
f 1870 1869 1852
f 1852 1874 1871
f 1873 1861 1849
f 1874 1852 1866
f 1852 1876 1875
f 1872 1857 1852
f 1865 1863 1849
f 1856 1876 1852
f 1868 1852 1835
f 1860 1877 1849
f 1877 1878 1849
f 1879 1880 1881
f 1882 1881 1883
f 1884 1883 1885
f 1886 1885 1887
f 1888 1887 1889
f 1890 1889 1891
f 1892 1891 1893
f 1894 1893 1895
f 1896 1895 1897
f 1898 1897 1899
f 1900 1899 1901
f 1902 1901 1903
f 1904 1903 1905
f 1906 1905 1907
f 1907 1908 1906
f 1905 1906 1904
f 1903 1904 1902
f 1901 1902 1900
f 1899 1900 1898
f 1897 1898 1896
f 1895 1896 1894
f 1893 1894 1892
f 1891 1892 1890
f 1889 1890 1888
f 1887 1888 1886
f 1885 1886 1884
f 1883 1884 1882
f 1881 1882 1879
f 1909 1910 1911
f 1912 1909 1913
f 1914 1912 1915
f 1916 1914 1917
f 1918 1916 1919
f 1920 1918 1921
f 1922 1920 1923
f 1924 1922 1925
f 1926 1924 1927
f 1928 1926 1929
f 1930 1928 1931
f 1932 1930 1933
f 1934 1932 1935
f 1936 1934 1937
f 1938 1936 1939
f 1940 1938 1941
f 1942 1940 1943
f 1944 1942 1945
f 1946 1944 1947
f 1948 1946 1949
f 1950 1948 1951
f 1952 1950 1953
f 1954 1952 1955
f 1956 1954 1957
f 1958 1956 1959
f 1960 1958 1961
f 1962 1960 1963
f 1963 1964 1962
f 1961 1963 1960
f 1959 1961 1958
f 1957 1959 1956
f 1955 1957 1954
f 1953 1955 1952
f 1951 1953 1950
f 1949 1951 1948
f 1947 1949 1946
f 1945 1947 1944
f 1943 1945 1942
f 1941 1943 1940
f 1939 1941 1938
f 1937 1939 1936
f 1935 1937 1934
f 1933 1935 1932
f 1931 1933 1930
f 1929 1931 1928
f 1927 1929 1926
f 1925 1927 1924
f 1923 1925 1922
f 1921 1923 1920
f 1919 1921 1918
f 1917 1919 1916
f 1915 1917 1914
f 1913 1915 1912
f 1911 1913 1909
f 1965 1966 1967
f 1965 1968 1966
f 1969 1965 1970
f 1965 1971 1972
f 1965 1969 1968
f 1970 1973 1969
f 1974 1975 1976
f 1974 1977 1978
f 1965 1979 1971
f 1973 1980 1969
f 1978 1975 1974
f 1967 1979 1965
f 1974 1981 1977
f 1974 1982 1983
f 1976 1965 1974
f 1974 1984 1982
f 1974 1985 1986
f 1974 1987 1988
f 1983 1981 1974
f 1986 1989 1974
f 1974 1990 1991
f 1988 1992 1974
f 1989 1984 1974
f 1992 1990 1974
f 1991 1985 1974
f 1993 1994 1995
f 1974 1993 1987
f 1995 1996 1993
f 1993 1997 1998
f 1972 1974 1965
f 1993 1999 1994
f 1993 2000 2001
f 1993 2002 1997
f 1974 2003 1993
f 2001 1999 1993
f 2003 2002 1993
f 1996 2004 2005
f 1996 2006 2007
f 1998 2000 1993
f 1996 2008 2009
f 1996 2010 2011
f 1996 2012 2013
f 2005 2014 1996
f 1995 2006 1996
f 1996 2015 2008
f 1996 2016 2017
f 2013 2010 1996
f 1996 2018 2004
f 2007 2019 1996
f 2017 2015 1996
f 2014 2012 1996
f 2019 2020 1996
f 2011 2016 1996
f 2009 1993 1996
f 2020 2021 1996
f 2022 2023 2024
f 2024 2025 2022
f 2026 2027 2028
f 2029 2028 2030
f 2031 2030 2032
f 2033 2032 2034
f 2035 2034 2036
f 2037 2036 2038
f 2039 2038 2040
f 2041 2040 2042
f 2043 2042 2044
f 2045 2044 2046
f 2047 2046 2048
f 2049 2048 2050
f 2051 2050 2052
f 2053 2052 2054
f 2054 2055 2053
f 2052 2053 2051
f 2050 2051 2049
f 2048 2049 2047
f 2046 2047 2045
f 2044 2045 2043
f 2042 2043 2041
f 2040 2041 2039
f 2038 2039 2037
f 2036 2037 2035
f 2034 2035 2033
f 2032 2033 2031
f 2030 2031 2029
f 2028 2029 2026
f 2056 2057 2058
f 2056 2059 2057
f 2060 2061 2062
f 2063 2064 2065
f 2063 2060 2066
f 2060 2067 2056
f 2062 2068 2060
f 2060 2063 2069
f 2066 2064 2063
f 2068 2067 2060
f 2069 2070 2060
f 2063 2071 2072
f 2065 2073 2063
f 2070 2061 2060
f 2063 2074 2075
f 2063 2076 2077
f 2072 2078 2063
f 2058 2060 2056
f 2063 2079 2074
f 2063 2080 2081
f 2063 2082 2076
f 2073 2071 2063
f 2081 2079 2063
f 2078 2082 2063
f 2077 2080 2063
f 2075 2083 2063
f 2084 2085 2086
f 2084 2087 2063
f 2084 2088 2089
f 2085 2090 2086
f 2085 2091 2092
f 2085 2093 2094
f 2085 2095 2096
f 2085 2084 2097
f 2084 2098 2087
f 2089 2099 2084
f 2084 2100 2101
f 2086 2102 2084
f 2092 2103 2085
f 2096 2093 2085
f 2085 2104 2105
f 2097 2106 2085
f 2099 2098 2084
f 2102 2100 2084
f 2094 2091 2085
f 2106 2104 2085
f 2101 2088 2084
f 2085 2107 2108
f 2105 2095 2085
f 2108 2090 2085
f 2085 2109 2110
f 2103 2111 2085
f 2110 2107 2085
f 2083 2084 2063
f 2111 2112 2085
f 2113 2114 2115
f 2116 2115 2117
f 2118 2117 2119
f 2120 2119 2121
f 2122 2121 2123
f 2124 2123 2125
f 2126 2125 2127
f 2128 2127 2129
f 2130 2129 2131
f 2132 2131 2133
f 2134 2133 2135
f 2136 2135 2137
f 2138 2137 2139
f 2140 2139 2141
f 2141 2142 2140
f 2139 2140 2138
f 2137 2138 2136
f 2135 2136 2134
f 2133 2134 2132
f 2131 2132 2130
f 2129 2130 2128
f 2127 2128 2126
f 2125 2126 2124
f 2123 2124 2122
f 2121 2122 2120
f 2119 2120 2118
f 2117 2118 2116
f 2115 2116 2113
f 2143 2144 2145
f 2146 2143 2147
f 2148 2146 2149
f 2150 2148 2151
f 2152 2150 2153
f 2154 2152 2155
f 2156 2154 2157
f 2158 2156 2159
f 2160 2158 2161
f 2162 2160 2163
f 2164 2162 2165
f 2166 2164 2167
f 2168 2166 2169
f 2170 2168 2171
f 2172 2170 2173
f 2174 2172 2175
f 2176 2174 2177
f 2178 2176 2179
f 2180 2178 2181
f 2182 2180 2183
f 2184 2182 2185
f 2186 2184 2187
f 2188 2186 2189
f 2190 2188 2191
f 2192 2190 2193
f 2194 2192 2195
f 2196 2194 2197
f 2197 2198 2196
f 2195 2197 2194
f 2193 2195 2192
f 2191 2193 2190
f 2189 2191 2188
f 2187 2189 2186
f 2185 2187 2184
f 2183 2185 2182
f 2181 2183 2180
f 2179 2181 2178
f 2177 2179 2176
f 2175 2177 2174
f 2173 2175 2172
f 2171 2173 2170
f 2169 2171 2168
f 2167 2169 2166
f 2165 2167 2164
f 2163 2165 2162
f 2161 2163 2160
f 2159 2161 2158
f 2157 2159 2156
f 2155 2157 2154
f 2153 2155 2152
f 2151 2153 2150
f 2149 2151 2148
f 2147 2149 2146
f 2145 2147 2143
f 2199 2200 2201
f 2199 2202 2203
f 2204 2205 2206
f 2204 2207 2208
f 2203 2200 2199
f 2207 2204 2209
f 2208 2205 2204
f 2209 2199 2207
f 2201 2207 2199
f 2210 2211 2212
f 2206 2213 2204
f 2210 2214 2215
f 2212 2216 2210
f 2213 2217 2204
f 2215 2218 2210
f 2210 2219 2220
f 2210 2221 2222
f 2210 2223 2211
f 2218 2204 2210
f 2210 2224 2225
f 2210 2226 2219
f 2216 2221 2210
f 2225 2214 2210
f 2222 2226 2210
f 2227 2228 2229
f 2220 2224 2210
f 2227 2230 2231
f 2229 2232 2227
f 2217 2210 2204
f 2227 2233 2234
f 2231 2235 2227
f 2227 2236 2228
f 2237 2236 2227
f 2237 2238 2223
f 2227 2239 2240
f 2234 2241 2227
f 2227 2242 2243
f 2235 2244 2227
f 2227 2245 2237
f 2237 2246 2238
f 2241 2239 2227
f 2243 2247 2227
f 2232 2230 2227
f 2237 2248 2246
f 2227 2249 2250
f 2240 2251 2227
f 2244 2242 2227
f 2237 2245 2248
f 2227 2252 2253
f 2251 2249 2227
f 2210 2237 2223
f 2250 2252 2227
f 2253 2245 2227
f 2247 2254 2227
f 2254 2255 2227
f 2256 2257 2258
f 2258 2259 2256
f 2260 2261 2262
f 2263 2262 2264
f 2265 2264 2266
f 2267 2266 2268
f 2269 2268 2270
f 2271 2270 2272
f 2273 2272 2274
f 2275 2274 2276
f 2277 2276 2278
f 2279 2278 2280
f 2281 2280 2282
f 2283 2282 2284
f 2285 2284 2286
f 2287 2286 2288
f 2288 2289 2287
f 2286 2287 2285
f 2284 2285 2283
f 2282 2283 2281
f 2280 2281 2279
f 2278 2279 2277
f 2276 2277 2275
f 2274 2275 2273
f 2272 2273 2271
f 2270 2271 2269
f 2268 2269 2267
f 2266 2267 2265
f 2264 2265 2263
f 2262 2263 2260
f 2290 2291 2292
f 2290 2293 2294
f 2293 2290 2295
f 2294 2291 2290
f 2296 2297 2298
f 2296 2299 2300
f 2292 2301 2290
f 2300 2297 2296
f 2302 2303 2304
f 2298 2293 2296
f 2302 2305 2303
f 2302 2306 2307
f 2296 2308 2299
f 2304 2309 2302
f 2302 2310 2311
f 2302 2312 2313
f 2302 2296 2306
f 2296 2302 2308
f 2311 2305 2302
f 2313 2314 2302
f 2302 2315 2316
f 2295 2296 2293
f 2314 2310 2302
f 2307 2315 2302
f 2317 2318 2319
f 2316 2312 2302
f 2317 2320 2318
f 2317 2321 2322
f 2323 2324 2325
f 2326 2327 2302
f 2319 2328 2317
f 2317 2329 2321
f 2323 2330 2331
f 2323 2332 2324
f 2309 2326 2302
f 2328 2333 2317
f 2317 2334 2329
f 2317 2335 2336
f 2325 2330 2323
f 2326 2337 2327
f 2322 2320 2317
f 2317 2338 2335
f 2323 2339 2332
f 2323 2340 2341
f 2337 2342 2327
f 2336 2334 2317
f 2323 2343 2338
f 2341 2339 2323
f 2323 2317 2344
f 2342 2345 2327
f 2338 2317 2323
f 2344 2340 2323
f 2333 2327 2317
f 2345 2317 2327
f 2331 2346 2323
f 2347 2348 2349
f 2350 2349 2351
f 2352 2351 2353
f 2354 2353 2355
f 2356 2355 2357
f 2358 2357 2359
f 2360 2359 2361
f 2362 2361 2363
f 2364 2363 2365
f 2366 2365 2367
f 2368 2367 2369
f 2370 2369 2371
f 2372 2371 2373
f 2374 2373 2375
f 2375 2376 2374
f 2373 2374 2372
f 2371 2372 2370
f 2369 2370 2368
f 2367 2368 2366
f 2365 2366 2364
f 2363 2364 2362
f 2361 2362 2360
f 2359 2360 2358
f 2357 2358 2356
f 2355 2356 2354
f 2353 2354 2352
f 2351 2352 2350
f 2349 2350 2347
f 2377 2378 2379
f 2380 2377 2381
f 2382 2380 2383
f 2384 2382 2385
f 2386 2384 2387
f 2388 2386 2389
f 2390 2388 2391
f 2392 2390 2393
f 2394 2392 2395
f 2396 2394 2397
f 2398 2396 2399
f 2400 2398 2401
f 2402 2400 2403
f 2404 2402 2405
f 2406 2404 2407
f 2408 2406 2409
f 2410 2408 2411
f 2412 2410 2413
f 2414 2412 2415
f 2416 2414 2417
f 2418 2416 2419
f 2420 2418 2421
f 2422 2420 2423
f 2424 2422 2425
f 2426 2424 2427
f 2428 2426 2429
f 2430 2428 2431
f 2431 2432 2430
f 2429 2431 2428
f 2427 2429 2426
f 2425 2427 2424
f 2423 2425 2422
f 2421 2423 2420
f 2419 2421 2418
f 2417 2419 2416
f 2415 2417 2414
f 2413 2415 2412
f 2411 2413 2410
f 2409 2411 2408
f 2407 2409 2406
f 2405 2407 2404
f 2403 2405 2402
f 2401 2403 2400
f 2399 2401 2398
f 2397 2399 2396
f 2395 2397 2394
f 2393 2395 2392
f 2391 2393 2390
f 2389 2391 2388
f 2387 2389 2386
f 2385 2387 2384
f 2383 2385 2382
f 2381 2383 2380
f 2379 2381 2377
f 2433 2434 2435
f 2433 2436 2437
f 2433 2438 2439
f 2437 2434 2433
f 2433 2440 2438
f 2433 2441 2436
f 2433 2442 2440
f 2433 2443 2444
f 2433 2445 2446
f 2433 2447 2448
f 2433 2449 2450
f 2439 2441 2433
f 2446 2443 2433
f 2448 2451 2433
f 2433 2452 2449
f 2444 2442 2433
f 2450 2447 2433
f 2433 2453 2454
f 2433 2455 2456
f 2457 2458 2459
f 2451 2445 2433
f 2456 2453 2433
f 2433 2460 2461
f 2457 2462 2458
f 2457 2463 2464
f 2454 2452 2433
f 2461 2465 2433
f 2464 2462 2457
f 2465 2455 2433
f 2457 2466 2467
f 2457 2468 2469
f 2457 2470 2463
f 2433 2471 2457
f 2433 2472 2460
f 2457 2473 2474
f 2469 2466 2457
f 2457 2475 2476
f 2459 2477 2457
f 2457 2478 2479
f 2435 2480 2433
f 2457 2481 2482
f 2467 2473 2457
f 2476 2483 2457
f 2457 2484 2485
f 2479 2470 2457
f 2457 2472 2433
f 2457 2486 2481
f 2483 2468 2457
f 2457 2487 2484
f 2471 2478 2457
f 2474 2486 2457
f 2477 2487 2457
f 2482 2488 2457
f 2488 2472 2457
f 2485 2489 2457
f 2490 2491 2492
f 2492 2493 2490
f 2494 2495 2496
f 2497 2496 2498
f 2499 2498 2500
f 2501 2500 2502
f 2503 2502 2504
f 2505 2504 2506
f 2507 2506 2508
f 2509 2508 2510
f 2511 2510 2512
f 2513 2512 2514
f 2515 2514 2516
f 2517 2516 2518
f 2519 2518 2520
f 2521 2520 2522
f 2522 2523 2521
f 2520 2521 2519
f 2518 2519 2517
f 2516 2517 2515
f 2514 2515 2513
f 2512 2513 2511
f 2510 2511 2509
f 2508 2509 2507
f 2506 2507 2505
f 2504 2505 2503
f 2502 2503 2501
f 2500 2501 2499
f 2498 2499 2497
f 2496 2497 2494
f 2524 2525 2526
f 2524 2527 2528
f 2524 2529 2530
f 2526 2531 2524
f 2530 2527 2524
f 2524 2532 2533
f 2524 2534 2535
f 2524 2536 2537
f 2524 2538 2539
f 2531 2540 2524
f 2528 2541 2524
f 2533 2542 2524
f 2524 2543 2534
f 2539 2536 2524
f 2541 2525 2524
f 2524 2544 2545
f 2535 2532 2524
f 2540 2538 2524
f 2546 2547 2548
f 2549 2550 2551
f 2545 2552 2524
f 2537 2543 2524
f 2546 2553 2547
f 2546 2554 2555
f 2551 2556 2549
f 2549 2557 2558
f 2542 2544 2524
f 2548 2559 2546
f 2546 2560 2554
f 2558 2550 2549
f 2549 2561 2562
f 2546 2563 2524
f 2546 2564 2565
f 2555 2553 2546
f 2566 2567 2560
f 2549 2568 2567
f 2549 2569 2570
f 2562 2557 2549
f 2549 2571 2572
f 2546 2573 2563
f 2559 2564 2546
f 2560 2574 2566
f 2549 2575 2568
f 2556 2569 2549
f 2572 2576 2549
f 2565 2573 2546
f 2560 2577 2574
f 2567 2578 2549
f 2576 2561 2549
f 2560 2546 2577
f 2567 2579 2578
f 2549 2578 2571
f 2567 2566 2579
f 2552 2546 2524
f 2570 2580 2549
f 2581 2582 2583
f 2584 2583 2585
f 2586 2585 2587
f 2588 2587 2589
f 2590 2589 2591
f 2592 2591 2593
f 2594 2593 2595
f 2596 2595 2597
f 2598 2597 2599
f 2600 2599 2601
f 2602 2601 2603
f 2604 2603 2605
f 2606 2605 2607
f 2608 2607 2609
f 2609 2610 2608
f 2607 2608 2606
f 2605 2606 2604
f 2603 2604 2602
f 2601 2602 2600
f 2599 2600 2598
f 2597 2598 2596
f 2595 2596 2594
f 2593 2594 2592
f 2591 2592 2590
f 2589 2590 2588
f 2587 2588 2586
f 2585 2586 2584
f 2583 2584 2581
f 2611 2612 2613
f 2614 2611 2615
f 2616 2614 2617
f 2618 2616 2619
f 2620 2618 2621
f 2622 2620 2623
f 2624 2622 2625
f 2626 2624 2627
f 2628 2626 2629
f 2630 2628 2631
f 2632 2630 2633
f 2634 2632 2635
f 2636 2634 2637
f 2638 2636 2639
f 2640 2638 2641
f 2642 2640 2643
f 2644 2642 2645
f 2646 2644 2647
f 2648 2646 2649
f 2650 2648 2651
f 2652 2650 2653
f 2654 2652 2655
f 2656 2654 2657
f 2658 2656 2659
f 2660 2658 2661
f 2662 2660 2663
f 2664 2662 2665
f 2665 2666 2664
f 2663 2665 2662
f 2661 2663 2660
f 2659 2661 2658
f 2657 2659 2656
f 2655 2657 2654
f 2653 2655 2652
f 2651 2653 2650
f 2649 2651 2648
f 2647 2649 2646
f 2645 2647 2644
f 2643 2645 2642
f 2641 2643 2640
f 2639 2641 2638
f 2637 2639 2636
f 2635 2637 2634
f 2633 2635 2632
f 2631 2633 2630
f 2629 2631 2628
f 2627 2629 2626
f 2625 2627 2624
f 2623 2625 2622
f 2621 2623 2620
f 2619 2621 2618
f 2617 2619 2616
f 2615 2617 2614
f 2613 2615 2611
f 2667 2668 2669
f 2670 2671 2672
f 2669 2673 2667
f 2672 2674 2670
f 2671 2670 2675
f 2674 2667 2670
f 2676 2677 2678
f 2673 2670 2667
f 2676 2679 2677
f 2676 2680 2681
f 2678 2671 2676
f 2681 2682 2676
f 2676 2683 2684
f 2676 2685 2686
f 2676 2687 2688
f 2682 2679 2676
f 2686 2683 2676
f 2688 2689 2676
f 2684 2680 2676
f 2676 2690 2691
f 2676 2692 2693
f 2676 2694 2687
f 2691 2685 2676
f 2689 2692 2676
f 2693 2690 2676
f 2676 2695 2694
f 2695 2696 2697
f 2695 2698 2699
f 2675 2676 2671
f 2697 2700 2695
f 2695 2701 2698
f 2676 2702 2695
f 2696 2703 2697
f 2697 2704 2705
f 2697 2706 2707
f 2697 2708 2709
f 2695 2710 2701
f 2695 2711 2712
f 2695 2713 2714
f 2702 2715 2695
f 2705 2700 2697
f 2707 2716 2697
f 2697 2717 2718
f 2709 2719 2697
f 2712 2710 2695
f 2715 2713 2695
f 2716 2704 2697
f 2719 2717 2697
f 2714 2711 2695
f 2718 2706 2697
f 2697 2720 2721
f 2699 2722 2695
f 2721 2708 2697
f 2703 2723 2697
f 2722 2696 2695
f 2724 2725 2726
f 2726 2727 2724
f 2728 2729 2730
f 2731 2730 2732
f 2733 2732 2734
f 2735 2734 2736
f 2737 2736 2738
f 2739 2738 2740
f 2741 2740 2742
f 2743 2742 2744
f 2745 2744 2746
f 2747 2746 2748
f 2749 2748 2750
f 2751 2750 2752
f 2753 2752 2754
f 2755 2754 2756
f 2756 2757 2755
f 2754 2755 2753
f 2752 2753 2751
f 2750 2751 2749
f 2748 2749 2747
f 2746 2747 2745
f 2744 2745 2743
f 2742 2743 2741
f 2740 2741 2739
f 2738 2739 2737
f 2736 2737 2735
f 2734 2735 2733
f 2732 2733 2731
f 2730 2731 2728
f 2758 2759 2760
f 2761 2762 2763
f 2758 2761 2759
f 2761 2758 2762
f 2764 2765 2766
f 2763 2767 2761
f 2765 2764 2768
f 2764 2769 2770
f 2766 2771 2764
f 2768 2758 2765
f 2764 2772 2773
f 2764 2774 2775
f 2764 2776 2769
f 2760 2765 2758
f 2775 2772 2764
f 2771 2776 2764
f 2764 2777 2778
f 2770 2774 2764
f 2764 2779 2780
f 2773 2777 2764
f 2778 2779 2764
f 2781 2782 2764
f 2783 2784 2785
f 2786 2787 2784
f 2781 2788 2782
f 2789 2785 2790
f 2786 2791 2792
f 2786 2793 2794
f 2786 2783 2795
f 2784 2783 2786
f 2781 2796 2788
f 2781 2797 2798
f 2781 2790 2799
f 2790 2800 2789
f 2786 2801 2791
f 2786 2802 2803
f 2786 2804 2793
f 2785 2805 2783
f 2798 2796 2781
f 2781 2806 2807
f 2799 2808 2781
f 2789 2805 2785
f 2803 2801 2786
f 2795 2804 2786
f 2807 2797 2781
f 2808 2809 2781
f 2790 2810 2800
f 2786 2811 2812
f 2794 2802 2786
f 2809 2806 2781
f 2790 2813 2810
f 2792 2811 2786
f 2790 2781 2813
f 2780 2781 2764
f 2812 2814 2786
f 2815 2816 2817
f 2818 2817 2819
f 2820 2819 2821
f 2822 2821 2823
f 2824 2823 2825
f 2826 2825 2827
f 2828 2827 2829
f 2830 2829 2831
f 2832 2831 2833
f 2834 2833 2835
f 2836 2835 2837
f 2838 2837 2839
f 2840 2839 2841
f 2842 2841 2843
f 2843 2844 2842
f 2841 2842 2840
f 2839 2840 2838
f 2837 2838 2836
f 2835 2836 2834
f 2833 2834 2832
f 2831 2832 2830
f 2829 2830 2828
f 2827 2828 2826
f 2825 2826 2824
f 2823 2824 2822
f 2821 2822 2820
f 2819 2820 2818
f 2817 2818 2815
f 2845 2846 2847
f 2848 2845 2849
f 2850 2848 2851
f 2852 2850 2853
f 2854 2852 2855
f 2856 2854 2857
f 2858 2856 2859
f 2860 2858 2861
f 2862 2860 2863
f 2864 2862 2865
f 2866 2864 2867
f 2868 2866 2869
f 2870 2868 2871
f 2872 2870 2873
f 2874 2872 2875
f 2876 2874 2877
f 2878 2876 2879
f 2880 2878 2881
f 2882 2880 2883
f 2884 2882 2885
f 2886 2884 2887
f 2888 2886 2889
f 2890 2888 2891
f 2892 2890 2893
f 2894 2892 2895
f 2896 2894 2897
f 2898 2896 2899
f 2899 2900 2898
f 2897 2899 2896
f 2895 2897 2894
f 2893 2895 2892
f 2891 2893 2890
f 2889 2891 2888
f 2887 2889 2886
f 2885 2887 2884
f 2883 2885 2882
f 2881 2883 2880
f 2879 2881 2878
f 2877 2879 2876
f 2875 2877 2874
f 2873 2875 2872
f 2871 2873 2870
f 2869 2871 2868
f 2867 2869 2866
f 2865 2867 2864
f 2863 2865 2862
f 2861 2863 2860
f 2859 2861 2858
f 2857 2859 2856
f 2855 2857 2854
f 2853 2855 2852
f 2851 2853 2850
f 2849 2851 2848
f 2847 2849 2845
f 2901 2902 2903
f 2901 2904 2902
f 2901 2905 2906
f 2905 2901 2907
f 2901 2908 2904
f 2907 2909 2905
f 2910 2911 2912
f 2906 2908 2901
f 2912 2913 2910
f 2910 2914 2915
f 2913 2901 2910
f 2915 2916 2910
f 2910 2917 2918
f 2916 2911 2910
f 2918 2919 2910
f 2910 2920 2921
f 2910 2922 2923
f 2910 2924 2925
f 2919 2914 2910
f 2910 2926 2927
f 2910 2928 2920
f 2925 2922 2910
f 2927 2917 2910
f 2923 2928 2910
f 2921 2926 2910
f 2903 2910 2901
f 2929 2930 2924
f 2929 2931 2930
f 2932 2933 2934
f 2910 2929 2924
f 2932 2935 2933
f 2932 2936 2937
f 2938 2932 2931
f 2939 2940 2941
f 2932 2942 2943
f 2937 2935 2932
f 2929 2938 2931
f 2939 2944 2940
f 2932 2945 2942
f 2938 2936 2932
f 2941 2946 2939
f 2934 2945 2932
f 2939 2947 2944
f 2939 2946 2948
f 2941 2932 2946
f 2939 2949 2950
f 2943 2946 2932
f 2950 2951 2939
f 2939 2952 2953
f 2939 2954 2955
f 2951 2947 2939
f 2955 2952 2939
f 2953 2949 2939
f 2948 2956 2939
f 2956 2957 2939
f 2958 2959 2960
f 2961 2962 2963
f 2963 2960 2961
f 2960 2963 2958
f 2964 2965 2966
f 2967 2966 2968
f 2969 2968 2970
f 2971 2970 2972
f 2973 2972 2974
f 2975 2974 2976
f 2977 2976 2978
f 2979 2978 2980
f 2981 2980 2982
f 2983 2982 2984
f 2985 2984 2986
f 2987 2986 2988
f 2989 2988 2990
f 2991 2990 2992
f 2992 2993 2991
f 2990 2991 2989
f 2988 2989 2987
f 2986 2987 2985
f 2984 2985 2983
f 2982 2983 2981
f 2980 2981 2979
f 2978 2979 2977
f 2976 2977 2975
f 2974 2975 2973
f 2972 2973 2971
f 2970 2971 2969
f 2968 2969 2967
f 2966 2967 2964
f 2994 2995 2996
f 2997 2998 2999
f 2994 3000 3001
f 2996 3002 2994
f 2995 3003 3004
f 3001 2997 2994
f 3002 3005 2994
f 2995 3006 3007
f 2995 2994 3003
f 3005 3000 2994
f 2995 3008 3009
f 2995 3010 3006
f 2999 2994 2997
f 2995 3011 3012
f 2995 3013 3014
f 2995 3015 3016
f 2995 3017 3008
f 3004 3010 2995
f 3014 3011 2995
f 3016 3018 2995
f 2995 3019 3020
f 3007 3017 2995
f 3018 3013 2995
f 3009 3019 2995
f 3020 3015 2995
f 3021 3022 2995
f 3012 3021 2995
f 3021 3023 3022
f 3024 3025 3022
f 3026 3027 3028
f 3029 3030 3031
f 3023 3024 3022
f 3026 3032 3033
f 3028 3034 3026
f 3031 3035 3029
f 3026 3036 3025
f 3034 3032 3026
f 3026 3030 3037
f 3030 3026 3031
f 3033 3036 3026
f 3037 3038 3026
f 3035 3039 3029
f 3038 3027 3026
f 3029 3040 3041
f 3029 3042 3043
f 3024 3026 3025
f 3029 3044 3040
f 3029 3045 3046
f 3029 3047 3048
f 3029 3049 3042
f 3041 3030 3029
f 3048 3045 3029
f 3039 3049 3029
f 3043 3047 3029
f 3046 3050 3029
f 3051 3052 3053
f 3054 3053 3055
f 3056 3055 3057
f 3058 3057 3059
f 3060 3059 3061
f 3062 3061 3063
f 3064 3063 3065
f 3066 3065 3067
f 3068 3067 3069
f 3070 3069 3071
f 3072 3071 3073
f 3074 3073 3075
f 3076 3075 3077
f 3078 3077 3079
f 3079 3080 3078
f 3077 3078 3076
f 3075 3076 3074
f 3073 3074 3072
f 3071 3072 3070
f 3069 3070 3068
f 3067 3068 3066
f 3065 3066 3064
f 3063 3064 3062
f 3061 3062 3060
f 3059 3060 3058
f 3057 3058 3056
f 3055 3056 3054
f 3053 3054 3051
f 3081 3082 3083
f 3084 3081 3085
f 3086 3084 3087
f 3088 3086 3089
f 3090 3088 3091
f 3092 3090 3093
f 3094 3092 3095
f 3096 3094 3097
f 3098 3096 3099
f 3100 3098 3101
f 3102 3100 3103
f 3104 3102 3105
f 3106 3104 3107
f 3108 3106 3109
f 3110 3108 3111
f 3112 3110 3113
f 3114 3112 3115
f 3116 3114 3117
f 3118 3116 3119
f 3120 3118 3121
f 3122 3120 3123
f 3124 3122 3125
f 3126 3124 3127
f 3128 3126 3129
f 3130 3128 3131
f 3132 3130 3133
f 3134 3132 3135
f 3135 3136 3134
f 3133 3135 3132
f 3131 3133 3130
f 3129 3131 3128
f 3127 3129 3126
f 3125 3127 3124
f 3123 3125 3122
f 3121 3123 3120
f 3119 3121 3118
f 3117 3119 3116
f 3115 3117 3114
f 3113 3115 3112
f 3111 3113 3110
f 3109 3111 3108
f 3107 3109 3106
f 3105 3107 3104
f 3103 3105 3102
f 3101 3103 3100
f 3099 3101 3098
f 3097 3099 3096
f 3095 3097 3094
f 3093 3095 3092
f 3091 3093 3090
f 3089 3091 3088
f 3087 3089 3086
f 3085 3087 3084
f 3083 3085 3081
f 3137 3138 3139
f 3137 3140 3138
f 3137 3141 3142
f 3137 3143 3144
f 3142 3140 3137
f 3137 3145 3143
f 3137 3146 3147
f 3137 3148 3149
f 3137 3150 3151
f 3144 3141 3137
f 3137 3152 3153
f 3137 3154 3146
f 3137 3155 3148
f 3151 3156 3137
f 3153 3145 3137
f 3149 3154 3137
f 3137 3157 3158
f 3137 3159 3150
f 3147 3152 3137
f 3137 3160 3161
f 3137 3162 3157
f 3137 3163 3159
f 3161 3155 3137
f 3156 3162 3137
f 3158 3160 3137
f 3139 3164 3137
f 3165 3166 3163
f 3137 3165 3163
f 3167 3168 3166
f 3167 3169 3168
f 3169 3170 3171
f 3165 3167 3166
f 3172 3173 3174
f 3167 3170 3169
f 3174 3175 3172
f 3176 3173 3169
f 3175 3177 3172
f 3171 3176 3169
f 3172 3178 3179
f 3172 3180 3181
f 3176 3174 3173
f 3172 3182 3183
f 3172 3184 3185
f 3179 3186 3172
f 3177 3180 3172
f 3172 3187 3182
f 3185 3188 3172
f 3172 3189 3178
f 3183 3173 3172
f 3186 3184 3172
f 3188 3187 3172
f 3181 3190 3172
f 3190 3191 3172
f 3191 3192 3172
f 3192 3193 3172
f 3194 3195 3196
f 3196 3197 3194
f 3198 3199 3200
f 3201 3200 3202
f 3203 3202 3204
f 3205 3204 3206
f 3207 3206 3208
f 3209 3208 3210
f 3211 3210 3212
f 3213 3212 3214
f 3215 3214 3216
f 3217 3216 3218
f 3219 3218 3220
f 3221 3220 3222
f 3223 3222 3224
f 3225 3224 3226
f 3226 3227 3225
f 3224 3225 3223
f 3222 3223 3221
f 3220 3221 3219
f 3218 3219 3217
f 3216 3217 3215
f 3214 3215 3213
f 3212 3213 3211
f 3210 3211 3209
f 3208 3209 3207
f 3206 3207 3205
f 3204 3205 3203
f 3202 3203 3201
f 3200 3201 3198
f 3228 3229 3230
f 3231 3232 3233
f 3228 3234 3235
f 3230 3236 3228
f 3229 3237 3238
f 3229 3239 3240
f 3229 3241 3242
f 3235 3231 3228
f 3236 3243 3228
f 3229 3244 3237
f 3240 3245 3229
f 3242 3246 3229
f 3229 3228 3247
f 3243 3234 3228
f 3238 3248 3229
f 3229 3249 3250
f 3246 3239 3229
f 3233 3228 3231
f 3248 3251 3229
f 3250 3252 3229
f 3229 3253 3254
f 3247 3241 3229
f 3252 3244 3229
f 3245 3253 3229
f 3254 3249 3229
f 3255 3256 3229
f 3251 3255 3229
f 3257 3258 3256
f 3255 3257 3256
f 3257 3259 3258
f 3260 3261 3258
f 3260 3262 3263
f 3263 3261 3260
f 3264 3265 3266
f 3259 3260 3258
f 3264 3267 3265
f 3268 3266 3262
f 3264 3269 3267
f 3264 3270 3271
f 3264 3272 3273
f 3264 3268 3274
f 3266 3268 3264
f 3264 3275 3276
f 3271 3277 3264
f 3264 3278 3272
f 3274 3279 3264
f 3276 3269 3264
f 3273 3270 3264
f 3260 3268 3262
f 3279 3278 3264
f 3264 3280 3275
f 3264 3281 3282
f 3282 3280 3264
f 3277 3283 3264
f 3283 3284 3264
f 3285 3286 3287
f 3288 3287 3289
f 3290 3289 3291
f 3292 3291 3293
f 3294 3293 3295
f 3296 3295 3297
f 3298 3297 3299
f 3300 3299 3301
f 3302 3301 3303
f 3304 3303 3305
f 3306 3305 3307
f 3308 3307 3309
f 3310 3309 3311
f 3312 3311 3313
f 3313 3314 3312
f 3311 3312 3310
f 3309 3310 3308
f 3307 3308 3306
f 3305 3306 3304
f 3303 3304 3302
f 3301 3302 3300
f 3299 3300 3298
f 3297 3298 3296
f 3295 3296 3294
f 3293 3294 3292
f 3291 3292 3290
f 3289 3290 3288
f 3287 3288 3285
f 3315 3316 3317
f 3318 3315 3319
f 3320 3318 3321
f 3322 3320 3323
f 3324 3322 3325
f 3326 3324 3327
f 3328 3326 3329
f 3330 3328 3331
f 3332 3330 3333
f 3334 3332 3335
f 3336 3334 3337
f 3338 3336 3339
f 3340 3338 3341
f 3342 3340 3343
f 3344 3342 3345
f 3346 3344 3347
f 3348 3346 3349
f 3350 3348 3351
f 3352 3350 3353
f 3354 3352 3355
f 3356 3354 3357
f 3358 3356 3359
f 3360 3358 3361
f 3362 3360 3363
f 3364 3362 3365
f 3366 3364 3367
f 3368 3366 3369
f 3369 3370 3368
f 3367 3369 3366
f 3365 3367 3364
f 3363 3365 3362
f 3361 3363 3360
f 3359 3361 3358
f 3357 3359 3356
f 3355 3357 3354
f 3353 3355 3352
f 3351 3353 3350
f 3349 3351 3348
f 3347 3349 3346
f 3345 3347 3344
f 3343 3345 3342
f 3341 3343 3340
f 3339 3341 3338
f 3337 3339 3336
f 3335 3337 3334
f 3333 3335 3332
f 3331 3333 3330
f 3329 3331 3328
f 3327 3329 3326
f 3325 3327 3324
f 3323 3325 3322
f 3321 3323 3320
f 3319 3321 3318
f 3317 3319 3315
f 3371 3372 3373
f 3372 3374 3375
f 3372 3376 3377
f 3372 3371 3378
f 3373 3379 3371
f 3375 3380 3372
f 3377 3381 3372
f 3372 3382 3383
f 3379 3384 3371
f 3381 3374 3372
f 3372 3385 3386
f 3372 3387 3388
f 3383 3389 3372
f 3378 3390 3372
f 3386 3376 3372
f 3372 3391 3392
f 3388 3393 3372
f 3390 3382 3372
f 3392 3385 3372
f 3389 3387 3372
f 3393 3391 3372
f 3394 3395 3372
f 3396 3397 3398
f 3394 3399 3395
f 3398 3400 3396
f 3394 3401 3399
f 3394 3402 3403
f 3394 3404 3405
f 3396 3406 3397
f 3407 3408 3409
f 3407 3410 3411
f 3403 3401 3394
f 3394 3412 3413
f 3394 3398 3404
f 3398 3414 3400
f 3407 3415 3408
f 3411 3415 3407
f 3413 3402 3394
f 3405 3416 3394
f 3417 3411 3397
f 3398 3418 3414
f 3407 3419 3420
f 3411 3417 3415
f 3416 3412 3394
f 3398 3394 3418
f 3407 3421 3422
f 3409 3419 3407
f 3407 3423 3424
f 3407 3425 3426
f 3397 3406 3417
f 3420 3421 3407
f 3426 3423 3407
f 3422 3425 3407
f 3380 3394 3372
f 3424 3427 3407
f 3428 3429 3430
f 3430 3431 3428
f 3432 3433 3434
f 3435 3434 3436
f 3437 3436 3438
f 3439 3438 3440
f 3441 3440 3442
f 3443 3442 3444
f 3445 3444 3446
f 3447 3446 3448
f 3449 3448 3450
f 3451 3450 3452
f 3453 3452 3454
f 3455 3454 3456
f 3457 3456 3458
f 3459 3458 3460
f 3460 3461 3459
f 3458 3459 3457
f 3456 3457 3455
f 3454 3455 3453
f 3452 3453 3451
f 3450 3451 3449
f 3448 3449 3447
f 3446 3447 3445
f 3444 3445 3443
f 3442 3443 3441
f 3440 3441 3439
f 3438 3439 3437
f 3436 3437 3435
f 3434 3435 3432
f 3462 3463 3464
f 3462 3465 3466
f 3467 3468 3469
f 3467 3470 3471
f 3466 3463 3462
f 3462 3472 3473
f 3467 3474 3475
f 3467 3476 3468
f 3467 3477 3470
f 3473 3465 3462
f 3462 3478 3479
f 3469 3474 3467
f 3467 3462 3477
f 3462 3480 3472
f 3462 3481 3478
f 3462 3482 3483
f 3462 3467 3484
f 3471 3476 3467
f 3479 3480 3462
f 3462 3485 3482
f 3462 3486 3487
f 3475 3488 3467
f 3483 3481 3462
f 3484 3486 3462
f 3487 3485 3462
f 3489 3490 3462
f 3464 3489 3462
f 3489 3491 3490
f 3490 3492 3493
f 3493 3494 3490
f 3493 3495 3496
f 3493 3497 3494
f 3496 3498 3493
f 3498 3497 3493
f 3493 3499 3500
f 3491 3492 3490
f 3492 3499 3493
f 3493 3501 3502
f 3493 3503 3504
f 3493 3505 3506
f 3502 3495 3493
f 3493 3507 3503
f 3500 3505 3493
f 3493 3508 3509
f 3493 3510 3511
f 3504 3512 3493
f 3509 3501 3493
f 3511 3513 3493
f 3506 3507 3493
f 3493 3514 3515
f 3493 3516 3517
f 3512 3510 3493
f 3517 3514 3493
f 3515 3508 3493
f 3513 3518 3493
f 3519 3520 3521
f 3522 3521 3523
f 3524 3523 3525
f 3526 3525 3527
f 3528 3527 3529
f 3530 3529 3531
f 3532 3531 3533
f 3534 3533 3535
f 3536 3535 3537
f 3538 3537 3539
f 3540 3539 3541
f 3542 3541 3543
f 3544 3543 3545
f 3546 3545 3547
f 3547 3548 3546
f 3545 3546 3544
f 3543 3544 3542
f 3541 3542 3540
f 3539 3540 3538
f 3537 3538 3536
f 3535 3536 3534
f 3533 3534 3532
f 3531 3532 3530
f 3529 3530 3528
f 3527 3528 3526
f 3525 3526 3524
f 3523 3524 3522
f 3521 3522 3519
f 3549 3550 3551
f 3552 3549 3553
f 3554 3552 3555
f 3556 3554 3557
f 3558 3556 3559
f 3560 3558 3561
f 3562 3560 3563
f 3564 3562 3565
f 3566 3564 3567
f 3568 3566 3569
f 3570 3568 3571
f 3572 3570 3573
f 3574 3572 3575
f 3576 3574 3577
f 3578 3576 3579
f 3580 3578 3581
f 3582 3580 3583
f 3584 3582 3585
f 3586 3584 3587
f 3588 3586 3589
f 3590 3588 3591
f 3592 3590 3593
f 3594 3592 3595
f 3596 3594 3597
f 3598 3596 3599
f 3600 3598 3601
f 3602 3600 3603
f 3603 3604 3602
f 3601 3603 3600
f 3599 3601 3598
f 3597 3599 3596
f 3595 3597 3594
f 3593 3595 3592
f 3591 3593 3590
f 3589 3591 3588
f 3587 3589 3586
f 3585 3587 3584
f 3583 3585 3582
f 3581 3583 3580
f 3579 3581 3578
f 3577 3579 3576
f 3575 3577 3574
f 3573 3575 3572
f 3571 3573 3570
f 3569 3571 3568
f 3567 3569 3566
f 3565 3567 3564
f 3563 3565 3562
f 3561 3563 3560
f 3559 3561 3558
f 3557 3559 3556
f 3555 3557 3554
f 3553 3555 3552
f 3551 3553 3549
f 3605 3606 3607
f 3608 3609 3610
f 3608 3611 3612
f 3608 3613 3614
f 3608 3615 3616
f 3610 3605 3608
f 3608 3617 3611
f 3608 3618 3619
f 3608 3620 3621
f 3616 3613 3608
f 3608 3622 3623
f 3612 3609 3608
f 3619 3624 3608
f 3608 3625 3626
f 3608 3627 3628
f 3621 3629 3608
f 3623 3615 3608
f 3624 3617 3608
f 3608 3630 3625
f 3608 3631 3627
f 3614 3620 3608
f 3632 3633 3634
f 3626 3618 3608
f 3629 3631 3608
f 3634 3635 3632
f 3628 3630 3608
f 3632 3636 3637
f 3634 3638 3635
f 3608 3639 3622
f 3632 3640 3641
f 3635 3636 3632
f 3608 3642 3639
f 3608 3643 3644
f 3632 3645 3640
f 3637 3646 3632
f 3608 3647 3642
f 3644 3648 3608
f 3608 3649 3650
f 3638 3634 3649
f 3649 3608 3651
f 3632 3652 3645
f 3646 3653 3632
f 3648 3647 3608
f 3608 3654 3655
f 3650 3656 3608
f 3651 3657 3649
f 3653 3652 3632
f 3655 3643 3608
f 3656 3658 3608
f 3641 3659 3632
f 3658 3654 3608
f 3649 3657 3638
f 3659 3660 3632
f 3607 3608 3605
f 3660 3661 3632
f 3662 3663 3664
f 3664 3665 3662
f 3666 3667 3668
f 3669 3668 3670
f 3671 3670 3672
f 3673 3672 3674
f 3675 3674 3676
f 3677 3676 3678
f 3679 3678 3680
f 3681 3680 3682
f 3683 3682 3684
f 3685 3684 3686
f 3687 3686 3688
f 3689 3688 3690
f 3691 3690 3692
f 3693 3692 3694
f 3694 3695 3693
f 3692 3693 3691
f 3690 3691 3689
f 3688 3689 3687
f 3686 3687 3685
f 3684 3685 3683
f 3682 3683 3681
f 3680 3681 3679
f 3678 3679 3677
f 3676 3677 3675
f 3674 3675 3673
f 3672 3673 3671
f 3670 3671 3669
f 3668 3669 3666
f 3696 3697 3698
f 3699 3698 3700
f 3701 3700 3702
f 3703 3702 3704
f 3705 3704 3706
f 3707 3706 3708
f 3709 3708 3710
f 3711 3710 3712
f 3713 3712 3714
f 3715 3714 3716
f 3717 3716 3718
f 3719 3718 3720
f 3721 3720 3722
f 3723 3722 3724
f 3724 3725 3723
f 3722 3723 3721
f 3720 3721 3719
f 3718 3719 3717
f 3716 3717 3715
f 3714 3715 3713
f 3712 3713 3711
f 3710 3711 3709
f 3708 3709 3707
f 3706 3707 3705
f 3704 3705 3703
f 3702 3703 3701
f 3700 3701 3699
f 3698 3699 3696
f 3726 3727 3728
f 3729 3726 3730
f 3731 3729 3732
f 3733 3731 3734
f 3735 3733 3736
f 3737 3735 3738
f 3739 3737 3740
f 3741 3739 3742
f 3743 3741 3744
f 3745 3743 3746
f 3747 3745 3748
f 3749 3747 3750
f 3751 3749 3752
f 3753 3751 3754
f 3755 3753 3756
f 3757 3755 3758
f 3759 3757 3760
f 3761 3759 3762
f 3763 3761 3764
f 3765 3763 3766
f 3767 3765 3768
f 3769 3767 3770
f 3771 3769 3772
f 3773 3771 3774
f 3775 3773 3776
f 3777 3775 3778
f 3779 3777 3780
f 3780 3781 3779
f 3778 3780 3777
f 3776 3778 3775
f 3774 3776 3773
f 3772 3774 3771
f 3770 3772 3769
f 3768 3770 3767
f 3766 3768 3765
f 3764 3766 3763
f 3762 3764 3761
f 3760 3762 3759
f 3758 3760 3757
f 3756 3758 3755
f 3754 3756 3753
f 3752 3754 3751
f 3750 3752 3749
f 3748 3750 3747
f 3746 3748 3745
f 3744 3746 3743
f 3742 3744 3741
f 3740 3742 3739
f 3738 3740 3737
f 3736 3738 3735
f 3734 3736 3733
f 3732 3734 3731
f 3730 3732 3729
f 3728 3730 3726
f 3782 3783 3784
f 3782 3785 3783
f 3786 3787 3788
f 3786 3789 3790
f 3786 3791 3792
f 3784 3793 3782
f 3786 3794 3787
f 3786 3795 3796
f 3786 3797 3798
f 3786 3799 3800
f 3792 3789 3786
f 3788 3782 3786
f 3796 3801 3786
f 3786 3802 3803
f 3786 3804 3805
f 3798 3806 3786
f 3790 3799 3786
f 3801 3794 3786
f 3786 3807 3802
f 3786 3808 3804
f 3800 3797 3786
f 3803 3795 3786
f 3806 3808 3786
f 3805 3807 3786
f 3786 3809 3791
f 3786 3810 3809
f 3786 3811 3810
f 3812 3813 3814
f 3812 3815 3816
f 3786 3817 3811
f 3786 3818 3819
f 3812 3820 3821
f 3812 3822 3813
f 3816 3822 3812
f 3819 3817 3786
f 3786 3823 3824
f 3812 3825 3820
f 3812 3826 3827
f 3816 3828 3822
f 3786 3829 3818
f 3824 3830 3786
f 3828 3816 3823
f 3823 3786 3831
f 3812 3832 3825
f 3814 3826 3812
f 3786 3833 3829
f 3830 3834 3786
f 3831 3835 3823
f 3827 3832 3812
f 3834 3833 3786
f 3821 3836 3812
f 3823 3835 3828
f 3793 3786 3782
f 3836 3837 3812
f 3837 3838 3812
f 3839 3840 3841
f 3842 3843 3844
f 3842 3845 3846
f 3842 3847 3848
f 3849 3850 3851
f 3839 3852 3840
f 3839 3853 3854
f 3839 3842 3855
f 3846 3843 3842
f 3842 3856 3857
f 3842 3858 3847
f 3841 3849 3839
f 3855 3853 3839
f 3857 3845 3842
f 3848 3859 3842
f 3842 3860 3861
f 3842 3839 3862
f 3854 3852 3839
f 3859 3856 3842
f 3842 3863 3860
f 3842 3864 3865
f 3851 3839 3849
f 3861 3858 3842
f 3862 3864 3842
f 3865 3863 3842
f 3866 3867 3842
f 3844 3866 3842
f 3866 3868 3867
f 3867 3869 3870
f 3870 3871 3867
f 3870 3872 3871
f 3870 3873 3872
f 3870 3874 3875
f 3875 3873 3870
f 3870 3876 3877
f 3868 3869 3867
f 3869 3876 3870
f 3870 3878 3879
f 3870 3880 3881
f 3870 3882 3883
f 3879 3874 3870
f 3870 3884 3880
f 3877 3882 3870
f 3870 3885 3886
f 3870 3887 3888
f 3881 3889 3870
f 3886 3878 3870
f 3888 3890 3870
f 3883 3884 3870
f 3870 3891 3892
f 3870 3893 3894
f 3889 3887 3870
f 3894 3891 3870
f 3892 3885 3870
f 3890 3895 3870
f 3896 3897 3898
f 3898 3899 3896
f 3900 3901 3902
f 3903 3902 3904
f 3905 3904 3906
f 3907 3906 3908
f 3909 3908 3910
f 3911 3910 3912
f 3913 3912 3914
f 3915 3914 3916
f 3917 3916 3918
f 3919 3918 3920
f 3921 3920 3922
f 3923 3922 3924
f 3925 3924 3926
f 3927 3926 3928
f 3928 3929 3927
f 3926 3927 3925
f 3924 3925 3923
f 3922 3923 3921
f 3920 3921 3919
f 3918 3919 3917
f 3916 3917 3915
f 3914 3915 3913
f 3912 3913 3911
f 3910 3911 3909
f 3908 3909 3907
f 3906 3907 3905
f 3904 3905 3903
f 3902 3903 3900
f 3930 3931 3932
f 3930 3933 3934
f 3930 3935 3936
f 3937 3930 3938
f 3932 3939 3930
f 3930 3940 3933
f 3936 3941 3930
f 3930 3937 3942
f 3938 3943 3937
f 3934 3931 3930
f 3930 3944 3945
f 3930 3946 3947
f 3930 3948 3935
f 3943 3949 3937
f 3945 3940 3930
f 3930 3950 3951
f 3947 3952 3930
f 3942 3948 3930
f 3951 3944 3930
f 3941 3946 3930
f 3952 3950 3930
f 3953 3954 3930
f 3955 3956 3957
f 3953 3958 3954
f 3957 3959 3955
f 3960 3961 3962
f 3953 3963 3958
f 3953 3964 3965
f 3953 3966 3967
f 3955 3968 3956
f 3962 3969 3960
f 3965 3963 3953
f 3953 3970 3971
f 3953 3957 3966
f 3957 3972 3959
f 3960 3973 3974
f 3962 3975 3969
f 3971 3964 3953
f 3967 3976 3953
f 3975 3962 3956
f 3957 3977 3972
f 3960 3978 3979
f 3969 3973 3960
f 3976 3970 3953
f 3957 3953 3977
f 3960 3980 3981
f 3974 3978 3960
f 3960 3982 3983
f 3960 3984 3985
f 3956 3968 3975
f 3979 3980 3960
f 3985 3982 3960
f 3981 3984 3960
f 3939 3953 3930
f 3983 3986 3960
f 3987 3988 3989
f 3990 3989 3991
f 3992 3991 3993
f 3994 3993 3995
f 3996 3995 3997
f 3998 3997 3999
f 4000 3999 4001
f 4002 4001 4003
f 4004 4003 4005
f 4006 4005 4007
f 4008 4007 4009
f 4010 4009 4011
f 4012 4011 4013
f 4014 4013 4015
f 4015 4016 4014
f 4013 4014 4012
f 4011 4012 4010
f 4009 4010 4008
f 4007 4008 4006
f 4005 4006 4004
f 4003 4004 4002
f 4001 4002 4000
f 3999 4000 3998
f 3997 3998 3996
f 3995 3996 3994
f 3993 3994 3992
f 3991 3992 3990
f 3989 3990 3987
f 4017 4018 4019
f 4020 4017 4021
f 4022 4020 4023
f 4024 4022 4025
f 4026 4024 4027
f 4028 4026 4029
f 4030 4028 4031
f 4032 4030 4033
f 4034 4032 4035
f 4036 4034 4037
f 4038 4036 4039
f 4040 4038 4041
f 4042 4040 4043
f 4044 4042 4045
f 4046 4044 4047
f 4048 4046 4049
f 4050 4048 4051
f 4052 4050 4053
f 4054 4052 4055
f 4056 4054 4057
f 4058 4056 4059
f 4060 4058 4061
f 4062 4060 4063
f 4064 4062 4065
f 4066 4064 4067
f 4068 4066 4069
f 4070 4068 4071
f 4071 4072 4070
f 4069 4071 4068
f 4067 4069 4066
f 4065 4067 4064
f 4063 4065 4062
f 4061 4063 4060
f 4059 4061 4058
f 4057 4059 4056
f 4055 4057 4054
f 4053 4055 4052
f 4051 4053 4050
f 4049 4051 4048
f 4047 4049 4046
f 4045 4047 4044
f 4043 4045 4042
f 4041 4043 4040
f 4039 4041 4038
f 4037 4039 4036
f 4035 4037 4034
f 4033 4035 4032
f 4031 4033 4030
f 4029 4031 4028
f 4027 4029 4026
f 4025 4027 4024
f 4023 4025 4022
f 4021 4023 4020
f 4019 4021 4017
f 4073 4074 4075
f 4076 4073 4077
f 4078 4079 4080
f 4073 4076 4074
f 4076 4081 4082
f 4076 4083 4084
f 4076 4085 4086
f 4077 4087 4076
f 4075 4078 4073
f 4082 4088 4076
f 4084 4089 4076
f 4086 4090 4076
f 4076 4091 4092
f 4080 4073 4078
f 4076 4093 4081
f 4076 4094 4095
f 4090 4083 4076
f 4087 4091 4076
f 4088 4096 4076
f 4095 4097 4076
f 4076 4098 4099
f 4092 4085 4076
f 4097 4093 4076
f 4089 4098 4076
f 4099 4094 4076
f 4100 4101 4076
f 4096 4100 4076
f 4100 4102 4101
f 4103 4104 4101
f 4102 4103 4101
f 4105 4106 4107
f 4108 4109 4104
f 4105 4110 4106
f 4105 4111 4112
f 4105 4113 4114
f 4105 4115 4116
f 4103 4108 4104
f 4115 4117 4118
f 4105 4119 4110
f 4112 4120 4105
f 4105 4121 4113
f 4116 4122 4105
f 4118 4109 4115
f 4107 4115 4105
f 4120 4123 4105
f 4122 4121 4105
f 4107 4117 4115
f 4105 4124 4125
f 4114 4111 4105
f 4125 4119 4105
f 4108 4115 4109
f 4105 4126 4124
f 4105 4127 4128
f 4128 4126 4105
f 4123 4129 4105
f 4130 4131 4132
f 4133 4134 4135
f 4135 4132 4133
f 4132 4135 4130
f 4136 4137 4138
f 4139 4138 4140
f 4141 4140 4142
f 4143 4142 4144
f 4145 4144 4146
f 4147 4146 4148
f 4149 4148 4150
f 4151 4150 4152
f 4153 4152 4154
f 4155 4154 4156
f 4157 4156 4158
f 4159 4158 4160
f 4161 4160 4162
f 4163 4162 4164
f 4164 4165 4163
f 4162 4163 4161
f 4160 4161 4159
f 4158 4159 4157
f 4156 4157 4155
f 4154 4155 4153
f 4152 4153 4151
f 4150 4151 4149
f 4148 4149 4147
f 4146 4147 4145
f 4144 4145 4143
f 4142 4143 4141
f 4140 4141 4139
f 4138 4139 4136
f 4166 4167 4168
f 4168 4169 4166
f 4167 4166 4170
f 4171 4172 4173
f 4170 4174 4167
f 4171 4175 4172
f 4171 4176 4177
f 4171 4178 4179
f 4171 4180 4181
f 4173 4166 4171
f 4171 4182 4183
f 4171 4184 4176
f 4171 4185 4178
f 4171 4186 4180
f 4183 4175 4171
f 4179 4184 4171
f 4171 4187 4188
f 4181 4189 4171
f 4177 4182 4171
f 4171 4190 4191
f 4171 4192 4187
f 4171 4193 4186
f 4191 4185 4171
f 4189 4192 4171
f 4188 4190 4171
f 4169 4171 4166
f 4194 4195 4193
f 4194 4196 4195
f 4171 4194 4193
f 4197 4198 4199
f 4200 4201 4196
f 4199 4202 4197
f 4194 4200 4196
f 4202 4203 4197
f 4198 4204 4205
f 4204 4198 4201
f 4197 4206 4207
f 4197 4208 4209
f 4197 4210 4211
f 4198 4212 4199
f 4200 4204 4201
f 4197 4213 4206
f 4209 4214 4197
f 4211 4215 4197
f 4197 4216 4217
f 4205 4212 4198
f 4214 4213 4197
f 4197 4218 4210
f 4203 4216 4197
f 4215 4208 4197
f 4207 4198 4197
f 4217 4219 4197
f 4219 4220 4197
f 4220 4221 4197
f 4221 4222 4197
f 4223 4224 4225
f 4226 4225 4227
f 4228 4227 4229
f 4230 4229 4231
f 4232 4231 4233
f 4234 4233 4235
f 4236 4235 4237
f 4238 4237 4239
f 4240 4239 4241
f 4242 4241 4243
f 4244 4243 4245
f 4246 4245 4247
f 4248 4247 4249
f 4250 4249 4251
f 4251 4252 4250
f 4249 4250 4248
f 4247 4248 4246
f 4245 4246 4244
f 4243 4244 4242
f 4241 4242 4240
f 4239 4240 4238
f 4237 4238 4236
f 4235 4236 4234
f 4233 4234 4232
f 4231 4232 4230
f 4229 4230 4228
f 4227 4228 4226
f 4225 4226 4223
f 4253 4254 4255
f 4256 4253 4257
f 4258 4256 4259
f 4260 4258 4261
f 4262 4260 4263
f 4264 4262 4265
f 4266 4264 4267
f 4268 4266 4269
f 4270 4268 4271
f 4272 4270 4273
f 4274 4272 4275
f 4276 4274 4277
f 4278 4276 4279
f 4280 4278 4281
f 4282 4280 4283
f 4284 4282 4285
f 4286 4284 4287
f 4288 4286 4289
f 4290 4288 4291
f 4292 4290 4293
f 4294 4292 4295
f 4296 4294 4297
f 4298 4296 4299
f 4300 4298 4301
f 4302 4300 4303
f 4304 4302 4305
f 4306 4304 4307
f 4307 4308 4306
f 4305 4307 4304
f 4303 4305 4302
f 4301 4303 4300
f 4299 4301 4298
f 4297 4299 4296
f 4295 4297 4294
f 4293 4295 4292
f 4291 4293 4290
f 4289 4291 4288
f 4287 4289 4286
f 4285 4287 4284
f 4283 4285 4282
f 4281 4283 4280
f 4279 4281 4278
f 4277 4279 4276
f 4275 4277 4274
f 4273 4275 4272
f 4271 4273 4270
f 4269 4271 4268
f 4267 4269 4266
f 4265 4267 4264
f 4263 4265 4262
f 4261 4263 4260
f 4259 4261 4258
f 4257 4259 4256
f 4255 4257 4253
f 4309 4310 4311
f 4312 4313 4314
f 4311 4315 4309
f 4314 4316 4312
f 4317 4318 4319
f 4316 4310 4312
f 4312 4317 4320
f 4317 4321 4322
f 4317 4312 4318
f 4320 4313 4312
f 4317 4323 4324
f 4317 4325 4321
f 4309 4312 4310
f 4317 4326 4327
f 4317 4328 4329
f 4317 4330 4331
f 4317 4332 4323
f 4319 4325 4317
f 4329 4326 4317
f 4331 4333 4317
f 4317 4334 4335
f 4322 4332 4317
f 4333 4328 4317
f 4324 4334 4317
f 4335 4330 4317
f 4336 4337 4317
f 4327 4336 4317
f 4336 4338 4337
f 4339 4340 4337
f 4341 4342 4343
f 4338 4339 4337
f 4341 4344 4345
f 4343 4346 4341
f 4347 4348 4349
f 4341 4350 4340
f 4346 4344 4341
f 4341 4348 4351
f 4349 4352 4347
f 4345 4350 4341
f 4351 4353 4341
f 4348 4341 4349
f 4353 4342 4341
f 4339 4341 4340
f 4347 4354 4355
f 4347 4356 4357
f 4352 4358 4347
f 4347 4359 4354
f 4347 4360 4361
f 4347 4362 4363
f 4347 4364 4356
f 4355 4348 4347
f 4363 4360 4347
f 4358 4364 4347
f 4357 4362 4347
f 4361 4365 4347
f 4366 4367 4368
f 4368 4369 4366
f 4370 4371 4372
f 4373 4372 4374
f 4375 4374 4376
f 4377 4376 4378
f 4379 4378 4380
f 4381 4380 4382
f 4383 4382 4384
f 4385 4384 4386
f 4387 4386 4388
f 4389 4388 4390
f 4391 4390 4392
f 4393 4392 4394
f 4395 4394 4396
f 4397 4396 4398
f 4398 4399 4397
f 4396 4397 4395
f 4394 4395 4393
f 4392 4393 4391
f 4390 4391 4389
f 4388 4389 4387
f 4386 4387 4385
f 4384 4385 4383
f 4382 4383 4381
f 4380 4381 4379
f 4378 4379 4377
f 4376 4377 4375
f 4374 4375 4373
f 4372 4373 4370
f 4400 4401 4402
f 4403 4404 4405
f 4400 4403 4401
f 4403 4400 4404
f 4400 4406 4407
f 4405 4408 4403
f 4409 4410 4411
f 4402 4406 4400
f 4411 4412 4409
f 4409 4413 4414
f 4412 4400 4409
f 4414 4415 4409
f 4409 4416 4417
f 4415 4410 4409
f 4417 4418 4409
f 4409 4419 4420
f 4409 4421 4422
f 4409 4423 4424
f 4418 4413 4409
f 4409 4425 4426
f 4409 4427 4419
f 4424 4421 4409
f 4426 4416 4409
f 4422 4427 4409
f 4420 4425 4409
f 4407 4409 4400
f 4428 4429 4423
f 4428 4430 4429
f 4431 4432 4433
f 4409 4428 4423
f 4431 4434 4432
f 4431 4435 4436
f 4437 4431 4430
f 4431 4438 4439
f 4436 4434 4431
f 4428 4437 4430
f 4440 4441 4442
f 4431 4443 4438
f 4437 4435 4431
f 4440 4444 4441
f 4433 4443 4431
f 4442 4445 4440
f 4442 4431 4445
f 4440 4445 4446
f 4440 4447 4444
f 4440 4448 4449
f 4439 4445 4431
f 4449 4450 4440
f 4440 4451 4452
f 4440 4453 4454
f 4450 4447 4440
f 4454 4451 4440
f 4452 4448 4440
f 4446 4455 4440
f 4455 4456 4440
f 4457 4458 4459
f 4460 4459 4461
f 4462 4461 4463
f 4464 4463 4465
f 4466 4465 4467
f 4468 4467 4469
f 4470 4469 4471
f 4472 4471 4473
f 4474 4473 4475
f 4476 4475 4477
f 4478 4477 4479
f 4480 4479 4481
f 4482 4481 4483
f 4484 4483 4485
f 4485 4486 4484
f 4483 4484 4482
f 4481 4482 4480
f 4479 4480 4478
f 4477 4478 4476
f 4475 4476 4474
f 4473 4474 4472
f 4471 4472 4470
f 4469 4470 4468
f 4467 4468 4466
f 4465 4466 4464
f 4463 4464 4462
f 4461 4462 4460
f 4459 4460 4457
f 4487 4488 4489
f 4490 4487 4491
f 4492 4490 4493
f 4494 4492 4495
f 4496 4494 4497
f 4498 4496 4499
f 4500 4498 4501
f 4502 4500 4503
f 4504 4502 4505
f 4506 4504 4507
f 4508 4506 4509
f 4510 4508 4511
f 4512 4510 4513
f 4514 4512 4515
f 4516 4514 4517
f 4518 4516 4519
f 4520 4518 4521
f 4522 4520 4523
f 4524 4522 4525
f 4526 4524 4527
f 4528 4526 4529
f 4530 4528 4531
f 4532 4530 4533
f 4534 4532 4535
f 4536 4534 4537
f 4538 4536 4539
f 4540 4538 4541
f 4541 4542 4540
f 4539 4541 4538
f 4537 4539 4536
f 4535 4537 4534
f 4533 4535 4532
f 4531 4533 4530
f 4529 4531 4528
f 4527 4529 4526
f 4525 4527 4524
f 4523 4525 4522
f 4521 4523 4520
f 4519 4521 4518
f 4517 4519 4516
f 4515 4517 4514
f 4513 4515 4512
f 4511 4513 4510
f 4509 4511 4508
f 4507 4509 4506
f 4505 4507 4504
f 4503 4505 4502
f 4501 4503 4500
f 4499 4501 4498
f 4497 4499 4496
f 4495 4497 4494
f 4493 4495 4492
f 4491 4493 4490
f 4489 4491 4487
f 4543 4544 4545
f 4545 4546 4543
f 4547 4548 4549
f 4547 4543 4550
f 4543 4551 4552
f 4543 4547 4544
f 4550 4548 4547
f 4543 4553 4554
f 4552 4555 4543
f 4549 4556 4547
f 4543 4557 4553
f 4546 4551 4543
f 4543 4558 4559
f 4555 4557 4543
f 4554 4558 4543
f 4560 4561 4543
f 4562 4563 4564
f 4560 4565 4561
f 4560 4566 4567
f 4564 4568 4562
f 4560 4569 4565
f 4567 4570 4560
f 4571 4572 4573
f 4562 4574 4575
f 4562 4576 4577
f 4578 4564 4572
f 4564 4578 4568
f 4560 4579 4569
f 4570 4580 4560
f 4581 4582 4566
f 4583 4584 4582
f 4585 4573 4584
f 4573 4586 4571
f 4562 4587 4574
f 4562 4588 4589
f 4562 4590 4576
f 4568 4590 4562
f 4580 4579 4560
f 4566 4591 4581
f 4582 4592 4583
f 4584 4593 4585
f 4571 4594 4572
f 4589 4587 4562
f 4572 4594 4578
f 4566 4560 4591
f 4584 4583 4593
f 4573 4595 4586
f 4562 4596 4597
f 4577 4588 4562
f 4582 4581 4592
f 4573 4598 4595
f 4575 4596 4562
f 4573 4585 4598
f 4559 4560 4543
f 4597 4599 4562
f 4600 4601 4602
f 4602 4603 4600
f 4604 4605 4606
f 4607 4606 4608
f 4609 4608 4610
f 4611 4610 4612
f 4613 4612 4614
f 4615 4614 4616
f 4617 4616 4618
f 4619 4618 4620
f 4621 4620 4622
f 4623 4622 4624
f 4625 4624 4626
f 4627 4626 4628
f 4629 4628 4630
f 4631 4630 4632
f 4632 4633 4631
f 4630 4631 4629
f 4628 4629 4627
f 4626 4627 4625
f 4624 4625 4623
f 4622 4623 4621
f 4620 4621 4619
f 4618 4619 4617
f 4616 4617 4615
f 4614 4615 4613
f 4612 4613 4611
f 4610 4611 4609
f 4608 4609 4607
f 4606 4607 4604
f 4634 4635 4636
f 4637 4638 4639
f 4637 4640 4641
f 4634 4642 4635
f 4641 4638 4637
f 4636 4643 4634
f 4634 4644 4645
f 4643 4637 4634
f 4634 4646 4644
f 4634 4647 4648
f 4645 4642 4634
f 4648 4649 4634
f 4634 4650 4651
f 4634 4652 4653
f 4634 4654 4655
f 4649 4646 4634
f 4653 4650 4634
f 4655 4656 4634
f 4651 4647 4634
f 4634 4657 4658
f 4634 4659 4660
f 4634 4661 4654
f 4658 4652 4634
f 4656 4659 4634
f 4660 4657 4634
f 4634 4662 4661
f 4639 4634 4637
f 4634 4663 4662
f 4662 4664 4665
f 4662 4666 4667
f 4662 4668 4669
f 4663 4670 4662
f 4665 4671 4662
f 4669 4666 4662
f 4670 4672 4662
f 4664 4673 4665
f 4665 4674 4675
f 4665 4676 4677
f 4665 4678 4679
f 4672 4668 4662
f 4675 4671 4665
f 4677 4680 4665
f 4665 4681 4682
f 4679 4683 4665
f 4662 4684 4685
f 4667 4686 4662
f 4680 4674 4665
f 4683 4681 4665
f 4686 4684 4662
f 4682 4676 4665
f 4665 4687 4688
f 4685 4689 4662
f 4688 4678 4665
f 4673 4690 4665
f 4689 4664 4662
f 4691 4692 4693
f 4694 4693 4695
f 4696 4695 4697
f 4698 4697 4699
f 4700 4699 4701
f 4702 4701 4703
f 4704 4703 4705
f 4706 4705 4707
f 4708 4707 4709
f 4710 4709 4711
f 4712 4711 4713
f 4714 4713 4715
f 4716 4715 4717
f 4718 4717 4719
f 4719 4720 4718
f 4717 4718 4716
f 4715 4716 4714
f 4713 4714 4712
f 4711 4712 4710
f 4709 4710 4708
f 4707 4708 4706
f 4705 4706 4704
f 4703 4704 4702
f 4701 4702 4700
f 4699 4700 4698
f 4697 4698 4696
f 4695 4696 4694
f 4693 4694 4691
f 4721 4722 4723
f 4724 4721 4725
f 4726 4724 4727
f 4728 4726 4729
f 4730 4728 4731
f 4732 4730 4733
f 4734 4732 4735
f 4736 4734 4737
f 4738 4736 4739
f 4740 4738 4741
f 4742 4740 4743
f 4744 4742 4745
f 4746 4744 4747
f 4748 4746 4749
f 4750 4748 4751
f 4752 4750 4753
f 4754 4752 4755
f 4756 4754 4757
f 4758 4756 4759
f 4760 4758 4761
f 4762 4760 4763
f 4764 4762 4765
f 4766 4764 4767
f 4768 4766 4769
f 4770 4768 4771
f 4772 4770 4773
f 4774 4772 4775
f 4775 4776 4774
f 4773 4775 4772
f 4771 4773 4770
f 4769 4771 4768
f 4767 4769 4766
f 4765 4767 4764
f 4763 4765 4762
f 4761 4763 4760
f 4759 4761 4758
f 4757 4759 4756
f 4755 4757 4754
f 4753 4755 4752
f 4751 4753 4750
f 4749 4751 4748
f 4747 4749 4746
f 4745 4747 4744
f 4743 4745 4742
f 4741 4743 4740
f 4739 4741 4738
f 4737 4739 4736
f 4735 4737 4734
f 4733 4735 4732
f 4731 4733 4730
f 4729 4731 4728
f 4727 4729 4726
f 4725 4727 4724
f 4723 4725 4721
f 4777 4778 4779
f 4777 4780 4781
f 4777 4782 4783
f 4777 4784 4785
f 4781 4778 4777
f 4777 4786 4787
f 4777 4788 4789
f 4783 4790 4777
f 4779 4784 4777
f 4777 4791 4792
f 4789 4786 4777
f 4785 4782 4777
f 4777 4793 4794
f 4777 4795 4791
f 4790 4788 4777
f 4796 4797 4798
f 4777 4799 4800
f 4794 4801 4777
f 4787 4795 4777
f 4802 4803 4804
f 4798 4805 4796
f 4796 4806 4807
f 4800 4808 4777
f 4792 4793 4777
f 4802 4809 4803
f 4802 4810 4811
f 4807 4797 4796
f 4796 4812 4813
f 4801 4799 4777
f 4804 4814 4802
f 4802 4815 4810
f 4813 4806 4796
f 4796 4816 4817
f 4802 4818 4777
f 4802 4819 4820
f 4811 4809 4802
f 4821 4822 4815
f 4796 4823 4822
f 4805 4824 4796
f 4817 4825 4796
f 4802 4826 4818
f 4814 4819 4802
f 4815 4827 4821
f 4796 4828 4823
f 4825 4812 4796
f 4820 4826 4802
f 4815 4829 4827
f 4822 4830 4796
f 4796 4830 4816
f 4815 4802 4829
f 4822 4831 4830
f 4824 4832 4796
f 4822 4821 4831
f 4808 4802 4777
f 4832 4833 4796
f 4834 4835 4836
f 4836 4837 4834
f 4838 4839 4840
f 4841 4840 4842
f 4843 4842 4844
f 4845 4844 4846
f 4847 4846 4848
f 4849 4848 4850
f 4851 4850 4852
f 4853 4852 4854
f 4855 4854 4856
f 4857 4856 4858
f 4859 4858 4860
f 4861 4860 4862
f 4863 4862 4864
f 4865 4864 4866
f 4866 4867 4865
f 4864 4865 4863
f 4862 4863 4861
f 4860 4861 4859
f 4858 4859 4857
f 4856 4857 4855
f 4854 4855 4853
f 4852 4853 4851
f 4850 4851 4849
f 4848 4849 4847
f 4846 4847 4845
f 4844 4845 4843
f 4842 4843 4841
f 4840 4841 4838
f 4868 4869 4870
f 4868 4871 4872
f 4872 4869 4868
f 4868 4873 4874
f 4868 4875 4876
f 4874 4871 4868
f 4868 4877 4875
f 4868 4878 4879
f 4868 4880 4881
f 4876 4873 4868
f 4881 4878 4868
f 4868 4882 4883
f 4879 4877 4868
f 4883 4884 4868
f 4868 4885 4886
f 4884 4880 4868
f 4868 4887 4885
f 4868 4888 4889
f 4868 4890 4891
f 4892 4893 4894
f 4886 4882 4868
f 4891 4888 4868
f 4868 4895 4896
f 4892 4897 4893
f 4892 4898 4899
f 4889 4887 4868
f 4896 4900 4868
f 4899 4897 4892
f 4900 4890 4868
f 4892 4901 4898
f 4868 4902 4892
f 4868 4903 4895
f 4892 4904 4905
f 4892 4906 4907
f 4894 4908 4892
f 4892 4909 4910
f 4870 4911 4868
f 4892 4912 4913
f 4907 4904 4892
f 4892 4914 4915
f 4910 4901 4892
f 4892 4903 4868
f 4892 4916 4917
f 4905 4912 4892
f 4915 4918 4892
f 4892 4919 4920
f 4902 4909 4892
f 4892 4921 4916
f 4918 4906 4892
f 4908 4919 4892
f 4913 4921 4892
f 4920 4922 4892
f 4917 4923 4892
f 4923 4903 4892
f 4922 4924 4892
f 4925 4926 4927
f 4928 4927 4929
f 4930 4929 4931
f 4932 4931 4933
f 4934 4933 4935
f 4936 4935 4937
f 4938 4937 4939
f 4940 4939 4941
f 4942 4941 4943
f 4944 4943 4945
f 4946 4945 4947
f 4948 4947 4949
f 4950 4949 4951
f 4952 4951 4953
f 4953 4954 4952
f 4951 4952 4950
f 4949 4950 4948
f 4947 4948 4946
f 4945 4946 4944
f 4943 4944 4942
f 4941 4942 4940
f 4939 4940 4938
f 4937 4938 4936
f 4935 4936 4934
f 4933 4934 4932
f 4931 4932 4930
f 4929 4930 4928
f 4927 4928 4925
f 4955 4956 4957
f 4958 4955 4959
f 4960 4958 4961
f 4962 4960 4963
f 4964 4962 4965
f 4966 4964 4967
f 4968 4966 4969
f 4970 4968 4971
f 4972 4970 4973
f 4974 4972 4975
f 4976 4974 4977
f 4978 4976 4979
f 4980 4978 4981
f 4982 4980 4983
f 4984 4982 4985
f 4986 4984 4987
f 4988 4986 4989
f 4990 4988 4991
f 4992 4990 4993
f 4994 4992 4995
f 4996 4994 4997
f 4998 4996 4999
f 5000 4998 5001
f 5002 5000 5003
f 5004 5002 5005
f 5006 5004 5007
f 5008 5006 5009
f 5009 5010 5008
f 5007 5009 5006
f 5005 5007 5004
f 5003 5005 5002
f 5001 5003 5000
f 4999 5001 4998
f 4997 4999 4996
f 4995 4997 4994
f 4993 4995 4992
f 4991 4993 4990
f 4989 4991 4988
f 4987 4989 4986
f 4985 4987 4984
f 4983 4985 4982
f 4981 4983 4980
f 4979 4981 4978
f 4977 4979 4976
f 4975 4977 4974
f 4973 4975 4972
f 4971 4973 4970
f 4969 4971 4968
f 4967 4969 4966
f 4965 4967 4964
f 4963 4965 4962
f 4961 4963 4960
f 4959 4961 4958
f 4957 4959 4955
f 5011 5012 5013
f 5014 5015 5011
f 5014 5016 5017
f 5014 5018 5019
f 5014 5020 5021
f 5022 5023 5024
f 5017 5015 5014
f 5021 5018 5014
f 5024 5025 5022
f 5019 5016 5014
f 5025 5026 5022
f 5022 5027 5028
f 5029 5030 5031
f 5013 5014 5011
f 5028 5023 5022
f 5022 5032 5033
f 5022 5034 5035
f 5029 5036 5030
f 5036 5029 5020
f 5033 5027 5022
f 5035 5037 5022
f 5014 5036 5020
f 5037 5032 5022
f 5034 5022 5029
f 5031 5034 5029
f 5038 5039 5040
f 5041 5042 5022
f 5038 5043 5039
f 5038 5044 5045
f 5026 5041 5022
f 5042 5046 5038
f 5040 5047 5038
f 5038 5048 5044
f 5041 5049 5042
f 5047 5050 5038
f 5038 5051 5048
f 5038 5052 5053
f 5038 5054 5055
f 5049 5056 5042
f 5045 5043 5038
f 5055 5052 5038
f 5038 5057 5058
f 5038 5059 5060
f 5038 5061 5062
f 5038 5046 5063
f 5056 5064 5042
f 5053 5051 5038
f 5060 5057 5038
f 5038 5065 5066
f 5063 5061 5038
f 5038 5050 5042
f 5066 5059 5038
f 5064 5046 5042
f 5062 5065 5038
f 5058 5067 5038
f 5068 5069 5070
f 5070 5071 5068
f 5072 5073 5074
f 5075 5074 5076
f 5077 5076 5078
f 5079 5078 5080
f 5081 5080 5082
f 5083 5082 5084
f 5085 5084 5086
f 5087 5086 5088
f 5089 5088 5090
f 5091 5090 5092
f 5093 5092 5094
f 5095 5094 5096
f 5097 5096 5098
f 5099 5098 5100
f 5100 5101 5099
f 5098 5099 5097
f 5096 5097 5095
f 5094 5095 5093
f 5092 5093 5091
f 5090 5091 5089
f 5088 5089 5087
f 5086 5087 5085
f 5084 5085 5083
f 5082 5083 5081
f 5080 5081 5079
f 5078 5079 5077
f 5076 5077 5075
f 5074 5075 5072
f 5102 5103 5104
f 5103 5105 5106
f 5103 5107 5108
f 5103 5109 5110
f 5104 5111 5102
f 5108 5105 5103
f 5102 5109 5103
f 5112 5113 5114
f 5110 5107 5103
f 5112 5115 5113
f 5116 5117 5103
f 5118 5119 5120
f 5112 5121 5122
f 5112 5123 5115
f 5106 5116 5103
f 5120 5124 5118
f 5112 5125 5126
f 5112 5127 5128
f 5114 5121 5112
f 5124 5117 5118
f 5112 5129 5125
f 5122 5127 5112
f 5116 5118 5117
f 5128 5129 5112
f 5130 5131 5132
f 5126 5119 5112
f 5130 5133 5134
f 5132 5135 5130
f 5118 5112 5119
f 5134 5136 5130
f 5130 5137 5131
f 5138 5137 5130
f 5138 5139 5123
f 5130 5140 5141
f 5130 5142 5143
f 5136 5144 5130
f 5130 5145 5138
f 5138 5146 5139
f 5143 5140 5130
f 5135 5133 5130
f 5138 5147 5146
f 5130 5148 5149
f 5144 5142 5130
f 5138 5145 5147
f 5130 5150 5151
f 5130 5152 5153
f 5149 5154 5130
f 5112 5138 5123
f 5153 5150 5130
f 5130 5155 5156
f 5154 5157 5130
f 5151 5145 5130
f 5157 5155 5130
f 5156 5152 5130
f 5141 5158 5130
f 5159 5160 5161
f 5162 5161 5163
f 5164 5163 5165
f 5166 5165 5167
f 5168 5167 5169
f 5170 5169 5171
f 5172 5171 5173
f 5174 5173 5175
f 5176 5175 5177
f 5178 5177 5179
f 5180 5179 5181
f 5182 5181 5183
f 5184 5183 5185
f 5186 5185 5187
f 5187 5188 5186
f 5185 5186 5184
f 5183 5184 5182
f 5181 5182 5180
f 5179 5180 5178
f 5177 5178 5176
f 5175 5176 5174
f 5173 5174 5172
f 5171 5172 5170
f 5169 5170 5168
f 5167 5168 5166
f 5165 5166 5164
f 5163 5164 5162
f 5161 5162 5159
f 5189 5190 5191
f 5192 5189 5193
f 5194 5192 5195
f 5196 5194 5197
f 5198 5196 5199
f 5200 5198 5201
f 5202 5200 5203
f 5204 5202 5205
f 5206 5204 5207
f 5208 5206 5209
f 5210 5208 5211
f 5212 5210 5213
f 5214 5212 5215
f 5216 5214 5217
f 5218 5216 5219
f 5220 5218 5221
f 5222 5220 5223
f 5224 5222 5225
f 5226 5224 5227
f 5228 5226 5229
f 5230 5228 5231
f 5232 5230 5233
f 5234 5232 5235
f 5236 5234 5237
f 5238 5236 5239
f 5240 5238 5241
f 5242 5240 5243
f 5243 5244 5242
f 5241 5243 5240
f 5239 5241 5238
f 5237 5239 5236
f 5235 5237 5234
f 5233 5235 5232
f 5231 5233 5230
f 5229 5231 5228
f 5227 5229 5226
f 5225 5227 5224
f 5223 5225 5222
f 5221 5223 5220
f 5219 5221 5218
f 5217 5219 5216
f 5215 5217 5214
f 5213 5215 5212
f 5211 5213 5210
f 5209 5211 5208
f 5207 5209 5206
f 5205 5207 5204
f 5203 5205 5202
f 5201 5203 5200
f 5199 5201 5198
f 5197 5199 5196
f 5195 5197 5194
f 5193 5195 5192
f 5191 5193 5189
f 5245 5246 5247
f 5248 5249 5250
f 5247 5251 5245
f 5245 5252 5253
f 5251 5248 5245
f 5253 5254 5245
f 5252 5255 5256
f 5252 5257 5258
f 5252 5245 5259
f 5254 5246 5245
f 5252 5260 5261
f 5258 5255 5252
f 5250 5245 5248
f 5252 5262 5260
f 5252 5263 5264
f 5252 5265 5266
f 5252 5267 5268
f 5259 5257 5252
f 5264 5262 5252
f 5252 5269 5265
f 5268 5270 5252
f 5256 5271 5252
f 5272 5273 5274
f 5266 5263 5252
f 5271 5267 5252
f 5275 5276 5277
f 5275 5278 5279
f 5275 5280 5281
f 5275 5272 5282
f 5272 5283 5273
f 5272 5284 5285
f 5272 5286 5287
f 5272 5288 5289
f 5272 5275 5290
f 5270 5269 5252
f 5279 5276 5275
f 5282 5280 5275
f 5272 5291 5283
f 5285 5292 5272
f 5289 5286 5272
f 5272 5293 5294
f 5290 5295 5272
f 5261 5296 5252
f 5275 5297 5278
f 5274 5282 5272
f 5287 5284 5272
f 5295 5293 5272
f 5275 5298 5252
f 5281 5297 5275
f 5294 5288 5272
f 5277 5298 5275
f 5292 5299 5272
f 5272 5300 5291
f 5296 5275 5252
f 5299 5301 5272
f 5302 5303 5304
f 5305 5306 5307
f 5307 5304 5305
f 5304 5307 5302
f 5308 5309 5310
f 5311 5310 5312
f 5313 5312 5314
f 5315 5314 5316
f 5317 5316 5318
f 5319 5318 5320
f 5321 5320 5322
f 5323 5322 5324
f 5325 5324 5326
f 5327 5326 5328
f 5329 5328 5330
f 5331 5330 5332
f 5333 5332 5334
f 5335 5334 5336
f 5336 5337 5335
f 5334 5335 5333
f 5332 5333 5331
f 5330 5331 5329
f 5328 5329 5327
f 5326 5327 5325
f 5324 5325 5323
f 5322 5323 5321
f 5320 5321 5319
f 5318 5319 5317
f 5316 5317 5315
f 5314 5315 5313
f 5312 5313 5311
f 5310 5311 5308
f 5338 5339 5340
f 5338 5341 5342
f 5338 5343 5339
f 5343 5338 5344
f 5338 5345 5341
f 5344 5346 5343
f 5340 5345 5338
f 5347 5348 5349
f 5347 5350 5351
f 5347 5352 5353
f 5349 5338 5347
f 5353 5350 5347
f 5347 5354 5355
f 5351 5348 5347
f 5347 5356 5357
f 5347 5358 5359
f 5347 5360 5361
f 5355 5362 5347
f 5363 5364 5365
f 5347 5366 5352
f 5347 5367 5356
f 5359 5368 5347
f 5362 5360 5347
f 5363 5369 5370
f 5365 5371 5363
f 5372 5373 5364
f 5372 5374 5375
f 5372 5376 5377
f 5372 5378 5379
f 5357 5366 5347
f 5361 5358 5347
f 5371 5369 5363
f 5375 5373 5372
f 5379 5376 5372
f 5368 5367 5347
f 5363 5380 5381
f 5363 5382 5383
f 5363 5384 5385
f 5363 5386 5387
f 5363 5388 5389
f 5364 5363 5372
f 5377 5390 5372
f 5347 5372 5354
f 5363 5391 5380
f 5363 5392 5393
f 5385 5382 5363
f 5389 5386 5363
f 5390 5374 5372
f 5342 5347 5338
f 5393 5391 5363
f 5387 5384 5363
f 5347 5378 5372
f 5383 5392 5363
f 5381 5372 5363
f 5370 5394 5363
f 5395 5396 5397
f 5398 5397 5399
f 5400 5399 5401
f 5402 5401 5403
f 5404 5403 5405
f 5406 5405 5407
f 5408 5407 5409
f 5410 5409 5411
f 5412 5411 5413
f 5414 5413 5415
f 5416 5415 5417
f 5418 5417 5419
f 5420 5419 5421
f 5422 5421 5423
f 5423 5424 5422
f 5421 5422 5420
f 5419 5420 5418
f 5417 5418 5416
f 5415 5416 5414
f 5413 5414 5412
f 5411 5412 5410
f 5409 5410 5408
f 5407 5408 5406
f 5405 5406 5404
f 5403 5404 5402
f 5401 5402 5400
f 5399 5400 5398
f 5397 5398 5395
f 5425 5426 5427
f 5428 5425 5429
f 5430 5428 5431
f 5432 5430 5433
f 5434 5432 5435
f 5436 5434 5437
f 5438 5436 5439
f 5440 5438 5441
f 5442 5440 5443
f 5444 5442 5445
f 5446 5444 5447
f 5448 5446 5449
f 5450 5448 5451
f 5452 5450 5453
f 5454 5452 5455
f 5456 5454 5457
f 5458 5456 5459
f 5460 5458 5461
f 5462 5460 5463
f 5464 5462 5465
f 5466 5464 5467
f 5468 5466 5469
f 5470 5468 5471
f 5472 5470 5473
f 5474 5472 5475
f 5476 5474 5477
f 5478 5476 5479
f 5479 5480 5478
f 5477 5479 5476
f 5475 5477 5474
f 5473 5475 5472
f 5471 5473 5470
f 5469 5471 5468
f 5467 5469 5466
f 5465 5467 5464
f 5463 5465 5462
f 5461 5463 5460
f 5459 5461 5458
f 5457 5459 5456
f 5455 5457 5454
f 5453 5455 5452
f 5451 5453 5450
f 5449 5451 5448
f 5447 5449 5446
f 5445 5447 5444
f 5443 5445 5442
f 5441 5443 5440
f 5439 5441 5438
f 5437 5439 5436
f 5435 5437 5434
f 5433 5435 5432
f 5431 5433 5430
f 5429 5431 5428
f 5427 5429 5425
f 5481 5482 5483
f 5481 5484 5482
f 5484 5485 5486
f 5484 5487 5488
f 5481 5489 5490
f 5481 5491 5492
f 5483 5493 5481
f 5484 5494 5485
f 5484 5481 5487
f 5492 5489 5481
f 5493 5495 5481
f 5484 5496 5497
f 5488 5494 5484
f 5495 5491 5481
f 5484 5498 5496
f 5490 5499 5481
f 5484 5500 5501
f 5486 5498 5484
f 5502 5503 5504
f 5505 5506 5507
f 5497 5500 5484
f 5508 5509 5510
f 5504 5511 5502
f 5507 5512 5505
f 5508 5513 5484
f 5508 5514 5509
f 5508 5515 5516
f 5502 5517 5503
f 5505 5518 5519
f 5505 5520 5521
f 5505 5522 5523
f 5505 5512 5524
f 5507 5525 5526
f 5508 5527 5513
f 5510 5528 5508
f 5516 5529 5508
f 5530 5504 5515
f 5504 5531 5511
f 5521 5518 5505
f 5523 5532 5505
f 5507 5526 5512
f 5525 5507 5503
f 5508 5533 5527
f 5529 5514 5508
f 5515 5534 5530
f 5504 5535 5531
f 5532 5520 5505
f 5503 5517 5525
f 5528 5533 5508
f 5504 5530 5535
f 5524 5522 5505
f 5515 5508 5534
f 5501 5508 5484
f 5519 5536 5505
f 5536 5537 5505
f 5538 5539 5540
f 5540 5541 5538
f 5542 5543 5544
f 5545 5544 5546
f 5547 5546 5548
f 5549 5548 5550
f 5551 5550 5552
f 5553 5552 5554
f 5555 5554 5556
f 5557 5556 5558
f 5559 5558 5560
f 5561 5560 5562
f 5563 5562 5564
f 5565 5564 5566
f 5567 5566 5568
f 5569 5568 5570
f 5570 5571 5569
f 5568 5569 5567
f 5566 5567 5565
f 5564 5565 5563
f 5562 5563 5561
f 5560 5561 5559
f 5558 5559 5557
f 5556 5557 5555
f 5554 5555 5553
f 5552 5553 5551
f 5550 5551 5549
f 5548 5549 5547
f 5546 5547 5545
f 5544 5545 5542
f 5572 5573 5574
f 5574 5575 5572
f 5572 5576 5573
f 5572 5577 5578
f 5572 5579 5580
f 5581 5582 5583
f 5581 5584 5585
f 5572 5586 5576
f 5580 5577 5572
f 5583 5587 5581
f 5585 5588 5581
f 5578 5586 5572
f 5588 5582 5581
f 5581 5589 5590
f 5587 5572 5581
f 5590 5591 5581
f 5591 5584 5581
f 5581 5592 5593
f 5593 5589 5581
f 5581 5594 5595
f 5595 5592 5581
f 5581 5596 5597
f 5597 5594 5581
f 5581 5598 5599
f 5600 5601 5602
f 5600 5603 5604
f 5599 5596 5581
f 5604 5601 5600
f 5581 5600 5598
f 5605 5606 5607
f 5607 5608 5609
f 5600 5610 5611
f 5600 5612 5603
f 5575 5581 5572
f 5607 5613 5605
f 5607 5614 5615
f 5607 5616 5617
f 5607 5618 5608
f 5607 5619 5620
f 5600 5621 5622
f 5602 5610 5600
f 5581 5623 5600
f 5624 5600 5625
f 5615 5613 5607
f 5607 5626 5616
f 5620 5618 5607
f 5611 5621 5600
f 5623 5627 5600
f 5605 5624 5606
f 5609 5626 5607
f 5627 5612 5600
f 5617 5614 5607
f 5625 5606 5624
f 5622 5625 5600
f 5606 5628 5607
f 5629 5630 5631
f 5632 5631 5633
f 5634 5633 5635
f 5636 5635 5637
f 5638 5637 5639
f 5640 5639 5641
f 5642 5641 5643
f 5644 5643 5645
f 5646 5645 5647
f 5648 5647 5649
f 5650 5649 5651
f 5652 5651 5653
f 5654 5653 5655
f 5656 5655 5657
f 5657 5658 5656
f 5655 5656 5654
f 5653 5654 5652
f 5651 5652 5650
f 5649 5650 5648
f 5647 5648 5646
f 5645 5646 5644
f 5643 5644 5642
f 5641 5642 5640
f 5639 5640 5638
f 5637 5638 5636
f 5635 5636 5634
f 5633 5634 5632
f 5631 5632 5629
f 5659 5660 5661
f 5662 5659 5663
f 5664 5662 5665
f 5666 5664 5667
f 5668 5666 5669
f 5670 5668 5671
f 5672 5670 5673
f 5674 5672 5675
f 5676 5674 5677
f 5678 5676 5679
f 5680 5678 5681
f 5682 5680 5683
f 5684 5682 5685
f 5686 5684 5687
f 5688 5686 5689
f 5690 5688 5691
f 5692 5690 5693
f 5694 5692 5695
f 5696 5694 5697
f 5698 5696 5699
f 5700 5698 5701
f 5702 5700 5703
f 5704 5702 5705
f 5706 5704 5707
f 5708 5706 5709
f 5710 5708 5711
f 5712 5710 5713
f 5713 5714 5712
f 5711 5713 5710
f 5709 5711 5708
f 5707 5709 5706
f 5705 5707 5704
f 5703 5705 5702
f 5701 5703 5700
f 5699 5701 5698
f 5697 5699 5696
f 5695 5697 5694
f 5693 5695 5692
f 5691 5693 5690
f 5689 5691 5688
f 5687 5689 5686
f 5685 5687 5684
f 5683 5685 5682
f 5681 5683 5680
f 5679 5681 5678
f 5677 5679 5676
f 5675 5677 5674
f 5673 5675 5672
f 5671 5673 5670
f 5669 5671 5668
f 5667 5669 5666
f 5665 5667 5664
f 5663 5665 5662
f 5661 5663 5659
f 5715 5716 5717
f 5716 5718 5719
f 5716 5715 5720
f 5721 5722 5723
f 5722 5721 5724
f 5717 5725 5715
f 5716 5726 5727
f 5720 5718 5716
f 5724 5728 5722
f 5725 5729 5715
f 5730 5731 5732
f 5719 5726 5716
f 5729 5721 5715
f 5732 5733 5730
f 5734 5735 5736
f 5734 5737 5738
f 5723 5715 5721
f 5730 5734 5731
f 5734 5739 5740
f 5736 5741 5734
f 5734 5730 5737
f 5733 5716 5730
f 5742 5743 5744
f 5742 5745 5746
f 5742 5747 5748
f 5741 5739 5734
f 5727 5730 5716
f 5744 5749 5742
f 5746 5750 5742
f 5742 5751 5747
f 5738 5735 5734
f 5742 5752 5753
f 5742 5754 5755
f 5742 5756 5757
f 5749 5758 5742
f 5742 5759 5760
f 5748 5745 5742
f 5742 5761 5762
f 5763 5764 5742
f 5763 5765 5734
f 5755 5752 5742
f 5758 5756 5742
f 5750 5759 5742
f 5742 5766 5761
f 5742 5764 5767
f 5740 5763 5734
f 5742 5768 5769
f 5757 5754 5742
f 5762 5751 5742
f 5742 5765 5763
f 5753 5768 5742
f 5767 5766 5742
f 5769 5770 5742
f 5770 5765 5742
f 5760 5771 5742
f 5772 5773 5774
f 5774 5775 5772
f 5776 5777 5778
f 5779 5778 5780
f 5781 5780 5782
f 5783 5782 5784
f 5785 5784 5786
f 5787 5786 5788
f 5789 5788 5790
f 5791 5790 5792
f 5793 5792 5794
f 5795 5794 5796
f 5797 5796 5798
f 5799 5798 5800
f 5801 5800 5802
f 5803 5802 5804
f 5804 5805 5803
f 5802 5803 5801
f 5800 5801 5799
f 5798 5799 5797
f 5796 5797 5795
f 5794 5795 5793
f 5792 5793 5791
f 5790 5791 5789
f 5788 5789 5787
f 5786 5787 5785
f 5784 5785 5783
f 5782 5783 5781
f 5780 5781 5779
f 5778 5779 5776
f 5806 5807 5808
f 5806 5809 5807
f 5810 5811 5812
f 5813 5806 5814
f 5815 5816 5817
f 5815 5818 5819
f 5820 5821 5822
f 5806 5813 5809
f 5814 5810 5813
f 5819 5816 5815
f 5815 5820 5823
f 5820 5815 5821
f 5812 5813 5810
f 5823 5818 5815
f 5822 5824 5820
f 5817 5806 5815
f 5825 5826 5827
f 5825 5828 5829
f 5808 5815 5806
f 5827 5830 5825
f 5825 5831 5828
f 5825 5832 5833
f 5834 5835 5836
f 5834 5837 5838
f 5830 5820 5825
f 5833 5831 5825
f 5834 5839 5840
f 5834 5841 5842
f 5838 5835 5834
f 5834 5843 5844
f 5834 5845 5846
f 5834 5847 5848
f 5829 5826 5825
f 5840 5849 5834
f 5834 5850 5841
f 5844 5837 5834
f 5848 5845 5834
f 5824 5825 5820
f 5832 5851 5834
f 5834 5852 5853
f 5842 5839 5834
f 5834 5854 5855
f 5846 5843 5834
f 5834 5856 5857
f 5834 5858 5832
f 5834 5859 5860
f 5853 5861 5834
f 5855 5850 5834
f 5857 5847 5834
f 5860 5858 5834
f 5849 5852 5834
f 5834 5851 5856
f 5861 5859 5834
f 5825 5851 5832
f 5836 5862 5834
f 5863 5864 5865
f 5866 5865 5867
f 5868 5867 5869
f 5870 5869 5871
f 5872 5871 5873
f 5874 5873 5875
f 5876 5875 5877
f 5878 5877 5879
f 5880 5879 5881
f 5882 5881 5883
f 5884 5883 5885
f 5886 5885 5887
f 5888 5887 5889
f 5890 5889 5891
f 5891 5892 5890
f 5889 5890 5888
f 5887 5888 5886
f 5885 5886 5884
f 5883 5884 5882
f 5881 5882 5880
f 5879 5880 5878
f 5877 5878 5876
f 5875 5876 5874
f 5873 5874 5872
f 5871 5872 5870
f 5869 5870 5868
f 5867 5868 5866
f 5865 5866 5863
f 5893 5894 5895
f 5896 5893 5897
f 5898 5896 5899
f 5900 5898 5901
f 5902 5900 5903
f 5904 5902 5905
f 5906 5904 5907
f 5908 5906 5909
f 5910 5908 5911
f 5912 5910 5913
f 5914 5912 5915
f 5916 5914 5917
f 5918 5916 5919
f 5920 5918 5921
f 5922 5920 5923
f 5924 5922 5925
f 5926 5924 5927
f 5928 5926 5929
f 5930 5928 5931
f 5932 5930 5933
f 5934 5932 5935
f 5936 5934 5937
f 5938 5936 5939
f 5940 5938 5941
f 5942 5940 5943
f 5944 5942 5945
f 5946 5944 5947
f 5947 5948 5946
f 5945 5947 5944
f 5943 5945 5942
f 5941 5943 5940
f 5939 5941 5938
f 5937 5939 5936
f 5935 5937 5934
f 5933 5935 5932
f 5931 5933 5930
f 5929 5931 5928
f 5927 5929 5926
f 5925 5927 5924
f 5923 5925 5922
f 5921 5923 5920
f 5919 5921 5918
f 5917 5919 5916
f 5915 5917 5914
f 5913 5915 5912
f 5911 5913 5910
f 5909 5911 5908
f 5907 5909 5906
f 5905 5907 5904
f 5903 5905 5902
f 5901 5903 5900
f 5899 5901 5898
f 5897 5899 5896
f 5895 5897 5893
f 5949 5950 5951
f 5949 5952 5953
f 5949 5954 5955
f 5949 5956 5957
f 5953 5950 5949
f 5957 5954 5949
f 5949 5958 5959
f 5955 5952 5949
f 5949 5960 5961
f 5949 5962 5958
f 5949 5963 5964
f 5949 5965 5966
f 5961 5956 5949
f 5964 5962 5949
f 5966 5967 5949
f 5959 5960 5949
f 5967 5968 5949
f 5965 5949 5969
f 5968 5963 5949
f 5970 5971 5972
f 5970 5973 5974
f 5965 5975 5976
f 5965 5977 5978
f 5951 5979 5949
f 5972 5980 5970
f 5970 5981 5982
f 5970 5983 5973
f 5970 5984 5985
f 5976 5986 5965
f 5969 5977 5965
f 5970 5987 5971
f 5982 5988 5970
f 5970 5989 5990
f 5974 5991 5970
f 5970 5992 5984
f 5970 5993 5994
f 5978 5975 5965
f 5988 5987 5970
f 5990 5995 5970
f 5970 5996 5997
f 5991 5998 5970
f 5994 5992 5970
f 5970 5999 6000
f 5986 6001 5965
f 5965 5999 5970
f 5995 5981 5970
f 5997 6002 5970
f 5985 5983 5970
f 6000 6003 5970
f 5970 6004 5965
f 6002 5989 5970
f 6003 5993 5970
f 5980 6004 5970
f 6001 5999 5965
f 5998 6005 5970
f 6006 6007 6008
f 6008 6009 6006
f 6010 6011 6012
f 6013 6012 6014
f 6015 6014 6016
f 6017 6016 6018
f 6019 6018 6020
f 6021 6020 6022
f 6023 6022 6024
f 6025 6024 6026
f 6027 6026 6028
f 6029 6028 6030
f 6031 6030 6032
f 6033 6032 6034
f 6035 6034 6036
f 6037 6036 6038
f 6038 6039 6037
f 6036 6037 6035
f 6034 6035 6033
f 6032 6033 6031
f 6030 6031 6029
f 6028 6029 6027
f 6026 6027 6025
f 6024 6025 6023
f 6022 6023 6021
f 6020 6021 6019
f 6018 6019 6017
f 6016 6017 6015
f 6014 6015 6013
f 6012 6013 6010
f 6040 6041 6042
f 6040 6043 6044
f 6040 6045 6046
f 6040 6047 6048
f 6040 6049 6050
f 6044 6041 6040
f 6048 6045 6040
f 6040 6051 6052
f 6040 6053 6054
f 6050 6055 6040
f 6040 6056 6057
f 6046 6043 6040
f 6040 6058 6051
f 6055 6053 6040
f 6042 6056 6040
f 6040 6059 6058
f 6057 6049 6040
f 6060 6061 6062
f 6054 6059 6040
f 6063 6064 6065
f 6060 6066 6067
f 6060 6068 6061
f 6065 6040 6063
f 6063 6069 6070
f 6063 6071 6072
f 6060 6073 6074
f 6060 6075 6066
f 6062 6076 6060
f 6070 6064 6063
f 6063 6077 6071
f 6060 6078 6079
f 6060 6080 6081
f 6060 6082 6083
f 6060 6084 6073
f 6076 6075 6060
f 6072 6069 6063
f 6060 6085 6086
f 6079 6087 6060
f 6060 6088 6089
f 6081 6090 6060
f 6060 6091 6082
f 6067 6084 6060
f 6063 6068 6060
f 6063 6092 6077
f 6060 6093 6094
f 6087 6085 6060
f 6090 6088 6060
f 6074 6091 6060
f 6052 6063 6040
f 6060 6095 6093
f 6089 6078 6060
f 6060 6092 6063
f 6086 6095 6060
f 6094 6092 6060
f 6083 6096 6060
f 6097 6098 6099
f 6100 6099 6101
f 6102 6101 6103
f 6104 6103 6105
f 6106 6105 6107
f 6108 6107 6109
f 6110 6109 6111
f 6112 6111 6113
f 6114 6113 6115
f 6116 6115 6117
f 6118 6117 6119
f 6120 6119 6121
f 6122 6121 6123
f 6124 6123 6125
f 6125 6126 6124
f 6123 6124 6122
f 6121 6122 6120
f 6119 6120 6118
f 6117 6118 6116
f 6115 6116 6114
f 6113 6114 6112
f 6111 6112 6110
f 6109 6110 6108
f 6107 6108 6106
f 6105 6106 6104
f 6103 6104 6102
f 6101 6102 6100
f 6099 6100 6097
f 6127 6128 6129
f 6130 6127 6131
f 6132 6130 6133
f 6134 6132 6135
f 6136 6134 6137
f 6138 6136 6139
f 6140 6138 6141
f 6142 6140 6143
f 6144 6142 6145
f 6146 6144 6147
f 6148 6146 6149
f 6150 6148 6151
f 6152 6150 6153
f 6154 6152 6155
f 6156 6154 6157
f 6158 6156 6159
f 6160 6158 6161
f 6162 6160 6163
f 6164 6162 6165
f 6166 6164 6167
f 6168 6166 6169
f 6170 6168 6171
f 6172 6170 6173
f 6174 6172 6175
f 6176 6174 6177
f 6178 6176 6179
f 6180 6178 6181
f 6181 6182 6180
f 6179 6181 6178
f 6177 6179 6176
f 6175 6177 6174
f 6173 6175 6172
f 6171 6173 6170
f 6169 6171 6168
f 6167 6169 6166
f 6165 6167 6164
f 6163 6165 6162
f 6161 6163 6160
f 6159 6161 6158
f 6157 6159 6156
f 6155 6157 6154
f 6153 6155 6152
f 6151 6153 6150
f 6149 6151 6148
f 6147 6149 6146
f 6145 6147 6144
f 6143 6145 6142
f 6141 6143 6140
f 6139 6141 6138
f 6137 6139 6136
f 6135 6137 6134
f 6133 6135 6132
f 6131 6133 6130
f 6129 6131 6127
f 6183 6184 6185
f 6183 6186 6184
f 6186 6187 6188
f 6186 6183 6189
f 6190 6191 6192
f 6185 6193 6183
f 6189 6187 6186
f 6192 6194 6190
f 6191 6190 6195
f 6188 6196 6186
f 6194 6197 6190
f 6191 6198 6199
f 6191 6200 6201
f 6195 6202 6191
f 6197 6183 6190
f 6201 6198 6191
f 6193 6190 6183
f 6203 6204 6205
f 6202 6200 6191
f 6205 6206 6203
f 6207 6203 6208
f 6206 6191 6203
f 6208 6209 6207
f 6203 6207 6204
f 6210 6211 6212
f 6210 6213 6214
f 6210 6215 6216
f 6199 6203 6191
f 6212 6217 6210
f 6210 6218 6219
f 6210 6220 6221
f 6210 6222 6213
f 6216 6223 6210
f 6209 6224 6207
f 6219 6211 6210
f 6210 6225 6226
f 6210 6227 6220
f 6223 6222 6210
f 6210 6228 6229
f 6228 6230 6207
f 6210 6231 6232
f 6226 6218 6210
f 6214 6227 6210
f 6229 6233 6210
f 6228 6234 6230
f 6234 6228 6210
f 6210 6235 6236
f 6217 6231 6210
f 6233 6215 6210
f 6210 6237 6234
f 6232 6235 6210
f 6221 6238 6210
f 6236 6237 6210
f 6224 6228 6207
f 6238 6239 6210
f 6240 6241 6242
f 6242 6243 6240
f 6244 6245 6246
f 6247 6246 6248
f 6249 6248 6250
f 6251 6250 6252
f 6253 6252 6254
f 6255 6254 6256
f 6257 6256 6258
f 6259 6258 6260
f 6261 6260 6262
f 6263 6262 6264
f 6265 6264 6266
f 6267 6266 6268
f 6269 6268 6270
f 6271 6270 6272
f 6272 6273 6271
f 6270 6271 6269
f 6268 6269 6267
f 6266 6267 6265
f 6264 6265 6263
f 6262 6263 6261
f 6260 6261 6259
f 6258 6259 6257
f 6256 6257 6255
f 6254 6255 6253
f 6252 6253 6251
f 6250 6251 6249
f 6248 6249 6247
f 6246 6247 6244
f 6274 6275 6276
f 6277 6278 6279
f 6280 6281 6282
f 6280 6283 6284
f 6276 6285 6274
f 6277 6286 6278
f 6284 6281 6280
f 6274 6277 6275
f 6277 6274 6286
f 6285 6280 6274
f 6287 6288 6289
f 6282 6274 6280
f 6287 6290 6288
f 6287 6291 6292
f 6287 6293 6294
f 6293 6295 6296
f 6289 6277 6287
f 6294 6291 6287
f 6293 6287 6295
f 6292 6290 6287
f 6279 6287 6277
f 6297 6298 6299
f 6300 6301 6302
f 6296 6303 6293
f 6297 6304 6298
f 6300 6305 6306
f 6300 6307 6301
f 6299 6293 6297
f 6302 6305 6300
f 6297 6308 6304
f 6300 6309 6310
f 6300 6311 6312
f 6300 6313 6314
f 6306 6315 6300
f 6300 6316 6317
f 6303 6297 6293
f 6300 6318 6309
f 6312 6319 6300
f 6300 6320 6313
f 6317 6307 6300
f 6300 6321 6322
f 6323 6321 6300
f 6297 6324 6308
f 6300 6325 6326
f 6319 6318 6300
f 6314 6327 6300
f 6322 6316 6300
f 6324 6323 6308
f 6300 6328 6325
f 6327 6311 6300
f 6300 6308 6323
f 6310 6328 6300
f 6326 6308 6300
f 6315 6329 6300
f 6329 6330 6300
f 6331 6332 6333
f 6334 6333 6335
f 6336 6335 6337
f 6338 6337 6339
f 6340 6339 6341
f 6342 6341 6343
f 6344 6343 6345
f 6346 6345 6347
f 6348 6347 6349
f 6350 6349 6351
f 6352 6351 6353
f 6354 6353 6355
f 6356 6355 6357
f 6358 6357 6359
f 6359 6360 6358
f 6357 6358 6356
f 6355 6356 6354
f 6353 6354 6352
f 6351 6352 6350
f 6349 6350 6348
f 6347 6348 6346
f 6345 6346 6344
f 6343 6344 6342
f 6341 6342 6340
f 6339 6340 6338
f 6337 6338 6336
f 6335 6336 6334
f 6333 6334 6331
f 6361 6362 6363
f 6364 6361 6365
f 6366 6364 6367
f 6368 6366 6369
f 6370 6368 6371
f 6372 6370 6373
f 6374 6372 6375
f 6376 6374 6377
f 6378 6376 6379
f 6380 6378 6381
f 6382 6380 6383
f 6384 6382 6385
f 6386 6384 6387
f 6388 6386 6389
f 6390 6388 6391
f 6392 6390 6393
f 6394 6392 6395
f 6396 6394 6397
f 6398 6396 6399
f 6400 6398 6401
f 6402 6400 6403
f 6404 6402 6405
f 6406 6404 6407
f 6408 6406 6409
f 6410 6408 6411
f 6412 6410 6413
f 6414 6412 6415
f 6415 6416 6414
f 6413 6415 6412
f 6411 6413 6410
f 6409 6411 6408
f 6407 6409 6406
f 6405 6407 6404
f 6403 6405 6402
f 6401 6403 6400
f 6399 6401 6398
f 6397 6399 6396
f 6395 6397 6394
f 6393 6395 6392
f 6391 6393 6390
f 6389 6391 6388
f 6387 6389 6386
f 6385 6387 6384
f 6383 6385 6382
f 6381 6383 6380
f 6379 6381 6378
f 6377 6379 6376
f 6375 6377 6374
f 6373 6375 6372
f 6371 6373 6370
f 6369 6371 6368
f 6367 6369 6366
f 6365 6367 6364
f 6363 6365 6361
f 6417 6418 6419
f 6417 6420 6421
f 6417 6422 6423
f 6417 6424 6418
f 6425 6426 6427
f 6425 6428 6429
f 6417 6430 6420
f 6419 6422 6417
f 6425 6431 6426
f 6429 6432 6425
f 6425 6433 6434
f 6435 6425 6436
f 6423 6430 6417
f 6432 6431 6425
f 6434 6437 6425
f 6436 6438 6435
f 6427 6417 6425
f 6425 6435 6433
f 6438 6439 6435
f 6437 6428 6425
f 6435 6440 6441
f 6421 6425 6417
f 6439 6440 6435
f 6442 6443 6444
f 6444 6435 6442
f 6445 6446 6447
f 6442 6448 6443
f 6447 6449 6445
f 6450 6446 6451
f 6441 6442 6435
f 6445 6452 6453
f 6449 6454 6445
f 6451 6455 6450
f 6446 6456 6457
f 6446 6458 6459
f 6446 6445 6460
f 6442 6461 6448
f 6445 6462 6463
f 6445 6454 6452
f 6446 6464 6447
f 6457 6451 6446
f 6446 6465 6466
f 6459 6467 6446
f 6460 6468 6446
f 6445 6469 6448
f 6463 6470 6445
f 6445 6471 6472
f 6446 6473 6464
f 6466 6456 6446
f 6468 6458 6446
f 6470 6469 6445
f 6453 6471 6445
f 6467 6465 6446
f 6472 6462 6445
f 6461 6445 6448
f 6455 6474 6450
f 6475 6476 6477
f 6477 6478 6475
f 6479 6480 6481
f 6482 6481 6483
f 6484 6483 6485
f 6486 6485 6487
f 6488 6487 6489
f 6490 6489 6491
f 6492 6491 6493
f 6494 6493 6495
f 6496 6495 6497
f 6498 6497 6499
f 6500 6499 6501
f 6502 6501 6503
f 6504 6503 6505
f 6506 6505 6507
f 6507 6508 6506
f 6505 6506 6504
f 6503 6504 6502
f 6501 6502 6500
f 6499 6500 6498
f 6497 6498 6496
f 6495 6496 6494
f 6493 6494 6492
f 6491 6492 6490
f 6489 6490 6488
f 6487 6488 6486
f 6485 6486 6484
f 6483 6484 6482
f 6481 6482 6479
f 6509 6510 6511
f 6512 6513 6514
f 6512 6509 6515
f 6511 6516 6509
f 6509 6517 6518
f 6509 6512 6519
f 6512 6520 6521
f 6512 6522 6513
f 6515 6523 6512
f 6518 6510 6509
f 6519 6524 6509
f 6512 6525 6520
f 6523 6522 6512
f 6524 6517 6509
f 6526 6527 6528
f 6521 6529 6512
f 6516 6530 6509
f 6526 6531 6527
f 6514 6525 6512
f 6526 6532 6531
f 6532 6526 6533
f 6528 6512 6526
f 6529 6526 6512
f 6534 6535 6536
f 6536 6532 6534
f 6533 6534 6532
f 6537 6538 6539
f 6537 6540 6541
f 6542 6543 6540
f 6542 6544 6545
f 6542 6546 6547
f 6548 6549 6535
f 6539 6550 6537
f 6540 6537 6542
f 6547 6544 6542
f 6542 6551 6552
f 6548 6542 6549
f 6537 6553 6554
f 6537 6555 6556
f 6550 6557 6537
f 6545 6543 6542
f 6542 6558 6559
f 6542 6560 6551
f 6534 6548 6535
f 6537 6561 6553
f 6537 6562 6555
f 6537 6557 6563
f 6538 6564 6539
f 6559 6546 6542
f 6548 6560 6542
f 6556 6561 6537
f 6538 6565 6564
f 6552 6558 6542
f 6563 6562 6537
f 6554 6542 6537
f 6541 6566 6537
f 6567 6568 6569
f 6570 6569 6571
f 6572 6571 6573
f 6574 6573 6575
f 6576 6575 6577
f 6578 6577 6579
f 6580 6579 6581
f 6582 6581 6583
f 6584 6583 6585
f 6586 6585 6587
f 6588 6587 6589
f 6590 6589 6591
f 6592 6591 6593
f 6594 6593 6595
f 6595 6596 6594
f 6593 6594 6592
f 6591 6592 6590
f 6589 6590 6588
f 6587 6588 6586
f 6585 6586 6584
f 6583 6584 6582
f 6581 6582 6580
f 6579 6580 6578
f 6577 6578 6576
f 6575 6576 6574
f 6573 6574 6572
f 6571 6572 6570
f 6569 6570 6567
f 6597 6598 6599
f 6600 6597 6601
f 6602 6600 6603
f 6604 6602 6605
f 6606 6604 6607
f 6608 6606 6609
f 6610 6608 6611
f 6612 6610 6613
f 6614 6612 6615
f 6616 6614 6617
f 6618 6616 6619
f 6620 6618 6621
f 6622 6620 6623
f 6624 6622 6625
f 6626 6624 6627
f 6628 6626 6629
f 6630 6628 6631
f 6632 6630 6633
f 6634 6632 6635
f 6636 6634 6637
f 6638 6636 6639
f 6640 6638 6641
f 6642 6640 6643
f 6644 6642 6645
f 6646 6644 6647
f 6648 6646 6649
f 6650 6648 6651
f 6651 6652 6650
f 6649 6651 6648
f 6647 6649 6646
f 6645 6647 6644
f 6643 6645 6642
f 6641 6643 6640
f 6639 6641 6638
f 6637 6639 6636
f 6635 6637 6634
f 6633 6635 6632
f 6631 6633 6630
f 6629 6631 6628
f 6627 6629 6626
f 6625 6627 6624
f 6623 6625 6622
f 6621 6623 6620
f 6619 6621 6618
f 6617 6619 6616
f 6615 6617 6614
f 6613 6615 6612
f 6611 6613 6610
f 6609 6611 6608
f 6607 6609 6606
f 6605 6607 6604
f 6603 6605 6602
f 6601 6603 6600
f 6599 6601 6597
f 6653 6654 6655
f 6656 6657 6658
f 6656 6659 6660
f 6659 6656 6653
f 6656 6661 6657
f 6655 6659 6653
f 6662 6663 6664
f 6660 6661 6656
f 6662 6665 6663
f 6665 6662 6656
f 6662 6666 6667
f 6658 6665 6656
f 6664 6666 6662
f 6668 6669 6670
f 6668 6671 6672
f 6668 6673 6674
f 6670 6662 6668
f 6674 6671 6668
f 6673 6668 6675
f 6672 6669 6668
f 6676 6677 6678
f 6676 6679 6680
f 6676 6681 6682
f 6667 6668 6662
f 6683 6684 6685
f 6686 6687 6688
f 6680 6677 6676
f 6682 6689 6676
f 6675 6690 6673
f 6683 6691 6684
f 6686 6692 6693
f 6686 6694 6695
f 6688 6696 6686
f 6689 6679 6676
f 6676 6697 6698
f 6676 6699 6700
f 6685 6673 6683
f 6686 6701 6702
f 6693 6703 6686
f 6696 6694 6686
f 6698 6681 6676
f 6676 6704 6705
f 6706 6700 6687
f 6700 6704 6676
f 6690 6683 6673
f 6686 6707 6701
f 6695 6692 6686
f 6705 6697 6676
f 6700 6706 6704
f 6686 6708 6691
f 6703 6707 6686
f 6687 6686 6706
f 6702 6708 6686
f 6683 6686 6691
f 6678 6709 6676
f 6710 6711 6712
f 6712 6713 6710
f 6714 6715 6716
f 6717 6716 6718
f 6719 6718 6720
f 6721 6720 6722
f 6723 6722 6724
f 6725 6724 6726
f 6727 6726 6728
f 6729 6728 6730
f 6731 6730 6732
f 6733 6732 6734
f 6735 6734 6736
f 6737 6736 6738
f 6739 6738 6740
f 6741 6740 6742
f 6742 6743 6741
f 6740 6741 6739
f 6738 6739 6737
f 6736 6737 6735
f 6734 6735 6733
f 6732 6733 6731
f 6730 6731 6729
f 6728 6729 6727
f 6726 6727 6725
f 6724 6725 6723
f 6722 6723 6721
f 6720 6721 6719
f 6718 6719 6717
f 6716 6717 6714
f 6744 6745 6746
f 6746 6747 6744
f 6748 6749 6750
f 6748 6751 6752
f 6750 6745 6748
f 6752 6753 6748
f 6753 6749 6748
f 6754 6755 6756
f 6744 6748 6745
f 6756 6757 6754
f 6757 6751 6754
f 6754 6758 6759
f 6758 6760 6761
f 6758 6762 6763
f 6758 6754 6764
f 6759 6755 6754
f 6763 6760 6758
f 6748 6754 6751
f 6764 6762 6758
f 6765 6766 6767
f 6768 6769 6770
f 6771 6772 6773
f 6774 6765 6775
f 6767 6758 6765
f 6768 6776 6769
f 6768 6777 6778
f 6771 6779 6780
f 6773 6781 6771
f 6771 6782 6783
f 6775 6784 6774
f 6765 6774 6766
f 6768 6785 6786
f 6778 6776 6768
f 6781 6779 6771
f 6771 6787 6782
f 6771 6788 6789
f 6761 6765 6758
f 6790 6771 6791
f 6790 6792 6768
f 6770 6785 6768
f 6768 6793 6794
f 6783 6772 6771
f 6789 6795 6771
f 6796 6771 6774
f 6768 6797 6790
f 6768 6798 6799
f 6794 6777 6768
f 6795 6787 6771
f 6784 6796 6774
f 6791 6792 6790
f 6786 6798 6768
f 6796 6788 6771
f 6799 6797 6768
f 6792 6800 6768
f 6780 6791 6771
f 6801 6802 6803
f 6804 6803 6805
f 6806 6805 6807
f 6808 6807 6809
f 6810 6809 6811
f 6812 6811 6813
f 6814 6813 6815
f 6816 6815 6817
f 6818 6817 6819
f 6820 6819 6821
f 6822 6821 6823
f 6824 6823 6825
f 6826 6825 6827
f 6828 6827 6829
f 6829 6830 6828
f 6827 6828 6826
f 6825 6826 6824
f 6823 6824 6822
f 6821 6822 6820
f 6819 6820 6818
f 6817 6818 6816
f 6815 6816 6814
f 6813 6814 6812
f 6811 6812 6810
f 6809 6810 6808
f 6807 6808 6806
f 6805 6806 6804
f 6803 6804 6801
f 6831 6832 6833
f 6834 6831 6835
f 6836 6834 6837
f 6838 6836 6839
f 6840 6838 6841
f 6842 6840 6843
f 6844 6842 6845
f 6846 6844 6847
f 6848 6846 6849
f 6850 6848 6851
f 6852 6850 6853
f 6854 6852 6855
f 6856 6854 6857
f 6858 6856 6859
f 6860 6858 6861
f 6862 6860 6863
f 6864 6862 6865
f 6866 6864 6867
f 6868 6866 6869
f 6870 6868 6871
f 6872 6870 6873
f 6874 6872 6875
f 6876 6874 6877
f 6878 6876 6879
f 6880 6878 6881
f 6882 6880 6883
f 6884 6882 6885
f 6885 6886 6884
f 6883 6885 6882
f 6881 6883 6880
f 6879 6881 6878
f 6877 6879 6876
f 6875 6877 6874
f 6873 6875 6872
f 6871 6873 6870
f 6869 6871 6868
f 6867 6869 6866
f 6865 6867 6864
f 6863 6865 6862
f 6861 6863 6860
f 6859 6861 6858
f 6857 6859 6856
f 6855 6857 6854
f 6853 6855 6852
f 6851 6853 6850
f 6849 6851 6848
f 6847 6849 6846
f 6845 6847 6844
f 6843 6845 6842
f 6841 6843 6840
f 6839 6841 6838
f 6837 6839 6836
f 6835 6837 6834
f 6833 6835 6831
f 6887 6888 6889
f 6887 6890 6891
f 6887 6892 6893
f 6887 6894 6895
f 6891 6888 6887
f 6890 6896 6897
f 6890 6898 6899
f 6890 6900 6901
f 6887 6902 6892
f 6889 6894 6887
f 6899 6896 6890
f 6890 6903 6904
f 6901 6905 6890
f 6895 6902 6887
f 6904 6898 6890
f 6890 6887 6900
f 6893 6906 6887
f 6905 6903 6890
f 6907 6908 6909
f 6907 6910 6911
f 6907 6912 6913
f 6907 6914 6915
f 6897 6916 6890
f 6917 6918 6919
f 6917 6920 6921
f 6917 6922 6923
f 6907 6924 6925
f 6907 6926 6927
f 6907 6928 6929
f 6909 6930 6907
f 6913 6910 6907
f 6915 6931 6907
f 6919 6887 6917
f 6923 6920 6917
f 6925 6932 6907
f 6927 6933 6907
f 6930 6928 6907
f 6931 6912 6907
f 6921 6918 6917
f 6907 6934 6924
f 6907 6935 6936
f 6907 6937 6938
f 6933 6939 6907
f 6911 6908 6907
f 6917 6914 6907
f 6917 6940 6922
f 6936 6934 6907
f 6939 6937 6907
f 6929 6941 6907
f 6906 6917 6887
f 6938 6935 6907
f 6907 6940 6917
f 6932 6942 6907
f 6942 6940 6907
f 6941 6943 6907
f 6944 6945 6946
f 6946 6947 6944
f 6948 6949 6950
f 6951 6950 6952
f 6953 6952 6954
f 6955 6954 6956
f 6957 6956 6958
f 6959 6958 6960
f 6961 6960 6962
f 6963 6962 6964
f 6965 6964 6966
f 6967 6966 6968
f 6969 6968 6970
f 6971 6970 6972
f 6973 6972 6974
f 6975 6974 6976
f 6976 6977 6975
f 6974 6975 6973
f 6972 6973 6971
f 6970 6971 6969
f 6968 6969 6967
f 6966 6967 6965
f 6964 6965 6963
f 6962 6963 6961
f 6960 6961 6959
f 6958 6959 6957
f 6956 6957 6955
f 6954 6955 6953
f 6952 6953 6951
f 6950 6951 6948
f 6978 6979 6980
f 6978 6981 6982
f 6983 6984 6985
f 6983 6986 6987
f 6983 6988 6989
f 6982 6979 6978
f 6978 6990 6991
f 6978 6992 6993
f 6983 6994 6984
f 6983 6995 6996
f 6989 6986 6983
f 6991 6981 6978
f 6993 6997 6978
f 6985 6998 6983
f 6987 6995 6983
f 6997 6990 6978
f 6999 7000 7001
f 6996 6994 6983
f 6978 7002 6992
f 6999 7003 7004
f 6999 7005 7000
f 7002 7006 7007
f 7002 7008 7009
f 7002 6978 7010
f 6980 6983 6978
f 7004 7011 6999
f 6999 7012 7013
f 6999 7014 7015
f 7001 7016 6999
f 7009 7006 7002
f 6998 6978 6983
f 6999 7017 7018
f 6999 7019 7020
f 6999 7021 7022
f 6999 7023 7024
f 6999 7025 7026
f 7013 7003 6999
f 7016 7014 6999
f 7010 7008 7002
f 6999 7027 7017
f 7022 7019 6999
f 6999 7028 7023
f 7026 7029 6999
f 7015 7012 6999
f 7007 7030 7002
f 7002 7031 6999
f 7020 7027 6999
f 7029 7028 6999
f 6999 7031 7005
f 6999 7032 7002
f 7024 7021 6999
f 7011 7033 6999
f 7018 7032 6999
f 7030 7031 7002
f 7033 7034 6999
f 7035 7036 7037
f 7038 7037 7039
f 7040 7039 7041
f 7042 7041 7043
f 7044 7043 7045
f 7046 7045 7047
f 7048 7047 7049
f 7050 7049 7051
f 7052 7051 7053
f 7054 7053 7055
f 7056 7055 7057
f 7058 7057 7059
f 7060 7059 7061
f 7062 7061 7063
f 7063 7064 7062
f 7061 7062 7060
f 7059 7060 7058
f 7057 7058 7056
f 7055 7056 7054
f 7053 7054 7052
f 7051 7052 7050
f 7049 7050 7048
f 7047 7048 7046
f 7045 7046 7044
f 7043 7044 7042
f 7041 7042 7040
f 7039 7040 7038
f 7037 7038 7035
f 7065 7066 7067
f 7068 7065 7069
f 7070 7068 7071
f 7072 7070 7073
f 7074 7072 7075
f 7076 7074 7077
f 7078 7076 7079
f 7080 7078 7081
f 7082 7080 7083
f 7084 7082 7085
f 7086 7084 7087
f 7088 7086 7089
f 7090 7088 7091
f 7092 7090 7093
f 7094 7092 7095
f 7096 7094 7097
f 7098 7096 7099
f 7100 7098 7101
f 7102 7100 7103
f 7104 7102 7105
f 7106 7104 7107
f 7108 7106 7109
f 7110 7108 7111
f 7112 7110 7113
f 7114 7112 7115
f 7116 7114 7117
f 7118 7116 7119
f 7119 7120 7118
f 7117 7119 7116
f 7115 7117 7114
f 7113 7115 7112
f 7111 7113 7110
f 7109 7111 7108
f 7107 7109 7106
f 7105 7107 7104
f 7103 7105 7102
f 7101 7103 7100
f 7099 7101 7098
f 7097 7099 7096
f 7095 7097 7094
f 7093 7095 7092
f 7091 7093 7090
f 7089 7091 7088
f 7087 7089 7086
f 7085 7087 7084
f 7083 7085 7082
f 7081 7083 7080
f 7079 7081 7078
f 7077 7079 7076
f 7075 7077 7074
f 7073 7075 7072
f 7071 7073 7070
f 7069 7071 7068
f 7067 7069 7065
f 7121 7122 7123
f 7124 7125 7126
f 7127 7124 7121
f 7128 7129 7130
f 7124 7131 7125
f 7123 7127 7121
f 7128 7132 7133
f 7128 7134 7135
f 7128 7136 7137
f 7128 7138 7129
f 7127 7131 7124
f 7138 7128 7139
f 7135 7132 7128
f 7130 7136 7128
f 7139 7124 7138
f 7128 7140 7134
f 7126 7138 7124
f 7128 7141 7142
f 7137 7140 7128
f 7128 7143 7144
f 7133 7141 7128
f 7142 7143 7128
f 7145 7146 7147
f 7147 7128 7145
f 7148 7149 7150
f 7145 7151 7146
f 7148 7152 7153
f 7148 7154 7155
f 7148 7156 7149
f 7148 7157 7158
f 7144 7145 7128
f 7151 7159 7148
f 7148 7160 7161
f 7148 7162 7163
f 7155 7152 7148
f 7158 7156 7148
f 7148 7164 7151
f 7148 7165 7166
f 7148 7167 7160
f 7148 7168 7169
f 7148 7170 7171
f 7148 7172 7173
f 7153 7162 7148
f 7148 7159 7157
f 7166 7164 7148
f 7169 7167 7148
f 7173 7170 7148
f 7148 7174 7175
f 7150 7154 7148
f 7161 7165 7148
f 7175 7172 7148
f 7163 7176 7148
f 7171 7168 7148
f 7145 7159 7151
f 7176 7177 7148
f 7178 7179 7180
f 7180 7181 7178
f 7182 7183 7184
f 7185 7184 7186
f 7187 7186 7188
f 7189 7188 7190
f 7191 7190 7192
f 7193 7192 7194
f 7195 7194 7196
f 7197 7196 7198
f 7199 7198 7200
f 7201 7200 7202
f 7203 7202 7204
f 7205 7204 7206
f 7207 7206 7208
f 7209 7208 7210
f 7210 7211 7209
f 7208 7209 7207
f 7206 7207 7205
f 7204 7205 7203
f 7202 7203 7201
f 7200 7201 7199
f 7198 7199 7197
f 7196 7197 7195
f 7194 7195 7193
f 7192 7193 7191
f 7190 7191 7189
f 7188 7189 7187
f 7186 7187 7185
f 7184 7185 7182
f 7212 7213 7214
f 7214 7215 7212
f 7216 7217 7218
f 7216 7219 7213
f 7218 7220 7216
f 7221 7222 7223
f 7217 7216 7224
f 7220 7219 7216
f 7223 7225 7221
f 7221 7226 7227
f 7221 7228 7229
f 7221 7230 7231
f 7212 7216 7213
f 7227 7222 7221
f 7231 7228 7221
f 7225 7217 7221
f 7229 7232 7221
f 7232 7226 7221
f 7221 7233 7234
f 7234 7230 7221
f 7221 7235 7236
f 7235 7221 7237
f 7236 7233 7221
f 7224 7221 7217
f 7237 7238 7235
f 7239 7240 7241
f 7242 7243 7239
f 7242 7244 7235
f 7239 7245 7246
f 7239 7247 7248
f 7241 7249 7239
f 7239 7243 7250
f 7238 7242 7235
f 7239 7251 7252
f 7239 7253 7245
f 7239 7254 7255
f 7249 7247 7239
f 7239 7244 7242
f 7239 7256 7257
f 7252 7258 7239
f 7239 7259 7260
f 7239 7261 7262
f 7239 7263 7264
f 7255 7253 7239
f 7250 7240 7239
f 7258 7256 7239
f 7262 7259 7239
f 7239 7265 7263
f 7248 7254 7239
f 7257 7266 7239
f 7264 7261 7239
f 7246 7267 7239
f 7260 7251 7239
f 7266 7244 7239
f 7267 7268 7239
f 7269 7270 7271
f 7272 7271 7273
f 7274 7273 7275
f 7276 7275 7277
f 7278 7277 7279
f 7280 7279 7281
f 7282 7281 7283
f 7284 7283 7285
f 7286 7285 7287
f 7288 7287 7289
f 7290 7289 7291
f 7292 7291 7293
f 7294 7293 7295
f 7296 7295 7297
f 7297 7298 7296
f 7295 7296 7294
f 7293 7294 7292
f 7291 7292 7290
f 7289 7290 7288
f 7287 7288 7286
f 7285 7286 7284
f 7283 7284 7282
f 7281 7282 7280
f 7279 7280 7278
f 7277 7278 7276
f 7275 7276 7274
f 7273 7274 7272
f 7271 7272 7269
f 7299 7300 7301
f 7302 7299 7303
f 7304 7302 7305
f 7306 7304 7307
f 7308 7306 7309
f 7310 7308 7311
f 7312 7310 7313
f 7314 7312 7315
f 7316 7314 7317
f 7318 7316 7319
f 7320 7318 7321
f 7322 7320 7323
f 7324 7322 7325
f 7326 7324 7327
f 7328 7326 7329
f 7330 7328 7331
f 7332 7330 7333
f 7334 7332 7335
f 7336 7334 7337
f 7338 7336 7339
f 7340 7338 7341
f 7342 7340 7343
f 7344 7342 7345
f 7346 7344 7347
f 7348 7346 7349
f 7350 7348 7351
f 7352 7350 7353
f 7353 7354 7352
f 7351 7353 7350
f 7349 7351 7348
f 7347 7349 7346
f 7345 7347 7344
f 7343 7345 7342
f 7341 7343 7340
f 7339 7341 7338
f 7337 7339 7336
f 7335 7337 7334
f 7333 7335 7332
f 7331 7333 7330
f 7329 7331 7328
f 7327 7329 7326
f 7325 7327 7324
f 7323 7325 7322
f 7321 7323 7320
f 7319 7321 7318
f 7317 7319 7316
f 7315 7317 7314
f 7313 7315 7312
f 7311 7313 7310
f 7309 7311 7308
f 7307 7309 7306
f 7305 7307 7304
f 7303 7305 7302
f 7301 7303 7299
f 7355 7356 7357
f 7358 7359 7360
f 7358 7355 7361
f 7362 7363 7364
f 7357 7365 7355
f 7355 7358 7366
f 7360 7367 7358
f 7361 7368 7358
f 7365 7362 7355
f 7366 7369 7355
f 7358 7370 7371
f 7367 7372 7358
f 7368 7373 7358
f 7369 7356 7355
f 7374 7375 7376
f 7372 7370 7358
f 7364 7355 7362
f 7377 7378 7379
f 7377 7380 7381
f 7374 7382 7383
f 7376 7384 7374
f 7385 7386 7387
f 7373 7359 7358
f 7379 7388 7377
f 7377 7389 7380
f 7377 7390 7391
f 7384 7382 7374
f 7385 7392 7393
f 7385 7394 7386
f 7385 7395 7396
f 7388 7358 7377
f 7391 7389 7377
f 7397 7398 7374
f 7374 7399 7400
f 7383 7401 7374
f 7387 7392 7385
f 7385 7402 7403
f 7385 7404 7395
f 7381 7378 7377
f 7374 7405 7406
f 7401 7399 7374
f 7403 7394 7385
f 7385 7407 7404
f 7377 7385 7390
f 7374 7406 7397
f 7400 7408 7374
f 7396 7402 7385
f 7371 7377 7358
f 7409 7385 7410
f 7408 7405 7374
f 7377 7407 7385
f 7397 7409 7398
f 7410 7398 7409
f 7393 7410 7385
f 7398 7411 7374
f 7412 7413 7414
f 7415 7414 7413
f 7413 7416 7415
f 7414 7417 7412
f 7418 7419 7420
f 7421 7420 7422
f 7423 7422 7424
f 7425 7424 7426
f 7427 7426 7428
f 7429 7428 7430
f 7431 7430 7432
f 7433 7432 7434
f 7435 7434 7436
f 7437 7436 7438
f 7439 7438 7440
f 7441 7440 7442
f 7443 7442 7444
f 7445 7444 7446
f 7446 7447 7445
f 7444 7445 7443
f 7442 7443 7441
f 7440 7441 7439
f 7438 7439 7437
f 7436 7437 7435
f 7434 7435 7433
f 7432 7433 7431
f 7430 7431 7429
f 7428 7429 7427
f 7426 7427 7425
f 7424 7425 7423
f 7422 7423 7421
f 7420 7421 7418
f 7448 7449 7450
f 7448 7451 7452
f 7448 7453 7449
f 7453 7448 7454
f 7455 7456 7457
f 7455 7458 7459
f 7448 7460 7451
f 7454 7461 7453
f 7455 7462 7456
f 7455 7463 7458
f 7450 7460 7448
f 7455 7464 7462
f 7455 7465 7463
f 7455 7466 7467
f 7468 7469 7470
f 7468 7471 7472
f 7466 7473 7474
f 7466 7475 7476
f 7457 7448 7455
f 7467 7465 7455
f 7472 7469 7468
f 7468 7477 7478
f 7466 7479 7480
f 7474 7481 7466
f 7466 7455 7475
f 7459 7464 7455
f 7482 7483 7484
f 7468 7485 7471
f 7468 7486 7487
f 7478 7488 7468
f 7481 7479 7466
f 7452 7455 7448
f 7482 7489 7490
f 7482 7491 7492
f 7484 7493 7482
f 7487 7485 7468
f 7478 7494 7488
f 7476 7473 7466
f 7490 7495 7482
f 7482 7496 7497
f 7493 7491 7482
f 7468 7498 7486
f 7478 7499 7494
f 7480 7500 7466
f 7495 7501 7482
f 7492 7496 7482
f 7488 7498 7468
f 7499 7478 7483
f 7482 7502 7466
f 7497 7489 7482
f 7483 7482 7499
f 7501 7502 7482
f 7500 7482 7466
f 7470 7503 7468
f 7503 7504 7468
f 7505 7506 7507
f 7508 7507 7509
f 7510 7509 7511
f 7512 7511 7513
f 7514 7513 7515
f 7516 7515 7517
f 7518 7517 7519
f 7520 7519 7521
f 7522 7521 7523
f 7524 7523 7525
f 7526 7525 7527
f 7528 7527 7529
f 7530 7529 7531
f 7532 7531 7533
f 7533 7534 7532
f 7531 7532 7530
f 7529 7530 7528
f 7527 7528 7526
f 7525 7526 7524
f 7523 7524 7522
f 7521 7522 7520
f 7519 7520 7518
f 7517 7518 7516
f 7515 7516 7514
f 7513 7514 7512
f 7511 7512 7510
f 7509 7510 7508
f 7507 7508 7505
f 7535 7536 7537
f 7538 7535 7539
f 7540 7538 7541
f 7542 7540 7543
f 7544 7542 7545
f 7546 7544 7547
f 7548 7546 7549
f 7550 7548 7551
f 7552 7550 7553
f 7554 7552 7555
f 7556 7554 7557
f 7558 7556 7559
f 7560 7558 7561
f 7562 7560 7563
f 7564 7562 7565
f 7566 7564 7567
f 7568 7566 7569
f 7570 7568 7571
f 7572 7570 7573
f 7574 7572 7575
f 7576 7574 7577
f 7578 7576 7579
f 7580 7578 7581
f 7582 7580 7583
f 7584 7582 7585
f 7586 7584 7587
f 7588 7586 7589
f 7589 7590 7588
f 7587 7589 7586
f 7585 7587 7584
f 7583 7585 7582
f 7581 7583 7580
f 7579 7581 7578
f 7577 7579 7576
f 7575 7577 7574
f 7573 7575 7572
f 7571 7573 7570
f 7569 7571 7568
f 7567 7569 7566
f 7565 7567 7564
f 7563 7565 7562
f 7561 7563 7560
f 7559 7561 7558
f 7557 7559 7556
f 7555 7557 7554
f 7553 7555 7552
f 7551 7553 7550
f 7549 7551 7548
f 7547 7549 7546
f 7545 7547 7544
f 7543 7545 7542
f 7541 7543 7540
f 7539 7541 7538
f 7537 7539 7535
f 7591 7592 7593
f 7591 7594 7592
f 7591 7595 7594
f 7591 7596 7597
f 7598 7591 7599
f 7591 7600 7601
f 7593 7602 7591
f 7591 7603 7596
f 7599 7604 7598
f 7605 7606 7607
f 7602 7600 7591
f 7598 7603 7591
f 7605 7608 7606
f 7597 7595 7591
f 7605 7609 7608
f 7605 7610 7611
f 7605 7612 7613
f 7605 7614 7615
f 7607 7591 7605
f 7613 7610 7605
f 7615 7616 7605
f 7605 7617 7618
f 7611 7609 7605
f 7618 7614 7605
f 7616 7612 7605
f 7601 7605 7591
f 7619 7620 7617
f 7619 7621 7620
f 7622 7623 7624
f 7605 7619 7617
f 7622 7625 7623
f 7622 7626 7627
f 7626 7622 7621
f 7624 7628 7622
f 7622 7629 7630
f 7619 7626 7621
f 7622 7631 7625
f 7627 7629 7622
f 7628 7632 7633
f 7630 7631 7622
f 7624 7632 7628
f 7628 7634 7635
f 7628 7636 7637
f 7628 7638 7639
f 7635 7622 7628
f 7628 7640 7641
f 7628 7642 7636
f 7633 7638 7628
f 7628 7643 7644
f 7628 7645 7640
f 7637 7646 7628
f 7644 7634 7628
f 7646 7645 7628
f 7641 7643 7628
f 7639 7647 7628
f 7648 7649 7650
f 7650 7651 7648
f 7652 7653 7654
f 7655 7654 7656
f 7657 7656 7658
f 7659 7658 7660
f 7661 7660 7662
f 7663 7662 7664
f 7665 7664 7666
f 7667 7666 7668
f 7669 7668 7670
f 7671 7670 7672
f 7673 7672 7674
f 7675 7674 7676
f 7677 7676 7678
f 7679 7678 7680
f 7680 7681 7679
f 7678 7679 7677
f 7676 7677 7675
f 7674 7675 7673
f 7672 7673 7671
f 7670 7671 7669
f 7668 7669 7667
f 7666 7667 7665
f 7664 7665 7663
f 7662 7663 7661
f 7660 7661 7659
f 7658 7659 7657
f 7656 7657 7655
f 7654 7655 7652
f 7682 7683 7684
f 7684 7685 7682
f 7686 7687 7688
f 7682 7689 7690
f 7685 7691 7682
f 7692 7682 7693
f 7682 7694 7686
f 7690 7695 7682
f 7682 7696 7683
f 7682 7692 7697
f 7693 7698 7692
f 7695 7694 7682
f 7697 7696 7682
f 7692 7699 7700
f 7692 7701 7702
f 7692 7703 7704
f 7698 7705 7692
f 7691 7689 7682
f 7692 7706 7707
f 7692 7708 7699
f 7704 7701 7692
f 7688 7682 7686
f 7700 7706 7692
f 7705 7703 7692
f 7702 7708 7692
f 7709 7710 7692
f 7707 7709 7692
f 7709 7711 7710
f 7712 7713 7710
f 7714 7715 7716
f 7711 7712 7710
f 7714 7717 7718
f 7716 7719 7714
f 7718 7713 7714
f 7714 7720 7721
f 7715 7722 7716
f 7721 7717 7714
f 7719 7723 7714
f 7723 7720 7714
f 7715 7724 7725
f 7715 7714 7726
f 7725 7722 7715
f 7715 7727 7728
f 7715 7729 7730
f 7715 7731 7732
f 7712 7714 7713
f 7715 7733 7734
f 7715 7735 7727
f 7732 7729 7715
f 7715 7736 7737
f 7734 7724 7715
f 7730 7735 7715
f 7726 7736 7715
f 7737 7731 7715
f 7728 7738 7715
f 7739 7740 7741
f 7742 7741 7743
f 7744 7743 7745
f 7746 7745 7747
f 7748 7747 7749
f 7750 7749 7751
f 7752 7751 7753
f 7754 7753 7755
f 7756 7755 7757
f 7758 7757 7759
f 7760 7759 7761
f 7762 7761 7763
f 7764 7763 7765
f 7766 7765 7767
f 7767 7768 7766
f 7765 7766 7764
f 7763 7764 7762
f 7761 7762 7760
f 7759 7760 7758
f 7757 7758 7756
f 7755 7756 7754
f 7753 7754 7752
f 7751 7752 7750
f 7749 7750 7748
f 7747 7748 7746
f 7745 7746 7744
f 7743 7744 7742
f 7741 7742 7739
f 7769 7770 7771
f 7772 7769 7773
f 7774 7772 7775
f 7776 7774 7777
f 7778 7776 7779
f 7780 7778 7781
f 7782 7780 7783
f 7784 7782 7785
f 7786 7784 7787
f 7788 7786 7789
f 7790 7788 7791
f 7792 7790 7793
f 7794 7792 7795
f 7796 7794 7797
f 7798 7796 7799
f 7800 7798 7801
f 7802 7800 7803
f 7804 7802 7805
f 7806 7804 7807
f 7808 7806 7809
f 7810 7808 7811
f 7812 7810 7813
f 7814 7812 7815
f 7816 7814 7817
f 7818 7816 7819
f 7820 7818 7821
f 7822 7820 7823
f 7823 7824 7822
f 7821 7823 7820
f 7819 7821 7818
f 7817 7819 7816
f 7815 7817 7814
f 7813 7815 7812
f 7811 7813 7810
f 7809 7811 7808
f 7807 7809 7806
f 7805 7807 7804
f 7803 7805 7802
f 7801 7803 7800
f 7799 7801 7798
f 7797 7799 7796
f 7795 7797 7794
f 7793 7795 7792
f 7791 7793 7790
f 7789 7791 7788
f 7787 7789 7786
f 7785 7787 7784
f 7783 7785 7782
f 7781 7783 7780
f 7779 7781 7778
f 7777 7779 7776
f 7775 7777 7774
f 7773 7775 7772
f 7771 7773 7769
f 7825 7826 7827
f 7826 7825 7828
f 7829 7830 7831
f 7829 7832 7833
f 7828 7834 7826
f 7833 7830 7829
f 7835 7836 7837
f 7832 7829 7838
f 7831 7825 7829
f 7835 7839 7836
f 7827 7829 7825
f 7835 7840 7839
f 7835 7841 7832
f 7837 7842 7835
f 7842 7841 7835
f 7835 7843 7844
f 7835 7845 7846
f 7835 7847 7848
f 7844 7840 7835
f 7846 7849 7835
f 7835 7850 7851
f 7835 7852 7847
f 7849 7843 7835
f 7848 7850 7835
f 7851 7845 7835
f 7853 7854 7855
f 7835 7856 7852
f 7853 7857 7858
f 7855 7859 7853
f 7853 7860 7861
f 7862 7860 7853
f 7838 7835 7832
f 7858 7863 7853
f 7859 7864 7853
f 7861 7865 7853
f 7835 7862 7856
f 7853 7866 7867
f 7853 7868 7869
f 7864 7857 7853
f 7853 7856 7862
f 7853 7870 7866
f 7853 7871 7872
f 7853 7873 7868
f 7853 7874 7875
f 7865 7854 7853
f 7867 7876 7853
f 7869 7871 7853
f 7863 7874 7853
f 7853 7877 7878
f 7853 7879 7880
f 7872 7870 7853
f 7878 7856 7853
f 7876 7879 7853
f 7880 7877 7853
f 7875 7881 7853
f 7882 7883 7884
f 7884 7885 7882
f 7886 7887 7888
f 7889 7888 7890
f 7891 7890 7892
f 7893 7892 7894
f 7895 7894 7896
f 7897 7896 7898
f 7899 7898 7900
f 7901 7900 7902
f 7903 7902 7904
f 7905 7904 7906
f 7907 7906 7908
f 7909 7908 7910
f 7911 7910 7912
f 7913 7912 7914
f 7914 7915 7913
f 7912 7913 7911
f 7910 7911 7909
f 7908 7909 7907
f 7906 7907 7905
f 7904 7905 7903
f 7902 7903 7901
f 7900 7901 7899
f 7898 7899 7897
f 7896 7897 7895
f 7894 7895 7893
f 7892 7893 7891
f 7890 7891 7889
f 7888 7889 7886
f 7916 7917 7918
f 7916 7919 7920
f 7921 7922 7923
f 7919 7916 7924
f 7925 7926 7927
f 7920 7917 7916
f 7924 7921 7919
f 7927 7928 7925
f 7923 7919 7921
f 7929 7925 7930
f 7928 7931 7925
f 7930 7916 7929
f 7925 7932 7926
f 7918 7929 7916
f 7925 7933 7934
f 7925 7935 7936
f 7925 7937 7938
f 7929 7932 7925
f 7934 7939 7925
f 7925 7940 7941
f 7925 7942 7935
f 7931 7937 7925
f 7941 7933 7925
f 7938 7942 7925
f 7936 7940 7925
f 7939 7943 7925
f 7944 7945 7946
f 7944 7947 7948
f 7949 7950 7925
f 7950 7949 7944
f 7944 7951 7952
f 7944 7953 7945
f 7944 7954 7955
f 7944 7956 7947
f 7944 7957 7958
f 7944 7959 7950
f 7944 7960 7951
f 7944 7961 7953
f 7944 7962 7954
f 7948 7963 7944
f 7958 7964 7944
f 7952 7959 7944
f 7955 7961 7944
f 7963 7965 7944
f 7944 7966 7957
f 7946 7960 7944
f 7944 7967 7968
f 7964 7956 7944
f 7944 7969 7970
f 7944 7949 7971
f 7968 7962 7944
f 7970 7966 7944
f 7943 7949 7925
f 7971 7969 7944
f 7965 7972 7944
f 7973 7974 7975
f 7976 7975 7977
f 7978 7977 7979
f 7980 7979 7981
f 7982 7981 7983
f 7984 7983 7985
f 7986 7985 7987
f 7988 7987 7989
f 7990 7989 7991
f 7992 7991 7993
f 7994 7993 7995
f 7996 7995 7997
f 7998 7997 7999
f 8000 7999 8001
f 8001 8002 8000
f 7999 8000 7998
f 7997 7998 7996
f 7995 7996 7994
f 7993 7994 7992
f 7991 7992 7990
f 7989 7990 7988
f 7987 7988 7986
f 7985 7986 7984
f 7983 7984 7982
f 7981 7982 7980
f 7979 7980 7978
f 7977 7978 7976
f 7975 7976 7973
f 8003 8004 8005
f 8006 8003 8007
f 8008 8006 8009
f 8010 8008 8011
f 8012 8010 8013
f 8014 8012 8015
f 8016 8014 8017
f 8018 8016 8019
f 8020 8018 8021
f 8022 8020 8023
f 8024 8022 8025
f 8026 8024 8027
f 8028 8026 8029
f 8030 8028 8031
f 8032 8030 8033
f 8034 8032 8035
f 8036 8034 8037
f 8038 8036 8039
f 8040 8038 8041
f 8042 8040 8043
f 8044 8042 8045
f 8046 8044 8047
f 8048 8046 8049
f 8050 8048 8051
f 8052 8050 8053
f 8054 8052 8055
f 8056 8054 8057
f 8057 8058 8056
f 8055 8057 8054
f 8053 8055 8052
f 8051 8053 8050
f 8049 8051 8048
f 8047 8049 8046
f 8045 8047 8044
f 8043 8045 8042
f 8041 8043 8040
f 8039 8041 8038
f 8037 8039 8036
f 8035 8037 8034
f 8033 8035 8032
f 8031 8033 8030
f 8029 8031 8028
f 8027 8029 8026
f 8025 8027 8024
f 8023 8025 8022
f 8021 8023 8020
f 8019 8021 8018
f 8017 8019 8016
f 8015 8017 8014
f 8013 8015 8012
f 8011 8013 8010
f 8009 8011 8008
f 8007 8009 8006
f 8005 8007 8003
f 8059 8060 8061
f 8062 8063 8064
f 8065 8066 8067
f 8065 8062 8068
f 8059 8069 8060
f 8062 8065 8063
f 8068 8066 8065
f 8059 8070 8069
f 8059 8071 8072
f 8067 8073 8065
f 8059 8074 8070
f 8072 8075 8059
f 8061 8062 8059
f 8059 8076 8071
f 8077 8078 8079
f 8075 8074 8059
f 8079 8080 8077
f 8064 8059 8062
f 8080 8081 8077
f 8077 8082 8083
f 8081 8076 8077
f 8083 8084 8077
f 8084 8078 8077
f 8077 8085 8086
f 8086 8082 8077
f 8077 8087 8088
f 8077 8089 8085
f 8059 8077 8076
f 8088 8090 8091
f 8088 8092 8093
f 8088 8094 8095
f 8088 8089 8077
f 8091 8096 8088
f 8088 8097 8098
f 8093 8099 8088
f 8095 8100 8088
f 8087 8101 8088
f 8096 8102 8088
f 8088 8103 8104
f 8098 8105 8088
f 8088 8106 8107
f 8088 8108 8109
f 8088 8110 8092
f 8101 8094 8088
f 8102 8111 8088
f 8104 8112 8088
f 8105 8113 8088
f 8109 8106 8088
f 8100 8110 8088
f 8088 8114 8090
f 8113 8103 8088
f 8099 8108 8088
f 8112 8114 8088
f 8111 8089 8088
f 8107 8115 8088
f 8116 8117 8118
f 8118 8119 8116
f 8120 8121 8122
f 8123 8122 8124
f 8125 8124 8126
f 8127 8126 8128
f 8129 8128 8130
f 8131 8130 8132
f 8133 8132 8134
f 8135 8134 8136
f 8137 8136 8138
f 8139 8138 8140
f 8141 8140 8142
f 8143 8142 8144
f 8145 8144 8146
f 8147 8146 8148
f 8148 8149 8147
f 8146 8147 8145
f 8144 8145 8143
f 8142 8143 8141
f 8140 8141 8139
f 8138 8139 8137
f 8136 8137 8135
f 8134 8135 8133
f 8132 8133 8131
f 8130 8131 8129
f 8128 8129 8127
f 8126 8127 8125
f 8124 8125 8123
f 8122 8123 8120
f 8150 8151 8152
f 8152 8153 8150
f 8154 8155 8156
f 8154 8157 8158
f 8151 8150 8159
f 8150 8160 8161
f 8153 8162 8150
f 8158 8155 8154
f 8159 8163 8151
f 8150 8164 8160
f 8162 8165 8150
f 8163 8154 8151
f 8161 8166 8150
f 8156 8151 8154
f 8167 8168 8169
f 8165 8164 8150
f 8167 8170 8168
f 8170 8167 8150
f 8166 8170 8150
f 8171 8172 8167
f 8173 8174 8175
f 8171 8176 8172
f 8171 8177 8178
f 8171 8179 8180
f 8181 8182 8183
f 8173 8184 8174
f 8171 8185 8176
f 8171 8186 8177
f 8171 8187 8179
f 8188 8183 8187
f 8183 8189 8181
f 8173 8190 8182
f 8173 8191 8192
f 8173 8193 8194
f 8173 8195 8196
f 8173 8197 8184
f 8178 8185 8171
f 8180 8198 8171
f 8187 8199 8188
f 8183 8200 8189
f 8173 8201 8190
f 8194 8191 8173
f 8173 8202 8195
f 8173 8203 8197
f 8198 8186 8171
f 8183 8188 8200
f 8182 8203 8173
f 8196 8193 8173
f 8175 8204 8173
f 8187 8171 8199
f 8182 8205 8203
f 8204 8202 8173
f 8182 8181 8205
f 8169 8171 8167
f 8192 8206 8173
f 8207 8208 8209
f 8210 8209 8211
f 8212 8211 8213
f 8214 8213 8215
f 8216 8215 8217
f 8218 8217 8219
f 8220 8219 8221
f 8222 8221 8223
f 8224 8223 8225
f 8226 8225 8227
f 8228 8227 8229
f 8230 8229 8231
f 8232 8231 8233
f 8234 8233 8235
f 8235 8236 8234
f 8233 8234 8232
f 8231 8232 8230
f 8229 8230 8228
f 8227 8228 8226
f 8225 8226 8224
f 8223 8224 8222
f 8221 8222 8220
f 8219 8220 8218
f 8217 8218 8216
f 8215 8216 8214
f 8213 8214 8212
f 8211 8212 8210
f 8209 8210 8207
f 8237 8238 8239
f 8240 8237 8241
f 8242 8240 8243
f 8244 8242 8245
f 8246 8244 8247
f 8248 8246 8249
f 8250 8248 8251
f 8252 8250 8253
f 8254 8252 8255
f 8256 8254 8257
f 8258 8256 8259
f 8260 8258 8261
f 8262 8260 8263
f 8264 8262 8265
f 8266 8264 8267
f 8268 8266 8269
f 8270 8268 8271
f 8272 8270 8273
f 8274 8272 8275
f 8276 8274 8277
f 8278 8276 8279
f 8280 8278 8281
f 8282 8280 8283
f 8284 8282 8285
f 8286 8284 8287
f 8288 8286 8289
f 8290 8288 8291
f 8291 8292 8290
f 8289 8291 8288
f 8287 8289 8286
f 8285 8287 8284
f 8283 8285 8282
f 8281 8283 8280
f 8279 8281 8278
f 8277 8279 8276
f 8275 8277 8274
f 8273 8275 8272
f 8271 8273 8270
f 8269 8271 8268
f 8267 8269 8266
f 8265 8267 8264
f 8263 8265 8262
f 8261 8263 8260
f 8259 8261 8258
f 8257 8259 8256
f 8255 8257 8254
f 8253 8255 8252
f 8251 8253 8250
f 8249 8251 8248
f 8247 8249 8246
f 8245 8247 8244
f 8243 8245 8242
f 8241 8243 8240
f 8239 8241 8237
f 8293 8294 8295
f 8295 8296 8293
f 8297 8298 8299
f 8298 8297 8293
f 8300 8301 8302
f 8300 8303 8304
f 8296 8298 8293
f 8302 8305 8300
f 8300 8306 8307
f 8300 8308 8309
f 8300 8310 8303
f 8300 8311 8312
f 8305 8297 8300
f 8300 8313 8306
f 8300 8314 8308
f 8300 8315 8316
f 8304 8317 8300
f 8312 8318 8300
f 8307 8301 8300
f 8316 8314 8300
f 8300 8319 8320
f 8318 8310 8300
f 8309 8313 8300
f 8317 8319 8300
f 8320 8315 8300
f 8299 8300 8297
f 8321 8322 8311
f 8321 8323 8322
f 8300 8321 8311
f 8324 8325 8326
f 8324 8327 8323
f 8326 8328 8324
f 8329 8330 8331
f 8329 8332 8333
f 8329 8334 8335
f 8324 8336 8327
f 8328 8337 8324
f 8329 8338 8339
f 8329 8340 8330
f 8329 8341 8332
f 8335 8342 8329
f 8337 8336 8324
f 8324 8343 8344
f 8324 8345 8346
f 8339 8347 8329
f 8333 8340 8329
f 8335 8324 8342
f 8344 8325 8324
f 8324 8335 8345
f 8329 8348 8338
f 8342 8341 8329
f 8346 8343 8324
f 8331 8348 8329
f 8347 8349 8329
f 8321 8324 8323
f 8350 8351 8352
f 8352 8353 8350
f 8354 8355 8356
f 8357 8356 8358
f 8359 8358 8360
f 8361 8360 8362
f 8363 8362 8364
f 8365 8364 8366
f 8367 8366 8368
f 8369 8368 8370
f 8371 8370 8372
f 8373 8372 8374
f 8375 8374 8376
f 8377 8376 8378
f 8379 8378 8380
f 8381 8380 8382
f 8382 8383 8381
f 8380 8381 8379
f 8378 8379 8377
f 8376 8377 8375
f 8374 8375 8373
f 8372 8373 8371
f 8370 8371 8369
f 8368 8369 8367
f 8366 8367 8365
f 8364 8365 8363
f 8362 8363 8361
f 8360 8361 8359
f 8358 8359 8357
f 8356 8357 8354
f 8384 8385 8386
f 8386 8387 8384
f 8388 8389 8390
f 8388 8391 8392
f 8393 8394 8385
f 8393 8388 8395
f 8388 8396 8397
f 8390 8398 8388
f 8388 8399 8400
f 8388 8401 8402
f 8388 8393 8391
f 8395 8394 8393
f 8388 8403 8396
f 8388 8404 8389
f 8388 8405 8406
f 8400 8407 8388
f 8402 8408 8388
f 8384 8393 8385
f 8398 8403 8388
f 8388 8409 8410
f 8407 8405 8388
f 8392 8401 8388
f 8410 8404 8388
f 8408 8399 8388
f 8406 8409 8388
f 8411 8412 8388
f 8413 8414 8415
f 8397 8411 8388
f 8411 8413 8412
f 8415 8416 8417
f 8415 8418 8412
f 8415 8419 8416
f 8415 8412 8413
f 8415 8420 8419
f 8414 8421 8415
f 8415 8422 8423
f 8415 8424 8425
f 8421 8420 8415
f 8415 8426 8427
f 8423 8428 8415
f 8425 8429 8415
f 8415 8430 8431
f 8427 8418 8415
f 8429 8422 8415
f 8415 8432 8430
f 8428 8426 8415
f 8431 8433 8415
f 8415 8434 8435
f 8415 8436 8437
f 8415 8438 8439
f 8433 8424 8415
f 8437 8434 8415
f 8417 8438 8415
f 8439 8436 8415
f 8435 8440 8415
f 8441 8442 8443
f 8444 8443 8445
f 8446 8445 8447
f 8448 8447 8449
f 8450 8449 8451
f 8452 8451 8453
f 8454 8453 8455
f 8456 8455 8457
f 8458 8457 8459
f 8460 8459 8461
f 8462 8461 8463
f 8464 8463 8465
f 8466 8465 8467
f 8468 8467 8469
f 8469 8470 8468
f 8467 8468 8466
f 8465 8466 8464
f 8463 8464 8462
f 8461 8462 8460
f 8459 8460 8458
f 8457 8458 8456
f 8455 8456 8454
f 8453 8454 8452
f 8451 8452 8450
f 8449 8450 8448
f 8447 8448 8446
f 8445 8446 8444
f 8443 8444 8441
f 8471 8472 8473
f 8474 8471 8475
f 8476 8474 8477
f 8478 8476 8479
f 8480 8478 8481
f 8482 8480 8483
f 8484 8482 8485
f 8486 8484 8487
f 8488 8486 8489
f 8490 8488 8491
f 8492 8490 8493
f 8494 8492 8495
f 8496 8494 8497
f 8498 8496 8499
f 8500 8498 8501
f 8502 8500 8503
f 8504 8502 8505
f 8506 8504 8507
f 8508 8506 8509
f 8510 8508 8511
f 8512 8510 8513
f 8514 8512 8515
f 8516 8514 8517
f 8518 8516 8519
f 8520 8518 8521
f 8522 8520 8523
f 8524 8522 8525
f 8525 8526 8524
f 8523 8525 8522
f 8521 8523 8520
f 8519 8521 8518
f 8517 8519 8516
f 8515 8517 8514
f 8513 8515 8512
f 8511 8513 8510
f 8509 8511 8508
f 8507 8509 8506
f 8505 8507 8504
f 8503 8505 8502
f 8501 8503 8500
f 8499 8501 8498
f 8497 8499 8496
f 8495 8497 8494
f 8493 8495 8492
f 8491 8493 8490
f 8489 8491 8488
f 8487 8489 8486
f 8485 8487 8484
f 8483 8485 8482
f 8481 8483 8480
f 8479 8481 8478
f 8477 8479 8476
f 8475 8477 8474
f 8473 8475 8471
f 8527 8528 8529
f 8527 8530 8531
f 8527 8532 8533
f 8534 8535 8536
f 8534 8537 8538
f 8527 8539 8528
f 8533 8530 8527
f 8538 8535 8534
f 8527 8540 8539
f 8527 8541 8532
f 8527 8542 8543
f 8527 8544 8545
f 8527 8546 8547
f 8529 8534 8527
f 8543 8541 8527
f 8527 8548 8549
f 8527 8550 8544
f 8547 8551 8527
f 8531 8540 8527
f 8549 8552 8527
f 8551 8550 8527
f 8527 8553 8554
f 8552 8542 8527
f 8554 8546 8527
f 8545 8548 8527
f 8555 8556 8557
f 8536 8527 8534
f 8555 8558 8559
f 8557 8560 8555
f 8561 8562 8553
f 8555 8563 8564
f 8560 8558 8555
f 8561 8555 8562
f 8559 8563 8555
f 8527 8561 8553
f 8561 8556 8555
f 8565 8566 8567
f 8568 8569 8566
f 8566 8565 8570
f 8567 8555 8565
f 8568 8571 8569
f 8568 8572 8573
f 8568 8574 8575
f 8566 8576 8577
f 8564 8565 8555
f 8573 8571 8568
f 8568 8578 8574
f 8570 8576 8566
f 8575 8572 8568
f 8568 8579 8580
f 8566 8581 8568
f 8568 8582 8579
f 8580 8578 8568
f 8577 8581 8566
f 8581 8583 8568
f 8584 8585 8586
f 8587 8586 8585
f 8585 8588 8587
f 8586 8589 8584
f 8590 8591 8592
f 8593 8592 8594
f 8595 8594 8596
f 8597 8596 8598
f 8599 8598 8600
f 8601 8600 8602
f 8603 8602 8604
f 8605 8604 8606
f 8607 8606 8608
f 8609 8608 8610
f 8611 8610 8612
f 8613 8612 8614
f 8615 8614 8616
f 8617 8616 8618
f 8618 8619 8617
f 8616 8617 8615
f 8614 8615 8613
f 8612 8613 8611
f 8610 8611 8609
f 8608 8609 8607
f 8606 8607 8605
f 8604 8605 8603
f 8602 8603 8601
f 8600 8601 8599
f 8598 8599 8597
f 8596 8597 8595
f 8594 8595 8593
f 8592 8593 8590
f 8620 8621 8622
f 8620 8623 8624
f 8620 8625 8626
f 8624 8621 8620
f 8626 8627 8620
f 8625 8628 8629
f 8625 8620 8630
f 8620 8631 8632
f 8622 8633 8620
f 8627 8634 8620
f 8630 8628 8625
f 8620 8635 8636
f 8633 8631 8620
f 8629 8637 8625
f 8620 8638 8635
f 8634 8623 8620
f 8639 8640 8641
f 8632 8638 8620
f 8639 8642 8640
f 8639 8643 8644
f 8645 8646 8647
f 8648 8649 8650
f 8639 8651 8620
f 8639 8652 8642
f 8644 8653 8639
f 8654 8655 8643
f 8656 8647 8655
f 8647 8657 8645
f 8658 8650 8646
f 8646 8645 8659
f 8650 8660 8648
f 8639 8661 8651
f 8653 8652 8639
f 8643 8662 8654
f 8655 8663 8656
f 8647 8664 8657
f 8659 8665 8646
f 8648 8666 8667
f 8648 8668 8669
f 8650 8670 8660
f 8641 8661 8639
f 8655 8654 8663
f 8650 8658 8671
f 8646 8665 8658
f 8667 8672 8648
f 8660 8668 8648
f 8643 8639 8662
f 8647 8656 8664
f 8648 8673 8674
f 8669 8666 8648
f 8671 8670 8650
f 8674 8675 8648
f 8636 8639 8620
f 8672 8673 8648
f 8675 8676 8648
f 8677 8678 8679
f 8680 8679 8681
f 8682 8681 8683
f 8684 8683 8685
f 8686 8685 8687
f 8688 8687 8689
f 8690 8689 8691
f 8692 8691 8693
f 8694 8693 8695
f 8696 8695 8697
f 8698 8697 8699
f 8700 8699 8701
f 8702 8701 8703
f 8704 8703 8705
f 8705 8706 8704
f 8703 8704 8702
f 8701 8702 8700
f 8699 8700 8698
f 8697 8698 8696
f 8695 8696 8694
f 8693 8694 8692
f 8691 8692 8690
f 8689 8690 8688
f 8687 8688 8686
f 8685 8686 8684
f 8683 8684 8682
f 8681 8682 8680
f 8679 8680 8677
f 8707 8708 8709
f 8710 8707 8711
f 8712 8710 8713
f 8714 8712 8715
f 8716 8714 8717
f 8718 8716 8719
f 8720 8718 8721
f 8722 8720 8723
f 8724 8722 8725
f 8726 8724 8727
f 8728 8726 8729
f 8730 8728 8731
f 8732 8730 8733
f 8734 8732 8735
f 8736 8734 8737
f 8738 8736 8739
f 8740 8738 8741
f 8742 8740 8743
f 8744 8742 8745
f 8746 8744 8747
f 8748 8746 8749
f 8750 8748 8751
f 8752 8750 8753
f 8754 8752 8755
f 8756 8754 8757
f 8758 8756 8759
f 8760 8758 8761
f 8761 8762 8760
f 8759 8761 8758
f 8757 8759 8756
f 8755 8757 8754
f 8753 8755 8752
f 8751 8753 8750
f 8749 8751 8748
f 8747 8749 8746
f 8745 8747 8744
f 8743 8745 8742
f 8741 8743 8740
f 8739 8741 8738
f 8737 8739 8736
f 8735 8737 8734
f 8733 8735 8732
f 8731 8733 8730
f 8729 8731 8728
f 8727 8729 8726
f 8725 8727 8724
f 8723 8725 8722
f 8721 8723 8720
f 8719 8721 8718
f 8717 8719 8716
f 8715 8717 8714
f 8713 8715 8712
f 8711 8713 8710
f 8709 8711 8707
f 8763 8764 8765
f 8766 8767 8768
f 8765 8769 8763
f 8766 8770 8771
f 8768 8772 8766
f 8766 8773 8774
f 8769 8775 8763
f 8771 8776 8766
f 8766 8777 8778
f 8766 8779 8780
f 8774 8767 8766
f 8766 8781 8764
f 8766 8782 8770
f 8766 8783 8777
f 8766 8784 8785
f 8766 8786 8787
f 8766 8788 8789
f 8772 8779 8766
f 8776 8781 8766
f 8785 8783 8766
f 8766 8790 8786
f 8780 8788 8766
f 8791 8792 8793
f 8778 8782 8766
f 8789 8790 8766
f 8792 8794 8793
f 8787 8784 8766
f 8791 8795 8796
f 8792 8797 8794
f 8792 8798 8799
f 8766 8792 8773
f 8791 8800 8801
f 8791 8802 8795
f 8799 8797 8792
f 8763 8766 8764
f 8791 8803 8804
f 8801 8805 8791
f 8791 8806 8807
f 8791 8808 8809
f 8791 8810 8811
f 8793 8802 8791
f 8766 8812 8792
f 8805 8803 8791
f 8809 8806 8791
f 8791 8813 8814
f 8791 8815 8816
f 8811 8817 8791
f 8812 8798 8792
f 8807 8800 8791
f 8816 8813 8791
f 8796 8810 8791
f 8814 8808 8791
f 8804 8792 8791
f 8817 8818 8791
f 8818 8819 8791
f 8820 8821 8822
f 8822 8823 8820
f 8824 8825 8826
f 8827 8826 8828
f 8829 8828 8830
f 8831 8830 8832
f 8833 8832 8834
f 8835 8834 8836
f 8837 8836 8838
f 8839 8838 8840
f 8841 8840 8842
f 8843 8842 8844
f 8845 8844 8846
f 8847 8846 8848
f 8849 8848 8850
f 8851 8850 8852
f 8852 8853 8851
f 8850 8851 8849
f 8848 8849 8847
f 8846 8847 8845
f 8844 8845 8843
f 8842 8843 8841
f 8840 8841 8839
f 8838 8839 8837
f 8836 8837 8835
f 8834 8835 8833
f 8832 8833 8831
f 8830 8831 8829
f 8828 8829 8827
f 8826 8827 8824
f 8854 8855 8856
f 8857 8858 8859
f 8854 8860 8861
f 8854 8862 8855
f 8854 8863 8864
f 8857 8865 8858
f 8856 8860 8854
f 8854 8866 8867
f 8854 8868 8869
f 8854 8870 8863
f 8871 8854 8857
f 8867 8862 8854
f 8854 8872 8873
f 8854 8874 8875
f 8854 8876 8877
f 8869 8878 8854
f 8864 8879 8854
f 8859 8871 8857
f 8873 8866 8854
f 8875 8880 8854
f 8878 8876 8854
f 8871 8870 8854
f 8880 8872 8854
f 8879 8868 8854
f 8881 8882 8883
f 8877 8874 8854
f 8883 8884 8881
f 8881 8885 8886
f 8861 8887 8854
f 8884 8888 8889
f 8883 8890 8884
f 8881 8891 8892
f 8881 8893 8894
f 8881 8895 8896
f 8881 8897 8885
f 8881 8884 8898
f 8884 8899 8854
f 8890 8888 8884
f 8892 8900 8881
f 8881 8901 8902
f 8896 8893 8881
f 8898 8897 8881
f 8884 8903 8899
f 8900 8882 8881
f 8881 8904 8905
f 8881 8906 8907
f 8902 8908 8881
f 8886 8895 8881
f 8889 8903 8884
f 8907 8904 8881
f 8894 8901 8881
f 8905 8891 8881
f 8887 8884 8854
f 8908 8909 8881
f 8909 8910 8881
f 8911 8912 8913
f 8914 8913 8915
f 8916 8915 8917
f 8918 8917 8919
f 8920 8919 8921
f 8922 8921 8923
f 8924 8923 8925
f 8926 8925 8927
f 8928 8927 8929
f 8930 8929 8931
f 8932 8931 8933
f 8934 8933 8935
f 8936 8935 8937
f 8938 8937 8939
f 8939 8940 8938
f 8937 8938 8936
f 8935 8936 8934
f 8933 8934 8932
f 8931 8932 8930
f 8929 8930 8928
f 8927 8928 8926
f 8925 8926 8924
f 8923 8924 8922
f 8921 8922 8920
f 8919 8920 8918
f 8917 8918 8916
f 8915 8916 8914
f 8913 8914 8911
f 8941 8942 8943
f 8944 8941 8945
f 8946 8944 8947
f 8948 8946 8949
f 8950 8948 8951
f 8952 8950 8953
f 8954 8952 8955
f 8956 8954 8957
f 8958 8956 8959
f 8960 8958 8961
f 8962 8960 8963
f 8964 8962 8965
f 8966 8964 8967
f 8968 8966 8969
f 8970 8968 8971
f 8972 8970 8973
f 8974 8972 8975
f 8976 8974 8977
f 8978 8976 8979
f 8980 8978 8981
f 8982 8980 8983
f 8984 8982 8985
f 8986 8984 8987
f 8988 8986 8989
f 8990 8988 8991
f 8992 8990 8993
f 8994 8992 8995
f 8995 8996 8994
f 8993 8995 8992
f 8991 8993 8990
f 8989 8991 8988
f 8987 8989 8986
f 8985 8987 8984
f 8983 8985 8982
f 8981 8983 8980
f 8979 8981 8978
f 8977 8979 8976
f 8975 8977 8974
f 8973 8975 8972
f 8971 8973 8970
f 8969 8971 8968
f 8967 8969 8966
f 8965 8967 8964
f 8963 8965 8962
f 8961 8963 8960
f 8959 8961 8958
f 8957 8959 8956
f 8955 8957 8954
f 8953 8955 8952
f 8951 8953 8950
f 8949 8951 8948
f 8947 8949 8946
f 8945 8947 8944
f 8943 8945 8941
f 8997 8998 8999
f 8997 9000 8998
f 8997 9001 9002
f 8997 9003 9004
f 9002 9000 8997
f 8997 9005 9006
f 9004 9007 8997
f 9006 9001 8997
f 9007 9008 8997
f 8997 9009 9010
f 8997 9011 9012
f 8997 9013 9014
f 9008 9005 8997
f 9010 9015 8997
f 8997 9016 9011
f 8997 9017 9018
f 9014 9019 8997
f 8997 9020 9021
f 9015 9003 8997
f 9018 9016 8997
f 8997 9022 9023
f 9021 9013 8997
f 9012 9009 8997
f 9019 9022 8997
f 9023 9017 8997
f 8997 9024 9020
f 9025 9026 9027
f 9028 9029 9025
f 8999 9030 8997
f 9025 9031 9026
f 9025 9032 9033
f 8997 9028 9024
f 9033 9031 9025
f 9025 9024 9028
f 9025 9034 9035
f 9029 9032 9025
f 9035 9036 9025
f 9025 9037 9038
f 9025 9039 9040
f 9025 9041 9042
f 9025 9043 9044
f 9025 9045 9046
f 9027 9047 9025
f 9038 9034 9025
f 9040 9048 9025
f 9025 9049 9050
f 9025 9051 9041
f 9025 9052 9043
f 9047 9045 9025
f 9048 9037 9025
f 9042 9049 9025
f 9046 9052 9025
f 9050 9039 9025
f 9036 9024 9025
f 9044 9053 9025
f 9054 9055 9056
f 9056 9057 9054
f 9058 9059 9060
f 9061 9060 9062
f 9063 9062 9064
f 9065 9064 9066
f 9067 9066 9068
f 9069 9068 9070
f 9071 9070 9072
f 9073 9072 9074
f 9075 9074 9076
f 9077 9076 9078
f 9079 9078 9080
f 9081 9080 9082
f 9083 9082 9084
f 9085 9084 9086
f 9086 9087 9085
f 9084 9085 9083
f 9082 9083 9081
f 9080 9081 9079
f 9078 9079 9077
f 9076 9077 9075
f 9074 9075 9073
f 9072 9073 9071
f 9070 9071 9069
f 9068 9069 9067
f 9066 9067 9065
f 9064 9065 9063
f 9062 9063 9061
f 9060 9061 9058
f 9088 9089 9090
f 9088 9091 9092
f 9088 9093 9094
f 9090 9095 9088
f 9088 9096 9091
f 9088 9097 9098
f 9095 9093 9088
f 9088 9099 9100
f 9088 9101 9102
f 9088 9103 9104
f 9088 9105 9096
f 9094 9097 9088
f 9088 9106 9107
f 9088 9108 9099
f 9088 9109 9110
f 9102 9111 9088
f 9088 9112 9103
f 9098 9105 9088
f 9100 9106 9088
f 9088 9113 9114
f 9111 9109 9088
f 9092 9112 9088
f 9114 9108 9088
f 9104 9101 9088
f 9110 9113 9088
f 9107 9115 9088
f 9116 9117 9088
f 9117 9116 9118
f 9118 9119 9120
f 9118 9121 9117
f 9118 9122 9123
f 9120 9124 9118
f 9118 9125 9126
f 9118 9127 9121
f 9124 9122 9118
f 9118 9128 9129
f 9118 9130 9131
f 9118 9116 9125
f 9123 9127 9118
f 9118 9132 9133
f 9118 9134 9135
f 9118 9136 9128
f 9126 9130 9118
f 9118 9137 9119
f 9118 9138 9139
f 9118 9140 9141
f 9135 9132 9118
f 9131 9136 9118
f 9139 9137 9118
f 9141 9142 9118
f 9129 9134 9118
f 9142 9138 9118
f 9115 9116 9088
f 9133 9143 9118
f 9143 9144 9118
f 9145 9146 9147
f 9148 9147 9149
f 9150 9149 9151
f 9152 9151 9153
f 9154 9153 9155
f 9156 9155 9157
f 9158 9157 9159
f 9160 9159 9161
f 9162 9161 9163
f 9164 9163 9165
f 9166 9165 9167
f 9168 9167 9169
f 9170 9169 9171
f 9172 9171 9173
f 9173 9174 9172
f 9171 9172 9170
f 9169 9170 9168
f 9167 9168 9166
f 9165 9166 9164
f 9163 9164 9162
f 9161 9162 9160
f 9159 9160 9158
f 9157 9158 9156
f 9155 9156 9154
f 9153 9154 9152
f 9151 9152 9150
f 9149 9150 9148
f 9147 9148 9145
f 9175 9176 9177
f 9178 9175 9179
f 9180 9178 9181
f 9182 9180 9183
f 9184 9182 9185
f 9186 9184 9187
f 9188 9186 9189
f 9190 9188 9191
f 9192 9190 9193
f 9194 9192 9195
f 9196 9194 9197
f 9198 9196 9199
f 9200 9198 9201
f 9202 9200 9203
f 9204 9202 9205
f 9206 9204 9207
f 9208 9206 9209
f 9210 9208 9211
f 9212 9210 9213
f 9214 9212 9215
f 9216 9214 9217
f 9218 9216 9219
f 9220 9218 9221
f 9222 9220 9223
f 9224 9222 9225
f 9226 9224 9227
f 9228 9226 9229
f 9229 9230 9228
f 9227 9229 9226
f 9225 9227 9224
f 9223 9225 9222
f 9221 9223 9220
f 9219 9221 9218
f 9217 9219 9216
f 9215 9217 9214
f 9213 9215 9212
f 9211 9213 9210
f 9209 9211 9208
f 9207 9209 9206
f 9205 9207 9204
f 9203 9205 9202
f 9201 9203 9200
f 9199 9201 9198
f 9197 9199 9196
f 9195 9197 9194
f 9193 9195 9192
f 9191 9193 9190
f 9189 9191 9188
f 9187 9189 9186
f 9185 9187 9184
f 9183 9185 9182
f 9181 9183 9180
f 9179 9181 9178
f 9177 9179 9175
f 9231 9232 9233
f 9231 9234 9235
f 9236 9237 9238
f 9235 9232 9231
f 9236 9239 9237
f 9236 9240 9241
f 9242 9243 9244
f 9242 9236 9245
f 9238 9231 9236
f 9236 9242 9240
f 9246 9247 9248
f 9246 9249 9250
f 9249 9251 9252
f 9245 9243 9242
f 9241 9239 9236
f 9250 9247 9246
f 9252 9253 9249
f 9233 9236 9231
f 9248 9254 9246
f 9249 9246 9251
f 9254 9242 9246
f 9255 9256 9257
f 9244 9246 9242
f 9255 9258 9256
f 9259 9260 9261
f 9257 9249 9255
f 9259 9262 9260
f 9259 9263 9264
f 9253 9255 9249
f 9259 9265 9262
f 9264 9266 9259
f 9267 9268 9258
f 9259 9269 9270
f 9266 9265 9259
f 9271 9272 9259
f 9267 9273 9268
f 9259 9274 9275
f 9261 9269 9259
f 9259 9276 9271
f 9267 9277 9273
f 9259 9278 9274
f 9272 9263 9259
f 9255 9267 9258
f 9259 9279 9280
f 9259 9281 9282
f 9259 9283 9284
f 9275 9285 9259
f 9270 9286 9259
f 9271 9276 9277
f 9282 9279 9259
f 9285 9283 9259
f 9267 9271 9277
f 9284 9281 9259
f 9280 9276 9259
f 9286 9287 9259
f 9288 9289 9290
f 9291 9290 9292
f 9293 9292 9294
f 9295 9294 9296
f 9297 9296 9298
f 9299 9298 9300
f 9301 9300 9302
f 9303 9302 9304
f 9305 9304 9306
f 9307 9306 9308
f 9309 9308 9310
f 9311 9310 9312
f 9313 9312 9314
f 9315 9314 9316
f 9316 9317 9315
f 9314 9315 9313
f 9312 9313 9311
f 9310 9311 9309
f 9308 9309 9307
f 9306 9307 9305
f 9304 9305 9303
f 9302 9303 9301
f 9300 9301 9299
f 9298 9299 9297
f 9296 9297 9295
f 9294 9295 9293
f 9292 9293 9291
f 9290 9291 9288
f 9318 9319 9320
f 9319 9321 9322
f 9319 9318 9323
f 9318 9324 9325
f 9320 9326 9318
f 9323 9321 9319
f 9327 9328 9329
f 9327 9330 9331
f 9325 9332 9318
f 9322 9333 9319
f 9334 9335 9336
f 9334 9327 9337
f 9331 9328 9327
f 9326 9324 9318
f 9337 9335 9334
f 9338 9339 9340
f 9327 9334 9330
f 9336 9318 9334
f 9338 9341 9339
f 9341 9338 9342
f 9332 9334 9318
f 9340 9343 9338
f 9342 9344 9341
f 9343 9327 9338
f 9329 9338 9327
f 9345 9346 9341
f 9347 9348 9349
f 9344 9345 9341
f 9347 9350 9351
f 9349 9352 9347
f 9347 9353 9354
f 9345 9355 9346
f 9347 9356 9350
f 9352 9357 9347
f 9347 9358 9359
f 9347 9360 9353
f 9347 9361 9362
f 9347 9363 9364
f 9347 9365 9366
f 9355 9367 9346
f 9368 9365 9347
f 9357 9356 9347
f 9359 9369 9347
f 9362 9360 9347
f 9366 9363 9347
f 9370 9368 9346
f 9347 9371 9372
f 9369 9348 9347
f 9364 9361 9347
f 9367 9370 9346
f 9351 9371 9347
f 9354 9373 9347
f 9347 9372 9368
f 9370 9365 9368
f 9373 9374 9347
f 9375 9376 9377
f 9378 9377 9379
f 9380 9379 9381
f 9382 9381 9383
f 9384 9383 9385
f 9386 9385 9387
f 9388 9387 9389
f 9390 9389 9391
f 9392 9391 9393
f 9394 9393 9395
f 9396 9395 9397
f 9398 9397 9399
f 9400 9399 9401
f 9402 9401 9403
f 9403 9404 9402
f 9401 9402 9400
f 9399 9400 9398
f 9397 9398 9396
f 9395 9396 9394
f 9393 9394 9392
f 9391 9392 9390
f 9389 9390 9388
f 9387 9388 9386
f 9385 9386 9384
f 9383 9384 9382
f 9381 9382 9380
f 9379 9380 9378
f 9377 9378 9375
f 9405 9406 9407
f 9408 9405 9409
f 9410 9408 9411
f 9412 9410 9413
f 9414 9412 9415
f 9416 9414 9417
f 9418 9416 9419
f 9420 9418 9421
f 9422 9420 9423
f 9424 9422 9425
f 9426 9424 9427
f 9428 9426 9429
f 9430 9428 9431
f 9432 9430 9433
f 9434 9432 9435
f 9436 9434 9437
f 9438 9436 9439
f 9440 9438 9441
f 9442 9440 9443
f 9444 9442 9445
f 9446 9444 9447
f 9448 9446 9449
f 9450 9448 9451
f 9452 9450 9453
f 9454 9452 9455
f 9456 9454 9457
f 9458 9456 9459
f 9459 9460 9458
f 9457 9459 9456
f 9455 9457 9454
f 9453 9455 9452
f 9451 9453 9450
f 9449 9451 9448
f 9447 9449 9446
f 9445 9447 9444
f 9443 9445 9442
f 9441 9443 9440
f 9439 9441 9438
f 9437 9439 9436
f 9435 9437 9434
f 9433 9435 9432
f 9431 9433 9430
f 9429 9431 9428
f 9427 9429 9426
f 9425 9427 9424
f 9423 9425 9422
f 9421 9423 9420
f 9419 9421 9418
f 9417 9419 9416
f 9415 9417 9414
f 9413 9415 9412
f 9411 9413 9410
f 9409 9411 9408
f 9407 9409 9405
f 9461 9462 9463
f 9463 9464 9461
f 9465 9466 9467
f 9468 9469 9470
f 9469 9471 9472
f 9467 9473 9465
f 9470 9474 9468
f 9469 9475 9476
f 9472 9477 9469
f 9469 9468 9478
f 9474 9465 9468
f 9477 9475 9469
f 9473 9468 9465
f 9478 9471 9469
f 9479 9480 9481
f 9480 9479 9482
f 9481 9469 9479
f 9483 9484 9485
f 9486 9487 9488
f 9480 9489 9490
f 9476 9479 9469
f 9483 9491 9484
f 9488 9492 9486
f 9487 9493 9494
f 9495 9483 9496
f 9482 9489 9480
f 9483 9495 9491
f 9486 9497 9498
f 9492 9499 9486
f 9487 9500 9501
f 9502 9503 9504
f 9487 9505 9503
f 9487 9506 9507
f 9494 9508 9487
f 9496 9509 9495
f 9485 9480 9483
f 9498 9510 9486
f 9501 9488 9487
f 9503 9502 9487
f 9507 9511 9487
f 9487 9512 9493
f 9490 9483 9480
f 9486 9513 9514
f 9510 9515 9486
f 9499 9516 9486
f 9511 9505 9487
f 9508 9517 9487
f 9509 9518 9495
f 9486 9519 9513
f 9516 9497 9486
f 9517 9506 9487
f 9487 9486 9520
f 9486 9521 9495
f 9515 9519 9486
f 9520 9512 9487
f 9514 9521 9486
f 9518 9486 9495
f 9504 9522 9502
f 9523 9524 9525
f 9525 9526 9523
f 9527 9528 9529
f 9530 9527 9531
f 9532 9530 9533
f 9534 9532 9535
f 9536 9534 9537
f 9538 9536 9539
f 9540 9538 9541
f 9542 9540 9543
f 9544 9542 9545
f 9546 9544 9547
f 9548 9546 9549
f 9550 9548 9551
f 9552 9550 9553
f 9554 9552 9555
f 9556 9554 9557
f 9558 9556 9559
f 9560 9558 9561
f 9562 9560 9563
f 9564 9562 9565
f 9566 9564 9567
f 9568 9566 9569
f 9570 9568 9571
f 9572 9570 9573
f 9574 9572 9575
f 9576 9574 9577
f 9578 9576 9579
f 9580 9578 9581
f 9581 9582 9580
f 9579 9581 9578
f 9577 9579 9576
f 9575 9577 9574
f 9573 9575 9572
f 9571 9573 9570
f 9569 9571 9568
f 9567 9569 9566
f 9565 9567 9564
f 9563 9565 9562
f 9561 9563 9560
f 9559 9561 9558
f 9557 9559 9556
f 9555 9557 9554
f 9553 9555 9552
f 9551 9553 9550
f 9549 9551 9548
f 9547 9549 9546
f 9545 9547 9544
f 9543 9545 9542
f 9541 9543 9540
f 9539 9541 9538
f 9537 9539 9536
f 9535 9537 9534
f 9533 9535 9532
f 9531 9533 9530
f 9529 9531 9527
f 9583 9584 9585
f 9586 9587 9588
f 9583 9586 9584
f 9586 9583 9587
f 9589 9590 9591
f 9588 9592 9586
f 9589 9593 9594
f 9589 9595 9590
f 9589 9596 9597
f 9594 9583 9589
f 9597 9595 9589
f 9596 9589 9598
f 9591 9593 9589
f 9599 9600 9601
f 9585 9589 9583
f 9600 9602 9603
f 9604 9605 9606
f 9605 9607 9608
f 9601 9609 9599
f 9603 9596 9600
f 9600 9599 9610
f 9604 9611 9612
f 9606 9613 9604
f 9605 9614 9607
f 9605 9615 9616
f 9609 9617 9599
f 9610 9602 9600
f 9618 9619 9620
f 9604 9621 9622
f 9612 9623 9604
f 9608 9606 9605
f 9605 9624 9615
f 9598 9600 9596
f 9618 9625 9619
f 9604 9626 9621
f 9623 9627 9604
f 9605 9628 9614
f 9605 9629 9624
f 9605 9630 9631
f 9620 9599 9618
f 9622 9632 9604
f 9604 9627 9633
f 9611 9634 9612
f 9616 9628 9605
f 9631 9635 9605
f 9618 9605 9625
f 9604 9636 9626
f 9611 9637 9634
f 9635 9629 9605
f 9617 9618 9599
f 9604 9638 9639
f 9633 9636 9604
f 9618 9630 9605
f 9632 9638 9604
f 9639 9605 9604
f 9613 9640 9604
f 9641 9642 9643
f 9644 9643 9645
f 9646 9645 9647
f 9648 9647 9649
f 9650 9649 9651
f 9652 9651 9653
f 9654 9653 9655
f 9656 9655 9657
f 9658 9657 9659
f 9660 9659 9661
f 9662 9661 9663
f 9664 9663 9665
f 9666 9665 9667
f 9668 9667 9669
f 9669 9670 9668
f 9667 9668 9666
f 9665 9666 9664
f 9663 9664 9662
f 9661 9662 9660
f 9659 9660 9658
f 9657 9658 9656
f 9655 9656 9654
f 9653 9654 9652
f 9651 9652 9650
f 9649 9650 9648
f 9647 9648 9646
f 9645 9646 9644
f 9643 9644 9641
f 9671 9672 9673
f 9674 9673 9675
f 9676 9675 9677
f 9678 9677 9679
f 9680 9679 9681
f 9682 9681 9683
f 9684 9683 9685
f 9686 9685 9687
f 9688 9687 9689
f 9690 9689 9691
f 9692 9691 9693
f 9694 9693 9695
f 9696 9695 9697
f 9698 9697 9699
f 9699 9700 9698
f 9697 9698 9696
f 9695 9696 9694
f 9693 9694 9692
f 9691 9692 9690
f 9689 9690 9688
f 9687 9688 9686
f 9685 9686 9684
f 9683 9684 9682
f 9681 9682 9680
f 9679 9680 9678
f 9677 9678 9676
f 9675 9676 9674
f 9673 9674 9671
f 9701 9702 9703
f 9704 9705 9706
f 9701 9707 9702
f 9706 9708 9704
f 9701 9709 9707
f 9709 9701 9704
f 9710 9711 9712
f 9710 9713 9714
f 9708 9709 9704
f 9715 9716 9717
f 9715 9718 9719
f 9715 9710 9720
f 9721 9722 9723
f 9714 9711 9710
f 9717 9701 9715
f 9720 9718 9715
f 9724 9725 9726
f 9721 9727 9728
f 9721 9729 9722
f 9710 9715 9713
f 9719 9716 9715
f 9724 9730 9725
f 9723 9727 9721
f 9721 9731 9732
f 9730 9724 9733
f 9703 9715 9701
f 9726 9734 9724
f 9728 9735 9721
f 9721 9736 9737
f 9721 9738 9739
f 9732 9740 9721
f 9733 9741 9730
f 9734 9710 9724
f 9742 9743 9721
f 9721 9744 9745
f 9737 9729 9721
f 9721 9746 9747
f 9740 9738 9721
f 9721 9748 9749
f 9712 9724 9710
f 9721 9750 9751
f 9735 9744 9721
f 9739 9746 9721
f 9721 9752 9748
f 9721 9743 9753
f 9741 9754 9730
f 9745 9750 9721
f 9749 9731 9721
f 9753 9755 9721
f 9743 9756 9730
f 9721 9751 9742
f 9755 9752 9721
f 9742 9756 9743
f 9754 9743 9730
f 9747 9757 9721
f 9758 9759 9760
f 9760 9761 9758
f 9762 9763 9764
f 9765 9764 9766
f 9767 9766 9768
f 9769 9768 9770
f 9771 9770 9772
f 9773 9772 9774
f 9775 9774 9776
f 9777 9776 9778
f 9779 9778 9780
f 9781 9780 9782
f 9783 9782 9784
f 9785 9784 9786
f 9787 9786 9788
f 9789 9788 9790
f 9790 9791 9789
f 9788 9789 9787
f 9786 9787 9785
f 9784 9785 9783
f 9782 9783 9781
f 9780 9781 9779
f 9778 9779 9777
f 9776 9777 9775
f 9774 9775 9773
f 9772 9773 9771
f 9770 9771 9769
f 9768 9769 9767
f 9766 9767 9765
f 9764 9765 9762
f 9792 9793 9794
f 9795 9796 9797
f 9794 9798 9792
f 9797 9799 9795
f 9795 9800 9793
f 9799 9801 9795
f 9802 9803 9804
f 9796 9805 9806
f 9796 9807 9808
f 9796 9795 9809
f 9801 9800 9795
f 9810 9811 9812
f 9810 9813 9814
f 9804 9815 9802
f 9802 9816 9817
f 9813 9818 9819
f 9808 9805 9796
f 9792 9795 9793
f 9814 9811 9810
f 9817 9803 9802
f 9819 9820 9813
f 9809 9807 9796
f 9812 9821 9810
f 9802 9822 9823
f 9802 9824 9816
f 9813 9810 9818
f 9821 9796 9810
f 9825 9826 9827
f 9802 9828 9829
f 9815 9822 9802
f 9802 9830 9831
f 9832 9833 9802
f 9806 9810 9796
f 9825 9834 9826
f 9802 9835 9828
f 9802 9836 9837
f 9831 9824 9802
f 9802 9838 9832
f 9827 9813 9825
f 9802 9839 9840
f 9802 9841 9835
f 9837 9842 9802
f 9833 9830 9802
f 9825 9838 9834
f 9802 9843 9844
f 9840 9845 9802
f 9842 9841 9802
f 9838 9846 9832
f 9820 9825 9813
f 9802 9847 9843
f 9829 9839 9802
f 9825 9846 9838
f 9845 9847 9802
f 9844 9838 9802
f 9823 9848 9802
f 9849 9850 9851
f 9852 9851 9853
f 9854 9853 9855
f 9856 9855 9857
f 9858 9857 9859
f 9860 9859 9861
f 9862 9861 9863
f 9864 9863 9865
f 9866 9865 9867
f 9868 9867 9869
f 9870 9869 9871
f 9872 9871 9873
f 9874 9873 9875
f 9876 9875 9877
f 9877 9878 9876
f 9875 9876 9874
f 9873 9874 9872
f 9871 9872 9870
f 9869 9870 9868
f 9867 9868 9866
f 9865 9866 9864
f 9863 9864 9862
f 9861 9862 9860
f 9859 9860 9858
f 9857 9858 9856
f 9855 9856 9854
f 9853 9854 9852
f 9851 9852 9849
f 9879 9880 9881
f 9882 9879 9883
f 9884 9882 9885
f 9886 9884 9887
f 9888 9886 9889
f 9890 9888 9891
f 9892 9890 9893
f 9894 9892 9895
f 9896 9894 9897
f 9898 9896 9899
f 9900 9898 9901
f 9902 9900 9903
f 9904 9902 9905
f 9906 9904 9907
f 9908 9906 9909
f 9910 9908 9911
f 9912 9910 9913
f 9914 9912 9915
f 9916 9914 9917
f 9918 9916 9919
f 9920 9918 9921
f 9922 9920 9923
f 9924 9922 9925
f 9926 9924 9927
f 9928 9926 9929
f 9930 9928 9931
f 9932 9930 9933
f 9933 9934 9932
f 9931 9933 9930
f 9929 9931 9928
f 9927 9929 9926
f 9925 9927 9924
f 9923 9925 9922
f 9921 9923 9920
f 9919 9921 9918
f 9917 9919 9916
f 9915 9917 9914
f 9913 9915 9912
f 9911 9913 9910
f 9909 9911 9908
f 9907 9909 9906
f 9905 9907 9904
f 9903 9905 9902
f 9901 9903 9900
f 9899 9901 9898
f 9897 9899 9896
f 9895 9897 9894
f 9893 9895 9892
f 9891 9893 9890
f 9889 9891 9888
f 9887 9889 9886
f 9885 9887 9884
f 9883 9885 9882
f 9881 9883 9879
f 9935 9936 9937
f 9938 9939 9940
f 9937 9941 9935
f 9940 9942 9938
f 9941 9943 9935
f 9944 9935 9945
f 9943 9938 9935
f 9935 9944 9946
f 9944 9947 9948
f 9945 9949 9944
f 9946 9936 9935
f 9944 9950 9951
f 9948 9952 9944
f 9942 9935 9938
f 9944 9953 9950
f 9949 9947 9944
f 9954 9955 9956
f 9954 9957 9958
f 9957 9959 9960
f 9957 9954 9961
f 9952 9953 9944
f 9958 9955 9954
f 9962 9963 9964
f 9962 9965 9966
f 9962 9967 9968
f 9962 9969 9970
f 9962 9971 9972
f 9961 9959 9957
f 9956 9944 9954
f 9962 9973 9974
f 9962 9975 9976
f 9962 9977 9978
f 9962 9979 9963
f 9962 9980 9965
f 9968 9981 9962
f 9962 9982 9969
f 9972 9983 9962
f 9951 9954 9944
f 9962 9984 9973
f 9978 9975 9962
f 9962 9985 9979
f 9962 9986 9987
f 9981 9980 9962
f 9983 9982 9962
f 9960 9988 9957
f 9957 9989 9962
f 9976 9984 9962
f 9987 9985 9962
f 9970 9967 9962
f 9962 9990 9957
f 9964 9977 9962
f 9962 9989 9971
f 9974 9990 9962
f 9988 9989 9957
f 9966 9991 9962
f 9992 9993 9994
f 9994 9995 9992
f 9996 9997 9998
f 9999 9998 10000
f 10001 10000 10002
f 10003 10002 10004
f 10005 10004 10006
f 10007 10006 10008
f 10009 10008 10010
f 10011 10010 10012
f 10013 10012 10014
f 10015 10014 10016
f 10017 10016 10018
f 10019 10018 10020
f 10021 10020 10022
f 10023 10022 10024
f 10024 10025 10023
f 10022 10023 10021
f 10020 10021 10019
f 10018 10019 10017
f 10016 10017 10015
f 10014 10015 10013
f 10012 10013 10011
f 10010 10011 10009
f 10008 10009 10007
f 10006 10007 10005
f 10004 10005 10003
f 10002 10003 10001
f 10000 10001 9999
f 9998 9999 9996
f 10026 10027 10028
f 10026 10029 10027
f 10030 10031 10032
f 10026 10030 10029
f 10030 10026 10031
f 10026 10033 10034
f 10032 10035 10030
f 10036 10037 10038
f 10028 10033 10026
f 10036 10039 10037
f 10036 10040 10041
f 10038 10026 10036
f 10036 10042 10040
f 10036 10043 10044
f 10043 10045 10046
f 10043 10036 10047
f 10041 10039 10036
f 10044 10048 10036
f 10049 10050 10051
f 10047 10045 10043
f 10048 10042 10036
f 10052 10053 10054
f 10052 10055 10056
f 10051 10057 10049
f 10049 10058 10059
f 10049 10060 10061
f 10049 10062 10063
f 10034 10036 10026
f 10056 10053 10052
f 10049 10064 10065
f 10049 10066 10067
f 10049 10068 10069
f 10049 10070 10071
f 10049 10072 10073
f 10057 10074 10049
f 10061 10058 10049
f 10063 10075 10049
f 10054 10043 10052
f 10049 10076 10064
f 10067 10077 10049
f 10049 10078 10068
f 10071 10079 10049
f 10074 10072 10049
f 10075 10060 10049
f 10052 10062 10049
f 10052 10080 10055
f 10077 10076 10049
f 10079 10078 10049
f 10059 10050 10049
f 10046 10052 10043
f 10069 10066 10049
f 10049 10080 10052
f 10065 10081 10049
f 10081 10080 10049
f 10073 10082 10049
f 10083 10084 10085
f 10086 10085 10087
f 10088 10087 10089
f 10090 10089 10091
f 10092 10091 10093
f 10094 10093 10095
f 10096 10095 10097
f 10098 10097 10099
f 10100 10099 10101
f 10102 10101 10103
f 10104 10103 10105
f 10106 10105 10107
f 10108 10107 10109
f 10110 10109 10111
f 10111 10112 10110
f 10109 10110 10108
f 10107 10108 10106
f 10105 10106 10104
f 10103 10104 10102
f 10101 10102 10100
f 10099 10100 10098
f 10097 10098 10096
f 10095 10096 10094
f 10093 10094 10092
f 10091 10092 10090
f 10089 10090 10088
f 10087 10088 10086
f 10085 10086 10083
f 10113 10114 10115
f 10116 10113 10117
f 10118 10116 10119
f 10120 10118 10121
f 10122 10120 10123
f 10124 10122 10125
f 10126 10124 10127
f 10128 10126 10129
f 10130 10128 10131
f 10132 10130 10133
f 10134 10132 10135
f 10136 10134 10137
f 10138 10136 10139
f 10140 10138 10141
f 10142 10140 10143
f 10144 10142 10145
f 10146 10144 10147
f 10148 10146 10149
f 10150 10148 10151
f 10152 10150 10153
f 10154 10152 10155
f 10156 10154 10157
f 10158 10156 10159
f 10160 10158 10161
f 10162 10160 10163
f 10164 10162 10165
f 10166 10164 10167
f 10167 10168 10166
f 10165 10167 10164
f 10163 10165 10162
f 10161 10163 10160
f 10159 10161 10158
f 10157 10159 10156
f 10155 10157 10154
f 10153 10155 10152
f 10151 10153 10150
f 10149 10151 10148
f 10147 10149 10146
f 10145 10147 10144
f 10143 10145 10142
f 10141 10143 10140
f 10139 10141 10138
f 10137 10139 10136
f 10135 10137 10134
f 10133 10135 10132
f 10131 10133 10130
f 10129 10131 10128
f 10127 10129 10126
f 10125 10127 10124
f 10123 10125 10122
f 10121 10123 10120
f 10119 10121 10118
f 10117 10119 10116
f 10115 10117 10113
f 10169 10170 10171
f 10172 10173 10174
f 10175 10169 10176
f 10169 10175 10170
f 10176 10172 10175
f 10177 10178 10179
f 10174 10175 10172
f 10180 10181 10182
f 10180 10183 10184
f 10179 10185 10177
f 10177 10180 10186
f 10182 10169 10180
f 10184 10187 10180
f 10177 10188 10189
f 10186 10178 10177
f 10187 10181 10180
f 10180 10177 10190
f 10185 10188 10177
f 10190 10183 10180
f 10171 10180 10169
f 10191 10192 10193
f 10192 10191 10194
f 10193 10177 10191
f 10189 10191 10177
f 10195 10196 10197
f 10194 10198 10192
f 10197 10199 10195
f 10200 10201 10195
f 10200 10202 10192
f 10195 10203 10204
f 10195 10205 10206
f 10195 10207 10196
f 10198 10200 10192
f 10195 10208 10209
f 10195 10210 10211
f 10206 10203 10195
f 10195 10212 10207
f 10195 10213 10214
f 10195 10202 10200
f 10211 10208 10195
f 10195 10215 10216
f 10195 10217 10218
f 10199 10205 10195
f 10201 10213 10195
f 10209 10219 10195
f 10195 10220 10221
f 10216 10222 10195
f 10195 10223 10217
f 10214 10212 10195
f 10221 10210 10195
f 10218 10215 10195
f 10204 10224 10195
f 10222 10220 10195
f 10219 10202 10195
f 10224 10225 10195
f 10226 10227 10228
f 10228 10229 10226
f 10230 10231 10232
f 10233 10232 10234
f 10235 10234 10236
f 10237 10236 10238
f 10239 10238 10240
f 10241 10240 10242
f 10243 10242 10244
f 10245 10244 10246
f 10247 10246 10248
f 10249 10248 10250
f 10251 10250 10252
f 10253 10252 10254
f 10255 10254 10256
f 10257 10256 10258
f 10258 10259 10257
f 10256 10257 10255
f 10254 10255 10253
f 10252 10253 10251
f 10250 10251 10249
f 10248 10249 10247
f 10246 10247 10245
f 10244 10245 10243
f 10242 10243 10241
f 10240 10241 10239
f 10238 10239 10237
f 10236 10237 10235
f 10234 10235 10233
f 10232 10233 10230
f 10260 10261 10262
f 10263 10264 10265
f 10264 10263 10266
f 10267 10260 10268
f 10260 10269 10261
f 10260 10267 10270
f 10266 10271 10264
f 10268 10272 10267
f 10273 10274 10275
f 10270 10269 10260
f 10272 10263 10267
f 10273 10276 10277
f 10273 10278 10274
f 10260 10279 10280
f 10265 10267 10263
f 10275 10276 10273
f 10273 10281 10282
f 10262 10279 10260
f 10282 10278 10273
f 10281 10273 10283
f 10277 10260 10273
f 10280 10273 10260
f 10284 10285 10286
f 10286 10281 10284
f 10287 10288 10289
f 10287 10290 10291
f 10284 10292 10285
f 10287 10293 10294
f 10287 10295 10296
f 10291 10288 10287
f 10283 10284 10281
f 10292 10297 10287
f 10287 10298 10293
f 10287 10299 10300
f 10287 10301 10302
f 10287 10303 10295
f 10287 10304 10305
f 10287 10297 10290
f 10287 10306 10292
f 10294 10307 10287
f 10287 10308 10309
f 10300 10310 10287
f 10296 10301 10287
f 10289 10304 10287
f 10287 10311 10306
f 10287 10312 10313
f 10307 10314 10287
f 10310 10308 10287
f 10305 10303 10287
f 10313 10311 10287
f 10309 10298 10287
f 10302 10315 10287
f 10314 10312 10287
f 10284 10297 10292
f 10315 10316 10287
f 10317 10318 10319
f 10320 10319 10321
f 10322 10321 10323
f 10324 10323 10325
f 10326 10325 10327
f 10328 10327 10329
f 10330 10329 10331
f 10332 10331 10333
f 10334 10333 10335
f 10336 10335 10337
f 10338 10337 10339
f 10340 10339 10341
f 10342 10341 10343
f 10344 10343 10345
f 10345 10346 10344
f 10343 10344 10342
f 10341 10342 10340
f 10339 10340 10338
f 10337 10338 10336
f 10335 10336 10334
f 10333 10334 10332
f 10331 10332 10330
f 10329 10330 10328
f 10327 10328 10326
f 10325 10326 10324
f 10323 10324 10322
f 10321 10322 10320
f 10319 10320 10317
f 10347 10348 10349
f 10350 10347 10351
f 10352 10350 10353
f 10354 10352 10355
f 10356 10354 10357
f 10358 10356 10359
f 10360 10358 10361
f 10362 10360 10363
f 10364 10362 10365
f 10366 10364 10367
f 10368 10366 10369
f 10370 10368 10371
f 10372 10370 10373
f 10374 10372 10375
f 10376 10374 10377
f 10378 10376 10379
f 10380 10378 10381
f 10382 10380 10383
f 10384 10382 10385
f 10386 10384 10387
f 10388 10386 10389
f 10390 10388 10391
f 10392 10390 10393
f 10394 10392 10395
f 10396 10394 10397
f 10398 10396 10399
f 10400 10398 10401
f 10401 10402 10400
f 10399 10401 10398
f 10397 10399 10396
f 10395 10397 10394
f 10393 10395 10392
f 10391 10393 10390
f 10389 10391 10388
f 10387 10389 10386
f 10385 10387 10384
f 10383 10385 10382
f 10381 10383 10380
f 10379 10381 10378
f 10377 10379 10376
f 10375 10377 10374
f 10373 10375 10372
f 10371 10373 10370
f 10369 10371 10368
f 10367 10369 10366
f 10365 10367 10364
f 10363 10365 10362
f 10361 10363 10360
f 10359 10361 10358
f 10357 10359 10356
f 10355 10357 10354
f 10353 10355 10352
f 10351 10353 10350
f 10349 10351 10347
f 10403 10404 10405
f 10403 10406 10407
f 10408 10409 10410
f 10408 10411 10412
f 10405 10413 10403
f 10403 10414 10406
f 10408 10415 10416
f 10408 10417 10409
f 10408 10418 10411
f 10407 10404 10403
f 10410 10415 10408
f 10408 10419 10418
f 10420 10421 10422
f 10416 10403 10408
f 10408 10420 10419
f 10423 10424 10425
f 10423 10426 10427
f 10428 10429 10430
f 10420 10408 10421
f 10412 10417 10408
f 10427 10424 10423
f 10423 10431 10432
f 10428 10433 10434
f 10430 10435 10428
f 10413 10408 10403
f 10429 10428 10436
f 10437 10438 10439
f 10423 10440 10426
f 10423 10441 10442
f 10432 10443 10423
f 10435 10433 10428
f 10436 10420 10429
f 10437 10444 10445
f 10437 10446 10447
f 10439 10448 10437
f 10442 10440 10423
f 10432 10449 10443
f 10422 10429 10420
f 10447 10444 10437
f 10448 10450 10437
f 10437 10451 10452
f 10423 10453 10441
f 10432 10454 10449
f 10434 10455 10428
f 10450 10446 10437
f 10437 10456 10451
f 10443 10453 10423
f 10454 10432 10456
f 10437 10457 10428
f 10452 10438 10437
f 10456 10437 10454
f 10445 10457 10437
f 10455 10437 10428
f 10425 10458 10423
f 10458 10459 10423
f 10460 10461 10462
f 10461 10460 10463
f 10463 10464 10461
f 10462 10465 10460
f 10466 10467 10468
f 10469 10468 10470
f 10471 10470 10472
f 10473 10472 10474
f 10475 10474 10476
f 10477 10476 10478
f 10479 10478 10480
f 10481 10480 10482
f 10483 10482 10484
f 10485 10484 10486
f 10487 10486 10488
f 10489 10488 10490
f 10491 10490 10492
f 10493 10492 10494
f 10494 10495 10493
f 10492 10493 10491
f 10490 10491 10489
f 10488 10489 10487
f 10486 10487 10485
f 10484 10485 10483
f 10482 10483 10481
f 10480 10481 10479
f 10478 10479 10477
f 10476 10477 10475
f 10474 10475 10473
f 10472 10473 10471
f 10470 10471 10469
f 10468 10469 10466
f 10496 10497 10498
f 10496 10499 10500
f 10501 10502 10503
f 10501 10504 10505
f 10498 10506 10496
f 10500 10507 10496
f 10496 10501 10508
f 10503 10509 10501
f 10501 10496 10504
f 10506 10510 10496
f 10508 10499 10496
f 10505 10502 10501
f 10510 10511 10496
f 10509 10512 10501
f 10513 10514 10515
f 10516 10517 10518
f 10507 10497 10496
f 10515 10519 10513
f 10520 10521 10522
f 10516 10523 10524
f 10518 10525 10516
f 10526 10527 10528
f 10514 10513 10529
f 10519 10496 10513
f 10520 10530 10521
f 10520 10531 10532
f 10533 10534 10516
f 10525 10523 10516
f 10526 10535 10527
f 10526 10536 10537
f 10526 10538 10539
f 10511 10513 10496
f 10532 10530 10520
f 10516 10540 10533
f 10516 10541 10542
f 10524 10543 10516
f 10526 10544 10545
f 10526 10546 10535
f 10539 10536 10526
f 10522 10514 10520
f 10516 10547 10540
f 10543 10541 10516
f 10545 10548 10526
f 10537 10546 10526
f 10520 10526 10531
f 10534 10549 10516
f 10542 10550 10516
f 10528 10544 10526
f 10529 10520 10514
f 10551 10526 10552
f 10550 10547 10516
f 10520 10538 10526
f 10533 10551 10534
f 10552 10534 10551
f 10548 10552 10526
f 10553 10554 10555
f 10556 10555 10557
f 10558 10557 10559
f 10560 10559 10561
f 10562 10561 10563
f 10564 10563 10565
f 10566 10565 10567
f 10568 10567 10569
f 10570 10569 10571
f 10572 10571 10573
f 10574 10573 10575
f 10576 10575 10577
f 10578 10577 10579
f 10580 10579 10581
f 10581 10582 10580
f 10579 10580 10578
f 10577 10578 10576
f 10575 10576 10574
f 10573 10574 10572
f 10571 10572 10570
f 10569 10570 10568
f 10567 10568 10566
f 10565 10566 10564
f 10563 10564 10562
f 10561 10562 10560
f 10559 10560 10558
f 10557 10558 10556
f 10555 10556 10553
f 10583 10584 10585
f 10586 10583 10587
f 10588 10586 10589
f 10590 10588 10591
f 10592 10590 10593
f 10594 10592 10595
f 10596 10594 10597
f 10598 10596 10599
f 10600 10598 10601
f 10602 10600 10603
f 10604 10602 10605
f 10606 10604 10607
f 10608 10606 10609
f 10610 10608 10611
f 10612 10610 10613
f 10614 10612 10615
f 10616 10614 10617
f 10618 10616 10619
f 10620 10618 10621
f 10622 10620 10623
f 10624 10622 10625
f 10626 10624 10627
f 10628 10626 10629
f 10630 10628 10631
f 10632 10630 10633
f 10634 10632 10635
f 10636 10634 10637
f 10637 10638 10636
f 10635 10637 10634
f 10633 10635 10632
f 10631 10633 10630
f 10629 10631 10628
f 10627 10629 10626
f 10625 10627 10624
f 10623 10625 10622
f 10621 10623 10620
f 10619 10621 10618
f 10617 10619 10616
f 10615 10617 10614
f 10613 10615 10612
f 10611 10613 10610
f 10609 10611 10608
f 10607 10609 10606
f 10605 10607 10604
f 10603 10605 10602
f 10601 10603 10600
f 10599 10601 10598
f 10597 10599 10596
f 10595 10597 10594
f 10593 10595 10592
f 10591 10593 10590
f 10589 10591 10588
f 10587 10589 10586
f 10585 10587 10583
f 10639 10640 10641
f 10641 10642 10639
f 10640 10639 10643
f 10639 10644 10645
f 10643 10646 10640
f 10647 10648 10649
f 10647 10650 10651
f 10647 10652 10653
f 10652 10647 10654
f 10642 10644 10639
f 10647 10655 10656
f 10647 10657 10648
f 10653 10650 10647
f 10652 10658 10659
f 10652 10660 10661
f 10654 10662 10652
f 10656 10639 10647
f 10651 10657 10647
f 10652 10663 10664
f 10659 10665 10652
f 10662 10660 10652
f 10649 10655 10647
f 10665 10663 10652
f 10645 10647 10639
f 10661 10658 10652
f 10666 10667 10652
f 10668 10667 10669
f 10664 10666 10652
f 10670 10671 10668
f 10672 10673 10674
f 10666 10675 10667
f 10670 10676 10671
f 10670 10677 10678
f 10674 10670 10672
f 10667 10679 10680
f 10667 10681 10682
f 10667 10683 10684
f 10675 10685 10667
f 10678 10676 10670
f 10670 10686 10687
f 10672 10688 10673
f 10672 10689 10690
f 10682 10679 10667
f 10667 10691 10692
f 10685 10683 10667
f 10687 10677 10670
f 10690 10688 10672
f 10680 10693 10667
f 10684 10691 10667
f 10674 10686 10670
f 10692 10681 10667
f 10672 10694 10689
f 10669 10670 10668
f 10693 10669 10667
f 10670 10695 10672
f 10696 10697 10698
f 10698 10699 10696
f 10700 10701 10702
f 10703 10702 10704
f 10705 10704 10706
f 10707 10706 10708
f 10709 10708 10710
f 10711 10710 10712
f 10713 10712 10714
f 10715 10714 10716
f 10717 10716 10718
f 10719 10718 10720
f 10721 10720 10722
f 10723 10722 10724
f 10725 10724 10726
f 10727 10726 10728
f 10728 10729 10727
f 10726 10727 10725
f 10724 10725 10723
f 10722 10723 10721
f 10720 10721 10719
f 10718 10719 10717
f 10716 10717 10715
f 10714 10715 10713
f 10712 10713 10711
f 10710 10711 10709
f 10708 10709 10707
f 10706 10707 10705
f 10704 10705 10703
f 10702 10703 10700
f 10730 10731 10732
f 10733 10734 10735
f 10730 10736 10731
f 10737 10738 10739
f 10737 10740 10741
f 10737 10742 10743
f 10732 10733 10730
f 10730 10737 10744
f 10741 10738 10737
f 10743 10745 10737
f 10737 10730 10746
f 10744 10736 10730
f 10747 10748 10749
f 10745 10740 10737
f 10735 10730 10733
f 10747 10750 10748
f 10747 10751 10752
f 10747 10753 10754
f 10746 10742 10737
f 10752 10750 10747
f 10747 10755 10753
f 10747 10756 10757
f 10749 10737 10747
f 10757 10755 10747
f 10754 10751 10747
f 10739 10747 10737
f 10758 10759 10760
f 10761 10760 10762
f 10763 10764 10756
f 10760 10765 10758
f 10762 10763 10761
f 10763 10766 10764
f 10760 10767 10768
f 10760 10769 10770
f 10761 10771 10760
f 10763 10772 10766
f 10763 10773 10774
f 10763 10775 10776
f 10758 10777 10778
f 10760 10768 10765
f 10760 10779 10780
f 10771 10769 10760
f 10774 10772 10763
f 10763 10781 10782
f 10763 10783 10784
f 10763 10762 10775
f 10765 10777 10758
f 10770 10779 10760
f 10782 10773 10763
f 10776 10783 10763
f 10780 10767 10760
f 10784 10781 10763
f 10747 10763 10756
f 10778 10785 10758
f 10785 10786 10758
f 10787 10788 10789
f 10790 10789 10791
f 10792 10791 10793
f 10794 10793 10795
f 10796 10795 10797
f 10798 10797 10799
f 10800 10799 10801
f 10802 10801 10803
f 10804 10803 10805
f 10806 10805 10807
f 10808 10807 10809
f 10810 10809 10811
f 10812 10811 10813
f 10814 10813 10815
f 10815 10816 10814
f 10813 10814 10812
f 10811 10812 10810
f 10809 10810 10808
f 10807 10808 10806
f 10805 10806 10804
f 10803 10804 10802
f 10801 10802 10800
f 10799 10800 10798
f 10797 10798 10796
f 10795 10796 10794
f 10793 10794 10792
f 10791 10792 10790
f 10789 10790 10787
f 10817 10818 10819
f 10820 10817 10821
f 10822 10820 10823
f 10824 10822 10825
f 10826 10824 10827
f 10828 10826 10829
f 10830 10828 10831
f 10832 10830 10833
f 10834 10832 10835
f 10836 10834 10837
f 10838 10836 10839
f 10840 10838 10841
f 10842 10840 10843
f 10844 10842 10845
f 10846 10844 10847
f 10848 10846 10849
f 10850 10848 10851
f 10852 10850 10853
f 10854 10852 10855
f 10856 10854 10857
f 10858 10856 10859
f 10860 10858 10861
f 10862 10860 10863
f 10864 10862 10865
f 10866 10864 10867
f 10868 10866 10869
f 10870 10868 10871
f 10871 10872 10870
f 10869 10871 10868
f 10867 10869 10866
f 10865 10867 10864
f 10863 10865 10862
f 10861 10863 10860
f 10859 10861 10858
f 10857 10859 10856
f 10855 10857 10854
f 10853 10855 10852
f 10851 10853 10850
f 10849 10851 10848
f 10847 10849 10846
f 10845 10847 10844
f 10843 10845 10842
f 10841 10843 10840
f 10839 10841 10838
f 10837 10839 10836
f 10835 10837 10834
f 10833 10835 10832
f 10831 10833 10830
f 10829 10831 10828
f 10827 10829 10826
f 10825 10827 10824
f 10823 10825 10822
f 10821 10823 10820
f 10819 10821 10817
f 10873 10874 10875
f 10873 10876 10877
f 10873 10878 10879
f 10873 10880 10874
f 10873 10881 10882
f 10883 10884 10885
f 10883 10886 10887
f 10877 10888 10873
f 10873 10889 10878
f 10875 10890 10873
f 10873 10883 10881
f 10883 10891 10884
f 10887 10892 10883
f 10883 10893 10894
f 10883 10895 10896
f 10883 10873 10897
f 10879 10876 10873
f 10882 10880 10873
f 10885 10898 10883
f 10894 10886 10883
f 10897 10895 10883
f 10890 10889 10873
f 10892 10891 10883
f 10888 10899 10873
f 10900 10901 10902
f 10896 10893 10883
f 10903 10904 10905
f 10905 10906 10907
f 10900 10908 10909
f 10900 10910 10911
f 10900 10912 10913
f 10902 10914 10900
f 10915 10900 10883
f 10903 10900 10916
f 10905 10917 10903
f 10905 10918 10919
f 10905 10920 10906
f 10905 10921 10922
f 10905 10923 10924
f 10911 10908 10900
f 10914 10912 10900
f 10900 10925 10926
f 10898 10915 10883
f 10904 10927 10905
f 10907 10918 10905
f 10905 10928 10921
f 10924 10929 10905
f 10913 10910 10900
f 10915 10925 10900
f 10919 10917 10905
f 10929 10928 10905
f 10926 10901 10900
f 10922 10920 10905
f 10916 10904 10903
f 10909 10916 10900
f 10930 10931 10932
f 10932 10933 10930
f 10934 10935 10936
f 10937 10936 10938
f 10939 10938 10940
f 10941 10940 10942
f 10943 10942 10944
f 10945 10944 10946
f 10947 10946 10948
f 10949 10948 10950
f 10951 10950 10952
f 10953 10952 10954
f 10955 10954 10956
f 10957 10956 10958
f 10959 10958 10960
f 10961 10960 10962
f 10962 10963 10961
f 10960 10961 10959
f 10958 10959 10957
f 10956 10957 10955
f 10954 10955 10953
f 10952 10953 10951
f 10950 10951 10949
f 10948 10949 10947
f 10946 10947 10945
f 10944 10945 10943
f 10942 10943 10941
f 10940 10941 10939
f 10938 10939 10937
f 10936 10937 10934
f 10964 10965 10966
f 10964 10967 10968
f 10966 10969 10964
f 10964 10970 10971
f 10964 10972 10973
f 10968 10974 10964
f 10964 10975 10965
f 10971 10976 10964
f 10964 10977 10972
f 10978 10979 10980
f 10978 10981 10982
f 10969 10967 10964
f 10973 10970 10964
f 10978 10983 10984
f 10978 10985 10986
f 10978 10987 10988
f 10978 10989 10979
f 10982 10990 10978
f 10976 10975 10964
f 10986 10983 10978
f 10980 10987 10978
f 10978 10991 10981
f 10984 10964 10978
f 10990 10989 10978
f 10992 10993 10994
f 10992 10995 10996
f 10988 10985 10978
f 10997 10998 10999
f 10997 11000 11001
f 10992 11002 11003
f 10992 11004 11005
f 10994 11006 10992
f 10992 11007 11008
f 11009 10996 11000
f 10996 11007 10992
f 10974 10978 10964
f 10997 11010 10998
f 10997 11011 11012
f 11001 11013 10997
f 10992 11014 11002
f 11005 11015 10992
f 11008 10993 10992
f 10996 11009 11007
f 10997 11016 10991
f 10997 11017 11018
f 11012 11010 10997
f 11013 11019 10997
f 11015 11014 10992
f 11000 10997 11009
f 11018 11016 10997
f 11019 11011 10997
f 11006 11004 10992
f 10999 11017 10997
f 10978 10997 10991
f 11003 11020 10992
f 11021 11022 11023
f 11024 11023 11025
f 11026 11025 11027
f 11028 11027 11029
f 11030 11029 11031
f 11032 11031 11033
f 11034 11033 11035
f 11036 11035 11037
f 11038 11037 11039
f 11040 11039 11041
f 11042 11041 11043
f 11044 11043 11045
f 11046 11045 11047
f 11048 11047 11049
f 11049 11050 11048
f 11047 11048 11046
f 11045 11046 11044
f 11043 11044 11042
f 11041 11042 11040
f 11039 11040 11038
f 11037 11038 11036
f 11035 11036 11034
f 11033 11034 11032
f 11031 11032 11030
f 11029 11030 11028
f 11027 11028 11026
f 11025 11026 11024
f 11023 11024 11021
f 11051 11052 11053
f 11054 11051 11055
f 11056 11054 11057
f 11058 11056 11059
f 11060 11058 11061
f 11062 11060 11063
f 11064 11062 11065
f 11066 11064 11067
f 11068 11066 11069
f 11070 11068 11071
f 11072 11070 11073
f 11074 11072 11075
f 11076 11074 11077
f 11078 11076 11079
f 11080 11078 11081
f 11082 11080 11083
f 11084 11082 11085
f 11086 11084 11087
f 11088 11086 11089
f 11090 11088 11091
f 11092 11090 11093
f 11094 11092 11095
f 11096 11094 11097
f 11098 11096 11099
f 11100 11098 11101
f 11102 11100 11103
f 11104 11102 11105
f 11105 11106 11104
f 11103 11105 11102
f 11101 11103 11100
f 11099 11101 11098
f 11097 11099 11096
f 11095 11097 11094
f 11093 11095 11092
f 11091 11093 11090
f 11089 11091 11088
f 11087 11089 11086
f 11085 11087 11084
f 11083 11085 11082
f 11081 11083 11080
f 11079 11081 11078
f 11077 11079 11076
f 11075 11077 11074
f 11073 11075 11072
f 11071 11073 11070
f 11069 11071 11068
f 11067 11069 11066
f 11065 11067 11064
f 11063 11065 11062
f 11061 11063 11060
f 11059 11061 11058
f 11057 11059 11056
f 11055 11057 11054
f 11053 11055 11051
f 11107 11108 11109
f 11109 11110 11107
f 11111 11112 11113
f 11114 11107 11115
f 11107 11114 11108
f 11115 11111 11114
f 11107 11116 11117
f 11113 11114 11111
f 11107 11118 11119
f 11110 11116 11107
f 11107 11120 11121
f 11107 11122 11123
f 11107 11124 11125
f 11107 11126 11127
f 11117 11118 11107
f 11121 11128 11107
f 11107 11129 11122
f 11107 11130 11124
f 11119 11126 11107
f 11107 11131 11120
f 11107 11132 11129
f 11127 11130 11107
f 11128 11133 11107
f 11125 11132 11107
f 11123 11131 11107
f 11134 11135 11136
f 11134 11137 11138
f 11134 11139 11140
f 11133 11141 11107
f 11107 11142 11134
f 11134 11143 11135
f 11134 11144 11145
f 11140 11137 11134
f 11134 11146 11107
f 11134 11147 11148
f 11145 11143 11134
f 11138 11149 11134
f 11134 11150 11146
f 11134 11151 11152
f 11134 11153 11147
f 11134 11154 11155
f 11134 11156 11157
f 11149 11144 11134
f 11134 11142 11158
f 11134 11159 11150
f 11148 11151 11134
f 11134 11160 11154
f 11157 11161 11134
f 11158 11139 11134
f 11152 11159 11134
f 11161 11160 11134
f 11136 11162 11134
f 11155 11153 11134
f 11141 11142 11107
f 11162 11163 11134
f 11164 11165 11166
f 11166 11167 11164
f 11168 11169 11170
f 11171 11170 11172
f 11173 11172 11174
f 11175 11174 11176
f 11177 11176 11178
f 11179 11178 11180
f 11181 11180 11182
f 11183 11182 11184
f 11185 11184 11186
f 11187 11186 11188
f 11189 11188 11190
f 11191 11190 11192
f 11193 11192 11194
f 11195 11194 11196
f 11196 11197 11195
f 11194 11195 11193
f 11192 11193 11191
f 11190 11191 11189
f 11188 11189 11187
f 11186 11187 11185
f 11184 11185 11183
f 11182 11183 11181
f 11180 11181 11179
f 11178 11179 11177
f 11176 11177 11175
f 11174 11175 11173
f 11172 11173 11171
f 11170 11171 11168
f 11198 11199 11200
f 11199 11198 11201
f 11201 11202 11199
f 11203 11204 11205
f 11203 11206 11198
f 11203 11207 11204
f 11205 11206 11203
f 11203 11208 11209
f 11209 11207 11203
f 11203 11210 11211
f 11211 11208 11203
f 11203 11212 11213
f 11203 11214 11215
f 11203 11216 11217
f 11203 11218 11219
f 11213 11210 11203
f 11215 11220 11203
f 11217 11221 11203
f 11203 11222 11218
f 11220 11212 11203
f 11221 11223 11203
f 11219 11224 11203
f 11223 11214 11203
f 11203 11225 11222
f 11224 11216 11203
f 11203 11226 11227
f 11203 11228 11225
f 11227 11229 11230
f 11227 11231 11232
f 11227 11233 11234
f 11200 11203 11198
f 11227 11235 11236
f 11227 11237 11238
f 11227 11239 11229
f 11232 11240 11227
f 11234 11241 11227
f 11227 11242 11243
f 11227 11228 11203
f 11238 11235 11227
f 11227 11244 11245
f 11230 11246 11227
f 11227 11247 11248
f 11240 11249 11227
f 11243 11233 11227
f 11226 11250 11227
f 11227 11251 11237
f 11246 11244 11227
f 11249 11247 11227
f 11250 11242 11227
f 11227 11252 11253
f 11245 11251 11227
f 11241 11231 11227
f 11236 11252 11227
f 11253 11228 11227
f 11248 11254 11227
f 11255 11256 11257
f 11258 11257 11259
f 11260 11259 11261
f 11262 11261 11263
f 11264 11263 11265
f 11266 11265 11267
f 11268 11267 11269
f 11270 11269 11271
f 11272 11271 11273
f 11274 11273 11275
f 11276 11275 11277
f 11278 11277 11279
f 11280 11279 11281
f 11282 11281 11283
f 11283 11284 11282
f 11281 11282 11280
f 11279 11280 11278
f 11277 11278 11276
f 11275 11276 11274
f 11273 11274 11272
f 11271 11272 11270
f 11269 11270 11268
f 11267 11268 11266
f 11265 11266 11264
f 11263 11264 11262
f 11261 11262 11260
f 11259 11260 11258
f 11257 11258 11255
f 11285 11286 11287
f 11288 11285 11289
f 11290 11288 11291
f 11292 11290 11293
f 11294 11292 11295
f 11296 11294 11297
f 11298 11296 11299
f 11300 11298 11301
f 11302 11300 11303
f 11304 11302 11305
f 11306 11304 11307
f 11308 11306 11309
f 11310 11308 11311
f 11312 11310 11313
f 11314 11312 11315
f 11316 11314 11317
f 11318 11316 11319
f 11320 11318 11321
f 11322 11320 11323
f 11324 11322 11325
f 11326 11324 11327
f 11328 11326 11329
f 11330 11328 11331
f 11332 11330 11333
f 11334 11332 11335
f 11336 11334 11337
f 11338 11336 11339
f 11339 11340 11338
f 11337 11339 11336
f 11335 11337 11334
f 11333 11335 11332
f 11331 11333 11330
f 11329 11331 11328
f 11327 11329 11326
f 11325 11327 11324
f 11323 11325 11322
f 11321 11323 11320
f 11319 11321 11318
f 11317 11319 11316
f 11315 11317 11314
f 11313 11315 11312
f 11311 11313 11310
f 11309 11311 11308
f 11307 11309 11306
f 11305 11307 11304
f 11303 11305 11302
f 11301 11303 11300
f 11299 11301 11298
f 11297 11299 11296
f 11295 11297 11294
f 11293 11295 11292
f 11291 11293 11290
f 11289 11291 11288
f 11287 11289 11285
f 11341 11342 11343
f 11341 11344 11345
f 11341 11346 11347
f 11343 11348 11341
f 11345 11349 11341
f 11347 11350 11341
f 11341 11351 11352
f 11349 11342 11341
f 11350 11353 11341
f 11341 11354 11351
f 11341 11355 11356
f 11355 11357 11358
f 11353 11344 11341
f 11356 11354 11341
f 11355 11359 11360
f 11355 11361 11362
f 11355 11341 11357
f 11352 11346 11341
f 11360 11363 11355
f 11355 11364 11365
f 11355 11366 11361
f 11348 11367 11341
f 11365 11359 11355
f 11358 11366 11355
f 11362 11364 11355
f 11368 11369 11355
f 11363 11368 11355
f 11370 11371 11372
f 11370 11373 11374
f 11375 11376 11377
f 11375 11378 11379
f 11368 11380 11369
f 11374 11371 11370
f 11375 11381 11376
f 11379 11382 11375
f 11370 11383 11369
f 11370 11384 11373
f 11370 11385 11386
f 11375 11387 11388
f 11375 11389 11381
f 11379 11370 11382
f 11370 11390 11383
f 11386 11384 11370
f 11370 11379 11391
f 11375 11392 11387
f 11375 11393 11394
f 11382 11389 11375
f 11372 11390 11370
f 11391 11395 11370
f 11375 11396 11392
f 11377 11393 11375
f 11395 11385 11370
f 11394 11396 11375
f 11388 11397 11375
f 11380 11370 11369
f 11398 11399 11400
f 11400 11401 11398
f 11402 11403 11404
f 11405 11404 11406
f 11407 11406 11408
f 11409 11408 11410
f 11411 11410 11412
f 11413 11412 11414
f 11415 11414 11416
f 11417 11416 11418
f 11419 11418 11420
f 11421 11420 11422
f 11423 11422 11424
f 11425 11424 11426
f 11427 11426 11428
f 11429 11428 11430
f 11430 11431 11429
f 11428 11429 11427
f 11426 11427 11425
f 11424 11425 11423
f 11422 11423 11421
f 11420 11421 11419
f 11418 11419 11417
f 11416 11417 11415
f 11414 11415 11413
f 11412 11413 11411
f 11410 11411 11409
f 11408 11409 11407
f 11406 11407 11405
f 11404 11405 11402
f 11432 11433 11434
f 11432 11435 11436
f 11432 11437 11438
f 11432 11439 11440
f 11432 11441 11433
f 11432 11442 11435
f 11432 11443 11437
f 11432 11444 11445
f 11440 11446 11432
f 11432 11447 11441
f 11438 11442 11432
f 11446 11444 11432
f 11436 11447 11432
f 11448 11449 11450
f 11434 11439 11432
f 11450 11451 11448
f 11448 11452 11453
f 11448 11454 11455
f 11451 11432 11448
f 11453 11456 11448
f 11448 11457 11458
f 11448 11459 11454
f 11456 11449 11448
f 11455 11457 11448
f 11458 11452 11448
f 11445 11448 11432
f 11460 11461 11462
f 11463 11464 11459
f 11462 11465 11460
f 11466 11467 11468
f 11466 11469 11470
f 11463 11471 11464
f 11460 11472 11473
f 11465 11474 11460
f 11470 11467 11466
f 11448 11463 11459
f 11474 11472 11460
f 11466 11475 11476
f 11468 11477 11466
f 11466 11478 11479
f 11473 11471 11460
f 11460 11480 11481
f 11460 11479 11482
f 11466 11483 11484
f 11477 11475 11466
f 11479 11469 11466
f 11481 11461 11460
f 11482 11485 11460
f 11466 11486 11483
f 11479 11460 11469
f 11485 11480 11460
f 11476 11486 11466
f 11484 11487 11466
f 11463 11460 11471
f 11487 11488 11466
f 11489 11490 11491
f 11492 11491 11493
f 11494 11493 11495
f 11496 11495 11497
f 11498 11497 11499
f 11500 11499 11501
f 11502 11501 11503
f 11504 11503 11505
f 11506 11505 11507
f 11508 11507 11509
f 11510 11509 11511
f 11512 11511 11513
f 11514 11513 11515
f 11516 11515 11517
f 11517 11518 11516
f 11515 11516 11514
f 11513 11514 11512
f 11511 11512 11510
f 11509 11510 11508
f 11507 11508 11506
f 11505 11506 11504
f 11503 11504 11502
f 11501 11502 11500
f 11499 11500 11498
f 11497 11498 11496
f 11495 11496 11494
f 11493 11494 11492
f 11491 11492 11489
f 11519 11520 11521
f 11522 11519 11523
f 11524 11522 11525
f 11526 11524 11527
f 11528 11526 11529
f 11530 11528 11531
f 11532 11530 11533
f 11534 11532 11535
f 11536 11534 11537
f 11538 11536 11539
f 11540 11538 11541
f 11542 11540 11543
f 11544 11542 11545
f 11546 11544 11547
f 11548 11546 11549
f 11550 11548 11551
f 11552 11550 11553
f 11554 11552 11555
f 11556 11554 11557
f 11558 11556 11559
f 11560 11558 11561
f 11562 11560 11563
f 11564 11562 11565
f 11566 11564 11567
f 11568 11566 11569
f 11570 11568 11571
f 11572 11570 11573
f 11573 11574 11572
f 11571 11573 11570
f 11569 11571 11568
f 11567 11569 11566
f 11565 11567 11564
f 11563 11565 11562
f 11561 11563 11560
f 11559 11561 11558
f 11557 11559 11556
f 11555 11557 11554
f 11553 11555 11552
f 11551 11553 11550
f 11549 11551 11548
f 11547 11549 11546
f 11545 11547 11544
f 11543 11545 11542
f 11541 11543 11540
f 11539 11541 11538
f 11537 11539 11536
f 11535 11537 11534
f 11533 11535 11532
f 11531 11533 11530
f 11529 11531 11528
f 11527 11529 11526
f 11525 11527 11524
f 11523 11525 11522
f 11521 11523 11519
f 11575 11576 11577
f 11578 11579 11580
f 11575 11581 11576
f 11575 11582 11583
f 11575 11578 11584
f 11578 11585 11579
f 11583 11581 11575
f 11584 11586 11575
f 11578 11575 11585
f 11575 11587 11588
f 11577 11589 11575
f 11580 11590 11578
f 11575 11591 11592
f 11588 11593 11575
f 11575 11594 11595
f 11575 11596 11597
f 11575 11598 11599
f 11586 11582 11575
f 11593 11591 11575
f 11595 11600 11575
f 11575 11601 11596
f 11589 11598 11575
f 11600 11587 11575
f 11599 11601 11575
f 11597 11594 11575
f 11602 11603 11575
f 11592 11602 11575
f 11602 11604 11603
f 11605 11606 11607
f 11605 11608 11603
f 11607 11609 11605
f 11610 11611 11612
f 11609 11608 11605
f 11605 11613 11614
f 11612 11615 11610
f 11613 11605 11616
f 11614 11606 11605
f 11617 11618 11619
f 11610 11620 11621
f 11610 11622 11623
f 11612 11617 11615
f 11604 11605 11603
f 11617 11624 11625
f 11617 11612 11618
f 11621 11626 11610
f 11615 11622 11610
f 11625 11613 11617
f 11619 11627 11617
f 11623 11620 11610
f 11627 11624 11617
f 11610 11628 11629
f 11616 11617 11613
f 11626 11628 11610
f 11629 11630 11610
f 11630 11631 11610
f 11632 11633 11634
f 11635 11634 11633
f 11633 11636 11635
f 11634 11637 11632
f 11638 11639 11640
f 11641 11640 11642
f 11643 11642 11644
f 11645 11644 11646
f 11647 11646 11648
f 11649 11648 11650
f 11651 11650 11652
f 11653 11652 11654
f 11655 11654 11656
f 11657 11656 11658
f 11659 11658 11660
f 11661 11660 11662
f 11663 11662 11664
f 11665 11664 11666
f 11666 11667 11665
f 11664 11665 11663
f 11662 11663 11661
f 11660 11661 11659
f 11658 11659 11657
f 11656 11657 11655
f 11654 11655 11653
f 11652 11653 11651
f 11650 11651 11649
f 11648 11649 11647
f 11646 11647 11645
f 11644 11645 11643
f 11642 11643 11641
f 11640 11641 11638
f 11668 11669 11670
f 11671 11672 11673
f 11670 11674 11668
f 11671 11675 11676
f 11671 11677 11678
f 11673 11679 11671
f 11674 11680 11668
f 11671 11681 11675
f 11679 11677 11671
f 11676 11668 11671
f 11671 11682 11672
f 11671 11683 11684
f 11678 11681 11671
f 11671 11685 11686
f 11671 11687 11688
f 11671 11689 11690
f 11671 11691 11683
f 11671 11692 11693
f 11686 11682 11671
f 11688 11694 11671
f 11671 11695 11689
f 11693 11691 11671
f 11694 11685 11671
f 11684 11695 11671
f 11690 11687 11671
f 11680 11671 11668
f 11696 11697 11692
f 11698 11699 11700
f 11696 11698 11697
f 11698 11701 11699
f 11671 11696 11692
f 11698 11702 11703
f 11696 11701 11698
f 11704 11705 11706
f 11698 11707 11708
f 11700 11702 11698
f 11709 11710 11704
f 11704 11711 11705
f 11703 11707 11698
f 11711 11704 11712
f 11709 11713 11710
f 11709 11714 11715
f 11709 11716 11717
f 11706 11718 11704
f 11712 11698 11711
f 11715 11713 11709
f 11709 11719 11716
f 11708 11711 11698
f 11717 11714 11709
f 11709 11720 11721
f 11704 11722 11709
f 11709 11723 11720
f 11721 11719 11709
f 11718 11722 11704
f 11722 11724 11709
f 11725 11726 11727
f 11728 11727 11729
f 11730 11729 11731
f 11732 11731 11733
f 11734 11733 11735
f 11736 11735 11737
f 11738 11737 11739
f 11740 11739 11741
f 11742 11741 11743
f 11744 11743 11745
f 11746 11745 11747
f 11748 11747 11749
f 11750 11749 11751
f 11752 11751 11753
f 11753 11754 11752
f 11751 11752 11750
f 11749 11750 11748
f 11747 11748 11746
f 11745 11746 11744
f 11743 11744 11742
f 11741 11742 11740
f 11739 11740 11738
f 11737 11738 11736
f 11735 11736 11734
f 11733 11734 11732
f 11731 11732 11730
f 11729 11730 11728
f 11727 11728 11725
f 11755 11756 11757
f 11758 11755 11759
f 11760 11758 11761
f 11762 11760 11763
f 11764 11762 11765
f 11766 11764 11767
f 11768 11766 11769
f 11770 11768 11771
f 11772 11770 11773
f 11774 11772 11775
f 11776 11774 11777
f 11778 11776 11779
f 11780 11778 11781
f 11782 11780 11783
f 11784 11782 11785
f 11786 11784 11787
f 11788 11786 11789
f 11790 11788 11791
f 11792 11790 11793
f 11794 11792 11795
f 11796 11794 11797
f 11798 11796 11799
f 11800 11798 11801
f 11802 11800 11803
f 11804 11802 11805
f 11806 11804 11807
f 11808 11806 11809
f 11809 11810 11808
f 11807 11809 11806
f 11805 11807 11804
f 11803 11805 11802
f 11801 11803 11800
f 11799 11801 11798
f 11797 11799 11796
f 11795 11797 11794
f 11793 11795 11792
f 11791 11793 11790
f 11789 11791 11788
f 11787 11789 11786
f 11785 11787 11784
f 11783 11785 11782
f 11781 11783 11780
f 11779 11781 11778
f 11777 11779 11776
f 11775 11777 11774
f 11773 11775 11772
f 11771 11773 11770
f 11769 11771 11768
f 11767 11769 11766
f 11765 11767 11764
f 11763 11765 11762
f 11761 11763 11760
f 11759 11761 11758
f 11757 11759 11755
f 11811 11812 11813
f 11811 11814 11815
f 11811 11816 11817
f 11811 11818 11819
f 11820 11811 11821
f 11811 11822 11823
f 11811 11824 11812
f 11811 11825 11814
f 11817 11826 11811
f 11811 11827 11818
f 11811 11820 11828
f 11821 11829 11820
f 11813 11822 11811
f 11811 11830 11831
f 11811 11832 11833
f 11826 11825 11811
f 11819 11834 11811
f 11829 11835 11820
f 11831 11824 11811
f 11811 11836 11837
f 11815 11832 11811
f 11828 11827 11811
f 11837 11830 11811
f 11834 11816 11811
f 11833 11836 11811
f 11823 11838 11811
f 11839 11840 11811
f 11839 11841 11842
f 11839 11843 11844
f 11845 11846 11847
f 11839 11848 11840
f 11844 11841 11839
f 11845 11849 11843
f 11845 11850 11851
f 11845 11852 11853
f 11845 11854 11855
f 11845 11856 11846
f 11845 11839 11857
f 11842 11848 11839
f 11851 11849 11845
f 11845 11858 11859
f 11845 11860 11861
f 11845 11862 11863
f 11855 11852 11845
f 11857 11856 11845
f 11843 11839 11845
f 11845 11864 11858
f 11863 11860 11845
f 11847 11854 11845
f 11859 11850 11845
f 11845 11865 11866
f 11853 11862 11845
f 11866 11864 11845
f 11838 11839 11811
f 11861 11867 11845
f 11868 11869 11870
f 11870 11871 11868
f 11872 11873 11874
f 11875 11874 11876
f 11877 11876 11878
f 11879 11878 11880
f 11881 11880 11882
f 11883 11882 11884
f 11885 11884 11886
f 11887 11886 11888
f 11889 11888 11890
f 11891 11890 11892
f 11893 11892 11894
f 11895 11894 11896
f 11897 11896 11898
f 11899 11898 11900
f 11900 11901 11899
f 11898 11899 11897
f 11896 11897 11895
f 11894 11895 11893
f 11892 11893 11891
f 11890 11891 11889
f 11888 11889 11887
f 11886 11887 11885
f 11884 11885 11883
f 11882 11883 11881
f 11880 11881 11879
f 11878 11879 11877
f 11876 11877 11875
f 11874 11875 11872
f 11902 11903 11904
f 11905 11906 11907
f 11905 11908 11909
f 11905 11910 11911
f 11905 11912 11913
f 11902 11914 11903
f 11905 11915 11916
f 11907 11917 11905
f 11905 11918 11908
f 11911 11919 11905
f 11913 11920 11905
f 11905 11921 11922
f 11916 11902 11905
f 11905 11923 11906
f 11919 11918 11905
f 11905 11924 11925
f 11905 11926 11927
f 11922 11912 11905
f 11917 11915 11905
f 11925 11910 11905
f 11905 11928 11929
f 11920 11926 11905
f 11909 11923 11905
f 11927 11928 11905
f 11929 11924 11905
f 11905 11930 11921
f 11930 11931 11932
f 11930 11933 11934
f 11904 11905 11902
f 11935 11936 11937
f 11935 11930 11938
f 11934 11931 11930
f 11905 11939 11930
f 11935 11940 11941
f 11935 11942 11943
f 11938 11936 11935
f 11939 11933 11930
f 11935 11944 11945
f 11941 11946 11935
f 11935 11947 11948
f 11935 11949 11950
f 11943 11951 11935
f 11932 11938 11930
f 11946 11944 11935
f 11950 11947 11935
f 11935 11952 11953
f 11935 11954 11955
f 11935 11956 11957
f 11937 11942 11935
f 11948 11940 11935
f 11955 11952 11935
f 11951 11956 11935
f 11953 11949 11935
f 11945 11930 11935
f 11957 11958 11935
f 11959 11960 11961
f 11962 11961 11963
f 11964 11963 11965
f 11966 11965 11967
f 11968 11967 11969
f 11970 11969 11971
f 11972 11971 11973
f 11974 11973 11975
f 11976 11975 11977
f 11978 11977 11979
f 11980 11979 11981
f 11982 11981 11983
f 11984 11983 11985
f 11986 11985 11987
f 11987 11988 11986
f 11985 11986 11984
f 11983 11984 11982
f 11981 11982 11980
f 11979 11980 11978
f 11977 11978 11976
f 11975 11976 11974
f 11973 11974 11972
f 11971 11972 11970
f 11969 11970 11968
f 11967 11968 11966
f 11965 11966 11964
f 11963 11964 11962
f 11961 11962 11959
f 11989 11990 11991
f 11992 11989 11993
f 11994 11992 11995
f 11996 11994 11997
f 11998 11996 11999
f 12000 11998 12001
f 12002 12000 12003
f 12004 12002 12005
f 12006 12004 12007
f 12008 12006 12009
f 12010 12008 12011
f 12012 12010 12013
f 12014 12012 12015
f 12016 12014 12017
f 12018 12016 12019
f 12020 12018 12021
f 12022 12020 12023
f 12024 12022 12025
f 12026 12024 12027
f 12028 12026 12029
f 12030 12028 12031
f 12032 12030 12033
f 12034 12032 12035
f 12036 12034 12037
f 12038 12036 12039
f 12040 12038 12041
f 12042 12040 12043
f 12043 12044 12042
f 12041 12043 12040
f 12039 12041 12038
f 12037 12039 12036
f 12035 12037 12034
f 12033 12035 12032
f 12031 12033 12030
f 12029 12031 12028
f 12027 12029 12026
f 12025 12027 12024
f 12023 12025 12022
f 12021 12023 12020
f 12019 12021 12018
f 12017 12019 12016
f 12015 12017 12014
f 12013 12015 12012
f 12011 12013 12010
f 12009 12011 12008
f 12007 12009 12006
f 12005 12007 12004
f 12003 12005 12002
f 12001 12003 12000
f 11999 12001 11998
f 11997 11999 11996
f 11995 11997 11994
f 11993 11995 11992
f 11991 11993 11989
f 12045 12046 12047
f 12048 12049 12046
f 12046 12045 12048
f 12050 12051 12052
f 12045 12053 12051
f 12051 12050 12045
f 12050 12054 12055
f 12055 12056 12050
f 12057 12056 12058
f 12056 12059 12058
f 12060 12057 12061
f 12057 12062 12063
f 12063 12061 12057
f 12060 12064 12065
f 12060 12066 12064
f 12065 12067 12060
f 12068 12069 12070
f 12067 12071 12069
f 12069 12068 12067
f 12072 12073 12074
f 12068 12075 12073
f 12073 12072 12068
f 12072 12076 12077
f 12077 12078 12072
f 12079 12078 12080
f 12078 12081 12080
f 12082 12079 12083
f 12079 12084 12085
f 12085 12083 12079
f 12082 12086 12087
f 12082 12088 12086
f 12087 12089 12082
f 12090 12091 12092
f 12089 12093 12091
f 12091 12090 12089
f 12094 12095 12096
f 12090 12097 12095
f 12095 12094 12090
f 12094 12098 12099
f 12100 12101 12102
f 12101 12099 12103
f 12103 12102 12101
f 12104 12100 12105
f 12100 12106 12107
f 12107 12105 12100
f 12108 12104 12109
f 12109 12110 12108
f 12104 12111 12109
f 12112 12113 12114
f 12108 12115 12113
f 12113 12112 12108
f 12112 12116 12117
f 12117 12118 12112
f 12119 12118 12120
f 12118 12121 12120
f 12122 12119 12123
f 12119 12124 12125
f 12125 12123 12119
f 12126 12122 12127
f 12122 12128 12129
f 12129 12127 12122
f 12130 12126 12131
f 12131 12132 12130
f 12126 12133 12131
f 12134 12135 12136
f 12130 12137 12135
f 12135 12134 12130
f 12134 12138 12139
f 12139 12140 12134
f 12141 12140 12142
f 12140 12143 12142
f 12144 12141 12145
f 12141 12146 12147
f 12147 12145 12141
f 12148 12144 12149
f 12144 12150 12151
f 12151 12149 12144
f 12152 12153 12154
f 12148 12155 12153
f 12153 12152 12148
f 12156 12157 12158
f 12152 12159 12157
f 12157 12156 12152
f 12156 12160 12161
f 12161 12162 12156
f 12163 12162 12164
f 12162 12165 12164
f 12166 12163 12167
f 12163 12168 12169
f 12169 12167 12163
f 12166 12170 12171
f 12166 12172 12170
f 12171 12173 12166
f 12174 12175 12176
f 12173 12177 12175
f 12175 12174 12173
f 12178 12179 12180
f 12174 12181 12179
f 12179 12178 12174
f 12178 12182 12183
f 12183 12184 12178
f 12185 12184 12186
f 12184 12187 12186
f 12188 12185 12189
f 12185 12190 12191
f 12191 12189 12185
f 12188 12192 12193
f 12188 12194 12192
f 12193 12195 12188
f 12196 12197 12198
f 12195 12199 12197
f 12197 12196 12195
f 12200 12201 12202
f 12196 12203 12201
f 12201 12200 12196
f 12200 12204 12205
f 12206 12207 12208
f 12207 12205 12209
f 12209 12208 12207
f 12210 12206 12211
f 12206 12212 12213
f 12213 12211 12206
f 12214 12210 12215
f 12215 12216 12214
f 12210 12217 12215
f 12218 12219 12220
f 12214 12221 12219
f 12219 12218 12214
f 12218 12222 12223
f 12223 12224 12218
f 12225 12224 12226
f 12224 12227 12226
f 12228 12225 12229
f 12225 12230 12231
f 12231 12229 12225
f 12232 12228 12233
f 12228 12234 12235
f 12235 12233 12228
f 12236 12232 12237
f 12237 12238 12236
f 12232 12239 12237
f 12240 12241 12242
f 12236 12243 12241
f 12241 12240 12236
f 12240 12244 12245
f 12245 12246 12240
f 12247 12246 12248
f 12246 12249 12248
f 12250 12247 12251
f 12247 12252 12253
f 12253 12251 12247
f 12048 12250 12254
f 12250 12255 12256
f 12256 12254 12250
f 12254 12049 12048
f 12251 12255 12250
f 12248 12252 12247
f 12245 12249 12246
f 12242 12244 12240
f 12238 12243 12236
f 12233 12239 12232
f 12229 12234 12228
f 12226 12230 12225
f 12223 12227 12224
f 12220 12222 12218
f 12216 12221 12214
f 12211 12217 12210
f 12208 12212 12206
f 12205 12207 12200
f 12202 12204 12200
f 12198 12203 12196
f 12193 12199 12195
f 12189 12194 12188
f 12186 12190 12185
f 12183 12187 12184
f 12180 12182 12178
f 12176 12181 12174
f 12171 12177 12173
f 12167 12172 12166
f 12164 12168 12163
f 12161 12165 12162
f 12158 12160 12156
f 12154 12159 12152
f 12149 12155 12148
f 12145 12150 12144
f 12142 12146 12141
f 12139 12143 12140
f 12136 12138 12134
f 12132 12137 12130
f 12127 12133 12126
f 12123 12128 12122
f 12120 12124 12119
f 12117 12121 12118
f 12114 12116 12112
f 12110 12115 12108
f 12105 12111 12104
f 12102 12106 12100
f 12099 12101 12094
f 12096 12098 12094
f 12092 12097 12090
f 12087 12093 12089
f 12083 12088 12082
f 12080 12084 12079
f 12077 12081 12078
f 12074 12076 12072
f 12070 12075 12068
f 12065 12071 12067
f 12061 12066 12060
f 12058 12062 12057
f 12055 12059 12056
f 12052 12054 12050
f 12047 12053 12045
f 12257 12258 12259
f 12260 12259 12261
f 12262 12261 12263
f 12264 12263 12265
f 12266 12265 12267
f 12268 12267 12269
f 12270 12269 12271
f 12272 12271 12273
f 12274 12273 12275
f 12276 12275 12277
f 12278 12277 12279
f 12280 12279 12281
f 12282 12281 12283
f 12284 12283 12285
f 12285 12286 12284
f 12283 12284 12282
f 12281 12282 12280
f 12279 12280 12278
f 12277 12278 12276
f 12275 12276 12274
f 12273 12274 12272
f 12271 12272 12270
f 12269 12270 12268
f 12267 12268 12266
f 12265 12266 12264
f 12263 12264 12262
f 12261 12262 12260
f 12259 12260 12257
f 12287 12288 12289
f 12290 12291 12292
f 12290 12293 12294
f 12289 12295 12287
f 12290 12296 12297
f 12290 12298 12299
f 12290 12300 12291
f 12290 12301 12302
f 12290 12303 12304
f 12290 12305 12293
f 12306 12307 12308
f 12297 12287 12290
f 12292 12298 12290
f 12290 12309 12310
f 12302 12311 12290
f 12290 12312 12313
f 12290 12314 12315
f 12294 12303 12290
f 12306 12316 12307
f 12299 12296 12290
f 12290 12317 12309
f 12313 12301 12290
f 12304 12314 12290
f 12308 12318 12306
f 12310 12300 12290
f 12315 12312 12290
f 12308 12319 12318
f 12311 12317 12290
f 12308 12290 12319
f 12290 12320 12305
f 12306 12321 12322
f 12318 12323 12306
f 12290 12324 12320
f 12306 12325 12326
f 12323 12321 12306
f 12290 12327 12324
f 12290 12328 12329
f 12306 12330 12331
f 12322 12325 12306
f 12329 12327 12290
f 12290 12332 12333
f 12306 12334 12335
f 12326 12330 12306
f 12333 12328 12290
f 12290 12336 12337
f 12290 12308 12338
f 12306 12339 12340
f 12331 12334 12306
f 12337 12332 12290
f 12338 12341 12290
f 12335 12339 12306
f 12341 12336 12290
f 12340 12342 12306
f 12342 12343 12306
f 12295 12290 12287
f 12344 12345 12346
f 12347 12346 12348
f 12349 12348 12350
f 12351 12350 12352
f 12353 12352 12354
f 12355 12354 12356
f 12357 12356 12358
f 12359 12358 12360
f 12361 12360 12362
f 12363 12362 12364
f 12365 12364 12366
f 12367 12366 12368
f 12369 12368 12370
f 12371 12370 12372
f 12372 12373 12371
f 12370 12371 12369
f 12368 12369 12367
f 12366 12367 12365
f 12364 12365 12363
f 12362 12363 12361
f 12360 12361 12359
f 12358 12359 12357
f 12356 12357 12355
f 12354 12355 12353
f 12352 12353 12351
f 12350 12351 12349
f 12348 12349 12347
f 12346 12347 12344
f 12374 12375 12376
f 12377 12374 12378
f 12379 12377 12380
f 12381 12379 12382
f 12383 12381 12384
f 12385 12383 12386
f 12387 12385 12388
f 12389 12387 12390
f 12391 12389 12392
f 12393 12391 12394
f 12395 12393 12396
f 12397 12395 12398
f 12399 12397 12400
f 12401 12399 12402
f 12403 12401 12404
f 12405 12403 12406
f 12407 12405 12408
f 12409 12407 12410
f 12411 12409 12412
f 12413 12411 12414
f 12415 12413 12416
f 12417 12415 12418
f 12419 12417 12420
f 12421 12419 12422
f 12423 12421 12424
f 12425 12423 12426
f 12427 12425 12428
f 12428 12429 12427
f 12426 12428 12425
f 12424 12426 12423
f 12422 12424 12421
f 12420 12422 12419
f 12418 12420 12417
f 12416 12418 12415
f 12414 12416 12413
f 12412 12414 12411
f 12410 12412 12409
f 12408 12410 12407
f 12406 12408 12405
f 12404 12406 12403
f 12402 12404 12401
f 12400 12402 12399
f 12398 12400 12397
f 12396 12398 12395
f 12394 12396 12393
f 12392 12394 12391
f 12390 12392 12389
f 12388 12390 12387
f 12386 12388 12385
f 12384 12386 12383
f 12382 12384 12381
f 12380 12382 12379
f 12378 12380 12377
f 12376 12378 12374
f 12430 12431 12432
f 12430 12433 12434
f 12432 12435 12430
f 12430 12436 12437
f 12430 12438 12439
f 12430 12440 12433
f 12437 12431 12430
f 12430 12441 12442
f 12430 12443 12444
f 12430 12445 12438
f 12430 12446 12447
f 12430 12448 12440
f 12442 12436 12430
f 12439 12443 12430
f 12430 12449 12450
f 12447 12451 12430
f 12430 12452 12453
f 12430 12454 12455
f 12430 12456 12448
f 12444 12441 12430
f 12430 12457 12449
f 12453 12446 12430
f 12434 12454 12430
f 12450 12445 12430
f 12455 12452 12430
f 12451 12457 12430
f 12430 12458 12456
f 12435 12459 12430
f 12459 12460 12430
f 12430 12461 12458
f 12430 12462 12461
f 12430 12463 12464
f 12460 12465 12430
f 12465 12463 12430
f 12430 12466 12467
f 12467 12462 12430
f 12430 12468 12469
f 12430 12470 12471
f 12469 12466 12430
f 12464 12470 12430
f 12430 12472 12473
f 12430 12474 12475
f 12473 12468 12430
f 12430 12476 12477
f 12471 12474 12430
f 12430 12478 12479
f 12430 12480 12476
f 12479 12472 12430
f 12430 12481 12482
f 12475 12480 12430
f 12482 12483 12430
f 12430 12484 12485
f 12483 12478 12430
f 12477 12484 12430
f 12485 12486 12430
f 12487 12488 12489
f 12489 12490 12487
f 12491 12492 12493
f 12491 12494 12495
f 12493 12496 12491
f 12491 12497 12498
f 12491 12499 12494
f 12496 12500 12491
f 12498 12501 12491
f 12500 12499 12491
f 12501 12502 12491
f 12491 12503 12504
f 12491 12505 12506
f 12491 12507 12508
f 12502 12492 12491
f 12504 12509 12491
f 12491 12510 12505
f 12491 12511 12512
f 12508 12513 12491
f 12491 12514 12515
f 12509 12497 12491
f 12512 12510 12491
f 12491 12516 12517
f 12515 12507 12491
f 12506 12503 12491
f 12513 12516 12491
f 12517 12511 12491
f 12491 12518 12514
f 12519 12520 12521
f 12522 12523 12519
f 12495 12524 12491
f 12519 12525 12526
f 12519 12523 12520
f 12491 12522 12518
f 12519 12527 12525
f 12519 12518 12522
f 12519 12528 12529
f 12521 12527 12519
f 12529 12530 12519
f 12519 12531 12532
f 12519 12533 12534
f 12519 12535 12536
f 12519 12537 12538
f 12526 12539 12519
f 12532 12528 12519
f 12519 12540 12541
f 12519 12542 12533
f 12519 12543 12535
f 12519 12544 12545
f 12539 12537 12519
f 12541 12531 12519
f 12536 12542 12519
f 12538 12544 12519
f 12534 12540 12519
f 12530 12518 12519
f 12545 12546 12519
f 12546 12547 12519
f 12548 12549 12550
f 12548 12551 12552
f 12548 12553 12554
f 12548 12555 12549
f 12548 12556 12557
f 12548 12558 12559
f 12548 12560 12551
f 12548 12561 12562
f 12548 12563 12553
f 12548 12564 12555
f 12557 12565 12548
f 12552 12558 12548
f 12548 12566 12567
f 12548 12568 12569
f 12562 12570 12548
f 12548 12571 12572
f 12548 12573 12563
f 12565 12564 12548
f 12567 12560 12548
f 12570 12568 12548
f 12548 12574 12571
f 12550 12573 12548
f 12569 12566 12548
f 12554 12574 12548
f 12572 12561 12548
f 12559 12575 12548
f 12576 12577 12548
f 12577 12576 12578
f 12578 12579 12580
f 12578 12581 12577
f 12580 12582 12578
f 12578 12583 12584
f 12578 12585 12586
f 12582 12581 12578
f 12584 12587 12578
f 12578 12588 12589
f 12578 12590 12591
f 12578 12576 12585
f 12587 12579 12578
f 12578 12592 12593
f 12589 12594 12578
f 12578 12595 12596
f 12586 12590 12578
f 12578 12597 12583
f 12578 12598 12599
f 12578 12600 12601
f 12594 12592 12578
f 12591 12595 12578
f 12599 12597 12578
f 12601 12602 12578
f 12596 12588 12578
f 12602 12598 12578
f 12575 12576 12548
f 12593 12603 12578
f 12603 12604 12578
f 12605 12606 12607
f 12608 12607 12609
f 12610 12609 12611
f 12612 12611 12613
f 12614 12613 12615
f 12616 12615 12617
f 12618 12617 12619
f 12620 12619 12621
f 12622 12621 12623
f 12624 12623 12625
f 12626 12625 12627
f 12628 12627 12629
f 12630 12629 12631
f 12632 12631 12633
f 12633 12634 12632
f 12631 12632 12630
f 12629 12630 12628
f 12627 12628 12626
f 12625 12626 12624
f 12623 12624 12622
f 12621 12622 12620
f 12619 12620 12618
f 12617 12618 12616
f 12615 12616 12614
f 12613 12614 12612
f 12611 12612 12610
f 12609 12610 12608
f 12607 12608 12605
f 12635 12636 12637
f 12638 12637 12639
f 12640 12639 12641
f 12642 12641 12643
f 12644 12643 12645
f 12646 12645 12647
f 12648 12647 12649
f 12650 12649 12651
f 12652 12651 12653
f 12654 12653 12655
f 12656 12655 12657
f 12658 12657 12659
f 12660 12659 12661
f 12662 12661 12663
f 12663 12664 12662
f 12661 12662 12660
f 12659 12660 12658
f 12657 12658 12656
f 12655 12656 12654
f 12653 12654 12652
f 12651 12652 12650
f 12649 12650 12648
f 12647 12648 12646
f 12645 12646 12644
f 12643 12644 12642
f 12641 12642 12640
f 12639 12640 12638
f 12637 12638 12635
f 12665 12666 12667
f 12668 12665 12669
f 12670 12668 12671
f 12672 12670 12673
f 12674 12672 12675
f 12676 12674 12677
f 12678 12676 12679
f 12680 12678 12681
f 12682 12680 12683
f 12684 12682 12685
f 12686 12684 12687
f 12688 12686 12689
f 12690 12688 12691
f 12692 12690 12693
f 12694 12692 12695
f 12696 12694 12697
f 12698 12696 12699
f 12700 12698 12701
f 12702 12700 12703
f 12704 12702 12705
f 12706 12704 12707
f 12708 12706 12709
f 12710 12708 12711
f 12712 12710 12713
f 12714 12712 12715
f 12716 12714 12717
f 12718 12716 12719
f 12719 12720 12718
f 12717 12719 12716
f 12715 12717 12714
f 12713 12715 12712
f 12711 12713 12710
f 12709 12711 12708
f 12707 12709 12706
f 12705 12707 12704
f 12703 12705 12702
f 12701 12703 12700
f 12699 12701 12698
f 12697 12699 12696
f 12695 12697 12694
f 12693 12695 12692
f 12691 12693 12690
f 12689 12691 12688
f 12687 12689 12686
f 12685 12687 12684
f 12683 12685 12682
f 12681 12683 12680
f 12679 12681 12678
f 12677 12679 12676
f 12675 12677 12674
f 12673 12675 12672
f 12671 12673 12670
f 12669 12671 12668
f 12667 12669 12665
