# OBJ generated by ONSHAPE BY PTC INC, 1.221 Units = meters
mtllib Hex_socket_head_cap_screw_M3x0_50_x_10.mtl
g Hex socket head cap screw M3x0.50 x 10
usemtl 0.603922_0.647059_0.686275_0.000000_0.000000
o mesh3670
v 0 0 -0.013 
v 0.00120063 -0.000264278 -0.013 
v 0.00111574 -0.000516198 -0.013 
v 0.000978691 -0.000743981 -0.013 
v 0.000795875 -0.000936977 -0.013 
v 0.000575846 -0.00108616 -0.013 
v 0.000328891 -0.00118456 -0.013 
v 6.65566e-05 -0.00122756 -0.013 
v -0.000198889 -0.00121317 -0.013 
v -0.000455036 -0.00114205 -0.013 
v -0.000689905 -0.00101753 -0.013 
v -0.000892515 -0.000845435 -0.013 
v -0.00105339 -0.000633805 -0.013 
v -0.00116501 -0.000392539 -0.013 
v -0.00122216 -0.000132918 -0.013 
v -0.00122216 0.000132918 -0.013 
v -0.00116501 0.000392539 -0.013 
v -0.00105339 0.000633805 -0.013 
v -0.000892515 0.000845435 -0.013 
v -0.000689905 0.00101753 -0.013 
v -0.000455036 0.00114205 -0.013 
v -0.000198889 0.00121317 -0.013 
v 6.65566e-05 0.00122756 -0.013 
v 0.000328891 0.00118456 -0.013 
v 0.000575846 0.00108616 -0.013 
v 0.000795875 0.000936977 -0.013 
v 0.000978691 0.000743981 -0.013 
v 0.00111574 0.000516198 -0.013 
v 0.00120063 0.000264278 -0.013 
v 0.00122937 -3.01108e-19 -0.013 
vn 0 0 -1 
vn 0 0 -1 
vn 0 0 -1 
vn 0 0 -1 
vn 0 0 -1 
vn 0 0 -1 
vn 0 0 -1 
vn 0 0 -1 
vn 0 0 -1 
vn 0 0 -1 
vn 0 0 -1 
vn 0 0 -1 
vn 0 0 -1 
vn 0 0 -1 
vn 0 0 -1 
vn 0 0 -1 
vn 0 0 -1 
vn 0 0 -1 
vn 0 0 -1 
vn 0 0 -1 
vn 0 0 -1 
vn 0 0 -1 
vn 0 0 -1 
vn 0 0 -1 
vn 0 0 -1 
vn 0 0 -1 
vn 0 0 -1 
vn 0 0 -1 
vn 0 0 -1 
vn 0 0 -1 
f 1//1 2//2 3//3 
f 3//3 4//4 1//1 
f 4//4 5//5 1//1 
f 5//5 6//6 1//1 
f 6//6 7//7 1//1 
f 7//7 8//8 1//1 
f 8//8 9//9 1//1 
f 9//9 10//10 1//1 
f 10//10 11//11 1//1 
f 11//11 12//12 1//1 
f 12//12 13//13 1//1 
f 13//13 14//14 1//1 
f 14//14 15//15 1//1 
f 15//15 16//16 1//1 
f 16//16 17//17 1//1 
f 17//17 18//18 1//1 
f 18//18 19//19 1//1 
f 19//19 20//20 1//1 
f 20//20 21//21 1//1 
f 21//21 22//22 1//1 
f 22//22 23//23 1//1 
f 23//23 24//24 1//1 
f 24//24 25//25 1//1 
f 25//25 26//26 1//1 
f 26//26 27//27 1//1 
f 27//27 28//28 1//1 
f 28//28 29//29 1//1 
f 29//29 30//30 1//1 
f 30//30 2//2 1//1 
o mesh3671
v 0.0015 0 -0.0127294 
v 0.00122937 -3.01108e-19 -0.013 
v 0.00120063 0.000264278 -0.013 
v 0.00146493 0.000322456 -0.0127294 
v 0.00111574 0.000516198 -0.013 
v 0.00136136 0.000629834 -0.0127294 
v 0.000978691 0.000743981 -0.013 
v 0.00119414 0.000907761 -0.0127294 
v 0.000795875 0.000936977 -0.013 
v 0.000971079 0.00114324 -0.0127294 
v 0.000575846 0.00108616 -0.013 
v 0.000702613 0.00132527 -0.0127294 
v 0.000328891 0.00118456 -0.013 
v 0.000401293 0.00144532 -0.0127294 
v 6.65566e-05 0.00122756 -0.013 
v 8.12084e-05 0.0014978 -0.0127294 
v -0.000198889 0.00121317 -0.013 
v -0.000242673 0.00148024 -0.0127294 
v -0.000455036 0.00114205 -0.013 
v -0.000555207 0.00139347 -0.0127294 
v -0.000689905 0.00101753 -0.013 
v -0.000841781 0.00124153 -0.0127294 
v -0.000892515 0.000845435 -0.013 
v -0.00108899 0.00103155 -0.0127294 
v -0.00105339 0.000633805 -0.013 
v -0.00128529 0.000773331 -0.0127294 
v -0.00116501 0.000392539 -0.013 
v -0.00142148 0.000478952 -0.0127294 
v -0.00122216 0.000132918 -0.013 
v -0.00149121 0.000162179 -0.0127294 
v -0.00122216 -0.000132918 -0.013 
v -0.00149121 -0.000162179 -0.0127294 
v -0.00116501 -0.000392539 -0.013 
v -0.00142148 -0.000478952 -0.0127294 
v -0.00105339 -0.000633805 -0.013 
v -0.00128529 -0.000773331 -0.0127294 
v -0.000892515 -0.000845435 -0.013 
v -0.00108899 -0.00103155 -0.0127294 
v -0.000689905 -0.00101753 -0.013 
v -0.000841781 -0.00124153 -0.0127294 
v -0.000455036 -0.00114205 -0.013 
v -0.000555207 -0.00139347 -0.0127294 
v -0.000198889 -0.00121317 -0.013 
v -0.000242673 -0.00148024 -0.0127294 
v 6.65566e-05 -0.00122756 -0.013 
v 8.12084e-05 -0.0014978 -0.0127294 
v 0.000328891 -0.00118456 -0.013 
v 0.000401293 -0.00144532 -0.0127294 
v 0.000575846 -0.00108616 -0.013 
v 0.000702613 -0.00132527 -0.0127294 
v 0.000795875 -0.000936977 -0.013 
v 0.000971079 -0.00114324 -0.0127294 
v 0.000978691 -0.000743981 -0.013 
v 0.00119414 -0.000907761 -0.0127294 
v 0.00111574 -0.000516198 -0.013 
v 0.00136136 -0.000629834 -0.0127294 
v 0.00120063 -0.000264278 -0.013 
v 0.00146493 -0.000322456 -0.0127294 
vn 0.707107 0 -0.707107 
vn 0.707107 0 -0.707107 
vn 0.690575 0.152007 -0.707107 
vn 0.690575 0.152007 -0.707107 
vn 0.641753 0.296906 -0.707107 
vn 0.641753 0.296906 -0.707107 
vn 0.562923 0.427923 -0.707107 
vn 0.562923 0.427923 -0.707107 
vn 0.457771 0.53893 -0.707107 
vn 0.457771 0.53893 -0.707107 
vn 0.331215 0.624737 -0.707107 
vn 0.331215 0.624737 -0.707107 
vn 0.189171 0.681333 -0.707107 
vn 0.189171 0.681333 -0.707107 
vn 0.038282 0.70607 -0.707107 
vn 0.038282 0.70607 -0.707107 
vn -0.114397 0.697792 -0.707107 
vn -0.114397 0.697792 -0.707107 
vn -0.261727 0.656886 -0.707107 
vn -0.261727 0.656886 -0.707107 
vn -0.396819 0.585265 -0.707107 
vn -0.396819 0.585265 -0.707107 
vn -0.513356 0.486277 -0.707107 
vn -0.513356 0.486277 -0.707107 
vn -0.60589 0.364552 -0.707107 
vn -0.60589 0.364552 -0.707107 
vn -0.670092 0.22578 -0.707107 
vn -0.670092 0.22578 -0.707107 
vn -0.702962 0.0764517 -0.707107 
vn -0.702962 0.0764517 -0.707107 
vn -0.702962 -0.0764517 -0.707107 
vn -0.702962 -0.0764517 -0.707107 
vn -0.670092 -0.22578 -0.707107 
vn -0.670092 -0.22578 -0.707107 
vn -0.60589 -0.364552 -0.707107 
vn -0.60589 -0.364552 -0.707107 
vn -0.513356 -0.486277 -0.707107 
vn -0.513356 -0.486277 -0.707107 
vn -0.396819 -0.585265 -0.707107 
vn -0.396819 -0.585265 -0.707107 
vn -0.261727 -0.656886 -0.707107 
vn -0.261727 -0.656886 -0.707107 
vn -0.114397 -0.697792 -0.707107 
vn -0.114397 -0.697792 -0.707107 
vn 0.038282 -0.70607 -0.707107 
vn 0.038282 -0.70607 -0.707107 
vn 0.189171 -0.681333 -0.707107 
vn 0.189171 -0.681333 -0.707107 
vn 0.331215 -0.624737 -0.707107 
vn 0.331215 -0.624737 -0.707107 
vn 0.457771 -0.53893 -0.707107 
vn 0.457771 -0.53893 -0.707107 
vn 0.562923 -0.427923 -0.707107 
vn 0.562923 -0.427923 -0.707107 
vn 0.641753 -0.296906 -0.707107 
vn 0.641753 -0.296906 -0.707107 
vn 0.690575 -0.152007 -0.707107 
vn 0.690575 -0.152007 -0.707107 
f 31//31 32//32 33//33 
f 34//34 33//33 35//35 
f 36//36 35//35 37//37 
f 38//38 37//37 39//39 
f 40//40 39//39 41//41 
f 42//42 41//41 43//43 
f 44//44 43//43 45//45 
f 46//46 45//45 47//47 
f 48//48 47//47 49//49 
f 50//50 49//49 51//51 
f 52//52 51//51 53//53 
f 54//54 53//53 55//55 
f 56//56 55//55 57//57 
f 58//58 57//57 59//59 
f 60//60 59//59 61//61 
f 62//62 61//61 63//63 
f 64//64 63//63 65//65 
f 66//66 65//65 67//67 
f 68//68 67//67 69//69 
f 70//70 69//69 71//71 
f 72//72 71//71 73//73 
f 74//74 73//73 75//75 
f 76//76 75//75 77//77 
f 78//78 77//77 79//79 
f 80//80 79//79 81//81 
f 82//82 81//81 83//83 
f 84//84 83//83 85//85 
f 86//86 85//85 87//87 
f 88//88 87//87 32//32 
f 32//32 31//31 88//88 
f 87//87 88//88 86//86 
f 85//85 86//86 84//84 
f 83//83 84//84 82//82 
f 81//81 82//82 80//80 
f 79//79 80//80 78//78 
f 77//77 78//78 76//76 
f 75//75 76//76 74//74 
f 73//73 74//74 72//72 
f 71//71 72//72 70//70 
f 69//69 70//70 68//68 
f 67//67 68//68 66//66 
f 65//65 66//66 64//64 
f 63//63 64//64 62//62 
f 61//61 62//62 60//60 
f 59//59 60//60 58//58 
f 57//57 58//58 56//56 
f 55//55 56//56 54//54 
f 53//53 54//54 52//52 
f 51//51 52//52 50//50 
f 49//49 50//50 48//48 
f 47//47 48//48 46//46 
f 45//45 46//46 44//44 
f 43//43 44//44 42//42 
f 41//41 42//42 40//40 
f 39//39 40//40 38//38 
f 37//37 38//38 36//36 
f 35//35 36//36 34//34 
f 33//33 34//34 31//31 
o mesh3672
v 0.0015 1.83697e-19 -0.00353723 
v 0.0015 0 -0.0127294 
v 0.00146493 0.000322456 -0.0127294 
v 0.00146493 0.000322456 -0.00353723 
v 0.00136136 0.000629834 -0.0127294 
v 0.00136136 0.000629834 -0.00353723 
v 0.00119414 0.000907761 -0.0127294 
v 0.00119414 0.000907761 -0.00353723 
v 0.000971079 0.00114324 -0.0127294 
v 0.000971079 0.00114324 -0.00353723 
v 0.000702613 0.00132527 -0.0127294 
v 0.000702613 0.00132527 -0.00353723 
v 0.000401293 0.00144532 -0.0127294 
v 0.000401293 0.00144532 -0.00353723 
v 8.12084e-05 0.0014978 -0.0127294 
v 8.12084e-05 0.0014978 -0.00353723 
v -0.000242673 0.00148024 -0.0127294 
v -0.000242673 0.00148024 -0.00353723 
v -0.000555207 0.00139347 -0.0127294 
v -0.000555207 0.00139347 -0.00353723 
v -0.000841781 0.00124153 -0.0127294 
v -0.000841781 0.00124153 -0.00353723 
v -0.00108899 0.00103155 -0.0127294 
v -0.00108899 0.00103155 -0.00353723 
v -0.00128529 0.000773331 -0.0127294 
v -0.00128529 0.000773331 -0.00353723 
v -0.00142148 0.000478952 -0.0127294 
v -0.00142148 0.000478952 -0.00353723 
v -0.00149121 0.000162179 -0.0127294 
v -0.00149121 -0.000162179 -0.0127294 
v -0.00149121 -0.000162179 -0.00353723 
v -0.0015 0 -0.00353723 
v -0.00142148 -0.000478952 -0.0127294 
v -0.00142148 -0.000478952 -0.00353723 
v -0.00128529 -0.000773331 -0.0127294 
v -0.00128529 -0.000773331 -0.00353723 
v -0.00108899 -0.00103155 -0.0127294 
v -0.00108899 -0.00103155 -0.00353723 
v -0.000841781 -0.00124153 -0.0127294 
v -0.000841781 -0.00124153 -0.00353723 
v -0.000555207 -0.00139347 -0.0127294 
v -0.000555207 -0.00139347 -0.00353723 
v -0.000242673 -0.00148024 -0.0127294 
v -0.000242673 -0.00148024 -0.00353723 
v 8.12084e-05 -0.0014978 -0.0127294 
v 8.12084e-05 -0.0014978 -0.00353723 
v 0.000401293 -0.00144532 -0.0127294 
v 0.000401293 -0.00144532 -0.00353723 
v 0.000702613 -0.00132527 -0.0127294 
v 0.000702613 -0.00132527 -0.00353723 
v 0.000971079 -0.00114324 -0.0127294 
v 0.000971079 -0.00114324 -0.00353723 
v 0.00119414 -0.000907761 -0.0127294 
v 0.00119414 -0.000907761 -0.00353723 
v 0.00136136 -0.000629834 -0.0127294 
v 0.00136136 -0.000629834 -0.00353723 
v 0.00146493 -0.000322456 -0.0127294 
v 0.00146493 -0.000322456 -0.00353723 
v -0.00149121 0.000162179 -0.00353723 
vn 1 0 0 
vn 1 0 0 
vn 0.976621 0.21497 0 
vn 0.976621 0.21497 0 
vn 0.907575 0.419889 0 
vn 0.907575 0.419889 0 
vn 0.796093 0.605174 0 
vn 0.796093 0.605174 0 
vn 0.647386 0.762162 0 
vn 0.647386 0.762162 0 
vn 0.468408 0.883512 0 
vn 0.468408 0.883512 0 
vn 0.267528 0.96355 0 
vn 0.267528 0.96355 0 
vn 0.0541389 0.998533 0 
vn 0.0541389 0.998533 0 
vn -0.161782 0.986827 0 
vn -0.161782 0.986827 0 
vn -0.370138 0.928977 0 
vn -0.370138 0.928977 0 
vn -0.561187 0.827689 0 
vn -0.561187 0.827689 0 
vn -0.725995 0.687699 0 
vn -0.725995 0.687699 0 
vn -0.856857 0.515554 0 
vn -0.856857 0.515554 0 
vn -0.947653 0.319302 0 
vn -0.947653 0.319302 0 
vn -0.994138 0.108119 0 
vn -0.994138 -0.108119 0 
vn -0.994138 -0.108119 0 
vn -1 1.22465e-16 0 
vn -0.947653 -0.319302 0 
vn -0.947653 -0.319302 0 
vn -0.856857 -0.515554 0 
vn -0.856857 -0.515554 0 
vn -0.725995 -0.687699 0 
vn -0.725995 -0.687699 0 
vn -0.561187 -0.827689 0 
vn -0.561187 -0.827689 0 
vn -0.370138 -0.928977 0 
vn -0.370138 -0.928977 0 
vn -0.161782 -0.986827 0 
vn -0.161782 -0.986827 0 
vn 0.0541389 -0.998533 0 
vn 0.0541389 -0.998533 0 
vn 0.267528 -0.96355 0 
vn 0.267528 -0.96355 0 
vn 0.468408 -0.883512 0 
vn 0.468408 -0.883512 0 
vn 0.647386 -0.762162 0 
vn 0.647386 -0.762162 0 
vn 0.796093 -0.605174 0 
vn 0.796093 -0.605174 0 
vn 0.907575 -0.419889 0 
vn 0.907575 -0.419889 0 
vn 0.976621 -0.21497 0 
vn 0.976621 -0.21497 0 
vn -0.994138 0.108119 0 
f 89//89 90//90 91//91 
f 92//92 91//91 93//93 
f 94//94 93//93 95//95 
f 96//96 95//95 97//97 
f 98//98 97//97 99//99 
f 100//100 99//99 101//101 
f 102//102 101//101 103//103 
f 104//104 103//103 105//105 
f 106//106 105//105 107//107 
f 108//108 107//107 109//109 
f 110//110 109//109 111//111 
f 112//112 111//111 113//113 
f 114//114 113//113 115//115 
f 116//116 115//115 117//117 
f 118//118 119//119 120//120 
f 120//120 117//117 118//118 
f 119//119 118//118 121//121 
f 122//122 121//121 123//123 
f 124//124 123//123 125//125 
f 126//126 125//125 127//127 
f 128//128 127//127 129//129 
f 130//130 129//129 131//131 
f 132//132 131//131 133//133 
f 134//134 133//133 135//135 
f 136//136 135//135 137//137 
f 138//138 137//137 139//139 
f 140//140 139//139 141//141 
f 142//142 141//141 143//143 
f 144//144 143//143 145//145 
f 146//146 145//145 90//90 
f 90//90 89//89 146//146 
f 145//145 146//146 144//144 
f 143//143 144//144 142//142 
f 141//141 142//142 140//140 
f 139//139 140//140 138//138 
f 137//137 138//138 136//136 
f 135//135 136//136 134//134 
f 133//133 134//134 132//132 
f 131//131 132//132 130//130 
f 129//129 130//130 128//128 
f 127//127 128//128 126//126 
f 125//125 126//126 124//124 
f 123//123 124//124 122//122 
f 121//121 122//122 119//119 
f 120//120 147//147 117//117 
f 117//117 147//147 116//116 
f 115//115 116//116 114//114 
f 113//113 114//114 112//112 
f 111//111 112//112 110//110 
f 109//109 110//110 108//108 
f 107//107 108//108 106//106 
f 105//105 106//106 104//104 
f 103//103 104//104 102//102 
f 101//101 102//102 100//100 
f 99//99 100//100 98//98 
f 97//97 98//98 96//96 
f 95//95 96//96 94//94 
f 93//93 94//94 92//92 
f 91//91 92//92 89//89 
o mesh3673
v -0.00151381 0 -0.00348653 
v -0.00150493 0.000163671 -0.00348653 
v -0.00149739 0.000162851 -0.00350252 
v -0.00143456 0.000483361 -0.00348653 
v -0.00142737 0.000480938 -0.00350252 
v -0.00129712 0.000780449 -0.00348653 
v -0.00129061 0.000776536 -0.00350252 
v -0.00109902 0.00104104 -0.00348653 
v -0.00109351 0.00103582 -0.00350252 
v -0.000849529 0.00125296 -0.00348653 
v -0.00084527 0.00124668 -0.00350252 
v -0.000560318 0.00140629 -0.00348653 
v -0.000557509 0.00139924 -0.00350252 
v -0.000244907 0.00149386 -0.00348653 
v -0.000243679 0.00148638 -0.00350252 
v 8.19558e-05 0.00151159 -0.00348653 
v 8.1545e-05 0.00150401 -0.00350252 
v 0.000404986 0.00145863 -0.00348653 
v 0.000402956 0.00145132 -0.00350252 
v 0.00070908 0.00133747 -0.00348653 
v 0.000705525 0.00133076 -0.00350252 
v 0.000980018 0.00115377 -0.00348653 
v 0.000975104 0.00114798 -0.00350252 
v 0.00120513 0.000916117 -0.00348653 
v 0.00119909 0.000911524 -0.00350252 
v 0.00137389 0.000635631 -0.00348653 
v 0.00136701 0.000632444 -0.00350252 
v 0.00147841 0.000325424 -0.00348653 
v 0.001471 0.000323792 -0.00350252 
v 0.00151381 5.56164e-19 -0.00348653 
v 0.00150622 1.84458e-19 -0.00350252 
v 0.00147841 -0.000325424 -0.00348653 
v 0.001471 -0.000323792 -0.00350252 
v 0.00137389 -0.000635631 -0.00348653 
v 0.00136701 -0.000632444 -0.00350252 
v 0.00120513 -0.000916117 -0.00348653 
v 0.00119909 -0.000911524 -0.00350252 
v 0.000980018 -0.00115377 -0.00348653 
v 0.000975104 -0.00114798 -0.00350252 
v 0.00070908 -0.00133747 -0.00348653 
v 0.000705525 -0.00133076 -0.00350252 
v 0.000404986 -0.00145863 -0.00348653 
v 0.000402956 -0.00145132 -0.00350252 
v 8.19558e-05 -0.00151159 -0.00348653 
v 8.1545e-05 -0.00150401 -0.00350252 
v -0.000244907 -0.00149386 -0.00348653 
v -0.000243679 -0.00148638 -0.00350252 
v -0.000560318 -0.00140629 -0.00348653 
v -0.000557509 -0.00139924 -0.00350252 
v -0.000849529 -0.00125296 -0.00348653 
v -0.00084527 -0.00124668 -0.00350252 
v -0.00109902 -0.00104104 -0.00348653 
v -0.00109351 -0.00103582 -0.00350252 
v -0.00129712 -0.000780449 -0.00348653 
v -0.00129061 -0.000776536 -0.00350252 
v -0.00143456 -0.000483361 -0.00348653 
v -0.00142737 -0.000480938 -0.00350252 
v -0.00150493 -0.000163671 -0.00348653 
v -0.00149739 -0.000162851 -0.00350252 
v -0.00150622 0 -0.00350252 
v -0.00149276 0.000162348 -0.0035196 
v -0.00142296 0.000479453 -0.0035196 
v -0.00128663 0.000774138 -0.0035196 
v -0.00109013 0.00103263 -0.0035196 
v -0.00084266 0.00124283 -0.0035196 
v -0.000555787 0.00139492 -0.0035196 
v -0.000242926 0.00148179 -0.0035196 
v 8.12932e-05 0.00149936 -0.0035196 
v 0.000401712 0.00144683 -0.0035196 
v 0.000703346 0.00132665 -0.0035196 
v 0.000972094 0.00114444 -0.0035196 
v 0.00119539 0.000908709 -0.0035196 
v 0.00136278 0.000630491 -0.0035196 
v 0.00146646 0.000322792 -0.0035196 
v 0.00150157 1.83889e-19 -0.0035196 
v 0.00146646 -0.000322792 -0.0035196 
v 0.00136278 -0.000630491 -0.0035196 
v 0.00119539 -0.000908709 -0.0035196 
v 0.000972094 -0.00114444 -0.0035196 
v 0.000703346 -0.00132665 -0.0035196 
v 0.000401712 -0.00144683 -0.0035196 
v 8.12932e-05 -0.00149936 -0.0035196 
v -0.000242926 -0.00148179 -0.0035196 
v -0.000555787 -0.00139492 -0.0035196 
v -0.00084266 -0.00124283 -0.0035196 
v -0.00109013 -0.00103263 -0.0035196 
v -0.00128663 -0.000774138 -0.0035196 
v -0.00142296 -0.000479453 -0.0035196 
v -0.00149276 -0.000162348 -0.0035196 
v -0.00150157 0 -0.0035196 
v -0.00149121 0.000162179 -0.00353723 
v -0.00142148 0.000478952 -0.00353723 
v -0.00128529 0.000773331 -0.00353723 
v -0.00108899 0.00103155 -0.00353723 
v -0.000841781 0.00124153 -0.00353723 
v -0.000555207 0.00139347 -0.00353723 
v -0.000242673 0.00148024 -0.00353723 
v 8.12084e-05 0.0014978 -0.00353723 
v 0.000401293 0.00144532 -0.00353723 
v 0.000702613 0.00132527 -0.00353723 
v 0.000971079 0.00114324 -0.00353723 
v 0.00119414 0.000907761 -0.00353723 
v 0.00136136 0.000629834 -0.00353723 
v 0.00146493 0.000322456 -0.00353723 
v 0.0015 1.83697e-19 -0.00353723 
v 0.00146493 -0.000322456 -0.00353723 
v 0.00136136 -0.000629834 -0.00353723 
v 0.00119414 -0.000907761 -0.00353723 
v 0.000971079 -0.00114324 -0.00353723 
v 0.000702613 -0.00132527 -0.00353723 
v 0.000401293 -0.00144532 -0.00353723 
v 8.12084e-05 -0.0014978 -0.00353723 
v -0.000242673 -0.00148024 -0.00353723 
v -0.000555207 -0.00139347 -0.00353723 
v -0.000841781 -0.00124153 -0.00353723 
v -0.00108899 -0.00103155 -0.00353723 
v -0.00128529 -0.000773331 -0.00353723 
v -0.00142148 -0.000478952 -0.00353723 
v -0.00149121 -0.000162179 -0.00353723 
v -0.0015 0 -0.00353723 
vn -0.861934 0 -0.50702 
vn -0.856882 0.0931915 -0.50702 
vn -0.932329 0.101397 -0.347105 
vn -0.816815 0.275217 -0.50702 
vn -0.888734 0.299449 -0.347105 
vn -0.738555 0.444374 -0.50702 
vn -0.803583 0.4835 -0.347105 
vn -0.62576 0.592752 -0.50702 
vn -0.680858 0.644943 -0.347105 
vn -0.483706 0.713413 -0.50702 
vn -0.526296 0.776228 -0.347105 
vn -0.319035 0.800717 -0.50702 
vn -0.347125 0.871219 -0.347105 
vn -0.139445 0.85058 -0.50702 
vn -0.151723 0.925472 -0.347105 
vn 0.0466642 0.86067 -0.50702 
vn 0.0507729 0.936451 -0.347105 
vn 0.230592 0.830517 -0.50702 
vn 0.250895 0.903642 -0.347105 
vn 0.403737 0.761529 -0.50702 
vn 0.439286 0.828581 -0.347105 
vn 0.558004 0.656934 -0.50702 
vn 0.607136 0.714776 -0.347105 
vn 0.68618 0.52162 -0.50702 
vn 0.746597 0.567548 -0.347105 
vn 0.78227 0.361917 -0.50702 
vn 0.851148 0.393783 -0.347105 
vn 0.841783 0.18529 -0.50702 
vn 0.9159 0.201605 -0.347105 
vn 0.861934 1.05556e-16 -0.50702 
vn 0.937826 1.14851e-16 -0.347105 
vn 0.841783 -0.18529 -0.50702 
vn 0.9159 -0.201605 -0.347105 
vn 0.78227 -0.361917 -0.50702 
vn 0.851148 -0.393783 -0.347105 
vn 0.68618 -0.52162 -0.50702 
vn 0.746597 -0.567548 -0.347105 
vn 0.558004 -0.656934 -0.50702 
vn 0.607136 -0.714776 -0.347105 
vn 0.403737 -0.761529 -0.50702 
vn 0.439286 -0.828581 -0.347105 
vn 0.230592 -0.830517 -0.50702 
vn 0.250895 -0.903642 -0.347105 
vn 0.0466642 -0.86067 -0.50702 
vn 0.0507729 -0.936451 -0.347105 
vn -0.139445 -0.85058 -0.50702 
vn -0.151723 -0.925472 -0.347105 
vn -0.319035 -0.800717 -0.50702 
vn -0.347125 -0.871219 -0.347105 
vn -0.483706 -0.713413 -0.50702 
vn -0.526296 -0.776228 -0.347105 
vn -0.62576 -0.592752 -0.50702 
vn -0.680858 -0.644943 -0.347105 
vn -0.738555 -0.444374 -0.50702 
vn -0.803583 -0.4835 -0.347105 
vn -0.816815 -0.275217 -0.50702 
vn -0.888734 -0.299449 -0.347105 
vn -0.856882 -0.0931915 -0.50702 
vn -0.932329 -0.101397 -0.347105 
vn -0.937826 0 -0.347105 
vn -0.978564 0.106425 -0.176315 
vn -0.932807 0.314299 -0.176315 
vn -0.843434 0.507477 -0.176315 
vn -0.714622 0.676926 -0.176315 
vn -0.552395 0.814722 -0.176315 
vn -0.36434 0.914423 -0.176315 
vn -0.159247 0.971367 -0.176315 
vn 0.0532908 0.98289 -0.176315 
vn 0.263337 0.948455 -0.176315 
vn 0.46107 0.869671 -0.176315 
vn 0.637244 0.750222 -0.176315 
vn 0.783621 0.595693 -0.176315 
vn 0.893357 0.413311 -0.176315 
vn 0.961321 0.211603 -0.176315 
vn 0.984334 1.20546e-16 -0.176315 
vn 0.961321 -0.211603 -0.176315 
vn 0.893357 -0.413311 -0.176315 
vn 0.783621 -0.595693 -0.176315 
vn 0.637244 -0.750222 -0.176315 
vn 0.46107 -0.869671 -0.176315 
vn 0.263337 -0.948455 -0.176315 
vn 0.0532908 -0.98289 -0.176315 
vn -0.159247 -0.971367 -0.176315 
vn -0.36434 -0.914423 -0.176315 
vn -0.552395 -0.814722 -0.176315 
vn -0.714622 -0.676926 -0.176315 
vn -0.843434 -0.507477 -0.176315 
vn -0.932807 -0.314299 -0.176315 
vn -0.978564 -0.106425 -0.176315 
vn -0.984334 0 -0.176315 
vn -0.994138 0.108119 -1.22465e-16 
vn -0.947653 0.319302 -1.22465e-16 
vn -0.856857 0.515554 -1.22465e-16 
vn -0.725995 0.687699 -1.22465e-16 
vn -0.561187 0.827689 -1.22465e-16 
vn -0.370138 0.928977 -1.22465e-16 
vn -0.161782 0.986827 -1.22465e-16 
vn 0.0541389 0.998533 -1.22465e-16 
vn 0.267528 0.96355 -1.22465e-16 
vn 0.468408 0.883512 -1.22465e-16 
vn 0.647386 0.762162 -1.22465e-16 
vn 0.796093 0.605174 -1.22465e-16 
vn 0.907575 0.419889 -1.22465e-16 
vn 0.976621 0.21497 -1.22465e-16 
vn 1 1.22465e-16 -1.22465e-16 
vn 0.976621 -0.21497 -1.22465e-16 
vn 0.907575 -0.419889 -1.22465e-16 
vn 0.796093 -0.605174 -1.22465e-16 
vn 0.647386 -0.762162 -1.22465e-16 
vn 0.468408 -0.883512 -1.22465e-16 
vn 0.267528 -0.96355 -1.22465e-16 
vn 0.0541389 -0.998533 -1.22465e-16 
vn -0.161782 -0.986827 -1.22465e-16 
vn -0.370138 -0.928977 -1.22465e-16 
vn -0.561187 -0.827689 -1.22465e-16 
vn -0.725995 -0.687699 -1.22465e-16 
vn -0.856857 -0.515554 -1.22465e-16 
vn -0.947653 -0.319302 -1.22465e-16 
vn -0.994138 -0.108119 -1.22465e-16 
vn -1 0 -1.22465e-16 
f 148//148 149//149 150//150 
f 149//149 151//151 152//152 
f 151//151 153//153 154//154 
f 153//153 155//155 156//156 
f 155//155 157//157 158//158 
f 157//157 159//159 160//160 
f 159//159 161//161 162//162 
f 161//161 163//163 164//164 
f 163//163 165//165 166//166 
f 165//165 167//167 168//168 
f 167//167 169//169 170//170 
f 169//169 171//171 172//172 
f 171//171 173//173 174//174 
f 173//173 175//175 176//176 
f 175//175 177//177 178//178 
f 177//177 179//179 180//180 
f 179//179 181//181 182//182 
f 181//181 183//183 184//184 
f 183//183 185//185 186//186 
f 185//185 187//187 188//188 
f 187//187 189//189 190//190 
f 189//189 191//191 192//192 
f 191//191 193//193 194//194 
f 193//193 195//195 196//196 
f 195//195 197//197 198//198 
f 197//197 199//199 200//200 
f 199//199 201//201 202//202 
f 201//201 203//203 204//204 
f 203//203 205//205 206//206 
f 205//205 148//148 207//207 
f 207//207 150//150 208//208 
f 150//150 152//152 209//209 
f 152//152 154//154 210//210 
f 154//154 156//156 211//211 
f 156//156 158//158 212//212 
f 158//158 160//160 213//213 
f 160//160 162//162 214//214 
f 162//162 164//164 215//215 
f 164//164 166//166 216//216 
f 166//166 168//168 217//217 
f 168//168 170//170 218//218 
f 170//170 172//172 219//219 
f 172//172 174//174 220//220 
f 174//174 176//176 221//221 
f 176//176 178//178 222//222 
f 178//178 180//180 223//223 
f 180//180 182//182 224//224 
f 182//182 184//184 225//225 
f 184//184 186//186 226//226 
f 186//186 188//188 227//227 
f 188//188 190//190 228//228 
f 190//190 192//192 229//229 
f 192//192 194//194 230//230 
f 194//194 196//196 231//231 
f 196//196 198//198 232//232 
f 198//198 200//200 233//233 
f 200//200 202//202 234//234 
f 202//202 204//204 235//235 
f 204//204 206//206 236//236 
f 206//206 207//207 237//237 
f 237//237 208//208 238//238 
f 208//208 209//209 239//239 
f 209//209 210//210 240//240 
f 210//210 211//211 241//241 
f 211//211 212//212 242//242 
f 212//212 213//213 243//243 
f 213//213 214//214 244//244 
f 214//214 215//215 245//245 
f 215//215 216//216 246//246 
f 216//216 217//217 247//247 
f 217//217 218//218 248//248 
f 218//218 219//219 249//249 
f 219//219 220//220 250//250 
f 220//220 221//221 251//251 
f 221//221 222//222 252//252 
f 222//222 223//223 253//253 
f 223//223 224//224 254//254 
f 224//224 225//225 255//255 
f 225//225 226//226 256//256 
f 226//226 227//227 257//257 
f 227//227 228//228 258//258 
f 228//228 229//229 259//259 
f 229//229 230//230 260//260 
f 230//230 231//231 261//261 
f 231//231 232//232 262//262 
f 232//232 233//233 263//263 
f 233//233 234//234 264//264 
f 234//234 235//235 265//265 
f 235//235 236//236 266//266 
f 236//236 237//237 267//267 
f 267//267 266//266 236//236 
f 266//266 265//265 235//235 
f 265//265 264//264 234//234 
f 264//264 263//263 233//233 
f 263//263 262//262 232//232 
f 262//262 261//261 231//231 
f 261//261 260//260 230//230 
f 260//260 259//259 229//229 
f 259//259 258//258 228//228 
f 258//258 257//257 227//227 
f 257//257 256//256 226//226 
f 256//256 255//255 225//225 
f 255//255 254//254 224//224 
f 254//254 253//253 223//223 
f 253//253 252//252 222//222 
f 252//252 251//251 221//221 
f 251//251 250//250 220//220 
f 250//250 249//249 219//219 
f 249//249 248//248 218//218 
f 248//248 247//247 217//217 
f 247//247 246//246 216//216 
f 246//246 245//245 215//215 
f 245//245 244//244 214//214 
f 244//244 243//243 213//213 
f 243//243 242//242 212//212 
f 242//242 241//241 211//211 
f 241//241 240//240 210//210 
f 240//240 239//239 209//209 
f 239//239 238//238 208//208 
f 238//238 267//267 237//237 
f 237//237 236//236 206//206 
f 236//236 235//235 204//204 
f 235//235 234//234 202//202 
f 234//234 233//233 200//200 
f 233//233 232//232 198//198 
f 232//232 231//231 196//196 
f 231//231 230//230 194//194 
f 230//230 229//229 192//192 
f 229//229 228//228 190//190 
f 228//228 227//227 188//188 
f 227//227 226//226 186//186 
f 226//226 225//225 184//184 
f 225//225 224//224 182//182 
f 224//224 223//223 180//180 
f 223//223 222//222 178//178 
f 222//222 221//221 176//176 
f 221//221 220//220 174//174 
f 220//220 219//219 172//172 
f 219//219 218//218 170//170 
f 218//218 217//217 168//168 
f 217//217 216//216 166//166 
f 216//216 215//215 164//164 
f 215//215 214//214 162//162 
f 214//214 213//213 160//160 
f 213//213 212//212 158//158 
f 212//212 211//211 156//156 
f 211//211 210//210 154//154 
f 210//210 209//209 152//152 
f 209//209 208//208 150//150 
f 208//208 237//237 207//207 
f 207//207 206//206 205//205 
f 206//206 204//204 203//203 
f 204//204 202//202 201//201 
f 202//202 200//200 199//199 
f 200//200 198//198 197//197 
f 198//198 196//196 195//195 
f 196//196 194//194 193//193 
f 194//194 192//192 191//191 
f 192//192 190//190 189//189 
f 190//190 188//188 187//187 
f 188//188 186//186 185//185 
f 186//186 184//184 183//183 
f 184//184 182//182 181//181 
f 182//182 180//180 179//179 
f 180//180 178//178 177//177 
f 178//178 176//176 175//175 
f 176//176 174//174 173//173 
f 174//174 172//172 171//171 
f 172//172 170//170 169//169 
f 170//170 168//168 167//167 
f 168//168 166//166 165//165 
f 166//166 164//164 163//163 
f 164//164 162//162 161//161 
f 162//162 160//160 159//159 
f 160//160 158//158 157//157 
f 158//158 156//156 155//155 
f 156//156 154//154 153//153 
f 154//154 152//152 151//151 
f 152//152 150//150 149//149 
f 150//150 207//207 148//148 
o mesh3674
v 0.001771 -4.3377e-19 -0.0030493 
v 0.00151381 5.56164e-19 -0.00348653 
v 0.00147841 0.000325424 -0.00348653 
v 0.0017296 0.000380713 -0.0030493 
v 0.00137389 0.000635631 -0.00348653 
v 0.00160732 0.000743624 -0.0030493 
v 0.00120513 0.000916117 -0.00348653 
v 0.00140988 0.00107176 -0.0030493 
v 0.000980018 0.00115377 -0.00348653 
v 0.00114652 0.00134979 -0.0030493 
v 0.00070908 0.00133747 -0.00348653 
v 0.000829552 0.0015647 -0.0030493 
v 0.000404986 0.00145863 -0.00348653 
v 0.000473793 0.00170645 -0.0030493 
v 8.19558e-05 0.00151159 -0.00348653 
v 9.58801e-05 0.0017684 -0.0030493 
v -0.000244907 0.00149386 -0.00348653 
v -0.000286516 0.00174767 -0.0030493 
v -0.000560318 0.00140629 -0.00348653 
v -0.000655515 0.00164522 -0.0030493 
v -0.000849529 0.00125296 -0.00348653 
v -0.000993863 0.00146584 -0.0030493 
v -0.00109902 0.00104104 -0.00348653 
v -0.00128574 0.00121792 -0.0030493 
v -0.00129712 0.000780449 -0.00348653 
v -0.0015175 0.000913046 -0.0030493 
v -0.00143456 0.000483361 -0.00348653 
v -0.00167829 0.000565483 -0.0030493 
v -0.00150493 0.000163671 -0.00348653 
v -0.00176062 -0.000191479 -0.0030493 
v -0.00176062 0.000191479 -0.0030493 
v -0.00151381 0 -0.00348653 
v -0.00150493 -0.000163671 -0.00348653 
v -0.00143456 -0.000483361 -0.00348653 
v -0.00167829 -0.000565483 -0.0030493 
v -0.00129712 -0.000780449 -0.00348653 
v -0.0015175 -0.000913046 -0.0030493 
v -0.00109902 -0.00104104 -0.00348653 
v -0.00128574 -0.00121792 -0.0030493 
v -0.000849529 -0.00125296 -0.00348653 
v -0.000993863 -0.00146584 -0.0030493 
v -0.000560318 -0.00140629 -0.00348653 
v -0.000655515 -0.00164522 -0.0030493 
v -0.000244907 -0.00149386 -0.00348653 
v -0.000286516 -0.00174767 -0.0030493 
v 8.19558e-05 -0.00151159 -0.00348653 
v 9.58801e-05 -0.0017684 -0.0030493 
v 0.000404986 -0.00145863 -0.00348653 
v 0.000473793 -0.00170645 -0.0030493 
v 0.00070908 -0.00133747 -0.00348653 
v 0.000829552 -0.0015647 -0.0030493 
v 0.000980018 -0.00115377 -0.00348653 
v 0.00114652 -0.00134979 -0.0030493 
v 0.00120513 -0.000916117 -0.00348653 
v 0.00140988 -0.00107176 -0.0030493 
v 0.00137389 -0.000635631 -0.00348653 
v 0.00160732 -0.000743624 -0.0030493 
v 0.00147841 -0.000325424 -0.00348653 
v 0.0017296 -0.000380713 -0.0030493 
vn 0.861934 0 -0.50702 
vn 0.861934 0 -0.50702 
vn 0.841783 0.18529 -0.50702 
vn 0.841783 0.18529 -0.50702 
vn 0.78227 0.361917 -0.50702 
vn 0.78227 0.361917 -0.50702 
vn 0.68618 0.52162 -0.50702 
vn 0.68618 0.52162 -0.50702 
vn 0.558004 0.656934 -0.50702 
vn 0.558004 0.656934 -0.50702 
vn 0.403737 0.761529 -0.50702 
vn 0.403737 0.761529 -0.50702 
vn 0.230592 0.830517 -0.50702 
vn 0.230592 0.830517 -0.50702 
vn 0.0466642 0.86067 -0.50702 
vn 0.0466642 0.86067 -0.50702 
vn -0.139445 0.85058 -0.50702 
vn -0.139445 0.85058 -0.50702 
vn -0.319035 0.800717 -0.50702 
vn -0.319035 0.800717 -0.50702 
vn -0.483706 0.713413 -0.50702 
vn -0.483706 0.713413 -0.50702 
vn -0.62576 0.592752 -0.50702 
vn -0.62576 0.592752 -0.50702 
vn -0.738555 0.444374 -0.50702 
vn -0.738555 0.444374 -0.50702 
vn -0.816815 0.275217 -0.50702 
vn -0.816815 0.275217 -0.50702 
vn -0.856882 0.0931915 -0.50702 
vn -0.856882 -0.0931915 -0.50702 
vn -0.856882 0.0931915 -0.50702 
vn -0.861934 1.05556e-16 -0.50702 
vn -0.856882 -0.0931915 -0.50702 
vn -0.816815 -0.275217 -0.50702 
vn -0.816815 -0.275217 -0.50702 
vn -0.738555 -0.444374 -0.50702 
vn -0.738555 -0.444374 -0.50702 
vn -0.62576 -0.592752 -0.50702 
vn -0.62576 -0.592752 -0.50702 
vn -0.483706 -0.713413 -0.50702 
vn -0.483706 -0.713413 -0.50702 
vn -0.319035 -0.800717 -0.50702 
vn -0.319035 -0.800717 -0.50702 
vn -0.139445 -0.85058 -0.50702 
vn -0.139445 -0.85058 -0.50702 
vn 0.0466642 -0.86067 -0.50702 
vn 0.0466642 -0.86067 -0.50702 
vn 0.230592 -0.830517 -0.50702 
vn 0.230592 -0.830517 -0.50702 
vn 0.403737 -0.761529 -0.50702 
vn 0.403737 -0.761529 -0.50702 
vn 0.558004 -0.656934 -0.50702 
vn 0.558004 -0.656934 -0.50702 
vn 0.68618 -0.52162 -0.50702 
vn 0.68618 -0.52162 -0.50702 
vn 0.78227 -0.361917 -0.50702 
vn 0.78227 -0.361917 -0.50702 
vn 0.841783 -0.18529 -0.50702 
vn 0.841783 -0.18529 -0.50702 
f 268//268 269//269 270//270 
f 271//271 270//270 272//272 
f 273//273 272//272 274//274 
f 275//275 274//274 276//276 
f 277//277 276//276 278//278 
f 279//279 278//278 280//280 
f 281//281 280//280 282//282 
f 283//283 282//282 284//284 
f 285//285 284//284 286//286 
f 287//287 286//286 288//288 
f 289//289 288//288 290//290 
f 291//291 290//290 292//292 
f 293//293 292//292 294//294 
f 295//295 294//294 296//296 
f 297//297 298//298 299//299 
f 298//298 296//296 299//299 
f 297//297 300//300 301//301 
f 302//302 301//301 303//303 
f 304//304 303//303 305//305 
f 306//306 305//305 307//307 
f 308//308 307//307 309//309 
f 310//310 309//309 311//311 
f 312//312 311//311 313//313 
f 314//314 313//313 315//315 
f 316//316 315//315 317//317 
f 318//318 317//317 319//319 
f 320//320 319//319 321//321 
f 322//322 321//321 323//323 
f 324//324 323//323 325//325 
f 326//326 325//325 269//269 
f 269//269 268//268 326//326 
f 325//325 326//326 324//324 
f 323//323 324//324 322//322 
f 321//321 322//322 320//320 
f 319//319 320//320 318//318 
f 317//317 318//318 316//316 
f 315//315 316//316 314//314 
f 313//313 314//314 312//312 
f 311//311 312//312 310//310 
f 309//309 310//310 308//308 
f 307//307 308//308 306//306 
f 305//305 306//306 304//304 
f 303//303 304//304 302//302 
f 301//301 302//302 297//297 
f 299//299 300//300 297//297 
f 296//296 298//298 295//295 
f 294//294 295//295 293//293 
f 292//292 293//293 291//291 
f 290//290 291//291 289//289 
f 288//288 289//289 287//287 
f 286//286 287//287 285//285 
f 284//284 285//285 283//283 
f 282//282 283//283 281//281 
f 280//280 281//281 279//279 
f 278//278 279//279 277//277 
f 276//276 277//277 275//275 
f 274//274 275//275 273//273 
f 272//272 273//273 271//271 
f 270//270 271//271 268//268 
o mesh3675
v 0.001771 -4.3377e-19 -0.0030493 
v 0.0017296 0.000380713 -0.0030493 
v 0.00174162 0.00038336 -0.00303261 
v 0.00160732 0.000743624 -0.0030493 
v 0.00161849 0.000748795 -0.00303261 
v 0.00140988 0.00107176 -0.0030493 
v 0.00141969 0.00107922 -0.00303261 
v 0.00114652 0.00134979 -0.0030493 
v 0.00115449 0.00135918 -0.00303261 
v 0.000829552 0.0015647 -0.0030493 
v 0.000835321 0.00157558 -0.00303261 
v 0.000473793 0.00170645 -0.0030493 
v 0.000477088 0.00171831 -0.00303261 
v 9.58801e-05 0.0017684 -0.0030493 
v 9.65468e-05 0.0017807 -0.00303261 
v -0.000286516 0.00174767 -0.0030493 
v -0.000288509 0.00175982 -0.00303261 
v -0.000655515 0.00164522 -0.0030493 
v -0.000660074 0.00165666 -0.00303261 
v -0.000993863 0.00146584 -0.0030493 
v -0.00100077 0.00147603 -0.00303261 
v -0.00128574 0.00121792 -0.0030493 
v -0.00129468 0.00122639 -0.00303261 
v -0.0015175 0.000913046 -0.0030493 
v -0.00152805 0.000919396 -0.00303261 
v -0.00167829 0.000565483 -0.0030493 
v -0.00168997 0.000569416 -0.00303261 
v -0.00176062 0.000191479 -0.0030493 
v -0.00177286 0.00019281 -0.00303261 
v -0.00176062 -0.000191479 -0.0030493 
v -0.00177286 -0.00019281 -0.00303261 
v -0.00167829 -0.000565483 -0.0030493 
v -0.00168997 -0.000569416 -0.00303261 
v -0.0015175 -0.000913046 -0.0030493 
v -0.00152805 -0.000919396 -0.00303261 
v -0.00128574 -0.00121792 -0.0030493 
v -0.00129468 -0.00122639 -0.00303261 
v -0.000993863 -0.00146584 -0.0030493 
v -0.00100077 -0.00147603 -0.00303261 
v -0.000655515 -0.00164522 -0.0030493 
v -0.000660074 -0.00165666 -0.00303261 
v -0.000286516 -0.00174767 -0.0030493 
v -0.000288509 -0.00175982 -0.00303261 
v 9.58801e-05 -0.0017684 -0.0030493 
v 9.65468e-05 -0.0017807 -0.00303261 
v 0.000473793 -0.00170645 -0.0030493 
v 0.000477088 -0.00171831 -0.00303261 
v 0.000829552 -0.0015647 -0.0030493 
v 0.000835321 -0.00157558 -0.00303261 
v 0.00114652 -0.00134979 -0.0030493 
v 0.00115449 -0.00135918 -0.00303261 
v 0.00140988 -0.00107176 -0.0030493 
v 0.00141969 -0.00107922 -0.00303261 
v 0.00160732 -0.000743624 -0.0030493 
v 0.00161849 -0.000748795 -0.00303261 
v 0.0017296 -0.000380713 -0.0030493 
v 0.00174162 -0.00038336 -0.00303261 
v 0.00178332 0 -0.00303261 
v 0.00175676 0.000386691 -0.00301881 
v 0.00163256 0.000755301 -0.00301881 
v 0.00143202 0.00108859 -0.00301881 
v 0.00116453 0.00137099 -0.00301881 
v 0.000842578 0.00158927 -0.00301881 
v 0.000481233 0.00173324 -0.00301881 
v 9.73857e-05 0.00179617 -0.00301881 
v -0.000291015 0.00177511 -0.00301881 
v -0.000665809 0.00167105 -0.00301881 
v -0.00100947 0.00148886 -0.00301881 
v -0.00130593 0.00123704 -0.00301881 
v -0.00154132 0.000927384 -0.00301881 
v -0.00170465 0.000574363 -0.00301881 
v -0.00178827 0.000194486 -0.00301881 
v -0.00178827 -0.000194486 -0.00301881 
v -0.00170465 -0.000574363 -0.00301881 
v -0.00154132 -0.000927384 -0.00301881 
v -0.00130593 -0.00123704 -0.00301881 
v -0.00100947 -0.00148886 -0.00301881 
v -0.000665809 -0.00167105 -0.00301881 
v -0.000291015 -0.00177511 -0.00301881 
v 9.73857e-05 -0.00179617 -0.00301881 
v 0.000481233 -0.00173324 -0.00301881 
v 0.000842578 -0.00158927 -0.00301881 
v 0.00116453 -0.00137099 -0.00301881 
v 0.00143202 -0.00108859 -0.00301881 
v 0.00163256 -0.000755301 -0.00301881 
v 0.00175676 -0.000386691 -0.00301881 
v 0.00179881 0 -0.00301881 
v 0.00177434 0.000390562 -0.00300851 
v 0.0016489 0.000762862 -0.00300851 
v 0.00144636 0.00109949 -0.00300851 
v 0.00117618 0.00138471 -0.00300851 
v 0.000851013 0.00160518 -0.00300851 
v 0.00048605 0.0017506 -0.00300851 
v 9.83605e-05 0.00181415 -0.00300851 
v -0.000293928 0.00179288 -0.00300851 
v -0.000672474 0.00168778 -0.00300851 
v -0.00101957 0.00150376 -0.00300851 
v -0.001319 0.00124942 -0.00300851 
v -0.00155675 0.000936668 -0.00300851 
v -0.00172171 0.000580113 -0.00300851 
v -0.00180617 0.000196433 -0.00300851 
v -0.00180617 -0.000196433 -0.00300851 
v -0.00172171 -0.000580113 -0.00300851 
v -0.00155675 -0.000936668 -0.00300851 
v -0.001319 -0.00124942 -0.00300851 
v -0.00101957 -0.00150376 -0.00300851 
v -0.000672474 -0.00168778 -0.00300851 
v -0.000293928 -0.00179288 -0.00300851 
v 9.83605e-05 -0.00181415 -0.00300851 
v 0.00048605 -0.0017506 -0.00300851 
v 0.000851013 -0.00160518 -0.00300851 
v 0.00117618 -0.00138471 -0.00300851 
v 0.00144636 -0.00109949 -0.00300851 
v 0.0016489 -0.000762862 -0.00300851 
v 0.00177434 -0.000390562 -0.00300851 
v 0.00181682 0 -0.00300851 
v 0.00179362 0.000394807 -0.00300215 
v 0.00166682 0.000771153 -0.00300215 
v 0.00146207 0.00111144 -0.00300215 
v 0.00118897 0.00139976 -0.00300215 
v 0.000860261 0.00162263 -0.00300215 
v 0.000491332 0.00176962 -0.00300215 
v 9.94295e-05 0.00183387 -0.00300215 
v -0.000297123 0.00181237 -0.00300215 
v -0.000679782 0.00170612 -0.00300215 
v -0.00103066 0.0015201 -0.00300215 
v -0.00133334 0.001263 -0.00300215 
v -0.00157367 0.000946847 -0.00300215 
v -0.00174042 0.000586417 -0.00300215 
v -0.0018258 0.000198567 -0.00300215 
v -0.0018258 -0.000198567 -0.00300215 
v -0.00174042 -0.000586417 -0.00300215 
v -0.00157367 -0.000946847 -0.00300215 
v -0.00133334 -0.001263 -0.00300215 
v -0.00103066 -0.0015201 -0.00300215 
v -0.000679782 -0.00170612 -0.00300215 
v -0.000297123 -0.00181237 -0.00300215 
v 9.94295e-05 -0.00183387 -0.00300215 
v 0.000491332 -0.00176962 -0.00300215 
v 0.000860261 -0.00162263 -0.00300215 
v 0.00118897 -0.00139976 -0.00300215 
v 0.00146207 -0.00111144 -0.00300215 
v 0.00166682 -0.000771153 -0.00300215 
v 0.00179362 -0.000394807 -0.00300215 
v 0.00183656 0 -0.00300215 
v 0.00181377 0.000399242 -0.003 
v 0.00168554 0.000779816 -0.003 
v 0.0014785 0.00112393 -0.003 
v 0.00120232 0.00141548 -0.003 
v 0.000869926 0.00164085 -0.003 
v 0.000496852 0.0017895 -0.003 
v 0.000100546 0.00185447 -0.003 
v -0.000300461 0.00183273 -0.003 
v -0.000687419 0.00172529 -0.003 
v -0.00104223 0.00153718 -0.003 
v -0.00134831 0.00127719 -0.003 
v -0.00159135 0.000957484 -0.003 
v -0.00175998 0.000593005 -0.003 
v -0.00184631 0.000200798 -0.003 
v -0.00184631 -0.000200798 -0.003 
v -0.00175998 -0.000593005 -0.003 
v -0.00159135 -0.000957484 -0.003 
v -0.00134831 -0.00127719 -0.003 
v -0.00104223 -0.00153718 -0.003 
v -0.000687419 -0.00172529 -0.003 
v -0.000300461 -0.00183273 -0.003 
v 0.000100546 -0.00185447 -0.003 
v 0.000496852 -0.0017895 -0.003 
v 0.000869926 -0.00164085 -0.003 
v 0.00120232 -0.00141548 -0.003 
v 0.0014785 -0.00112393 -0.003 
v 0.00168554 -0.000779816 -0.003 
v 0.00181377 -0.000399242 -0.003 
v 0.00185719 0 -0.003 
vn 0.861934 0 -0.50702 
vn 0.841783 0.18529 -0.50702 
vn 0.721507 0.158816 -0.673947 
vn 0.78227 0.361917 -0.50702 
vn 0.670498 0.310206 -0.673947 
vn 0.68618 0.52162 -0.50702 
vn 0.588137 0.44709 -0.673947 
vn 0.558004 0.656934 -0.50702 
vn 0.478276 0.56307 -0.673947 
vn 0.403737 0.761529 -0.50702 
vn 0.346051 0.652721 -0.673947 
vn 0.230592 0.830517 -0.50702 
vn 0.197644 0.711851 -0.673947 
vn 0.0466642 0.86067 -0.50702 
vn 0.0399967 0.737696 -0.673947 
vn -0.139445 0.85058 -0.50702 
vn -0.119521 0.729047 -0.673947 
vn -0.319035 0.800717 -0.50702 
vn -0.273451 0.686309 -0.673947 
vn -0.483706 0.713413 -0.50702 
vn -0.414594 0.61148 -0.673947 
vn -0.62576 0.592752 -0.50702 
vn -0.536351 0.508058 -0.673947 
vn -0.738555 0.444374 -0.50702 
vn -0.633029 0.380881 -0.673947 
vn -0.816815 0.275217 -0.50702 
vn -0.700107 0.235893 -0.673947 
vn -0.856882 0.0931915 -0.50702 
vn -0.734449 0.0798761 -0.673947 
vn -0.856882 -0.0931915 -0.50702 
vn -0.734449 -0.0798761 -0.673947 
vn -0.816815 -0.275217 -0.50702 
vn -0.700107 -0.235893 -0.673947 
vn -0.738555 -0.444374 -0.50702 
vn -0.633029 -0.380881 -0.673947 
vn -0.62576 -0.592752 -0.50702 
vn -0.536351 -0.508058 -0.673947 
vn -0.483706 -0.713413 -0.50702 
vn -0.414594 -0.61148 -0.673947 
vn -0.319035 -0.800717 -0.50702 
vn -0.273451 -0.686309 -0.673947 
vn -0.139445 -0.85058 -0.50702 
vn -0.119521 -0.729047 -0.673947 
vn 0.0466642 -0.86067 -0.50702 
vn 0.0399967 -0.737696 -0.673947 
vn 0.230592 -0.830517 -0.50702 
vn 0.197644 -0.711851 -0.673947 
vn 0.403737 -0.761529 -0.50702 
vn 0.346051 -0.652721 -0.673947 
vn 0.558004 -0.656934 -0.50702 
vn 0.478276 -0.56307 -0.673947 
vn 0.68618 -0.52162 -0.50702 
vn 0.588137 -0.44709 -0.673947 
vn 0.78227 -0.361917 -0.50702 
vn 0.670498 -0.310206 -0.673947 
vn 0.841783 -0.18529 -0.50702 
vn 0.721507 -0.158816 -0.673947 
vn 0.73878 0 -0.673947 
vn 0.570184 0.125507 -0.811873 
vn 0.529874 0.245146 -0.811873 
vn 0.464786 0.353321 -0.811873 
vn 0.377966 0.444976 -0.811873 
vn 0.273473 0.515825 -0.811873 
vn 0.156192 0.562553 -0.811873 
vn 0.0316081 0.582978 -0.811873 
vn -0.0944539 0.576143 -0.811873 
vn -0.216099 0.542368 -0.811873 
vn -0.32764 0.483233 -0.811873 
vn -0.423861 0.401502 -0.811873 
vn -0.500263 0.300998 -0.811873 
vn -0.553272 0.186419 -0.811873 
vn -0.580412 0.0631236 -0.811873 
vn -0.580412 -0.0631236 -0.811873 
vn -0.553272 -0.186419 -0.811873 
vn -0.500263 -0.300998 -0.811873 
vn -0.423861 -0.401502 -0.811873 
vn -0.32764 -0.483233 -0.811873 
vn -0.216099 -0.542368 -0.811873 
vn -0.0944539 -0.576143 -0.811873 
vn 0.0316081 -0.582978 -0.811873 
vn 0.156192 -0.562553 -0.811873 
vn 0.273473 -0.515825 -0.811873 
vn 0.377966 -0.444976 -0.811873 
vn 0.464786 -0.353321 -0.811873 
vn 0.529874 -0.245146 -0.811873 
vn 0.570184 -0.125507 -0.811873 
vn 0.583834 0 -0.811873 
vn 0.394326 0.0867976 -0.914863 
vn 0.366448 0.169537 -0.914863 
vn 0.321435 0.244348 -0.914863 
vn 0.261392 0.307735 -0.914863 
vn 0.189127 0.356732 -0.914863 
vn 0.108019 0.389048 -0.914863 
vn 0.0218594 0.403173 -0.914863 
vn -0.065322 0.398446 -0.914863 
vn -0.149449 0.375089 -0.914863 
vn -0.226588 0.334192 -0.914863 
vn -0.293132 0.277669 -0.914863 
vn -0.345969 0.208163 -0.914863 
vn -0.38263 0.128923 -0.914863 
vn -0.401398 0.0436547 -0.914863 
vn -0.401398 -0.0436547 -0.914863 
vn -0.38263 -0.128923 -0.914863 
vn -0.345969 -0.208163 -0.914863 
vn -0.293132 -0.277669 -0.914863 
vn -0.226588 -0.334192 -0.914863 
vn -0.149449 -0.375089 -0.914863 
vn -0.065322 -0.398446 -0.914863 
vn 0.0218594 -0.403173 -0.914863 
vn 0.108019 -0.389048 -0.914863 
vn 0.189127 -0.356732 -0.914863 
vn 0.261392 -0.307735 -0.914863 
vn 0.321435 -0.244348 -0.914863 
vn 0.366448 -0.169537 -0.914863 
vn 0.394326 -0.0867976 -0.914863 
vn 0.403765 0 -0.914863 
vn 0.201498 0.0443531 -0.978484 
vn 0.187253 0.0866323 -0.978484 
vn 0.164251 0.124861 -0.978484 
vn 0.13357 0.157251 -0.978484 
vn 0.0966429 0.182288 -0.978484 
vn 0.0551969 0.198801 -0.978484 
vn 0.01117 0.206019 -0.978484 
vn -0.0333792 0.203604 -0.978484 
vn -0.0763676 0.191668 -0.978484 
vn -0.115785 0.17077 -0.978484 
vn -0.149789 0.141887 -0.978484 
vn -0.176788 0.10637 -0.978484 
vn -0.195522 0.0658789 -0.978484 
vn -0.205112 0.0223073 -0.978484 
vn -0.205112 -0.0223073 -0.978484 
vn -0.195522 -0.0658789 -0.978484 
vn -0.176788 -0.10637 -0.978484 
vn -0.149789 -0.141887 -0.978484 
vn -0.115785 -0.17077 -0.978484 
vn -0.0763676 -0.191668 -0.978484 
vn -0.0333792 -0.203604 -0.978484 
vn 0.01117 -0.206019 -0.978484 
vn 0.0551969 -0.198801 -0.978484 
vn 0.0966429 -0.182288 -0.978484 
vn 0.13357 -0.157251 -0.978484 
vn 0.164251 -0.124861 -0.978484 
vn 0.187253 -0.0866323 -0.978484 
vn 0.201498 -0.0443531 -0.978484 
vn 0.206322 0 -0.978484 
vn -5.98008e-17 -1.31631e-17 -1 
vn -5.98008e-17 -1.31631e-17 -1 
vn -5.98008e-17 -1.31631e-17 -1 
vn -5.98008e-17 -1.31631e-17 -1 
vn -5.98008e-17 -1.31631e-17 -1 
vn -5.98008e-17 -1.31631e-17 -1 
vn -5.98008e-17 -1.31631e-17 -1 
vn -5.98008e-17 -1.31631e-17 -1 
vn -5.98008e-17 -1.31631e-17 -1 
vn -5.98008e-17 -1.31631e-17 -1 
vn -5.98008e-17 -1.31631e-17 -1 
vn -5.98008e-17 -1.31631e-17 -1 
vn -5.98008e-17 -1.31631e-17 -1 
vn -5.98008e-17 -1.31631e-17 -1 
vn -5.98008e-17 -1.31631e-17 -1 
vn -5.98008e-17 -1.31631e-17 -1 
vn -5.98008e-17 -1.31631e-17 -1 
vn -5.98008e-17 -1.31631e-17 -1 
vn -5.98008e-17 -1.31631e-17 -1 
vn -5.98008e-17 -1.31631e-17 -1 
vn -5.98008e-17 -1.31631e-17 -1 
vn -5.98008e-17 -1.31631e-17 -1 
vn -5.98008e-17 -1.31631e-17 -1 
vn -5.98008e-17 -1.31631e-17 -1 
vn -5.98008e-17 -1.31631e-17 -1 
vn -5.98008e-17 -1.31631e-17 -1 
vn -5.98008e-17 -1.31631e-17 -1 
vn -5.98008e-17 -1.31631e-17 -1 
vn -5.98008e-17 -1.31631e-17 -1 
f 327//327 328//328 329//329 
f 328//328 330//330 331//331 
f 330//330 332//332 333//333 
f 332//332 334//334 335//335 
f 334//334 336//336 337//337 
f 336//336 338//338 339//339 
f 338//338 340//340 341//341 
f 340//340 342//342 343//343 
f 342//342 344//344 345//345 
f 344//344 346//346 347//347 
f 346//346 348//348 349//349 
f 348//348 350//350 351//351 
f 350//350 352//352 353//353 
f 352//352 354//354 355//355 
f 354//354 356//356 357//357 
f 356//356 358//358 359//359 
f 358//358 360//360 361//361 
f 360//360 362//362 363//363 
f 362//362 364//364 365//365 
f 364//364 366//366 367//367 
f 366//366 368//368 369//369 
f 368//368 370//370 371//371 
f 370//370 372//372 373//373 
f 372//372 374//374 375//375 
f 374//374 376//376 377//377 
f 376//376 378//378 379//379 
f 378//378 380//380 381//381 
f 380//380 382//382 383//383 
f 382//382 327//327 384//384 
f 384//384 329//329 385//385 
f 329//329 331//331 386//386 
f 331//331 333//333 387//387 
f 333//333 335//335 388//388 
f 335//335 337//337 389//389 
f 337//337 339//339 390//390 
f 339//339 341//341 391//391 
f 341//341 343//343 392//392 
f 343//343 345//345 393//393 
f 345//345 347//347 394//394 
f 347//347 349//349 395//395 
f 349//349 351//351 396//396 
f 351//351 353//353 397//397 
f 353//353 355//355 398//398 
f 355//355 357//357 399//399 
f 357//357 359//359 400//400 
f 359//359 361//361 401//401 
f 361//361 363//363 402//402 
f 363//363 365//365 403//403 
f 365//365 367//367 404//404 
f 367//367 369//369 405//405 
f 369//369 371//371 406//406 
f 371//371 373//373 407//407 
f 373//373 375//375 408//408 
f 375//375 377//377 409//409 
f 377//377 379//379 410//410 
f 379//379 381//381 411//411 
f 381//381 383//383 412//412 
f 383//383 384//384 413//413 
f 413//413 385//385 414//414 
f 385//385 386//386 415//415 
f 386//386 387//387 416//416 
f 387//387 388//388 417//417 
f 388//388 389//389 418//418 
f 389//389 390//390 419//419 
f 390//390 391//391 420//420 
f 391//391 392//392 421//421 
f 392//392 393//393 422//422 
f 393//393 394//394 423//423 
f 394//394 395//395 424//424 
f 395//395 396//396 425//425 
f 396//396 397//397 426//426 
f 397//397 398//398 427//427 
f 398//398 399//399 428//428 
f 399//399 400//400 429//429 
f 400//400 401//401 430//430 
f 401//401 402//402 431//431 
f 402//402 403//403 432//432 
f 403//403 404//404 433//433 
f 404//404 405//405 434//434 
f 405//405 406//406 435//435 
f 406//406 407//407 436//436 
f 407//407 408//408 437//437 
f 408//408 409//409 438//438 
f 409//409 410//410 439//439 
f 410//410 411//411 440//440 
f 411//411 412//412 441//441 
f 412//412 413//413 442//442 
f 442//442 414//414 443//443 
f 414//414 415//415 444//444 
f 415//415 416//416 445//445 
f 416//416 417//417 446//446 
f 417//417 418//418 447//447 
f 418//418 419//419 448//448 
f 419//419 420//420 449//449 
f 420//420 421//421 450//450 
f 421//421 422//422 451//451 
f 422//422 423//423 452//452 
f 423//423 424//424 453//453 
f 424//424 425//425 454//454 
f 425//425 426//426 455//455 
f 426//426 427//427 456//456 
f 427//427 428//428 457//457 
f 428//428 429//429 458//458 
f 429//429 430//430 459//459 
f 430//430 431//431 460//460 
f 431//431 432//432 461//461 
f 432//432 433//433 462//462 
f 433//433 434//434 463//463 
f 434//434 435//435 464//464 
f 435//435 436//436 465//465 
f 436//436 437//437 466//466 
f 437//437 438//438 467//467 
f 438//438 439//439 468//468 
f 439//439 440//440 469//469 
f 440//440 441//441 470//470 
f 441//441 442//442 471//471 
f 471//471 443//443 472//472 
f 443//443 444//444 473//473 
f 444//444 445//445 474//474 
f 445//445 446//446 475//475 
f 446//446 447//447 476//476 
f 447//447 448//448 477//477 
f 448//448 449//449 478//478 
f 449//449 450//450 479//479 
f 450//450 451//451 480//480 
f 451//451 452//452 481//481 
f 452//452 453//453 482//482 
f 453//453 454//454 483//483 
f 454//454 455//455 484//484 
f 455//455 456//456 485//485 
f 456//456 457//457 486//486 
f 457//457 458//458 487//487 
f 458//458 459//459 488//488 
f 459//459 460//460 489//489 
f 460//460 461//461 490//490 
f 461//461 462//462 491//491 
f 462//462 463//463 492//492 
f 463//463 464//464 493//493 
f 464//464 465//465 494//494 
f 465//465 466//466 495//495 
f 466//466 467//467 496//496 
f 467//467 468//468 497//497 
f 468//468 469//469 498//498 
f 469//469 470//470 499//499 
f 470//470 471//471 500//500 
f 500//500 499//499 470//470 
f 499//499 498//498 469//469 
f 498//498 497//497 468//468 
f 497//497 496//496 467//467 
f 496//496 495//495 466//466 
f 495//495 494//494 465//465 
f 494//494 493//493 464//464 
f 493//493 492//492 463//463 
f 492//492 491//491 462//462 
f 491//491 490//490 461//461 
f 490//490 489//489 460//460 
f 489//489 488//488 459//459 
f 488//488 487//487 458//458 
f 487//487 486//486 457//457 
f 486//486 485//485 456//456 
f 485//485 484//484 455//455 
f 484//484 483//483 454//454 
f 483//483 482//482 453//453 
f 482//482 481//481 452//452 
f 481//481 480//480 451//451 
f 480//480 479//479 450//450 
f 479//479 478//478 449//449 
f 478//478 477//477 448//448 
f 477//477 476//476 447//447 
f 476//476 475//475 446//446 
f 475//475 474//474 445//445 
f 474//474 473//473 444//444 
f 473//473 472//472 443//443 
f 472//472 500//500 471//471 
f 471//471 470//470 441//441 
f 470//470 469//469 440//440 
f 469//469 468//468 439//439 
f 468//468 467//467 438//438 
f 467//467 466//466 437//437 
f 466//466 465//465 436//436 
f 465//465 464//464 435//435 
f 464//464 463//463 434//434 
f 463//463 462//462 433//433 
f 462//462 461//461 432//432 
f 461//461 460//460 431//431 
f 460//460 459//459 430//430 
f 459//459 458//458 429//429 
f 458//458 457//457 428//428 
f 457//457 456//456 427//427 
f 456//456 455//455 426//426 
f 455//455 454//454 425//425 
f 454//454 453//453 424//424 
f 453//453 452//452 423//423 
f 452//452 451//451 422//422 
f 451//451 450//450 421//421 
f 450//450 449//449 420//420 
f 449//449 448//448 419//419 
f 448//448 447//447 418//418 
f 447//447 446//446 417//417 
f 446//446 445//445 416//416 
f 445//445 444//444 415//415 
f 444//444 443//443 414//414 
f 443//443 471//471 442//442 
f 442//442 441//441 412//412 
f 441//441 440//440 411//411 
f 440//440 439//439 410//410 
f 439//439 438//438 409//409 
f 438//438 437//437 408//408 
f 437//437 436//436 407//407 
f 436//436 435//435 406//406 
f 435//435 434//434 405//405 
f 434//434 433//433 404//404 
f 433//433 432//432 403//403 
f 432//432 431//431 402//402 
f 431//431 430//430 401//401 
f 430//430 429//429 400//400 
f 429//429 428//428 399//399 
f 428//428 427//427 398//398 
f 427//427 426//426 397//397 
f 426//426 425//425 396//396 
f 425//425 424//424 395//395 
f 424//424 423//423 394//394 
f 423//423 422//422 393//393 
f 422//422 421//421 392//392 
f 421//421 420//420 391//391 
f 420//420 419//419 390//390 
f 419//419 418//418 389//389 
f 418//418 417//417 388//388 
f 417//417 416//416 387//387 
f 416//416 415//415 386//386 
f 415//415 414//414 385//385 
f 414//414 442//442 413//413 
f 413//413 412//412 383//383 
f 412//412 411//411 381//381 
f 411//411 410//410 379//379 
f 410//410 409//409 377//377 
f 409//409 408//408 375//375 
f 408//408 407//407 373//373 
f 407//407 406//406 371//371 
f 406//406 405//405 369//369 
f 405//405 404//404 367//367 
f 404//404 403//403 365//365 
f 403//403 402//402 363//363 
f 402//402 401//401 361//361 
f 401//401 400//400 359//359 
f 400//400 399//399 357//357 
f 399//399 398//398 355//355 
f 398//398 397//397 353//353 
f 397//397 396//396 351//351 
f 396//396 395//395 349//349 
f 395//395 394//394 347//347 
f 394//394 393//393 345//345 
f 393//393 392//392 343//343 
f 392//392 391//391 341//341 
f 391//391 390//390 339//339 
f 390//390 389//389 337//337 
f 389//389 388//388 335//335 
f 388//388 387//387 333//333 
f 387//387 386//386 331//331 
f 386//386 385//385 329//329 
f 385//385 413//413 384//384 
f 384//384 383//383 382//382 
f 383//383 381//381 380//380 
f 381//381 379//379 378//378 
f 379//379 377//377 376//376 
f 377//377 375//375 374//374 
f 375//375 373//373 372//372 
f 373//373 371//371 370//370 
f 371//371 369//369 368//368 
f 369//369 367//367 366//366 
f 367//367 365//365 364//364 
f 365//365 363//363 362//362 
f 363//363 361//361 360//360 
f 361//361 359//359 358//358 
f 359//359 357//357 356//356 
f 357//357 355//355 354//354 
f 355//355 353//353 352//352 
f 353//353 351//351 350//350 
f 351//351 349//349 348//348 
f 349//349 347//347 346//346 
f 347//347 345//345 344//344 
f 345//345 343//343 342//342 
f 343//343 341//341 340//340 
f 341//341 339//339 338//338 
f 339//339 337//337 336//336 
f 337//337 335//335 334//334 
f 335//335 333//333 332//332 
f 333//333 331//331 330//330 
f 331//331 329//329 328//328 
f 329//329 384//384 327//327 
o mesh3676
v 0.00178031 -0.00209595 -0.003 
v 0.00128812 -0.00242966 -0.003 
v 0.000869926 -0.00164085 -0.003 
v 0.000735703 -0.00264976 -0.003 
v 0.000496852 -0.0017895 -0.003 
v 0.000148882 -0.00274597 -0.003 
v 0.000100546 -0.00185447 -0.003 
v -0.0004449 -0.00271377 -0.003 
v -0.000300461 -0.00183273 -0.003 
v -0.00101788 -0.00255469 -0.003 
v -0.000687419 -0.00172529 -0.003 
v 0.00218926 0.00166423 -0.003 
v 0.0014785 0.00112393 -0.003 
v 0.00120232 0.00141548 -0.003 
v 0.00249583 0.0011547 -0.003 
v 0.00168554 0.000779816 -0.003 
v 0.00275 -6.73556e-19 -0.003 
v 0.00268571 -0.000591169 -0.003 
v 0.00181377 -0.000399242 -0.003 
v 0.00249583 -0.0011547 -0.003 
v 0.00168554 -0.000779816 -0.003 
v 0.00218926 -0.00166423 -0.003 
v 0.0014785 -0.00112393 -0.003 
v 0.00120232 -0.00141548 -0.003 
v -0.00154326 -0.00227614 -0.003 
v -0.00104223 -0.00153718 -0.003 
v -0.00199649 -0.00189117 -0.003 
v -0.00134831 -0.00127719 -0.003 
v -0.00235636 -0.00141777 -0.003 
v -0.00159135 -0.000957484 -0.003 
v -0.00260605 -0.000878079 -0.003 
v -0.00175998 -0.000593005 -0.003 
v -0.00273388 0.000297327 -0.003 
v -0.00260605 0.000878079 -0.003 
v -0.00175998 0.000593005 -0.003 
v -0.00235636 0.00141777 -0.003 
v -0.00159135 0.000957484 -0.003 
v -0.00154326 0.00227614 -0.003 
v -0.00101788 0.00255469 -0.003 
v -0.000687419 0.00172529 -0.003 
v -0.0004449 0.00271377 -0.003 
v -0.000300461 0.00183273 -0.003 
v 0.00268571 0.000591169 -0.003 
v 0.00181377 0.000399242 -0.003 
v 0.00185719 0 -0.003 
v -0.00199649 0.00189117 -0.003 
v -0.00134831 0.00127719 -0.003 
v -0.00104223 0.00153718 -0.003 
v 0.00128812 0.00242966 -0.003 
v 0.000869926 0.00164085 -0.003 
v 0.000496852 0.0017895 -0.003 
v 0.00178031 0.00209595 -0.003 
v -0.00273388 -0.000297327 -0.003 
v -0.00184631 -0.000200798 -0.003 
v -0.00184631 0.000200798 -0.003 
v 0.000148882 0.00274597 -0.003 
v 0.000100546 0.00185447 -0.003 
v 0.000735703 0.00264976 -0.003 
vn -5.98008e-17 -1.31631e-17 -1 
vn -5.98008e-17 -1.31631e-17 -1 
vn -5.98008e-17 -1.31631e-17 -1 
vn -5.98008e-17 -1.31631e-17 -1 
vn -5.98008e-17 -1.31631e-17 -1 
vn -5.98008e-17 -1.31631e-17 -1 
vn -5.98008e-17 -1.31631e-17 -1 
vn -5.98008e-17 -1.31631e-17 -1 
vn -5.98008e-17 -1.31631e-17 -1 
vn -5.98008e-17 -1.31631e-17 -1 
vn -5.98008e-17 -1.31631e-17 -1 
vn -5.98008e-17 -1.31631e-17 -1 
vn -5.98008e-17 -1.31631e-17 -1 
vn -5.98008e-17 -1.31631e-17 -1 
vn -5.98008e-17 -1.31631e-17 -1 
vn -5.98008e-17 -1.31631e-17 -1 
vn -5.98008e-17 -1.31631e-17 -1 
vn -5.98008e-17 -1.31631e-17 -1 
vn -5.98008e-17 -1.31631e-17 -1 
vn -5.98008e-17 -1.31631e-17 -1 
vn -5.98008e-17 -1.31631e-17 -1 
vn -5.98008e-17 -1.31631e-17 -1 
vn -5.98008e-17 -1.31631e-17 -1 
vn -5.98008e-17 -1.31631e-17 -1 
vn -5.98008e-17 -1.31631e-17 -1 
vn -5.98008e-17 -1.31631e-17 -1 
vn -5.98008e-17 -1.31631e-17 -1 
vn -5.98008e-17 -1.31631e-17 -1 
vn -5.98008e-17 -1.31631e-17 -1 
vn -5.98008e-17 -1.31631e-17 -1 
vn -5.98008e-17 -1.31631e-17 -1 
vn -5.98008e-17 -1.31631e-17 -1 
vn -5.98008e-17 -1.31631e-17 -1 
vn -5.98008e-17 -1.31631e-17 -1 
vn -5.98008e-17 -1.31631e-17 -1 
vn -5.98008e-17 -1.31631e-17 -1 
vn -5.98008e-17 -1.31631e-17 -1 
vn -5.98008e-17 -1.31631e-17 -1 
vn -5.98008e-17 -1.31631e-17 -1 
vn -5.98008e-17 -1.31631e-17 -1 
vn -5.98008e-17 -1.31631e-17 -1 
vn -5.98008e-17 -1.31631e-17 -1 
vn -5.98008e-17 -1.31631e-17 -1 
vn -5.98008e-17 -1.31631e-17 -1 
vn -5.98008e-17 -1.31631e-17 -1 
vn -5.98008e-17 -1.31631e-17 -1 
vn -5.98008e-17 -1.31631e-17 -1 
vn -5.98008e-17 -1.31631e-17 -1 
vn -5.98008e-17 -1.31631e-17 -1 
vn -5.98008e-17 -1.31631e-17 -1 
vn -5.98008e-17 -1.31631e-17 -1 
vn -5.98008e-17 -1.31631e-17 -1 
vn -5.98008e-17 -1.31631e-17 -1 
vn -5.98008e-17 -1.31631e-17 -1 
vn -5.98008e-17 -1.31631e-17 -1 
vn -5.98008e-17 -1.31631e-17 -1 
vn -5.98008e-17 -1.31631e-17 -1 
vn -5.98008e-17 -1.31631e-17 -1 
f 501//501 502//502 503//503 
f 502//502 504//504 505//505 
f 505//505 503//503 502//502 
f 504//504 506//506 507//507 
f 506//506 508//508 509//509 
f 508//508 510//510 511//511 
f 512//512 513//513 514//514 
f 512//512 515//515 516//516 
f 517//517 518//518 519//519 
f 518//518 520//520 521//521 
f 520//520 522//522 523//523 
f 522//522 501//501 524//524 
f 507//507 505//505 504//504 
f 511//511 509//509 508//508 
f 510//510 525//525 526//526 
f 525//525 527//527 528//528 
f 527//527 529//529 530//530 
f 529//529 531//531 532//532 
f 533//533 534//534 535//535 
f 534//534 536//536 537//537 
f 538//538 539//539 540//540 
f 539//539 541//541 542//542 
f 516//516 513//513 512//512 
f 515//515 543//543 544//544 
f 517//517 545//545 544//544 
f 521//521 519//519 518//518 
f 524//524 523//523 522//522 
f 509//509 507//507 506//506 
f 528//528 526//526 525//525 
f 532//532 530//530 529//529 
f 537//537 535//535 534//534 
f 536//536 546//546 547//547 
f 546//546 538//538 548//548 
f 542//542 540//540 539//539 
f 549//549 550//550 551//551 
f 552//552 514//514 550//550 
f 544//544 516//516 515//515 
f 519//519 545//545 517//517 
f 503//503 524//524 501//501 
f 530//530 528//528 527//527 
f 531//531 553//553 554//554 
f 553//553 533//533 555//555 
f 547//547 537//537 536//536 
f 540//540 548//548 538//538 
f 556//556 557//557 542//542 
f 556//556 558//558 551//551 
f 550//550 549//549 552//552 
f 544//544 543//543 517//517 
f 526//526 511//511 510//510 
f 555//555 554//554 553//553 
f 548//548 547//547 546//546 
f 551//551 557//557 556//556 
f 514//514 552//552 512//512 
f 554//554 532//532 531//531 
f 542//542 541//541 556//556 
f 523//523 521//521 520//520 
f 551//551 558//558 549//549 
f 535//535 555//555 533//533 
o mesh3677
v 0.00275 -6.73556e-19 -0.0003 
v 0.00275 -6.73556e-19 -0.003 
v 0.00268571 0.000591169 -0.003 
v 0.00268571 0.000591169 -0.0003 
v 0.00249583 0.0011547 -0.003 
v 0.00249583 0.0011547 -0.0003 
v 0.00218926 0.00166423 -0.003 
v 0.00218926 0.00166423 -0.0003 
v 0.00178031 0.00209595 -0.003 
v 0.00178031 0.00209595 -0.0003 
v 0.00128812 0.00242966 -0.003 
v 0.00128812 0.00242966 -0.0003 
v 0.000735703 0.00264976 -0.003 
v 0.000735703 0.00264976 -0.0003 
v 0.000148882 0.00274597 -0.003 
v 0.000148882 0.00274597 -0.0003 
v -0.0004449 0.00271377 -0.003 
v -0.0004449 0.00271377 -0.0003 
v -0.00101788 0.00255469 -0.003 
v -0.00101788 0.00255469 -0.0003 
v -0.00154326 0.00227614 -0.003 
v -0.00154326 0.00227614 -0.0003 
v -0.00199649 0.00189117 -0.003 
v -0.00199649 0.00189117 -0.0003 
v -0.00235636 0.00141777 -0.003 
v -0.00235636 0.00141777 -0.0003 
v -0.00260605 0.000878079 -0.003 
v -0.00260605 0.000878079 -0.0003 
v -0.00273388 0.000297327 -0.003 
v -0.00273388 0.000297327 -0.0003 
v -0.00273388 -0.000297327 -0.003 
v -0.00273388 -0.000297327 -0.0003 
v -0.00260605 -0.000878079 -0.003 
v -0.00260605 -0.000878079 -0.0003 
v -0.00235636 -0.00141777 -0.003 
v -0.00235636 -0.00141777 -0.0003 
v -0.00199649 -0.00189117 -0.003 
v -0.00199649 -0.00189117 -0.0003 
v -0.00154326 -0.00227614 -0.003 
v -0.00154326 -0.00227614 -0.0003 
v -0.00101788 -0.00255469 -0.003 
v -0.00101788 -0.00255469 -0.0003 
v -0.0004449 -0.00271377 -0.003 
v -0.0004449 -0.00271377 -0.0003 
v 0.000148882 -0.00274597 -0.003 
v 0.000148882 -0.00274597 -0.0003 
v 0.000735703 -0.00264976 -0.003 
v 0.000735703 -0.00264976 -0.0003 
v 0.00128812 -0.00242966 -0.003 
v 0.00128812 -0.00242966 -0.0003 
v 0.00178031 -0.00209595 -0.003 
v 0.00178031 -0.00209595 -0.0003 
v 0.00218926 -0.00166423 -0.003 
v 0.00218926 -0.00166423 -0.0003 
v 0.00249583 -0.0011547 -0.003 
v 0.00249583 -0.0011547 -0.0003 
v 0.00268571 -0.000591169 -0.003 
v 0.00268571 -0.000591169 -0.0003 
vn 1 0 0 
vn 1 0 0 
vn 0.976621 0.21497 0 
vn 0.976621 0.21497 0 
vn 0.907575 0.419889 0 
vn 0.907575 0.419889 0 
vn 0.796093 0.605174 0 
vn 0.796093 0.605174 0 
vn 0.647386 0.762162 0 
vn 0.647386 0.762162 0 
vn 0.468408 0.883512 0 
vn 0.468408 0.883512 0 
vn 0.267528 0.96355 0 
vn 0.267528 0.96355 0 
vn 0.0541389 0.998533 0 
vn 0.0541389 0.998533 0 
vn -0.161782 0.986827 0 
vn -0.161782 0.986827 0 
vn -0.370138 0.928977 0 
vn -0.370138 0.928977 0 
vn -0.561187 0.827689 0 
vn -0.561187 0.827689 0 
vn -0.725995 0.687699 0 
vn -0.725995 0.687699 0 
vn -0.856857 0.515554 0 
vn -0.856857 0.515554 0 
vn -0.947653 0.319302 0 
vn -0.947653 0.319302 0 
vn -0.994138 0.108119 0 
vn -0.994138 0.108119 0 
vn -0.994138 -0.108119 0 
vn -0.994138 -0.108119 0 
vn -0.947653 -0.319302 0 
vn -0.947653 -0.319302 0 
vn -0.856857 -0.515554 0 
vn -0.856857 -0.515554 0 
vn -0.725995 -0.687699 0 
vn -0.725995 -0.687699 0 
vn -0.561187 -0.827689 0 
vn -0.561187 -0.827689 0 
vn -0.370138 -0.928977 0 
vn -0.370138 -0.928977 0 
vn -0.161782 -0.986827 0 
vn -0.161782 -0.986827 0 
vn 0.0541389 -0.998533 0 
vn 0.0541389 -0.998533 0 
vn 0.267528 -0.96355 0 
vn 0.267528 -0.96355 0 
vn 0.468408 -0.883512 0 
vn 0.468408 -0.883512 0 
vn 0.647386 -0.762162 0 
vn 0.647386 -0.762162 0 
vn 0.796093 -0.605174 0 
vn 0.796093 -0.605174 0 
vn 0.907575 -0.419889 0 
vn 0.907575 -0.419889 0 
vn 0.976621 -0.21497 0 
vn 0.976621 -0.21497 0 
f 559//559 560//560 561//561 
f 562//562 561//561 563//563 
f 564//564 563//563 565//565 
f 566//566 565//565 567//567 
f 568//568 567//567 569//569 
f 570//570 569//569 571//571 
f 572//572 571//571 573//573 
f 574//574 573//573 575//575 
f 576//576 575//575 577//577 
f 578//578 577//577 579//579 
f 580//580 579//579 581//581 
f 582//582 581//581 583//583 
f 584//584 583//583 585//585 
f 586//586 585//585 587//587 
f 588//588 587//587 589//589 
f 590//590 589//589 591//591 
f 592//592 591//591 593//593 
f 594//594 593//593 595//595 
f 596//596 595//595 597//597 
f 598//598 597//597 599//599 
f 600//600 599//599 601//601 
f 602//602 601//601 603//603 
f 604//604 603//603 605//605 
f 606//606 605//605 607//607 
f 608//608 607//607 609//609 
f 610//610 609//609 611//611 
f 612//612 611//611 613//613 
f 614//614 613//613 615//615 
f 616//616 615//615 560//560 
f 560//560 559//559 616//616 
f 615//615 616//616 614//614 
f 613//613 614//614 612//612 
f 611//611 612//612 610//610 
f 609//609 610//610 608//608 
f 607//607 608//608 606//606 
f 605//605 606//606 604//604 
f 603//603 604//604 602//602 
f 601//601 602//602 600//600 
f 599//599 600//600 598//598 
f 597//597 598//598 596//596 
f 595//595 596//596 594//594 
f 593//593 594//594 592//592 
f 591//591 592//592 590//590 
f 589//589 590//590 588//588 
f 587//587 588//588 586//586 
f 585//585 586//586 584//584 
f 583//583 584//584 582//582 
f 581//581 582//582 580//580 
f 579//579 580//580 578//578 
f 577//577 578//578 576//576 
f 575//575 576//576 574//574 
f 573//573 574//574 572//572 
f 571//571 572//572 570//570 
f 569//569 570//570 568//568 
f 567//567 568//568 566//566 
f 565//565 566//566 564//564 
f 563//563 564//564 562//562 
f 561//561 562//562 559//559 
o mesh3678
v 0.00274424 0 -0.000241473 
v 0.00275 -6.73556e-19 -0.0003 
v 0.00268571 0.000591169 -0.0003 
v 0.00268008 0.00058993 -0.000241473 
v 0.00249583 0.0011547 -0.0003 
v 0.0024906 0.00115227 -0.000241473 
v 0.00218926 0.00166423 -0.0003 
v 0.00218467 0.00166074 -0.000241473 
v 0.00178031 0.00209595 -0.0003 
v 0.00177658 0.00209155 -0.000241473 
v 0.00128812 0.00242966 -0.0003 
v 0.00128542 0.00242457 -0.000241473 
v 0.000735703 0.00264976 -0.0003 
v 0.000734161 0.00264421 -0.000241473 
v 0.000148882 0.00274597 -0.0003 
v 0.00014857 0.00274021 -0.000241473 
v -0.0004449 0.00271377 -0.0003 
v -0.000443968 0.00270808 -0.000241473 
v -0.00101788 0.00255469 -0.0003 
v -0.00101575 0.00254933 -0.000241473 
v -0.00154326 0.00227614 -0.0003 
v -0.00154003 0.00227137 -0.000241473 
v -0.00199649 0.00189117 -0.0003 
v -0.0019923 0.00188721 -0.000241473 
v -0.00235636 0.00141777 -0.0003 
v -0.00235142 0.0014148 -0.000241473 
v -0.00260605 0.000878079 -0.0003 
v -0.00260058 0.000876239 -0.000241473 
v -0.00273388 0.000297327 -0.0003 
v -0.00272815 0.000296704 -0.000241473 
v -0.00273388 -0.000297327 -0.0003 
v -0.00272815 -0.000296704 -0.000241473 
v -0.00260605 -0.000878079 -0.0003 
v -0.00260058 -0.000876239 -0.000241473 
v -0.00235636 -0.00141777 -0.0003 
v -0.00235142 -0.0014148 -0.000241473 
v -0.00199649 -0.00189117 -0.0003 
v -0.0019923 -0.00188721 -0.000241473 
v -0.00154326 -0.00227614 -0.0003 
v -0.00154003 -0.00227137 -0.000241473 
v -0.00101788 -0.00255469 -0.0003 
v -0.00101575 -0.00254933 -0.000241473 
v -0.0004449 -0.00271377 -0.0003 
v -0.000443968 -0.00270808 -0.000241473 
v 0.000148882 -0.00274597 -0.0003 
v 0.00014857 -0.00274021 -0.000241473 
v 0.000735703 -0.00264976 -0.0003 
v 0.000734161 -0.00264421 -0.000241473 
v 0.00128812 -0.00242966 -0.0003 
v 0.00128542 -0.00242457 -0.000241473 
v 0.00178031 -0.00209595 -0.0003 
v 0.00177658 -0.00209155 -0.000241473 
v 0.00218926 -0.00166423 -0.0003 
v 0.00218467 -0.00166074 -0.000241473 
v 0.00249583 -0.0011547 -0.0003 
v 0.0024906 -0.00115227 -0.000241473 
v 0.00268571 -0.000591169 -0.0003 
v 0.00268008 -0.00058993 -0.000241473 
v 0.00272716 0 -0.000185195 
v 0.0026634 0.00058626 -0.000185195 
v 0.00247511 0.00114511 -0.000185195 
v 0.00217108 0.00165041 -0.000185195 
v 0.00176553 0.00207854 -0.000185195 
v 0.00127743 0.00240948 -0.000185195 
v 0.000729594 0.00262776 -0.000185195 
v 0.000147646 0.00272316 -0.000185195 
v -0.000441206 0.00269124 -0.000185195 
v -0.00100943 0.00253347 -0.000185195 
v -0.00153045 0.00225724 -0.000185195 
v -0.00197991 0.00187547 -0.000185195 
v -0.00233679 0.001406 -0.000185195 
v -0.00258441 0.000870788 -0.000185195 
v -0.00271118 0.000294858 -0.000185195 
v -0.00271118 -0.000294858 -0.000185195 
v -0.00258441 -0.000870788 -0.000185195 
v -0.00233679 -0.001406 -0.000185195 
v -0.00197991 -0.00187547 -0.000185195 
v -0.00153045 -0.00225724 -0.000185195 
v -0.00100943 -0.00253347 -0.000185195 
v -0.000441206 -0.00269124 -0.000185195 
v 0.000147646 -0.00272316 -0.000185195 
v 0.000729594 -0.00262776 -0.000185195 
v 0.00127743 -0.00240948 -0.000185195 
v 0.00176553 -0.00207854 -0.000185195 
v 0.00217108 -0.00165041 -0.000185195 
v 0.00247511 -0.00114511 -0.000185195 
v 0.0026634 -0.00058626 -0.000185195 
v 0.00269944 0 -0.000133329 
v 0.00263633 0.0005803 -0.000133329 
v 0.00244995 0.00113347 -0.000133329 
v 0.00214901 0.00163363 -0.000133329 
v 0.00174758 0.00205741 -0.000133329 
v 0.00126444 0.00238499 -0.000133329 
v 0.000722177 0.00260105 -0.000133329 
v 0.000146145 0.00269548 -0.000133329 
v -0.000436721 0.00266388 -0.000133329 
v -0.000999166 0.00250772 -0.000133329 
v -0.00151489 0.0022343 -0.000133329 
v -0.00195978 0.0018564 -0.000133329 
v -0.00231304 0.00139171 -0.000133329 
v -0.00255813 0.000861936 -0.000133329 
v -0.00268362 0.000291861 -0.000133329 
v -0.00268362 -0.000291861 -0.000133329 
v -0.00255813 -0.000861936 -0.000133329 
v -0.00231304 -0.00139171 -0.000133329 
v -0.00195978 -0.0018564 -0.000133329 
v -0.00151489 -0.0022343 -0.000133329 
v -0.000999166 -0.00250772 -0.000133329 
v -0.000436721 -0.00266388 -0.000133329 
v 0.000146145 -0.00269548 -0.000133329 
v 0.000722177 -0.00260105 -0.000133329 
v 0.00126444 -0.00238499 -0.000133329 
v 0.00174758 -0.00205741 -0.000133329 
v 0.00214901 -0.00163363 -0.000133329 
v 0.00244995 -0.00113347 -0.000133329 
v 0.00263633 -0.0005803 -0.000133329 
v 0.00266213 0 -8.7868e-05 
v 0.00259989 0.00057228 -8.7868e-05 
v 0.00241609 0.0011178 -8.7868e-05 
v 0.0021193 0.00161105 -8.7868e-05 
v 0.00172343 0.00202898 -8.7868e-05 
v 0.00124697 0.00235203 -8.7868e-05 
v 0.000712196 0.0025651 -8.7868e-05 
v 0.000144125 0.00265823 -8.7868e-05 
v -0.000430685 0.00262706 -8.7868e-05 
v -0.000985357 0.00247306 -8.7868e-05 
v -0.00149395 0.00220342 -8.7868e-05 
v -0.0019327 0.00183075 -8.7868e-05 
v -0.00228107 0.00137247 -8.7868e-05 
v -0.00252278 0.000850023 -8.7868e-05 
v -0.00264653 0.000287827 -8.7868e-05 
v -0.00264653 -0.000287827 -8.7868e-05 
v -0.00252278 -0.000850023 -8.7868e-05 
v -0.00228107 -0.00137247 -8.7868e-05 
v -0.0019327 -0.00183075 -8.7868e-05 
v -0.00149395 -0.00220342 -8.7868e-05 
v -0.000985357 -0.00247306 -8.7868e-05 
v -0.000430685 -0.00262706 -8.7868e-05 
v 0.000144125 -0.00265823 -8.7868e-05 
v 0.000712196 -0.0025651 -8.7868e-05 
v 0.00124697 -0.00235203 -8.7868e-05 
v 0.00172343 -0.00202898 -8.7868e-05 
v 0.0021193 -0.00161105 -8.7868e-05 
v 0.00241609 -0.0011178 -8.7868e-05 
v 0.00259989 -0.00057228 -8.7868e-05 
v 0.00261667 0 -5.05591e-05 
v 0.00255549 0.000562507 -5.05591e-05 
v 0.00237483 0.00109871 -5.05591e-05 
v 0.00208311 0.00158354 -5.05591e-05 
v 0.001694 0.00199433 -5.05591e-05 
v 0.00122567 0.00231186 -5.05591e-05 
v 0.000700034 0.00252129 -5.05591e-05 
v 0.000141664 0.00261283 -5.05591e-05 
v -0.00042333 0.0025822 -5.05591e-05 
v -0.00096853 0.00243083 -5.05591e-05 
v -0.00146844 0.00216579 -5.05591e-05 
v -0.00189969 0.00179948 -5.05591e-05 
v -0.00224211 0.00134903 -5.05591e-05 
v -0.0024797 0.000835507 -5.05591e-05 
v -0.00260133 0.000282912 -5.05591e-05 
v -0.00260133 -0.000282912 -5.05591e-05 
v -0.0024797 -0.000835507 -5.05591e-05 
v -0.00224211 -0.00134903 -5.05591e-05 
v -0.00189969 -0.00179948 -5.05591e-05 
v -0.00146844 -0.00216579 -5.05591e-05 
v -0.00096853 -0.00243083 -5.05591e-05 
v -0.00042333 -0.0025822 -5.05591e-05 
v 0.000141664 -0.00261283 -5.05591e-05 
v 0.000700034 -0.00252129 -5.05591e-05 
v 0.00122567 -0.00231186 -5.05591e-05 
v 0.001694 -0.00199433 -5.05591e-05 
v 0.00208311 -0.00158354 -5.05591e-05 
v 0.00237483 -0.00109871 -5.05591e-05 
v 0.00255549 -0.000562507 -5.05591e-05 
v 0.00256481 0 -2.28361e-05 
v 0.00250484 0.000551357 -2.28361e-05 
v 0.00232775 0.00107693 -2.28361e-05 
v 0.00204182 0.00155215 -2.28361e-05 
v 0.00166042 0.0019548 -2.28361e-05 
v 0.00120138 0.00226604 -2.28361e-05 
v 0.000686158 0.00247132 -2.28361e-05 
v 0.000138856 0.00256104 -2.28361e-05 
v -0.000414939 0.00253102 -2.28361e-05 
v -0.000949332 0.00238264 -2.28361e-05 
v -0.00143934 0.00212286 -2.28361e-05 
v -0.00186204 0.00176382 -2.28361e-05 
v -0.00219767 0.0013223 -2.28361e-05 
v -0.00243055 0.000818946 -2.28361e-05 
v -0.00254977 0.000277304 -2.28361e-05 
v -0.00254977 -0.000277304 -2.28361e-05 
v -0.00243055 -0.000818946 -2.28361e-05 
v -0.00219767 -0.0013223 -2.28361e-05 
v -0.00186204 -0.00176382 -2.28361e-05 
v -0.00143934 -0.00212286 -2.28361e-05 
v -0.000949332 -0.00238264 -2.28361e-05 
v -0.000414939 -0.00253102 -2.28361e-05 
v 0.000138856 -0.00256104 -2.28361e-05 
v 0.000686158 -0.00247132 -2.28361e-05 
v 0.00120138 -0.00226604 -2.28361e-05 
v 0.00166042 -0.0019548 -2.28361e-05 
v 0.00204182 -0.00155215 -2.28361e-05 
v 0.00232775 -0.00107693 -2.28361e-05 
v 0.00250484 -0.000551357 -2.28361e-05 
v 0.00250853 0 -5.76442e-06 
v 0.00244988 0.000539259 -5.76442e-06 
v 0.00227668 0.0010533 -5.76442e-06 
v 0.00199702 0.0015181 -5.76442e-06 
v 0.00162399 0.0019119 -5.76442e-06 
v 0.00117502 0.00221631 -5.76442e-06 
v 0.000671102 0.00241709 -5.76442e-06 
v 0.000135809 0.00250485 -5.76442e-06 
v -0.000405835 0.00247548 -5.76442e-06 
v -0.000928502 0.00233036 -5.76442e-06 
v -0.00140775 0.00207628 -5.76442e-06 
v -0.00182118 0.00172511 -5.76442e-06 
v -0.00214945 0.00129328 -5.76442e-06 
v -0.00237721 0.000800977 -5.76442e-06 
v -0.00249382 0.000271219 -5.76442e-06 
v -0.00249382 -0.000271219 -5.76442e-06 
v -0.00237721 -0.000800977 -5.76442e-06 
v -0.00214945 -0.00129328 -5.76442e-06 
v -0.00182118 -0.00172511 -5.76442e-06 
v -0.00140775 -0.00207628 -5.76442e-06 
v -0.000928502 -0.00233036 -5.76442e-06 
v -0.000405835 -0.00247548 -5.76442e-06 
v 0.000135809 -0.00250485 -5.76442e-06 
v 0.000671102 -0.00241709 -5.76442e-06 
v 0.00117502 -0.00221631 -5.76442e-06 
v 0.00162399 -0.0019119 -5.76442e-06 
v 0.00199702 -0.0015181 -5.76442e-06 
v 0.00227668 -0.0010533 -5.76442e-06 
v 0.00244988 -0.000539259 -5.76442e-06 
v 0.00245 0 0 
v 0.00239272 0.000526678 0 
v 0.00222356 0.00102873 0 
v 0.00195043 0.00148268 0 
v 0.0015861 0.0018673 0 
v 0.0011476 0.0021646 0 
v 0.000655444 0.0023607 0 
v 0.00013264 0.00244641 0 
v -0.000396366 0.00241772 0 
v -0.000906838 0.00227599 0 
v -0.00137491 0.00202784 0 
v -0.00177869 0.00168486 0 
v -0.0020993 0.00126311 0 
v -0.00232175 0.000782289 0 
v -0.00243564 0.000264892 0 
v -0.00243564 -0.000264892 0 
v -0.00232175 -0.000782289 0 
v -0.0020993 -0.00126311 0 
v -0.00177869 -0.00168486 0 
v -0.00137491 -0.00202784 0 
v -0.000906838 -0.00227599 0 
v -0.000396366 -0.00241772 0 
v 0.00013264 -0.00244641 0 
v 0.000655444 -0.0023607 0 
v 0.0011476 -0.0021646 0 
v 0.0015861 -0.0018673 0 
v 0.00195043 -0.00148268 0 
v 0.00222356 -0.00102873 0 
v 0.00239272 -0.000526678 0 
vn 0.980785 0 0.19509 
vn 1 0 0 
vn 0.976621 0.21497 0 
vn 0.957855 0.21084 0.19509 
vn 0.907575 0.419889 0 
vn 0.890137 0.411821 0.19509 
vn 0.796093 0.605174 0 
vn 0.780796 0.593546 0.19509 
vn 0.647386 0.762162 0 
vn 0.634947 0.747517 0.19509 
vn 0.468408 0.883512 0 
vn 0.459408 0.866536 0.19509 
vn 0.267528 0.96355 0 
vn 0.262388 0.945036 0.19509 
vn 0.0541389 0.998533 0 
vn 0.0530986 0.979347 0.19509 
vn -0.161782 0.986827 0 
vn -0.158673 0.967865 0.19509 
vn -0.370138 0.928977 0 
vn -0.363026 0.911127 0.19509 
vn -0.561187 0.827689 0 
vn -0.550404 0.811785 0.19509 
vn -0.725995 0.687699 0 
vn -0.712046 0.674486 0.19509 
vn -0.856857 0.515554 0 
vn -0.840393 0.505648 0.19509 
vn -0.947653 0.319302 0 
vn -0.929444 0.313166 0.19509 
vn -0.994138 0.108119 0 
vn -0.975036 0.106042 0.19509 
vn -0.994138 -0.108119 0 
vn -0.975036 -0.106042 0.19509 
vn -0.947653 -0.319302 0 
vn -0.929444 -0.313166 0.19509 
vn -0.856857 -0.515554 0 
vn -0.840393 -0.505648 0.19509 
vn -0.725995 -0.687699 0 
vn -0.712046 -0.674486 0.19509 
vn -0.561187 -0.827689 0 
vn -0.550404 -0.811785 0.19509 
vn -0.370138 -0.928977 0 
vn -0.363026 -0.911127 0.19509 
vn -0.161782 -0.986827 0 
vn -0.158673 -0.967865 0.19509 
vn 0.0541389 -0.998533 0 
vn 0.0530986 -0.979347 0.19509 
vn 0.267528 -0.96355 0 
vn 0.262388 -0.945036 0.19509 
vn 0.468408 -0.883512 0 
vn 0.459408 -0.866536 0.19509 
vn 0.647386 -0.762162 0 
vn 0.634947 -0.747517 0.19509 
vn 0.796093 -0.605174 0 
vn 0.780796 -0.593546 0.19509 
vn 0.907575 -0.419889 0 
vn 0.890137 -0.411821 0.19509 
vn 0.976621 -0.21497 0 
vn 0.957855 -0.21084 0.19509 
vn 0.92388 0 0.382683 
vn 0.90228 0.198607 0.382683 
vn 0.83849 0.387927 0.382683 
vn 0.735494 0.559108 0.382683 
vn 0.598107 0.704146 0.382683 
vn 0.432753 0.816259 0.382683 
vn 0.247164 0.890204 0.382683 
vn 0.0500178 0.922525 0.382683 
vn -0.149467 0.911709 0.382683 
vn -0.341963 0.858263 0.382683 
vn -0.518469 0.764685 0.382683 
vn -0.670732 0.635351 0.382683 
vn -0.791633 0.47631 0.382683 
vn -0.875517 0.294996 0.382683 
vn -0.918464 0.0998889 0.382683 
vn -0.918464 -0.0998889 0.382683 
vn -0.875517 -0.294996 0.382683 
vn -0.791633 -0.47631 0.382683 
vn -0.670732 -0.635351 0.382683 
vn -0.518469 -0.764685 0.382683 
vn -0.341963 -0.858263 0.382683 
vn -0.149467 -0.911709 0.382683 
vn 0.0500178 -0.922525 0.382683 
vn 0.247164 -0.890204 0.382683 
vn 0.432753 -0.816259 0.382683 
vn 0.598107 -0.704146 0.382683 
vn 0.735494 -0.559108 0.382683 
vn 0.83849 -0.387927 0.382683 
vn 0.90228 -0.198607 0.382683 
vn 0.83147 0 0.55557 
vn 0.81203 0.178741 0.55557 
vn 0.754621 0.349125 0.55557 
vn 0.661927 0.503184 0.55557 
vn 0.538282 0.633715 0.55557 
vn 0.389467 0.734613 0.55557 
vn 0.222442 0.801163 0.55557 
vn 0.0450149 0.83025 0.55557 
vn -0.134517 0.820516 0.55557 
vn -0.307759 0.772416 0.55557 
vn -0.46661 0.688198 0.55557 
vn -0.603643 0.571801 0.55557 
vn -0.712451 0.428667 0.55557 
vn -0.787945 0.26549 0.55557 
vn -0.826596 0.0898977 0.55557 
vn -0.826596 -0.0898977 0.55557 
vn -0.787945 -0.26549 0.55557 
vn -0.712451 -0.428667 0.55557 
vn -0.603643 -0.571801 0.55557 
vn -0.46661 -0.688198 0.55557 
vn -0.307759 -0.772416 0.55557 
vn -0.134517 -0.820516 0.55557 
vn 0.0450149 -0.83025 0.55557 
vn 0.222442 -0.801163 0.55557 
vn 0.389467 -0.734613 0.55557 
vn 0.538282 -0.633715 0.55557 
vn 0.661927 -0.503184 0.55557 
vn 0.754621 -0.349125 0.55557 
vn 0.81203 -0.178741 0.55557 
vn 0.707107 0 0.707107 
vn 0.690575 0.152007 0.707107 
vn 0.641753 0.296906 0.707107 
vn 0.562923 0.427923 0.707107 
vn 0.457771 0.53893 0.707107 
vn 0.331215 0.624737 0.707107 
vn 0.189171 0.681333 0.707107 
vn 0.038282 0.70607 0.707107 
vn -0.114397 0.697792 0.707107 
vn -0.261727 0.656886 0.707107 
vn -0.396819 0.585265 0.707107 
vn -0.513356 0.486277 0.707107 
vn -0.60589 0.364552 0.707107 
vn -0.670092 0.22578 0.707107 
vn -0.702962 0.0764517 0.707107 
vn -0.702962 -0.0764517 0.707107 
vn -0.670092 -0.22578 0.707107 
vn -0.60589 -0.364552 0.707107 
vn -0.513356 -0.486277 0.707107 
vn -0.396819 -0.585265 0.707107 
vn -0.261727 -0.656886 0.707107 
vn -0.114397 -0.697792 0.707107 
vn 0.038282 -0.70607 0.707107 
vn 0.189171 -0.681333 0.707107 
vn 0.331215 -0.624737 0.707107 
vn 0.457771 -0.53893 0.707107 
vn 0.562923 -0.427923 0.707107 
vn 0.641753 -0.296906 0.707107 
vn 0.690575 -0.152007 0.707107 
vn 0.55557 0 0.83147 
vn 0.542581 0.119431 0.83147 
vn 0.504222 0.233278 0.83147 
vn 0.442286 0.336217 0.83147 
vn 0.359669 0.423435 0.83147 
vn 0.260234 0.490853 0.83147 
vn 0.148631 0.53532 0.83147 
vn 0.030078 0.554755 0.83147 
vn -0.0898813 0.548251 0.83147 
vn -0.205638 0.516112 0.83147 
vn -0.311779 0.459839 0.83147 
vn -0.403341 0.382065 0.83147 
vn -0.476044 0.286426 0.83147 
vn -0.526488 0.177394 0.83147 
vn -0.552313 0.0600677 0.83147 
vn -0.552313 -0.0600677 0.83147 
vn -0.526488 -0.177394 0.83147 
vn -0.476044 -0.286426 0.83147 
vn -0.403341 -0.382065 0.83147 
vn -0.311779 -0.459839 0.83147 
vn -0.205638 -0.516112 0.83147 
vn -0.0898813 -0.548251 0.83147 
vn 0.030078 -0.554755 0.83147 
vn 0.148631 -0.53532 0.83147 
vn 0.260234 -0.490853 0.83147 
vn 0.359669 -0.423435 0.83147 
vn 0.442286 -0.336217 0.83147 
vn 0.504222 -0.233278 0.83147 
vn 0.542581 -0.119431 0.83147 
vn 0.382683 0 0.92388 
vn 0.373737 0.0822656 0.92388 
vn 0.347314 0.160685 0.92388 
vn 0.304652 0.23159 0.92388 
vn 0.247744 0.291667 0.92388 
vn 0.179252 0.338105 0.92388 
vn 0.102379 0.368735 0.92388 
vn 0.0207181 0.382122 0.92388 
vn -0.0619113 0.377642 0.92388 
vn -0.141646 0.355504 0.92388 
vn -0.214757 0.316743 0.92388 
vn -0.277826 0.263171 0.92388 
vn -0.327905 0.197294 0.92388 
vn -0.362651 0.122191 0.92388 
vn -0.38044 0.0413754 0.92388 
vn -0.38044 -0.0413754 0.92388 
vn -0.362651 -0.122191 0.92388 
vn -0.327905 -0.197294 0.92388 
vn -0.277826 -0.263171 0.92388 
vn -0.214757 -0.316743 0.92388 
vn -0.141646 -0.355504 0.92388 
vn -0.0619113 -0.377642 0.92388 
vn 0.0207181 -0.382122 0.92388 
vn 0.102379 -0.368735 0.92388 
vn 0.179252 -0.338105 0.92388 
vn 0.247744 -0.291667 0.92388 
vn 0.304652 -0.23159 0.92388 
vn 0.347314 -0.160685 0.92388 
vn 0.373737 -0.0822656 0.92388 
vn 0.19509 0 0.980785 
vn 0.190529 0.0419387 0.980785 
vn 0.177059 0.0819163 0.980785 
vn 0.15531 0.118064 0.980785 
vn 0.126299 0.14869 0.980785 
vn 0.091382 0.172365 0.980785 
vn 0.0521922 0.187979 0.980785 
vn 0.010562 0.194804 0.980785 
vn -0.0315621 0.19252 0.980785 
vn -0.0722104 0.181234 0.980785 
vn -0.109482 0.161474 0.980785 
vn -0.141635 0.134164 0.980785 
vn -0.167165 0.10058 0.980785 
vn -0.184878 0.0622926 0.980785 
vn -0.193947 0.021093 0.980785 
vn -0.193947 -0.021093 0.980785 
vn -0.184878 -0.0622926 0.980785 
vn -0.167165 -0.10058 0.980785 
vn -0.141635 -0.134164 0.980785 
vn -0.109482 -0.161474 0.980785 
vn -0.0722104 -0.181234 0.980785 
vn -0.0315621 -0.19252 0.980785 
vn 0.010562 -0.194804 0.980785 
vn 0.0521922 -0.187979 0.980785 
vn 0.091382 -0.172365 0.980785 
vn 0.126299 -0.14869 0.980785 
vn 0.15531 -0.118064 0.980785 
vn 0.177059 -0.0819163 0.980785 
vn 0.190529 -0.0419387 0.980785 
vn 6.12323e-17 0 1 
vn 6.12323e-17 0 1 
vn 6.12323e-17 0 1 
vn 6.12323e-17 0 1 
vn 6.12323e-17 0 1 
vn 6.12323e-17 0 1 
vn 6.12323e-17 0 1 
vn 6.12323e-17 0 1 
vn 6.12323e-17 0 1 
vn 6.12323e-17 0 1 
vn 6.12323e-17 0 1 
vn 6.12323e-17 0 1 
vn 6.12323e-17 0 1 
vn 6.12323e-17 0 1 
vn 6.12323e-17 0 1 
vn 6.12323e-17 0 1 
vn 6.12323e-17 0 1 
vn 6.12323e-17 0 1 
vn 6.12323e-17 0 1 
vn 6.12323e-17 0 1 
vn 6.12323e-17 0 1 
vn 6.12323e-17 0 1 
vn 6.12323e-17 0 1 
vn 6.12323e-17 0 1 
vn 6.12323e-17 0 1 
vn 6.12323e-17 0 1 
vn 6.12323e-17 0 1 
vn 6.12323e-17 0 1 
vn 6.12323e-17 0 1 
f 617//617 618//618 619//619 
f 620//620 619//619 621//621 
f 622//622 621//621 623//623 
f 624//624 623//623 625//625 
f 626//626 625//625 627//627 
f 628//628 627//627 629//629 
f 630//630 629//629 631//631 
f 632//632 631//631 633//633 
f 634//634 633//633 635//635 
f 636//636 635//635 637//637 
f 638//638 637//637 639//639 
f 640//640 639//639 641//641 
f 642//642 641//641 643//643 
f 644//644 643//643 645//645 
f 646//646 645//645 647//647 
f 648//648 647//647 649//649 
f 650//650 649//649 651//651 
f 652//652 651//651 653//653 
f 654//654 653//653 655//655 
f 656//656 655//655 657//657 
f 658//658 657//657 659//659 
f 660//660 659//659 661//661 
f 662//662 661//661 663//663 
f 664//664 663//663 665//665 
f 666//666 665//665 667//667 
f 668//668 667//667 669//669 
f 670//670 669//669 671//671 
f 672//672 671//671 673//673 
f 674//674 673//673 618//618 
f 675//675 617//617 620//620 
f 676//676 620//620 622//622 
f 677//677 622//622 624//624 
f 678//678 624//624 626//626 
f 679//679 626//626 628//628 
f 680//680 628//628 630//630 
f 681//681 630//630 632//632 
f 682//682 632//632 634//634 
f 683//683 634//634 636//636 
f 684//684 636//636 638//638 
f 685//685 638//638 640//640 
f 686//686 640//640 642//642 
f 687//687 642//642 644//644 
f 688//688 644//644 646//646 
f 689//689 646//646 648//648 
f 690//690 648//648 650//650 
f 691//691 650//650 652//652 
f 692//692 652//652 654//654 
f 693//693 654//654 656//656 
f 694//694 656//656 658//658 
f 695//695 658//658 660//660 
f 696//696 660//660 662//662 
f 697//697 662//662 664//664 
f 698//698 664//664 666//666 
f 699//699 666//666 668//668 
f 700//700 668//668 670//670 
f 701//701 670//670 672//672 
f 702//702 672//672 674//674 
f 703//703 674//674 617//617 
f 704//704 675//675 676//676 
f 705//705 676//676 677//677 
f 706//706 677//677 678//678 
f 707//707 678//678 679//679 
f 708//708 679//679 680//680 
f 709//709 680//680 681//681 
f 710//710 681//681 682//682 
f 711//711 682//682 683//683 
f 712//712 683//683 684//684 
f 713//713 684//684 685//685 
f 714//714 685//685 686//686 
f 715//715 686//686 687//687 
f 716//716 687//687 688//688 
f 717//717 688//688 689//689 
f 718//718 689//689 690//690 
f 719//719 690//690 691//691 
f 720//720 691//691 692//692 
f 721//721 692//692 693//693 
f 722//722 693//693 694//694 
f 723//723 694//694 695//695 
f 724//724 695//695 696//696 
f 725//725 696//696 697//697 
f 726//726 697//697 698//698 
f 727//727 698//698 699//699 
f 728//728 699//699 700//700 
f 729//729 700//700 701//701 
f 730//730 701//701 702//702 
f 731//731 702//702 703//703 
f 732//732 703//703 675//675 
f 733//733 704//704 705//705 
f 734//734 705//705 706//706 
f 735//735 706//706 707//707 
f 736//736 707//707 708//708 
f 737//737 708//708 709//709 
f 738//738 709//709 710//710 
f 739//739 710//710 711//711 
f 740//740 711//711 712//712 
f 741//741 712//712 713//713 
f 742//742 713//713 714//714 
f 743//743 714//714 715//715 
f 744//744 715//715 716//716 
f 745//745 716//716 717//717 
f 746//746 717//717 718//718 
f 747//747 718//718 719//719 
f 748//748 719//719 720//720 
f 749//749 720//720 721//721 
f 750//750 721//721 722//722 
f 751//751 722//722 723//723 
f 752//752 723//723 724//724 
f 753//753 724//724 725//725 
f 754//754 725//725 726//726 
f 755//755 726//726 727//727 
f 756//756 727//727 728//728 
f 757//757 728//728 729//729 
f 758//758 729//729 730//730 
f 759//759 730//730 731//731 
f 760//760 731//731 732//732 
f 761//761 732//732 704//704 
f 762//762 733//733 734//734 
f 763//763 734//734 735//735 
f 764//764 735//735 736//736 
f 765//765 736//736 737//737 
f 766//766 737//737 738//738 
f 767//767 738//738 739//739 
f 768//768 739//739 740//740 
f 769//769 740//740 741//741 
f 770//770 741//741 742//742 
f 771//771 742//742 743//743 
f 772//772 743//743 744//744 
f 773//773 744//744 745//745 
f 774//774 745//745 746//746 
f 775//775 746//746 747//747 
f 776//776 747//747 748//748 
f 777//777 748//748 749//749 
f 778//778 749//749 750//750 
f 779//779 750//750 751//751 
f 780//780 751//751 752//752 
f 781//781 752//752 753//753 
f 782//782 753//753 754//754 
f 783//783 754//754 755//755 
f 784//784 755//755 756//756 
f 785//785 756//756 757//757 
f 786//786 757//757 758//758 
f 787//787 758//758 759//759 
f 788//788 759//759 760//760 
f 789//789 760//760 761//761 
f 790//790 761//761 733//733 
f 791//791 762//762 763//763 
f 792//792 763//763 764//764 
f 793//793 764//764 765//765 
f 794//794 765//765 766//766 
f 795//795 766//766 767//767 
f 796//796 767//767 768//768 
f 797//797 768//768 769//769 
f 798//798 769//769 770//770 
f 799//799 770//770 771//771 
f 800//800 771//771 772//772 
f 801//801 772//772 773//773 
f 802//802 773//773 774//774 
f 803//803 774//774 775//775 
f 804//804 775//775 776//776 
f 805//805 776//776 777//777 
f 806//806 777//777 778//778 
f 807//807 778//778 779//779 
f 808//808 779//779 780//780 
f 809//809 780//780 781//781 
f 810//810 781//781 782//782 
f 811//811 782//782 783//783 
f 812//812 783//783 784//784 
f 813//813 784//784 785//785 
f 814//814 785//785 786//786 
f 815//815 786//786 787//787 
f 816//816 787//787 788//788 
f 817//817 788//788 789//789 
f 818//818 789//789 790//790 
f 819//819 790//790 762//762 
f 820//820 791//791 792//792 
f 821//821 792//792 793//793 
f 822//822 793//793 794//794 
f 823//823 794//794 795//795 
f 824//824 795//795 796//796 
f 825//825 796//796 797//797 
f 826//826 797//797 798//798 
f 827//827 798//798 799//799 
f 828//828 799//799 800//800 
f 829//829 800//800 801//801 
f 830//830 801//801 802//802 
f 831//831 802//802 803//803 
f 832//832 803//803 804//804 
f 833//833 804//804 805//805 
f 834//834 805//805 806//806 
f 835//835 806//806 807//807 
f 836//836 807//807 808//808 
f 837//837 808//808 809//809 
f 838//838 809//809 810//810 
f 839//839 810//810 811//811 
f 840//840 811//811 812//812 
f 841//841 812//812 813//813 
f 842//842 813//813 814//814 
f 843//843 814//814 815//815 
f 844//844 815//815 816//816 
f 845//845 816//816 817//817 
f 846//846 817//817 818//818 
f 847//847 818//818 819//819 
f 848//848 819//819 791//791 
f 849//849 820//820 821//821 
f 850//850 821//821 822//822 
f 851//851 822//822 823//823 
f 852//852 823//823 824//824 
f 853//853 824//824 825//825 
f 854//854 825//825 826//826 
f 855//855 826//826 827//827 
f 856//856 827//827 828//828 
f 857//857 828//828 829//829 
f 858//858 829//829 830//830 
f 859//859 830//830 831//831 
f 860//860 831//831 832//832 
f 861//861 832//832 833//833 
f 862//862 833//833 834//834 
f 863//863 834//834 835//835 
f 864//864 835//835 836//836 
f 865//865 836//836 837//837 
f 866//866 837//837 838//838 
f 867//867 838//838 839//839 
f 868//868 839//839 840//840 
f 869//869 840//840 841//841 
f 870//870 841//841 842//842 
f 871//871 842//842 843//843 
f 872//872 843//843 844//844 
f 873//873 844//844 845//845 
f 874//874 845//845 846//846 
f 875//875 846//846 847//847 
f 876//876 847//847 848//848 
f 877//877 848//848 820//820 
f 820//820 849//849 877//877 
f 848//848 877//877 876//876 
f 847//847 876//876 875//875 
f 846//846 875//875 874//874 
f 845//845 874//874 873//873 
f 844//844 873//873 872//872 
f 843//843 872//872 871//871 
f 842//842 871//871 870//870 
f 841//841 870//870 869//869 
f 840//840 869//869 868//868 
f 839//839 868//868 867//867 
f 838//838 867//867 866//866 
f 837//837 866//866 865//865 
f 836//836 865//865 864//864 
f 835//835 864//864 863//863 
f 834//834 863//863 862//862 
f 833//833 862//862 861//861 
f 832//832 861//861 860//860 
f 831//831 860//860 859//859 
f 830//830 859//859 858//858 
f 829//829 858//858 857//857 
f 828//828 857//857 856//856 
f 827//827 856//856 855//855 
f 826//826 855//855 854//854 
f 825//825 854//854 853//853 
f 824//824 853//853 852//852 
f 823//823 852//852 851//851 
f 822//822 851//851 850//850 
f 821//821 850//850 849//849 
f 791//791 820//820 848//848 
f 819//819 848//848 847//847 
f 818//818 847//847 846//846 
f 817//817 846//846 845//845 
f 816//816 845//845 844//844 
f 815//815 844//844 843//843 
f 814//814 843//843 842//842 
f 813//813 842//842 841//841 
f 812//812 841//841 840//840 
f 811//811 840//840 839//839 
f 810//810 839//839 838//838 
f 809//809 838//838 837//837 
f 808//808 837//837 836//836 
f 807//807 836//836 835//835 
f 806//806 835//835 834//834 
f 805//805 834//834 833//833 
f 804//804 833//833 832//832 
f 803//803 832//832 831//831 
f 802//802 831//831 830//830 
f 801//801 830//830 829//829 
f 800//800 829//829 828//828 
f 799//799 828//828 827//827 
f 798//798 827//827 826//826 
f 797//797 826//826 825//825 
f 796//796 825//825 824//824 
f 795//795 824//824 823//823 
f 794//794 823//823 822//822 
f 793//793 822//822 821//821 
f 792//792 821//821 820//820 
f 762//762 791//791 819//819 
f 790//790 819//819 818//818 
f 789//789 818//818 817//817 
f 788//788 817//817 816//816 
f 787//787 816//816 815//815 
f 786//786 815//815 814//814 
f 785//785 814//814 813//813 
f 784//784 813//813 812//812 
f 783//783 812//812 811//811 
f 782//782 811//811 810//810 
f 781//781 810//810 809//809 
f 780//780 809//809 808//808 
f 779//779 808//808 807//807 
f 778//778 807//807 806//806 
f 777//777 806//806 805//805 
f 776//776 805//805 804//804 
f 775//775 804//804 803//803 
f 774//774 803//803 802//802 
f 773//773 802//802 801//801 
f 772//772 801//801 800//800 
f 771//771 800//800 799//799 
f 770//770 799//799 798//798 
f 769//769 798//798 797//797 
f 768//768 797//797 796//796 
f 767//767 796//796 795//795 
f 766//766 795//795 794//794 
f 765//765 794//794 793//793 
f 764//764 793//793 792//792 
f 763//763 792//792 791//791 
f 733//733 762//762 790//790 
f 761//761 790//790 789//789 
f 760//760 789//789 788//788 
f 759//759 788//788 787//787 
f 758//758 787//787 786//786 
f 757//757 786//786 785//785 
f 756//756 785//785 784//784 
f 755//755 784//784 783//783 
f 754//754 783//783 782//782 
f 753//753 782//782 781//781 
f 752//752 781//781 780//780 
f 751//751 780//780 779//779 
f 750//750 779//779 778//778 
f 749//749 778//778 777//777 
f 748//748 777//777 776//776 
f 747//747 776//776 775//775 
f 746//746 775//775 774//774 
f 745//745 774//774 773//773 
f 744//744 773//773 772//772 
f 743//743 772//772 771//771 
f 742//742 771//771 770//770 
f 741//741 770//770 769//769 
f 740//740 769//769 768//768 
f 739//739 768//768 767//767 
f 738//738 767//767 766//766 
f 737//737 766//766 765//765 
f 736//736 765//765 764//764 
f 735//735 764//764 763//763 
f 734//734 763//763 762//762 
f 704//704 733//733 761//761 
f 732//732 761//761 760//760 
f 731//731 760//760 759//759 
f 730//730 759//759 758//758 
f 729//729 758//758 757//757 
f 728//728 757//757 756//756 
f 727//727 756//756 755//755 
f 726//726 755//755 754//754 
f 725//725 754//754 753//753 
f 724//724 753//753 752//752 
f 723//723 752//752 751//751 
f 722//722 751//751 750//750 
f 721//721 750//750 749//749 
f 720//720 749//749 748//748 
f 719//719 748//748 747//747 
f 718//718 747//747 746//746 
f 717//717 746//746 745//745 
f 716//716 745//745 744//744 
f 715//715 744//744 743//743 
f 714//714 743//743 742//742 
f 713//713 742//742 741//741 
f 712//712 741//741 740//740 
f 711//711 740//740 739//739 
f 710//710 739//739 738//738 
f 709//709 738//738 737//737 
f 708//708 737//737 736//736 
f 707//707 736//736 735//735 
f 706//706 735//735 734//734 
f 705//705 734//734 733//733 
f 675//675 704//704 732//732 
f 703//703 732//732 731//731 
f 702//702 731//731 730//730 
f 701//701 730//730 729//729 
f 700//700 729//729 728//728 
f 699//699 728//728 727//727 
f 698//698 727//727 726//726 
f 697//697 726//726 725//725 
f 696//696 725//725 724//724 
f 695//695 724//724 723//723 
f 694//694 723//723 722//722 
f 693//693 722//722 721//721 
f 692//692 721//721 720//720 
f 691//691 720//720 719//719 
f 690//690 719//719 718//718 
f 689//689 718//718 717//717 
f 688//688 717//717 716//716 
f 687//687 716//716 715//715 
f 686//686 715//715 714//714 
f 685//685 714//714 713//713 
f 684//684 713//713 712//712 
f 683//683 712//712 711//711 
f 682//682 711//711 710//710 
f 681//681 710//710 709//709 
f 680//680 709//709 708//708 
f 679//679 708//708 707//707 
f 678//678 707//707 706//706 
f 677//677 706//706 705//705 
f 676//676 705//705 704//704 
f 617//617 675//675 703//703 
f 674//674 703//703 702//702 
f 672//672 702//702 701//701 
f 670//670 701//701 700//700 
f 668//668 700//700 699//699 
f 666//666 699//699 698//698 
f 664//664 698//698 697//697 
f 662//662 697//697 696//696 
f 660//660 696//696 695//695 
f 658//658 695//695 694//694 
f 656//656 694//694 693//693 
f 654//654 693//693 692//692 
f 652//652 692//692 691//691 
f 650//650 691//691 690//690 
f 648//648 690//690 689//689 
f 646//646 689//689 688//688 
f 644//644 688//688 687//687 
f 642//642 687//687 686//686 
f 640//640 686//686 685//685 
f 638//638 685//685 684//684 
f 636//636 684//684 683//683 
f 634//634 683//683 682//682 
f 632//632 682//682 681//681 
f 630//630 681//681 680//680 
f 628//628 680//680 679//679 
f 626//626 679//679 678//678 
f 624//624 678//678 677//677 
f 622//622 677//677 676//676 
f 620//620 676//676 675//675 
f 618//618 617//617 674//674 
f 673//673 674//674 672//672 
f 671//671 672//672 670//670 
f 669//669 670//670 668//668 
f 667//667 668//668 666//666 
f 665//665 666//666 664//664 
f 663//663 664//664 662//662 
f 661//661 662//662 660//660 
f 659//659 660//660 658//658 
f 657//657 658//658 656//656 
f 655//655 656//656 654//654 
f 653//653 654//654 652//652 
f 651//651 652//652 650//650 
f 649//649 650//650 648//648 
f 647//647 648//648 646//646 
f 645//645 646//646 644//644 
f 643//643 644//644 642//642 
f 641//641 642//642 640//640 
f 639//639 640//640 638//638 
f 637//637 638//638 636//636 
f 635//635 636//636 634//634 
f 633//633 634//634 632//632 
f 631//631 632//632 630//630 
f 629//629 630//630 628//628 
f 627//627 628//628 626//626 
f 625//625 626//626 624//624 
f 623//623 624//624 622//622 
f 621//621 622//622 620//620 
f 619//619 620//620 617//617 
o mesh3679
v -6.50521e-19 0.00144338 0 
v -0.000906838 0.00227599 0 
v -0.00137491 0.00202784 0 
v 0.00125 0.000721688 0 
v 0.0015861 0.0018673 0 
v 0.0011476 0.0021646 0 
v 0.00222356 0.00102873 0 
v 0.00195043 0.00148268 0 
v -0.00125 0.000721688 0 
v -0.00177869 0.00168486 0 
v -0.000396366 0.00241772 0 
v -0.00243564 0.000264892 0 
v -0.00243564 -0.000264892 0 
v 0.000655444 0.0023607 0 
v -0.00232175 0.000782289 0 
v 5.42101e-19 -0.00144338 0 
v -0.00125 -0.000721688 0 
v -0.00137491 -0.00202784 0 
v 0.00125 -0.000721688 0 
v 0.00245 0 0 
v 0.00013264 0.00244641 0 
v -0.00232175 -0.000782289 0 
v -0.0020993 0.00126311 0 
v -0.000906838 -0.00227599 0 
v 0.0015861 -0.0018673 0 
v 0.00195043 -0.00148268 0 
v 0.0011476 -0.0021646 0 
v 0.00239272 0.000526678 0 
v 0.00222356 -0.00102873 0 
v 0.00239272 -0.000526678 0 
v -0.000396366 -0.00241772 0 
v -0.0020993 -0.00126311 0 
v -0.00177869 -0.00168486 0 
v 0.00013264 -0.00244641 0 
v 0.000655444 -0.0023607 0 
vn 6.12323e-17 0 1 
vn 6.12323e-17 0 1 
vn 6.12323e-17 0 1 
vn 6.12323e-17 0 1 
vn 6.12323e-17 0 1 
vn 6.12323e-17 0 1 
vn 6.12323e-17 0 1 
vn 6.12323e-17 0 1 
vn 6.12323e-17 0 1 
vn 6.12323e-17 0 1 
vn 6.12323e-17 0 1 
vn 6.12323e-17 0 1 
vn 6.12323e-17 0 1 
vn 6.12323e-17 0 1 
vn 6.12323e-17 0 1 
vn 6.12323e-17 0 1 
vn 6.12323e-17 0 1 
vn 6.12323e-17 0 1 
vn 6.12323e-17 0 1 
vn 6.12323e-17 0 1 
vn 6.12323e-17 0 1 
vn 6.12323e-17 0 1 
vn 6.12323e-17 0 1 
vn 6.12323e-17 0 1 
vn 6.12323e-17 0 1 
vn 6.12323e-17 0 1 
vn 6.12323e-17 0 1 
vn 6.12323e-17 0 1 
vn 6.12323e-17 0 1 
vn 6.12323e-17 0 1 
vn 6.12323e-17 0 1 
vn 6.12323e-17 0 1 
vn 6.12323e-17 0 1 
vn 6.12323e-17 0 1 
vn 6.12323e-17 0 1 
f 878//878 879//879 880//880 
f 881//881 882//882 883//883 
f 881//881 884//884 885//885 
f 886//886 880//880 887//887 
f 878//878 888//888 879//879 
f 886//886 889//889 890//890 
f 878//878 883//883 891//891 
f 885//885 882//882 881//881 
f 880//880 886//886 878//878 
f 886//886 892//892 889//889 
f 893//893 894//894 895//895 
f 881//881 896//896 897//897 
f 883//883 878//878 881//881 
f 878//878 898//898 888//888 
f 894//894 890//890 899//899 
f 886//886 900//900 892//892 
f 895//895 901//901 893//893 
f 896//896 902//902 903//903 
f 896//896 893//893 904//904 
f 897//897 905//905 881//881 
f 896//896 906//906 907//907 
f 887//887 900//900 886//886 
f 890//890 894//894 886//886 
f 901//901 908//908 893//893 
f 894//894 909//909 910//910 
f 904//904 902//902 896//896 
f 893//893 911//911 912//912 
f 907//907 897//897 896//896 
f 899//899 909//909 894//894 
f 910//910 895//895 894//894 
f 912//912 904//904 893//893 
f 891//891 898//898 878//878 
f 903//903 906//906 896//896 
f 908//908 911//911 893//893 
f 905//905 884//884 881//881 
o mesh3680
v 0.00125 0.000721688 0 
v 0.00125 0.000721688 -0.0013 
v 0.00125 -2.08167e-19 -0.0013 
v 0.00125 -0.000721688 0 
v 0.00125 -0.000721688 -0.0013 
vn -1 1.66533e-16 0 
vn -1 1.66533e-16 0 
vn -1 1.66533e-16 0 
vn -1 1.66533e-16 0 
vn -1 1.66533e-16 0 
f 913//913 914//914 915//915 
f 915//915 916//916 913//913 
f 915//915 917//917 916//916 
o mesh3681
v 0.00125 0.000721688 0 
v -6.50521e-19 0.00144338 0 
v 0.000625 0.00108253 -0.0013 
v -6.50521e-19 0.00144338 -0.0013 
v 0.00125 0.000721688 -0.0013 
vn -0.5 -0.866025 0 
vn -0.5 -0.866025 0 
vn -0.5 -0.866025 0 
vn -0.5 -0.866025 0 
vn -0.5 -0.866025 0 
f 918//918 919//919 920//920 
f 919//919 921//921 920//920 
f 920//920 922//922 918//918 
o mesh3682
v -0.00125 0.000721688 0 
v -0.00125 0.000721688 -0.0013 
v -0.000625 0.00108253 -0.0013 
v -6.50521e-19 0.00144338 0 
v -6.50521e-19 0.00144338 -0.0013 
vn 0.5 -0.866025 0 
vn 0.5 -0.866025 0 
vn 0.5 -0.866025 0 
vn 0.5 -0.866025 0 
vn 0.5 -0.866025 0 
f 923//923 924//924 925//925 
f 925//925 926//926 923//923 
f 925//925 927//927 926//926 
o mesh3683
v -0.00125 -0.000721688 0 
v -0.00125 -0.000721688 -0.0013 
v -0.00125 5.5086e-20 -0.0013 
v -0.00125 0.000721688 0 
v -0.00125 0.000721688 -0.0013 
vn 1 -4.40688e-17 0 
vn 1 -4.40688e-17 0 
vn 1 -4.40688e-17 0 
vn 1 -4.40688e-17 0 
vn 1 -4.40688e-17 0 
f 928//928 929//929 930//930 
f 930//930 931//931 928//928 
f 930//930 932//932 931//931 
o mesh3684
v -0.00125 -0.000721688 0 
v 5.42101e-19 -0.00144338 0 
v -0.000625 -0.00108253 -0.0013 
v 5.42101e-19 -0.00144338 -0.0013 
v -0.00125 -0.000721688 -0.0013 
vn 0.5 0.866025 0 
vn 0.5 0.866025 0 
vn 0.5 0.866025 0 
vn 0.5 0.866025 0 
vn 0.5 0.866025 0 
f 933//933 934//934 935//935 
f 934//934 936//936 935//935 
f 935//935 937//937 933//933 
o mesh3685
v 0.00125 -0.000721688 0 
v 0.00125 -0.000721688 -0.0013 
v 0.000625 -0.00108253 -0.0013 
v 5.42101e-19 -0.00144338 0 
v 5.42101e-19 -0.00144338 -0.0013 
vn -0.5 0.866025 0 
vn -0.5 0.866025 0 
vn -0.5 0.866025 0 
vn -0.5 0.866025 0 
vn -0.5 0.866025 0 
f 938//938 939//939 940//940 
f 940//940 941//941 938//938 
f 940//940 942//942 941//941 
o mesh3686
v -0.00125 0.000721688 -0.0013 
v -0.000907494 0.000859624 -0.0013 
v -0.000701484 0.00103461 -0.0013 
v -0.00118457 0.000399127 -0.0013 
v -0.00107107 0.000644442 -0.0013 
v -0.00125 5.5086e-20 -0.0013 
v -0.00124267 0.000135149 -0.0013 
v -0.000625 0.00108253 -0.0013 
vn 0 0 1 
vn 0 0 1 
vn 0 0 1 
vn 0 0 1 
vn 0 0 1 
vn 0 0 1 
vn 0 0 1 
vn 0 0 1 
f 943//943 944//944 945//945 
f 943//943 946//946 947//947 
f 947//947 944//944 943//943 
f 943//943 948//948 949//949 
f 949//949 946//946 943//943 
f 945//945 950//950 943//943 
o mesh3687
v 0 0 -0.00175496 
v 0.000809233 0.000952703 -0.0013 
v 0.000625 0.00108253 -0.0013 
v 0 0 -0.00175496 
v -0.000462673 0.00116122 -0.0013 
v -0.000625 0.00108253 -0.0013 
v 0 0 -0.00175496 
v -0.00124267 0.000135149 -0.0013 
v -0.00125 5.5086e-20 -0.0013 
v 0 0 -0.00175496 
v -0.000701484 -0.00103461 -0.0013 
v -0.000625 -0.00108253 -0.0013 
v 0 0 -0.00175496 
v 0.000585511 -0.00110439 -0.0013 
v 0.000625 -0.00108253 -0.0013 
v 0 0 -0.00175496 
v 0.00122078 -0.000268713 -0.0013 
v 0.00125 -2.08167e-19 -0.0013 
v 0 0 -0.00175496 
v 0.00113447 -0.000524861 -0.0013 
v 0 0 -0.00175496 
v 0.000995116 -0.000756468 -0.0013 
v 0 0 -0.00175496 
v 0.000809233 -0.000952703 -0.0013 
v 0 0 -0.00175496 
v 0 0 -0.00175496 
v 0.00033441 -0.00120444 -0.0013 
v 0 0 -0.00175496 
v 6.76736e-05 -0.00124817 -0.0013 
v 0 0 -0.00175496 
v -0.000202227 -0.00123353 -0.0013 
v 0 0 -0.00175496 
v -0.000462673 -0.00116122 -0.0013 
v 0 0 -0.00175496 
v 0 0 -0.00175496 
v -0.000907494 -0.000859624 -0.0013 
v 0 0 -0.00175496 
v -0.00107107 -0.000644442 -0.0013 
v 0 0 -0.00175496 
v -0.00118457 -0.000399127 -0.0013 
v 0 0 -0.00175496 
v -0.00124267 -0.000135149 -0.0013 
v 0 0 -0.00175496 
v 0 0 -0.00175496 
v -0.00118457 0.000399127 -0.0013 
v 0 0 -0.00175496 
v -0.00107107 0.000644442 -0.0013 
v 0 0 -0.00175496 
v -0.000907494 0.000859624 -0.0013 
v 0 0 -0.00175496 
v -0.000701484 0.00103461 -0.0013 
v 0 0 -0.00175496 
v 0 0 -0.00175496 
v -0.000202227 0.00123353 -0.0013 
v 0 0 -0.00175496 
v 6.76736e-05 0.00124817 -0.0013 
v 0 0 -0.00175496 
v 0.00033441 0.00120444 -0.0013 
v 0 0 -0.00175496 
v 0.000585511 0.00110439 -0.0013 
v 0 0 -0.00175496 
v 0 0 -0.00175496 
v 0.000995116 0.000756468 -0.0013 
v 0 0 -0.00175496 
v 0.00113447 0.000524861 -0.0013 
v 0 0 -0.00175496 
v 0.00122078 0.000268713 -0.0013 
v 0 0 -0.00175496 
vn -0.197017 -0.279575 0.939693 
vn -0.221419 -0.260675 0.939693 
vn -0.17101 -0.296198 0.939693 
vn 0.149191 -0.307766 0.939693 
vn 0.126595 -0.317729 0.939693 
vn 0.17101 -0.296198 0.939693 
vn 0.341519 -0.0185166 0.939693 
vn 0.340015 -0.0369789 0.939693 
vn 0.34202 -4.18854e-17 0.939693 
vn 0.181592 0.289831 0.939693 
vn 0.191937 0.283086 0.939693 
vn 0.17101 0.296198 0.939693 
vn -0.165635 0.299237 0.939693 
vn -0.160205 0.302179 0.939693 
vn -0.17101 0.296198 0.939693 
vn -0.340015 0.0369789 0.939693 
vn -0.334024 0.0735242 0.939693 
vn -0.34202 0 0.939693 
vn -0.324116 0.109208 0.939693 
vn -0.310409 0.143611 0.939693 
vn -0.293062 0.17633 0.939693 
vn -0.27228 0.206982 0.939693 
vn -0.248305 0.235207 0.939693 
vn -0.221419 0.260675 0.939693 
vn -0.197017 0.279575 0.939693 
vn -0.126595 0.317729 0.939693 
vn -0.0915001 0.329554 0.939693 
vn -0.0553327 0.337515 0.939693 
vn -0.0185166 0.341519 0.939693 
vn 0.0185166 0.341519 0.939693 
vn 0.0553327 0.337515 0.939693 
vn 0.0915001 0.329554 0.939693 
vn 0.126595 0.317729 0.939693 
vn 0.149191 0.307766 0.939693 
vn 0.221419 0.260675 0.939693 
vn 0.248305 0.235207 0.939693 
vn 0.27228 0.206982 0.939693 
vn 0.293062 0.17633 0.939693 
vn 0.310409 0.143611 0.939693 
vn 0.324116 0.109208 0.939693 
vn 0.334024 0.0735242 0.939693 
vn 0.340015 0.0369789 0.939693 
vn 0.341519 0.0185166 0.939693 
vn 0.334024 -0.0735242 0.939693 
vn 0.324116 -0.109208 0.939693 
vn 0.310409 -0.143611 0.939693 
vn 0.293062 -0.17633 0.939693 
vn 0.27228 -0.206982 0.939693 
vn 0.248305 -0.235207 0.939693 
vn 0.221419 -0.260675 0.939693 
vn 0.191937 -0.283086 0.939693 
vn 0.181592 -0.289831 0.939693 
vn 0.0915001 -0.329554 0.939693 
vn 0.0553327 -0.337515 0.939693 
vn 0.0185166 -0.341519 0.939693 
vn -0.0185166 -0.341519 0.939693 
vn -0.0553327 -0.337515 0.939693 
vn -0.0915001 -0.329554 0.939693 
vn -0.126595 -0.317729 0.939693 
vn -0.160205 -0.302179 0.939693 
vn -0.165635 -0.299237 0.939693 
vn -0.248305 -0.235207 0.939693 
vn -0.27228 -0.206982 0.939693 
vn -0.293062 -0.17633 0.939693 
vn -0.310409 -0.143611 0.939693 
vn -0.324116 -0.109208 0.939693 
vn -0.334024 -0.0735242 0.939693 
vn -0.340015 -0.0369789 0.939693 
f 951//951 952//952 953//953 
f 954//954 955//955 956//956 
f 957//957 958//958 959//959 
f 960//960 961//961 962//962 
f 963//963 964//964 965//965 
f 966//966 967//967 968//968 
f 969//969 970//970 967//967 
f 971//971 972//972 970//970 
f 973//973 974//974 972//972 
f 965//965 974//974 975//975 
f 976//976 977//977 964//964 
f 978//978 979//979 977//977 
f 980//980 981//981 979//979 
f 982//982 983//983 981//981 
f 962//962 983//983 984//984 
f 985//985 986//986 961//961 
f 987//987 988//988 986//986 
f 989//989 990//990 988//988 
f 991//991 992//992 990//990 
f 959//959 992//992 993//993 
f 994//994 995//995 958//958 
f 996//996 997//997 995//995 
f 998//998 999//999 997//997 
f 1000//1000 1001//1001 999//999 
f 956//956 1001//1001 1002//1002 
f 1003//1003 1004//1004 955//955 
f 1005//1005 1006//1006 1004//1004 
f 1007//1007 1008//1008 1006//1006 
f 1009//1009 1010//1010 1008//1008 
f 953//953 1010//1010 1011//1011 
f 1012//1012 1013//1013 952//952 
f 1014//1014 1015//1015 1013//1013 
f 1016//1016 1017//1017 1015//1015 
f 1018//1018 968//968 1017//1017 
o mesh3688
v -6.50521e-19 0.00144338 -0.0013 
v 0.00033441 0.00120444 -0.0013 
v 0.000585511 0.00110439 -0.0013 
v -0.000202227 0.00123353 -0.0013 
v 6.76736e-05 0.00124817 -0.0013 
v -0.000625 0.00108253 -0.0013 
v -0.000462673 0.00116122 -0.0013 
v 0.000625 0.00108253 -0.0013 
vn 0 0 1 
vn 0 0 1 
vn 0 0 1 
vn 0 0 1 
vn 0 0 1 
vn 0 0 1 
vn 0 0 1 
vn 0 0 1 
f 1019//1019 1020//1020 1021//1021 
f 1019//1019 1022//1022 1023//1023 
f 1023//1023 1020//1020 1019//1019 
f 1019//1019 1024//1024 1025//1025 
f 1025//1025 1022//1022 1019//1019 
f 1021//1021 1026//1026 1019//1019 
o mesh3689
v 0.00125 0.000721688 -0.0013 
v 0.000995116 0.000756468 -0.0013 
v 0.00113447 0.000524861 -0.0013 
v 0.000625 0.00108253 -0.0013 
v 0.000809233 0.000952703 -0.0013 
v 0.00122078 0.000268713 -0.0013 
v 0.00125 -2.08167e-19 -0.0013 
vn 0 0 1 
vn 0 0 1 
vn 0 0 1 
vn 0 0 1 
vn 0 0 1 
vn 0 0 1 
vn 0 0 1 
f 1027//1027 1028//1028 1029//1029 
f 1027//1027 1030//1030 1031//1031 
f 1031//1031 1028//1028 1027//1027 
f 1029//1029 1032//1032 1027//1027 
f 1032//1032 1033//1033 1027//1027 
o mesh3690
v 0.00125 -0.000721688 -0.0013 
v 0.000995116 -0.000756468 -0.0013 
v 0.000809233 -0.000952703 -0.0013 
v 0.00113447 -0.000524861 -0.0013 
v 0.00125 -2.08167e-19 -0.0013 
v 0.00122078 -0.000268713 -0.0013 
v 0.000625 -0.00108253 -0.0013 
vn 0 0 1 
vn 0 0 1 
vn 0 0 1 
vn 0 0 1 
vn 0 0 1 
vn 0 0 1 
vn 0 0 1 
f 1034//1034 1035//1035 1036//1036 
f 1034//1034 1037//1037 1035//1035 
f 1034//1034 1038//1038 1039//1039 
f 1039//1039 1037//1037 1034//1034 
f 1036//1036 1040//1040 1034//1034 
o mesh3691
v 5.42101e-19 -0.00144338 -0.0013 
v -0.000202227 -0.00123353 -0.0013 
v -0.000462673 -0.00116122 -0.0013 
v 0.000625 -0.00108253 -0.0013 
v 0.000585511 -0.00110439 -0.0013 
v 6.76736e-05 -0.00124817 -0.0013 
v 0.00033441 -0.00120444 -0.0013 
v -0.000625 -0.00108253 -0.0013 
vn 0 0 1 
vn 0 0 1 
vn 0 0 1 
vn 0 0 1 
vn 0 0 1 
vn 0 0 1 
vn 0 0 1 
vn 0 0 1 
f 1041//1041 1042//1042 1043//1043 
f 1041//1041 1044//1044 1045//1045 
f 1041//1041 1046//1046 1042//1042 
f 1045//1045 1047//1047 1041//1041 
f 1047//1047 1046//1046 1041//1041 
f 1043//1043 1048//1048 1041//1041 
o mesh3692
v -0.00125 -0.000721688 -0.0013 
v -0.00118457 -0.000399127 -0.0013 
v -0.00124267 -0.000135149 -0.0013 
v -0.000625 -0.00108253 -0.0013 
v -0.000701484 -0.00103461 -0.0013 
v -0.00107107 -0.000644442 -0.0013 
v -0.000907494 -0.000859624 -0.0013 
v -0.00125 5.5086e-20 -0.0013 
vn 0 0 1 
vn 0 0 1 
vn 0 0 1 
vn 0 0 1 
vn 0 0 1 
vn 0 0 1 
vn 0 0 1 
vn 0 0 1 
f 1049//1049 1050//1050 1051//1051 
f 1049//1049 1052//1052 1053//1053 
f 1049//1049 1054//1054 1050//1050 
f 1053//1053 1055//1055 1049//1049 
f 1055//1055 1054//1054 1049//1049 
f 1051//1051 1056//1056 1049//1049 
