# OBJ generated by ONSHAPE BY PTC INC, 1.221 Units = meters
mtllib Part_1_18.mtl
g Part 1
usemtl 0.615686_0.811765_0.929412_0.000000_0.000000
o mesh4379
v -0.274358 0.0379311 -0.0260421 
v -0.273652 0.0419083 -0.0258559 
v -0.270901 0.0414723 -0.0269692 
v -0.275358 0.0341398 -0.0270301 
v -0.271606 0.037495 -0.0271553 
v -0.276607 0.0307117 -0.0287737 
v -0.272607 0.0337037 -0.0281433 
v -0.278046 0.0278073 -0.0311915 
v -0.273856 0.0302757 -0.0298869 
v -0.279607 0.0255621 -0.0341704 
v -0.275294 0.0273712 -0.0323047 
v -0.281217 0.0240813 -0.037571 
v -0.276855 0.0251261 -0.0352836 
v -0.282802 0.023434 -0.0412344 
v -0.278466 0.0236452 -0.0386842 
v -0.284287 0.0236506 -0.0449893 
v -0.280051 0.022998 -0.0423477 
v -0.285603 0.0247209 -0.0486601 
v -0.281535 0.0232146 -0.0461026 
v -0.286687 0.0265949 -0.0520752 
v -0.282851 0.0242849 -0.0497734 
v -0.28749 0.0291849 -0.0550749 
v -0.283936 0.0261589 -0.0531884 
v -0.287974 0.0323699 -0.0575188 
v -0.284739 0.0287489 -0.0561881 
v -0.288117 0.0360008 -0.0592929 
v -0.285223 0.0319338 -0.0586321 
v -0.287911 0.039908 -0.060314 
v -0.285365 0.0355647 -0.0604061 
v -0.287366 0.0439087 -0.0605344 
v -0.287679 0.0419083 -0.0605258 
v -0.284928 0.0414723 -0.061639 
v -0.285159 0.0394719 -0.0614272 
v -0.286508 0.0478158 -0.0599439 
v -0.284614 0.0434726 -0.0616476 
v -0.285376 0.0514468 -0.05857 
v -0.283756 0.0473798 -0.0610571 
v -0.284025 0.0546317 -0.056477 
v -0.282625 0.0510107 -0.0596832 
v -0.282516 0.0572217 -0.0537628 
v -0.281273 0.0541957 -0.0575902 
v -0.280921 0.0590957 -0.0505542 
v -0.279765 0.0567857 -0.054876 
v -0.279314 0.060166 -0.0470014 
v -0.27817 0.0586596 -0.0516674 
v -0.27777 0.0603826 -0.0432703 
v -0.276563 0.0597299 -0.0481146 
v -0.276362 0.0597354 -0.0395356 
v -0.275019 0.0599465 -0.0443835 
v -0.275154 0.0582545 -0.0359717 
v -0.27361 0.0592993 -0.0406488 
v -0.274205 0.0560094 -0.0327455 
v -0.272403 0.0578185 -0.037085 
v -0.273557 0.0531049 -0.0300076 
v -0.271453 0.0555733 -0.0338587 
v -0.273242 0.0496769 -0.0278862 
v -0.270806 0.0526688 -0.0311208 
v -0.273275 0.0458856 -0.0264804 
v -0.270491 0.0492408 -0.0289994 
v -0.270523 0.0454495 -0.0275936 
vn -0.337324 0.212687 -0.917048 
vn -0.375058 2.26117e-16 -0.927001 
vn -0.375058 2.26117e-16 -0.927001 
vn -0.283817 0.41543 -0.864214 
vn -0.337324 0.212687 -0.917048 
vn -0.217039 0.598747 -0.770971 
vn -0.283817 0.41543 -0.864214 
vn -0.140113 0.754068 -0.641678 
vn -0.217039 0.598747 -0.770971 
vn -0.0566347 0.874129 -0.48238 
vn -0.140113 0.754068 -0.641678 
vn 0.0294915 0.953317 -0.300528 
vn -0.0566347 0.874129 -0.48238 
vn 0.114239 0.987929 -0.104622 
vn 0.0294915 0.953317 -0.300528 
vn 0.193644 0.976346 0.0961747 
vn 0.114239 0.987929 -0.104622 
vn 0.263995 0.919111 0.292475 
vn 0.193644 0.976346 0.0961747 
vn 0.322002 0.818899 0.475099 
vn 0.263995 0.919111 0.292475 
vn 0.364952 0.680396 0.635508 
vn 0.322002 0.818899 0.475099 
vn 0.390838 0.510079 0.766202 
vn 0.364952 0.680396 0.635508 
vn 0.398449 0.315911 0.861069 
vn 0.390838 0.510079 0.766202 
vn 0.387428 0.106971 0.915673 
vn 0.398449 0.315911 0.861069 
vn 0.358292 -0.106971 0.927461 
vn 0.375058 2.89894e-15 0.927001 
vn 0.375058 2.89894e-15 0.927001 
vn 0.387428 0.106971 0.915673 
vn 0.312402 -0.315911 0.895882 
vn 0.358292 -0.106971 0.927461 
vn 0.251905 -0.510079 0.822413 
vn 0.312402 -0.315911 0.895882 
vn 0.179629 -0.680396 0.710489 
vn 0.251905 -0.510079 0.822413 
vn 0.0989538 -0.818899 0.565343 
vn 0.179629 -0.680396 0.710489 
vn 0.0136516 -0.919111 0.393762 
vn 0.0989538 -0.818899 0.565343 
vn -0.0722889 -0.976346 0.203769 
vn 0.0136516 -0.919111 0.393762 
vn -0.154849 -0.987929 0.00424877 
vn -0.0722889 -0.976346 0.203769 
vn -0.230169 -0.953317 -0.195471 
vn -0.154849 -0.987929 0.00424877 
vn -0.294726 -0.874129 -0.38605 
vn -0.230169 -0.953317 -0.195471 
vn -0.345503 -0.754068 -0.558578 
vn -0.294726 -0.874129 -0.38605 
vn -0.380124 -0.598747 -0.704988 
vn -0.345503 -0.754068 -0.558578 
vn -0.39697 -0.41543 -0.818433 
vn -0.380124 -0.598747 -0.704988 
vn -0.395255 -0.212687 -0.893609 
vn -0.39697 -0.41543 -0.818433 
vn -0.395255 -0.212687 -0.893609 
f 1//1 2//2 3//3 
f 4//4 1//1 5//5 
f 6//6 4//4 7//7 
f 8//8 6//6 9//9 
f 10//10 8//8 11//11 
f 12//12 10//10 13//13 
f 14//14 12//12 15//15 
f 16//16 14//14 17//17 
f 18//18 16//16 19//19 
f 20//20 18//18 21//21 
f 22//22 20//20 23//23 
f 24//24 22//22 25//25 
f 26//26 24//24 27//27 
f 28//28 26//26 29//29 
f 30//30 31//31 32//32 
f 33//33 32//32 31//31 
f 31//31 28//28 33//33 
f 34//34 30//30 35//35 
f 36//36 34//34 37//37 
f 38//38 36//36 39//39 
f 40//40 38//38 41//41 
f 42//42 40//40 43//43 
f 44//44 42//42 45//45 
f 46//46 44//44 47//47 
f 48//48 46//46 49//49 
f 50//50 48//48 51//51 
f 52//52 50//50 53//53 
f 54//54 52//52 55//55 
f 56//56 54//54 57//57 
f 58//58 56//56 59//59 
f 2//2 58//58 60//60 
f 60//60 3//3 2//2 
f 59//59 60//60 58//58 
f 57//57 59//59 56//56 
f 55//55 57//57 54//54 
f 53//53 55//55 52//52 
f 51//51 53//53 50//50 
f 49//49 51//51 48//48 
f 47//47 49//49 46//46 
f 45//45 47//47 44//44 
f 43//43 45//45 42//42 
f 41//41 43//43 40//40 
f 39//39 41//41 38//38 
f 37//37 39//39 36//36 
f 35//35 37//37 34//34 
f 32//32 35//35 30//30 
f 29//29 33//33 28//28 
f 27//27 29//29 26//26 
f 25//25 27//27 24//24 
f 23//23 25//25 22//22 
f 21//21 23//23 20//20 
f 19//19 21//21 18//18 
f 17//17 19//19 16//16 
f 15//15 17//17 14//14 
f 13//13 15//15 12//12 
f 11//11 13//13 10//10 
f 9//9 11//11 8//8 
f 7//7 9//9 6//6 
f 5//5 7//7 4//4 
f 3//3 5//5 1//1 
o mesh4380
v -0.288351 0.0475688 -0.0644021 
v -0.294748 0.0182332 -0.0687228 
v -0.288117 0.0360008 -0.0592929 
v -0.287974 0.0323699 -0.0575188 
v -0.288223 0.0476207 -0.0641082 
v -0.272393 0.0581978 -0.0291234 
v -0.286738 0.0687774 -0.0687228 
v -0.276362 0.0597354 -0.0395356 
v -0.287834 0.0504807 -0.0642658 
v -0.287737 0.0503619 -0.0639799 
v -0.28749 0.0291849 -0.0550749 
v -0.285603 0.0247209 -0.0486601 
v -0.286687 0.0265949 -0.0520752 
v -0.282363 0.0194242 -0.0385779 
v -0.282272 0.0197154 -0.0384677 
v -0.284287 0.0236506 -0.0449893 
v -0.282432 0.0191108 -0.0386253 
v -0.27777 0.0603826 -0.0432703 
v -0.282516 0.0572217 -0.0537628 
v -0.281217 0.0240813 -0.037571 
v -0.282802 0.023434 -0.0412344 
v -0.281915 0.020329 -0.0378247 
v -0.282164 0.0199709 -0.0382998 
v -0.272505 0.0575635 -0.029153 
v -0.272461 0.0578844 -0.0291707 
v -0.287947 0.0505326 -0.0645654 
v -0.281662 0.0204322 -0.0372405 
v -0.281549 0.0203803 -0.0369409 
v -0.281786 0.0204148 -0.0375397 
v -0.287609 0.0499488 -0.0635015 
v -0.287584 0.0496738 -0.0633313 
v -0.285376 0.0514468 -0.05857 
v -0.279314 0.060166 -0.0470014 
v -0.280921 0.0590957 -0.0505542 
v -0.279607 0.0255621 -0.0341704 
v -0.282043 0.0201787 -0.0380821 
v -0.28847 0.0475862 -0.0647033 
v -0.284025 0.0546317 -0.056477 
v -0.287661 0.0501818 -0.0637211 
v -0.281376 0.0200814 -0.0363962 
v -0.278046 0.0278073 -0.0311915 
v -0.282475 0.0187899 -0.0386076 
v -0.286508 0.0478158 -0.0599439 
v -0.287754 0.0484276 -0.0632627 
v -0.287854 0.0481526 -0.0634025 
v -0.26658 0.0655828 -0.0176496 
v -0.271482 0.0590351 -0.0272005 
v -0.271406 0.0588551 -0.0269417 
v -0.271692 0.0592058 -0.0277859 
v -0.271579 0.0591539 -0.0274863 
v -0.271816 0.0591885 -0.0280852 
v -0.287586 0.0493697 -0.0632186 
v -0.27251 0.0569588 -0.0289288 
v -0.272522 0.0572501 -0.0290711 
v -0.281452 0.0202615 -0.036655 
v -0.288575 0.047672 -0.0649977 
v -0.287911 0.039908 -0.060314 
v -0.287679 0.0419083 -0.0605258 
v -0.287673 0.0487317 -0.0631834 
v -0.287617 0.0490507 -0.0631685 
v -0.27459 0.0150386 -0.0176496 
v -0.281684 0.0178192 -0.0362716 
v -0.281809 0.0176391 -0.0365105 
v -0.271354 0.0586221 -0.0267221 
v -0.272072 0.0589523 -0.0286276 
v -0.271944 0.0591026 -0.0283702 
v -0.288328 0.0502791 -0.065407 
v -0.2882 0.0504294 -0.0651496 
v -0.28876 0.0488902 -0.0659325 
v -0.288717 0.0492112 -0.0659502 
v -0.274205 0.0560094 -0.0327455 
v -0.273557 0.0531049 -0.0300076 
v -0.272471 0.0567034 -0.0287328 
v -0.272095 0.0562421 -0.0276226 
v -0.272214 0.0562594 -0.0279238 
v -0.273242 0.0496769 -0.0278862 
v -0.273275 0.0458856 -0.0264804 
v -0.271839 0.0564128 -0.027056 
v -0.271968 0.056294 -0.0273287 
v -0.281324 0.0198484 -0.0361766 
v -0.28248 0.0181852 -0.0383834 
v -0.282492 0.0184764 -0.0385257 
v -0.288094 0.0477395 -0.0638354 
v -0.287366 0.0439087 -0.0605344 
v -0.281938 0.0175203 -0.0367833 
v -0.282065 0.0174684 -0.0370771 
v -0.281569 0.0180522 -0.0360776 
v -0.271329 0.0583471 -0.0265519 
v -0.272302 0.0584891 -0.0290132 
v -0.288071 0.0505152 -0.0648646 
v -0.272407 0.0564956 -0.0284922 
v -0.275154 0.0582545 -0.0359717 
v -0.27232 0.0563453 -0.0282182 
v -0.271598 0.0568258 -0.0266231 
v -0.271714 0.0565928 -0.026817 
v -0.281299 0.0195735 -0.0360064 
v -0.276607 0.0307117 -0.0287737 
v -0.287969 0.0479196 -0.0635965 
v -0.281468 0.0183272 -0.0359378 
v -0.271361 0.057724 -0.026389 
v -0.272193 0.0587445 -0.0288453 
v -0.288557 0.0498158 -0.0657926 
v -0.288449 0.0500713 -0.0656247 
v -0.288648 0.0495246 -0.0659028 
v -0.288766 0.0482856 -0.0657083 
v -0.288777 0.0485768 -0.0658506 
v -0.271498 0.0571008 -0.0264832 
v -0.288662 0.0478224 -0.0652716 
v -0.282377 0.017722 -0.0379467 
v -0.282442 0.0179297 -0.0381873 
v -0.282185 0.0174858 -0.0373783 
v -0.28229 0.0175716 -0.0376728 
v -0.281332 0.0189503 -0.0358436 
v -0.281388 0.0186313 -0.0358585 
v -0.271331 0.058043 -0.0264391 
v -0.275358 0.0341398 -0.0270301 
v -0.273652 0.0419083 -0.0258559 
v -0.288727 0.0480301 -0.0655123 
v -0.271418 0.0574049 -0.026404 
v -0.281301 0.0192693 -0.0358937 
v -0.274358 0.0379311 -0.0260421 
vn -0.917156 0.145352 0.371075 
vn -0.917156 0.145352 0.371075 
vn -0.917156 0.145352 0.371075 
vn -0.917156 0.145352 0.371075 
vn -0.917156 0.145352 0.371075 
vn -0.917156 0.145352 0.371075 
vn -0.917156 0.145352 0.371075 
vn -0.917156 0.145352 0.371075 
vn -0.917156 0.145352 0.371075 
vn -0.917156 0.145352 0.371075 
vn -0.917156 0.145352 0.371075 
vn -0.917156 0.145352 0.371075 
vn -0.917156 0.145352 0.371075 
vn -0.917156 0.145352 0.371075 
vn -0.917156 0.145352 0.371075 
vn -0.917156 0.145352 0.371075 
vn -0.917156 0.145352 0.371075 
vn -0.917156 0.145352 0.371075 
vn -0.917156 0.145352 0.371075 
vn -0.917156 0.145352 0.371075 
vn -0.917156 0.145352 0.371075 
vn -0.917156 0.145352 0.371075 
vn -0.917156 0.145352 0.371075 
vn -0.917156 0.145352 0.371075 
vn -0.917156 0.145352 0.371075 
vn -0.917156 0.145352 0.371075 
vn -0.917156 0.145352 0.371075 
vn -0.917156 0.145352 0.371075 
vn -0.917156 0.145352 0.371075 
vn -0.917156 0.145352 0.371075 
vn -0.917156 0.145352 0.371075 
vn -0.917156 0.145352 0.371075 
vn -0.917156 0.145352 0.371075 
vn -0.917156 0.145352 0.371075 
vn -0.917156 0.145352 0.371075 
vn -0.917156 0.145352 0.371075 
vn -0.917156 0.145352 0.371075 
vn -0.917156 0.145352 0.371075 
vn -0.917156 0.145352 0.371075 
vn -0.917156 0.145352 0.371075 
vn -0.917156 0.145352 0.371075 
vn -0.917156 0.145352 0.371075 
vn -0.917156 0.145352 0.371075 
vn -0.917156 0.145352 0.371075 
vn -0.917156 0.145352 0.371075 
vn -0.917156 0.145352 0.371075 
vn -0.917156 0.145352 0.371075 
vn -0.917156 0.145352 0.371075 
vn -0.917156 0.145352 0.371075 
vn -0.917156 0.145352 0.371075 
vn -0.917156 0.145352 0.371075 
vn -0.917156 0.145352 0.371075 
vn -0.917156 0.145352 0.371075 
vn -0.917156 0.145352 0.371075 
vn -0.917156 0.145352 0.371075 
vn -0.917156 0.145352 0.371075 
vn -0.917156 0.145352 0.371075 
vn -0.917156 0.145352 0.371075 
vn -0.917156 0.145352 0.371075 
vn -0.917156 0.145352 0.371075 
vn -0.917156 0.145352 0.371075 
vn -0.917156 0.145352 0.371075 
vn -0.917156 0.145352 0.371075 
vn -0.917156 0.145352 0.371075 
vn -0.917156 0.145352 0.371075 
vn -0.917156 0.145352 0.371075 
vn -0.917156 0.145352 0.371075 
vn -0.917156 0.145352 0.371075 
vn -0.917156 0.145352 0.371075 
vn -0.917156 0.145352 0.371075 
vn -0.917156 0.145352 0.371075 
vn -0.917156 0.145352 0.371075 
vn -0.917156 0.145352 0.371075 
vn -0.917156 0.145352 0.371075 
vn -0.917156 0.145352 0.371075 
vn -0.917156 0.145352 0.371075 
vn -0.917156 0.145352 0.371075 
vn -0.917156 0.145352 0.371075 
vn -0.917156 0.145352 0.371075 
vn -0.917156 0.145352 0.371075 
vn -0.917156 0.145352 0.371075 
vn -0.917156 0.145352 0.371075 
vn -0.917156 0.145352 0.371075 
vn -0.917156 0.145352 0.371075 
vn -0.917156 0.145352 0.371075 
vn -0.917156 0.145352 0.371075 
vn -0.917156 0.145352 0.371075 
vn -0.917156 0.145352 0.371075 
vn -0.917156 0.145352 0.371075 
vn -0.917156 0.145352 0.371075 
vn -0.917156 0.145352 0.371075 
vn -0.917156 0.145352 0.371075 
vn -0.917156 0.145352 0.371075 
vn -0.917156 0.145352 0.371075 
vn -0.917156 0.145352 0.371075 
vn -0.917156 0.145352 0.371075 
vn -0.917156 0.145352 0.371075 
vn -0.917156 0.145352 0.371075 
vn -0.917156 0.145352 0.371075 
vn -0.917156 0.145352 0.371075 
vn -0.917156 0.145352 0.371075 
vn -0.917156 0.145352 0.371075 
vn -0.917156 0.145352 0.371075 
vn -0.917156 0.145352 0.371075 
vn -0.917156 0.145352 0.371075 
vn -0.917156 0.145352 0.371075 
vn -0.917156 0.145352 0.371075 
vn -0.917156 0.145352 0.371075 
vn -0.917156 0.145352 0.371075 
vn -0.917156 0.145352 0.371075 
vn -0.917156 0.145352 0.371075 
vn -0.917156 0.145352 0.371075 
vn -0.917156 0.145352 0.371075 
vn -0.917156 0.145352 0.371075 
vn -0.917156 0.145352 0.371075 
vn -0.917156 0.145352 0.371075 
vn -0.917156 0.145352 0.371075 
vn -0.917156 0.145352 0.371075 
vn -0.917156 0.145352 0.371075 
vn -0.917156 0.145352 0.371075 
vn -0.917156 0.145352 0.371075 
f 61//61 62//62 63//63 
f 62//62 64//64 63//63 
f 63//63 65//65 61//61 
f 66//66 67//67 68//68 
f 67//67 69//69 70//70 
f 62//62 71//71 64//64 
f 62//62 72//72 73//73 
f 74//74 75//75 76//76 
f 77//77 74//74 72//72 
f 67//67 78//78 68//68 
f 70//70 79//79 67//67 
f 80//80 81//81 82//82 
f 75//75 83//83 81//81 
f 73//73 71//71 62//62 
f 72//72 62//62 77//77 
f 68//68 84//84 85//85 
f 67//67 86//86 69//69 
f 80//80 87//87 88//88 
f 82//82 89//89 80//80 
f 81//81 76//76 75//75 
f 76//76 72//72 74//74 
f 90//90 91//91 92//92 
f 67//67 93//93 78//78 
f 79//79 94//94 67//67 
f 88//88 95//95 80//80 
f 81//81 96//96 82//82 
f 61//61 97//97 62//62 
f 98//98 99//99 90//90 
f 94//94 93//93 67//67 
f 100//100 101//101 95//95 
f 89//89 87//87 80//80 
f 62//62 102//102 77//77 
f 103//103 104//104 105//105 
f 106//106 107//107 108//108 
f 106//106 109//109 110//110 
f 106//106 67//67 111//111 
f 92//92 91//91 112//112 
f 92//92 98//98 90//90 
f 68//68 85//85 66//66 
f 68//68 113//113 114//114 
f 95//95 115//115 100//100 
f 62//62 97//97 116//116 
f 83//83 96//96 81//81 
f 65//65 117//117 118//118 
f 103//103 119//119 104//104 
f 103//103 92//92 120//120 
f 121//121 122//122 123//123 
f 108//108 124//124 106//106 
f 111//111 109//109 106//106 
f 67//67 125//125 126//126 
f 98//98 79//79 99//99 
f 114//114 84//84 68//68 
f 67//67 127//127 128//128 
f 62//62 129//129 130//130 
f 131//131 132//132 133//133 
f 134//134 135//135 136//136 
f 137//137 138//138 139//139 
f 100//100 140//140 101//101 
f 88//88 115//115 95//95 
f 62//62 141//141 142//142 
f 65//65 63//63 117//117 
f 143//143 118//118 144//144 
f 120//120 119//119 103//103 
f 121//121 145//145 146//146 
f 121//121 147//147 122//122 
f 124//124 148//148 106//106 
f 126//126 111//111 67//67 
f 67//67 66//66 149//149 
f 70//70 99//99 79//79 
f 128//128 150//150 67//67 
f 130//130 67//67 62//62 
f 132//132 151//151 133//133 
f 113//113 68//68 152//152 
f 135//135 153//153 132//132 
f 139//139 134//134 137//137 
f 137//137 154//154 155//155 
f 156//156 157//157 101//101 
f 142//142 102//102 62//62 
f 144//144 158//158 143//143 
f 105//105 144//144 103//103 
f 146//146 62//62 121//121 
f 121//121 159//159 147//147 
f 106//106 160//160 137//137 
f 110//110 107//107 106//106 
f 149//149 161//161 67//67 
f 150//150 86//86 67//67 
f 67//67 162//162 163//163 
f 130//130 164//164 67//67 
f 62//62 165//165 166//166 
f 152//152 131//131 113//113 
f 136//136 137//137 134//134 
f 137//137 167//167 154//154 
f 121//121 157//157 156//156 
f 116//116 168//168 62//62 
f 105//105 158//158 144//144 
f 62//62 169//169 170//170 
f 62//62 171//171 172//172 
f 123//123 145//145 121//121 
f 121//121 173//173 174//174 
f 106//106 175//175 160//160 
f 161//161 125//125 67//67 
f 163//163 127//127 67//67 
f 166//166 129//129 62//62 
f 132//132 153//153 151//151 
f 155//155 138//138 137//137 
f 121//121 176//176 157//157 
f 121//121 106//106 177//177 
f 62//62 168//168 178//178 
f 118//118 143//143 65//65 
f 172//172 169//169 62//62 
f 174//174 159//159 121//121 
f 148//148 175//175 106//106 
f 164//164 162//162 67//67 
f 132//132 136//136 135//135 
f 137//137 160//160 179//179 
f 156//156 180//180 121//121 
f 177//177 181//181 121//121 
f 140//140 156//156 101//101 
f 146//146 171//171 62//62 
f 112//112 120//120 92//92 
f 179//179 167//167 137//137 
f 181//181 176//176 121//121 
f 170//170 141//141 62//62 
f 133//133 113//113 131//131 
f 178//178 165//165 62//62 
f 180//180 173//173 121//121 
f 137//137 177//177 106//106 
o mesh4381
v -0.271839 0.0146026 -0.0187629 
v -0.263829 0.0651468 -0.0187629 
v -0.26658 0.0655828 -0.0176496 
v -0.27459 0.0150386 -0.0176496 
vn 0.366501 -0.0580836 0.928603 
vn 0.366501 -0.0580836 0.928603 
vn 0.366501 -0.0580836 0.928603 
vn 0.366501 -0.0580836 0.928603 
f 182//182 183//183 184//184 
f 184//184 185//185 182//182 
o mesh4382
v -0.283986 0.0683414 -0.069836 
v -0.291996 0.0177972 -0.069836 
v -0.294748 0.0182332 -0.0687228 
v -0.286738 0.0687774 -0.0687228 
vn -0.366501 0.0580836 -0.928603 
vn -0.366501 0.0580836 -0.928603 
vn -0.366501 0.0580836 -0.928603 
vn -0.366501 0.0580836 -0.928603 
f 186//186 187//187 188//188 
f 188//188 189//189 186//186 
o mesh4383
v -0.287673 0.0487317 -0.0631834 
v -0.287617 0.0490507 -0.0631685 
v -0.284865 0.0486146 -0.0642817 
v -0.287754 0.0484276 -0.0632627 
v -0.284922 0.0482956 -0.0642966 
v -0.287854 0.0481526 -0.0634025 
v -0.285002 0.0479915 -0.0643759 
v -0.287969 0.0479196 -0.0635965 
v -0.285102 0.0477165 -0.0645158 
v -0.288094 0.0477395 -0.0638354 
v -0.285218 0.0474835 -0.0647097 
v -0.288223 0.0476207 -0.0641082 
v -0.285343 0.0473035 -0.0649486 
v -0.288351 0.0475688 -0.0644021 
v -0.285472 0.0471847 -0.0652214 
v -0.28847 0.0475862 -0.0647033 
v -0.285599 0.0471328 -0.0655153 
v -0.288575 0.047672 -0.0649977 
v -0.285718 0.0471501 -0.0658165 
v -0.288662 0.0478224 -0.0652716 
v -0.285824 0.047236 -0.0661109 
v -0.288727 0.0480301 -0.0655123 
v -0.285911 0.0473863 -0.0663849 
v -0.288766 0.0482856 -0.0657083 
v -0.285975 0.0475941 -0.0666255 
v -0.288777 0.0485768 -0.0658506 
v -0.286014 0.0478495 -0.0668215 
v -0.28876 0.0488902 -0.0659325 
v -0.286025 0.0481408 -0.0669638 
v -0.288717 0.0492112 -0.0659502 
v -0.286009 0.0484542 -0.0670457 
v -0.288648 0.0495246 -0.0659028 
v -0.285965 0.0487751 -0.0670634 
v -0.288557 0.0498158 -0.0657926 
v -0.285896 0.0490885 -0.067016 
v -0.288449 0.0500713 -0.0656247 
v -0.285806 0.0493798 -0.0669058 
v -0.288328 0.0502791 -0.065407 
v -0.285697 0.0496352 -0.066738 
v -0.2882 0.0504294 -0.0651496 
v -0.285576 0.049843 -0.0665202 
v -0.288071 0.0505152 -0.0648646 
v -0.285448 0.0499933 -0.0662629 
v -0.287947 0.0505326 -0.0645654 
v -0.285319 0.0500792 -0.0659779 
v -0.287834 0.0504807 -0.0642658 
v -0.285196 0.0500965 -0.0656786 
v -0.287737 0.0503619 -0.0639799 
v -0.285083 0.0500446 -0.065379 
v -0.287661 0.0501818 -0.0637211 
v -0.284986 0.0499258 -0.0650931 
v -0.287609 0.0499488 -0.0635015 
v -0.28491 0.0497457 -0.0648344 
v -0.287584 0.0496738 -0.0633313 
v -0.284858 0.0495128 -0.0646147 
v -0.287586 0.0493697 -0.0632186 
v -0.284832 0.0492378 -0.0644446 
v -0.284835 0.0489337 -0.0643318 
vn -0.337324 0.212687 -0.917048 
vn -0.375058 1.40946e-14 -0.927001 
vn -0.375058 1.40946e-14 -0.927001 
vn -0.283817 0.41543 -0.864214 
vn -0.337324 0.212687 -0.917048 
vn -0.217039 0.598747 -0.770971 
vn -0.283817 0.41543 -0.864214 
vn -0.140113 0.754068 -0.641678 
vn -0.217039 0.598747 -0.770971 
vn -0.0566347 0.874129 -0.48238 
vn -0.140113 0.754068 -0.641678 
vn 0.0294915 0.953317 -0.300528 
vn -0.0566347 0.874129 -0.48238 
vn 0.114239 0.987929 -0.104622 
vn 0.0294915 0.953317 -0.300528 
vn 0.193644 0.976346 0.0961747 
vn 0.114239 0.987929 -0.104622 
vn 0.263995 0.919111 0.292475 
vn 0.193644 0.976346 0.0961747 
vn 0.322002 0.818899 0.475099 
vn 0.263995 0.919111 0.292475 
vn 0.364952 0.680396 0.635508 
vn 0.322002 0.818899 0.475099 
vn 0.390838 0.510079 0.766202 
vn 0.364952 0.680396 0.635508 
vn 0.398449 0.315911 0.861069 
vn 0.390838 0.510079 0.766202 
vn 0.387428 0.106971 0.915673 
vn 0.398449 0.315911 0.861069 
vn 0.358292 -0.106971 0.927461 
vn 0.387428 0.106971 0.915673 
vn 0.312402 -0.315911 0.895882 
vn 0.358292 -0.106971 0.927461 
vn 0.251905 -0.510079 0.822413 
vn 0.312402 -0.315911 0.895882 
vn 0.179629 -0.680396 0.710489 
vn 0.251905 -0.510079 0.822413 
vn 0.0989538 -0.818899 0.565343 
vn 0.179629 -0.680396 0.710489 
vn 0.0136516 -0.919111 0.393762 
vn 0.0989538 -0.818899 0.565343 
vn -0.0722889 -0.976346 0.203769 
vn 0.0136516 -0.919111 0.393762 
vn -0.154849 -0.987929 0.00424877 
vn -0.0722889 -0.976346 0.203769 
vn -0.230169 -0.953317 -0.195471 
vn -0.154849 -0.987929 0.00424877 
vn -0.294726 -0.874129 -0.38605 
vn -0.230169 -0.953317 -0.195471 
vn -0.345503 -0.754068 -0.558578 
vn -0.294726 -0.874129 -0.38605 
vn -0.380124 -0.598747 -0.704988 
vn -0.345503 -0.754068 -0.558578 
vn -0.39697 -0.41543 -0.818433 
vn -0.380124 -0.598747 -0.704988 
vn -0.395255 -0.212687 -0.893609 
vn -0.39697 -0.41543 -0.818433 
vn -0.395255 -0.212687 -0.893609 
f 190//190 191//191 192//192 
f 193//193 190//190 194//194 
f 195//195 193//193 196//196 
f 197//197 195//195 198//198 
f 199//199 197//197 200//200 
f 201//201 199//199 202//202 
f 203//203 201//201 204//204 
f 205//205 203//203 206//206 
f 207//207 205//205 208//208 
f 209//209 207//207 210//210 
f 211//211 209//209 212//212 
f 213//213 211//211 214//214 
f 215//215 213//213 216//216 
f 217//217 215//215 218//218 
f 219//219 217//217 220//220 
f 221//221 219//219 222//222 
f 223//223 221//221 224//224 
f 225//225 223//223 226//226 
f 227//227 225//225 228//228 
f 229//229 227//227 230//230 
f 231//231 229//229 232//232 
f 233//233 231//231 234//234 
f 235//235 233//233 236//236 
f 237//237 235//235 238//238 
f 239//239 237//237 240//240 
f 241//241 239//239 242//242 
f 243//243 241//241 244//244 
f 245//245 243//243 246//246 
f 191//191 245//245 247//247 
f 247//247 192//192 191//191 
f 246//246 247//247 245//245 
f 244//244 246//246 243//243 
f 242//242 244//244 241//241 
f 240//240 242//242 239//239 
f 238//238 240//240 237//237 
f 236//236 238//238 235//235 
f 234//234 236//236 233//233 
f 232//232 234//234 231//231 
f 230//230 232//232 229//229 
f 228//228 230//230 227//227 
f 226//226 228//228 225//225 
f 224//224 226//226 223//223 
f 222//222 224//224 221//221 
f 220//220 222//222 219//219 
f 218//218 220//220 217//217 
f 216//216 218//218 215//215 
f 214//214 216//216 213//213 
f 212//212 214//214 211//211 
f 210//210 212//212 209//209 
f 208//208 210//210 207//207 
f 206//206 208//208 205//205 
f 204//204 206//206 203//203 
f 202//202 204//204 201//201 
f 200//200 202//202 199//199 
f 198//198 200//200 197//197 
f 196//196 198//198 195//195 
f 194//194 196//196 193//193 
f 192//192 194//194 190//190 
o mesh4384
v -0.271418 0.0574049 -0.026404 
v -0.271361 0.057724 -0.026389 
v -0.26861 0.0572879 -0.0275023 
v -0.271498 0.0571008 -0.0264832 
v -0.268667 0.0569689 -0.0275172 
v -0.271598 0.0568258 -0.0266231 
v -0.268747 0.0566648 -0.0275964 
v -0.271714 0.0565928 -0.026817 
v -0.268847 0.0563898 -0.0277363 
v -0.271839 0.0564128 -0.027056 
v -0.268962 0.0561568 -0.0279302 
v -0.271968 0.056294 -0.0273287 
v -0.269088 0.0559767 -0.0281692 
v -0.272095 0.0562421 -0.0276226 
v -0.269217 0.0558579 -0.028442 
v -0.272214 0.0562594 -0.0279238 
v -0.269344 0.055806 -0.0287358 
v -0.27232 0.0563453 -0.0282182 
v -0.269463 0.0558234 -0.029037 
v -0.272407 0.0564956 -0.0284922 
v -0.269569 0.0559092 -0.0293315 
v -0.272471 0.0567034 -0.0287328 
v -0.269656 0.0560595 -0.0296054 
v -0.27251 0.0569588 -0.0289288 
v -0.26972 0.0562673 -0.029846 
v -0.272522 0.0572501 -0.0290711 
v -0.269759 0.0565228 -0.0300421 
v -0.272505 0.0575635 -0.029153 
v -0.26977 0.056814 -0.0301844 
v -0.272461 0.0578844 -0.0291707 
v -0.269754 0.0571274 -0.0302663 
v -0.272393 0.0581978 -0.0291234 
v -0.26971 0.0574484 -0.030284 
v -0.272302 0.0584891 -0.0290132 
v -0.269641 0.0577618 -0.0302366 
v -0.272193 0.0587445 -0.0288453 
v -0.26955 0.058053 -0.0301264 
v -0.272072 0.0589523 -0.0286276 
v -0.269442 0.0583085 -0.0299585 
v -0.271944 0.0591026 -0.0283702 
v -0.269321 0.0585162 -0.0297408 
v -0.271816 0.0591885 -0.0280852 
v -0.269193 0.0586666 -0.0294834 
v -0.271692 0.0592058 -0.0277859 
v -0.269064 0.0587524 -0.0291984 
v -0.271579 0.0591539 -0.0274863 
v -0.26894 0.0587698 -0.0288991 
v -0.271482 0.0590351 -0.0272005 
v -0.268827 0.0587179 -0.0285996 
v -0.271406 0.0588551 -0.0269417 
v -0.26873 0.0585991 -0.0283137 
v -0.271354 0.0586221 -0.0267221 
v -0.268654 0.058419 -0.0280549 
v -0.271329 0.0583471 -0.0265519 
v -0.268602 0.058186 -0.0278353 
v -0.271331 0.058043 -0.0264391 
v -0.268577 0.057911 -0.0276651 
v -0.26858 0.0576069 -0.0275523 
vn -0.337324 0.212687 -0.917048 
vn -0.375058 1.82507e-14 -0.927001 
vn -0.375058 1.82507e-14 -0.927001 
vn -0.283817 0.41543 -0.864214 
vn -0.337324 0.212687 -0.917048 
vn -0.217039 0.598747 -0.770971 
vn -0.283817 0.41543 -0.864214 
vn -0.140113 0.754068 -0.641678 
vn -0.217039 0.598747 -0.770971 
vn -0.0566347 0.874129 -0.48238 
vn -0.140113 0.754068 -0.641678 
vn 0.0294915 0.953317 -0.300528 
vn -0.0566347 0.874129 -0.48238 
vn 0.114239 0.987929 -0.104622 
vn 0.0294915 0.953317 -0.300528 
vn 0.193644 0.976346 0.0961747 
vn 0.114239 0.987929 -0.104622 
vn 0.263995 0.919111 0.292475 
vn 0.193644 0.976346 0.0961747 
vn 0.322002 0.818899 0.475099 
vn 0.263995 0.919111 0.292475 
vn 0.364952 0.680396 0.635508 
vn 0.322002 0.818899 0.475099 
vn 0.390838 0.510079 0.766202 
vn 0.364952 0.680396 0.635508 
vn 0.398449 0.315911 0.861069 
vn 0.390838 0.510079 0.766202 
vn 0.387428 0.106971 0.915673 
vn 0.398449 0.315911 0.861069 
vn 0.358292 -0.106971 0.927461 
vn 0.387428 0.106971 0.915673 
vn 0.312402 -0.315911 0.895882 
vn 0.358292 -0.106971 0.927461 
vn 0.251905 -0.510079 0.822413 
vn 0.312402 -0.315911 0.895882 
vn 0.179629 -0.680396 0.710489 
vn 0.251905 -0.510079 0.822413 
vn 0.0989538 -0.818899 0.565343 
vn 0.179629 -0.680396 0.710489 
vn 0.0136516 -0.919111 0.393762 
vn 0.0989538 -0.818899 0.565343 
vn -0.0722889 -0.976346 0.203769 
vn 0.0136516 -0.919111 0.393762 
vn -0.154849 -0.987929 0.00424877 
vn -0.0722889 -0.976346 0.203769 
vn -0.230169 -0.953317 -0.195471 
vn -0.154849 -0.987929 0.00424877 
vn -0.294726 -0.874129 -0.38605 
vn -0.230169 -0.953317 -0.195471 
vn -0.345503 -0.754068 -0.558578 
vn -0.294726 -0.874129 -0.38605 
vn -0.380124 -0.598747 -0.704988 
vn -0.345503 -0.754068 -0.558578 
vn -0.39697 -0.41543 -0.818433 
vn -0.380124 -0.598747 -0.704988 
vn -0.395255 -0.212687 -0.893609 
vn -0.39697 -0.41543 -0.818433 
vn -0.395255 -0.212687 -0.893609 
f 248//248 249//249 250//250 
f 251//251 248//248 252//252 
f 253//253 251//251 254//254 
f 255//255 253//253 256//256 
f 257//257 255//255 258//258 
f 259//259 257//257 260//260 
f 261//261 259//259 262//262 
f 263//263 261//261 264//264 
f 265//265 263//263 266//266 
f 267//267 265//265 268//268 
f 269//269 267//267 270//270 
f 271//271 269//269 272//272 
f 273//273 271//271 274//274 
f 275//275 273//273 276//276 
f 277//277 275//275 278//278 
f 279//279 277//277 280//280 
f 281//281 279//279 282//282 
f 283//283 281//281 284//284 
f 285//285 283//283 286//286 
f 287//287 285//285 288//288 
f 289//289 287//287 290//290 
f 291//291 289//289 292//292 
f 293//293 291//291 294//294 
f 295//295 293//293 296//296 
f 297//297 295//295 298//298 
f 299//299 297//297 300//300 
f 301//301 299//299 302//302 
f 303//303 301//301 304//304 
f 249//249 303//303 305//305 
f 305//305 250//250 249//249 
f 304//304 305//305 303//303 
f 302//302 304//304 301//301 
f 300//300 302//302 299//299 
f 298//298 300//300 297//297 
f 296//296 298//298 295//295 
f 294//294 296//296 293//293 
f 292//292 294//294 291//291 
f 290//290 292//292 289//289 
f 288//288 290//290 287//287 
f 286//286 288//288 285//285 
f 284//284 286//286 283//283 
f 282//282 284//284 281//281 
f 280//280 282//282 279//279 
f 278//278 280//280 277//277 
f 276//276 278//278 275//275 
f 274//274 276//276 273//273 
f 272//272 274//274 271//271 
f 270//270 272//272 269//269 
f 268//268 270//270 267//267 
f 266//266 268//268 265//265 
f 264//264 266//266 263//263 
f 262//262 264//264 261//261 
f 260//260 262//262 259//259 
f 258//258 260//260 257//257 
f 256//256 258//258 255//255 
f 254//254 256//256 253//253 
f 252//252 254//254 251//251 
f 250//250 252//252 248//248 
o mesh4385
v -0.281388 0.0186313 -0.0358585 
v -0.281332 0.0189503 -0.0358436 
v -0.27858 0.0185143 -0.0369568 
v -0.281468 0.0183272 -0.0359378 
v -0.278637 0.0181952 -0.0369717 
v -0.281569 0.0180522 -0.0360776 
v -0.278717 0.0178911 -0.037051 
v -0.281684 0.0178192 -0.0362716 
v -0.278817 0.0176161 -0.0371908 
v -0.281809 0.0176391 -0.0365105 
v -0.278932 0.0173832 -0.0373848 
v -0.281938 0.0175203 -0.0367833 
v -0.279058 0.0172031 -0.0376237 
v -0.282065 0.0174684 -0.0370771 
v -0.279187 0.0170843 -0.0378965 
v -0.282185 0.0174858 -0.0373783 
v -0.279314 0.0170324 -0.0381904 
v -0.28229 0.0175716 -0.0376728 
v -0.279433 0.0170497 -0.0384916 
v -0.282377 0.017722 -0.0379467 
v -0.279539 0.0171356 -0.038786 
v -0.282442 0.0179297 -0.0381873 
v -0.279626 0.0172859 -0.03906 
v -0.28248 0.0181852 -0.0383834 
v -0.27969 0.0174937 -0.0393006 
v -0.282492 0.0184764 -0.0385257 
v -0.279729 0.0177491 -0.0394966 
v -0.282475 0.0187899 -0.0386076 
v -0.27974 0.0180404 -0.0396389 
v -0.282432 0.0191108 -0.0386253 
v -0.279724 0.0183538 -0.0397208 
v -0.282363 0.0194242 -0.0385779 
v -0.27968 0.0186747 -0.0397385 
v -0.282272 0.0197154 -0.0384677 
v -0.279611 0.0189881 -0.0396911 
v -0.282164 0.0199709 -0.0382998 
v -0.279521 0.0192794 -0.0395809 
v -0.282043 0.0201787 -0.0380821 
v -0.279412 0.0195348 -0.039413 
v -0.281915 0.020329 -0.0378247 
v -0.279291 0.0197426 -0.0391953 
v -0.281786 0.0204148 -0.0375397 
v -0.279163 0.0198929 -0.0389379 
v -0.281662 0.0204322 -0.0372405 
v -0.279034 0.0199788 -0.038653 
v -0.281549 0.0203803 -0.0369409 
v -0.27891 0.0199961 -0.0383537 
v -0.281452 0.0202615 -0.036655 
v -0.278797 0.0199442 -0.0380541 
v -0.281376 0.0200814 -0.0363962 
v -0.278701 0.0198254 -0.0377682 
v -0.281324 0.0198484 -0.0361766 
v -0.278624 0.0196454 -0.0375094 
v -0.281299 0.0195735 -0.0360064 
v -0.278572 0.0194124 -0.0372898 
v -0.281301 0.0192693 -0.0358937 
v -0.278547 0.0191374 -0.0371197 
v -0.27855 0.0188333 -0.0370069 
vn -0.337324 0.212687 -0.917048 
vn -0.375058 1.81062e-14 -0.927001 
vn -0.375058 1.81062e-14 -0.927001 
vn -0.283817 0.41543 -0.864214 
vn -0.337324 0.212687 -0.917048 
vn -0.217039 0.598747 -0.770971 
vn -0.283817 0.41543 -0.864214 
vn -0.140113 0.754068 -0.641678 
vn -0.217039 0.598747 -0.770971 
vn -0.0566347 0.874129 -0.48238 
vn -0.140113 0.754068 -0.641678 
vn 0.0294915 0.953317 -0.300528 
vn -0.0566347 0.874129 -0.48238 
vn 0.114239 0.987929 -0.104622 
vn 0.0294915 0.953317 -0.300528 
vn 0.193644 0.976346 0.0961747 
vn 0.114239 0.987929 -0.104622 
vn 0.263995 0.919111 0.292475 
vn 0.193644 0.976346 0.0961747 
vn 0.322002 0.818899 0.475099 
vn 0.263995 0.919111 0.292475 
vn 0.364952 0.680396 0.635508 
vn 0.322002 0.818899 0.475099 
vn 0.390838 0.510079 0.766202 
vn 0.364952 0.680396 0.635508 
vn 0.398449 0.315911 0.861069 
vn 0.390838 0.510079 0.766202 
vn 0.387428 0.106971 0.915673 
vn 0.398449 0.315911 0.861069 
vn 0.358292 -0.106971 0.927461 
vn 0.387428 0.106971 0.915673 
vn 0.312402 -0.315911 0.895882 
vn 0.358292 -0.106971 0.927461 
vn 0.251905 -0.510079 0.822413 
vn 0.312402 -0.315911 0.895882 
vn 0.179629 -0.680396 0.710489 
vn 0.251905 -0.510079 0.822413 
vn 0.0989538 -0.818899 0.565343 
vn 0.179629 -0.680396 0.710489 
vn 0.0136516 -0.919111 0.393762 
vn 0.0989538 -0.818899 0.565343 
vn -0.0722889 -0.976346 0.203769 
vn 0.0136516 -0.919111 0.393762 
vn -0.154849 -0.987929 0.00424877 
vn -0.0722889 -0.976346 0.203769 
vn -0.230169 -0.953317 -0.195471 
vn -0.154849 -0.987929 0.00424877 
vn -0.294726 -0.874129 -0.38605 
vn -0.230169 -0.953317 -0.195471 
vn -0.345503 -0.754068 -0.558578 
vn -0.294726 -0.874129 -0.38605 
vn -0.380124 -0.598747 -0.704988 
vn -0.345503 -0.754068 -0.558578 
vn -0.39697 -0.41543 -0.818433 
vn -0.380124 -0.598747 -0.704988 
vn -0.395255 -0.212687 -0.893609 
vn -0.39697 -0.41543 -0.818433 
vn -0.395255 -0.212687 -0.893609 
f 306//306 307//307 308//308 
f 309//309 306//306 310//310 
f 311//311 309//309 312//312 
f 313//313 311//311 314//314 
f 315//315 313//313 316//316 
f 317//317 315//315 318//318 
f 319//319 317//317 320//320 
f 321//321 319//319 322//322 
f 323//323 321//321 324//324 
f 325//325 323//323 326//326 
f 327//327 325//325 328//328 
f 329//329 327//327 330//330 
f 331//331 329//329 332//332 
f 333//333 331//331 334//334 
f 335//335 333//333 336//336 
f 337//337 335//335 338//338 
f 339//339 337//337 340//340 
f 341//341 339//339 342//342 
f 343//343 341//341 344//344 
f 345//345 343//343 346//346 
f 347//347 345//345 348//348 
f 349//349 347//347 350//350 
f 351//351 349//349 352//352 
f 353//353 351//351 354//354 
f 355//355 353//353 356//356 
f 357//357 355//355 358//358 
f 359//359 357//357 360//360 
f 361//361 359//359 362//362 
f 307//307 361//361 363//363 
f 363//363 308//308 307//307 
f 362//362 363//363 361//361 
f 360//360 362//362 359//359 
f 358//358 360//360 357//357 
f 356//356 358//358 355//355 
f 354//354 356//356 353//353 
f 352//352 354//354 351//351 
f 350//350 352//352 349//349 
f 348//348 350//350 347//347 
f 346//346 348//348 345//345 
f 344//344 346//346 343//343 
f 342//342 344//344 341//341 
f 340//340 342//342 339//339 
f 338//338 340//340 337//337 
f 336//336 338//338 335//335 
f 334//334 336//336 333//333 
f 332//332 334//334 331//331 
f 330//330 332//332 329//329 
f 328//328 330//330 327//327 
f 326//326 328//328 325//325 
f 324//324 326//326 323//323 
f 322//322 324//324 321//321 
f 320//320 322//322 319//319 
f 318//318 320//320 317//317 
f 316//316 318//318 315//315 
f 314//314 316//316 313//313 
f 312//312 314//314 311//311 
f 310//310 312//312 309//309 
f 308//308 310//310 306//306 
o mesh4386
v -0.270901 0.0414723 -0.0269692 
v -0.268962 0.0561568 -0.0279302 
v -0.268847 0.0563898 -0.0277363 
v -0.269463 0.0558234 -0.029037 
v -0.270491 0.0492408 -0.0289994 
v -0.270806 0.0526688 -0.0311208 
v -0.285343 0.0473035 -0.0649486 
v -0.285218 0.0474835 -0.0647097 
v -0.284614 0.0434726 -0.0616476 
v -0.279521 0.0192794 -0.0395809 
v -0.281535 0.0232146 -0.0461026 
v -0.280051 0.022998 -0.0423477 
v -0.278466 0.0236452 -0.0386842 
v -0.279034 0.0199788 -0.038653 
v -0.279163 0.0198929 -0.0389379 
v -0.277098 0.0173701 -0.0328451 
v -0.279124 0.0157572 -0.0372217 
v -0.278932 0.0173832 -0.0373848 
v -0.267689 0.0569325 -0.0250866 
v -0.271606 0.037495 -0.0271553 
v -0.269217 0.0558579 -0.028442 
v -0.269088 0.0559767 -0.0281692 
v -0.270523 0.0454495 -0.0275936 
v -0.269656 0.0560595 -0.0296054 
v -0.269569 0.0559092 -0.0293315 
v -0.284928 0.0414723 -0.061639 
v -0.285472 0.0471847 -0.0652214 
v -0.279412 0.0195348 -0.039413 
v -0.27891 0.0199961 -0.0383537 
v -0.278624 0.0196454 -0.0375094 
v -0.278701 0.0198254 -0.0377682 
v -0.276855 0.0251261 -0.0352836 
v -0.273206 0.0231289 -0.0254827 
v -0.278547 0.0191374 -0.0371197 
v -0.278572 0.0194124 -0.0372898 
v -0.278817 0.0176161 -0.0371908 
v -0.279187 0.0170843 -0.0378965 
v -0.279058 0.0172031 -0.0376237 
v -0.279433 0.0170497 -0.0384916 
v -0.279314 0.0170324 -0.0381904 
v -0.284715 0.0166432 -0.0513865 
v -0.279539 0.0171356 -0.038786 
v -0.268473 0.0608629 -0.028564 
v -0.26894 0.0587698 -0.0288991 
v -0.269064 0.0587524 -0.0291984 
v -0.269344 0.055806 -0.0287358 
v -0.285599 0.0471328 -0.0655153 
v -0.285824 0.047236 -0.0661109 
v -0.285718 0.0471501 -0.0658165 
v -0.288063 0.0254835 -0.0631255 
v -0.286014 0.0478495 -0.0668215 
v -0.285159 0.0394719 -0.0614272 
v -0.285975 0.0475941 -0.0666255 
v -0.285282 0.0597206 -0.0696612 
v -0.286009 0.0484542 -0.0670457 
v -0.279611 0.0189881 -0.0396911 
v -0.287273 0.0217864 -0.059724 
v -0.282851 0.0242849 -0.0497734 
v -0.278797 0.0199442 -0.0380541 
v -0.275294 0.0273712 -0.0323047 
v -0.273856 0.0302757 -0.0298869 
v -0.278717 0.0178911 -0.037051 
v -0.279626 0.0172859 -0.03906 
v -0.279729 0.0177491 -0.0394966 
v -0.27969 0.0174937 -0.0393006 
v -0.27968 0.0186747 -0.0397385 
v -0.279724 0.0183538 -0.0397208 
v -0.280898 0.062832 -0.0600442 
v -0.279765 0.0567857 -0.054876 
v -0.281273 0.0541957 -0.0575902 
v -0.278819 0.0654838 -0.0559452 
v -0.269641 0.0577618 -0.0302366 
v -0.27361 0.0592993 -0.0406488 
v -0.26971 0.0574484 -0.030284 
v -0.272403 0.0578185 -0.037085 
v -0.276704 0.0671874 -0.0513865 
v -0.26955 0.058053 -0.0301264 
v -0.271114 0.0663014 -0.0372217 
v -0.26963 0.0640275 -0.032663 
v -0.26873 0.0585991 -0.0283137 
v -0.268827 0.0587179 -0.0285996 
v -0.271453 0.0555733 -0.0338587 
v -0.269759 0.0565228 -0.0300421 
v -0.26972 0.0562673 -0.029846 
v -0.282858 0.0593366 -0.0635216 
v -0.285196 0.0500965 -0.0656786 
v -0.282625 0.0510107 -0.0596832 
v -0.283756 0.0473798 -0.0610571 
v -0.284865 0.0486146 -0.0642817 
v -0.285102 0.0477165 -0.0645158 
v -0.286025 0.0481408 -0.0669638 
v -0.284739 0.0287489 -0.0561881 
v -0.283936 0.0261589 -0.0531884 
v -0.285223 0.0319338 -0.0586321 
v -0.279291 0.0197426 -0.0391953 
v -0.272607 0.0337037 -0.0281433 
v -0.27858 0.0185143 -0.0369568 
v -0.275101 0.0198574 -0.0288842 
v -0.27974 0.0180404 -0.0396389 
v -0.286143 0.0188036 -0.0557631 
v -0.27817 0.0586596 -0.0516674 
v -0.275019 0.0599465 -0.0443835 
v -0.276563 0.0597299 -0.0481146 
v -0.269442 0.0583085 -0.0299585 
v -0.269193 0.0586666 -0.0294834 
v -0.268654 0.058419 -0.0280549 
v -0.268602 0.058186 -0.0278353 
v -0.268667 0.0569689 -0.0275172 
v -0.26861 0.0572879 -0.0275023 
v -0.285083 0.0500446 -0.065379 
v -0.28491 0.0497457 -0.0648344 
v -0.284986 0.0499258 -0.0650931 
v -0.284835 0.0489337 -0.0643318 
v -0.285002 0.0479915 -0.0643759 
v -0.284922 0.0482956 -0.0642966 
v -0.285911 0.0473863 -0.0663849 
v -0.290643 0.0258923 -0.0696612 
v -0.283986 0.0683414 -0.069836 
v -0.285365 0.0355647 -0.0604061 
v -0.278637 0.0181952 -0.0369717 
v -0.269321 0.0585162 -0.0297408 
v -0.268577 0.057911 -0.0276651 
v -0.268747 0.0566648 -0.0275964 
v -0.285319 0.0500792 -0.0659779 
v -0.285448 0.0499933 -0.0662629 
v -0.27855 0.0188333 -0.0370069 
v -0.26858 0.0576069 -0.0275523 
v -0.269754 0.0571274 -0.0302663 
v -0.26977 0.056814 -0.0301844 
v -0.285576 0.049843 -0.0665202 
v -0.285697 0.0496352 -0.066738 
v -0.284858 0.0495128 -0.0646147 
v -0.285806 0.0493798 -0.0669058 
v -0.285896 0.0490885 -0.067016 
v -0.284832 0.0492378 -0.0644446 
v -0.283917 0.0683304 -0.0696612 
v -0.26532 0.056557 -0.0190839 
v -0.270681 0.0227287 -0.0190839 
v -0.285965 0.0487751 -0.0670634 
v -0.271839 0.0146026 -0.0187629 
v -0.271966 0.0146227 -0.0190839 
v -0.291996 0.0177972 -0.069836 
v -0.263829 0.0651468 -0.0187629 
v -0.291927 0.0177862 -0.0696612 
v -0.263955 0.0651669 -0.0190839 
vn 0.917156 -0.145352 -0.371075 
vn 0.917156 -0.145352 -0.371075 
vn 0.917156 -0.145352 -0.371075 
vn 0.917156 -0.145352 -0.371075 
vn 0.917156 -0.145352 -0.371075 
vn 0.917156 -0.145352 -0.371075 
vn 0.917156 -0.145352 -0.371075 
vn 0.917156 -0.145352 -0.371075 
vn 0.917156 -0.145352 -0.371075 
vn 0.917156 -0.145352 -0.371075 
vn 0.917156 -0.145352 -0.371075 
vn 0.917156 -0.145352 -0.371075 
vn 0.917156 -0.145352 -0.371075 
vn 0.917156 -0.145352 -0.371075 
vn 0.917156 -0.145352 -0.371075 
vn 0.917156 -0.145352 -0.371075 
vn 0.917156 -0.145352 -0.371075 
vn 0.917156 -0.145352 -0.371075 
vn 0.917156 -0.145352 -0.371075 
vn 0.917156 -0.145352 -0.371075 
vn 0.917156 -0.145352 -0.371075 
vn 0.917156 -0.145352 -0.371075 
vn 0.917156 -0.145352 -0.371075 
vn 0.917156 -0.145352 -0.371075 
vn 0.917156 -0.145352 -0.371075 
vn 0.917156 -0.145352 -0.371075 
vn 0.917156 -0.145352 -0.371075 
vn 0.917156 -0.145352 -0.371075 
vn 0.917156 -0.145352 -0.371075 
vn 0.917156 -0.145352 -0.371075 
vn 0.917156 -0.145352 -0.371075 
vn 0.917156 -0.145352 -0.371075 
vn 0.917156 -0.145352 -0.371075 
vn 0.917156 -0.145352 -0.371075 
vn 0.917156 -0.145352 -0.371075 
vn 0.917156 -0.145352 -0.371075 
vn 0.917156 -0.145352 -0.371075 
vn 0.917156 -0.145352 -0.371075 
vn 0.917156 -0.145352 -0.371075 
vn 0.917156 -0.145352 -0.371075 
vn 0.917156 -0.145352 -0.371075 
vn 0.917156 -0.145352 -0.371075 
vn 0.917156 -0.145352 -0.371075 
vn 0.917156 -0.145352 -0.371075 
vn 0.917156 -0.145352 -0.371075 
vn 0.917156 -0.145352 -0.371075 
vn 0.917156 -0.145352 -0.371075 
vn 0.917156 -0.145352 -0.371075 
vn 0.917156 -0.145352 -0.371075 
vn 0.917156 -0.145352 -0.371075 
vn 0.917156 -0.145352 -0.371075 
vn 0.917156 -0.145352 -0.371075 
vn 0.917156 -0.145352 -0.371075 
vn 0.917156 -0.145352 -0.371075 
vn 0.917156 -0.145352 -0.371075 
vn 0.917156 -0.145352 -0.371075 
vn 0.917156 -0.145352 -0.371075 
vn 0.917156 -0.145352 -0.371075 
vn 0.917156 -0.145352 -0.371075 
vn 0.917156 -0.145352 -0.371075 
vn 0.917156 -0.145352 -0.371075 
vn 0.917156 -0.145352 -0.371075 
vn 0.917156 -0.145352 -0.371075 
vn 0.917156 -0.145352 -0.371075 
vn 0.917156 -0.145352 -0.371075 
vn 0.917156 -0.145352 -0.371075 
vn 0.917156 -0.145352 -0.371075 
vn 0.917156 -0.145352 -0.371075 
vn 0.917156 -0.145352 -0.371075 
vn 0.917156 -0.145352 -0.371075 
vn 0.917156 -0.145352 -0.371075 
vn 0.917156 -0.145352 -0.371075 
vn 0.917156 -0.145352 -0.371075 
vn 0.917156 -0.145352 -0.371075 
vn 0.917156 -0.145352 -0.371075 
vn 0.917156 -0.145352 -0.371075 
vn 0.917156 -0.145352 -0.371075 
vn 0.917156 -0.145352 -0.371075 
vn 0.917156 -0.145352 -0.371075 
vn 0.917156 -0.145352 -0.371075 
vn 0.917156 -0.145352 -0.371075 
vn 0.917156 -0.145352 -0.371075 
vn 0.917156 -0.145352 -0.371075 
vn 0.917156 -0.145352 -0.371075 
vn 0.917156 -0.145352 -0.371075 
vn 0.917156 -0.145352 -0.371075 
vn 0.917156 -0.145352 -0.371075 
vn 0.917156 -0.145352 -0.371075 
vn 0.917156 -0.145352 -0.371075 
vn 0.917156 -0.145352 -0.371075 
vn 0.917156 -0.145352 -0.371075 
vn 0.917156 -0.145352 -0.371075 
vn 0.917156 -0.145352 -0.371075 
vn 0.917156 -0.145352 -0.371075 
vn 0.917156 -0.145352 -0.371075 
vn 0.917156 -0.145352 -0.371075 
vn 0.917156 -0.145352 -0.371075 
vn 0.917156 -0.145352 -0.371075 
vn 0.917156 -0.145352 -0.371075 
vn 0.917156 -0.145352 -0.371075 
vn 0.917156 -0.145352 -0.371075 
vn 0.917156 -0.145352 -0.371075 
vn 0.917156 -0.145352 -0.371075 
vn 0.917156 -0.145352 -0.371075 
vn 0.917156 -0.145352 -0.371075 
vn 0.917156 -0.145352 -0.371075 
vn 0.917156 -0.145352 -0.371075 
vn 0.917156 -0.145352 -0.371075 
vn 0.917156 -0.145352 -0.371075 
vn 0.917156 -0.145352 -0.371075 
vn 0.917156 -0.145352 -0.371075 
vn 0.917156 -0.145352 -0.371075 
vn 0.917156 -0.145352 -0.371075 
vn 0.917156 -0.145352 -0.371075 
vn 0.917156 -0.145352 -0.371075 
vn 0.917156 -0.145352 -0.371075 
vn 0.917156 -0.145352 -0.371075 
vn 0.917156 -0.145352 -0.371075 
vn 0.917156 -0.145352 -0.371075 
vn 0.917156 -0.145352 -0.371075 
vn 0.917156 -0.145352 -0.371075 
vn 0.917156 -0.145352 -0.371075 
vn 0.917156 -0.145352 -0.371075 
vn 0.917156 -0.145352 -0.371075 
vn 0.917156 -0.145352 -0.371075 
vn 0.917156 -0.145352 -0.371075 
vn 0.917156 -0.145352 -0.371075 
vn 0.917156 -0.145352 -0.371075 
vn 0.917156 -0.145352 -0.371075 
vn 0.917156 -0.145352 -0.371075 
vn 0.917156 -0.145352 -0.371075 
vn 0.917156 -0.145352 -0.371075 
vn 0.917156 -0.145352 -0.371075 
vn 0.917156 -0.145352 -0.371075 
vn 0.917156 -0.145352 -0.371075 
vn 0.917156 -0.145352 -0.371075 
vn 0.917156 -0.145352 -0.371075 
vn 0.917156 -0.145352 -0.371075 
vn 0.917156 -0.145352 -0.371075 
vn 0.917156 -0.145352 -0.371075 
vn 0.917156 -0.145352 -0.371075 
vn 0.917156 -0.145352 -0.371075 
vn 0.917156 -0.145352 -0.371075 
vn 0.917156 -0.145352 -0.371075 
vn 0.917156 -0.145352 -0.371075 
f 364//364 365//365 366//366 
f 367//367 368//368 369//369 
f 370//370 371//371 372//372 
f 373//373 374//374 375//375 
f 376//376 377//377 378//378 
f 379//379 380//380 381//381 
f 382//382 383//383 364//364 
f 364//364 384//384 385//385 
f 384//384 364//364 386//386 
f 369//369 387//387 388//388 
f 389//389 390//390 370//370 
f 375//375 391//391 373//373 
f 376//376 392//392 377//377 
f 393//393 394//394 395//395 
f 396//396 397//397 398//398 
f 381//381 399//399 379//379 
f 380//380 400//400 401//401 
f 380//380 402//402 403//403 
f 380//380 404//404 405//405 
f 406//406 407//407 408//408 
f 366//366 382//382 364//364 
f 386//386 409//409 384//384 
f 369//369 388//388 367//367 
f 389//389 410//410 390//390 
f 389//389 411//411 412//412 
f 413//413 414//414 415//415 
f 415//415 414//414 416//416 
f 413//413 417//417 418//418 
f 373//373 419//419 374//374 
f 420//420 421//421 374//374 
f 376//376 422//422 392//392 
f 395//395 423//423 393//393 
f 398//398 424//424 396//396 
f 399//399 425//425 379//379 
f 403//403 400//400 380//380 
f 404//404 426//426 405//405 
f 404//404 427//427 428//428 
f 429//429 430//430 404//404 
f 431//431 432//432 433//433 
f 434//434 435//435 436//436 
f 435//435 437//437 438//438 
f 435//435 434//434 439//439 
f 440//440 439//439 441//441 
f 408//408 442//442 406//406 
f 406//406 443//443 444//444 
f 385//385 365//365 364//364 
f 409//409 386//386 368//368 
f 445//445 446//446 447//447 
f 417//417 448//448 449//449 
f 450//450 451//451 452//452 
f 451//451 372//372 453//453 
f 412//412 410//410 389//389 
f 416//416 389//389 415//415 
f 418//418 454//454 413//413 
f 374//374 429//429 420//420 
f 420//420 455//455 456//456 
f 413//413 457//457 455//455 
f 375//375 378//378 458//458 
f 378//378 375//375 376//376 
f 394//394 422//422 395//395 
f 424//424 459//459 396//396 
f 460//460 461//461 379//379 
f 401//401 381//381 380//380 
f 428//428 426//426 404//404 
f 404//404 430//430 462//462 
f 404//404 463//463 429//429 
f 433//433 448//448 431//431 
f 434//434 464//464 432//432 
f 434//434 465//465 466//466 
f 438//438 436//436 435//435 
f 441//441 467//467 440//440 
f 467//467 441//441 442//442 
f 408//408 468//468 442//442 
f 406//406 469//469 443//443 
f 406//406 382//382 470//470 
f 382//382 471//471 472//472 
f 367//367 409//409 368//368 
f 447//447 369//369 445//445 
f 448//448 473//473 449//449 
f 448//448 474//474 475//475 
f 452//452 476//476 450//450 
f 451//451 477//477 478//478 
f 372//372 371//371 453//453 
f 389//389 479//479 411//411 
f 454//454 414//414 413//413 
f 480//480 481//481 417//417 
f 456//456 421//421 420//420 
f 413//413 482//482 457//457 
f 376//376 395//395 422//422 
f 398//398 393//393 424//424 
f 397//397 396//396 461//461 
f 379//379 483//483 460//460 
f 405//405 402//402 380//380 
f 463//463 420//420 429//429 
f 432//432 431//431 434//434 
f 436//436 465//465 434//434 
f 442//442 484//484 467//467 
f 444//444 407//407 406//406 
f 382//382 485//485 470//470 
f 382//382 486//486 471//471 
f 447//447 387//387 369//369 
f 417//417 487//487 488//488 
f 475//475 473//473 448//448 
f 478//478 452//452 451//451 
f 372//372 389//389 370//370 
f 417//417 413//413 480//480 
f 455//455 420//420 413//413 
f 423//423 424//424 393//393 
f 460//460 489//489 461//461 
f 462//462 427//427 404//404 
f 466//466 464//464 434//434 
f 468//468 484//484 442//442 
f 382//382 490//490 485//485 
f 366//366 486//486 382//382 
f 491//491 492//492 445//445 
f 417//417 493//493 494//494 
f 449//449 487//487 417//417 
f 450//450 495//495 474//474 
f 453//453 477//477 451//451 
f 415//415 482//482 413//413 
f 458//458 391//391 375//375 
f 425//425 483//483 379//379 
f 439//439 440//440 435//435 
f 472//472 490//490 382//382 
f 445//445 438//438 491//491 
f 417//417 496//496 497//497 
f 488//488 493//493 417//417 
f 450//450 498//498 495//495 
f 389//389 416//416 479//479 
f 481//481 499//499 417//417 
f 461//461 489//489 397//397 
f 500//500 501//501 383//383 
f 501//501 396//396 459//459 
f 470//470 469//469 406//406 
f 438//438 437//437 491//491 
f 494//494 496//496 417//417 
f 476//476 498//498 450//450 
f 419//419 429//429 374//374 
f 459//459 383//383 501//501 
f 492//492 446//446 445//445 
f 474//474 448//448 450//450 
f 383//383 382//382 500//500 
f 497//497 502//502 417//417 
f 433//433 450//450 448//448 
f 503//503 504//504 501//501 
f 505//505 481//481 480//480 
f 501//501 500//500 503//503 
f 506//506 503//503 500//500 
f 417//417 502//502 418//418 
f 480//480 507//507 505//505 
f 500//500 508//508 506//506 
o mesh4387
v -0.270681 0.0227287 -0.0190839 
v -0.271966 0.0146227 -0.0190839 
v -0.271974 0.014624 -0.0191119 
v -0.272096 0.0146434 -0.0195299 
v -0.270808 0.0227488 -0.0195114 
v -0.270812 0.0227494 -0.0195483 
v -0.272098 0.0146436 -0.0195481 
v -0.272121 0.0146473 -0.0198211 
v -0.270837 0.0227535 -0.0198211 
v -0.270838 0.0227536 -0.0198145 
v -0.272123 0.0146475 -0.0198057 
v -0.270813 0.0227497 -0.0200536 
v -0.272099 0.0146439 -0.0200538 
v -0.272099 0.0146439 -0.0200546 
v -0.272034 0.0146335 -0.0202681 
v -0.270749 0.0227395 -0.0202681 
v -0.270812 0.0227494 -0.0200691 
v -0.271921 0.0146156 -0.020467 
v -0.270638 0.0227218 -0.020468 
v -0.270642 0.0227225 -0.0204632 
v -0.271935 0.0146177 -0.0204511 
v -0.27177 0.0145917 -0.0206458 
v -0.270482 0.0226972 -0.0206485 
v -0.271767 0.0145912 -0.0206484 
v -0.270264 0.0226626 -0.0208226 
v -0.270479 0.0226967 -0.0206518 
v -0.271533 0.0145541 -0.0208328 
v -0.270247 0.02266 -0.0208311 
v -0.269855 0.0225977 -0.0210341 
v -0.271139 0.0144917 -0.0210341 
v -0.270689 0.02273 -0.0191118 
vn 0.917156 -0.145352 -0.371075 
vn 0.917156 -0.145352 -0.371075 
vn 0.920737 -0.14592 -0.361872 
vn 0.971688 -0.153994 -0.179185 
vn 0.969846 -0.153703 -0.189139 
vn 0.973435 -0.154271 -0.169186 
vn 0.973435 -0.154271 -0.169186 
vn 0.987648 -0.156524 0.00722332 
vn 0.987648 -0.156524 0.00722332 
vn 0.987671 -0.156527 0.00228207 
vn 0.987665 -0.156526 -0.00414769 
vn 0.968391 -0.153472 0.196633 
vn 0.968391 -0.153472 0.196633 
vn 0.968241 -0.153448 0.197389 
vn 0.907683 -0.143851 0.394231 
vn 0.907683 -0.143851 0.394231 
vn 0.965602 -0.15303 0.210225 
vn 0.805379 -0.127638 0.578855 
vn 0.805379 -0.127638 0.578855 
vn 0.808543 -0.128139 0.574316 
vn 0.81591 -0.129306 0.563534 
vn 0.6823 -0.108132 0.723032 
vn 0.680009 -0.107769 0.72524 
vn 0.680009 -0.107769 0.72524 
vn 0.541414 -0.0858039 0.836367 
vn 0.677694 -0.107402 0.727458 
vn 0.53302 -0.0844738 0.841875 
vn 0.53302 -0.0844738 0.841875 
vn 0.366501 -0.0580836 0.928603 
vn 0.366501 -0.0580836 0.928603 
vn 0.920737 -0.14592 -0.361872 
f 509//509 510//510 511//511 
f 511//511 512//512 513//513 
f 514//514 513//513 512//512 
f 512//512 515//515 514//514 
f 516//516 517//517 518//518 
f 518//518 515//515 519//519 
f 518//518 519//519 516//516 
f 520//520 517//517 516//516 
f 520//520 521//521 522//522 
f 523//523 524//524 525//525 
f 525//525 522//522 523//523 
f 526//526 527//527 528//528 
f 528//528 523//523 529//529 
f 528//528 529//529 526//526 
f 527//527 526//526 530//530 
f 530//530 531//531 527//527 
f 532//532 533//533 534//534 
f 535//535 536//536 533//533 
f 533//533 532//532 535//535 
f 537//537 536//536 535//535 
f 535//535 538//538 537//537 
f 534//534 531//531 532//532 
f 530//530 532//532 531//531 
f 528//528 524//524 523//523 
f 522//522 525//525 520//520 
f 516//516 521//521 520//520 
f 518//518 514//514 515//515 
f 513//513 539//539 511//511 
f 511//511 539//539 509//509 
o mesh4388
v -0.267104 0.0221618 -0.0221469 
v -0.269855 0.0225977 -0.0210341 
v -0.271139 0.0144917 -0.0210341 
v -0.268389 0.0140558 -0.0221469 
vn 0.366501 -0.0580836 0.928603 
vn 0.366501 -0.0580836 0.928603 
vn 0.366501 -0.0580836 0.928603 
vn 0.366501 -0.0580836 0.928603 
f 540//540 541//541 542//542 
f 542//542 543//543 540//540 
o mesh4389
v -0.266322 0.0220379 -0.0227139 
v -0.266209 0.02202 -0.0229129 
v -0.266144 0.0220097 -0.0231263 
v -0.266122 0.0220062 -0.0233599 
v -0.266121 0.022006 -0.0233753 
v -0.266145 0.0220099 -0.0236329 
v -0.266144 0.0220097 -0.0231272 
v -0.266309 0.0220358 -0.0227299 
v -0.26627 0.0220296 -0.0240691 
v -0.267104 0.0221618 -0.0221469 
v -0.26671 0.0220994 -0.0223482 
v -0.266476 0.0220623 -0.0225325 
v -0.266473 0.0220618 -0.0225352 
v -0.269855 0.0225977 -0.0210341 
v -0.273206 0.0231289 -0.0254827 
v -0.266278 0.0220309 -0.0240971 
v -0.270642 0.0227225 -0.0204632 
v -0.270638 0.0227218 -0.020468 
v -0.270838 0.0227536 -0.0198145 
v -0.270837 0.0227535 -0.0198211 
v -0.270808 0.0227488 -0.0195114 
v -0.270812 0.0227494 -0.0195483 
v -0.270681 0.0227287 -0.0190839 
v -0.270689 0.02273 -0.0191118 
v -0.266147 0.0220102 -0.0236511 
v -0.270264 0.0226626 -0.0208226 
v -0.270247 0.02266 -0.0208311 
v -0.270482 0.0226972 -0.0206485 
v -0.270813 0.0227497 -0.0200536 
v -0.270479 0.0226967 -0.0206518 
v -0.270812 0.0227494 -0.0200691 
v -0.270749 0.0227395 -0.0202681 
v -0.267703 0.0222568 -0.0277091 
vn 0.156528 0.987674 5.4405e-10 
vn 0.156528 0.987674 5.4405e-10 
vn 0.156528 0.987674 5.4405e-10 
vn 0.156528 0.987674 5.4405e-10 
vn 0.156528 0.987674 5.4405e-10 
vn 0.156528 0.987674 5.4405e-10 
vn 0.156528 0.987674 5.4405e-10 
vn 0.156528 0.987674 5.4405e-10 
vn 0.156528 0.987674 5.4405e-10 
vn 0.156528 0.987674 5.4405e-10 
vn 0.156528 0.987674 5.4405e-10 
vn 0.156528 0.987674 5.4405e-10 
vn 0.156528 0.987674 5.4405e-10 
vn 0.156528 0.987674 5.4405e-10 
vn 0.156528 0.987674 5.4405e-10 
vn 0.156528 0.987674 5.4405e-10 
vn 0.156528 0.987674 5.4405e-10 
vn 0.156528 0.987674 5.4405e-10 
vn 0.156528 0.987674 5.4405e-10 
vn 0.156528 0.987674 5.4405e-10 
vn 0.156528 0.987674 5.4405e-10 
vn 0.156528 0.987674 5.4405e-10 
vn 0.156528 0.987674 5.4405e-10 
vn 0.156528 0.987674 5.4405e-10 
vn 0.156528 0.987674 5.4405e-10 
vn 0.156528 0.987674 5.4405e-10 
vn 0.156528 0.987674 5.4405e-10 
vn 0.156528 0.987674 5.4405e-10 
vn 0.156528 0.987674 5.4405e-10 
vn 0.156528 0.987674 5.4405e-10 
vn 0.156528 0.987674 5.4405e-10 
vn 0.156528 0.987674 5.4405e-10 
vn 0.156528 0.987674 5.4405e-10 
f 544//544 545//545 546//546 
f 547//547 548//548 549//549 
f 544//544 550//550 547//547 
f 544//544 551//551 545//545 
f 552//552 553//553 554//554 
f 549//549 552//552 547//547 
f 546//546 550//550 544//544 
f 552//552 555//555 556//556 
f 552//552 557//557 553//553 
f 558//558 557//557 559//559 
f 547//547 552//552 544//544 
f 554//554 555//555 552//552 
f 557//557 552//552 559//559 
f 556//556 544//544 552//552 
f 558//558 560//560 561//561 
f 558//558 562//562 563//563 
f 558//558 564//564 565//565 
f 558//558 566//566 567//567 
f 549//549 568//568 552//552 
f 558//558 569//569 570//570 
f 561//561 571//571 558//558 
f 563//563 572//572 558//558 
f 567//567 564//564 558//558 
f 570//570 557//557 558//558 
f 571//571 573//573 558//558 
f 558//558 574//574 575//575 
f 565//565 562//562 558//558 
f 573//573 569//569 558//558 
f 572//572 574//574 558//558 
f 575//575 560//560 558//558 
f 559//559 576//576 558//558 
o mesh4390
v -0.267562 0.0139249 -0.0240971 
v -0.269598 0.0189853 -0.0311106 
v -0.267703 0.0222568 -0.0277091 
v -0.271595 0.016498 -0.0350715 
v -0.273621 0.0148851 -0.0394482 
v -0.266278 0.0220309 -0.0240971 
vn 0.917156 -0.145352 -0.371075 
vn 0.917156 -0.145352 -0.371075 
vn 0.917156 -0.145352 -0.371075 
vn 0.917156 -0.145352 -0.371075 
vn 0.917156 -0.145352 -0.371075 
vn 0.917156 -0.145352 -0.371075 
f 577//577 578//578 579//579 
f 577//577 580//580 578//578 
f 577//577 581//581 580//580 
f 579//579 582//582 577//577 
o mesh4391
v -0.268389 0.0140558 -0.0221469 
v -0.267996 0.0139935 -0.0223499 
v -0.26671 0.0220994 -0.0223482 
v -0.26798 0.0139909 -0.0223584 
v -0.266476 0.0220623 -0.0225325 
v -0.267764 0.0139568 -0.0225292 
v -0.267606 0.0139317 -0.022713 
v -0.266322 0.0220379 -0.0227139 
v -0.266473 0.0220618 -0.0225352 
v -0.267761 0.0139563 -0.0225325 
v -0.267602 0.0139311 -0.0227177 
v -0.266209 0.02202 -0.0229129 
v -0.266309 0.0220358 -0.0227299 
v -0.26743 0.0139039 -0.0231274 
v -0.266144 0.0220097 -0.0231272 
v -0.266144 0.0220097 -0.0231263 
v -0.267494 0.013914 -0.0229129 
v -0.267432 0.0139041 -0.0231119 
v -0.267406 0.0139001 -0.0233599 
v -0.266122 0.0220062 -0.0233599 
v -0.267405 0.0139 -0.0233665 
v -0.266145 0.0220099 -0.0236329 
v -0.266121 0.022006 -0.0233753 
v -0.266147 0.0220102 -0.0236511 
v -0.267432 0.0139041 -0.0236327 
v -0.267435 0.0139047 -0.0236696 
v -0.26627 0.0220296 -0.0240691 
v -0.267554 0.0139235 -0.0240691 
v -0.267562 0.0139249 -0.0240971 
v -0.266278 0.0220309 -0.0240971 
v -0.267104 0.0221618 -0.0221469 
vn 0.366501 -0.0580836 0.928603 
vn 0.53302 -0.0844738 0.841875 
vn 0.53302 -0.0844738 0.841875 
vn 0.541414 -0.0858039 0.836367 
vn 0.680009 -0.107769 0.72524 
vn 0.677694 -0.107402 0.727458 
vn 0.805379 -0.127638 0.578855 
vn 0.805379 -0.127638 0.578855 
vn 0.6823 -0.108132 0.723032 
vn 0.680009 -0.107769 0.72524 
vn 0.808543 -0.128139 0.574316 
vn 0.907683 -0.143851 0.394231 
vn 0.81591 -0.129306 0.563534 
vn 0.968391 -0.153472 0.196633 
vn 0.968391 -0.153472 0.196633 
vn 0.968241 -0.153448 0.197389 
vn 0.907683 -0.143851 0.394231 
vn 0.965602 -0.15303 0.210225 
vn 0.987648 -0.156524 0.00722332 
vn 0.987648 -0.156524 0.00722332 
vn 0.987671 -0.156527 0.00228207 
vn 0.973435 -0.154271 -0.169186 
vn 0.987665 -0.156526 -0.00414769 
vn 0.971688 -0.153994 -0.179185 
vn 0.973435 -0.154271 -0.169186 
vn 0.969846 -0.153703 -0.189139 
vn 0.920737 -0.14592 -0.361872 
vn 0.920737 -0.14592 -0.361872 
vn 0.917156 -0.145352 -0.371075 
vn 0.917156 -0.145352 -0.371075 
vn 0.366501 -0.0580836 0.928603 
f 583//583 584//584 585//585 
f 585//585 584//584 586//586 
f 586//586 587//587 585//585 
f 586//586 588//588 587//587 
f 589//589 590//590 591//591 
f 591//591 592//592 589//589 
f 590//590 589//589 593//593 
f 593//593 594//594 595//595 
f 593//593 595//595 590//590 
f 596//596 597//597 598//598 
f 598//598 599//599 600//600 
f 598//598 600//600 596//596 
f 596//596 601//601 602//602 
f 602//602 601//601 603//603 
f 603//603 604//604 605//605 
f 603//603 605//605 602//602 
f 606//606 607//607 608//608 
f 608//608 609//609 606//606 
f 608//608 610//610 609//609 
f 611//611 612//612 609//609 
f 609//609 610//610 611//611 
f 606//606 604//604 607//607 
f 603//603 607//607 604//604 
f 602//602 597//597 596//596 
f 598//598 594//594 599//599 
f 593//593 599//599 594//594 
f 591//591 587//587 592//592 
f 588//588 592//592 587//587 
f 585//585 613//613 583//583 
o mesh4392
v -0.271595 0.016498 -0.0350715 
v -0.273621 0.0148851 -0.0394482 
v -0.279124 0.0157572 -0.0372217 
v -0.273206 0.0231289 -0.0254827 
v -0.272985 0.0196816 -0.0295187 
v -0.273272 0.0195675 -0.0296243 
v -0.272681 0.019758 -0.0294715 
v -0.272836 0.0197248 -0.0294876 
v -0.272531 0.0197791 -0.0294714 
v -0.272381 0.0197886 -0.0294873 
v -0.272237 0.0197858 -0.0295187 
v -0.267703 0.0222568 -0.0277091 
v -0.2721 0.0197707 -0.0295654 
v -0.271486 0.0194453 -0.0301235 
v -0.271555 0.0195229 -0.0300041 
v -0.271641 0.019594 -0.0298911 
v -0.271738 0.0196542 -0.0297912 
v -0.271849 0.0197047 -0.0297021 
v -0.271969 0.0197435 -0.0296268 
v -0.269598 0.0189853 -0.0311106 
v -0.271391 0.0192694 -0.0303854 
v -0.271358 0.0190703 -0.0306735 
v -0.27139 0.0192672 -0.0303885 
v -0.27164 0.0184742 -0.0315155 
v -0.271486 0.0186634 -0.0312505 
v -0.27139 0.0188655 -0.0309655 
v -0.271845 0.0183062 -0.0317479 
v -0.272093 0.0181662 -0.0319369 
v -0.272667 0.0179885 -0.0321517 
v -0.272516 0.0180195 -0.03212 
v -0.272816 0.0179674 -0.0321674 
v -0.272967 0.0179556 -0.0321675 
v -0.273113 0.0179534 -0.0321519 
v -0.273258 0.0179607 -0.0321203 
v -0.277098 0.0173701 -0.0328451 
v -0.273526 0.018003 -0.0320122 
v -0.273396 0.0179774 -0.0320735 
v -0.274075 0.018328 -0.0313863 
v -0.274017 0.0182566 -0.031514 
v -0.273944 0.01819 -0.0316365 
v -0.273858 0.0181315 -0.0317476 
v -0.273758 0.0180804 -0.0318484 
v -0.273648 0.0180378 -0.0319361 
v -0.274143 0.0184897 -0.0311097 
v -0.272371 0.0180593 -0.0320736 
v -0.275101 0.0198574 -0.0288842 
v -0.274085 0.0188597 -0.0305293 
v -0.273777 0.0192418 -0.0300025 
v -0.27396 0.0190535 -0.0302526 
v -0.273547 0.0194154 -0.0297906 
v -0.274147 0.0186692 -0.0308195 
v -0.273278 0.0195649 -0.0296267 
vn -0.0305804 0.902703 -0.429177 
vn 0.0453139 0.963112 -0.265257 
vn 0.0453139 0.963112 -0.265257 
vn -0.176328 0.687017 -0.704923 
vn -0.108985 0.804145 -0.584358 
vn -0.105365 0.809544 -0.577526 
vn -0.111776 0.799923 -0.589601 
vn -0.110487 0.801879 -0.587182 
vn -0.112776 0.798397 -0.591475 
vn -0.113511 0.797271 -0.592852 
vn -0.113954 0.796592 -0.59368 
vn -0.176328 0.687017 -0.704923 
vn -0.114104 0.796362 -0.59396 
vn -0.109016 0.804099 -0.584415 
vn -0.110512 0.801842 -0.587228 
vn -0.111797 0.799891 -0.58964 
vn -0.112793 0.798372 -0.591507 
vn -0.113522 0.797255 -0.592873 
vn -0.113959 0.796584 -0.593689 
vn -0.105365 0.809544 -0.577526 
vn -0.105365 0.809544 -0.577526 
vn -0.100895 0.816095 -0.569043 
vn -0.105317 0.809616 -0.577434 
vn -0.0855082 0.837659 -0.539459 
vn -0.0907468 0.830486 -0.549597 
vn -0.0959579 0.823179 -0.559615 
vn -0.0804848 0.844374 -0.529674 
vn -0.0759051 0.85036 -0.520699 
vn -0.0688643 0.859308 -0.506802 
vn -0.0703189 0.857484 -0.509682 
vn -0.0676726 0.860792 -0.504438 
vn -0.0667119 0.861982 -0.502529 
vn -0.0660298 0.862824 -0.501173 
vn -0.0656094 0.863341 -0.500337 
vn -0.0305804 0.902703 -0.429177 
vn -0.0656042 0.863348 -0.500327 
vn -0.0654685 0.863515 -0.500056 
vn -0.0719409 0.855435 -0.512889 
vn -0.0702963 0.857512 -0.509638 
vn -0.0688397 0.859339 -0.506753 
vn -0.0676446 0.860827 -0.504382 
vn -0.0666966 0.862001 -0.502499 
vn -0.0660203 0.862836 -0.501154 
vn -0.0758652 0.850411 -0.52062 
vn -0.0719739 0.855393 -0.512954 
vn -0.105365 0.809544 -0.577526 
vn -0.0854601 0.837724 -0.539366 
vn -0.0959103 0.823246 -0.559524 
vn -0.0906978 0.830554 -0.549503 
vn -0.100851 0.816159 -0.568959 
vn -0.0804398 0.844434 -0.529586 
vn -0.105282 0.809668 -0.577368 
f 614//614 615//615 616//616 
f 617//617 618//618 619//619 
f 617//617 620//620 621//621 
f 617//617 622//622 620//620 
f 617//617 623//623 622//622 
f 617//617 624//624 623//623 
f 617//617 625//625 626//626 
f 626//626 624//624 617//617 
f 625//625 627//627 628//628 
f 628//628 629//629 625//625 
f 629//629 630//630 625//625 
f 630//630 631//631 625//625 
f 631//631 632//632 625//625 
f 632//632 626//626 625//625 
f 625//625 633//633 634//634 
f 634//634 627//627 625//625 
f 621//621 618//618 617//617 
f 633//633 635//635 636//636 
f 633//633 637//637 638//638 
f 638//638 639//639 633//633 
f 614//614 640//640 637//637 
f 637//637 633//633 614//614 
f 639//639 635//635 633//633 
f 614//614 641//641 640//640 
f 614//614 642//642 643//643 
f 614//614 644//644 642//642 
f 614//614 645//645 644//644 
f 614//614 646//646 645//645 
f 614//614 647//647 646//646 
f 648//648 649//649 650//650 
f 648//648 651//651 652//652 
f 652//652 653//653 648//648 
f 653//653 654//654 648//648 
f 654//654 655//655 648//648 
f 655//655 656//656 648//648 
f 656//656 649//649 648//648 
f 650//650 614//614 648//648 
f 650//650 647//647 614//614 
f 648//648 657//657 651//651 
f 643//643 658//658 614//614 
f 658//658 641//641 614//614 
f 648//648 659//659 660//660 
f 659//659 661//661 662//662 
f 659//659 663//663 661//661 
f 662//662 660//660 659//659 
f 660//660 664//664 648//648 
f 659//659 619//619 665//665 
f 665//665 663//663 659//659 
f 664//664 657//657 648//648 
f 636//636 634//634 633//633 
f 619//619 659//659 617//617 
f 616//616 648//648 614//614 
o mesh4393
v -0.274688 0.0150541 -0.0305293 
v -0.274719 0.015059 -0.0308195 
v -0.274147 0.0186692 -0.0308195 
v -0.274596 0.0150395 -0.0302526 
v -0.274085 0.0188597 -0.0305293 
v -0.274447 0.0150159 -0.0300025 
v -0.27396 0.0190535 -0.0302526 
v -0.274249 0.0149845 -0.0297906 
v -0.273777 0.0192418 -0.0300025 
v -0.27401 0.0149467 -0.0296267 
v -0.273547 0.0194154 -0.0297906 
v -0.273742 0.0149042 -0.0295187 
v -0.273278 0.0195649 -0.0296267 
v -0.273272 0.0195675 -0.0296243 
v -0.273458 0.0148592 -0.0294715 
v -0.272985 0.0196816 -0.0295187 
v -0.272836 0.0197248 -0.0294876 
v -0.27317 0.0148135 -0.0294873 
v -0.272681 0.019758 -0.0294715 
v -0.272531 0.0197791 -0.0294714 
v -0.272892 0.0147695 -0.0295654 
v -0.272381 0.0197886 -0.0294873 
v -0.272237 0.0197858 -0.0295187 
v -0.271969 0.0197435 -0.0296268 
v -0.271849 0.0197047 -0.0297021 
v -0.2721 0.0197707 -0.0295654 
v -0.272637 0.0147291 -0.0297021 
v -0.271738 0.0196542 -0.0297912 
v -0.271641 0.019594 -0.0298911 
v -0.272418 0.0146943 -0.0298911 
v -0.271555 0.0195229 -0.0300041 
v -0.271486 0.0194453 -0.0301235 
v -0.272243 0.0146666 -0.0301235 
v -0.271391 0.0192694 -0.0303854 
v -0.27139 0.0192672 -0.0303885 
v -0.272122 0.0146475 -0.0303884 
v -0.271358 0.0190703 -0.0306735 
v -0.27206 0.0146376 -0.0306735 
v -0.27139 0.0188655 -0.0309655 
v -0.27206 0.0146376 -0.0309655 
v -0.271486 0.0186634 -0.0312505 
v -0.272122 0.0146475 -0.0312505 
v -0.27164 0.0184742 -0.0315155 
v -0.272243 0.0146666 -0.0315155 
v -0.271845 0.0183062 -0.0317479 
v -0.272418 0.0146943 -0.0317479 
v -0.272093 0.0181662 -0.0319369 
v -0.272637 0.0147291 -0.0319369 
v -0.272371 0.0180593 -0.0320736 
v -0.272892 0.0147695 -0.0320736 
v -0.272516 0.0180195 -0.03212 
v -0.272667 0.0179885 -0.0321517 
v -0.27317 0.0148135 -0.0321517 
v -0.272816 0.0179674 -0.0321674 
v -0.272967 0.0179556 -0.0321675 
v -0.273458 0.0148592 -0.0321675 
v -0.273113 0.0179534 -0.0321519 
v -0.273258 0.0179607 -0.0321203 
v -0.27401 0.0149467 -0.0320122 
v -0.273742 0.0149042 -0.0321203 
v -0.273396 0.0179774 -0.0320735 
v -0.274249 0.0149845 -0.0318484 
v -0.273526 0.018003 -0.0320122 
v -0.273648 0.0180378 -0.0319361 
v -0.274447 0.0150159 -0.0316365 
v -0.273758 0.0180804 -0.0318484 
v -0.273858 0.0181315 -0.0317476 
v -0.274596 0.0150395 -0.0313863 
v -0.273944 0.01819 -0.0316365 
v -0.274017 0.0182566 -0.031514 
v -0.274688 0.0150541 -0.0311097 
v -0.274075 0.018328 -0.0313863 
v -0.274143 0.0184897 -0.0311097 
vn 0.964582 -0.152868 -0.21497 
vn 0.987674 -0.156528 -4.13994e-24 
vn 0.987674 -0.156528 -4.13994e-24 
vn 0.896388 -0.142061 -0.419889 
vn 0.964582 -0.152868 -0.21497 
vn 0.78628 -0.124611 -0.605174 
vn 0.896388 -0.142061 -0.419889 
vn 0.639406 -0.101334 -0.762162 
vn 0.78628 -0.124611 -0.605174 
vn 0.462635 -0.073319 -0.883512 
vn 0.639406 -0.101334 -0.762162 
vn 0.264231 -0.0418756 -0.96355 
vn 0.462635 -0.073319 -0.883512 
vn 0.458411 -0.0726495 -0.885766 
vn 0.0534716 -0.00847424 -0.998533 
vn 0.264231 -0.0418756 -0.96355 
vn 0.161091 -0.0255299 -0.986609 
vn -0.159788 0.0253234 -0.986827 
vn 0.0534716 -0.00847424 -0.998533 
vn -0.0527083 0.00835329 -0.998575 
vn -0.365576 0.0579369 -0.928977 
vn -0.159788 0.0253234 -0.986827 
vn -0.26426 0.0418803 -0.963542 
vn -0.462747 0.0733368 -0.883452 
vn -0.55427 0.0878414 -0.827689 
vn -0.365576 0.0579369 -0.928977 
vn -0.55427 0.0878414 -0.827689 
vn -0.639932 0.101417 -0.76171 
vn -0.717047 0.113638 -0.687699 
vn -0.717047 0.113638 -0.687699 
vn -0.787155 0.124749 -0.604007 
vn -0.846295 0.134122 -0.515554 
vn -0.846295 0.134122 -0.515554 
vn -0.935215 0.148214 -0.321568 
vn -0.935964 0.148333 -0.319325 
vn -0.935972 0.148334 -0.319302 
vn -0.981884 0.15561 -0.108119 
vn -0.981884 0.15561 -0.108119 
vn -0.981884 0.15561 0.108119 
vn -0.981884 0.15561 0.108119 
vn -0.935972 0.148334 0.319302 
vn -0.935972 0.148334 0.319302 
vn -0.846295 0.134122 0.515554 
vn -0.846295 0.134122 0.515554 
vn -0.717047 0.113638 0.687699 
vn -0.717047 0.113638 0.687699 
vn -0.55427 0.0878414 0.827689 
vn -0.55427 0.0878414 0.827689 
vn -0.365576 0.0579369 0.928977 
vn -0.365576 0.0579369 0.928977 
vn -0.265018 0.0420004 0.963328 
vn -0.159788 0.0253234 0.986827 
vn -0.159788 0.0253234 0.986827 
vn -0.0545568 0.00864623 0.998473 
vn 0.0534716 -0.00847425 0.998533 
vn 0.0534716 -0.00847425 0.998533 
vn 0.15893 -0.0251874 0.986969 
vn 0.264231 -0.0418756 0.96355 
vn 0.462635 -0.073319 0.883512 
vn 0.264231 -0.0418756 0.96355 
vn 0.365749 -0.0579644 0.928907 
vn 0.639406 -0.101334 0.762162 
vn 0.462635 -0.073319 0.883512 
vn 0.555109 -0.0879745 0.827112 
vn 0.78628 -0.124611 0.605174 
vn 0.639406 -0.101334 0.762162 
vn 0.717257 -0.113672 0.687475 
vn 0.896388 -0.142061 0.419889 
vn 0.78628 -0.124611 0.605174 
vn 0.846946 -0.134225 0.514457 
vn 0.964582 -0.152868 0.21497 
vn 0.896388 -0.142061 0.419889 
vn 0.964582 -0.152868 0.21497 
f 666//666 667//667 668//668 
f 669//669 666//666 670//670 
f 671//671 669//669 672//672 
f 673//673 671//671 674//674 
f 675//675 673//673 676//676 
f 677//677 675//675 678//678 
f 678//678 679//679 677//677 
f 680//680 677//677 681//681 
f 681//681 682//682 680//680 
f 683//683 680//680 684//684 
f 684//684 685//685 683//683 
f 686//686 683//683 687//687 
f 687//687 688//688 686//686 
f 686//686 689//689 690//690 
f 686//686 691//691 689//689 
f 692//692 693//693 694//694 
f 692//692 690//690 693//693 
f 695//695 696//696 697//697 
f 695//695 694//694 696//696 
f 698//698 699//699 700//700 
f 698//698 697//697 699//699 
f 701//701 700//700 702//702 
f 703//703 702//702 704//704 
f 705//705 704//704 706//706 
f 707//707 706//706 708//708 
f 709//709 708//708 710//710 
f 711//711 710//710 712//712 
f 713//713 712//712 714//714 
f 715//715 716//716 717//717 
f 715//715 714//714 716//716 
f 718//718 719//719 720//720 
f 718//718 717//717 719//719 
f 721//721 722//722 723//723 
f 721//721 720//720 722//722 
f 724//724 725//725 726//726 
f 725//725 723//723 726//726 
f 727//727 724//724 728//728 
f 728//728 729//729 727//727 
f 730//730 727//727 731//731 
f 731//731 732//732 730//730 
f 733//733 730//730 734//734 
f 734//734 735//735 733//733 
f 736//736 733//733 737//737 
f 667//667 736//736 738//738 
f 738//738 668//668 667//667 
f 737//737 738//738 736//736 
f 735//735 737//737 733//733 
f 732//732 734//734 730//730 
f 729//729 731//731 727//727 
f 726//726 728//728 724//724 
f 723//723 725//725 721//721 
f 720//720 721//721 718//718 
f 717//717 718//718 715//715 
f 714//714 715//715 713//713 
f 712//712 713//713 711//711 
f 710//710 711//711 709//709 
f 708//708 709//709 707//707 
f 706//706 707//707 705//705 
f 704//704 705//705 703//703 
f 702//702 703//703 701//701 
f 700//700 701//701 698//698 
f 697//697 698//698 695//695 
f 694//694 695//695 692//692 
f 690//690 692//692 686//686 
f 688//688 691//691 686//686 
f 685//685 687//687 683//683 
f 682//682 684//684 680//680 
f 679//679 681//681 677//677 
f 676//676 678//678 675//675 
f 674//674 676//676 673//673 
f 672//672 674//674 671//671 
f 670//670 672//672 669//669 
f 668//668 670//670 666//666 
o mesh4394
v -0.263955 0.0651669 -0.0190839 
v -0.26532 0.056557 -0.0190839 
v -0.265328 0.0565583 -0.0191119 
v -0.26545 0.0565777 -0.0195299 
v -0.264086 0.0651876 -0.0195483 
v -0.264083 0.065187 -0.0195114 
v -0.263964 0.0651682 -0.0191118 
v -0.265475 0.0565817 -0.0198211 
v -0.264112 0.0651916 -0.0198211 
v -0.264112 0.0651917 -0.0198145 
v -0.265452 0.056578 -0.0195481 
v -0.265477 0.0565819 -0.0198057 
v -0.264088 0.0651878 -0.0200536 
v -0.265454 0.0565782 -0.0200538 
v -0.265454 0.0565782 -0.0200546 
v -0.264024 0.0651777 -0.0202681 
v -0.264086 0.0651876 -0.0200691 
v -0.265275 0.05655 -0.020467 
v -0.263912 0.06516 -0.020468 
v -0.263916 0.0651606 -0.0204632 
v -0.265388 0.0565679 -0.0202681 
v -0.265289 0.0565521 -0.0204511 
v -0.265125 0.0565261 -0.0206458 
v -0.263757 0.0651354 -0.0206485 
v -0.265121 0.0565255 -0.0206484 
v -0.263538 0.0651008 -0.0208226 
v -0.263754 0.0651349 -0.0206518 
v -0.264887 0.0564885 -0.0208328 
v -0.263522 0.0650982 -0.0208311 
v -0.263129 0.0650359 -0.0210341 
v -0.264494 0.0564261 -0.0210341 
vn 0.917156 -0.145352 -0.371075 
vn 0.917156 -0.145352 -0.371075 
vn 0.920737 -0.14592 -0.361872 
vn 0.971688 -0.153994 -0.179185 
vn 0.973435 -0.154271 -0.169186 
vn 0.969846 -0.153703 -0.189139 
vn 0.920737 -0.14592 -0.361872 
vn 0.987648 -0.156524 0.00722332 
vn 0.987648 -0.156524 0.00722332 
vn 0.987671 -0.156527 0.00228207 
vn 0.973435 -0.154271 -0.169186 
vn 0.987665 -0.156526 -0.00414769 
vn 0.968391 -0.153472 0.196633 
vn 0.968391 -0.153472 0.196633 
vn 0.968241 -0.153448 0.197389 
vn 0.907683 -0.143851 0.394231 
vn 0.965602 -0.15303 0.210225 
vn 0.805379 -0.127638 0.578855 
vn 0.805379 -0.127638 0.578855 
vn 0.808543 -0.128139 0.574316 
vn 0.907683 -0.143851 0.394231 
vn 0.81591 -0.129306 0.563534 
vn 0.6823 -0.108132 0.723032 
vn 0.680009 -0.107769 0.72524 
vn 0.680009 -0.107769 0.72524 
vn 0.541414 -0.0858039 0.836367 
vn 0.677694 -0.107402 0.727458 
vn 0.53302 -0.0844738 0.841875 
vn 0.53302 -0.0844738 0.841875 
vn 0.366501 -0.0580836 0.928603 
vn 0.366501 -0.0580836 0.928603 
f 739//739 740//740 741//741 
f 742//742 743//743 744//744 
f 744//744 741//741 742//742 
f 744//744 745//745 741//741 
f 746//746 747//747 748//748 
f 743//743 749//749 750//750 
f 750//750 748//748 743//743 
f 751//751 747//747 746//746 
f 751//751 752//752 753//753 
f 753//753 754//754 755//755 
f 753//753 755//755 751//751 
f 756//756 757//757 758//758 
f 754//754 759//759 760//760 
f 760//760 758//758 754//754 
f 757//757 756//756 761//761 
f 761//761 762//762 757//757 
f 763//763 764//764 765//765 
f 766//766 767//767 764//764 
f 764//764 763//763 766//766 
f 768//768 767//767 766//766 
f 766//766 769//769 768//768 
f 765//765 762//762 763//763 
f 761//761 763//763 762//762 
f 758//758 760//760 756//756 
f 753//753 759//759 754//754 
f 746//746 752//752 751//751 
f 748//748 750//750 746//746 
f 742//742 749//749 743//743 
f 741//741 745//745 739//739 
o mesh4395
v -0.260378 0.0646 -0.0221469 
v -0.263129 0.0650359 -0.0210341 
v -0.264494 0.0564261 -0.0210341 
v -0.261743 0.0559902 -0.0221469 
vn 0.366501 -0.0580836 0.928603 
vn 0.366501 -0.0580836 0.928603 
vn 0.366501 -0.0580836 0.928603 
vn 0.366501 -0.0580836 0.928603 
f 770//770 771//771 772//772 
f 772//772 773//773 770//770 
o mesh4396
v -0.267689 0.0569325 -0.0250866 
v -0.261118 0.0558911 -0.0225292 
v -0.261334 0.0559253 -0.0223584 
v -0.26135 0.0559279 -0.0223499 
v -0.261743 0.0559902 -0.0221469 
v -0.261115 0.0558907 -0.0225325 
v -0.260848 0.0558484 -0.0229129 
v -0.260956 0.0558654 -0.0227177 
v -0.260784 0.0558382 -0.0231274 
v -0.260786 0.0558385 -0.0231119 
v -0.260908 0.0558579 -0.0240691 
v -0.260789 0.055839 -0.0236696 
v -0.262186 0.0560604 -0.0273131 
v -0.260917 0.0558592 -0.0240971 
v -0.26096 0.0558661 -0.022713 
v -0.26076 0.0558344 -0.0233599 
v -0.260786 0.0558385 -0.0236327 
v -0.26076 0.0558343 -0.0233665 
v -0.265454 0.0565782 -0.0200546 
v -0.265454 0.0565782 -0.0200538 
v -0.264887 0.0564885 -0.0208328 
v -0.265121 0.0565255 -0.0206484 
v -0.264494 0.0564261 -0.0210341 
v -0.265477 0.0565819 -0.0198057 
v -0.265452 0.056578 -0.0195481 
v -0.265475 0.0565817 -0.0198211 
v -0.265125 0.0565261 -0.0206458 
v -0.265275 0.05655 -0.020467 
v -0.26545 0.0565777 -0.0195299 
v -0.265328 0.0565583 -0.0191119 
v -0.265289 0.0565521 -0.0204511 
v -0.265388 0.0565679 -0.0202681 
v -0.26532 0.056557 -0.0190839 
vn -0.156528 -0.987674 -5.44049e-10 
vn -0.156528 -0.987674 -5.44049e-10 
vn -0.156528 -0.987674 -5.44049e-10 
vn -0.156528 -0.987674 -5.44049e-10 
vn -0.156528 -0.987674 -5.44049e-10 
vn -0.156528 -0.987674 -5.44049e-10 
vn -0.156528 -0.987674 -5.44049e-10 
vn -0.156528 -0.987674 -5.44049e-10 
vn -0.156528 -0.987674 -5.44049e-10 
vn -0.156528 -0.987674 -5.44049e-10 
vn -0.156528 -0.987674 -5.44049e-10 
vn -0.156528 -0.987674 -5.44049e-10 
vn -0.156528 -0.987674 -5.44049e-10 
vn -0.156528 -0.987674 -5.44049e-10 
vn -0.156528 -0.987674 -5.44049e-10 
vn -0.156528 -0.987674 -5.44049e-10 
vn -0.156528 -0.987674 -5.44049e-10 
vn -0.156528 -0.987674 -5.44049e-10 
vn -0.156528 -0.987674 -5.44049e-10 
vn -0.156528 -0.987674 -5.44049e-10 
vn -0.156528 -0.987674 -5.44049e-10 
vn -0.156528 -0.987674 -5.44049e-10 
vn -0.156528 -0.987674 -5.44049e-10 
vn -0.156528 -0.987674 -5.44049e-10 
vn -0.156528 -0.987674 -5.44049e-10 
vn -0.156528 -0.987674 -5.44049e-10 
vn -0.156528 -0.987674 -5.44049e-10 
vn -0.156528 -0.987674 -5.44049e-10 
vn -0.156528 -0.987674 -5.44049e-10 
vn -0.156528 -0.987674 -5.44049e-10 
vn -0.156528 -0.987674 -5.44049e-10 
vn -0.156528 -0.987674 -5.44049e-10 
vn -0.156528 -0.987674 -5.44049e-10 
f 774//774 775//775 776//776 
f 774//774 777//777 778//778 
f 774//774 779//779 775//775 
f 774//774 780//780 781//781 
f 774//774 782//782 783//783 
f 776//776 777//777 774//774 
f 783//783 780//780 774//774 
f 774//774 784//784 785//785 
f 774//774 786//786 787//787 
f 774//774 788//788 779//779 
f 774//774 789//789 782//782 
f 774//774 790//790 791//791 
f 787//787 784//784 774//774 
f 781//781 788//788 774//774 
f 785//785 790//790 774//774 
f 791//791 789//789 774//774 
f 774//774 792//792 793//793 
f 774//774 794//794 795//795 
f 778//778 796//796 774//774 
f 774//774 797//797 798//798 
f 793//793 799//799 774//774 
f 774//774 800//800 801//801 
f 796//796 794//794 774//774 
f 774//774 802//802 803//803 
f 799//799 797//797 774//774 
f 774//774 804//804 805//805 
f 795//795 800//800 774//774 
f 798//798 802//802 774//774 
f 801//801 804//804 774//774 
f 805//805 792//792 774//774 
f 803//803 806//806 774//774 
o mesh4397
v -0.259552 0.064469 -0.0240971 
v -0.26297 0.0599908 -0.0307904 
v -0.264127 0.0631554 -0.0348894 
v -0.260917 0.0558592 -0.0240971 
v -0.262186 0.0560604 -0.0273131 
v -0.265611 0.0654292 -0.0394482 
vn 0.917156 -0.145352 -0.371075 
vn 0.917156 -0.145352 -0.371075 
vn 0.917156 -0.145352 -0.371075 
vn 0.917156 -0.145352 -0.371075 
vn 0.917156 -0.145352 -0.371075 
vn 0.917156 -0.145352 -0.371075 
f 807//807 808//808 809//809 
f 807//807 810//810 811//811 
f 811//811 808//808 807//807 
f 809//809 812//812 807//807 
o mesh4398
v -0.261743 0.0559902 -0.0221469 
v -0.26135 0.0559279 -0.0223499 
v -0.259985 0.0645376 -0.0223482 
v -0.261334 0.0559253 -0.0223584 
v -0.259751 0.0645005 -0.0225325 
v -0.261118 0.0558911 -0.0225292 
v -0.26096 0.0558661 -0.022713 
v -0.259597 0.0644761 -0.0227139 
v -0.259747 0.0645 -0.0225352 
v -0.261115 0.0558907 -0.0225325 
v -0.260956 0.0558654 -0.0227177 
v -0.259484 0.0644582 -0.0229129 
v -0.259583 0.064474 -0.0227299 
v -0.260784 0.0558382 -0.0231274 
v -0.259418 0.0644478 -0.0231272 
v -0.259418 0.0644478 -0.0231263 
v -0.260848 0.0558484 -0.0229129 
v -0.260786 0.0558385 -0.0231119 
v -0.26076 0.0558344 -0.0233599 
v -0.259397 0.0644444 -0.0233599 
v -0.26076 0.0558343 -0.0233665 
v -0.25942 0.0644481 -0.0236329 
v -0.259395 0.0644442 -0.0233753 
v -0.259544 0.0644677 -0.0240691 
v -0.259422 0.0644483 -0.0236511 
v -0.260789 0.055839 -0.0236696 
v -0.260786 0.0558385 -0.0236327 
v -0.260917 0.0558592 -0.0240971 
v -0.259552 0.064469 -0.0240971 
v -0.260908 0.0558579 -0.0240691 
v -0.260378 0.0646 -0.0221469 
vn 0.366501 -0.0580836 0.928603 
vn 0.53302 -0.0844738 0.841875 
vn 0.53302 -0.0844738 0.841875 
vn 0.541414 -0.0858039 0.836367 
vn 0.680009 -0.107769 0.72524 
vn 0.677694 -0.107402 0.727458 
vn 0.805379 -0.127638 0.578855 
vn 0.805379 -0.127638 0.578855 
vn 0.6823 -0.108132 0.723032 
vn 0.680009 -0.107769 0.72524 
vn 0.808543 -0.128139 0.574316 
vn 0.907683 -0.143851 0.394231 
vn 0.81591 -0.129306 0.563534 
vn 0.968391 -0.153472 0.196633 
vn 0.968391 -0.153472 0.196633 
vn 0.968241 -0.153448 0.197389 
vn 0.907683 -0.143851 0.394231 
vn 0.965602 -0.15303 0.210225 
vn 0.987648 -0.156524 0.00722332 
vn 0.987648 -0.156524 0.00722332 
vn 0.987671 -0.156527 0.00228207 
vn 0.973435 -0.154271 -0.169186 
vn 0.987665 -0.156526 -0.00414769 
vn 0.920737 -0.14592 -0.361872 
vn 0.971688 -0.153994 -0.179185 
vn 0.969846 -0.153703 -0.189139 
vn 0.973435 -0.154271 -0.169186 
vn 0.917156 -0.145352 -0.371075 
vn 0.917156 -0.145352 -0.371075 
vn 0.920737 -0.14592 -0.361872 
vn 0.366501 -0.0580836 0.928603 
f 813//813 814//814 815//815 
f 815//815 814//814 816//816 
f 816//816 817//817 815//815 
f 816//816 818//818 817//817 
f 819//819 820//820 821//821 
f 821//821 822//822 819//819 
f 820//820 819//819 823//823 
f 823//823 824//824 825//825 
f 823//823 825//825 820//820 
f 826//826 827//827 828//828 
f 824//824 829//829 830//830 
f 830//830 828//828 824//824 
f 826//826 831//831 832//832 
f 832//832 831//831 833//833 
f 833//833 834//834 835//835 
f 833//833 835//835 832//832 
f 836//836 837//837 838//838 
f 839//839 838//838 837//837 
f 837//837 834//834 839//839 
f 840//840 841//841 836//836 
f 836//836 842//842 840//840 
f 838//838 842//842 836//836 
f 833//833 839//839 834//834 
f 832//832 827//827 826//826 
f 828//828 830//830 826//826 
f 823//823 829//829 824//824 
f 821//821 817//817 822//822 
f 818//818 822//822 817//817 
f 815//815 843//843 813//813 
o mesh4399
v -0.265611 0.0654292 -0.0394482 
v -0.264127 0.0631554 -0.0348894 
v -0.26963 0.0640275 -0.032663 
v -0.262186 0.0560604 -0.0273131 
v -0.265184 0.0603391 -0.0298914 
v -0.265178 0.0603407 -0.0298972 
v -0.265294 0.0603116 -0.0297916 
v -0.265416 0.0602978 -0.0297021 
v -0.265542 0.0602981 -0.0296268 
v -0.265674 0.0603125 -0.0295654 
v -0.267689 0.0569325 -0.0250866 
v -0.265811 0.0603411 -0.0295184 
v -0.268473 0.0608629 -0.028564 
v -0.266229 0.0605072 -0.029472 
v -0.266224 0.0605045 -0.0294715 
v -0.266087 0.0604378 -0.0294714 
v -0.265948 0.0603827 -0.0294873 
v -0.266489 0.0606711 -0.0295187 
v -0.266363 0.0605854 -0.029488 
v -0.266732 0.0608727 -0.0296267 
v -0.267281 0.0617926 -0.0305293 
v -0.267222 0.0615697 -0.0302526 
v -0.267107 0.0613343 -0.0300025 
v -0.267281 0.0619931 -0.0308195 
v -0.266941 0.0610978 -0.0297906 
v -0.267222 0.0621627 -0.0311097 
v -0.26694 0.0623861 -0.0316365 
v -0.26703 0.0623456 -0.0315144 
v -0.266841 0.0624148 -0.0317467 
v -0.266729 0.0624328 -0.0318484 
v -0.266611 0.0624393 -0.0319363 
v -0.266484 0.0624346 -0.0320122 
v -0.266352 0.0624187 -0.0320738 
v -0.265403 0.0620239 -0.0320736 
v -0.265528 0.0621063 -0.0321198 
v -0.265663 0.0621827 -0.0321517 
v -0.265799 0.0622492 -0.0321675 
v -0.265938 0.0623069 -0.0321675 
v -0.266077 0.0623542 -0.0321519 
v -0.266216 0.062392 -0.0321203 
v -0.265172 0.0618362 -0.0319369 
v -0.267107 0.0622952 -0.0313863 
v -0.26297 0.0599908 -0.0307904 
v -0.264836 0.0614033 -0.0315155 
v -0.26472 0.060954 -0.0309655 
v -0.264748 0.0611757 -0.0312505 
v -0.264752 0.0607491 -0.0306735 
v -0.264844 0.0605718 -0.0303884 
v -0.26498 0.0616266 -0.0317479 
v -0.265077 0.0603813 -0.0300075 
v -0.26499 0.0604322 -0.0301235 
v -0.271114 0.0663014 -0.0372217 
vn -0.254698 -0.929929 -0.265257 
vn -0.310282 -0.844767 -0.435998 
vn -0.310282 -0.844767 -0.435998 
vn -0.382975 -0.579035 -0.719756 
vn -0.353639 -0.726141 -0.589626 
vn -0.353611 -0.726242 -0.589518 
vn -0.354118 -0.724381 -0.5915 
vn -0.354468 -0.723087 -0.592873 
vn -0.354676 -0.722314 -0.59369 
vn -0.354745 -0.722058 -0.59396 
vn -0.382975 -0.579035 -0.719756 
vn -0.354672 -0.722328 -0.593675 
vn -0.353611 -0.726242 -0.589518 
vn -0.353611 -0.726242 -0.589518 
vn -0.353632 -0.726165 -0.589601 
vn -0.354113 -0.7244 -0.59148 
vn -0.354463 -0.723106 -0.592852 
vn -0.352284 -0.731042 -0.584358 
vn -0.352998 -0.72847 -0.587131 
vn -0.35047 -0.73744 -0.577368 
vn -0.340294 -0.77025 -0.539366 
vn -0.343058 -0.761812 -0.549503 
vn -0.345756 -0.753251 -0.559524 
vn -0.337594 -0.778183 -0.529586 
vn -0.348263 -0.744982 -0.568959 
vn -0.335092 -0.785282 -0.52062 
vn -0.331171 -0.795944 -0.506753 
vn -0.331989 -0.793765 -0.509628 
vn -0.3305 -0.797716 -0.5044 
vn -0.329956 -0.799139 -0.502499 
vn -0.32957 -0.800144 -0.501152 
vn -0.329334 -0.800757 -0.500327 
vn -0.329256 -0.800958 -0.500056 
vn -0.332932 -0.791223 -0.512954 
vn -0.332009 -0.79371 -0.5097 
vn -0.331185 -0.795907 -0.506802 
vn -0.330507 -0.797698 -0.504424 
vn -0.329965 -0.799117 -0.502529 
vn -0.329577 -0.800128 -0.501173 
vn -0.329337 -0.80075 -0.500337 
vn -0.335114 -0.785221 -0.520699 
vn -0.332913 -0.791273 -0.512889 
vn -0.353611 -0.726242 -0.589518 
vn -0.34032 -0.770173 -0.539459 
vn -0.34578 -0.753172 -0.559615 
vn -0.343084 -0.761732 -0.549597 
vn -0.348285 -0.744908 -0.569043 
vn -0.350488 -0.737374 -0.57744 
vn -0.337619 -0.778113 -0.529674 
vn -0.353003 -0.728452 -0.587151 
vn -0.352298 -0.730989 -0.584415 
vn -0.254698 -0.929929 -0.265257 
f 844//844 845//845 846//846 
f 847//847 848//848 849//849 
f 847//847 850//850 848//848 
f 847//847 851//851 850//850 
f 847//847 852//852 851//851 
f 847//847 853//853 852//852 
f 854//854 855//855 853//853 
f 854//854 856//856 857//857 
f 857//857 858//858 854//854 
f 858//858 859//859 854//854 
f 859//859 860//860 854//854 
f 860//860 855//855 854//854 
f 853//853 847//847 854//854 
f 856//856 861//861 862//862 
f 856//856 863//863 861//861 
f 856//856 864//864 865//865 
f 865//865 866//866 856//856 
f 846//846 867//867 864//864 
f 864//864 856//856 846//846 
f 866//866 868//868 856//856 
f 846//846 869//869 867//867 
f 868//868 863//863 856//856 
f 846//846 870//870 871//871 
f 846//846 872//872 870//870 
f 846//846 873//873 872//872 
f 846//846 874//874 873//873 
f 846//846 875//875 874//874 
f 846//846 845//845 876//876 
f 845//845 877//877 878//878 
f 878//878 879//879 845//845 
f 879//879 880//880 845//845 
f 880//880 881//881 845//845 
f 881//881 882//882 845//845 
f 882//882 883//883 845//845 
f 883//883 876//876 845//845 
f 876//876 875//875 846//846 
f 845//845 884//884 877//877 
f 871//871 885//885 846//846 
f 845//845 886//886 887//887 
f 886//886 888//888 889//889 
f 886//886 890//890 888//888 
f 889//889 887//887 886//886 
f 886//886 891//891 890//890 
f 887//887 892//892 845//845 
f 886//886 849//849 893//893 
f 893//893 894//894 886//886 
f 894//894 891//891 886//886 
f 892//892 884//884 845//845 
f 885//885 869//869 846//846 
f 862//862 857//857 856//856 
f 849//849 886//886 847//847 
f 846//846 895//895 844//844 
o mesh4400
v -0.266709 0.0656032 -0.0308195 
v -0.267281 0.0619931 -0.0308195 
v -0.267222 0.0621627 -0.0311097 
v -0.266678 0.0655983 -0.0311097 
v -0.267107 0.0622952 -0.0313863 
v -0.266585 0.0655837 -0.0313863 
v -0.26703 0.0623456 -0.0315144 
v -0.26694 0.0623861 -0.0316365 
v -0.266437 0.0655601 -0.0316365 
v -0.266841 0.0624148 -0.0317467 
v -0.266729 0.0624328 -0.0318484 
v -0.266239 0.0655287 -0.0318484 
v -0.266611 0.0624393 -0.0319363 
v -0.266484 0.0624346 -0.0320122 
v -0.266 0.0654909 -0.0320122 
v -0.266352 0.0624187 -0.0320738 
v -0.265732 0.0654484 -0.0321203 
v -0.265448 0.0654033 -0.0321675 
v -0.266216 0.062392 -0.0321203 
v -0.266077 0.0623542 -0.0321519 
v -0.26516 0.0653577 -0.0321517 
v -0.265938 0.0623069 -0.0321675 
v -0.265799 0.0622492 -0.0321675 
v -0.264882 0.0653137 -0.0320736 
v -0.265663 0.0621827 -0.0321517 
v -0.265528 0.0621063 -0.0321198 
v -0.264627 0.0652733 -0.0319369 
v -0.265403 0.0620239 -0.0320736 
v -0.264407 0.0652385 -0.0317479 
v -0.265172 0.0618362 -0.0319369 
v -0.264233 0.0652108 -0.0315155 
v -0.26498 0.0616266 -0.0317479 
v -0.264112 0.0651917 -0.0312505 
v -0.264836 0.0614033 -0.0315155 
v -0.26405 0.0651818 -0.0309655 
v -0.264748 0.0611757 -0.0312505 
v -0.26405 0.0651818 -0.0306735 
v -0.26472 0.060954 -0.0309655 
v -0.264112 0.0651917 -0.0303884 
v -0.264752 0.0607491 -0.0306735 
v -0.264233 0.0652108 -0.0301235 
v -0.264844 0.0605718 -0.0303884 
v -0.264407 0.0652385 -0.0298911 
v -0.265077 0.0603813 -0.0300075 
v -0.265178 0.0603407 -0.0298972 
v -0.26499 0.0604322 -0.0301235 
v -0.264627 0.0652733 -0.0297021 
v -0.265184 0.0603391 -0.0298914 
v -0.265294 0.0603116 -0.0297916 
v -0.264882 0.0653137 -0.0295654 
v -0.265416 0.0602978 -0.0297021 
v -0.265542 0.0602981 -0.0296268 
v -0.265811 0.0603411 -0.0295184 
v -0.265948 0.0603827 -0.0294873 
v -0.265674 0.0603125 -0.0295654 
v -0.26516 0.0653577 -0.0294873 
v -0.266087 0.0604378 -0.0294714 
v -0.266224 0.0605045 -0.0294715 
v -0.265448 0.0654033 -0.0294715 
v -0.266363 0.0605854 -0.029488 
v -0.266489 0.0606711 -0.0295187 
v -0.266229 0.0605072 -0.029472 
v -0.265732 0.0654484 -0.0295187 
v -0.266732 0.0608727 -0.0296267 
v -0.266 0.0654909 -0.0296267 
v -0.266941 0.0610978 -0.0297906 
v -0.266239 0.0655287 -0.0297906 
v -0.267107 0.0613343 -0.0300025 
v -0.266437 0.0655601 -0.0300025 
v -0.267222 0.0615697 -0.0302526 
v -0.266585 0.0655837 -0.0302526 
v -0.267281 0.0617926 -0.0305293 
v -0.266678 0.0655983 -0.0305293 
vn 0.987674 -0.156528 8.17201e-15 
vn 0.987674 -0.156528 8.17201e-15 
vn 0.964582 -0.152868 0.21497 
vn 0.964582 -0.152868 0.21497 
vn 0.896388 -0.142061 0.419889 
vn 0.896388 -0.142061 0.419889 
vn 0.846768 -0.134197 0.514757 
vn 0.78628 -0.124611 0.605174 
vn 0.78628 -0.124611 0.605174 
vn 0.717865 -0.113768 0.686824 
vn 0.639406 -0.101334 0.762162 
vn 0.639406 -0.101334 0.762162 
vn 0.554901 -0.0879415 0.827255 
vn 0.462635 -0.073319 0.883512 
vn 0.462635 -0.073319 0.883512 
vn 0.365246 -0.0578846 0.92911 
vn 0.264231 -0.0418756 0.96355 
vn 0.0534716 -0.00847425 0.998533 
vn 0.264231 -0.0418756 0.96355 
vn 0.158973 -0.0251943 0.986961 
vn -0.159788 0.0253234 0.986827 
vn 0.0534716 -0.00847425 0.998533 
vn -0.0538786 0.00853875 0.998511 
vn -0.365576 0.0579369 0.928977 
vn -0.159788 0.0253234 0.986827 
vn -0.26559 0.0420911 0.963167 
vn -0.55427 0.0878414 0.827689 
vn -0.365576 0.0579369 0.928977 
vn -0.717047 0.113638 0.687699 
vn -0.55427 0.0878414 0.827689 
vn -0.846295 0.134122 0.515554 
vn -0.717047 0.113638 0.687699 
vn -0.935972 0.148334 0.319302 
vn -0.846295 0.134122 0.515554 
vn -0.981884 0.15561 0.108119 
vn -0.935972 0.148334 0.319302 
vn -0.981884 0.15561 -0.108119 
vn -0.981884 0.15561 0.108119 
vn -0.935972 0.148334 -0.319302 
vn -0.981884 0.15561 -0.108119 
vn -0.846295 0.134122 -0.515554 
vn -0.935972 0.148334 -0.319302 
vn -0.717047 0.113638 -0.687699 
vn -0.789055 0.12505 -0.601461 
vn -0.721221 0.1143 -0.68321 
vn -0.846295 0.134122 -0.515554 
vn -0.55427 0.0878414 -0.827689 
vn -0.717058 0.11364 -0.687688 
vn -0.640265 0.10147 -0.761423 
vn -0.365576 0.0579369 -0.928977 
vn -0.55427 0.0878414 -0.827689 
vn -0.462644 0.0733204 -0.883507 
vn -0.263315 0.0417304 -0.963807 
vn -0.159788 0.0253234 -0.986827 
vn -0.365576 0.0579369 -0.928977 
vn -0.159788 0.0253234 -0.986827 
vn -0.0529927 0.00839836 -0.99856 
vn 0.0534716 -0.00847424 -0.998533 
vn 0.0534716 -0.00847424 -0.998533 
vn 0.163138 -0.0258544 -0.986264 
vn 0.264231 -0.0418756 -0.96355 
vn 0.0571441 -0.00905628 -0.998325 
vn 0.264231 -0.0418756 -0.96355 
vn 0.462635 -0.073319 -0.883512 
vn 0.462635 -0.073319 -0.883512 
vn 0.639406 -0.101334 -0.762162 
vn 0.639406 -0.101334 -0.762162 
vn 0.78628 -0.124611 -0.605174 
vn 0.78628 -0.124611 -0.605174 
vn 0.896388 -0.142061 -0.419889 
vn 0.896388 -0.142061 -0.419889 
vn 0.964582 -0.152868 -0.21497 
vn 0.964582 -0.152868 -0.21497 
f 896//896 897//897 898//898 
f 899//899 898//898 900//900 
f 901//901 902//902 903//903 
f 901//901 900//900 902//902 
f 904//904 905//905 906//906 
f 904//904 903//903 905//905 
f 907//907 908//908 909//909 
f 907//907 906//906 908//908 
f 910//910 909//909 911//911 
f 911//911 912//912 910//910 
f 913//913 912//912 914//914 
f 914//914 915//915 913//913 
f 916//916 913//913 917//917 
f 917//917 918//918 916//916 
f 919//919 916//916 920//920 
f 920//920 921//921 919//919 
f 922//922 919//919 923//923 
f 924//924 922//922 925//925 
f 926//926 924//924 927//927 
f 928//928 926//926 929//929 
f 930//930 928//928 931//931 
f 932//932 930//930 933//933 
f 934//934 932//932 935//935 
f 936//936 934//934 937//937 
f 938//938 939//939 940//940 
f 938//938 936//936 941//941 
f 941//941 939//939 938//938 
f 942//942 938//938 943//943 
f 943//943 944//944 942//942 
f 945//945 942//942 946//946 
f 946//946 947//947 945//945 
f 945//945 948//948 949//949 
f 945//945 950//950 948//948 
f 951//951 952//952 953//953 
f 951//951 949//949 952//952 
f 954//954 955//955 956//956 
f 954//954 957//957 955//955 
f 954//954 953//953 957//957 
f 958//958 956//956 959//959 
f 960//960 959//959 961//961 
f 962//962 961//961 963//963 
f 964//964 963//963 965//965 
f 966//966 965//965 967//967 
f 968//968 967//967 897//897 
f 897//897 896//896 968//968 
f 967//967 968//968 966//966 
f 965//965 966//966 964//964 
f 963//963 964//964 962//962 
f 961//961 962//962 960//960 
f 959//959 960//960 958//958 
f 956//956 958//958 954//954 
f 953//953 954//954 951//951 
f 949//949 951//951 945//945 
f 947//947 950//950 945//945 
f 944//944 946//946 942//942 
f 940//940 943//943 938//938 
f 937//937 941//941 936//936 
f 935//935 937//937 934//934 
f 933//933 935//935 932//932 
f 931//931 933//933 930//930 
f 929//929 931//931 928//928 
f 927//927 929//929 926//926 
f 925//925 927//927 924//924 
f 923//923 925//925 922//922 
f 921//921 923//923 919//919 
f 918//918 920//920 916//916 
f 915//915 917//917 913//913 
f 911//911 914//914 912//912 
f 909//909 910//910 907//907 
f 906//906 907//907 904//904 
f 903//903 904//904 901//901 
f 900//900 901//901 899//899 
f 898//898 899//899 896//896 
o mesh4401
v -0.285282 0.0597206 -0.0696612 
v -0.283917 0.0683304 -0.0696612 
v -0.283904 0.0683284 -0.0696352 
v -0.283708 0.0682973 -0.0692469 
v -0.285083 0.0596891 -0.0692626 
v -0.28506 0.0596855 -0.0692334 
v -0.283697 0.0682956 -0.0692324 
v -0.283528 0.0682688 -0.0690185 
v -0.284893 0.059659 -0.0690179 
v -0.284898 0.0596598 -0.0690223 
v -0.28354 0.0682706 -0.0690286 
v -0.284718 0.0596312 -0.0688661 
v -0.283354 0.0682412 -0.068865 
v -0.283353 0.0682411 -0.0688644 
v -0.283161 0.0682105 -0.0687554 
v -0.284525 0.0596007 -0.0687554 
v -0.284706 0.0596294 -0.068856 
v -0.282943 0.0681761 -0.06869 
v -0.284308 0.0595663 -0.0686886 
v -0.284314 0.0595673 -0.0686891 
v -0.282964 0.0681794 -0.0686922 
v -0.282713 0.0681395 -0.0686657 
v -0.284073 0.059529 -0.0686661 
v -0.282413 0.0680921 -0.0686958 
v -0.283778 0.0594824 -0.0686976 
v -0.283796 0.0594852 -0.0686923 
v -0.282708 0.0681389 -0.0686661 
v -0.284068 0.0595283 -0.0686657 
v -0.283356 0.0594154 -0.0688246 
v -0.281991 0.0680252 -0.0688246 
v -0.285269 0.0597185 -0.0696352 
vn 0.917156 -0.145352 -0.371075 
vn 0.917156 -0.145352 -0.371075 
vn 0.913486 -0.144771 -0.380243 
vn 0.826057 -0.130915 -0.548171 
vn 0.831498 -0.131777 -0.539673 
vn 0.820517 -0.130037 -0.556635 
vn 0.820517 -0.130037 -0.556635 
vn 0.710739 -0.112639 -0.694379 
vn 0.710739 -0.112639 -0.694379 
vn 0.714119 -0.113175 -0.690815 
vn 0.718491 -0.113867 -0.686152 
vn 0.567861 -0.0899953 -0.81819 
vn 0.567861 -0.0899953 -0.81819 
vn 0.567237 -0.0898965 -0.818634 
vn 0.389372 -0.0617082 -0.919011 
vn 0.389372 -0.0617082 -0.919011 
vn 0.556588 -0.0882088 -0.826093 
vn 0.189575 -0.0300441 -0.981406 
vn 0.189575 -0.0300441 -0.981406 
vn 0.194956 -0.0308969 -0.980325 
vn 0.207634 -0.032906 -0.977653 
vn 0.00225394 -0.000357207 -0.999997 
vn -0.000908754 0.000144021 -1 
vn -0.186808 0.0296055 -0.98195 
vn -0.186808 0.0296055 -0.98195 
vn -0.176977 0.0280475 -0.983815 
vn -0.000908754 0.000144021 -1 
vn -0.00409656 0.000649229 -0.999991 
vn -0.366501 0.0580836 -0.928603 
vn -0.366501 0.0580836 -0.928603 
vn 0.913486 -0.144771 -0.380243 
f 969//969 970//970 971//971 
f 971//971 972//972 973//973 
f 974//974 973//973 972//972 
f 972//972 975//975 974//974 
f 976//976 977//977 978//978 
f 978//978 975//975 979//979 
f 978//978 979//979 976//976 
f 980//980 977//977 976//976 
f 980//980 981//981 982//982 
f 983//983 984//984 985//985 
f 985//985 982//982 983//983 
f 986//986 987//987 988//988 
f 988//988 983//983 989//989 
f 988//988 989//989 986//986 
f 987//987 986//986 990//990 
f 990//990 991//991 987//987 
f 992//992 993//993 994//994 
f 994//994 995//995 992//992 
f 994//994 996//996 995//995 
f 997//997 993//993 992//992 
f 992//992 998//998 997//997 
f 996//996 991//991 995//995 
f 990//990 995//995 991//991 
f 988//988 984//984 983//983 
f 982//982 985//985 980//980 
f 976//976 981//981 980//980 
f 978//978 974//974 975//975 
f 973//973 999//999 971//971 
f 971//971 999//999 969//969 
o mesh4402
v -0.281 0.0590421 -0.0697776 
v -0.283356 0.0594154 -0.0688246 
v -0.281991 0.0680252 -0.0688246 
v -0.279636 0.0676519 -0.0697776 
vn -0.366501 0.0580836 -0.928603 
vn -0.366501 0.0580836 -0.928603 
vn -0.366501 0.0580836 -0.928603 
vn -0.366501 0.0580836 -0.928603 
f 1000//1000 1001//1001 1002//1002 
f 1002//1002 1003//1003 1000//1000 
o mesh4403
v -0.282858 0.0593366 -0.0635216 
v -0.278927 0.0587135 -0.0693326 
v -0.278693 0.0586764 -0.0690369 
v -0.279213 0.0587588 -0.0695764 
v -0.279897 0.0588672 -0.0698735 
v -0.27954 0.0588107 -0.0697591 
v -0.280641 0.0589851 -0.069883 
v -0.280268 0.0589261 -0.0699154 
v -0.281 0.0590421 -0.0697776 
v -0.283356 0.0594154 -0.0688246 
v -0.284314 0.0595673 -0.0686891 
v -0.284308 0.0595663 -0.0686886 
v -0.284898 0.0596598 -0.0690223 
v -0.284893 0.059659 -0.0690179 
v -0.285083 0.0596891 -0.0692626 
v -0.28506 0.0596855 -0.0692334 
v -0.285282 0.0597206 -0.0696612 
v -0.285269 0.0597185 -0.0696352 
v -0.278521 0.0586492 -0.0687008 
v -0.283796 0.0594852 -0.0686923 
v -0.283778 0.0594824 -0.0686976 
v -0.284073 0.059529 -0.0686661 
v -0.284718 0.0596312 -0.0688661 
v -0.284068 0.0595283 -0.0686657 
v -0.284706 0.0596294 -0.068856 
v -0.284525 0.0596007 -0.0687554 
v -0.277355 0.0584645 -0.065748 
vn -0.156528 -0.987674 -5.44049e-10 
vn -0.156528 -0.987674 -5.44049e-10 
vn -0.156528 -0.987674 -5.44049e-10 
vn -0.156528 -0.987674 -5.44049e-10 
vn -0.156528 -0.987674 -5.44049e-10 
vn -0.156528 -0.987674 -5.44049e-10 
vn -0.156528 -0.987674 -5.44049e-10 
vn -0.156528 -0.987674 -5.44049e-10 
vn -0.156528 -0.987674 -5.44049e-10 
vn -0.156528 -0.987674 -5.44049e-10 
vn -0.156528 -0.987674 -5.44049e-10 
vn -0.156528 -0.987674 -5.44049e-10 
vn -0.156528 -0.987674 -5.44049e-10 
vn -0.156528 -0.987674 -5.44049e-10 
vn -0.156528 -0.987674 -5.44049e-10 
vn -0.156528 -0.987674 -5.44049e-10 
vn -0.156528 -0.987674 -5.44049e-10 
vn -0.156528 -0.987674 -5.44049e-10 
vn -0.156528 -0.987674 -5.44049e-10 
vn -0.156528 -0.987674 -5.44049e-10 
vn -0.156528 -0.987674 -5.44049e-10 
vn -0.156528 -0.987674 -5.44049e-10 
vn -0.156528 -0.987674 -5.44049e-10 
vn -0.156528 -0.987674 -5.44049e-10 
vn -0.156528 -0.987674 -5.44049e-10 
vn -0.156528 -0.987674 -5.44049e-10 
vn -0.156528 -0.987674 -5.44049e-10 
f 1004//1004 1005//1005 1006//1006 
f 1004//1004 1007//1007 1005//1005 
f 1004//1004 1008//1008 1009//1009 
f 1009//1009 1007//1007 1004//1004 
f 1004//1004 1010//1010 1011//1011 
f 1011//1011 1008//1008 1004//1004 
f 1004//1004 1012//1012 1010//1010 
f 1004//1004 1013//1013 1012//1012 
f 1004//1004 1014//1014 1015//1015 
f 1004//1004 1016//1016 1017//1017 
f 1004//1004 1018//1018 1019//1019 
f 1004//1004 1020//1020 1021//1021 
f 1006//1006 1022//1022 1004//1004 
f 1004//1004 1023//1023 1024//1024 
f 1015//1015 1025//1025 1004//1004 
f 1017//1017 1026//1026 1004//1004 
f 1021//1021 1018//1018 1004//1004 
f 1024//1024 1013//1013 1004//1004 
f 1025//1025 1027//1027 1004//1004 
f 1004//1004 1028//1028 1029//1029 
f 1019//1019 1016//1016 1004//1004 
f 1027//1027 1023//1023 1004//1004 
f 1026//1026 1028//1028 1004//1004 
f 1029//1029 1014//1014 1004//1004 
f 1022//1022 1030//1030 1004//1004 
o mesh4404
v -0.277156 0.067259 -0.0687008 
v -0.275395 0.0619599 -0.0622707 
v -0.277355 0.0584645 -0.065748 
v -0.271202 0.0663152 -0.0536129 
v -0.273316 0.0646117 -0.0581717 
v -0.278521 0.0586492 -0.0687008 
vn 0.917156 -0.145352 -0.371075 
vn 0.917156 -0.145352 -0.371075 
vn 0.917156 -0.145352 -0.371075 
vn 0.917156 -0.145352 -0.371075 
vn 0.917156 -0.145352 -0.371075 
vn 0.917156 -0.145352 -0.371075 
f 1031//1031 1032//1032 1033//1033 
f 1031//1031 1034//1034 1035//1035 
f 1035//1035 1032//1032 1031//1031 
f 1033//1033 1036//1036 1031//1031 
o mesh4405
v -0.281 0.0590421 -0.0697776 
v -0.279636 0.0676519 -0.0697776 
v -0.279276 0.067595 -0.069883 
v -0.280641 0.0589851 -0.069883 
v -0.278904 0.0675359 -0.0699154 
v -0.280268 0.0589261 -0.0699154 
v -0.278532 0.067477 -0.0698735 
v -0.279897 0.0588672 -0.0698735 
v -0.278176 0.0674205 -0.0697591 
v -0.27954 0.0588107 -0.0697591 
v -0.277848 0.0673686 -0.0695764 
v -0.279213 0.0587588 -0.0695764 
v -0.277562 0.0673233 -0.0693326 
v -0.278927 0.0587135 -0.0693326 
v -0.277329 0.0672863 -0.0690369 
v -0.278693 0.0586764 -0.0690369 
v -0.277156 0.067259 -0.0687008 
v -0.278521 0.0586492 -0.0687008 
vn -0.366501 0.0580836 -0.928603 
vn -0.366501 0.0580836 -0.928603 
vn -0.180531 0.0286107 -0.983153 
vn -0.180531 0.0286107 -0.983153 
vn 0.0123775 -0.00196161 -0.999921 
vn 0.0123775 -0.00196161 -0.999921 
vn 0.20481 -0.0324586 -0.978263 
vn 0.20481 -0.0324586 -0.978263 
vn 0.389372 -0.0617082 -0.919011 
vn 0.389372 -0.0617082 -0.919011 
vn 0.55897 -0.0885864 -0.824442 
vn 0.55897 -0.0885864 -0.824442 
vn 0.707088 -0.11206 -0.69819 
vn 0.707088 -0.11206 -0.69819 
vn 0.828033 -0.131228 -0.545107 
vn 0.828033 -0.131228 -0.545107 
vn 0.917156 -0.145352 -0.371075 
vn 0.917156 -0.145352 -0.371075 
f 1037//1037 1038//1038 1039//1039 
f 1040//1040 1039//1039 1041//1041 
f 1042//1042 1041//1041 1043//1043 
f 1044//1044 1043//1043 1045//1045 
f 1046//1046 1045//1045 1047//1047 
f 1048//1048 1047//1047 1049//1049 
f 1050//1050 1049//1049 1051//1051 
f 1052//1052 1051//1051 1053//1053 
f 1053//1053 1054//1054 1052//1052 
f 1051//1051 1052//1052 1050//1050 
f 1049//1049 1050//1050 1048//1048 
f 1047//1047 1048//1048 1046//1046 
f 1045//1045 1046//1046 1044//1044 
f 1043//1043 1044//1044 1042//1042 
f 1041//1041 1042//1042 1040//1040 
f 1039//1039 1040//1040 1037//1037 
o mesh4406
v -0.26658 0.0655828 -0.0176496 
v -0.263955 0.0651669 -0.0190839 
v -0.263964 0.0651682 -0.0191118 
v -0.264112 0.0651917 -0.0198145 
v -0.264112 0.0651916 -0.0198211 
v -0.264083 0.065187 -0.0195114 
v -0.264086 0.0651876 -0.0195483 
v -0.263829 0.0651468 -0.0187629 
v -0.264086 0.0651876 -0.0200691 
v -0.264024 0.0651777 -0.0202681 
v -0.264088 0.0651878 -0.0200536 
v -0.265448 0.0654033 -0.0294715 
v -0.263757 0.0651354 -0.0206485 
v -0.263754 0.0651349 -0.0206518 
v -0.263916 0.0651606 -0.0204632 
v -0.263912 0.06516 -0.020468 
v -0.264627 0.0652733 -0.0297021 
v -0.25942 0.0644481 -0.0236329 
v -0.259422 0.0644483 -0.0236511 
v -0.259397 0.0644444 -0.0233599 
v -0.259395 0.0644442 -0.0233753 
v -0.277476 0.0673096 -0.0625777 
v -0.277848 0.0673686 -0.0695764 
v -0.278176 0.0674205 -0.0697591 
v -0.277191 0.0672645 -0.062625 
v -0.277562 0.0673233 -0.0693326 
v -0.265732 0.0654484 -0.0295187 
v -0.263129 0.0650359 -0.0210341 
v -0.260378 0.0646 -0.0221469 
v -0.264882 0.0653137 -0.0295654 
v -0.26516 0.0653577 -0.0294873 
v -0.263538 0.0651008 -0.0208226 
v -0.263522 0.0650982 -0.0208311 
v -0.259484 0.0644582 -0.0229129 
v -0.259418 0.0644478 -0.0231263 
v -0.259597 0.0644761 -0.0227139 
v -0.259583 0.064474 -0.0227299 
v -0.276903 0.0672189 -0.0626091 
v -0.277156 0.067259 -0.0687008 
v -0.278532 0.067477 -0.0698735 
v -0.278904 0.0675359 -0.0699154 
v -0.277982 0.0673899 -0.0623059 
v -0.282413 0.0680921 -0.0686958 
v -0.282708 0.0681389 -0.0686661 
v -0.277744 0.067352 -0.0624697 
v -0.281991 0.0680252 -0.0688246 
v -0.266 0.0654909 -0.0296267 
v -0.259544 0.0644677 -0.0240691 
v -0.259552 0.064469 -0.0240971 
v -0.259418 0.0644478 -0.0231272 
v -0.259751 0.0645005 -0.0225325 
v -0.259747 0.0645 -0.0225352 
v -0.265611 0.0654292 -0.0394482 
v -0.271114 0.0663014 -0.0372217 
v -0.266 0.0654909 -0.0320122 
v -0.277329 0.0672863 -0.0690369 
v -0.282713 0.0681395 -0.0686657 
v -0.282943 0.0681761 -0.06869 
v -0.266239 0.0655287 -0.0297906 
v -0.266437 0.0655601 -0.0300025 
v -0.259985 0.0645376 -0.0223482 
v -0.266239 0.0655287 -0.0318484 
v -0.275976 0.067072 -0.0619729 
v -0.275855 0.0670528 -0.061708 
v -0.279276 0.067595 -0.069883 
v -0.283354 0.0682412 -0.068865 
v -0.283528 0.0682688 -0.0690185 
v -0.282964 0.0681794 -0.0686922 
v -0.283161 0.0682105 -0.0687554 
v -0.265732 0.0654484 -0.0321203 
v -0.271202 0.0663152 -0.0536129 
v -0.276625 0.0671748 -0.0625311 
v -0.276371 0.0671345 -0.0623943 
v -0.279636 0.0676519 -0.0697776 
v -0.283353 0.0682411 -0.0688644 
v -0.276704 0.0671874 -0.0513865 
v -0.277476 0.0673096 -0.0599761 
v -0.277744 0.067352 -0.0600842 
v -0.264233 0.0652108 -0.0301235 
v -0.264407 0.0652385 -0.0298911 
v -0.265448 0.0654033 -0.0321675 
v -0.26516 0.0653577 -0.0321517 
v -0.266437 0.0655601 -0.0316365 
v -0.266678 0.0655983 -0.0311097 
v -0.266585 0.0655837 -0.0313863 
v -0.276151 0.0670996 -0.0622053 
v -0.286738 0.0687774 -0.0687228 
v -0.283708 0.0682973 -0.0692469 
v -0.283904 0.0683284 -0.0696352 
v -0.28354 0.0682706 -0.0690286 
v -0.283697 0.0682956 -0.0692324 
v -0.27818 0.0674213 -0.0620939 
v -0.277191 0.0672645 -0.0599289 
v -0.276625 0.0671748 -0.0600228 
v -0.276903 0.0672189 -0.0599447 
v -0.275976 0.067072 -0.0605809 
v -0.276151 0.0670996 -0.0603485 
v -0.266585 0.0655837 -0.0302526 
v -0.266678 0.0655983 -0.0305293 
v -0.264233 0.0652108 -0.0315155 
v -0.264112 0.0651917 -0.0312505 
v -0.266709 0.0656032 -0.0308195 
v -0.283917 0.0683304 -0.0696612 
v -0.27818 0.0674213 -0.0604599 
v -0.278329 0.0674448 -0.0607101 
v -0.276371 0.0671345 -0.0601596 
v -0.264112 0.0651917 -0.0303884 
v -0.264882 0.0653137 -0.0320736 
v -0.264627 0.0652733 -0.0319369 
v -0.277982 0.0673899 -0.060248 
v -0.26405 0.0651818 -0.0309655 
v -0.26405 0.0651818 -0.0306735 
v -0.264407 0.0652385 -0.0317479 
v -0.275793 0.067043 -0.0614229 
v -0.275793 0.067043 -0.061131 
v -0.283986 0.0683414 -0.069836 
v -0.278421 0.0674594 -0.0609867 
v -0.278421 0.0674594 -0.0615671 
v -0.278329 0.0674448 -0.0618438 
v -0.275855 0.0670528 -0.0608459 
v -0.278452 0.0674644 -0.0612769 
vn 0.156528 0.987674 5.44052e-10 
vn 0.156528 0.987674 5.44052e-10 
vn 0.156528 0.987674 5.44052e-10 
vn 0.156528 0.987674 5.44052e-10 
vn 0.156528 0.987674 5.44052e-10 
vn 0.156528 0.987674 5.44052e-10 
vn 0.156528 0.987674 5.44052e-10 
vn 0.156528 0.987674 5.44052e-10 
vn 0.156528 0.987674 5.44052e-10 
vn 0.156528 0.987674 5.44052e-10 
vn 0.156528 0.987674 5.44052e-10 
vn 0.156528 0.987674 5.44052e-10 
vn 0.156528 0.987674 5.44052e-10 
vn 0.156528 0.987674 5.44052e-10 
vn 0.156528 0.987674 5.44052e-10 
vn 0.156528 0.987674 5.44052e-10 
vn 0.156528 0.987674 5.44052e-10 
vn 0.156528 0.987674 5.44052e-10 
vn 0.156528 0.987674 5.44052e-10 
vn 0.156528 0.987674 5.44052e-10 
vn 0.156528 0.987674 5.44052e-10 
vn 0.156528 0.987674 5.44052e-10 
vn 0.156528 0.987674 5.44052e-10 
vn 0.156528 0.987674 5.44052e-10 
vn 0.156528 0.987674 5.44052e-10 
vn 0.156528 0.987674 5.44052e-10 
vn 0.156528 0.987674 5.44052e-10 
vn 0.156528 0.987674 5.44052e-10 
vn 0.156528 0.987674 5.44052e-10 
vn 0.156528 0.987674 5.44052e-10 
vn 0.156528 0.987674 5.44052e-10 
vn 0.156528 0.987674 5.44052e-10 
vn 0.156528 0.987674 5.44052e-10 
vn 0.156528 0.987674 5.44052e-10 
vn 0.156528 0.987674 5.44052e-10 
vn 0.156528 0.987674 5.44052e-10 
vn 0.156528 0.987674 5.44052e-10 
vn 0.156528 0.987674 5.44052e-10 
vn 0.156528 0.987674 5.44052e-10 
vn 0.156528 0.987674 5.44052e-10 
vn 0.156528 0.987674 5.44052e-10 
vn 0.156528 0.987674 5.44052e-10 
vn 0.156528 0.987674 5.44052e-10 
vn 0.156528 0.987674 5.44052e-10 
vn 0.156528 0.987674 5.44052e-10 
vn 0.156528 0.987674 5.44052e-10 
vn 0.156528 0.987674 5.44052e-10 
vn 0.156528 0.987674 5.44052e-10 
vn 0.156528 0.987674 5.44052e-10 
vn 0.156528 0.987674 5.44052e-10 
vn 0.156528 0.987674 5.44052e-10 
vn 0.156528 0.987674 5.44052e-10 
vn 0.156528 0.987674 5.44052e-10 
vn 0.156528 0.987674 5.44052e-10 
vn 0.156528 0.987674 5.44052e-10 
vn 0.156528 0.987674 5.44052e-10 
vn 0.156528 0.987674 5.44052e-10 
vn 0.156528 0.987674 5.44052e-10 
vn 0.156528 0.987674 5.44052e-10 
vn 0.156528 0.987674 5.44052e-10 
vn 0.156528 0.987674 5.44052e-10 
vn 0.156528 0.987674 5.44052e-10 
vn 0.156528 0.987674 5.44052e-10 
vn 0.156528 0.987674 5.44052e-10 
vn 0.156528 0.987674 5.44052e-10 
vn 0.156528 0.987674 5.44052e-10 
vn 0.156528 0.987674 5.44052e-10 
vn 0.156528 0.987674 5.44052e-10 
vn 0.156528 0.987674 5.44052e-10 
vn 0.156528 0.987674 5.44052e-10 
vn 0.156528 0.987674 5.44052e-10 
vn 0.156528 0.987674 5.44052e-10 
vn 0.156528 0.987674 5.44052e-10 
vn 0.156528 0.987674 5.44052e-10 
vn 0.156528 0.987674 5.44052e-10 
vn 0.156528 0.987674 5.44052e-10 
vn 0.156528 0.987674 5.44052e-10 
vn 0.156528 0.987674 5.44052e-10 
vn 0.156528 0.987674 5.44052e-10 
vn 0.156528 0.987674 5.44052e-10 
vn 0.156528 0.987674 5.44052e-10 
vn 0.156528 0.987674 5.44052e-10 
vn 0.156528 0.987674 5.44052e-10 
vn 0.156528 0.987674 5.44052e-10 
vn 0.156528 0.987674 5.44052e-10 
vn 0.156528 0.987674 5.44052e-10 
vn 0.156528 0.987674 5.44052e-10 
vn 0.156528 0.987674 5.44052e-10 
vn 0.156528 0.987674 5.44052e-10 
vn 0.156528 0.987674 5.44052e-10 
vn 0.156528 0.987674 5.44052e-10 
vn 0.156528 0.987674 5.44052e-10 
vn 0.156528 0.987674 5.44052e-10 
vn 0.156528 0.987674 5.44052e-10 
vn 0.156528 0.987674 5.44052e-10 
vn 0.156528 0.987674 5.44052e-10 
vn 0.156528 0.987674 5.44052e-10 
vn 0.156528 0.987674 5.44052e-10 
vn 0.156528 0.987674 5.44052e-10 
vn 0.156528 0.987674 5.44052e-10 
vn 0.156528 0.987674 5.44052e-10 
vn 0.156528 0.987674 5.44052e-10 
vn 0.156528 0.987674 5.44052e-10 
vn 0.156528 0.987674 5.44052e-10 
vn 0.156528 0.987674 5.44052e-10 
vn 0.156528 0.987674 5.44052e-10 
vn 0.156528 0.987674 5.44052e-10 
vn 0.156528 0.987674 5.44052e-10 
vn 0.156528 0.987674 5.44052e-10 
vn 0.156528 0.987674 5.44052e-10 
vn 0.156528 0.987674 5.44052e-10 
vn 0.156528 0.987674 5.44052e-10 
vn 0.156528 0.987674 5.44052e-10 
vn 0.156528 0.987674 5.44052e-10 
vn 0.156528 0.987674 5.44052e-10 
vn 0.156528 0.987674 5.44052e-10 
vn 0.156528 0.987674 5.44052e-10 
vn 0.156528 0.987674 5.44052e-10 
vn 0.156528 0.987674 5.44052e-10 
vn 0.156528 0.987674 5.44052e-10 
vn 0.156528 0.987674 5.44052e-10 
f 1055//1055 1056//1056 1057//1057 
f 1055//1055 1058//1058 1059//1059 
f 1055//1055 1060//1060 1061//1061 
f 1055//1055 1062//1062 1056//1056 
f 1055//1055 1063//1063 1064//1064 
f 1059//1059 1065//1065 1055//1055 
f 1057//1057 1060//1060 1055//1055 
f 1066//1066 1067//1067 1068//1068 
f 1066//1066 1069//1069 1070//1070 
f 1064//1064 1066//1066 1055//1055 
f 1061//1061 1058//1058 1055//1055 
f 1071//1071 1072//1072 1073//1073 
f 1071//1071 1074//1074 1075//1075 
f 1076//1076 1077//1077 1078//1078 
f 1076//1076 1079//1079 1080//1080 
f 1055//1055 1066//1066 1081//1081 
f 1070//1070 1067//1067 1066//1066 
f 1065//1065 1063//1063 1055//1055 
f 1082//1082 1083//1083 1084//1084 
f 1085//1085 1086//1086 1087//1087 
f 1075//1075 1072//1072 1071//1071 
f 1071//1071 1088//1088 1089//1089 
f 1071//1071 1090//1090 1091//1091 
f 1079//1079 1092//1092 1093//1093 
f 1076//1076 1094//1094 1095//1095 
f 1080//1080 1077//1077 1076//1076 
f 1096//1096 1097//1097 1098//1098 
f 1096//1096 1099//1099 1100//1100 
f 1081//1081 1101//1101 1055//1055 
f 1064//1064 1069//1069 1066//1066 
f 1087//1087 1082//1082 1085//1085 
f 1071//1071 1084//1084 1083//1083 
f 1071//1071 1102//1102 1103//1103 
f 1071//1071 1104//1104 1074//1074 
f 1091//1091 1088//1088 1071//1071 
f 1071//1071 1105//1105 1106//1106 
f 1107//1107 1108//1108 1109//1109 
f 1093//1093 1110//1110 1079//1079 
f 1078//1078 1094//1094 1076//1076 
f 1096//1096 1111//1111 1112//1112 
f 1100//1100 1097//1097 1096//1096 
f 1055//1055 1113//1113 1114//1114 
f 1068//1068 1085//1085 1066//1066 
f 1085//1085 1068//1068 1086//1086 
f 1083//1083 1115//1115 1071//1071 
f 1073//1073 1102//1102 1071//1071 
f 1106//1106 1090//1090 1071//1071 
f 1108//1108 1116//1116 1109//1109 
f 1093//1093 1117//1117 1118//1118 
f 1110//1110 1080//1080 1079//1079 
f 1095//1095 1119//1119 1076//1076 
f 1096//1096 1120//1120 1121//1121 
f 1096//1096 1122//1122 1123//1123 
f 1098//1098 1111//1111 1096//1096 
f 1101//1101 1113//1113 1055//1055 
f 1115//1115 1105//1105 1071//1071 
f 1089//1089 1104//1104 1071//1071 
f 1109//1109 1124//1124 1107//1107 
f 1118//1118 1125//1125 1093//1093 
f 1093//1093 1126//1126 1127//1127 
f 1119//1119 1128//1128 1076//1076 
f 1096//1096 1129//1129 1120//1120 
f 1112//1112 1122//1122 1096//1096 
f 1130//1130 1131//1131 1132//1132 
f 1084//1084 1085//1085 1082//1082 
f 1103//1103 1133//1133 1134//1134 
f 1107//1107 1135//1135 1136//1136 
f 1108//1108 1137//1137 1116//1116 
f 1108//1108 1138//1138 1139//1139 
f 1093//1093 1140//1140 1117//1117 
f 1092//1092 1126//1126 1093//1093 
f 1128//1128 1100//1100 1099//1099 
f 1123//1123 1129//1129 1096//1096 
f 1141//1141 1142//1142 1143//1143 
f 1141//1141 1144//1144 1145//1145 
f 1146//1146 1096//1096 1144//1144 
f 1130//1130 1147//1147 1131//1131 
f 1130//1130 1148//1148 1149//1149 
f 1130//1130 1150//1150 1151//1151 
f 1055//1055 1152//1152 1153//1153 
f 1103//1103 1134//1134 1071//1071 
f 1107//1107 1154//1154 1155//1155 
f 1124//1124 1135//1135 1107//1107 
f 1108//1108 1156//1156 1138//1138 
f 1127//1127 1140//1140 1093//1093 
f 1121//1121 1144//1144 1096//1096 
f 1143//1143 1157//1157 1141//1141 
f 1144//1144 1141//1141 1146//1146 
f 1130//1130 1158//1158 1159//1159 
f 1149//1149 1147//1147 1130//1130 
f 1151//1151 1160//1160 1130//1130 
f 1153//1153 1108//1108 1055//1055 
f 1103//1103 1161//1161 1133//1133 
f 1155//1155 1103//1103 1107//1107 
f 1107//1107 1162//1162 1163//1163 
f 1139//1139 1137//1137 1108//1108 
f 1099//1099 1076//1076 1128//1128 
f 1145//1145 1142//1142 1141//1141 
f 1130//1130 1164//1164 1158//1158 
f 1160//1160 1148//1148 1130//1130 
f 1114//1114 1152//1152 1055//1055 
f 1103//1103 1165//1165 1166//1166 
f 1107//1107 1167//1167 1154//1154 
f 1136//1136 1162//1162 1107//1107 
f 1125//1125 1168//1168 1169//1169 
f 1157//1157 1170//1170 1141//1141 
f 1141//1141 1159//1159 1171//1171 
f 1132//1132 1164//1164 1130//1130 
f 1166//1166 1161//1161 1103//1103 
f 1163//1163 1167//1167 1107//1107 
f 1118//1118 1168//1168 1125//1125 
f 1141//1141 1172//1172 1173//1173 
f 1159//1159 1141//1141 1130//1130 
f 1130//1130 1169//1169 1174//1174 
f 1141//1141 1055//1055 1108//1108 
f 1155//1155 1165//1165 1103//1103 
f 1173//1173 1146//1146 1141//1141 
f 1174//1174 1150//1150 1130//1130 
f 1153//1153 1156//1156 1108//1108 
f 1141//1141 1175//1175 1172//1172 
f 1108//1108 1130//1130 1141//1141 
f 1171//1171 1175//1175 1141//1141 
f 1169//1169 1130//1130 1125//1125 
o mesh4407
v -0.273316 0.0646117 -0.0581717 
v -0.271202 0.0663152 -0.0536129 
v -0.276704 0.0671874 -0.0513865 
v -0.275395 0.0619599 -0.0622707 
v -0.276526 0.062422 -0.0614229 
v -0.27663 0.0622023 -0.0617064 
v -0.276493 0.0626318 -0.061131 
v -0.276526 0.0628239 -0.0608459 
v -0.27678 0.063128 -0.0603485 
v -0.276694 0.0630628 -0.0604615 
v -0.276878 0.0631831 -0.0602486 
v -0.27699 0.0632295 -0.0601596 
v -0.277111 0.063266 -0.0600841 
v -0.277241 0.0632922 -0.0600228 
v -0.278819 0.0654838 -0.0559452 
v -0.277379 0.0633082 -0.0599761 
v -0.278123 0.0632276 -0.0599761 
v -0.277974 0.0632647 -0.0599451 
v -0.277821 0.063292 -0.0599289 
v -0.277671 0.0633081 -0.0599289 
v -0.277522 0.0633135 -0.0599447 
v -0.278414 0.0631216 -0.0600842 
v -0.276623 0.0629913 -0.0605809 
v -0.280898 0.062832 -0.0600442 
v -0.278913 0.0627983 -0.0604599 
v -0.278682 0.0629769 -0.060248 
v -0.279123 0.0625504 -0.0607621 
v -0.279098 0.0625925 -0.0607101 
v -0.279297 0.0621365 -0.0612769 
v -0.279228 0.0623684 -0.0609867 
v -0.282858 0.0593366 -0.0635216 
v -0.279301 0.0619084 -0.0615671 
v -0.279117 0.0615135 -0.0620939 
v -0.279187 0.061602 -0.0619713 
v -0.279035 0.0614375 -0.0622033 
v -0.278936 0.0613697 -0.0623059 
v -0.278829 0.061316 -0.0623933 
v -0.278707 0.0612739 -0.0624697 
v -0.277355 0.0584645 -0.065748 
v -0.278577 0.061246 -0.062531 
v -0.277536 0.0614284 -0.0625311 
v -0.277684 0.0613656 -0.0625771 
v -0.277839 0.0613124 -0.0626091 
v -0.27799 0.0612729 -0.0626248 
v -0.278145 0.0612452 -0.062625 
v -0.278293 0.0612316 -0.0626094 
v -0.278439 0.0612318 -0.0625777 
v -0.27725 0.0615854 -0.0623943 
v -0.27924 0.0616967 -0.0618438 
v -0.276995 0.0617739 -0.0622053 
v -0.276651 0.062159 -0.0617624 
v -0.276783 0.0619832 -0.0619729 
vn 0.0338779 -0.89931 0.435998 
vn -0.0453139 -0.963112 0.265257 
vn -0.0453139 -0.963112 0.265257 
vn 0.111732 -0.79999 0.589518 
vn 0.105347 -0.809572 0.57749 
vn 0.110681 -0.801585 0.587547 
vn 0.10038 -0.816841 0.568062 
vn 0.0959839 -0.823142 0.559665 
vn 0.0896418 -0.832014 0.547464 
vn 0.090892 -0.830285 0.549877 
vn 0.0886763 -0.833342 0.545598 
vn 0.0879703 -0.834309 0.544232 
vn 0.0875476 -0.834887 0.543414 
vn 0.0874087 -0.835077 0.543145 
vn 0.0338779 -0.89931 0.435998 
vn 0.087554 -0.834879 0.543426 
vn 0.0923816 -0.828213 0.552747 
vn 0.0909199 -0.830246 0.549931 
vn 0.0896624 -0.831985 0.547504 
vn 0.0886909 -0.833322 0.545627 
vn 0.0879808 -0.834295 0.544253 
vn 0.0960216 -0.823088 0.559737 
vn 0.0923518 -0.828254 0.55269 
vn 0.111732 -0.79999 0.589518 
vn 0.105395 -0.809501 0.577581 
vn 0.100424 -0.816777 0.568146 
vn 0.111732 -0.79999 0.589518 
vn 0.110711 -0.80154 0.587602 
vn 0.121395 -0.784974 0.607519 
vn 0.116128 -0.793235 0.597739 
vn 0.185173 -0.669075 0.719756 
vn 0.126257 -0.777178 0.616485 
vn 0.133848 -0.764684 0.630352 
vn 0.13226 -0.767331 0.627463 
vn 0.135135 -0.762525 0.632688 
vn 0.136194 -0.760741 0.634606 
vn 0.136936 -0.759487 0.635947 
vn 0.137395 -0.758707 0.636778 
vn 0.185173 -0.669075 0.719756 
vn 0.137545 -0.758453 0.637048 
vn 0.130443 -0.770338 0.624151 
vn 0.132225 -0.767388 0.627401 
vn 0.133821 -0.764729 0.630303 
vn 0.135113 -0.762562 0.632648 
vn 0.136177 -0.760769 0.634576 
vn 0.136924 -0.759505 0.635927 
vn 0.13739 -0.758716 0.636768 
vn 0.126215 -0.777247 0.616406 
vn 0.130479 -0.770279 0.624216 
vn 0.121347 -0.785049 0.607431 
vn 0.111732 -0.79999 0.589518 
vn 0.116078 -0.793313 0.597646 
f 1176//1176 1177//1177 1178//1178 
f 1179//1179 1180//1180 1181//1181 
f 1179//1179 1176//1176 1182//1182 
f 1176//1176 1183//1183 1182//1182 
f 1182//1182 1180//1180 1179//1179 
f 1176//1176 1184//1184 1185//1185 
f 1176//1176 1186//1186 1184//1184 
f 1176//1176 1187//1187 1186//1186 
f 1176//1176 1188//1188 1187//1187 
f 1176//1176 1189//1189 1188//1188 
f 1190//1190 1191//1191 1189//1189 
f 1190//1190 1192//1192 1193//1193 
f 1193//1193 1194//1194 1190//1190 
f 1194//1194 1195//1195 1190//1190 
f 1195//1195 1196//1196 1190//1190 
f 1196//1196 1191//1191 1190//1190 
f 1189//1189 1176//1176 1190//1190 
f 1190//1190 1197//1197 1192//1192 
f 1185//1185 1198//1198 1176//1176 
f 1199//1199 1200//1200 1201//1201 
f 1199//1199 1202//1202 1203//1203 
f 1203//1203 1200//1200 1199//1199 
f 1201//1201 1190//1190 1199//1199 
f 1201//1201 1197//1197 1190//1190 
f 1198//1198 1183//1183 1176//1176 
f 1199//1199 1204//1204 1205//1205 
f 1199//1199 1206//1206 1207//1207 
f 1207//1207 1204//1204 1199//1199 
f 1206//1206 1208//1208 1209//1209 
f 1206//1206 1210//1210 1208//1208 
f 1206//1206 1211//1211 1210//1210 
f 1206//1206 1212//1212 1211//1211 
f 1206//1206 1213//1213 1212//1212 
f 1206//1206 1214//1214 1215//1215 
f 1215//1215 1213//1213 1206//1206 
f 1214//1214 1216//1216 1217//1217 
f 1217//1217 1218//1218 1214//1214 
f 1218//1218 1219//1219 1214//1214 
f 1219//1219 1220//1220 1214//1214 
f 1220//1220 1221//1221 1214//1214 
f 1221//1221 1222//1222 1214//1214 
f 1222//1222 1215//1215 1214//1214 
f 1214//1214 1223//1223 1216//1216 
f 1209//1209 1224//1224 1206//1206 
f 1179//1179 1225//1225 1223//1223 
f 1179//1179 1226//1226 1227//1227 
f 1227//1227 1225//1225 1179//1179 
f 1223//1223 1214//1214 1179//1179 
f 1224//1224 1207//1207 1206//1206 
f 1205//1205 1202//1202 1199//1199 
f 1181//1181 1226//1226 1179//1179 
f 1178//1178 1190//1190 1176//1176 
o mesh4408
v -0.278421 0.0674594 -0.0615671 
v -0.278452 0.0674644 -0.0612769 
v -0.279297 0.0621365 -0.0612769 
v -0.278329 0.0674448 -0.0618438 
v -0.279301 0.0619084 -0.0615671 
v -0.27818 0.0674213 -0.0620939 
v -0.27924 0.0616967 -0.0618438 
v -0.279187 0.061602 -0.0619713 
v -0.277982 0.0673899 -0.0623059 
v -0.279117 0.0615135 -0.0620939 
v -0.279035 0.0614375 -0.0622033 
v -0.277744 0.067352 -0.0624697 
v -0.278936 0.0613697 -0.0623059 
v -0.278829 0.061316 -0.0623933 
v -0.278577 0.061246 -0.062531 
v -0.278439 0.0612318 -0.0625777 
v -0.278707 0.0612739 -0.0624697 
v -0.277476 0.0673096 -0.0625777 
v -0.278293 0.0612316 -0.0626094 
v -0.278145 0.0612452 -0.062625 
v -0.277191 0.0672645 -0.062625 
v -0.27799 0.0612729 -0.0626248 
v -0.277839 0.0613124 -0.0626091 
v -0.276903 0.0672189 -0.0626091 
v -0.277684 0.0613656 -0.0625771 
v -0.277536 0.0614284 -0.0625311 
v -0.276625 0.0671748 -0.0625311 
v -0.27725 0.0615854 -0.0623943 
v -0.276371 0.0671345 -0.0623943 
v -0.276995 0.0617739 -0.0622053 
v -0.276151 0.0670996 -0.0622053 
v -0.276783 0.0619832 -0.0619729 
v -0.275976 0.067072 -0.0619729 
v -0.276651 0.062159 -0.0617624 
v -0.27663 0.0622023 -0.0617064 
v -0.275855 0.0670528 -0.061708 
v -0.276526 0.062422 -0.0614229 
v -0.275793 0.067043 -0.0614229 
v -0.276493 0.0626318 -0.061131 
v -0.275793 0.067043 -0.061131 
v -0.276526 0.0628239 -0.0608459 
v -0.275855 0.0670528 -0.0608459 
v -0.276623 0.0629913 -0.0605809 
v -0.275976 0.067072 -0.0605809 
v -0.276694 0.0630628 -0.0604615 
v -0.27678 0.063128 -0.0603485 
v -0.276151 0.0670996 -0.0603485 
v -0.276878 0.0631831 -0.0602486 
v -0.27699 0.0632295 -0.0601596 
v -0.276371 0.0671345 -0.0601596 
v -0.277111 0.063266 -0.0600841 
v -0.277241 0.0632922 -0.0600228 
v -0.276903 0.0672189 -0.0599447 
v -0.276625 0.0671748 -0.0600228 
v -0.277379 0.0633082 -0.0599761 
v -0.277191 0.0672645 -0.0599289 
v -0.277522 0.0633135 -0.0599447 
v -0.277671 0.0633081 -0.0599289 
v -0.277476 0.0673096 -0.0599761 
v -0.277821 0.063292 -0.0599289 
v -0.277974 0.0632647 -0.0599451 
v -0.277744 0.067352 -0.0600842 
v -0.278123 0.0632276 -0.0599761 
v -0.277982 0.0673899 -0.060248 
v -0.278414 0.0631216 -0.0600842 
v -0.27818 0.0674213 -0.0604599 
v -0.278682 0.0629769 -0.060248 
v -0.278329 0.0674448 -0.0607101 
v -0.278913 0.0627983 -0.0604599 
v -0.278421 0.0674594 -0.0609867 
v -0.279098 0.0625925 -0.0607101 
v -0.279123 0.0625504 -0.0607621 
v -0.279228 0.0623684 -0.0609867 
vn 0.964582 -0.152868 0.21497 
vn 0.987674 -0.156528 3.03209e-15 
vn 0.987674 -0.156528 3.03209e-15 
vn 0.896388 -0.142061 0.419889 
vn 0.964582 -0.152868 0.21497 
vn 0.78628 -0.124611 0.605174 
vn 0.896388 -0.142061 0.419889 
vn 0.84701 -0.134235 0.514349 
vn 0.639406 -0.101334 0.762162 
vn 0.78628 -0.124611 0.605174 
vn 0.718451 -0.113861 0.686195 
vn 0.462635 -0.073319 0.883512 
vn 0.639406 -0.101334 0.762162 
vn 0.555387 -0.0880184 0.826921 
vn 0.365731 -0.0579616 0.928914 
vn 0.264231 -0.0418756 0.96355 
vn 0.462635 -0.073319 0.883512 
vn 0.264231 -0.0418756 0.96355 
vn 0.158505 -0.02512 0.987039 
vn 0.0534716 -0.00847425 0.998533 
vn 0.0534716 -0.00847425 0.998533 
vn -0.0555123 0.00879766 0.998419 
vn -0.159788 0.0253234 0.986827 
vn -0.159788 0.0253234 0.986827 
vn -0.265749 0.0421162 0.963122 
vn -0.365576 0.0579369 0.928977 
vn -0.365576 0.0579369 0.928977 
vn -0.55427 0.0878414 0.827689 
vn -0.55427 0.0878414 0.827689 
vn -0.717047 0.113638 0.687699 
vn -0.717047 0.113638 0.687699 
vn -0.846295 0.134122 0.515554 
vn -0.846295 0.134122 0.515554 
vn -0.921602 0.146057 0.359608 
vn -0.935861 0.148317 0.319635 
vn -0.935972 0.148334 0.319302 
vn -0.981884 0.15561 0.108119 
vn -0.981884 0.15561 0.108119 
vn -0.981884 0.15561 -0.108119 
vn -0.981884 0.15561 -0.108119 
vn -0.935972 0.148334 -0.319302 
vn -0.935972 0.148334 -0.319302 
vn -0.846295 0.134122 -0.515554 
vn -0.846295 0.134122 -0.515554 
vn -0.78717 0.124752 -0.603988 
vn -0.717047 0.113638 -0.687699 
vn -0.717047 0.113638 -0.687699 
vn -0.639952 0.10142 -0.761692 
vn -0.55427 0.0878414 -0.827689 
vn -0.55427 0.0878414 -0.827689 
vn -0.462464 0.0732918 -0.883604 
vn -0.365576 0.0579369 -0.928977 
vn -0.159788 0.0253234 -0.986827 
vn -0.365576 0.0579369 -0.928977 
vn -0.264036 0.0418448 -0.963605 
vn 0.0534716 -0.00847424 -0.998533 
vn -0.159788 0.0253234 -0.986827 
vn -0.0528864 0.0083815 -0.998565 
vn 0.264231 -0.0418756 -0.96355 
vn 0.0534716 -0.00847424 -0.998533 
vn 0.161437 -0.0255848 -0.986551 
vn 0.462635 -0.073319 -0.883512 
vn 0.264231 -0.0418756 -0.96355 
vn 0.639406 -0.101334 -0.762162 
vn 0.462635 -0.073319 -0.883512 
vn 0.78628 -0.124611 -0.605174 
vn 0.639406 -0.101334 -0.762162 
vn 0.896388 -0.142061 -0.419889 
vn 0.78628 -0.124611 -0.605174 
vn 0.964582 -0.152868 -0.21497 
vn 0.896388 -0.142061 -0.419889 
vn 0.912482 -0.144611 -0.382707 
vn 0.964582 -0.152868 -0.21497 
f 1228//1228 1229//1229 1230//1230 
f 1231//1231 1228//1228 1232//1232 
f 1233//1233 1231//1231 1234//1234 
f 1234//1234 1235//1235 1233//1233 
f 1236//1236 1233//1233 1237//1237 
f 1237//1237 1238//1238 1236//1236 
f 1239//1239 1236//1236 1240//1240 
f 1240//1240 1241//1241 1239//1239 
f 1239//1239 1242//1242 1243//1243 
f 1239//1239 1244//1244 1242//1242 
f 1245//1245 1246//1246 1247//1247 
f 1245//1245 1243//1243 1246//1246 
f 1248//1248 1249//1249 1250//1250 
f 1248//1248 1247//1247 1249//1249 
f 1251//1251 1252//1252 1253//1253 
f 1251//1251 1250//1250 1252//1252 
f 1254//1254 1253//1253 1255//1255 
f 1256//1256 1255//1255 1257//1257 
f 1258//1258 1257//1257 1259//1259 
f 1260//1260 1261//1261 1262//1262 
f 1260//1260 1259//1259 1261//1261 
f 1263//1263 1262//1262 1264//1264 
f 1265//1265 1264//1264 1266//1266 
f 1267//1267 1266//1266 1268//1268 
f 1269//1269 1268//1268 1270//1270 
f 1271//1271 1272//1272 1273//1273 
f 1271//1271 1270//1270 1272//1272 
f 1274//1274 1275//1275 1276//1276 
f 1274//1274 1273//1273 1275//1275 
f 1277//1277 1278//1278 1279//1279 
f 1277//1277 1276//1276 1278//1278 
f 1280//1280 1281//1281 1279//1279 
f 1279//1279 1282//1282 1280//1280 
f 1283//1283 1280//1280 1284//1284 
f 1284//1284 1285//1285 1283//1283 
f 1286//1286 1283//1283 1287//1287 
f 1287//1287 1288//1288 1286//1286 
f 1289//1289 1286//1286 1290//1290 
f 1291//1291 1289//1289 1292//1292 
f 1293//1293 1291//1291 1294//1294 
f 1295//1295 1293//1293 1296//1296 
f 1297//1297 1295//1295 1298//1298 
f 1298//1298 1299//1299 1297//1297 
f 1229//1229 1297//1297 1300//1300 
f 1300//1300 1230//1230 1229//1229 
f 1299//1299 1300//1300 1297//1297 
f 1296//1296 1298//1298 1295//1295 
f 1294//1294 1296//1296 1293//1293 
f 1292//1292 1294//1294 1291//1291 
f 1290//1290 1292//1292 1289//1289 
f 1288//1288 1290//1290 1286//1286 
f 1285//1285 1287//1287 1283//1283 
f 1282//1282 1284//1284 1280//1280 
f 1279//1279 1281//1281 1277//1277 
f 1276//1276 1277//1277 1274//1274 
f 1273//1273 1274//1274 1271//1271 
f 1270//1270 1271//1271 1269//1269 
f 1268//1268 1269//1269 1267//1267 
f 1266//1266 1267//1267 1265//1265 
f 1264//1264 1265//1265 1263//1263 
f 1262//1262 1263//1263 1260//1260 
f 1259//1259 1260//1260 1258//1258 
f 1257//1257 1258//1258 1256//1256 
f 1255//1255 1256//1256 1254//1254 
f 1253//1253 1254//1254 1251//1251 
f 1250//1250 1251//1251 1248//1248 
f 1247//1247 1248//1248 1245//1245 
f 1243//1243 1245//1245 1239//1239 
f 1241//1241 1244//1244 1239//1239 
f 1238//1238 1240//1240 1236//1236 
f 1235//1235 1237//1237 1233//1233 
f 1232//1232 1234//1234 1231//1231 
f 1230//1230 1232//1232 1228//1228 
o mesh4409
v -0.291927 0.0177862 -0.0696612 
v -0.290643 0.0258923 -0.0696612 
v -0.29063 0.0258902 -0.0696352 
v -0.290434 0.0258592 -0.0692469 
v -0.291729 0.0177547 -0.0692626 
v -0.291706 0.0177512 -0.0692334 
v -0.290423 0.0258574 -0.0692324 
v -0.290254 0.0258306 -0.0690185 
v -0.291539 0.0177247 -0.0690179 
v -0.291544 0.0177255 -0.0690223 
v -0.290265 0.0258324 -0.0690286 
v -0.291363 0.0176968 -0.0688661 
v -0.29008 0.025803 -0.068865 
v -0.290079 0.0258029 -0.0688644 
v -0.291171 0.0176664 -0.0687554 
v -0.291352 0.017695 -0.068856 
v -0.289669 0.025738 -0.06869 
v -0.290954 0.017632 -0.0686886 
v -0.29096 0.0176329 -0.0686891 
v -0.289886 0.0257724 -0.0687554 
v -0.28969 0.0257412 -0.0686922 
v -0.289438 0.0257014 -0.0686657 
v -0.290719 0.0175947 -0.0686661 
v -0.289434 0.0257007 -0.0686661 
v -0.290442 0.0175508 -0.0686923 
v -0.290714 0.017594 -0.0686657 
v -0.289139 0.0256539 -0.0686958 
v -0.290424 0.017548 -0.0686976 
v -0.290001 0.017481 -0.0688246 
v -0.288717 0.025587 -0.0688246 
v -0.291914 0.0177842 -0.0696352 
vn 0.917156 -0.145352 -0.371075 
vn 0.917156 -0.145352 -0.371075 
vn 0.913486 -0.144771 -0.380243 
vn 0.826057 -0.130915 -0.548171 
vn 0.831498 -0.131777 -0.539673 
vn 0.820517 -0.130037 -0.556635 
vn 0.820517 -0.130037 -0.556635 
vn 0.710739 -0.112639 -0.694379 
vn 0.710739 -0.112639 -0.694379 
vn 0.714119 -0.113175 -0.690815 
vn 0.718491 -0.113867 -0.686152 
vn 0.567861 -0.0899953 -0.81819 
vn 0.567861 -0.0899953 -0.81819 
vn 0.567237 -0.0898965 -0.818634 
vn 0.389372 -0.0617082 -0.919011 
vn 0.556588 -0.0882088 -0.826093 
vn 0.189575 -0.0300441 -0.981406 
vn 0.189575 -0.0300441 -0.981406 
vn 0.194956 -0.0308969 -0.980325 
vn 0.389372 -0.0617082 -0.919011 
vn 0.207634 -0.032906 -0.977653 
vn 0.00225394 -0.000357207 -0.999997 
vn -0.000908754 0.000144021 -1 
vn -0.000908754 0.000144021 -1 
vn -0.176977 0.0280475 -0.983815 
vn -0.00409656 0.000649229 -0.999991 
vn -0.186808 0.0296055 -0.98195 
vn -0.186808 0.0296055 -0.98195 
vn -0.366501 0.0580836 -0.928603 
vn -0.366501 0.0580836 -0.928603 
vn 0.913486 -0.144771 -0.380243 
f 1301//1301 1302//1302 1303//1303 
f 1303//1303 1304//1304 1305//1305 
f 1306//1306 1305//1305 1304//1304 
f 1304//1304 1307//1307 1306//1306 
f 1308//1308 1309//1309 1310//1310 
f 1310//1310 1307//1307 1311//1311 
f 1310//1310 1311//1311 1308//1308 
f 1312//1312 1309//1309 1308//1308 
f 1312//1312 1313//1313 1314//1314 
f 1314//1314 1315//1315 1316//1316 
f 1314//1314 1316//1316 1312//1312 
f 1317//1317 1318//1318 1319//1319 
f 1319//1319 1320//1320 1321//1321 
f 1319//1319 1321//1321 1317//1317 
f 1318//1318 1317//1317 1322//1322 
f 1322//1322 1323//1323 1318//1318 
f 1324//1324 1325//1325 1326//1326 
f 1327//1327 1328//1328 1325//1325 
f 1325//1325 1324//1324 1327//1327 
f 1329//1329 1328//1328 1327//1327 
f 1327//1327 1330//1330 1329//1329 
f 1326//1326 1323//1323 1324//1324 
f 1322//1322 1324//1324 1323//1323 
f 1319//1319 1315//1315 1320//1320 
f 1314//1314 1320//1320 1315//1315 
f 1308//1308 1313//1313 1312//1312 
f 1310//1310 1306//1306 1307//1307 
f 1305//1305 1331//1331 1303//1303 
f 1303//1303 1331//1331 1301//1301 
o mesh4410
v -0.286361 0.0252137 -0.0697776 
v -0.287646 0.0171077 -0.0697776 
v -0.290001 0.017481 -0.0688246 
v -0.288717 0.025587 -0.0688246 
vn -0.366501 0.0580836 -0.928603 
vn -0.366501 0.0580836 -0.928603 
vn -0.366501 0.0580836 -0.928603 
vn -0.366501 0.0580836 -0.928603 
f 1332//1332 1333//1333 1334//1334 
f 1334//1334 1335//1335 1332//1332 
o mesh4411
v -0.284574 0.0249304 -0.0695764 
v -0.284901 0.0249824 -0.0697591 
v -0.285258 0.0250389 -0.0698735 
v -0.286002 0.0251568 -0.069883 
v -0.283882 0.0248208 -0.0687008 
v -0.284054 0.0248481 -0.0690369 
v -0.28563 0.0250978 -0.0699154 
v -0.284288 0.0248851 -0.0693326 
v -0.286361 0.0252137 -0.0697776 
v -0.288063 0.0254835 -0.0631255 
v -0.28256 0.0246113 -0.065352 
v -0.288717 0.025587 -0.0688246 
v -0.290079 0.0258029 -0.0688644 
v -0.29008 0.025803 -0.068865 
v -0.289139 0.0256539 -0.0686958 
v -0.289434 0.0257007 -0.0686661 
v -0.290265 0.0258324 -0.0690286 
v -0.290423 0.0258574 -0.0692324 
v -0.290254 0.0258306 -0.0690185 
v -0.289438 0.0257014 -0.0686657 
v -0.289669 0.025738 -0.06869 
v -0.290434 0.0258592 -0.0692469 
v -0.29063 0.0258902 -0.0696352 
v -0.28969 0.0257412 -0.0686922 
v -0.289886 0.0257724 -0.0687554 
v -0.290643 0.0258923 -0.0696612 
vn 0.156528 0.987674 5.4405e-10 
vn 0.156528 0.987674 5.4405e-10 
vn 0.156528 0.987674 5.4405e-10 
vn 0.156528 0.987674 5.4405e-10 
vn 0.156528 0.987674 5.4405e-10 
vn 0.156528 0.987674 5.4405e-10 
vn 0.156528 0.987674 5.4405e-10 
vn 0.156528 0.987674 5.4405e-10 
vn 0.156528 0.987674 5.4405e-10 
vn 0.156528 0.987674 5.4405e-10 
vn 0.156528 0.987674 5.4405e-10 
vn 0.156528 0.987674 5.4405e-10 
vn 0.156528 0.987674 5.4405e-10 
vn 0.156528 0.987674 5.4405e-10 
vn 0.156528 0.987674 5.4405e-10 
vn 0.156528 0.987674 5.4405e-10 
vn 0.156528 0.987674 5.4405e-10 
vn 0.156528 0.987674 5.4405e-10 
vn 0.156528 0.987674 5.4405e-10 
vn 0.156528 0.987674 5.4405e-10 
vn 0.156528 0.987674 5.4405e-10 
vn 0.156528 0.987674 5.4405e-10 
vn 0.156528 0.987674 5.4405e-10 
vn 0.156528 0.987674 5.4405e-10 
vn 0.156528 0.987674 5.4405e-10 
vn 0.156528 0.987674 5.4405e-10 
f 1336//1336 1337//1337 1338//1338 
f 1339//1339 1340//1340 1341//1341 
f 1338//1338 1342//1342 1336//1336 
f 1341//1341 1343//1343 1339//1339 
f 1343//1343 1336//1336 1339//1339 
f 1342//1342 1339//1339 1336//1336 
f 1339//1339 1344//1344 1340//1340 
f 1345//1345 1346//1346 1340//1340 
f 1340//1340 1347//1347 1345//1345 
f 1345//1345 1348//1348 1349//1349 
f 1345//1345 1350//1350 1351//1351 
f 1344//1344 1347//1347 1340//1340 
f 1345//1345 1352//1352 1353//1353 
f 1349//1349 1354//1354 1345//1345 
f 1345//1345 1355//1355 1356//1356 
f 1347//1347 1350//1350 1345//1345 
f 1345//1345 1357//1357 1358//1358 
f 1354//1354 1352//1352 1345//1345 
f 1345//1345 1359//1359 1360//1360 
f 1351//1351 1355//1355 1345//1345 
f 1353//1353 1357//1357 1345//1345 
f 1356//1356 1359//1359 1345//1345 
f 1360//1360 1348//1348 1345//1345 
f 1358//1358 1361//1361 1345//1345 
o mesh4412
v -0.285167 0.0167148 -0.0687008 
v -0.283882 0.0248208 -0.0687008 
v -0.28256 0.0246113 -0.065352 
v -0.28177 0.0209143 -0.0619505 
v -0.28064 0.0179315 -0.0579896 
v -0.279212 0.0157711 -0.0536129 
vn 0.917156 -0.145352 -0.371075 
vn 0.917156 -0.145352 -0.371075 
vn 0.917156 -0.145352 -0.371075 
vn 0.917156 -0.145352 -0.371075 
vn 0.917156 -0.145352 -0.371075 
vn 0.917156 -0.145352 -0.371075 
f 1362//1362 1363//1363 1364//1364 
f 1364//1364 1365//1365 1362//1362 
f 1365//1365 1366//1366 1362//1362 
f 1366//1366 1367//1367 1362//1362 
o mesh4413
v -0.287646 0.0171077 -0.0697776 
v -0.286361 0.0252137 -0.0697776 
v -0.286002 0.0251568 -0.069883 
v -0.287287 0.0170508 -0.069883 
v -0.28563 0.0250978 -0.0699154 
v -0.286914 0.0169917 -0.0699154 
v -0.285258 0.0250389 -0.0698735 
v -0.286543 0.0169328 -0.0698735 
v -0.284901 0.0249824 -0.0697591 
v -0.286186 0.0168763 -0.0697591 
v -0.284574 0.0249304 -0.0695764 
v -0.285858 0.0168244 -0.0695764 
v -0.284288 0.0248851 -0.0693326 
v -0.285572 0.0167791 -0.0693326 
v -0.284054 0.0248481 -0.0690369 
v -0.285339 0.0167421 -0.0690369 
v -0.283882 0.0248208 -0.0687008 
v -0.285167 0.0167148 -0.0687008 
vn -0.366501 0.0580836 -0.928603 
vn -0.366501 0.0580836 -0.928603 
vn -0.180531 0.0286107 -0.983153 
vn -0.180531 0.0286107 -0.983153 
vn 0.0123775 -0.00196161 -0.999921 
vn 0.0123775 -0.00196161 -0.999921 
vn 0.20481 -0.0324586 -0.978263 
vn 0.20481 -0.0324586 -0.978263 
vn 0.389372 -0.0617082 -0.919011 
vn 0.389372 -0.0617082 -0.919011 
vn 0.55897 -0.0885864 -0.824442 
vn 0.55897 -0.0885864 -0.824442 
vn 0.707088 -0.11206 -0.69819 
vn 0.707088 -0.11206 -0.69819 
vn 0.828033 -0.131228 -0.545107 
vn 0.828033 -0.131228 -0.545107 
vn 0.917156 -0.145352 -0.371075 
vn 0.917156 -0.145352 -0.371075 
f 1368//1368 1369//1369 1370//1370 
f 1371//1371 1370//1370 1372//1372 
f 1373//1373 1372//1372 1374//1374 
f 1375//1375 1374//1374 1376//1376 
f 1377//1377 1376//1376 1378//1378 
f 1379//1379 1378//1378 1380//1380 
f 1381//1381 1380//1380 1382//1382 
f 1383//1383 1382//1382 1384//1384 
f 1384//1384 1385//1385 1383//1383 
f 1382//1382 1383//1383 1381//1381 
f 1380//1380 1381//1381 1379//1379 
f 1378//1378 1379//1379 1377//1377 
f 1376//1376 1377//1377 1375//1375 
f 1374//1374 1375//1375 1373//1373 
f 1372//1372 1373//1373 1371//1371 
f 1370//1370 1371//1371 1368//1368 
o mesh4414
v -0.285993 0.0168457 -0.0623059 
v -0.29096 0.0176329 -0.0686891 
v -0.290954 0.017632 -0.0686886 
v -0.290442 0.0175508 -0.0686923 
v -0.290424 0.017548 -0.0686976 
v -0.290719 0.0175947 -0.0686661 
v -0.291539 0.0177247 -0.0690179 
v -0.291363 0.0176968 -0.0688661 
v -0.272637 0.0147291 -0.0297021 
v -0.267494 0.013914 -0.0229129 
v -0.267602 0.0139311 -0.0227177 
v -0.26743 0.0139039 -0.0231274 
v -0.267432 0.0139041 -0.0231119 
v -0.285754 0.0168078 -0.0624697 
v -0.290714 0.017594 -0.0686657 
v -0.291352 0.017695 -0.068856 
v -0.291171 0.0176664 -0.0687554 
v -0.291544 0.0177255 -0.0690223 
v -0.267432 0.0139041 -0.0236327 
v -0.267405 0.0139 -0.0233665 
v -0.267554 0.0139235 -0.0240691 
v -0.267435 0.0139047 -0.0236696 
v -0.27459 0.0150386 -0.0176496 
v -0.272099 0.0146439 -0.0200546 
v -0.272099 0.0146439 -0.0200538 
v -0.286191 0.0168771 -0.0620939 
v -0.294748 0.0182332 -0.0687228 
v -0.291729 0.0177547 -0.0692626 
v -0.291706 0.0177512 -0.0692334 
v -0.291927 0.0177862 -0.0696612 
v -0.291914 0.0177842 -0.0696352 
v -0.285486 0.0167654 -0.0625777 
v -0.285858 0.0168244 -0.0695764 
v -0.285572 0.0167791 -0.0693326 
v -0.286543 0.0169328 -0.0698735 
v -0.286186 0.0168763 -0.0697591 
v -0.267406 0.0139001 -0.0233599 
v -0.272418 0.0146943 -0.0298911 
v -0.267562 0.0139249 -0.0240971 
v -0.272096 0.0146434 -0.0195299 
v -0.271974 0.014624 -0.0191119 
v -0.272123 0.0146475 -0.0198057 
v -0.272098 0.0146436 -0.0195481 
v -0.272121 0.0146473 -0.0198211 
v -0.273458 0.0148592 -0.0294715 
v -0.272034 0.0146335 -0.0202681 
v -0.27177 0.0145917 -0.0206458 
v -0.271921 0.0146156 -0.020467 
v -0.27317 0.0148135 -0.0294873 
v -0.271767 0.0145912 -0.0206484 
v -0.291996 0.0177972 -0.069836 
v -0.287646 0.0171077 -0.0697776 
v -0.287287 0.0170508 -0.069883 
v -0.286914 0.0169917 -0.0699154 
v -0.267606 0.0139317 -0.022713 
v -0.271139 0.0144917 -0.0210341 
v -0.272892 0.0147695 -0.0295654 
v -0.271966 0.0146227 -0.0190839 
v -0.271935 0.0146177 -0.0204511 
v -0.273621 0.0148851 -0.0394482 
v -0.273742 0.0149042 -0.0321203 
v -0.27401 0.0149467 -0.0320122 
v -0.290001 0.017481 -0.0688246 
v -0.268389 0.0140558 -0.0221469 
v -0.273458 0.0148592 -0.0321675 
v -0.272892 0.0147695 -0.0320736 
v -0.27317 0.0148135 -0.0321517 
v -0.285201 0.0167203 -0.062625 
v -0.285339 0.0167421 -0.0690369 
v -0.285167 0.0167148 -0.0687008 
v -0.267761 0.0139563 -0.0225325 
v -0.267764 0.0139568 -0.0225292 
v -0.26798 0.0139909 -0.0223584 
v -0.271533 0.0145541 -0.0208328 
v -0.279124 0.0157572 -0.0372217 
v -0.274249 0.0149845 -0.0318484 
v -0.284715 0.0166432 -0.0513865 
v -0.284914 0.0166747 -0.0599447 
v -0.284636 0.0166307 -0.0600228 
v -0.285993 0.0168457 -0.060248 
v -0.285754 0.0168078 -0.0600842 
v -0.267996 0.0139935 -0.0223499 
v -0.271839 0.0146026 -0.0187629 
v -0.27401 0.0149467 -0.0296267 
v -0.273742 0.0149042 -0.0295187 
v -0.274688 0.0150541 -0.0305293 
v -0.285201 0.0167203 -0.0599289 
v -0.285486 0.0167654 -0.0599761 
v -0.286339 0.0169006 -0.0607101 
v -0.284914 0.0166747 -0.0626091 
v -0.284381 0.0165903 -0.0623943 
v -0.284636 0.0166307 -0.0625311 
v -0.279212 0.0157711 -0.0536129 
v -0.283866 0.0165086 -0.061708 
v -0.274596 0.0150395 -0.0302526 
v -0.274447 0.0150159 -0.0300025 
v -0.274719 0.015059 -0.0308195 
v -0.272637 0.0147291 -0.0319369 
v -0.272243 0.0146666 -0.0315155 
v -0.272418 0.0146943 -0.0317479 
v -0.272122 0.0146475 -0.0312505 
v -0.284381 0.0165903 -0.0601596 
v -0.286191 0.0168771 -0.0604599 
v -0.283987 0.0165278 -0.0619729 
v -0.283804 0.0164988 -0.061131 
v -0.283804 0.0164988 -0.0614229 
v -0.272243 0.0146666 -0.0301235 
v -0.272122 0.0146475 -0.0303884 
v -0.274249 0.0149845 -0.0297906 
v -0.274688 0.0150541 -0.0311097 
v -0.274447 0.0150159 -0.0316365 
v -0.274596 0.0150395 -0.0313863 
v -0.27206 0.0146376 -0.0309655 
v -0.286431 0.0169152 -0.0609867 
v -0.284161 0.0165555 -0.0622053 
v -0.27206 0.0146376 -0.0306735 
v -0.286339 0.0169006 -0.0618438 
v -0.283987 0.0165278 -0.0605809 
v -0.283866 0.0165086 -0.0608459 
v -0.284161 0.0165555 -0.0603485 
v -0.286431 0.0169152 -0.0615671 
v -0.286463 0.0169202 -0.0612769 
vn -0.156528 -0.987674 -5.44049e-10 
vn -0.156528 -0.987674 -5.44049e-10 
vn -0.156528 -0.987674 -5.44049e-10 
vn -0.156528 -0.987674 -5.44049e-10 
vn -0.156528 -0.987674 -5.44049e-10 
vn -0.156528 -0.987674 -5.44049e-10 
vn -0.156528 -0.987674 -5.44049e-10 
vn -0.156528 -0.987674 -5.44049e-10 
vn -0.156528 -0.987674 -5.44049e-10 
vn -0.156528 -0.987674 -5.44049e-10 
vn -0.156528 -0.987674 -5.44049e-10 
vn -0.156528 -0.987674 -5.44049e-10 
vn -0.156528 -0.987674 -5.44049e-10 
vn -0.156528 -0.987674 -5.44049e-10 
vn -0.156528 -0.987674 -5.44049e-10 
vn -0.156528 -0.987674 -5.44049e-10 
vn -0.156528 -0.987674 -5.44049e-10 
vn -0.156528 -0.987674 -5.44049e-10 
vn -0.156528 -0.987674 -5.44049e-10 
vn -0.156528 -0.987674 -5.44049e-10 
vn -0.156528 -0.987674 -5.44049e-10 
vn -0.156528 -0.987674 -5.44049e-10 
vn -0.156528 -0.987674 -5.44049e-10 
vn -0.156528 -0.987674 -5.44049e-10 
vn -0.156528 -0.987674 -5.44049e-10 
vn -0.156528 -0.987674 -5.44049e-10 
vn -0.156528 -0.987674 -5.44049e-10 
vn -0.156528 -0.987674 -5.44049e-10 
vn -0.156528 -0.987674 -5.44049e-10 
vn -0.156528 -0.987674 -5.44049e-10 
vn -0.156528 -0.987674 -5.44049e-10 
vn -0.156528 -0.987674 -5.44049e-10 
vn -0.156528 -0.987674 -5.44049e-10 
vn -0.156528 -0.987674 -5.44049e-10 
vn -0.156528 -0.987674 -5.44049e-10 
vn -0.156528 -0.987674 -5.44049e-10 
vn -0.156528 -0.987674 -5.44049e-10 
vn -0.156528 -0.987674 -5.44049e-10 
vn -0.156528 -0.987674 -5.44049e-10 
vn -0.156528 -0.987674 -5.44049e-10 
vn -0.156528 -0.987674 -5.44049e-10 
vn -0.156528 -0.987674 -5.44049e-10 
vn -0.156528 -0.987674 -5.44049e-10 
vn -0.156528 -0.987674 -5.44049e-10 
vn -0.156528 -0.987674 -5.44049e-10 
vn -0.156528 -0.987674 -5.44049e-10 
vn -0.156528 -0.987674 -5.44049e-10 
vn -0.156528 -0.987674 -5.44049e-10 
vn -0.156528 -0.987674 -5.44049e-10 
vn -0.156528 -0.987674 -5.44049e-10 
vn -0.156528 -0.987674 -5.44049e-10 
vn -0.156528 -0.987674 -5.44049e-10 
vn -0.156528 -0.987674 -5.44049e-10 
vn -0.156528 -0.987674 -5.44049e-10 
vn -0.156528 -0.987674 -5.44049e-10 
vn -0.156528 -0.987674 -5.44049e-10 
vn -0.156528 -0.987674 -5.44049e-10 
vn -0.156528 -0.987674 -5.44049e-10 
vn -0.156528 -0.987674 -5.44049e-10 
vn -0.156528 -0.987674 -5.44049e-10 
vn -0.156528 -0.987674 -5.44049e-10 
vn -0.156528 -0.987674 -5.44049e-10 
vn -0.156528 -0.987674 -5.44049e-10 
vn -0.156528 -0.987674 -5.44049e-10 
vn -0.156528 -0.987674 -5.44049e-10 
vn -0.156528 -0.987674 -5.44049e-10 
vn -0.156528 -0.987674 -5.44049e-10 
vn -0.156528 -0.987674 -5.44049e-10 
vn -0.156528 -0.987674 -5.44049e-10 
vn -0.156528 -0.987674 -5.44049e-10 
vn -0.156528 -0.987674 -5.44049e-10 
vn -0.156528 -0.987674 -5.44049e-10 
vn -0.156528 -0.987674 -5.44049e-10 
vn -0.156528 -0.987674 -5.44049e-10 
vn -0.156528 -0.987674 -5.44049e-10 
vn -0.156528 -0.987674 -5.44049e-10 
vn -0.156528 -0.987674 -5.44049e-10 
vn -0.156528 -0.987674 -5.44049e-10 
vn -0.156528 -0.987674 -5.44049e-10 
vn -0.156528 -0.987674 -5.44049e-10 
vn -0.156528 -0.987674 -5.44049e-10 
vn -0.156528 -0.987674 -5.44049e-10 
vn -0.156528 -0.987674 -5.44049e-10 
vn -0.156528 -0.987674 -5.44049e-10 
vn -0.156528 -0.987674 -5.44049e-10 
vn -0.156528 -0.987674 -5.44049e-10 
vn -0.156528 -0.987674 -5.44049e-10 
vn -0.156528 -0.987674 -5.44049e-10 
vn -0.156528 -0.987674 -5.44049e-10 
vn -0.156528 -0.987674 -5.44049e-10 
vn -0.156528 -0.987674 -5.44049e-10 
vn -0.156528 -0.987674 -5.44049e-10 
vn -0.156528 -0.987674 -5.44049e-10 
vn -0.156528 -0.987674 -5.44049e-10 
vn -0.156528 -0.987674 -5.44049e-10 
vn -0.156528 -0.987674 -5.44049e-10 
vn -0.156528 -0.987674 -5.44049e-10 
vn -0.156528 -0.987674 -5.44049e-10 
vn -0.156528 -0.987674 -5.44049e-10 
vn -0.156528 -0.987674 -5.44049e-10 
vn -0.156528 -0.987674 -5.44049e-10 
vn -0.156528 -0.987674 -5.44049e-10 
vn -0.156528 -0.987674 -5.44049e-10 
vn -0.156528 -0.987674 -5.44049e-10 
vn -0.156528 -0.987674 -5.44049e-10 
vn -0.156528 -0.987674 -5.44049e-10 
vn -0.156528 -0.987674 -5.44049e-10 
vn -0.156528 -0.987674 -5.44049e-10 
vn -0.156528 -0.987674 -5.44049e-10 
vn -0.156528 -0.987674 -5.44049e-10 
vn -0.156528 -0.987674 -5.44049e-10 
vn -0.156528 -0.987674 -5.44049e-10 
vn -0.156528 -0.987674 -5.44049e-10 
vn -0.156528 -0.987674 -5.44049e-10 
vn -0.156528 -0.987674 -5.44049e-10 
vn -0.156528 -0.987674 -5.44049e-10 
vn -0.156528 -0.987674 -5.44049e-10 
vn -0.156528 -0.987674 -5.44049e-10 
vn -0.156528 -0.987674 -5.44049e-10 
vn -0.156528 -0.987674 -5.44049e-10 
vn -0.156528 -0.987674 -5.44049e-10 
vn -0.156528 -0.987674 -5.44049e-10 
f 1386//1386 1387//1387 1388//1388 
f 1386//1386 1389//1389 1390//1390 
f 1388//1388 1391//1391 1386//1386 
f 1386//1386 1392//1392 1393//1393 
f 1394//1394 1395//1395 1396//1396 
f 1394//1394 1397//1397 1398//1398 
f 1390//1390 1399//1399 1386//1386 
f 1391//1391 1400//1400 1386//1386 
f 1386//1386 1401//1401 1402//1402 
f 1386//1386 1403//1403 1392//1392 
f 1398//1398 1395//1395 1394//1394 
f 1394//1394 1404//1404 1405//1405 
f 1394//1394 1406//1406 1407//1407 
f 1408//1408 1409//1409 1410//1410 
f 1411//1411 1412//1412 1403//1403 
f 1412//1412 1413//1413 1414//1414 
f 1412//1412 1415//1415 1416//1416 
f 1400//1400 1389//1389 1386//1386 
f 1393//1393 1401//1401 1386//1386 
f 1417//1417 1418//1418 1419//1419 
f 1417//1417 1420//1420 1421//1421 
f 1394//1394 1422//1422 1397//1397 
f 1407//1407 1404//1404 1394//1394 
f 1394//1394 1423//1423 1424//1424 
f 1408//1408 1425//1425 1426//1426 
f 1408//1408 1427//1427 1428//1428 
f 1410//1410 1429//1429 1408//1408 
f 1408//1408 1430//1430 1431//1431 
f 1430//1430 1432//1432 1433//1433 
f 1430//1430 1434//1434 1435//1435 
f 1414//1414 1403//1403 1412//1412 
f 1412//1412 1436//1436 1415//1415 
f 1402//1402 1387//1387 1386//1386 
f 1437//1437 1417//1417 1399//1399 
f 1421//1421 1418//1418 1417//1417 
f 1417//1417 1438//1438 1439//1439 
f 1396//1396 1440//1440 1394//1394 
f 1424//1424 1406//1406 1394//1394 
f 1441//1441 1434//1434 1442//1442 
f 1426//1426 1443//1443 1408//1408 
f 1429//1429 1427//1427 1408//1408 
f 1430//1430 1444//1444 1431//1431 
f 1435//1435 1432//1432 1430//1430 
f 1445//1445 1446//1446 1447//1447 
f 1416//1416 1413//1413 1412//1412 
f 1399//1399 1448//1448 1437//1437 
f 1439//1439 1420//1420 1417//1417 
f 1405//1405 1422//1422 1394//1394 
f 1442//1442 1449//1449 1441//1441 
f 1428//1428 1425//1425 1408//1408 
f 1433//1433 1444//1444 1430//1430 
f 1445//1445 1450//1450 1446//1446 
f 1445//1445 1451//1451 1452//1452 
f 1390//1390 1448//1448 1399//1399 
f 1417//1417 1437//1437 1438//1438 
f 1453//1453 1454//1454 1455//1455 
f 1440//1440 1456//1456 1394//1394 
f 1449//1449 1442//1442 1394//1394 
f 1394//1394 1457//1457 1458//1458 
f 1441//1441 1459//1459 1434//1434 
f 1431//1431 1409//1409 1408//1408 
f 1460//1460 1447//1447 1461//1461 
f 1452//1452 1450//1450 1445//1445 
f 1462//1462 1463//1463 1464//1464 
f 1462//1462 1465//1465 1466//1466 
f 1419//1419 1453//1453 1417//1417 
f 1453//1453 1419//1419 1454//1454 
f 1456//1456 1457//1457 1394//1394 
f 1458//1458 1467//1467 1394//1394 
f 1443//1443 1468//1468 1408//1408 
f 1408//1408 1469//1469 1470//1470 
f 1408//1408 1460//1460 1471//1471 
f 1447//1447 1460//1460 1445//1445 
f 1462//1462 1472//1472 1463//1463 
f 1466//1466 1473//1473 1462//1462 
f 1462//1462 1412//1412 1474//1474 
f 1455//1455 1475//1475 1453//1453 
f 1455//1455 1476//1476 1477//1477 
f 1455//1455 1478//1478 1479//1479 
f 1394//1394 1467//1467 1449//1449 
f 1470//1470 1430//1430 1408//1408 
f 1408//1408 1480//1480 1481//1481 
f 1460//1460 1482//1482 1471//1471 
f 1445//1445 1483//1483 1451//1451 
f 1445//1445 1484//1484 1485//1485 
f 1445//1445 1424//1424 1486//1486 
f 1478//1478 1464//1464 1487//1487 
f 1473//1473 1472//1472 1462//1462 
f 1474//1474 1488//1488 1462//1462 
f 1477//1477 1475//1475 1455//1455 
f 1479//1479 1489//1489 1455//1455 
f 1478//1478 1490//1490 1491//1491 
f 1424//1424 1492//1492 1493//1493 
f 1459//1459 1435//1435 1434//1434 
f 1481//1481 1494//1494 1408//1408 
f 1460//1460 1495//1495 1482//1482 
f 1460//1460 1496//1496 1497//1497 
f 1485//1485 1483//1483 1445//1445 
f 1424//1424 1498//1498 1486//1486 
f 1464//1464 1478//1478 1462//1462 
f 1412//1412 1499//1499 1474//1474 
f 1455//1455 1500//1500 1476//1476 
f 1491//1491 1479//1479 1478//1478 
f 1423//1423 1492//1492 1424//1424 
f 1471//1471 1480//1480 1408//1408 
f 1461//1461 1496//1496 1460//1460 
f 1424//1424 1501//1501 1498//1498 
f 1488//1488 1465//1465 1462//1462 
f 1412//1412 1411//1411 1502//1502 
f 1489//1489 1500//1500 1455//1455 
f 1494//1494 1469//1469 1408//1408 
f 1486//1486 1484//1484 1445//1445 
f 1478//1478 1503//1503 1504//1504 
f 1487//1487 1505//1505 1478//1478 
f 1412//1412 1506//1506 1507//1507 
f 1403//1403 1386//1386 1411//1411 
f 1497//1497 1495//1495 1460//1460 
f 1412//1412 1462//1462 1460//1460 
f 1505//1505 1503//1503 1478//1478 
f 1502//1502 1506//1506 1412//1412 
f 1460//1460 1408//1408 1412//1412 
f 1507//1507 1499//1499 1412//1412 
f 1504//1504 1490//1490 1478//1478 
f 1493//1493 1501//1501 1424//1424 
o mesh4415
v -0.279212 0.0157711 -0.0536129 
v -0.28064 0.0179315 -0.0579896 
v -0.286143 0.0188036 -0.0557631 
v -0.285083 0.0210383 -0.0600842 
v -0.285293 0.0212587 -0.060248 
v -0.287273 0.0217864 -0.059724 
v -0.284572 0.0206928 -0.0599289 
v -0.284709 0.0207662 -0.0599451 
v -0.284435 0.0206315 -0.0599288 
v -0.284295 0.02058 -0.0599447 
v -0.284157 0.0205408 -0.059976 
v -0.28402 0.0205133 -0.0600228 
v -0.28334 0.0206085 -0.0605809 
v -0.28343 0.0205621 -0.060461 
v -0.283532 0.0205271 -0.0603485 
v -0.283642 0.020505 -0.0602484 
v -0.283762 0.0204952 -0.0601596 
v -0.283887 0.020498 -0.0600848 
v -0.284839 0.0208473 -0.0599761 
v -0.283196 0.0207375 -0.0608459 
v -0.28177 0.0209143 -0.0619505 
v -0.283105 0.0209099 -0.061131 
v -0.283072 0.0211206 -0.0614239 
v -0.283071 0.0211198 -0.0614229 
v -0.28256 0.0246113 -0.065352 
v -0.283317 0.0218812 -0.0622053 
v -0.28318 0.0216166 -0.0619729 
v -0.283097 0.0213587 -0.061708 
v -0.283502 0.0221393 -0.0623943 
v -0.283978 0.0225812 -0.0626091 
v -0.283846 0.0224821 -0.062577 
v -0.284109 0.0226656 -0.0626248 
v -0.284248 0.0227397 -0.062625 
v -0.284384 0.0227984 -0.0626093 
v -0.284523 0.0228432 -0.0625777 
v -0.284659 0.0228725 -0.0625308 
v -0.288063 0.0254835 -0.0631255 
v -0.284791 0.0228859 -0.0624697 
v -0.285428 0.0226488 -0.0618438 
v -0.285349 0.0227222 -0.0619711 
v -0.285255 0.0227849 -0.0620939 
v -0.285152 0.0228322 -0.0622041 
v -0.285038 0.0228658 -0.0623059 
v -0.284919 0.0228836 -0.0623935 
v -0.283725 0.0223771 -0.0625311 
v -0.285552 0.0224663 -0.0615671 
v -0.28557 0.021753 -0.0607101 
v -0.285625 0.0220062 -0.0609867 
v -0.285458 0.0215001 -0.0604599 
v -0.285618 0.0222481 -0.0612769 
v -0.285457 0.0214987 -0.0604587 
v -0.284715 0.0166432 -0.0513865 
vn 0.254698 0.929929 0.265257 
vn 0.308195 0.849013 0.429177 
vn 0.308195 0.849013 0.429177 
vn 0.345813 0.753066 0.559737 
vn 0.348048 0.745703 0.568146 
vn 0.350511 0.737297 0.577526 
vn 0.342516 0.763493 0.547504 
vn 0.343173 0.761454 0.549927 
vn 0.342008 0.765056 0.545637 
vn 0.341631 0.76621 0.544253 
vn 0.341405 0.766896 0.543427 
vn 0.341329 0.76713 0.543145 
vn 0.34392 0.759113 0.55269 
vn 0.343156 0.761506 0.549866 
vn 0.342505 0.763527 0.547464 
vn 0.341997 0.765091 0.545595 
vn 0.341625 0.766227 0.544232 
vn 0.341404 0.766902 0.54342 
vn 0.343935 0.759064 0.552747 
vn 0.345793 0.753128 0.559665 
vn 0.350511 0.737297 0.577526 
vn 0.348026 0.745777 0.568062 
vn 0.350511 0.737297 0.577526 
vn 0.350501 0.737329 0.57749 
vn 0.380111 0.598832 0.704923 
vn 0.358135 0.70906 0.607431 
vn 0.35568 0.718548 0.597646 
vn 0.353095 0.72812 0.587507 
vn 0.360352 0.700135 0.616406 
vn 0.363715 0.685878 0.630303 
vn 0.363016 0.688917 0.627386 
vn 0.364276 0.68341 0.632656 
vn 0.364732 0.681384 0.634576 
vn 0.365053 0.679946 0.635932 
vn 0.36525 0.679057 0.636768 
vn 0.365316 0.678759 0.637049 
vn 0.380111 0.598832 0.704923 
vn 0.365252 0.679046 0.636778 
vn 0.362253 0.69219 0.624216 
vn 0.363034 0.688841 0.627459 
vn 0.363727 0.685827 0.630352 
vn 0.364287 0.68336 0.632704 
vn 0.364739 0.681352 0.634606 
vn 0.365057 0.679927 0.63595 
vn 0.362237 0.692257 0.624151 
vn 0.360371 0.700057 0.616485 
vn 0.353119 0.728032 0.587602 
vn 0.355704 0.718458 0.597739 
vn 0.350525 0.737246 0.577581 
vn 0.358157 0.708974 0.607519 
vn 0.350511 0.737297 0.577526 
vn 0.254698 0.929929 0.265257 
f 1508//1508 1509//1509 1510//1510 
f 1510//1510 1511//1511 1512//1512 
f 1512//1512 1513//1513 1510//1510 
f 1510//1510 1514//1514 1515//1515 
f 1510//1510 1516//1516 1514//1514 
f 1510//1510 1517//1517 1516//1516 
f 1510//1510 1518//1518 1517//1517 
f 1510//1510 1509//1509 1519//1519 
f 1519//1519 1518//1518 1510//1510 
f 1509//1509 1520//1520 1521//1521 
f 1521//1521 1522//1522 1509//1509 
f 1522//1522 1523//1523 1509//1509 
f 1523//1523 1524//1524 1509//1509 
f 1524//1524 1525//1525 1509//1509 
f 1525//1525 1519//1519 1509//1509 
f 1515//1515 1526//1526 1510//1510 
f 1509//1509 1527//1527 1520//1520 
f 1526//1526 1511//1511 1510//1510 
f 1509//1509 1528//1528 1529//1529 
f 1528//1528 1530//1530 1531//1531 
f 1531//1531 1529//1529 1528//1528 
f 1529//1529 1527//1527 1509//1509 
f 1528//1528 1532//1532 1533//1533 
f 1533//1533 1534//1534 1528//1528 
f 1534//1534 1535//1535 1528//1528 
f 1532//1532 1536//1536 1533//1533 
f 1532//1532 1537//1537 1538//1538 
f 1532//1532 1539//1539 1537//1537 
f 1532//1532 1540//1540 1539//1539 
f 1532//1532 1541//1541 1540//1540 
f 1532//1532 1542//1542 1541//1541 
f 1532//1532 1543//1543 1542//1542 
f 1544//1544 1545//1545 1543//1543 
f 1544//1544 1546//1546 1547//1547 
f 1547//1547 1548//1548 1544//1544 
f 1548//1548 1549//1549 1544//1544 
f 1549//1549 1550//1550 1544//1544 
f 1550//1550 1551//1551 1544//1544 
f 1551//1551 1545//1545 1544//1544 
f 1543//1543 1532//1532 1544//1544 
f 1538//1538 1552//1552 1532//1532 
f 1544//1544 1553//1553 1546//1546 
f 1552//1552 1536//1536 1532//1532 
f 1544//1544 1554//1554 1555//1555 
f 1544//1544 1556//1556 1554//1554 
f 1555//1555 1557//1557 1544//1544 
f 1513//1513 1558//1558 1556//1556 
f 1556//1556 1544//1544 1513//1513 
f 1557//1557 1553//1553 1544//1544 
f 1535//1535 1530//1530 1528//1528 
f 1512//1512 1558//1558 1513//1513 
f 1510//1510 1559//1559 1508//1508 
o mesh4416
v -0.286463 0.0169202 -0.0612769 
v -0.285618 0.0222481 -0.0612769 
v -0.285625 0.0220062 -0.0609867 
v -0.286431 0.0169152 -0.0609867 
v -0.28557 0.021753 -0.0607101 
v -0.286339 0.0169006 -0.0607101 
v -0.285458 0.0215001 -0.0604599 
v -0.286191 0.0168771 -0.0604599 
v -0.285457 0.0214987 -0.0604587 
v -0.285993 0.0168457 -0.060248 
v -0.285293 0.0212587 -0.060248 
v -0.285083 0.0210383 -0.0600842 
v -0.285754 0.0168078 -0.0600842 
v -0.284839 0.0208473 -0.0599761 
v -0.285486 0.0167654 -0.0599761 
v -0.284709 0.0207662 -0.0599451 
v -0.284572 0.0206928 -0.0599289 
v -0.285201 0.0167203 -0.0599289 
v -0.284435 0.0206315 -0.0599288 
v -0.284295 0.02058 -0.0599447 
v -0.284914 0.0166747 -0.0599447 
v -0.284157 0.0205408 -0.059976 
v -0.28402 0.0205133 -0.0600228 
v -0.284381 0.0165903 -0.0601596 
v -0.284636 0.0166307 -0.0600228 
v -0.283887 0.020498 -0.0600848 
v -0.284161 0.0165555 -0.0603485 
v -0.283762 0.0204952 -0.0601596 
v -0.283642 0.020505 -0.0602484 
v -0.283987 0.0165278 -0.0605809 
v -0.283532 0.0205271 -0.0603485 
v -0.28343 0.0205621 -0.060461 
v -0.283866 0.0165086 -0.0608459 
v -0.28334 0.0206085 -0.0605809 
v -0.283804 0.0164988 -0.061131 
v -0.283196 0.0207375 -0.0608459 
v -0.283804 0.0164988 -0.0614229 
v -0.283105 0.0209099 -0.061131 
v -0.283866 0.0165086 -0.061708 
v -0.283071 0.0211198 -0.0614229 
v -0.283072 0.0211206 -0.0614239 
v -0.283987 0.0165278 -0.0619729 
v -0.283097 0.0213587 -0.061708 
v -0.284161 0.0165555 -0.0622053 
v -0.28318 0.0216166 -0.0619729 
v -0.284381 0.0165903 -0.0623943 
v -0.283317 0.0218812 -0.0622053 
v -0.284636 0.0166307 -0.0625311 
v -0.283502 0.0221393 -0.0623943 
v -0.284914 0.0166747 -0.0626091 
v -0.283725 0.0223771 -0.0625311 
v -0.283846 0.0224821 -0.062577 
v -0.285201 0.0167203 -0.062625 
v -0.283978 0.0225812 -0.0626091 
v -0.284109 0.0226656 -0.0626248 
v -0.285486 0.0167654 -0.0625777 
v -0.284248 0.0227397 -0.062625 
v -0.284384 0.0227984 -0.0626093 
v -0.285754 0.0168078 -0.0624697 
v -0.284523 0.0228432 -0.0625777 
v -0.284659 0.0228725 -0.0625308 
v -0.284919 0.0228836 -0.0623935 
v -0.285038 0.0228658 -0.0623059 
v -0.284791 0.0228859 -0.0624697 
v -0.285993 0.0168457 -0.0623059 
v -0.285152 0.0228322 -0.0622041 
v -0.285255 0.0227849 -0.0620939 
v -0.286191 0.0168771 -0.0620939 
v -0.285349 0.0227222 -0.0619711 
v -0.285428 0.0226488 -0.0618438 
v -0.286339 0.0169006 -0.0618438 
v -0.285552 0.0224663 -0.0615671 
v -0.286431 0.0169152 -0.0615671 
vn 0.987674 -0.156528 -4.82811e-24 
vn 0.987674 -0.156528 -4.82811e-24 
vn 0.964582 -0.152868 -0.21497 
vn 0.964582 -0.152868 -0.21497 
vn 0.896388 -0.142061 -0.419889 
vn 0.896388 -0.142061 -0.419889 
vn 0.78628 -0.124611 -0.605174 
vn 0.78628 -0.124611 -0.605174 
vn 0.785518 -0.12449 -0.606188 
vn 0.639406 -0.101334 -0.762162 
vn 0.639406 -0.101334 -0.762162 
vn 0.462635 -0.073319 -0.883512 
vn 0.462635 -0.073319 -0.883512 
vn 0.264231 -0.0418756 -0.96355 
vn 0.264231 -0.0418756 -0.96355 
vn 0.161282 -0.0255601 -0.986577 
vn 0.0534716 -0.00847424 -0.998533 
vn 0.0534716 -0.00847424 -0.998533 
vn -0.0522448 0.00827983 -0.9986 
vn -0.159788 0.0253234 -0.986827 
vn -0.159788 0.0253234 -0.986827 
vn -0.263986 0.0418369 -0.963619 
vn -0.365576 0.0579369 -0.928977 
vn -0.55427 0.0878414 -0.827689 
vn -0.365576 0.0579369 -0.928977 
vn -0.463447 0.0734478 -0.883075 
vn -0.717047 0.113638 -0.687699 
vn -0.55427 0.0878414 -0.827689 
vn -0.639763 0.10139 -0.761856 
vn -0.846295 0.134122 -0.515554 
vn -0.717047 0.113638 -0.687699 
vn -0.786888 0.124707 -0.604364 
vn -0.935972 0.148334 -0.319302 
vn -0.846295 0.134122 -0.515554 
vn -0.981884 0.15561 -0.108119 
vn -0.935972 0.148334 -0.319302 
vn -0.981884 0.15561 0.108119 
vn -0.981884 0.15561 -0.108119 
vn -0.935972 0.148334 0.319302 
vn -0.981884 0.15561 0.108119 
vn -0.981802 0.155597 0.108876 
vn -0.846295 0.134122 0.515554 
vn -0.935972 0.148334 0.319302 
vn -0.717047 0.113638 0.687699 
vn -0.846295 0.134122 0.515554 
vn -0.55427 0.0878414 0.827689 
vn -0.717047 0.113638 0.687699 
vn -0.365576 0.0579369 0.928977 
vn -0.55427 0.0878414 0.827689 
vn -0.159788 0.0253234 0.986827 
vn -0.365576 0.0579369 0.928977 
vn -0.266246 0.042195 0.962981 
vn 0.0534716 -0.00847425 0.998533 
vn -0.159788 0.0253234 0.986827 
vn -0.0551009 0.00873247 0.998443 
vn 0.264231 -0.0418756 0.96355 
vn 0.0534716 -0.00847425 0.998533 
vn 0.158999 -0.0251984 0.986957 
vn 0.462635 -0.073319 0.883512 
vn 0.264231 -0.0418756 0.96355 
vn 0.366119 -0.0580231 0.928757 
vn 0.555135 -0.0879785 0.827094 
vn 0.639406 -0.101334 0.762162 
vn 0.462635 -0.073319 0.883512 
vn 0.639406 -0.101334 0.762162 
vn 0.717913 -0.113776 0.686772 
vn 0.78628 -0.124611 0.605174 
vn 0.78628 -0.124611 0.605174 
vn 0.847092 -0.134248 0.514211 
vn 0.896388 -0.142061 0.419889 
vn 0.896388 -0.142061 0.419889 
vn 0.964582 -0.152868 0.21497 
vn 0.964582 -0.152868 0.21497 
f 1560//1560 1561//1561 1562//1562 
f 1563//1563 1562//1562 1564//1564 
f 1565//1565 1564//1564 1566//1566 
f 1567//1567 1566//1566 1568//1568 
f 1568//1568 1569//1569 1567//1567 
f 1569//1569 1570//1570 1571//1571 
f 1572//1572 1571//1571 1573//1573 
f 1574//1574 1575//1575 1576//1576 
f 1574//1574 1573//1573 1575//1575 
f 1577//1577 1578//1578 1579//1579 
f 1577//1577 1576//1576 1578//1578 
f 1580//1580 1581//1581 1582//1582 
f 1580//1580 1579//1579 1581//1581 
f 1583//1583 1584//1584 1582//1582 
f 1582//1582 1585//1585 1583//1583 
f 1586//1586 1583//1583 1587//1587 
f 1587//1587 1588//1588 1586//1586 
f 1589//1589 1586//1586 1590//1590 
f 1590//1590 1591//1591 1589//1589 
f 1592//1592 1589//1589 1593//1593 
f 1594//1594 1592//1592 1595//1595 
f 1596//1596 1594//1594 1597//1597 
f 1598//1598 1596//1596 1599//1599 
f 1599//1599 1600//1600 1598//1598 
f 1601//1601 1598//1598 1602//1602 
f 1603//1603 1601//1601 1604//1604 
f 1605//1605 1603//1603 1606//1606 
f 1607//1607 1605//1605 1608//1608 
f 1609//1609 1607//1607 1610//1610 
f 1610//1610 1611//1611 1609//1609 
f 1612//1612 1609//1609 1613//1613 
f 1613//1613 1614//1614 1612//1612 
f 1615//1615 1612//1612 1616//1616 
f 1616//1616 1617//1617 1615//1615 
f 1618//1618 1615//1615 1619//1619 
f 1619//1619 1620//1620 1618//1618 
f 1618//1618 1621//1621 1622//1622 
f 1618//1618 1623//1623 1621//1621 
f 1624//1624 1625//1625 1626//1626 
f 1624//1624 1622//1622 1625//1625 
f 1627//1627 1628//1628 1629//1629 
f 1627//1627 1626//1626 1628//1628 
f 1630//1630 1629//1629 1631//1631 
f 1632//1632 1631//1631 1561//1561 
f 1561//1561 1560//1560 1632//1632 
f 1631//1631 1632//1632 1630//1630 
f 1629//1629 1630//1630 1627//1627 
f 1626//1626 1627//1627 1624//1624 
f 1622//1622 1624//1624 1618//1618 
f 1620//1620 1623//1623 1618//1618 
f 1617//1617 1619//1619 1615//1615 
f 1614//1614 1616//1616 1612//1612 
f 1611//1611 1613//1613 1609//1609 
f 1608//1608 1610//1610 1607//1607 
f 1606//1606 1608//1608 1605//1605 
f 1604//1604 1606//1606 1603//1603 
f 1602//1602 1604//1604 1601//1601 
f 1600//1600 1602//1602 1598//1598 
f 1597//1597 1599//1599 1596//1596 
f 1595//1595 1597//1597 1594//1594 
f 1593//1593 1595//1595 1592//1592 
f 1591//1591 1593//1593 1589//1589 
f 1588//1588 1590//1590 1586//1586 
f 1585//1585 1587//1587 1583//1583 
f 1582//1582 1584//1584 1580//1580 
f 1579//1579 1580//1580 1577//1577 
f 1576//1576 1577//1577 1574//1574 
f 1573//1573 1574//1574 1572//1572 
f 1571//1571 1572//1572 1569//1569 
f 1568//1568 1570//1570 1569//1569 
f 1566//1566 1567//1567 1565//1565 
f 1564//1564 1565//1565 1563//1563 
f 1562//1562 1563//1563 1560//1560 
