# OBJ generated by ONSHAPE BY PTC INC, 1.221 Units = meters
mtllib Part_8_1.mtl
g Part 8
usemtl 0.615686_0.811765_0.929412_0.000000_0.000000
o mesh3749
v 0.32528 0.227803 0.0153234 
v 0.32528 0.229799 0.0151063 
v 0.3241 0.229799 0.0151063 
v 0.32528 0.225899 0.0159647 
v 0.3241 0.227803 0.0153234 
v 0.32528 0.224179 0.0170001 
v 0.3241 0.225899 0.0159647 
v 0.32528 0.222721 0.0183812 
v 0.3241 0.224179 0.0170001 
v 0.32528 0.221593 0.0200434 
v 0.3241 0.222721 0.0183812 
v 0.3241 0.221593 0.0200434 
v 0.3241 0.22085 0.0219091 
v 0.32528 0.220933 0.0217023 
v 0.32528 0.22085 0.0219091 
v 0.32528 0.220525 0.023891 
v 0.3241 0.220634 0.0258963 
v 0.32528 0.220634 0.0258963 
v 0.32528 0.220544 0.0242457 
v 0.3241 0.220525 0.023891 
v 0.3241 0.221171 0.0278314 
v 0.32528 0.221134 0.0276983 
v 0.32528 0.221171 0.0278314 
v 0.32528 0.222112 0.0296058 
v 0.3241 0.223412 0.0311365 
v 0.32528 0.223412 0.0311365 
v 0.32528 0.222563 0.0301365 
v 0.3241 0.222112 0.0296058 
v 0.32528 0.225011 0.0323518 
v 0.32528 0.226834 0.0331951 
v 0.3241 0.225011 0.0323518 
v 0.32528 0.228795 0.0336268 
v 0.3241 0.226834 0.0331951 
v 0.3241 0.228795 0.0336268 
v 0.3241 0.229799 0.0336813 
v 0.32528 0.230803 0.0336268 
v 0.32528 0.232765 0.0331951 
v 0.3241 0.230803 0.0336268 
v 0.32528 0.234587 0.0323518 
v 0.3241 0.232765 0.0331951 
v 0.32528 0.236186 0.0311365 
v 0.3241 0.234587 0.0323518 
v 0.3241 0.236186 0.0311365 
v 0.3241 0.237486 0.0296058 
v 0.32528 0.237036 0.0301365 
v 0.32528 0.237486 0.0296058 
v 0.32528 0.238427 0.0278314 
v 0.3241 0.238964 0.0258963 
v 0.32528 0.238964 0.0258963 
v 0.32528 0.238464 0.0276983 
v 0.3241 0.238427 0.0278314 
v 0.3241 0.239073 0.023891 
v 0.32528 0.239054 0.0242457 
v 0.32528 0.239073 0.023891 
v 0.32528 0.238748 0.0219091 
v 0.3241 0.238005 0.0200434 
v 0.32528 0.238005 0.0200434 
v 0.32528 0.238666 0.0217023 
v 0.3241 0.238748 0.0219091 
v 0.32528 0.236878 0.0183812 
v 0.32528 0.23542 0.0170001 
v 0.3241 0.236878 0.0183812 
v 0.32528 0.233699 0.0159647 
v 0.3241 0.23542 0.0170001 
v 0.32528 0.231796 0.0153234 
v 0.3241 0.233699 0.0159647 
v 0.3241 0.231796 0.0153234 
vn 0 0.21497 0.976621 
vn 0 2.44929e-16 1 
vn 0 2.44929e-16 1 
vn 0 0.419889 0.907575 
vn 0 0.21497 0.976621 
vn 0 0.605174 0.796093 
vn 0 0.419889 0.907575 
vn 0 0.762162 0.647386 
vn 0 0.605174 0.796093 
vn 0 0.883512 0.468408 
vn 0 0.762162 0.647386 
vn 0 0.883512 0.468408 
vn 0 0.96355 0.267528 
vn 0 0.956884 0.290469 
vn 0 0.96355 0.267528 
vn 0 0.998533 0.0541389 
vn 0 0.986827 -0.161782 
vn 0 0.986827 -0.161782 
vn 0 0.999872 0.0160011 
vn 0 0.998533 0.0541389 
vn 0 0.928977 -0.370138 
vn 0 0.934359 -0.356334 
vn 0 0.928977 -0.370138 
vn 0 0.827689 -0.561187 
vn 0 0.687699 -0.725995 
vn 0 0.687699 -0.725995 
vn 0 0.783316 -0.621623 
vn 0 0.827689 -0.561187 
vn 0 0.515554 -0.856857 
vn 0 0.319302 -0.947653 
vn 0 0.515554 -0.856857 
vn 0 0.108119 -0.994138 
vn 0 0.319302 -0.947653 
vn 0 0.108119 -0.994138 
vn 0 -1.22465e-16 -1 
vn 0 -0.108119 -0.994138 
vn 0 -0.319302 -0.947653 
vn 0 -0.108119 -0.994138 
vn 0 -0.515554 -0.856857 
vn 0 -0.319302 -0.947653 
vn 0 -0.687699 -0.725995 
vn 0 -0.515554 -0.856857 
vn 0 -0.687699 -0.725995 
vn 0 -0.827689 -0.561187 
vn 0 -0.783316 -0.621623 
vn 0 -0.827689 -0.561187 
vn 0 -0.928977 -0.370138 
vn 0 -0.986827 -0.161782 
vn 0 -0.986827 -0.161782 
vn 0 -0.934359 -0.356334 
vn 0 -0.928977 -0.370138 
vn 0 -0.998533 0.0541389 
vn 0 -0.999872 0.0160011 
vn 0 -0.998533 0.0541389 
vn 0 -0.96355 0.267528 
vn 0 -0.883512 0.468408 
vn 0 -0.883512 0.468408 
vn 0 -0.956884 0.290469 
vn 0 -0.96355 0.267528 
vn 0 -0.762162 0.647386 
vn 0 -0.605174 0.796093 
vn 0 -0.762162 0.647386 
vn 0 -0.419889 0.907575 
vn 0 -0.605174 0.796093 
vn 0 -0.21497 0.976621 
vn 0 -0.419889 0.907575 
vn 0 -0.21497 0.976621 
f 1//1 2//2 3//3 
f 4//4 1//1 5//5 
f 6//6 4//4 7//7 
f 8//8 6//6 9//9 
f 10//10 8//8 11//11 
f 12//12 13//13 14//14 
f 13//13 15//15 14//14 
f 16//16 15//15 13//13 
f 17//17 18//18 19//19 
f 19//19 20//20 17//17 
f 17//17 21//21 22//22 
f 21//21 23//23 22//22 
f 24//24 23//23 21//21 
f 25//25 26//26 27//27 
f 27//27 28//28 25//25 
f 29//29 26//26 25//25 
f 30//30 29//29 31//31 
f 32//32 30//30 33//33 
f 32//32 34//34 35//35 
f 35//35 36//36 32//32 
f 37//37 36//36 38//38 
f 39//39 37//37 40//40 
f 41//41 39//39 42//42 
f 43//43 44//44 45//45 
f 44//44 46//46 45//45 
f 47//47 46//46 44//44 
f 48//48 49//49 50//50 
f 50//50 51//51 48//48 
f 48//48 52//52 53//53 
f 52//52 54//54 53//53 
f 55//55 54//54 52//52 
f 56//56 57//57 58//58 
f 58//58 59//59 56//56 
f 60//60 57//57 56//56 
f 61//61 60//60 62//62 
f 63//63 61//61 64//64 
f 65//65 63//63 66//66 
f 2//2 65//65 67//67 
f 67//67 3//3 2//2 
f 66//66 67//67 65//65 
f 64//64 66//66 63//63 
f 62//62 64//64 61//61 
f 56//56 62//62 60//60 
f 58//58 55//55 59//59 
f 52//52 59//59 55//55 
f 53//53 49//49 48//48 
f 50//50 47//47 51//51 
f 44//44 51//51 47//47 
f 45//45 41//41 43//43 
f 42//42 43//43 41//41 
f 40//40 42//42 39//39 
f 38//38 40//40 37//37 
f 35//35 38//38 36//36 
f 33//33 34//34 32//32 
f 31//31 33//33 30//30 
f 25//25 31//31 29//29 
f 27//27 24//24 28//28 
f 21//21 28//28 24//24 
f 22//22 18//18 17//17 
f 19//19 16//16 20//20 
f 13//13 20//20 16//16 
f 14//14 10//10 12//12 
f 11//11 12//12 10//10 
f 9//9 11//11 8//8 
f 7//7 9//9 6//6 
f 5//5 7//7 4//4 
f 3//3 5//5 1//1 
o mesh3750
v 0.3241 0.237017 0.0123978 
v 0.3241 0.233699 0.0159647 
v 0.3241 0.23542 0.0170001 
v 0.3241 0.234269 0.0111266 
v 0.3241 0.231796 0.0153234 
v 0.3241 0.231313 0.0104759 
v 0.3241 0.229799 0.0151063 
v 0.3241 0.228285 0.0104759 
v 0.3241 0.227803 0.0153234 
v 0.3241 0.238272 0.0355391 
v 0.3241 0.240469 0.0334572 
v 0.3241 0.236186 0.0311365 
v 0.3241 0.242168 0.0309515 
v 0.3241 0.237486 0.0296058 
v 0.3241 0.241387 0.0165372 
v 0.3241 0.236878 0.0183812 
v 0.3241 0.238005 0.0200434 
v 0.3241 0.239427 0.0142298 
v 0.3241 0.225329 0.0111266 
v 0.3241 0.225899 0.0159647 
v 0.3241 0.222581 0.0123978 
v 0.3241 0.224179 0.0170001 
v 0.3241 0.235678 0.0370998 
v 0.3241 0.234587 0.0323518 
v 0.3241 0.242805 0.0192119 
v 0.3241 0.238748 0.0219091 
v 0.3241 0.220171 0.0142298 
v 0.3241 0.222721 0.0183812 
v 0.3241 0.218211 0.0165372 
v 0.3241 0.221593 0.0200434 
v 0.3241 0.229799 0.0383938 
v 0.3241 0.232809 0.0380665 
v 0.3241 0.230803 0.0336268 
v 0.3241 0.232765 0.0331951 
v 0.3241 0.243289 0.0281392 
v 0.3241 0.238427 0.0278314 
v 0.3241 0.216793 0.0192119 
v 0.3241 0.22085 0.0219091 
v 0.3241 0.243779 0.0251517 
v 0.3241 0.238964 0.0258963 
v 0.3241 0.243615 0.0221288 
v 0.3241 0.239073 0.023891 
v 0.3241 0.215984 0.0221288 
v 0.3241 0.220525 0.023891 
v 0.3241 0.219129 0.0334572 
v 0.3241 0.221327 0.0355391 
v 0.3241 0.223412 0.0311365 
v 0.3241 0.223921 0.0370998 
v 0.3241 0.225011 0.0323518 
v 0.3241 0.21582 0.0251517 
v 0.3241 0.216309 0.0281392 
v 0.3241 0.220634 0.0258963 
v 0.3241 0.21743 0.0309515 
v 0.3241 0.222112 0.0296058 
v 0.3241 0.221171 0.0278314 
v 0.3241 0.22679 0.0380665 
v 0.3241 0.226834 0.0331951 
v 0.3241 0.229799 0.0336813 
v 0.3241 0.228795 0.0336268 
vn -1 0 0 
vn -1 0 0 
vn -1 0 0 
vn -1 0 0 
vn -1 0 0 
vn -1 0 0 
vn -1 0 0 
vn -1 0 0 
vn -1 0 0 
vn -1 0 0 
vn -1 0 0 
vn -1 0 0 
vn -1 0 0 
vn -1 0 0 
vn -1 0 0 
vn -1 0 0 
vn -1 0 0 
vn -1 0 0 
vn -1 0 0 
vn -1 0 0 
vn -1 0 0 
vn -1 0 0 
vn -1 0 0 
vn -1 0 0 
vn -1 0 0 
vn -1 0 0 
vn -1 0 0 
vn -1 0 0 
vn -1 0 0 
vn -1 0 0 
vn -1 0 0 
vn -1 0 0 
vn -1 0 0 
vn -1 0 0 
vn -1 0 0 
vn -1 0 0 
vn -1 0 0 
vn -1 0 0 
vn -1 0 0 
vn -1 0 0 
vn -1 0 0 
vn -1 0 0 
vn -1 0 0 
vn -1 0 0 
vn -1 0 0 
vn -1 0 0 
vn -1 0 0 
vn -1 0 0 
vn -1 0 0 
vn -1 0 0 
vn -1 0 0 
vn -1 0 0 
vn -1 0 0 
vn -1 0 0 
vn -1 0 0 
vn -1 0 0 
vn -1 0 0 
vn -1 0 0 
vn -1 0 0 
f 68//68 69//69 70//70 
f 71//71 72//72 69//69 
f 73//73 74//74 72//72 
f 75//75 76//76 74//74 
f 77//77 78//78 79//79 
f 78//78 80//80 81//81 
f 82//82 83//83 84//84 
f 85//85 70//70 83//83 
f 69//69 68//68 71//71 
f 74//74 73//73 75//75 
f 86//86 87//87 76//76 
f 88//88 89//89 87//87 
f 90//90 77//77 91//91 
f 81//81 79//79 78//78 
f 92//92 84//84 93//93 
f 83//83 82//82 85//85 
f 72//72 71//71 73//73 
f 87//87 86//86 88//88 
f 94//94 95//95 89//89 
f 96//96 97//97 95//95 
f 98//98 99//99 100//100 
f 99//99 90//90 101//101 
f 79//79 91//91 77//77 
f 80//80 102//102 103//103 
f 84//84 92//92 82//82 
f 76//76 75//75 86//86 
f 95//95 94//94 96//96 
f 104//104 105//105 97//97 
f 101//101 100//100 99//99 
f 103//103 81//81 80//80 
f 102//102 106//106 107//107 
f 108//108 93//93 109//109 
f 70//70 85//85 68//68 
f 97//97 96//96 104//104 
f 110//110 111//111 105//105 
f 112//112 113//113 114//114 
f 113//113 115//115 116//116 
f 91//91 101//101 90//90 
f 106//106 109//109 107//107 
f 93//93 108//108 92//92 
f 105//105 104//104 110//110 
f 117//117 118//118 119//119 
f 120//120 112//112 121//121 
f 116//116 114//114 113//113 
f 107//107 103//103 102//102 
f 89//89 88//88 94//94 
f 111//111 110//110 117//117 
f 118//118 120//120 122//122 
f 114//114 121//121 112//112 
f 115//115 123//123 124//124 
f 98//98 125//125 126//126 
f 109//109 106//106 108//108 
f 122//122 119//119 118//118 
f 124//124 116//116 115//115 
f 126//126 123//123 98//98 
f 119//119 111//111 117//117 
f 126//126 124//124 123//123 
f 121//121 122//122 120//120 
f 100//100 125//125 98//98 
o mesh3751
v 0.316 0.22679 0.0380665 
v 0.316 0.229799 0.0383938 
v 0.3241 0.229799 0.0383938 
v 0.316 0.223921 0.0370998 
v 0.3241 0.22679 0.0380665 
v 0.316 0.221327 0.0355391 
v 0.3241 0.223921 0.0370998 
v 0.316 0.219129 0.0334572 
v 0.3241 0.221327 0.0355391 
v 0.316 0.21743 0.0309515 
v 0.3241 0.219129 0.0334572 
v 0.316 0.216309 0.0281392 
v 0.3241 0.21743 0.0309515 
v 0.316 0.21582 0.0251517 
v 0.3241 0.216309 0.0281392 
v 0.3241 0.215984 0.0221288 
v 0.316 0.215984 0.0221288 
v 0.316 0.2159 0.0236744 
v 0.3241 0.21582 0.0251517 
v 0.316 0.216793 0.0192119 
v 0.316 0.218211 0.0165372 
v 0.3241 0.216793 0.0192119 
v 0.316 0.220171 0.0142298 
v 0.3241 0.218211 0.0165372 
v 0.316 0.222581 0.0123978 
v 0.3241 0.220171 0.0142298 
v 0.316 0.225329 0.0111266 
v 0.3241 0.222581 0.0123978 
v 0.316 0.228285 0.0104759 
v 0.3241 0.225329 0.0111266 
v 0.316 0.231313 0.0104759 
v 0.3241 0.228285 0.0104759 
v 0.316 0.234269 0.0111266 
v 0.3241 0.231313 0.0104759 
v 0.316 0.237017 0.0123978 
v 0.3241 0.234269 0.0111266 
v 0.316 0.239427 0.0142298 
v 0.3241 0.237017 0.0123978 
v 0.316 0.241387 0.0165372 
v 0.3241 0.239427 0.0142298 
v 0.316 0.242805 0.0192119 
v 0.3241 0.241387 0.0165372 
v 0.316 0.243615 0.0221288 
v 0.3241 0.242805 0.0192119 
v 0.3241 0.243615 0.0221288 
v 0.3241 0.243779 0.0251517 
v 0.316 0.243698 0.0236744 
v 0.316 0.243779 0.0251517 
v 0.316 0.243289 0.0281392 
v 0.316 0.242168 0.0309515 
v 0.3241 0.243289 0.0281392 
v 0.316 0.240469 0.0334572 
v 0.3241 0.242168 0.0309515 
v 0.316 0.238272 0.0355391 
v 0.3241 0.240469 0.0334572 
v 0.316 0.235678 0.0370998 
v 0.3241 0.238272 0.0355391 
v 0.316 0.232809 0.0380665 
v 0.3241 0.235678 0.0370998 
v 0.3241 0.232809 0.0380665 
vn 0 0.21497 -0.976621 
vn 0 2.44929e-16 -1 
vn 0 2.44929e-16 -1 
vn 0 0.419889 -0.907575 
vn 0 0.21497 -0.976621 
vn 0 0.605174 -0.796093 
vn 0 0.419889 -0.907575 
vn 0 0.762162 -0.647386 
vn 0 0.605174 -0.796093 
vn 0 0.883512 -0.468408 
vn 0 0.762162 -0.647386 
vn 0 0.96355 -0.267528 
vn 0 0.883512 -0.468408 
vn 0 0.998533 -0.0541389 
vn 0 0.96355 -0.267528 
vn 0 0.986827 0.161782 
vn 0 0.986827 0.161782 
vn 0 0.998663 0.0516895 
vn 0 0.998533 -0.0541389 
vn 0 0.928977 0.370138 
vn 0 0.827689 0.561187 
vn 0 0.928977 0.370138 
vn 0 0.687699 0.725995 
vn 0 0.827689 0.561187 
vn 0 0.515554 0.856857 
vn 0 0.687699 0.725995 
vn 0 0.319302 0.947653 
vn 0 0.515554 0.856857 
vn 0 0.108119 0.994138 
vn 0 0.319302 0.947653 
vn 0 -0.108119 0.994138 
vn 0 0.108119 0.994138 
vn 0 -0.319302 0.947653 
vn 0 -0.108119 0.994138 
vn 0 -0.515554 0.856857 
vn 0 -0.319302 0.947653 
vn 0 -0.687699 0.725995 
vn 0 -0.515554 0.856857 
vn 0 -0.827689 0.561187 
vn 0 -0.687699 0.725995 
vn 0 -0.928977 0.370138 
vn 0 -0.827689 0.561187 
vn 0 -0.986827 0.161782 
vn 0 -0.928977 0.370138 
vn 0 -0.986827 0.161782 
vn 0 -0.998533 -0.0541389 
vn 0 -0.998663 0.0516895 
vn 0 -0.998533 -0.0541389 
vn 0 -0.96355 -0.267528 
vn 0 -0.883512 -0.468408 
vn 0 -0.96355 -0.267528 
vn 0 -0.762162 -0.647386 
vn 0 -0.883512 -0.468408 
vn 0 -0.605174 -0.796093 
vn 0 -0.762162 -0.647386 
vn 0 -0.419889 -0.907575 
vn 0 -0.605174 -0.796093 
vn 0 -0.21497 -0.976621 
vn 0 -0.419889 -0.907575 
vn 0 -0.21497 -0.976621 
f 127//127 128//128 129//129 
f 130//130 127//127 131//131 
f 132//132 130//130 133//133 
f 134//134 132//132 135//135 
f 136//136 134//134 137//137 
f 138//138 136//136 139//139 
f 140//140 138//138 141//141 
f 142//142 143//143 144//144 
f 144//144 145//145 142//142 
f 146//146 143//143 142//142 
f 147//147 146//146 148//148 
f 149//149 147//147 150//150 
f 151//151 149//149 152//152 
f 153//153 151//151 154//154 
f 155//155 153//153 156//156 
f 157//157 155//155 158//158 
f 159//159 157//157 160//160 
f 161//161 159//159 162//162 
f 163//163 161//161 164//164 
f 165//165 163//163 166//166 
f 167//167 165//165 168//168 
f 169//169 167//167 170//170 
f 171//171 172//172 173//173 
f 172//172 174//174 173//173 
f 175//175 174//174 172//172 
f 176//176 175//175 177//177 
f 178//178 176//176 179//179 
f 180//180 178//178 181//181 
f 182//182 180//180 183//183 
f 184//184 182//182 185//185 
f 128//128 184//184 186//186 
f 186//186 129//129 128//128 
f 185//185 186//186 184//184 
f 183//183 185//185 182//182 
f 181//181 183//183 180//180 
f 179//179 181//181 178//178 
f 177//177 179//179 176//176 
f 172//172 177//177 175//175 
f 173//173 169//169 171//171 
f 170//170 171//171 169//169 
f 168//168 170//170 167//167 
f 166//166 168//168 165//165 
f 164//164 166//166 163//163 
f 162//162 164//164 161//161 
f 160//160 162//162 159//159 
f 158//158 160//160 157//157 
f 156//156 158//158 155//155 
f 154//154 156//156 153//153 
f 152//152 154//154 151//151 
f 150//150 152//152 149//149 
f 148//148 150//150 147//147 
f 142//142 148//148 146//146 
f 144//144 140//140 145//145 
f 141//141 145//145 140//140 
f 139//139 141//141 138//138 
f 137//137 139//139 136//136 
f 135//135 137//137 134//134 
f 133//133 135//135 132//132 
f 131//131 133//133 130//130 
f 129//129 131//131 127//127 
o mesh3752
v 0.32528 0.0972502 -0.0191162 
v 0.32528 0.0972502 -0.025316 
v 0.32528 0.0984429 -0.025316 
v 0.32528 0.0984429 -0.0191162 
v 0.32528 0.108669 -0.025316 
v 0.32528 0.0671741 -0.0161832 
v 0.32528 0.0671741 -0.0191162 
v 0.32528 0.0972502 -0.0161832 
v 0.32528 0.118669 -0.0161832 
v 0.32528 0.118669 -0.0191162 
v 0.32528 0.127637 -0.0191162 
v 0.32528 0.137811 -0.0161832 
v 0.32528 0.137811 -0.0191162 
v 0.32528 0.140238 -0.0191162 
v 0.32528 0.137811 -0.00742068 
v 0.32528 0.140238 -0.0161832 
v 0.32528 0.140238 -0.00742068 
v 0.32528 0.147288 -0.0161832 
v 0.32528 0.137811 0.00407153 
v 0.32528 0.137811 0.0217023 
v 0.32528 0.140238 0.00407153 
v 0.32528 0.0972502 0.0242457 
v 0.32528 0.0972502 0.0217023 
v 0.32528 0.0984429 0.0217023 
v 0.32528 0.108669 0.0242457 
v 0.32528 0.108669 0.0217023 
v 0.32528 0.118669 0.0217023 
v 0.32528 0.118669 0.0242457 
v 0.32528 0.127637 0.0217023 
v 0.32528 0.127637 0.0242457 
v 0.32528 0.137811 0.0242457 
v 0.32528 0.140238 0.0217023 
v 0.32528 0.108669 0.0276983 
v 0.32528 0.127637 0.0276983 
v 0.32528 0.137811 0.0276983 
v 0.32528 0.140238 0.0242457 
v 0.32528 0.140238 0.0276983 
v 0.32528 0.147288 0.0242457 
v 0.32528 0.127637 0.0301365 
v 0.32528 0.147288 0.0301365 
v 0.32528 0.147288 0.0276983 
v 0.32528 0.157288 0.0276983 
v 0.32528 0.157288 0.0301365 
v 0.32528 0.166013 0.0276983 
v 0.32528 0.166013 0.0301365 
v 0.32528 0.199294 0.0276983 
v 0.32528 0.152391 0.0242457 
v 0.32528 0.157288 0.0249582 
v 0.32528 0.166013 0.0262279 
v 0.32528 0.175309 0.0247852 
v 0.32528 0.175812 0.0242457 
v 0.32528 0.17232 0.0264135 
v 0.32528 0.173902 0.0257602 
v 0.32528 0.170634 0.0267152 
v 0.32528 0.168924 0.0266514 
v 0.32528 0.199294 0.0242457 
v 0.32528 0.177351 0.0220611 
v 0.32528 0.177471 0.0217023 
v 0.32528 0.176477 0.023533 
v 0.32528 0.199294 0.00407153 
v 0.32528 0.199294 0.0217023 
v 0.32528 0.178076 0.0187347 
v 0.32528 0.178076 0.00635963 
v 0.32528 0.177892 0.0204369 
v 0.32528 0.177933 0.00485632 
v 0.32528 0.166013 -0.00742068 
v 0.32528 0.166013 -0.00291843 
v 0.32528 0.157288 -0.00512353 
v 0.32528 0.157288 -0.00742068 
v 0.32528 0.150973 -0.00671939 
v 0.32528 0.149377 -0.00695495 
v 0.32528 0.147288 -0.00742068 
v 0.32528 0.147766 -0.00686541 
v 0.32528 0.143486 -0.00474729 
v 0.32528 0.142438 -0.00352062 
v 0.32528 0.146205 -0.00645441 
v 0.32528 0.144759 -0.00573866 
v 0.32528 0.147288 -0.00673955 
v 0.32528 0.141175 -0.00056855 
v 0.32528 0.141013 0.00103677 
v 0.32528 0.141657 -0.00210856 
v 0.32528 0.141013 0.00407153 
v 0.32528 0.141013 0.0156698 
v 0.32528 0.141668 0.0188404 
v 0.32528 0.142461 0.0202611 
v 0.32528 0.143526 0.0214918 
v 0.32528 0.141178 0.0172886 
v 0.32528 0.146283 0.0231896 
v 0.32528 0.144818 0.0224816 
v 0.32528 0.143801 0.0217023 
v 0.32528 0.147288 0.0234423 
v 0.32528 0.147861 0.0235864 
v 0.32528 0.108669 0.0178834 
v 0.32528 0.118669 0.0193386 
v 0.32528 0.126861 0.0205306 
v 0.32528 0.133247 0.0186645 
v 0.32528 0.134414 0.0174123 
v 0.32528 0.128572 0.0205945 
v 0.32528 0.130257 0.0202928 
v 0.32528 0.135288 0.0159404 
v 0.32528 0.127637 0.0205596 
v 0.32528 0.136013 0.012614 
v 0.32528 0.131839 0.0196395 
v 0.32528 0.13583 0.0143162 
v 0.32528 0.136013 0.00407153 
v 0.32528 0.136013 -0.00427023 
v 0.32528 0.13587 -0.00577354 
v 0.32528 0.135448 -0.00722329 
v 0.32528 0.127637 -0.0161832 
v 0.32528 0.129973 -0.0120264 
v 0.32528 0.131395 -0.0115199 
v 0.32528 0.132697 -0.0107551 
v 0.32528 0.135347 -0.00742068 
v 0.32528 0.13476 -0.00856783 
v 0.32528 0.133833 -0.00975924 
v 0.32528 0.127637 -0.0126168 
v 0.32528 0.118669 -0.0148831 
v 0.32528 0.108669 -0.0191162 
v 0.32528 0.113524 -0.0161832 
v 0.32528 0.100476 -0.0169296 
v 0.32528 0.0995177 -0.0161832 
v 0.32528 0.101922 -0.0176453 
v 0.32528 0.105094 -0.0181459 
v 0.32528 0.108669 -0.0174103 
v 0.32528 0.10669 -0.0179103 
v 0.32528 0.103483 -0.0180563 
v 0.32528 0.0984429 -0.0161832 
v 0.32528 0.0992031 -0.0159382 
v 0.32528 0.0984429 -0.0150487 
v 0.32528 0.0981549 -0.0147116 
v 0.32528 0.0973741 -0.0132995 
v 0.32528 0.0981785 0.0138173 
v 0.32528 0.0984429 0.014123 
v 0.32528 0.0972502 0.0119696 
v 0.32528 0.0973849 0.0123966 
v 0.32528 0.103578 0.0171427 
v 0.32528 0.102 0.0167458 
v 0.32528 0.100535 0.0160378 
v 0.32528 0.099243 0.015048 
v 0.32528 0.13482 -0.0170869 
v 0.32528 0.135137 -0.0171567 
v 0.32528 0.136052 -0.0180229 
v 0.32528 0.136138 -0.0183355 
v 0.32528 0.135431 -0.0172929 
v 0.32528 0.134496 -0.0170869 
v 0.32528 0.133627 -0.0174892 
v 0.32528 0.133885 -0.0172929 
v 0.32528 0.13569 -0.0174892 
v 0.32528 0.1359 -0.0177364 
v 0.32528 0.134179 -0.0171567 
v 0.32528 0.13316 -0.0186594 
v 0.32528 0.133178 -0.0183355 
v 0.32528 0.133265 -0.0180229 
v 0.32528 0.133417 -0.0177364 
v 0.32528 0.136156 -0.0186594 
v 0.32528 0.133213 -0.0189794 
v 0.32528 0.136103 -0.0189794 
v 0.32528 0.133267 -0.0191162 
v 0.32528 0.139639 0.0294592 
v 0.32528 0.139519 0.0297605 
v 0.32528 0.137811 0.0301365 
v 0.32528 0.139466 0.0300806 
v 0.32528 0.139821 0.0291907 
v 0.32528 0.140238 0.0288581 
v 0.32528 0.140056 0.0289677 
v 0.32528 0.141286 0.0286969 
v 0.32528 0.140964 0.0286618 
v 0.32528 0.140641 0.0286969 
v 0.32528 0.141594 0.0288005 
v 0.32528 0.140334 0.0288005 
v 0.32528 0.142107 0.0291907 
v 0.32528 0.141872 0.0289677 
v 0.32528 0.142409 0.0297605 
v 0.32528 0.142289 0.0294592 
v 0.32528 0.142462 0.0300806 
v 0.32528 0.142459 0.0301365 
v 0.32528 0.119708 0.0260067 
v 0.32528 0.119472 0.0262297 
v 0.32528 0.120938 0.0257359 
v 0.32528 0.119985 0.0258395 
v 0.32528 0.120615 0.0257008 
v 0.32528 0.120293 0.0257359 
v 0.32528 0.121245 0.0258395 
v 0.32528 0.121523 0.0260067 
v 0.32528 0.118669 0.0276983 
v 0.32528 0.11917 0.0267995 
v 0.32528 0.121941 0.0264982 
v 0.32528 0.121759 0.0262297 
v 0.32528 0.11929 0.0264982 
v 0.32528 0.122113 0.0271196 
v 0.32528 0.122061 0.0267995 
v 0.32528 0.122025 0.0276983 
v 0.32528 0.122096 0.0274435 
v 0.32528 0.119117 0.0271196 
v 0.32528 0.119135 0.0274435 
v 0.32528 0.0997075 0.0230964 
v 0.32528 0.099472 0.0233195 
v 0.32528 0.100938 0.0228256 
v 0.32528 0.0999854 0.0229292 
v 0.32528 0.100615 0.0227905 
v 0.32528 0.100293 0.0228256 
v 0.32528 0.101245 0.0229292 
v 0.32528 0.101523 0.0230964 
v 0.32528 0.09929 0.0235879 
v 0.32528 0.0991699 0.0238893 
v 0.32528 0.101941 0.0235879 
v 0.32528 0.101759 0.0233195 
v 0.32528 0.0984429 0.0242457 
v 0.32528 0.102113 0.0242093 
v 0.32528 0.102061 0.0238893 
v 0.32528 0.102111 0.0242457 
v 0.32528 0.0991175 0.0242093 
v 0.32528 0.0671741 -0.025316 
v 0.32528 0.0853564 -0.033616 
v 0.32528 0.0671741 -0.033616 
v 0.32528 0.0972502 -0.0306103 
v 0.32528 0.0984429 -0.0303088 
v 0.32528 0.0984429 -0.0287634 
v 0.32528 0.0983628 -0.0287152 
v 0.32528 0.0977904 -0.0272784 
v 0.32528 0.0978771 -0.0269659 
v 0.32528 0.0977728 -0.0276023 
v 0.32528 0.0979453 -0.0282237 
v 0.32528 0.0978253 -0.0279224 
v 0.32528 0.0981274 -0.0284922 
v 0.32528 0.0982391 -0.0264321 
v 0.32528 0.0984429 -0.0262771 
v 0.32528 0.0980291 -0.0266793 
v 0.32528 0.0994328 -0.0260299 
v 0.32528 0.0997496 -0.0260996 
v 0.32528 0.0992706 -0.0290211 
v 0.32528 0.0989481 -0.028986 
v 0.32528 0.0999004 -0.0288824 
v 0.32528 0.0995931 -0.028986 
v 0.32528 0.108669 -0.0277247 
v 0.32528 0.100178 -0.0287152 
v 0.32528 0.0991084 -0.0260299 
v 0.32528 0.0986408 -0.0288824 
v 0.32528 0.0987917 -0.0260996 
v 0.32528 0.100596 -0.0282237 
v 0.32528 0.100414 -0.0284922 
v 0.32528 0.100768 -0.0276023 
v 0.32528 0.100716 -0.0279224 
v 0.32528 0.100751 -0.0272784 
v 0.32528 0.100512 -0.0266793 
v 0.32528 0.100664 -0.0269659 
v 0.32528 0.100044 -0.0262358 
v 0.32528 0.100302 -0.0264321 
v 0.32528 0.0984973 -0.0262358 
v 0.32528 0.11656 -0.0216197 
v 0.32528 0.116884 -0.0216197 
v 0.32528 0.116243 -0.0216894 
v 0.32528 0.115814 -0.024305 
v 0.32528 0.115579 -0.0240819 
v 0.32528 0.1182 -0.025316 
v 0.32528 0.116722 -0.0246109 
v 0.32528 0.1164 -0.0245758 
v 0.32528 0.117352 -0.0244722 
v 0.32528 0.117044 -0.0245758 
v 0.32528 0.117865 -0.0240819 
v 0.32528 0.11763 -0.024305 
v 0.32528 0.117201 -0.0216894 
v 0.32528 0.116092 -0.0244722 
v 0.32528 0.118669 -0.0251975 
v 0.32528 0.118047 -0.0238135 
v 0.32528 0.115949 -0.0218256 
v 0.32528 0.11548 -0.0222691 
v 0.32528 0.11569 -0.0220219 
v 0.32528 0.115242 -0.0228682 
v 0.32528 0.115329 -0.0225557 
v 0.32528 0.115224 -0.0231921 
v 0.32528 0.115397 -0.0238135 
v 0.32528 0.115277 -0.0235122 
v 0.32528 0.11822 -0.0231921 
v 0.32528 0.118167 -0.0235122 
v 0.32528 0.118202 -0.0228682 
v 0.32528 0.117963 -0.0222691 
v 0.32528 0.118115 -0.0225557 
v 0.32528 0.117495 -0.0218256 
v 0.32528 0.117754 -0.0220219 
v 0.32528 0.127637 -0.0229312 
v 0.32528 0.137811 -0.02036 
v 0.32528 0.134981 -0.0200431 
v 0.32528 0.134658 -0.0200782 
v 0.32528 0.134336 -0.0200431 
v 0.32528 0.135288 -0.0199395 
v 0.32528 0.135801 -0.0195492 
v 0.32528 0.135566 -0.0197723 
v 0.32528 0.134028 -0.0199395 
v 0.32528 0.13375 -0.0197723 
v 0.32528 0.136049 -0.0191162 
v 0.32528 0.133333 -0.0192808 
v 0.32528 0.135983 -0.0192808 
v 0.32528 0.133515 -0.0195492 
v 0.32528 0.140238 -0.0197465 
v 0.32528 0.142733 -0.0191162 
v 0.32528 0.155005 -0.0132331 
v 0.32528 0.155092 -0.0135457 
v 0.32528 0.154091 -0.0123669 
v 0.32528 0.154385 -0.0125031 
v 0.32528 0.157288 -0.0154379 
v 0.32528 0.154643 -0.0126993 
v 0.32528 0.154853 -0.0129466 
v 0.32528 0.153774 -0.0122971 
v 0.32528 0.153133 -0.0123669 
v 0.32528 0.153449 -0.0122971 
v 0.32528 0.15258 -0.0126993 
v 0.32528 0.152838 -0.0125031 
v 0.32528 0.152218 -0.0132331 
v 0.32528 0.15237 -0.0129466 
v 0.32528 0.152131 -0.0135457 
v 0.32528 0.155109 -0.0138695 
v 0.32528 0.152114 -0.0138695 
v 0.32528 0.152166 -0.0141896 
v 0.32528 0.154338 -0.0161832 
v 0.32528 0.154519 -0.0149825 
v 0.32528 0.155057 -0.0141896 
v 0.32528 0.154937 -0.0144909 
v 0.32528 0.154241 -0.0151497 
v 0.32528 0.153934 -0.0152533 
v 0.32528 0.154755 -0.0147594 
v 0.32528 0.152468 -0.0147594 
v 0.32528 0.152286 -0.0144909 
v 0.32528 0.153289 -0.0152533 
v 0.32528 0.152982 -0.0151497 
v 0.32528 0.152704 -0.0149825 
v 0.32528 0.153612 -0.0152883 
v 0.32528 0.166013 -0.0132328 
v 0.32528 0.189012 -0.00742068 
v 0.32528 0.171225 -0.00788692 
v 0.32528 0.171542 -0.00795665 
v 0.32528 0.172456 -0.00882292 
v 0.32528 0.172543 -0.00913546 
v 0.32528 0.172094 -0.00828913 
v 0.32528 0.172304 -0.00853635 
v 0.32528 0.171836 -0.00809284 
v 0.32528 0.170901 -0.00788692 
v 0.32528 0.170031 -0.00828913 
v 0.32528 0.17029 -0.00809284 
v 0.32528 0.169669 -0.00882292 
v 0.32528 0.169821 -0.00853635 
v 0.32528 0.170584 -0.00795665 
v 0.32528 0.169583 -0.00913546 
v 0.32528 0.172561 -0.00945934 
v 0.32528 0.169565 -0.00945934 
v 0.32528 0.169618 -0.00977942 
v 0.32528 0.172508 -0.00977942 
v 0.32528 0.172388 -0.0100807 
v 0.32528 0.171693 -0.0107395 
v 0.32528 0.171385 -0.0108431 
v 0.32528 0.16992 -0.0103492 
v 0.32528 0.169738 -0.0100807 
v 0.32528 0.170433 -0.0107395 
v 0.32528 0.170155 -0.0105723 
v 0.32528 0.171063 -0.0108781 
v 0.32528 0.17074 -0.0108431 
v 0.32528 0.172206 -0.0103492 
v 0.32528 0.171971 -0.0105723 
v 0.32528 0.172036 -0.00139653 
v 0.32528 0.173458 -0.000890026 
v 0.32528 0.17476 -0.000125227 
v 0.32528 0.176823 0.00206204 
v 0.32528 0.175895 0.000870621 
v 0.32528 0.177511 0.00340657 
v 0.32528 0.199294 -0.00482244 
v 0.32528 0.177704 0.00407153 
v 0.32528 0.199294 0.0301365 
v 0.32528 0.199294 0.0411759 
v 0.32528 0.166013 0.0363332 
v 0.32528 0.162205 0.0339139 
v 0.32528 0.162357 0.0336273 
v 0.32528 0.162444 0.0333148 
v 0.32528 0.162462 0.0329909 
v 0.32528 0.161995 0.0341611 
v 0.32528 0.157288 0.0350635 
v 0.32528 0.160802 0.0345633 
v 0.32528 0.159484 0.0333148 
v 0.32528 0.15957 0.0336273 
v 0.32528 0.161443 0.0344936 
v 0.32528 0.161737 0.0343574 
v 0.32528 0.161126 0.0345633 
v 0.32528 0.159722 0.0339139 
v 0.32528 0.160485 0.0344936 
v 0.32528 0.159932 0.0341611 
v 0.32528 0.160191 0.0343574 
v 0.32528 0.159466 0.0329909 
v 0.32528 0.159519 0.0326708 
v 0.32528 0.159821 0.032101 
v 0.32528 0.159639 0.0323695 
v 0.32528 0.162409 0.0326708 
v 0.32528 0.162289 0.0323695 
v 0.32528 0.162107 0.032101 
v 0.32528 0.161872 0.031878 
v 0.32528 0.161286 0.0316072 
v 0.32528 0.160964 0.0315721 
v 0.32528 0.160334 0.0317107 
v 0.32528 0.160056 0.031878 
v 0.32528 0.161594 0.0317107 
v 0.32528 0.160641 0.0316072 
v 0.32528 0.147288 0.0336084 
v 0.32528 0.140238 0.0325826 
v 0.32528 0.141126 0.031653 
v 0.32528 0.141443 0.0315833 
v 0.32528 0.140802 0.031653 
v 0.32528 0.142357 0.030717 
v 0.32528 0.142444 0.0304045 
v 0.32528 0.140485 0.0315833 
v 0.32528 0.141995 0.0312508 
v 0.32528 0.142205 0.0310036 
v 0.32528 0.141737 0.0314471 
v 0.32528 0.140238 0.0314692 
v 0.32528 0.139484 0.0304045 
v 0.32528 0.13957 0.030717 
v 0.32528 0.137811 0.0322294 
v 0.32528 0.139932 0.0312508 
v 0.32528 0.140191 0.0314471 
v 0.32528 0.139722 0.0310036 
v 0.32528 0.139469 0.0301365 
v 0.32528 0.127637 0.0307489 
v 0.32528 0.123428 0.0301365 
v 0.32528 0.118669 0.0294439 
v 0.32528 0.120453 0.028692 
v 0.32528 0.120777 0.028692 
v 0.32528 0.120136 0.0286223 
v 0.32528 0.121094 0.0286223 
v 0.32528 0.121857 0.0280426 
v 0.32528 0.119842 0.0284861 
v 0.32528 0.119374 0.0280426 
v 0.32528 0.119584 0.0282898 
v 0.32528 0.121389 0.0284861 
v 0.32528 0.121647 0.0282898 
v 0.32528 0.119222 0.027756 
v 0.32528 0.122009 0.027756 
v 0.32528 0.119206 0.0276983 
v 0.32528 0.108669 0.0279887 
v 0.32528 0.0984429 0.0265008 
v 0.32528 0.100453 0.0257818 
v 0.32528 0.100777 0.0257818 
v 0.32528 0.106672 0.0276983 
v 0.32528 0.100136 0.025712 
v 0.32528 0.101094 0.025712 
v 0.32528 0.0998419 0.0255758 
v 0.32528 0.0993737 0.0251323 
v 0.32528 0.0995837 0.0253795 
v 0.32528 0.099135 0.0245332 
v 0.32528 0.0992218 0.0248458 
v 0.32528 0.102009 0.0248458 
v 0.32528 0.102096 0.0245332 
v 0.32528 0.101389 0.0255758 
v 0.32528 0.101647 0.0253795 
v 0.32528 0.101857 0.0251323 
v 0.32528 0.0991194 0.0242457 
v 0.32528 0.0972502 0.0263272 
v 0.32528 0.0671741 0.0217023 
v 0.32528 0.0717154 0.0226115 
v 0.32528 0.0829455 0.0242457 
v 0.32528 0.0681102 0.0133303 
v 0.32528 0.0684483 0.0131269 
v 0.32528 0.0691662 0.0117728 
v 0.32528 0.0691448 0.0113787 
v 0.32528 0.0967298 0.00922603 
v 0.32528 0.0671741 0.00407153 
v 0.32528 0.0679266 0.00994452 
v 0.32528 0.0675412 0.00985969 
v 0.32528 0.0967298 0.00407153 
v 0.32528 0.0968953 0.0108448 
v 0.32528 0.0677362 0.0134563 
v 0.32528 0.0671741 0.0134911 
v 0.32528 0.0673439 0.013499 
v 0.32528 0.0682848 0.0101102 
v 0.32528 0.0685989 0.010349 
v 0.32528 0.0691024 0.0121622 
v 0.32528 0.0687348 0.0128555 
v 0.32528 0.0689563 0.0125288 
v 0.32528 0.0690393 0.0109985 
v 0.32528 0.0688544 0.0106498 
v 0.32528 0.0681102 -0.00545127 
v 0.32528 0.0684483 -0.00565473 
v 0.32528 0.0671741 -0.00529052 
v 0.32528 0.0673439 -0.0052826 
v 0.32528 0.0677362 -0.00532527 
v 0.32528 0.0967298 -0.00742068 
v 0.32528 0.0691024 -0.00661936 
v 0.32528 0.0687348 -0.00592612 
v 0.32528 0.0689563 -0.00625275 
v 0.32528 0.0691662 -0.0070088 
v 0.32528 0.0691448 -0.00740285 
v 0.32528 0.0679266 -0.00883707 
v 0.32528 0.0675412 -0.0089219 
v 0.32528 0.0682848 -0.00867136 
v 0.32528 0.0685989 -0.00843254 
v 0.32528 0.0967298 -0.0101542 
v 0.32528 0.0691399 -0.00742068 
v 0.32528 0.0690393 -0.0077831 
v 0.32528 0.0688544 -0.00813177 
v 0.32528 0.0968925 -0.0117595 
v 0.32528 0.0972502 -0.0129034 
v 0.32528 0.0691662 -0.0230249 
v 0.32528 0.0679266 -0.0248532 
v 0.32528 0.0691448 -0.023419 
v 0.32528 0.0681102 -0.0214674 
v 0.32528 0.0684483 -0.0216708 
v 0.32528 0.0671741 -0.0213066 
v 0.32528 0.0673439 -0.0212987 
v 0.32528 0.0675412 -0.024938 
v 0.32528 0.0685989 -0.0244486 
v 0.32528 0.0682848 -0.0246875 
v 0.32528 0.0691024 -0.0226355 
v 0.32528 0.0687348 -0.0219422 
v 0.32528 0.0689563 -0.0222689 
v 0.32528 0.0677362 -0.0213414 
v 0.32528 0.0690393 -0.0237992 
v 0.32528 0.0688544 -0.0241479 
v 0.32528 0.220525 0.023891 
v 0.32528 0.220933 0.0217023 
v 0.32528 0.22085 0.0219091 
v 0.32528 0.220544 0.0242457 
v 0.32528 0.220634 0.0258963 
v 0.32528 0.221134 0.0276983 
v 0.32528 0.221171 0.0278314 
v 0.32528 0.222112 0.0296058 
v 0.32528 0.246231 0.0374703 
v 0.32528 0.243174 0.0405839 
v 0.32528 0.236186 0.0311365 
v 0.32528 0.237036 0.0301365 
v 0.32528 0.248579 0.033792 
v 0.32528 0.235484 0.0446097 
v 0.32528 0.231183 0.0453481 
v 0.32528 0.230803 0.0336268 
v 0.32528 0.226823 0.0451818 
v 0.32528 0.228795 0.0336268 
v 0.32528 0.223412 0.0311365 
v 0.32528 0.225011 0.0323518 
v 0.32528 0.222563 0.0301365 
v 0.32528 0.249954 0.0301365 
v 0.32528 0.239539 0.0429985 
v 0.32528 0.234587 0.0323518 
v 0.32528 0.232765 0.0331951 
v 0.32528 0.226834 0.0331951 
v 0.32528 0.238464 0.0276983 
v 0.32528 0.250116 0.029708 
v 0.32528 0.250423 0.0276983 
v 0.32528 0.237486 0.0296058 
v 0.32528 0.238427 0.0278314 
v 0.32528 0.250775 0.0253945 
v 0.32528 0.238964 0.0258963 
v 0.32528 0.239054 0.0242457 
v 0.32528 0.25071 0.0242457 
v 0.32528 0.250567 0.0217023 
v 0.32528 0.239073 0.023891 
v 0.32528 0.238748 0.0219091 
v 0.32528 0.237266 0.00477382 
v 0.32528 0.233699 0.0159647 
v 0.32528 0.231796 0.0153234 
v 0.32528 0.234487 0.00407153 
v 0.32528 0.229799 0.0151063 
v 0.32528 0.227803 0.0153234 
v 0.32528 0.237382 0.00481082 
v 0.32528 0.241266 0.00680083 
v 0.32528 0.23542 0.0170001 
v 0.32528 0.244654 0.00955047 
v 0.32528 0.236878 0.0183812 
v 0.32528 0.247401 0.012941 
v 0.32528 0.238005 0.0200434 
v 0.32528 0.238666 0.0217023 
v 0.32528 0.249388 0.016826 
v 0.32528 0.250529 0.0210378 
v 0.32528 0.225899 0.0159647 
v 0.32528 0.221593 0.0200434 
v 0.32528 0.224179 0.0170001 
v 0.32528 0.222721 0.0183812 
v 0.32528 0.0671741 -0.0249408 
v 0.32528 0.0671741 -0.00892468 
v 0.32528 0.0671741 0.00985691 
v 0.32528 0.0671741 0.0222035 
v 0.32528 0.147288 -0.0179651 
v 0.32528 0.0671741 -0.0382109 
vn 1 0 0 
vn 1 0 0 
vn 1 0 0 
vn 1 0 0 
vn 1 0 0 
vn 1 0 0 
vn 1 0 0 
vn 1 0 0 
vn 1 0 0 
vn 1 0 0 
vn 1 0 0 
vn 1 0 0 
vn 1 0 0 
vn 1 0 0 
vn 1 0 0 
vn 1 0 0 
vn 1 0 0 
vn 1 0 0 
vn 1 0 0 
vn 1 0 0 
vn 1 0 0 
vn 1 0 0 
vn 1 0 0 
vn 1 0 0 
vn 1 0 0 
vn 1 0 0 
vn 1 0 0 
vn 1 0 0 
vn 1 0 0 
vn 1 0 0 
vn 1 0 0 
vn 1 0 0 
vn 1 0 0 
vn 1 0 0 
vn 1 0 0 
vn 1 0 0 
vn 1 0 0 
vn 1 0 0 
vn 1 0 0 
vn 1 0 0 
vn 1 0 0 
vn 1 0 0 
vn 1 0 0 
vn 1 0 0 
vn 1 0 0 
vn 1 0 0 
vn 1 0 0 
vn 1 0 0 
vn 1 0 0 
vn 1 0 0 
vn 1 0 0 
vn 1 0 0 
vn 1 0 0 
vn 1 0 0 
vn 1 0 0 
vn 1 0 0 
vn 1 0 0 
vn 1 0 0 
vn 1 0 0 
vn 1 0 0 
vn 1 0 0 
vn 1 0 0 
vn 1 0 0 
vn 1 0 0 
vn 1 0 0 
vn 1 0 0 
vn 1 0 0 
vn 1 0 0 
vn 1 0 0 
vn 1 0 0 
vn 1 0 0 
vn 1 0 0 
vn 1 0 0 
vn 1 0 0 
vn 1 0 0 
vn 1 0 0 
vn 1 0 0 
vn 1 0 0 
vn 1 0 0 
vn 1 0 0 
vn 1 0 0 
vn 1 0 0 
vn 1 0 0 
vn 1 0 0 
vn 1 0 0 
vn 1 0 0 
vn 1 0 0 
vn 1 0 0 
vn 1 0 0 
vn 1 0 0 
vn 1 0 0 
vn 1 0 0 
vn 1 0 0 
vn 1 0 0 
vn 1 0 0 
vn 1 0 0 
vn 1 0 0 
vn 1 0 0 
vn 1 0 0 
vn 1 0 0 
vn 1 0 0 
vn 1 0 0 
vn 1 0 0 
vn 1 0 0 
vn 1 0 0 
vn 1 0 0 
vn 1 0 0 
vn 1 0 0 
vn 1 0 0 
vn 1 0 0 
vn 1 0 0 
vn 1 0 0 
vn 1 0 0 
vn 1 0 0 
vn 1 0 0 
vn 1 0 0 
vn 1 0 0 
vn 1 0 0 
vn 1 0 0 
vn 1 0 0 
vn 1 0 0 
vn 1 0 0 
vn 1 0 0 
vn 1 0 0 
vn 1 0 0 
vn 1 0 0 
vn 1 0 0 
vn 1 0 0 
vn 1 0 0 
vn 1 0 0 
vn 1 0 0 
vn 1 0 0 
vn 1 0 0 
vn 1 0 0 
vn 1 0 0 
vn 1 0 0 
vn 1 0 0 
vn 1 0 0 
vn 1 0 0 
vn 1 0 0 
vn 1 0 0 
vn 1 0 0 
vn 1 0 0 
vn 1 0 0 
vn 1 0 0 
vn 1 0 0 
vn 1 0 0 
vn 1 0 0 
vn 1 0 0 
vn 1 0 0 
vn 1 0 0 
vn 1 0 0 
vn 1 0 0 
vn 1 0 0 
vn 1 0 0 
vn 1 0 0 
vn 1 0 0 
vn 1 0 0 
vn 1 0 0 
vn 1 0 0 
vn 1 0 0 
vn 1 0 0 
vn 1 0 0 
vn 1 0 0 
vn 1 0 0 
vn 1 0 0 
vn 1 0 0 
vn 1 0 0 
vn 1 0 0 
vn 1 0 0 
vn 1 0 0 
vn 1 0 0 
vn 1 0 0 
vn 1 0 0 
vn 1 0 0 
vn 1 0 0 
vn 1 0 0 
vn 1 0 0 
vn 1 0 0 
vn 1 0 0 
vn 1 0 0 
vn 1 0 0 
vn 1 0 0 
vn 1 0 0 
vn 1 0 0 
vn 1 0 0 
vn 1 0 0 
vn 1 0 0 
vn 1 0 0 
vn 1 0 0 
vn 1 0 0 
vn 1 0 0 
vn 1 0 0 
vn 1 0 0 
vn 1 0 0 
vn 1 0 0 
vn 1 0 0 
vn 1 0 0 
vn 1 0 0 
vn 1 0 0 
vn 1 0 0 
vn 1 0 0 
vn 1 0 0 
vn 1 0 0 
vn 1 0 0 
vn 1 0 0 
vn 1 0 0 
vn 1 0 0 
vn 1 0 0 
vn 1 0 0 
vn 1 0 0 
vn 1 0 0 
vn 1 0 0 
vn 1 0 0 
vn 1 0 0 
vn 1 0 0 
vn 1 0 0 
vn 1 0 0 
vn 1 0 0 
vn 1 0 0 
vn 1 0 0 
vn 1 0 0 
vn 1 0 0 
vn 1 0 0 
vn 1 0 0 
vn 1 0 0 
vn 1 0 0 
vn 1 0 0 
vn 1 0 0 
vn 1 0 0 
vn 1 0 0 
vn 1 0 0 
vn 1 0 0 
vn 1 0 0 
vn 1 0 0 
vn 1 0 0 
vn 1 0 0 
vn 1 0 0 
vn 1 0 0 
vn 1 0 0 
vn 1 0 0 
vn 1 0 0 
vn 1 0 0 
vn 1 0 0 
vn 1 0 0 
vn 1 0 0 
vn 1 0 0 
vn 1 0 0 
vn 1 0 0 
vn 1 0 0 
vn 1 0 0 
vn 1 0 0 
vn 1 0 0 
vn 1 0 0 
vn 1 0 0 
vn 1 0 0 
vn 1 0 0 
vn 1 0 0 
vn 1 0 0 
vn 1 0 0 
vn 1 0 0 
vn 1 0 0 
vn 1 0 0 
vn 1 0 0 
vn 1 0 0 
vn 1 0 0 
vn 1 0 0 
vn 1 0 0 
vn 1 0 0 
vn 1 0 0 
vn 1 0 0 
vn 1 0 0 
vn 1 0 0 
vn 1 0 0 
vn 1 0 0 
vn 1 0 0 
vn 1 0 0 
vn 1 0 0 
vn 1 0 0 
vn 1 0 0 
vn 1 0 0 
vn 1 0 0 
vn 1 0 0 
vn 1 0 0 
vn 1 0 0 
vn 1 0 0 
vn 1 0 0 
vn 1 0 0 
vn 1 0 0 
vn 1 0 0 
vn 1 0 0 
vn 1 0 0 
vn 1 0 0 
vn 1 0 0 
vn 1 0 0 
vn 1 0 0 
vn 1 0 0 
vn 1 0 0 
vn 1 0 0 
vn 1 0 0 
vn 1 0 0 
vn 1 0 0 
vn 1 0 0 
vn 1 0 0 
vn 1 0 0 
vn 1 0 0 
vn 1 0 0 
vn 1 0 0 
vn 1 0 0 
vn 1 0 0 
vn 1 0 0 
vn 1 0 0 
vn 1 0 0 
vn 1 0 0 
vn 1 0 0 
vn 1 0 0 
vn 1 0 0 
vn 1 0 0 
vn 1 0 0 
vn 1 0 0 
vn 1 0 0 
vn 1 0 0 
vn 1 0 0 
vn 1 0 0 
vn 1 0 0 
vn 1 0 0 
vn 1 0 0 
vn 1 0 0 
vn 1 0 0 
vn 1 0 0 
vn 1 0 0 
vn 1 0 0 
vn 1 0 0 
vn 1 0 0 
vn 1 0 0 
vn 1 0 0 
vn 1 0 0 
vn 1 0 0 
vn 1 0 0 
vn 1 0 0 
vn 1 0 0 
vn 1 0 0 
vn 1 0 0 
vn 1 0 0 
vn 1 0 0 
vn 1 0 0 
vn 1 0 0 
vn 1 0 0 
vn 1 0 0 
vn 1 0 0 
vn 1 0 0 
vn 1 0 0 
vn 1 0 0 
vn 1 0 0 
vn 1 0 0 
vn 1 0 0 
vn 1 0 0 
vn 1 0 0 
vn 1 0 0 
vn 1 0 0 
vn 1 0 0 
vn 1 0 0 
vn 1 0 0 
vn 1 0 0 
vn 1 0 0 
vn 1 0 0 
vn 1 0 0 
vn 1 0 0 
vn 1 0 0 
vn 1 0 0 
vn 1 0 0 
vn 1 0 0 
vn 1 0 0 
vn 1 0 0 
vn 1 0 0 
vn 1 0 0 
vn 1 0 0 
vn 1 0 0 
vn 1 0 0 
vn 1 0 0 
vn 1 0 0 
vn 1 0 0 
vn 1 0 0 
vn 1 0 0 
vn 1 0 0 
vn 1 0 0 
vn 1 0 0 
vn 1 0 0 
vn 1 0 0 
vn 1 0 0 
vn 1 0 0 
vn 1 0 0 
vn 1 0 0 
vn 1 0 0 
vn 1 0 0 
vn 1 0 0 
vn 1 0 0 
vn 1 0 0 
vn 1 0 0 
vn 1 0 0 
vn 1 0 0 
vn 1 0 0 
vn 1 0 0 
vn 1 0 0 
vn 1 0 0 
vn 1 0 0 
vn 1 0 0 
vn 1 0 0 
vn 1 0 0 
vn 1 0 0 
vn 1 0 0 
vn 1 0 0 
vn 1 0 0 
vn 1 0 0 
vn 1 0 0 
vn 1 0 0 
vn 1 0 0 
vn 1 0 0 
vn 1 0 0 
vn 1 0 0 
vn 1 0 0 
vn 1 0 0 
vn 1 0 0 
vn 1 0 0 
vn 1 0 0 
vn 1 0 0 
vn 1 0 0 
vn 1 0 0 
vn 1 0 0 
vn 1 0 0 
vn 1 0 0 
vn 1 0 0 
vn 1 0 0 
vn 1 0 0 
vn 1 0 0 
vn 1 0 0 
vn 1 0 0 
vn 1 0 0 
vn 1 0 0 
vn 1 0 0 
vn 1 0 0 
vn 1 0 0 
vn 1 0 0 
vn 1 0 0 
vn 1 0 0 
vn 1 0 0 
vn 1 0 0 
vn 1 0 0 
vn 1 0 0 
vn 1 0 0 
vn 1 0 0 
vn 1 0 0 
vn 1 0 0 
vn 1 0 0 
vn 1 0 0 
vn 1 0 0 
vn 1 0 0 
vn 1 0 0 
vn 1 0 0 
vn 1 0 0 
vn 1 0 0 
vn 1 0 0 
vn 1 0 0 
vn 1 0 0 
vn 1 0 0 
vn 1 0 0 
vn 1 0 0 
vn 1 0 0 
vn 1 0 0 
vn 1 0 0 
vn 1 0 0 
vn 1 0 0 
vn 1 0 0 
vn 1 0 0 
vn 1 0 0 
vn 1 0 0 
vn 1 0 0 
vn 1 0 0 
vn 1 0 0 
vn 1 0 0 
vn 1 0 0 
vn 1 0 0 
vn 1 0 0 
vn 1 0 0 
vn 1 0 0 
vn 1 0 0 
vn 1 0 0 
vn 1 0 0 
vn 1 0 0 
vn 1 0 0 
vn 1 0 0 
vn 1 0 0 
vn 1 0 0 
vn 1 0 0 
vn 1 0 0 
vn 1 0 0 
vn 1 0 0 
vn 1 0 0 
vn 1 0 0 
vn 1 0 0 
vn 1 0 0 
vn 1 0 0 
vn 1 0 0 
vn 1 0 0 
vn 1 0 0 
vn 1 0 0 
vn 1 0 0 
vn 1 0 0 
vn 1 0 0 
vn 1 0 0 
vn 1 0 0 
vn 1 0 0 
vn 1 0 0 
vn 1 0 0 
vn 1 0 0 
vn 1 0 0 
vn 1 0 0 
vn 1 0 0 
vn 1 0 0 
vn 1 0 0 
vn 1 0 0 
vn 1 0 0 
vn 1 0 0 
vn 1 0 0 
vn 1 0 0 
vn 1 0 0 
vn 1 0 0 
vn 1 0 0 
vn 1 0 0 
vn 1 0 0 
vn 1 0 0 
vn 1 0 0 
vn 1 0 0 
vn 1 0 0 
vn 1 0 0 
vn 1 0 0 
vn 1 0 0 
vn 1 0 0 
vn 1 0 0 
vn 1 0 0 
vn 1 0 0 
vn 1 0 0 
vn 1 0 0 
vn 1 0 0 
vn 1 0 0 
vn 1 0 0 
vn 1 0 0 
vn 1 0 0 
vn 1 0 0 
vn 1 0 0 
vn 1 0 0 
vn 1 0 0 
vn 1 0 0 
vn 1 0 0 
vn 1 0 0 
vn 1 0 0 
vn 1 0 0 
vn 1 0 0 
vn 1 0 0 
vn 1 0 0 
vn 1 0 0 
vn 1 0 0 
vn 1 0 0 
vn 1 0 0 
vn 1 0 0 
vn 1 0 0 
vn 1 0 0 
vn 1 0 0 
vn 1 0 0 
vn 1 0 0 
vn 1 0 0 
vn 1 0 0 
vn 1 0 0 
vn 1 0 0 
vn 1 0 0 
vn 1 0 0 
vn 1 0 0 
f 187//187 188//188 189//189 
f 190//190 189//189 191//191 
f 192//192 193//193 187//187 
f 194//194 187//187 190//190 
f 195//195 196//196 197//197 
f 198//198 199//199 200//200 
f 201//201 198//198 202//202 
f 203//203 202//202 204//204 
f 205//205 201//201 203//203 
f 206//206 205//205 207//207 
f 208//208 209//209 210//210 
f 211//211 212//212 213//213 
f 214//214 213//213 215//215 
f 216//216 215//215 206//206 
f 217//217 206//206 218//218 
f 219//219 211//211 214//214 
f 220//220 216//216 217//217 
f 221//221 217//217 222//222 
f 223//223 222//222 224//224 
f 225//225 220//220 221//221 
f 226//226 227//227 228//228 
f 229//229 228//228 230//230 
f 231//231 230//230 232//232 
f 228//228 227//227 233//233 
f 227//227 224//224 233//233 
f 228//228 234//234 235//235 
f 232//232 236//236 237//237 
f 232//232 238//238 239//239 
f 232//232 230//230 240//240 
f 230//230 235//235 241//241 
f 239//239 236//236 232//232 
f 241//241 240//240 230//230 
f 240//240 238//238 232//232 
f 242//242 243//243 244//244 
f 242//242 237//237 245//245 
f 245//245 243//243 242//242 
f 246//246 247//247 248//248 
f 248//248 249//249 246//246 
f 247//247 250//250 248//248 
f 249//249 251//251 246//246 
f 247//247 244//244 250//250 
f 252//252 253//253 254//254 
f 255//255 256//256 257//257 
f 258//258 257//257 259//259 
f 255//255 254//254 256//256 
f 257//257 258//258 255//255 
f 203//203 260//260 261//261 
f 203//203 262//262 263//263 
f 258//258 264//264 262//262 
f 203//203 265//265 266//266 
f 261//261 267//267 203//203 
f 262//262 203//203 258//258 
f 266//266 207//207 203//203 
f 263//263 260//260 203//203 
f 267//267 265//265 203//203 
f 207//207 268//268 269//269 
f 218//218 270//270 271//271 
f 269//269 218//218 207//207 
f 271//271 272//272 218//218 
f 269//269 273//273 218//218 
f 273//273 270//270 218//218 
f 224//224 222//222 274//274 
f 222//222 275//275 274//274 
f 222//222 218//218 276//276 
f 276//276 275//275 222//222 
f 224//224 277//277 278//278 
f 212//212 279//279 280//280 
f 213//213 280//280 281//281 
f 281//281 215//215 213//213 
f 206//206 282//282 283//283 
f 215//215 284//284 285//285 
f 283//283 286//286 206//206 
f 215//215 287//287 284//284 
f 205//205 206//206 288//288 
f 206//206 289//289 282//282 
f 285//285 206//206 215//215 
f 206//206 290//290 288//288 
f 285//285 289//289 206//206 
f 286//286 290//290 206//206 
f 205//205 291//291 292//292 
f 201//201 293//293 294//294 
f 292//292 201//201 205//205 
f 292//292 293//293 201//201 
f 295//295 198//198 296//296 
f 198//198 297//297 296//296 
f 198//198 298//298 297//297 
f 201//201 299//299 300//300 
f 198//198 301//301 298//298 
f 300//300 198//198 201//201 
f 300//300 301//301 198//198 
f 295//295 302//302 303//303 
f 304//304 196//196 305//305 
f 196//196 195//195 305//305 
f 190//190 306//306 307//307 
f 190//190 308//308 306//306 
f 190//190 304//304 309//309 
f 304//304 310//310 311//311 
f 190//190 312//312 308//308 
f 311//311 309//309 304//304 
f 309//309 312//312 190//190 
f 313//313 307//307 314//314 
f 194//194 313//313 315//315 
f 315//315 316//316 194//194 
f 316//316 317//317 194//194 
f 209//209 318//318 319//319 
f 209//209 320//320 321//321 
f 321//321 318//318 209//209 
f 212//212 210//210 322//322 
f 210//210 323//323 322//322 
f 210//210 324//324 323//323 
f 210//210 319//319 325//325 
f 325//325 324//324 210//210 
f 198//198 326//326 327//327 
f 198//198 328//328 329//329 
f 327//327 330//330 198//198 
f 198//198 295//295 331//331 
f 295//295 332//332 333//333 
f 329//329 199//199 198//198 
f 198//198 334//334 335//335 
f 331//331 326//326 198//198 
f 333//333 336//336 295//295 
f 197//197 337//337 338//338 
f 335//335 328//328 198//198 
f 336//336 331//331 295//295 
f 295//295 339//339 340//340 
f 338//338 295//295 197//197 
f 330//330 334//334 198//198 
f 338//338 339//339 295//295 
f 329//329 341//341 199//199 
f 197//197 342//342 337//337 
f 340//340 332//332 295//295 
f 341//341 343//343 199//199 
f 197//197 344//344 342//342 
f 221//221 345//345 346//346 
f 347//347 346//346 348//348 
f 221//221 349//349 345//345 
f 221//221 223//223 350//350 
f 346//346 347//347 221//221 
f 350//350 351//351 221//221 
f 351//351 349//349 221//221 
f 223//223 352//352 353//353 
f 353//353 354//354 223//223 
f 227//227 355//355 352//352 
f 352//352 223//223 227//227 
f 354//354 356//356 223//223 
f 227//227 357//357 358//358 
f 358//358 355//355 227//227 
f 227//227 359//359 360//360 
f 226//226 361//361 359//359 
f 360//360 357//357 227//227 
f 226//226 362//362 361//361 
f 359//359 227//227 226//226 
f 214//214 363//363 364//364 
f 214//214 216//216 365//365 
f 214//214 366//366 363//363 
f 214//214 367//367 368//368 
f 216//216 369//369 365//365 
f 368//368 366//366 214//214 
f 216//216 370//370 369//369 
f 371//371 214//214 372//372 
f 365//365 367//367 214//214 
f 216//216 373//373 374//374 
f 214//214 375//375 372//372 
f 374//374 370//370 216//216 
f 220//220 376//376 377//377 
f 364//364 375//375 214//214 
f 377//377 216//216 220//220 
f 377//377 373//373 216//216 
f 220//220 378//378 379//379 
f 371//371 380//380 381//381 
f 379//379 376//376 220//220 
f 372//372 380//380 371//371 
f 210//210 382//382 383//383 
f 210//210 212//212 384//384 
f 210//210 385//385 382//382 
f 210//210 386//386 387//387 
f 212//212 388//388 384//384 
f 387//387 385//385 210//210 
f 212//212 389//389 388//388 
f 210//210 390//390 391//391 
f 384//384 386//386 210//210 
f 212//212 392//392 393//393 
f 391//391 394//394 210//210 
f 393//393 389//389 212//212 
f 212//212 211//211 395//395 
f 383//383 390//390 210//210 
f 395//395 396//396 212//212 
f 396//396 392//392 212//212 
f 211//211 397//397 395//395 
f 391//391 398//398 394//394 
f 188//188 399//399 400//400 
f 399//399 401//401 400//400 
f 402//402 403//403 404//404 
f 404//404 405//405 402//402 
f 188//188 406//406 407//407 
f 188//188 402//402 408//408 
f 402//402 409//409 410//410 
f 405//405 411//411 402//402 
f 188//188 412//412 413//413 
f 408//408 406//406 188//188 
f 411//411 409//409 402//402 
f 188//188 414//414 412//412 
f 410//410 408//408 402//402 
f 407//407 414//414 188//188 
f 189//189 415//415 416//416 
f 403//403 417//417 418//418 
f 403//403 419//419 420//420 
f 421//421 422//422 419//419 
f 189//189 423//423 415//415 
f 418//418 424//424 403//403 
f 419//419 403//403 421//421 
f 189//189 425//425 423//423 
f 420//420 417//417 403//403 
f 421//421 426//426 427//427 
f 416//416 191//191 189//189 
f 427//427 422//422 421//421 
f 421//421 428//428 429//429 
f 421//421 191//191 430//430 
f 191//191 431//431 432//432 
f 191//191 433//433 434//434 
f 189//189 435//435 425//425 
f 429//429 426//426 421//421 
f 432//432 430//430 191//191 
f 416//416 433//433 191//191 
f 430//430 428//428 421//421 
f 189//189 413//413 435//435 
f 434//434 431//431 191//191 
f 196//196 436//436 437//437 
f 196//196 304//304 438//438 
f 438//438 436//436 196//196 
f 191//191 439//439 440//440 
f 441//441 442//442 443//443 
f 441//441 444//444 445//445 
f 446//446 447//447 441//441 
f 437//437 448//448 196//196 
f 191//191 449//449 439//439 
f 443//443 191//191 441//441 
f 441//441 447//447 444//444 
f 450//450 451//451 446//446 
f 304//304 452//452 438//438 
f 304//304 453//453 454//454 
f 304//304 455//455 456//456 
f 191//191 457//457 455//455 
f 191//191 458//458 459//459 
f 443//443 449//449 191//191 
f 441//441 450//450 446//446 
f 450//450 460//460 461//461 
f 196//196 462//462 460//460 
f 196//196 463//463 464//464 
f 196//196 465//465 466//466 
f 454//454 452//452 304//304 
f 455//455 304//304 191//191 
f 440//440 458//458 191//191 
f 461//461 451//451 450//450 
f 464//464 462//462 196//196 
f 448//448 465//465 196//196 
f 459//459 457//457 191//191 
f 460//460 450//450 196//196 
f 456//456 453//453 304//304 
f 466//466 463//463 196//196 
f 196//196 450//450 467//467 
f 467//467 468//468 469//469 
f 469//469 470//470 467//467 
f 470//470 471//471 467//467 
f 468//468 472//472 469//469 
f 468//468 473//473 474//474 
f 467//467 475//475 476//476 
f 474//474 472//472 468//468 
f 468//468 199//199 477//477 
f 467//467 478//478 344//344 
f 471//471 475//475 467//467 
f 477//477 479//479 468//468 
f 467//467 480//480 478//478 
f 479//479 473//473 468//468 
f 476//476 480//480 467//467 
f 199//199 468//468 481//481 
f 204//204 202//202 482//482 
f 202//202 200//200 482//482 
f 255//255 483//483 484//484 
f 255//255 485//485 486//486 
f 484//484 487//487 255//255 
f 255//255 488//488 489//489 
f 255//255 490//490 485//485 
f 258//258 491//491 492//492 
f 258//258 493//493 494//494 
f 258//258 495//495 496//496 
f 258//258 204//204 497//497 
f 489//489 483//483 255//255 
f 255//255 492//492 490//490 
f 494//494 491//491 258//258 
f 497//497 495//495 258//258 
f 484//484 498//498 487//487 
f 492//492 255//255 258//258 
f 204//204 499//499 497//497 
f 486//486 488//488 255//255 
f 204//204 500//500 499//499 
f 501//501 487//487 502//502 
f 487//487 503//503 504//504 
f 496//496 493//493 258//258 
f 501//501 505//505 506//506 
f 487//487 507//507 502//502 
f 498//498 503//503 487//487 
f 204//204 508//508 509//509 
f 204//204 501//501 510//510 
f 502//502 505//505 501//501 
f 509//509 500//500 204//204 
f 204//204 511//511 512//512 
f 501//501 513//513 510//510 
f 504//504 507//507 487//487 
f 510//510 511//511 204//204 
f 512//512 508//508 204//204 
f 255//255 487//487 514//514 
f 515//515 516//516 517//517 
f 515//515 518//518 519//519 
f 515//515 520//520 521//521 
f 517//517 522//522 515//515 
f 252//252 523//523 516//516 
f 252//252 524//524 525//525 
f 252//252 526//526 527//527 
f 521//521 518//518 515//515 
f 516//516 515//515 252//252 
f 525//525 528//528 252//252 
f 252//252 529//529 526//526 
f 519//519 530//530 515//515 
f 528//528 523//523 252//252 
f 252//252 531//531 529//529 
f 514//514 532//532 531//531 
f 522//522 520//520 515//515 
f 531//531 252//252 514//514 
f 515//515 533//533 534//534 
f 527//527 524//524 252//252 
f 515//515 535//535 536//536 
f 530//530 533//533 515//515 
f 514//514 537//537 538//538 
f 514//514 539//539 540//540 
f 514//514 541//541 542//542 
f 536//536 514//514 515//515 
f 515//515 543//543 544//544 
f 538//538 532//532 514//514 
f 542//542 539//539 514//514 
f 544//544 535//535 515//515 
f 540//540 537//537 514//514 
f 534//534 543//543 515//515 
f 252//252 515//515 545//545 
f 515//515 546//546 545//545 
f 515//515 547//547 546//546 
f 515//515 548//548 549//549 
f 550//550 548//548 515//515 
f 551//551 246//246 552//552 
f 549//549 547//547 515//515 
f 552//552 550//550 551//551 
f 515//515 551//551 550//550 
f 553//553 554//554 555//555 
f 555//555 556//556 557//557 
f 555//555 558//558 559//559 
f 555//555 560//560 556//556 
f 555//555 561//561 562//562 
f 561//561 563//563 564//564 
f 557//557 558//558 555//555 
f 555//555 565//565 566//566 
f 562//562 567//567 555//555 
f 564//564 568//568 561//561 
f 566//566 560//560 555//555 
f 561//561 569//569 562//562 
f 561//561 570//570 571//571 
f 561//561 572//572 563//563 
f 567//567 565//565 555//555 
f 568//568 570//570 561//561 
f 571//571 569//569 561//561 
f 559//559 231//231 555//555 
f 229//229 573//573 572//572 
f 572//572 561//561 229//229 
f 229//229 574//574 575//575 
f 231//231 576//576 577//577 
f 575//575 573//573 229//229 
f 231//231 578//578 579//579 
f 559//559 576//576 231//231 
f 231//231 580//580 581//581 
f 577//577 578//578 231//231 
f 229//229 582//582 583//583 
f 231//231 584//584 580//580 
f 583//583 574//574 229//229 
f 579//579 584//584 231//231 
f 229//229 581//581 585//585 
f 585//585 582//582 229//229 
f 229//229 561//561 586//586 
f 587//587 588//588 589//589 
f 587//587 590//590 588//588 
f 586//586 591//591 592//592 
f 587//587 593//593 590//590 
f 592//592 226//226 586//586 
f 586//586 594//594 595//595 
f 586//586 589//589 596//596 
f 587//587 597//597 593//593 
f 595//595 591//591 586//586 
f 589//589 586//586 587//587 
f 596//596 594//594 586//586 
f 347//347 598//598 599//599 
f 600//600 601//601 602//602 
f 600//600 599//599 603//603 
f 347//347 604//604 598//598 
f 602//602 587//587 600//600 
f 599//599 600//600 347//347 
f 603//603 601//601 600//600 
f 347//347 600//600 605//605 
f 606//606 607//607 608//608 
f 608//608 609//609 606//606 
f 607//607 610//610 608//608 
f 609//609 611//611 606//606 
f 612//612 225//225 606//606 
f 607//607 613//613 610//610 
f 607//607 614//614 615//615 
f 606//606 616//616 617//617 
f 615//615 613//613 607//607 
f 611//611 616//616 606//606 
f 371//371 618//618 614//614 
f 614//614 607//607 371//371 
f 225//225 619//619 378//378 
f 606//606 617//617 612//612 
f 612//612 619//619 225//225 
f 371//371 620//620 618//618 
f 371//371 607//607 621//621 
f 622//622 623//623 624//624 
f 624//624 625//625 622//622 
f 622//622 626//626 623//623 
f 624//624 627//627 625//625 
f 622//622 628//628 626//626 
f 622//622 629//629 630//630 
f 394//394 631//631 632//632 
f 219//219 633//633 634//634 
f 633//633 219//219 625//625 
f 625//625 635//635 636//636 
f 630//630 628//628 622//622 
f 632//632 622//622 394//394 
f 625//625 637//637 633//633 
f 627//627 635//635 625//625 
f 394//394 638//638 631//631 
f 634//634 211//211 219//219 
f 632//632 629//629 622//622 
f 636//636 637//637 625//625 
f 394//394 622//622 639//639 
f 640//640 209//209 641//641 
f 209//209 208//208 642//642 
f 642//642 641//641 209//209 
f 640//640 643//643 644//644 
f 645//645 646//646 647//647 
f 644//644 209//209 640//640 
f 648//648 649//649 650//650 
f 651//651 647//647 646//646 
f 647//647 652//652 645//645 
f 640//640 653//653 643//643 
f 640//640 654//654 655//655 
f 648//648 656//656 649//649 
f 651//651 657//657 656//656 
f 652//652 320//320 645//645 
f 320//320 209//209 658//658 
f 209//209 659//659 660//660 
f 655//655 653//653 640//640 
f 656//656 648//648 651//651 
f 651//651 661//661 662//662 
f 658//658 645//645 320//320 
f 644//644 659//659 209//209 
f 662//662 657//657 651//651 
f 660//660 658//658 209//209 
f 646//646 661//661 651//651 
f 648//648 663//663 664//664 
f 648//648 665//665 666//666 
f 664//664 651//651 648//648 
f 666//666 667//667 648//648 
f 668//668 651//651 669//669 
f 651//651 670//670 671//671 
f 667//667 663//663 648//648 
f 669//669 672//672 668//668 
f 664//664 670//670 651//651 
f 671//671 669//669 651//651 
f 672//672 673//673 668//668 
f 192//192 674//674 675//675 
f 192//192 676//676 674//674 
f 194//194 677//677 676//676 
f 678//678 668//668 679//679 
f 676//676 192//192 194//194 
f 194//194 680//680 681//681 
f 680//680 682//682 678//678 
f 680//680 194//194 683//683 
f 681//681 677//677 194//194 
f 683//683 682//682 680//680 
f 679//679 680//680 678//678 
f 188//188 187//187 684//684 
f 399//399 188//188 685//685 
f 684//684 686//686 188//188 
f 193//193 687//687 688//688 
f 193//193 689//689 690//690 
f 685//685 691//691 399//399 
f 188//188 692//692 693//693 
f 187//187 694//694 684//684 
f 187//187 695//695 696//696 
f 688//688 187//187 193//193 
f 690//690 697//697 193//193 
f 693//693 685//685 188//188 
f 188//188 698//698 699//699 
f 696//696 694//694 187//187 
f 697//697 687//687 193//193 
f 699//699 692//692 188//188 
f 688//688 695//695 187//187 
f 686//686 698//698 188//188 
f 242//242 247//247 700//700 
f 247//247 701//701 702//702 
f 702//702 700//700 247//247 
f 232//232 242//242 703//703 
f 703//703 704//704 232//232 
f 553//553 232//232 705//705 
f 705//705 706//706 553//553 
f 706//706 707//707 553//553 
f 708//708 709//709 710//710 
f 711//711 712//712 708//708 
f 713//713 714//714 715//715 
f 714//714 716//716 717//717 
f 554//554 718//718 719//719 
f 554//554 553//553 720//720 
f 711//711 721//721 712//712 
f 709//709 722//722 723//723 
f 717//717 715//715 714//714 
f 720//720 718//718 554//554 
f 723//723 710//710 709//709 
f 722//722 713//713 724//724 
f 716//716 725//725 717//717 
f 719//719 716//716 554//554 
f 724//724 723//723 722//722 
f 719//719 725//725 716//716 
f 715//715 724//724 713//713 
f 726//726 727//727 721//721 
f 726//726 728//728 727//727 
f 721//721 729//729 730//730 
f 721//721 711//711 729//729 
f 731//731 728//728 732//732 
f 733//733 734//734 731//731 
f 728//728 726//726 732//732 
f 735//735 734//734 736//736 
f 736//736 737//737 735//735 
f 734//734 733//733 736//736 
f 738//738 739//739 740//740 
f 741//741 740//740 742//742 
f 740//740 741//741 738//738 
f 246//246 741//741 743//743 
f 738//738 744//744 739//739 
f 745//745 746//746 739//739 
f 747//747 748//748 746//746 
f 749//749 750//750 748//748 
f 751//751 752//752 753//753 
f 752//752 751//751 750//750 
f 743//743 754//754 246//246 
f 739//739 744//744 745//745 
f 748//748 747//747 749//749 
f 750//750 749//749 752//752 
f 246//246 755//755 701//701 
f 246//246 756//756 757//757 
f 742//742 743//743 741//741 
f 753//753 735//735 751//751 
f 757//757 755//755 246//246 
f 746//746 745//745 747//747 
f 754//754 756//756 246//246 
f 701//701 247//247 246//246 
f 737//737 751//751 735//735 
f 732//732 733//733 731//731 
f 721//721 730//730 726//726 
f 710//710 711//711 708//708 
f 707//707 720//720 553//553 
f 704//704 705//705 232//232 
f 700//700 703//703 242//242 
f 691//691 758//758 399//399 
f 675//675 759//759 192//192 
f 673//673 679//679 668//668 
f 650//650 760//760 648//648 
f 641//641 761//761 640//640 
f 642//642 208//208 639//639 
f 639//639 208//208 394//394 
f 634//634 397//397 211//211 
f 625//625 219//219 621//621 
f 621//621 219//219 371//371 
f 378//378 220//220 225//225 
f 606//606 225//225 605//605 
f 605//605 225//225 347//347 
f 602//602 597//597 587//587 
f 592//592 362//362 226//226 
f 586//586 226//226 229//229 
f 581//581 229//229 231//231 
f 555//555 231//231 553//553 
f 741//741 246//246 551//551 
f 545//545 253//253 252//252 
f 536//536 541//541 514//514 
f 514//514 252//252 255//255 
f 506//506 513//513 501//501 
f 501//501 204//204 762//762 
f 482//482 762//762 204//204 
f 482//482 200//200 481//481 
f 481//481 200//200 199//199 
f 344//344 197//197 467//467 
f 467//467 197//197 196//196 
f 445//445 442//442 441//441 
f 441//441 191//191 421//421 
f 424//424 404//404 403//403 
f 413//413 189//189 188//188 
f 400//400 402//402 188//188 
f 400//400 401//401 763//763 
f 398//398 638//638 394//394 
f 381//381 620//620 371//371 
f 356//356 350//350 223//223 
f 348//348 604//604 347//347 
f 343//343 477//477 199//199 
f 322//322 279//279 212//212 
f 319//319 210//210 209//209 
f 317//317 683//683 194//194 
f 314//314 315//315 313//313 
f 307//307 313//313 190//190 
f 305//305 310//310 304//304 
f 305//305 195//195 303//303 
f 303//303 195//195 295//295 
f 296//296 302//302 295//295 
f 294//294 299//299 201//201 
f 288//288 291//291 205//205 
f 281//281 287//287 215//215 
f 280//280 213//213 212//212 
f 278//278 233//233 224//224 
f 274//274 277//277 224//224 
f 272//272 276//276 218//218 
f 266//266 268//268 207//207 
f 259//259 264//264 258//258 
f 254//254 255//255 252//252 
f 251//251 552//552 246//246 
f 244//244 247//247 242//242 
f 237//237 242//242 232//232 
f 235//235 230//230 228//228 
f 233//233 234//234 228//228 
f 232//232 553//553 231//231 
f 230//230 231//231 229//229 
f 228//228 229//229 226//226 
f 221//221 347//347 225//225 
f 224//224 227//227 223//223 
f 222//222 223//223 221//221 
f 217//217 221//221 220//220 
f 214//214 371//371 219//219 
f 218//218 222//222 217//217 
f 206//206 217//217 216//216 
f 215//215 216//216 214//214 
f 213//213 214//214 211//211 
f 210//210 394//394 208//208 
f 207//207 218//218 206//206 
f 203//203 207//207 205//205 
f 204//204 258//258 203//203 
f 202//202 203//203 201//201 
f 200//200 202//202 198//198 
f 197//197 295//295 195//195 
f 190//190 313//313 194//194 
f 187//187 194//194 192//192 
f 191//191 304//304 190//190 
f 189//189 190//190 187//187 
o mesh3753
v 0.316 0.103578 0.0171427 
v 0.316 0.126861 0.0205306 
v 0.32528 0.118669 0.0193386 
v 0.32528 0.108669 0.0178834 
v 0.32528 0.126861 0.0205306 
v 0.32528 0.103578 0.0171427 
vn 0 0.143997 -0.989578 
vn 0 0.143997 -0.989578 
vn 0 0.143997 -0.989578 
vn 0 0.143997 -0.989578 
vn 0 0.143997 -0.989578 
vn 0 0.143997 -0.989578 
f 764//764 765//765 766//766 
f 766//766 767//767 764//764 
f 765//765 768//768 766//766 
f 767//767 769//769 764//764 
o mesh3754
v 0.316 0.13583 0.0143162 
v 0.316 0.136013 0.012614 
v 0.32528 0.136013 0.012614 
v 0.316 0.135288 0.0159404 
v 0.32528 0.13583 0.0143162 
v 0.316 0.134414 0.0174123 
v 0.32528 0.135288 0.0159404 
v 0.316 0.133247 0.0186645 
v 0.32528 0.134414 0.0174123 
v 0.316 0.131839 0.0196395 
v 0.32528 0.133247 0.0186645 
v 0.316 0.130257 0.0202928 
v 0.32528 0.131839 0.0196395 
v 0.316 0.128572 0.0205945 
v 0.32528 0.130257 0.0202928 
v 0.32528 0.128572 0.0205945 
v 0.32528 0.127637 0.0205596 
v 0.316 0.126861 0.0205306 
v 0.32528 0.126861 0.0205306 
vn 0 -0.977102 -0.212773 
vn 0 -1 -3.06162e-16 
vn 0 -1 -3.06162e-16 
vn 0 -0.909455 -0.415802 
vn 0 -0.977102 -0.212773 
vn 0 -0.800159 -0.599788 
vn 0 -0.909455 -0.415802 
vn 0 -0.654218 -0.756306 
vn 0 -0.800159 -0.599788 
vn 0 -0.478316 -0.878188 
vn 0 -0.654218 -0.756306 
vn 0 -0.280509 -0.959851 
vn 0 -0.478316 -0.878188 
vn 0 -0.0698555 -0.997557 
vn 0 -0.280509 -0.959851 
vn 0 -0.0698555 -0.997557 
vn 0 0.0472806 -0.998882 
vn 0 0.143997 -0.989578 
vn 0 0.143997 -0.989578 
f 770//770 771//771 772//772 
f 773//773 770//770 774//774 
f 775//775 773//773 776//776 
f 777//777 775//775 778//778 
f 779//779 777//777 780//780 
f 781//781 779//779 782//782 
f 783//783 781//781 784//784 
f 783//783 785//785 786//786 
f 786//786 787//787 783//783 
f 786//786 788//788 787//787 
f 784//784 785//785 783//783 
f 782//782 784//784 781//781 
f 780//780 782//782 779//779 
f 778//778 780//780 777//777 
f 776//776 778//778 775//775 
f 774//774 776//776 773//773 
f 772//772 774//774 770//770 
o mesh3755
v 0.32528 0.136013 -0.00427023 
v 0.32528 0.136013 0.00407153 
v 0.316 0.136013 0.00228319 
v 0.316 0.136013 0.012614 
v 0.32528 0.136013 0.012614 
v 0.316 0.136013 -0.00427023 
vn 0 -1 0 
vn 0 -1 0 
vn 0 -1 0 
vn 0 -1 0 
vn 0 -1 0 
vn 0 -1 0 
f 789//789 790//790 791//791 
f 792//792 791//791 790//790 
f 790//790 793//793 792//792 
f 791//791 794//794 789//789 
o mesh3756
v 0.316 0.131395 -0.0115199 
v 0.316 0.129973 -0.0120264 
v 0.32528 0.129973 -0.0120264 
v 0.316 0.132697 -0.0107551 
v 0.32528 0.131395 -0.0115199 
v 0.316 0.133833 -0.00975924 
v 0.32528 0.132697 -0.0107551 
v 0.316 0.13476 -0.00856783 
v 0.32528 0.133833 -0.00975924 
v 0.32528 0.13476 -0.00856783 
v 0.32528 0.135347 -0.00742068 
v 0.316 0.135077 -0.00794792 
v 0.316 0.135448 -0.00722329 
v 0.316 0.13587 -0.00577354 
v 0.32528 0.135448 -0.00722329 
v 0.316 0.136013 -0.00427023 
v 0.32528 0.13587 -0.00577354 
v 0.32528 0.136013 -0.00427023 
vn 0 -0.422833 0.906208 
vn 0 -0.245012 0.96952 
vn 0 -0.245012 0.96952 
vn 0 -0.58559 0.810608 
vn 0 -0.422833 0.906208 
vn 0 -0.727482 0.686127 
vn 0 -0.58559 0.810608 
vn 0 -0.843455 0.5372 
vn 0 -0.727482 0.686127 
vn 0 -0.843455 0.5372 
vn 0 -0.918815 0.394688 
vn 0 -0.887005 0.461759 
vn 0 -0.929377 0.369133 
vn 0 -0.982185 0.187914 
vn 0 -0.929377 0.369133 
vn 0 -1 6.82215e-15 
vn 0 -0.982185 0.187914 
vn 0 -1 6.82215e-15 
f 795//795 796//796 797//797 
f 798//798 795//795 799//799 
f 800//800 798//798 801//801 
f 802//802 800//800 803//803 
f 804//804 805//805 806//806 
f 805//805 807//807 806//806 
f 806//806 802//802 804//804 
f 808//808 807//807 809//809 
f 810//810 808//808 811//811 
f 811//811 812//812 810//810 
f 809//809 811//811 808//808 
f 805//805 809//809 807//807 
f 803//803 804//804 802//802 
f 801//801 803//803 800//800 
f 799//799 801//801 798//798 
f 797//797 799//799 795//795 
o mesh3757
v 0.316 0.129973 -0.0120264 
v 0.32528 0.118669 -0.0148831 
v 0.32528 0.127637 -0.0126168 
v 0.316 0.10669 -0.0179103 
v 0.32528 0.113524 -0.0161832 
v 0.32528 0.108669 -0.0174103 
v 0.32528 0.10669 -0.0179103 
v 0.32528 0.129973 -0.0120264 
vn 0 -0.245012 0.96952 
vn 0 -0.245012 0.96952 
vn 0 -0.245012 0.96952 
vn 0 -0.245012 0.96952 
vn 0 -0.245012 0.96952 
vn 0 -0.245012 0.96952 
vn 0 -0.245012 0.96952 
vn 0 -0.245012 0.96952 
f 813//813 814//814 815//815 
f 816//816 817//817 814//814 
f 814//814 813//813 816//816 
f 816//816 818//818 817//817 
f 816//816 819//819 818//818 
f 815//815 820//820 813//813 
o mesh3758
v 0.316 0.0968925 -0.0117595 
v 0.316 0.0967298 -0.0101542 
v 0.32528 0.0967298 -0.0101542 
v 0.32528 0.0968925 -0.0117595 
v 0.32528 0.0972502 -0.0129034 
v 0.316 0.0973741 -0.0132995 
v 0.316 0.0981549 -0.0147116 
v 0.32528 0.0973741 -0.0132995 
v 0.316 0.0992031 -0.0159382 
v 0.32528 0.0984429 -0.0150487 
v 0.32528 0.0981549 -0.0147116 
v 0.316 0.100476 -0.0169296 
v 0.32528 0.0995177 -0.0161832 
v 0.32528 0.0992031 -0.0159382 
v 0.316 0.101922 -0.0176453 
v 0.32528 0.100476 -0.0169296 
v 0.316 0.103483 -0.0180563 
v 0.32528 0.101922 -0.0176453 
v 0.316 0.105094 -0.0181459 
v 0.32528 0.103483 -0.0180563 
v 0.316 0.10669 -0.0179103 
v 0.32528 0.105094 -0.0181459 
v 0.32528 0.10669 -0.0179103 
vn 0 0.97966 0.200665 
vn 0 1 1.83697e-16 
vn 0 1 1.83697e-16 
vn 0 0.97966 0.200665 
vn 0 0.938606 0.344992 
vn 0 0.919467 0.393166 
vn 0 0.821871 0.569674 
vn 0 0.919467 0.393166 
vn 0 0.69084 0.723007 
vn 0 0.789065 0.614309 
vn 0 0.821871 0.569674 
vn 0 0.531706 0.846929 
vn 0 0.65399 0.756504 
vn 0 0.69084 0.723007 
vn 0 0.350943 0.936397 
vn 0 0.531706 0.846929 
vn 0 0.155903 0.987772 
vn 0 0.350943 0.936397 
vn 0 -0.0454795 0.998965 
vn 0 0.155903 0.987772 
vn 0 -0.245012 0.96952 
vn 0 -0.0454795 0.998965 
vn 0 -0.245012 0.96952 
f 821//821 822//822 823//823 
f 821//821 824//824 825//825 
f 825//825 826//826 821//821 
f 827//827 826//826 828//828 
f 829//829 827//827 830//830 
f 827//827 831//831 830//830 
f 832//832 829//829 833//833 
f 829//829 834//834 833//833 
f 835//835 832//832 836//836 
f 837//837 835//835 838//838 
f 839//839 837//837 840//840 
f 841//841 839//839 842//842 
f 842//842 843//843 841//841 
f 840//840 842//842 839//839 
f 838//838 840//840 837//837 
f 836//836 838//838 835//835 
f 833//833 836//836 832//832 
f 830//830 834//834 829//829 
f 828//828 831//831 827//827 
f 825//825 828//828 826//826 
f 823//823 824//824 821//821 
o mesh3759
v 0.32528 0.0967298 -0.0101542 
v 0.316 0.0967298 -0.0101542 
v 0.316 0.0967298 -0.00794792 
v 0.32528 0.0967298 -0.00742068 
v 0.316 0.0967298 0.00228319 
v 0.32528 0.0967298 0.00407153 
v 0.316 0.0967298 0.00922603 
v 0.32528 0.0967298 0.00922603 
vn 0 1 0 
vn 0 1 0 
vn 0 1 0 
vn 0 1 0 
vn 0 1 0 
vn 0 1 0 
vn 0 1 0 
vn 0 1 0 
f 844//844 845//845 846//846 
f 847//847 846//846 848//848 
f 848//848 849//849 847//847 
f 850//850 851//851 849//849 
f 849//849 848//848 850//850 
f 846//846 847//847 844//844 
o mesh3760
v 0.316 0.102 0.0167458 
v 0.316 0.103578 0.0171427 
v 0.32528 0.103578 0.0171427 
v 0.316 0.100535 0.0160378 
v 0.32528 0.102 0.0167458 
v 0.316 0.099243 0.015048 
v 0.32528 0.100535 0.0160378 
v 0.32528 0.099243 0.015048 
v 0.32528 0.0984429 0.014123 
v 0.316 0.0981785 0.0138173 
v 0.316 0.0973849 0.0123966 
v 0.32528 0.0981785 0.0138173 
v 0.316 0.0968953 0.0108448 
v 0.32528 0.0972502 0.0119696 
v 0.32528 0.0973849 0.0123966 
v 0.316 0.0967298 0.00922603 
v 0.32528 0.0968953 0.0108448 
v 0.32528 0.0967298 0.00922603 
vn 0 0.341259 -0.939969 
vn 0 0.143997 -0.989578 
vn 0 0.143997 -0.989578 
vn 0 0.524402 -0.851471 
vn 0 0.341259 -0.939969 
vn 0 0.685849 -0.727744 
vn 0 0.524402 -0.851471 
vn 0 0.685849 -0.727744 
vn 0 0.788913 -0.614504 
vn 0 0.81892 -0.573908 
vn 0 0.918109 -0.396328 
vn 0 0.81892 -0.573908 
vn 0 0.979313 -0.20235 
vn 0 0.938832 -0.344374 
vn 0 0.918109 -0.396328 
vn 0 1 -1.59266e-15 
vn 0 0.979313 -0.20235 
vn 0 1 -1.59266e-15 
f 852//852 853//853 854//854 
f 855//855 852//852 856//856 
f 857//857 855//855 858//858 
f 857//857 859//859 860//860 
f 860//860 861//861 857//857 
f 862//862 861//861 863//863 
f 864//864 862//862 865//865 
f 862//862 866//866 865//865 
f 867//867 864//864 868//868 
f 868//868 869//869 867//867 
f 865//865 868//868 864//864 
f 863//863 866//866 862//862 
f 860//860 863//863 861//861 
f 858//858 859//859 857//857 
f 856//856 858//858 855//855 
f 854//854 856//856 852//852 
o mesh3761
v 0.316 0.148465 0.0236744 
v 0.32528 0.157288 0.0249582 
v 0.32528 0.152391 0.0242457 
v 0.316 0.168924 0.0266514 
v 0.32528 0.166013 0.0262279 
v 0.32528 0.168924 0.0266514 
v 0.32528 0.147861 0.0235864 
v 0.316 0.147861 0.0235864 
vn 0 0.143997 -0.989578 
vn 0 0.143997 -0.989578 
vn 0 0.143997 -0.989578 
vn 0 0.143997 -0.989578 
vn 0 0.143997 -0.989578 
vn 0 0.143997 -0.989578 
vn 0 0.143997 -0.989578 
vn 0 0.143997 -0.989578 
f 870//870 871//871 872//872 
f 873//873 874//874 871//871 
f 871//871 870//870 873//873 
f 873//873 875//875 874//874 
f 876//876 877//877 870//870 
f 872//872 876//876 870//870 
o mesh3762
v 0.316 0.177892 0.0204369 
v 0.316 0.178076 0.0187347 
v 0.32528 0.178076 0.0187347 
v 0.32528 0.177892 0.0204369 
v 0.32528 0.177471 0.0217023 
v 0.316 0.177351 0.0220611 
v 0.316 0.176477 0.023533 
v 0.32528 0.177351 0.0220611 
v 0.316 0.176345 0.0236744 
v 0.32528 0.176477 0.023533 
v 0.32528 0.175812 0.0242457 
v 0.316 0.175309 0.0247852 
v 0.316 0.173902 0.0257602 
v 0.32528 0.175309 0.0247852 
v 0.316 0.17232 0.0264135 
v 0.32528 0.173902 0.0257602 
v 0.316 0.170634 0.0267152 
v 0.32528 0.17232 0.0264135 
v 0.316 0.168924 0.0266514 
v 0.32528 0.170634 0.0267152 
v 0.32528 0.168924 0.0266514 
vn 0 -0.977102 -0.212773 
vn 0 -1 -3.06162e-16 
vn 0 -1 -3.06162e-16 
vn 0 -0.977102 -0.212773 
vn 0 -0.928066 -0.372415 
vn 0 -0.909455 -0.415802 
vn 0 -0.800159 -0.599788 
vn 0 -0.909455 -0.415802 
vn 0 -0.785489 -0.618876 
vn 0 -0.800159 -0.599788 
vn 0 -0.721159 -0.69277 
vn 0 -0.654218 -0.756306 
vn 0 -0.478316 -0.878188 
vn 0 -0.654218 -0.756306 
vn 0 -0.280509 -0.959851 
vn 0 -0.478316 -0.878188 
vn 0 -0.0698555 -0.997557 
vn 0 -0.280509 -0.959851 
vn 0 0.143997 -0.989578 
vn 0 -0.0698555 -0.997557 
vn 0 0.143997 -0.989578 
f 878//878 879//879 880//880 
f 878//878 881//881 882//882 
f 882//882 883//883 878//878 
f 884//884 883//883 885//885 
f 886//886 887//887 888//888 
f 888//888 889//889 886//886 
f 886//886 884//884 887//887 
f 890//890 889//889 891//891 
f 892//892 890//890 893//893 
f 894//894 892//892 895//895 
f 896//896 894//894 897//897 
f 897//897 898//898 896//896 
f 895//895 897//897 894//894 
f 893//893 895//895 892//892 
f 891//891 893//893 890//890 
f 888//888 891//891 889//889 
f 885//885 887//887 884//884 
f 882//882 885//885 883//883 
f 880//880 881//881 878//878 
o mesh3763
v 0.32528 0.178076 0.0187347 
v 0.316 0.178076 0.0187347 
v 0.316 0.178076 0.00635963 
v 0.32528 0.178076 0.00635963 
vn 0 -1 0 
vn 0 -1 0 
vn 0 -1 0 
vn 0 -1 0 
f 899//899 900//900 901//901 
f 901//901 902//902 899//899 
o mesh3764
v 0.316 0.173458 -0.000890026 
v 0.316 0.172036 -0.00139653 
v 0.32528 0.172036 -0.00139653 
v 0.316 0.17476 -0.000125227 
v 0.32528 0.173458 -0.000890026 
v 0.316 0.175895 0.000870621 
v 0.32528 0.17476 -0.000125227 
v 0.316 0.176823 0.00206204 
v 0.32528 0.175895 0.000870621 
v 0.32528 0.177511 0.00340657 
v 0.316 0.177511 0.00340657 
v 0.316 0.176936 0.00228319 
v 0.32528 0.176823 0.00206204 
v 0.316 0.177933 0.00485632 
v 0.32528 0.177704 0.00407153 
v 0.316 0.178076 0.00635963 
v 0.32528 0.177933 0.00485632 
v 0.32528 0.178076 0.00635963 
vn 0 -0.422833 0.906208 
vn 0 -0.245012 0.96952 
vn 0 -0.245012 0.96952 
vn 0 -0.58559 0.810608 
vn 0 -0.422833 0.906208 
vn 0 -0.727482 0.686127 
vn 0 -0.58559 0.810608 
vn 0 -0.843455 0.5372 
vn 0 -0.727482 0.686127 
vn 0 -0.929377 0.369133 
vn 0 -0.929377 0.369133 
vn 0 -0.859695 0.510807 
vn 0 -0.843455 0.5372 
vn 0 -0.982185 0.187914 
vn 0 -0.957845 0.287287 
vn 0 -1 -6.12323e-17 
vn 0 -0.982185 0.187914 
vn 0 -1 -6.12323e-17 
f 903//903 904//904 905//905 
f 906//906 903//903 907//907 
f 908//908 906//906 909//909 
f 910//910 908//908 911//911 
f 912//912 913//913 914//914 
f 914//914 915//915 912//912 
f 916//916 913//913 917//917 
f 913//913 912//912 917//917 
f 918//918 916//916 919//919 
f 919//919 920//920 918//918 
f 917//917 919//919 916//916 
f 914//914 910//910 915//915 
f 911//911 915//915 910//910 
f 909//909 911//911 908//908 
f 907//907 909//909 906//906 
f 905//905 907//907 903//903 
o mesh3765
v 0.316 0.172036 -0.00139653 
v 0.316 0.150973 -0.00671939 
v 0.32528 0.157288 -0.00512353 
v 0.32528 0.166013 -0.00291843 
v 0.32528 0.150973 -0.00671939 
v 0.32528 0.172036 -0.00139653 
vn 0 -0.245012 0.96952 
vn 0 -0.245012 0.96952 
vn 0 -0.245012 0.96952 
vn 0 -0.245012 0.96952 
vn 0 -0.245012 0.96952 
vn 0 -0.245012 0.96952 
f 921//921 922//922 923//923 
f 923//923 924//924 921//921 
f 922//922 925//925 923//923 
f 924//924 926//926 921//921 
o mesh3766
v 0.316 0.141175 -0.00056855 
v 0.316 0.141013 0.00103677 
v 0.32528 0.141013 0.00103677 
v 0.316 0.141657 -0.00210856 
v 0.32528 0.141175 -0.00056855 
v 0.316 0.142438 -0.00352062 
v 0.32528 0.141657 -0.00210856 
v 0.316 0.143486 -0.00474729 
v 0.32528 0.142438 -0.00352062 
v 0.316 0.144759 -0.00573866 
v 0.32528 0.143486 -0.00474729 
v 0.316 0.146205 -0.00645441 
v 0.32528 0.144759 -0.00573866 
v 0.32528 0.146205 -0.00645441 
v 0.32528 0.147288 -0.00673955 
v 0.316 0.147766 -0.00686541 
v 0.316 0.149377 -0.00695495 
v 0.32528 0.147766 -0.00686541 
v 0.316 0.150973 -0.00671939 
v 0.32528 0.149377 -0.00695495 
v 0.32528 0.150973 -0.00671939 
vn 0 0.97966 0.200665 
vn 0 1 1.83697e-16 
vn 0 1 1.83697e-16 
vn 0 0.919467 0.393166 
vn 0 0.97966 0.200665 
vn 0 0.821871 0.569674 
vn 0 0.919467 0.393166 
vn 0 0.69084 0.723007 
vn 0 0.821871 0.569674 
vn 0 0.531706 0.846929 
vn 0 0.69084 0.723007 
vn 0 0.350943 0.936397 
vn 0 0.531706 0.846929 
vn 0 0.350943 0.936397 
vn 0 0.216565 0.976268 
vn 0 0.155903 0.987772 
vn 0 -0.0454795 0.998965 
vn 0 0.155903 0.987772 
vn 0 -0.245012 0.96952 
vn 0 -0.0454795 0.998965 
vn 0 -0.245012 0.96952 
f 927//927 928//928 929//929 
f 930//930 927//927 931//931 
f 932//932 930//930 933//933 
f 934//934 932//932 935//935 
f 936//936 934//934 937//937 
f 938//938 936//936 939//939 
f 938//938 940//940 941//941 
f 941//941 942//942 938//938 
f 943//943 942//942 944//944 
f 945//945 943//943 946//946 
f 946//946 947//947 945//945 
f 944//944 946//946 943//943 
f 941//941 944//944 942//942 
f 939//939 940//940 938//938 
f 937//937 939//939 936//936 
f 935//935 937//937 934//934 
f 933//933 935//935 932//932 
f 931//931 933//933 930//930 
f 929//929 931//931 927//927 
o mesh3767
v 0.32528 0.141013 0.00103677 
v 0.316 0.141013 0.00103677 
v 0.316 0.141013 0.00228319 
v 0.316 0.141013 0.0156698 
v 0.32528 0.141013 0.0156698 
v 0.32528 0.141013 0.00407153 
vn 0 1 0 
vn 0 1 0 
vn 0 1 0 
vn 0 1 0 
vn 0 1 0 
vn 0 1 0 
f 948//948 949//949 950//950 
f 951//951 952//952 953//953 
f 953//953 950//950 951//951 
f 950//950 953//953 948//948 
o mesh3768
v 0.316 0.146283 0.0231896 
v 0.316 0.147861 0.0235864 
v 0.32528 0.147288 0.0234423 
v 0.32528 0.147861 0.0235864 
v 0.316 0.144818 0.0224816 
v 0.32528 0.146283 0.0231896 
v 0.32528 0.144818 0.0224816 
v 0.32528 0.143801 0.0217023 
v 0.316 0.143526 0.0214918 
v 0.316 0.142461 0.0202611 
v 0.32528 0.143526 0.0214918 
v 0.316 0.141668 0.0188404 
v 0.32528 0.142461 0.0202611 
v 0.316 0.141178 0.0172886 
v 0.32528 0.141668 0.0188404 
v 0.316 0.141013 0.0156698 
v 0.32528 0.141178 0.0172886 
v 0.32528 0.141013 0.0156698 
vn 0 0.341259 -0.939969 
vn 0 0.143997 -0.989578 
vn 0 0.216667 -0.976246 
vn 0 0.143997 -0.989578 
vn 0 0.524402 -0.851471 
vn 0 0.341259 -0.939969 
vn 0 0.524402 -0.851471 
vn 0 0.653779 -0.756685 
vn 0 0.685849 -0.727744 
vn 0 0.81892 -0.573908 
vn 0 0.685849 -0.727744 
vn 0 0.918109 -0.396328 
vn 0 0.81892 -0.573908 
vn 0 0.979313 -0.20235 
vn 0 0.918109 -0.396328 
vn 0 1 1.83697e-16 
vn 0 0.979313 -0.20235 
vn 0 1 1.83697e-16 
f 954//954 955//955 956//956 
f 955//955 957//957 956//956 
f 958//958 954//954 959//959 
f 958//958 960//960 961//961 
f 961//961 962//962 958//958 
f 963//963 962//962 964//964 
f 965//965 963//963 966//966 
f 967//967 965//965 968//968 
f 969//969 967//967 970//970 
f 970//970 971//971 969//969 
f 968//968 970//970 967//967 
f 966//966 968//968 965//965 
f 964//964 966//966 963//963 
f 961//961 964//964 962//962 
f 959//959 960//960 958//958 
f 956//956 959//959 954//954 
o mesh3769
v 0.316 0.0679266 -0.0248532 
v 0.316 0.0675412 -0.024938 
v 0.32528 0.0675412 -0.024938 
v 0.316 0.0682848 -0.0246875 
v 0.32528 0.0679266 -0.0248532 
v 0.316 0.0685989 -0.0244486 
v 0.32528 0.0682848 -0.0246875 
v 0.316 0.0688544 -0.0241479 
v 0.32528 0.0685989 -0.0244486 
v 0.316 0.0690393 -0.0237992 
v 0.32528 0.0688544 -0.0241479 
v 0.316 0.0691448 -0.023419 
v 0.32528 0.0690393 -0.0237992 
v 0.316 0.0691662 -0.0230249 
v 0.32528 0.0691448 -0.023419 
v 0.316 0.0691024 -0.0226355 
v 0.32528 0.0691662 -0.0230249 
v 0.316 0.0689563 -0.0222689 
v 0.32528 0.0691024 -0.0226355 
v 0.316 0.0687348 -0.0219422 
v 0.32528 0.0689563 -0.0222689 
v 0.316 0.0684483 -0.0216708 
v 0.32528 0.0687348 -0.0219422 
v 0.316 0.0681102 -0.0214674 
v 0.32528 0.0684483 -0.0216708 
v 0.316 0.0677362 -0.0213414 
v 0.32528 0.0681102 -0.0214674 
v 0.316 0.0673439 -0.0212987 
v 0.32528 0.0677362 -0.0213414 
v 0.32528 0.0671741 -0.0213066 
v 0.325277 0.0669516 -0.0213414 
v 0.32528 0.0673439 -0.0212987 
v 0.316 0.0669516 -0.0213414 
v 0.325268 0.0667617 -0.021394 
v 0.325255 0.0665776 -0.0214674 
v 0.316 0.0665776 -0.0214674 
v 0.325219 0.0662394 -0.0216708 
v 0.316 0.0662394 -0.0216708 
v 0.325176 0.0659529 -0.0219422 
v 0.316 0.0659529 -0.0219422 
v 0.32514 0.0657612 -0.0222251 
v 0.325135 0.0657315 -0.0222689 
v 0.316 0.0657315 -0.0222689 
v 0.325117 0.0656483 -0.0224488 
v 0.325104 0.0655854 -0.0226355 
v 0.316 0.0655854 -0.0226355 
v 0.325094 0.065543 -0.0228279 
v 0.325089 0.0655216 -0.0230249 
v 0.316 0.0655216 -0.0230249 
v 0.325089 0.0655216 -0.0232222 
v 0.316 0.0655429 -0.023419 
v 0.316 0.0656485 -0.0237992 
v 0.325094 0.0655429 -0.023419 
v 0.325104 0.0655857 -0.0236128 
v 0.316 0.0658334 -0.0241479 
v 0.325118 0.0656485 -0.0237992 
v 0.32514 0.0657612 -0.0240118 
v 0.316 0.0660888 -0.0244486 
v 0.325155 0.0658334 -0.0241479 
v 0.316 0.066403 -0.0246875 
v 0.325198 0.0660888 -0.0244486 
v 0.316 0.0667612 -0.0248532 
v 0.325239 0.066403 -0.0246875 
v 0.325255 0.0665767 -0.0247796 
v 0.316 0.0671466 -0.024938 
v 0.325268 0.0667612 -0.0248532 
v 0.325277 0.0669513 -0.024906 
v 0.32528 0.0671741 -0.0249408 
v 0.32528 0.0671468 -0.0249365 
vn 0 -0.319302 0.947653 
vn 0 -0.108119 0.994138 
vn 0 -0.108119 0.994138 
vn 0 -0.515554 0.856857 
vn 0 -0.319302 0.947653 
vn 0 -0.687699 0.725995 
vn 0 -0.515554 0.856857 
vn 0 -0.827689 0.561187 
vn 0 -0.687699 0.725995 
vn 0 -0.928977 0.370138 
vn 0 -0.827689 0.561187 
vn 0 -0.986827 0.161782 
vn 0 -0.928977 0.370138 
vn 0 -0.998533 -0.0541389 
vn 0 -0.986827 0.161782 
vn 0 -0.96355 -0.267528 
vn 0 -0.998533 -0.0541389 
vn 0 -0.883512 -0.468408 
vn 0 -0.96355 -0.267528 
vn 0 -0.762162 -0.647386 
vn 0 -0.883512 -0.468408 
vn 0 -0.605174 -0.796093 
vn 0 -0.762162 -0.647386 
vn 0 -0.419889 -0.907575 
vn 0 -0.605174 -0.796093 
vn 0 -0.21497 -0.976621 
vn 0 -0.419889 -0.907575 
vn 0 2.44929e-16 -1 
vn 0 -0.21497 -0.976621 
vn 0 0.0930519 -0.995661 
vn 0 0.21497 -0.976621 
vn 0 2.44929e-16 -1 
vn 0 0.21497 -0.976621 
vn 0 0.318987 -0.947759 
vn 0 0.419889 -0.907575 
vn 0 0.419889 -0.907575 
vn 0 0.605174 -0.796093 
vn 0 0.605174 -0.796093 
vn 0 0.762162 -0.647386 
vn 0 0.762162 -0.647386 
vn 0 0.869604 -0.49375 
vn 0 0.883512 -0.468408 
vn 0 0.883512 -0.468408 
vn 0 0.929104 -0.36982 
vn 0 0.96355 -0.267528 
vn 0 0.96355 -0.267528 
vn 0 0.986775 -0.162094 
vn 0 0.998533 -0.0541389 
vn 0 0.998533 -0.0541389 
vn 0 0.998541 0.0539963 
vn 0 0.986827 0.161782 
vn 0 0.928977 0.370138 
vn 0 0.986827 0.161782 
vn 0 0.963413 0.268021 
vn 0 0.827689 0.561187 
vn 0 0.928977 0.370138 
vn 0 0.872084 0.489357 
vn 0 0.687699 0.725995 
vn 0 0.827689 0.561187 
vn 0 0.515554 0.856857 
vn 0 0.687699 0.725995 
vn 0 0.319302 0.947653 
vn 0 0.515554 0.856857 
vn 0 0.420381 0.907348 
vn 0 0.108119 0.994138 
vn 0 0.319302 0.947653 
vn 0 0.215117 0.976588 
vn 0 0.0930519 0.995661 
vn 0 0.108081 0.994142 
f 972//972 973//973 974//974 
f 975//975 972//972 976//976 
f 977//977 975//975 978//978 
f 979//979 977//977 980//980 
f 981//981 979//979 982//982 
f 983//983 981//981 984//984 
f 985//985 983//983 986//986 
f 987//987 985//985 988//988 
f 989//989 987//987 990//990 
f 991//991 989//989 992//992 
f 993//993 991//991 994//994 
f 995//995 993//993 996//996 
f 997//997 995//995 998//998 
f 999//999 997//997 1000//1000 
f 999//999 1001//1001 1002//1002 
f 999//999 1003//1003 1001//1001 
f 1004//1004 1005//1005 1006//1006 
f 1004//1004 1002//1002 1005//1005 
f 1007//1007 1006//1006 1008//1008 
f 1009//1009 1008//1008 1010//1010 
f 1011//1011 1012//1012 1013//1013 
f 1011//1011 1010//1010 1012//1012 
f 1014//1014 1015//1015 1016//1016 
f 1014//1014 1013//1013 1015//1015 
f 1017//1017 1018//1018 1019//1019 
f 1017//1017 1016//1016 1018//1018 
f 1020//1020 1019//1019 1021//1021 
f 1021//1021 1022//1022 1020//1020 
f 1023//1023 1022//1022 1024//1024 
f 1024//1024 1025//1025 1023//1023 
f 1026//1026 1023//1023 1027//1027 
f 1027//1027 1028//1028 1026//1026 
f 1029//1029 1026//1026 1030//1030 
f 1031//1031 1029//1029 1032//1032 
f 1033//1033 1031//1031 1034//1034 
f 1034//1034 1035//1035 1033//1033 
f 1036//1036 1033//1033 1037//1037 
f 1037//1037 1038//1038 1036//1036 
f 973//973 1036//1036 1039//1039 
f 1036//1036 1040//1040 1039//1039 
f 1039//1039 974//974 973//973 
f 1038//1038 1040//1040 1036//1036 
f 1035//1035 1037//1037 1033//1033 
f 1032//1032 1034//1034 1031//1031 
f 1030//1030 1032//1032 1029//1029 
f 1028//1028 1030//1030 1026//1026 
f 1025//1025 1027//1027 1023//1023 
f 1021//1021 1024//1024 1022//1022 
f 1019//1019 1020//1020 1017//1017 
f 1016//1016 1017//1017 1014//1014 
f 1013//1013 1014//1014 1011//1011 
f 1010//1010 1011//1011 1009//1009 
f 1008//1008 1009//1009 1007//1007 
f 1006//1006 1007//1007 1004//1004 
f 1002//1002 1004//1004 999//999 
f 1000//1000 1003//1003 999//999 
f 998//998 1000//1000 997//997 
f 996//996 998//998 995//995 
f 994//994 996//996 993//993 
f 992//992 994//994 991//991 
f 990//990 992//992 989//989 
f 988//988 990//990 987//987 
f 986//986 988//988 985//985 
f 984//984 986//986 983//983 
f 982//982 984//984 981//981 
f 980//980 982//982 979//979 
f 978//978 980//980 977//977 
f 976//976 978//978 975//975 
f 974//974 976//976 972//972 
o mesh3770
v 0.316 0.0679266 -0.00883707 
v 0.316 0.0675412 -0.0089219 
v 0.32528 0.0675412 -0.0089219 
v 0.316 0.0682848 -0.00867136 
v 0.32528 0.0679266 -0.00883707 
v 0.316 0.0685989 -0.00843254 
v 0.32528 0.0682848 -0.00867136 
v 0.316 0.0688544 -0.00813177 
v 0.32528 0.0685989 -0.00843254 
v 0.32528 0.0688544 -0.00813177 
v 0.32528 0.0690393 -0.0077831 
v 0.316 0.0689519 -0.00794792 
v 0.316 0.0690393 -0.0077831 
v 0.32528 0.0691399 -0.00742068 
v 0.316 0.0691448 -0.00740285 
v 0.316 0.0691662 -0.0070088 
v 0.32528 0.0691448 -0.00740285 
v 0.316 0.0691024 -0.00661936 
v 0.32528 0.0691662 -0.0070088 
v 0.316 0.0689563 -0.00625275 
v 0.32528 0.0691024 -0.00661936 
v 0.316 0.0687348 -0.00592612 
v 0.32528 0.0689563 -0.00625275 
v 0.316 0.0684483 -0.00565473 
v 0.32528 0.0687348 -0.00592612 
v 0.316 0.0681102 -0.00545127 
v 0.32528 0.0684483 -0.00565473 
v 0.316 0.0677362 -0.00532527 
v 0.32528 0.0681102 -0.00545127 
v 0.316 0.0673439 -0.0052826 
v 0.32528 0.0677362 -0.00532527 
v 0.32528 0.0671741 -0.00529052 
v 0.325277 0.0669516 -0.00532527 
v 0.32528 0.0673439 -0.0052826 
v 0.316 0.0669516 -0.00532527 
v 0.325268 0.0667617 -0.00537794 
v 0.325255 0.0665776 -0.00545127 
v 0.316 0.0665776 -0.00545127 
v 0.325219 0.0662394 -0.00565473 
v 0.316 0.0662394 -0.00565473 
v 0.325176 0.0659529 -0.00592612 
v 0.316 0.0659529 -0.00592612 
v 0.32514 0.0657612 -0.00620895 
v 0.325135 0.0657315 -0.00625275 
v 0.316 0.0657315 -0.00625275 
v 0.325117 0.0656483 -0.00643268 
v 0.325104 0.0655854 -0.00661936 
v 0.316 0.0655854 -0.00661936 
v 0.325094 0.065543 -0.00681178 
v 0.325089 0.0655216 -0.0070088 
v 0.316 0.0655216 -0.0070088 
v 0.325089 0.0655216 -0.00720614 
v 0.316 0.0655429 -0.00740285 
v 0.316 0.0656485 -0.0077831 
v 0.325094 0.0655429 -0.00740285 
v 0.325104 0.0655857 -0.00759674 
v 0.316 0.0657359 -0.00794792 
v 0.325118 0.0656485 -0.0077831 
v 0.32514 0.0657612 -0.00799569 
v 0.316 0.0658334 -0.00813177 
v 0.316 0.0660888 -0.00843254 
v 0.325155 0.0658334 -0.00813177 
v 0.316 0.066403 -0.00867136 
v 0.325198 0.0660888 -0.00843254 
v 0.316 0.0667612 -0.00883707 
v 0.325239 0.066403 -0.00867136 
v 0.325255 0.0665767 -0.00876351 
v 0.316 0.0671466 -0.0089219 
v 0.325268 0.0667612 -0.00883707 
v 0.325277 0.0669513 -0.00888987 
v 0.32528 0.0671741 -0.00892468 
v 0.32528 0.0671468 -0.00892042 
vn 0 -0.319302 0.947653 
vn 0 -0.108119 0.994138 
vn 0 -0.108119 0.994138 
vn 0 -0.515554 0.856857 
vn 0 -0.319302 0.947653 
vn 0 -0.687699 0.725995 
vn 0 -0.515554 0.856857 
vn 0 -0.827689 0.561187 
vn 0 -0.687699 0.725995 
vn 0 -0.827689 0.561187 
vn 0 -0.928977 0.370138 
vn 0 -0.886278 0.463154 
vn 0 -0.928977 0.370138 
vn 0 -0.985144 0.171731 
vn 0 -0.986827 0.161782 
vn 0 -0.998533 -0.0541389 
vn 0 -0.986827 0.161782 
vn 0 -0.96355 -0.267528 
vn 0 -0.998533 -0.0541389 
vn 0 -0.883512 -0.468408 
vn 0 -0.96355 -0.267528 
vn 0 -0.762162 -0.647386 
vn 0 -0.883512 -0.468408 
vn 0 -0.605174 -0.796093 
vn 0 -0.762162 -0.647386 
vn 0 -0.419889 -0.907575 
vn 0 -0.605174 -0.796093 
vn 0 -0.21497 -0.976621 
vn 0 -0.419889 -0.907575 
vn 0 2.44929e-16 -1 
vn 0 -0.21497 -0.976621 
vn 0 0.0930519 -0.995661 
vn 0 0.21497 -0.976621 
vn 0 2.44929e-16 -1 
vn 0 0.21497 -0.976621 
vn 0 0.318987 -0.947759 
vn 0 0.419889 -0.907575 
vn 0 0.419889 -0.907575 
vn 0 0.605174 -0.796093 
vn 0 0.605174 -0.796093 
vn 0 0.762162 -0.647386 
vn 0 0.762162 -0.647386 
vn 0 0.869604 -0.49375 
vn 0 0.883512 -0.468408 
vn 0 0.883512 -0.468408 
vn 0 0.929104 -0.36982 
vn 0 0.96355 -0.267528 
vn 0 0.96355 -0.267528 
vn 0 0.986775 -0.162094 
vn 0 0.998533 -0.0541389 
vn 0 0.998533 -0.0541389 
vn 0 0.998541 0.0539963 
vn 0 0.986827 0.161782 
vn 0 0.928977 0.370138 
vn 0 0.986827 0.161782 
vn 0 0.963413 0.268021 
vn 0 0.886278 0.463154 
vn 0 0.928977 0.370138 
vn 0 0.872084 0.489357 
vn 0 0.827689 0.561187 
vn 0 0.687699 0.725995 
vn 0 0.827689 0.561187 
vn 0 0.515554 0.856857 
vn 0 0.687699 0.725995 
vn 0 0.319302 0.947653 
vn 0 0.515554 0.856857 
vn 0 0.420381 0.907348 
vn 0 0.108119 0.994138 
vn 0 0.319302 0.947653 
vn 0 0.215117 0.976588 
vn 0 0.0930519 0.995661 
vn 0 0.108081 0.994142 
f 1041//1041 1042//1042 1043//1043 
f 1044//1044 1041//1041 1045//1045 
f 1046//1046 1044//1044 1047//1047 
f 1048//1048 1046//1046 1049//1049 
f 1050//1050 1051//1051 1052//1052 
f 1051//1051 1053//1053 1052//1052 
f 1053//1053 1051//1051 1054//1054 
f 1054//1054 1055//1055 1053//1053 
f 1056//1056 1055//1055 1057//1057 
f 1058//1058 1056//1056 1059//1059 
f 1060//1060 1058//1058 1061//1061 
f 1062//1062 1060//1060 1063//1063 
f 1064//1064 1062//1062 1065//1065 
f 1066//1066 1064//1064 1067//1067 
f 1068//1068 1066//1066 1069//1069 
f 1070//1070 1068//1068 1071//1071 
f 1070//1070 1072//1072 1073//1073 
f 1070//1070 1074//1074 1072//1072 
f 1075//1075 1076//1076 1077//1077 
f 1075//1075 1073//1073 1076//1076 
f 1078//1078 1077//1077 1079//1079 
f 1080//1080 1079//1079 1081//1081 
f 1082//1082 1083//1083 1084//1084 
f 1082//1082 1081//1081 1083//1083 
f 1085//1085 1086//1086 1087//1087 
f 1085//1085 1084//1084 1086//1086 
f 1088//1088 1089//1089 1090//1090 
f 1088//1088 1087//1087 1089//1089 
f 1091//1091 1090//1090 1092//1092 
f 1092//1092 1093//1093 1091//1091 
f 1094//1094 1093//1093 1095//1095 
f 1095//1095 1096//1096 1094//1094 
f 1097//1097 1094//1094 1098//1098 
f 1099//1099 1100//1100 1097//1097 
f 1098//1098 1099//1099 1097//1097 
f 1101//1101 1100//1100 1102//1102 
f 1103//1103 1101//1101 1104//1104 
f 1105//1105 1103//1103 1106//1106 
f 1106//1106 1107//1107 1105//1105 
f 1108//1108 1105//1105 1109//1109 
f 1109//1109 1110//1110 1108//1108 
f 1042//1042 1108//1108 1111//1111 
f 1108//1108 1112//1112 1111//1111 
f 1111//1111 1043//1043 1042//1042 
f 1110//1110 1112//1112 1108//1108 
f 1107//1107 1109//1109 1105//1105 
f 1104//1104 1106//1106 1103//1103 
f 1102//1102 1104//1104 1101//1101 
f 1099//1099 1102//1102 1100//1100 
f 1096//1096 1098//1098 1094//1094 
f 1092//1092 1095//1095 1093//1093 
f 1090//1090 1091//1091 1088//1088 
f 1087//1087 1088//1088 1085//1085 
f 1084//1084 1085//1085 1082//1082 
f 1081//1081 1082//1082 1080//1080 
f 1079//1079 1080//1080 1078//1078 
f 1077//1077 1078//1078 1075//1075 
f 1073//1073 1075//1075 1070//1070 
f 1071//1071 1074//1074 1070//1070 
f 1069//1069 1071//1071 1068//1068 
f 1067//1067 1069//1069 1066//1066 
f 1065//1065 1067//1067 1064//1064 
f 1063//1063 1065//1065 1062//1062 
f 1061//1061 1063//1063 1060//1060 
f 1059//1059 1061//1061 1058//1058 
f 1057//1057 1059//1059 1056//1056 
f 1054//1054 1057//1057 1055//1055 
f 1052//1052 1048//1048 1050//1050 
f 1049//1049 1050//1050 1048//1048 
f 1047//1047 1049//1049 1046//1046 
f 1045//1045 1047//1047 1044//1044 
f 1043//1043 1045//1045 1041//1041 
o mesh3771
v 0.316 0.0679266 0.00994452 
v 0.316 0.0675412 0.00985969 
v 0.32528 0.0675412 0.00985969 
v 0.316 0.0682848 0.0101102 
v 0.32528 0.0679266 0.00994452 
v 0.316 0.0685989 0.010349 
v 0.32528 0.0682848 0.0101102 
v 0.316 0.0688544 0.0106498 
v 0.32528 0.0685989 0.010349 
v 0.316 0.0690393 0.0109985 
v 0.32528 0.0688544 0.0106498 
v 0.316 0.0691448 0.0113787 
v 0.32528 0.0690393 0.0109985 
v 0.316 0.0691662 0.0117728 
v 0.32528 0.0691448 0.0113787 
v 0.316 0.0691024 0.0121622 
v 0.32528 0.0691662 0.0117728 
v 0.316 0.0689563 0.0125288 
v 0.32528 0.0691024 0.0121622 
v 0.316 0.0687348 0.0128555 
v 0.32528 0.0689563 0.0125288 
v 0.316 0.0684483 0.0131269 
v 0.32528 0.0687348 0.0128555 
v 0.316 0.0681102 0.0133303 
v 0.32528 0.0684483 0.0131269 
v 0.316 0.0677362 0.0134563 
v 0.32528 0.0681102 0.0133303 
v 0.316 0.0673439 0.013499 
v 0.32528 0.0677362 0.0134563 
v 0.32528 0.0671741 0.0134911 
v 0.325277 0.0669516 0.0134563 
v 0.32528 0.0673439 0.013499 
v 0.316 0.0669516 0.0134563 
v 0.325268 0.0667617 0.0134036 
v 0.325255 0.0665776 0.0133303 
v 0.316 0.0665776 0.0133303 
v 0.325219 0.0662394 0.0131269 
v 0.316 0.0662394 0.0131269 
v 0.325176 0.0659529 0.0128555 
v 0.316 0.0659529 0.0128555 
v 0.32514 0.0657612 0.0125726 
v 0.325135 0.0657315 0.0125288 
v 0.316 0.0657315 0.0125288 
v 0.325117 0.0656483 0.0123489 
v 0.325104 0.0655854 0.0121622 
v 0.316 0.0655854 0.0121622 
v 0.325094 0.065543 0.0119698 
v 0.325089 0.0655216 0.0117728 
v 0.316 0.0655216 0.0117728 
v 0.325089 0.0655216 0.0115754 
v 0.316 0.0655429 0.0113787 
v 0.316 0.0656485 0.0109985 
v 0.325094 0.0655429 0.0113787 
v 0.325104 0.0655857 0.0111849 
v 0.316 0.0658334 0.0106498 
v 0.325118 0.0656485 0.0109985 
v 0.32514 0.0657612 0.0107859 
v 0.316 0.0660888 0.010349 
v 0.325155 0.0658334 0.0106498 
v 0.316 0.066403 0.0101102 
v 0.325198 0.0660888 0.010349 
v 0.316 0.0667612 0.00994452 
v 0.325239 0.066403 0.0101102 
v 0.325255 0.0665767 0.0100181 
v 0.316 0.0671466 0.00985969 
v 0.325268 0.0667612 0.00994452 
v 0.325277 0.0669513 0.00989172 
v 0.32528 0.0671741 0.00985691 
v 0.32528 0.0671468 0.00986117 
vn 0 -0.319302 0.947653 
vn 0 -0.108119 0.994138 
vn 0 -0.108119 0.994138 
vn 0 -0.515554 0.856857 
vn 0 -0.319302 0.947653 
vn 0 -0.687699 0.725995 
vn 0 -0.515554 0.856857 
vn 0 -0.827689 0.561187 
vn 0 -0.687699 0.725995 
vn 0 -0.928977 0.370138 
vn 0 -0.827689 0.561187 
vn 0 -0.986827 0.161782 
vn 0 -0.928977 0.370138 
vn 0 -0.998533 -0.0541389 
vn 0 -0.986827 0.161782 
vn 0 -0.96355 -0.267528 
vn 0 -0.998533 -0.0541389 
vn 0 -0.883512 -0.468408 
vn 0 -0.96355 -0.267528 
vn 0 -0.762162 -0.647386 
vn 0 -0.883512 -0.468408 
vn 0 -0.605174 -0.796093 
vn 0 -0.762162 -0.647386 
vn 0 -0.419889 -0.907575 
vn 0 -0.605174 -0.796093 
vn 0 -0.21497 -0.976621 
vn 0 -0.419889 -0.907575 
vn 0 2.44929e-16 -1 
vn 0 -0.21497 -0.976621 
vn 0 0.0930519 -0.995661 
vn 0 0.21497 -0.976621 
vn 0 2.44929e-16 -1 
vn 0 0.21497 -0.976621 
vn 0 0.318987 -0.947759 
vn 0 0.419889 -0.907575 
vn 0 0.419889 -0.907575 
vn 0 0.605174 -0.796093 
vn 0 0.605174 -0.796093 
vn 0 0.762162 -0.647386 
vn 0 0.762162 -0.647386 
vn 0 0.869604 -0.49375 
vn 0 0.883512 -0.468408 
vn 0 0.883512 -0.468408 
vn 0 0.929104 -0.36982 
vn 0 0.96355 -0.267528 
vn 0 0.96355 -0.267528 
vn 0 0.986775 -0.162094 
vn 0 0.998533 -0.0541389 
vn 0 0.998533 -0.0541389 
vn 0 0.998541 0.0539963 
vn 0 0.986827 0.161782 
vn 0 0.928977 0.370138 
vn 0 0.986827 0.161782 
vn 0 0.963413 0.268021 
vn 0 0.827689 0.561187 
vn 0 0.928977 0.370138 
vn 0 0.872084 0.489357 
vn 0 0.687699 0.725995 
vn 0 0.827689 0.561187 
vn 0 0.515554 0.856857 
vn 0 0.687699 0.725995 
vn 0 0.319302 0.947653 
vn 0 0.515554 0.856857 
vn 0 0.420381 0.907348 
vn 0 0.108119 0.994138 
vn 0 0.319302 0.947653 
vn 0 0.215117 0.976588 
vn 0 0.0930519 0.995661 
vn 0 0.108081 0.994142 
f 1113//1113 1114//1114 1115//1115 
f 1116//1116 1113//1113 1117//1117 
f 1118//1118 1116//1116 1119//1119 
f 1120//1120 1118//1118 1121//1121 
f 1122//1122 1120//1120 1123//1123 
f 1124//1124 1122//1122 1125//1125 
f 1126//1126 1124//1124 1127//1127 
f 1128//1128 1126//1126 1129//1129 
f 1130//1130 1128//1128 1131//1131 
f 1132//1132 1130//1130 1133//1133 
f 1134//1134 1132//1132 1135//1135 
f 1136//1136 1134//1134 1137//1137 
f 1138//1138 1136//1136 1139//1139 
f 1140//1140 1138//1138 1141//1141 
f 1140//1140 1142//1142 1143//1143 
f 1140//1140 1144//1144 1142//1142 
f 1145//1145 1146//1146 1147//1147 
f 1145//1145 1143//1143 1146//1146 
f 1148//1148 1147//1147 1149//1149 
f 1150//1150 1149//1149 1151//1151 
f 1152//1152 1153//1153 1154//1154 
f 1152//1152 1151//1151 1153//1153 
f 1155//1155 1156//1156 1157//1157 
f 1155//1155 1154//1154 1156//1156 
f 1158//1158 1159//1159 1160//1160 
f 1158//1158 1157//1157 1159//1159 
f 1161//1161 1160//1160 1162//1162 
f 1162//1162 1163//1163 1161//1161 
f 1164//1164 1163//1163 1165//1165 
f 1165//1165 1166//1166 1164//1164 
f 1167//1167 1164//1164 1168//1168 
f 1168//1168 1169//1169 1167//1167 
f 1170//1170 1167//1167 1171//1171 
f 1172//1172 1170//1170 1173//1173 
f 1174//1174 1172//1172 1175//1175 
f 1175//1175 1176//1176 1174//1174 
f 1177//1177 1174//1174 1178//1178 
f 1178//1178 1179//1179 1177//1177 
f 1114//1114 1177//1177 1180//1180 
f 1177//1177 1181//1181 1180//1180 
f 1180//1180 1115//1115 1114//1114 
f 1179//1179 1181//1181 1177//1177 
f 1176//1176 1178//1178 1174//1174 
f 1173//1173 1175//1175 1172//1172 
f 1171//1171 1173//1173 1170//1170 
f 1169//1169 1171//1171 1167//1167 
f 1166//1166 1168//1168 1164//1164 
f 1162//1162 1165//1165 1163//1163 
f 1160//1160 1161//1161 1158//1158 
f 1157//1157 1158//1158 1155//1155 
f 1154//1154 1155//1155 1152//1152 
f 1151//1151 1152//1152 1150//1150 
f 1149//1149 1150//1150 1148//1148 
f 1147//1147 1148//1148 1145//1145 
f 1143//1143 1145//1145 1140//1140 
f 1141//1141 1144//1144 1140//1140 
f 1139//1139 1141//1141 1138//1138 
f 1137//1137 1139//1139 1136//1136 
f 1135//1135 1137//1137 1134//1134 
f 1133//1133 1135//1135 1132//1132 
f 1131//1131 1133//1133 1130//1130 
f 1129//1129 1131//1131 1128//1128 
f 1127//1127 1129//1129 1126//1126 
f 1125//1125 1127//1127 1124//1124 
f 1123//1123 1125//1125 1122//1122 
f 1121//1121 1123//1123 1120//1120 
f 1119//1119 1121//1121 1118//1118 
f 1117//1117 1119//1119 1116//1116 
f 1115//1115 1117//1117 1113//1113 
o mesh3772
v 0.324729 0.0644024 -0.0389114 
v 0.32528 0.118669 -0.0251975 
v 0.32528 0.1182 -0.025316 
v 0.32528 0.127637 -0.0229312 
v 0.32528 0.154338 -0.0161832 
v 0.322061 0.061152 -0.0397328 
v 0.320809 0.0604827 -0.0399019 
v 0.32528 0.137811 -0.02036 
v 0.323159 0.0620527 -0.0395052 
v 0.32528 0.140238 -0.0197465 
v 0.324059 0.0631503 -0.0392278 
v 0.32528 0.0984429 -0.0303088 
v 0.32528 0.0972502 -0.0306103 
v 0.32528 0.142733 -0.0191162 
v 0.32528 0.0853564 -0.033616 
v 0.32528 0.0671741 -0.0382109 
v 0.32528 0.108669 -0.0277247 
v 0.32528 0.147288 -0.0179651 
v 0.31945 0.0600706 -0.0400061 
v 0.319 0.0599957 -0.040025 
v 0.319 0.237266 0.00477382 
v 0.32528 0.157288 -0.0154379 
v 0.32528 0.166013 -0.0132328 
v 0.32528 0.189012 -0.00742068 
v 0.32528 0.199294 -0.00482244 
v 0.32528 0.234487 0.00407153 
v 0.32528 0.237266 0.00477382 
v 0.325141 0.0657611 -0.038568 
vn 0 0.245012 -0.96952 
vn 0 0.245012 -0.96952 
vn 0 0.245012 -0.96952 
vn 0 0.245012 -0.96952 
vn 0 0.245012 -0.96952 
vn 0 0.245012 -0.96952 
vn 0 0.245012 -0.96952 
vn 0 0.245012 -0.96952 
vn 0 0.245012 -0.96952 
vn 0 0.245012 -0.96952 
vn 0 0.245012 -0.96952 
vn 0 0.245012 -0.96952 
vn 0 0.245012 -0.96952 
vn 0 0.245012 -0.96952 
vn 0 0.245012 -0.96952 
vn 0 0.245012 -0.96952 
vn 0 0.245012 -0.96952 
vn 0 0.245012 -0.96952 
vn 0 0.245012 -0.96952 
vn 0 0.245012 -0.96952 
vn 0 0.245012 -0.96952 
vn 0 0.245012 -0.96952 
vn 0 0.245012 -0.96952 
vn 0 0.245012 -0.96952 
vn 0 0.245012 -0.96952 
vn 0 0.245012 -0.96952 
vn 0 0.245012 -0.96952 
vn 0 0.245012 -0.96952 
f 1182//1182 1183//1183 1184//1184 
f 1182//1182 1185//1185 1183//1183 
f 1186//1186 1187//1187 1188//1188 
f 1182//1182 1189//1189 1185//1185 
f 1186//1186 1190//1190 1187//1187 
f 1182//1182 1191//1191 1189//1189 
f 1186//1186 1192//1192 1190//1190 
f 1182//1182 1193//1193 1194//1194 
f 1182//1182 1195//1195 1191//1191 
f 1186//1186 1182//1182 1192//1192 
f 1182//1182 1196//1196 1197//1197 
f 1182//1182 1198//1198 1193//1193 
f 1182//1182 1199//1199 1195//1195 
f 1188//1188 1200//1200 1186//1186 
f 1194//1194 1196//1196 1182//1182 
f 1182//1182 1186//1186 1199//1199 
f 1201//1201 1202//1202 1186//1186 
f 1184//1184 1198//1198 1182//1182 
f 1202//1202 1203//1203 1186//1186 
f 1200//1200 1201//1201 1186//1186 
f 1202//1202 1204//1204 1203//1203 
f 1202//1202 1205//1205 1204//1204 
f 1202//1202 1206//1206 1205//1205 
f 1202//1202 1207//1207 1206//1206 
f 1202//1202 1208//1208 1207//1207 
f 1197//1197 1209//1209 1182//1182 
o mesh3773
v 0.325141 0.0657611 -0.038568 
v 0.325268 0.0667612 -0.0248532 
v 0.325255 0.0665767 -0.0247796 
v 0.325277 0.0669513 -0.024906 
v 0.32528 0.0671468 -0.0249365 
v 0.32528 0.0671741 -0.025316 
v 0.32528 0.0671741 -0.033616 
v 0.32528 0.0671741 -0.0382109 
v 0.32528 0.0671741 -0.0249408 
v 0.325239 0.066403 -0.0246875 
v 0.325198 0.0660888 -0.0244486 
v 0.325155 0.0658334 -0.0241479 
v 0.325255 0.0665776 -0.0214674 
v 0.325268 0.0667612 -0.00883707 
v 0.325255 0.0665767 -0.00876351 
v 0.325277 0.0669513 -0.00888987 
v 0.32528 0.0671468 -0.00892042 
v 0.325277 0.0669516 -0.0213414 
v 0.32528 0.0671741 -0.0161832 
v 0.32528 0.0671741 -0.0191162 
v 0.32528 0.0671741 -0.0213066 
v 0.32528 0.0671741 -0.00892468 
v 0.325268 0.0667617 -0.021394 
v 0.325239 0.066403 -0.00867136 
v 0.325198 0.0660888 -0.00843254 
v 0.325219 0.0662394 -0.0216708 
v 0.325176 0.0659529 -0.0219422 
v 0.325155 0.0658334 -0.00813177 
v 0.32514 0.0657612 -0.0222251 
v 0.325255 0.0665776 -0.00545127 
v 0.325268 0.0667612 0.00994452 
v 0.325255 0.0665767 0.0100181 
v 0.325277 0.0669513 0.00989172 
v 0.32528 0.0671468 0.00986117 
v 0.325277 0.0669516 -0.00532527 
v 0.32528 0.0671741 0.00407153 
v 0.32528 0.0671741 -0.00529052 
v 0.32528 0.0671741 0.00985691 
v 0.325268 0.0667617 -0.00537794 
v 0.325239 0.066403 0.0101102 
v 0.325198 0.0660888 0.010349 
v 0.325219 0.0662394 -0.00565473 
v 0.325176 0.0659529 -0.00592612 
v 0.325155 0.0658334 0.0106498 
v 0.32514 0.0657612 -0.00620895 
v 0.325277 0.0669516 0.0134563 
v 0.32528 0.0671741 0.0134911 
v 0.32528 0.0671741 0.0217023 
v 0.325153 0.0658243 0.0221785 
v 0.32528 0.0671741 0.0222035 
v 0.325135 0.0657629 0.0221794 
v 0.325255 0.0665776 0.0133303 
v 0.325268 0.0667617 0.0134036 
v 0.325219 0.0662394 0.0131269 
v 0.325176 0.0659529 0.0128555 
v 0.32514 0.0657612 0.0125726 
v 0.324729 0.0644024 0.0221997 
v 0.325135 0.0657315 0.0125288 
v 0.325104 0.0655854 0.0121622 
v 0.325117 0.0656483 0.0123489 
v 0.325089 0.0655216 0.0117728 
v 0.325094 0.065543 0.0119698 
v 0.324729 0.0644024 -0.0389114 
v 0.325094 0.0655429 0.0113787 
v 0.325089 0.0655216 0.0115754 
v 0.325118 0.0656485 0.0109985 
v 0.325104 0.0655857 0.0111849 
v 0.325135 0.0657315 -0.00625275 
v 0.32514 0.0657612 0.0107859 
v 0.325094 0.065543 -0.00681178 
v 0.325104 0.0655854 -0.00661936 
v 0.325089 0.0655216 -0.0070088 
v 0.325117 0.0656483 -0.00643268 
v 0.325118 0.0656485 -0.0077831 
v 0.325104 0.0655857 -0.00759674 
v 0.325094 0.0655429 -0.00740285 
v 0.325089 0.0655216 -0.00720614 
v 0.325135 0.0657315 -0.0222689 
v 0.32514 0.0657612 -0.00799569 
v 0.325094 0.065543 -0.0228279 
v 0.325104 0.0655854 -0.0226355 
v 0.325089 0.0655216 -0.0230249 
v 0.325117 0.0656483 -0.0224488 
v 0.325089 0.0655216 -0.0232222 
v 0.325118 0.0656485 -0.0237992 
v 0.325104 0.0655857 -0.0236128 
v 0.325094 0.0655429 -0.023419 
v 0.32514 0.0657612 -0.0240118 
v 0.324059 0.0631503 0.0222586 
v 0.324059 0.0631503 -0.0392278 
v 0.323159 0.0620527 0.0223415 
v 0.323159 0.0620527 -0.0395052 
v 0.322061 0.061152 0.0224315 
v 0.322061 0.061152 -0.0397328 
v 0.320809 0.0604827 0.0225111 
v 0.320809 0.0604827 -0.0399019 
v 0.31945 0.0600706 0.0225657 
v 0.31945 0.0600706 -0.0400061 
v 0.318037 0.0599314 0.0225851 
v 0.319 0.0599957 -0.040025 
v 0.318037 0.0599314 -0.0398776 
v 0.318415 0.0599413 -0.0399793 
v 0.318705 0.0599623 -0.0400185 
vn 0.980785 -0.19509 0 
vn 0.998374 -0.0570104 0 
vn 0.996593 -0.0824804 0 
vn 0.999527 -0.030758 0 
vn 0.999993 -0.00376486 0 
vn 1 0 0 
vn 1 0 0 
vn 1 0 0 
vn 1 0 0 
vn 0.994317 -0.106462 0 
vn 0.98871 -0.149839 0 
vn 0.982717 -0.185114 0 
vn 0.996603 -0.0823564 0 
vn 0.998374 -0.0570104 0 
vn 0.996593 -0.0824804 0 
vn 0.999527 -0.030758 0 
vn 0.999993 -0.00376486 0 
vn 0.999528 -0.030721 0 
vn 1 0 0 
vn 1 0 0 
vn 1 0 0 
vn 1 0 0 
vn 0.998378 -0.0569311 0 
vn 0.994317 -0.106462 0 
vn 0.98871 -0.149839 0 
vn 0.991639 -0.129045 0 
vn 0.985684 -0.168602 0 
vn 0.982717 -0.185114 0 
vn 0.980785 -0.195091 0 
vn 0.996603 -0.0823564 0 
vn 0.998374 -0.0570104 0 
vn 0.996593 -0.0824804 0 
vn 0.999527 -0.030758 0 
vn 0.999993 -0.00376486 0 
vn 0.999528 -0.030721 0 
vn 1 0 0 
vn 1 0 0 
vn 1 0 0 
vn 0.998378 -0.0569311 0 
vn 0.994317 -0.106462 0 
vn 0.98871 -0.149839 0 
vn 0.991639 -0.129045 0 
vn 0.985684 -0.168602 0 
vn 0.982717 -0.185114 0 
vn 0.980785 -0.195091 0 
vn 0.999528 -0.030721 0 
vn 1 1.22465e-16 0 
vn 1 1.22465e-16 0 
vn 0.982482 -0.186359 0 
vn 1 1.22465e-16 0 
vn 0.980801 -0.19501 0 
vn 0.996603 -0.0823564 0 
vn 0.998378 -0.0569311 0 
vn 0.991639 -0.129045 0 
vn 0.985684 -0.168602 0 
vn 0.980785 -0.195091 0 
vn 0.92388 -0.382683 0 
vn 0.979963 -0.19918 0 
vn 0.975647 -0.219348 0 
vn 0.977558 -0.210668 0 
vn 0.973623 -0.228163 0 
vn 0.974312 -0.2252 0 
vn 0.92388 -0.382683 0 
vn 0.974309 -0.225213 0 
vn 0.973622 -0.228165 0 
vn 0.977565 -0.210636 0 
vn 0.975654 -0.219314 0 
vn 0.979963 -0.19918 0 
vn 0.980785 -0.19509 0 
vn 0.974312 -0.2252 0 
vn 0.975647 -0.219348 0 
vn 0.973623 -0.228163 0 
vn 0.977558 -0.210668 0 
vn 0.977565 -0.210636 0 
vn 0.975654 -0.219314 0 
vn 0.974309 -0.225213 0 
vn 0.973622 -0.228165 0 
vn 0.979963 -0.19918 0 
vn 0.980785 -0.19509 0 
vn 0.974312 -0.2252 0 
vn 0.975647 -0.219348 0 
vn 0.973623 -0.228163 0 
vn 0.977558 -0.210668 0 
vn 0.973622 -0.228165 0 
vn 0.977565 -0.210636 0 
vn 0.975654 -0.219314 0 
vn 0.974309 -0.225213 0 
vn 0.980785 -0.19509 0 
vn 0.83147 -0.55557 0 
vn 0.83147 -0.55557 0 
vn 0.707107 -0.707107 0 
vn 0.707107 -0.707107 0 
vn 0.55557 -0.83147 0 
vn 0.55557 -0.83147 0 
vn 0.382683 -0.92388 0 
vn 0.382683 -0.92388 0 
vn 0.19509 -0.980785 0 
vn 0.19509 -0.980785 0 
vn 0 -1 0 
vn 0.132913 -0.991128 0 
vn 0 -1 0 
vn 0.0521039 -0.998642 0 
vn 0.0922203 -0.995739 0 
f 1210//1210 1211//1211 1212//1212 
f 1210//1210 1213//1213 1211//1211 
f 1214//1214 1210//1210 1215//1215 
f 1210//1210 1216//1216 1215//1215 
f 1210//1210 1217//1217 1216//1216 
f 1215//1215 1218//1218 1214//1214 
f 1214//1214 1213//1213 1210//1210 
f 1212//1212 1219//1219 1210//1210 
f 1219//1219 1220//1220 1210//1210 
f 1220//1220 1221//1221 1210//1210 
f 1222//1222 1223//1223 1224//1224 
f 1222//1222 1225//1225 1223//1223 
f 1226//1226 1227//1227 1228//1228 
f 1227//1227 1229//1229 1228//1228 
f 1227//1227 1230//1230 1229//1229 
f 1228//1228 1231//1231 1226//1226 
f 1225//1225 1222//1222 1232//1232 
f 1232//1232 1227//1227 1225//1225 
f 1226//1226 1225//1225 1227//1227 
f 1224//1224 1233//1233 1222//1222 
f 1234//1234 1235//1235 1222//1222 
f 1234//1234 1236//1236 1235//1235 
f 1233//1233 1234//1234 1222//1222 
f 1237//1237 1238//1238 1236//1236 
f 1234//1234 1237//1237 1236//1236 
f 1239//1239 1240//1240 1241//1241 
f 1239//1239 1242//1242 1240//1240 
f 1243//1243 1244//1244 1245//1245 
f 1244//1244 1246//1246 1245//1245 
f 1245//1245 1247//1247 1243//1243 
f 1242//1242 1239//1239 1248//1248 
f 1248//1248 1244//1244 1242//1242 
f 1243//1243 1242//1242 1244//1244 
f 1241//1241 1249//1249 1239//1239 
f 1250//1250 1251//1251 1239//1239 
f 1250//1250 1252//1252 1251//1251 
f 1249//1249 1250//1250 1239//1239 
f 1253//1253 1254//1254 1252//1252 
f 1250//1250 1253//1253 1252//1252 
f 1255//1255 1256//1256 1257//1257 
f 1257//1257 1258//1258 1255//1255 
f 1257//1257 1259//1259 1258//1258 
f 1260//1260 1261//1261 1262//1262 
f 1262//1262 1255//1255 1260//1260 
f 1260//1260 1263//1263 1261//1261 
f 1260//1260 1264//1264 1263//1263 
f 1260//1260 1265//1265 1264//1264 
f 1266//1266 1267//1267 1265//1265 
f 1266//1266 1268//1268 1269//1269 
f 1266//1266 1270//1270 1271//1271 
f 1271//1271 1268//1268 1266//1266 
f 1272//1272 1273//1273 1274//1274 
f 1272//1272 1275//1275 1276//1276 
f 1276//1276 1273//1273 1272//1272 
f 1274//1274 1266//1266 1272//1272 
f 1274//1274 1270//1270 1266//1266 
f 1269//1269 1267//1267 1266//1266 
f 1277//1277 1254//1254 1278//1278 
f 1275//1275 1279//1279 1280//1280 
f 1275//1275 1281//1281 1279//1279 
f 1280//1280 1282//1282 1275//1275 
f 1272//1272 1283//1283 1284//1284 
f 1284//1284 1285//1285 1272//1272 
f 1285//1285 1286//1286 1272//1272 
f 1286//1286 1281//1281 1272//1272 
f 1281//1281 1275//1275 1272//1272 
f 1282//1282 1277//1277 1275//1275 
f 1278//1278 1275//1275 1277//1277 
f 1287//1287 1238//1238 1288//1288 
f 1283//1283 1289//1289 1290//1290 
f 1283//1283 1291//1291 1289//1289 
f 1290//1290 1292//1292 1283//1283 
f 1272//1272 1293//1293 1291//1291 
f 1272//1272 1294//1294 1295//1295 
f 1295//1295 1296//1296 1272//1272 
f 1296//1296 1293//1293 1272//1272 
f 1291//1291 1283//1283 1272//1272 
f 1292//1292 1287//1287 1283//1283 
f 1272//1272 1210//1210 1297//1297 
f 1297//1297 1294//1294 1272//1272 
f 1288//1288 1283//1283 1287//1287 
f 1298//1298 1299//1299 1272//1272 
f 1300//1300 1301//1301 1299//1299 
f 1302//1302 1303//1303 1301//1301 
f 1304//1304 1305//1305 1303//1303 
f 1306//1306 1307//1307 1305//1305 
f 1308//1308 1309//1309 1307//1307 
f 1308//1308 1310//1310 1311//1311 
f 1311//1311 1312//1312 1308//1308 
f 1312//1312 1309//1309 1308//1308 
f 1307//1307 1306//1306 1308//1308 
f 1305//1305 1304//1304 1306//1306 
f 1303//1303 1302//1302 1304//1304 
f 1301//1301 1300//1300 1302//1302 
f 1299//1299 1298//1298 1300//1300 
f 1272//1272 1266//1266 1298//1298 
f 1265//1265 1260//1260 1266//1266 
f 1258//1258 1260//1260 1255//1255 
f 1253//1253 1278//1278 1254//1254 
f 1237//1237 1288//1288 1238//1238 
f 1221//1221 1297//1297 1210//1210 
o mesh3774
v 0.317 0.0657889 0.0221785 
v 0.324059 0.0631503 0.0222586 
v 0.324729 0.0644024 0.0221997 
v 0.318037 0.0599314 0.0225851 
v 0.31945 0.0600706 0.0225657 
v 0.320809 0.0604827 0.0225111 
v 0.322061 0.061152 0.0224315 
v 0.323159 0.0620527 0.0223415 
v 0.325135 0.0657629 0.0221794 
v 0.317 0.0658242 0.022181 
v 0.317 0.0599314 0.0225851 
v 0.317 0.0717154 0.0226115 
v 0.32528 0.0671741 0.0222035 
v 0.325153 0.0658243 0.0221785 
v 0.32528 0.0717154 0.0226115 
vn 0 -0.00139145 0.999999 
vn 0 0.0620994 0.99807 
vn 0 0.0319695 0.999489 
vn 0 0.139553 0.990215 
vn 0 0.136204 0.990681 
vn 0 0.126287 0.991994 
vn 0 0.110182 0.993911 
vn 0 0.0885085 0.996075 
vn 0 -0.000766798 1 
vn 0 -0.00224069 0.999997 
vn 0 0.139553 0.990215 
vn 0 -0.143997 0.989578 
vn 0 -0.0347228 0.999397 
vn 0 -0.00224498 0.999997 
vn 0 -0.143997 0.989578 
f 1313//1313 1314//1314 1315//1315 
f 1313//1313 1316//1316 1317//1317 
f 1317//1317 1318//1318 1313//1313 
f 1318//1318 1319//1319 1313//1313 
f 1319//1319 1320//1320 1313//1313 
f 1320//1320 1314//1314 1313//1313 
f 1321//1321 1322//1322 1313//1313 
f 1315//1315 1321//1321 1313//1313 
f 1313//1313 1323//1323 1316//1316 
f 1324//1324 1322//1322 1325//1325 
f 1322//1322 1326//1326 1325//1325 
f 1325//1325 1327//1327 1324//1324 
f 1321//1321 1326//1326 1322//1322 
o mesh3775
v 0.317852 0.0599314 -0.0398057 
v 0.316506 0.0599314 -0.038666 
v 0.316879 0.0599314 -0.0391349 
v 0.316228 0.0599314 -0.0381311 
v 0.316058 0.0599314 -0.0375506 
v 0.316 0.0599314 -0.0369469 
v 0.317333 0.0599314 -0.0395198 
v 0.318037 0.0599314 -0.0398776 
v 0.316 0.0599314 -0.0309478 
v 0.316 0.0599314 -0.0197264 
v 0.318037 0.0599314 0.0225851 
v 0.316 0.0599314 -0.00794792 
v 0.316492 0.0599314 0.0224454 
v 0.316805 0.0599314 0.0225657 
v 0.316805 0.0599314 0.0225656 
v 0.316022 0.0599314 0.021772 
v 0.316001 0.0599314 0.0216081 
v 0.316671 0.0599314 0.022529 
v 0.316446 0.0599314 0.022413 
v 0.317 0.0599314 0.0225851 
v 0.316 0.0599314 0.00228319 
v 0.316 0.0599314 0.0215754 
v 0.316078 0.0599314 0.0219608 
v 0.316067 0.0599314 0.0219382 
v 0.316237 0.0599314 0.0222283 
v 0.316157 0.0599314 0.022118 
v 0.31638 0.0599314 0.0223675 
v 0.316026 0.0599314 0.0218062 
v 0.316296 0.0599314 0.0222858 
vn 0 -1 0 
vn 0 -1 0 
vn 0 -1 0 
vn 0 -1 0 
vn 0 -1 0 
vn 0 -1 0 
vn 0 -1 0 
vn 0 -1 0 
vn 0 -1 0 
vn 0 -1 0 
vn 0 -1 0 
vn 0 -1 0 
vn 0 -1 0 
vn 0 -1 0 
vn 0 -1 0 
vn 0 -1 0 
vn 0 -1 0 
vn 0 -1 0 
vn 0 -1 0 
vn 0 -1 0 
vn 0 -1 0 
vn 0 -1 0 
vn 0 -1 0 
vn 0 -1 0 
vn 0 -1 0 
vn 0 -1 0 
vn 0 -1 0 
vn 0 -1 0 
vn 0 -1 0 
f 1328//1328 1329//1329 1330//1330 
f 1328//1328 1331//1331 1329//1329 
f 1328//1328 1332//1332 1331//1331 
f 1328//1328 1333//1333 1332//1332 
f 1330//1330 1334//1334 1328//1328 
f 1335//1335 1336//1336 1333//1333 
f 1335//1335 1337//1337 1336//1336 
f 1335//1335 1338//1338 1339//1339 
f 1340//1340 1341//1341 1342//1342 
f 1339//1339 1337//1337 1335//1335 
f 1338//1338 1343//1343 1344//1344 
f 1342//1342 1345//1345 1340//1340 
f 1346//1346 1338//1338 1347//1347 
f 1338//1338 1348//1348 1339//1339 
f 1344//1344 1349//1349 1338//1338 
f 1338//1338 1350//1350 1351//1351 
f 1338//1338 1352//1352 1353//1353 
f 1338//1338 1346//1346 1354//1354 
f 1347//1347 1341//1341 1346//1346 
f 1349//1349 1348//1348 1338//1338 
f 1351//1351 1355//1355 1338//1338 
f 1338//1338 1356//1356 1352//1352 
f 1340//1340 1346//1346 1341//1341 
f 1355//1355 1343//1343 1338//1338 
f 1354//1354 1356//1356 1338//1338 
f 1353//1353 1350//1350 1338//1338 
f 1328//1328 1335//1335 1333//1333 
o mesh3776
v 0.316805 0.0717181 0.0225925 
v 0.316805 0.0657889 0.0221592 
v 0.317 0.0658242 0.022181 
v 0.317 0.0657889 0.0221785 
v 0.316617 0.065789 0.0221023 
v 0.316444 0.0657891 0.0220099 
v 0.316617 0.0717263 0.0225362 
v 0.316293 0.0657893 0.0218856 
v 0.316444 0.0717396 0.0224448 
v 0.316169 0.0657895 0.021734 
v 0.316293 0.0717575 0.0223217 
v 0.316076 0.0657897 0.0215611 
v 0.316169 0.0717794 0.0221717 
v 0.316019 0.06579 0.0213736 
v 0.316076 0.0718043 0.0220007 
v 0.316 0.0657903 0.0211785 
v 0.316019 0.0718313 0.021815 
v 0.316 0.0627252 0.0213861 
v 0.316 0.0599314 0.0215754 
v 0.316001 0.0599314 0.0216081 
v 0.316022 0.0599314 0.021772 
v 0.316026 0.0599314 0.0218062 
v 0.316067 0.0599314 0.0219382 
v 0.316078 0.0599314 0.0219608 
v 0.316157 0.0599314 0.022118 
v 0.316237 0.0599314 0.0222283 
v 0.316296 0.0599314 0.0222858 
v 0.31638 0.0599314 0.0223675 
v 0.316446 0.0599314 0.022413 
v 0.316492 0.0599314 0.0224454 
v 0.316671 0.0599314 0.022529 
v 0.316805 0.0599314 0.0225656 
v 0.316805 0.0599314 0.0225657 
v 0.317 0.0599314 0.0225851 
v 0.316 0.0718594 0.021622 
v 0.317 0.0717154 0.0226115 
vn -0.19509 -0.14123 0.970564 
vn -0.19509 -0.00136471 0.980784 
vn 0 -0.00224069 0.999997 
vn 2.09798e-15 -0.00139145 0.999999 
vn -0.382683 -0.00128553 0.923879 
vn -0.55557 -0.00115695 0.831469 
vn -0.382683 -0.133036 0.914251 
vn -0.707107 -0.000983904 0.707106 
vn -0.55557 -0.119729 0.822804 
vn -0.83147 -0.000773049 0.55557 
vn -0.707107 -0.101821 0.699737 
vn -0.92388 -0.000532485 0.382683 
vn -0.83147 -0.0800006 0.54978 
vn -0.980785 -0.000271459 0.19509 
vn -0.92388 -0.0551053 0.378695 
vn -1 2.55692e-18 -1.83759e-15 
vn -0.980785 -0.0280925 0.193057 
vn -0.99492 0.00712728 0.100419 
vn -1 -8.34435e-18 -6.06611e-17 
vn -0.999475 0.00441648 0.0320817 
vn -0.980749 0.0267325 0.193432 
vn -0.973526 0.0313169 0.226419 
vn -0.933196 0.0493895 0.355959 
vn -0.923941 0.052601 0.3789 
vn -0.84333 0.0741694 0.532253 
vn -0.762772 0.0894834 0.640446 
vn -0.707164 0.0979721 0.700229 
vn -0.620126 0.108915 0.776905 
vn -0.555548 0.115562 0.823415 
vn -0.507515 0.119846 0.853267 
vn -0.328595 0.131628 0.935254 
vn -0.195402 0.136799 0.971135 
vn -0.195093 0.136808 0.971196 
vn -1.22465e-16 0.139553 0.990215 
vn -1 2.64608e-16 -1.81844e-15 
vn 2.09798e-15 -0.143997 0.989578 
f 1357//1357 1358//1358 1359//1359 
f 1358//1358 1360//1360 1359//1359 
f 1361//1361 1358//1358 1357//1357 
f 1362//1362 1361//1361 1363//1363 
f 1364//1364 1362//1362 1365//1365 
f 1366//1366 1364//1364 1367//1367 
f 1368//1368 1366//1366 1369//1369 
f 1370//1370 1368//1368 1371//1371 
f 1372//1372 1370//1370 1373//1373 
f 1374//1374 1375//1375 1376//1376 
f 1370//1370 1372//1372 1374//1374 
f 1374//1374 1377//1377 1370//1370 
f 1368//1368 1378//1378 1379//1379 
f 1368//1368 1370//1370 1377//1377 
f 1377//1377 1378//1378 1368//1368 
f 1366//1366 1368//1368 1380//1380 
f 1364//1364 1366//1366 1381//1381 
f 1381//1381 1382//1382 1364//1364 
f 1362//1362 1364//1364 1383//1383 
f 1383//1383 1384//1384 1362//1362 
f 1361//1361 1362//1362 1385//1385 
f 1385//1385 1386//1386 1361//1361 
f 1358//1358 1361//1361 1387//1387 
f 1387//1387 1388//1388 1358//1358 
f 1389//1389 1390//1390 1360//1360 
f 1360//1360 1358//1358 1389//1389 
f 1388//1388 1389//1389 1358//1358 
f 1386//1386 1387//1387 1361//1361 
f 1384//1384 1385//1385 1362//1362 
f 1382//1382 1383//1383 1364//1364 
f 1380//1380 1381//1381 1366//1366 
f 1379//1379 1380//1380 1368//1368 
f 1376//1376 1377//1377 1374//1374 
f 1373//1373 1391//1391 1372//1372 
f 1371//1371 1373//1373 1370//1370 
f 1369//1369 1371//1371 1368//1368 
f 1367//1367 1369//1369 1366//1366 
f 1365//1365 1367//1367 1364//1364 
f 1363//1363 1365//1365 1362//1362 
f 1357//1357 1363//1363 1361//1361 
f 1359//1359 1392//1392 1357//1357 
o mesh3777
v 0.317 0.0717154 0.0226115 
v 0.316833 0.0974017 0.0263352 
v 0.316805 0.0973965 0.0263278 
v 0.316904 0.0974092 0.0263457 
v 0.317 0.0974129 0.0263509 
v 0.316805 0.0717181 0.0225925 
v 0.31665 0.0973626 0.0262795 
v 0.316618 0.0973512 0.026263 
v 0.316717 0.0973803 0.0263047 
v 0.316617 0.0717263 0.0225362 
v 0.316505 0.0973103 0.0262037 
v 0.316445 0.0972812 0.0261605 
v 0.316444 0.0717396 0.0224448 
v 0.316308 0.0972003 0.0260384 
v 0.316294 0.0971895 0.0260216 
v 0.316419 0.0972687 0.026142 
v 0.316293 0.0717575 0.0223217 
v 0.316216 0.0971284 0.0259261 
v 0.31617 0.0970826 0.0258526 
v 0.316169 0.0717794 0.0221717 
v 0.316142 0.0970545 0.0258072 
v 0.316078 0.0969669 0.0256612 
v 0.316076 0.0718043 0.0220007 
v 0.316065 0.0969481 0.0256298 
v 0.31602 0.0968478 0.025455 
v 0.316 0.0859639 0.0236744 
v 0.316017 0.0968402 0.0254418 
v 0.316 0.0967329 0.0252466 
v 0.316019 0.0718313 0.021815 
v 0.316 0.0829494 0.0232357 
v 0.316 0.0718594 0.021622 
v 0.316 0.0967298 0.025241 
vn 2.09798e-15 -0.143997 0.989578 
vn -0.166521 -0.141987 0.975761 
vn -0.195051 -0.141231 0.970571 
vn -0.0962422 -0.143329 0.984984 
vn 0 -0.143997 0.989578 
vn -0.19509 -0.14123 0.970564 
vn -0.350295 -0.134873 0.926878 
vn -0.382597 -0.133041 0.914286 
vn -0.283277 -0.138099 0.949043 
vn -0.382683 -0.133036 0.914251 
vn -0.494668 -0.125145 0.860024 
vn -0.555588 -0.119728 0.822793 
vn -0.55557 -0.119729 0.822804 
vn -0.6925 -0.103882 0.7139 
vn -0.707071 -0.101827 0.699773 
vn -0.580746 -0.117226 0.805601 
vn -0.707107 -0.101821 0.699737 
vn -0.784082 -0.0893729 0.614189 
vn -0.831485 -0.0799973 0.549757 
vn -0.83147 -0.0800006 0.54978 
vn -0.858006 -0.0739626 0.508286 
vn -0.923925 -0.0550897 0.378587 
vn -0.92388 -0.0551053 0.378695 
vn -0.935483 -0.0508844 0.349688 
vn -0.980799 -0.0280828 0.19299 
vn -1 -1.38778e-14 -2.25514e-14 
vn -0.98314 -0.0263303 0.180947 
vn -0.999987 -0.000747521 0.00513712 
vn -0.980785 -0.0280925 0.193057 
vn -1 0 -2.60209e-14 
vn -1 0 -2.60209e-14 
vn -1 0 -2.60209e-14 
f 1393//1393 1394//1394 1395//1395 
f 1393//1393 1396//1396 1394//1394 
f 1393//1393 1397//1397 1396//1396 
f 1398//1398 1399//1399 1400//1400 
f 1398//1398 1401//1401 1399//1399 
f 1398//1398 1395//1395 1401//1401 
f 1402//1402 1403//1403 1404//1404 
f 1402//1402 1400//1400 1403//1403 
f 1405//1405 1406//1406 1407//1407 
f 1405//1405 1404//1404 1408//1408 
f 1408//1408 1406//1406 1405//1405 
f 1409//1409 1410//1410 1411//1411 
f 1409//1409 1407//1407 1410//1410 
f 1412//1412 1413//1413 1414//1414 
f 1412//1412 1411//1411 1413//1413 
f 1415//1415 1416//1416 1417//1417 
f 1415//1415 1414//1414 1416//1416 
f 1418//1418 1419//1419 1420//1420 
f 1417//1417 1419//1419 1418//1418 
f 1418//1418 1421//1421 1417//1417 
f 1418//1418 1422//1422 1421//1421 
f 1422//1422 1423//1423 1421//1421 
f 1420//1420 1424//1424 1418//1418 
f 1417//1417 1421//1421 1415//1415 
f 1414//1414 1415//1415 1412//1412 
f 1411//1411 1412//1412 1409//1409 
f 1407//1407 1409//1409 1405//1405 
f 1404//1404 1405//1405 1402//1402 
f 1400//1400 1402//1402 1398//1398 
f 1395//1395 1398//1398 1393//1393 
o mesh3778
v 0.32528 0.237382 0.00481082 
v 0.319 0.237339 0.00479529 
v 0.319 0.237354 0.00480025 
v 0.319 0.237325 0.00479055 
v 0.319 0.237368 0.00480543 
v 0.319 0.237296 0.00478174 
v 0.319 0.23731 0.00478604 
v 0.319 0.237281 0.00477767 
v 0.32528 0.237266 0.00477382 
v 0.319 0.237266 0.00477382 
v 0.319 0.237382 0.00481082 
vn 0 0.361113 -0.932522 
vn 0 0.318112 -0.948053 
vn 0 0.332524 -0.943095 
vn 0 0.303626 -0.952791 
vn 0 0.346859 -0.937917 
vn 0 0.274446 -0.961602 
vn 0 0.28907 -0.957308 
vn 0 0.259759 -0.965673 
vn 0 0.245012 -0.96952 
vn 0 0.245012 -0.96952 
vn 0 0.361113 -0.932522 
f 1425//1425 1426//1426 1427//1427 
f 1425//1425 1428//1428 1426//1426 
f 1427//1427 1429//1429 1425//1425 
f 1425//1425 1430//1430 1431//1431 
f 1425//1425 1432//1432 1430//1430 
f 1431//1431 1428//1428 1425//1425 
f 1433//1433 1434//1434 1432//1432 
f 1432//1432 1425//1425 1433//1433 
f 1429//1429 1435//1435 1425//1425 
o mesh3779
v 0.32528 0.244654 0.00955047 
v 0.317 0.244586 0.00961499 
v 0.317 0.246416 0.0115529 
v 0.32528 0.247401 0.012941 
v 0.317 0.247317 0.0129936 
v 0.317 0.248613 0.0150645 
v 0.32528 0.249388 0.016826 
v 0.317 0.249293 0.0168621 
v 0.317 0.250078 0.0189391 
v 0.32528 0.250529 0.0210378 
v 0.317 0.250675 0.0253912 
v 0.32528 0.250775 0.0253945 
v 0.32528 0.25071 0.0242457 
v 0.32528 0.250567 0.0217023 
v 0.317 0.250428 0.0210545 
v 0.317 0.250754 0.0230259 
v 0.317 0.250022 0.029686 
v 0.32528 0.250116 0.029708 
v 0.32528 0.250423 0.0276983 
v 0.317 0.250615 0.0271659 
v 0.32528 0.248579 0.033792 
v 0.32528 0.249954 0.0301365 
v 0.317 0.249666 0.0311981 
v 0.32528 0.246231 0.0374703 
v 0.317 0.247944 0.0349655 
v 0.317 0.248497 0.0337549 
v 0.32528 0.243174 0.0405839 
v 0.317 0.245516 0.0383216 
v 0.317 0.246166 0.0374232 
v 0.32528 0.239539 0.0429985 
v 0.317 0.242476 0.0411358 
v 0.317 0.243127 0.0405333 
v 0.32528 0.235484 0.0446097 
v 0.317 0.238943 0.0432985 
v 0.317 0.23951 0.0429514 
v 0.32528 0.231183 0.0453481 
v 0.317 0.235054 0.0447256 
v 0.317 0.23547 0.044573 
v 0.32528 0.226823 0.0451818 
v 0.317 0.230961 0.0453616 
v 0.317 0.23118 0.0453276 
v 0.32528 0.241266 0.00680083 
v 0.318046 0.238848 0.00544322 
v 0.317446 0.24072 0.00645657 
v 0.318841 0.237433 0.00483032 
v 0.318796 0.237465 0.00484287 
v 0.318905 0.2374 0.00481781 
v 0.318677 0.237585 0.00489049 
v 0.318922 0.237395 0.00481557 
v 0.319 0.237382 0.00481082 
v 0.318974 0.237384 0.00481136 
v 0.31859 0.237702 0.00493755 
v 0.318352 0.238127 0.00511562 
v 0.32528 0.237382 0.00481082 
v 0.317336 0.241253 0.0068199 
v 0.317079 0.242493 0.00766433 
v 0.317025 0.242991 0.00805482 
v 0.317 0.243572 0.00854099 
v 0.317 0.226823 0.0451818 
vn 0 0.707389 -0.706825 
vn 0 0.707299 -0.706915 
vn 0 0.791268 -0.61147 
vn 0 0.838195 -0.545371 
vn 0 0.838149 -0.545441 
vn 0 0.895902 -0.444252 
vn 0 0.93281 -0.360369 
vn 0 0.932797 -0.360402 
vn 0 0.965676 -0.259748 
vn 0 0.987148 -0.159808 
vn 0 0.998861 0.0477215 
vn 0 0.998864 0.047654 
vn 0 0.999975 -0.00708231 
vn 0 0.991706 -0.128526 
vn 0 0.987151 -0.159791 
vn 0 0.997876 -0.0651375 
vn 0 0.967422 0.253168 
vn 0 0.967451 0.253058 
vn 0 0.987406 0.158209 
vn 0 0.991249 0.132008 
vn 0 0.894266 0.447536 
vn 0 0.961725 0.274017 
vn 0 0.946052 0.324016 
vn 0 0.782469 0.62269 
vn 0 0.864043 0.503417 
vn 0 0.894199 0.44767 
vn 0 0.636886 0.770958 
vn 0 0.748415 0.66323 
vn 0 0.782359 0.622828 
vn 0 0.463805 0.885938 
vn 0 0.603666 0.797237 
vn 0 0.636743 0.771076 
vn 0 0.270697 0.962665 
vn 0 0.435428 0.900223 
vn 0 0.463648 0.886019 
vn 0 0.0659013 0.997826 
vn 0 0.250248 0.968182 
vn 0 0.270557 0.962704 
vn 0 -0.14174 0.989904 
vn 0 0.0553306 0.998468 
vn 0 0.0658143 0.997832 
vn 0 0.546039 -0.83776 
vn 0 0.430883 -0.902408 
vn 0 0.520022 -0.854153 
vn 0 0.363501 -0.931594 
vn 0 0.36503 -0.930996 
vn 0 0.361971 -0.932189 
vn 0 0.370761 -0.928728 
vn 0 0.361697 -0.932296 
vn 0 0.361113 -0.932522 
vn 0 0.361179 -0.932496 
vn 0 0.376326 -0.926487 
vn 0 0.396562 -0.918008 
vn 0 0.361113 -0.932522 
vn 0 0.546021 -0.837772 
vn 0 0.604453 -0.796641 
vn 0 0.628207 -0.778046 
vn 0 0.655845 -0.754895 
vn 0 -0.14174 0.989904 
f 1436//1436 1437//1437 1438//1438 
f 1438//1438 1439//1439 1436//1436 
f 1439//1439 1440//1440 1441//1441 
f 1441//1441 1442//1442 1439//1439 
f 1442//1442 1443//1443 1444//1444 
f 1444//1444 1445//1445 1442//1442 
f 1446//1446 1447//1447 1448//1448 
f 1449//1449 1450//1450 1451//1451 
f 1451//1451 1448//1448 1449//1449 
f 1449//1449 1445//1445 1450//1450 
f 1452//1452 1453//1453 1454//1454 
f 1447//1447 1446//1446 1455//1455 
f 1455//1455 1454//1454 1447//1447 
f 1456//1456 1457//1457 1458//1458 
f 1452//1452 1458//1458 1457//1457 
f 1457//1457 1453//1453 1452//1452 
f 1459//1459 1456//1456 1460//1460 
f 1456//1456 1461//1461 1460//1460 
f 1462//1462 1459//1459 1463//1463 
f 1459//1459 1464//1464 1463//1463 
f 1465//1465 1462//1462 1466//1466 
f 1462//1462 1467//1467 1466//1466 
f 1468//1468 1465//1465 1469//1469 
f 1465//1465 1470//1470 1469//1469 
f 1471//1471 1468//1468 1472//1472 
f 1468//1468 1473//1473 1472//1472 
f 1474//1474 1471//1471 1475//1475 
f 1471//1471 1476//1476 1475//1475 
f 1477//1477 1478//1478 1479//1479 
f 1477//1477 1480//1480 1481//1481 
f 1477//1477 1482//1482 1480//1480 
f 1481//1481 1483//1483 1477//1477 
f 1477//1477 1484//1484 1482//1482 
f 1477//1477 1485//1485 1486//1486 
f 1486//1486 1484//1484 1477//1477 
f 1483//1483 1487//1487 1477//1477 
f 1487//1487 1488//1488 1477//1477 
f 1488//1488 1478//1478 1477//1477 
f 1477//1477 1489//1489 1485//1485 
f 1436//1436 1477//1477 1490//1490 
f 1490//1490 1491//1491 1436//1436 
f 1491//1491 1492//1492 1436//1436 
f 1492//1492 1493//1493 1436//1436 
f 1493//1493 1437//1437 1436//1436 
f 1479//1479 1490//1490 1477//1477 
f 1475//1475 1494//1494 1474//1474 
f 1472//1472 1476//1476 1471//1471 
f 1469//1469 1473//1473 1468//1468 
f 1466//1466 1470//1470 1465//1465 
f 1463//1463 1467//1467 1462//1462 
f 1460//1460 1464//1464 1459//1459 
f 1458//1458 1461//1461 1456//1456 
f 1454//1454 1455//1455 1452//1452 
f 1448//1448 1451//1451 1446//1446 
f 1444//1444 1450//1450 1445//1445 
f 1441//1441 1443//1443 1442//1442 
f 1438//1438 1440//1440 1439//1439 
o mesh3780
v 0.319 0.237266 0.00477382 
v 0.318961 0.237268 0.00477442 
v 0.318962 0.237282 0.00477825 
v 0.319 0.237281 0.00477767 
v 0.318964 0.237297 0.00478231 
v 0.319 0.237296 0.00478174 
v 0.318966 0.237312 0.00478659 
v 0.319 0.23731 0.00478604 
v 0.318967 0.237326 0.0047911 
v 0.319 0.237325 0.00479055 
v 0.318969 0.237341 0.00479583 
v 0.319 0.237339 0.00479529 
v 0.31897 0.237355 0.00480079 
v 0.319 0.237354 0.00480025 
v 0.318972 0.23737 0.00480596 
v 0.318974 0.237384 0.00481136 
v 0.319 0.237382 0.00481082 
v 0.318883 0.237278 0.00477909 
v 0.318888 0.237293 0.00478279 
v 0.318893 0.237308 0.00478673 
v 0.318897 0.237322 0.00479092 
v 0.318902 0.237337 0.00479536 
v 0.318907 0.237351 0.00480005 
v 0.318912 0.237366 0.00480498 
v 0.318917 0.23738 0.00481016 
v 0.318922 0.237395 0.00481557 
v 0.318858 0.237283 0.00478157 
v 0.318864 0.237298 0.00478519 
v 0.31887 0.237313 0.00478908 
v 0.318876 0.237328 0.00479322 
v 0.318881 0.237343 0.00479763 
v 0.318887 0.237357 0.00480229 
v 0.318893 0.237372 0.00480721 
v 0.318899 0.237386 0.00481238 
v 0.318905 0.2374 0.00481781 
v 0.318762 0.237313 0.00479544 
v 0.318772 0.237329 0.00479867 
v 0.318782 0.237344 0.00480222 
v 0.318792 0.237359 0.00480609 
v 0.318802 0.237374 0.00481029 
v 0.318812 0.237389 0.00481482 
v 0.318822 0.237403 0.00481966 
v 0.318831 0.237418 0.00482483 
v 0.318841 0.237433 0.00483032 
v 0.318694 0.237343 0.00480939 
v 0.318707 0.237359 0.00481221 
v 0.31872 0.237374 0.00481541 
v 0.318732 0.23739 0.00481902 
v 0.318745 0.237405 0.00482301 
v 0.318758 0.23742 0.0048274 
v 0.318771 0.237435 0.00483217 
v 0.318784 0.23745 0.00483733 
v 0.318796 0.237465 0.00484287 
v 0.318515 0.237456 0.00486244 
v 0.318535 0.237473 0.00486368 
v 0.318555 0.23749 0.00486557 
v 0.318575 0.237506 0.00486811 
v 0.318596 0.237522 0.0048713 
v 0.318616 0.237538 0.00487513 
v 0.318636 0.237554 0.00487961 
v 0.318656 0.23757 0.00488473 
v 0.318677 0.237585 0.00489049 
v 0.318415 0.23754 0.00490306 
v 0.31841 0.237583 0.00491473 
v 0.318436 0.237601 0.00491527 
v 0.318461 0.237619 0.00491672 
v 0.318487 0.237636 0.00491908 
v 0.318512 0.237653 0.00492234 
v 0.318538 0.23767 0.00492652 
v 0.318564 0.237686 0.00493159 
v 0.31859 0.237702 0.00493755 
v 0.318385 0.237565 0.00491511 
v 0.318029 0.237962 0.00511633 
v 0.318068 0.237985 0.00510946 
v 0.318107 0.238007 0.00510452 
v 0.318147 0.238029 0.00510151 
v 0.318188 0.23805 0.00510045 
v 0.318229 0.23807 0.00510134 
v 0.31827 0.23809 0.00510416 
v 0.318311 0.238109 0.00510893 
v 0.318352 0.238127 0.00511562 
v 0.317624 0.238664 0.00547331 
v 0.317856 0.238214 0.00525824 
v 0.317681 0.238694 0.00545705 
v 0.317739 0.238724 0.00544471 
v 0.317799 0.238752 0.00543635 
v 0.31786 0.238778 0.00543202 
v 0.317922 0.238803 0.00543172 
v 0.317984 0.238826 0.00543546 
v 0.318046 0.238848 0.00544322 
v 0.316742 0.240414 0.00663409 
v 0.317359 0.239035 0.00577568 
v 0.317569 0.238632 0.00549344 
v 0.316908 0.239897 0.00637982 
v 0.316824 0.240472 0.00657686 
v 0.316914 0.240526 0.00652943 
v 0.317012 0.240576 0.00649244 
v 0.317115 0.240621 0.00646639 
v 0.317223 0.24066 0.00645162 
v 0.317334 0.240693 0.00644833 
v 0.317446 0.24072 0.00645657 
v 0.316173 0.242055 0.00807149 
v 0.316542 0.240723 0.00704367 
v 0.316669 0.240354 0.00670038 
v 0.316271 0.241514 0.00777915 
v 0.316252 0.242148 0.00796277 
v 0.316353 0.242235 0.00786741 
v 0.316474 0.242313 0.00778795 
v 0.31661 0.242379 0.00772654 
v 0.316759 0.242432 0.00768481 
v 0.316917 0.24247 0.00766389 
v 0.317079 0.242493 0.00766433 
v 0.317336 0.241253 0.0068199 
v 0.316119 0.241956 0.00819065 
v 0.316063 0.242263 0.00852832 
v 0.316078 0.242513 0.00854764 
v 0.316149 0.242619 0.00842343 
v 0.316248 0.242717 0.00831224 
v 0.316371 0.242804 0.00821759 
v 0.316516 0.242877 0.00814249 
v 0.316676 0.242934 0.00808932 
v 0.316848 0.242972 0.00805979 
v 0.317025 0.242991 0.00805482 
v 0.316037 0.242402 0.0086809 
v 0.316018 0.243039 0.00915478 
v 0.316019 0.243044 0.00914861 
v 0.316 0.242916 0.00929588 
v 0.316076 0.243167 0.009007 
v 0.316166 0.243277 0.00888039 
v 0.316169 0.24328 0.00887649 
v 0.316293 0.24338 0.00876209 
v 0.316442 0.24346 0.0086699 
v 0.316444 0.243461 0.00866821 
v 0.316617 0.243522 0.00859845 
v 0.316804 0.243559 0.00855575 
v 0.316805 0.243559 0.00855549 
v 0.317 0.243572 0.00854099 
v 0.319 0.237368 0.00480543 
vn 0 0.245012 -0.96952 
vn -0.0131286 0.24499 -0.969437 
vn -0.0114943 0.259752 -0.965607 
vn 0 0.259759 -0.965673 
vn -0.0098573 0.274452 -0.96155 
vn 0 0.274446 -0.961602 
vn -0.00821796 0.289088 -0.957267 
vn 0 0.28907 -0.957308 
vn -0.00657669 0.303656 -0.952759 
vn 0 0.303626 -0.952791 
vn -0.00493387 0.318152 -0.948027 
vn 0 0.318112 -0.948053 
vn -0.00328989 0.332574 -0.943071 
vn 0 0.332524 -0.943095 
vn -0.00164514 0.346917 -0.937894 
vn 0 0.361179 -0.932496 
vn 0 0.361113 -0.932522 
vn -0.0390661 0.244825 -0.96878 
vn -0.034205 0.259695 -0.965085 
vn -0.029335 0.274498 -0.96114 
vn -0.0244574 0.289231 -0.956947 
vn -0.0195735 0.303889 -0.952506 
vn -0.0146846 0.318468 -0.94782 
vn -0.00979182 0.332965 -0.942888 
vn -0.00489654 0.347376 -0.937713 
vn 0 0.361697 -0.932296 
vn -0.0473889 0.244736 -0.968431 
vn -0.0414934 0.259665 -0.964807 
vn -0.0355866 0.274523 -0.960922 
vn -0.0296703 0.289306 -0.956777 
vn -0.0237459 0.304012 -0.952372 
vn -0.017815 0.318635 -0.94771 
vn -0.0118794 0.333172 -0.942791 
vn -0.00594048 0.347618 -0.937617 
vn 0 0.361971 -0.932189 
vn -0.079297 0.24424 -0.966467 
vn -0.069444 0.259492 -0.963245 
vn -0.0595674 0.274656 -0.959696 
vn -0.0496704 0.289727 -0.95582 
vn -0.0397566 0.304699 -0.951619 
vn -0.0298293 0.319568 -0.947094 
vn -0.0198919 0.334328 -0.942247 
vn -0.00994762 0.348974 -0.93708 
vn 0 0.363501 -0.931594 
vn -0.101851 0.243737 -0.964478 
vn -0.0892113 0.259315 -0.961664 
vn -0.076535 0.274787 -0.958454 
vn -0.0638272 0.290146 -0.954852 
vn -0.0510932 0.305386 -0.950857 
vn -0.0383383 0.3205 -0.946472 
vn -0.0255676 0.335483 -0.941699 
vn -0.0127864 0.350328 -0.93654 
vn 0 0.36503 -0.930996 
vn -0.161594 0.241791 -0.956778 
vn -0.141637 0.258609 -0.955542 
vn -0.121583 0.27525 -0.953654 
vn -0.101446 0.291703 -0.951114 
vn -0.0812403 0.307957 -0.947925 
vn -0.0609788 0.324 -0.94409 
vn -0.0406757 0.339823 -0.939609 
vn -0.0203448 0.355413 -0.934488 
vn 0 0.370761 -0.928728 
vn -0.194306 0.241163 -0.950834 
vn -0.179794 0.257858 -0.949307 
vn -0.154431 0.275659 -0.948769 
vn -0.12892 0.293195 -0.947321 
vn -0.103285 0.31045 -0.944962 
vn -0.0775503 0.327407 -0.941696 
vn -0.0517416 0.344049 -0.937525 
vn -0.0258832 0.36036 -0.932454 
vn 0 0.376326 -0.926487 
vn -0.204984 0.239809 -0.948933 
vn -0.323768 0.231814 -0.917298 
vn -0.284789 0.254579 -0.924167 
vn -0.245217 0.276812 -0.929109 
vn -0.205134 0.298469 -0.932114 
vn -0.164622 0.319503 -0.933176 
vn -0.123768 0.339871 -0.932292 
vn -0.0826557 0.359531 -0.929465 
vn -0.0413709 0.378441 -0.9247 
vn 0 0.396562 -0.918008 
vn -0.421966 0.247016 -0.872312 
vn -0.377663 0.230424 -0.896814 
vn -0.365211 0.27758 -0.888577 
vn -0.306842 0.306917 -0.900916 
vn -0.247117 0.334898 -0.909272 
vn -0.1863 0.361398 -0.91361 
vn -0.124659 0.386301 -0.91391 
vn -0.0624677 0.409497 -0.91017 
vn 0 0.430883 -0.902408 
vn -0.704251 0.214939 -0.676633 
vn -0.549637 0.208166 -0.809053 
vn -0.476856 0.215361 -0.85219 
vn -0.707578 0.173353 -0.685042 
vn -0.622121 0.272761 -0.733871 
vn -0.531678 0.326938 -0.781301 
vn -0.434129 0.376745 -0.818288 
vn -0.330777 0.421517 -0.84434 
vn -0.223005 0.460655 -0.859107 
vn -0.112253 0.493637 -0.862393 
vn 0 0.520022 -0.854153 
vn -0.905864 0.166486 -0.389477 
vn -0.833049 0.133222 -0.536919 
vn -0.776968 0.154245 -0.610352 
vn -0.927792 0.0857449 -0.36311 
vn -0.827101 0.260197 -0.498197 
vn -0.726168 0.346933 -0.593563 
vn -0.605769 0.424369 -0.673019 
vn -0.469133 0.49043 -0.734434 
vn -0.319921 0.543345 -0.776162 
vn -0.162133 0.581695 -0.797084 
vn 0 0.604453 -0.796641 
vn 0.025747 0.550053 -0.834733 
vn -0.960345 0.0683129 -0.270317 
vn -0.981016 0.0467442 -0.188209 
vn -0.94673 0.149496 -0.285226 
vn -0.875736 0.25584 -0.409431 
vn -0.776914 0.354054 -0.520625 
vn -0.653406 0.441017 -0.615276 
vn -0.509135 0.513967 -0.690376 
vn -0.348687 0.570586 -0.743539 
vn -0.177158 0.609073 -0.773075 
vn 0 0.628207 -0.778046 
vn -0.98764 0.0384022 -0.151959 
vn -0.982348 0.122684 -0.141212 
vn -0.980785 0.127949 -0.147273 
vn -1 2.77556e-14 5.20417e-15 
vn -0.92388 0.250981 -0.288886 
vn -0.8347 0.361177 -0.415724 
vn -0.83147 0.364368 -0.419397 
vn -0.707107 0.463753 -0.533791 
vn -0.55848 0.544036 -0.626199 
vn -0.55557 0.545316 -0.627672 
vn -0.382683 0.605922 -0.697432 
vn -0.196235 0.643094 -0.740218 
vn -0.19509 0.643244 -0.74039 
vn 0 0.655845 -0.754895 
vn 0 0.346859 -0.937917 
f 1495//1495 1496//1496 1497//1497 
f 1498//1498 1497//1497 1499//1499 
f 1500//1500 1499//1499 1501//1501 
f 1502//1502 1501//1501 1503//1503 
f 1504//1504 1503//1503 1505//1505 
f 1506//1506 1505//1505 1507//1507 
f 1508//1508 1507//1507 1509//1509 
f 1509//1509 1510//1510 1511//1511 
f 1496//1496 1512//1512 1513//1513 
f 1499//1499 1497//1497 1513//1513 
f 1501//1501 1499//1499 1514//1514 
f 1503//1503 1501//1501 1515//1515 
f 1505//1505 1503//1503 1516//1516 
f 1507//1507 1505//1505 1517//1517 
f 1509//1509 1507//1507 1518//1518 
f 1519//1519 1520//1520 1510//1510 
f 1512//1512 1521//1521 1522//1522 
f 1514//1514 1513//1513 1522//1522 
f 1515//1515 1514//1514 1523//1523 
f 1516//1516 1515//1515 1524//1524 
f 1517//1517 1516//1516 1525//1525 
f 1518//1518 1517//1517 1526//1526 
f 1519//1519 1518//1518 1527//1527 
f 1528//1528 1529//1529 1520//1520 
f 1521//1521 1530//1530 1531//1531 
f 1523//1523 1522//1522 1531//1531 
f 1524//1524 1523//1523 1532//1532 
f 1525//1525 1524//1524 1533//1533 
f 1526//1526 1525//1525 1534//1534 
f 1527//1527 1526//1526 1535//1535 
f 1528//1528 1527//1527 1536//1536 
f 1537//1537 1538//1538 1529//1529 
f 1530//1530 1539//1539 1540//1540 
f 1532//1532 1531//1531 1540//1540 
f 1533//1533 1532//1532 1541//1541 
f 1534//1534 1533//1533 1542//1542 
f 1535//1535 1534//1534 1543//1543 
f 1536//1536 1535//1535 1544//1544 
f 1537//1537 1536//1536 1545//1545 
f 1546//1546 1547//1547 1538//1538 
f 1539//1539 1548//1548 1549//1549 
f 1541//1541 1540//1540 1549//1549 
f 1542//1542 1541//1541 1550//1550 
f 1543//1543 1542//1542 1551//1551 
f 1544//1544 1543//1543 1552//1552 
f 1545//1545 1544//1544 1553//1553 
f 1546//1546 1545//1545 1554//1554 
f 1555//1555 1556//1556 1547//1547 
f 1549//1549 1548//1548 1557//1557 
f 1557//1557 1558//1558 1549//1549 
f 1550//1550 1549//1549 1558//1558 
f 1551//1551 1550//1550 1559//1559 
f 1552//1552 1551//1551 1560//1560 
f 1553//1553 1552//1552 1561//1561 
f 1554//1554 1553//1553 1562//1562 
f 1555//1555 1554//1554 1563//1563 
f 1564//1564 1565//1565 1556//1556 
f 1566//1566 1567//1567 1568//1568 
f 1559//1559 1558//1558 1568//1568 
f 1560//1560 1559//1559 1569//1569 
f 1561//1561 1560//1560 1570//1570 
f 1562//1562 1561//1561 1571//1571 
f 1563//1563 1562//1562 1572//1572 
f 1564//1564 1563//1563 1573//1573 
f 1574//1574 1575//1575 1565//1565 
f 1576//1576 1568//1568 1577//1577 
f 1568//1568 1567//1567 1577//1577 
f 1569//1569 1568//1568 1576//1576 
f 1570//1570 1569//1569 1578//1578 
f 1571//1571 1570//1570 1579//1579 
f 1572//1572 1571//1571 1580//1580 
f 1573//1573 1572//1572 1581//1581 
f 1574//1574 1573//1573 1582//1582 
f 1583//1583 1584//1584 1575//1575 
f 1585//1585 1576//1576 1586//1586 
f 1576//1576 1587//1587 1586//1586 
f 1586//1586 1588//1588 1585//1585 
f 1578//1578 1576//1576 1585//1585 
f 1579//1579 1578//1578 1589//1589 
f 1580//1580 1579//1579 1590//1590 
f 1581//1581 1580//1580 1591//1591 
f 1582//1582 1581//1581 1592//1592 
f 1583//1583 1582//1582 1593//1593 
f 1594//1594 1595//1595 1584//1584 
f 1596//1596 1585//1585 1597//1597 
f 1585//1585 1598//1598 1597//1597 
f 1597//1597 1599//1599 1596//1596 
f 1589//1589 1585//1585 1596//1596 
f 1590//1590 1589//1589 1600//1600 
f 1591//1591 1590//1590 1601//1601 
f 1592//1592 1591//1591 1602//1602 
f 1593//1593 1592//1592 1603//1603 
f 1594//1594 1593//1593 1604//1604 
f 1605//1605 1606//1606 1607//1607 
f 1607//1607 1594//1594 1605//1605 
f 1596//1596 1608//1608 1609//1609 
f 1609//1609 1610//1610 1596//1596 
f 1600//1600 1596//1596 1610//1610 
f 1601//1601 1600//1600 1611//1611 
f 1602//1602 1601//1601 1612//1612 
f 1603//1603 1602//1602 1613//1613 
f 1604//1604 1603//1603 1614//1614 
f 1605//1605 1604//1604 1615//1615 
f 1616//1616 1617//1617 1606//1606 
f 1618//1618 1619//1619 1620//1620 
f 1618//1618 1621//1621 1619//1619 
f 1622//1622 1611//1611 1610//1610 
f 1611//1611 1623//1623 1624//1624 
f 1611//1611 1622//1622 1623//1623 
f 1625//1625 1613//1613 1612//1612 
f 1613//1613 1625//1625 1626//1626 
f 1626//1626 1614//1614 1613//1613 
f 1614//1614 1627//1627 1628//1628 
f 1615//1615 1628//1628 1629//1629 
f 1629//1629 1616//1616 1615//1615 
f 1630//1630 1631//1631 1617//1617 
f 1617//1617 1616//1616 1630//1630 
f 1629//1629 1630//1630 1616//1616 
f 1628//1628 1615//1615 1614//1614 
f 1626//1626 1627//1627 1614//1614 
f 1612//1612 1624//1624 1625//1625 
f 1624//1624 1612//1612 1611//1611 
f 1610//1610 1620//1620 1622//1622 
f 1620//1620 1610//1610 1618//1618 
f 1606//1606 1605//1605 1616//1616 
f 1615//1615 1616//1616 1605//1605 
f 1614//1614 1615//1615 1604//1604 
f 1613//1613 1614//1614 1603//1603 
f 1612//1612 1613//1613 1602//1602 
f 1611//1611 1612//1612 1601//1601 
f 1610//1610 1611//1611 1600//1600 
f 1609//1609 1618//1618 1610//1610 
f 1607//1607 1595//1595 1594//1594 
f 1604//1604 1605//1605 1594//1594 
f 1603//1603 1604//1604 1593//1593 
f 1602//1602 1603//1603 1592//1592 
f 1601//1601 1602//1602 1591//1591 
f 1600//1600 1601//1601 1590//1590 
f 1596//1596 1600//1600 1589//1589 
f 1599//1599 1608//1608 1596//1596 
f 1584//1584 1583//1583 1594//1594 
f 1593//1593 1594//1594 1583//1583 
f 1592//1592 1593//1593 1582//1582 
f 1591//1591 1592//1592 1581//1581 
f 1590//1590 1591//1591 1580//1580 
f 1589//1589 1590//1590 1579//1579 
f 1585//1585 1589//1589 1578//1578 
f 1588//1588 1598//1598 1585//1585 
f 1575//1575 1574//1574 1583//1583 
f 1582//1582 1583//1583 1574//1574 
f 1581//1581 1582//1582 1573//1573 
f 1580//1580 1581//1581 1572//1572 
f 1579//1579 1580//1580 1571//1571 
f 1578//1578 1579//1579 1570//1570 
f 1576//1576 1578//1578 1569//1569 
f 1577//1577 1587//1587 1576//1576 
f 1565//1565 1564//1564 1574//1574 
f 1573//1573 1574//1574 1564//1564 
f 1572//1572 1573//1573 1563//1563 
f 1571//1571 1572//1572 1562//1562 
f 1570//1570 1571//1571 1561//1561 
f 1569//1569 1570//1570 1560//1560 
f 1568//1568 1569//1569 1559//1559 
f 1568//1568 1558//1558 1566//1566 
f 1556//1556 1555//1555 1564//1564 
f 1563//1563 1564//1564 1555//1555 
f 1562//1562 1563//1563 1554//1554 
f 1561//1561 1562//1562 1553//1553 
f 1560//1560 1561//1561 1552//1552 
f 1559//1559 1560//1560 1551//1551 
f 1558//1558 1559//1559 1550//1550 
f 1557//1557 1566//1566 1558//1558 
f 1547//1547 1546//1546 1555//1555 
f 1554//1554 1555//1555 1546//1546 
f 1553//1553 1554//1554 1545//1545 
f 1552//1552 1553//1553 1544//1544 
f 1551//1551 1552//1552 1543//1543 
f 1550//1550 1551//1551 1542//1542 
f 1549//1549 1550//1550 1541//1541 
f 1549//1549 1540//1540 1539//1539 
f 1538//1538 1537//1537 1546//1546 
f 1545//1545 1546//1546 1537//1537 
f 1544//1544 1545//1545 1536//1536 
f 1543//1543 1544//1544 1535//1535 
f 1542//1542 1543//1543 1534//1534 
f 1541//1541 1542//1542 1533//1533 
f 1540//1540 1541//1541 1532//1532 
f 1540//1540 1531//1531 1530//1530 
f 1529//1529 1528//1528 1537//1537 
f 1536//1536 1537//1537 1528//1528 
f 1535//1535 1536//1536 1527//1527 
f 1534//1534 1535//1535 1526//1526 
f 1533//1533 1534//1534 1525//1525 
f 1532//1532 1533//1533 1524//1524 
f 1531//1531 1532//1532 1523//1523 
f 1531//1531 1522//1522 1521//1521 
f 1520//1520 1519//1519 1528//1528 
f 1527//1527 1528//1528 1519//1519 
f 1526//1526 1527//1527 1518//1518 
f 1525//1525 1526//1526 1517//1517 
f 1524//1524 1525//1525 1516//1516 
f 1523//1523 1524//1524 1515//1515 
f 1522//1522 1523//1523 1514//1514 
f 1522//1522 1513//1513 1512//1512 
f 1510//1510 1509//1509 1519//1519 
f 1518//1518 1519//1519 1509//1509 
f 1517//1517 1518//1518 1507//1507 
f 1516//1516 1517//1517 1505//1505 
f 1515//1515 1516//1516 1503//1503 
f 1514//1514 1515//1515 1501//1501 
f 1513//1513 1514//1514 1499//1499 
f 1513//1513 1497//1497 1496//1496 
f 1511//1511 1632//1632 1509//1509 
f 1509//1509 1632//1632 1508//1508 
f 1507//1507 1508//1508 1506//1506 
f 1505//1505 1506//1506 1504//1504 
f 1503//1503 1504//1504 1502//1502 
f 1501//1501 1502//1502 1500//1500 
f 1499//1499 1500//1500 1498//1498 
f 1497//1497 1498//1498 1495//1495 
o mesh3781
v 0.316073 0.245922 0.0119344 
v 0.316019 0.243044 0.00914861 
v 0.316018 0.243039 0.00915478 
v 0.316076 0.243167 0.009007 
v 0.316018 0.245772 0.0120501 
v 0.316018 0.247885 0.0154257 
v 0.316073 0.248054 0.0153416 
v 0.316018 0.249293 0.0191503 
v 0.316073 0.249476 0.0191011 
v 0.316018 0.249943 0.0230789 
v 0.316073 0.250132 0.0230665 
v 0.316018 0.249809 0.0270586 
v 0.316073 0.249997 0.0270836 
v 0.316018 0.248897 0.0309347 
v 0.316073 0.249076 0.030996 
v 0.316018 0.247242 0.0345563 
v 0.316073 0.247405 0.0346515 
v 0.316018 0.244907 0.0377824 
v 0.316073 0.245049 0.0379079 
v 0.316018 0.241985 0.0404876 
v 0.316073 0.242099 0.0406384 
v 0.316018 0.238589 0.0425666 
v 0.316073 0.238671 0.0427369 
v 0.316018 0.234851 0.0439385 
v 0.316073 0.234898 0.0441216 
v 0.316018 0.230916 0.0445499 
v 0.316073 0.230927 0.0447387 
v 0.316018 0.226938 0.0443769 
v 0.316019 0.226937 0.044385 
v 0.316165 0.24606 0.0118277 
v 0.316166 0.243277 0.00888039 
v 0.316165 0.24821 0.0152641 
v 0.316165 0.249644 0.0190558 
v 0.316165 0.250306 0.0230552 
v 0.316165 0.25017 0.0271066 
v 0.316165 0.249241 0.0310525 
v 0.316165 0.247556 0.0347393 
v 0.316165 0.24518 0.0380236 
v 0.316165 0.242205 0.0407775 
v 0.316165 0.238747 0.042894 
v 0.316165 0.234942 0.0442906 
v 0.316165 0.230936 0.044913 
v 0.316076 0.22691 0.0445707 
v 0.31629 0.246181 0.0117341 
v 0.316169 0.24328 0.00887649 
v 0.316293 0.24338 0.00876209 
v 0.31629 0.248348 0.0151961 
v 0.31629 0.249792 0.019016 
v 0.31629 0.250459 0.0230452 
v 0.31629 0.250322 0.0271268 
v 0.31629 0.249386 0.0311021 
v 0.31629 0.247688 0.0348164 
v 0.31629 0.245294 0.0381252 
v 0.31629 0.242297 0.0408996 
v 0.31629 0.238814 0.0430318 
v 0.31629 0.23498 0.0444388 
v 0.31629 0.230945 0.0450658 
v 0.316169 0.226886 0.0447418 
v 0.316441 0.246281 0.0116572 
v 0.316442 0.24346 0.0086699 
v 0.316441 0.24846 0.0151402 
v 0.316441 0.249914 0.0189834 
v 0.316441 0.250584 0.023037 
v 0.316441 0.250446 0.0271434 
v 0.316441 0.249505 0.0311429 
v 0.316441 0.247797 0.0348797 
v 0.316441 0.245388 0.0382085 
v 0.316441 0.242373 0.0409998 
v 0.316441 0.238869 0.043145 
v 0.316441 0.235012 0.0445605 
v 0.316441 0.230952 0.0451914 
v 0.316293 0.226864 0.0448918 
v 0.316615 0.246355 0.0116 
v 0.316444 0.243461 0.00866821 
v 0.316617 0.243522 0.00859845 
v 0.316615 0.248544 0.0150987 
v 0.316615 0.250004 0.0189591 
v 0.316615 0.250678 0.0230309 
v 0.316615 0.250539 0.0271558 
v 0.316615 0.249593 0.0311732 
v 0.316615 0.247877 0.0349268 
v 0.316615 0.245458 0.0382705 
v 0.316615 0.24243 0.0410744 
v 0.316615 0.23891 0.0432291 
v 0.316615 0.235035 0.044651 
v 0.316615 0.230957 0.0452847 
v 0.316444 0.226846 0.0450149 
v 0.316804 0.2464 0.0115648 
v 0.316804 0.243559 0.00855575 
v 0.316804 0.248596 0.0150731 
v 0.316804 0.25006 0.0189441 
v 0.316804 0.250735 0.0230272 
v 0.316804 0.250596 0.0271634 
v 0.316804 0.249648 0.0311918 
v 0.316804 0.247927 0.0349558 
v 0.316804 0.245501 0.0383087 
v 0.316804 0.242464 0.0411203 
v 0.316804 0.238935 0.043281 
v 0.316804 0.235049 0.0447068 
v 0.316804 0.23096 0.0453422 
v 0.316617 0.226833 0.0451064 
v 0.317 0.244586 0.00961499 
v 0.317 0.243572 0.00854099 
v 0.316805 0.243559 0.00855549 
v 0.317 0.246416 0.0115529 
v 0.317 0.248613 0.0150645 
v 0.317 0.247317 0.0129936 
v 0.317 0.250078 0.0189391 
v 0.317 0.249293 0.0168621 
v 0.317 0.250428 0.0210545 
v 0.317 0.250754 0.0230259 
v 0.317 0.250675 0.0253912 
v 0.317 0.250615 0.0271659 
v 0.317 0.250022 0.029686 
v 0.317 0.249666 0.0311981 
v 0.317 0.248497 0.0337549 
v 0.317 0.247944 0.0349655 
v 0.317 0.246166 0.0374232 
v 0.317 0.245516 0.0383216 
v 0.317 0.243127 0.0405333 
v 0.317 0.242476 0.0411358 
v 0.317 0.23951 0.0429514 
v 0.317 0.238943 0.0432985 
v 0.317 0.23547 0.044573 
v 0.317 0.235054 0.0447256 
v 0.317 0.23118 0.0453276 
v 0.317 0.230961 0.0453616 
v 0.316805 0.226825 0.0451627 
v 0.316804 0.226825 0.0451624 
v 0.316 0.242916 0.00929588 
v 0.316 0.245624 0.0121644 
v 0.316 0.247717 0.0155087 
v 0.316 0.249113 0.0191988 
v 0.316 0.249757 0.023091 
v 0.316 0.249737 0.0236744 
v 0.316 0.249624 0.0270339 
v 0.316 0.24872 0.0308741 
v 0.316 0.24708 0.0344621 
v 0.316 0.244767 0.0376584 
v 0.316 0.241872 0.0403385 
v 0.316 0.238508 0.0423983 
v 0.316 0.234804 0.0437574 
v 0.316 0.230906 0.0443631 
v 0.316 0.226964 0.0441919 
v 0.317 0.226823 0.0451818 
vn -0.926562 0.297629 -0.229999 
vn -0.980785 0.127949 -0.147273 
vn -0.982348 0.122684 -0.141212 
vn -0.92388 0.250981 -0.288886 
vn -0.982361 0.147962 -0.114341 
vn -0.982361 0.167528 -0.0830721 
vn -0.926562 0.336986 -0.167102 
vn -0.982361 0.180575 -0.0485712 
vn -0.926562 0.363231 -0.0977021 
vn -0.982361 0.186596 -0.0121803 
vn -0.926562 0.375343 -0.0245009 
vn -0.982361 0.185357 0.0246845 
vn -0.926562 0.37285 0.0496535 
vn -0.982361 0.176905 0.0605889 
vn -0.926562 0.355849 0.121876 
vn -0.982361 0.16157 0.0941357 
vn -0.926562 0.325003 0.189356 
vn -0.982361 0.139949 0.12402 
vn -0.926562 0.28151 0.249469 
vn -0.982361 0.112882 0.149078 
vn -0.926562 0.227064 0.299874 
vn -0.982361 0.0814222 0.168336 
vn -0.926562 0.163783 0.338611 
vn -0.982361 0.0467947 0.181044 
vn -0.926562 0.0941287 0.364173 
vn -0.982361 0.0103465 0.186707 
vn -0.926562 0.0208121 0.375565 
vn -0.982348 -0.0265141 0.185173 
vn -0.980786 -0.0276517 0.193118 
vn -0.834729 0.435721 -0.336713 
vn -0.8347 0.361177 -0.415724 
vn -0.834729 0.493339 -0.244632 
vn -0.834729 0.531761 -0.143033 
vn -0.834729 0.549492 -0.0358687 
vn -0.834729 0.545843 0.0726915 
vn -0.834729 0.520954 0.178423 
vn -0.834729 0.475795 0.277213 
vn -0.834729 0.412123 0.365215 
vn -0.834729 0.332416 0.439008 
vn -0.834729 0.239774 0.495718 
vn -0.834729 0.137802 0.53314 
vn -0.834729 0.0304684 0.549818 
vn -0.92388 -0.0542412 0.378818 
vn -0.710432 0.556867 -0.430331 
vn -0.83147 0.364368 -0.419397 
vn -0.707107 0.463753 -0.533791 
vn -0.710432 0.630505 -0.312649 
vn -0.710432 0.67961 -0.182802 
vn -0.710432 0.702271 -0.0458416 
vn -0.710432 0.697607 0.0929024 
vn -0.710432 0.665799 0.228032 
vn -0.710432 0.608084 0.354288 
vn -0.710432 0.526709 0.466759 
vn -0.710432 0.42484 0.561068 
vn -0.710432 0.30644 0.633546 
vn -0.710432 0.176116 0.681373 
vn -0.710432 0.0389398 0.702688 
vn -0.831471 -0.0787462 0.549959 
vn -0.558506 0.656357 -0.507214 
vn -0.55848 0.544036 -0.626199 
vn -0.558506 0.743151 -0.368507 
vn -0.558506 0.801029 -0.215461 
vn -0.558506 0.827739 -0.0540316 
vn -0.558506 0.822241 0.1095 
vn -0.558506 0.78475 0.268772 
vn -0.558506 0.716724 0.417585 
vn -0.558506 0.620811 0.55015 
vn -0.558506 0.500741 0.661308 
vn -0.558506 0.361188 0.746736 
vn -0.558506 0.207581 0.803107 
vn -0.558506 0.0458968 0.82823 
vn -0.707108 -0.100225 0.699967 
vn -0.38486 0.730321 -0.564371 
vn -0.55557 0.545316 -0.627672 
vn -0.382683 0.605922 -0.697432 
vn -0.38486 0.826895 -0.410033 
vn -0.38486 0.891295 -0.239741 
vn -0.38486 0.921015 -0.0601203 
vn -0.38486 0.914898 0.12184 
vn -0.38486 0.873182 0.299059 
vn -0.38486 0.797491 0.464642 
vn -0.38486 0.690769 0.612145 
vn -0.38486 0.557169 0.73583 
vn -0.38486 0.40189 0.830884 
vn -0.38486 0.230973 0.893608 
vn -0.38486 0.0510688 0.921561 
vn -0.555571 -0.117852 0.823074 
vn -0.196246 0.775881 -0.599579 
vn -0.196235 0.643094 -0.740218 
vn -0.196246 0.878481 -0.435613 
vn -0.196246 0.946899 -0.254697 
vn -0.196246 0.978472 -0.0638709 
vn -0.196246 0.971974 0.129441 
vn -0.196246 0.927655 0.317716 
vn -0.196246 0.847242 0.493628 
vn -0.196246 0.733862 0.650334 
vn -0.196246 0.591928 0.781735 
vn -0.196246 0.426961 0.882718 
vn -0.196246 0.245382 0.949355 
vn -0.196246 0.0542547 0.979053 
vn -0.382684 -0.13095 0.914552 
vn 0 0.707299 -0.706915 
vn 0 0.655845 -0.754895 
vn -0.19509 0.643244 -0.74039 
vn 0 0.791268 -0.61147 
vn 0 0.895902 -0.444252 
vn 0 0.838149 -0.545441 
vn 0 0.965676 -0.259748 
vn 0 0.932797 -0.360402 
vn 0 0.987151 -0.159791 
vn 0 0.997876 -0.0651375 
vn 0 0.998861 0.0477215 
vn 0 0.991249 0.132008 
vn 0 0.967422 0.253168 
vn 0 0.946052 0.324016 
vn 0 0.894199 0.44767 
vn 0 0.864043 0.503417 
vn 0 0.782359 0.622828 
vn 0 0.748415 0.66323 
vn 0 0.636743 0.771076 
vn 0 0.603666 0.797237 
vn 0 0.463648 0.886019 
vn 0 0.435428 0.900223 
vn 0 0.270557 0.962704 
vn 0 0.250248 0.968182 
vn 0 0.0658143 0.997832 
vn 0 0.0553306 0.998468 
vn -0.195091 -0.139016 0.970883 
vn -0.196235 -0.138984 0.970657 
vn -1 -6.80431e-15 7.83193e-15 
vn -1 -6.80431e-15 7.83193e-15 
vn -1 -6.80431e-15 7.83193e-15 
vn -1 -6.80431e-15 7.83193e-15 
vn -1 -6.80431e-15 7.83193e-15 
vn -0.998796 -0.0490187 0.00176872 
vn -1 -6.80431e-15 7.83193e-15 
vn -1 -6.80431e-15 7.83193e-15 
vn -1 -6.80431e-15 7.83193e-15 
vn -1 -6.80431e-15 7.83193e-15 
vn -1 -6.80431e-15 7.83193e-15 
vn -1 -6.80431e-15 7.83193e-15 
vn -1 -6.80431e-15 7.83193e-15 
vn -1 -6.80431e-15 7.83193e-15 
vn -1 -6.80431e-15 7.83193e-15 
vn 0 -0.14174 0.989904 
f 1633//1633 1634//1634 1635//1635 
f 1633//1633 1636//1636 1634//1634 
f 1633//1633 1637//1637 1638//1638 
f 1639//1639 1638//1638 1640//1640 
f 1641//1641 1640//1640 1642//1642 
f 1643//1643 1642//1642 1644//1644 
f 1645//1645 1644//1644 1646//1646 
f 1647//1647 1646//1646 1648//1648 
f 1649//1649 1648//1648 1650//1650 
f 1651//1651 1650//1650 1652//1652 
f 1653//1653 1652//1652 1654//1654 
f 1655//1655 1654//1654 1656//1656 
f 1657//1657 1656//1656 1658//1658 
f 1659//1659 1658//1658 1660//1660 
f 1660//1660 1661//1661 1659//1659 
f 1662//1662 1663//1663 1636//1636 
f 1662//1662 1633//1633 1639//1639 
f 1664//1664 1639//1639 1641//1641 
f 1665//1665 1641//1641 1643//1643 
f 1666//1666 1643//1643 1645//1645 
f 1667//1667 1645//1645 1647//1647 
f 1668//1668 1647//1647 1649//1649 
f 1669//1669 1649//1649 1651//1651 
f 1670//1670 1651//1651 1653//1653 
f 1671//1671 1653//1653 1655//1655 
f 1672//1672 1655//1655 1657//1657 
f 1673//1673 1657//1657 1659//1659 
f 1674//1674 1659//1659 1675//1675 
f 1676//1676 1677//1677 1663//1663 
f 1676//1676 1678//1678 1677//1677 
f 1676//1676 1662//1662 1664//1664 
f 1679//1679 1664//1664 1665//1665 
f 1680//1680 1665//1665 1666//1666 
f 1681//1681 1666//1666 1667//1667 
f 1682//1682 1667//1667 1668//1668 
f 1683//1683 1668//1668 1669//1669 
f 1684//1684 1669//1669 1670//1670 
f 1685//1685 1670//1670 1671//1671 
f 1686//1686 1671//1671 1672//1672 
f 1687//1687 1672//1672 1673//1673 
f 1688//1688 1673//1673 1674//1674 
f 1689//1689 1674//1674 1690//1690 
f 1691//1691 1692//1692 1678//1678 
f 1691//1691 1676//1676 1679//1679 
f 1693//1693 1679//1679 1680//1680 
f 1694//1694 1680//1680 1681//1681 
f 1695//1695 1681//1681 1682//1682 
f 1696//1696 1682//1682 1683//1683 
f 1697//1697 1683//1683 1684//1684 
f 1698//1698 1684//1684 1685//1685 
f 1699//1699 1685//1685 1686//1686 
f 1700//1700 1686//1686 1687//1687 
f 1701//1701 1687//1687 1688//1688 
f 1702//1702 1688//1688 1689//1689 
f 1703//1703 1689//1689 1704//1704 
f 1705//1705 1706//1706 1692//1692 
f 1705//1705 1707//1707 1706//1706 
f 1705//1705 1691//1691 1693//1693 
f 1708//1708 1693//1693 1694//1694 
f 1709//1709 1694//1694 1695//1695 
f 1710//1710 1695//1695 1696//1696 
f 1711//1711 1696//1696 1697//1697 
f 1712//1712 1697//1697 1698//1698 
f 1713//1713 1698//1698 1699//1699 
f 1714//1714 1699//1699 1700//1700 
f 1715//1715 1700//1700 1701//1701 
f 1716//1716 1701//1701 1702//1702 
f 1717//1717 1702//1702 1703//1703 
f 1718//1718 1703//1703 1719//1719 
f 1720//1720 1721//1721 1707//1707 
f 1720//1720 1705//1705 1708//1708 
f 1722//1722 1708//1708 1709//1709 
f 1723//1723 1709//1709 1710//1710 
f 1724//1724 1710//1710 1711//1711 
f 1725//1725 1711//1711 1712//1712 
f 1726//1726 1712//1712 1713//1713 
f 1727//1727 1713//1713 1714//1714 
f 1728//1728 1714//1714 1715//1715 
f 1729//1729 1715//1715 1716//1716 
f 1730//1730 1716//1716 1717//1717 
f 1731//1731 1717//1717 1718//1718 
f 1732//1732 1718//1718 1733//1733 
f 1734//1734 1735//1735 1736//1736 
f 1720//1720 1737//1737 1734//1734 
f 1734//1734 1721//1721 1720//1720 
f 1722//1722 1738//1738 1739//1739 
f 1739//1739 1720//1720 1722//1722 
f 1723//1723 1740//1740 1741//1741 
f 1741//1741 1722//1722 1723//1723 
f 1723//1723 1724//1724 1742//1742 
f 1724//1724 1743//1743 1742//1742 
f 1724//1724 1725//1725 1744//1744 
f 1725//1725 1745//1745 1744//1744 
f 1725//1725 1726//1726 1746//1746 
f 1726//1726 1747//1747 1746//1746 
f 1726//1726 1727//1727 1748//1748 
f 1727//1727 1749//1749 1748//1748 
f 1727//1727 1728//1728 1750//1750 
f 1728//1728 1751//1751 1750//1750 
f 1728//1728 1729//1729 1752//1752 
f 1729//1729 1753//1753 1752//1752 
f 1729//1729 1730//1730 1754//1754 
f 1730//1730 1755//1755 1754//1754 
f 1730//1730 1731//1731 1756//1756 
f 1731//1731 1757//1757 1756//1756 
f 1731//1731 1732//1732 1758//1758 
f 1732//1732 1759//1759 1758//1758 
f 1759//1759 1732//1732 1760//1760 
f 1732//1732 1761//1761 1760//1760 
f 1635//1635 1762//1762 1763//1763 
f 1637//1637 1763//1763 1764//1764 
f 1638//1638 1764//1764 1765//1765 
f 1640//1640 1765//1765 1766//1766 
f 1644//1644 1642//1642 1767//1767 
f 1642//1642 1766//1766 1767//1767 
f 1644//1644 1768//1768 1769//1769 
f 1646//1646 1769//1769 1770//1770 
f 1648//1648 1770//1770 1771//1771 
f 1650//1650 1771//1771 1772//1772 
f 1652//1652 1772//1772 1773//1773 
f 1654//1654 1773//1773 1774//1774 
f 1656//1656 1774//1774 1775//1775 
f 1660//1660 1658//1658 1775//1775 
f 1775//1775 1776//1776 1660//1660 
f 1775//1775 1658//1658 1656//1656 
f 1774//1774 1656//1656 1654//1654 
f 1773//1773 1654//1654 1652//1652 
f 1772//1772 1652//1652 1650//1650 
f 1771//1771 1650//1650 1648//1648 
f 1770//1770 1648//1648 1646//1646 
f 1769//1769 1646//1646 1644//1644 
f 1767//1767 1768//1768 1644//1644 
f 1766//1766 1642//1642 1640//1640 
f 1765//1765 1640//1640 1638//1638 
f 1764//1764 1638//1638 1637//1637 
f 1763//1763 1637//1637 1635//1635 
f 1760//1760 1777//1777 1759//1759 
f 1758//1758 1757//1757 1731//1731 
f 1756//1756 1755//1755 1730//1730 
f 1754//1754 1753//1753 1729//1729 
f 1752//1752 1751//1751 1728//1728 
f 1750//1750 1749//1749 1727//1727 
f 1748//1748 1747//1747 1726//1726 
f 1746//1746 1745//1745 1725//1725 
f 1744//1744 1743//1743 1724//1724 
f 1742//1742 1740//1740 1723//1723 
f 1741//1741 1738//1738 1722//1722 
f 1739//1739 1737//1737 1720//1720 
f 1736//1736 1721//1721 1734//1734 
f 1733//1733 1761//1761 1732//1732 
f 1718//1718 1732//1732 1731//1731 
f 1717//1717 1731//1731 1730//1730 
f 1716//1716 1730//1730 1729//1729 
f 1715//1715 1729//1729 1728//1728 
f 1714//1714 1728//1728 1727//1727 
f 1713//1713 1727//1727 1726//1726 
f 1712//1712 1726//1726 1725//1725 
f 1711//1711 1725//1725 1724//1724 
f 1710//1710 1724//1724 1723//1723 
f 1709//1709 1723//1723 1722//1722 
f 1708//1708 1722//1722 1720//1720 
f 1707//1707 1705//1705 1720//1720 
f 1719//1719 1733//1733 1718//1718 
f 1703//1703 1718//1718 1717//1717 
f 1702//1702 1717//1717 1716//1716 
f 1701//1701 1716//1716 1715//1715 
f 1700//1700 1715//1715 1714//1714 
f 1699//1699 1714//1714 1713//1713 
f 1698//1698 1713//1713 1712//1712 
f 1697//1697 1712//1712 1711//1711 
f 1696//1696 1711//1711 1710//1710 
f 1695//1695 1710//1710 1709//1709 
f 1694//1694 1709//1709 1708//1708 
f 1693//1693 1708//1708 1705//1705 
f 1692//1692 1691//1691 1705//1705 
f 1704//1704 1719//1719 1703//1703 
f 1689//1689 1703//1703 1702//1702 
f 1688//1688 1702//1702 1701//1701 
f 1687//1687 1701//1701 1700//1700 
f 1686//1686 1700//1700 1699//1699 
f 1685//1685 1699//1699 1698//1698 
f 1684//1684 1698//1698 1697//1697 
f 1683//1683 1697//1697 1696//1696 
f 1682//1682 1696//1696 1695//1695 
f 1681//1681 1695//1695 1694//1694 
f 1680//1680 1694//1694 1693//1693 
f 1679//1679 1693//1693 1691//1691 
f 1678//1678 1676//1676 1691//1691 
f 1690//1690 1704//1704 1689//1689 
f 1674//1674 1689//1689 1688//1688 
f 1673//1673 1688//1688 1687//1687 
f 1672//1672 1687//1687 1686//1686 
f 1671//1671 1686//1686 1685//1685 
f 1670//1670 1685//1685 1684//1684 
f 1669//1669 1684//1684 1683//1683 
f 1668//1668 1683//1683 1682//1682 
f 1667//1667 1682//1682 1681//1681 
f 1666//1666 1681//1681 1680//1680 
f 1665//1665 1680//1680 1679//1679 
f 1664//1664 1679//1679 1676//1676 
f 1663//1663 1662//1662 1676//1676 
f 1675//1675 1690//1690 1674//1674 
f 1659//1659 1674//1674 1673//1673 
f 1657//1657 1673//1673 1672//1672 
f 1655//1655 1672//1672 1671//1671 
f 1653//1653 1671//1671 1670//1670 
f 1651//1651 1670//1670 1669//1669 
f 1649//1649 1669//1669 1668//1668 
f 1647//1647 1668//1668 1667//1667 
f 1645//1645 1667//1667 1666//1666 
f 1643//1643 1666//1666 1665//1665 
f 1641//1641 1665//1665 1664//1664 
f 1639//1639 1664//1664 1662//1662 
f 1636//1636 1633//1633 1662//1662 
f 1661//1661 1675//1675 1659//1659 
f 1658//1658 1659//1659 1657//1657 
f 1656//1656 1657//1657 1655//1655 
f 1654//1654 1655//1655 1653//1653 
f 1652//1652 1653//1653 1651//1651 
f 1650//1650 1651//1651 1649//1649 
f 1648//1648 1649//1649 1647//1647 
f 1646//1646 1647//1647 1645//1645 
f 1644//1644 1645//1645 1643//1643 
f 1642//1642 1643//1643 1641//1641 
f 1640//1640 1641//1641 1639//1639 
f 1638//1638 1639//1639 1633//1633 
f 1635//1635 1637//1637 1633//1633 
o mesh3782
v 0.317 0.226823 0.0451818 
v 0.316805 0.226825 0.0451627 
v 0.316805 0.163469 0.0359422 
v 0.316833 0.163461 0.0359478 
v 0.316904 0.163451 0.0359557 
v 0.316804 0.226825 0.0451624 
v 0.316617 0.226833 0.0451064 
v 0.316618 0.16353 0.035893 
v 0.31665 0.163515 0.0359056 
v 0.316717 0.163491 0.0359247 
v 0.316444 0.226846 0.0450149 
v 0.316445 0.163627 0.0358147 
v 0.316505 0.163587 0.0358478 
v 0.316308 0.163739 0.0357207 
v 0.316419 0.163644 0.0358006 
v 0.316293 0.226864 0.0448918 
v 0.316294 0.163754 0.0357077 
v 0.316169 0.226886 0.0447418 
v 0.31617 0.163905 0.0355761 
v 0.316216 0.16384 0.0356336 
v 0.316076 0.22691 0.0445707 
v 0.316078 0.16407 0.0354256 
v 0.316142 0.163945 0.0355407 
v 0.316019 0.226937 0.044385 
v 0.31602 0.164243 0.035262 
v 0.316065 0.164097 0.0354009 
v 0.316 0.164413 0.035095 
v 0.316 0.196937 0.0398225 
v 0.316018 0.226938 0.0443769 
v 0.316 0.226964 0.0441919 
v 0.316 0.164417 0.0350904 
v 0.316017 0.164254 0.0352515 
v 0.317 0.163446 0.0359596 
vn 0 -0.143997 0.989578 
vn -0.195091 -0.14123 0.970564 
vn -0.195051 -0.141231 0.970571 
vn -0.166521 -0.141987 0.975761 
vn -0.0962422 -0.143329 0.984984 
vn -0.196235 -0.141197 0.970338 
vn -0.382684 -0.133036 0.914251 
vn -0.382597 -0.133041 0.914286 
vn -0.350295 -0.134873 0.926878 
vn -0.283277 -0.138099 0.949043 
vn -0.555571 -0.119729 0.822803 
vn -0.555588 -0.119728 0.822793 
vn -0.494668 -0.125145 0.860024 
vn -0.6925 -0.103882 0.7139 
vn -0.580746 -0.117226 0.805601 
vn -0.707108 -0.101821 0.699736 
vn -0.707071 -0.101827 0.699773 
vn -0.83147 -0.0800004 0.549779 
vn -0.831485 -0.0799973 0.549757 
vn -0.784082 -0.0893729 0.614189 
vn -0.92388 -0.0551052 0.378694 
vn -0.923925 -0.0550897 0.378587 
vn -0.858006 -0.0739626 0.508286 
vn -0.980785 -0.0280924 0.193057 
vn -0.980799 -0.0280828 0.19299 
vn -0.935483 -0.0508844 0.349688 
vn -0.999987 -0.000747521 0.00513712 
vn -1 -1.94729e-07 1.33822e-06 
vn -0.982348 -0.0269367 0.185114 
vn -1 9.43779e-15 -6.48584e-14 
vn -1 9.43779e-15 -6.48584e-14 
vn -0.98314 -0.0263303 0.180947 
vn 1.22465e-16 -0.143997 0.989578 
f 1778//1778 1779//1779 1780//1780 
f 1780//1780 1781//1781 1778//1778 
f 1781//1781 1782//1782 1778//1778 
f 1783//1783 1784//1784 1785//1785 
f 1785//1785 1786//1786 1783//1783 
f 1786//1786 1787//1787 1783//1783 
f 1780//1780 1779//1779 1783//1783 
f 1784//1784 1788//1788 1789//1789 
f 1789//1789 1790//1790 1784//1784 
f 1788//1788 1791//1791 1792//1792 
f 1788//1788 1793//1793 1794//1794 
f 1794//1794 1791//1791 1788//1788 
f 1793//1793 1795//1795 1796//1796 
f 1796//1796 1797//1797 1793//1793 
f 1795//1795 1798//1798 1799//1799 
f 1799//1799 1800//1800 1795//1795 
f 1798//1798 1801//1801 1802//1802 
f 1802//1802 1803//1803 1798//1798 
f 1804//1804 1801//1801 1805//1805 
f 1805//1805 1801//1801 1806//1806 
f 1806//1806 1807//1807 1805//1805 
f 1805//1805 1808//1808 1804//1804 
f 1804//1804 1809//1809 1801//1801 
f 1809//1809 1802//1802 1801//1801 
f 1803//1803 1799//1799 1798//1798 
f 1800//1800 1796//1796 1795//1795 
f 1797//1797 1794//1794 1793//1793 
f 1792//1792 1789//1789 1788//1788 
f 1790//1790 1785//1785 1784//1784 
f 1787//1787 1780//1780 1783//1783 
f 1782//1782 1810//1810 1778//1778 
o mesh3783
v 0.32528 0.100293 0.0228256 
v 0.32528 0.100615 0.0227905 
v 0.3177 0.100615 0.0227905 
v 0.32528 0.0999854 0.0229292 
v 0.3177 0.100293 0.0228256 
v 0.32528 0.0997075 0.0230964 
v 0.3177 0.0999854 0.0229292 
v 0.32528 0.099472 0.0233195 
v 0.3177 0.0997075 0.0230964 
v 0.32528 0.09929 0.0235879 
v 0.3177 0.099472 0.0233195 
v 0.32528 0.0991699 0.0238893 
v 0.3177 0.09929 0.0235879 
v 0.32528 0.0991175 0.0242093 
v 0.3177 0.0991699 0.0238893 
v 0.3177 0.099135 0.0245332 
v 0.32528 0.099135 0.0245332 
v 0.32528 0.0991194 0.0242457 
v 0.3177 0.0991175 0.0242093 
v 0.32528 0.0992218 0.0248458 
v 0.32528 0.0993737 0.0251323 
v 0.3177 0.0992218 0.0248458 
v 0.32528 0.0995837 0.0253795 
v 0.3177 0.0993737 0.0251323 
v 0.32528 0.0998419 0.0255758 
v 0.3177 0.0995837 0.0253795 
v 0.32528 0.100136 0.025712 
v 0.3177 0.0998419 0.0255758 
v 0.32528 0.100453 0.0257818 
v 0.3177 0.100136 0.025712 
v 0.32528 0.100777 0.0257818 
v 0.3177 0.100453 0.0257818 
v 0.32528 0.101094 0.025712 
v 0.3177 0.100777 0.0257818 
v 0.32528 0.101389 0.0255758 
v 0.3177 0.101094 0.025712 
v 0.32528 0.101647 0.0253795 
v 0.3177 0.101389 0.0255758 
v 0.32528 0.101857 0.0251323 
v 0.3177 0.101647 0.0253795 
v 0.32528 0.102009 0.0248458 
v 0.3177 0.101857 0.0251323 
v 0.32528 0.102096 0.0245332 
v 0.3177 0.102009 0.0248458 
v 0.3177 0.102113 0.0242093 
v 0.32528 0.102113 0.0242093 
v 0.32528 0.102111 0.0242457 
v 0.3177 0.102096 0.0245332 
v 0.32528 0.102061 0.0238893 
v 0.32528 0.101941 0.0235879 
v 0.3177 0.102061 0.0238893 
v 0.32528 0.101759 0.0233195 
v 0.3177 0.101941 0.0235879 
v 0.32528 0.101523 0.0230964 
v 0.3177 0.101759 0.0233195 
v 0.32528 0.101245 0.0229292 
v 0.3177 0.101523 0.0230964 
v 0.32528 0.100938 0.0228256 
v 0.3177 0.101245 0.0229292 
v 0.3177 0.100938 0.0228256 
vn 0 0.21497 0.976621 
vn 0 2.44929e-16 1 
vn 0 2.44929e-16 1 
vn 0 0.419889 0.907575 
vn 0 0.21497 0.976621 
vn 0 0.605174 0.796093 
vn 0 0.419889 0.907575 
vn 0 0.762162 0.647386 
vn 0 0.605174 0.796093 
vn 0 0.883512 0.468408 
vn 0 0.762162 0.647386 
vn 0 0.96355 0.267528 
vn 0 0.883512 0.468408 
vn 0 0.998533 0.0541389 
vn 0 0.96355 0.267528 
vn 0 0.986827 -0.161782 
vn 0 0.986827 -0.161782 
vn 0 0.999551 0.0299783 
vn 0 0.998533 0.0541389 
vn 0 0.928977 -0.370138 
vn 0 0.827689 -0.561187 
vn 0 0.928977 -0.370138 
vn 0 0.687699 -0.725995 
vn 0 0.827689 -0.561187 
vn 0 0.515554 -0.856857 
vn 0 0.687699 -0.725995 
vn 0 0.319302 -0.947653 
vn 0 0.515554 -0.856857 
vn 0 0.108119 -0.994138 
vn 0 0.319302 -0.947653 
vn 0 -0.108119 -0.994138 
vn 0 0.108119 -0.994138 
vn 0 -0.319302 -0.947653 
vn 0 -0.108119 -0.994138 
vn 0 -0.515554 -0.856857 
vn 0 -0.319302 -0.947653 
vn 0 -0.687699 -0.725995 
vn 0 -0.515554 -0.856857 
vn 0 -0.827689 -0.561187 
vn 0 -0.687699 -0.725995 
vn 0 -0.928977 -0.370138 
vn 0 -0.827689 -0.561187 
vn 0 -0.986827 -0.161782 
vn 0 -0.928977 -0.370138 
vn 0 -0.998533 0.0541389 
vn 0 -0.998533 0.0541389 
vn 0 -0.999551 0.0299783 
vn 0 -0.986827 -0.161782 
vn 0 -0.96355 0.267528 
vn 0 -0.883512 0.468408 
vn 0 -0.96355 0.267528 
vn 0 -0.762162 0.647386 
vn 0 -0.883512 0.468408 
vn 0 -0.605174 0.796093 
vn 0 -0.762162 0.647386 
vn 0 -0.419889 0.907575 
vn 0 -0.605174 0.796093 
vn 0 -0.21497 0.976621 
vn 0 -0.419889 0.907575 
vn 0 -0.21497 0.976621 
f 1811//1811 1812//1812 1813//1813 
f 1814//1814 1811//1811 1815//1815 
f 1816//1816 1814//1814 1817//1817 
f 1818//1818 1816//1816 1819//1819 
f 1820//1820 1818//1818 1821//1821 
f 1822//1822 1820//1820 1823//1823 
f 1824//1824 1822//1822 1825//1825 
f 1826//1826 1827//1827 1828//1828 
f 1828//1828 1829//1829 1826//1826 
f 1830//1830 1827//1827 1826//1826 
f 1831//1831 1830//1830 1832//1832 
f 1833//1833 1831//1831 1834//1834 
f 1835//1835 1833//1833 1836//1836 
f 1837//1837 1835//1835 1838//1838 
f 1839//1839 1837//1837 1840//1840 
f 1841//1841 1839//1839 1842//1842 
f 1843//1843 1841//1841 1844//1844 
f 1845//1845 1843//1843 1846//1846 
f 1847//1847 1845//1845 1848//1848 
f 1849//1849 1847//1847 1850//1850 
f 1851//1851 1849//1849 1852//1852 
f 1853//1853 1851//1851 1854//1854 
f 1855//1855 1856//1856 1857//1857 
f 1857//1857 1858//1858 1855//1855 
f 1859//1859 1856//1856 1855//1855 
f 1860//1860 1859//1859 1861//1861 
f 1862//1862 1860//1860 1863//1863 
f 1864//1864 1862//1862 1865//1865 
f 1866//1866 1864//1864 1867//1867 
f 1868//1868 1866//1866 1869//1869 
f 1812//1812 1868//1868 1870//1870 
f 1870//1870 1813//1813 1812//1812 
f 1869//1869 1870//1870 1868//1868 
f 1867//1867 1869//1869 1866//1866 
f 1865//1865 1867//1867 1864//1864 
f 1863//1863 1865//1865 1862//1862 
f 1861//1861 1863//1863 1860//1860 
f 1855//1855 1861//1861 1859//1859 
f 1857//1857 1853//1853 1858//1858 
f 1854//1854 1858//1858 1853//1853 
f 1852//1852 1854//1854 1851//1851 
f 1850//1850 1852//1852 1849//1849 
f 1848//1848 1850//1850 1847//1847 
f 1846//1846 1848//1848 1845//1845 
f 1844//1844 1846//1846 1843//1843 
f 1842//1842 1844//1844 1841//1841 
f 1840//1840 1842//1842 1839//1839 
f 1838//1838 1840//1840 1837//1837 
f 1836//1836 1838//1838 1835//1835 
f 1834//1834 1836//1836 1833//1833 
f 1832//1832 1834//1834 1831//1831 
f 1826//1826 1832//1832 1830//1830 
f 1828//1828 1824//1824 1829//1829 
f 1825//1825 1829//1829 1824//1824 
f 1823//1823 1825//1825 1822//1822 
f 1821//1821 1823//1823 1820//1820 
f 1819//1819 1821//1821 1818//1818 
f 1817//1817 1819//1819 1816//1816 
f 1815//1815 1817//1817 1814//1814 
f 1813//1813 1815//1815 1811//1811 
o mesh3784
v 0.32528 0.120293 0.0257359 
v 0.32528 0.120615 0.0257008 
v 0.3177 0.120615 0.0257008 
v 0.32528 0.119985 0.0258395 
v 0.3177 0.120293 0.0257359 
v 0.32528 0.119708 0.0260067 
v 0.3177 0.119985 0.0258395 
v 0.32528 0.119472 0.0262297 
v 0.3177 0.119708 0.0260067 
v 0.32528 0.11929 0.0264982 
v 0.3177 0.119472 0.0262297 
v 0.32528 0.11917 0.0267995 
v 0.3177 0.11929 0.0264982 
v 0.32528 0.119117 0.0271196 
v 0.3177 0.11917 0.0267995 
v 0.32528 0.119135 0.0274435 
v 0.3177 0.119117 0.0271196 
v 0.3177 0.119135 0.0274435 
v 0.3177 0.119222 0.027756 
v 0.32528 0.119206 0.0276983 
v 0.32528 0.119222 0.027756 
v 0.32528 0.119374 0.0280426 
v 0.32528 0.119584 0.0282898 
v 0.3177 0.119374 0.0280426 
v 0.32528 0.119842 0.0284861 
v 0.3177 0.119584 0.0282898 
v 0.32528 0.120136 0.0286223 
v 0.3177 0.119842 0.0284861 
v 0.32528 0.120453 0.028692 
v 0.3177 0.120136 0.0286223 
v 0.32528 0.120777 0.028692 
v 0.3177 0.120453 0.028692 
v 0.32528 0.121094 0.0286223 
v 0.3177 0.120777 0.028692 
v 0.32528 0.121389 0.0284861 
v 0.3177 0.121094 0.0286223 
v 0.32528 0.121647 0.0282898 
v 0.3177 0.121389 0.0284861 
v 0.32528 0.121857 0.0280426 
v 0.3177 0.121647 0.0282898 
v 0.32528 0.122009 0.027756 
v 0.3177 0.121857 0.0280426 
v 0.3177 0.122096 0.0274435 
v 0.32528 0.122096 0.0274435 
v 0.32528 0.122025 0.0276983 
v 0.3177 0.122009 0.027756 
v 0.32528 0.122113 0.0271196 
v 0.32528 0.122061 0.0267995 
v 0.3177 0.122113 0.0271196 
v 0.32528 0.121941 0.0264982 
v 0.3177 0.122061 0.0267995 
v 0.32528 0.121759 0.0262297 
v 0.3177 0.121941 0.0264982 
v 0.32528 0.121523 0.0260067 
v 0.3177 0.121759 0.0262297 
v 0.32528 0.121245 0.0258395 
v 0.3177 0.121523 0.0260067 
v 0.32528 0.120938 0.0257359 
v 0.3177 0.121245 0.0258395 
v 0.3177 0.120938 0.0257359 
vn 0 0.21497 0.976621 
vn 0 2.44929e-16 1 
vn 0 2.44929e-16 1 
vn 0 0.419889 0.907575 
vn 0 0.21497 0.976621 
vn 0 0.605174 0.796093 
vn 0 0.419889 0.907575 
vn 0 0.762162 0.647386 
vn 0 0.605174 0.796093 
vn 0 0.883512 0.468408 
vn 0 0.762162 0.647386 
vn 0 0.96355 0.267528 
vn 0 0.883512 0.468408 
vn 0 0.998533 0.0541389 
vn 0 0.96355 0.267528 
vn 0 0.986827 -0.161782 
vn 0 0.998533 0.0541389 
vn 0 0.986827 -0.161782 
vn 0 0.928977 -0.370138 
vn 0 0.942993 -0.332814 
vn 0 0.928977 -0.370138 
vn 0 0.827689 -0.561187 
vn 0 0.687699 -0.725995 
vn 0 0.827689 -0.561187 
vn 0 0.515554 -0.856857 
vn 0 0.687699 -0.725995 
vn 0 0.319302 -0.947653 
vn 0 0.515554 -0.856857 
vn 0 0.108119 -0.994138 
vn 0 0.319302 -0.947653 
vn 0 -0.108119 -0.994138 
vn 0 0.108119 -0.994138 
vn 0 -0.319302 -0.947653 
vn 0 -0.108119 -0.994138 
vn 0 -0.515554 -0.856857 
vn 0 -0.319302 -0.947653 
vn 0 -0.687699 -0.725995 
vn 0 -0.515554 -0.856857 
vn 0 -0.827689 -0.561187 
vn 0 -0.687699 -0.725995 
vn 0 -0.928977 -0.370138 
vn 0 -0.827689 -0.561187 
vn 0 -0.986827 -0.161782 
vn 0 -0.986827 -0.161782 
vn 0 -0.942993 -0.332814 
vn 0 -0.928977 -0.370138 
vn 0 -0.998533 0.0541389 
vn 0 -0.96355 0.267528 
vn 0 -0.998533 0.0541389 
vn 0 -0.883512 0.468408 
vn 0 -0.96355 0.267528 
vn 0 -0.762162 0.647386 
vn 0 -0.883512 0.468408 
vn 0 -0.605174 0.796093 
vn 0 -0.762162 0.647386 
vn 0 -0.419889 0.907575 
vn 0 -0.605174 0.796093 
vn 0 -0.21497 0.976621 
vn 0 -0.419889 0.907575 
vn 0 -0.21497 0.976621 
f 1871//1871 1872//1872 1873//1873 
f 1874//1874 1871//1871 1875//1875 
f 1876//1876 1874//1874 1877//1877 
f 1878//1878 1876//1876 1879//1879 
f 1880//1880 1878//1878 1881//1881 
f 1882//1882 1880//1880 1883//1883 
f 1884//1884 1882//1882 1885//1885 
f 1886//1886 1884//1884 1887//1887 
f 1888//1888 1889//1889 1890//1890 
f 1889//1889 1891//1891 1890//1890 
f 1892//1892 1891//1891 1889//1889 
f 1893//1893 1892//1892 1894//1894 
f 1895//1895 1893//1893 1896//1896 
f 1897//1897 1895//1895 1898//1898 
f 1899//1899 1897//1897 1900//1900 
f 1901//1901 1899//1899 1902//1902 
f 1903//1903 1901//1901 1904//1904 
f 1905//1905 1903//1903 1906//1906 
f 1907//1907 1905//1905 1908//1908 
f 1909//1909 1907//1907 1910//1910 
f 1911//1911 1909//1909 1912//1912 
f 1913//1913 1914//1914 1915//1915 
f 1915//1915 1916//1916 1913//1913 
f 1917//1917 1914//1914 1913//1913 
f 1918//1918 1917//1917 1919//1919 
f 1920//1920 1918//1918 1921//1921 
f 1922//1922 1920//1920 1923//1923 
f 1924//1924 1922//1922 1925//1925 
f 1926//1926 1924//1924 1927//1927 
f 1928//1928 1926//1926 1929//1929 
f 1872//1872 1928//1928 1930//1930 
f 1930//1930 1873//1873 1872//1872 
f 1929//1929 1930//1930 1928//1928 
f 1927//1927 1929//1929 1926//1926 
f 1925//1925 1927//1927 1924//1924 
f 1923//1923 1925//1925 1922//1922 
f 1921//1921 1923//1923 1920//1920 
f 1919//1919 1921//1921 1918//1918 
f 1913//1913 1919//1919 1917//1917 
f 1915//1915 1911//1911 1916//1916 
f 1912//1912 1916//1916 1911//1911 
f 1910//1910 1912//1912 1909//1909 
f 1908//1908 1910//1910 1907//1907 
f 1906//1906 1908//1908 1905//1905 
f 1904//1904 1906//1906 1903//1903 
f 1902//1902 1904//1904 1901//1901 
f 1900//1900 1902//1902 1899//1899 
f 1898//1898 1900//1900 1897//1897 
f 1896//1896 1898//1898 1895//1895 
f 1894//1894 1896//1896 1893//1893 
f 1889//1889 1894//1894 1892//1892 
f 1890//1890 1886//1886 1888//1888 
f 1887//1887 1888//1888 1886//1886 
f 1885//1885 1887//1887 1884//1884 
f 1883//1883 1885//1885 1882//1882 
f 1881//1881 1883//1883 1880//1880 
f 1879//1879 1881//1881 1878//1878 
f 1877//1877 1879//1879 1876//1876 
f 1875//1875 1877//1877 1874//1874 
f 1873//1873 1875//1875 1871//1871 
o mesh3785
v 0.32528 0.140641 0.0286969 
v 0.32528 0.140964 0.0286618 
v 0.3177 0.140964 0.0286618 
v 0.32528 0.140334 0.0288005 
v 0.3177 0.140641 0.0286969 
v 0.3177 0.140056 0.0289677 
v 0.32528 0.140056 0.0289677 
v 0.32528 0.140238 0.0288581 
v 0.3177 0.140334 0.0288005 
v 0.32528 0.139821 0.0291907 
v 0.32528 0.139639 0.0294592 
v 0.3177 0.139821 0.0291907 
v 0.32528 0.139519 0.0297605 
v 0.3177 0.139639 0.0294592 
v 0.32528 0.139466 0.0300806 
v 0.3177 0.139519 0.0297605 
v 0.3177 0.139484 0.0304045 
v 0.32528 0.139484 0.0304045 
v 0.32528 0.139469 0.0301365 
v 0.3177 0.139466 0.0300806 
v 0.32528 0.13957 0.030717 
v 0.32528 0.139722 0.0310036 
v 0.3177 0.13957 0.030717 
v 0.32528 0.139932 0.0312508 
v 0.3177 0.139722 0.0310036 
v 0.32528 0.140191 0.0314471 
v 0.3177 0.139932 0.0312508 
v 0.3177 0.140485 0.0315833 
v 0.32528 0.140485 0.0315833 
v 0.32528 0.140238 0.0314692 
v 0.3177 0.140191 0.0314471 
v 0.32528 0.140802 0.031653 
v 0.32528 0.141126 0.031653 
v 0.3177 0.140802 0.031653 
v 0.32528 0.141443 0.0315833 
v 0.3177 0.141126 0.031653 
v 0.32528 0.141737 0.0314471 
v 0.3177 0.141443 0.0315833 
v 0.32528 0.141995 0.0312508 
v 0.3177 0.141737 0.0314471 
v 0.32528 0.142205 0.0310036 
v 0.3177 0.141995 0.0312508 
v 0.32528 0.142357 0.030717 
v 0.3177 0.142205 0.0310036 
v 0.32528 0.142444 0.0304045 
v 0.3177 0.142357 0.030717 
v 0.3177 0.142444 0.0304045 
v 0.3177 0.142462 0.0300806 
v 0.32528 0.142459 0.0301365 
v 0.32528 0.142462 0.0300806 
v 0.32528 0.142409 0.0297605 
v 0.32528 0.142289 0.0294592 
v 0.3177 0.142409 0.0297605 
v 0.32528 0.142107 0.0291907 
v 0.3177 0.142289 0.0294592 
v 0.32528 0.141872 0.0289677 
v 0.3177 0.142107 0.0291907 
v 0.32528 0.141594 0.0288005 
v 0.3177 0.141872 0.0289677 
v 0.32528 0.141286 0.0286969 
v 0.3177 0.141594 0.0288005 
v 0.3177 0.141286 0.0286969 
vn 0 0.21497 0.976621 
vn 0 2.44929e-16 1 
vn 0 2.44929e-16 1 
vn 0 0.419889 0.907575 
vn 0 0.21497 0.976621 
vn 0 0.605174 0.796093 
vn 0 0.605174 0.796093 
vn 0 0.48629 0.873798 
vn 0 0.419889 0.907575 
vn 0 0.762162 0.647386 
vn 0 0.883512 0.468408 
vn 0 0.762162 0.647386 
vn 0 0.96355 0.267528 
vn 0 0.883512 0.468408 
vn 0 0.998533 0.0541389 
vn 0 0.96355 0.267528 
vn 0 0.986827 -0.161782 
vn 0 0.986827 -0.161782 
vn 0 0.999856 0.0169678 
vn 0 0.998533 0.0541389 
vn 0 0.928977 -0.370138 
vn 0 0.827689 -0.561187 
vn 0 0.928977 -0.370138 
vn 0 0.687699 -0.725995 
vn 0 0.827689 -0.561187 
vn 0 0.515554 -0.856857 
vn 0 0.687699 -0.725995 
vn 0 0.319302 -0.947653 
vn 0 0.319302 -0.947653 
vn 0 0.48526 -0.87437 
vn 0 0.515554 -0.856857 
vn 0 0.108119 -0.994138 
vn 0 -0.108119 -0.994138 
vn 0 0.108119 -0.994138 
vn 0 -0.319302 -0.947653 
vn 0 -0.108119 -0.994138 
vn 0 -0.515554 -0.856857 
vn 0 -0.319302 -0.947653 
vn 0 -0.687699 -0.725995 
vn 0 -0.515554 -0.856857 
vn 0 -0.827689 -0.561187 
vn 0 -0.687699 -0.725995 
vn 0 -0.928977 -0.370138 
vn 0 -0.827689 -0.561187 
vn 0 -0.986827 -0.161782 
vn 0 -0.928977 -0.370138 
vn 0 -0.986827 -0.161782 
vn 0 -0.998533 0.0541389 
vn 0 -0.999856 0.0169678 
vn 0 -0.998533 0.0541389 
vn 0 -0.96355 0.267528 
vn 0 -0.883512 0.468408 
vn 0 -0.96355 0.267528 
vn 0 -0.762162 0.647386 
vn 0 -0.883512 0.468408 
vn 0 -0.605174 0.796093 
vn 0 -0.762162 0.647386 
vn 0 -0.419889 0.907575 
vn 0 -0.605174 0.796093 
vn 0 -0.21497 0.976621 
vn 0 -0.419889 0.907575 
vn 0 -0.21497 0.976621 
f 1931//1931 1932//1932 1933//1933 
f 1934//1934 1931//1931 1935//1935 
f 1936//1936 1937//1937 1938//1938 
f 1938//1938 1939//1939 1936//1936 
f 1940//1940 1937//1937 1936//1936 
f 1941//1941 1940//1940 1942//1942 
f 1943//1943 1941//1941 1944//1944 
f 1945//1945 1943//1943 1946//1946 
f 1947//1947 1948//1948 1949//1949 
f 1949//1949 1950//1950 1947//1947 
f 1951//1951 1948//1948 1947//1947 
f 1952//1952 1951//1951 1953//1953 
f 1954//1954 1952//1952 1955//1955 
f 1956//1956 1954//1954 1957//1957 
f 1958//1958 1959//1959 1960//1960 
f 1960//1960 1961//1961 1958//1958 
f 1962//1962 1959//1959 1958//1958 
f 1963//1963 1962//1962 1964//1964 
f 1965//1965 1963//1963 1966//1966 
f 1967//1967 1965//1965 1968//1968 
f 1969//1969 1967//1967 1970//1970 
f 1971//1971 1969//1969 1972//1972 
f 1973//1973 1971//1971 1974//1974 
f 1975//1975 1973//1973 1976//1976 
f 1977//1977 1978//1978 1979//1979 
f 1978//1978 1980//1980 1979//1979 
f 1981//1981 1980//1980 1978//1978 
f 1982//1982 1981//1981 1983//1983 
f 1984//1984 1982//1982 1985//1985 
f 1986//1986 1984//1984 1987//1987 
f 1988//1988 1986//1986 1989//1989 
f 1990//1990 1988//1988 1991//1991 
f 1932//1932 1990//1990 1992//1992 
f 1992//1992 1933//1933 1932//1932 
f 1991//1991 1992//1992 1990//1990 
f 1989//1989 1991//1991 1988//1988 
f 1987//1987 1989//1989 1986//1986 
f 1985//1985 1987//1987 1984//1984 
f 1983//1983 1985//1985 1982//1982 
f 1978//1978 1983//1983 1981//1981 
f 1979//1979 1975//1975 1977//1977 
f 1976//1976 1977//1977 1975//1975 
f 1974//1974 1976//1976 1973//1973 
f 1972//1972 1974//1974 1971//1971 
f 1970//1970 1972//1972 1969//1969 
f 1968//1968 1970//1970 1967//1967 
f 1966//1966 1968//1968 1965//1965 
f 1964//1964 1966//1966 1963//1963 
f 1958//1958 1964//1964 1962//1962 
f 1960//1960 1956//1956 1961//1961 
f 1957//1957 1961//1961 1956//1956 
f 1955//1955 1957//1957 1954//1954 
f 1953//1953 1955//1955 1952//1952 
f 1947//1947 1953//1953 1951//1951 
f 1949//1949 1945//1945 1950//1950 
f 1946//1946 1950//1950 1945//1945 
f 1944//1944 1946//1946 1943//1943 
f 1942//1942 1944//1944 1941//1941 
f 1936//1936 1942//1942 1940//1940 
f 1938//1938 1934//1934 1939//1939 
f 1935//1935 1939//1939 1934//1934 
f 1933//1933 1935//1935 1931//1931 
o mesh3786
v 0.32528 0.160641 0.0316072 
v 0.32528 0.160964 0.0315721 
v 0.3177 0.160964 0.0315721 
v 0.32528 0.160334 0.0317107 
v 0.3177 0.160641 0.0316072 
v 0.32528 0.160056 0.031878 
v 0.3177 0.160334 0.0317107 
v 0.32528 0.159821 0.032101 
v 0.3177 0.160056 0.031878 
v 0.32528 0.159639 0.0323695 
v 0.3177 0.159821 0.032101 
v 0.32528 0.159519 0.0326708 
v 0.3177 0.159639 0.0323695 
v 0.32528 0.159466 0.0329909 
v 0.3177 0.159519 0.0326708 
v 0.32528 0.159484 0.0333148 
v 0.3177 0.159466 0.0329909 
v 0.32528 0.15957 0.0336273 
v 0.3177 0.159484 0.0333148 
v 0.32528 0.159722 0.0339139 
v 0.3177 0.15957 0.0336273 
v 0.32528 0.159932 0.0341611 
v 0.3177 0.159722 0.0339139 
v 0.32528 0.160191 0.0343574 
v 0.3177 0.159932 0.0341611 
v 0.32528 0.160485 0.0344936 
v 0.3177 0.160191 0.0343574 
v 0.32528 0.160802 0.0345633 
v 0.3177 0.160485 0.0344936 
v 0.32528 0.161126 0.0345633 
v 0.3177 0.160802 0.0345633 
v 0.32528 0.161443 0.0344936 
v 0.3177 0.161126 0.0345633 
v 0.32528 0.161737 0.0343574 
v 0.3177 0.161443 0.0344936 
v 0.32528 0.161995 0.0341611 
v 0.3177 0.161737 0.0343574 
v 0.32528 0.162205 0.0339139 
v 0.3177 0.161995 0.0341611 
v 0.32528 0.162357 0.0336273 
v 0.3177 0.162205 0.0339139 
v 0.32528 0.162444 0.0333148 
v 0.3177 0.162357 0.0336273 
v 0.32528 0.162462 0.0329909 
v 0.3177 0.162444 0.0333148 
v 0.32528 0.162409 0.0326708 
v 0.3177 0.162462 0.0329909 
v 0.32528 0.162289 0.0323695 
v 0.3177 0.162409 0.0326708 
v 0.32528 0.162107 0.032101 
v 0.3177 0.162289 0.0323695 
v 0.32528 0.161872 0.031878 
v 0.3177 0.162107 0.032101 
v 0.32528 0.161594 0.0317107 
v 0.3177 0.161872 0.031878 
v 0.32528 0.161286 0.0316072 
v 0.3177 0.161594 0.0317107 
v 0.3177 0.161286 0.0316072 
vn 0 0.21497 0.976621 
vn 0 2.44929e-16 1 
vn 0 2.44929e-16 1 
vn 0 0.419889 0.907575 
vn 0 0.21497 0.976621 
vn 0 0.605174 0.796093 
vn 0 0.419889 0.907575 
vn 0 0.762162 0.647386 
vn 0 0.605174 0.796093 
vn 0 0.883512 0.468408 
vn 0 0.762162 0.647386 
vn 0 0.96355 0.267528 
vn 0 0.883512 0.468408 
vn 0 0.998533 0.0541389 
vn 0 0.96355 0.267528 
vn 0 0.986827 -0.161782 
vn 0 0.998533 0.0541389 
vn 0 0.928977 -0.370138 
vn 0 0.986827 -0.161782 
vn 0 0.827689 -0.561187 
vn 0 0.928977 -0.370138 
vn 0 0.687699 -0.725995 
vn 0 0.827689 -0.561187 
vn 0 0.515554 -0.856857 
vn 0 0.687699 -0.725995 
vn 0 0.319302 -0.947653 
vn 0 0.515554 -0.856857 
vn 0 0.108119 -0.994138 
vn 0 0.319302 -0.947653 
vn 0 -0.108119 -0.994138 
vn 0 0.108119 -0.994138 
vn 0 -0.319302 -0.947653 
vn 0 -0.108119 -0.994138 
vn 0 -0.515554 -0.856857 
vn 0 -0.319302 -0.947653 
vn 0 -0.687699 -0.725995 
vn 0 -0.515554 -0.856857 
vn 0 -0.827689 -0.561187 
vn 0 -0.687699 -0.725995 
vn 0 -0.928977 -0.370138 
vn 0 -0.827689 -0.561187 
vn 0 -0.986827 -0.161782 
vn 0 -0.928977 -0.370138 
vn 0 -0.998533 0.0541389 
vn 0 -0.986827 -0.161782 
vn 0 -0.96355 0.267528 
vn 0 -0.998533 0.0541389 
vn 0 -0.883512 0.468408 
vn 0 -0.96355 0.267528 
vn 0 -0.762162 0.647386 
vn 0 -0.883512 0.468408 
vn 0 -0.605174 0.796093 
vn 0 -0.762162 0.647386 
vn 0 -0.419889 0.907575 
vn 0 -0.605174 0.796093 
vn 0 -0.21497 0.976621 
vn 0 -0.419889 0.907575 
vn 0 -0.21497 0.976621 
f 1993//1993 1994//1994 1995//1995 
f 1996//1996 1993//1993 1997//1997 
f 1998//1998 1996//1996 1999//1999 
f 2000//2000 1998//1998 2001//2001 
f 2002//2002 2000//2000 2003//2003 
f 2004//2004 2002//2002 2005//2005 
f 2006//2006 2004//2004 2007//2007 
f 2008//2008 2006//2006 2009//2009 
f 2010//2010 2008//2008 2011//2011 
f 2012//2012 2010//2010 2013//2013 
f 2014//2014 2012//2012 2015//2015 
f 2016//2016 2014//2014 2017//2017 
f 2018//2018 2016//2016 2019//2019 
f 2020//2020 2018//2018 2021//2021 
f 2022//2022 2020//2020 2023//2023 
f 2024//2024 2022//2022 2025//2025 
f 2026//2026 2024//2024 2027//2027 
f 2028//2028 2026//2026 2029//2029 
f 2030//2030 2028//2028 2031//2031 
f 2032//2032 2030//2030 2033//2033 
f 2034//2034 2032//2032 2035//2035 
f 2036//2036 2034//2034 2037//2037 
f 2038//2038 2036//2036 2039//2039 
f 2040//2040 2038//2038 2041//2041 
f 2042//2042 2040//2040 2043//2043 
f 2044//2044 2042//2042 2045//2045 
f 2046//2046 2044//2044 2047//2047 
f 2048//2048 2046//2046 2049//2049 
f 1994//1994 2048//2048 2050//2050 
f 2050//2050 1995//1995 1994//1994 
f 2049//2049 2050//2050 2048//2048 
f 2047//2047 2049//2049 2046//2046 
f 2045//2045 2047//2047 2044//2044 
f 2043//2043 2045//2045 2042//2042 
f 2041//2041 2043//2043 2040//2040 
f 2039//2039 2041//2041 2038//2038 
f 2037//2037 2039//2039 2036//2036 
f 2035//2035 2037//2037 2034//2034 
f 2033//2033 2035//2035 2032//2032 
f 2031//2031 2033//2033 2030//2030 
f 2029//2029 2031//2031 2028//2028 
f 2027//2027 2029//2029 2026//2026 
f 2025//2025 2027//2027 2024//2024 
f 2023//2023 2025//2025 2022//2022 
f 2021//2021 2023//2023 2020//2020 
f 2019//2019 2021//2021 2018//2018 
f 2017//2017 2019//2019 2016//2016 
f 2015//2015 2017//2017 2014//2014 
f 2013//2013 2015//2015 2012//2012 
f 2011//2011 2013//2013 2010//2010 
f 2009//2009 2011//2011 2008//2008 
f 2007//2007 2009//2009 2006//2006 
f 2005//2005 2007//2007 2004//2004 
f 2003//2003 2005//2005 2002//2002 
f 2001//2001 2003//2003 2000//2000 
f 1999//1999 2001//2001 1998//1998 
f 1997//1997 1999//1999 1996//1996 
f 1995//1995 1997//1997 1993//1993 
o mesh3787
v 0.32528 0.0989481 -0.028986 
v 0.32528 0.0992706 -0.0290211 
v 0.3177 0.0992706 -0.0290211 
v 0.32528 0.0986408 -0.0288824 
v 0.3177 0.0989481 -0.028986 
v 0.3177 0.0986408 -0.0288824 
v 0.3177 0.0983628 -0.0287152 
v 0.32528 0.0984429 -0.0287634 
v 0.32528 0.0983628 -0.0287152 
v 0.32528 0.0981274 -0.0284922 
v 0.32528 0.0979453 -0.0282237 
v 0.3177 0.0981274 -0.0284922 
v 0.32528 0.0978253 -0.0279224 
v 0.3177 0.0979453 -0.0282237 
v 0.32528 0.0977728 -0.0276023 
v 0.3177 0.0978253 -0.0279224 
v 0.32528 0.0977904 -0.0272784 
v 0.3177 0.0977728 -0.0276023 
v 0.32528 0.0978771 -0.0269659 
v 0.3177 0.0977904 -0.0272784 
v 0.32528 0.0980291 -0.0266793 
v 0.3177 0.0978771 -0.0269659 
v 0.32528 0.0982391 -0.0264321 
v 0.3177 0.0980291 -0.0266793 
v 0.3177 0.0982391 -0.0264321 
v 0.3177 0.0984973 -0.0262358 
v 0.32528 0.0984429 -0.0262771 
v 0.32528 0.0984973 -0.0262358 
v 0.32528 0.0987917 -0.0260996 
v 0.32528 0.0991084 -0.0260299 
v 0.3177 0.0987917 -0.0260996 
v 0.32528 0.0994328 -0.0260299 
v 0.3177 0.0991084 -0.0260299 
v 0.32528 0.0997496 -0.0260996 
v 0.3177 0.0994328 -0.0260299 
v 0.32528 0.100044 -0.0262358 
v 0.3177 0.0997496 -0.0260996 
v 0.32528 0.100302 -0.0264321 
v 0.3177 0.100044 -0.0262358 
v 0.32528 0.100512 -0.0266793 
v 0.3177 0.100302 -0.0264321 
v 0.32528 0.100664 -0.0269659 
v 0.3177 0.100512 -0.0266793 
v 0.32528 0.100751 -0.0272784 
v 0.3177 0.100664 -0.0269659 
v 0.32528 0.100768 -0.0276023 
v 0.3177 0.100751 -0.0272784 
v 0.32528 0.100716 -0.0279224 
v 0.3177 0.100768 -0.0276023 
v 0.32528 0.100596 -0.0282237 
v 0.3177 0.100716 -0.0279224 
v 0.32528 0.100414 -0.0284922 
v 0.3177 0.100596 -0.0282237 
v 0.32528 0.100178 -0.0287152 
v 0.3177 0.100414 -0.0284922 
v 0.32528 0.0999004 -0.0288824 
v 0.3177 0.100178 -0.0287152 
v 0.32528 0.0995931 -0.028986 
v 0.3177 0.0999004 -0.0288824 
v 0.3177 0.0995931 -0.028986 
vn 0 0.21497 0.976621 
vn 0 2.44929e-16 1 
vn 0 2.44929e-16 1 
vn 0 0.419889 0.907575 
vn 0 0.21497 0.976621 
vn 0 0.419889 0.907575 
vn 0 0.605174 0.796093 
vn 0 0.554444 0.832221 
vn 0 0.605174 0.796093 
vn 0 0.762162 0.647386 
vn 0 0.883512 0.468408 
vn 0 0.762162 0.647386 
vn 0 0.96355 0.267528 
vn 0 0.883512 0.468408 
vn 0 0.998533 0.0541389 
vn 0 0.96355 0.267528 
vn 0 0.986827 -0.161782 
vn 0 0.998533 0.0541389 
vn 0 0.928977 -0.370138 
vn 0 0.986827 -0.161782 
vn 0 0.827689 -0.561187 
vn 0 0.928977 -0.370138 
vn 0 0.687699 -0.725995 
vn 0 0.827689 -0.561187 
vn 0 0.687699 -0.725995 
vn 0 0.515554 -0.856857 
vn 0 0.553935 -0.83256 
vn 0 0.515554 -0.856857 
vn 0 0.319302 -0.947653 
vn 0 0.108119 -0.994138 
vn 0 0.319302 -0.947653 
vn 0 -0.108119 -0.994138 
vn 0 0.108119 -0.994138 
vn 0 -0.319302 -0.947653 
vn 0 -0.108119 -0.994138 
vn 0 -0.515554 -0.856857 
vn 0 -0.319302 -0.947653 
vn 0 -0.687699 -0.725995 
vn 0 -0.515554 -0.856857 
vn 0 -0.827689 -0.561187 
vn 0 -0.687699 -0.725995 
vn 0 -0.928977 -0.370138 
vn 0 -0.827689 -0.561187 
vn 0 -0.986827 -0.161782 
vn 0 -0.928977 -0.370138 
vn 0 -0.998533 0.0541389 
vn 0 -0.986827 -0.161782 
vn 0 -0.96355 0.267528 
vn 0 -0.998533 0.0541389 
vn 0 -0.883512 0.468408 
vn 0 -0.96355 0.267528 
vn 0 -0.762162 0.647386 
vn 0 -0.883512 0.468408 
vn 0 -0.605174 0.796093 
vn 0 -0.762162 0.647386 
vn 0 -0.419889 0.907575 
vn 0 -0.605174 0.796093 
vn 0 -0.21497 0.976621 
vn 0 -0.419889 0.907575 
vn 0 -0.21497 0.976621 
f 2051//2051 2052//2052 2053//2053 
f 2054//2054 2051//2051 2055//2055 
f 2056//2056 2057//2057 2058//2058 
f 2057//2057 2059//2059 2058//2058 
f 2060//2060 2059//2059 2057//2057 
f 2061//2061 2060//2060 2062//2062 
f 2063//2063 2061//2061 2064//2064 
f 2065//2065 2063//2063 2066//2066 
f 2067//2067 2065//2065 2068//2068 
f 2069//2069 2067//2067 2070//2070 
f 2071//2071 2069//2069 2072//2072 
f 2073//2073 2071//2071 2074//2074 
f 2075//2075 2076//2076 2077//2077 
f 2076//2076 2078//2078 2077//2077 
f 2079//2079 2078//2078 2076//2076 
f 2080//2080 2079//2079 2081//2081 
f 2082//2082 2080//2080 2083//2083 
f 2084//2084 2082//2082 2085//2085 
f 2086//2086 2084//2084 2087//2087 
f 2088//2088 2086//2086 2089//2089 
f 2090//2090 2088//2088 2091//2091 
f 2092//2092 2090//2090 2093//2093 
f 2094//2094 2092//2092 2095//2095 
f 2096//2096 2094//2094 2097//2097 
f 2098//2098 2096//2096 2099//2099 
f 2100//2100 2098//2098 2101//2101 
f 2102//2102 2100//2100 2103//2103 
f 2104//2104 2102//2102 2105//2105 
f 2106//2106 2104//2104 2107//2107 
f 2108//2108 2106//2106 2109//2109 
f 2052//2052 2108//2108 2110//2110 
f 2110//2110 2053//2053 2052//2052 
f 2109//2109 2110//2110 2108//2108 
f 2107//2107 2109//2109 2106//2106 
f 2105//2105 2107//2107 2104//2104 
f 2103//2103 2105//2105 2102//2102 
f 2101//2101 2103//2103 2100//2100 
f 2099//2099 2101//2101 2098//2098 
f 2097//2097 2099//2099 2096//2096 
f 2095//2095 2097//2097 2094//2094 
f 2093//2093 2095//2095 2092//2092 
f 2091//2091 2093//2093 2090//2090 
f 2089//2089 2091//2091 2088//2088 
f 2087//2087 2089//2089 2086//2086 
f 2085//2085 2087//2087 2084//2084 
f 2083//2083 2085//2085 2082//2082 
f 2081//2081 2083//2083 2080//2080 
f 2076//2076 2081//2081 2079//2079 
f 2077//2077 2073//2073 2075//2075 
f 2074//2074 2075//2075 2073//2073 
f 2072//2072 2074//2074 2071//2071 
f 2070//2070 2072//2072 2069//2069 
f 2068//2068 2070//2070 2067//2067 
f 2066//2066 2068//2068 2065//2065 
f 2064//2064 2066//2066 2063//2063 
f 2062//2062 2064//2064 2061//2061 
f 2057//2057 2062//2062 2060//2060 
f 2058//2058 2054//2054 2056//2056 
f 2055//2055 2056//2056 2054//2054 
f 2053//2053 2055//2055 2051//2051 
o mesh3788
v 0.32528 0.1164 -0.0245758 
v 0.32528 0.116722 -0.0246109 
v 0.3177 0.116722 -0.0246109 
v 0.32528 0.116092 -0.0244722 
v 0.3177 0.1164 -0.0245758 
v 0.32528 0.115814 -0.024305 
v 0.3177 0.116092 -0.0244722 
v 0.32528 0.115579 -0.0240819 
v 0.3177 0.115814 -0.024305 
v 0.32528 0.115397 -0.0238135 
v 0.3177 0.115579 -0.0240819 
v 0.32528 0.115277 -0.0235122 
v 0.3177 0.115397 -0.0238135 
v 0.32528 0.115224 -0.0231921 
v 0.3177 0.115277 -0.0235122 
v 0.32528 0.115242 -0.0228682 
v 0.3177 0.115224 -0.0231921 
v 0.32528 0.115329 -0.0225557 
v 0.3177 0.115242 -0.0228682 
v 0.32528 0.11548 -0.0222691 
v 0.3177 0.115329 -0.0225557 
v 0.32528 0.11569 -0.0220219 
v 0.3177 0.11548 -0.0222691 
v 0.32528 0.115949 -0.0218256 
v 0.3177 0.11569 -0.0220219 
v 0.32528 0.116243 -0.0216894 
v 0.3177 0.115949 -0.0218256 
v 0.32528 0.11656 -0.0216197 
v 0.3177 0.116243 -0.0216894 
v 0.32528 0.116884 -0.0216197 
v 0.3177 0.11656 -0.0216197 
v 0.32528 0.117201 -0.0216894 
v 0.3177 0.116884 -0.0216197 
v 0.32528 0.117495 -0.0218256 
v 0.3177 0.117201 -0.0216894 
v 0.32528 0.117754 -0.0220219 
v 0.3177 0.117495 -0.0218256 
v 0.32528 0.117963 -0.0222691 
v 0.3177 0.117754 -0.0220219 
v 0.32528 0.118115 -0.0225557 
v 0.3177 0.117963 -0.0222691 
v 0.32528 0.118202 -0.0228682 
v 0.3177 0.118115 -0.0225557 
v 0.32528 0.11822 -0.0231921 
v 0.3177 0.118202 -0.0228682 
v 0.32528 0.118167 -0.0235122 
v 0.3177 0.11822 -0.0231921 
v 0.32528 0.118047 -0.0238135 
v 0.3177 0.118167 -0.0235122 
v 0.32528 0.117865 -0.0240819 
v 0.3177 0.118047 -0.0238135 
v 0.32528 0.11763 -0.024305 
v 0.3177 0.117865 -0.0240819 
v 0.32528 0.117352 -0.0244722 
v 0.3177 0.11763 -0.024305 
v 0.32528 0.117044 -0.0245758 
v 0.3177 0.117352 -0.0244722 
v 0.3177 0.117044 -0.0245758 
vn 0 0.21497 0.976621 
vn 0 2.44929e-16 1 
vn 0 2.44929e-16 1 
vn 0 0.419889 0.907575 
vn 0 0.21497 0.976621 
vn 0 0.605174 0.796093 
vn 0 0.419889 0.907575 
vn 0 0.762162 0.647386 
vn 0 0.605174 0.796093 
vn 0 0.883512 0.468408 
vn 0 0.762162 0.647386 
vn 0 0.96355 0.267528 
vn 0 0.883512 0.468408 
vn 0 0.998533 0.0541389 
vn 0 0.96355 0.267528 
vn 0 0.986827 -0.161782 
vn 0 0.998533 0.0541389 
vn 0 0.928977 -0.370138 
vn 0 0.986827 -0.161782 
vn 0 0.827689 -0.561187 
vn 0 0.928977 -0.370138 
vn 0 0.687699 -0.725995 
vn 0 0.827689 -0.561187 
vn 0 0.515554 -0.856857 
vn 0 0.687699 -0.725995 
vn 0 0.319302 -0.947653 
vn 0 0.515554 -0.856857 
vn 0 0.108119 -0.994138 
vn 0 0.319302 -0.947653 
vn 0 -0.108119 -0.994138 
vn 0 0.108119 -0.994138 
vn 0 -0.319302 -0.947653 
vn 0 -0.108119 -0.994138 
vn 0 -0.515554 -0.856857 
vn 0 -0.319302 -0.947653 
vn 0 -0.687699 -0.725995 
vn 0 -0.515554 -0.856857 
vn 0 -0.827689 -0.561187 
vn 0 -0.687699 -0.725995 
vn 0 -0.928977 -0.370138 
vn 0 -0.827689 -0.561187 
vn 0 -0.986827 -0.161782 
vn 0 -0.928977 -0.370138 
vn 0 -0.998533 0.0541389 
vn 0 -0.986827 -0.161782 
vn 0 -0.96355 0.267528 
vn 0 -0.998533 0.0541389 
vn 0 -0.883512 0.468408 
vn 0 -0.96355 0.267528 
vn 0 -0.762162 0.647386 
vn 0 -0.883512 0.468408 
vn 0 -0.605174 0.796093 
vn 0 -0.762162 0.647386 
vn 0 -0.419889 0.907575 
vn 0 -0.605174 0.796093 
vn 0 -0.21497 0.976621 
vn 0 -0.419889 0.907575 
vn 0 -0.21497 0.976621 
f 2111//2111 2112//2112 2113//2113 
f 2114//2114 2111//2111 2115//2115 
f 2116//2116 2114//2114 2117//2117 
f 2118//2118 2116//2116 2119//2119 
f 2120//2120 2118//2118 2121//2121 
f 2122//2122 2120//2120 2123//2123 
f 2124//2124 2122//2122 2125//2125 
f 2126//2126 2124//2124 2127//2127 
f 2128//2128 2126//2126 2129//2129 
f 2130//2130 2128//2128 2131//2131 
f 2132//2132 2130//2130 2133//2133 
f 2134//2134 2132//2132 2135//2135 
f 2136//2136 2134//2134 2137//2137 
f 2138//2138 2136//2136 2139//2139 
f 2140//2140 2138//2138 2141//2141 
f 2142//2142 2140//2140 2143//2143 
f 2144//2144 2142//2142 2145//2145 
f 2146//2146 2144//2144 2147//2147 
f 2148//2148 2146//2146 2149//2149 
f 2150//2150 2148//2148 2151//2151 
f 2152//2152 2150//2150 2153//2153 
f 2154//2154 2152//2152 2155//2155 
f 2156//2156 2154//2154 2157//2157 
f 2158//2158 2156//2156 2159//2159 
f 2160//2160 2158//2158 2161//2161 
f 2162//2162 2160//2160 2163//2163 
f 2164//2164 2162//2162 2165//2165 
f 2166//2166 2164//2164 2167//2167 
f 2112//2112 2166//2166 2168//2168 
f 2168//2168 2113//2113 2112//2112 
f 2167//2167 2168//2168 2166//2166 
f 2165//2165 2167//2167 2164//2164 
f 2163//2163 2165//2165 2162//2162 
f 2161//2161 2163//2163 2160//2160 
f 2159//2159 2161//2161 2158//2158 
f 2157//2157 2159//2159 2156//2156 
f 2155//2155 2157//2157 2154//2154 
f 2153//2153 2155//2155 2152//2152 
f 2151//2151 2153//2153 2150//2150 
f 2149//2149 2151//2151 2148//2148 
f 2147//2147 2149//2149 2146//2146 
f 2145//2145 2147//2147 2144//2144 
f 2143//2143 2145//2145 2142//2142 
f 2141//2141 2143//2143 2140//2140 
f 2139//2139 2141//2141 2138//2138 
f 2137//2137 2139//2139 2136//2136 
f 2135//2135 2137//2137 2134//2134 
f 2133//2133 2135//2135 2132//2132 
f 2131//2131 2133//2133 2130//2130 
f 2129//2129 2131//2131 2128//2128 
f 2127//2127 2129//2129 2126//2126 
f 2125//2125 2127//2127 2124//2124 
f 2123//2123 2125//2125 2122//2122 
f 2121//2121 2123//2123 2120//2120 
f 2119//2119 2121//2121 2118//2118 
f 2117//2117 2119//2119 2116//2116 
f 2115//2115 2117//2117 2114//2114 
f 2113//2113 2115//2115 2111//2111 
o mesh3789
v 0.32528 0.134336 -0.0200431 
v 0.32528 0.134658 -0.0200782 
v 0.3177 0.134658 -0.0200782 
v 0.32528 0.134028 -0.0199395 
v 0.3177 0.134336 -0.0200431 
v 0.32528 0.13375 -0.0197723 
v 0.3177 0.134028 -0.0199395 
v 0.32528 0.133515 -0.0195492 
v 0.3177 0.13375 -0.0197723 
v 0.32528 0.133333 -0.0192808 
v 0.3177 0.133515 -0.0195492 
v 0.3177 0.133333 -0.0192808 
v 0.3177 0.133213 -0.0189794 
v 0.32528 0.133267 -0.0191162 
v 0.32528 0.133213 -0.0189794 
v 0.32528 0.13316 -0.0186594 
v 0.32528 0.133178 -0.0183355 
v 0.3177 0.13316 -0.0186594 
v 0.32528 0.133265 -0.0180229 
v 0.3177 0.133178 -0.0183355 
v 0.32528 0.133417 -0.0177364 
v 0.3177 0.133265 -0.0180229 
v 0.32528 0.133627 -0.0174892 
v 0.3177 0.133417 -0.0177364 
v 0.32528 0.133885 -0.0172929 
v 0.3177 0.133627 -0.0174892 
v 0.32528 0.134179 -0.0171567 
v 0.3177 0.133885 -0.0172929 
v 0.32528 0.134496 -0.0170869 
v 0.3177 0.134179 -0.0171567 
v 0.32528 0.13482 -0.0170869 
v 0.3177 0.134496 -0.0170869 
v 0.32528 0.135137 -0.0171567 
v 0.3177 0.13482 -0.0170869 
v 0.32528 0.135431 -0.0172929 
v 0.3177 0.135137 -0.0171567 
v 0.32528 0.13569 -0.0174892 
v 0.3177 0.135431 -0.0172929 
v 0.32528 0.1359 -0.0177364 
v 0.3177 0.13569 -0.0174892 
v 0.32528 0.136052 -0.0180229 
v 0.3177 0.1359 -0.0177364 
v 0.32528 0.136138 -0.0183355 
v 0.3177 0.136052 -0.0180229 
v 0.32528 0.136156 -0.0186594 
v 0.3177 0.136138 -0.0183355 
v 0.32528 0.136103 -0.0189794 
v 0.3177 0.136156 -0.0186594 
v 0.3177 0.135983 -0.0192808 
v 0.32528 0.135983 -0.0192808 
v 0.32528 0.136049 -0.0191162 
v 0.3177 0.136103 -0.0189794 
v 0.32528 0.135801 -0.0195492 
v 0.32528 0.135566 -0.0197723 
v 0.3177 0.135801 -0.0195492 
v 0.32528 0.135288 -0.0199395 
v 0.3177 0.135566 -0.0197723 
v 0.32528 0.134981 -0.0200431 
v 0.3177 0.135288 -0.0199395 
v 0.3177 0.134981 -0.0200431 
vn 0 0.21497 0.976621 
vn 0 2.44929e-16 1 
vn 0 2.44929e-16 1 
vn 0 0.419889 0.907575 
vn 0 0.21497 0.976621 
vn 0 0.605174 0.796093 
vn 0 0.419889 0.907575 
vn 0 0.762162 0.647386 
vn 0 0.605174 0.796093 
vn 0 0.883512 0.468408 
vn 0 0.762162 0.647386 
vn 0 0.883512 0.468408 
vn 0 0.96355 0.267528 
vn 0 0.932656 0.360767 
vn 0 0.96355 0.267528 
vn 0 0.998533 0.0541389 
vn 0 0.986827 -0.161782 
vn 0 0.998533 0.0541389 
vn 0 0.928977 -0.370138 
vn 0 0.986827 -0.161782 
vn 0 0.827689 -0.561187 
vn 0 0.928977 -0.370138 
vn 0 0.687699 -0.725995 
vn 0 0.827689 -0.561187 
vn 0 0.515554 -0.856857 
vn 0 0.687699 -0.725995 
vn 0 0.319302 -0.947653 
vn 0 0.515554 -0.856857 
vn 0 0.108119 -0.994138 
vn 0 0.319302 -0.947653 
vn 0 -0.108119 -0.994138 
vn 0 0.108119 -0.994138 
vn 0 -0.319302 -0.947653 
vn 0 -0.108119 -0.994138 
vn 0 -0.515554 -0.856857 
vn 0 -0.319302 -0.947653 
vn 0 -0.687699 -0.725995 
vn 0 -0.515554 -0.856857 
vn 0 -0.827689 -0.561187 
vn 0 -0.687699 -0.725995 
vn 0 -0.928977 -0.370138 
vn 0 -0.827689 -0.561187 
vn 0 -0.986827 -0.161782 
vn 0 -0.928977 -0.370138 
vn 0 -0.998533 0.0541389 
vn 0 -0.986827 -0.161782 
vn 0 -0.96355 0.267528 
vn 0 -0.998533 0.0541389 
vn 0 -0.883512 0.468408 
vn 0 -0.883512 0.468408 
vn 0 -0.932656 0.360767 
vn 0 -0.96355 0.267528 
vn 0 -0.762162 0.647386 
vn 0 -0.605174 0.796093 
vn 0 -0.762162 0.647386 
vn 0 -0.419889 0.907575 
vn 0 -0.605174 0.796093 
vn 0 -0.21497 0.976621 
vn 0 -0.419889 0.907575 
vn 0 -0.21497 0.976621 
f 2169//2169 2170//2170 2171//2171 
f 2172//2172 2169//2169 2173//2173 
f 2174//2174 2172//2172 2175//2175 
f 2176//2176 2174//2174 2177//2177 
f 2178//2178 2176//2176 2179//2179 
f 2180//2180 2181//2181 2182//2182 
f 2181//2181 2183//2183 2182//2182 
f 2184//2184 2183//2183 2181//2181 
f 2185//2185 2184//2184 2186//2186 
f 2187//2187 2185//2185 2188//2188 
f 2189//2189 2187//2187 2190//2190 
f 2191//2191 2189//2189 2192//2192 
f 2193//2193 2191//2191 2194//2194 
f 2195//2195 2193//2193 2196//2196 
f 2197//2197 2195//2195 2198//2198 
f 2199//2199 2197//2197 2200//2200 
f 2201//2201 2199//2199 2202//2202 
f 2203//2203 2201//2201 2204//2204 
f 2205//2205 2203//2203 2206//2206 
f 2207//2207 2205//2205 2208//2208 
f 2209//2209 2207//2207 2210//2210 
f 2211//2211 2209//2209 2212//2212 
f 2213//2213 2211//2211 2214//2214 
f 2215//2215 2213//2213 2216//2216 
f 2217//2217 2218//2218 2219//2219 
f 2219//2219 2220//2220 2217//2217 
f 2221//2221 2218//2218 2217//2217 
f 2222//2222 2221//2221 2223//2223 
f 2224//2224 2222//2222 2225//2225 
f 2226//2226 2224//2224 2227//2227 
f 2170//2170 2226//2226 2228//2228 
f 2228//2228 2171//2171 2170//2170 
f 2227//2227 2228//2228 2226//2226 
f 2225//2225 2227//2227 2224//2224 
f 2223//2223 2225//2225 2222//2222 
f 2217//2217 2223//2223 2221//2221 
f 2219//2219 2215//2215 2220//2220 
f 2216//2216 2220//2220 2215//2215 
f 2214//2214 2216//2216 2213//2213 
f 2212//2212 2214//2214 2211//2211 
f 2210//2210 2212//2212 2209//2209 
f 2208//2208 2210//2210 2207//2207 
f 2206//2206 2208//2208 2205//2205 
f 2204//2204 2206//2206 2203//2203 
f 2202//2202 2204//2204 2201//2201 
f 2200//2200 2202//2202 2199//2199 
f 2198//2198 2200//2200 2197//2197 
f 2196//2196 2198//2198 2195//2195 
f 2194//2194 2196//2196 2193//2193 
f 2192//2192 2194//2194 2191//2191 
f 2190//2190 2192//2192 2189//2189 
f 2188//2188 2190//2190 2187//2187 
f 2186//2186 2188//2188 2185//2185 
f 2181//2181 2186//2186 2184//2184 
f 2182//2182 2178//2178 2180//2180 
f 2179//2179 2180//2180 2178//2178 
f 2177//2177 2179//2179 2176//2176 
f 2175//2175 2177//2177 2174//2174 
f 2173//2173 2175//2175 2172//2172 
f 2171//2171 2173//2173 2169//2169 
o mesh3790
v 0.32528 0.153289 -0.0152533 
v 0.32528 0.153612 -0.0152883 
v 0.3177 0.153612 -0.0152883 
v 0.32528 0.152982 -0.0151497 
v 0.3177 0.153289 -0.0152533 
v 0.32528 0.152704 -0.0149825 
v 0.3177 0.152982 -0.0151497 
v 0.32528 0.152468 -0.0147594 
v 0.3177 0.152704 -0.0149825 
v 0.32528 0.152286 -0.0144909 
v 0.3177 0.152468 -0.0147594 
v 0.32528 0.152166 -0.0141896 
v 0.3177 0.152286 -0.0144909 
v 0.32528 0.152114 -0.0138695 
v 0.3177 0.152166 -0.0141896 
v 0.32528 0.152131 -0.0135457 
v 0.3177 0.152114 -0.0138695 
v 0.32528 0.152218 -0.0132331 
v 0.3177 0.152131 -0.0135457 
v 0.32528 0.15237 -0.0129466 
v 0.3177 0.152218 -0.0132331 
v 0.32528 0.15258 -0.0126993 
v 0.3177 0.15237 -0.0129466 
v 0.32528 0.152838 -0.0125031 
v 0.3177 0.15258 -0.0126993 
v 0.32528 0.153133 -0.0123669 
v 0.3177 0.152838 -0.0125031 
v 0.32528 0.153449 -0.0122971 
v 0.3177 0.153133 -0.0123669 
v 0.32528 0.153774 -0.0122971 
v 0.3177 0.153449 -0.0122971 
v 0.32528 0.154091 -0.0123669 
v 0.3177 0.153774 -0.0122971 
v 0.32528 0.154385 -0.0125031 
v 0.3177 0.154091 -0.0123669 
v 0.32528 0.154643 -0.0126993 
v 0.3177 0.154385 -0.0125031 
v 0.32528 0.154853 -0.0129466 
v 0.3177 0.154643 -0.0126993 
v 0.32528 0.155005 -0.0132331 
v 0.3177 0.154853 -0.0129466 
v 0.32528 0.155092 -0.0135457 
v 0.3177 0.155005 -0.0132331 
v 0.32528 0.155109 -0.0138695 
v 0.3177 0.155092 -0.0135457 
v 0.32528 0.155057 -0.0141896 
v 0.3177 0.155109 -0.0138695 
v 0.32528 0.154937 -0.0144909 
v 0.3177 0.155057 -0.0141896 
v 0.32528 0.154755 -0.0147594 
v 0.3177 0.154937 -0.0144909 
v 0.32528 0.154519 -0.0149825 
v 0.3177 0.154755 -0.0147594 
v 0.32528 0.154241 -0.0151497 
v 0.3177 0.154519 -0.0149825 
v 0.32528 0.153934 -0.0152533 
v 0.3177 0.154241 -0.0151497 
v 0.3177 0.153934 -0.0152533 
vn 0 0.21497 0.976621 
vn 0 2.44929e-16 1 
vn 0 2.44929e-16 1 
vn 0 0.419889 0.907575 
vn 0 0.21497 0.976621 
vn 0 0.605174 0.796093 
vn 0 0.419889 0.907575 
vn 0 0.762162 0.647386 
vn 0 0.605174 0.796093 
vn 0 0.883512 0.468408 
vn 0 0.762162 0.647386 
vn 0 0.96355 0.267528 
vn 0 0.883512 0.468408 
vn 0 0.998533 0.0541389 
vn 0 0.96355 0.267528 
vn 0 0.986827 -0.161782 
vn 0 0.998533 0.0541389 
vn 0 0.928977 -0.370138 
vn 0 0.986827 -0.161782 
vn 0 0.827689 -0.561187 
vn 0 0.928977 -0.370138 
vn 0 0.687699 -0.725995 
vn 0 0.827689 -0.561187 
vn 0 0.515554 -0.856857 
vn 0 0.687699 -0.725995 
vn 0 0.319302 -0.947653 
vn 0 0.515554 -0.856857 
vn 0 0.108119 -0.994138 
vn 0 0.319302 -0.947653 
vn 0 -0.108119 -0.994138 
vn 0 0.108119 -0.994138 
vn 0 -0.319302 -0.947653 
vn 0 -0.108119 -0.994138 
vn 0 -0.515554 -0.856857 
vn 0 -0.319302 -0.947653 
vn 0 -0.687699 -0.725995 
vn 0 -0.515554 -0.856857 
vn 0 -0.827689 -0.561187 
vn 0 -0.687699 -0.725995 
vn 0 -0.928977 -0.370138 
vn 0 -0.827689 -0.561187 
vn 0 -0.986827 -0.161782 
vn 0 -0.928977 -0.370138 
vn 0 -0.998533 0.0541389 
vn 0 -0.986827 -0.161782 
vn 0 -0.96355 0.267528 
vn 0 -0.998533 0.0541389 
vn 0 -0.883512 0.468408 
vn 0 -0.96355 0.267528 
vn 0 -0.762162 0.647386 
vn 0 -0.883512 0.468408 
vn 0 -0.605174 0.796093 
vn 0 -0.762162 0.647386 
vn 0 -0.419889 0.907575 
vn 0 -0.605174 0.796093 
vn 0 -0.21497 0.976621 
vn 0 -0.419889 0.907575 
vn 0 -0.21497 0.976621 
f 2229//2229 2230//2230 2231//2231 
f 2232//2232 2229//2229 2233//2233 
f 2234//2234 2232//2232 2235//2235 
f 2236//2236 2234//2234 2237//2237 
f 2238//2238 2236//2236 2239//2239 
f 2240//2240 2238//2238 2241//2241 
f 2242//2242 2240//2240 2243//2243 
f 2244//2244 2242//2242 2245//2245 
f 2246//2246 2244//2244 2247//2247 
f 2248//2248 2246//2246 2249//2249 
f 2250//2250 2248//2248 2251//2251 
f 2252//2252 2250//2250 2253//2253 
f 2254//2254 2252//2252 2255//2255 
f 2256//2256 2254//2254 2257//2257 
f 2258//2258 2256//2256 2259//2259 
f 2260//2260 2258//2258 2261//2261 
f 2262//2262 2260//2260 2263//2263 
f 2264//2264 2262//2262 2265//2265 
f 2266//2266 2264//2264 2267//2267 
f 2268//2268 2266//2266 2269//2269 
f 2270//2270 2268//2268 2271//2271 
f 2272//2272 2270//2270 2273//2273 
f 2274//2274 2272//2272 2275//2275 
f 2276//2276 2274//2274 2277//2277 
f 2278//2278 2276//2276 2279//2279 
f 2280//2280 2278//2278 2281//2281 
f 2282//2282 2280//2280 2283//2283 
f 2284//2284 2282//2282 2285//2285 
f 2230//2230 2284//2284 2286//2286 
f 2286//2286 2231//2231 2230//2230 
f 2285//2285 2286//2286 2284//2284 
f 2283//2283 2285//2285 2282//2282 
f 2281//2281 2283//2283 2280//2280 
f 2279//2279 2281//2281 2278//2278 
f 2277//2277 2279//2279 2276//2276 
f 2275//2275 2277//2277 2274//2274 
f 2273//2273 2275//2275 2272//2272 
f 2271//2271 2273//2273 2270//2270 
f 2269//2269 2271//2271 2268//2268 
f 2267//2267 2269//2269 2266//2266 
f 2265//2265 2267//2267 2264//2264 
f 2263//2263 2265//2265 2262//2262 
f 2261//2261 2263//2263 2260//2260 
f 2259//2259 2261//2261 2258//2258 
f 2257//2257 2259//2259 2256//2256 
f 2255//2255 2257//2257 2254//2254 
f 2253//2253 2255//2255 2252//2252 
f 2251//2251 2253//2253 2250//2250 
f 2249//2249 2251//2251 2248//2248 
f 2247//2247 2249//2249 2246//2246 
f 2245//2245 2247//2247 2244//2244 
f 2243//2243 2245//2245 2242//2242 
f 2241//2241 2243//2243 2240//2240 
f 2239//2239 2241//2241 2238//2238 
f 2237//2237 2239//2239 2236//2236 
f 2235//2235 2237//2237 2234//2234 
f 2233//2233 2235//2235 2232//2232 
f 2231//2231 2233//2233 2229//2229 
o mesh3791
v 0.32528 0.17074 -0.0108431 
v 0.32528 0.171063 -0.0108781 
v 0.3177 0.171063 -0.0108781 
v 0.32528 0.170433 -0.0107395 
v 0.3177 0.17074 -0.0108431 
v 0.32528 0.170155 -0.0105723 
v 0.3177 0.170433 -0.0107395 
v 0.32528 0.16992 -0.0103492 
v 0.3177 0.170155 -0.0105723 
v 0.32528 0.169738 -0.0100807 
v 0.3177 0.16992 -0.0103492 
v 0.32528 0.169618 -0.00977942 
v 0.3177 0.169738 -0.0100807 
v 0.32528 0.169565 -0.00945934 
v 0.3177 0.169618 -0.00977942 
v 0.32528 0.169583 -0.00913546 
v 0.3177 0.169565 -0.00945934 
v 0.32528 0.169669 -0.00882292 
v 0.3177 0.169583 -0.00913546 
v 0.32528 0.169821 -0.00853635 
v 0.3177 0.169669 -0.00882292 
v 0.32528 0.170031 -0.00828913 
v 0.3177 0.169821 -0.00853635 
v 0.32528 0.17029 -0.00809284 
v 0.3177 0.170031 -0.00828913 
v 0.32528 0.170584 -0.00795665 
v 0.3177 0.17029 -0.00809284 
v 0.32528 0.170901 -0.00788692 
v 0.3177 0.170584 -0.00795665 
v 0.32528 0.171225 -0.00788692 
v 0.3177 0.170901 -0.00788692 
v 0.32528 0.171542 -0.00795665 
v 0.3177 0.171225 -0.00788692 
v 0.32528 0.171836 -0.00809284 
v 0.3177 0.171542 -0.00795665 
v 0.32528 0.172094 -0.00828913 
v 0.3177 0.171836 -0.00809284 
v 0.32528 0.172304 -0.00853635 
v 0.3177 0.172094 -0.00828913 
v 0.32528 0.172456 -0.00882292 
v 0.3177 0.172304 -0.00853635 
v 0.32528 0.172543 -0.00913546 
v 0.3177 0.172456 -0.00882292 
v 0.32528 0.172561 -0.00945934 
v 0.3177 0.172543 -0.00913546 
v 0.32528 0.172508 -0.00977942 
v 0.3177 0.172561 -0.00945934 
v 0.32528 0.172388 -0.0100807 
v 0.3177 0.172508 -0.00977942 
v 0.32528 0.172206 -0.0103492 
v 0.3177 0.172388 -0.0100807 
v 0.32528 0.171971 -0.0105723 
v 0.3177 0.172206 -0.0103492 
v 0.32528 0.171693 -0.0107395 
v 0.3177 0.171971 -0.0105723 
v 0.32528 0.171385 -0.0108431 
v 0.3177 0.171693 -0.0107395 
v 0.3177 0.171385 -0.0108431 
vn 0 0.21497 0.976621 
vn 0 2.44929e-16 1 
vn 0 2.44929e-16 1 
vn 0 0.419889 0.907575 
vn 0 0.21497 0.976621 
vn 0 0.605174 0.796093 
vn 0 0.419889 0.907575 
vn 0 0.762162 0.647386 
vn 0 0.605174 0.796093 
vn 0 0.883512 0.468408 
vn 0 0.762162 0.647386 
vn 0 0.96355 0.267528 
vn 0 0.883512 0.468408 
vn 0 0.998533 0.0541389 
vn 0 0.96355 0.267528 
vn 0 0.986827 -0.161782 
vn 0 0.998533 0.0541389 
vn 0 0.928977 -0.370138 
vn 0 0.986827 -0.161782 
vn 0 0.827689 -0.561187 
vn 0 0.928977 -0.370138 
vn 0 0.687699 -0.725995 
vn 0 0.827689 -0.561187 
vn 0 0.515554 -0.856857 
vn 0 0.687699 -0.725995 
vn 0 0.319302 -0.947653 
vn 0 0.515554 -0.856857 
vn 0 0.108119 -0.994138 
vn 0 0.319302 -0.947653 
vn 0 -0.108119 -0.994138 
vn 0 0.108119 -0.994138 
vn 0 -0.319302 -0.947653 
vn 0 -0.108119 -0.994138 
vn 0 -0.515554 -0.856857 
vn 0 -0.319302 -0.947653 
vn 0 -0.687699 -0.725995 
vn 0 -0.515554 -0.856857 
vn 0 -0.827689 -0.561187 
vn 0 -0.687699 -0.725995 
vn 0 -0.928977 -0.370138 
vn 0 -0.827689 -0.561187 
vn 0 -0.986827 -0.161782 
vn 0 -0.928977 -0.370138 
vn 0 -0.998533 0.0541389 
vn 0 -0.986827 -0.161782 
vn 0 -0.96355 0.267528 
vn 0 -0.998533 0.0541389 
vn 0 -0.883512 0.468408 
vn 0 -0.96355 0.267528 
vn 0 -0.762162 0.647386 
vn 0 -0.883512 0.468408 
vn 0 -0.605174 0.796093 
vn 0 -0.762162 0.647386 
vn 0 -0.419889 0.907575 
vn 0 -0.605174 0.796093 
vn 0 -0.21497 0.976621 
vn 0 -0.419889 0.907575 
vn 0 -0.21497 0.976621 
f 2287//2287 2288//2288 2289//2289 
f 2290//2290 2287//2287 2291//2291 
f 2292//2292 2290//2290 2293//2293 
f 2294//2294 2292//2292 2295//2295 
f 2296//2296 2294//2294 2297//2297 
f 2298//2298 2296//2296 2299//2299 
f 2300//2300 2298//2298 2301//2301 
f 2302//2302 2300//2300 2303//2303 
f 2304//2304 2302//2302 2305//2305 
f 2306//2306 2304//2304 2307//2307 
f 2308//2308 2306//2306 2309//2309 
f 2310//2310 2308//2308 2311//2311 
f 2312//2312 2310//2310 2313//2313 
f 2314//2314 2312//2312 2315//2315 
f 2316//2316 2314//2314 2317//2317 
f 2318//2318 2316//2316 2319//2319 
f 2320//2320 2318//2318 2321//2321 
f 2322//2322 2320//2320 2323//2323 
f 2324//2324 2322//2322 2325//2325 
f 2326//2326 2324//2324 2327//2327 
f 2328//2328 2326//2326 2329//2329 
f 2330//2330 2328//2328 2331//2331 
f 2332//2332 2330//2330 2333//2333 
f 2334//2334 2332//2332 2335//2335 
f 2336//2336 2334//2334 2337//2337 
f 2338//2338 2336//2336 2339//2339 
f 2340//2340 2338//2338 2341//2341 
f 2342//2342 2340//2340 2343//2343 
f 2288//2288 2342//2342 2344//2344 
f 2344//2344 2289//2289 2288//2288 
f 2343//2343 2344//2344 2342//2342 
f 2341//2341 2343//2343 2340//2340 
f 2339//2339 2341//2341 2338//2338 
f 2337//2337 2339//2339 2336//2336 
f 2335//2335 2337//2337 2334//2334 
f 2333//2333 2335//2335 2332//2332 
f 2331//2331 2333//2333 2330//2330 
f 2329//2329 2331//2331 2328//2328 
f 2327//2327 2329//2329 2326//2326 
f 2325//2325 2327//2327 2324//2324 
f 2323//2323 2325//2325 2322//2322 
f 2321//2321 2323//2323 2320//2320 
f 2319//2319 2321//2321 2318//2318 
f 2317//2317 2319//2319 2316//2316 
f 2315//2315 2317//2317 2314//2314 
f 2313//2313 2315//2315 2312//2312 
f 2311//2311 2313//2313 2310//2310 
f 2309//2309 2311//2311 2308//2308 
f 2307//2307 2309//2309 2306//2306 
f 2305//2305 2307//2307 2304//2304 
f 2303//2303 2305//2305 2302//2302 
f 2301//2301 2303//2303 2300//2300 
f 2299//2299 2301//2301 2298//2298 
f 2297//2297 2299//2299 2296//2296 
f 2295//2295 2297//2297 2294//2294 
f 2293//2293 2295//2295 2292//2292 
f 2291//2291 2293//2293 2290//2290 
f 2289//2289 2291//2291 2287//2287 
o mesh3792
v 0.317 0.0979699 0.0257344 
v 0.317 0.0979321 0.0256324 
v 0.316904 0.0979263 0.0256311 
v 0.317 0.0979847 0.0258421 
v 0.316886 0.0979613 0.0257314 
v 0.317 0.0979759 0.0259505 
v 0.31687 0.0979739 0.0258374 
v 0.317 0.0979439 0.0260544 
v 0.316859 0.0979637 0.0259441 
v 0.317 0.0978902 0.026149 
v 0.316852 0.097931 0.0260466 
v 0.31685 0.0978774 0.0261401 
v 0.316852 0.0978054 0.0262203 
v 0.317 0.0978173 0.0262296 
v 0.316859 0.0977182 0.0262834 
v 0.317 0.0977287 0.0262927 
v 0.31687 0.0976201 0.0263264 
v 0.317 0.0976285 0.026335 
v 0.316886 0.0975154 0.0263475 
v 0.317 0.0975216 0.0263548 
v 0.316904 0.0974092 0.0263457 
v 0.316833 0.0979145 0.0256284 
v 0.316804 0.0979444 0.0257257 
v 0.316779 0.0979531 0.0258284 
v 0.316761 0.0979403 0.025932 
v 0.31675 0.0979064 0.0260318 
v 0.316746 0.0978531 0.0261232 
v 0.31675 0.0977827 0.0262023 
v 0.316761 0.0976983 0.0262655 
v 0.316779 0.0976038 0.0263098 
v 0.316804 0.0975035 0.0263334 
v 0.316833 0.0974017 0.0263352 
v 0.316805 0.0979063 0.0256265 
v 0.316717 0.0978806 0.0256205 
v 0.316674 0.0978984 0.0257103 
v 0.316639 0.097898 0.025805 
v 0.316613 0.0978792 0.0259007 
v 0.316597 0.0978429 0.0259936 
v 0.316591 0.0977906 0.0260798 
v 0.316597 0.0977244 0.0261558 
v 0.316613 0.0976469 0.0262185 
v 0.316639 0.0975614 0.0262654 
v 0.316674 0.0974713 0.0262945 
v 0.316717 0.0973803 0.0263047 
v 0.316805 0.0973965 0.0263278 
v 0.31665 0.0978525 0.0256138 
v 0.316603 0.0978626 0.0256985 
v 0.316565 0.0978564 0.0257877 
v 0.316537 0.0978342 0.0258779 
v 0.31652 0.0977967 0.0259658 
v 0.316514 0.0977453 0.0260481 
v 0.31652 0.0976821 0.0261216 
v 0.316537 0.0976093 0.0261835 
v 0.316565 0.0975298 0.0262316 
v 0.316603 0.0974465 0.026264 
v 0.31665 0.0973626 0.0262795 
v 0.316618 0.0978341 0.0256093 
v 0.316505 0.0977681 0.0255929 
v 0.316459 0.0977626 0.0256657 
v 0.316421 0.0977454 0.0257418 
v 0.316393 0.097717 0.0258188 
v 0.316376 0.0976782 0.0258945 
v 0.31637 0.0976303 0.0259665 
v 0.316376 0.0975746 0.0260328 
v 0.316393 0.0975129 0.0260912 
v 0.316421 0.0974469 0.0261401 
v 0.316459 0.0973787 0.026178 
v 0.316505 0.0973103 0.0262037 
v 0.316618 0.0973512 0.026263 
v 0.316419 0.0976998 0.0255751 
v 0.316376 0.0976867 0.0256404 
v 0.316342 0.0976646 0.0257081 
v 0.316317 0.0976341 0.0257767 
v 0.316301 0.0975959 0.0258443 
v 0.316296 0.0975509 0.0259092 
v 0.316301 0.0975003 0.0259699 
v 0.316317 0.0974454 0.0260248 
v 0.316342 0.0973875 0.0260726 
v 0.316376 0.0973281 0.026112 
v 0.316419 0.0972687 0.026142 
v 0.316445 0.0972812 0.0261605 
v 0.316308 0.0975856 0.0255436 
v 0.316273 0.0975655 0.0255983 
v 0.316245 0.0975397 0.0256546 
v 0.316225 0.0975086 0.0257113 
v 0.316213 0.0974728 0.0257675 
v 0.316209 0.0974329 0.0258221 
v 0.316213 0.0973897 0.0258742 
v 0.316225 0.097344 0.0259226 
v 0.316245 0.0972966 0.0259667 
v 0.316273 0.0972485 0.0260056 
v 0.316308 0.0972003 0.0260384 
v 0.316294 0.0975672 0.0255382 
v 0.316216 0.0974626 0.0255073 
v 0.31619 0.0974398 0.0255523 
v 0.31617 0.0974136 0.0255981 
v 0.316155 0.0973843 0.0256441 
v 0.316147 0.0973523 0.0256899 
v 0.316144 0.0973181 0.0257347 
v 0.316147 0.0972819 0.0257781 
v 0.316155 0.0972444 0.0258194 
v 0.31617 0.097206 0.0258582 
v 0.31619 0.0971671 0.0258939 
v 0.316216 0.0971284 0.0259261 
v 0.316294 0.0971895 0.0260216 
v 0.316142 0.0973332 0.0254665 
v 0.316125 0.0973109 0.0255022 
v 0.316111 0.0972868 0.0255384 
v 0.316101 0.097261 0.0255747 
v 0.316095 0.0972338 0.0256108 
v 0.316093 0.0972055 0.0256464 
v 0.316095 0.0971762 0.0256812 
v 0.316101 0.0971462 0.025715 
v 0.316111 0.0971157 0.0257475 
v 0.316125 0.0970851 0.0257783 
v 0.316142 0.0970545 0.0258072 
v 0.31617 0.0970826 0.0258526 
v 0.316078 0.0971759 0.0254128 
v 0.316056 0.0971242 0.0254246 
v 0.31605 0.0971059 0.0254481 
v 0.316046 0.0970872 0.0254716 
v 0.316043 0.097068 0.0254951 
v 0.316042 0.0970485 0.0255184 
v 0.316043 0.0970286 0.0255415 
v 0.316046 0.0970086 0.0255643 
v 0.31605 0.0969885 0.0255866 
v 0.316056 0.0969683 0.0256085 
v 0.316078 0.0969669 0.0256612 
v 0.316065 0.0969481 0.0256298 
v 0.316015 0.0969315 0.0253381 
v 0.316024 0.0969707 0.0253374 
v 0.31602 0.0969556 0.0253318 
v 0.316065 0.0971419 0.0254012 
v 0.316013 0.0969215 0.0253497 
v 0.316012 0.0969115 0.0253614 
v 0.316011 0.0969014 0.025373 
v 0.316011 0.0968913 0.0253846 
v 0.316011 0.0968811 0.0253961 
v 0.316012 0.0968709 0.0254076 
v 0.316013 0.0968607 0.0254191 
v 0.316015 0.0968504 0.0254305 
v 0.31602 0.0968478 0.025455 
v 0.316017 0.0968402 0.0254418 
v 0.316017 0.0969414 0.0253265 
v 0.316 0.0967358 0.0252435 
v 0.316 0.0967355 0.0252438 
v 0.316 0.0967352 0.0252441 
v 0.316 0.0967349 0.0252444 
v 0.316 0.0967346 0.0252447 
v 0.316 0.0967343 0.0252451 
v 0.316 0.096734 0.0252454 
v 0.316 0.0967337 0.0252457 
v 0.316 0.0967335 0.025246 
v 0.316 0.0967332 0.0252463 
v 0.316 0.0967329 0.0252466 
v 0.316 0.0967298 0.025241 
v 0.317 0.0974129 0.0263509 
vn 0 0.969933 -0.243373 
vn 0 0.894383 -0.447302 
vn -0.0962422 0.890795 -0.444096 
vn 0 0.99961 -0.027934 
vn -0.132614 0.960804 -0.243452 
vn 0 0.982011 0.188826 
vn -0.162822 0.986153 -0.0314913 
vn 0 0.917967 0.396656 
vn -0.185461 0.965663 0.181933 
vn 0 0.810509 0.585726 
vn -0.19948 0.900287 0.3869 
vn -0.204226 0.793063 0.573884 
vn -0.19948 0.648976 0.734192 
vn 0 0.664719 0.747094 
vn -0.185461 0.474724 0.860373 
vn 0 0.48749 0.873128 
vn -0.162822 0.278405 0.946562 
vn 0 0.287206 0.957869 
vn -0.132614 0.069145 0.988753 
vn 0 0.0733387 0.997307 
vn -0.0962422 -0.143329 0.984984 
vn -0.166521 0.883568 -0.437696 
vn -0.225644 0.943375 -0.243165 
vn -0.274631 0.96081 -0.0377125 
vn -0.311284 0.935091 0.169434 
vn -0.333955 0.867372 0.36897 
vn -0.341627 0.760696 0.551935 
vn -0.333955 0.619854 0.710109 
vn -0.311284 0.451172 0.836389 
vn -0.274631 0.262225 0.925103 
vn -0.225644 0.0615001 0.972267 
vn -0.166521 -0.141987 0.975761 
vn -0.194675 0.878665 -0.435946 
vn -0.283277 0.862455 -0.419434 
vn -0.368422 0.898191 -0.239829 
vn -0.43854 0.897295 -0.0504431 
vn -0.490773 0.859803 0.141001 
vn -0.52299 0.787244 0.326694 
vn -0.533877 0.682578 0.499062 
vn -0.52299 0.550073 0.651077 
vn -0.490773 0.395133 0.776538 
vn -0.43854 0.224078 0.870328 
vn -0.368422 0.0438847 0.928622 
vn -0.283277 -0.138099 0.949043 
vn -0.194636 -0.143487 0.970324 
vn -0.350295 0.844746 -0.404595 
vn -0.443129 0.865065 -0.235156 
vn -0.519239 0.852736 -0.0568428 
vn -0.575753 0.808225 0.123616 
vn -0.610538 0.733211 0.299409 
vn -0.62228 0.630525 0.463903 
vn -0.610538 0.504042 0.610889 
vn -0.575753 0.358537 0.734819 
vn -0.519239 0.199501 0.831017 
vn -0.443129 0.0329352 0.895852 
vn -0.350295 -0.134873 0.926878 
vn -0.381616 0.833817 -0.398898 
vn -0.494668 0.790326 -0.361508 
vn -0.588203 0.779375 -0.215851 
vn -0.664042 0.744977 -0.063701 
vn -0.719904 0.688166 0.0903658 
vn -0.754107 0.610653 0.241714 
vn -0.765624 0.514768 0.38579 
vn -0.754107 0.403396 0.51826 
vn -0.719904 0.279889 0.635139 
vn -0.664042 0.147961 0.732909 
vn -0.588203 0.0115821 0.80863 
vn -0.494668 -0.125145 0.860024 
vn -0.381664 -0.135874 0.91426 
vn -0.580746 0.744978 -0.32824 
vn -0.666482 0.718834 -0.197685 
vn -0.735504 0.674662 -0.0621719 
vn -0.78608 0.61357 0.0749001 
vn -0.816943 0.53709 0.210094 
vn -0.827317 0.447141 0.340018 
vn -0.816943 0.345977 0.461416 
vn -0.78608 0.236138 0.571241 
vn -0.735504 0.120376 0.666741 
vn -0.666482 0.00159486 0.745519 
vn -0.580746 -0.117226 0.805601 
vn -0.555175 -0.120739 0.822923 
vn -0.6925 0.666647 -0.275727 
vn -0.761498 0.626473 -0.166293 
vn -0.816521 0.574802 -0.0538072 
vn -0.856562 0.512584 0.0596661 
vn -0.880883 0.440959 0.172044 
vn -0.889041 0.361243 0.281266 
vn -0.880883 0.274897 0.385326 
vn -0.856562 0.183507 0.482315 
vn -0.816521 0.0887498 0.570453 
vn -0.761498 -0.00763627 0.648123 
vn -0.6925 -0.103882 0.7139 
vn -0.706546 0.654525 -0.269053 
vn -0.784082 0.579029 -0.223474 
vn -0.835229 0.533432 -0.133573 
vn -0.875705 0.48102 -0.0419647 
vn -0.904991 0.422462 0.0501797 
vn -0.922713 0.358505 0.141683 
vn -0.928646 0.289968 0.231376 
vn -0.922713 0.217726 0.318112 
vn -0.904991 0.142701 0.400784 
vn -0.875705 0.0658539 0.478335 
vn -0.835229 -0.0118351 0.549774 
vn -0.784082 -0.0893729 0.614189 
vn -0.706783 -0.102516 0.699963 
vn -0.858006 0.483539 -0.173248 
vn -0.892748 0.438912 -0.101772 
vn -0.920073 0.390638 -0.0294506 
vn -0.939755 0.33912 0.0431154 
vn -0.95163 0.284784 0.115323 
vn -0.955599 0.228082 0.186573 
vn -0.95163 0.169485 0.256273 
vn -0.939755 0.109481 0.323844 
vn -0.920073 0.0485665 0.388725 
vn -0.892748 -0.012751 0.450376 
vn -0.858006 -0.0739626 0.508286 
vn -0.831232 -0.080693 0.550038 
vn -0.923421 0.364489 -0.120174 
vn -0.951628 0.30117 -0.0608276 
vn -0.964248 0.264641 -0.0138072 
vn -0.973296 0.227132 0.0332644 
vn -0.978738 0.188782 0.0802127 
vn -0.980554 0.149732 0.126864 
vn -0.978738 0.110127 0.173045 
vn -0.973296 0.0701146 0.218585 
vn -0.964248 0.0298423 0.263316 
vn -0.951628 -0.0105406 0.307071 
vn -0.92383 -0.0554493 0.378765 
vn -0.935483 -0.0508844 0.349688 
vn -0.987373 0.156195 -0.0264175 
vn -0.977923 0.200641 -0.0583994 
vn -0.980699 0.187957 -0.053869 
vn -0.935483 0.336583 -0.107623 
vn -0.990669 0.136253 -0.00318395 
vn -0.993026 0.116181 0.0200526 
vn -0.994441 0.0959987 0.0432702 
vn -0.994912 0.0757257 0.0664467 
vn -0.994441 0.0553808 0.0895602 
vn -0.993026 0.0349834 0.112589 
vn -0.990669 0.0145529 0.135511 
vn -0.987373 -0.00589149 0.158304 
vn -0.980797 -0.0280838 0.192997 
vn -0.98314 -0.0263303 0.180947 
vn -0.98314 0.17599 -0.049626 
vn -0.999987 0.00504136 -0.0012383 
vn -0.99999 0.00446248 -0.000600759 
vn -0.999992 0.0038836 3.67873e-05 
vn -0.999994 0.00330472 0.000674333 
vn -0.999995 0.00272583 0.00131188 
vn -0.999996 0.00214694 0.00194942 
vn -0.999995 0.00156805 0.00258697 
vn -0.999994 0.000989158 0.00322451 
vn -0.999992 0.000410265 0.00386205 
vn -0.99999 -0.000168628 0.00449958 
vn -0.999987 -0.000747521 0.00513712 
vn -1 -2.77556e-14 6.93889e-15 
vn 0 -0.143997 0.989578 
f 2345//2345 2346//2346 2347//2347 
f 2348//2348 2345//2345 2349//2349 
f 2350//2350 2348//2348 2351//2351 
f 2352//2352 2350//2350 2353//2353 
f 2354//2354 2352//2352 2355//2355 
f 2354//2354 2356//2356 2357//2357 
f 2358//2358 2357//2357 2359//2359 
f 2360//2360 2359//2359 2361//2361 
f 2362//2362 2361//2361 2363//2363 
f 2364//2364 2363//2363 2365//2365 
f 2349//2349 2347//2347 2366//2366 
f 2351//2351 2349//2349 2367//2367 
f 2353//2353 2351//2351 2368//2368 
f 2355//2355 2353//2353 2369//2369 
f 2356//2356 2355//2355 2370//2370 
f 2357//2357 2356//2356 2371//2371 
f 2359//2359 2357//2357 2372//2372 
f 2361//2361 2359//2359 2373//2373 
f 2363//2363 2361//2361 2374//2374 
f 2363//2363 2375//2375 2376//2376 
f 2367//2367 2377//2377 2378//2378 
f 2367//2367 2366//2366 2377//2377 
f 2368//2368 2367//2367 2379//2379 
f 2369//2369 2368//2368 2380//2380 
f 2370//2370 2369//2369 2381//2381 
f 2371//2371 2370//2370 2382//2382 
f 2372//2372 2371//2371 2383//2383 
f 2373//2373 2372//2372 2384//2384 
f 2374//2374 2373//2373 2385//2385 
f 2375//2375 2374//2374 2386//2386 
f 2375//2375 2387//2387 2388//2388 
f 2388//2388 2389//2389 2375//2375 
f 2379//2379 2378//2378 2390//2390 
f 2380//2380 2379//2379 2391//2391 
f 2381//2381 2380//2380 2392//2392 
f 2382//2382 2381//2381 2393//2393 
f 2383//2383 2382//2382 2394//2394 
f 2384//2384 2383//2383 2395//2395 
f 2385//2385 2384//2384 2396//2396 
f 2386//2386 2385//2385 2397//2397 
f 2387//2387 2386//2386 2398//2398 
f 2387//2387 2399//2399 2400//2400 
f 2391//2391 2401//2401 2402//2402 
f 2391//2391 2390//2390 2401//2401 
f 2392//2392 2391//2391 2403//2403 
f 2393//2393 2392//2392 2404//2404 
f 2394//2394 2393//2393 2405//2405 
f 2395//2395 2394//2394 2406//2406 
f 2396//2396 2395//2395 2407//2407 
f 2397//2397 2396//2396 2408//2408 
f 2398//2398 2397//2397 2409//2409 
f 2399//2399 2398//2398 2410//2410 
f 2399//2399 2411//2411 2412//2412 
f 2412//2412 2413//2413 2399//2399 
f 2403//2403 2402//2402 2414//2414 
f 2404//2404 2403//2403 2415//2415 
f 2405//2405 2404//2404 2416//2416 
f 2406//2406 2405//2405 2417//2417 
f 2407//2407 2406//2406 2418//2418 
f 2408//2408 2407//2407 2419//2419 
f 2409//2409 2408//2408 2420//2420 
f 2410//2410 2409//2409 2421//2421 
f 2411//2411 2410//2410 2422//2422 
f 2423//2423 2424//2424 2425//2425 
f 2425//2425 2411//2411 2423//2423 
f 2415//2415 2414//2414 2426//2426 
f 2416//2416 2415//2415 2427//2427 
f 2417//2417 2416//2416 2428//2428 
f 2418//2418 2417//2417 2429//2429 
f 2419//2419 2418//2418 2430//2430 
f 2420//2420 2419//2419 2431//2431 
f 2421//2421 2420//2420 2432//2432 
f 2422//2422 2421//2421 2433//2433 
f 2423//2423 2422//2422 2434//2434 
f 2423//2423 2435//2435 2436//2436 
f 2427//2427 2437//2437 2438//2438 
f 2427//2427 2426//2426 2437//2437 
f 2428//2428 2427//2427 2439//2439 
f 2429//2429 2428//2428 2440//2440 
f 2430//2430 2429//2429 2441//2441 
f 2431//2431 2430//2430 2442//2442 
f 2432//2432 2431//2431 2443//2443 
f 2433//2433 2432//2432 2444//2444 
f 2434//2434 2433//2433 2445//2445 
f 2435//2435 2434//2434 2446//2446 
f 2435//2435 2447//2447 2448//2448 
f 2448//2448 2449//2449 2435//2435 
f 2439//2439 2438//2438 2450//2450 
f 2440//2440 2439//2439 2451//2451 
f 2441//2441 2440//2440 2452//2452 
f 2442//2442 2441//2441 2453//2453 
f 2443//2443 2442//2442 2454//2454 
f 2444//2444 2443//2443 2455//2455 
f 2445//2445 2444//2444 2456//2456 
f 2446//2446 2445//2445 2457//2457 
f 2447//2447 2446//2446 2458//2458 
f 2459//2459 2460//2460 2461//2461 
f 2461//2461 2447//2447 2459//2459 
f 2451//2451 2450//2450 2462//2462 
f 2462//2462 2463//2463 2451//2451 
f 2452//2452 2451//2451 2463//2463 
f 2453//2453 2452//2452 2464//2464 
f 2454//2454 2453//2453 2465//2465 
f 2455//2455 2454//2454 2466//2466 
f 2456//2456 2455//2455 2467//2467 
f 2457//2457 2456//2456 2468//2468 
f 2458//2458 2457//2457 2469//2469 
f 2459//2459 2458//2458 2470//2470 
f 2459//2459 2471//2471 2472//2472 
f 2471//2471 2473//2473 2472//2472 
f 2474//2474 2475//2475 2476//2476 
f 2463//2463 2477//2477 2475//2475 
f 2475//2475 2474//2474 2463//2463 
f 2464//2464 2463//2463 2474//2474 
f 2465//2465 2464//2464 2478//2478 
f 2466//2466 2465//2465 2479//2479 
f 2467//2467 2466//2466 2480//2480 
f 2468//2468 2467//2467 2481//2481 
f 2469//2469 2468//2468 2482//2482 
f 2470//2470 2469//2469 2483//2483 
f 2471//2471 2470//2470 2484//2484 
f 2471//2471 2485//2485 2486//2486 
f 2485//2485 2487//2487 2486//2486 
f 2474//2474 2488//2488 2489//2489 
f 2478//2478 2474//2474 2490//2490 
f 2479//2479 2478//2478 2491//2491 
f 2480//2480 2479//2479 2492//2492 
f 2481//2481 2480//2480 2493//2493 
f 2482//2482 2481//2481 2494//2494 
f 2483//2483 2482//2482 2495//2495 
f 2484//2484 2483//2483 2496//2496 
f 2485//2485 2484//2484 2497//2497 
f 2485//2485 2498//2498 2499//2499 
f 2499//2499 2498//2498 2500//2500 
f 2498//2498 2497//2497 2500//2500 
f 2497//2497 2496//2496 2500//2500 
f 2496//2496 2495//2495 2500//2500 
f 2495//2495 2494//2494 2500//2500 
f 2494//2494 2493//2493 2500//2500 
f 2493//2493 2492//2492 2500//2500 
f 2492//2492 2491//2491 2500//2500 
f 2491//2491 2490//2490 2500//2500 
f 2490//2490 2489//2489 2500//2500 
f 2499//2499 2487//2487 2485//2485 
f 2497//2497 2498//2498 2485//2485 
f 2496//2496 2497//2497 2484//2484 
f 2495//2495 2496//2496 2483//2483 
f 2494//2494 2495//2495 2482//2482 
f 2493//2493 2494//2494 2481//2481 
f 2492//2492 2493//2493 2480//2480 
f 2491//2491 2492//2492 2479//2479 
f 2490//2490 2491//2491 2478//2478 
f 2489//2489 2490//2490 2474//2474 
f 2486//2486 2473//2473 2471//2471 
f 2484//2484 2485//2485 2471//2471 
f 2483//2483 2484//2484 2470//2470 
f 2482//2482 2483//2483 2469//2469 
f 2481//2481 2482//2482 2468//2468 
f 2480//2480 2481//2481 2467//2467 
f 2479//2479 2480//2480 2466//2466 
f 2478//2478 2479//2479 2465//2465 
f 2474//2474 2478//2478 2464//2464 
f 2476//2476 2488//2488 2474//2474 
f 2472//2472 2460//2460 2459//2459 
f 2470//2470 2471//2471 2459//2459 
f 2469//2469 2470//2470 2458//2458 
f 2468//2468 2469//2469 2457//2457 
f 2467//2467 2468//2468 2456//2456 
f 2466//2466 2467//2467 2455//2455 
f 2465//2465 2466//2466 2454//2454 
f 2464//2464 2465//2465 2453//2453 
f 2463//2463 2464//2464 2452//2452 
f 2462//2462 2477//2477 2463//2463 
f 2461//2461 2448//2448 2447//2447 
f 2458//2458 2459//2459 2447//2447 
f 2457//2457 2458//2458 2446//2446 
f 2456//2456 2457//2457 2445//2445 
f 2455//2455 2456//2456 2444//2444 
f 2454//2454 2455//2455 2443//2443 
f 2453//2453 2454//2454 2442//2442 
f 2452//2452 2453//2453 2441//2441 
f 2451//2451 2452//2452 2440//2440 
f 2450//2450 2451//2451 2439//2439 
f 2449//2449 2436//2436 2435//2435 
f 2446//2446 2447//2447 2435//2435 
f 2445//2445 2446//2446 2434//2434 
f 2444//2444 2445//2445 2433//2433 
f 2443//2443 2444//2444 2432//2432 
f 2442//2442 2443//2443 2431//2431 
f 2441//2441 2442//2442 2430//2430 
f 2440//2440 2441//2441 2429//2429 
f 2439//2439 2440//2440 2428//2428 
f 2438//2438 2439//2439 2427//2427 
f 2436//2436 2424//2424 2423//2423 
f 2434//2434 2435//2435 2423//2423 
f 2433//2433 2434//2434 2422//2422 
f 2432//2432 2433//2433 2421//2421 
f 2431//2431 2432//2432 2420//2420 
f 2430//2430 2431//2431 2419//2419 
f 2429//2429 2430//2430 2418//2418 
f 2428//2428 2429//2429 2417//2417 
f 2427//2427 2428//2428 2416//2416 
f 2426//2426 2427//2427 2415//2415 
f 2425//2425 2412//2412 2411//2411 
f 2422//2422 2423//2423 2411//2411 
f 2421//2421 2422//2422 2410//2410 
f 2420//2420 2421//2421 2409//2409 
f 2419//2419 2420//2420 2408//2408 
f 2418//2418 2419//2419 2407//2407 
f 2417//2417 2418//2418 2406//2406 
f 2416//2416 2417//2417 2405//2405 
f 2415//2415 2416//2416 2404//2404 
f 2414//2414 2415//2415 2403//2403 
f 2413//2413 2400//2400 2399//2399 
f 2410//2410 2411//2411 2399//2399 
f 2409//2409 2410//2410 2398//2398 
f 2408//2408 2409//2409 2397//2397 
f 2407//2407 2408//2408 2396//2396 
f 2406//2406 2407//2407 2395//2395 
f 2405//2405 2406//2406 2394//2394 
f 2404//2404 2405//2405 2393//2393 
f 2403//2403 2404//2404 2392//2392 
f 2402//2402 2403//2403 2391//2391 
f 2400//2400 2388//2388 2387//2387 
f 2398//2398 2399//2399 2387//2387 
f 2397//2397 2398//2398 2386//2386 
f 2396//2396 2397//2397 2385//2385 
f 2395//2395 2396//2396 2384//2384 
f 2394//2394 2395//2395 2383//2383 
f 2393//2393 2394//2394 2382//2382 
f 2392//2392 2393//2393 2381//2381 
f 2391//2391 2392//2392 2380//2380 
f 2390//2390 2391//2391 2379//2379 
f 2389//2389 2376//2376 2375//2375 
f 2386//2386 2387//2387 2375//2375 
f 2385//2385 2386//2386 2374//2374 
f 2384//2384 2385//2385 2373//2373 
f 2383//2383 2384//2384 2372//2372 
f 2382//2382 2383//2383 2371//2371 
f 2381//2381 2382//2382 2370//2370 
f 2380//2380 2381//2381 2369//2369 
f 2379//2379 2380//2380 2368//2368 
f 2378//2378 2379//2379 2367//2367 
f 2376//2376 2365//2365 2363//2363 
f 2374//2374 2375//2375 2363//2363 
f 2373//2373 2374//2374 2361//2361 
f 2372//2372 2373//2373 2359//2359 
f 2371//2371 2372//2372 2357//2357 
f 2370//2370 2371//2371 2356//2356 
f 2369//2369 2370//2370 2355//2355 
f 2368//2368 2369//2369 2353//2353 
f 2367//2367 2368//2368 2351//2351 
f 2366//2366 2367//2367 2349//2349 
f 2365//2365 2501//2501 2364//2364 
f 2363//2363 2364//2364 2362//2362 
f 2361//2361 2362//2362 2360//2360 
f 2359//2359 2360//2360 2358//2358 
f 2357//2357 2358//2358 2354//2354 
f 2355//2355 2356//2356 2354//2354 
f 2353//2353 2355//2355 2352//2352 
f 2351//2351 2353//2353 2350//2350 
f 2349//2349 2351//2351 2348//2348 
f 2347//2347 2349//2349 2345//2345 
o mesh3793
v 0.3177 0.0979321 0.0256324 
v 0.317 0.0979321 0.0256324 
v 0.317 0.0979699 0.0257344 
v 0.3177 0.0979699 0.0257344 
v 0.317 0.0979847 0.0258421 
v 0.3177 0.0979847 0.0258421 
v 0.317 0.0979759 0.0259505 
v 0.3177 0.0979759 0.0259505 
v 0.317 0.0979439 0.0260544 
v 0.3177 0.0979439 0.0260544 
v 0.317 0.0978902 0.026149 
v 0.3177 0.0978902 0.026149 
v 0.317 0.0978173 0.0262296 
v 0.3177 0.0978173 0.0262296 
v 0.317 0.0977287 0.0262927 
v 0.3177 0.0977287 0.0262927 
v 0.317 0.0976285 0.026335 
v 0.3177 0.0976285 0.026335 
v 0.317 0.0975216 0.0263548 
v 0.3177 0.0975216 0.0263548 
v 0.317 0.0974129 0.0263509 
v 0.3177 0.0974129 0.0263509 
vn 0 0.894383 -0.447302 
vn 0 0.894383 -0.447302 
vn 0 0.969933 -0.243373 
vn 0 0.969933 -0.243373 
vn 0 0.99961 -0.027934 
vn 0 0.99961 -0.027934 
vn 0 0.982011 0.188826 
vn 0 0.982011 0.188826 
vn 0 0.917967 0.396656 
vn 0 0.917967 0.396656 
vn 0 0.810509 0.585726 
vn 0 0.810509 0.585726 
vn 0 0.664719 0.747094 
vn 0 0.664719 0.747094 
vn 0 0.48749 0.873128 
vn 0 0.48749 0.873128 
vn 0 0.287206 0.957869 
vn 0 0.287206 0.957869 
vn 0 0.0733387 0.997307 
vn 0 0.0733387 0.997307 
vn 0 -0.143997 0.989578 
vn 0 -0.143997 0.989578 
f 2502//2502 2503//2503 2504//2504 
f 2505//2505 2504//2504 2506//2506 
f 2507//2507 2506//2506 2508//2508 
f 2509//2509 2508//2508 2510//2510 
f 2511//2511 2510//2510 2512//2512 
f 2513//2513 2512//2512 2514//2514 
f 2515//2515 2514//2514 2516//2516 
f 2517//2517 2516//2516 2518//2518 
f 2519//2519 2518//2518 2520//2520 
f 2521//2521 2520//2520 2522//2522 
f 2522//2522 2523//2523 2521//2521 
f 2520//2520 2521//2521 2519//2519 
f 2518//2518 2519//2519 2517//2517 
f 2516//2516 2517//2517 2515//2515 
f 2514//2514 2515//2515 2513//2513 
f 2512//2512 2513//2513 2511//2511 
f 2510//2510 2511//2511 2509//2509 
f 2508//2508 2509//2509 2507//2507 
f 2506//2506 2507//2507 2505//2505 
f 2504//2504 2505//2505 2502//2502 
o mesh3794
v 0.3177 0.0986211 0.0220493 
v 0.3177 0.0981837 0.0225334 
v 0.3177 0.099472 0.0233195 
v 0.3177 0.0978614 0.0231006 
v 0.3177 0.09929 0.0235879 
v 0.3177 0.102061 0.0238893 
v 0.3177 0.103466 0.0252255 
v 0.3177 0.103601 0.0245872 
v 0.3177 0.10226 0.0217817 
v 0.3177 0.101679 0.0214854 
v 0.3177 0.101245 0.0229292 
v 0.3177 0.101047 0.0213218 
v 0.3177 0.100938 0.0228256 
v 0.3177 0.100395 0.0212986 
v 0.3177 0.0997536 0.0214169 
v 0.3177 0.100293 0.0228256 
v 0.3177 0.0991528 0.0216712 
v 0.3177 0.0999854 0.0229292 
v 0.3177 0.0997075 0.0230964 
v 0.3177 0.103594 0.0239348 
v 0.3177 0.102805 0.0263415 
v 0.3177 0.103196 0.0258197 
v 0.3177 0.100615 0.0227905 
v 0.3177 0.103165 0.0227105 
v 0.3177 0.102764 0.0221966 
v 0.3177 0.101759 0.0233195 
v 0.3177 0.101523 0.0230964 
v 0.3177 0.102739 0.0264284 
v 0.3177 0.103447 0.0232992 
v 0.3177 0.101941 0.0235879 
v 0.3177 0.101647 0.0253795 
v 0.3177 0.102695 0.0265275 
v 0.3177 0.102096 0.0245332 
v 0.3177 0.102009 0.0248458 
v 0.3177 0.0979439 0.0260544 
v 0.3177 0.103098 0.0271781 
v 0.3177 0.102992 0.0271508 
v 0.3177 0.0976692 0.0237241 
v 0.3177 0.0991699 0.0238893 
v 0.3177 0.0976164 0.0243743 
v 0.3177 0.0991175 0.0242093 
v 0.3177 0.0977055 0.0250207 
v 0.3177 0.0979321 0.0256324 
v 0.3177 0.0992218 0.0248458 
v 0.3177 0.0993737 0.0251323 
v 0.3177 0.101389 0.0255758 
v 0.3177 0.101094 0.025712 
v 0.3177 0.101857 0.0251323 
v 0.3177 0.102113 0.0242093 
v 0.3177 0.100777 0.0257818 
v 0.3177 0.102745 0.0269466 
v 0.3177 0.102698 0.0268485 
v 0.3177 0.0978173 0.0262296 
v 0.3177 0.0977287 0.0262927 
v 0.3177 0.0979759 0.0259505 
v 0.3177 0.099135 0.0245332 
v 0.3177 0.0979699 0.0257344 
v 0.3177 0.102812 0.0270323 
v 0.3177 0.0978902 0.026149 
v 0.3177 0.102895 0.0271014 
v 0.3177 0.100453 0.0257818 
v 0.3177 0.0998419 0.0255758 
v 0.3177 0.0995837 0.0253795 
v 0.3177 0.100136 0.025712 
v 0.3177 0.0976285 0.026335 
v 0.3177 0.0975216 0.0263548 
v 0.3177 0.102672 0.0266339 
v 0.3177 0.102673 0.0267426 
v 0.3177 0.0979847 0.0258421 
v 0.3177 0.0974129 0.0263509 
vn -1 0 0 
vn -1 0 0 
vn -1 0 0 
vn -1 0 0 
vn -1 0 0 
vn -1 0 0 
vn -1 0 0 
vn -1 0 0 
vn -1 0 0 
vn -1 0 0 
vn -1 0 0 
vn -1 0 0 
vn -1 0 0 
vn -1 0 0 
vn -1 0 0 
vn -1 0 0 
vn -1 0 0 
vn -1 0 0 
vn -1 0 0 
vn -1 0 0 
vn -1 0 0 
vn -1 0 0 
vn -1 0 0 
vn -1 0 0 
vn -1 0 0 
vn -1 0 0 
vn -1 0 0 
vn -1 0 0 
vn -1 0 0 
vn -1 0 0 
vn -1 0 0 
vn -1 0 0 
vn -1 0 0 
vn -1 0 0 
vn -1 0 0 
vn -1 0 0 
vn -1 0 0 
vn -1 0 0 
vn -1 0 0 
vn -1 0 0 
vn -1 0 0 
vn -1 0 0 
vn -1 0 0 
vn -1 0 0 
vn -1 0 0 
vn -1 0 0 
vn -1 0 0 
vn -1 0 0 
vn -1 0 0 
vn -1 0 0 
vn -1 0 0 
vn -1 0 0 
vn -1 0 0 
vn -1 0 0 
vn -1 0 0 
vn -1 0 0 
vn -1 0 0 
vn -1 0 0 
vn -1 0 0 
vn -1 0 0 
vn -1 0 0 
vn -1 0 0 
vn -1 0 0 
vn -1 0 0 
vn -1 0 0 
vn -1 0 0 
vn -1 0 0 
vn -1 0 0 
vn -1 0 0 
vn -1 0 0 
f 2524//2524 2525//2525 2526//2526 
f 2525//2525 2527//2527 2528//2528 
f 2529//2529 2530//2530 2531//2531 
f 2532//2532 2533//2533 2534//2534 
f 2533//2533 2535//2535 2536//2536 
f 2537//2537 2538//2538 2539//2539 
f 2538//2538 2540//2540 2541//2541 
f 2540//2540 2524//2524 2542//2542 
f 2528//2528 2526//2526 2525//2525 
f 2531//2531 2543//2543 2529//2529 
f 2529//2529 2544//2544 2545//2545 
f 2536//2536 2534//2534 2533//2533 
f 2535//2535 2537//2537 2546//2546 
f 2541//2541 2539//2539 2538//2538 
f 2526//2526 2542//2542 2524//2524 
f 2545//2545 2530//2530 2529//2529 
f 2547//2547 2548//2548 2549//2549 
f 2548//2548 2532//2532 2550//2550 
f 2546//2546 2536//2536 2535//2535 
f 2542//2542 2541//2541 2540//2540 
f 2529//2529 2551//2551 2544//2544 
f 2552//2552 2547//2547 2553//2553 
f 2550//2550 2549//2549 2548//2548 
f 2539//2539 2546//2546 2537//2537 
f 2554//2554 2555//2555 2551//2551 
f 2551//2551 2556//2556 2557//2557 
f 2558//2558 2559//2559 2560//2560 
f 2553//2553 2529//2529 2552//2552 
f 2534//2534 2550//2550 2532//2532 
f 2527//2527 2561//2561 2562//2562 
f 2561//2561 2563//2563 2564//2564 
f 2565//2565 2566//2566 2567//2567 
f 2568//2568 2567//2567 2566//2566 
f 2555//2555 2569//2569 2570//2570 
f 2551//2551 2571//2571 2554//2554 
f 2551//2551 2572//2572 2556//2556 
f 2573//2573 2574//2574 2575//2575 
f 2559//2559 2576//2576 2577//2577 
f 2560//2560 2578//2578 2558//2558 
f 2549//2549 2553//2553 2547//2547 
f 2564//2564 2562//2562 2561//2561 
f 2563//2563 2565//2565 2579//2579 
f 2566//2566 2580//2580 2568//2568 
f 2554//2554 2569//2569 2555//2555 
f 2551//2551 2529//2529 2572//2572 
f 2573//2573 2581//2581 2574//2574 
f 2559//2559 2582//2582 2576//2576 
f 2558//2558 2582//2582 2559//2559 
f 2578//2578 2583//2583 2584//2584 
f 2562//2562 2528//2528 2527//2527 
f 2567//2567 2579//2579 2565//2565 
f 2580//2580 2585//2585 2586//2586 
f 2580//2580 2584//2584 2587//2587 
f 2557//2557 2571//2571 2551//2551 
f 2573//2573 2583//2583 2581//2581 
f 2559//2559 2588//2588 2589//2589 
f 2560//2560 2583//2583 2578//2578 
f 2583//2583 2573//2573 2584//2584 
f 2579//2579 2564//2564 2563//2563 
f 2587//2587 2585//2585 2580//2580 
f 2573//2573 2590//2590 2555//2555 
f 2575//2575 2591//2591 2573//2573 
f 2577//2577 2588//2588 2559//2559 
f 2584//2584 2580//2580 2592//2592 
f 2586//2586 2568//2568 2580//2580 
f 2591//2591 2590//2590 2573//2573 
f 2584//2584 2592//2592 2578//2578 
f 2570//2570 2573//2573 2555//2555 
f 2543//2543 2552//2552 2529//2529 
f 2589//2589 2593//2593 2559//2559 
o mesh3795
v 0.3177 0.102805 0.0263415 
v 0.317 0.102805 0.0263415 
v 0.317 0.103143 0.0259066 
v 0.3177 0.103196 0.0258197 
v 0.317 0.103188 0.0258156 
v 0.317 0.103424 0.0253442 
v 0.3177 0.103466 0.0252255 
v 0.317 0.103456 0.0252229 
v 0.317 0.103582 0.0247354 
v 0.3177 0.103601 0.0245872 
v 0.317 0.103589 0.0245866 
v 0.317 0.10361 0.0241071 
v 0.3177 0.103594 0.0239348 
v 0.317 0.103581 0.0239369 
v 0.317 0.103506 0.0234869 
v 0.3177 0.103447 0.0232992 
v 0.317 0.103434 0.0233044 
v 0.317 0.103275 0.022902 
v 0.3177 0.103165 0.0227105 
v 0.317 0.103153 0.0227188 
v 0.317 0.102927 0.0223781 
v 0.3177 0.102764 0.0221966 
v 0.317 0.102753 0.0222078 
v 0.317 0.102477 0.0219382 
v 0.3177 0.10226 0.0217817 
v 0.317 0.102251 0.0217953 
v 0.317 0.101946 0.0216018 
v 0.3177 0.101679 0.0214854 
v 0.317 0.101673 0.0215008 
v 0.317 0.101356 0.0213834 
v 0.3177 0.101047 0.0213218 
v 0.3177 0.100395 0.0212986 
v 0.317 0.100734 0.0212929 
v 0.317 0.101045 0.0213382 
v 0.3177 0.0997536 0.0214169 
v 0.317 0.100106 0.0213341 
v 0.317 0.100396 0.021315 
v 0.3177 0.0991528 0.0216712 
v 0.317 0.099501 0.0215052 
v 0.317 0.099758 0.0214325 
v 0.3177 0.0986211 0.0220493 
v 0.317 0.0989448 0.0217987 
v 0.317 0.0991601 0.021685 
v 0.3177 0.0981837 0.0225334 
v 0.317 0.098462 0.0222017 
v 0.317 0.0986307 0.0220608 
v 0.3177 0.0978614 0.0231006 
v 0.317 0.0980738 0.0226965 
v 0.317 0.0981949 0.0225421 
v 0.3177 0.0976692 0.0237241 
v 0.317 0.0977973 0.0232614 
v 0.317 0.0978732 0.0231064 
v 0.3177 0.0976164 0.0243743 
v 0.317 0.0976447 0.0238714 
v 0.317 0.0976808 0.023727 
v 0.3177 0.0977055 0.0250207 
v 0.317 0.0976226 0.0244999 
v 0.317 0.097627 0.0243747 
v 0.3177 0.0979321 0.0256324 
v 0.317 0.097732 0.0251193 
v 0.317 0.0977143 0.0250191 
v 0.317 0.0979321 0.0256324 
vn 0 -0.729815 -0.683645 
vn 0 -0.729815 -0.683645 
vn 0 -0.842507 -0.538685 
vn 0 -0.86035 -0.509704 
vn 0 -0.860241 -0.509887 
vn 0 -0.936299 -0.351205 
vn 0 -0.950195 -0.311657 
vn 0 -0.950125 -0.311869 
vn 0 -0.988944 -0.14829 
vn 0 -0.9951 -0.0988708 
vn 0 -0.995078 -0.0990904 
vn 0 -0.998129 0.0611408 
vn 0 -0.992943 0.118592 
vn 0 -0.992968 0.118385 
vn 0 -0.963451 0.267885 
vn 0 -0.943825 0.330446 
vn 0 -0.943887 0.330269 
vn 0 -0.886433 0.462857 
vn 0 -0.850069 0.526671 
vn 0 -0.850153 0.526536 
vn 0 -0.77046 0.637488 
vn 0 -0.716109 0.697988 
vn 0 -0.716196 0.697899 
vn 0 -0.620629 0.784104 
vn 0 -0.548281 0.836294 
vn 0 -0.548353 0.836247 
vn 0 -0.443524 0.896262 
vn 0 -0.354523 0.935047 
vn 0 -0.354563 0.935032 
vn 0 -0.246928 0.969034 
vn 0 -0.143997 0.989578 
vn 0 0.0733387 0.997307 
vn 0 -0.0394802 0.99922 
vn 0 -0.143997 0.989578 
vn 0 0.287206 0.957869 
vn 0 0.169702 0.985495 
vn 0 0.0733821 0.997304 
vn 0 0.48749 0.873128 
vn 0 0.371427 0.928462 
vn 0 0.287288 0.957844 
vn 0 0.664719 0.747094 
vn 0 0.55683 0.830627 
vn 0 0.487599 0.873068 
vn 0 0.810509 0.585726 
vn 0 0.717761 0.696289 
vn 0 0.664837 0.746988 
vn 0 0.917967 0.396656 
vn 0 0.847151 0.531352 
vn 0 0.810619 0.585574 
vn 0 0.982011 0.188826 
vn 0 0.939312 0.343065 
vn 0 0.91805 0.396464 
vn 0 0.99961 -0.027934 
vn 0 0.990194 0.139701 
vn 0 0.982052 0.188609 
vn 0 0.969933 -0.243373 
vn 0 0.997561 -0.0698015 
vn 0 0.999604 -0.0281566 
vn 0 0.894383 -0.447302 
vn 0 0.96109 -0.276237 
vn 0 0.969881 -0.243579 
vn 0 0.894383 -0.447302 
f 2594//2594 2595//2595 2596//2596 
f 2596//2596 2597//2597 2594//2594 
f 2597//2597 2598//2598 2599//2599 
f 2599//2599 2600//2600 2597//2597 
f 2600//2600 2601//2601 2602//2602 
f 2602//2602 2603//2603 2600//2600 
f 2603//2603 2604//2604 2605//2605 
f 2605//2605 2606//2606 2603//2603 
f 2606//2606 2607//2607 2608//2608 
f 2608//2608 2609//2609 2606//2606 
f 2609//2609 2610//2610 2611//2611 
f 2611//2611 2612//2612 2609//2609 
f 2612//2612 2613//2613 2614//2614 
f 2614//2614 2615//2615 2612//2612 
f 2615//2615 2616//2616 2617//2617 
f 2617//2617 2618//2618 2615//2615 
f 2618//2618 2619//2619 2620//2620 
f 2620//2620 2621//2621 2618//2618 
f 2621//2621 2622//2622 2623//2623 
f 2623//2623 2624//2624 2621//2621 
f 2625//2625 2624//2624 2626//2626 
f 2624//2624 2627//2627 2626//2626 
f 2628//2628 2625//2625 2629//2629 
f 2625//2625 2630//2630 2629//2629 
f 2631//2631 2628//2628 2632//2632 
f 2628//2628 2633//2633 2632//2632 
f 2634//2634 2631//2631 2635//2635 
f 2631//2631 2636//2636 2635//2635 
f 2637//2637 2634//2634 2638//2638 
f 2634//2634 2639//2639 2638//2638 
f 2640//2640 2637//2637 2641//2641 
f 2637//2637 2642//2642 2641//2641 
f 2643//2643 2640//2640 2644//2644 
f 2640//2640 2645//2645 2644//2644 
f 2646//2646 2643//2643 2647//2647 
f 2643//2643 2648//2648 2647//2647 
f 2649//2649 2646//2646 2650//2650 
f 2646//2646 2651//2651 2650//2650 
f 2652//2652 2649//2649 2653//2653 
f 2649//2649 2654//2654 2653//2653 
f 2653//2653 2655//2655 2652//2652 
f 2650//2650 2654//2654 2649//2649 
f 2647//2647 2651//2651 2646//2646 
f 2644//2644 2648//2648 2643//2643 
f 2641//2641 2645//2645 2640//2640 
f 2638//2638 2642//2642 2637//2637 
f 2635//2635 2639//2639 2634//2634 
f 2632//2632 2636//2636 2631//2631 
f 2629//2629 2633//2633 2628//2628 
f 2626//2626 2630//2630 2625//2625 
f 2623//2623 2627//2627 2624//2624 
f 2620//2620 2622//2622 2621//2621 
f 2617//2617 2619//2619 2618//2618 
f 2614//2614 2616//2616 2615//2615 
f 2611//2611 2613//2613 2612//2612 
f 2608//2608 2610//2610 2609//2609 
f 2605//2605 2607//2607 2606//2606 
f 2602//2602 2604//2604 2603//2603 
f 2599//2599 2601//2601 2600//2600 
f 2596//2596 2598//2598 2597//2597 
o mesh3796
v 0.3177 0.103098 0.0271781 
v 0.317 0.103098 0.0271781 
v 0.317 0.102992 0.0271508 
v 0.3177 0.102992 0.0271508 
v 0.317 0.102895 0.0271014 
v 0.3177 0.102895 0.0271014 
v 0.317 0.102812 0.0270323 
v 0.3177 0.102812 0.0270323 
v 0.317 0.102745 0.0269466 
v 0.3177 0.102745 0.0269466 
v 0.317 0.102698 0.0268485 
v 0.3177 0.102698 0.0268485 
v 0.317 0.102673 0.0267426 
v 0.3177 0.102673 0.0267426 
v 0.317 0.102672 0.0266339 
v 0.3177 0.102672 0.0266339 
v 0.317 0.102695 0.0265275 
v 0.3177 0.102695 0.0265275 
v 0.317 0.102739 0.0264284 
v 0.3177 0.102739 0.0264284 
v 0.317 0.102805 0.0263415 
v 0.3177 0.102805 0.0263415 
vn 0 -0.143997 0.989578 
vn 0 -0.143997 0.989578 
vn 0 -0.354523 0.935047 
vn 0 -0.354523 0.935047 
vn 0 -0.548281 0.836294 
vn 0 -0.548281 0.836294 
vn 0 -0.716109 0.697988 
vn 0 -0.716109 0.697988 
vn 0 -0.850069 0.526671 
vn 0 -0.850069 0.526671 
vn 0 -0.943825 0.330446 
vn 0 -0.943825 0.330446 
vn 0 -0.992943 0.118592 
vn 0 -0.992943 0.118592 
vn 0 -0.9951 -0.0988708 
vn 0 -0.9951 -0.0988708 
vn 0 -0.950195 -0.311657 
vn 0 -0.950195 -0.311657 
vn 0 -0.86035 -0.509704 
vn 0 -0.86035 -0.509704 
vn 0 -0.729815 -0.683645 
vn 0 -0.729815 -0.683645 
f 2656//2656 2657//2657 2658//2658 
f 2659//2659 2658//2658 2660//2660 
f 2661//2661 2660//2660 2662//2662 
f 2663//2663 2662//2662 2664//2664 
f 2665//2665 2664//2664 2666//2666 
f 2667//2667 2666//2666 2668//2668 
f 2669//2669 2668//2668 2670//2670 
f 2671//2671 2670//2670 2672//2672 
f 2673//2673 2672//2672 2674//2674 
f 2675//2675 2674//2674 2676//2676 
f 2676//2676 2677//2677 2675//2675 
f 2674//2674 2675//2675 2673//2673 
f 2672//2672 2673//2673 2671//2671 
f 2670//2670 2671//2671 2669//2669 
f 2668//2668 2669//2669 2667//2667 
f 2666//2666 2667//2667 2665//2665 
f 2664//2664 2665//2665 2663//2663 
f 2662//2662 2663//2663 2661//2661 
f 2660//2660 2661//2661 2659//2659 
f 2658//2658 2659//2659 2656//2656 
o mesh3797
v 0.316805 0.0976034 0.0245013 
v 0.316805 0.0977135 0.0251246 
v 0.317 0.0977143 0.0250191 
v 0.317 0.097732 0.0251193 
v 0.316805 0.0976257 0.0238688 
v 0.317 0.097627 0.0243747 
v 0.317 0.0976226 0.0244999 
v 0.316805 0.0977793 0.0232548 
v 0.317 0.0976808 0.023727 
v 0.317 0.0976447 0.0238714 
v 0.316805 0.0980575 0.0226863 
v 0.317 0.0978732 0.0231064 
v 0.317 0.0977973 0.0232614 
v 0.316805 0.0984482 0.0221883 
v 0.317 0.0981949 0.0225421 
v 0.317 0.0980738 0.0226965 
v 0.316805 0.0989341 0.0217827 
v 0.317 0.0986307 0.0220608 
v 0.317 0.098462 0.0222017 
v 0.316805 0.0994938 0.0214873 
v 0.317 0.0991601 0.021685 
v 0.317 0.0989448 0.0217987 
v 0.316805 0.100103 0.0213151 
v 0.317 0.099758 0.0214325 
v 0.317 0.099501 0.0215052 
v 0.316805 0.100734 0.0212737 
v 0.317 0.100396 0.021315 
v 0.317 0.100106 0.0213341 
v 0.316805 0.101361 0.0213648 
v 0.317 0.101045 0.0213382 
v 0.317 0.100734 0.0212929 
v 0.317 0.101356 0.0213834 
v 0.317 0.101673 0.0215008 
v 0.316805 0.101954 0.0215845 
v 0.317 0.101946 0.0216018 
v 0.317 0.102251 0.0217953 
v 0.316805 0.102489 0.0219232 
v 0.317 0.102477 0.0219382 
v 0.317 0.102753 0.0222078 
v 0.316805 0.102941 0.0223658 
v 0.317 0.102927 0.0223781 
v 0.317 0.103153 0.0227188 
v 0.316805 0.103292 0.0228931 
v 0.317 0.103275 0.022902 
v 0.317 0.103434 0.0233044 
v 0.316805 0.103524 0.0234817 
v 0.317 0.103506 0.0234869 
v 0.317 0.103581 0.0239369 
v 0.316805 0.103629 0.0241059 
v 0.317 0.10361 0.0241071 
v 0.317 0.103589 0.0245866 
v 0.316805 0.103601 0.0247383 
v 0.317 0.103582 0.0247354 
v 0.317 0.103456 0.0252229 
v 0.316805 0.103442 0.0253509 
v 0.317 0.103424 0.0253442 
v 0.317 0.103188 0.0258156 
v 0.316805 0.103159 0.025917 
v 0.316617 0.0976588 0.0251403 
v 0.316617 0.0975466 0.0245053 
v 0.316617 0.0975693 0.0238608 
v 0.316617 0.0977258 0.0232352 
v 0.316617 0.0980093 0.022656 
v 0.316617 0.0984073 0.0221487 
v 0.316617 0.0989024 0.0217354 
v 0.316617 0.0994727 0.0214345 
v 0.316617 0.100093 0.021259 
v 0.316617 0.100737 0.0212168 
v 0.316617 0.101375 0.0213097 
v 0.316617 0.10198 0.0215335 
v 0.316617 0.102524 0.0218785 
v 0.316617 0.102985 0.0223296 
v 0.316617 0.103342 0.0228667 
v 0.316617 0.103579 0.0234665 
v 0.316617 0.103686 0.0241025 
v 0.316617 0.103657 0.0247467 
v 0.316617 0.103495 0.0253709 
v 0.316444 0.09757 0.0251658 
v 0.316444 0.0974545 0.0245117 
v 0.316444 0.0974778 0.0238479 
v 0.316444 0.097639 0.0232035 
v 0.316444 0.097931 0.0226069 
v 0.316444 0.098341 0.0220843 
v 0.316444 0.0988509 0.0216587 
v 0.316444 0.0994384 0.0213487 
v 0.316444 0.100078 0.021168 
v 0.316444 0.10074 0.0211245 
v 0.316444 0.101398 0.0212201 
v 0.316444 0.102021 0.0214507 
v 0.316444 0.102582 0.0218061 
v 0.316444 0.103056 0.0222706 
v 0.316444 0.103424 0.022824 
v 0.316444 0.103668 0.0234417 
v 0.316444 0.103778 0.0240968 
v 0.316444 0.103749 0.0247604 
v 0.316444 0.103582 0.0254033 
v 0.316617 0.103207 0.0259476 
v 0.316293 0.0974505 0.0252002 
v 0.316293 0.0973304 0.0245204 
v 0.316293 0.0973547 0.0238305 
v 0.316293 0.0975222 0.0231609 
v 0.316293 0.0978257 0.0225409 
v 0.316293 0.0982518 0.0219977 
v 0.316293 0.0987817 0.0215554 
v 0.316293 0.0993922 0.0212332 
v 0.316293 0.100056 0.0210454 
v 0.316293 0.100745 0.0210002 
v 0.316293 0.101428 0.0210996 
v 0.316293 0.102076 0.0213392 
v 0.316293 0.102659 0.0217086 
v 0.316293 0.103152 0.0221914 
v 0.316293 0.103534 0.0227664 
v 0.316293 0.103788 0.0234084 
v 0.316293 0.103902 0.0240892 
v 0.316293 0.103872 0.0247788 
v 0.316293 0.103698 0.025447 
v 0.316444 0.103285 0.0259974 
v 0.316169 0.0973049 0.025242 
v 0.316169 0.0971792 0.024531 
v 0.316169 0.0972046 0.0238094 
v 0.316169 0.0973799 0.0231089 
v 0.316169 0.0976973 0.0224603 
v 0.316169 0.098143 0.0218922 
v 0.316169 0.0986973 0.0214295 
v 0.316169 0.0993359 0.0210925 
v 0.316169 0.100031 0.0208961 
v 0.316169 0.100751 0.0208488 
v 0.316169 0.101466 0.0209528 
v 0.316169 0.102143 0.0212034 
v 0.316169 0.102753 0.0215898 
v 0.316169 0.103269 0.0220948 
v 0.316169 0.103669 0.0226963 
v 0.316169 0.103934 0.0233678 
v 0.316169 0.104053 0.02408 
v 0.316169 0.104022 0.0248013 
v 0.316169 0.10384 0.0255002 
v 0.316293 0.10339 0.0260644 
v 0.316076 0.0971387 0.0252898 
v 0.316076 0.0970068 0.024543 
v 0.316076 0.0970334 0.0237852 
v 0.316076 0.0972175 0.0230496 
v 0.316076 0.0975509 0.0223685 
v 0.316076 0.0980189 0.0217718 
v 0.316076 0.098601 0.0212859 
v 0.316076 0.0992717 0.020932 
v 0.316076 0.100001 0.0207257 
v 0.316076 0.100758 0.020676 
v 0.316076 0.101508 0.0207852 
v 0.316076 0.10222 0.0210485 
v 0.316076 0.10286 0.0214542 
v 0.316076 0.103402 0.0219845 
v 0.316076 0.103822 0.0226162 
v 0.316076 0.1041 0.0233215 
v 0.316076 0.104226 0.0240694 
v 0.316076 0.104193 0.024827 
v 0.316076 0.104002 0.025561 
v 0.316169 0.103517 0.026146 
v 0.316019 0.0968196 0.0245561 
v 0.316019 0.0968477 0.023759 
v 0.316019 0.0970413 0.0229852 
v 0.316019 0.0973919 0.0222688 
v 0.316019 0.0978842 0.0216412 
v 0.316019 0.0984966 0.0211301 
v 0.316019 0.099202 0.0207578 
v 0.316019 0.0999696 0.0205408 
v 0.316019 0.100765 0.0204886 
v 0.316019 0.101555 0.0206035 
v 0.316019 0.102303 0.0208803 
v 0.316019 0.102977 0.0213071 
v 0.316019 0.103547 0.021865 
v 0.316019 0.103988 0.0225294 
v 0.316019 0.104281 0.0232713 
v 0.316019 0.104413 0.0240579 
v 0.316019 0.104378 0.0248548 
v 0.316 0.096625 0.0245698 
v 0.316 0.096858 0.0229183 
v 0.316 0.0966688 0.0236744 
v 0.316 0.0972267 0.0221651 
v 0.316 0.0977442 0.0215054 
v 0.316 0.0983879 0.020968 
v 0.316 0.0991296 0.0205767 
v 0.316 0.0999365 0.0203486 
v 0.316 0.100773 0.0202937 
v 0.316 0.101603 0.0204144 
v 0.316 0.102389 0.0207055 
v 0.316 0.103098 0.0211541 
v 0.316 0.103697 0.0217406 
v 0.316 0.104161 0.0224391 
v 0.316 0.104545 0.0236744 
v 0.316 0.104608 0.024046 
v 0.316 0.104571 0.0248837 
v 0.316019 0.104178 0.0256268 
v 0.316 0.0967358 0.0252435 
v 0.316017 0.0969414 0.0253265 
v 0.316 0.0967298 0.025241 
v 0.31602 0.0969556 0.0253318 
v 0.316024 0.0969707 0.0253374 
v 0.316065 0.0971419 0.0254012 
v 0.316078 0.0971759 0.0254128 
v 0.316142 0.0973332 0.0254665 
v 0.316216 0.0974626 0.0255073 
v 0.316294 0.0975672 0.0255382 
v 0.316308 0.0975856 0.0255436 
v 0.316419 0.0976998 0.0255751 
v 0.316505 0.0977681 0.0255929 
v 0.316618 0.0978341 0.0256093 
v 0.31665 0.0978525 0.0256138 
v 0.316717 0.0978806 0.0256205 
v 0.316805 0.0979063 0.0256265 
v 0.316833 0.0979145 0.0256284 
v 0.316904 0.0979263 0.0256311 
v 0.317 0.103143 0.0259066 
v 0.316833 0.102823 0.0263426 
v 0.316805 0.102831 0.0263431 
v 0.316904 0.102811 0.0263419 
v 0.317 0.102805 0.0263415 
v 0.31665 0.102886 0.0263463 
v 0.316618 0.102905 0.0263472 
v 0.316717 0.102858 0.0263447 
v 0.316505 0.102973 0.0263503 
v 0.316419 0.103044 0.0263527 
v 0.316308 0.103162 0.0263551 
v 0.316294 0.103181 0.0263551 
v 0.316216 0.10329 0.0263553 
v 0.316142 0.103426 0.0263531 
v 0.316078 0.103592 0.0263464 
v 0.316076 0.103663 0.0262391 
v 0.316065 0.103628 0.026345 
v 0.316024 0.10381 0.0263327 
v 0.31602 0.103826 0.0263316 
v 0.316 0.104062 0.0263096 
v 0.316 0.104069 0.0263089 
v 0.316017 0.103842 0.0263306 
v 0.316 0.10436 0.0256954 
v 0.317 0.0979321 0.0256324 
v 0.316 0.104469 0.023219 
v 0.316 0.0966545 0.0237317 
vn -0.19509 0.978393 -0.0684602 
vn -0.19509 0.942623 -0.270929 
vn 0 0.969881 -0.243579 
vn 2.09798e-15 0.96109 -0.276237 
vn -0.19509 0.971167 0.137017 
vn 0 0.999604 -0.0281566 
vn 2.09798e-15 0.997561 -0.0698015 
vn -0.19509 0.921263 0.336473 
vn 0 0.982052 0.188609 
vn 2.09798e-15 0.990194 0.139701 
vn -0.19509 0.830873 0.521143 
vn 0 0.91805 0.396464 
vn 2.09798e-15 0.939312 0.343065 
vn -0.19509 0.70397 0.68291 
vn 0 0.810619 0.585574 
vn 2.09798e-15 0.847151 0.531352 
vn -0.19509 0.54613 0.814667 
vn 0 0.664837 0.746988 
vn 2.09798e-15 0.717761 0.696289 
vn -0.19509 0.36429 0.910622 
vn 0 0.487599 0.873068 
vn 2.09798e-15 0.55683 0.830627 
vn -0.19509 0.166442 0.966559 
vn 0 0.287288 0.957844 
vn 2.09798e-15 0.371427 0.928462 
vn -0.19509 -0.0387216 0.980021 
vn 0 0.0733821 0.997304 
vn 2.09798e-15 0.169702 0.985495 
vn -0.19509 -0.242183 0.950414 
vn 0 -0.143997 0.989578 
vn 2.09798e-15 -0.0394802 0.99922 
vn 2.09798e-15 -0.246928 0.969034 
vn 0 -0.354563 0.935032 
vn -0.19509 -0.435002 0.879041 
vn 2.09798e-15 -0.443524 0.896262 
vn 0 -0.548353 0.836247 
vn -0.19509 -0.608704 0.769038 
vn 2.09798e-15 -0.620629 0.784104 
vn 0 -0.716196 0.697899 
vn -0.19509 -0.755656 0.625239 
vn 2.09798e-15 -0.77046 0.637488 
vn 0 -0.850153 0.526536 
vn -0.19509 -0.869401 0.453963 
vn 2.09798e-15 -0.886433 0.462857 
vn 0 -0.943887 0.330269 
vn -0.19509 -0.944938 0.262738 
vn 2.09798e-15 -0.963451 0.267885 
vn 0 -0.992968 0.118385 
vn -0.19509 -0.97895 0.059966 
vn 2.09798e-15 -0.998129 0.0611408 
vn 0 -0.995078 -0.0990904 
vn -0.19509 -0.969942 -0.145441 
vn 2.09798e-15 -0.988944 -0.14829 
vn 0 -0.950125 -0.311869 
vn -0.19509 -0.918308 -0.344456 
vn 2.09798e-15 -0.936299 -0.351205 
vn 0 -0.860241 -0.509887 
vn -0.19509 -0.826319 -0.528334 
vn -0.382683 0.887931 -0.25521 
vn -0.382683 0.921626 -0.0644881 
vn -0.382683 0.91482 0.129067 
vn -0.382683 0.867811 0.316951 
vn -0.382683 0.782665 0.490906 
vn -0.382683 0.663125 0.643287 
vn -0.382683 0.514443 0.767399 
vn -0.382683 0.343154 0.857787 
vn -0.382683 0.156785 0.910479 
vn -0.382683 -0.036475 0.923159 
vn -0.382683 -0.228132 0.895271 
vn -0.382683 -0.409763 0.828039 
vn -0.382683 -0.573387 0.724418 
vn -0.382683 -0.711813 0.588962 
vn -0.382683 -0.818957 0.427624 
vn -0.382683 -0.890113 0.247493 
vn -0.382683 -0.922151 0.0564867 
vn -0.382683 -0.913665 -0.137002 
vn -0.382683 -0.865027 -0.324471 
vn -0.55557 0.799117 -0.229683 
vn -0.55557 0.829442 -0.0580378 
vn -0.55557 0.823316 0.116157 
vn -0.55557 0.781009 0.285248 
vn -0.55557 0.70438 0.441803 
vn -0.55557 0.596797 0.578943 
vn -0.55557 0.462987 0.690641 
vn -0.55557 0.30883 0.771988 
vn -0.55557 0.141102 0.819409 
vn -0.55557 -0.0328266 0.830821 
vn -0.55557 -0.205313 0.805722 
vn -0.55557 -0.368777 0.745215 
vn -0.55557 -0.516034 0.651959 
vn -0.55557 -0.640614 0.530052 
vn -0.55557 -0.737042 0.384851 
vn -0.55557 -0.80108 0.222738 
vn -0.55557 -0.829914 0.0508367 
vn -0.55557 -0.822277 -0.123299 
vn -0.55557 -0.778504 -0.292016 
vn -0.382683 -0.778375 -0.49768 
vn -0.707107 0.679593 -0.195329 
vn -0.707107 0.705382 -0.0493571 
vn -0.707107 0.700173 0.0987838 
vn -0.707107 0.664194 0.242584 
vn -0.707107 0.599026 0.375723 
vn -0.707107 0.507534 0.492351 
vn -0.707107 0.393738 0.587342 
vn -0.707107 0.262639 0.656522 
vn -0.707107 0.119998 0.69685 
vn -0.707107 -0.0279167 0.706555 
vn -0.707107 -0.174604 0.68521 
vn -0.707107 -0.313619 0.633753 
vn -0.707107 -0.438851 0.554445 
vn -0.707107 -0.544798 0.450772 
vn -0.707107 -0.626803 0.327289 
vn -0.707107 -0.681263 0.189423 
vn -0.707107 -0.705784 0.043233 
vn -0.707107 -0.699289 -0.104857 
vn -0.707107 -0.662063 -0.248339 
vn -0.55557 -0.700519 -0.4479 
vn -0.83147 0.533953 -0.153469 
vn -0.83147 0.554215 -0.0387796 
vn -0.83147 0.550122 0.0776139 
vn -0.83147 0.521854 0.190597 
vn -0.83147 0.470652 0.295204 
vn -0.83147 0.398767 0.386837 
vn -0.83147 0.309358 0.461472 
vn -0.83147 0.206354 0.515826 
vn -0.83147 0.0942816 0.547512 
vn -0.83147 -0.021934 0.555137 
vn -0.83147 -0.137186 0.538366 
vn -0.83147 -0.246409 0.497937 
vn -0.83147 -0.344803 0.435625 
vn -0.83147 -0.428045 0.354169 
vn -0.83147 -0.492476 0.257149 
vn -0.83147 -0.535265 0.148829 
vn -0.83147 -0.554531 0.033968 
vn -0.83147 -0.549428 -0.0823857 
vn -0.83147 -0.52018 -0.195119 
vn -0.707107 -0.595743 -0.380908 
vn -0.92388 0.367793 -0.105711 
vn -0.92388 0.38175 -0.0267119 
vn -0.92388 0.378931 0.0534614 
vn -0.92388 0.359459 0.131285 
vn -0.92388 0.324191 0.20334 
vn -0.92388 0.274675 0.266458 
vn -0.92388 0.213089 0.317867 
vn -0.92388 0.142139 0.355307 
vn -0.92388 0.0649423 0.377133 
vn -0.92388 -0.0151084 0.382385 
vn -0.92388 -0.0944952 0.370833 
vn -0.92388 -0.169729 0.342985 
vn -0.92388 -0.237505 0.300064 
vn -0.92388 -0.294842 0.243956 
vn -0.92388 -0.339223 0.177128 
vn -0.92388 -0.368697 0.102515 
vn -0.92388 -0.381967 0.0233976 
vn -0.92388 -0.378452 -0.0567482 
vn -0.92388 -0.358306 -0.1344 
vn -0.83147 -0.468072 -0.299277 
vn -0.980785 0.194614 -0.0136176 
vn -0.980785 0.193177 0.0272544 
vn -0.980785 0.183251 0.0669287 
vn -0.980785 0.165271 0.103662 
vn -0.980785 0.140028 0.135839 
vn -0.980785 0.108632 0.162047 
vn -0.980785 0.0724619 0.181134 
vn -0.980785 0.0331073 0.192261 
vn -0.980785 -0.00770221 0.194938 
vn -0.980785 -0.0481732 0.189049 
vn -0.980785 -0.0865272 0.174852 
vn -0.980785 -0.121079 0.152971 
vn -0.980785 -0.150309 0.124368 
vn -0.980785 -0.172935 0.0902989 
vn -0.980785 -0.18796 0.0522618 
vn -0.980785 -0.194725 0.011928 
vn -0.980785 -0.192933 -0.02893 
vn -1 -5.67659e-14 3.97203e-15 
vn -1 -5.67659e-14 3.97203e-15 
vn -0.999983 0.00569614 0.000889362 
vn -1 -5.67659e-14 3.97203e-15 
vn -1 -5.67659e-14 3.97203e-15 
vn -1 -5.67659e-14 3.97203e-15 
vn -1 -5.67659e-14 3.97203e-15 
vn -1 -5.67659e-14 3.97203e-15 
vn -1 -5.67659e-14 3.97203e-15 
vn -1 -5.67659e-14 3.97203e-15 
vn -1 -5.67659e-14 3.97203e-15 
vn -1 -5.67659e-14 3.97203e-15 
vn -1 -5.67659e-14 3.97203e-15 
vn -1 -5.67659e-14 3.97203e-15 
vn -0.999762 -0.0215386 0.00337681 
vn -1 5.67982e-14 -3.47919e-15 
vn -1 5.67982e-14 -3.47919e-15 
vn -0.980785 -0.182663 -0.0685166 
vn -0.999987 0.00504136 -0.0012383 
vn -0.98314 0.17599 -0.049626 
vn -1 -9.22222e-16 2.25583e-16 
vn -0.980753 0.187798 -0.0534317 
vn -0.978036 0.200333 -0.0575438 
vn -0.935483 0.336583 -0.107623 
vn -0.923743 0.364119 -0.118808 
vn -0.858006 0.483539 -0.173248 
vn -0.784082 0.579029 -0.223474 
vn -0.706964 0.654539 -0.26792 
vn -0.6925 0.666647 -0.275727 
vn -0.580746 0.744978 -0.32824 
vn -0.494668 0.790326 -0.361508 
vn -0.382541 0.834847 -0.395844 
vn -0.350295 0.844746 -0.404595 
vn -0.283277 0.862455 -0.419434 
vn -0.195045 0.879642 -0.433806 
vn -0.166521 0.883568 -0.437696 
vn -0.0962422 0.890795 -0.444096 
vn 2.09798e-15 -0.842507 -0.538685 
vn -0.166521 -0.722186 -0.671355 
vn -0.195045 -0.719531 -0.666507 
vn -0.0962422 -0.72729 -0.679549 
vn 0 -0.729815 -0.683645 
vn -0.350295 -0.694408 -0.628563 
vn -0.382541 -0.687413 -0.617354 
vn -0.283277 -0.707153 -0.647834 
vn -0.494668 -0.654524 -0.571753 
vn -0.580746 -0.620538 -0.526941 
vn -0.6925 -0.560421 -0.454283 
vn -0.706964 -0.551039 -0.443348 
vn -0.784082 -0.491328 -0.379226 
vn -0.858006 -0.414112 -0.303869 
vn -0.923743 -0.31516 -0.217652 
vn -0.92388 -0.322414 -0.206146 
vn -0.935483 -0.291953 -0.199083 
vn -0.978036 -0.175626 -0.112251 
vn -0.980753 -0.164782 -0.104737 
vn -0.999987 -0.00447939 -0.0026237 
vn -1 8.19688e-16 4.79054e-16 
vn -0.98314 -0.154548 -0.0977238 
vn -1 8.19688e-16 4.79054e-16 
vn -1.22465e-16 0.894383 -0.447302 
vn -1 5.48248e-14 -1.52439e-14 
vn -1 5.48248e-14 -1.52439e-14 
f 2678//2678 2679//2679 2680//2680 
f 2679//2679 2681//2681 2680//2680 
f 2682//2682 2678//2678 2683//2683 
f 2678//2678 2684//2684 2683//2683 
f 2685//2685 2682//2682 2686//2686 
f 2682//2682 2687//2687 2686//2686 
f 2688//2688 2685//2685 2689//2689 
f 2685//2685 2690//2690 2689//2689 
f 2691//2691 2688//2688 2692//2692 
f 2688//2688 2693//2693 2692//2692 
f 2694//2694 2691//2691 2695//2695 
f 2691//2691 2696//2696 2695//2695 
f 2697//2697 2694//2694 2698//2698 
f 2694//2694 2699//2699 2698//2698 
f 2700//2700 2697//2697 2701//2701 
f 2697//2697 2702//2702 2701//2701 
f 2703//2703 2700//2700 2704//2704 
f 2700//2700 2705//2705 2704//2704 
f 2706//2706 2703//2703 2707//2707 
f 2703//2703 2708//2708 2707//2707 
f 2706//2706 2709//2709 2710//2710 
f 2710//2710 2711//2711 2706//2706 
f 2711//2711 2712//2712 2713//2713 
f 2713//2713 2714//2714 2711//2711 
f 2714//2714 2715//2715 2716//2716 
f 2716//2716 2717//2717 2714//2714 
f 2717//2717 2718//2718 2719//2719 
f 2719//2719 2720//2720 2717//2717 
f 2720//2720 2721//2721 2722//2722 
f 2722//2722 2723//2723 2720//2720 
f 2723//2723 2724//2724 2725//2725 
f 2725//2725 2726//2726 2723//2723 
f 2726//2726 2727//2727 2728//2728 
f 2728//2728 2729//2729 2726//2726 
f 2729//2729 2730//2730 2731//2731 
f 2731//2731 2732//2732 2729//2729 
f 2732//2732 2733//2733 2734//2734 
f 2734//2734 2735//2735 2732//2732 
f 2736//2736 2679//2679 2678//2678 
f 2737//2737 2678//2678 2682//2682 
f 2738//2738 2682//2682 2685//2685 
f 2739//2739 2685//2685 2688//2688 
f 2740//2740 2688//2688 2691//2691 
f 2741//2741 2691//2691 2694//2694 
f 2742//2742 2694//2694 2697//2697 
f 2743//2743 2697//2697 2700//2700 
f 2744//2744 2700//2700 2703//2703 
f 2745//2745 2703//2703 2706//2706 
f 2746//2746 2706//2706 2711//2711 
f 2747//2747 2711//2711 2714//2714 
f 2748//2748 2714//2714 2717//2717 
f 2749//2749 2717//2717 2720//2720 
f 2750//2750 2720//2720 2723//2723 
f 2751//2751 2723//2723 2726//2726 
f 2752//2752 2726//2726 2729//2729 
f 2753//2753 2729//2729 2732//2732 
f 2754//2754 2732//2732 2735//2735 
f 2755//2755 2736//2736 2737//2737 
f 2756//2756 2737//2737 2738//2738 
f 2757//2757 2738//2738 2739//2739 
f 2758//2758 2739//2739 2740//2740 
f 2759//2759 2740//2740 2741//2741 
f 2760//2760 2741//2741 2742//2742 
f 2761//2761 2742//2742 2743//2743 
f 2762//2762 2743//2743 2744//2744 
f 2763//2763 2744//2744 2745//2745 
f 2764//2764 2745//2745 2746//2746 
f 2765//2765 2746//2746 2747//2747 
f 2766//2766 2747//2747 2748//2748 
f 2767//2767 2748//2748 2749//2749 
f 2768//2768 2749//2749 2750//2750 
f 2769//2769 2750//2750 2751//2751 
f 2770//2770 2751//2751 2752//2752 
f 2771//2771 2752//2752 2753//2753 
f 2772//2772 2753//2753 2754//2754 
f 2773//2773 2754//2754 2774//2774 
f 2775//2775 2755//2755 2756//2756 
f 2776//2776 2756//2756 2757//2757 
f 2777//2777 2757//2757 2758//2758 
f 2778//2778 2758//2758 2759//2759 
f 2779//2779 2759//2759 2760//2760 
f 2780//2780 2760//2760 2761//2761 
f 2781//2781 2761//2761 2762//2762 
f 2782//2782 2762//2762 2763//2763 
f 2783//2783 2763//2763 2764//2764 
f 2784//2784 2764//2764 2765//2765 
f 2785//2785 2765//2765 2766//2766 
f 2786//2786 2766//2766 2767//2767 
f 2787//2787 2767//2767 2768//2768 
f 2788//2788 2768//2768 2769//2769 
f 2789//2789 2769//2769 2770//2770 
f 2790//2790 2770//2770 2771//2771 
f 2791//2791 2771//2771 2772//2772 
f 2792//2792 2772//2772 2773//2773 
f 2793//2793 2773//2773 2794//2794 
f 2795//2795 2775//2775 2776//2776 
f 2796//2796 2776//2776 2777//2777 
f 2797//2797 2777//2777 2778//2778 
f 2798//2798 2778//2778 2779//2779 
f 2799//2799 2779//2779 2780//2780 
f 2800//2800 2780//2780 2781//2781 
f 2801//2801 2781//2781 2782//2782 
f 2802//2802 2782//2782 2783//2783 
f 2803//2803 2783//2783 2784//2784 
f 2804//2804 2784//2784 2785//2785 
f 2805//2805 2785//2785 2786//2786 
f 2806//2806 2786//2786 2787//2787 
f 2807//2807 2787//2787 2788//2788 
f 2808//2808 2788//2788 2789//2789 
f 2809//2809 2789//2789 2790//2790 
f 2810//2810 2790//2790 2791//2791 
f 2811//2811 2791//2791 2792//2792 
f 2812//2812 2792//2792 2793//2793 
f 2813//2813 2793//2793 2814//2814 
f 2815//2815 2795//2795 2796//2796 
f 2816//2816 2796//2796 2797//2797 
f 2817//2817 2797//2797 2798//2798 
f 2818//2818 2798//2798 2799//2799 
f 2819//2819 2799//2799 2800//2800 
f 2820//2820 2800//2800 2801//2801 
f 2821//2821 2801//2801 2802//2802 
f 2822//2822 2802//2802 2803//2803 
f 2823//2823 2803//2803 2804//2804 
f 2824//2824 2804//2804 2805//2805 
f 2825//2825 2805//2805 2806//2806 
f 2826//2826 2806//2806 2807//2807 
f 2827//2827 2807//2807 2808//2808 
f 2828//2828 2808//2808 2809//2809 
f 2829//2829 2809//2809 2810//2810 
f 2830//2830 2810//2810 2811//2811 
f 2831//2831 2811//2811 2812//2812 
f 2832//2832 2812//2812 2813//2813 
f 2833//2833 2813//2813 2834//2834 
f 2835//2835 2816//2816 2817//2817 
f 2836//2836 2817//2817 2818//2818 
f 2837//2837 2818//2818 2819//2819 
f 2838//2838 2819//2819 2820//2820 
f 2839//2839 2820//2820 2821//2821 
f 2840//2840 2821//2821 2822//2822 
f 2841//2841 2822//2822 2823//2823 
f 2842//2842 2823//2823 2824//2824 
f 2843//2843 2824//2824 2825//2825 
f 2844//2844 2825//2825 2826//2826 
f 2845//2845 2826//2826 2827//2827 
f 2846//2846 2827//2827 2828//2828 
f 2847//2847 2828//2828 2829//2829 
f 2848//2848 2829//2829 2830//2830 
f 2849//2849 2830//2830 2831//2831 
f 2850//2850 2831//2831 2832//2832 
f 2851//2851 2832//2832 2833//2833 
f 2852//2852 2835//2835 2836//2836 
f 2837//2837 2853//2853 2854//2854 
f 2854//2854 2836//2836 2837//2837 
f 2853//2853 2837//2837 2838//2838 
f 2855//2855 2838//2838 2839//2839 
f 2856//2856 2839//2839 2840//2840 
f 2857//2857 2840//2840 2841//2841 
f 2858//2858 2841//2841 2842//2842 
f 2859//2859 2842//2842 2843//2843 
f 2860//2860 2843//2843 2844//2844 
f 2861//2861 2844//2844 2845//2845 
f 2862//2862 2845//2845 2846//2846 
f 2863//2863 2846//2846 2847//2847 
f 2864//2864 2847//2847 2848//2848 
f 2865//2865 2848//2848 2849//2849 
f 2849//2849 2850//2850 2866//2866 
f 2850//2850 2867//2867 2866//2866 
f 2867//2867 2850//2850 2851//2851 
f 2868//2868 2851//2851 2869//2869 
f 2835//2835 2870//2870 2871//2871 
f 2835//2835 2852//2852 2872//2872 
f 2872//2872 2870//2870 2835//2835 
f 2816//2816 2835//2835 2873//2873 
f 2873//2873 2874//2874 2816//2816 
f 2815//2815 2874//2874 2875//2875 
f 2795//2795 2815//2815 2876//2876 
f 2775//2775 2795//2795 2877//2877 
f 2877//2877 2878//2878 2775//2775 
f 2755//2755 2775//2775 2879//2879 
f 2879//2879 2880//2880 2755//2755 
f 2736//2736 2755//2755 2881//2881 
f 2881//2881 2882//2882 2736//2736 
f 2679//2679 2736//2736 2883//2883 
f 2883//2883 2884//2884 2679//2679 
f 2884//2884 2885//2885 2679//2679 
f 2681//2681 2679//2679 2886//2886 
f 2886//2886 2887//2887 2681//2681 
f 2887//2887 2888//2888 2681//2681 
f 2889//2889 2890//2890 2891//2891 
f 2889//2889 2892//2892 2890//2890 
f 2889//2889 2893//2893 2892//2892 
f 2735//2735 2894//2894 2895//2895 
f 2735//2735 2896//2896 2894//2894 
f 2735//2735 2891//2891 2896//2896 
f 2774//2774 2897//2897 2898//2898 
f 2774//2774 2895//2895 2897//2897 
f 2794//2794 2899//2899 2900//2900 
f 2794//2794 2898//2898 2899//2899 
f 2814//2814 2901//2901 2902//2902 
f 2814//2814 2900//2900 2901//2901 
f 2834//2834 2902//2902 2903//2903 
f 2904//2904 2903//2903 2905//2905 
f 2833//2833 2906//2906 2907//2907 
f 2833//2833 2904//2904 2906//2906 
f 2869//2869 2908//2908 2909//2909 
f 2869//2869 2907//2907 2910//2910 
f 2910//2910 2908//2908 2869//2869 
f 2909//2909 2911//2911 2869//2869 
f 2907//2907 2869//2869 2833//2833 
f 2905//2905 2906//2906 2904//2904 
f 2903//2903 2904//2904 2834//2834 
f 2902//2902 2834//2834 2814//2814 
f 2900//2900 2814//2814 2794//2794 
f 2898//2898 2794//2794 2774//2774 
f 2895//2895 2774//2774 2735//2735 
f 2891//2891 2735//2735 2889//2889 
f 2888//2888 2912//2912 2681//2681 
f 2885//2885 2886//2886 2679//2679 
f 2882//2882 2883//2883 2736//2736 
f 2880//2880 2881//2881 2755//2755 
f 2878//2878 2879//2879 2775//2775 
f 2876//2876 2877//2877 2795//2795 
f 2875//2875 2876//2876 2815//2815 
f 2874//2874 2815//2815 2816//2816 
f 2871//2871 2873//2873 2835//2835 
f 2869//2869 2911//2911 2868//2868 
f 2851//2851 2868//2868 2867//2867 
f 2866//2866 2913//2913 2849//2849 
f 2849//2849 2913//2913 2865//2865 
f 2848//2848 2865//2865 2864//2864 
f 2847//2847 2864//2864 2863//2863 
f 2846//2846 2863//2863 2862//2862 
f 2845//2845 2862//2862 2861//2861 
f 2844//2844 2861//2861 2860//2860 
f 2843//2843 2860//2860 2859//2859 
f 2842//2842 2859//2859 2858//2858 
f 2841//2841 2858//2858 2857//2857 
f 2840//2840 2857//2857 2856//2856 
f 2839//2839 2856//2856 2855//2855 
f 2838//2838 2855//2855 2853//2853 
f 2854//2854 2914//2914 2836//2836 
f 2836//2836 2914//2914 2852//2852 
f 2833//2833 2869//2869 2851//2851 
f 2832//2832 2851//2851 2850//2850 
f 2831//2831 2850//2850 2849//2849 
f 2830//2830 2849//2849 2848//2848 
f 2829//2829 2848//2848 2847//2847 
f 2828//2828 2847//2847 2846//2846 
f 2827//2827 2846//2846 2845//2845 
f 2826//2826 2845//2845 2844//2844 
f 2825//2825 2844//2844 2843//2843 
f 2824//2824 2843//2843 2842//2842 
f 2823//2823 2842//2842 2841//2841 
f 2822//2822 2841//2841 2840//2840 
f 2821//2821 2840//2840 2839//2839 
f 2820//2820 2839//2839 2838//2838 
f 2819//2819 2838//2838 2837//2837 
f 2818//2818 2837//2837 2836//2836 
f 2817//2817 2836//2836 2835//2835 
f 2834//2834 2904//2904 2833//2833 
f 2813//2813 2833//2833 2832//2832 
f 2812//2812 2832//2832 2831//2831 
f 2811//2811 2831//2831 2830//2830 
f 2810//2810 2830//2830 2829//2829 
f 2809//2809 2829//2829 2828//2828 
f 2808//2808 2828//2828 2827//2827 
f 2807//2807 2827//2827 2826//2826 
f 2806//2806 2826//2826 2825//2825 
f 2805//2805 2825//2825 2824//2824 
f 2804//2804 2824//2824 2823//2823 
f 2803//2803 2823//2823 2822//2822 
f 2802//2802 2822//2822 2821//2821 
f 2801//2801 2821//2821 2820//2820 
f 2800//2800 2820//2820 2819//2819 
f 2799//2799 2819//2819 2818//2818 
f 2798//2798 2818//2818 2817//2817 
f 2797//2797 2817//2817 2816//2816 
f 2796//2796 2816//2816 2815//2815 
f 2814//2814 2834//2834 2813//2813 
f 2793//2793 2813//2813 2812//2812 
f 2792//2792 2812//2812 2811//2811 
f 2791//2791 2811//2811 2810//2810 
f 2790//2790 2810//2810 2809//2809 
f 2789//2789 2809//2809 2808//2808 
f 2788//2788 2808//2808 2807//2807 
f 2787//2787 2807//2807 2806//2806 
f 2786//2786 2806//2806 2805//2805 
f 2785//2785 2805//2805 2804//2804 
f 2784//2784 2804//2804 2803//2803 
f 2783//2783 2803//2803 2802//2802 
f 2782//2782 2802//2802 2801//2801 
f 2781//2781 2801//2801 2800//2800 
f 2780//2780 2800//2800 2799//2799 
f 2779//2779 2799//2799 2798//2798 
f 2778//2778 2798//2798 2797//2797 
f 2777//2777 2797//2797 2796//2796 
f 2776//2776 2796//2796 2795//2795 
f 2794//2794 2814//2814 2793//2793 
f 2773//2773 2793//2793 2792//2792 
f 2772//2772 2792//2792 2791//2791 
f 2771//2771 2791//2791 2790//2790 
f 2770//2770 2790//2790 2789//2789 
f 2769//2769 2789//2789 2788//2788 
f 2768//2768 2788//2788 2787//2787 
f 2767//2767 2787//2787 2786//2786 
f 2766//2766 2786//2786 2785//2785 
f 2765//2765 2785//2785 2784//2784 
f 2764//2764 2784//2784 2783//2783 
f 2763//2763 2783//2783 2782//2782 
f 2762//2762 2782//2782 2781//2781 
f 2761//2761 2781//2781 2780//2780 
f 2760//2760 2780//2780 2779//2779 
f 2759//2759 2779//2779 2778//2778 
f 2758//2758 2778//2778 2777//2777 
f 2757//2757 2777//2777 2776//2776 
f 2756//2756 2776//2776 2775//2775 
f 2774//2774 2794//2794 2773//2773 
f 2754//2754 2773//2773 2772//2772 
f 2753//2753 2772//2772 2771//2771 
f 2752//2752 2771//2771 2770//2770 
f 2751//2751 2770//2770 2769//2769 
f 2750//2750 2769//2769 2768//2768 
f 2749//2749 2768//2768 2767//2767 
f 2748//2748 2767//2767 2766//2766 
f 2747//2747 2766//2766 2765//2765 
f 2746//2746 2765//2765 2764//2764 
f 2745//2745 2764//2764 2763//2763 
f 2744//2744 2763//2763 2762//2762 
f 2743//2743 2762//2762 2761//2761 
f 2742//2742 2761//2761 2760//2760 
f 2741//2741 2760//2760 2759//2759 
f 2740//2740 2759//2759 2758//2758 
f 2739//2739 2758//2758 2757//2757 
f 2738//2738 2757//2757 2756//2756 
f 2737//2737 2756//2756 2755//2755 
f 2735//2735 2774//2774 2754//2754 
f 2732//2732 2754//2754 2753//2753 
f 2729//2729 2753//2753 2752//2752 
f 2726//2726 2752//2752 2751//2751 
f 2723//2723 2751//2751 2750//2750 
f 2720//2720 2750//2750 2749//2749 
f 2717//2717 2749//2749 2748//2748 
f 2714//2714 2748//2748 2747//2747 
f 2711//2711 2747//2747 2746//2746 
f 2706//2706 2746//2746 2745//2745 
f 2703//2703 2745//2745 2744//2744 
f 2700//2700 2744//2744 2743//2743 
f 2697//2697 2743//2743 2742//2742 
f 2694//2694 2742//2742 2741//2741 
f 2691//2691 2741//2741 2740//2740 
f 2688//2688 2740//2740 2739//2739 
f 2685//2685 2739//2739 2738//2738 
f 2682//2682 2738//2738 2737//2737 
f 2678//2678 2737//2737 2736//2736 
f 2734//2734 2889//2889 2735//2735 
f 2731//2731 2733//2733 2732//2732 
f 2728//2728 2730//2730 2729//2729 
f 2725//2725 2727//2727 2726//2726 
f 2722//2722 2724//2724 2723//2723 
f 2719//2719 2721//2721 2720//2720 
f 2716//2716 2718//2718 2717//2717 
f 2713//2713 2715//2715 2714//2714 
f 2710//2710 2712//2712 2711//2711 
f 2707//2707 2709//2709 2706//2706 
f 2704//2704 2708//2708 2703//2703 
f 2701//2701 2705//2705 2700//2700 
f 2698//2698 2702//2702 2697//2697 
f 2695//2695 2699//2699 2694//2694 
f 2692//2692 2696//2696 2691//2691 
f 2689//2689 2693//2693 2688//2688 
f 2686//2686 2690//2690 2685//2685 
f 2683//2683 2687//2687 2682//2682 
f 2680//2680 2684//2684 2678//2678 
o mesh3798
v 0.317 0.102992 0.0271508 
v 0.317 0.103098 0.0271781 
v 0.316904 0.103103 0.0271741 
v 0.317 0.102895 0.0271014 
v 0.316886 0.103 0.0271457 
v 0.317 0.102812 0.0270323 
v 0.31687 0.102906 0.0270956 
v 0.317 0.102745 0.0269466 
v 0.316859 0.102824 0.0270263 
v 0.317 0.102698 0.0268485 
v 0.316852 0.102759 0.026941 
v 0.31685 0.102712 0.0268437 
v 0.316852 0.102688 0.0267388 
v 0.317 0.102673 0.0267426 
v 0.316859 0.102686 0.0266312 
v 0.317 0.102672 0.0266339 
v 0.31687 0.102706 0.026526 
v 0.317 0.102695 0.0265275 
v 0.316886 0.102749 0.0264281 
v 0.317 0.102739 0.0264284 
v 0.316904 0.102811 0.0263419 
v 0.316833 0.103113 0.0271662 
v 0.316804 0.103016 0.0271355 
v 0.316779 0.102926 0.0270843 
v 0.316761 0.102848 0.0270149 
v 0.31675 0.102786 0.0269303 
v 0.316746 0.102741 0.0268344 
v 0.31675 0.102716 0.0267316 
v 0.316761 0.102712 0.0266263 
v 0.316779 0.102729 0.0265233 
v 0.316804 0.102766 0.0264273 
v 0.316833 0.102823 0.0263426 
v 0.316805 0.10312 0.0271606 
v 0.316717 0.103142 0.0271432 
v 0.316674 0.103058 0.0271074 
v 0.316639 0.10298 0.0270538 
v 0.316613 0.102911 0.0269845 
v 0.316597 0.102855 0.0269023 
v 0.316591 0.102813 0.0268106 
v 0.316597 0.102787 0.026713 
v 0.316613 0.102779 0.0266137 
v 0.316639 0.102788 0.0265166 
v 0.316674 0.102815 0.0264257 
v 0.316717 0.102858 0.0263447 
v 0.316805 0.102831 0.0263431 
v 0.31665 0.103166 0.027124 
v 0.316603 0.10309 0.0270853 
v 0.316565 0.10302 0.0270304 
v 0.316537 0.102957 0.0269617 
v 0.31652 0.102905 0.0268815 
v 0.316514 0.102865 0.0267931 
v 0.31652 0.10284 0.0266996 
v 0.316537 0.102829 0.0266047 
v 0.316565 0.102833 0.0265118 
v 0.316603 0.102853 0.0264246 
v 0.31665 0.102886 0.0263463 
v 0.316618 0.103182 0.0271114 
v 0.316505 0.103238 0.0270662 
v 0.316459 0.10318 0.0270221 
v 0.316421 0.103125 0.0269664 
v 0.316393 0.103076 0.0269007 
v 0.316376 0.103033 0.0268271 
v 0.31637 0.102999 0.0267477 
v 0.316376 0.102973 0.026665 
v 0.316393 0.102958 0.0265814 
v 0.316421 0.102953 0.0264995 
v 0.316459 0.102958 0.0264217 
v 0.316505 0.102973 0.0263503 
v 0.316618 0.102905 0.0263472 
v 0.316376 0.103247 0.0269733 
v 0.316445 0.103278 0.0270331 
v 0.316342 0.103201 0.0269186 
v 0.316317 0.103159 0.0268563 
v 0.316301 0.103122 0.026788 
v 0.316296 0.103091 0.0267154 
v 0.316301 0.103067 0.0266404 
v 0.316317 0.103049 0.0265647 
v 0.316342 0.10304 0.0264903 
v 0.316376 0.103038 0.026419 
v 0.316419 0.103044 0.0263527 
v 0.316419 0.103295 0.027019 
v 0.316308 0.10339 0.0269392 
v 0.316273 0.103354 0.0268939 
v 0.316245 0.103319 0.026843 
v 0.316225 0.103286 0.0267872 
v 0.316213 0.103256 0.0267277 
v 0.316209 0.103229 0.0266656 
v 0.316213 0.103207 0.0266019 
v 0.316225 0.103188 0.0265378 
v 0.316245 0.103175 0.0264745 
v 0.316273 0.103166 0.0264133 
v 0.316308 0.103162 0.0263551 
v 0.316294 0.103406 0.0269261 
v 0.316216 0.103491 0.0268521 
v 0.31619 0.103463 0.0268101 
v 0.31617 0.103436 0.0267648 
v 0.316155 0.103411 0.0267167 
v 0.316147 0.103386 0.0266664 
v 0.316144 0.103364 0.0266145 
v 0.316147 0.103344 0.0265618 
v 0.316155 0.103326 0.0265088 
v 0.31617 0.103312 0.0264563 
v 0.31619 0.103299 0.0264049 
v 0.316216 0.10329 0.0263553 
v 0.316294 0.103181 0.0263551 
v 0.316125 0.103575 0.0267227 
v 0.31617 0.103556 0.0267946 
v 0.316111 0.103554 0.0266844 
v 0.316101 0.103535 0.0266446 
v 0.316095 0.103515 0.0266037 
v 0.316093 0.103497 0.0265619 
v 0.316095 0.10348 0.0265197 
v 0.316101 0.103464 0.0264773 
v 0.316111 0.10345 0.0264352 
v 0.316125 0.103437 0.0263937 
v 0.316142 0.103426 0.0263531 
v 0.316142 0.103596 0.0267592 
v 0.316078 0.103722 0.0266441 
v 0.316056 0.103735 0.0265932 
v 0.31605 0.103722 0.0265665 
v 0.316046 0.103709 0.0265393 
v 0.316043 0.103697 0.0265118 
v 0.316042 0.103684 0.026484 
v 0.316043 0.103672 0.0264561 
v 0.316046 0.10366 0.0264281 
v 0.31605 0.103649 0.0264002 
v 0.316056 0.103638 0.0263725 
v 0.316078 0.103592 0.0263464 
v 0.316065 0.103628 0.026345 
v 0.316065 0.103749 0.0266194 
v 0.31602 0.103895 0.0264804 
v 0.316015 0.103899 0.0264562 
v 0.316013 0.103893 0.0264423 
v 0.316012 0.103886 0.0264284 
v 0.316011 0.10388 0.0264145 
v 0.316011 0.103873 0.0264005 
v 0.316011 0.103867 0.0263865 
v 0.316012 0.10386 0.0263725 
v 0.316013 0.103854 0.0263585 
v 0.316015 0.103848 0.0263445 
v 0.316024 0.10381 0.0263327 
v 0.316017 0.103842 0.0263306 
v 0.31602 0.103826 0.0263316 
v 0.316017 0.103906 0.0264699 
v 0.316 0.104064 0.0263135 
v 0.316 0.104064 0.0263131 
v 0.316 0.104064 0.0263127 
v 0.316 0.104064 0.0263123 
v 0.316 0.104063 0.0263119 
v 0.316 0.104063 0.0263115 
v 0.316 0.104063 0.0263111 
v 0.316 0.104063 0.0263107 
v 0.316 0.104063 0.0263103 
v 0.316 0.104062 0.02631 
v 0.316 0.104062 0.0263096 
v 0.316 0.104069 0.0263089 
v 0.317 0.102805 0.0263415 
vn 0 -0.354523 0.935047 
vn 0 -0.143997 0.989578 
vn -0.0962422 -0.143329 0.984984 
vn 0 -0.548281 0.836294 
vn -0.132614 -0.348065 0.928043 
vn 0 -0.716109 0.697988 
vn -0.162822 -0.536623 0.827964 
vn 0 -0.850069 0.526671 
vn -0.185461 -0.700237 0.6894 
vn 0 -0.943825 0.330446 
vn -0.19948 -0.831303 0.518791 
vn -0.204226 -0.923727 0.324067 
vn -0.19948 -0.973215 0.11428 
vn 0 -0.992943 0.118592 
vn -0.185461 -0.977466 -0.100819 
vn 0 -0.9951 -0.0988708 
vn -0.162822 -0.936282 -0.311232 
vn 0 -0.950195 -0.311657 
vn -0.132614 -0.851577 -0.507178 
vn 0 -0.86035 -0.509704 
vn -0.0962422 -0.72729 -0.679549 
vn -0.166521 -0.141987 0.975761 
vn -0.225644 -0.336039 0.914419 
vn -0.274631 -0.514998 0.812007 
vn -0.311284 -0.670826 0.673123 
vn -0.333955 -0.796525 0.504006 
vn -0.341627 -0.886448 0.312252 
vn -0.333955 -0.936556 0.106474 
vn -0.311284 -0.9446 -0.104087 
vn -0.274631 -0.910217 -0.309973 
vn -0.225644 -0.834952 -0.501936 
vn -0.166521 -0.722186 -0.671355 
vn -0.194636 -0.138999 0.970977 
vn -0.283277 -0.138099 0.949043 
vn -0.368422 -0.306716 0.877605 
vn -0.43854 -0.462823 0.770375 
vn -0.490773 -0.600055 0.631725 
vn -0.52299 -0.712813 0.46731 
vn -0.533877 -0.7965 0.283836 
vn -0.52299 -0.847702 0.0887864 
vn -0.490773 -0.864331 -0.109885 
vn -0.43854 -0.845708 -0.304074 
vn -0.368422 -0.792593 -0.485862 
vn -0.283277 -0.707153 -0.647834 
vn -0.194675 -0.717985 -0.668281 
vn -0.350295 -0.134873 0.926878 
vn -0.443129 -0.286881 0.849315 
vn -0.519239 -0.428062 0.739698 
vn -0.575753 -0.553087 0.602165 
vn -0.610538 -0.657239 0.441906 
vn -0.62228 -0.736586 0.26497 
vn -0.610538 -0.788134 0.078033 
vn -0.575753 -0.809937 -0.111849 
vn -0.519239 -0.801173 -0.297509 
vn -0.443129 -0.762173 -0.471942 
vn -0.350295 -0.694408 -0.628563 
vn -0.381664 -0.130318 0.915068 
vn -0.494668 -0.125145 0.860024 
vn -0.588203 -0.241556 0.771795 
vn -0.664042 -0.350699 0.660347 
vn -0.719904 -0.449292 0.529033 
vn -0.754107 -0.534368 0.381803 
vn -0.765624 -0.603368 0.223086 
vn -0.754107 -0.654215 0.0576582 
vn -0.719904 -0.685381 -0.109504 
vn -0.664042 -0.695928 -0.273372 
vn -0.588203 -0.685538 -0.429016 
vn -0.494668 -0.654524 -0.571753 
vn -0.381616 -0.685555 -0.619987 
vn -0.666482 -0.213996 0.714148 
vn -0.555175 -0.118796 0.823206 
vn -0.735504 -0.3054 0.604785 
vn -0.78608 -0.389145 0.480254 
vn -0.816943 -0.46313 0.34368 
vn -0.827317 -0.5255 0.198486 
vn -0.816943 -0.574692 0.0483142 
vn -0.78608 -0.609471 -0.103069 
vn -0.735504 -0.628965 -0.251867 
vn -0.666482 -0.632685 -0.394349 
vn -0.580746 -0.620538 -0.526941 
vn -0.580746 -0.117226 0.805601 
vn -0.6925 -0.103882 0.7139 
vn -0.761498 -0.177391 0.623421 
vn -0.816521 -0.247644 0.521503 
vn -0.856562 -0.313353 0.410014 
vn -0.880883 -0.373312 0.291002 
vn -0.889041 -0.426421 0.16665 
vn -0.880883 -0.471704 0.0392394 
vn -0.856562 -0.508331 -0.0888911 
vn -0.816521 -0.53563 -0.21539 
vn -0.761498 -0.5531 -0.337937 
vn -0.6925 -0.560421 -0.454283 
vn -0.706783 -0.10122 0.700151 
vn -0.784082 -0.0893729 0.614189 
vn -0.835229 -0.145338 0.530348 
vn -0.875705 -0.199445 0.439731 
vn -0.904991 -0.251004 0.343495 
vn -0.922713 -0.299356 0.24287 
vn -0.928646 -0.343883 0.139142 
vn -0.922713 -0.384016 0.0336359 
vn -0.904991 -0.419243 -0.0722999 
vn -0.875705 -0.449112 -0.177312 
vn -0.835229 -0.473243 -0.280058 
vn -0.784082 -0.491328 -0.379226 
vn -0.706546 -0.550703 -0.444431 
vn -0.892748 -0.116132 0.435333 
vn -0.831232 -0.0794102 0.550224 
vn -0.920073 -0.157336 0.358763 
vn -0.939755 -0.197234 0.279213 
vn -0.95163 -0.235493 0.197343 
vn -0.955599 -0.271795 0.113834 
vn -0.95163 -0.30584 0.0293795 
vn -0.939755 -0.337344 -0.0553193 
vn -0.920073 -0.366045 -0.139559 
vn -0.892748 -0.391706 -0.222638 
vn -0.858006 -0.414112 -0.303869 
vn -0.858006 -0.0739626 0.508286 
vn -0.92383 -0.0547957 0.37886 
vn -0.951628 -0.0774095 0.29734 
vn -0.964248 -0.103648 0.243891 
vn -0.973296 -0.129502 0.189538 
vn -0.978738 -0.154877 0.134483 
vn -0.980554 -0.179678 0.0789303 
vn -0.978738 -0.203813 0.0230848 
vn -0.973296 -0.227193 -0.0328462 
vn -0.964248 -0.249732 -0.0886555 
vn -0.951628 -0.271345 -0.144136 
vn -0.923421 -0.315124 -0.219067 
vn -0.935483 -0.291953 -0.199083 
vn -0.935483 -0.0508844 0.349688 
vn -0.980797 -0.0280838 0.192997 
vn -0.987373 -0.0394683 0.153418 
vn -0.990669 -0.0525689 0.125743 
vn -0.993026 -0.0656196 0.0979496 
vn -0.994441 -0.0786082 0.0700629 
vn -0.994912 -0.0915221 0.0421098 
vn -0.994441 -0.104349 0.0141168 
vn -0.993026 -0.117077 -0.0138897 
vn -0.990669 -0.129695 -0.0418829 
vn -0.987373 -0.142189 -0.0698365 
vn -0.977923 -0.175677 -0.113159 
vn -0.98314 -0.154548 -0.0977238 
vn -0.980699 -0.16481 -0.105202 
vn -0.98314 -0.0263303 0.180947 
vn -0.999987 -0.000747521 0.00513712 
vn -0.99999 -0.00112071 0.00436104 
vn -0.999992 -0.00149391 0.00358496 
vn -0.999994 -0.0018671 0.00280888 
vn -0.999995 -0.00224029 0.0020328 
vn -0.999996 -0.00261348 0.00125672 
vn -0.999995 -0.00298666 0.000480632 
vn -0.999994 -0.00335985 -0.000295453 
vn -0.999992 -0.00373303 -0.00107154 
vn -0.99999 -0.00410621 -0.00184762 
vn -0.999987 -0.00447939 -0.0026237 
vn -1 0 -6.245e-14 
vn 0 -0.729815 -0.683645 
f 2915//2915 2916//2916 2917//2917 
f 2918//2918 2915//2915 2919//2919 
f 2920//2920 2918//2918 2921//2921 
f 2922//2922 2920//2920 2923//2923 
f 2924//2924 2922//2922 2925//2925 
f 2924//2924 2926//2926 2927//2927 
f 2928//2928 2927//2927 2929//2929 
f 2930//2930 2929//2929 2931//2931 
f 2932//2932 2931//2931 2933//2933 
f 2934//2934 2933//2933 2935//2935 
f 2919//2919 2917//2917 2936//2936 
f 2921//2921 2919//2919 2937//2937 
f 2923//2923 2921//2921 2938//2938 
f 2925//2925 2923//2923 2939//2939 
f 2926//2926 2925//2925 2940//2940 
f 2927//2927 2926//2926 2941//2941 
f 2929//2929 2927//2927 2942//2942 
f 2931//2931 2929//2929 2943//2943 
f 2933//2933 2931//2931 2944//2944 
f 2933//2933 2945//2945 2946//2946 
f 2937//2937 2947//2947 2948//2948 
f 2937//2937 2936//2936 2947//2947 
f 2938//2938 2937//2937 2949//2949 
f 2939//2939 2938//2938 2950//2950 
f 2940//2940 2939//2939 2951//2951 
f 2941//2941 2940//2940 2952//2952 
f 2942//2942 2941//2941 2953//2953 
f 2943//2943 2942//2942 2954//2954 
f 2944//2944 2943//2943 2955//2955 
f 2945//2945 2944//2944 2956//2956 
f 2945//2945 2957//2957 2958//2958 
f 2958//2958 2959//2959 2945//2945 
f 2949//2949 2948//2948 2960//2960 
f 2950//2950 2949//2949 2961//2961 
f 2951//2951 2950//2950 2962//2962 
f 2952//2952 2951//2951 2963//2963 
f 2953//2953 2952//2952 2964//2964 
f 2954//2954 2953//2953 2965//2965 
f 2955//2955 2954//2954 2966//2966 
f 2956//2956 2955//2955 2967//2967 
f 2957//2957 2956//2956 2968//2968 
f 2957//2957 2969//2969 2970//2970 
f 2961//2961 2971//2971 2972//2972 
f 2961//2961 2960//2960 2971//2971 
f 2962//2962 2961//2961 2973//2973 
f 2963//2963 2962//2962 2974//2974 
f 2964//2964 2963//2963 2975//2975 
f 2965//2965 2964//2964 2976//2976 
f 2966//2966 2965//2965 2977//2977 
f 2967//2967 2966//2966 2978//2978 
f 2968//2968 2967//2967 2979//2979 
f 2969//2969 2968//2968 2980//2980 
f 2969//2969 2981//2981 2982//2982 
f 2982//2982 2983//2983 2969//2969 
f 2984//2984 2973//2973 2985//2985 
f 2973//2973 2972//2972 2985//2985 
f 2974//2974 2973//2973 2984//2984 
f 2975//2975 2974//2974 2986//2986 
f 2976//2976 2975//2975 2987//2987 
f 2977//2977 2976//2976 2988//2988 
f 2978//2978 2977//2977 2989//2989 
f 2979//2979 2978//2978 2990//2990 
f 2980//2980 2979//2979 2991//2991 
f 2981//2981 2980//2980 2992//2992 
f 2981//2981 2993//2993 2994//2994 
f 2984//2984 2995//2995 2996//2996 
f 2986//2986 2984//2984 2997//2997 
f 2987//2987 2986//2986 2998//2998 
f 2988//2988 2987//2987 2999//2999 
f 2989//2989 2988//2988 3000//3000 
f 2990//2990 2989//2989 3001//3001 
f 2991//2991 2990//2990 3002//3002 
f 2992//2992 2991//2991 3003//3003 
f 2993//2993 2992//2992 3004//3004 
f 2993//2993 3005//3005 3006//3006 
f 2997//2997 3007//3007 3008//3008 
f 2997//2997 2996//2996 3007//3007 
f 2998//2998 2997//2997 3009//3009 
f 2999//2999 2998//2998 3010//3010 
f 3000//3000 2999//2999 3011//3011 
f 3001//3001 3000//3000 3012//3012 
f 3002//3002 3001//3001 3013//3013 
f 3003//3003 3002//3002 3014//3014 
f 3004//3004 3003//3003 3015//3015 
f 3005//3005 3004//3004 3016//3016 
f 3005//3005 3017//3017 3018//3018 
f 3018//3018 3019//3019 3005//3005 
f 3020//3020 3009//3009 3021//3021 
f 3009//3009 3008//3008 3021//3021 
f 3010//3010 3009//3009 3020//3020 
f 3011//3011 3010//3010 3022//3022 
f 3012//3012 3011//3011 3023//3023 
f 3013//3013 3012//3012 3024//3024 
f 3014//3014 3013//3013 3025//3025 
f 3015//3015 3014//3014 3026//3026 
f 3016//3016 3015//3015 3027//3027 
f 3017//3017 3016//3016 3028//3028 
f 3017//3017 3029//3029 3030//3030 
f 3020//3020 3031//3031 3032//3032 
f 3032//3032 3033//3033 3020//3020 
f 3022//3022 3020//3020 3033//3033 
f 3023//3023 3022//3022 3034//3034 
f 3024//3024 3023//3023 3035//3035 
f 3025//3025 3024//3024 3036//3036 
f 3026//3026 3025//3025 3037//3037 
f 3027//3027 3026//3026 3038//3038 
f 3028//3028 3027//3027 3039//3039 
f 3029//3029 3028//3028 3040//3040 
f 3029//3029 3041//3041 3042//3042 
f 3041//3041 3043//3043 3042//3042 
f 3033//3033 3044//3044 3045//3045 
f 3045//3045 3046//3046 3033//3033 
f 3034//3034 3033//3033 3046//3046 
f 3035//3035 3034//3034 3047//3047 
f 3036//3036 3035//3035 3048//3048 
f 3037//3037 3036//3036 3049//3049 
f 3038//3038 3037//3037 3050//3050 
f 3039//3039 3038//3038 3051//3051 
f 3040//3040 3039//3039 3052//3052 
f 3041//3041 3040//3040 3053//3053 
f 3041//3041 3054//3054 3055//3055 
f 3054//3054 3056//3056 3057//3057 
f 3057//3057 3055//3055 3054//3054 
f 3046//3046 3058//3058 3059//3059 
f 3047//3047 3046//3046 3060//3060 
f 3048//3048 3047//3047 3061//3061 
f 3049//3049 3048//3048 3062//3062 
f 3050//3050 3049//3049 3063//3063 
f 3051//3051 3050//3050 3064//3064 
f 3052//3052 3051//3051 3065//3065 
f 3053//3053 3052//3052 3066//3066 
f 3054//3054 3053//3053 3067//3067 
f 3054//3054 3068//3068 3069//3069 
f 3069//3069 3068//3068 3070//3070 
f 3068//3068 3067//3067 3070//3070 
f 3067//3067 3066//3066 3070//3070 
f 3066//3066 3065//3065 3070//3070 
f 3065//3065 3064//3064 3070//3070 
f 3064//3064 3063//3063 3070//3070 
f 3063//3063 3062//3062 3070//3070 
f 3062//3062 3061//3061 3070//3070 
f 3061//3061 3060//3060 3070//3070 
f 3060//3060 3059//3059 3070//3070 
f 3069//3069 3056//3056 3054//3054 
f 3067//3067 3068//3068 3054//3054 
f 3066//3066 3067//3067 3053//3053 
f 3065//3065 3066//3066 3052//3052 
f 3064//3064 3065//3065 3051//3051 
f 3063//3063 3064//3064 3050//3050 
f 3062//3062 3063//3063 3049//3049 
f 3061//3061 3062//3062 3048//3048 
f 3060//3060 3061//3061 3047//3047 
f 3059//3059 3060//3060 3046//3046 
f 3055//3055 3043//3043 3041//3041 
f 3053//3053 3054//3054 3041//3041 
f 3052//3052 3053//3053 3040//3040 
f 3051//3051 3052//3052 3039//3039 
f 3050//3050 3051//3051 3038//3038 
f 3049//3049 3050//3050 3037//3037 
f 3048//3048 3049//3049 3036//3036 
f 3047//3047 3048//3048 3035//3035 
f 3046//3046 3047//3047 3034//3034 
f 3045//3045 3058//3058 3046//3046 
f 3042//3042 3030//3030 3029//3029 
f 3040//3040 3041//3041 3029//3029 
f 3039//3039 3040//3040 3028//3028 
f 3038//3038 3039//3039 3027//3027 
f 3037//3037 3038//3038 3026//3026 
f 3036//3036 3037//3037 3025//3025 
f 3035//3035 3036//3036 3024//3024 
f 3034//3034 3035//3035 3023//3023 
f 3033//3033 3034//3034 3022//3022 
f 3032//3032 3044//3044 3033//3033 
f 3030//3030 3018//3018 3017//3017 
f 3028//3028 3029//3029 3017//3017 
f 3027//3027 3028//3028 3016//3016 
f 3026//3026 3027//3027 3015//3015 
f 3025//3025 3026//3026 3014//3014 
f 3024//3024 3025//3025 3013//3013 
f 3023//3023 3024//3024 3012//3012 
f 3022//3022 3023//3023 3011//3011 
f 3020//3020 3022//3022 3010//3010 
f 3021//3021 3031//3031 3020//3020 
f 3019//3019 3006//3006 3005//3005 
f 3016//3016 3017//3017 3005//3005 
f 3015//3015 3016//3016 3004//3004 
f 3014//3014 3015//3015 3003//3003 
f 3013//3013 3014//3014 3002//3002 
f 3012//3012 3013//3013 3001//3001 
f 3011//3011 3012//3012 3000//3000 
f 3010//3010 3011//3011 2999//2999 
f 3009//3009 3010//3010 2998//2998 
f 3008//3008 3009//3009 2997//2997 
f 3006//3006 2994//2994 2993//2993 
f 3004//3004 3005//3005 2993//2993 
f 3003//3003 3004//3004 2992//2992 
f 3002//3002 3003//3003 2991//2991 
f 3001//3001 3002//3002 2990//2990 
f 3000//3000 3001//3001 2989//2989 
f 2999//2999 3000//3000 2988//2988 
f 2998//2998 2999//2999 2987//2987 
f 2997//2997 2998//2998 2986//2986 
f 2996//2996 2997//2997 2984//2984 
f 2994//2994 2982//2982 2981//2981 
f 2992//2992 2993//2993 2981//2981 
f 2991//2991 2992//2992 2980//2980 
f 2990//2990 2991//2991 2979//2979 
f 2989//2989 2990//2990 2978//2978 
f 2988//2988 2989//2989 2977//2977 
f 2987//2987 2988//2988 2976//2976 
f 2986//2986 2987//2987 2975//2975 
f 2984//2984 2986//2986 2974//2974 
f 2985//2985 2995//2995 2984//2984 
f 2983//2983 2970//2970 2969//2969 
f 2980//2980 2981//2981 2969//2969 
f 2979//2979 2980//2980 2968//2968 
f 2978//2978 2979//2979 2967//2967 
f 2977//2977 2978//2978 2966//2966 
f 2976//2976 2977//2977 2965//2965 
f 2975//2975 2976//2976 2964//2964 
f 2974//2974 2975//2975 2963//2963 
f 2973//2973 2974//2974 2962//2962 
f 2972//2972 2973//2973 2961//2961 
f 2970//2970 2958//2958 2957//2957 
f 2968//2968 2969//2969 2957//2957 
f 2967//2967 2968//2968 2956//2956 
f 2966//2966 2967//2967 2955//2955 
f 2965//2965 2966//2966 2954//2954 
f 2964//2964 2965//2965 2953//2953 
f 2963//2963 2964//2964 2952//2952 
f 2962//2962 2963//2963 2951//2951 
f 2961//2961 2962//2962 2950//2950 
f 2960//2960 2961//2961 2949//2949 
f 2959//2959 2946//2946 2945//2945 
f 2956//2956 2957//2957 2945//2945 
f 2955//2955 2956//2956 2944//2944 
f 2954//2954 2955//2955 2943//2943 
f 2953//2953 2954//2954 2942//2942 
f 2952//2952 2953//2953 2941//2941 
f 2951//2951 2952//2952 2940//2940 
f 2950//2950 2951//2951 2939//2939 
f 2949//2949 2950//2950 2938//2938 
f 2948//2948 2949//2949 2937//2937 
f 2946//2946 2935//2935 2933//2933 
f 2944//2944 2945//2945 2933//2933 
f 2943//2943 2944//2944 2931//2931 
f 2942//2942 2943//2943 2929//2929 
f 2941//2941 2942//2942 2927//2927 
f 2940//2940 2941//2941 2926//2926 
f 2939//2939 2940//2940 2925//2925 
f 2938//2938 2939//2939 2923//2923 
f 2937//2937 2938//2938 2921//2921 
f 2936//2936 2937//2937 2919//2919 
f 2935//2935 3071//3071 2934//2934 
f 2933//2933 2934//2934 2932//2932 
f 2931//2931 2932//2932 2930//2930 
f 2929//2929 2930//2930 2928//2928 
f 2927//2927 2928//2928 2924//2924 
f 2925//2925 2926//2926 2924//2924 
f 2923//2923 2925//2925 2922//2922 
f 2921//2921 2923//2923 2920//2920 
f 2919//2919 2921//2921 2918//2918 
f 2917//2917 2919//2919 2915//2915 
o mesh3799
v 0.316833 0.117402 0.0292454 
v 0.316805 0.117397 0.0292381 
v 0.316805 0.10312 0.0271606 
v 0.316833 0.103113 0.0271662 
v 0.316904 0.103103 0.0271741 
v 0.316904 0.117409 0.0292559 
v 0.317 0.103098 0.0271781 
v 0.317 0.117413 0.0292612 
v 0.31665 0.103166 0.027124 
v 0.31665 0.117363 0.0291898 
v 0.316618 0.117351 0.0291733 
v 0.316618 0.103182 0.0271114 
v 0.316717 0.103142 0.0271432 
v 0.316717 0.11738 0.029215 
v 0.316505 0.11731 0.0291139 
v 0.316445 0.117281 0.0290708 
v 0.316445 0.103278 0.0270331 
v 0.316505 0.103238 0.0270662 
v 0.316308 0.1172 0.0289487 
v 0.316308 0.10339 0.0269392 
v 0.316419 0.103295 0.027019 
v 0.316294 0.11719 0.0289319 
v 0.316294 0.103406 0.0269261 
v 0.316419 0.117269 0.0290523 
v 0.316216 0.103491 0.0268521 
v 0.316216 0.117128 0.0288364 
v 0.31617 0.117083 0.0287628 
v 0.31617 0.103556 0.0267946 
v 0.316142 0.117054 0.0287175 
v 0.316078 0.116967 0.0285714 
v 0.316078 0.103722 0.0266441 
v 0.316142 0.103596 0.0267592 
v 0.316065 0.116948 0.0285401 
v 0.31602 0.116848 0.0283653 
v 0.31602 0.103895 0.0264804 
v 0.316065 0.103749 0.0266194 
v 0.316 0.104069 0.0263089 
v 0.316017 0.11684 0.0283521 
v 0.316 0.116733 0.0281569 
v 0.316 0.104064 0.0263135 
v 0.316017 0.103906 0.0264699 
v 0.316 0.11673 0.0281512 
vn -0.166521 -0.141987 0.975761 
vn -0.195051 -0.141231 0.970571 
vn -0.195051 -0.141231 0.970571 
vn -0.166521 -0.141987 0.975761 
vn -0.0962422 -0.143329 0.984984 
vn -0.0962422 -0.143329 0.984984 
vn 1.22465e-16 -0.143997 0.989578 
vn 1.22465e-16 -0.143997 0.989578 
vn -0.350295 -0.134873 0.926878 
vn -0.350295 -0.134873 0.926878 
vn -0.382597 -0.133041 0.914286 
vn -0.382597 -0.133041 0.914286 
vn -0.283277 -0.138099 0.949043 
vn -0.283277 -0.138099 0.949043 
vn -0.494668 -0.125145 0.860024 
vn -0.555588 -0.119728 0.822793 
vn -0.555588 -0.119728 0.822793 
vn -0.494668 -0.125145 0.860024 
vn -0.6925 -0.103882 0.7139 
vn -0.6925 -0.103882 0.7139 
vn -0.580746 -0.117226 0.805601 
vn -0.707071 -0.101827 0.699773 
vn -0.707071 -0.101827 0.699773 
vn -0.580746 -0.117226 0.805601 
vn -0.784082 -0.0893729 0.614189 
vn -0.784082 -0.0893729 0.614189 
vn -0.831485 -0.0799973 0.549757 
vn -0.831485 -0.0799973 0.549757 
vn -0.858006 -0.0739626 0.508286 
vn -0.923925 -0.0550897 0.378587 
vn -0.923925 -0.0550897 0.378587 
vn -0.858006 -0.0739626 0.508286 
vn -0.935483 -0.0508844 0.349688 
vn -0.980799 -0.0280828 0.19299 
vn -0.980799 -0.0280828 0.19299 
vn -0.935483 -0.0508844 0.349688 
vn -1 2.01987e-15 -1.3881e-14 
vn -0.98314 -0.0263303 0.180947 
vn -0.999987 -0.000747521 0.00513712 
vn -0.999987 -0.000747521 0.00513712 
vn -0.98314 -0.0263303 0.180947 
vn -1 2.01987e-15 -1.3881e-14 
f 3072//3072 3073//3073 3074//3074 
f 3074//3074 3075//3075 3072//3072 
f 3076//3076 3077//3077 3072//3072 
f 3075//3075 3076//3076 3072//3072 
f 3078//3078 3079//3079 3077//3077 
f 3080//3080 3081//3081 3082//3082 
f 3082//3082 3083//3083 3080//3080 
f 3084//3084 3085//3085 3081//3081 
f 3084//3084 3073//3073 3085//3085 
f 3080//3080 3084//3084 3081//3081 
f 3086//3086 3087//3087 3088//3088 
f 3088//3088 3089//3089 3086//3086 
f 3083//3083 3082//3082 3086//3086 
f 3090//3090 3091//3091 3092//3092 
f 3090//3090 3093//3093 3094//3094 
f 3094//3094 3091//3091 3090//3090 
f 3088//3088 3087//3087 3095//3095 
f 3095//3095 3090//3090 3088//3088 
f 3096//3096 3097//3097 3098//3098 
f 3096//3096 3093//3093 3097//3097 
f 3098//3098 3099//3099 3096//3096 
f 3100//3100 3101//3101 3102//3102 
f 3102//3102 3103//3103 3100//3100 
f 3099//3099 3098//3098 3100//3100 
f 3104//3104 3105//3105 3106//3106 
f 3107//3107 3101//3101 3104//3104 
f 3106//3106 3107//3107 3104//3104 
f 3108//3108 3109//3109 3110//3110 
f 3111//3111 3105//3105 3109//3109 
f 3109//3109 3108//3108 3111//3111 
f 3111//3111 3112//3112 3105//3105 
f 3112//3112 3106//3106 3105//3105 
f 3110//3110 3113//3113 3108//3108 
f 3107//3107 3102//3102 3101//3101 
f 3103//3103 3099//3099 3100//3100 
f 3096//3096 3094//3094 3093//3093 
f 3092//3092 3088//3088 3090//3090 
f 3089//3089 3083//3083 3086//3086 
f 3084//3084 3074//3074 3073//3073 
f 3076//3076 3078//3078 3077//3077 
o mesh3800
v 0.317 0.11797 0.0286447 
v 0.317 0.117932 0.0285427 
v 0.316904 0.117926 0.0285414 
v 0.317 0.117985 0.0287524 
v 0.316886 0.117961 0.0286417 
v 0.317 0.117976 0.0288608 
v 0.31687 0.117974 0.0287477 
v 0.317 0.117944 0.0289647 
v 0.316859 0.117964 0.0288544 
v 0.317 0.11789 0.0290592 
v 0.316852 0.117931 0.0289569 
v 0.31685 0.117877 0.0290504 
v 0.316852 0.117805 0.0291305 
v 0.317 0.117817 0.0291399 
v 0.316859 0.117718 0.0291936 
v 0.317 0.117729 0.0292029 
v 0.31687 0.11762 0.0292367 
v 0.317 0.117629 0.0292453 
v 0.316886 0.117515 0.0292578 
v 0.317 0.117522 0.029265 
v 0.316904 0.117409 0.0292559 
v 0.316833 0.117915 0.0285387 
v 0.316804 0.117944 0.028636 
v 0.316779 0.117953 0.0287387 
v 0.316761 0.11794 0.0288423 
v 0.31675 0.117906 0.028942 
v 0.316746 0.117853 0.0290335 
v 0.31675 0.117783 0.0291126 
v 0.316761 0.117698 0.0291757 
v 0.316779 0.117604 0.0292201 
v 0.316804 0.117503 0.0292437 
v 0.316833 0.117402 0.0292454 
v 0.316805 0.117906 0.0285368 
v 0.316717 0.117881 0.0285308 
v 0.316674 0.117898 0.0286206 
v 0.316639 0.117898 0.0287153 
v 0.316613 0.117879 0.028811 
v 0.316597 0.117843 0.0289038 
v 0.316591 0.117791 0.02899 
v 0.316597 0.117724 0.029066 
v 0.316613 0.117647 0.0291288 
v 0.316639 0.117561 0.0291757 
v 0.316674 0.117471 0.0292048 
v 0.316717 0.11738 0.029215 
v 0.316805 0.117397 0.0292381 
v 0.31665 0.117852 0.0285241 
v 0.316603 0.117863 0.0286088 
v 0.316565 0.117856 0.028698 
v 0.316537 0.117834 0.0287882 
v 0.31652 0.117797 0.0288761 
v 0.316514 0.117745 0.0289583 
v 0.31652 0.117682 0.0290318 
v 0.316537 0.117609 0.0290938 
v 0.316565 0.11753 0.0291419 
v 0.316603 0.117447 0.0291743 
v 0.31665 0.117363 0.0291898 
v 0.316618 0.117834 0.0285195 
v 0.316505 0.117768 0.0285032 
v 0.316459 0.117763 0.028576 
v 0.316421 0.117745 0.0286521 
v 0.316393 0.117717 0.0287291 
v 0.316376 0.117678 0.0288048 
v 0.31637 0.11763 0.0288768 
v 0.316376 0.117575 0.0289431 
v 0.316393 0.117513 0.0290015 
v 0.316421 0.117447 0.0290504 
v 0.316459 0.117379 0.0290882 
v 0.316505 0.11731 0.0291139 
v 0.316618 0.117351 0.0291733 
v 0.316419 0.1177 0.0284854 
v 0.316376 0.117687 0.0285507 
v 0.316342 0.117665 0.0286184 
v 0.316317 0.117634 0.028687 
v 0.316301 0.117596 0.0287546 
v 0.316296 0.117551 0.0288195 
v 0.316301 0.1175 0.0288802 
v 0.316317 0.117445 0.0289351 
v 0.316342 0.117387 0.0289829 
v 0.316376 0.117328 0.0290223 
v 0.316419 0.117269 0.0290523 
v 0.316445 0.117281 0.0290708 
v 0.316308 0.117586 0.0284539 
v 0.316273 0.117566 0.0285086 
v 0.316245 0.11754 0.0285649 
v 0.316225 0.117509 0.0286216 
v 0.316213 0.117473 0.0286778 
v 0.316209 0.117433 0.0287324 
v 0.316213 0.11739 0.0287844 
v 0.316225 0.117344 0.0288329 
v 0.316245 0.117297 0.028877 
v 0.316273 0.117248 0.0289158 
v 0.316308 0.1172 0.0289487 
v 0.316294 0.117567 0.0284485 
v 0.316216 0.117463 0.0284176 
v 0.31619 0.11744 0.0284625 
v 0.31617 0.117414 0.0285083 
v 0.316155 0.117384 0.0285544 
v 0.316147 0.117352 0.0286002 
v 0.316144 0.117318 0.028645 
v 0.316147 0.117282 0.0286884 
v 0.316155 0.117244 0.0287297 
v 0.31617 0.117206 0.0287685 
v 0.31619 0.117167 0.0288042 
v 0.316216 0.117128 0.0288364 
v 0.316294 0.11719 0.0289319 
v 0.316142 0.117333 0.0283768 
v 0.316125 0.117311 0.0284125 
v 0.316111 0.117287 0.0284487 
v 0.316101 0.117261 0.0284849 
v 0.316095 0.117234 0.028521 
v 0.316093 0.117205 0.0285567 
v 0.316095 0.117176 0.0285915 
v 0.316101 0.117146 0.0286253 
v 0.316111 0.117116 0.0286577 
v 0.316125 0.117085 0.0286886 
v 0.316142 0.117054 0.0287175 
v 0.31617 0.117083 0.0287628 
v 0.316078 0.117176 0.028323 
v 0.316056 0.117124 0.0283348 
v 0.31605 0.117106 0.0283583 
v 0.316046 0.117087 0.0283819 
v 0.316043 0.117068 0.0284054 
v 0.316042 0.117048 0.0284287 
v 0.316043 0.117029 0.0284518 
v 0.316046 0.117009 0.0284745 
v 0.31605 0.116989 0.0284969 
v 0.316056 0.116968 0.0285188 
v 0.316078 0.116967 0.0285714 
v 0.316065 0.116948 0.0285401 
v 0.316065 0.117142 0.0283114 
v 0.316024 0.116971 0.0282477 
v 0.316015 0.116931 0.0282484 
v 0.31602 0.116956 0.0282421 
v 0.316013 0.116922 0.02826 
v 0.316012 0.116911 0.0282716 
v 0.316011 0.116901 0.0282832 
v 0.316011 0.116891 0.0282948 
v 0.316011 0.116881 0.0283064 
v 0.316012 0.116871 0.0283179 
v 0.316013 0.116861 0.0283294 
v 0.316015 0.11685 0.0283408 
v 0.31602 0.116848 0.0283653 
v 0.316017 0.11684 0.0283521 
v 0.316017 0.116941 0.0282368 
v 0.316 0.116736 0.0281537 
v 0.316 0.116735 0.0281541 
v 0.316 0.116735 0.0281544 
v 0.316 0.116735 0.0281547 
v 0.316 0.116735 0.028155 
v 0.316 0.116734 0.0281553 
v 0.316 0.116734 0.0281556 
v 0.316 0.116734 0.028156 
v 0.316 0.116733 0.0281563 
v 0.316 0.116733 0.0281566 
v 0.316 0.116733 0.0281569 
v 0.316 0.11673 0.0281512 
v 0.317 0.117413 0.0292612 
vn 0 0.969933 -0.243373 
vn 0 0.894383 -0.447302 
vn -0.0962422 0.890795 -0.444096 
vn 0 0.99961 -0.027934 
vn -0.132614 0.960804 -0.243452 
vn 0 0.982011 0.188826 
vn -0.162822 0.986153 -0.0314913 
vn 0 0.917967 0.396656 
vn -0.185461 0.965663 0.181933 
vn 0 0.810509 0.585726 
vn -0.19948 0.900287 0.3869 
vn -0.204226 0.793063 0.573884 
vn -0.19948 0.648976 0.734192 
vn 0 0.664719 0.747094 
vn -0.185461 0.474724 0.860373 
vn 0 0.48749 0.873128 
vn -0.162822 0.278405 0.946562 
vn 0 0.287206 0.957869 
vn -0.132614 0.069145 0.988753 
vn 0 0.0733387 0.997307 
vn -0.0962422 -0.143329 0.984984 
vn -0.166521 0.883568 -0.437696 
vn -0.225644 0.943375 -0.243165 
vn -0.274631 0.96081 -0.0377125 
vn -0.311284 0.935091 0.169434 
vn -0.333955 0.867372 0.36897 
vn -0.341627 0.760696 0.551935 
vn -0.333955 0.619854 0.710109 
vn -0.311284 0.451172 0.836389 
vn -0.274631 0.262225 0.925103 
vn -0.225644 0.0615001 0.972267 
vn -0.166521 -0.141987 0.975761 
vn -0.194675 0.878665 -0.435946 
vn -0.283277 0.862455 -0.419434 
vn -0.368422 0.898191 -0.239829 
vn -0.43854 0.897295 -0.0504431 
vn -0.490773 0.859803 0.141001 
vn -0.52299 0.787244 0.326694 
vn -0.533877 0.682578 0.499062 
vn -0.52299 0.550073 0.651077 
vn -0.490773 0.395133 0.776538 
vn -0.43854 0.224078 0.870328 
vn -0.368422 0.0438847 0.928622 
vn -0.283277 -0.138099 0.949043 
vn -0.194636 -0.143487 0.970324 
vn -0.350295 0.844746 -0.404595 
vn -0.443129 0.865065 -0.235156 
vn -0.519239 0.852736 -0.0568428 
vn -0.575753 0.808225 0.123616 
vn -0.610538 0.733211 0.299409 
vn -0.62228 0.630525 0.463903 
vn -0.610538 0.504042 0.610889 
vn -0.575753 0.358537 0.734819 
vn -0.519239 0.199501 0.831017 
vn -0.443129 0.0329352 0.895852 
vn -0.350295 -0.134873 0.926878 
vn -0.381616 0.833817 -0.398898 
vn -0.494668 0.790326 -0.361508 
vn -0.588203 0.779375 -0.215851 
vn -0.664042 0.744977 -0.063701 
vn -0.719904 0.688166 0.0903658 
vn -0.754107 0.610653 0.241714 
vn -0.765624 0.514768 0.38579 
vn -0.754107 0.403396 0.51826 
vn -0.719904 0.279889 0.635139 
vn -0.664042 0.147961 0.732909 
vn -0.588203 0.0115821 0.80863 
vn -0.494668 -0.125145 0.860024 
vn -0.381664 -0.135874 0.91426 
vn -0.580746 0.744978 -0.32824 
vn -0.666482 0.718834 -0.197685 
vn -0.735504 0.674662 -0.0621719 
vn -0.78608 0.61357 0.0749001 
vn -0.816943 0.53709 0.210094 
vn -0.827317 0.447141 0.340018 
vn -0.816943 0.345977 0.461416 
vn -0.78608 0.236138 0.571241 
vn -0.735504 0.120376 0.666741 
vn -0.666482 0.00159486 0.745519 
vn -0.580746 -0.117226 0.805601 
vn -0.555175 -0.120739 0.822923 
vn -0.6925 0.666647 -0.275727 
vn -0.761498 0.626473 -0.166293 
vn -0.816521 0.574802 -0.0538072 
vn -0.856562 0.512584 0.0596661 
vn -0.880883 0.440959 0.172044 
vn -0.889041 0.361243 0.281266 
vn -0.880883 0.274897 0.385326 
vn -0.856562 0.183507 0.482315 
vn -0.816521 0.0887498 0.570453 
vn -0.761498 -0.00763627 0.648123 
vn -0.6925 -0.103882 0.7139 
vn -0.706546 0.654525 -0.269053 
vn -0.784082 0.579029 -0.223474 
vn -0.835229 0.533432 -0.133573 
vn -0.875705 0.48102 -0.0419647 
vn -0.904991 0.422462 0.0501797 
vn -0.922713 0.358505 0.141683 
vn -0.928646 0.289968 0.231376 
vn -0.922713 0.217726 0.318112 
vn -0.904991 0.142701 0.400784 
vn -0.875705 0.0658539 0.478335 
vn -0.835229 -0.0118351 0.549774 
vn -0.784082 -0.0893729 0.614189 
vn -0.706783 -0.102516 0.699963 
vn -0.858006 0.483539 -0.173248 
vn -0.892748 0.438912 -0.101772 
vn -0.920073 0.390638 -0.0294506 
vn -0.939755 0.33912 0.0431154 
vn -0.95163 0.284784 0.115323 
vn -0.955599 0.228082 0.186573 
vn -0.95163 0.169485 0.256273 
vn -0.939755 0.109481 0.323844 
vn -0.920073 0.0485665 0.388725 
vn -0.892748 -0.012751 0.450376 
vn -0.858006 -0.0739626 0.508286 
vn -0.831232 -0.080693 0.550038 
vn -0.923421 0.364489 -0.120174 
vn -0.951628 0.30117 -0.0608276 
vn -0.964248 0.264641 -0.0138072 
vn -0.973296 0.227132 0.0332644 
vn -0.978738 0.188782 0.0802127 
vn -0.980554 0.149732 0.126864 
vn -0.978738 0.110127 0.173045 
vn -0.973296 0.0701146 0.218585 
vn -0.964248 0.0298423 0.263316 
vn -0.951628 -0.0105406 0.307071 
vn -0.92383 -0.0554493 0.378765 
vn -0.935483 -0.0508844 0.349688 
vn -0.935483 0.336583 -0.107623 
vn -0.977923 0.200641 -0.0583994 
vn -0.987373 0.156195 -0.0264175 
vn -0.980699 0.187957 -0.053869 
vn -0.990669 0.136253 -0.00318395 
vn -0.993026 0.116181 0.0200526 
vn -0.994441 0.0959987 0.0432702 
vn -0.994912 0.0757257 0.0664467 
vn -0.994441 0.0553808 0.0895602 
vn -0.993026 0.0349834 0.112589 
vn -0.990669 0.0145529 0.135511 
vn -0.987373 -0.00589149 0.158304 
vn -0.980797 -0.0280838 0.192997 
vn -0.98314 -0.0263303 0.180947 
vn -0.98314 0.17599 -0.049626 
vn -0.999987 0.00504136 -0.0012383 
vn -0.99999 0.00446248 -0.000600759 
vn -0.999992 0.0038836 3.67873e-05 
vn -0.999994 0.00330472 0.000674333 
vn -0.999995 0.00272583 0.00131188 
vn -0.999996 0.00214694 0.00194942 
vn -0.999995 0.00156805 0.00258697 
vn -0.999994 0.000989158 0.00322451 
vn -0.999992 0.000410265 0.00386205 
vn -0.99999 -0.000168628 0.00449958 
vn -0.999987 -0.000747521 0.00513712 
vn -1 1.38778e-13 -3.46945e-14 
vn 0 -0.143997 0.989578 
f 3114//3114 3115//3115 3116//3116 
f 3117//3117 3114//3114 3118//3118 
f 3119//3119 3117//3117 3120//3120 
f 3121//3121 3119//3119 3122//3122 
f 3123//3123 3121//3121 3124//3124 
f 3123//3123 3125//3125 3126//3126 
f 3127//3127 3126//3126 3128//3128 
f 3129//3129 3128//3128 3130//3130 
f 3131//3131 3130//3130 3132//3132 
f 3133//3133 3132//3132 3134//3134 
f 3118//3118 3116//3116 3135//3135 
f 3120//3120 3118//3118 3136//3136 
f 3122//3122 3120//3120 3137//3137 
f 3124//3124 3122//3122 3138//3138 
f 3125//3125 3124//3124 3139//3139 
f 3126//3126 3125//3125 3140//3140 
f 3128//3128 3126//3126 3141//3141 
f 3130//3130 3128//3128 3142//3142 
f 3132//3132 3130//3130 3143//3143 
f 3132//3132 3144//3144 3145//3145 
f 3136//3136 3146//3146 3147//3147 
f 3136//3136 3135//3135 3146//3146 
f 3137//3137 3136//3136 3148//3148 
f 3138//3138 3137//3137 3149//3149 
f 3139//3139 3138//3138 3150//3150 
f 3140//3140 3139//3139 3151//3151 
f 3141//3141 3140//3140 3152//3152 
f 3142//3142 3141//3141 3153//3153 
f 3143//3143 3142//3142 3154//3154 
f 3144//3144 3143//3143 3155//3155 
f 3144//3144 3156//3156 3157//3157 
f 3157//3157 3158//3158 3144//3144 
f 3148//3148 3147//3147 3159//3159 
f 3149//3149 3148//3148 3160//3160 
f 3150//3150 3149//3149 3161//3161 
f 3151//3151 3150//3150 3162//3162 
f 3152//3152 3151//3151 3163//3163 
f 3153//3153 3152//3152 3164//3164 
f 3154//3154 3153//3153 3165//3165 
f 3155//3155 3154//3154 3166//3166 
f 3156//3156 3155//3155 3167//3167 
f 3156//3156 3168//3168 3169//3169 
f 3160//3160 3170//3170 3171//3171 
f 3160//3160 3159//3159 3170//3170 
f 3161//3161 3160//3160 3172//3172 
f 3162//3162 3161//3161 3173//3173 
f 3163//3163 3162//3162 3174//3174 
f 3164//3164 3163//3163 3175//3175 
f 3165//3165 3164//3164 3176//3176 
f 3166//3166 3165//3165 3177//3177 
f 3167//3167 3166//3166 3178//3178 
f 3168//3168 3167//3167 3179//3179 
f 3168//3168 3180//3180 3181//3181 
f 3181//3181 3182//3182 3168//3168 
f 3172//3172 3171//3171 3183//3183 
f 3173//3173 3172//3172 3184//3184 
f 3174//3174 3173//3173 3185//3185 
f 3175//3175 3174//3174 3186//3186 
f 3176//3176 3175//3175 3187//3187 
f 3177//3177 3176//3176 3188//3188 
f 3178//3178 3177//3177 3189//3189 
f 3179//3179 3178//3178 3190//3190 
f 3180//3180 3179//3179 3191//3191 
f 3192//3192 3193//3193 3194//3194 
f 3194//3194 3180//3180 3192//3192 
f 3184//3184 3183//3183 3195//3195 
f 3185//3185 3184//3184 3196//3196 
f 3186//3186 3185//3185 3197//3197 
f 3187//3187 3186//3186 3198//3198 
f 3188//3188 3187//3187 3199//3199 
f 3189//3189 3188//3188 3200//3200 
f 3190//3190 3189//3189 3201//3201 
f 3191//3191 3190//3190 3202//3202 
f 3192//3192 3191//3191 3203//3203 
f 3192//3192 3204//3204 3205//3205 
f 3196//3196 3206//3206 3207//3207 
f 3196//3196 3195//3195 3206//3206 
f 3197//3197 3196//3196 3208//3208 
f 3198//3198 3197//3197 3209//3209 
f 3199//3199 3198//3198 3210//3210 
f 3200//3200 3199//3199 3211//3211 
f 3201//3201 3200//3200 3212//3212 
f 3202//3202 3201//3201 3213//3213 
f 3203//3203 3202//3202 3214//3214 
f 3204//3204 3203//3203 3215//3215 
f 3204//3204 3216//3216 3217//3217 
f 3217//3217 3218//3218 3204//3204 
f 3208//3208 3207//3207 3219//3219 
f 3209//3209 3208//3208 3220//3220 
f 3210//3210 3209//3209 3221//3221 
f 3211//3211 3210//3210 3222//3222 
f 3212//3212 3211//3211 3223//3223 
f 3213//3213 3212//3212 3224//3224 
f 3214//3214 3213//3213 3225//3225 
f 3215//3215 3214//3214 3226//3226 
f 3216//3216 3215//3215 3227//3227 
f 3228//3228 3229//3229 3230//3230 
f 3230//3230 3216//3216 3228//3228 
f 3220//3220 3219//3219 3231//3231 
f 3231//3231 3232//3232 3220//3220 
f 3221//3221 3220//3220 3232//3232 
f 3222//3222 3221//3221 3233//3233 
f 3223//3223 3222//3222 3234//3234 
f 3224//3224 3223//3223 3235//3235 
f 3225//3225 3224//3224 3236//3236 
f 3226//3226 3225//3225 3237//3237 
f 3227//3227 3226//3226 3238//3238 
f 3228//3228 3227//3227 3239//3239 
f 3228//3228 3240//3240 3241//3241 
f 3240//3240 3242//3242 3241//3241 
f 3232//3232 3243//3243 3244//3244 
f 3244//3244 3245//3245 3232//3232 
f 3244//3244 3246//3246 3245//3245 
f 3233//3233 3232//3232 3245//3245 
f 3234//3234 3233//3233 3247//3247 
f 3235//3235 3234//3234 3248//3248 
f 3236//3236 3235//3235 3249//3249 
f 3237//3237 3236//3236 3250//3250 
f 3238//3238 3237//3237 3251//3251 
f 3239//3239 3238//3238 3252//3252 
f 3240//3240 3239//3239 3253//3253 
f 3240//3240 3254//3254 3255//3255 
f 3254//3254 3256//3256 3255//3255 
f 3245//3245 3257//3257 3258//3258 
f 3247//3247 3245//3245 3259//3259 
f 3248//3248 3247//3247 3260//3260 
f 3249//3249 3248//3248 3261//3261 
f 3250//3250 3249//3249 3262//3262 
f 3251//3251 3250//3250 3263//3263 
f 3252//3252 3251//3251 3264//3264 
f 3253//3253 3252//3252 3265//3265 
f 3254//3254 3253//3253 3266//3266 
f 3254//3254 3267//3267 3268//3268 
f 3268//3268 3267//3267 3269//3269 
f 3267//3267 3266//3266 3269//3269 
f 3266//3266 3265//3265 3269//3269 
f 3265//3265 3264//3264 3269//3269 
f 3264//3264 3263//3263 3269//3269 
f 3263//3263 3262//3262 3269//3269 
f 3262//3262 3261//3261 3269//3269 
f 3261//3261 3260//3260 3269//3269 
f 3260//3260 3259//3259 3269//3269 
f 3259//3259 3258//3258 3269//3269 
f 3268//3268 3256//3256 3254//3254 
f 3266//3266 3267//3267 3254//3254 
f 3265//3265 3266//3266 3253//3253 
f 3264//3264 3265//3265 3252//3252 
f 3263//3263 3264//3264 3251//3251 
f 3262//3262 3263//3263 3250//3250 
f 3261//3261 3262//3262 3249//3249 
f 3260//3260 3261//3261 3248//3248 
f 3259//3259 3260//3260 3247//3247 
f 3258//3258 3259//3259 3245//3245 
f 3255//3255 3242//3242 3240//3240 
f 3253//3253 3254//3254 3240//3240 
f 3252//3252 3253//3253 3239//3239 
f 3251//3251 3252//3252 3238//3238 
f 3250//3250 3251//3251 3237//3237 
f 3249//3249 3250//3250 3236//3236 
f 3248//3248 3249//3249 3235//3235 
f 3247//3247 3248//3248 3234//3234 
f 3245//3245 3247//3247 3233//3233 
f 3246//3246 3257//3257 3245//3245 
f 3241//3241 3229//3229 3228//3228 
f 3239//3239 3240//3240 3228//3228 
f 3238//3238 3239//3239 3227//3227 
f 3237//3237 3238//3238 3226//3226 
f 3236//3236 3237//3237 3225//3225 
f 3235//3235 3236//3236 3224//3224 
f 3234//3234 3235//3235 3223//3223 
f 3233//3233 3234//3234 3222//3222 
f 3232//3232 3233//3233 3221//3221 
f 3231//3231 3243//3243 3232//3232 
f 3230//3230 3217//3217 3216//3216 
f 3227//3227 3228//3228 3216//3216 
f 3226//3226 3227//3227 3215//3215 
f 3225//3225 3226//3226 3214//3214 
f 3224//3224 3225//3225 3213//3213 
f 3223//3223 3224//3224 3212//3212 
f 3222//3222 3223//3223 3211//3211 
f 3221//3221 3222//3222 3210//3210 
f 3220//3220 3221//3221 3209//3209 
f 3219//3219 3220//3220 3208//3208 
f 3218//3218 3205//3205 3204//3204 
f 3215//3215 3216//3216 3204//3204 
f 3214//3214 3215//3215 3203//3203 
f 3213//3213 3214//3214 3202//3202 
f 3212//3212 3213//3213 3201//3201 
f 3211//3211 3212//3212 3200//3200 
f 3210//3210 3211//3211 3199//3199 
f 3209//3209 3210//3210 3198//3198 
f 3208//3208 3209//3209 3197//3197 
f 3207//3207 3208//3208 3196//3196 
f 3205//3205 3193//3193 3192//3192 
f 3203//3203 3204//3204 3192//3192 
f 3202//3202 3203//3203 3191//3191 
f 3201//3201 3202//3202 3190//3190 
f 3200//3200 3201//3201 3189//3189 
f 3199//3199 3200//3200 3188//3188 
f 3198//3198 3199//3199 3187//3187 
f 3197//3197 3198//3198 3186//3186 
f 3196//3196 3197//3197 3185//3185 
f 3195//3195 3196//3196 3184//3184 
f 3194//3194 3181//3181 3180//3180 
f 3191//3191 3192//3192 3180//3180 
f 3190//3190 3191//3191 3179//3179 
f 3189//3189 3190//3190 3178//3178 
f 3188//3188 3189//3189 3177//3177 
f 3187//3187 3188//3188 3176//3176 
f 3186//3186 3187//3187 3175//3175 
f 3185//3185 3186//3186 3174//3174 
f 3184//3184 3185//3185 3173//3173 
f 3183//3183 3184//3184 3172//3172 
f 3182//3182 3169//3169 3168//3168 
f 3179//3179 3180//3180 3168//3168 
f 3178//3178 3179//3179 3167//3167 
f 3177//3177 3178//3178 3166//3166 
f 3176//3176 3177//3177 3165//3165 
f 3175//3175 3176//3176 3164//3164 
f 3174//3174 3175//3175 3163//3163 
f 3173//3173 3174//3174 3162//3162 
f 3172//3172 3173//3173 3161//3161 
f 3171//3171 3172//3172 3160//3160 
f 3169//3169 3157//3157 3156//3156 
f 3167//3167 3168//3168 3156//3156 
f 3166//3166 3167//3167 3155//3155 
f 3165//3165 3166//3166 3154//3154 
f 3164//3164 3165//3165 3153//3153 
f 3163//3163 3164//3164 3152//3152 
f 3162//3162 3163//3163 3151//3151 
f 3161//3161 3162//3162 3150//3150 
f 3160//3160 3161//3161 3149//3149 
f 3159//3159 3160//3160 3148//3148 
f 3158//3158 3145//3145 3144//3144 
f 3155//3155 3156//3156 3144//3144 
f 3154//3154 3155//3155 3143//3143 
f 3153//3153 3154//3154 3142//3142 
f 3152//3152 3153//3153 3141//3141 
f 3151//3151 3152//3152 3140//3140 
f 3150//3150 3151//3151 3139//3139 
f 3149//3149 3150//3150 3138//3138 
f 3148//3148 3149//3149 3137//3137 
f 3147//3147 3148//3148 3136//3136 
f 3145//3145 3134//3134 3132//3132 
f 3143//3143 3144//3144 3132//3132 
f 3142//3142 3143//3143 3130//3130 
f 3141//3141 3142//3142 3128//3128 
f 3140//3140 3141//3141 3126//3126 
f 3139//3139 3140//3140 3125//3125 
f 3138//3138 3139//3139 3124//3124 
f 3137//3137 3138//3138 3122//3122 
f 3136//3136 3137//3137 3120//3120 
f 3135//3135 3136//3136 3118//3118 
f 3134//3134 3270//3270 3133//3133 
f 3132//3132 3133//3133 3131//3131 
f 3130//3130 3131//3131 3129//3129 
f 3128//3128 3129//3129 3127//3127 
f 3126//3126 3127//3127 3123//3123 
f 3124//3124 3125//3125 3123//3123 
f 3122//3122 3124//3124 3121//3121 
f 3120//3120 3122//3122 3119//3119 
f 3118//3118 3120//3120 3117//3117 
f 3116//3116 3118//3118 3114//3114 
o mesh3801
v 0.3177 0.117932 0.0285427 
v 0.317 0.117932 0.0285427 
v 0.317 0.11797 0.0286447 
v 0.3177 0.11797 0.0286447 
v 0.317 0.117985 0.0287524 
v 0.3177 0.117985 0.0287524 
v 0.317 0.117976 0.0288608 
v 0.3177 0.117976 0.0288608 
v 0.317 0.117944 0.0289647 
v 0.3177 0.117944 0.0289647 
v 0.317 0.11789 0.0290592 
v 0.3177 0.11789 0.0290592 
v 0.317 0.117817 0.0291399 
v 0.3177 0.117817 0.0291399 
v 0.317 0.117729 0.0292029 
v 0.3177 0.117729 0.0292029 
v 0.317 0.117629 0.0292453 
v 0.3177 0.117629 0.0292453 
v 0.317 0.117522 0.029265 
v 0.3177 0.117522 0.029265 
v 0.317 0.117413 0.0292612 
v 0.3177 0.117413 0.0292612 
vn 0 0.894383 -0.447302 
vn 0 0.894383 -0.447302 
vn 0 0.969933 -0.243373 
vn 0 0.969933 -0.243373 
vn 0 0.99961 -0.027934 
vn 0 0.99961 -0.027934 
vn 0 0.982011 0.188826 
vn 0 0.982011 0.188826 
vn 0 0.917967 0.396656 
vn 0 0.917967 0.396656 
vn 0 0.810509 0.585726 
vn 0 0.810509 0.585726 
vn 0 0.664719 0.747094 
vn 0 0.664719 0.747094 
vn 0 0.48749 0.873128 
vn 0 0.48749 0.873128 
vn 0 0.287206 0.957869 
vn 0 0.287206 0.957869 
vn 0 0.0733387 0.997307 
vn 0 0.0733387 0.997307 
vn 0 -0.143997 0.989578 
vn 0 -0.143997 0.989578 
f 3271//3271 3272//3272 3273//3273 
f 3274//3274 3273//3273 3275//3275 
f 3276//3276 3275//3275 3277//3277 
f 3278//3278 3277//3277 3279//3279 
f 3280//3280 3279//3279 3281//3281 
f 3282//3282 3281//3281 3283//3283 
f 3284//3284 3283//3283 3285//3285 
f 3286//3286 3285//3285 3287//3287 
f 3288//3288 3287//3287 3289//3289 
f 3290//3290 3289//3289 3291//3291 
f 3291//3291 3292//3292 3290//3290 
f 3289//3289 3290//3290 3288//3288 
f 3287//3287 3288//3288 3286//3286 
f 3285//3285 3286//3286 3284//3284 
f 3283//3283 3284//3284 3282//3282 
f 3281//3281 3282//3282 3280//3280 
f 3279//3279 3280//3280 3278//3278 
f 3277//3277 3278//3278 3276//3276 
f 3275//3275 3276//3276 3274//3274 
f 3273//3273 3274//3274 3271//3271 
o mesh3802
v 0.3177 0.118621 0.0249595 
v 0.3177 0.118184 0.0254436 
v 0.3177 0.119472 0.0262297 
v 0.3177 0.117861 0.0260109 
v 0.3177 0.11929 0.0264982 
v 0.3177 0.122061 0.0267995 
v 0.3177 0.123466 0.0281358 
v 0.3177 0.123601 0.0274974 
v 0.3177 0.12226 0.0246919 
v 0.3177 0.121679 0.0243957 
v 0.3177 0.121245 0.0258395 
v 0.3177 0.121047 0.0242321 
v 0.3177 0.120938 0.0257359 
v 0.3177 0.120395 0.0242089 
v 0.3177 0.119754 0.0243272 
v 0.3177 0.120293 0.0257359 
v 0.3177 0.119153 0.0245814 
v 0.3177 0.119985 0.0258395 
v 0.3177 0.119708 0.0260067 
v 0.3177 0.123594 0.026845 
v 0.3177 0.122805 0.0292518 
v 0.3177 0.123196 0.0287299 
v 0.3177 0.120615 0.0257008 
v 0.3177 0.123165 0.0256208 
v 0.3177 0.122764 0.0251069 
v 0.3177 0.121759 0.0262297 
v 0.3177 0.121523 0.0260067 
v 0.3177 0.122739 0.0293387 
v 0.3177 0.123447 0.0262095 
v 0.3177 0.121941 0.0264982 
v 0.3177 0.121857 0.0280426 
v 0.3177 0.122695 0.0294377 
v 0.3177 0.117669 0.0266343 
v 0.3177 0.11917 0.0267995 
v 0.3177 0.117616 0.0272846 
v 0.3177 0.119117 0.0271196 
v 0.3177 0.117705 0.0279309 
v 0.3177 0.117932 0.0285427 
v 0.3177 0.119222 0.027756 
v 0.3177 0.119374 0.0280426 
v 0.3177 0.122096 0.0274435 
v 0.3177 0.122009 0.027756 
v 0.3177 0.119135 0.0274435 
v 0.3177 0.11797 0.0286447 
v 0.3177 0.122113 0.0271196 
v 0.3177 0.117944 0.0289647 
v 0.3177 0.123098 0.0300884 
v 0.3177 0.122992 0.0300611 
v 0.3177 0.117976 0.0288608 
v 0.3177 0.122895 0.0300117 
v 0.3177 0.120453 0.028692 
v 0.3177 0.119842 0.0284861 
v 0.3177 0.119584 0.0282898 
v 0.3177 0.120136 0.0286223 
v 0.3177 0.122745 0.0298569 
v 0.3177 0.122698 0.0297588 
v 0.3177 0.121389 0.0284861 
v 0.3177 0.122812 0.0299426 
v 0.3177 0.117629 0.0292453 
v 0.3177 0.117522 0.029265 
v 0.3177 0.120777 0.028692 
v 0.3177 0.122672 0.0295441 
v 0.3177 0.122673 0.0296529 
v 0.3177 0.121094 0.0286223 
v 0.3177 0.121647 0.0282898 
v 0.3177 0.117729 0.0292029 
v 0.3177 0.11789 0.0290592 
v 0.3177 0.117817 0.0291399 
v 0.3177 0.117985 0.0287524 
v 0.3177 0.117413 0.0292612 
vn -1 0 0 
vn -1 0 0 
vn -1 0 0 
vn -1 0 0 
vn -1 0 0 
vn -1 0 0 
vn -1 0 0 
vn -1 0 0 
vn -1 0 0 
vn -1 0 0 
vn -1 0 0 
vn -1 0 0 
vn -1 0 0 
vn -1 0 0 
vn -1 0 0 
vn -1 0 0 
vn -1 0 0 
vn -1 0 0 
vn -1 0 0 
vn -1 0 0 
vn -1 0 0 
vn -1 0 0 
vn -1 0 0 
vn -1 0 0 
vn -1 0 0 
vn -1 0 0 
vn -1 0 0 
vn -1 0 0 
vn -1 0 0 
vn -1 0 0 
vn -1 0 0 
vn -1 0 0 
vn -1 0 0 
vn -1 0 0 
vn -1 0 0 
vn -1 0 0 
vn -1 0 0 
vn -1 0 0 
vn -1 0 0 
vn -1 0 0 
vn -1 0 0 
vn -1 0 0 
vn -1 0 0 
vn -1 0 0 
vn -1 0 0 
vn -1 0 0 
vn -1 0 0 
vn -1 0 0 
vn -1 0 0 
vn -1 0 0 
vn -1 0 0 
vn -1 0 0 
vn -1 0 0 
vn -1 0 0 
vn -1 0 0 
vn -1 0 0 
vn -1 0 0 
vn -1 0 0 
vn -1 0 0 
vn -1 0 0 
vn -1 0 0 
vn -1 0 0 
vn -1 0 0 
vn -1 0 0 
vn -1 0 0 
vn -1 0 0 
vn -1 0 0 
vn -1 0 0 
vn -1 0 0 
vn -1 0 0 
f 3293//3293 3294//3294 3295//3295 
f 3294//3294 3296//3296 3297//3297 
f 3298//3298 3299//3299 3300//3300 
f 3301//3301 3302//3302 3303//3303 
f 3302//3302 3304//3304 3305//3305 
f 3306//3306 3307//3307 3308//3308 
f 3307//3307 3309//3309 3310//3310 
f 3309//3309 3293//3293 3311//3311 
f 3297//3297 3295//3295 3294//3294 
f 3300//3300 3312//3312 3298//3298 
f 3298//3298 3313//3313 3314//3314 
f 3305//3305 3303//3303 3302//3302 
f 3304//3304 3306//3306 3315//3315 
f 3310//3310 3308//3308 3307//3307 
f 3295//3295 3311//3311 3293//3293 
f 3314//3314 3299//3299 3298//3298 
f 3316//3316 3317//3317 3318//3318 
f 3317//3317 3301//3301 3319//3319 
f 3315//3315 3305//3305 3304//3304 
f 3311//3311 3310//3310 3309//3309 
f 3298//3298 3320//3320 3313//3313 
f 3321//3321 3316//3316 3322//3322 
f 3319//3319 3318//3318 3317//3317 
f 3308//3308 3315//3315 3306//3306 
f 3323//3323 3324//3324 3320//3320 
f 3322//3322 3298//3298 3321//3321 
f 3303//3303 3319//3319 3301//3301 
f 3296//3296 3325//3325 3326//3326 
f 3325//3325 3327//3327 3328//3328 
f 3329//3329 3330//3330 3331//3331 
f 3332//3332 3331//3331 3330//3330 
f 3320//3320 3333//3333 3334//3334 
f 3318//3318 3322//3322 3316//3316 
f 3328//3328 3326//3326 3325//3325 
f 3327//3327 3329//3329 3335//3335 
f 3330//3330 3336//3336 3332//3332 
f 3320//3320 3337//3337 3333//3333 
f 3338//3338 3339//3339 3340//3340 
f 3341//3341 3342//3342 3343//3343 
f 3326//3326 3297//3297 3296//3296 
f 3331//3331 3335//3335 3329//3329 
f 3336//3336 3344//3344 3345//3345 
f 3336//3336 3343//3343 3346//3346 
f 3320//3320 3298//3298 3337//3337 
f 3323//3323 3347//3347 3348//3348 
f 3349//3349 3350//3350 3347//3347 
f 3339//3339 3351//3351 3352//3352 
f 3340//3340 3341//3341 3338//3338 
f 3342//3342 3353//3353 3343//3343 
f 3335//3335 3328//3328 3327//3327 
f 3346//3346 3344//3344 3336//3336 
f 3323//3323 3354//3354 3324//3324 
f 3348//3348 3355//3355 3323//3323 
f 3350//3350 3349//3349 3356//3356 
f 3347//3347 3323//3323 3357//3357 
f 3339//3339 3358//3358 3351//3351 
f 3339//3339 3359//3359 3360//3360 
f 3338//3338 3359//3359 3339//3339 
f 3343//3343 3336//3336 3361//3361 
f 3345//3345 3332//3332 3336//3336 
f 3355//3355 3354//3354 3323//3323 
f 3347//3347 3357//3357 3349//3349 
f 3360//3360 3358//3358 3339//3339 
f 3343//3343 3361//3361 3341//3341 
f 3320//3320 3334//3334 3323//3323 
f 3353//3353 3342//3342 3350//3350 
f 3340//3340 3342//3342 3341//3341 
f 3356//3356 3353//3353 3350//3350 
f 3312//3312 3321//3321 3298//3298 
f 3352//3352 3362//3362 3339//3339 
o mesh3803
v 0.3177 0.122805 0.0292518 
v 0.317 0.122805 0.0292518 
v 0.317 0.123143 0.0288169 
v 0.3177 0.123196 0.0287299 
v 0.317 0.123188 0.0287259 
v 0.317 0.123424 0.0282544 
v 0.3177 0.123466 0.0281358 
v 0.317 0.123456 0.0281331 
v 0.317 0.123582 0.0276457 
v 0.3177 0.123601 0.0274974 
v 0.317 0.123589 0.0274969 
v 0.317 0.12361 0.0270174 
v 0.3177 0.123594 0.026845 
v 0.317 0.123581 0.0268472 
v 0.317 0.123506 0.0263972 
v 0.3177 0.123447 0.0262095 
v 0.317 0.123434 0.0262147 
v 0.317 0.123275 0.0258122 
v 0.3177 0.123165 0.0256208 
v 0.317 0.123153 0.0256291 
v 0.317 0.122927 0.0252884 
v 0.3177 0.122764 0.0251069 
v 0.317 0.122753 0.0251181 
v 0.317 0.122477 0.0248485 
v 0.3177 0.12226 0.0246919 
v 0.317 0.122251 0.0247056 
v 0.317 0.121946 0.024512 
v 0.3177 0.121679 0.0243957 
v 0.317 0.121673 0.0244111 
v 0.317 0.121356 0.0242937 
v 0.3177 0.121047 0.0242321 
v 0.3177 0.120395 0.0242089 
v 0.317 0.120734 0.0242032 
v 0.317 0.121045 0.0242484 
v 0.3177 0.119754 0.0243272 
v 0.317 0.120106 0.0242443 
v 0.317 0.120396 0.0242253 
v 0.3177 0.119153 0.0245814 
v 0.317 0.119501 0.0244154 
v 0.317 0.119758 0.0243428 
v 0.3177 0.118621 0.0249595 
v 0.317 0.118945 0.0247089 
v 0.317 0.11916 0.0245953 
v 0.3177 0.118184 0.0254436 
v 0.317 0.118462 0.025112 
v 0.317 0.118631 0.0249711 
v 0.3177 0.117861 0.0260109 
v 0.317 0.118074 0.0256068 
v 0.317 0.118195 0.0254524 
v 0.3177 0.117669 0.0266343 
v 0.317 0.117797 0.0261716 
v 0.317 0.117873 0.0260166 
v 0.3177 0.117616 0.0272846 
v 0.317 0.117645 0.0267817 
v 0.317 0.117681 0.0266372 
v 0.3177 0.117705 0.0279309 
v 0.317 0.117623 0.0274102 
v 0.317 0.117627 0.027285 
v 0.3177 0.117932 0.0285427 
v 0.317 0.117732 0.0280295 
v 0.317 0.117714 0.0279294 
v 0.317 0.117932 0.0285427 
vn 0 -0.729815 -0.683645 
vn 0 -0.729815 -0.683645 
vn 0 -0.842507 -0.538685 
vn 0 -0.86035 -0.509704 
vn 0 -0.860241 -0.509887 
vn 0 -0.936299 -0.351205 
vn 0 -0.950195 -0.311657 
vn 0 -0.950125 -0.311869 
vn 0 -0.988944 -0.14829 
vn 0 -0.9951 -0.0988708 
vn 0 -0.995078 -0.0990904 
vn 0 -0.998129 0.0611408 
vn 0 -0.992943 0.118592 
vn 0 -0.992968 0.118385 
vn 0 -0.963451 0.267885 
vn 0 -0.943825 0.330446 
vn 0 -0.943887 0.330269 
vn 0 -0.886433 0.462857 
vn 0 -0.850069 0.526671 
vn 0 -0.850153 0.526536 
vn 0 -0.77046 0.637488 
vn 0 -0.716109 0.697988 
vn 0 -0.716196 0.697899 
vn 0 -0.620629 0.784104 
vn 0 -0.548281 0.836294 
vn 0 -0.548353 0.836247 
vn 0 -0.443524 0.896262 
vn 0 -0.354523 0.935047 
vn 0 -0.354563 0.935032 
vn 0 -0.246928 0.969034 
vn 0 -0.143997 0.989578 
vn 0 0.0733387 0.997307 
vn 0 -0.0394802 0.99922 
vn 0 -0.143997 0.989578 
vn 0 0.287206 0.957869 
vn 0 0.169702 0.985495 
vn 0 0.0733821 0.997304 
vn 0 0.48749 0.873128 
vn 0 0.371427 0.928462 
vn 0 0.287288 0.957844 
vn 0 0.664719 0.747094 
vn 0 0.55683 0.830627 
vn 0 0.487599 0.873068 
vn 0 0.810509 0.585726 
vn 0 0.717761 0.696289 
vn 0 0.664837 0.746988 
vn 0 0.917967 0.396656 
vn 0 0.847151 0.531352 
vn 0 0.810619 0.585574 
vn 0 0.982011 0.188826 
vn 0 0.939312 0.343065 
vn 0 0.91805 0.396464 
vn 0 0.99961 -0.027934 
vn 0 0.990194 0.139701 
vn 0 0.982052 0.188609 
vn 0 0.969933 -0.243373 
vn 0 0.997561 -0.0698015 
vn 0 0.999604 -0.0281566 
vn 0 0.894383 -0.447302 
vn 0 0.96109 -0.276237 
vn 0 0.969881 -0.243579 
vn 0 0.894383 -0.447302 
f 3363//3363 3364//3364 3365//3365 
f 3365//3365 3366//3366 3363//3363 
f 3366//3366 3367//3367 3368//3368 
f 3368//3368 3369//3369 3366//3366 
f 3369//3369 3370//3370 3371//3371 
f 3371//3371 3372//3372 3369//3369 
f 3372//3372 3373//3373 3374//3374 
f 3374//3374 3375//3375 3372//3372 
f 3375//3375 3376//3376 3377//3377 
f 3377//3377 3378//3378 3375//3375 
f 3378//3378 3379//3379 3380//3380 
f 3380//3380 3381//3381 3378//3378 
f 3381//3381 3382//3382 3383//3383 
f 3383//3383 3384//3384 3381//3381 
f 3384//3384 3385//3385 3386//3386 
f 3386//3386 3387//3387 3384//3384 
f 3387//3387 3388//3388 3389//3389 
f 3389//3389 3390//3390 3387//3387 
f 3390//3390 3391//3391 3392//3392 
f 3392//3392 3393//3393 3390//3390 
f 3394//3394 3393//3393 3395//3395 
f 3393//3393 3396//3396 3395//3395 
f 3397//3397 3394//3394 3398//3398 
f 3394//3394 3399//3399 3398//3398 
f 3400//3400 3397//3397 3401//3401 
f 3397//3397 3402//3402 3401//3401 
f 3403//3403 3400//3400 3404//3404 
f 3400//3400 3405//3405 3404//3404 
f 3406//3406 3403//3403 3407//3407 
f 3403//3403 3408//3408 3407//3407 
f 3409//3409 3406//3406 3410//3410 
f 3406//3406 3411//3411 3410//3410 
f 3412//3412 3409//3409 3413//3413 
f 3409//3409 3414//3414 3413//3413 
f 3415//3415 3412//3412 3416//3416 
f 3412//3412 3417//3417 3416//3416 
f 3418//3418 3415//3415 3419//3419 
f 3415//3415 3420//3420 3419//3419 
f 3421//3421 3418//3418 3422//3422 
f 3418//3418 3423//3423 3422//3422 
f 3422//3422 3424//3424 3421//3421 
f 3419//3419 3423//3423 3418//3418 
f 3416//3416 3420//3420 3415//3415 
f 3413//3413 3417//3417 3412//3412 
f 3410//3410 3414//3414 3409//3409 
f 3407//3407 3411//3411 3406//3406 
f 3404//3404 3408//3408 3403//3403 
f 3401//3401 3405//3405 3400//3400 
f 3398//3398 3402//3402 3397//3397 
f 3395//3395 3399//3399 3394//3394 
f 3392//3392 3396//3396 3393//3393 
f 3389//3389 3391//3391 3390//3390 
f 3386//3386 3388//3388 3387//3387 
f 3383//3383 3385//3385 3384//3384 
f 3380//3380 3382//3382 3381//3381 
f 3377//3377 3379//3379 3378//3378 
f 3374//3374 3376//3376 3375//3375 
f 3371//3371 3373//3373 3372//3372 
f 3368//3368 3370//3370 3369//3369 
f 3365//3365 3367//3367 3366//3366 
o mesh3804
v 0.3177 0.123098 0.0300884 
v 0.317 0.123098 0.0300884 
v 0.317 0.122992 0.0300611 
v 0.3177 0.122992 0.0300611 
v 0.317 0.122895 0.0300117 
v 0.3177 0.122895 0.0300117 
v 0.317 0.122812 0.0299426 
v 0.3177 0.122812 0.0299426 
v 0.317 0.122745 0.0298569 
v 0.3177 0.122745 0.0298569 
v 0.317 0.122698 0.0297588 
v 0.3177 0.122698 0.0297588 
v 0.317 0.122673 0.0296529 
v 0.3177 0.122673 0.0296529 
v 0.317 0.122672 0.0295441 
v 0.3177 0.122672 0.0295441 
v 0.317 0.122695 0.0294377 
v 0.3177 0.122695 0.0294377 
v 0.317 0.122739 0.0293387 
v 0.3177 0.122739 0.0293387 
v 0.317 0.122805 0.0292518 
v 0.3177 0.122805 0.0292518 
vn 0 -0.143997 0.989578 
vn 0 -0.143997 0.989578 
vn 0 -0.354523 0.935047 
vn 0 -0.354523 0.935047 
vn 0 -0.548281 0.836294 
vn 0 -0.548281 0.836294 
vn 0 -0.716109 0.697988 
vn 0 -0.716109 0.697988 
vn 0 -0.850069 0.526671 
vn 0 -0.850069 0.526671 
vn 0 -0.943825 0.330446 
vn 0 -0.943825 0.330446 
vn 0 -0.992943 0.118592 
vn 0 -0.992943 0.118592 
vn 0 -0.9951 -0.0988708 
vn 0 -0.9951 -0.0988708 
vn 0 -0.950195 -0.311657 
vn 0 -0.950195 -0.311657 
vn 0 -0.86035 -0.509704 
vn 0 -0.86035 -0.509704 
vn 0 -0.729815 -0.683645 
vn 0 -0.729815 -0.683645 
f 3425//3425 3426//3426 3427//3427 
f 3428//3428 3427//3427 3429//3429 
f 3430//3430 3429//3429 3431//3431 
f 3432//3432 3431//3431 3433//3433 
f 3434//3434 3433//3433 3435//3435 
f 3436//3436 3435//3435 3437//3437 
f 3438//3438 3437//3437 3439//3439 
f 3440//3440 3439//3439 3441//3441 
f 3442//3442 3441//3441 3443//3443 
f 3444//3444 3443//3443 3445//3445 
f 3445//3445 3446//3446 3444//3444 
f 3443//3443 3444//3444 3442//3442 
f 3441//3441 3442//3442 3440//3440 
f 3439//3439 3440//3440 3438//3438 
f 3437//3437 3438//3438 3436//3436 
f 3435//3435 3436//3436 3434//3434 
f 3433//3433 3434//3434 3432//3432 
f 3431//3431 3432//3432 3430//3430 
f 3429//3429 3430//3430 3428//3428 
f 3427//3427 3428//3428 3425//3425 
o mesh3805
v 0.316805 0.117603 0.0274116 
v 0.316805 0.117714 0.0280348 
v 0.317 0.117714 0.0279294 
v 0.317 0.117732 0.0280295 
v 0.316805 0.117626 0.026779 
v 0.317 0.117627 0.027285 
v 0.317 0.117623 0.0274102 
v 0.316805 0.117779 0.026165 
v 0.317 0.117681 0.0266372 
v 0.317 0.117645 0.0267817 
v 0.316805 0.118058 0.0255966 
v 0.317 0.117873 0.0260166 
v 0.317 0.117797 0.0261716 
v 0.316805 0.118448 0.0250986 
v 0.317 0.118195 0.0254524 
v 0.317 0.118074 0.0256068 
v 0.316805 0.118934 0.024693 
v 0.317 0.118631 0.0249711 
v 0.317 0.118462 0.025112 
v 0.316805 0.119494 0.0243976 
v 0.317 0.11916 0.0245953 
v 0.317 0.118945 0.0247089 
v 0.316805 0.120103 0.0242254 
v 0.317 0.119758 0.0243428 
v 0.317 0.119501 0.0244154 
v 0.316805 0.120734 0.024184 
v 0.317 0.120396 0.0242253 
v 0.317 0.120106 0.0242443 
v 0.316805 0.121361 0.0242751 
v 0.317 0.121045 0.0242484 
v 0.317 0.120734 0.0242032 
v 0.317 0.121356 0.0242937 
v 0.317 0.121673 0.0244111 
v 0.316805 0.121954 0.0244948 
v 0.317 0.121946 0.024512 
v 0.317 0.122251 0.0247056 
v 0.316805 0.122489 0.0248334 
v 0.317 0.122477 0.0248485 
v 0.317 0.122753 0.0251181 
v 0.316805 0.122941 0.0252761 
v 0.317 0.122927 0.0252884 
v 0.317 0.123153 0.0256291 
v 0.316805 0.123292 0.0258034 
v 0.317 0.123275 0.0258122 
v 0.317 0.123434 0.0262147 
v 0.316805 0.123524 0.026392 
v 0.317 0.123506 0.0263972 
v 0.317 0.123581 0.0268472 
v 0.316805 0.123629 0.0270162 
v 0.317 0.12361 0.0270174 
v 0.317 0.123589 0.0274969 
v 0.316805 0.123601 0.0276485 
v 0.317 0.123582 0.0276457 
v 0.317 0.123456 0.0281331 
v 0.316805 0.123442 0.0282612 
v 0.317 0.123424 0.0282544 
v 0.317 0.123188 0.0287259 
v 0.316805 0.123159 0.0288272 
v 0.316617 0.117659 0.0280506 
v 0.316617 0.117547 0.0274155 
v 0.316617 0.117569 0.0267711 
v 0.316617 0.117726 0.0261455 
v 0.316617 0.118009 0.0255663 
v 0.316617 0.118407 0.025059 
v 0.316617 0.118902 0.0246457 
v 0.316617 0.119473 0.0243448 
v 0.316617 0.120093 0.0241693 
v 0.316617 0.120737 0.0241271 
v 0.316617 0.121375 0.02422 
v 0.316617 0.12198 0.0244438 
v 0.316617 0.122524 0.0247888 
v 0.316617 0.122985 0.0252398 
v 0.316617 0.123342 0.025777 
v 0.316617 0.123579 0.0263768 
v 0.316617 0.123686 0.0270127 
v 0.316617 0.123657 0.027657 
v 0.316617 0.123495 0.0282812 
v 0.316444 0.11757 0.0280761 
v 0.316444 0.117454 0.027422 
v 0.316444 0.117478 0.0267582 
v 0.316444 0.117639 0.0261138 
v 0.316444 0.117931 0.0255172 
v 0.316444 0.118341 0.0249946 
v 0.316444 0.118851 0.024569 
v 0.316444 0.119438 0.024259 
v 0.316444 0.120078 0.0240782 
v 0.316444 0.12074 0.0240348 
v 0.316444 0.121398 0.0241304 
v 0.316444 0.122021 0.024361 
v 0.316444 0.122582 0.0247164 
v 0.316444 0.123056 0.0251809 
v 0.316444 0.123424 0.0257342 
v 0.316444 0.123668 0.026352 
v 0.316444 0.123778 0.0270071 
v 0.316444 0.123749 0.0276707 
v 0.316444 0.123582 0.0283136 
v 0.316617 0.123207 0.0288579 
v 0.316293 0.117451 0.0281104 
v 0.316293 0.11733 0.0274307 
v 0.316293 0.117355 0.0267408 
v 0.316293 0.117522 0.0260711 
v 0.316293 0.117826 0.0254511 
v 0.316293 0.118252 0.024908 
v 0.316293 0.118782 0.0244657 
v 0.316293 0.119392 0.0241435 
v 0.316293 0.120056 0.0239557 
v 0.316293 0.120745 0.0239105 
v 0.316293 0.121428 0.0240099 
v 0.316293 0.122076 0.0242495 
v 0.316293 0.122659 0.0246188 
v 0.316293 0.123152 0.0251016 
v 0.316293 0.123534 0.0256767 
v 0.316293 0.123788 0.0263187 
v 0.316293 0.123902 0.0269995 
v 0.316293 0.123872 0.0276891 
v 0.316293 0.123698 0.0283573 
v 0.316444 0.123285 0.0289077 
v 0.316169 0.117305 0.0281523 
v 0.316169 0.117179 0.0274412 
v 0.316169 0.117205 0.0267196 
v 0.316169 0.11738 0.0260192 
v 0.316169 0.117697 0.0253706 
v 0.316169 0.118143 0.0248025 
v 0.316169 0.118697 0.0243398 
v 0.316169 0.119336 0.0240028 
v 0.316169 0.120031 0.0238064 
v 0.316169 0.120751 0.0237591 
v 0.316169 0.121466 0.0238631 
v 0.316169 0.122143 0.0241137 
v 0.316169 0.122753 0.0245 
v 0.316169 0.123269 0.025005 
v 0.316169 0.123669 0.0256065 
v 0.316169 0.123934 0.0262781 
v 0.316169 0.124053 0.0269902 
v 0.316169 0.124022 0.0277116 
v 0.316169 0.12384 0.0284105 
v 0.316293 0.12339 0.0289747 
v 0.316076 0.117139 0.0282001 
v 0.316076 0.117007 0.0274533 
v 0.316076 0.117033 0.0266955 
v 0.316076 0.117217 0.0259598 
v 0.316076 0.117551 0.0252788 
v 0.316076 0.118019 0.0246821 
v 0.316076 0.118601 0.0241962 
v 0.316076 0.119272 0.0238423 
v 0.316076 0.120001 0.023636 
v 0.316076 0.120758 0.0235863 
v 0.316076 0.121508 0.0236955 
v 0.316076 0.12222 0.0239588 
v 0.316076 0.12286 0.0243645 
v 0.316076 0.123402 0.0248948 
v 0.316076 0.123822 0.0255265 
v 0.316076 0.1241 0.0262318 
v 0.316076 0.124226 0.0269797 
v 0.316076 0.124193 0.0277372 
v 0.316076 0.124002 0.0284712 
v 0.316169 0.123517 0.0290563 
v 0.316019 0.11682 0.0274664 
v 0.316019 0.116848 0.0266693 
v 0.316019 0.117041 0.0258955 
v 0.316019 0.117392 0.0251791 
v 0.316019 0.117884 0.0245515 
v 0.316019 0.118497 0.0240404 
v 0.316019 0.119202 0.0236681 
v 0.316019 0.11997 0.0234511 
v 0.316019 0.120765 0.0233989 
v 0.316019 0.121555 0.0235137 
v 0.316019 0.122303 0.0237906 
v 0.316019 0.122977 0.0242174 
v 0.316019 0.123547 0.0247752 
v 0.316019 0.123988 0.0254397 
v 0.316019 0.124281 0.0261815 
v 0.316019 0.124413 0.0269682 
v 0.316019 0.124378 0.0277651 
v 0.316 0.116625 0.02748 
v 0.316 0.116654 0.026642 
v 0.316 0.116858 0.0258286 
v 0.316 0.117227 0.0250754 
v 0.316 0.117744 0.0244157 
v 0.316 0.118774 0.0236744 
v 0.316 0.11913 0.023487 
v 0.316 0.119936 0.0232588 
v 0.316 0.120773 0.0232039 
v 0.316 0.121603 0.0233247 
v 0.316 0.123098 0.0240644 
v 0.316 0.122482 0.0236744 
v 0.316 0.123697 0.0246509 
v 0.316 0.124161 0.0253494 
v 0.316 0.124469 0.0261293 
v 0.316 0.124608 0.0269563 
v 0.316 0.124571 0.027794 
v 0.316019 0.124178 0.0285371 
v 0.316 0.116736 0.0281537 
v 0.316017 0.116941 0.0282368 
v 0.316 0.11673 0.0281512 
v 0.31602 0.116956 0.0282421 
v 0.316024 0.116971 0.0282477 
v 0.316065 0.117142 0.0283114 
v 0.316078 0.117176 0.028323 
v 0.316142 0.117333 0.0283768 
v 0.316216 0.117463 0.0284176 
v 0.316294 0.117567 0.0284485 
v 0.316308 0.117586 0.0284539 
v 0.316419 0.1177 0.0284854 
v 0.316505 0.117768 0.0285032 
v 0.316618 0.117834 0.0285195 
v 0.31665 0.117852 0.0285241 
v 0.316717 0.117881 0.0285308 
v 0.316805 0.117906 0.0285368 
v 0.316833 0.117915 0.0285387 
v 0.316904 0.117926 0.0285414 
v 0.317 0.123143 0.0288169 
v 0.316833 0.122823 0.0292529 
v 0.316805 0.122831 0.0292534 
v 0.316904 0.122811 0.0292521 
v 0.317 0.122805 0.0292518 
v 0.31665 0.122886 0.0292566 
v 0.316618 0.122905 0.0292575 
v 0.316717 0.122858 0.029255 
v 0.316505 0.122973 0.0292606 
v 0.316419 0.123044 0.029263 
v 0.316308 0.123162 0.0292654 
v 0.316294 0.123181 0.0292654 
v 0.316216 0.12329 0.0292656 
v 0.316142 0.123426 0.0292633 
v 0.316078 0.123592 0.0292567 
v 0.316076 0.123663 0.0291494 
v 0.316065 0.123628 0.0292553 
v 0.316024 0.12381 0.029243 
v 0.31602 0.123826 0.0292419 
v 0.316 0.124062 0.0292198 
v 0.316 0.124069 0.0292191 
v 0.316017 0.123842 0.0292409 
v 0.316 0.12436 0.0286056 
v 0.317 0.117932 0.0285427 
v 0.316 0.122389 0.0236158 
v 0.316 0.118388 0.0238783 
vn -0.19509 0.978393 -0.0684602 
vn -0.19509 0.942623 -0.270929 
vn 0 0.969881 -0.243579 
vn 2.09798e-15 0.96109 -0.276237 
vn -0.19509 0.971167 0.137017 
vn 0 0.999604 -0.0281566 
vn 2.09798e-15 0.997561 -0.0698015 
vn -0.19509 0.921263 0.336473 
vn 0 0.982052 0.188609 
vn 2.09798e-15 0.990194 0.139701 
vn -0.19509 0.830873 0.521143 
vn 0 0.91805 0.396464 
vn 2.09798e-15 0.939312 0.343065 
vn -0.19509 0.70397 0.68291 
vn 0 0.810619 0.585574 
vn 2.09798e-15 0.847151 0.531352 
vn -0.19509 0.54613 0.814667 
vn 0 0.664837 0.746988 
vn 2.09798e-15 0.717761 0.696289 
vn -0.19509 0.36429 0.910622 
vn 0 0.487599 0.873068 
vn 2.09798e-15 0.55683 0.830627 
vn -0.19509 0.166442 0.966559 
vn 0 0.287288 0.957844 
vn 2.09798e-15 0.371427 0.928462 
vn -0.19509 -0.0387216 0.980021 
vn 0 0.0733821 0.997304 
vn 2.09798e-15 0.169702 0.985495 
vn -0.19509 -0.242183 0.950414 
vn 0 -0.143997 0.989578 
vn 2.09798e-15 -0.0394802 0.99922 
vn 2.09798e-15 -0.246928 0.969034 
vn 0 -0.354563 0.935032 
vn -0.19509 -0.435002 0.879041 
vn 2.09798e-15 -0.443524 0.896262 
vn 0 -0.548353 0.836247 
vn -0.19509 -0.608704 0.769038 
vn 2.09798e-15 -0.620629 0.784104 
vn 0 -0.716196 0.697899 
vn -0.19509 -0.755656 0.625239 
vn 2.09798e-15 -0.77046 0.637488 
vn 0 -0.850153 0.526536 
vn -0.19509 -0.869401 0.453963 
vn 2.09798e-15 -0.886433 0.462857 
vn 0 -0.943887 0.330269 
vn -0.19509 -0.944938 0.262738 
vn 2.09798e-15 -0.963451 0.267885 
vn 0 -0.992968 0.118385 
vn -0.19509 -0.97895 0.059966 
vn 2.09798e-15 -0.998129 0.0611408 
vn 0 -0.995078 -0.0990904 
vn -0.19509 -0.969942 -0.145441 
vn 2.09798e-15 -0.988944 -0.14829 
vn 0 -0.950125 -0.311869 
vn -0.19509 -0.918308 -0.344456 
vn 2.09798e-15 -0.936299 -0.351205 
vn 0 -0.860241 -0.509887 
vn -0.19509 -0.826319 -0.528334 
vn -0.382683 0.887931 -0.25521 
vn -0.382683 0.921626 -0.0644881 
vn -0.382683 0.91482 0.129067 
vn -0.382683 0.867811 0.316951 
vn -0.382683 0.782665 0.490906 
vn -0.382683 0.663125 0.643287 
vn -0.382683 0.514443 0.767399 
vn -0.382683 0.343154 0.857787 
vn -0.382683 0.156785 0.910479 
vn -0.382683 -0.036475 0.923159 
vn -0.382683 -0.228132 0.895271 
vn -0.382683 -0.409763 0.828039 
vn -0.382683 -0.573387 0.724418 
vn -0.382683 -0.711813 0.588962 
vn -0.382683 -0.818957 0.427624 
vn -0.382683 -0.890113 0.247493 
vn -0.382683 -0.922151 0.0564867 
vn -0.382683 -0.913665 -0.137002 
vn -0.382683 -0.865027 -0.324471 
vn -0.55557 0.799117 -0.229683 
vn -0.55557 0.829442 -0.0580378 
vn -0.55557 0.823316 0.116157 
vn -0.55557 0.781009 0.285248 
vn -0.55557 0.70438 0.441803 
vn -0.55557 0.596797 0.578943 
vn -0.55557 0.462987 0.690641 
vn -0.55557 0.30883 0.771988 
vn -0.55557 0.141102 0.819409 
vn -0.55557 -0.0328266 0.830821 
vn -0.55557 -0.205313 0.805722 
vn -0.55557 -0.368777 0.745215 
vn -0.55557 -0.516034 0.651959 
vn -0.55557 -0.640614 0.530052 
vn -0.55557 -0.737042 0.384851 
vn -0.55557 -0.80108 0.222738 
vn -0.55557 -0.829914 0.0508367 
vn -0.55557 -0.822277 -0.123299 
vn -0.55557 -0.778504 -0.292016 
vn -0.382683 -0.778375 -0.49768 
vn -0.707107 0.679593 -0.195329 
vn -0.707107 0.705382 -0.0493571 
vn -0.707107 0.700173 0.0987838 
vn -0.707107 0.664194 0.242584 
vn -0.707107 0.599026 0.375723 
vn -0.707107 0.507534 0.492351 
vn -0.707107 0.393738 0.587342 
vn -0.707107 0.262639 0.656522 
vn -0.707107 0.119998 0.69685 
vn -0.707107 -0.0279167 0.706555 
vn -0.707107 -0.174604 0.68521 
vn -0.707107 -0.313619 0.633753 
vn -0.707107 -0.438851 0.554445 
vn -0.707107 -0.544798 0.450772 
vn -0.707107 -0.626803 0.327289 
vn -0.707107 -0.681263 0.189423 
vn -0.707107 -0.705784 0.043233 
vn -0.707107 -0.699289 -0.104857 
vn -0.707107 -0.662063 -0.248339 
vn -0.55557 -0.700519 -0.4479 
vn -0.83147 0.533953 -0.153469 
vn -0.83147 0.554215 -0.0387796 
vn -0.83147 0.550122 0.0776139 
vn -0.83147 0.521854 0.190597 
vn -0.83147 0.470652 0.295204 
vn -0.83147 0.398767 0.386837 
vn -0.83147 0.309358 0.461472 
vn -0.83147 0.206354 0.515826 
vn -0.83147 0.0942816 0.547512 
vn -0.83147 -0.021934 0.555137 
vn -0.83147 -0.137186 0.538366 
vn -0.83147 -0.246409 0.497937 
vn -0.83147 -0.344803 0.435625 
vn -0.83147 -0.428045 0.354169 
vn -0.83147 -0.492476 0.257149 
vn -0.83147 -0.535265 0.148829 
vn -0.83147 -0.554531 0.033968 
vn -0.83147 -0.549428 -0.0823857 
vn -0.83147 -0.52018 -0.195119 
vn -0.707107 -0.595743 -0.380908 
vn -0.92388 0.367793 -0.105711 
vn -0.92388 0.38175 -0.0267119 
vn -0.92388 0.378931 0.0534614 
vn -0.92388 0.359459 0.131285 
vn -0.92388 0.324191 0.20334 
vn -0.92388 0.274675 0.266458 
vn -0.92388 0.213089 0.317867 
vn -0.92388 0.142139 0.355307 
vn -0.92388 0.0649423 0.377133 
vn -0.92388 -0.0151084 0.382385 
vn -0.92388 -0.0944952 0.370833 
vn -0.92388 -0.169729 0.342985 
vn -0.92388 -0.237505 0.300064 
vn -0.92388 -0.294842 0.243956 
vn -0.92388 -0.339223 0.177128 
vn -0.92388 -0.368697 0.102515 
vn -0.92388 -0.381967 0.0233976 
vn -0.92388 -0.378452 -0.0567482 
vn -0.92388 -0.358306 -0.1344 
vn -0.83147 -0.468072 -0.299277 
vn -0.980785 0.194614 -0.0136176 
vn -0.980785 0.193177 0.0272544 
vn -0.980785 0.183251 0.0669287 
vn -0.980785 0.165271 0.103662 
vn -0.980785 0.140028 0.135839 
vn -0.980785 0.108632 0.162047 
vn -0.980785 0.0724619 0.181134 
vn -0.980785 0.0331073 0.192261 
vn -0.980785 -0.00770221 0.194938 
vn -0.980785 -0.0481732 0.189049 
vn -0.980785 -0.0865272 0.174852 
vn -0.980785 -0.121079 0.152971 
vn -0.980785 -0.150309 0.124368 
vn -0.980785 -0.172935 0.0902989 
vn -0.980785 -0.18796 0.0522618 
vn -0.980785 -0.194725 0.011928 
vn -0.980785 -0.192933 -0.02893 
vn -1 -9.13203e-14 6.38988e-15 
vn -1 -9.13203e-14 6.38988e-15 
vn -1 -9.13203e-14 6.38988e-15 
vn -1 -9.13203e-14 6.38988e-15 
vn -1 -9.13203e-14 6.38988e-15 
vn -0.999758 0.0101754 0.0194927 
vn -1 -9.13203e-14 6.38988e-15 
vn -1 -9.13203e-14 6.38988e-15 
vn -1 -9.13203e-14 6.38988e-15 
vn -1 -9.13203e-14 6.38988e-15 
vn -1 -9.13203e-14 6.38988e-15 
vn -0.99995 -0.00467515 0.00883229 
vn -1 7.05307e-14 -5.83579e-14 
vn -1 7.05307e-14 -5.83579e-14 
vn -1 7.05307e-14 -5.83579e-14 
vn -1 7.05307e-14 -5.83579e-14 
vn -1 7.05307e-14 -5.83579e-14 
vn -0.980785 -0.182663 -0.0685166 
vn -0.999987 0.00504136 -0.0012383 
vn -0.98314 0.17599 -0.049626 
vn -1 -9.22222e-16 2.25583e-16 
vn -0.980753 0.187798 -0.0534317 
vn -0.978036 0.200333 -0.0575438 
vn -0.935483 0.336583 -0.107623 
vn -0.923743 0.364119 -0.118808 
vn -0.858006 0.483539 -0.173248 
vn -0.784082 0.579029 -0.223474 
vn -0.706964 0.654539 -0.26792 
vn -0.6925 0.666647 -0.275727 
vn -0.580746 0.744978 -0.32824 
vn -0.494668 0.790326 -0.361508 
vn -0.382541 0.834847 -0.395844 
vn -0.350295 0.844746 -0.404595 
vn -0.283277 0.862455 -0.419434 
vn -0.195045 0.879642 -0.433806 
vn -0.166521 0.883568 -0.437696 
vn -0.0962422 0.890795 -0.444096 
vn 2.09798e-15 -0.842507 -0.538685 
vn -0.166521 -0.722186 -0.671355 
vn -0.195045 -0.719531 -0.666507 
vn -0.0962422 -0.72729 -0.679549 
vn 0 -0.729815 -0.683645 
vn -0.350295 -0.694408 -0.628563 
vn -0.382541 -0.687413 -0.617354 
vn -0.283277 -0.707153 -0.647834 
vn -0.494668 -0.654524 -0.571753 
vn -0.580746 -0.620538 -0.526941 
vn -0.6925 -0.560421 -0.454283 
vn -0.706964 -0.551039 -0.443348 
vn -0.784082 -0.491328 -0.379226 
vn -0.858006 -0.414112 -0.303869 
vn -0.923743 -0.31516 -0.217652 
vn -0.92388 -0.322414 -0.206146 
vn -0.935483 -0.291953 -0.199083 
vn -0.978036 -0.175626 -0.112251 
vn -0.980753 -0.164782 -0.104737 
vn -0.999987 -0.00447939 -0.0026237 
vn -1 8.19688e-16 4.79054e-16 
vn -0.98314 -0.154548 -0.0977238 
vn -1 8.19688e-16 4.79054e-16 
vn -1.22465e-16 0.894383 -0.447302 
vn -1 4.06018e-14 -8.20471e-14 
vn -1 4.06018e-14 -8.20471e-14 
f 3447//3447 3448//3448 3449//3449 
f 3448//3448 3450//3450 3449//3449 
f 3451//3451 3447//3447 3452//3452 
f 3447//3447 3453//3453 3452//3452 
f 3454//3454 3451//3451 3455//3455 
f 3451//3451 3456//3456 3455//3455 
f 3457//3457 3454//3454 3458//3458 
f 3454//3454 3459//3459 3458//3458 
f 3460//3460 3457//3457 3461//3461 
f 3457//3457 3462//3462 3461//3461 
f 3463//3463 3460//3460 3464//3464 
f 3460//3460 3465//3465 3464//3464 
f 3466//3466 3463//3463 3467//3467 
f 3463//3463 3468//3468 3467//3467 
f 3469//3469 3466//3466 3470//3470 
f 3466//3466 3471//3471 3470//3470 
f 3472//3472 3469//3469 3473//3473 
f 3469//3469 3474//3474 3473//3473 
f 3475//3475 3472//3472 3476//3476 
f 3472//3472 3477//3477 3476//3476 
f 3475//3475 3478//3478 3479//3479 
f 3479//3479 3480//3480 3475//3475 
f 3480//3480 3481//3481 3482//3482 
f 3482//3482 3483//3483 3480//3480 
f 3483//3483 3484//3484 3485//3485 
f 3485//3485 3486//3486 3483//3483 
f 3486//3486 3487//3487 3488//3488 
f 3488//3488 3489//3489 3486//3486 
f 3489//3489 3490//3490 3491//3491 
f 3491//3491 3492//3492 3489//3489 
f 3492//3492 3493//3493 3494//3494 
f 3494//3494 3495//3495 3492//3492 
f 3495//3495 3496//3496 3497//3497 
f 3497//3497 3498//3498 3495//3495 
f 3498//3498 3499//3499 3500//3500 
f 3500//3500 3501//3501 3498//3498 
f 3501//3501 3502//3502 3503//3503 
f 3503//3503 3504//3504 3501//3501 
f 3505//3505 3448//3448 3447//3447 
f 3506//3506 3447//3447 3451//3451 
f 3507//3507 3451//3451 3454//3454 
f 3508//3508 3454//3454 3457//3457 
f 3509//3509 3457//3457 3460//3460 
f 3510//3510 3460//3460 3463//3463 
f 3511//3511 3463//3463 3466//3466 
f 3512//3512 3466//3466 3469//3469 
f 3513//3513 3469//3469 3472//3472 
f 3514//3514 3472//3472 3475//3475 
f 3515//3515 3475//3475 3480//3480 
f 3516//3516 3480//3480 3483//3483 
f 3517//3517 3483//3483 3486//3486 
f 3518//3518 3486//3486 3489//3489 
f 3519//3519 3489//3489 3492//3492 
f 3520//3520 3492//3492 3495//3495 
f 3521//3521 3495//3495 3498//3498 
f 3522//3522 3498//3498 3501//3501 
f 3523//3523 3501//3501 3504//3504 
f 3524//3524 3505//3505 3506//3506 
f 3525//3525 3506//3506 3507//3507 
f 3526//3526 3507//3507 3508//3508 
f 3527//3527 3508//3508 3509//3509 
f 3528//3528 3509//3509 3510//3510 
f 3529//3529 3510//3510 3511//3511 
f 3530//3530 3511//3511 3512//3512 
f 3531//3531 3512//3512 3513//3513 
f 3532//3532 3513//3513 3514//3514 
f 3533//3533 3514//3514 3515//3515 
f 3534//3534 3515//3515 3516//3516 
f 3535//3535 3516//3516 3517//3517 
f 3536//3536 3517//3517 3518//3518 
f 3537//3537 3518//3518 3519//3519 
f 3538//3538 3519//3519 3520//3520 
f 3539//3539 3520//3520 3521//3521 
f 3540//3540 3521//3521 3522//3522 
f 3541//3541 3522//3522 3523//3523 
f 3542//3542 3523//3523 3543//3543 
f 3544//3544 3524//3524 3525//3525 
f 3545//3545 3525//3525 3526//3526 
f 3546//3546 3526//3526 3527//3527 
f 3547//3547 3527//3527 3528//3528 
f 3548//3548 3528//3528 3529//3529 
f 3549//3549 3529//3529 3530//3530 
f 3550//3550 3530//3530 3531//3531 
f 3551//3551 3531//3531 3532//3532 
f 3552//3552 3532//3532 3533//3533 
f 3553//3553 3533//3533 3534//3534 
f 3554//3554 3534//3534 3535//3535 
f 3555//3555 3535//3535 3536//3536 
f 3556//3556 3536//3536 3537//3537 
f 3557//3557 3537//3537 3538//3538 
f 3558//3558 3538//3538 3539//3539 
f 3559//3559 3539//3539 3540//3540 
f 3560//3560 3540//3540 3541//3541 
f 3561//3561 3541//3541 3542//3542 
f 3562//3562 3542//3542 3563//3563 
f 3564//3564 3544//3544 3545//3545 
f 3565//3565 3545//3545 3546//3546 
f 3566//3566 3546//3546 3547//3547 
f 3567//3567 3547//3547 3548//3548 
f 3568//3568 3548//3548 3549//3549 
f 3569//3569 3549//3549 3550//3550 
f 3570//3570 3550//3550 3551//3551 
f 3571//3571 3551//3551 3552//3552 
f 3572//3572 3552//3552 3553//3553 
f 3573//3573 3553//3553 3554//3554 
f 3574//3574 3554//3554 3555//3555 
f 3575//3575 3555//3555 3556//3556 
f 3576//3576 3556//3556 3557//3557 
f 3577//3577 3557//3557 3558//3558 
f 3578//3578 3558//3558 3559//3559 
f 3579//3579 3559//3559 3560//3560 
f 3580//3580 3560//3560 3561//3561 
f 3581//3581 3561//3561 3562//3562 
f 3582//3582 3562//3562 3583//3583 
f 3584//3584 3564//3564 3565//3565 
f 3585//3585 3565//3565 3566//3566 
f 3586//3586 3566//3566 3567//3567 
f 3587//3587 3567//3567 3568//3568 
f 3588//3588 3568//3568 3569//3569 
f 3589//3589 3569//3569 3570//3570 
f 3590//3590 3570//3570 3571//3571 
f 3591//3591 3571//3571 3572//3572 
f 3592//3592 3572//3572 3573//3573 
f 3593//3593 3573//3573 3574//3574 
f 3594//3594 3574//3574 3575//3575 
f 3595//3595 3575//3575 3576//3576 
f 3596//3596 3576//3576 3577//3577 
f 3597//3597 3577//3577 3578//3578 
f 3598//3598 3578//3578 3579//3579 
f 3599//3599 3579//3579 3580//3580 
f 3600//3600 3580//3580 3581//3581 
f 3601//3601 3581//3581 3582//3582 
f 3602//3602 3582//3582 3603//3603 
f 3604//3604 3585//3585 3586//3586 
f 3605//3605 3586//3586 3587//3587 
f 3606//3606 3587//3587 3588//3588 
f 3607//3607 3588//3588 3589//3589 
f 3608//3608 3589//3589 3590//3590 
f 3609//3609 3590//3590 3591//3591 
f 3610//3610 3591//3591 3592//3592 
f 3611//3611 3592//3592 3593//3593 
f 3612//3612 3593//3593 3594//3594 
f 3613//3613 3594//3594 3595//3595 
f 3614//3614 3595//3595 3596//3596 
f 3615//3615 3596//3596 3597//3597 
f 3616//3616 3597//3597 3598//3598 
f 3617//3617 3598//3598 3599//3599 
f 3618//3618 3599//3599 3600//3600 
f 3619//3619 3600//3600 3601//3601 
f 3620//3620 3601//3601 3602//3602 
f 3621//3621 3604//3604 3605//3605 
f 3622//3622 3605//3605 3606//3606 
f 3623//3623 3606//3606 3607//3607 
f 3624//3624 3607//3607 3608//3608 
f 3625//3625 3608//3608 3609//3609 
f 3609//3609 3610//3610 3626//3626 
f 3610//3610 3627//3627 3626//3626 
f 3627//3627 3610//3610 3611//3611 
f 3628//3628 3611//3611 3612//3612 
f 3629//3629 3612//3612 3613//3613 
f 3630//3630 3613//3613 3614//3614 
f 3615//3615 3631//3631 3632//3632 
f 3632//3632 3614//3614 3615//3615 
f 3631//3631 3615//3615 3616//3616 
f 3633//3633 3616//3616 3617//3617 
f 3634//3634 3617//3617 3618//3618 
f 3635//3635 3618//3618 3619//3619 
f 3636//3636 3619//3619 3620//3620 
f 3637//3637 3620//3620 3638//3638 
f 3604//3604 3639//3639 3640//3640 
f 3604//3604 3621//3621 3641//3641 
f 3641//3641 3639//3639 3604//3604 
f 3585//3585 3604//3604 3642//3642 
f 3642//3642 3643//3643 3585//3585 
f 3584//3584 3643//3643 3644//3644 
f 3564//3564 3584//3584 3645//3645 
f 3544//3544 3564//3564 3646//3646 
f 3646//3646 3647//3647 3544//3544 
f 3524//3524 3544//3544 3648//3648 
f 3648//3648 3649//3649 3524//3524 
f 3505//3505 3524//3524 3650//3650 
f 3650//3650 3651//3651 3505//3505 
f 3448//3448 3505//3505 3652//3652 
f 3652//3652 3653//3653 3448//3448 
f 3653//3653 3654//3654 3448//3448 
f 3450//3450 3448//3448 3655//3655 
f 3655//3655 3656//3656 3450//3450 
f 3656//3656 3657//3657 3450//3450 
f 3658//3658 3659//3659 3660//3660 
f 3658//3658 3661//3661 3659//3659 
f 3658//3658 3662//3662 3661//3661 
f 3504//3504 3663//3663 3664//3664 
f 3504//3504 3665//3665 3663//3663 
f 3504//3504 3660//3660 3665//3665 
f 3543//3543 3666//3666 3667//3667 
f 3543//3543 3664//3664 3666//3666 
f 3563//3563 3668//3668 3669//3669 
f 3563//3563 3667//3667 3668//3668 
f 3583//3583 3670//3670 3671//3671 
f 3583//3583 3669//3669 3670//3670 
f 3603//3603 3671//3671 3672//3672 
f 3673//3673 3672//3672 3674//3674 
f 3602//3602 3675//3675 3676//3676 
f 3602//3602 3673//3673 3675//3675 
f 3638//3638 3677//3677 3678//3678 
f 3638//3638 3676//3676 3679//3679 
f 3679//3679 3677//3677 3638//3638 
f 3678//3678 3680//3680 3638//3638 
f 3676//3676 3638//3638 3602//3602 
f 3674//3674 3675//3675 3673//3673 
f 3672//3672 3673//3673 3603//3603 
f 3671//3671 3603//3603 3583//3583 
f 3669//3669 3583//3583 3563//3563 
f 3667//3667 3563//3563 3543//3543 
f 3664//3664 3543//3543 3504//3504 
f 3660//3660 3504//3504 3658//3658 
f 3657//3657 3681//3681 3450//3450 
f 3654//3654 3655//3655 3448//3448 
f 3651//3651 3652//3652 3505//3505 
f 3649//3649 3650//3650 3524//3524 
f 3647//3647 3648//3648 3544//3544 
f 3645//3645 3646//3646 3564//3564 
f 3644//3644 3645//3645 3584//3584 
f 3643//3643 3584//3584 3585//3585 
f 3640//3640 3642//3642 3604//3604 
f 3638//3638 3680//3680 3637//3637 
f 3620//3620 3637//3637 3636//3636 
f 3619//3619 3636//3636 3635//3635 
f 3618//3618 3635//3635 3634//3634 
f 3617//3617 3634//3634 3633//3633 
f 3616//3616 3633//3633 3631//3631 
f 3632//3632 3682//3682 3614//3614 
f 3614//3614 3682//3682 3630//3630 
f 3613//3613 3630//3630 3629//3629 
f 3612//3612 3629//3629 3628//3628 
f 3611//3611 3628//3628 3627//3627 
f 3626//3626 3683//3683 3609//3609 
f 3609//3609 3683//3683 3625//3625 
f 3608//3608 3625//3625 3624//3624 
f 3607//3607 3624//3624 3623//3623 
f 3606//3606 3623//3623 3622//3622 
f 3605//3605 3622//3622 3621//3621 
f 3602//3602 3638//3638 3620//3620 
f 3601//3601 3620//3620 3619//3619 
f 3600//3600 3619//3619 3618//3618 
f 3599//3599 3618//3618 3617//3617 
f 3598//3598 3617//3617 3616//3616 
f 3597//3597 3616//3616 3615//3615 
f 3596//3596 3615//3615 3614//3614 
f 3595//3595 3614//3614 3613//3613 
f 3594//3594 3613//3613 3612//3612 
f 3593//3593 3612//3612 3611//3611 
f 3592//3592 3611//3611 3610//3610 
f 3591//3591 3610//3610 3609//3609 
f 3590//3590 3609//3609 3608//3608 
f 3589//3589 3608//3608 3607//3607 
f 3588//3588 3607//3607 3606//3606 
f 3587//3587 3606//3606 3605//3605 
f 3586//3586 3605//3605 3604//3604 
f 3603//3603 3673//3673 3602//3602 
f 3582//3582 3602//3602 3601//3601 
f 3581//3581 3601//3601 3600//3600 
f 3580//3580 3600//3600 3599//3599 
f 3579//3579 3599//3599 3598//3598 
f 3578//3578 3598//3598 3597//3597 
f 3577//3577 3597//3597 3596//3596 
f 3576//3576 3596//3596 3595//3595 
f 3575//3575 3595//3595 3594//3594 
f 3574//3574 3594//3594 3593//3593 
f 3573//3573 3593//3593 3592//3592 
f 3572//3572 3592//3592 3591//3591 
f 3571//3571 3591//3591 3590//3590 
f 3570//3570 3590//3590 3589//3589 
f 3569//3569 3589//3589 3588//3588 
f 3568//3568 3588//3588 3587//3587 
f 3567//3567 3587//3587 3586//3586 
f 3566//3566 3586//3586 3585//3585 
f 3565//3565 3585//3585 3584//3584 
f 3583//3583 3603//3603 3582//3582 
f 3562//3562 3582//3582 3581//3581 
f 3561//3561 3581//3581 3580//3580 
f 3560//3560 3580//3580 3579//3579 
f 3559//3559 3579//3579 3578//3578 
f 3558//3558 3578//3578 3577//3577 
f 3557//3557 3577//3577 3576//3576 
f 3556//3556 3576//3576 3575//3575 
f 3555//3555 3575//3575 3574//3574 
f 3554//3554 3574//3574 3573//3573 
f 3553//3553 3573//3573 3572//3572 
f 3552//3552 3572//3572 3571//3571 
f 3551//3551 3571//3571 3570//3570 
f 3550//3550 3570//3570 3569//3569 
f 3549//3549 3569//3569 3568//3568 
f 3548//3548 3568//3568 3567//3567 
f 3547//3547 3567//3567 3566//3566 
f 3546//3546 3566//3566 3565//3565 
f 3545//3545 3565//3565 3564//3564 
f 3563//3563 3583//3583 3562//3562 
f 3542//3542 3562//3562 3561//3561 
f 3541//3541 3561//3561 3560//3560 
f 3540//3540 3560//3560 3559//3559 
f 3539//3539 3559//3559 3558//3558 
f 3538//3538 3558//3558 3557//3557 
f 3537//3537 3557//3557 3556//3556 
f 3536//3536 3556//3556 3555//3555 
f 3535//3535 3555//3555 3554//3554 
f 3534//3534 3554//3554 3553//3553 
f 3533//3533 3553//3553 3552//3552 
f 3532//3532 3552//3552 3551//3551 
f 3531//3531 3551//3551 3550//3550 
f 3530//3530 3550//3550 3549//3549 
f 3529//3529 3549//3549 3548//3548 
f 3528//3528 3548//3548 3547//3547 
f 3527//3527 3547//3547 3546//3546 
f 3526//3526 3546//3546 3545//3545 
f 3525//3525 3545//3545 3544//3544 
f 3543//3543 3563//3563 3542//3542 
f 3523//3523 3542//3542 3541//3541 
f 3522//3522 3541//3541 3540//3540 
f 3521//3521 3540//3540 3539//3539 
f 3520//3520 3539//3539 3538//3538 
f 3519//3519 3538//3538 3537//3537 
f 3518//3518 3537//3537 3536//3536 
f 3517//3517 3536//3536 3535//3535 
f 3516//3516 3535//3535 3534//3534 
f 3515//3515 3534//3534 3533//3533 
f 3514//3514 3533//3533 3532//3532 
f 3513//3513 3532//3532 3531//3531 
f 3512//3512 3531//3531 3530//3530 
f 3511//3511 3530//3530 3529//3529 
f 3510//3510 3529//3529 3528//3528 
f 3509//3509 3528//3528 3527//3527 
f 3508//3508 3527//3527 3526//3526 
f 3507//3507 3526//3526 3525//3525 
f 3506//3506 3525//3525 3524//3524 
f 3504//3504 3543//3543 3523//3523 
f 3501//3501 3523//3523 3522//3522 
f 3498//3498 3522//3522 3521//3521 
f 3495//3495 3521//3521 3520//3520 
f 3492//3492 3520//3520 3519//3519 
f 3489//3489 3519//3519 3518//3518 
f 3486//3486 3518//3518 3517//3517 
f 3483//3483 3517//3517 3516//3516 
f 3480//3480 3516//3516 3515//3515 
f 3475//3475 3515//3515 3514//3514 
f 3472//3472 3514//3514 3513//3513 
f 3469//3469 3513//3513 3512//3512 
f 3466//3466 3512//3512 3511//3511 
f 3463//3463 3511//3511 3510//3510 
f 3460//3460 3510//3510 3509//3509 
f 3457//3457 3509//3509 3508//3508 
f 3454//3454 3508//3508 3507//3507 
f 3451//3451 3507//3507 3506//3506 
f 3447//3447 3506//3506 3505//3505 
f 3503//3503 3658//3658 3504//3504 
f 3500//3500 3502//3502 3501//3501 
f 3497//3497 3499//3499 3498//3498 
f 3494//3494 3496//3496 3495//3495 
f 3491//3491 3493//3493 3492//3492 
f 3488//3488 3490//3490 3489//3489 
f 3485//3485 3487//3487 3486//3486 
f 3482//3482 3484//3484 3483//3483 
f 3479//3479 3481//3481 3480//3480 
f 3476//3476 3478//3478 3475//3475 
f 3473//3473 3477//3477 3472//3472 
f 3470//3470 3474//3474 3469//3469 
f 3467//3467 3471//3471 3466//3466 
f 3464//3464 3468//3468 3463//3463 
f 3461//3461 3465//3465 3460//3460 
f 3458//3458 3462//3462 3457//3457 
f 3455//3455 3459//3459 3454//3454 
f 3452//3452 3456//3456 3451//3451 
f 3449//3449 3453//3453 3447//3447 
o mesh3806
v 0.317 0.122992 0.0300611 
v 0.317 0.123098 0.0300884 
v 0.316904 0.123103 0.0300844 
v 0.317 0.122895 0.0300117 
v 0.316886 0.123 0.0300559 
v 0.317 0.122812 0.0299426 
v 0.31687 0.122906 0.0300059 
v 0.317 0.122745 0.0298569 
v 0.316859 0.122824 0.0299366 
v 0.317 0.122698 0.0297588 
v 0.316852 0.122759 0.0298513 
v 0.31685 0.122712 0.029754 
v 0.316852 0.122688 0.0296491 
v 0.317 0.122673 0.0296529 
v 0.316859 0.122686 0.0295415 
v 0.317 0.122672 0.0295441 
v 0.31687 0.122706 0.0294363 
v 0.317 0.122695 0.0294377 
v 0.316886 0.122749 0.0293383 
v 0.317 0.122739 0.0293387 
v 0.316904 0.122811 0.0292521 
v 0.316833 0.123113 0.0300765 
v 0.316804 0.123016 0.0300458 
v 0.316779 0.122926 0.0299946 
v 0.316761 0.122848 0.0299252 
v 0.31675 0.122786 0.0298406 
v 0.316746 0.122741 0.0297447 
v 0.31675 0.122716 0.0296418 
v 0.316761 0.122712 0.0295365 
v 0.316779 0.122729 0.0294336 
v 0.316804 0.122766 0.0293376 
v 0.316833 0.122823 0.0292529 
v 0.316805 0.12312 0.0300709 
v 0.316717 0.123142 0.0300534 
v 0.316674 0.123058 0.0300177 
v 0.316639 0.12298 0.0299641 
v 0.316613 0.122911 0.0298948 
v 0.316597 0.122855 0.0298126 
v 0.316591 0.122813 0.0297208 
v 0.316597 0.122787 0.0296233 
v 0.316613 0.122779 0.029524 
v 0.316639 0.122788 0.0294269 
v 0.316674 0.122815 0.029336 
v 0.316717 0.122858 0.029255 
v 0.316805 0.122831 0.0292534 
v 0.31665 0.123166 0.0300343 
v 0.316603 0.12309 0.0299955 
v 0.316565 0.12302 0.0299407 
v 0.316537 0.122957 0.029872 
v 0.31652 0.122905 0.0297918 
v 0.316514 0.122865 0.0297034 
v 0.31652 0.12284 0.0296099 
v 0.316537 0.122829 0.0295149 
v 0.316565 0.122833 0.0294221 
v 0.316603 0.122853 0.0293349 
v 0.31665 0.122886 0.0292566 
v 0.316618 0.123182 0.0300217 
v 0.316505 0.123238 0.0299765 
v 0.316459 0.12318 0.0299324 
v 0.316421 0.123125 0.0298766 
v 0.316393 0.123076 0.029811 
v 0.316376 0.123033 0.0297374 
v 0.31637 0.122999 0.029658 
v 0.316376 0.122973 0.0295753 
v 0.316393 0.122958 0.0294917 
v 0.316421 0.122953 0.0294098 
v 0.316459 0.122958 0.029332 
v 0.316505 0.122973 0.0292606 
v 0.316618 0.122905 0.0292575 
v 0.316376 0.123247 0.0298835 
v 0.316445 0.123278 0.0299434 
v 0.316342 0.123201 0.0298289 
v 0.316317 0.123159 0.0297666 
v 0.316301 0.123122 0.0296983 
v 0.316296 0.123091 0.0296257 
v 0.316301 0.123067 0.0295506 
v 0.316317 0.123049 0.0294749 
v 0.316342 0.12304 0.0294005 
v 0.316376 0.123038 0.0293293 
v 0.316419 0.123044 0.029263 
v 0.316419 0.123295 0.0299293 
v 0.316308 0.12339 0.0298495 
v 0.316273 0.123354 0.0298042 
v 0.316245 0.123319 0.0297533 
v 0.316225 0.123286 0.0296975 
v 0.316213 0.123256 0.029638 
v 0.316209 0.123229 0.0295758 
v 0.316213 0.123207 0.0295121 
v 0.316225 0.123188 0.0294481 
v 0.316245 0.123175 0.0293848 
v 0.316273 0.123166 0.0293235 
v 0.316308 0.123162 0.0292654 
v 0.316294 0.123406 0.0298364 
v 0.316216 0.123491 0.0297623 
v 0.31619 0.123463 0.0297204 
v 0.31617 0.123436 0.0296751 
v 0.316155 0.123411 0.029627 
v 0.316147 0.123386 0.0295767 
v 0.316144 0.123364 0.0295248 
v 0.316147 0.123344 0.0294721 
v 0.316155 0.123326 0.0294191 
v 0.31617 0.123312 0.0293666 
v 0.31619 0.123299 0.0293152 
v 0.316216 0.12329 0.0292656 
v 0.316294 0.123181 0.0292654 
v 0.316125 0.123575 0.0296329 
v 0.31617 0.123556 0.0297048 
v 0.316111 0.123554 0.0295947 
v 0.316101 0.123535 0.0295549 
v 0.316095 0.123515 0.029514 
v 0.316093 0.123497 0.0294722 
v 0.316095 0.12348 0.02943 
v 0.316101 0.123464 0.0293876 
v 0.316111 0.12345 0.0293455 
v 0.316125 0.123437 0.029304 
v 0.316142 0.123426 0.0292633 
v 0.316142 0.123596 0.0296694 
v 0.316078 0.123722 0.0295544 
v 0.316056 0.123735 0.0295035 
v 0.31605 0.123722 0.0294768 
v 0.316046 0.123709 0.0294496 
v 0.316043 0.123697 0.0294221 
v 0.316042 0.123684 0.0293943 
v 0.316043 0.123672 0.0293664 
v 0.316046 0.12366 0.0293384 
v 0.31605 0.123649 0.0293105 
v 0.316056 0.123638 0.0292827 
v 0.316078 0.123592 0.0292567 
v 0.316065 0.123628 0.0292553 
v 0.316065 0.123749 0.0295297 
v 0.31602 0.123895 0.0293907 
v 0.316015 0.123899 0.0293664 
v 0.316013 0.123893 0.0293526 
v 0.316012 0.123886 0.0293387 
v 0.316011 0.12388 0.0293248 
v 0.316011 0.123873 0.0293108 
v 0.316011 0.123867 0.0292968 
v 0.316012 0.12386 0.0292828 
v 0.316013 0.123854 0.0292688 
v 0.316015 0.123848 0.0292548 
v 0.316024 0.12381 0.029243 
v 0.31602 0.123826 0.0292419 
v 0.316017 0.123842 0.0292409 
v 0.316017 0.123906 0.0293802 
v 0.316 0.124064 0.0292237 
v 0.316 0.124064 0.0292233 
v 0.316 0.124064 0.0292229 
v 0.316 0.124064 0.0292226 
v 0.316 0.124063 0.0292222 
v 0.316 0.124063 0.0292218 
v 0.316 0.124063 0.0292214 
v 0.316 0.124063 0.029221 
v 0.316 0.124063 0.0292206 
v 0.316 0.124062 0.0292202 
v 0.316 0.124062 0.0292198 
v 0.316 0.124069 0.0292191 
v 0.317 0.122805 0.0292518 
vn 0 -0.354523 0.935047 
vn 0 -0.143997 0.989578 
vn -0.0962422 -0.143329 0.984984 
vn 0 -0.548281 0.836294 
vn -0.132614 -0.348065 0.928043 
vn 0 -0.716109 0.697988 
vn -0.162822 -0.536623 0.827964 
vn 0 -0.850069 0.526671 
vn -0.185461 -0.700237 0.6894 
vn 0 -0.943825 0.330446 
vn -0.19948 -0.831303 0.518791 
vn -0.204226 -0.923727 0.324067 
vn -0.19948 -0.973215 0.11428 
vn 0 -0.992943 0.118592 
vn -0.185461 -0.977466 -0.100819 
vn 0 -0.9951 -0.0988708 
vn -0.162822 -0.936282 -0.311232 
vn 0 -0.950195 -0.311657 
vn -0.132614 -0.851577 -0.507178 
vn 0 -0.86035 -0.509704 
vn -0.0962422 -0.72729 -0.679549 
vn -0.166521 -0.141987 0.975761 
vn -0.225644 -0.336039 0.914419 
vn -0.274631 -0.514998 0.812007 
vn -0.311284 -0.670826 0.673123 
vn -0.333955 -0.796525 0.504006 
vn -0.341627 -0.886448 0.312252 
vn -0.333955 -0.936556 0.106474 
vn -0.311284 -0.9446 -0.104087 
vn -0.274631 -0.910217 -0.309973 
vn -0.225644 -0.834952 -0.501936 
vn -0.166521 -0.722186 -0.671355 
vn -0.194636 -0.138999 0.970977 
vn -0.283277 -0.138099 0.949043 
vn -0.368422 -0.306716 0.877605 
vn -0.43854 -0.462823 0.770375 
vn -0.490773 -0.600055 0.631725 
vn -0.52299 -0.712813 0.46731 
vn -0.533877 -0.7965 0.283836 
vn -0.52299 -0.847702 0.0887864 
vn -0.490773 -0.864331 -0.109885 
vn -0.43854 -0.845708 -0.304074 
vn -0.368422 -0.792593 -0.485862 
vn -0.283277 -0.707153 -0.647834 
vn -0.194675 -0.717985 -0.668281 
vn -0.350295 -0.134873 0.926878 
vn -0.443129 -0.286881 0.849315 
vn -0.519239 -0.428062 0.739698 
vn -0.575753 -0.553087 0.602165 
vn -0.610538 -0.657239 0.441906 
vn -0.62228 -0.736586 0.26497 
vn -0.610538 -0.788134 0.078033 
vn -0.575753 -0.809937 -0.111849 
vn -0.519239 -0.801173 -0.297509 
vn -0.443129 -0.762173 -0.471942 
vn -0.350295 -0.694408 -0.628563 
vn -0.381664 -0.130318 0.915068 
vn -0.494668 -0.125145 0.860024 
vn -0.588203 -0.241556 0.771795 
vn -0.664042 -0.350699 0.660347 
vn -0.719904 -0.449292 0.529033 
vn -0.754107 -0.534368 0.381803 
vn -0.765624 -0.603368 0.223086 
vn -0.754107 -0.654215 0.0576582 
vn -0.719904 -0.685381 -0.109504 
vn -0.664042 -0.695928 -0.273372 
vn -0.588203 -0.685538 -0.429016 
vn -0.494668 -0.654524 -0.571753 
vn -0.381616 -0.685555 -0.619987 
vn -0.666482 -0.213996 0.714148 
vn -0.555175 -0.118796 0.823206 
vn -0.735504 -0.3054 0.604785 
vn -0.78608 -0.389145 0.480254 
vn -0.816943 -0.46313 0.34368 
vn -0.827317 -0.5255 0.198486 
vn -0.816943 -0.574692 0.0483142 
vn -0.78608 -0.609471 -0.103069 
vn -0.735504 -0.628965 -0.251867 
vn -0.666482 -0.632685 -0.394349 
vn -0.580746 -0.620538 -0.526941 
vn -0.580746 -0.117226 0.805601 
vn -0.6925 -0.103882 0.7139 
vn -0.761498 -0.177391 0.623421 
vn -0.816521 -0.247644 0.521503 
vn -0.856562 -0.313353 0.410014 
vn -0.880883 -0.373312 0.291002 
vn -0.889041 -0.426421 0.16665 
vn -0.880883 -0.471704 0.0392394 
vn -0.856562 -0.508331 -0.0888911 
vn -0.816521 -0.53563 -0.21539 
vn -0.761498 -0.5531 -0.337937 
vn -0.6925 -0.560421 -0.454283 
vn -0.706783 -0.10122 0.700151 
vn -0.784082 -0.0893729 0.614189 
vn -0.835229 -0.145338 0.530348 
vn -0.875705 -0.199445 0.439731 
vn -0.904991 -0.251004 0.343495 
vn -0.922713 -0.299356 0.24287 
vn -0.928646 -0.343883 0.139142 
vn -0.922713 -0.384016 0.0336359 
vn -0.904991 -0.419243 -0.0722999 
vn -0.875705 -0.449112 -0.177312 
vn -0.835229 -0.473243 -0.280058 
vn -0.784082 -0.491328 -0.379226 
vn -0.706546 -0.550703 -0.444431 
vn -0.892748 -0.116132 0.435333 
vn -0.831232 -0.0794102 0.550224 
vn -0.920073 -0.157336 0.358763 
vn -0.939755 -0.197234 0.279213 
vn -0.95163 -0.235493 0.197343 
vn -0.955599 -0.271795 0.113834 
vn -0.95163 -0.30584 0.0293795 
vn -0.939755 -0.337344 -0.0553193 
vn -0.920073 -0.366045 -0.139559 
vn -0.892748 -0.391706 -0.222638 
vn -0.858006 -0.414112 -0.303869 
vn -0.858006 -0.0739626 0.508286 
vn -0.92383 -0.0547957 0.37886 
vn -0.951628 -0.0774095 0.29734 
vn -0.964248 -0.103648 0.243891 
vn -0.973296 -0.129502 0.189538 
vn -0.978738 -0.154877 0.134483 
vn -0.980554 -0.179678 0.0789303 
vn -0.978738 -0.203813 0.0230848 
vn -0.973296 -0.227193 -0.0328462 
vn -0.964248 -0.249732 -0.0886555 
vn -0.951628 -0.271345 -0.144136 
vn -0.923421 -0.315124 -0.219067 
vn -0.935483 -0.291953 -0.199083 
vn -0.935483 -0.0508844 0.349688 
vn -0.980797 -0.0280838 0.192997 
vn -0.987373 -0.0394683 0.153418 
vn -0.990669 -0.0525689 0.125743 
vn -0.993026 -0.0656196 0.0979496 
vn -0.994441 -0.0786082 0.0700629 
vn -0.994912 -0.0915221 0.0421098 
vn -0.994441 -0.104349 0.0141168 
vn -0.993026 -0.117077 -0.0138897 
vn -0.990669 -0.129695 -0.0418829 
vn -0.987373 -0.142189 -0.0698365 
vn -0.977923 -0.175677 -0.113159 
vn -0.980699 -0.16481 -0.105202 
vn -0.98314 -0.154548 -0.0977238 
vn -0.98314 -0.0263303 0.180947 
vn -0.999987 -0.000747521 0.00513712 
vn -0.99999 -0.00112071 0.00436104 
vn -0.999992 -0.00149391 0.00358496 
vn -0.999994 -0.0018671 0.00280888 
vn -0.999995 -0.00224029 0.0020328 
vn -0.999996 -0.00261348 0.00125672 
vn -0.999995 -0.00298666 0.000480632 
vn -0.999994 -0.00335985 -0.000295453 
vn -0.999992 -0.00373303 -0.00107154 
vn -0.99999 -0.00410621 -0.00184762 
vn -0.999987 -0.00447939 -0.0026237 
vn -1 0 -4.85723e-14 
vn 0 -0.729815 -0.683645 
f 3684//3684 3685//3685 3686//3686 
f 3687//3687 3684//3684 3688//3688 
f 3689//3689 3687//3687 3690//3690 
f 3691//3691 3689//3689 3692//3692 
f 3693//3693 3691//3691 3694//3694 
f 3693//3693 3695//3695 3696//3696 
f 3697//3697 3696//3696 3698//3698 
f 3699//3699 3698//3698 3700//3700 
f 3701//3701 3700//3700 3702//3702 
f 3703//3703 3702//3702 3704//3704 
f 3688//3688 3686//3686 3705//3705 
f 3690//3690 3688//3688 3706//3706 
f 3692//3692 3690//3690 3707//3707 
f 3694//3694 3692//3692 3708//3708 
f 3695//3695 3694//3694 3709//3709 
f 3696//3696 3695//3695 3710//3710 
f 3698//3698 3696//3696 3711//3711 
f 3700//3700 3698//3698 3712//3712 
f 3702//3702 3700//3700 3713//3713 
f 3702//3702 3714//3714 3715//3715 
f 3706//3706 3716//3716 3717//3717 
f 3706//3706 3705//3705 3716//3716 
f 3707//3707 3706//3706 3718//3718 
f 3708//3708 3707//3707 3719//3719 
f 3709//3709 3708//3708 3720//3720 
f 3710//3710 3709//3709 3721//3721 
f 3711//3711 3710//3710 3722//3722 
f 3712//3712 3711//3711 3723//3723 
f 3713//3713 3712//3712 3724//3724 
f 3714//3714 3713//3713 3725//3725 
f 3714//3714 3726//3726 3727//3727 
f 3727//3727 3728//3728 3714//3714 
f 3718//3718 3717//3717 3729//3729 
f 3719//3719 3718//3718 3730//3730 
f 3720//3720 3719//3719 3731//3731 
f 3721//3721 3720//3720 3732//3732 
f 3722//3722 3721//3721 3733//3733 
f 3723//3723 3722//3722 3734//3734 
f 3724//3724 3723//3723 3735//3735 
f 3725//3725 3724//3724 3736//3736 
f 3726//3726 3725//3725 3737//3737 
f 3726//3726 3738//3738 3739//3739 
f 3730//3730 3740//3740 3741//3741 
f 3730//3730 3729//3729 3740//3740 
f 3731//3731 3730//3730 3742//3742 
f 3732//3732 3731//3731 3743//3743 
f 3733//3733 3732//3732 3744//3744 
f 3734//3734 3733//3733 3745//3745 
f 3735//3735 3734//3734 3746//3746 
f 3736//3736 3735//3735 3747//3747 
f 3737//3737 3736//3736 3748//3748 
f 3738//3738 3737//3737 3749//3749 
f 3738//3738 3750//3750 3751//3751 
f 3751//3751 3752//3752 3738//3738 
f 3753//3753 3742//3742 3754//3754 
f 3742//3742 3741//3741 3754//3754 
f 3743//3743 3742//3742 3753//3753 
f 3744//3744 3743//3743 3755//3755 
f 3745//3745 3744//3744 3756//3756 
f 3746//3746 3745//3745 3757//3757 
f 3747//3747 3746//3746 3758//3758 
f 3748//3748 3747//3747 3759//3759 
f 3749//3749 3748//3748 3760//3760 
f 3750//3750 3749//3749 3761//3761 
f 3750//3750 3762//3762 3763//3763 
f 3753//3753 3764//3764 3765//3765 
f 3755//3755 3753//3753 3766//3766 
f 3756//3756 3755//3755 3767//3767 
f 3757//3757 3756//3756 3768//3768 
f 3758//3758 3757//3757 3769//3769 
f 3759//3759 3758//3758 3770//3770 
f 3760//3760 3759//3759 3771//3771 
f 3761//3761 3760//3760 3772//3772 
f 3762//3762 3761//3761 3773//3773 
f 3762//3762 3774//3774 3775//3775 
f 3766//3766 3776//3776 3777//3777 
f 3766//3766 3765//3765 3776//3776 
f 3767//3767 3766//3766 3778//3778 
f 3768//3768 3767//3767 3779//3779 
f 3769//3769 3768//3768 3780//3780 
f 3770//3770 3769//3769 3781//3781 
f 3771//3771 3770//3770 3782//3782 
f 3772//3772 3771//3771 3783//3783 
f 3773//3773 3772//3772 3784//3784 
f 3774//3774 3773//3773 3785//3785 
f 3774//3774 3786//3786 3787//3787 
f 3787//3787 3788//3788 3774//3774 
f 3789//3789 3778//3778 3790//3790 
f 3778//3778 3777//3777 3790//3790 
f 3779//3779 3778//3778 3789//3789 
f 3780//3780 3779//3779 3791//3791 
f 3781//3781 3780//3780 3792//3792 
f 3782//3782 3781//3781 3793//3793 
f 3783//3783 3782//3782 3794//3794 
f 3784//3784 3783//3783 3795//3795 
f 3785//3785 3784//3784 3796//3796 
f 3786//3786 3785//3785 3797//3797 
f 3786//3786 3798//3798 3799//3799 
f 3789//3789 3800//3800 3801//3801 
f 3801//3801 3802//3802 3789//3789 
f 3791//3791 3789//3789 3802//3802 
f 3792//3792 3791//3791 3803//3803 
f 3793//3793 3792//3792 3804//3804 
f 3794//3794 3793//3793 3805//3805 
f 3795//3795 3794//3794 3806//3806 
f 3796//3796 3795//3795 3807//3807 
f 3797//3797 3796//3796 3808//3808 
f 3798//3798 3797//3797 3809//3809 
f 3798//3798 3810//3810 3811//3811 
f 3810//3810 3812//3812 3811//3811 
f 3802//3802 3813//3813 3814//3814 
f 3814//3814 3815//3815 3802//3802 
f 3803//3803 3802//3802 3815//3815 
f 3804//3804 3803//3803 3816//3816 
f 3805//3805 3804//3804 3817//3817 
f 3806//3806 3805//3805 3818//3818 
f 3807//3807 3806//3806 3819//3819 
f 3808//3808 3807//3807 3820//3820 
f 3809//3809 3808//3808 3821//3821 
f 3810//3810 3809//3809 3822//3822 
f 3810//3810 3823//3823 3824//3824 
f 3823//3823 3825//3825 3824//3824 
f 3823//3823 3826//3826 3825//3825 
f 3815//3815 3827//3827 3828//3828 
f 3816//3816 3815//3815 3829//3829 
f 3817//3817 3816//3816 3830//3830 
f 3818//3818 3817//3817 3831//3831 
f 3819//3819 3818//3818 3832//3832 
f 3820//3820 3819//3819 3833//3833 
f 3821//3821 3820//3820 3834//3834 
f 3822//3822 3821//3821 3835//3835 
f 3823//3823 3822//3822 3836//3836 
f 3823//3823 3837//3837 3838//3838 
f 3838//3838 3837//3837 3839//3839 
f 3837//3837 3836//3836 3839//3839 
f 3836//3836 3835//3835 3839//3839 
f 3835//3835 3834//3834 3839//3839 
f 3834//3834 3833//3833 3839//3839 
f 3833//3833 3832//3832 3839//3839 
f 3832//3832 3831//3831 3839//3839 
f 3831//3831 3830//3830 3839//3839 
f 3830//3830 3829//3829 3839//3839 
f 3829//3829 3828//3828 3839//3839 
f 3838//3838 3826//3826 3823//3823 
f 3836//3836 3837//3837 3823//3823 
f 3835//3835 3836//3836 3822//3822 
f 3834//3834 3835//3835 3821//3821 
f 3833//3833 3834//3834 3820//3820 
f 3832//3832 3833//3833 3819//3819 
f 3831//3831 3832//3832 3818//3818 
f 3830//3830 3831//3831 3817//3817 
f 3829//3829 3830//3830 3816//3816 
f 3828//3828 3829//3829 3815//3815 
f 3824//3824 3812//3812 3810//3810 
f 3822//3822 3823//3823 3810//3810 
f 3821//3821 3822//3822 3809//3809 
f 3820//3820 3821//3821 3808//3808 
f 3819//3819 3820//3820 3807//3807 
f 3818//3818 3819//3819 3806//3806 
f 3817//3817 3818//3818 3805//3805 
f 3816//3816 3817//3817 3804//3804 
f 3815//3815 3816//3816 3803//3803 
f 3814//3814 3827//3827 3815//3815 
f 3811//3811 3799//3799 3798//3798 
f 3809//3809 3810//3810 3798//3798 
f 3808//3808 3809//3809 3797//3797 
f 3807//3807 3808//3808 3796//3796 
f 3806//3806 3807//3807 3795//3795 
f 3805//3805 3806//3806 3794//3794 
f 3804//3804 3805//3805 3793//3793 
f 3803//3803 3804//3804 3792//3792 
f 3802//3802 3803//3803 3791//3791 
f 3801//3801 3813//3813 3802//3802 
f 3799//3799 3787//3787 3786//3786 
f 3797//3797 3798//3798 3786//3786 
f 3796//3796 3797//3797 3785//3785 
f 3795//3795 3796//3796 3784//3784 
f 3794//3794 3795//3795 3783//3783 
f 3793//3793 3794//3794 3782//3782 
f 3792//3792 3793//3793 3781//3781 
f 3791//3791 3792//3792 3780//3780 
f 3789//3789 3791//3791 3779//3779 
f 3790//3790 3800//3800 3789//3789 
f 3788//3788 3775//3775 3774//3774 
f 3785//3785 3786//3786 3774//3774 
f 3784//3784 3785//3785 3773//3773 
f 3783//3783 3784//3784 3772//3772 
f 3782//3782 3783//3783 3771//3771 
f 3781//3781 3782//3782 3770//3770 
f 3780//3780 3781//3781 3769//3769 
f 3779//3779 3780//3780 3768//3768 
f 3778//3778 3779//3779 3767//3767 
f 3777//3777 3778//3778 3766//3766 
f 3775//3775 3763//3763 3762//3762 
f 3773//3773 3774//3774 3762//3762 
f 3772//3772 3773//3773 3761//3761 
f 3771//3771 3772//3772 3760//3760 
f 3770//3770 3771//3771 3759//3759 
f 3769//3769 3770//3770 3758//3758 
f 3768//3768 3769//3769 3757//3757 
f 3767//3767 3768//3768 3756//3756 
f 3766//3766 3767//3767 3755//3755 
f 3765//3765 3766//3766 3753//3753 
f 3763//3763 3751//3751 3750//3750 
f 3761//3761 3762//3762 3750//3750 
f 3760//3760 3761//3761 3749//3749 
f 3759//3759 3760//3760 3748//3748 
f 3758//3758 3759//3759 3747//3747 
f 3757//3757 3758//3758 3746//3746 
f 3756//3756 3757//3757 3745//3745 
f 3755//3755 3756//3756 3744//3744 
f 3753//3753 3755//3755 3743//3743 
f 3754//3754 3764//3764 3753//3753 
f 3752//3752 3739//3739 3738//3738 
f 3749//3749 3750//3750 3738//3738 
f 3748//3748 3749//3749 3737//3737 
f 3747//3747 3748//3748 3736//3736 
f 3746//3746 3747//3747 3735//3735 
f 3745//3745 3746//3746 3734//3734 
f 3744//3744 3745//3745 3733//3733 
f 3743//3743 3744//3744 3732//3732 
f 3742//3742 3743//3743 3731//3731 
f 3741//3741 3742//3742 3730//3730 
f 3739//3739 3727//3727 3726//3726 
f 3737//3737 3738//3738 3726//3726 
f 3736//3736 3737//3737 3725//3725 
f 3735//3735 3736//3736 3724//3724 
f 3734//3734 3735//3735 3723//3723 
f 3733//3733 3734//3734 3722//3722 
f 3732//3732 3733//3733 3721//3721 
f 3731//3731 3732//3732 3720//3720 
f 3730//3730 3731//3731 3719//3719 
f 3729//3729 3730//3730 3718//3718 
f 3728//3728 3715//3715 3714//3714 
f 3725//3725 3726//3726 3714//3714 
f 3724//3724 3725//3725 3713//3713 
f 3723//3723 3724//3724 3712//3712 
f 3722//3722 3723//3723 3711//3711 
f 3721//3721 3722//3722 3710//3710 
f 3720//3720 3721//3721 3709//3709 
f 3719//3719 3720//3720 3708//3708 
f 3718//3718 3719//3719 3707//3707 
f 3717//3717 3718//3718 3706//3706 
f 3715//3715 3704//3704 3702//3702 
f 3713//3713 3714//3714 3702//3702 
f 3712//3712 3713//3713 3700//3700 
f 3711//3711 3712//3712 3698//3698 
f 3710//3710 3711//3711 3696//3696 
f 3709//3709 3710//3710 3695//3695 
f 3708//3708 3709//3709 3694//3694 
f 3707//3707 3708//3708 3692//3692 
f 3706//3706 3707//3707 3690//3690 
f 3705//3705 3706//3706 3688//3688 
f 3704//3704 3840//3840 3703//3703 
f 3702//3702 3703//3703 3701//3701 
f 3700//3700 3701//3701 3699//3699 
f 3698//3698 3699//3699 3697//3697 
f 3696//3696 3697//3697 3693//3693 
f 3694//3694 3695//3695 3693//3693 
f 3692//3692 3694//3694 3691//3691 
f 3690//3690 3692//3692 3689//3689 
f 3688//3688 3690//3690 3687//3687 
f 3686//3686 3688//3688 3684//3684 
o mesh3807
v 0.316833 0.123113 0.0300765 
v 0.316833 0.13775 0.0322064 
v 0.316805 0.137745 0.0321991 
v 0.316904 0.137758 0.0322169 
v 0.316805 0.12312 0.0300709 
v 0.316904 0.123103 0.0300844 
v 0.317 0.123098 0.0300884 
v 0.317 0.137762 0.0322222 
v 0.31665 0.137711 0.0321508 
v 0.316618 0.1377 0.0321343 
v 0.316618 0.123182 0.0300217 
v 0.31665 0.123166 0.0300343 
v 0.316717 0.123142 0.0300534 
v 0.316717 0.137729 0.032176 
v 0.316505 0.137659 0.0320749 
v 0.316445 0.13763 0.0320318 
v 0.316445 0.123278 0.0299434 
v 0.316505 0.123238 0.0299765 
v 0.316308 0.12339 0.0298495 
v 0.316419 0.123295 0.0299293 
v 0.316308 0.137549 0.0319097 
v 0.316294 0.137538 0.0318929 
v 0.316419 0.137617 0.0320133 
v 0.316294 0.123406 0.0298364 
v 0.316216 0.137477 0.0317974 
v 0.31617 0.137431 0.0317239 
v 0.31617 0.123556 0.0297048 
v 0.316216 0.123491 0.0297623 
v 0.316142 0.123596 0.0296694 
v 0.316142 0.137403 0.0316785 
v 0.316078 0.137316 0.0315325 
v 0.316078 0.123722 0.0295544 
v 0.316065 0.137297 0.0315011 
v 0.31602 0.137196 0.0313263 
v 0.31602 0.123895 0.0293907 
v 0.316065 0.123749 0.0295297 
v 0.316 0.124069 0.0292191 
v 0.316017 0.137189 0.0313131 
v 0.316 0.137082 0.0311179 
v 0.316 0.124064 0.0292237 
v 0.316017 0.123906 0.0293802 
v 0.316 0.137078 0.0311122 
vn -0.166521 -0.141987 0.975761 
vn -0.166521 -0.141987 0.975761 
vn -0.195051 -0.141231 0.970571 
vn -0.0962422 -0.143329 0.984984 
vn -0.195051 -0.141231 0.970571 
vn -0.0962422 -0.143329 0.984984 
vn 1.22465e-16 -0.143997 0.989578 
vn 1.22465e-16 -0.143997 0.989578 
vn -0.350295 -0.134873 0.926878 
vn -0.382597 -0.133041 0.914286 
vn -0.382597 -0.133041 0.914286 
vn -0.350295 -0.134873 0.926878 
vn -0.283277 -0.138099 0.949043 
vn -0.283277 -0.138099 0.949043 
vn -0.494668 -0.125145 0.860024 
vn -0.555588 -0.119728 0.822793 
vn -0.555588 -0.119728 0.822793 
vn -0.494668 -0.125145 0.860024 
vn -0.6925 -0.103882 0.7139 
vn -0.580746 -0.117226 0.805601 
vn -0.6925 -0.103882 0.7139 
vn -0.707071 -0.101827 0.699773 
vn -0.580746 -0.117226 0.805601 
vn -0.707071 -0.101827 0.699773 
vn -0.784082 -0.0893729 0.614189 
vn -0.831485 -0.0799973 0.549757 
vn -0.831485 -0.0799973 0.549757 
vn -0.784082 -0.0893729 0.614189 
vn -0.858006 -0.0739626 0.508286 
vn -0.858006 -0.0739626 0.508286 
vn -0.923925 -0.0550897 0.378587 
vn -0.923925 -0.0550897 0.378587 
vn -0.935483 -0.0508844 0.349688 
vn -0.980799 -0.0280828 0.19299 
vn -0.980799 -0.0280828 0.19299 
vn -0.935483 -0.0508844 0.349688 
vn -1 2.53145e-15 -1.73967e-14 
vn -0.98314 -0.0263303 0.180947 
vn -0.999987 -0.000747521 0.00513712 
vn -0.999987 -0.000747521 0.00513712 
vn -0.98314 -0.0263303 0.180947 
vn -1 2.53145e-15 -1.73967e-14 
f 3841//3841 3842//3842 3843//3843 
f 3841//3841 3844//3844 3842//3842 
f 3843//3843 3845//3845 3841//3841 
f 3841//3841 3846//3846 3844//3844 
f 3847//3847 3848//3848 3844//3844 
f 3849//3849 3850//3850 3851//3851 
f 3851//3851 3852//3852 3849//3849 
f 3853//3853 3854//3854 3849//3849 
f 3853//3853 3843//3843 3854//3854 
f 3852//3852 3853//3853 3849//3849 
f 3855//3855 3856//3856 3857//3857 
f 3857//3857 3858//3858 3855//3855 
f 3851//3851 3850//3850 3855//3855 
f 3856//3856 3859//3859 3860//3860 
f 3859//3859 3861//3861 3862//3862 
f 3859//3859 3856//3856 3863//3863 
f 3863//3863 3861//3861 3859//3859 
f 3862//3862 3864//3864 3859//3859 
f 3865//3865 3866//3866 3867//3867 
f 3867//3867 3868//3868 3865//3865 
f 3864//3864 3862//3862 3865//3865 
f 3869//3869 3870//3870 3871//3871 
f 3869//3869 3866//3866 3870//3870 
f 3871//3871 3872//3872 3869//3869 
f 3873//3873 3874//3874 3875//3875 
f 3875//3875 3876//3876 3873//3873 
f 3872//3872 3871//3871 3873//3873 
f 3877//3877 3878//3878 3879//3879 
f 3880//3880 3874//3874 3878//3878 
f 3878//3878 3877//3877 3880//3880 
f 3880//3880 3881//3881 3874//3874 
f 3879//3879 3882//3882 3877//3877 
f 3881//3881 3875//3875 3874//3874 
f 3876//3876 3872//3872 3873//3873 
f 3869//3869 3867//3867 3866//3866 
f 3868//3868 3864//3864 3865//3865 
f 3860//3860 3857//3857 3856//3856 
f 3858//3858 3851//3851 3855//3855 
f 3853//3853 3845//3845 3843//3843 
f 3846//3846 3847//3847 3844//3844 
o mesh3808
v 0.317 0.138319 0.0316057 
v 0.317 0.138281 0.0315037 
v 0.316904 0.138275 0.0315024 
v 0.317 0.138333 0.0317134 
v 0.316886 0.13831 0.0316027 
v 0.317 0.138325 0.0318218 
v 0.31687 0.138323 0.0317087 
v 0.317 0.138293 0.0319257 
v 0.316859 0.138312 0.0318154 
v 0.317 0.138239 0.0320202 
v 0.316852 0.13828 0.0319179 
v 0.31685 0.138226 0.0320114 
v 0.316852 0.138154 0.0320915 
v 0.317 0.138166 0.0321009 
v 0.316859 0.138067 0.0321546 
v 0.317 0.138077 0.0321639 
v 0.31687 0.137969 0.0321977 
v 0.317 0.137977 0.0322063 
v 0.316886 0.137864 0.0322188 
v 0.317 0.13787 0.032226 
v 0.316904 0.137758 0.0322169 
v 0.316833 0.138263 0.0314997 
v 0.316804 0.138293 0.031597 
v 0.316779 0.138302 0.0316997 
v 0.316761 0.138289 0.0318033 
v 0.31675 0.138255 0.031903 
v 0.316746 0.138202 0.0319945 
v 0.31675 0.138131 0.0320736 
v 0.316761 0.138047 0.0321367 
v 0.316779 0.137952 0.0321811 
v 0.316804 0.137852 0.0322047 
v 0.316833 0.13775 0.0322064 
v 0.316805 0.138255 0.0314978 
v 0.316717 0.138229 0.0314918 
v 0.316674 0.138247 0.0315816 
v 0.316639 0.138247 0.0316763 
v 0.316613 0.138228 0.031772 
v 0.316597 0.138192 0.0318649 
v 0.316591 0.138139 0.031951 
v 0.316597 0.138073 0.032027 
v 0.316613 0.137996 0.0320898 
v 0.316639 0.13791 0.0321367 
v 0.316674 0.13782 0.0321658 
v 0.316717 0.137729 0.032176 
v 0.316805 0.137745 0.0321991 
v 0.31665 0.138201 0.0314851 
v 0.316603 0.138211 0.0315698 
v 0.316565 0.138205 0.031659 
v 0.316537 0.138183 0.0317492 
v 0.31652 0.138145 0.0318371 
v 0.316514 0.138094 0.0319193 
v 0.31652 0.138031 0.0319928 
v 0.316537 0.137958 0.0320548 
v 0.316565 0.137878 0.0321029 
v 0.316603 0.137795 0.0321353 
v 0.31665 0.137711 0.0321508 
v 0.316618 0.138183 0.0314805 
v 0.316505 0.138117 0.0314642 
v 0.316459 0.138111 0.031537 
v 0.316421 0.138094 0.0316131 
v 0.316393 0.138066 0.0316901 
v 0.316376 0.138027 0.0317658 
v 0.31637 0.137979 0.0318378 
v 0.316376 0.137923 0.0319041 
v 0.316393 0.137862 0.0319625 
v 0.316421 0.137796 0.0320114 
v 0.316459 0.137727 0.0320493 
v 0.316505 0.137659 0.0320749 
v 0.316618 0.1377 0.0321343 
v 0.316419 0.138048 0.0314464 
v 0.316376 0.138035 0.0315117 
v 0.316342 0.138013 0.0315794 
v 0.316317 0.137983 0.031648 
v 0.316301 0.137945 0.0317156 
v 0.316296 0.1379 0.0317805 
v 0.316301 0.137849 0.0318412 
v 0.316317 0.137794 0.0318961 
v 0.316342 0.137736 0.0319439 
v 0.316376 0.137677 0.0319833 
v 0.316419 0.137617 0.0320133 
v 0.316445 0.13763 0.0320318 
v 0.316308 0.137934 0.0314149 
v 0.316273 0.137914 0.0314696 
v 0.316245 0.137888 0.0315259 
v 0.316225 0.137857 0.0315826 
v 0.316213 0.137821 0.0316388 
v 0.316209 0.137782 0.0316934 
v 0.316213 0.137738 0.0317454 
v 0.316225 0.137693 0.0317939 
v 0.316245 0.137645 0.031838 
v 0.316273 0.137597 0.0318768 
v 0.316308 0.137549 0.0319097 
v 0.316294 0.137916 0.0314095 
v 0.316216 0.137811 0.0313786 
v 0.31619 0.137788 0.0314235 
v 0.31617 0.137762 0.0314694 
v 0.316155 0.137733 0.0315154 
v 0.316147 0.137701 0.0315612 
v 0.316144 0.137667 0.031606 
v 0.316147 0.137631 0.0316494 
v 0.316155 0.137593 0.0316907 
v 0.31617 0.137555 0.0317295 
v 0.31619 0.137516 0.0317652 
v 0.316216 0.137477 0.0317974 
v 0.316294 0.137538 0.0318929 
v 0.316142 0.137682 0.0313378 
v 0.316125 0.13766 0.0313735 
v 0.316111 0.137635 0.0314097 
v 0.316101 0.13761 0.0314459 
v 0.316095 0.137582 0.031482 
v 0.316093 0.137554 0.0315177 
v 0.316095 0.137525 0.0315525 
v 0.316101 0.137495 0.0315863 
v 0.316111 0.137464 0.0316187 
v 0.316125 0.137434 0.0316496 
v 0.316142 0.137403 0.0316785 
v 0.31617 0.137431 0.0317239 
v 0.316078 0.137525 0.0312841 
v 0.316056 0.137473 0.0312958 
v 0.31605 0.137455 0.0313194 
v 0.316046 0.137436 0.0313429 
v 0.316043 0.137417 0.0313664 
v 0.316042 0.137397 0.0313897 
v 0.316043 0.137377 0.0314128 
v 0.316046 0.137357 0.0314355 
v 0.31605 0.137337 0.0314579 
v 0.316056 0.137317 0.0314798 
v 0.316078 0.137316 0.0315325 
v 0.316065 0.137297 0.0315011 
v 0.316065 0.137491 0.0312724 
v 0.316024 0.137319 0.0312087 
v 0.316015 0.13728 0.0312094 
v 0.31602 0.137304 0.0312031 
v 0.316013 0.13727 0.031221 
v 0.316012 0.13726 0.0312326 
v 0.316011 0.13725 0.0312442 
v 0.316011 0.13724 0.0312558 
v 0.316011 0.13723 0.0312674 
v 0.316012 0.13722 0.0312789 
v 0.316013 0.137209 0.0312904 
v 0.316015 0.137199 0.0313018 
v 0.31602 0.137196 0.0313263 
v 0.316017 0.137189 0.0313131 
v 0.316017 0.13729 0.0311978 
v 0.316 0.137084 0.0311147 
v 0.316 0.137084 0.0311151 
v 0.316 0.137084 0.0311154 
v 0.316 0.137084 0.0311157 
v 0.316 0.137083 0.031116 
v 0.316 0.137083 0.0311163 
v 0.316 0.137083 0.0311167 
v 0.316 0.137082 0.031117 
v 0.316 0.137082 0.0311173 
v 0.316 0.137082 0.0311176 
v 0.316 0.137082 0.0311179 
v 0.316 0.137078 0.0311122 
v 0.317 0.137762 0.0322222 
vn 0 0.969933 -0.243373 
vn 0 0.894383 -0.447302 
vn -0.0962422 0.890795 -0.444096 
vn 0 0.99961 -0.027934 
vn -0.132614 0.960804 -0.243452 
vn 0 0.982011 0.188826 
vn -0.162822 0.986153 -0.0314913 
vn 0 0.917967 0.396656 
vn -0.185461 0.965663 0.181933 
vn 0 0.810509 0.585726 
vn -0.19948 0.900287 0.3869 
vn -0.204226 0.793063 0.573884 
vn -0.19948 0.648976 0.734192 
vn 0 0.664719 0.747094 
vn -0.185461 0.474724 0.860373 
vn 0 0.48749 0.873128 
vn -0.162822 0.278405 0.946562 
vn 0 0.287206 0.957869 
vn -0.132614 0.069145 0.988753 
vn 0 0.0733387 0.997307 
vn -0.0962422 -0.143329 0.984984 
vn -0.166521 0.883568 -0.437696 
vn -0.225644 0.943375 -0.243165 
vn -0.274631 0.96081 -0.0377125 
vn -0.311284 0.935091 0.169434 
vn -0.333955 0.867372 0.36897 
vn -0.341627 0.760696 0.551935 
vn -0.333955 0.619854 0.710109 
vn -0.311284 0.451172 0.836389 
vn -0.274631 0.262225 0.925103 
vn -0.225644 0.0615001 0.972267 
vn -0.166521 -0.141987 0.975761 
vn -0.194675 0.878665 -0.435946 
vn -0.283277 0.862455 -0.419434 
vn -0.368422 0.898191 -0.239829 
vn -0.43854 0.897295 -0.0504431 
vn -0.490773 0.859803 0.141001 
vn -0.52299 0.787244 0.326694 
vn -0.533877 0.682578 0.499062 
vn -0.52299 0.550073 0.651077 
vn -0.490773 0.395133 0.776538 
vn -0.43854 0.224078 0.870328 
vn -0.368422 0.0438847 0.928622 
vn -0.283277 -0.138099 0.949043 
vn -0.194636 -0.143487 0.970324 
vn -0.350295 0.844746 -0.404595 
vn -0.443129 0.865065 -0.235156 
vn -0.519239 0.852736 -0.0568428 
vn -0.575753 0.808225 0.123616 
vn -0.610538 0.733211 0.299409 
vn -0.62228 0.630525 0.463903 
vn -0.610538 0.504042 0.610889 
vn -0.575753 0.358537 0.734819 
vn -0.519239 0.199501 0.831017 
vn -0.443129 0.0329352 0.895852 
vn -0.350295 -0.134873 0.926878 
vn -0.381616 0.833817 -0.398898 
vn -0.494668 0.790326 -0.361508 
vn -0.588203 0.779375 -0.215851 
vn -0.664042 0.744977 -0.063701 
vn -0.719904 0.688166 0.0903658 
vn -0.754107 0.610653 0.241714 
vn -0.765624 0.514768 0.38579 
vn -0.754107 0.403396 0.51826 
vn -0.719904 0.279889 0.635139 
vn -0.664042 0.147961 0.732909 
vn -0.588203 0.0115821 0.80863 
vn -0.494668 -0.125145 0.860024 
vn -0.381664 -0.135874 0.91426 
vn -0.580746 0.744978 -0.32824 
vn -0.666482 0.718834 -0.197685 
vn -0.735504 0.674662 -0.0621719 
vn -0.78608 0.61357 0.0749001 
vn -0.816943 0.53709 0.210094 
vn -0.827317 0.447141 0.340018 
vn -0.816943 0.345977 0.461416 
vn -0.78608 0.236138 0.571241 
vn -0.735504 0.120376 0.666741 
vn -0.666482 0.00159486 0.745519 
vn -0.580746 -0.117226 0.805601 
vn -0.555175 -0.120739 0.822923 
vn -0.6925 0.666647 -0.275727 
vn -0.761498 0.626473 -0.166293 
vn -0.816521 0.574802 -0.0538072 
vn -0.856562 0.512584 0.0596661 
vn -0.880883 0.440959 0.172044 
vn -0.889041 0.361243 0.281266 
vn -0.880883 0.274897 0.385326 
vn -0.856562 0.183507 0.482315 
vn -0.816521 0.0887498 0.570453 
vn -0.761498 -0.00763627 0.648123 
vn -0.6925 -0.103882 0.7139 
vn -0.706546 0.654525 -0.269053 
vn -0.784082 0.579029 -0.223474 
vn -0.835229 0.533432 -0.133573 
vn -0.875705 0.48102 -0.0419647 
vn -0.904991 0.422462 0.0501797 
vn -0.922713 0.358505 0.141683 
vn -0.928646 0.289968 0.231376 
vn -0.922713 0.217726 0.318112 
vn -0.904991 0.142701 0.400784 
vn -0.875705 0.0658539 0.478335 
vn -0.835229 -0.0118351 0.549774 
vn -0.784082 -0.0893729 0.614189 
vn -0.706783 -0.102516 0.699963 
vn -0.858006 0.483539 -0.173248 
vn -0.892748 0.438912 -0.101772 
vn -0.920073 0.390638 -0.0294506 
vn -0.939755 0.33912 0.0431154 
vn -0.95163 0.284784 0.115323 
vn -0.955599 0.228082 0.186573 
vn -0.95163 0.169485 0.256273 
vn -0.939755 0.109481 0.323844 
vn -0.920073 0.0485665 0.388725 
vn -0.892748 -0.012751 0.450376 
vn -0.858006 -0.0739626 0.508286 
vn -0.831232 -0.080693 0.550038 
vn -0.923421 0.364489 -0.120174 
vn -0.951628 0.30117 -0.0608276 
vn -0.964248 0.264641 -0.0138072 
vn -0.973296 0.227132 0.0332644 
vn -0.978738 0.188782 0.0802127 
vn -0.980554 0.149732 0.126864 
vn -0.978738 0.110127 0.173045 
vn -0.973296 0.0701146 0.218585 
vn -0.964248 0.0298423 0.263316 
vn -0.951628 -0.0105406 0.307071 
vn -0.92383 -0.0554493 0.378765 
vn -0.935483 -0.0508844 0.349688 
vn -0.935483 0.336583 -0.107623 
vn -0.977923 0.200641 -0.0583994 
vn -0.987373 0.156195 -0.0264175 
vn -0.980699 0.187957 -0.053869 
vn -0.990669 0.136253 -0.00318395 
vn -0.993026 0.116181 0.0200526 
vn -0.994441 0.0959987 0.0432702 
vn -0.994912 0.0757257 0.0664467 
vn -0.994441 0.0553808 0.0895602 
vn -0.993026 0.0349834 0.112589 
vn -0.990669 0.0145529 0.135511 
vn -0.987373 -0.00589149 0.158304 
vn -0.980797 -0.0280838 0.192997 
vn -0.98314 -0.0263303 0.180947 
vn -0.98314 0.17599 -0.049626 
vn -0.999987 0.00504136 -0.0012383 
vn -0.99999 0.00446248 -0.000600759 
vn -0.999992 0.0038836 3.67873e-05 
vn -0.999994 0.00330472 0.000674333 
vn -0.999995 0.00272583 0.00131188 
vn -0.999996 0.00214694 0.00194942 
vn -0.999995 0.00156805 0.00258697 
vn -0.999994 0.000989158 0.00322451 
vn -0.999992 0.000410265 0.00386205 
vn -0.99999 -0.000168628 0.00449958 
vn -0.999987 -0.000747521 0.00513712 
vn -1 1.66533e-13 -3.46945e-14 
vn 0 -0.143997 0.989578 
f 3883//3883 3884//3884 3885//3885 
f 3886//3886 3883//3883 3887//3887 
f 3888//3888 3886//3886 3889//3889 
f 3890//3890 3888//3888 3891//3891 
f 3892//3892 3890//3890 3893//3893 
f 3892//3892 3894//3894 3895//3895 
f 3896//3896 3895//3895 3897//3897 
f 3898//3898 3897//3897 3899//3899 
f 3900//3900 3899//3899 3901//3901 
f 3902//3902 3901//3901 3903//3903 
f 3887//3887 3885//3885 3904//3904 
f 3889//3889 3887//3887 3905//3905 
f 3891//3891 3889//3889 3906//3906 
f 3893//3893 3891//3891 3907//3907 
f 3894//3894 3893//3893 3908//3908 
f 3895//3895 3894//3894 3909//3909 
f 3897//3897 3895//3895 3910//3910 
f 3899//3899 3897//3897 3911//3911 
f 3901//3901 3899//3899 3912//3912 
f 3901//3901 3913//3913 3914//3914 
f 3905//3905 3915//3915 3916//3916 
f 3905//3905 3904//3904 3915//3915 
f 3906//3906 3905//3905 3917//3917 
f 3907//3907 3906//3906 3918//3918 
f 3908//3908 3907//3907 3919//3919 
f 3909//3909 3908//3908 3920//3920 
f 3910//3910 3909//3909 3921//3921 
f 3911//3911 3910//3910 3922//3922 
f 3912//3912 3911//3911 3923//3923 
f 3913//3913 3912//3912 3924//3924 
f 3913//3913 3925//3925 3926//3926 
f 3926//3926 3927//3927 3913//3913 
f 3917//3917 3916//3916 3928//3928 
f 3918//3918 3917//3917 3929//3929 
f 3919//3919 3918//3918 3930//3930 
f 3920//3920 3919//3919 3931//3931 
f 3921//3921 3920//3920 3932//3932 
f 3922//3922 3921//3921 3933//3933 
f 3923//3923 3922//3922 3934//3934 
f 3924//3924 3923//3923 3935//3935 
f 3925//3925 3924//3924 3936//3936 
f 3925//3925 3937//3937 3938//3938 
f 3929//3929 3939//3939 3940//3940 
f 3929//3929 3928//3928 3939//3939 
f 3930//3930 3929//3929 3941//3941 
f 3931//3931 3930//3930 3942//3942 
f 3932//3932 3931//3931 3943//3943 
f 3933//3933 3932//3932 3944//3944 
f 3934//3934 3933//3933 3945//3945 
f 3935//3935 3934//3934 3946//3946 
f 3936//3936 3935//3935 3947//3947 
f 3937//3937 3936//3936 3948//3948 
f 3937//3937 3949//3949 3950//3950 
f 3950//3950 3951//3951 3937//3937 
f 3941//3941 3940//3940 3952//3952 
f 3942//3942 3941//3941 3953//3953 
f 3943//3943 3942//3942 3954//3954 
f 3944//3944 3943//3943 3955//3955 
f 3945//3945 3944//3944 3956//3956 
f 3946//3946 3945//3945 3957//3957 
f 3947//3947 3946//3946 3958//3958 
f 3948//3948 3947//3947 3959//3959 
f 3949//3949 3948//3948 3960//3960 
f 3961//3961 3962//3962 3963//3963 
f 3963//3963 3949//3949 3961//3961 
f 3953//3953 3952//3952 3964//3964 
f 3954//3954 3953//3953 3965//3965 
f 3955//3955 3954//3954 3966//3966 
f 3956//3956 3955//3955 3967//3967 
f 3957//3957 3956//3956 3968//3968 
f 3958//3958 3957//3957 3969//3969 
f 3959//3959 3958//3958 3970//3970 
f 3960//3960 3959//3959 3971//3971 
f 3961//3961 3960//3960 3972//3972 
f 3961//3961 3973//3973 3974//3974 
f 3965//3965 3975//3975 3976//3976 
f 3965//3965 3964//3964 3975//3975 
f 3966//3966 3965//3965 3977//3977 
f 3967//3967 3966//3966 3978//3978 
f 3968//3968 3967//3967 3979//3979 
f 3969//3969 3968//3968 3980//3980 
f 3970//3970 3969//3969 3981//3981 
f 3971//3971 3970//3970 3982//3982 
f 3972//3972 3971//3971 3983//3983 
f 3973//3973 3972//3972 3984//3984 
f 3973//3973 3985//3985 3986//3986 
f 3986//3986 3987//3987 3973//3973 
f 3977//3977 3976//3976 3988//3988 
f 3978//3978 3977//3977 3989//3989 
f 3979//3979 3978//3978 3990//3990 
f 3980//3980 3979//3979 3991//3991 
f 3981//3981 3980//3980 3992//3992 
f 3982//3982 3981//3981 3993//3993 
f 3983//3983 3982//3982 3994//3994 
f 3984//3984 3983//3983 3995//3995 
f 3985//3985 3984//3984 3996//3996 
f 3997//3997 3998//3998 3999//3999 
f 3999//3999 3985//3985 3997//3997 
f 3989//3989 3988//3988 4000//4000 
f 4000//4000 4001//4001 3989//3989 
f 3990//3990 3989//3989 4001//4001 
f 3991//3991 3990//3990 4002//4002 
f 3992//3992 3991//3991 4003//4003 
f 3993//3993 3992//3992 4004//4004 
f 3994//3994 3993//3993 4005//4005 
f 3995//3995 3994//3994 4006//4006 
f 3996//3996 3995//3995 4007//4007 
f 3997//3997 3996//3996 4008//4008 
f 3997//3997 4009//4009 4010//4010 
f 4009//4009 4011//4011 4010//4010 
f 4001//4001 4012//4012 4013//4013 
f 4013//4013 4014//4014 4001//4001 
f 4013//4013 4015//4015 4014//4014 
f 4002//4002 4001//4001 4014//4014 
f 4003//4003 4002//4002 4016//4016 
f 4004//4004 4003//4003 4017//4017 
f 4005//4005 4004//4004 4018//4018 
f 4006//4006 4005//4005 4019//4019 
f 4007//4007 4006//4006 4020//4020 
f 4008//4008 4007//4007 4021//4021 
f 4009//4009 4008//4008 4022//4022 
f 4009//4009 4023//4023 4024//4024 
f 4023//4023 4025//4025 4024//4024 
f 4014//4014 4026//4026 4027//4027 
f 4016//4016 4014//4014 4028//4028 
f 4017//4017 4016//4016 4029//4029 
f 4018//4018 4017//4017 4030//4030 
f 4019//4019 4018//4018 4031//4031 
f 4020//4020 4019//4019 4032//4032 
f 4021//4021 4020//4020 4033//4033 
f 4022//4022 4021//4021 4034//4034 
f 4023//4023 4022//4022 4035//4035 
f 4023//4023 4036//4036 4037//4037 
f 4037//4037 4036//4036 4038//4038 
f 4036//4036 4035//4035 4038//4038 
f 4035//4035 4034//4034 4038//4038 
f 4034//4034 4033//4033 4038//4038 
f 4033//4033 4032//4032 4038//4038 
f 4032//4032 4031//4031 4038//4038 
f 4031//4031 4030//4030 4038//4038 
f 4030//4030 4029//4029 4038//4038 
f 4029//4029 4028//4028 4038//4038 
f 4028//4028 4027//4027 4038//4038 
f 4037//4037 4025//4025 4023//4023 
f 4035//4035 4036//4036 4023//4023 
f 4034//4034 4035//4035 4022//4022 
f 4033//4033 4034//4034 4021//4021 
f 4032//4032 4033//4033 4020//4020 
f 4031//4031 4032//4032 4019//4019 
f 4030//4030 4031//4031 4018//4018 
f 4029//4029 4030//4030 4017//4017 
f 4028//4028 4029//4029 4016//4016 
f 4027//4027 4028//4028 4014//4014 
f 4024//4024 4011//4011 4009//4009 
f 4022//4022 4023//4023 4009//4009 
f 4021//4021 4022//4022 4008//4008 
f 4020//4020 4021//4021 4007//4007 
f 4019//4019 4020//4020 4006//4006 
f 4018//4018 4019//4019 4005//4005 
f 4017//4017 4018//4018 4004//4004 
f 4016//4016 4017//4017 4003//4003 
f 4014//4014 4016//4016 4002//4002 
f 4015//4015 4026//4026 4014//4014 
f 4010//4010 3998//3998 3997//3997 
f 4008//4008 4009//4009 3997//3997 
f 4007//4007 4008//4008 3996//3996 
f 4006//4006 4007//4007 3995//3995 
f 4005//4005 4006//4006 3994//3994 
f 4004//4004 4005//4005 3993//3993 
f 4003//4003 4004//4004 3992//3992 
f 4002//4002 4003//4003 3991//3991 
f 4001//4001 4002//4002 3990//3990 
f 4000//4000 4012//4012 4001//4001 
f 3999//3999 3986//3986 3985//3985 
f 3996//3996 3997//3997 3985//3985 
f 3995//3995 3996//3996 3984//3984 
f 3994//3994 3995//3995 3983//3983 
f 3993//3993 3994//3994 3982//3982 
f 3992//3992 3993//3993 3981//3981 
f 3991//3991 3992//3992 3980//3980 
f 3990//3990 3991//3991 3979//3979 
f 3989//3989 3990//3990 3978//3978 
f 3988//3988 3989//3989 3977//3977 
f 3987//3987 3974//3974 3973//3973 
f 3984//3984 3985//3985 3973//3973 
f 3983//3983 3984//3984 3972//3972 
f 3982//3982 3983//3983 3971//3971 
f 3981//3981 3982//3982 3970//3970 
f 3980//3980 3981//3981 3969//3969 
f 3979//3979 3980//3980 3968//3968 
f 3978//3978 3979//3979 3967//3967 
f 3977//3977 3978//3978 3966//3966 
f 3976//3976 3977//3977 3965//3965 
f 3974//3974 3962//3962 3961//3961 
f 3972//3972 3973//3973 3961//3961 
f 3971//3971 3972//3972 3960//3960 
f 3970//3970 3971//3971 3959//3959 
f 3969//3969 3970//3970 3958//3958 
f 3968//3968 3969//3969 3957//3957 
f 3967//3967 3968//3968 3956//3956 
f 3966//3966 3967//3967 3955//3955 
f 3965//3965 3966//3966 3954//3954 
f 3964//3964 3965//3965 3953//3953 
f 3963//3963 3950//3950 3949//3949 
f 3960//3960 3961//3961 3949//3949 
f 3959//3959 3960//3960 3948//3948 
f 3958//3958 3959//3959 3947//3947 
f 3957//3957 3958//3958 3946//3946 
f 3956//3956 3957//3957 3945//3945 
f 3955//3955 3956//3956 3944//3944 
f 3954//3954 3955//3955 3943//3943 
f 3953//3953 3954//3954 3942//3942 
f 3952//3952 3953//3953 3941//3941 
f 3951//3951 3938//3938 3937//3937 
f 3948//3948 3949//3949 3937//3937 
f 3947//3947 3948//3948 3936//3936 
f 3946//3946 3947//3947 3935//3935 
f 3945//3945 3946//3946 3934//3934 
f 3944//3944 3945//3945 3933//3933 
f 3943//3943 3944//3944 3932//3932 
f 3942//3942 3943//3943 3931//3931 
f 3941//3941 3942//3942 3930//3930 
f 3940//3940 3941//3941 3929//3929 
f 3938//3938 3926//3926 3925//3925 
f 3936//3936 3937//3937 3925//3925 
f 3935//3935 3936//3936 3924//3924 
f 3934//3934 3935//3935 3923//3923 
f 3933//3933 3934//3934 3922//3922 
f 3932//3932 3933//3933 3921//3921 
f 3931//3931 3932//3932 3920//3920 
f 3930//3930 3931//3931 3919//3919 
f 3929//3929 3930//3930 3918//3918 
f 3928//3928 3929//3929 3917//3917 
f 3927//3927 3914//3914 3913//3913 
f 3924//3924 3925//3925 3913//3913 
f 3923//3923 3924//3924 3912//3912 
f 3922//3922 3923//3923 3911//3911 
f 3921//3921 3922//3922 3910//3910 
f 3920//3920 3921//3921 3909//3909 
f 3919//3919 3920//3920 3908//3908 
f 3918//3918 3919//3919 3907//3907 
f 3917//3917 3918//3918 3906//3906 
f 3916//3916 3917//3917 3905//3905 
f 3914//3914 3903//3903 3901//3901 
f 3912//3912 3913//3913 3901//3901 
f 3911//3911 3912//3912 3899//3899 
f 3910//3910 3911//3911 3897//3897 
f 3909//3909 3910//3910 3895//3895 
f 3908//3908 3909//3909 3894//3894 
f 3907//3907 3908//3908 3893//3893 
f 3906//3906 3907//3907 3891//3891 
f 3905//3905 3906//3906 3889//3889 
f 3904//3904 3905//3905 3887//3887 
f 3903//3903 4039//4039 3902//3902 
f 3901//3901 3902//3902 3900//3900 
f 3899//3899 3900//3900 3898//3898 
f 3897//3897 3898//3898 3896//3896 
f 3895//3895 3896//3896 3892//3892 
f 3893//3893 3894//3894 3892//3892 
f 3891//3891 3893//3893 3890//3890 
f 3889//3889 3891//3891 3888//3888 
f 3887//3887 3889//3889 3886//3886 
f 3885//3885 3887//3887 3883//3883 
o mesh3809
v 0.3177 0.138281 0.0315037 
v 0.317 0.138281 0.0315037 
v 0.317 0.138319 0.0316057 
v 0.3177 0.138319 0.0316057 
v 0.317 0.138333 0.0317134 
v 0.3177 0.138333 0.0317134 
v 0.317 0.138325 0.0318218 
v 0.3177 0.138325 0.0318218 
v 0.317 0.138293 0.0319257 
v 0.3177 0.138293 0.0319257 
v 0.317 0.138239 0.0320202 
v 0.3177 0.138239 0.0320202 
v 0.317 0.138166 0.0321009 
v 0.3177 0.138166 0.0321009 
v 0.317 0.138077 0.0321639 
v 0.3177 0.138077 0.0321639 
v 0.317 0.137977 0.0322063 
v 0.3177 0.137977 0.0322063 
v 0.317 0.13787 0.032226 
v 0.3177 0.13787 0.032226 
v 0.317 0.137762 0.0322222 
v 0.3177 0.137762 0.0322222 
vn 0 0.894383 -0.447302 
vn 0 0.894383 -0.447302 
vn 0 0.969933 -0.243373 
vn 0 0.969933 -0.243373 
vn 0 0.99961 -0.027934 
vn 0 0.99961 -0.027934 
vn 0 0.982011 0.188826 
vn 0 0.982011 0.188826 
vn 0 0.917967 0.396656 
vn 0 0.917967 0.396656 
vn 0 0.810509 0.585726 
vn 0 0.810509 0.585726 
vn 0 0.664719 0.747094 
vn 0 0.664719 0.747094 
vn 0 0.48749 0.873128 
vn 0 0.48749 0.873128 
vn 0 0.287206 0.957869 
vn 0 0.287206 0.957869 
vn 0 0.0733387 0.997307 
vn 0 0.0733387 0.997307 
vn 0 -0.143997 0.989578 
vn 0 -0.143997 0.989578 
f 4040//4040 4041//4041 4042//4042 
f 4043//4043 4042//4042 4044//4044 
f 4045//4045 4044//4044 4046//4046 
f 4047//4047 4046//4046 4048//4048 
f 4049//4049 4048//4048 4050//4050 
f 4051//4051 4050//4050 4052//4052 
f 4053//4053 4052//4052 4054//4054 
f 4055//4055 4054//4054 4056//4056 
f 4057//4057 4056//4056 4058//4058 
f 4059//4059 4058//4058 4060//4060 
f 4060//4060 4061//4061 4059//4059 
f 4058//4058 4059//4059 4057//4057 
f 4056//4056 4057//4057 4055//4055 
f 4054//4054 4055//4055 4053//4053 
f 4052//4052 4053//4053 4051//4051 
f 4050//4050 4051//4051 4049//4049 
f 4048//4048 4049//4049 4047//4047 
f 4046//4046 4047//4047 4045//4045 
f 4044//4044 4045//4045 4043//4043 
f 4042//4042 4043//4043 4040//4040 
o mesh3810
v 0.3177 0.141396 0.0271931 
v 0.3177 0.140744 0.0271699 
v 0.3177 0.140964 0.0286618 
v 0.3177 0.140102 0.0272882 
v 0.3177 0.140641 0.0286969 
v 0.3177 0.137965 0.0302456 
v 0.3177 0.138054 0.0308919 
v 0.3177 0.139484 0.0304045 
v 0.3177 0.138281 0.0315037 
v 0.3177 0.13957 0.030717 
v 0.3177 0.139722 0.0310036 
v 0.3177 0.142027 0.0273567 
v 0.3177 0.141286 0.0286969 
v 0.3177 0.138319 0.0316057 
v 0.3177 0.139932 0.0312508 
v 0.3177 0.143112 0.0280679 
v 0.3177 0.142609 0.0276529 
v 0.3177 0.141872 0.0289677 
v 0.3177 0.141594 0.0288005 
v 0.3177 0.139501 0.0275424 
v 0.3177 0.140334 0.0288005 
v 0.3177 0.140485 0.0315833 
v 0.3177 0.140191 0.0314471 
v 0.3177 0.142409 0.0297605 
v 0.3177 0.143022 0.0326139 
v 0.3177 0.143021 0.0325051 
v 0.3177 0.13897 0.0279205 
v 0.3177 0.140056 0.0289677 
v 0.3177 0.138532 0.0284047 
v 0.3177 0.139821 0.0291907 
v 0.3177 0.143514 0.0285818 
v 0.3177 0.142289 0.0294592 
v 0.3177 0.142107 0.0291907 
v 0.3177 0.13821 0.0289719 
v 0.3177 0.139639 0.0294592 
v 0.3177 0.138018 0.0295953 
v 0.3177 0.139519 0.0297605 
v 0.3177 0.139466 0.0300806 
v 0.3177 0.140802 0.031653 
v 0.3177 0.142357 0.030717 
v 0.3177 0.142205 0.0310036 
v 0.3177 0.142462 0.0300806 
v 0.3177 0.142444 0.0304045 
v 0.3177 0.141737 0.0314471 
v 0.3177 0.143046 0.0327198 
v 0.3177 0.138293 0.0319257 
v 0.3177 0.143446 0.0330494 
v 0.3177 0.143341 0.0330221 
v 0.3177 0.143043 0.0323988 
v 0.3177 0.141995 0.0312508 
v 0.3177 0.138239 0.0320202 
v 0.3177 0.138166 0.0321009 
v 0.3177 0.138325 0.0318218 
v 0.3177 0.143943 0.0298061 
v 0.3177 0.143088 0.0322997 
v 0.3177 0.143795 0.0291705 
v 0.3177 0.14316 0.0329036 
v 0.3177 0.143093 0.0328179 
v 0.3177 0.138077 0.0321639 
v 0.3177 0.143244 0.0329727 
v 0.3177 0.138333 0.0317134 
v 0.3177 0.143814 0.0310968 
v 0.3177 0.143153 0.0322128 
v 0.3177 0.143949 0.0304584 
v 0.3177 0.137977 0.0322063 
v 0.3177 0.141443 0.0315833 
v 0.3177 0.13787 0.032226 
v 0.3177 0.141126 0.031653 
v 0.3177 0.143545 0.0316909 
v 0.3177 0.137762 0.0322222 
vn -1 0 0 
vn -1 0 0 
vn -1 0 0 
vn -1 0 0 
vn -1 0 0 
vn -1 0 0 
vn -1 0 0 
vn -1 0 0 
vn -1 0 0 
vn -1 0 0 
vn -1 0 0 
vn -1 0 0 
vn -1 0 0 
vn -1 0 0 
vn -1 0 0 
vn -1 0 0 
vn -1 0 0 
vn -1 0 0 
vn -1 0 0 
vn -1 0 0 
vn -1 0 0 
vn -1 0 0 
vn -1 0 0 
vn -1 0 0 
vn -1 0 0 
vn -1 0 0 
vn -1 0 0 
vn -1 0 0 
vn -1 0 0 
vn -1 0 0 
vn -1 0 0 
vn -1 0 0 
vn -1 0 0 
vn -1 0 0 
vn -1 0 0 
vn -1 0 0 
vn -1 0 0 
vn -1 0 0 
vn -1 0 0 
vn -1 0 0 
vn -1 0 0 
vn -1 0 0 
vn -1 0 0 
vn -1 0 0 
vn -1 0 0 
vn -1 0 0 
vn -1 0 0 
vn -1 0 0 
vn -1 0 0 
vn -1 0 0 
vn -1 0 0 
vn -1 0 0 
vn -1 0 0 
vn -1 0 0 
vn -1 0 0 
vn -1 0 0 
vn -1 0 0 
vn -1 0 0 
vn -1 0 0 
vn -1 0 0 
vn -1 0 0 
vn -1 0 0 
vn -1 0 0 
vn -1 0 0 
vn -1 0 0 
vn -1 0 0 
vn -1 0 0 
vn -1 0 0 
vn -1 0 0 
vn -1 0 0 
f 4062//4062 4063//4063 4064//4064 
f 4063//4063 4065//4065 4066//4066 
f 4067//4067 4068//4068 4069//4069 
f 4068//4068 4070//4070 4071//4071 
f 4072//4072 4071//4071 4070//4070 
f 4073//4073 4062//4062 4074//4074 
f 4066//4066 4064//4064 4063//4063 
f 4071//4071 4069//4069 4068//4068 
f 4075//4075 4076//4076 4072//4072 
f 4077//4077 4078//4078 4079//4079 
f 4078//4078 4073//4073 4080//4080 
f 4064//4064 4074//4074 4062//4062 
f 4065//4065 4081//4081 4082//4082 
f 4070//4070 4075//4075 4072//4072 
f 4075//4075 4083//4083 4084//4084 
f 4085//4085 4086//4086 4087//4087 
f 4080//4080 4079//4079 4078//4078 
f 4082//4082 4066//4066 4065//4065 
f 4081//4081 4088//4088 4089//4089 
f 4088//4088 4090//4090 4091//4091 
f 4084//4084 4076//4076 4075//4075 
f 4092//4092 4093//4093 4085//4085 
f 4092//4092 4077//4077 4094//4094 
f 4074//4074 4080//4080 4073//4073 
f 4091//4091 4089//4089 4088//4088 
f 4090//4090 4095//4095 4096//4096 
f 4095//4095 4097//4097 4098//4098 
f 4097//4097 4067//4067 4099//4099 
f 4075//4075 4100//4100 4083//4083 
f 4086//4086 4101//4101 4102//4102 
f 4086//4086 4103//4103 4104//4104 
f 4094//4094 4093//4093 4092//4092 
f 4089//4089 4082//4082 4081//4081 
f 4098//4098 4096//4096 4095//4095 
f 4069//4069 4099//4099 4067//4067 
f 4105//4105 4106//4106 4086//4086 
f 4104//4104 4101//4101 4086//4086 
f 4107//4107 4108//4108 4109//4109 
f 4092//4092 4087//4087 4110//4110 
f 4079//4079 4094//4094 4077//4077 
f 4099//4099 4098//4098 4097//4097 
f 4102//4102 4111//4111 4086//4086 
f 4108//4108 4112//4112 4113//4113 
f 4109//4109 4114//4114 4107//4107 
f 4115//4115 4110//4110 4116//4116 
f 4110//4110 4117//4117 4092//4092 
f 4096//4096 4091//4091 4090//4090 
f 4086//4086 4085//4085 4103//4103 
f 4105//4105 4118//4118 4119//4119 
f 4113//4113 4120//4120 4108//4108 
f 4075//4075 4109//4109 4121//4121 
f 4109//4109 4122//4122 4114//4114 
f 4123//4123 4116//4116 4124//4124 
f 4116//4116 4125//4125 4115//4115 
f 4087//4087 4092//4092 4085//4085 
f 4119//4119 4106//4106 4105//4105 
f 4120//4120 4126//4126 4108//4108 
f 4121//4121 4100//4100 4075//4075 
f 4109//4109 4075//4075 4122//4122 
f 4116//4116 4123//4123 4125//4125 
f 4086//4086 4111//4111 4105//4105 
f 4127//4127 4121//4121 4118//4118 
f 4126//4126 4128//4128 4108//4108 
f 4107//4107 4112//4112 4108//4108 
f 4110//4110 4115//4115 4117//4117 
f 4118//4118 4105//4105 4127//4127 
f 4121//4121 4129//4129 4100//4100 
f 4127//4127 4129//4129 4121//4121 
f 4124//4124 4130//4130 4123//4123 
f 4128//4128 4131//4131 4108//4108 
o mesh3811
v 0.3177 0.143153 0.0322128 
v 0.317 0.143153 0.0322128 
v 0.317 0.143491 0.0317779 
v 0.3177 0.143545 0.0316909 
v 0.317 0.143537 0.0316869 
v 0.317 0.143773 0.0312154 
v 0.3177 0.143814 0.0310968 
v 0.317 0.143804 0.0310941 
v 0.317 0.143931 0.0306067 
v 0.3177 0.143949 0.0304584 
v 0.317 0.143937 0.0304579 
v 0.317 0.143958 0.0299784 
v 0.3177 0.143943 0.0298061 
v 0.317 0.14393 0.0298082 
v 0.317 0.143854 0.0293582 
v 0.3177 0.143795 0.0291705 
v 0.317 0.143782 0.0291757 
v 0.317 0.143623 0.0287733 
v 0.3177 0.143514 0.0285818 
v 0.317 0.143502 0.0285901 
v 0.317 0.143275 0.0282494 
v 0.3177 0.143112 0.0280679 
v 0.317 0.143101 0.0280791 
v 0.317 0.142826 0.0278095 
v 0.3177 0.142609 0.0276529 
v 0.317 0.1426 0.0276666 
v 0.317 0.142294 0.027473 
v 0.3177 0.142027 0.0273567 
v 0.317 0.142022 0.0273721 
v 0.317 0.141705 0.0272547 
v 0.3177 0.141396 0.0271931 
v 0.3177 0.140744 0.0271699 
v 0.317 0.141082 0.0271642 
v 0.317 0.141394 0.0272094 
v 0.3177 0.140102 0.0272882 
v 0.317 0.140455 0.0272053 
v 0.317 0.140745 0.0271863 
v 0.3177 0.139501 0.0275424 
v 0.317 0.13985 0.0273764 
v 0.317 0.140107 0.0273038 
v 0.3177 0.13897 0.0279205 
v 0.317 0.139293 0.0276699 
v 0.317 0.139509 0.0275563 
v 0.3177 0.138532 0.0284047 
v 0.317 0.138811 0.028073 
v 0.317 0.138979 0.0279321 
v 0.3177 0.13821 0.0289719 
v 0.317 0.138422 0.0285678 
v 0.317 0.138544 0.0284134 
v 0.3177 0.138018 0.0295953 
v 0.317 0.138146 0.0291326 
v 0.317 0.138222 0.0289776 
v 0.3177 0.137965 0.0302456 
v 0.317 0.137993 0.0297427 
v 0.317 0.138029 0.0295983 
v 0.3177 0.138054 0.0308919 
v 0.317 0.137971 0.0303712 
v 0.317 0.137976 0.030246 
v 0.3177 0.138281 0.0315037 
v 0.317 0.138081 0.0309905 
v 0.317 0.138063 0.0308904 
v 0.317 0.138281 0.0315037 
vn 0 -0.729815 -0.683645 
vn 0 -0.729815 -0.683645 
vn 0 -0.842507 -0.538685 
vn 0 -0.86035 -0.509704 
vn 0 -0.860241 -0.509887 
vn 0 -0.936299 -0.351205 
vn 0 -0.950195 -0.311657 
vn 0 -0.950125 -0.311869 
vn 0 -0.988944 -0.14829 
vn 0 -0.9951 -0.0988708 
vn 0 -0.995078 -0.0990904 
vn 0 -0.998129 0.0611408 
vn 0 -0.992943 0.118592 
vn 0 -0.992968 0.118385 
vn 0 -0.963451 0.267885 
vn 0 -0.943825 0.330446 
vn 0 -0.943887 0.330269 
vn 0 -0.886433 0.462857 
vn 0 -0.850069 0.526671 
vn 0 -0.850153 0.526536 
vn 0 -0.77046 0.637488 
vn 0 -0.716109 0.697988 
vn 0 -0.716196 0.697899 
vn 0 -0.620629 0.784104 
vn 0 -0.548281 0.836294 
vn 0 -0.548353 0.836247 
vn 0 -0.443524 0.896262 
vn 0 -0.354523 0.935047 
vn 0 -0.354563 0.935032 
vn 0 -0.246928 0.969034 
vn 0 -0.143997 0.989578 
vn 0 0.0733387 0.997307 
vn 0 -0.0394802 0.99922 
vn 0 -0.143997 0.989578 
vn 0 0.287206 0.957869 
vn 0 0.169702 0.985495 
vn 0 0.0733821 0.997304 
vn 0 0.48749 0.873128 
vn 0 0.371427 0.928462 
vn 0 0.287288 0.957844 
vn 0 0.664719 0.747094 
vn 0 0.55683 0.830627 
vn 0 0.487599 0.873068 
vn 0 0.810509 0.585726 
vn 0 0.717761 0.696289 
vn 0 0.664837 0.746988 
vn 0 0.917967 0.396656 
vn 0 0.847151 0.531352 
vn 0 0.810619 0.585574 
vn 0 0.982011 0.188826 
vn 0 0.939312 0.343065 
vn 0 0.91805 0.396464 
vn 0 0.99961 -0.027934 
vn 0 0.990194 0.139701 
vn 0 0.982052 0.188609 
vn 0 0.969933 -0.243373 
vn 0 0.997561 -0.0698015 
vn 0 0.999604 -0.0281566 
vn 0 0.894383 -0.447302 
vn 0 0.96109 -0.276237 
vn 0 0.969881 -0.243579 
vn 0 0.894383 -0.447302 
f 4132//4132 4133//4133 4134//4134 
f 4134//4134 4135//4135 4132//4132 
f 4135//4135 4136//4136 4137//4137 
f 4137//4137 4138//4138 4135//4135 
f 4138//4138 4139//4139 4140//4140 
f 4140//4140 4141//4141 4138//4138 
f 4141//4141 4142//4142 4143//4143 
f 4143//4143 4144//4144 4141//4141 
f 4144//4144 4145//4145 4146//4146 
f 4146//4146 4147//4147 4144//4144 
f 4147//4147 4148//4148 4149//4149 
f 4149//4149 4150//4150 4147//4147 
f 4150//4150 4151//4151 4152//4152 
f 4152//4152 4153//4153 4150//4150 
f 4153//4153 4154//4154 4155//4155 
f 4155//4155 4156//4156 4153//4153 
f 4156//4156 4157//4157 4158//4158 
f 4158//4158 4159//4159 4156//4156 
f 4159//4159 4160//4160 4161//4161 
f 4161//4161 4162//4162 4159//4159 
f 4163//4163 4162//4162 4164//4164 
f 4162//4162 4165//4165 4164//4164 
f 4166//4166 4163//4163 4167//4167 
f 4163//4163 4168//4168 4167//4167 
f 4169//4169 4166//4166 4170//4170 
f 4166//4166 4171//4171 4170//4170 
f 4172//4172 4169//4169 4173//4173 
f 4169//4169 4174//4174 4173//4173 
f 4175//4175 4172//4172 4176//4176 
f 4172//4172 4177//4177 4176//4176 
f 4178//4178 4175//4175 4179//4179 
f 4175//4175 4180//4180 4179//4179 
f 4181//4181 4178//4178 4182//4182 
f 4178//4178 4183//4183 4182//4182 
f 4184//4184 4181//4181 4185//4185 
f 4181//4181 4186//4186 4185//4185 
f 4187//4187 4184//4184 4188//4188 
f 4184//4184 4189//4189 4188//4188 
f 4190//4190 4187//4187 4191//4191 
f 4187//4187 4192//4192 4191//4191 
f 4191//4191 4193//4193 4190//4190 
f 4188//4188 4192//4192 4187//4187 
f 4185//4185 4189//4189 4184//4184 
f 4182//4182 4186//4186 4181//4181 
f 4179//4179 4183//4183 4178//4178 
f 4176//4176 4180//4180 4175//4175 
f 4173//4173 4177//4177 4172//4172 
f 4170//4170 4174//4174 4169//4169 
f 4167//4167 4171//4171 4166//4166 
f 4164//4164 4168//4168 4163//4163 
f 4161//4161 4165//4165 4162//4162 
f 4158//4158 4160//4160 4159//4159 
f 4155//4155 4157//4157 4156//4156 
f 4152//4152 4154//4154 4153//4153 
f 4149//4149 4151//4151 4150//4150 
f 4146//4146 4148//4148 4147//4147 
f 4143//4143 4145//4145 4144//4144 
f 4140//4140 4142//4142 4141//4141 
f 4137//4137 4139//4139 4138//4138 
f 4134//4134 4136//4136 4135//4135 
o mesh3812
v 0.3177 0.143446 0.0330494 
v 0.317 0.143446 0.0330494 
v 0.317 0.143341 0.0330221 
v 0.3177 0.143341 0.0330221 
v 0.317 0.143244 0.0329727 
v 0.3177 0.143244 0.0329727 
v 0.317 0.14316 0.0329036 
v 0.3177 0.14316 0.0329036 
v 0.317 0.143093 0.0328179 
v 0.3177 0.143093 0.0328179 
v 0.317 0.143046 0.0327198 
v 0.3177 0.143046 0.0327198 
v 0.317 0.143022 0.0326139 
v 0.3177 0.143022 0.0326139 
v 0.317 0.143021 0.0325051 
v 0.3177 0.143021 0.0325051 
v 0.317 0.143043 0.0323988 
v 0.3177 0.143043 0.0323988 
v 0.317 0.143088 0.0322997 
v 0.3177 0.143088 0.0322997 
v 0.317 0.143153 0.0322128 
v 0.3177 0.143153 0.0322128 
vn 0 -0.143997 0.989578 
vn 0 -0.143997 0.989578 
vn 0 -0.354523 0.935047 
vn 0 -0.354523 0.935047 
vn 0 -0.548281 0.836294 
vn 0 -0.548281 0.836294 
vn 0 -0.716109 0.697988 
vn 0 -0.716109 0.697988 
vn 0 -0.850069 0.526671 
vn 0 -0.850069 0.526671 
vn 0 -0.943825 0.330446 
vn 0 -0.943825 0.330446 
vn 0 -0.992943 0.118592 
vn 0 -0.992943 0.118592 
vn 0 -0.9951 -0.0988708 
vn 0 -0.9951 -0.0988708 
vn 0 -0.950195 -0.311657 
vn 0 -0.950195 -0.311657 
vn 0 -0.86035 -0.509704 
vn 0 -0.86035 -0.509704 
vn 0 -0.729815 -0.683645 
vn 0 -0.729815 -0.683645 
f 4194//4194 4195//4195 4196//4196 
f 4197//4197 4196//4196 4198//4198 
f 4199//4199 4198//4198 4200//4200 
f 4201//4201 4200//4200 4202//4202 
f 4203//4203 4202//4202 4204//4204 
f 4205//4205 4204//4204 4206//4206 
f 4207//4207 4206//4206 4208//4208 
f 4209//4209 4208//4208 4210//4210 
f 4211//4211 4210//4210 4212//4212 
f 4213//4213 4212//4212 4214//4214 
f 4214//4214 4215//4215 4213//4213 
f 4212//4212 4213//4213 4211//4211 
f 4210//4210 4211//4211 4209//4209 
f 4208//4208 4209//4209 4207//4207 
f 4206//4206 4207//4207 4205//4205 
f 4204//4204 4205//4205 4203//4203 
f 4202//4202 4203//4203 4201//4201 
f 4200//4200 4201//4201 4199//4199 
f 4198//4198 4199//4199 4197//4197 
f 4196//4196 4197//4197 4194//4194 
o mesh3813
v 0.316805 0.137952 0.0303726 
v 0.316805 0.138062 0.0309958 
v 0.317 0.138063 0.0308904 
v 0.317 0.138081 0.0309905 
v 0.316805 0.137974 0.02974 
v 0.317 0.137976 0.030246 
v 0.317 0.137971 0.0303712 
v 0.316805 0.138128 0.029126 
v 0.317 0.138029 0.0295983 
v 0.317 0.137993 0.0297427 
v 0.316805 0.138406 0.0285576 
v 0.317 0.138222 0.0289776 
v 0.317 0.138146 0.0291326 
v 0.316805 0.138797 0.0280596 
v 0.317 0.138544 0.0284134 
v 0.317 0.138422 0.0285678 
v 0.316805 0.139283 0.027654 
v 0.317 0.138979 0.0279321 
v 0.317 0.138811 0.028073 
v 0.316805 0.139842 0.0273586 
v 0.317 0.139509 0.0275563 
v 0.317 0.139293 0.0276699 
v 0.316805 0.140452 0.0271864 
v 0.317 0.140107 0.0273038 
v 0.317 0.13985 0.0273764 
v 0.316805 0.141083 0.027145 
v 0.317 0.140745 0.0271863 
v 0.317 0.140455 0.0272053 
v 0.317 0.141082 0.0271642 
v 0.317 0.141394 0.0272094 
v 0.316805 0.141709 0.0272361 
v 0.317 0.141705 0.0272547 
v 0.317 0.142022 0.0273721 
v 0.316805 0.142303 0.0274558 
v 0.317 0.142294 0.027473 
v 0.317 0.1426 0.0276666 
v 0.316805 0.142838 0.0277944 
v 0.317 0.142826 0.0278095 
v 0.317 0.143101 0.0280791 
v 0.316805 0.14329 0.0282371 
v 0.317 0.143275 0.0282494 
v 0.317 0.143502 0.0285901 
v 0.316805 0.14364 0.0287644 
v 0.317 0.143623 0.0287733 
v 0.317 0.143782 0.0291757 
v 0.316805 0.143873 0.029353 
v 0.317 0.143854 0.0293582 
v 0.317 0.14393 0.0298082 
v 0.316805 0.143977 0.0299772 
v 0.317 0.143958 0.0299784 
v 0.317 0.143937 0.0304579 
v 0.316805 0.14395 0.0306095 
v 0.317 0.143931 0.0306067 
v 0.317 0.143804 0.0310941 
v 0.316805 0.143791 0.0312222 
v 0.317 0.143773 0.0312154 
v 0.317 0.143537 0.0316869 
v 0.316805 0.143508 0.0317882 
v 0.316617 0.138007 0.0310116 
v 0.316617 0.137895 0.0303765 
v 0.316617 0.137918 0.0297321 
v 0.316617 0.138074 0.0291065 
v 0.316617 0.138358 0.0285273 
v 0.316617 0.138756 0.02802 
v 0.316617 0.139251 0.0276067 
v 0.316617 0.139821 0.0273058 
v 0.316617 0.140442 0.0271303 
v 0.316617 0.141085 0.0270881 
v 0.316617 0.141723 0.027181 
v 0.316617 0.142328 0.0274048 
v 0.316617 0.142873 0.0277498 
v 0.316617 0.143334 0.0282008 
v 0.316617 0.143691 0.028738 
v 0.316617 0.143928 0.0293378 
v 0.316617 0.144034 0.0299738 
v 0.316617 0.144006 0.030618 
v 0.316617 0.143844 0.0312422 
v 0.316444 0.137919 0.0310371 
v 0.316444 0.137803 0.030383 
v 0.316444 0.137826 0.0297192 
v 0.316444 0.137988 0.0290748 
v 0.316444 0.13828 0.0284782 
v 0.316444 0.13869 0.0279556 
v 0.316444 0.1392 0.02753 
v 0.316444 0.139787 0.02722 
v 0.316444 0.140426 0.0270393 
v 0.316444 0.141089 0.0269958 
v 0.316444 0.141746 0.0270914 
v 0.316444 0.142369 0.027322 
v 0.316444 0.14293 0.0276774 
v 0.316444 0.143405 0.0281419 
v 0.316444 0.143773 0.0286953 
v 0.316444 0.144017 0.029313 
v 0.316444 0.144127 0.0299681 
v 0.316444 0.144097 0.0306317 
v 0.316444 0.143931 0.0312746 
v 0.316617 0.143556 0.0318189 
v 0.316293 0.137799 0.0310714 
v 0.316293 0.137679 0.0303917 
v 0.316293 0.137703 0.0297018 
v 0.316293 0.137871 0.0290322 
v 0.316293 0.138174 0.0284121 
v 0.316293 0.1386 0.027869 
v 0.316293 0.13913 0.0274267 
v 0.316293 0.139741 0.0271045 
v 0.316293 0.140405 0.0269167 
v 0.316293 0.141094 0.0268715 
v 0.316293 0.141777 0.0269709 
v 0.316293 0.142424 0.0272105 
v 0.316293 0.143008 0.0275799 
v 0.316293 0.143501 0.0280626 
v 0.316293 0.143883 0.0286377 
v 0.316293 0.144136 0.0292797 
v 0.316293 0.144251 0.0299605 
v 0.316293 0.14422 0.0306501 
v 0.316293 0.144047 0.0313183 
v 0.316444 0.143633 0.0318687 
v 0.316169 0.137654 0.0311133 
v 0.316169 0.137528 0.0304023 
v 0.316169 0.137553 0.0296806 
v 0.316169 0.137729 0.0289802 
v 0.316169 0.138046 0.0283316 
v 0.316169 0.138492 0.0277635 
v 0.316169 0.139046 0.0273008 
v 0.316169 0.139685 0.0269638 
v 0.316169 0.140379 0.0267674 
v 0.316169 0.1411 0.0267201 
v 0.316169 0.141814 0.0268241 
v 0.316169 0.142492 0.0270747 
v 0.316169 0.143102 0.027461 
v 0.316169 0.143618 0.027966 
v 0.316169 0.144017 0.0285676 
v 0.316169 0.144282 0.0292391 
v 0.316169 0.144402 0.0299512 
v 0.316169 0.14437 0.0306726 
v 0.316169 0.144189 0.0313715 
v 0.316293 0.143738 0.0319357 
v 0.316076 0.137487 0.0311611 
v 0.316076 0.137355 0.0304143 
v 0.316076 0.137382 0.0296565 
v 0.316076 0.137566 0.0289209 
v 0.316076 0.1379 0.0282398 
v 0.316076 0.138368 0.0276431 
v 0.316076 0.13895 0.0271572 
v 0.316076 0.13962 0.0268033 
v 0.316076 0.14035 0.026597 
v 0.316076 0.141107 0.0265473 
v 0.316076 0.141857 0.0266565 
v 0.316076 0.142568 0.0269198 
v 0.316076 0.143209 0.0273255 
v 0.316076 0.143751 0.0278558 
v 0.316076 0.14417 0.0284875 
v 0.316076 0.144449 0.0291928 
v 0.316076 0.144574 0.0299407 
v 0.316076 0.144541 0.0306982 
v 0.316076 0.144351 0.0314322 
v 0.316169 0.143866 0.0320173 
v 0.316019 0.137168 0.0304274 
v 0.316019 0.137196 0.0296303 
v 0.316019 0.13739 0.0288565 
v 0.316019 0.137741 0.0281401 
v 0.316019 0.138233 0.0275125 
v 0.316019 0.138845 0.0270014 
v 0.316019 0.139551 0.0266291 
v 0.316019 0.140318 0.0264121 
v 0.316019 0.141114 0.0263599 
v 0.316019 0.141903 0.0264747 
v 0.316019 0.142651 0.0267516 
v 0.316019 0.143325 0.0271784 
v 0.316019 0.143895 0.0277362 
v 0.316019 0.144337 0.0284007 
v 0.316019 0.14463 0.0291425 
v 0.316019 0.144762 0.0299292 
v 0.316019 0.144727 0.0307261 
v 0.316 0.136974 0.030441 
v 0.316 0.137003 0.029603 
v 0.316 0.137207 0.0287896 
v 0.316 0.137575 0.0280364 
v 0.316 0.138513 0.0270262 
v 0.316 0.138737 0.0268393 
v 0.316 0.139478 0.026448 
v 0.316 0.140285 0.0262198 
v 0.316 0.141122 0.0261649 
v 0.316 0.141952 0.0262857 
v 0.316 0.142738 0.0265768 
v 0.316 0.143446 0.0270254 
v 0.316 0.144046 0.0276119 
v 0.316 0.14451 0.0283104 
v 0.316 0.144818 0.0290903 
v 0.316 0.144956 0.0299173 
v 0.316 0.14492 0.030755 
v 0.316019 0.144526 0.0314981 
v 0.316 0.137084 0.0311147 
v 0.316017 0.13729 0.0311978 
v 0.316 0.137078 0.0311122 
v 0.31602 0.137304 0.0312031 
v 0.316024 0.137319 0.0312087 
v 0.316065 0.137491 0.0312724 
v 0.316078 0.137525 0.0312841 
v 0.316142 0.137682 0.0313378 
v 0.316216 0.137811 0.0313786 
v 0.316294 0.137916 0.0314095 
v 0.316308 0.137934 0.0314149 
v 0.316419 0.138048 0.0314464 
v 0.316505 0.138117 0.0314642 
v 0.316618 0.138183 0.0314805 
v 0.31665 0.138201 0.0314851 
v 0.316717 0.138229 0.0314918 
v 0.316805 0.138255 0.0314978 
v 0.316833 0.138263 0.0314997 
v 0.316904 0.138275 0.0315024 
v 0.317 0.143491 0.0317779 
v 0.316833 0.143171 0.0322139 
v 0.316805 0.14318 0.0322144 
v 0.316904 0.143159 0.0322132 
v 0.317 0.143153 0.0322128 
v 0.31665 0.143235 0.0322176 
v 0.316618 0.143254 0.0322185 
v 0.316717 0.143206 0.032216 
v 0.316505 0.143322 0.0322216 
v 0.316419 0.143392 0.032224 
v 0.316308 0.143511 0.0322264 
v 0.316294 0.14353 0.0322264 
v 0.316216 0.143639 0.0322266 
v 0.316142 0.143775 0.0322244 
v 0.316078 0.143941 0.0322177 
v 0.316076 0.144012 0.0321104 
v 0.316065 0.143977 0.0322163 
v 0.316024 0.144159 0.032204 
v 0.31602 0.144175 0.0322029 
v 0.316 0.144411 0.0321809 
v 0.316 0.144417 0.0321802 
v 0.316017 0.14419 0.0322019 
v 0.316 0.144709 0.0315666 
v 0.317 0.138281 0.0315037 
v 0.316 0.138093 0.0273767 
vn -0.19509 0.978393 -0.0684602 
vn -0.19509 0.942623 -0.270929 
vn 0 0.969881 -0.243579 
vn 2.09798e-15 0.96109 -0.276237 
vn -0.19509 0.971167 0.137017 
vn 0 0.999604 -0.0281566 
vn 2.09798e-15 0.997561 -0.0698015 
vn -0.19509 0.921263 0.336473 
vn 0 0.982052 0.188609 
vn 2.09798e-15 0.990194 0.139701 
vn -0.19509 0.830873 0.521143 
vn 0 0.91805 0.396464 
vn 2.09798e-15 0.939312 0.343065 
vn -0.19509 0.70397 0.68291 
vn 0 0.810619 0.585574 
vn 2.09798e-15 0.847151 0.531352 
vn -0.19509 0.54613 0.814667 
vn 0 0.664837 0.746988 
vn 2.09798e-15 0.717761 0.696289 
vn -0.19509 0.36429 0.910622 
vn 0 0.487599 0.873068 
vn 2.09798e-15 0.55683 0.830627 
vn -0.19509 0.166442 0.966559 
vn 0 0.287288 0.957844 
vn 2.09798e-15 0.371427 0.928462 
vn -0.19509 -0.0387216 0.980021 
vn 0 0.0733821 0.997304 
vn 2.09798e-15 0.169702 0.985495 
vn 2.09798e-15 -0.0394802 0.99922 
vn 0 -0.143997 0.989578 
vn -0.19509 -0.242183 0.950414 
vn 2.09798e-15 -0.246928 0.969034 
vn 0 -0.354563 0.935032 
vn -0.19509 -0.435002 0.879041 
vn 2.09798e-15 -0.443524 0.896262 
vn 0 -0.548353 0.836247 
vn -0.19509 -0.608704 0.769038 
vn 2.09798e-15 -0.620629 0.784104 
vn 0 -0.716196 0.697899 
vn -0.19509 -0.755656 0.625239 
vn 2.09798e-15 -0.77046 0.637488 
vn 0 -0.850153 0.526536 
vn -0.19509 -0.869401 0.453963 
vn 2.09798e-15 -0.886433 0.462857 
vn 0 -0.943887 0.330269 
vn -0.19509 -0.944938 0.262738 
vn 2.09798e-15 -0.963451 0.267885 
vn 0 -0.992968 0.118385 
vn -0.19509 -0.97895 0.059966 
vn 2.09798e-15 -0.998129 0.0611408 
vn 0 -0.995078 -0.0990904 
vn -0.19509 -0.969942 -0.145441 
vn 2.09798e-15 -0.988944 -0.14829 
vn 0 -0.950125 -0.311869 
vn -0.19509 -0.918308 -0.344456 
vn 2.09798e-15 -0.936299 -0.351205 
vn 0 -0.860241 -0.509887 
vn -0.19509 -0.826319 -0.528334 
vn -0.382683 0.887931 -0.25521 
vn -0.382683 0.921626 -0.0644881 
vn -0.382683 0.91482 0.129067 
vn -0.382683 0.867811 0.316951 
vn -0.382683 0.782665 0.490906 
vn -0.382683 0.663125 0.643287 
vn -0.382683 0.514443 0.767399 
vn -0.382683 0.343154 0.857787 
vn -0.382683 0.156785 0.910479 
vn -0.382683 -0.036475 0.923159 
vn -0.382683 -0.228132 0.895271 
vn -0.382683 -0.409763 0.828039 
vn -0.382683 -0.573387 0.724418 
vn -0.382683 -0.711813 0.588962 
vn -0.382683 -0.818957 0.427624 
vn -0.382683 -0.890113 0.247493 
vn -0.382683 -0.922151 0.0564867 
vn -0.382683 -0.913665 -0.137002 
vn -0.382683 -0.865027 -0.324471 
vn -0.55557 0.799117 -0.229683 
vn -0.55557 0.829442 -0.0580378 
vn -0.55557 0.823316 0.116157 
vn -0.55557 0.781009 0.285248 
vn -0.55557 0.70438 0.441803 
vn -0.55557 0.596797 0.578943 
vn -0.55557 0.462987 0.690641 
vn -0.55557 0.30883 0.771988 
vn -0.55557 0.141102 0.819409 
vn -0.55557 -0.0328266 0.830821 
vn -0.55557 -0.205313 0.805722 
vn -0.55557 -0.368777 0.745215 
vn -0.55557 -0.516034 0.651959 
vn -0.55557 -0.640614 0.530052 
vn -0.55557 -0.737042 0.384851 
vn -0.55557 -0.80108 0.222738 
vn -0.55557 -0.829914 0.0508367 
vn -0.55557 -0.822277 -0.123299 
vn -0.55557 -0.778504 -0.292016 
vn -0.382683 -0.778375 -0.49768 
vn -0.707107 0.679593 -0.195329 
vn -0.707107 0.705382 -0.0493571 
vn -0.707107 0.700173 0.0987838 
vn -0.707107 0.664194 0.242584 
vn -0.707107 0.599026 0.375723 
vn -0.707107 0.507534 0.492351 
vn -0.707107 0.393738 0.587342 
vn -0.707107 0.262639 0.656522 
vn -0.707107 0.119998 0.69685 
vn -0.707107 -0.0279167 0.706555 
vn -0.707107 -0.174604 0.68521 
vn -0.707107 -0.313619 0.633753 
vn -0.707107 -0.438851 0.554445 
vn -0.707107 -0.544798 0.450772 
vn -0.707107 -0.626803 0.327289 
vn -0.707107 -0.681263 0.189423 
vn -0.707107 -0.705784 0.043233 
vn -0.707107 -0.699289 -0.104857 
vn -0.707107 -0.662063 -0.248339 
vn -0.55557 -0.700519 -0.4479 
vn -0.83147 0.533953 -0.153469 
vn -0.83147 0.554215 -0.0387796 
vn -0.83147 0.550122 0.0776139 
vn -0.83147 0.521854 0.190597 
vn -0.83147 0.470652 0.295204 
vn -0.83147 0.398767 0.386837 
vn -0.83147 0.309358 0.461472 
vn -0.83147 0.206354 0.515826 
vn -0.83147 0.0942816 0.547512 
vn -0.83147 -0.021934 0.555137 
vn -0.83147 -0.137186 0.538366 
vn -0.83147 -0.246409 0.497937 
vn -0.83147 -0.344803 0.435625 
vn -0.83147 -0.428045 0.354169 
vn -0.83147 -0.492476 0.257149 
vn -0.83147 -0.535265 0.148829 
vn -0.83147 -0.554531 0.033968 
vn -0.83147 -0.549428 -0.0823857 
vn -0.83147 -0.52018 -0.195119 
vn -0.707107 -0.595743 -0.380908 
vn -0.92388 0.367793 -0.105711 
vn -0.92388 0.38175 -0.0267119 
vn -0.92388 0.378931 0.0534614 
vn -0.92388 0.359459 0.131285 
vn -0.92388 0.324191 0.20334 
vn -0.92388 0.274675 0.266458 
vn -0.92388 0.213089 0.317867 
vn -0.92388 0.142139 0.355307 
vn -0.92388 0.0649423 0.377133 
vn -0.92388 -0.0151084 0.382385 
vn -0.92388 -0.0944952 0.370833 
vn -0.92388 -0.169729 0.342985 
vn -0.92388 -0.237505 0.300064 
vn -0.92388 -0.294842 0.243956 
vn -0.92388 -0.339223 0.177128 
vn -0.92388 -0.368697 0.102515 
vn -0.92388 -0.381967 0.0233976 
vn -0.92388 -0.378452 -0.0567482 
vn -0.92388 -0.358306 -0.1344 
vn -0.83147 -0.468072 -0.299277 
vn -0.980785 0.194614 -0.0136176 
vn -0.980785 0.193177 0.0272544 
vn -0.980785 0.183251 0.0669287 
vn -0.980785 0.165271 0.103662 
vn -0.980785 0.140028 0.135839 
vn -0.980785 0.108632 0.162047 
vn -0.980785 0.0724619 0.181134 
vn -0.980785 0.0331073 0.192261 
vn -0.980785 -0.00770221 0.194938 
vn -0.980785 -0.0481732 0.189049 
vn -0.980785 -0.0865272 0.174852 
vn -0.980785 -0.121079 0.152971 
vn -0.980785 -0.150309 0.124368 
vn -0.980785 -0.172935 0.0902989 
vn -0.980785 -0.18796 0.0522618 
vn -0.980785 -0.194725 0.011928 
vn -0.980785 -0.192933 -0.02893 
vn -1 -5.67659e-14 3.97203e-15 
vn -1 -5.67659e-14 3.97203e-15 
vn -1 -5.67659e-14 3.97203e-15 
vn -1 -5.67659e-14 3.97203e-15 
vn -0.9998 0.0123051 0.0157415 
vn -1 -5.67659e-14 3.97203e-15 
vn -1 -5.67659e-14 3.97203e-15 
vn -1 -5.67659e-14 3.97203e-15 
vn -1 -5.67659e-14 3.97203e-15 
vn -1 -5.67659e-14 3.97203e-15 
vn -1 -5.67659e-14 3.97203e-15 
vn -1 -5.67659e-14 3.97203e-15 
vn -1 -5.67659e-14 3.97203e-15 
vn -1 -5.67659e-14 3.97203e-15 
vn -1 -5.67659e-14 3.97203e-15 
vn -1 -5.67659e-14 3.97203e-15 
vn -1 -5.67659e-14 3.97203e-15 
vn -0.980785 -0.182663 -0.0685166 
vn -0.999987 0.00504136 -0.0012383 
vn -0.98314 0.17599 -0.049626 
vn -1 8.03264e-16 -1.96485e-16 
vn -0.980753 0.187798 -0.0534317 
vn -0.978036 0.200333 -0.0575438 
vn -0.935483 0.336583 -0.107623 
vn -0.923743 0.364119 -0.118808 
vn -0.858006 0.483539 -0.173248 
vn -0.784082 0.579029 -0.223474 
vn -0.706964 0.654539 -0.26792 
vn -0.6925 0.666647 -0.275727 
vn -0.580746 0.744978 -0.32824 
vn -0.494668 0.790326 -0.361508 
vn -0.382541 0.834847 -0.395844 
vn -0.350295 0.844746 -0.404595 
vn -0.283277 0.862455 -0.419434 
vn -0.195045 0.879642 -0.433806 
vn -0.166521 0.883568 -0.437696 
vn -0.0962422 0.890795 -0.444096 
vn 2.09798e-15 -0.842507 -0.538685 
vn -0.166521 -0.722186 -0.671355 
vn -0.195045 -0.719531 -0.666507 
vn -0.0962422 -0.72729 -0.679549 
vn 0 -0.729815 -0.683645 
vn -0.350295 -0.694408 -0.628563 
vn -0.382541 -0.687413 -0.617354 
vn -0.283277 -0.707153 -0.647834 
vn -0.494668 -0.654524 -0.571753 
vn -0.580746 -0.620538 -0.526941 
vn -0.6925 -0.560421 -0.454283 
vn -0.706964 -0.551039 -0.443348 
vn -0.784082 -0.491328 -0.379226 
vn -0.858006 -0.414112 -0.303869 
vn -0.923743 -0.31516 -0.217652 
vn -0.92388 -0.322414 -0.206146 
vn -0.935483 -0.291953 -0.199083 
vn -0.978036 -0.175626 -0.112251 
vn -0.980753 -0.164782 -0.104737 
vn -0.999987 -0.00447939 -0.0026237 
vn -1 -7.13956e-16 -4.17261e-16 
vn -0.98314 -0.154548 -0.0977238 
vn -1 -7.13956e-16 -4.17261e-16 
vn -1.22465e-16 0.894383 -0.447302 
vn -1 -4.0844e-14 -3.96221e-14 
f 4216//4216 4217//4217 4218//4218 
f 4217//4217 4219//4219 4218//4218 
f 4220//4220 4216//4216 4221//4221 
f 4216//4216 4222//4222 4221//4221 
f 4223//4223 4220//4220 4224//4224 
f 4220//4220 4225//4225 4224//4224 
f 4226//4226 4223//4223 4227//4227 
f 4223//4223 4228//4228 4227//4227 
f 4229//4229 4226//4226 4230//4230 
f 4226//4226 4231//4231 4230//4230 
f 4232//4232 4229//4229 4233//4233 
f 4229//4229 4234//4234 4233//4233 
f 4235//4235 4232//4232 4236//4236 
f 4232//4232 4237//4237 4236//4236 
f 4238//4238 4235//4235 4239//4239 
f 4235//4235 4240//4240 4239//4239 
f 4241//4241 4238//4238 4242//4242 
f 4238//4238 4243//4243 4242//4242 
f 4241//4241 4244//4244 4245//4245 
f 4245//4245 4246//4246 4241//4241 
f 4246//4246 4247//4247 4248//4248 
f 4248//4248 4249//4249 4246//4246 
f 4249//4249 4250//4250 4251//4251 
f 4251//4251 4252//4252 4249//4249 
f 4252//4252 4253//4253 4254//4254 
f 4254//4254 4255//4255 4252//4252 
f 4255//4255 4256//4256 4257//4257 
f 4257//4257 4258//4258 4255//4255 
f 4258//4258 4259//4259 4260//4260 
f 4260//4260 4261//4261 4258//4258 
f 4261//4261 4262//4262 4263//4263 
f 4263//4263 4264//4264 4261//4261 
f 4264//4264 4265//4265 4266//4266 
f 4266//4266 4267//4267 4264//4264 
f 4267//4267 4268//4268 4269//4269 
f 4269//4269 4270//4270 4267//4267 
f 4270//4270 4271//4271 4272//4272 
f 4272//4272 4273//4273 4270//4270 
f 4274//4274 4217//4217 4216//4216 
f 4275//4275 4216//4216 4220//4220 
f 4276//4276 4220//4220 4223//4223 
f 4277//4277 4223//4223 4226//4226 
f 4278//4278 4226//4226 4229//4229 
f 4279//4279 4229//4229 4232//4232 
f 4280//4280 4232//4232 4235//4235 
f 4281//4281 4235//4235 4238//4238 
f 4282//4282 4238//4238 4241//4241 
f 4283//4283 4241//4241 4246//4246 
f 4284//4284 4246//4246 4249//4249 
f 4285//4285 4249//4249 4252//4252 
f 4286//4286 4252//4252 4255//4255 
f 4287//4287 4255//4255 4258//4258 
f 4288//4288 4258//4258 4261//4261 
f 4289//4289 4261//4261 4264//4264 
f 4290//4290 4264//4264 4267//4267 
f 4291//4291 4267//4267 4270//4270 
f 4292//4292 4270//4270 4273//4273 
f 4293//4293 4274//4274 4275//4275 
f 4294//4294 4275//4275 4276//4276 
f 4295//4295 4276//4276 4277//4277 
f 4296//4296 4277//4277 4278//4278 
f 4297//4297 4278//4278 4279//4279 
f 4298//4298 4279//4279 4280//4280 
f 4299//4299 4280//4280 4281//4281 
f 4300//4300 4281//4281 4282//4282 
f 4301//4301 4282//4282 4283//4283 
f 4302//4302 4283//4283 4284//4284 
f 4303//4303 4284//4284 4285//4285 
f 4304//4304 4285//4285 4286//4286 
f 4305//4305 4286//4286 4287//4287 
f 4306//4306 4287//4287 4288//4288 
f 4307//4307 4288//4288 4289//4289 
f 4308//4308 4289//4289 4290//4290 
f 4309//4309 4290//4290 4291//4291 
f 4310//4310 4291//4291 4292//4292 
f 4311//4311 4292//4292 4312//4312 
f 4313//4313 4293//4293 4294//4294 
f 4314//4314 4294//4294 4295//4295 
f 4315//4315 4295//4295 4296//4296 
f 4316//4316 4296//4296 4297//4297 
f 4317//4317 4297//4297 4298//4298 
f 4318//4318 4298//4298 4299//4299 
f 4319//4319 4299//4299 4300//4300 
f 4320//4320 4300//4300 4301//4301 
f 4321//4321 4301//4301 4302//4302 
f 4322//4322 4302//4302 4303//4303 
f 4323//4323 4303//4303 4304//4304 
f 4324//4324 4304//4304 4305//4305 
f 4325//4325 4305//4305 4306//4306 
f 4326//4326 4306//4306 4307//4307 
f 4327//4327 4307//4307 4308//4308 
f 4328//4328 4308//4308 4309//4309 
f 4329//4329 4309//4309 4310//4310 
f 4330//4330 4310//4310 4311//4311 
f 4331//4331 4311//4311 4332//4332 
f 4333//4333 4313//4313 4314//4314 
f 4334//4334 4314//4314 4315//4315 
f 4335//4335 4315//4315 4316//4316 
f 4336//4336 4316//4316 4317//4317 
f 4337//4337 4317//4317 4318//4318 
f 4338//4338 4318//4318 4319//4319 
f 4339//4339 4319//4319 4320//4320 
f 4340//4340 4320//4320 4321//4321 
f 4341//4341 4321//4321 4322//4322 
f 4342//4342 4322//4322 4323//4323 
f 4343//4343 4323//4323 4324//4324 
f 4344//4344 4324//4324 4325//4325 
f 4345//4345 4325//4325 4326//4326 
f 4346//4346 4326//4326 4327//4327 
f 4347//4347 4327//4327 4328//4328 
f 4348//4348 4328//4328 4329//4329 
f 4349//4349 4329//4329 4330//4330 
f 4350//4350 4330//4330 4331//4331 
f 4351//4351 4331//4331 4352//4352 
f 4353//4353 4333//4333 4334//4334 
f 4354//4354 4334//4334 4335//4335 
f 4355//4355 4335//4335 4336//4336 
f 4356//4356 4336//4336 4337//4337 
f 4357//4357 4337//4337 4338//4338 
f 4358//4358 4338//4338 4339//4339 
f 4359//4359 4339//4339 4340//4340 
f 4360//4360 4340//4340 4341//4341 
f 4361//4361 4341//4341 4342//4342 
f 4362//4362 4342//4342 4343//4343 
f 4363//4363 4343//4343 4344//4344 
f 4364//4364 4344//4344 4345//4345 
f 4365//4365 4345//4345 4346//4346 
f 4366//4366 4346//4346 4347//4347 
f 4367//4367 4347//4347 4348//4348 
f 4368//4368 4348//4348 4349//4349 
f 4369//4369 4349//4349 4350//4350 
f 4370//4370 4350//4350 4351//4351 
f 4371//4371 4351//4351 4372//4372 
f 4373//4373 4354//4354 4355//4355 
f 4374//4374 4355//4355 4356//4356 
f 4375//4375 4356//4356 4357//4357 
f 4376//4376 4357//4357 4358//4358 
f 4377//4377 4358//4358 4359//4359 
f 4378//4378 4359//4359 4360//4360 
f 4379//4379 4360//4360 4361//4361 
f 4380//4380 4361//4361 4362//4362 
f 4381//4381 4362//4362 4363//4363 
f 4382//4382 4363//4363 4364//4364 
f 4383//4383 4364//4364 4365//4365 
f 4384//4384 4365//4365 4366//4366 
f 4385//4385 4366//4366 4367//4367 
f 4386//4386 4367//4367 4368//4368 
f 4387//4387 4368//4368 4369//4369 
f 4388//4388 4369//4369 4370//4370 
f 4389//4389 4370//4370 4371//4371 
f 4390//4390 4373//4373 4374//4374 
f 4391//4391 4374//4374 4375//4375 
f 4392//4392 4375//4375 4376//4376 
f 4393//4393 4376//4376 4377//4377 
f 4377//4377 4378//4378 4394//4394 
f 4378//4378 4395//4395 4394//4394 
f 4395//4395 4378//4378 4379//4379 
f 4396//4396 4379//4379 4380//4380 
f 4397//4397 4380//4380 4381//4381 
f 4398//4398 4381//4381 4382//4382 
f 4399//4399 4382//4382 4383//4383 
f 4400//4400 4383//4383 4384//4384 
f 4401//4401 4384//4384 4385//4385 
f 4402//4402 4385//4385 4386//4386 
f 4403//4403 4386//4386 4387//4387 
f 4404//4404 4387//4387 4388//4388 
f 4405//4405 4388//4388 4389//4389 
f 4406//4406 4389//4389 4407//4407 
f 4373//4373 4408//4408 4409//4409 
f 4373//4373 4390//4390 4410//4410 
f 4410//4410 4408//4408 4373//4373 
f 4354//4354 4373//4373 4411//4411 
f 4411//4411 4412//4412 4354//4354 
f 4353//4353 4412//4412 4413//4413 
f 4333//4333 4353//4353 4414//4414 
f 4313//4313 4333//4333 4415//4415 
f 4415//4415 4416//4416 4313//4313 
f 4293//4293 4313//4313 4417//4417 
f 4417//4417 4418//4418 4293//4293 
f 4274//4274 4293//4293 4419//4419 
f 4419//4419 4420//4420 4274//4274 
f 4217//4217 4274//4274 4421//4421 
f 4421//4421 4422//4422 4217//4217 
f 4422//4422 4423//4423 4217//4217 
f 4219//4219 4217//4217 4424//4424 
f 4424//4424 4425//4425 4219//4219 
f 4425//4425 4426//4426 4219//4219 
f 4427//4427 4428//4428 4429//4429 
f 4427//4427 4430//4430 4428//4428 
f 4427//4427 4431//4431 4430//4430 
f 4273//4273 4432//4432 4433//4433 
f 4273//4273 4434//4434 4432//4432 
f 4273//4273 4429//4429 4434//4434 
f 4312//4312 4435//4435 4436//4436 
f 4312//4312 4433//4433 4435//4435 
f 4332//4332 4437//4437 4438//4438 
f 4332//4332 4436//4436 4437//4437 
f 4352//4352 4439//4439 4440//4440 
f 4352//4352 4438//4438 4439//4439 
f 4372//4372 4440//4440 4441//4441 
f 4442//4442 4441//4441 4443//4443 
f 4371//4371 4444//4444 4445//4445 
f 4371//4371 4442//4442 4444//4444 
f 4407//4407 4446//4446 4447//4447 
f 4407//4407 4445//4445 4448//4448 
f 4448//4448 4446//4446 4407//4407 
f 4447//4447 4449//4449 4407//4407 
f 4445//4445 4407//4407 4371//4371 
f 4443//4443 4444//4444 4442//4442 
f 4441//4441 4442//4442 4372//4372 
f 4440//4440 4372//4372 4352//4352 
f 4438//4438 4352//4352 4332//4332 
f 4436//4436 4332//4332 4312//4312 
f 4433//4433 4312//4312 4273//4273 
f 4429//4429 4273//4273 4427//4427 
f 4426//4426 4450//4450 4219//4219 
f 4423//4423 4424//4424 4217//4217 
f 4420//4420 4421//4421 4274//4274 
f 4418//4418 4419//4419 4293//4293 
f 4416//4416 4417//4417 4313//4313 
f 4414//4414 4415//4415 4333//4333 
f 4413//4413 4414//4414 4353//4353 
f 4412//4412 4353//4353 4354//4354 
f 4409//4409 4411//4411 4373//4373 
f 4407//4407 4449//4449 4406//4406 
f 4389//4389 4406//4406 4405//4405 
f 4388//4388 4405//4405 4404//4404 
f 4387//4387 4404//4404 4403//4403 
f 4386//4386 4403//4403 4402//4402 
f 4385//4385 4402//4402 4401//4401 
f 4384//4384 4401//4401 4400//4400 
f 4383//4383 4400//4400 4399//4399 
f 4382//4382 4399//4399 4398//4398 
f 4381//4381 4398//4398 4397//4397 
f 4380//4380 4397//4397 4396//4396 
f 4379//4379 4396//4396 4395//4395 
f 4394//4394 4451//4451 4377//4377 
f 4377//4377 4451//4451 4393//4393 
f 4376//4376 4393//4393 4392//4392 
f 4375//4375 4392//4392 4391//4391 
f 4374//4374 4391//4391 4390//4390 
f 4371//4371 4407//4407 4389//4389 
f 4370//4370 4389//4389 4388//4388 
f 4369//4369 4388//4388 4387//4387 
f 4368//4368 4387//4387 4386//4386 
f 4367//4367 4386//4386 4385//4385 
f 4366//4366 4385//4385 4384//4384 
f 4365//4365 4384//4384 4383//4383 
f 4364//4364 4383//4383 4382//4382 
f 4363//4363 4382//4382 4381//4381 
f 4362//4362 4381//4381 4380//4380 
f 4361//4361 4380//4380 4379//4379 
f 4360//4360 4379//4379 4378//4378 
f 4359//4359 4378//4378 4377//4377 
f 4358//4358 4377//4377 4376//4376 
f 4357//4357 4376//4376 4375//4375 
f 4356//4356 4375//4375 4374//4374 
f 4355//4355 4374//4374 4373//4373 
f 4372//4372 4442//4442 4371//4371 
f 4351//4351 4371//4371 4370//4370 
f 4350//4350 4370//4370 4369//4369 
f 4349//4349 4369//4369 4368//4368 
f 4348//4348 4368//4368 4367//4367 
f 4347//4347 4367//4367 4366//4366 
f 4346//4346 4366//4366 4365//4365 
f 4345//4345 4365//4365 4364//4364 
f 4344//4344 4364//4364 4363//4363 
f 4343//4343 4363//4363 4362//4362 
f 4342//4342 4362//4362 4361//4361 
f 4341//4341 4361//4361 4360//4360 
f 4340//4340 4360//4360 4359//4359 
f 4339//4339 4359//4359 4358//4358 
f 4338//4338 4358//4358 4357//4357 
f 4337//4337 4357//4357 4356//4356 
f 4336//4336 4356//4356 4355//4355 
f 4335//4335 4355//4355 4354//4354 
f 4334//4334 4354//4354 4353//4353 
f 4352//4352 4372//4372 4351//4351 
f 4331//4331 4351//4351 4350//4350 
f 4330//4330 4350//4350 4349//4349 
f 4329//4329 4349//4349 4348//4348 
f 4328//4328 4348//4348 4347//4347 
f 4327//4327 4347//4347 4346//4346 
f 4326//4326 4346//4346 4345//4345 
f 4325//4325 4345//4345 4344//4344 
f 4324//4324 4344//4344 4343//4343 
f 4323//4323 4343//4343 4342//4342 
f 4322//4322 4342//4342 4341//4341 
f 4321//4321 4341//4341 4340//4340 
f 4320//4320 4340//4340 4339//4339 
f 4319//4319 4339//4339 4338//4338 
f 4318//4318 4338//4338 4337//4337 
f 4317//4317 4337//4337 4336//4336 
f 4316//4316 4336//4336 4335//4335 
f 4315//4315 4335//4335 4334//4334 
f 4314//4314 4334//4334 4333//4333 
f 4332//4332 4352//4352 4331//4331 
f 4311//4311 4331//4331 4330//4330 
f 4310//4310 4330//4330 4329//4329 
f 4309//4309 4329//4329 4328//4328 
f 4308//4308 4328//4328 4327//4327 
f 4307//4307 4327//4327 4326//4326 
f 4306//4306 4326//4326 4325//4325 
f 4305//4305 4325//4325 4324//4324 
f 4304//4304 4324//4324 4323//4323 
f 4303//4303 4323//4323 4322//4322 
f 4302//4302 4322//4322 4321//4321 
f 4301//4301 4321//4321 4320//4320 
f 4300//4300 4320//4320 4319//4319 
f 4299//4299 4319//4319 4318//4318 
f 4298//4298 4318//4318 4317//4317 
f 4297//4297 4317//4317 4316//4316 
f 4296//4296 4316//4316 4315//4315 
f 4295//4295 4315//4315 4314//4314 
f 4294//4294 4314//4314 4313//4313 
f 4312//4312 4332//4332 4311//4311 
f 4292//4292 4311//4311 4310//4310 
f 4291//4291 4310//4310 4309//4309 
f 4290//4290 4309//4309 4308//4308 
f 4289//4289 4308//4308 4307//4307 
f 4288//4288 4307//4307 4306//4306 
f 4287//4287 4306//4306 4305//4305 
f 4286//4286 4305//4305 4304//4304 
f 4285//4285 4304//4304 4303//4303 
f 4284//4284 4303//4303 4302//4302 
f 4283//4283 4302//4302 4301//4301 
f 4282//4282 4301//4301 4300//4300 
f 4281//4281 4300//4300 4299//4299 
f 4280//4280 4299//4299 4298//4298 
f 4279//4279 4298//4298 4297//4297 
f 4278//4278 4297//4297 4296//4296 
f 4277//4277 4296//4296 4295//4295 
f 4276//4276 4295//4295 4294//4294 
f 4275//4275 4294//4294 4293//4293 
f 4273//4273 4312//4312 4292//4292 
f 4270//4270 4292//4292 4291//4291 
f 4267//4267 4291//4291 4290//4290 
f 4264//4264 4290//4290 4289//4289 
f 4261//4261 4289//4289 4288//4288 
f 4258//4258 4288//4288 4287//4287 
f 4255//4255 4287//4287 4286//4286 
f 4252//4252 4286//4286 4285//4285 
f 4249//4249 4285//4285 4284//4284 
f 4246//4246 4284//4284 4283//4283 
f 4241//4241 4283//4283 4282//4282 
f 4238//4238 4282//4282 4281//4281 
f 4235//4235 4281//4281 4280//4280 
f 4232//4232 4280//4280 4279//4279 
f 4229//4229 4279//4279 4278//4278 
f 4226//4226 4278//4278 4277//4277 
f 4223//4223 4277//4277 4276//4276 
f 4220//4220 4276//4276 4275//4275 
f 4216//4216 4275//4275 4274//4274 
f 4272//4272 4427//4427 4273//4273 
f 4269//4269 4271//4271 4270//4270 
f 4266//4266 4268//4268 4267//4267 
f 4263//4263 4265//4265 4264//4264 
f 4260//4260 4262//4262 4261//4261 
f 4257//4257 4259//4259 4258//4258 
f 4254//4254 4256//4256 4255//4255 
f 4251//4251 4253//4253 4252//4252 
f 4248//4248 4250//4250 4249//4249 
f 4245//4245 4247//4247 4246//4246 
f 4242//4242 4244//4244 4241//4241 
f 4239//4239 4243//4243 4238//4238 
f 4236//4236 4240//4240 4235//4235 
f 4233//4233 4237//4237 4232//4232 
f 4230//4230 4234//4234 4229//4229 
f 4227//4227 4231//4231 4226//4226 
f 4224//4224 4228//4228 4223//4223 
f 4221//4221 4225//4225 4220//4220 
f 4218//4218 4222//4222 4216//4216 
o mesh3814
v 0.317 0.143341 0.0330221 
v 0.317 0.143446 0.0330494 
v 0.316904 0.143451 0.0330454 
v 0.317 0.143244 0.0329727 
v 0.316886 0.143349 0.0330169 
v 0.317 0.14316 0.0329036 
v 0.31687 0.143255 0.0329669 
v 0.317 0.143093 0.0328179 
v 0.316859 0.143173 0.0328976 
v 0.317 0.143046 0.0327198 
v 0.316852 0.143107 0.0328123 
v 0.31685 0.143061 0.032715 
v 0.316852 0.143036 0.0326101 
v 0.317 0.143022 0.0326139 
v 0.316859 0.143034 0.0325025 
v 0.317 0.143021 0.0325051 
v 0.31687 0.143055 0.0323973 
v 0.317 0.143043 0.0323988 
v 0.316886 0.143097 0.0322993 
v 0.317 0.143088 0.0322997 
v 0.316904 0.143159 0.0322132 
v 0.316833 0.143461 0.0330375 
v 0.316804 0.143364 0.0330068 
v 0.316779 0.143275 0.0329556 
v 0.316761 0.143197 0.0328862 
v 0.31675 0.143134 0.0328016 
v 0.316746 0.143089 0.0327057 
v 0.31675 0.143064 0.0326028 
v 0.316761 0.14306 0.0324976 
v 0.316779 0.143077 0.0323946 
v 0.316804 0.143115 0.0322986 
v 0.316833 0.143171 0.0322139 
v 0.316805 0.143469 0.0330319 
v 0.316717 0.143491 0.0330144 
v 0.316674 0.143406 0.0329787 
v 0.316639 0.143328 0.0329251 
v 0.316613 0.14326 0.0328558 
v 0.316597 0.143203 0.0327736 
v 0.316591 0.143162 0.0326818 
v 0.316597 0.143136 0.0325843 
v 0.316613 0.143128 0.032485 
v 0.316639 0.143137 0.0323879 
v 0.316674 0.143163 0.032297 
v 0.316717 0.143206 0.032216 
v 0.316805 0.14318 0.0322144 
v 0.31665 0.143515 0.0329953 
v 0.316603 0.143439 0.0329565 
v 0.316565 0.143368 0.0329017 
v 0.316537 0.143306 0.032833 
v 0.31652 0.143254 0.0327528 
v 0.316514 0.143214 0.0326644 
v 0.31652 0.143188 0.0325709 
v 0.316537 0.143177 0.032476 
v 0.316565 0.143182 0.0323831 
v 0.316603 0.143201 0.0322959 
v 0.31665 0.143235 0.0322176 
v 0.316618 0.14353 0.0329827 
v 0.316505 0.143587 0.0329375 
v 0.316459 0.143528 0.0328934 
v 0.316421 0.143474 0.0328377 
v 0.316393 0.143424 0.032772 
v 0.316376 0.143382 0.0326984 
v 0.31637 0.143347 0.032619 
v 0.316376 0.143322 0.0325363 
v 0.316393 0.143306 0.0324527 
v 0.316421 0.143301 0.0323708 
v 0.316459 0.143306 0.032293 
v 0.316505 0.143322 0.0322216 
v 0.316618 0.143254 0.0322185 
v 0.316376 0.143596 0.0328446 
v 0.316445 0.143627 0.0329044 
v 0.316342 0.14355 0.0327899 
v 0.316317 0.143508 0.0327276 
v 0.316301 0.143471 0.0326593 
v 0.316296 0.14344 0.0325867 
v 0.316301 0.143415 0.0325116 
v 0.316317 0.143398 0.0324359 
v 0.316342 0.143388 0.0323615 
v 0.316376 0.143386 0.0322903 
v 0.316419 0.143392 0.032224 
v 0.316419 0.143644 0.0328903 
v 0.316308 0.143739 0.0328105 
v 0.316273 0.143702 0.0327652 
v 0.316245 0.143667 0.0327143 
v 0.316225 0.143634 0.0326585 
v 0.316213 0.143604 0.032599 
v 0.316209 0.143578 0.0325368 
v 0.316213 0.143555 0.0324731 
v 0.316225 0.143537 0.0324091 
v 0.316245 0.143523 0.0323458 
v 0.316273 0.143514 0.0322845 
v 0.316308 0.143511 0.0322264 
v 0.316294 0.143754 0.0327974 
v 0.316216 0.14384 0.0327233 
v 0.31619 0.143812 0.0326814 
v 0.31617 0.143785 0.0326361 
v 0.316155 0.143759 0.032588 
v 0.316147 0.143735 0.0325377 
v 0.316144 0.143713 0.0324858 
v 0.316147 0.143693 0.0324331 
v 0.316155 0.143675 0.0323801 
v 0.31617 0.14366 0.0323276 
v 0.31619 0.143648 0.0322762 
v 0.316216 0.143639 0.0322266 
v 0.316294 0.14353 0.0322264 
v 0.316125 0.143924 0.032594 
v 0.31617 0.143905 0.0326659 
v 0.316111 0.143903 0.0325557 
v 0.316101 0.143883 0.0325159 
v 0.316095 0.143864 0.032475 
v 0.316093 0.143846 0.0324332 
v 0.316095 0.143829 0.032391 
v 0.316101 0.143813 0.0323486 
v 0.316111 0.143799 0.0323065 
v 0.316125 0.143786 0.032265 
v 0.316142 0.143775 0.0322244 
v 0.316142 0.143945 0.0326304 
v 0.316078 0.14407 0.0325154 
v 0.316056 0.144084 0.0324645 
v 0.31605 0.144071 0.0324378 
v 0.316046 0.144058 0.0324106 
v 0.316043 0.144045 0.0323831 
v 0.316042 0.144033 0.0323553 
v 0.316043 0.144021 0.0323274 
v 0.316046 0.144009 0.0322994 
v 0.31605 0.143998 0.0322715 
v 0.316056 0.143987 0.0322438 
v 0.316078 0.143941 0.0322177 
v 0.316065 0.143977 0.0322163 
v 0.316065 0.144097 0.0324907 
v 0.31602 0.144243 0.0323517 
v 0.316015 0.144248 0.0323274 
v 0.316013 0.144241 0.0323136 
v 0.316012 0.144235 0.0322997 
v 0.316011 0.144228 0.0322858 
v 0.316011 0.144222 0.0322718 
v 0.316011 0.144215 0.0322578 
v 0.316012 0.144209 0.0322438 
v 0.316013 0.144203 0.0322298 
v 0.316015 0.144196 0.0322158 
v 0.316024 0.144159 0.032204 
v 0.316017 0.14419 0.0322019 
v 0.31602 0.144175 0.0322029 
v 0.316017 0.144254 0.0323412 
v 0.316 0.144413 0.0321847 
v 0.316 0.144413 0.0321843 
v 0.316 0.144412 0.032184 
v 0.316 0.144412 0.0321836 
v 0.316 0.144412 0.0321832 
v 0.316 0.144412 0.0321828 
v 0.316 0.144412 0.0321824 
v 0.316 0.144412 0.032182 
v 0.316 0.144411 0.0321816 
v 0.316 0.144411 0.0321812 
v 0.316 0.144411 0.0321809 
v 0.316 0.144417 0.0321802 
v 0.317 0.143153 0.0322128 
vn 0 -0.354523 0.935047 
vn 0 -0.143997 0.989578 
vn -0.0962422 -0.143329 0.984984 
vn 0 -0.548281 0.836294 
vn -0.132614 -0.348065 0.928043 
vn 0 -0.716109 0.697988 
vn -0.162822 -0.536623 0.827964 
vn 0 -0.850069 0.526671 
vn -0.185461 -0.700237 0.6894 
vn 0 -0.943825 0.330446 
vn -0.19948 -0.831303 0.518791 
vn -0.204226 -0.923727 0.324067 
vn -0.19948 -0.973215 0.11428 
vn 0 -0.992943 0.118592 
vn -0.185461 -0.977466 -0.100819 
vn 0 -0.9951 -0.0988708 
vn -0.162822 -0.936282 -0.311232 
vn 0 -0.950195 -0.311657 
vn -0.132614 -0.851577 -0.507178 
vn 0 -0.86035 -0.509704 
vn -0.0962422 -0.72729 -0.679549 
vn -0.166521 -0.141987 0.975761 
vn -0.225644 -0.336039 0.914419 
vn -0.274631 -0.514998 0.812007 
vn -0.311284 -0.670826 0.673123 
vn -0.333955 -0.796525 0.504006 
vn -0.341627 -0.886448 0.312252 
vn -0.333955 -0.936556 0.106474 
vn -0.311284 -0.9446 -0.104087 
vn -0.274631 -0.910217 -0.309973 
vn -0.225644 -0.834952 -0.501936 
vn -0.166521 -0.722186 -0.671355 
vn -0.194636 -0.138999 0.970977 
vn -0.283277 -0.138099 0.949043 
vn -0.368422 -0.306716 0.877605 
vn -0.43854 -0.462823 0.770375 
vn -0.490773 -0.600055 0.631725 
vn -0.52299 -0.712813 0.46731 
vn -0.533877 -0.7965 0.283836 
vn -0.52299 -0.847702 0.0887864 
vn -0.490773 -0.864331 -0.109885 
vn -0.43854 -0.845708 -0.304074 
vn -0.368422 -0.792593 -0.485862 
vn -0.283277 -0.707153 -0.647834 
vn -0.194675 -0.717985 -0.668281 
vn -0.350295 -0.134873 0.926878 
vn -0.443129 -0.286881 0.849315 
vn -0.519239 -0.428062 0.739698 
vn -0.575753 -0.553087 0.602165 
vn -0.610538 -0.657239 0.441906 
vn -0.62228 -0.736586 0.26497 
vn -0.610538 -0.788134 0.078033 
vn -0.575753 -0.809937 -0.111849 
vn -0.519239 -0.801173 -0.297509 
vn -0.443129 -0.762173 -0.471942 
vn -0.350295 -0.694408 -0.628563 
vn -0.381664 -0.130318 0.915068 
vn -0.494668 -0.125145 0.860024 
vn -0.588203 -0.241556 0.771795 
vn -0.664042 -0.350699 0.660347 
vn -0.719904 -0.449292 0.529033 
vn -0.754107 -0.534368 0.381803 
vn -0.765624 -0.603368 0.223086 
vn -0.754107 -0.654215 0.0576582 
vn -0.719904 -0.685381 -0.109504 
vn -0.664042 -0.695928 -0.273372 
vn -0.588203 -0.685538 -0.429016 
vn -0.494668 -0.654524 -0.571753 
vn -0.381616 -0.685555 -0.619987 
vn -0.666482 -0.213996 0.714148 
vn -0.555175 -0.118796 0.823206 
vn -0.735504 -0.3054 0.604785 
vn -0.78608 -0.389145 0.480254 
vn -0.816943 -0.46313 0.34368 
vn -0.827317 -0.5255 0.198486 
vn -0.816943 -0.574692 0.0483142 
vn -0.78608 -0.609471 -0.103069 
vn -0.735504 -0.628965 -0.251867 
vn -0.666482 -0.632685 -0.394349 
vn -0.580746 -0.620538 -0.526941 
vn -0.580746 -0.117226 0.805601 
vn -0.6925 -0.103882 0.7139 
vn -0.761498 -0.177391 0.623421 
vn -0.816521 -0.247644 0.521503 
vn -0.856562 -0.313353 0.410014 
vn -0.880883 -0.373312 0.291002 
vn -0.889041 -0.426421 0.16665 
vn -0.880883 -0.471704 0.0392394 
vn -0.856562 -0.508331 -0.0888911 
vn -0.816521 -0.53563 -0.21539 
vn -0.761498 -0.5531 -0.337937 
vn -0.6925 -0.560421 -0.454283 
vn -0.706783 -0.10122 0.700151 
vn -0.784082 -0.0893729 0.614189 
vn -0.835229 -0.145338 0.530348 
vn -0.875705 -0.199445 0.439731 
vn -0.904991 -0.251004 0.343495 
vn -0.922713 -0.299356 0.24287 
vn -0.928646 -0.343883 0.139142 
vn -0.922713 -0.384016 0.0336359 
vn -0.904991 -0.419243 -0.0722999 
vn -0.875705 -0.449112 -0.177312 
vn -0.835229 -0.473243 -0.280058 
vn -0.784082 -0.491328 -0.379226 
vn -0.706546 -0.550703 -0.444431 
vn -0.892748 -0.116132 0.435333 
vn -0.831232 -0.0794102 0.550224 
vn -0.920073 -0.157336 0.358763 
vn -0.939755 -0.197234 0.279213 
vn -0.95163 -0.235493 0.197343 
vn -0.955599 -0.271795 0.113834 
vn -0.95163 -0.30584 0.0293795 
vn -0.939755 -0.337344 -0.0553193 
vn -0.920073 -0.366045 -0.139559 
vn -0.892748 -0.391706 -0.222638 
vn -0.858006 -0.414112 -0.303869 
vn -0.858006 -0.0739626 0.508286 
vn -0.92383 -0.0547957 0.37886 
vn -0.951628 -0.0774095 0.29734 
vn -0.964248 -0.103648 0.243891 
vn -0.973296 -0.129502 0.189538 
vn -0.978738 -0.154877 0.134483 
vn -0.980554 -0.179678 0.0789303 
vn -0.978738 -0.203813 0.0230848 
vn -0.973296 -0.227193 -0.0328462 
vn -0.964248 -0.249732 -0.0886555 
vn -0.951628 -0.271345 -0.144136 
vn -0.923421 -0.315124 -0.219067 
vn -0.935483 -0.291953 -0.199083 
vn -0.935483 -0.0508844 0.349688 
vn -0.980797 -0.0280838 0.192997 
vn -0.987373 -0.0394683 0.153418 
vn -0.990669 -0.0525689 0.125743 
vn -0.993026 -0.0656196 0.0979496 
vn -0.994441 -0.0786082 0.0700629 
vn -0.994912 -0.0915221 0.0421098 
vn -0.994441 -0.104349 0.0141168 
vn -0.993026 -0.117077 -0.0138897 
vn -0.990669 -0.129695 -0.0418829 
vn -0.987373 -0.142189 -0.0698365 
vn -0.977923 -0.175677 -0.113159 
vn -0.98314 -0.154548 -0.0977238 
vn -0.980699 -0.16481 -0.105202 
vn -0.98314 -0.0263303 0.180947 
vn -0.999987 -0.000747521 0.00513712 
vn -0.99999 -0.00112071 0.00436104 
vn -0.999992 -0.00149391 0.00358496 
vn -0.999994 -0.0018671 0.00280888 
vn -0.999995 -0.00224029 0.0020328 
vn -0.999996 -0.00261348 0.00125672 
vn -0.999995 -0.00298666 0.000480632 
vn -0.999994 -0.00335985 -0.000295453 
vn -0.999992 -0.00373303 -0.00107154 
vn -0.99999 -0.00410621 -0.00184762 
vn -0.999987 -0.00447939 -0.0026237 
vn -1 0 -4.16334e-14 
vn 0 -0.729815 -0.683645 
f 4452//4452 4453//4453 4454//4454 
f 4455//4455 4452//4452 4456//4456 
f 4457//4457 4455//4455 4458//4458 
f 4459//4459 4457//4457 4460//4460 
f 4461//4461 4459//4459 4462//4462 
f 4461//4461 4463//4463 4464//4464 
f 4465//4465 4464//4464 4466//4466 
f 4467//4467 4466//4466 4468//4468 
f 4469//4469 4468//4468 4470//4470 
f 4471//4471 4470//4470 4472//4472 
f 4456//4456 4454//4454 4473//4473 
f 4458//4458 4456//4456 4474//4474 
f 4460//4460 4458//4458 4475//4475 
f 4462//4462 4460//4460 4476//4476 
f 4463//4463 4462//4462 4477//4477 
f 4464//4464 4463//4463 4478//4478 
f 4466//4466 4464//4464 4479//4479 
f 4468//4468 4466//4466 4480//4480 
f 4470//4470 4468//4468 4481//4481 
f 4470//4470 4482//4482 4483//4483 
f 4474//4474 4484//4484 4485//4485 
f 4474//4474 4473//4473 4484//4484 
f 4475//4475 4474//4474 4486//4486 
f 4476//4476 4475//4475 4487//4487 
f 4477//4477 4476//4476 4488//4488 
f 4478//4478 4477//4477 4489//4489 
f 4479//4479 4478//4478 4490//4490 
f 4480//4480 4479//4479 4491//4491 
f 4481//4481 4480//4480 4492//4492 
f 4482//4482 4481//4481 4493//4493 
f 4482//4482 4494//4494 4495//4495 
f 4495//4495 4496//4496 4482//4482 
f 4486//4486 4485//4485 4497//4497 
f 4487//4487 4486//4486 4498//4498 
f 4488//4488 4487//4487 4499//4499 
f 4489//4489 4488//4488 4500//4500 
f 4490//4490 4489//4489 4501//4501 
f 4491//4491 4490//4490 4502//4502 
f 4492//4492 4491//4491 4503//4503 
f 4493//4493 4492//4492 4504//4504 
f 4494//4494 4493//4493 4505//4505 
f 4494//4494 4506//4506 4507//4507 
f 4498//4498 4508//4508 4509//4509 
f 4498//4498 4497//4497 4508//4508 
f 4499//4499 4498//4498 4510//4510 
f 4500//4500 4499//4499 4511//4511 
f 4501//4501 4500//4500 4512//4512 
f 4502//4502 4501//4501 4513//4513 
f 4503//4503 4502//4502 4514//4514 
f 4504//4504 4503//4503 4515//4515 
f 4505//4505 4504//4504 4516//4516 
f 4506//4506 4505//4505 4517//4517 
f 4506//4506 4518//4518 4519//4519 
f 4519//4519 4520//4520 4506//4506 
f 4521//4521 4510//4510 4522//4522 
f 4510//4510 4509//4509 4522//4522 
f 4511//4511 4510//4510 4521//4521 
f 4512//4512 4511//4511 4523//4523 
f 4513//4513 4512//4512 4524//4524 
f 4514//4514 4513//4513 4525//4525 
f 4515//4515 4514//4514 4526//4526 
f 4516//4516 4515//4515 4527//4527 
f 4517//4517 4516//4516 4528//4528 
f 4518//4518 4517//4517 4529//4529 
f 4518//4518 4530//4530 4531//4531 
f 4521//4521 4532//4532 4533//4533 
f 4523//4523 4521//4521 4534//4534 
f 4524//4524 4523//4523 4535//4535 
f 4525//4525 4524//4524 4536//4536 
f 4526//4526 4525//4525 4537//4537 
f 4527//4527 4526//4526 4538//4538 
f 4528//4528 4527//4527 4539//4539 
f 4529//4529 4528//4528 4540//4540 
f 4530//4530 4529//4529 4541//4541 
f 4530//4530 4542//4542 4543//4543 
f 4534//4534 4544//4544 4545//4545 
f 4534//4534 4533//4533 4544//4544 
f 4535//4535 4534//4534 4546//4546 
f 4536//4536 4535//4535 4547//4547 
f 4537//4537 4536//4536 4548//4548 
f 4538//4538 4537//4537 4549//4549 
f 4539//4539 4538//4538 4550//4550 
f 4540//4540 4539//4539 4551//4551 
f 4541//4541 4540//4540 4552//4552 
f 4542//4542 4541//4541 4553//4553 
f 4542//4542 4554//4554 4555//4555 
f 4555//4555 4556//4556 4542//4542 
f 4557//4557 4546//4546 4558//4558 
f 4546//4546 4545//4545 4558//4558 
f 4547//4547 4546//4546 4557//4557 
f 4548//4548 4547//4547 4559//4559 
f 4549//4549 4548//4548 4560//4560 
f 4550//4550 4549//4549 4561//4561 
f 4551//4551 4550//4550 4562//4562 
f 4552//4552 4551//4551 4563//4563 
f 4553//4553 4552//4552 4564//4564 
f 4554//4554 4553//4553 4565//4565 
f 4554//4554 4566//4566 4567//4567 
f 4557//4557 4568//4568 4569//4569 
f 4569//4569 4570//4570 4557//4557 
f 4559//4559 4557//4557 4570//4570 
f 4560//4560 4559//4559 4571//4571 
f 4561//4561 4560//4560 4572//4572 
f 4562//4562 4561//4561 4573//4573 
f 4563//4563 4562//4562 4574//4574 
f 4564//4564 4563//4563 4575//4575 
f 4565//4565 4564//4564 4576//4576 
f 4566//4566 4565//4565 4577//4577 
f 4566//4566 4578//4578 4579//4579 
f 4578//4578 4580//4580 4579//4579 
f 4570//4570 4581//4581 4582//4582 
f 4582//4582 4583//4583 4570//4570 
f 4571//4571 4570//4570 4583//4583 
f 4572//4572 4571//4571 4584//4584 
f 4573//4573 4572//4572 4585//4585 
f 4574//4574 4573//4573 4586//4586 
f 4575//4575 4574//4574 4587//4587 
f 4576//4576 4575//4575 4588//4588 
f 4577//4577 4576//4576 4589//4589 
f 4578//4578 4577//4577 4590//4590 
f 4578//4578 4591//4591 4592//4592 
f 4591//4591 4593//4593 4594//4594 
f 4594//4594 4592//4592 4591//4591 
f 4583//4583 4595//4595 4596//4596 
f 4584//4584 4583//4583 4597//4597 
f 4585//4585 4584//4584 4598//4598 
f 4586//4586 4585//4585 4599//4599 
f 4587//4587 4586//4586 4600//4600 
f 4588//4588 4587//4587 4601//4601 
f 4589//4589 4588//4588 4602//4602 
f 4590//4590 4589//4589 4603//4603 
f 4591//4591 4590//4590 4604//4604 
f 4591//4591 4605//4605 4606//4606 
f 4606//4606 4605//4605 4607//4607 
f 4605//4605 4604//4604 4607//4607 
f 4604//4604 4603//4603 4607//4607 
f 4603//4603 4602//4602 4607//4607 
f 4602//4602 4601//4601 4607//4607 
f 4601//4601 4600//4600 4607//4607 
f 4600//4600 4599//4599 4607//4607 
f 4599//4599 4598//4598 4607//4607 
f 4598//4598 4597//4597 4607//4607 
f 4597//4597 4596//4596 4607//4607 
f 4606//4606 4593//4593 4591//4591 
f 4604//4604 4605//4605 4591//4591 
f 4603//4603 4604//4604 4590//4590 
f 4602//4602 4603//4603 4589//4589 
f 4601//4601 4602//4602 4588//4588 
f 4600//4600 4601//4601 4587//4587 
f 4599//4599 4600//4600 4586//4586 
f 4598//4598 4599//4599 4585//4585 
f 4597//4597 4598//4598 4584//4584 
f 4596//4596 4597//4597 4583//4583 
f 4592//4592 4580//4580 4578//4578 
f 4590//4590 4591//4591 4578//4578 
f 4589//4589 4590//4590 4577//4577 
f 4588//4588 4589//4589 4576//4576 
f 4587//4587 4588//4588 4575//4575 
f 4586//4586 4587//4587 4574//4574 
f 4585//4585 4586//4586 4573//4573 
f 4584//4584 4585//4585 4572//4572 
f 4583//4583 4584//4584 4571//4571 
f 4582//4582 4595//4595 4583//4583 
f 4579//4579 4567//4567 4566//4566 
f 4577//4577 4578//4578 4566//4566 
f 4576//4576 4577//4577 4565//4565 
f 4575//4575 4576//4576 4564//4564 
f 4574//4574 4575//4575 4563//4563 
f 4573//4573 4574//4574 4562//4562 
f 4572//4572 4573//4573 4561//4561 
f 4571//4571 4572//4572 4560//4560 
f 4570//4570 4571//4571 4559//4559 
f 4569//4569 4581//4581 4570//4570 
f 4567//4567 4555//4555 4554//4554 
f 4565//4565 4566//4566 4554//4554 
f 4564//4564 4565//4565 4553//4553 
f 4563//4563 4564//4564 4552//4552 
f 4562//4562 4563//4563 4551//4551 
f 4561//4561 4562//4562 4550//4550 
f 4560//4560 4561//4561 4549//4549 
f 4559//4559 4560//4560 4548//4548 
f 4557//4557 4559//4559 4547//4547 
f 4558//4558 4568//4568 4557//4557 
f 4556//4556 4543//4543 4542//4542 
f 4553//4553 4554//4554 4542//4542 
f 4552//4552 4553//4553 4541//4541 
f 4551//4551 4552//4552 4540//4540 
f 4550//4550 4551//4551 4539//4539 
f 4549//4549 4550//4550 4538//4538 
f 4548//4548 4549//4549 4537//4537 
f 4547//4547 4548//4548 4536//4536 
f 4546//4546 4547//4547 4535//4535 
f 4545//4545 4546//4546 4534//4534 
f 4543//4543 4531//4531 4530//4530 
f 4541//4541 4542//4542 4530//4530 
f 4540//4540 4541//4541 4529//4529 
f 4539//4539 4540//4540 4528//4528 
f 4538//4538 4539//4539 4527//4527 
f 4537//4537 4538//4538 4526//4526 
f 4536//4536 4537//4537 4525//4525 
f 4535//4535 4536//4536 4524//4524 
f 4534//4534 4535//4535 4523//4523 
f 4533//4533 4534//4534 4521//4521 
f 4531//4531 4519//4519 4518//4518 
f 4529//4529 4530//4530 4518//4518 
f 4528//4528 4529//4529 4517//4517 
f 4527//4527 4528//4528 4516//4516 
f 4526//4526 4527//4527 4515//4515 
f 4525//4525 4526//4526 4514//4514 
f 4524//4524 4525//4525 4513//4513 
f 4523//4523 4524//4524 4512//4512 
f 4521//4521 4523//4523 4511//4511 
f 4522//4522 4532//4532 4521//4521 
f 4520//4520 4507//4507 4506//4506 
f 4517//4517 4518//4518 4506//4506 
f 4516//4516 4517//4517 4505//4505 
f 4515//4515 4516//4516 4504//4504 
f 4514//4514 4515//4515 4503//4503 
f 4513//4513 4514//4514 4502//4502 
f 4512//4512 4513//4513 4501//4501 
f 4511//4511 4512//4512 4500//4500 
f 4510//4510 4511//4511 4499//4499 
f 4509//4509 4510//4510 4498//4498 
f 4507//4507 4495//4495 4494//4494 
f 4505//4505 4506//4506 4494//4494 
f 4504//4504 4505//4505 4493//4493 
f 4503//4503 4504//4504 4492//4492 
f 4502//4502 4503//4503 4491//4491 
f 4501//4501 4502//4502 4490//4490 
f 4500//4500 4501//4501 4489//4489 
f 4499//4499 4500//4500 4488//4488 
f 4498//4498 4499//4499 4487//4487 
f 4497//4497 4498//4498 4486//4486 
f 4496//4496 4483//4483 4482//4482 
f 4493//4493 4494//4494 4482//4482 
f 4492//4492 4493//4493 4481//4481 
f 4491//4491 4492//4492 4480//4480 
f 4490//4490 4491//4491 4479//4479 
f 4489//4489 4490//4490 4478//4478 
f 4488//4488 4489//4489 4477//4477 
f 4487//4487 4488//4488 4476//4476 
f 4486//4486 4487//4487 4475//4475 
f 4485//4485 4486//4486 4474//4474 
f 4483//4483 4472//4472 4470//4470 
f 4481//4481 4482//4482 4470//4470 
f 4480//4480 4481//4481 4468//4468 
f 4479//4479 4480//4480 4466//4466 
f 4478//4478 4479//4479 4464//4464 
f 4477//4477 4478//4478 4463//4463 
f 4476//4476 4477//4477 4462//4462 
f 4475//4475 4476//4476 4460//4460 
f 4474//4474 4475//4475 4458//4458 
f 4473//4473 4474//4474 4456//4456 
f 4472//4472 4608//4608 4471//4471 
f 4470//4470 4471//4471 4469//4469 
f 4468//4468 4469//4469 4467//4467 
f 4466//4466 4467//4467 4465//4465 
f 4464//4464 4465//4465 4461//4461 
f 4462//4462 4463//4463 4461//4461 
f 4460//4460 4462//4462 4459//4459 
f 4458//4458 4460//4460 4457//4457 
f 4456//4456 4458//4458 4455//4455 
f 4454//4454 4456//4456 4452//4452 
o mesh3815
v 0.316833 0.15775 0.0351167 
v 0.316805 0.157745 0.0351093 
v 0.316805 0.143469 0.0330319 
v 0.316833 0.143461 0.0330375 
v 0.316904 0.143451 0.0330454 
v 0.316904 0.157758 0.0351272 
v 0.317 0.157762 0.0351324 
v 0.31665 0.143515 0.0329953 
v 0.31665 0.157711 0.0350611 
v 0.316618 0.1577 0.0350446 
v 0.316717 0.157729 0.0350863 
v 0.316618 0.14353 0.0329827 
v 0.316717 0.143491 0.0330144 
v 0.316505 0.143587 0.0329375 
v 0.316505 0.157659 0.0349852 
v 0.316445 0.15763 0.034942 
v 0.316445 0.143627 0.0329044 
v 0.316308 0.143739 0.0328105 
v 0.316419 0.143644 0.0328903 
v 0.316308 0.157549 0.03482 
v 0.316294 0.157538 0.0348032 
v 0.316419 0.157617 0.0349236 
v 0.316294 0.143754 0.0327974 
v 0.316216 0.14384 0.0327233 
v 0.316216 0.157477 0.0347077 
v 0.31617 0.157431 0.0346341 
v 0.31617 0.143905 0.0326659 
v 0.316142 0.157403 0.0345888 
v 0.316078 0.157316 0.0344427 
v 0.316078 0.14407 0.0325154 
v 0.316142 0.143945 0.0326304 
v 0.316065 0.144097 0.0324907 
v 0.316065 0.157297 0.0344114 
v 0.31602 0.157196 0.0342366 
v 0.31602 0.144243 0.0323517 
v 0.316 0.144417 0.0321802 
v 0.316017 0.157189 0.0342234 
v 0.316 0.157082 0.0340282 
v 0.316 0.144413 0.0321847 
v 0.316017 0.144254 0.0323412 
v 0.316 0.157078 0.0340225 
v 0.317 0.143446 0.0330494 
vn -0.166521 -0.141987 0.975761 
vn -0.195051 -0.141231 0.970571 
vn -0.195051 -0.141231 0.970571 
vn -0.166521 -0.141987 0.975761 
vn -0.0962422 -0.143329 0.984984 
vn -0.0962422 -0.143329 0.984984 
vn 0 -0.143997 0.989578 
vn -0.350295 -0.134873 0.926878 
vn -0.350295 -0.134873 0.926878 
vn -0.382597 -0.133041 0.914286 
vn -0.283277 -0.138099 0.949043 
vn -0.382597 -0.133041 0.914286 
vn -0.283277 -0.138099 0.949043 
vn -0.494668 -0.125145 0.860024 
vn -0.494668 -0.125145 0.860024 
vn -0.555588 -0.119728 0.822793 
vn -0.555588 -0.119728 0.822793 
vn -0.6925 -0.103882 0.7139 
vn -0.580746 -0.117226 0.805601 
vn -0.6925 -0.103882 0.7139 
vn -0.707071 -0.101827 0.699773 
vn -0.580746 -0.117226 0.805601 
vn -0.707071 -0.101827 0.699773 
vn -0.784082 -0.0893729 0.614189 
vn -0.784082 -0.0893729 0.614189 
vn -0.831485 -0.0799973 0.549757 
vn -0.831485 -0.0799973 0.549757 
vn -0.858006 -0.0739626 0.508286 
vn -0.923925 -0.0550897 0.378587 
vn -0.923925 -0.0550897 0.378587 
vn -0.858006 -0.0739626 0.508286 
vn -0.935483 -0.0508844 0.349688 
vn -0.935483 -0.0508844 0.349688 
vn -0.980799 -0.0280828 0.19299 
vn -0.980799 -0.0280828 0.19299 
vn -1 -2.58436e-15 1.77602e-14 
vn -0.98314 -0.0263303 0.180947 
vn -0.999987 -0.000747521 0.00513712 
vn -0.999987 -0.000747521 0.00513712 
vn -0.98314 -0.0263303 0.180947 
vn -1 -2.58436e-15 1.77602e-14 
vn 1.22465e-16 -0.143997 0.989578 
f 4609//4609 4610//4610 4611//4611 
f 4611//4611 4612//4612 4609//4609 
f 4613//4613 4614//4614 4609//4609 
f 4613//4613 4615//4615 4614//4614 
f 4612//4612 4613//4613 4609//4609 
f 4616//4616 4617//4617 4618//4618 
f 4616//4616 4619//4619 4617//4617 
f 4618//4618 4620//4620 4616//4616 
f 4621//4621 4610//4610 4619//4619 
f 4616//4616 4621//4621 4619//4619 
f 4622//4622 4623//4623 4624//4624 
f 4622//4622 4618//4618 4623//4623 
f 4624//4624 4625//4625 4622//4622 
f 4624//4624 4626//4626 4627//4627 
f 4626//4626 4628//4628 4629//4629 
f 4626//4626 4624//4624 4630//4630 
f 4630//4630 4628//4628 4626//4626 
f 4629//4629 4631//4631 4626//4626 
f 4632//4632 4633//4633 4634//4634 
f 4632//4632 4629//4629 4633//4633 
f 4634//4634 4635//4635 4632//4632 
f 4636//4636 4637//4637 4638//4638 
f 4638//4638 4639//4639 4636//4636 
f 4635//4635 4634//4634 4636//4636 
f 4640//4640 4641//4641 4642//4642 
f 4640//4640 4637//4637 4641//4641 
f 4642//4642 4643//4643 4640//4640 
f 4644//4644 4645//4645 4646//4646 
f 4647//4647 4642//4642 4645//4645 
f 4645//4645 4644//4644 4647//4647 
f 4647//4647 4648//4648 4642//4642 
f 4646//4646 4649//4649 4644//4644 
f 4648//4648 4643//4643 4642//4642 
f 4640//4640 4638//4638 4637//4637 
f 4639//4639 4635//4635 4636//4636 
f 4632//4632 4631//4631 4629//4629 
f 4627//4627 4625//4625 4624//4624 
f 4622//4622 4620//4620 4618//4618 
f 4621//4621 4611//4611 4610//4610 
f 4613//4613 4650//4650 4615//4615 
o mesh3816
v 0.32528 0.140238 0.0325826 
v 0.32528 0.147288 0.0336084 
v 0.3177 0.143446 0.0330494 
v 0.32528 0.0984429 0.0265008 
v 0.32528 0.106672 0.0276983 
v 0.3177 0.103098 0.0271781 
v 0.3177 0.137762 0.0322222 
v 0.32528 0.137811 0.0322294 
v 0.3177 0.157762 0.0351324 
v 0.3177 0.0974129 0.0263509 
v 0.3177 0.123098 0.0300884 
v 0.3177 0.117413 0.0292612 
v 0.32528 0.118669 0.0294439 
v 0.32528 0.127637 0.0307489 
v 0.317 0.157762 0.0351324 
v 0.317 0.143446 0.0330494 
v 0.32528 0.157288 0.0350635 
v 0.32528 0.166013 0.0363332 
v 0.3177 0.163446 0.0359596 
v 0.32528 0.199294 0.0411759 
v 0.317 0.163446 0.0359596 
v 0.32528 0.0972502 0.0263272 
v 0.32528 0.108669 0.0279887 
v 0.32528 0.123428 0.0301365 
v 0.317 0.0717154 0.0226115 
v 0.32528 0.0829455 0.0242457 
v 0.317 0.117413 0.0292612 
v 0.317 0.103098 0.0271781 
v 0.317 0.137762 0.0322222 
v 0.317 0.123098 0.0300884 
v 0.317 0.226823 0.0451818 
v 0.32528 0.0717154 0.0226115 
v 0.32528 0.226823 0.0451818 
v 0.317 0.0974129 0.0263509 
vn 1.22465e-16 -0.143997 0.989578 
vn 1.22465e-16 -0.143997 0.989578 
vn 1.22465e-16 -0.143997 0.989578 
vn 1.22465e-16 -0.143997 0.989578 
vn 1.22465e-16 -0.143997 0.989578 
vn 1.22465e-16 -0.143997 0.989578 
vn 1.22465e-16 -0.143997 0.989578 
vn 1.22465e-16 -0.143997 0.989578 
vn 1.22465e-16 -0.143997 0.989578 
vn 1.22465e-16 -0.143997 0.989578 
vn 1.22465e-16 -0.143997 0.989578 
vn 1.22465e-16 -0.143997 0.989578 
vn 1.22465e-16 -0.143997 0.989578 
vn 1.22465e-16 -0.143997 0.989578 
vn 1.22465e-16 -0.143997 0.989578 
vn 1.22465e-16 -0.143997 0.989578 
vn 1.22465e-16 -0.143997 0.989578 
vn 1.22465e-16 -0.143997 0.989578 
vn 1.22465e-16 -0.143997 0.989578 
vn 1.22465e-16 -0.143997 0.989578 
vn 1.22465e-16 -0.143997 0.989578 
vn 1.22465e-16 -0.143997 0.989578 
vn 1.22465e-16 -0.143997 0.989578 
vn 1.22465e-16 -0.143997 0.989578 
vn 1.22465e-16 -0.143997 0.989578 
vn 1.22465e-16 -0.143997 0.989578 
vn 1.22465e-16 -0.143997 0.989578 
vn 1.22465e-16 -0.143997 0.989578 
vn 1.22465e-16 -0.143997 0.989578 
vn 1.22465e-16 -0.143997 0.989578 
vn 1.22465e-16 -0.143997 0.989578 
vn 1.22465e-16 -0.143997 0.989578 
vn 1.22465e-16 -0.143997 0.989578 
vn 1.22465e-16 -0.143997 0.989578 
f 4651//4651 4652//4652 4653//4653 
f 4654//4654 4655//4655 4656//4656 
f 4657//4657 4658//4658 4651//4651 
f 4653//4653 4652//4652 4659//4659 
f 4656//4656 4660//4660 4654//4654 
f 4661//4661 4662//4662 4663//4663 
f 4657//4657 4664//4664 4658//4658 
f 4665//4665 4666//4666 4653//4653 
f 4667//4667 4668//4668 4669//4669 
f 4670//4670 4671//4671 4669//4669 
f 4660//4660 4672//4672 4654//4654 
f 4656//4656 4673//4673 4662//4662 
f 4663//4663 4674//4674 4661//4661 
f 4661//4661 4664//4664 4657//4657 
f 4659//4659 4665//4665 4653//4653 
f 4659//4659 4652//4652 4667//4667 
f 4669//4669 4668//4668 4670//4670 
f 4675//4675 4676//4676 4660//4660 
f 4660//4660 4676//4676 4672//4672 
f 4677//4677 4678//4678 4656//4656 
f 4662//4662 4673//4673 4663//4663 
f 4679//4679 4680//4680 4661//4661 
f 4669//4669 4659//4659 4667//4667 
f 4670//4670 4681//4681 4671//4671 
f 4675//4675 4682//4682 4676//4676 
f 4662//4662 4677//4677 4656//4656 
f 4657//4657 4679//4679 4661//4661 
f 4670//4670 4683//4683 4681//4681 
f 4655//4655 4673//4673 4656//4656 
f 4653//4653 4657//4657 4651//4651 
f 4674//4674 4664//4664 4661//4661 
f 4660//4660 4684//4684 4675//4675 
o mesh3817
v 0.3177 0.162409 0.0326708 
v 0.3177 0.163949 0.0333687 
v 0.3177 0.163943 0.0327163 
v 0.3177 0.163814 0.0340071 
v 0.3177 0.163153 0.035123 
v 0.3177 0.163545 0.0346012 
v 0.3177 0.158054 0.0338022 
v 0.3177 0.158281 0.034414 
v 0.3177 0.15957 0.0336273 
v 0.3177 0.159722 0.0339139 
v 0.3177 0.158319 0.034516 
v 0.3177 0.163088 0.03521 
v 0.3177 0.163795 0.0320808 
v 0.3177 0.163514 0.0314921 
v 0.3177 0.162289 0.0323695 
v 0.3177 0.157965 0.0331559 
v 0.3177 0.159484 0.0333148 
v 0.3177 0.159932 0.0341611 
v 0.3177 0.163112 0.0309781 
v 0.3177 0.162107 0.032101 
v 0.3177 0.162609 0.0305632 
v 0.3177 0.161872 0.031878 
v 0.3177 0.162027 0.030267 
v 0.3177 0.161594 0.0317107 
v 0.3177 0.161396 0.0301034 
v 0.3177 0.161286 0.0316072 
v 0.3177 0.160744 0.0300802 
v 0.3177 0.160964 0.0315721 
v 0.3177 0.160102 0.0301985 
v 0.3177 0.160641 0.0316072 
v 0.3177 0.159501 0.0304527 
v 0.3177 0.160334 0.0317107 
v 0.3177 0.158532 0.0313149 
v 0.3177 0.15821 0.0318821 
v 0.3177 0.159639 0.0323695 
v 0.3177 0.158018 0.0325056 
v 0.3177 0.159519 0.0326708 
v 0.3177 0.159466 0.0329909 
v 0.3177 0.15897 0.0308308 
v 0.3177 0.160056 0.031878 
v 0.3177 0.159821 0.032101 
v 0.3177 0.162205 0.0339139 
v 0.3177 0.163021 0.0354154 
v 0.3177 0.163043 0.035309 
v 0.3177 0.162444 0.0333148 
v 0.3177 0.162357 0.0336273 
v 0.3177 0.158333 0.0346237 
v 0.3177 0.160191 0.0343574 
v 0.3177 0.162462 0.0329909 
v 0.3177 0.163446 0.0359596 
v 0.3177 0.157977 0.0351166 
v 0.3177 0.15787 0.0351363 
v 0.3177 0.158293 0.034836 
v 0.3177 0.158239 0.0349305 
v 0.3177 0.163341 0.0359324 
v 0.3177 0.163244 0.035883 
v 0.3177 0.160485 0.0344936 
v 0.3177 0.161737 0.0343574 
v 0.3177 0.16316 0.0358139 
v 0.3177 0.163093 0.0357282 
v 0.3177 0.158077 0.0350742 
v 0.3177 0.158166 0.0350112 
v 0.3177 0.160802 0.0345633 
v 0.3177 0.158325 0.0347321 
v 0.3177 0.163022 0.0355242 
v 0.3177 0.163046 0.0356301 
v 0.3177 0.161995 0.0341611 
v 0.3177 0.161126 0.0345633 
v 0.3177 0.161443 0.0344936 
v 0.3177 0.157762 0.0351324 
vn -1 -2.58436e-15 1.77602e-14 
vn -1 -2.58436e-15 1.77602e-14 
vn -1 -2.58436e-15 1.77602e-14 
vn -1 -2.58436e-15 1.77602e-14 
vn -1 -2.58436e-15 1.77602e-14 
vn -1 -2.58436e-15 1.77602e-14 
vn -1 -2.58436e-15 1.77602e-14 
vn -1 -2.58436e-15 1.77602e-14 
vn -1 -2.58436e-15 1.77602e-14 
vn -1 -2.58436e-15 1.77602e-14 
vn -1 -2.58436e-15 1.77602e-14 
vn -1 -2.58436e-15 1.77602e-14 
vn -1 -2.58436e-15 1.77602e-14 
vn -1 -2.58436e-15 1.77602e-14 
vn -1 -2.58436e-15 1.77602e-14 
vn -1 -2.58436e-15 1.77602e-14 
vn -1 -2.58436e-15 1.77602e-14 
vn -1 -2.58436e-15 1.77602e-14 
vn -1 -2.58436e-15 1.77602e-14 
vn -1 -2.58436e-15 1.77602e-14 
vn -1 -2.58436e-15 1.77602e-14 
vn -1 -2.58436e-15 1.77602e-14 
vn -1 -2.58436e-15 1.77602e-14 
vn -1 -2.58436e-15 1.77602e-14 
vn -1 -2.58436e-15 1.77602e-14 
vn -1 -2.58436e-15 1.77602e-14 
vn -1 -2.58436e-15 1.77602e-14 
vn -1 -2.58436e-15 1.77602e-14 
vn -1 -2.58436e-15 1.77602e-14 
vn -1 -2.58436e-15 1.77602e-14 
vn -1 -2.58436e-15 1.77602e-14 
vn -1 -2.58436e-15 1.77602e-14 
vn -1 -2.58436e-15 1.77602e-14 
vn -1 -2.58436e-15 1.77602e-14 
vn -1 -2.58436e-15 1.77602e-14 
vn -1 -2.58436e-15 1.77602e-14 
vn -1 -2.58436e-15 1.77602e-14 
vn -1 -2.58436e-15 1.77602e-14 
vn -1 -2.58436e-15 1.77602e-14 
vn -1 -2.58436e-15 1.77602e-14 
vn -1 -2.58436e-15 1.77602e-14 
vn -1 -2.58436e-15 1.77602e-14 
vn -1 -2.58436e-15 1.77602e-14 
vn -1 -2.58436e-15 1.77602e-14 
vn -1 -2.58436e-15 1.77602e-14 
vn -1 -2.58436e-15 1.77602e-14 
vn -1 -2.58436e-15 1.77602e-14 
vn -1 -2.58436e-15 1.77602e-14 
vn -1 -2.58436e-15 1.77602e-14 
vn -1 -2.58436e-15 1.77602e-14 
vn -1 -2.58436e-15 1.77602e-14 
vn -1 -2.58436e-15 1.77602e-14 
vn -1 -2.58436e-15 1.77602e-14 
vn -1 -2.58436e-15 1.77602e-14 
vn -1 -2.58436e-15 1.77602e-14 
vn -1 -2.58436e-15 1.77602e-14 
vn -1 -2.58436e-15 1.77602e-14 
vn -1 -2.58436e-15 1.77602e-14 
vn -1 -2.58436e-15 1.77602e-14 
vn -1 -2.58436e-15 1.77602e-14 
vn -1 -2.58436e-15 1.77602e-14 
vn -1 -2.58436e-15 1.77602e-14 
vn -1 -2.58436e-15 1.77602e-14 
vn -1 -2.58436e-15 1.77602e-14 
vn -1 -2.58436e-15 1.77602e-14 
vn -1 -2.58436e-15 1.77602e-14 
vn -1 -2.58436e-15 1.77602e-14 
vn -1 -2.58436e-15 1.77602e-14 
vn -1 -2.58436e-15 1.77602e-14 
vn -1 -2.58436e-15 1.77602e-14 
f 4685//4685 4686//4686 4687//4687 
f 4685//4685 4688//4688 4686//4686 
f 4685//4685 4689//4689 4690//4690 
f 4691//4691 4692//4692 4693//4693 
f 4694//4694 4693//4693 4692//4692 
f 4690//4690 4688//4688 4685//4685 
f 4692//4692 4695//4695 4694//4694 
f 4685//4685 4696//4696 4689//4689 
f 4697//4697 4698//4698 4699//4699 
f 4700//4700 4691//4691 4701//4701 
f 4695//4695 4702//4702 4694//4694 
f 4699//4699 4685//4685 4697//4697 
f 4698//4698 4703//4703 4704//4704 
f 4703//4703 4705//4705 4706//4706 
f 4705//4705 4707//4707 4708//4708 
f 4707//4707 4709//4709 4710//4710 
f 4709//4709 4711//4711 4712//4712 
f 4711//4711 4713//4713 4714//4714 
f 4713//4713 4715//4715 4716//4716 
f 4717//4717 4718//4718 4719//4719 
f 4718//4718 4720//4720 4721//4721 
f 4720//4720 4700//4700 4722//4722 
f 4693//4693 4701//4701 4691//4691 
f 4704//4704 4699//4699 4698//4698 
f 4708//4708 4706//4706 4705//4705 
f 4712//4712 4710//4710 4709//4709 
f 4716//4716 4714//4714 4713//4713 
f 4715//4715 4723//4723 4724//4724 
f 4723//4723 4717//4717 4725//4725 
f 4721//4721 4719//4719 4718//4718 
f 4701//4701 4722//4722 4700//4700 
f 4726//4726 4727//4727 4728//4728 
f 4706//4706 4704//4704 4703//4703 
f 4714//4714 4712//4712 4711//4711 
f 4725//4725 4724//4724 4723//4723 
f 4722//4722 4721//4721 4720//4720 
f 4728//4728 4729//4729 4730//4730 
f 4731//4731 4732//4732 4702//4702 
f 4710//4710 4708//4708 4707//4707 
f 4719//4719 4725//4725 4717//4717 
f 4728//4728 4733//4733 4729//4729 
f 4734//4734 4735//4735 4736//4736 
f 4734//4734 4737//4737 4738//4738 
f 4731//4731 4739//4739 4740//4740 
f 4737//4737 4734//4734 4739//4739 
f 4731//4731 4741//4741 4732//4732 
f 4724//4724 4716//4716 4715//4715 
f 4728//4728 4685//4685 4733//4733 
f 4742//4742 4743//4743 4744//4744 
f 4734//4734 4745//4745 4735//4735 
f 4738//4738 4746//4746 4734//4734 
f 4740//4740 4747//4747 4731//4731 
f 4739//4739 4731//4731 4748//4748 
f 4731//4731 4747//4747 4741//4741 
f 4685//4685 4728//4728 4696//4696 
f 4726//4726 4749//4749 4727//4727 
f 4726//4726 4744//4744 4750//4750 
f 4744//4744 4751//4751 4742//4742 
f 4746//4746 4745//4745 4734//4734 
f 4739//4739 4748//4748 4737//4737 
f 4687//4687 4697//4697 4685//4685 
f 4750//4750 4749//4749 4726//4726 
f 4744//4744 4726//4726 4751//4751 
f 4740//4740 4752//4752 4747//4747 
f 4728//4728 4730//4730 4726//4726 
f 4742//4742 4753//4753 4743//4743 
f 4702//4702 4695//4695 4731//4731 
f 4752//4752 4740//4740 4743//4743 
f 4753//4753 4752//4752 4743//4743 
f 4736//4736 4754//4754 4734//4734 
o mesh3818
v 0.3177 0.163446 0.0359596 
v 0.317 0.163446 0.0359596 
v 0.317 0.163341 0.0359324 
v 0.3177 0.163341 0.0359324 
v 0.317 0.163244 0.035883 
v 0.3177 0.163244 0.035883 
v 0.317 0.16316 0.0358139 
v 0.3177 0.16316 0.0358139 
v 0.317 0.163093 0.0357282 
v 0.3177 0.163093 0.0357282 
v 0.317 0.163046 0.0356301 
v 0.3177 0.163046 0.0356301 
v 0.317 0.163022 0.0355242 
v 0.3177 0.163022 0.0355242 
v 0.317 0.163021 0.0354154 
v 0.3177 0.163021 0.0354154 
v 0.317 0.163043 0.035309 
v 0.3177 0.163043 0.035309 
v 0.317 0.163088 0.03521 
v 0.3177 0.163088 0.03521 
v 0.317 0.163153 0.035123 
v 0.3177 0.163153 0.035123 
vn 1.22465e-16 -0.143997 0.989578 
vn 1.22465e-16 -0.143997 0.989578 
vn 0 -0.354523 0.935047 
vn 0 -0.354523 0.935047 
vn 0 -0.548281 0.836294 
vn 0 -0.548281 0.836294 
vn 0 -0.716109 0.697988 
vn 0 -0.716109 0.697988 
vn 0 -0.850069 0.526671 
vn 0 -0.850069 0.526671 
vn 0 -0.943825 0.330446 
vn 0 -0.943825 0.330446 
vn 0 -0.992943 0.118592 
vn 0 -0.992943 0.118592 
vn 0 -0.9951 -0.0988708 
vn 0 -0.9951 -0.0988708 
vn 0 -0.950195 -0.311657 
vn 0 -0.950195 -0.311657 
vn 0 -0.86035 -0.509704 
vn 0 -0.86035 -0.509704 
vn 0 -0.729815 -0.683645 
vn 0 -0.729815 -0.683645 
f 4755//4755 4756//4756 4757//4757 
f 4758//4758 4757//4757 4759//4759 
f 4760//4760 4759//4759 4761//4761 
f 4762//4762 4761//4761 4763//4763 
f 4764//4764 4763//4763 4765//4765 
f 4766//4766 4765//4765 4767//4767 
f 4768//4768 4767//4767 4769//4769 
f 4770//4770 4769//4769 4771//4771 
f 4772//4772 4771//4771 4773//4773 
f 4774//4774 4773//4773 4775//4775 
f 4775//4775 4776//4776 4774//4774 
f 4773//4773 4774//4774 4772//4772 
f 4771//4771 4772//4772 4770//4770 
f 4769//4769 4770//4770 4768//4768 
f 4767//4767 4768//4768 4766//4766 
f 4765//4765 4766//4766 4764//4764 
f 4763//4763 4764//4764 4762//4762 
f 4761//4761 4762//4762 4760//4760 
f 4759//4759 4760//4760 4758//4758 
f 4757//4757 4758//4758 4755//4755 
o mesh3819
v 0.3177 0.158281 0.034414 
v 0.317 0.158281 0.034414 
v 0.317 0.158319 0.034516 
v 0.3177 0.158319 0.034516 
v 0.317 0.158333 0.0346237 
v 0.3177 0.158333 0.0346237 
v 0.317 0.158325 0.0347321 
v 0.3177 0.158325 0.0347321 
v 0.317 0.158293 0.034836 
v 0.3177 0.158293 0.034836 
v 0.317 0.158239 0.0349305 
v 0.3177 0.158239 0.0349305 
v 0.317 0.158166 0.0350112 
v 0.3177 0.158166 0.0350112 
v 0.317 0.158077 0.0350742 
v 0.3177 0.158077 0.0350742 
v 0.317 0.157977 0.0351166 
v 0.3177 0.157977 0.0351166 
v 0.317 0.15787 0.0351363 
v 0.3177 0.15787 0.0351363 
v 0.317 0.157762 0.0351324 
v 0.3177 0.157762 0.0351324 
vn 0 0.894383 -0.447302 
vn 0 0.894383 -0.447302 
vn 0 0.969933 -0.243373 
vn 0 0.969933 -0.243373 
vn 0 0.99961 -0.027934 
vn 0 0.99961 -0.027934 
vn 0 0.982011 0.188826 
vn 0 0.982011 0.188826 
vn 0 0.917967 0.396656 
vn 0 0.917967 0.396656 
vn 0 0.810509 0.585726 
vn 0 0.810509 0.585726 
vn 0 0.664719 0.747094 
vn 0 0.664719 0.747094 
vn 0 0.48749 0.873128 
vn 0 0.48749 0.873128 
vn 0 0.287206 0.957869 
vn 0 0.287206 0.957869 
vn 0 0.0733387 0.997307 
vn 0 0.0733387 0.997307 
vn 0 -0.143997 0.989578 
vn 0 -0.143997 0.989578 
f 4777//4777 4778//4778 4779//4779 
f 4780//4780 4779//4779 4781//4781 
f 4782//4782 4781//4781 4783//4783 
f 4784//4784 4783//4783 4785//4785 
f 4786//4786 4785//4785 4787//4787 
f 4788//4788 4787//4787 4789//4789 
f 4790//4790 4789//4789 4791//4791 
f 4792//4792 4791//4791 4793//4793 
f 4794//4794 4793//4793 4795//4795 
f 4796//4796 4795//4795 4797//4797 
f 4797//4797 4798//4798 4796//4796 
f 4795//4795 4796//4796 4794//4794 
f 4793//4793 4794//4794 4792//4792 
f 4791//4791 4792//4792 4790//4790 
f 4789//4789 4790//4790 4788//4788 
f 4787//4787 4788//4788 4786//4786 
f 4785//4785 4786//4786 4784//4784 
f 4783//4783 4784//4784 4782//4782 
f 4781//4781 4782//4782 4780//4780 
f 4779//4779 4780//4780 4777//4777 
o mesh3820
v 0.3177 0.163153 0.035123 
v 0.317 0.163153 0.035123 
v 0.317 0.163491 0.0346882 
v 0.3177 0.163545 0.0346012 
v 0.317 0.163537 0.0345972 
v 0.317 0.163773 0.0341257 
v 0.3177 0.163814 0.0340071 
v 0.317 0.163804 0.0340044 
v 0.317 0.163931 0.033517 
v 0.3177 0.163949 0.0333687 
v 0.317 0.163937 0.0333682 
v 0.317 0.163958 0.0328887 
v 0.3177 0.163943 0.0327163 
v 0.317 0.16393 0.0327185 
v 0.317 0.163854 0.0322684 
v 0.3177 0.163795 0.0320808 
v 0.317 0.163782 0.032086 
v 0.317 0.163623 0.0316835 
v 0.3177 0.163514 0.0314921 
v 0.317 0.163502 0.0315004 
v 0.317 0.163275 0.0311596 
v 0.3177 0.163112 0.0309781 
v 0.317 0.163101 0.0309893 
v 0.317 0.162826 0.0307198 
v 0.3177 0.162609 0.0305632 
v 0.317 0.1626 0.0305769 
v 0.317 0.162294 0.0303833 
v 0.3177 0.162027 0.030267 
v 0.317 0.162022 0.0302824 
v 0.317 0.161705 0.030165 
v 0.3177 0.161396 0.0301034 
v 0.3177 0.160744 0.0300802 
v 0.317 0.161082 0.0300744 
v 0.317 0.161394 0.0301197 
v 0.3177 0.160102 0.0301985 
v 0.317 0.160455 0.0301156 
v 0.317 0.160745 0.0300966 
v 0.3177 0.159501 0.0304527 
v 0.317 0.15985 0.0302867 
v 0.317 0.160107 0.030214 
v 0.3177 0.15897 0.0308308 
v 0.317 0.159293 0.0305802 
v 0.317 0.159509 0.0304666 
v 0.3177 0.158532 0.0313149 
v 0.317 0.158811 0.0309832 
v 0.317 0.158979 0.0308424 
v 0.3177 0.15821 0.0318821 
v 0.317 0.158422 0.031478 
v 0.317 0.158544 0.0313237 
v 0.3177 0.158018 0.0325056 
v 0.317 0.158146 0.0320429 
v 0.317 0.158222 0.0318879 
v 0.3177 0.157965 0.0331559 
v 0.317 0.157993 0.032653 
v 0.317 0.158029 0.0325085 
v 0.3177 0.158054 0.0338022 
v 0.317 0.157971 0.0332815 
v 0.317 0.157976 0.0331563 
v 0.3177 0.158281 0.034414 
v 0.317 0.158081 0.0339008 
v 0.317 0.158063 0.0338007 
v 0.317 0.158281 0.034414 
vn 0 -0.729815 -0.683645 
vn 0 -0.729815 -0.683645 
vn 0 -0.842507 -0.538685 
vn 0 -0.86035 -0.509704 
vn 0 -0.860241 -0.509887 
vn 0 -0.936299 -0.351205 
vn 0 -0.950195 -0.311657 
vn 0 -0.950125 -0.311869 
vn 0 -0.988944 -0.14829 
vn 0 -0.9951 -0.0988708 
vn 0 -0.995078 -0.0990904 
vn 0 -0.998129 0.0611408 
vn 0 -0.992943 0.118592 
vn 0 -0.992968 0.118385 
vn 0 -0.963451 0.267885 
vn 0 -0.943825 0.330446 
vn 0 -0.943887 0.330269 
vn 0 -0.886433 0.462857 
vn 0 -0.850069 0.526671 
vn 0 -0.850153 0.526536 
vn 0 -0.77046 0.637488 
vn 0 -0.716109 0.697988 
vn 0 -0.716196 0.697899 
vn 0 -0.620629 0.784104 
vn 0 -0.548281 0.836294 
vn 0 -0.548353 0.836247 
vn 0 -0.443524 0.896262 
vn 0 -0.354523 0.935047 
vn 0 -0.354563 0.935032 
vn 0 -0.246928 0.969034 
vn 0 -0.143997 0.989578 
vn 0 0.0733387 0.997307 
vn 0 -0.0394802 0.99922 
vn 0 -0.143997 0.989578 
vn 0 0.287206 0.957869 
vn 0 0.169702 0.985495 
vn 0 0.0733821 0.997304 
vn 0 0.48749 0.873128 
vn 0 0.371427 0.928462 
vn 0 0.287288 0.957844 
vn 0 0.664719 0.747094 
vn 0 0.55683 0.830627 
vn 0 0.487599 0.873068 
vn 0 0.810509 0.585726 
vn 0 0.717761 0.696289 
vn 0 0.664837 0.746988 
vn 0 0.917967 0.396656 
vn 0 0.847151 0.531352 
vn 0 0.810619 0.585574 
vn 0 0.982011 0.188826 
vn 0 0.939312 0.343065 
vn 0 0.91805 0.396464 
vn 0 0.99961 -0.027934 
vn 0 0.990194 0.139701 
vn 0 0.982052 0.188609 
vn 0 0.969933 -0.243373 
vn 0 0.997561 -0.0698015 
vn 0 0.999604 -0.0281566 
vn 0 0.894383 -0.447302 
vn 0 0.96109 -0.276237 
vn 0 0.969881 -0.243579 
vn 0 0.894383 -0.447302 
f 4799//4799 4800//4800 4801//4801 
f 4801//4801 4802//4802 4799//4799 
f 4802//4802 4803//4803 4804//4804 
f 4804//4804 4805//4805 4802//4802 
f 4805//4805 4806//4806 4807//4807 
f 4807//4807 4808//4808 4805//4805 
f 4808//4808 4809//4809 4810//4810 
f 4810//4810 4811//4811 4808//4808 
f 4811//4811 4812//4812 4813//4813 
f 4813//4813 4814//4814 4811//4811 
f 4814//4814 4815//4815 4816//4816 
f 4816//4816 4817//4817 4814//4814 
f 4817//4817 4818//4818 4819//4819 
f 4819//4819 4820//4820 4817//4817 
f 4820//4820 4821//4821 4822//4822 
f 4822//4822 4823//4823 4820//4820 
f 4823//4823 4824//4824 4825//4825 
f 4825//4825 4826//4826 4823//4823 
f 4826//4826 4827//4827 4828//4828 
f 4828//4828 4829//4829 4826//4826 
f 4830//4830 4829//4829 4831//4831 
f 4829//4829 4832//4832 4831//4831 
f 4833//4833 4830//4830 4834//4834 
f 4830//4830 4835//4835 4834//4834 
f 4836//4836 4833//4833 4837//4837 
f 4833//4833 4838//4838 4837//4837 
f 4839//4839 4836//4836 4840//4840 
f 4836//4836 4841//4841 4840//4840 
f 4842//4842 4839//4839 4843//4843 
f 4839//4839 4844//4844 4843//4843 
f 4845//4845 4842//4842 4846//4846 
f 4842//4842 4847//4847 4846//4846 
f 4848//4848 4845//4845 4849//4849 
f 4845//4845 4850//4850 4849//4849 
f 4851//4851 4848//4848 4852//4852 
f 4848//4848 4853//4853 4852//4852 
f 4854//4854 4851//4851 4855//4855 
f 4851//4851 4856//4856 4855//4855 
f 4857//4857 4854//4854 4858//4858 
f 4854//4854 4859//4859 4858//4858 
f 4858//4858 4860//4860 4857//4857 
f 4855//4855 4859//4859 4854//4854 
f 4852//4852 4856//4856 4851//4851 
f 4849//4849 4853//4853 4848//4848 
f 4846//4846 4850//4850 4845//4845 
f 4843//4843 4847//4847 4842//4842 
f 4840//4840 4844//4844 4839//4839 
f 4837//4837 4841//4841 4836//4836 
f 4834//4834 4838//4838 4833//4833 
f 4831//4831 4835//4835 4830//4830 
f 4828//4828 4832//4832 4829//4829 
f 4825//4825 4827//4827 4826//4826 
f 4822//4822 4824//4824 4823//4823 
f 4819//4819 4821//4821 4820//4820 
f 4816//4816 4818//4818 4817//4817 
f 4813//4813 4815//4815 4814//4814 
f 4810//4810 4812//4812 4811//4811 
f 4807//4807 4809//4809 4808//4808 
f 4804//4804 4806//4806 4805//4805 
f 4801//4801 4803//4803 4802//4802 
o mesh3821
v 0.316805 0.157952 0.0332828 
v 0.316805 0.158062 0.0339061 
v 0.317 0.158063 0.0338007 
v 0.317 0.158081 0.0339008 
v 0.316805 0.157974 0.0326503 
v 0.317 0.157976 0.0331563 
v 0.317 0.157971 0.0332815 
v 0.316805 0.158128 0.0320363 
v 0.317 0.158029 0.0325085 
v 0.317 0.157993 0.032653 
v 0.316805 0.158406 0.0314678 
v 0.317 0.158222 0.0318879 
v 0.317 0.158146 0.0320429 
v 0.316805 0.158797 0.0309699 
v 0.317 0.158544 0.0313237 
v 0.317 0.158422 0.031478 
v 0.316805 0.159283 0.0305643 
v 0.317 0.158979 0.0308424 
v 0.317 0.158811 0.0309832 
v 0.316805 0.159842 0.0302689 
v 0.317 0.159509 0.0304666 
v 0.317 0.159293 0.0305802 
v 0.316805 0.160452 0.0300967 
v 0.317 0.160107 0.030214 
v 0.317 0.15985 0.0302867 
v 0.316805 0.161083 0.0300552 
v 0.317 0.160745 0.0300966 
v 0.317 0.160455 0.0301156 
v 0.317 0.161082 0.0300744 
v 0.317 0.161394 0.0301197 
v 0.316805 0.161709 0.0301464 
v 0.317 0.161705 0.030165 
v 0.317 0.162022 0.0302824 
v 0.316805 0.162303 0.0303661 
v 0.317 0.162294 0.0303833 
v 0.317 0.1626 0.0305769 
v 0.316805 0.162838 0.0307047 
v 0.317 0.162826 0.0307198 
v 0.317 0.163101 0.0309893 
v 0.316805 0.16329 0.0311474 
v 0.317 0.163275 0.0311596 
v 0.317 0.163502 0.0315004 
v 0.316805 0.16364 0.0316746 
v 0.317 0.163623 0.0316835 
v 0.317 0.163782 0.032086 
v 0.316805 0.163873 0.0322633 
v 0.317 0.163854 0.0322684 
v 0.317 0.16393 0.0327185 
v 0.316805 0.163977 0.0328875 
v 0.317 0.163958 0.0328887 
v 0.317 0.163937 0.0333682 
v 0.316805 0.16395 0.0335198 
v 0.317 0.163931 0.033517 
v 0.317 0.163804 0.0340044 
v 0.316805 0.163791 0.0341325 
v 0.317 0.163773 0.0341257 
v 0.317 0.163537 0.0345972 
v 0.316805 0.163508 0.0346985 
v 0.316617 0.158007 0.0339218 
v 0.316617 0.157895 0.0332868 
v 0.316617 0.157918 0.0326424 
v 0.316617 0.158074 0.0320168 
v 0.316617 0.158358 0.0314376 
v 0.316617 0.158756 0.0309302 
v 0.316617 0.159251 0.030517 
v 0.316617 0.159821 0.030216 
v 0.316617 0.160442 0.0300406 
v 0.316617 0.161085 0.0299984 
v 0.316617 0.161723 0.0300912 
v 0.316617 0.162328 0.0303151 
v 0.316617 0.162873 0.0306601 
v 0.316617 0.163334 0.0311111 
v 0.316617 0.163691 0.0316483 
v 0.316617 0.163928 0.0322481 
v 0.316617 0.164034 0.032884 
v 0.316617 0.164006 0.0335283 
v 0.316617 0.163844 0.0341525 
v 0.316444 0.157919 0.0339474 
v 0.316444 0.157803 0.0332933 
v 0.316444 0.157826 0.0326295 
v 0.316444 0.157988 0.0319851 
v 0.316444 0.15828 0.0313885 
v 0.316444 0.15869 0.0308659 
v 0.316444 0.1592 0.0304402 
v 0.316444 0.159787 0.0301302 
v 0.316444 0.160426 0.0299495 
v 0.316444 0.161089 0.029906 
v 0.316444 0.161746 0.0300017 
v 0.316444 0.162369 0.0302323 
v 0.316444 0.16293 0.0305876 
v 0.316444 0.163405 0.0310522 
v 0.316444 0.163773 0.0316055 
v 0.316444 0.164017 0.0322233 
v 0.316444 0.164127 0.0328784 
v 0.316444 0.164097 0.033542 
v 0.316444 0.163931 0.0341849 
v 0.316617 0.163556 0.0347292 
v 0.316293 0.157799 0.0339817 
v 0.316293 0.157679 0.033302 
v 0.316293 0.157703 0.0326121 
v 0.316293 0.157871 0.0319424 
v 0.316293 0.158174 0.0313224 
v 0.316293 0.1586 0.0307793 
v 0.316293 0.15913 0.0303369 
v 0.316293 0.159741 0.0300148 
v 0.316293 0.160405 0.029827 
v 0.316293 0.161094 0.0297818 
v 0.316293 0.161777 0.0298812 
v 0.316293 0.162424 0.0301208 
v 0.316293 0.163008 0.0304901 
v 0.316293 0.163501 0.0309729 
v 0.316293 0.163883 0.031548 
v 0.316293 0.164136 0.03219 
v 0.316293 0.164251 0.0328708 
v 0.316293 0.16422 0.0335604 
v 0.316293 0.164047 0.0342286 
v 0.316444 0.163633 0.0347789 
v 0.316169 0.157654 0.0340236 
v 0.316169 0.157528 0.0333125 
v 0.316169 0.157553 0.0325909 
v 0.316169 0.157729 0.0318904 
v 0.316169 0.158046 0.0312419 
v 0.316169 0.158492 0.0306738 
v 0.316169 0.159046 0.0302111 
v 0.316169 0.159685 0.0298741 
v 0.316169 0.160379 0.0296776 
v 0.316169 0.1611 0.0296304 
v 0.316169 0.161814 0.0297343 
v 0.316169 0.162492 0.029985 
v 0.316169 0.163102 0.0303713 
v 0.316169 0.163618 0.0308763 
v 0.316169 0.164017 0.0314778 
v 0.316169 0.164282 0.0321494 
v 0.316169 0.164402 0.0328615 
v 0.316169 0.16437 0.0335829 
v 0.316169 0.164189 0.0342818 
v 0.316293 0.163738 0.0348459 
v 0.316076 0.157487 0.0340713 
v 0.316076 0.157355 0.0333246 
v 0.316076 0.157382 0.0325668 
v 0.316076 0.157566 0.0318311 
v 0.316076 0.1579 0.03115 
v 0.316076 0.158368 0.0305534 
v 0.316076 0.15895 0.0300675 
v 0.316076 0.15962 0.0297136 
v 0.316076 0.16035 0.0295073 
v 0.316076 0.161107 0.0294576 
v 0.316076 0.161857 0.0295668 
v 0.316076 0.162568 0.02983 
v 0.316076 0.163209 0.0302357 
v 0.316076 0.163751 0.0307661 
v 0.316076 0.16417 0.0313978 
v 0.316076 0.164449 0.0321031 
v 0.316076 0.164574 0.0328509 
v 0.316076 0.164541 0.0336085 
v 0.316076 0.164351 0.0343425 
v 0.316169 0.163866 0.0349276 
v 0.316019 0.157168 0.0333377 
v 0.316019 0.157196 0.0325406 
v 0.316019 0.15739 0.0317668 
v 0.316019 0.157741 0.0310504 
v 0.316019 0.158233 0.0304228 
v 0.316019 0.158845 0.0299116 
v 0.316019 0.159551 0.0295394 
v 0.316019 0.160318 0.0293224 
v 0.316019 0.161114 0.0292702 
v 0.316019 0.161903 0.029385 
v 0.316019 0.162651 0.0296619 
v 0.316019 0.163325 0.0300887 
v 0.316019 0.163895 0.0306465 
v 0.316019 0.164337 0.031311 
v 0.316019 0.16463 0.0320528 
v 0.316019 0.164762 0.0328395 
v 0.316019 0.164727 0.0336363 
v 0.316 0.156974 0.0333513 
v 0.316 0.157003 0.0325133 
v 0.316 0.157207 0.0316998 
v 0.316 0.157575 0.0309467 
v 0.316 0.158093 0.0302869 
v 0.316 0.158737 0.0297496 
v 0.316 0.159478 0.0293583 
v 0.316 0.160285 0.0291301 
v 0.316 0.161122 0.0290752 
v 0.316 0.161952 0.029196 
v 0.316 0.162738 0.0294871 
v 0.316 0.163446 0.0299357 
v 0.316 0.164046 0.0305222 
v 0.316 0.16451 0.0312207 
v 0.316 0.164818 0.0320006 
v 0.316 0.164956 0.0328275 
v 0.316 0.16492 0.0336653 
v 0.316019 0.164526 0.0344084 
v 0.316 0.157084 0.034025 
v 0.316017 0.15729 0.0341081 
v 0.316 0.157078 0.0340225 
v 0.31602 0.157304 0.0341134 
v 0.316024 0.157319 0.034119 
v 0.316065 0.157491 0.0341827 
v 0.316078 0.157525 0.0341943 
v 0.316142 0.157682 0.034248 
v 0.316216 0.157811 0.0342889 
v 0.316294 0.157916 0.0343198 
v 0.316308 0.157934 0.0343252 
v 0.316419 0.158048 0.0343567 
v 0.316505 0.158117 0.0343745 
v 0.316618 0.158183 0.0343908 
v 0.31665 0.158201 0.0343954 
v 0.316717 0.158229 0.0344021 
v 0.316805 0.158255 0.0344081 
v 0.316833 0.158263 0.03441 
v 0.316904 0.158275 0.0344127 
v 0.317 0.163491 0.0346882 
v 0.316833 0.163171 0.0351242 
v 0.316805 0.16318 0.0351247 
v 0.316904 0.163159 0.0351234 
v 0.317 0.163153 0.035123 
v 0.31665 0.163235 0.0351279 
v 0.316618 0.163254 0.0351287 
v 0.316717 0.163206 0.0351263 
v 0.316505 0.163322 0.0351319 
v 0.316419 0.163392 0.0351343 
v 0.316308 0.163511 0.0351367 
v 0.316294 0.16353 0.0351367 
v 0.316216 0.163639 0.0351369 
v 0.316142 0.163775 0.0351346 
v 0.316078 0.163941 0.035128 
v 0.316076 0.164012 0.0350207 
v 0.316065 0.163977 0.0351266 
v 0.316024 0.164159 0.0351142 
v 0.31602 0.164175 0.0351132 
v 0.316 0.164411 0.0350911 
v 0.316 0.164417 0.0350904 
v 0.316017 0.16419 0.0351121 
v 0.316 0.164709 0.0344769 
v 0.317 0.158281 0.034414 
vn -0.19509 0.978393 -0.0684602 
vn -0.19509 0.942623 -0.270929 
vn 0 0.969881 -0.243579 
vn 2.09798e-15 0.96109 -0.276237 
vn -0.19509 0.971167 0.137017 
vn 0 0.999604 -0.0281566 
vn 2.09798e-15 0.997561 -0.0698015 
vn -0.19509 0.921263 0.336473 
vn 0 0.982052 0.188609 
vn 2.09798e-15 0.990194 0.139701 
vn -0.19509 0.830873 0.521143 
vn 0 0.91805 0.396464 
vn 2.09798e-15 0.939312 0.343065 
vn -0.19509 0.70397 0.68291 
vn 0 0.810619 0.585574 
vn 2.09798e-15 0.847151 0.531352 
vn -0.19509 0.54613 0.814667 
vn 0 0.664837 0.746988 
vn 2.09798e-15 0.717761 0.696289 
vn -0.19509 0.36429 0.910622 
vn 0 0.487599 0.873068 
vn 2.09798e-15 0.55683 0.830627 
vn -0.19509 0.166442 0.966559 
vn 0 0.287288 0.957844 
vn 2.09798e-15 0.371427 0.928462 
vn -0.19509 -0.0387216 0.980021 
vn 0 0.0733821 0.997304 
vn 2.09798e-15 0.169702 0.985495 
vn 2.09798e-15 -0.0394802 0.99922 
vn 0 -0.143997 0.989578 
vn -0.19509 -0.242183 0.950414 
vn 2.09798e-15 -0.246928 0.969034 
vn 0 -0.354563 0.935032 
vn -0.19509 -0.435002 0.879041 
vn 2.09798e-15 -0.443524 0.896262 
vn 0 -0.548353 0.836247 
vn -0.19509 -0.608704 0.769038 
vn 2.09798e-15 -0.620629 0.784104 
vn 0 -0.716196 0.697899 
vn -0.19509 -0.755656 0.625239 
vn 2.09798e-15 -0.77046 0.637488 
vn 0 -0.850153 0.526536 
vn -0.19509 -0.869401 0.453963 
vn 2.09798e-15 -0.886433 0.462857 
vn 0 -0.943887 0.330269 
vn -0.19509 -0.944938 0.262738 
vn 2.09798e-15 -0.963451 0.267885 
vn 0 -0.992968 0.118385 
vn -0.19509 -0.97895 0.059966 
vn 2.09798e-15 -0.998129 0.0611408 
vn 0 -0.995078 -0.0990904 
vn -0.19509 -0.969942 -0.145441 
vn 2.09798e-15 -0.988944 -0.14829 
vn 0 -0.950125 -0.311869 
vn -0.19509 -0.918308 -0.344456 
vn 2.09798e-15 -0.936299 -0.351205 
vn 0 -0.860241 -0.509887 
vn -0.19509 -0.826319 -0.528334 
vn -0.382683 0.887931 -0.25521 
vn -0.382683 0.921626 -0.0644881 
vn -0.382683 0.91482 0.129067 
vn -0.382683 0.867811 0.316951 
vn -0.382683 0.782665 0.490906 
vn -0.382683 0.663125 0.643287 
vn -0.382683 0.514443 0.767399 
vn -0.382683 0.343154 0.857787 
vn -0.382683 0.156785 0.910479 
vn -0.382683 -0.036475 0.923159 
vn -0.382683 -0.228132 0.895271 
vn -0.382683 -0.409763 0.828039 
vn -0.382683 -0.573387 0.724418 
vn -0.382683 -0.711813 0.588962 
vn -0.382683 -0.818957 0.427624 
vn -0.382683 -0.890113 0.247493 
vn -0.382683 -0.922151 0.0564867 
vn -0.382683 -0.913665 -0.137002 
vn -0.382683 -0.865027 -0.324471 
vn -0.55557 0.799117 -0.229683 
vn -0.55557 0.829442 -0.0580378 
vn -0.55557 0.823316 0.116157 
vn -0.55557 0.781009 0.285248 
vn -0.55557 0.70438 0.441803 
vn -0.55557 0.596797 0.578943 
vn -0.55557 0.462987 0.690641 
vn -0.55557 0.30883 0.771988 
vn -0.55557 0.141102 0.819409 
vn -0.55557 -0.0328266 0.830821 
vn -0.55557 -0.205313 0.805722 
vn -0.55557 -0.368777 0.745215 
vn -0.55557 -0.516034 0.651959 
vn -0.55557 -0.640614 0.530052 
vn -0.55557 -0.737042 0.384851 
vn -0.55557 -0.80108 0.222738 
vn -0.55557 -0.829914 0.0508367 
vn -0.55557 -0.822277 -0.123299 
vn -0.55557 -0.778504 -0.292016 
vn -0.382683 -0.778375 -0.49768 
vn -0.707107 0.679593 -0.195329 
vn -0.707107 0.705382 -0.0493571 
vn -0.707107 0.700173 0.0987838 
vn -0.707107 0.664194 0.242584 
vn -0.707107 0.599026 0.375723 
vn -0.707107 0.507534 0.492351 
vn -0.707107 0.393738 0.587342 
vn -0.707107 0.262639 0.656522 
vn -0.707107 0.119998 0.69685 
vn -0.707107 -0.0279167 0.706555 
vn -0.707107 -0.174604 0.68521 
vn -0.707107 -0.313619 0.633753 
vn -0.707107 -0.438851 0.554445 
vn -0.707107 -0.544798 0.450772 
vn -0.707107 -0.626803 0.327289 
vn -0.707107 -0.681263 0.189423 
vn -0.707107 -0.705784 0.043233 
vn -0.707107 -0.699289 -0.104857 
vn -0.707107 -0.662063 -0.248339 
vn -0.55557 -0.700519 -0.4479 
vn -0.83147 0.533953 -0.153469 
vn -0.83147 0.554215 -0.0387796 
vn -0.83147 0.550122 0.0776139 
vn -0.83147 0.521854 0.190597 
vn -0.83147 0.470652 0.295204 
vn -0.83147 0.398767 0.386837 
vn -0.83147 0.309358 0.461472 
vn -0.83147 0.206354 0.515826 
vn -0.83147 0.0942816 0.547512 
vn -0.83147 -0.021934 0.555137 
vn -0.83147 -0.137186 0.538366 
vn -0.83147 -0.246409 0.497937 
vn -0.83147 -0.344803 0.435625 
vn -0.83147 -0.428045 0.354169 
vn -0.83147 -0.492476 0.257149 
vn -0.83147 -0.535265 0.148829 
vn -0.83147 -0.554531 0.033968 
vn -0.83147 -0.549428 -0.0823857 
vn -0.83147 -0.52018 -0.195119 
vn -0.707107 -0.595743 -0.380908 
vn -0.92388 0.367793 -0.105711 
vn -0.92388 0.38175 -0.0267119 
vn -0.92388 0.378931 0.0534614 
vn -0.92388 0.359459 0.131285 
vn -0.92388 0.324191 0.20334 
vn -0.92388 0.274675 0.266458 
vn -0.92388 0.213089 0.317867 
vn -0.92388 0.142139 0.355307 
vn -0.92388 0.0649423 0.377133 
vn -0.92388 -0.0151084 0.382385 
vn -0.92388 -0.0944952 0.370833 
vn -0.92388 -0.169729 0.342985 
vn -0.92388 -0.237505 0.300064 
vn -0.92388 -0.294842 0.243956 
vn -0.92388 -0.339223 0.177128 
vn -0.92388 -0.368697 0.102515 
vn -0.92388 -0.381967 0.0233976 
vn -0.92388 -0.378452 -0.0567482 
vn -0.92388 -0.358306 -0.1344 
vn -0.83147 -0.468072 -0.299277 
vn -0.980785 0.194614 -0.0136176 
vn -0.980785 0.193177 0.0272544 
vn -0.980785 0.183251 0.0669287 
vn -0.980785 0.165271 0.103662 
vn -0.980785 0.140028 0.135839 
vn -0.980785 0.108632 0.162047 
vn -0.980785 0.0724619 0.181134 
vn -0.980785 0.0331073 0.192261 
vn -0.980785 -0.00770221 0.194938 
vn -0.980785 -0.0481732 0.189049 
vn -0.980785 -0.0865272 0.174852 
vn -0.980785 -0.121079 0.152971 
vn -0.980785 -0.150309 0.124368 
vn -0.980785 -0.172935 0.0902989 
vn -0.980785 -0.18796 0.0522618 
vn -0.980785 -0.194725 0.011928 
vn -0.980785 -0.192933 -0.02893 
vn -1 -1.16129e-13 8.12577e-15 
vn -1 -1.16129e-13 8.12577e-15 
vn -1 -1.16129e-13 8.12577e-15 
vn -1 -1.16129e-13 8.12577e-15 
vn -1 -1.16129e-13 8.12577e-15 
vn -1 -1.16129e-13 8.12577e-15 
vn -1 -1.16129e-13 8.12577e-15 
vn -1 -1.16129e-13 8.12577e-15 
vn -1 -1.16129e-13 8.12577e-15 
vn -1 -1.16129e-13 8.12577e-15 
vn -1 -1.16129e-13 8.12577e-15 
vn -1 -1.16129e-13 8.12577e-15 
vn -1 -1.16129e-13 8.12577e-15 
vn -1 -1.16129e-13 8.12577e-15 
vn -1 -1.16129e-13 8.12577e-15 
vn -1 -1.16129e-13 8.12577e-15 
vn -1 -1.16129e-13 8.12577e-15 
vn -0.980785 -0.182663 -0.0685166 
vn -0.999987 0.00504136 -0.0012383 
vn -0.98314 0.17599 -0.049626 
vn -1 3.39149e-15 -8.29586e-16 
vn -0.980753 0.187798 -0.0534317 
vn -0.978036 0.200333 -0.0575438 
vn -0.935483 0.336583 -0.107623 
vn -0.923743 0.364119 -0.118808 
vn -0.858006 0.483539 -0.173248 
vn -0.784082 0.579029 -0.223474 
vn -0.706964 0.654539 -0.26792 
vn -0.6925 0.666647 -0.275727 
vn -0.580746 0.744978 -0.32824 
vn -0.494668 0.790326 -0.361508 
vn -0.382541 0.834847 -0.395844 
vn -0.350295 0.844746 -0.404595 
vn -0.283277 0.862455 -0.419434 
vn -0.195045 0.879642 -0.433806 
vn -0.166521 0.883568 -0.437696 
vn -0.0962422 0.890795 -0.444096 
vn 2.09798e-15 -0.842507 -0.538685 
vn -0.166521 -0.722186 -0.671355 
vn -0.195045 -0.719531 -0.666507 
vn -0.0962422 -0.72729 -0.679549 
vn 0 -0.729815 -0.683645 
vn -0.350295 -0.694408 -0.628563 
vn -0.382541 -0.687413 -0.617354 
vn -0.283277 -0.707153 -0.647834 
vn -0.494668 -0.654524 -0.571753 
vn -0.580746 -0.620538 -0.526941 
vn -0.6925 -0.560421 -0.454283 
vn -0.706964 -0.551039 -0.443348 
vn -0.784082 -0.491328 -0.379226 
vn -0.858006 -0.414112 -0.303869 
vn -0.923743 -0.31516 -0.217652 
vn -0.92388 -0.322414 -0.206146 
vn -0.935483 -0.291953 -0.199083 
vn -0.978036 -0.175626 -0.112251 
vn -0.980753 -0.164782 -0.104737 
vn -0.999987 -0.00447939 -0.0026237 
vn -1 -3.01442e-15 -1.76173e-15 
vn -0.98314 -0.154548 -0.0977238 
vn -1 -3.01442e-15 -1.76173e-15 
vn -1.22465e-16 0.894383 -0.447302 
f 4861//4861 4862//4862 4863//4863 
f 4862//4862 4864//4864 4863//4863 
f 4865//4865 4861//4861 4866//4866 
f 4861//4861 4867//4867 4866//4866 
f 4868//4868 4865//4865 4869//4869 
f 4865//4865 4870//4870 4869//4869 
f 4871//4871 4868//4868 4872//4872 
f 4868//4868 4873//4873 4872//4872 
f 4874//4874 4871//4871 4875//4875 
f 4871//4871 4876//4876 4875//4875 
f 4877//4877 4874//4874 4878//4878 
f 4874//4874 4879//4879 4878//4878 
f 4880//4880 4877//4877 4881//4881 
f 4877//4877 4882//4882 4881//4881 
f 4883//4883 4880//4880 4884//4884 
f 4880//4880 4885//4885 4884//4884 
f 4886//4886 4883//4883 4887//4887 
f 4883//4883 4888//4888 4887//4887 
f 4886//4886 4889//4889 4890//4890 
f 4890//4890 4891//4891 4886//4886 
f 4891//4891 4892//4892 4893//4893 
f 4893//4893 4894//4894 4891//4891 
f 4894//4894 4895//4895 4896//4896 
f 4896//4896 4897//4897 4894//4894 
f 4897//4897 4898//4898 4899//4899 
f 4899//4899 4900//4900 4897//4897 
f 4900//4900 4901//4901 4902//4902 
f 4902//4902 4903//4903 4900//4900 
f 4903//4903 4904//4904 4905//4905 
f 4905//4905 4906//4906 4903//4903 
f 4906//4906 4907//4907 4908//4908 
f 4908//4908 4909//4909 4906//4906 
f 4909//4909 4910//4910 4911//4911 
f 4911//4911 4912//4912 4909//4909 
f 4912//4912 4913//4913 4914//4914 
f 4914//4914 4915//4915 4912//4912 
f 4915//4915 4916//4916 4917//4917 
f 4917//4917 4918//4918 4915//4915 
f 4919//4919 4862//4862 4861//4861 
f 4920//4920 4861//4861 4865//4865 
f 4921//4921 4865//4865 4868//4868 
f 4922//4922 4868//4868 4871//4871 
f 4923//4923 4871//4871 4874//4874 
f 4924//4924 4874//4874 4877//4877 
f 4925//4925 4877//4877 4880//4880 
f 4926//4926 4880//4880 4883//4883 
f 4927//4927 4883//4883 4886//4886 
f 4928//4928 4886//4886 4891//4891 
f 4929//4929 4891//4891 4894//4894 
f 4930//4930 4894//4894 4897//4897 
f 4931//4931 4897//4897 4900//4900 
f 4932//4932 4900//4900 4903//4903 
f 4933//4933 4903//4903 4906//4906 
f 4934//4934 4906//4906 4909//4909 
f 4935//4935 4909//4909 4912//4912 
f 4936//4936 4912//4912 4915//4915 
f 4937//4937 4915//4915 4918//4918 
f 4938//4938 4919//4919 4920//4920 
f 4939//4939 4920//4920 4921//4921 
f 4940//4940 4921//4921 4922//4922 
f 4941//4941 4922//4922 4923//4923 
f 4942//4942 4923//4923 4924//4924 
f 4943//4943 4924//4924 4925//4925 
f 4944//4944 4925//4925 4926//4926 
f 4945//4945 4926//4926 4927//4927 
f 4946//4946 4927//4927 4928//4928 
f 4947//4947 4928//4928 4929//4929 
f 4948//4948 4929//4929 4930//4930 
f 4949//4949 4930//4930 4931//4931 
f 4950//4950 4931//4931 4932//4932 
f 4951//4951 4932//4932 4933//4933 
f 4952//4952 4933//4933 4934//4934 
f 4953//4953 4934//4934 4935//4935 
f 4954//4954 4935//4935 4936//4936 
f 4955//4955 4936//4936 4937//4937 
f 4956//4956 4937//4937 4957//4957 
f 4958//4958 4938//4938 4939//4939 
f 4959//4959 4939//4939 4940//4940 
f 4960//4960 4940//4940 4941//4941 
f 4961//4961 4941//4941 4942//4942 
f 4962//4962 4942//4942 4943//4943 
f 4963//4963 4943//4943 4944//4944 
f 4964//4964 4944//4944 4945//4945 
f 4965//4965 4945//4945 4946//4946 
f 4966//4966 4946//4946 4947//4947 
f 4967//4967 4947//4947 4948//4948 
f 4968//4968 4948//4948 4949//4949 
f 4969//4969 4949//4949 4950//4950 
f 4970//4970 4950//4950 4951//4951 
f 4971//4971 4951//4951 4952//4952 
f 4972//4972 4952//4952 4953//4953 
f 4973//4973 4953//4953 4954//4954 
f 4974//4974 4954//4954 4955//4955 
f 4975//4975 4955//4955 4956//4956 
f 4976//4976 4956//4956 4977//4977 
f 4978//4978 4958//4958 4959//4959 
f 4979//4979 4959//4959 4960//4960 
f 4980//4980 4960//4960 4961//4961 
f 4981//4981 4961//4961 4962//4962 
f 4982//4982 4962//4962 4963//4963 
f 4983//4983 4963//4963 4964//4964 
f 4984//4984 4964//4964 4965//4965 
f 4985//4985 4965//4965 4966//4966 
f 4986//4986 4966//4966 4967//4967 
f 4987//4987 4967//4967 4968//4968 
f 4988//4988 4968//4968 4969//4969 
f 4989//4989 4969//4969 4970//4970 
f 4990//4990 4970//4970 4971//4971 
f 4991//4991 4971//4971 4972//4972 
f 4992//4992 4972//4972 4973//4973 
f 4993//4993 4973//4973 4974//4974 
f 4994//4994 4974//4974 4975//4975 
f 4995//4995 4975//4975 4976//4976 
f 4996//4996 4976//4976 4997//4997 
f 4998//4998 4978//4978 4979//4979 
f 4999//4999 4979//4979 4980//4980 
f 5000//5000 4980//4980 4981//4981 
f 5001//5001 4981//4981 4982//4982 
f 5002//5002 4982//4982 4983//4983 
f 5003//5003 4983//4983 4984//4984 
f 5004//5004 4984//4984 4985//4985 
f 5005//5005 4985//4985 4986//4986 
f 5006//5006 4986//4986 4987//4987 
f 5007//5007 4987//4987 4988//4988 
f 5008//5008 4988//4988 4989//4989 
f 5009//5009 4989//4989 4990//4990 
f 5010//5010 4990//4990 4991//4991 
f 5011//5011 4991//4991 4992//4992 
f 5012//5012 4992//4992 4993//4993 
f 5013//5013 4993//4993 4994//4994 
f 5014//5014 4994//4994 4995//4995 
f 5015//5015 4995//4995 4996//4996 
f 5016//5016 4996//4996 5017//5017 
f 5018//5018 4999//4999 5000//5000 
f 5019//5019 5000//5000 5001//5001 
f 5020//5020 5001//5001 5002//5002 
f 5021//5021 5002//5002 5003//5003 
f 5022//5022 5003//5003 5004//5004 
f 5023//5023 5004//5004 5005//5005 
f 5024//5024 5005//5005 5006//5006 
f 5025//5025 5006//5006 5007//5007 
f 5026//5026 5007//5007 5008//5008 
f 5027//5027 5008//5008 5009//5009 
f 5028//5028 5009//5009 5010//5010 
f 5029//5029 5010//5010 5011//5011 
f 5030//5030 5011//5011 5012//5012 
f 5031//5031 5012//5012 5013//5013 
f 5032//5032 5013//5013 5014//5014 
f 5033//5033 5014//5014 5015//5015 
f 5034//5034 5015//5015 5016//5016 
f 5035//5035 5018//5018 5019//5019 
f 5036//5036 5019//5019 5020//5020 
f 5037//5037 5020//5020 5021//5021 
f 5038//5038 5021//5021 5022//5022 
f 5039//5039 5022//5022 5023//5023 
f 5040//5040 5023//5023 5024//5024 
f 5041//5041 5024//5024 5025//5025 
f 5042//5042 5025//5025 5026//5026 
f 5043//5043 5026//5026 5027//5027 
f 5044//5044 5027//5027 5028//5028 
f 5045//5045 5028//5028 5029//5029 
f 5046//5046 5029//5029 5030//5030 
f 5047//5047 5030//5030 5031//5031 
f 5048//5048 5031//5031 5032//5032 
f 5049//5049 5032//5032 5033//5033 
f 5050//5050 5033//5033 5034//5034 
f 5051//5051 5034//5034 5052//5052 
f 5018//5018 5053//5053 5054//5054 
f 5018//5018 5035//5035 5055//5055 
f 5055//5055 5053//5053 5018//5018 
f 4999//4999 5018//5018 5056//5056 
f 5056//5056 5057//5057 4999//4999 
f 4998//4998 5057//5057 5058//5058 
f 4978//4978 4998//4998 5059//5059 
f 4958//4958 4978//4978 5060//5060 
f 5060//5060 5061//5061 4958//4958 
f 4938//4938 4958//4958 5062//5062 
f 5062//5062 5063//5063 4938//4938 
f 4919//4919 4938//4938 5064//5064 
f 5064//5064 5065//5065 4919//4919 
f 4862//4862 4919//4919 5066//5066 
f 5066//5066 5067//5067 4862//4862 
f 5067//5067 5068//5068 4862//4862 
f 4864//4864 4862//4862 5069//5069 
f 5069//5069 5070//5070 4864//4864 
f 5070//5070 5071//5071 4864//4864 
f 5072//5072 5073//5073 5074//5074 
f 5072//5072 5075//5075 5073//5073 
f 5072//5072 5076//5076 5075//5075 
f 4918//4918 5077//5077 5078//5078 
f 4918//4918 5079//5079 5077//5077 
f 4918//4918 5074//5074 5079//5079 
f 4957//4957 5080//5080 5081//5081 
f 4957//4957 5078//5078 5080//5080 
f 4977//4977 5082//5082 5083//5083 
f 4977//4977 5081//5081 5082//5082 
f 4997//4997 5084//5084 5085//5085 
f 4997//4997 5083//5083 5084//5084 
f 5017//5017 5085//5085 5086//5086 
f 5087//5087 5086//5086 5088//5088 
f 5016//5016 5089//5089 5090//5090 
f 5016//5016 5087//5087 5089//5089 
f 5052//5052 5091//5091 5092//5092 
f 5052//5052 5090//5090 5093//5093 
f 5093//5093 5091//5091 5052//5052 
f 5092//5092 5094//5094 5052//5052 
f 5090//5090 5052//5052 5016//5016 
f 5088//5088 5089//5089 5087//5087 
f 5086//5086 5087//5087 5017//5017 
f 5085//5085 5017//5017 4997//4997 
f 5083//5083 4997//4997 4977//4977 
f 5081//5081 4977//4977 4957//4957 
f 5078//5078 4957//4957 4918//4918 
f 5074//5074 4918//4918 5072//5072 
f 5071//5071 5095//5095 4864//4864 
f 5068//5068 5069//5069 4862//4862 
f 5065//5065 5066//5066 4919//4919 
f 5063//5063 5064//5064 4938//4938 
f 5061//5061 5062//5062 4958//4958 
f 5059//5059 5060//5060 4978//4978 
f 5058//5058 5059//5059 4998//4998 
f 5057//5057 4998//4998 4999//4999 
f 5054//5054 5056//5056 5018//5018 
f 5052//5052 5094//5094 5051//5051 
f 5034//5034 5051//5051 5050//5050 
f 5033//5033 5050//5050 5049//5049 
f 5032//5032 5049//5049 5048//5048 
f 5031//5031 5048//5048 5047//5047 
f 5030//5030 5047//5047 5046//5046 
f 5029//5029 5046//5046 5045//5045 
f 5028//5028 5045//5045 5044//5044 
f 5027//5027 5044//5044 5043//5043 
f 5026//5026 5043//5043 5042//5042 
f 5025//5025 5042//5042 5041//5041 
f 5024//5024 5041//5041 5040//5040 
f 5023//5023 5040//5040 5039//5039 
f 5022//5022 5039//5039 5038//5038 
f 5021//5021 5038//5038 5037//5037 
f 5020//5020 5037//5037 5036//5036 
f 5019//5019 5036//5036 5035//5035 
f 5016//5016 5052//5052 5034//5034 
f 5015//5015 5034//5034 5033//5033 
f 5014//5014 5033//5033 5032//5032 
f 5013//5013 5032//5032 5031//5031 
f 5012//5012 5031//5031 5030//5030 
f 5011//5011 5030//5030 5029//5029 
f 5010//5010 5029//5029 5028//5028 
f 5009//5009 5028//5028 5027//5027 
f 5008//5008 5027//5027 5026//5026 
f 5007//5007 5026//5026 5025//5025 
f 5006//5006 5025//5025 5024//5024 
f 5005//5005 5024//5024 5023//5023 
f 5004//5004 5023//5023 5022//5022 
f 5003//5003 5022//5022 5021//5021 
f 5002//5002 5021//5021 5020//5020 
f 5001//5001 5020//5020 5019//5019 
f 5000//5000 5019//5019 5018//5018 
f 5017//5017 5087//5087 5016//5016 
f 4996//4996 5016//5016 5015//5015 
f 4995//4995 5015//5015 5014//5014 
f 4994//4994 5014//5014 5013//5013 
f 4993//4993 5013//5013 5012//5012 
f 4992//4992 5012//5012 5011//5011 
f 4991//4991 5011//5011 5010//5010 
f 4990//4990 5010//5010 5009//5009 
f 4989//4989 5009//5009 5008//5008 
f 4988//4988 5008//5008 5007//5007 
f 4987//4987 5007//5007 5006//5006 
f 4986//4986 5006//5006 5005//5005 
f 4985//4985 5005//5005 5004//5004 
f 4984//4984 5004//5004 5003//5003 
f 4983//4983 5003//5003 5002//5002 
f 4982//4982 5002//5002 5001//5001 
f 4981//4981 5001//5001 5000//5000 
f 4980//4980 5000//5000 4999//4999 
f 4979//4979 4999//4999 4998//4998 
f 4997//4997 5017//5017 4996//4996 
f 4976//4976 4996//4996 4995//4995 
f 4975//4975 4995//4995 4994//4994 
f 4974//4974 4994//4994 4993//4993 
f 4973//4973 4993//4993 4992//4992 
f 4972//4972 4992//4992 4991//4991 
f 4971//4971 4991//4991 4990//4990 
f 4970//4970 4990//4990 4989//4989 
f 4969//4969 4989//4989 4988//4988 
f 4968//4968 4988//4988 4987//4987 
f 4967//4967 4987//4987 4986//4986 
f 4966//4966 4986//4986 4985//4985 
f 4965//4965 4985//4985 4984//4984 
f 4964//4964 4984//4984 4983//4983 
f 4963//4963 4983//4983 4982//4982 
f 4962//4962 4982//4982 4981//4981 
f 4961//4961 4981//4981 4980//4980 
f 4960//4960 4980//4980 4979//4979 
f 4959//4959 4979//4979 4978//4978 
f 4977//4977 4997//4997 4976//4976 
f 4956//4956 4976//4976 4975//4975 
f 4955//4955 4975//4975 4974//4974 
f 4954//4954 4974//4974 4973//4973 
f 4953//4953 4973//4973 4972//4972 
f 4952//4952 4972//4972 4971//4971 
f 4951//4951 4971//4971 4970//4970 
f 4950//4950 4970//4970 4969//4969 
f 4949//4949 4969//4969 4968//4968 
f 4948//4948 4968//4968 4967//4967 
f 4947//4947 4967//4967 4966//4966 
f 4946//4946 4966//4966 4965//4965 
f 4945//4945 4965//4965 4964//4964 
f 4944//4944 4964//4964 4963//4963 
f 4943//4943 4963//4963 4962//4962 
f 4942//4942 4962//4962 4961//4961 
f 4941//4941 4961//4961 4960//4960 
f 4940//4940 4960//4960 4959//4959 
f 4939//4939 4959//4959 4958//4958 
f 4957//4957 4977//4977 4956//4956 
f 4937//4937 4956//4956 4955//4955 
f 4936//4936 4955//4955 4954//4954 
f 4935//4935 4954//4954 4953//4953 
f 4934//4934 4953//4953 4952//4952 
f 4933//4933 4952//4952 4951//4951 
f 4932//4932 4951//4951 4950//4950 
f 4931//4931 4950//4950 4949//4949 
f 4930//4930 4949//4949 4948//4948 
f 4929//4929 4948//4948 4947//4947 
f 4928//4928 4947//4947 4946//4946 
f 4927//4927 4946//4946 4945//4945 
f 4926//4926 4945//4945 4944//4944 
f 4925//4925 4944//4944 4943//4943 
f 4924//4924 4943//4943 4942//4942 
f 4923//4923 4942//4942 4941//4941 
f 4922//4922 4941//4941 4940//4940 
f 4921//4921 4940//4940 4939//4939 
f 4920//4920 4939//4939 4938//4938 
f 4918//4918 4957//4957 4937//4937 
f 4915//4915 4937//4937 4936//4936 
f 4912//4912 4936//4936 4935//4935 
f 4909//4909 4935//4935 4934//4934 
f 4906//4906 4934//4934 4933//4933 
f 4903//4903 4933//4933 4932//4932 
f 4900//4900 4932//4932 4931//4931 
f 4897//4897 4931//4931 4930//4930 
f 4894//4894 4930//4930 4929//4929 
f 4891//4891 4929//4929 4928//4928 
f 4886//4886 4928//4928 4927//4927 
f 4883//4883 4927//4927 4926//4926 
f 4880//4880 4926//4926 4925//4925 
f 4877//4877 4925//4925 4924//4924 
f 4874//4874 4924//4924 4923//4923 
f 4871//4871 4923//4923 4922//4922 
f 4868//4868 4922//4922 4921//4921 
f 4865//4865 4921//4921 4920//4920 
f 4861//4861 4920//4920 4919//4919 
f 4917//4917 5072//5072 4918//4918 
f 4914//4914 4916//4916 4915//4915 
f 4911//4911 4913//4913 4912//4912 
f 4908//4908 4910//4910 4909//4909 
f 4905//4905 4907//4907 4906//4906 
f 4902//4902 4904//4904 4903//4903 
f 4899//4899 4901//4901 4900//4900 
f 4896//4896 4898//4898 4897//4897 
f 4893//4893 4895//4895 4894//4894 
f 4890//4890 4892//4892 4891//4891 
f 4887//4887 4889//4889 4886//4886 
f 4884//4884 4888//4888 4883//4883 
f 4881//4881 4885//4885 4880//4880 
f 4878//4878 4882//4882 4877//4877 
f 4875//4875 4879//4879 4874//4874 
f 4872//4872 4876//4876 4871//4871 
f 4869//4869 4873//4873 4868//4868 
f 4866//4866 4870//4870 4865//4865 
f 4863//4863 4867//4867 4861//4861 
o mesh3822
v 0.317 0.158319 0.034516 
v 0.317 0.158281 0.034414 
v 0.316904 0.158275 0.0344127 
v 0.317 0.158333 0.0346237 
v 0.316886 0.15831 0.034513 
v 0.317 0.158325 0.0347321 
v 0.31687 0.158323 0.034619 
v 0.317 0.158293 0.034836 
v 0.316859 0.158312 0.0347257 
v 0.317 0.158239 0.0349305 
v 0.316852 0.15828 0.0348282 
v 0.31685 0.158226 0.0349217 
v 0.316852 0.158154 0.0350018 
v 0.317 0.158166 0.0350112 
v 0.316859 0.158067 0.0350649 
v 0.317 0.158077 0.0350742 
v 0.31687 0.157969 0.035108 
v 0.317 0.157977 0.0351166 
v 0.316886 0.157864 0.0351291 
v 0.317 0.15787 0.0351363 
v 0.316904 0.157758 0.0351272 
v 0.316833 0.158263 0.03441 
v 0.316804 0.158293 0.0345072 
v 0.316779 0.158302 0.03461 
v 0.316761 0.158289 0.0347135 
v 0.31675 0.158255 0.0348133 
v 0.316746 0.158202 0.0349048 
v 0.31675 0.158131 0.0349839 
v 0.316761 0.158047 0.035047 
v 0.316779 0.157952 0.0350914 
v 0.316804 0.157852 0.035115 
v 0.316833 0.15775 0.0351167 
v 0.316805 0.158255 0.0344081 
v 0.316717 0.158229 0.0344021 
v 0.316674 0.158247 0.0344919 
v 0.316639 0.158247 0.0345866 
v 0.316613 0.158228 0.0346823 
v 0.316597 0.158192 0.0347751 
v 0.316591 0.158139 0.0348613 
v 0.316597 0.158073 0.0349373 
v 0.316613 0.157996 0.0350001 
v 0.316639 0.15791 0.0350469 
v 0.316674 0.15782 0.0350761 
v 0.316717 0.157729 0.0350863 
v 0.316805 0.157745 0.0351093 
v 0.31665 0.158201 0.0343954 
v 0.316603 0.158211 0.0344801 
v 0.316565 0.158205 0.0345692 
v 0.316537 0.158183 0.0346595 
v 0.31652 0.158145 0.0347474 
v 0.316514 0.158094 0.0348296 
v 0.31652 0.158031 0.0349031 
v 0.316537 0.157958 0.0349651 
v 0.316565 0.157878 0.0350132 
v 0.316603 0.157795 0.0350456 
v 0.31665 0.157711 0.0350611 
v 0.316618 0.158183 0.0343908 
v 0.316505 0.158117 0.0343745 
v 0.316459 0.158111 0.0344473 
v 0.316421 0.158094 0.0345234 
v 0.316393 0.158066 0.0346004 
v 0.316376 0.158027 0.0346761 
v 0.31637 0.157979 0.0347481 
v 0.316376 0.157923 0.0348143 
v 0.316393 0.157862 0.0348728 
v 0.316421 0.157796 0.0349217 
v 0.316459 0.157727 0.0349595 
v 0.316505 0.157659 0.0349852 
v 0.316618 0.1577 0.0350446 
v 0.316419 0.158048 0.0343567 
v 0.316376 0.158035 0.0344219 
v 0.316342 0.158013 0.0344897 
v 0.316317 0.157983 0.0345582 
v 0.316301 0.157945 0.0346258 
v 0.316296 0.1579 0.0346908 
v 0.316301 0.157849 0.0347515 
v 0.316317 0.157794 0.0348064 
v 0.316342 0.157736 0.0348542 
v 0.316376 0.157677 0.0348935 
v 0.316419 0.157617 0.0349236 
v 0.316445 0.15763 0.034942 
v 0.316308 0.157934 0.0343252 
v 0.316273 0.157914 0.0343799 
v 0.316245 0.157888 0.0344361 
v 0.316225 0.157857 0.0344929 
v 0.316213 0.157821 0.0345491 
v 0.316209 0.157782 0.0346037 
v 0.316213 0.157738 0.0346557 
v 0.316225 0.157693 0.0347042 
v 0.316245 0.157645 0.0347483 
v 0.316273 0.157597 0.0347871 
v 0.316308 0.157549 0.03482 
v 0.316294 0.157916 0.0343198 
v 0.316216 0.157811 0.0342889 
v 0.31619 0.157788 0.0343338 
v 0.31617 0.157762 0.0343796 
v 0.316155 0.157733 0.0344257 
v 0.316147 0.157701 0.0344715 
v 0.316144 0.157667 0.0345163 
v 0.316147 0.157631 0.0345597 
v 0.316155 0.157593 0.034601 
v 0.31617 0.157555 0.0346398 
v 0.31619 0.157516 0.0346755 
v 0.316216 0.157477 0.0347077 
v 0.316294 0.157538 0.0348032 
v 0.316142 0.157682 0.034248 
v 0.316125 0.15766 0.0342838 
v 0.316111 0.157635 0.0343199 
v 0.316101 0.15761 0.0343562 
v 0.316095 0.157582 0.0343923 
v 0.316093 0.157554 0.0344279 
v 0.316095 0.157525 0.0344628 
v 0.316101 0.157495 0.0344966 
v 0.316111 0.157464 0.034529 
v 0.316125 0.157434 0.0345598 
v 0.316142 0.157403 0.0345888 
v 0.31617 0.157431 0.0346341 
v 0.316078 0.157525 0.0341943 
v 0.316056 0.157473 0.0342061 
v 0.31605 0.157455 0.0342296 
v 0.316046 0.157436 0.0342532 
v 0.316043 0.157417 0.0342766 
v 0.316042 0.157397 0.0343 
v 0.316043 0.157377 0.0343231 
v 0.316046 0.157357 0.0343458 
v 0.31605 0.157337 0.0343682 
v 0.316056 0.157317 0.0343901 
v 0.316078 0.157316 0.0344427 
v 0.316065 0.157297 0.0344114 
v 0.316065 0.157491 0.0341827 
v 0.316024 0.157319 0.034119 
v 0.316015 0.15728 0.0341197 
v 0.31602 0.157304 0.0341134 
v 0.316013 0.15727 0.0341313 
v 0.316012 0.15726 0.0341429 
v 0.316011 0.15725 0.0341545 
v 0.316011 0.15724 0.0341661 
v 0.316011 0.15723 0.0341777 
v 0.316012 0.15722 0.0341892 
v 0.316013 0.157209 0.0342006 
v 0.316015 0.157199 0.034212 
v 0.31602 0.157196 0.0342366 
v 0.316017 0.157189 0.0342234 
v 0.316017 0.15729 0.0341081 
v 0.316 0.157084 0.034025 
v 0.316 0.157084 0.0340253 
v 0.316 0.157084 0.0340257 
v 0.316 0.157084 0.034026 
v 0.316 0.157083 0.0340263 
v 0.316 0.157083 0.0340266 
v 0.316 0.157083 0.0340269 
v 0.316 0.157082 0.0340272 
v 0.316 0.157082 0.0340276 
v 0.316 0.157082 0.0340279 
v 0.316 0.157082 0.0340282 
v 0.316 0.157078 0.0340225 
v 0.317 0.157762 0.0351324 
vn 0 0.969933 -0.243373 
vn -1.22465e-16 0.894383 -0.447302 
vn -0.0962422 0.890795 -0.444096 
vn 0 0.99961 -0.027934 
vn -0.132614 0.960804 -0.243452 
vn 0 0.982011 0.188826 
vn -0.162822 0.986153 -0.0314913 
vn 0 0.917967 0.396656 
vn -0.185461 0.965663 0.181933 
vn 0 0.810509 0.585726 
vn -0.19948 0.900287 0.3869 
vn -0.204226 0.793063 0.573884 
vn -0.19948 0.648976 0.734192 
vn 0 0.664719 0.747094 
vn -0.185461 0.474724 0.860373 
vn 0 0.48749 0.873128 
vn -0.162822 0.278405 0.946562 
vn 0 0.287206 0.957869 
vn -0.132614 0.069145 0.988753 
vn 0 0.0733387 0.997307 
vn -0.0962422 -0.143329 0.984984 
vn -0.166521 0.883568 -0.437696 
vn -0.225644 0.943375 -0.243165 
vn -0.274631 0.96081 -0.0377125 
vn -0.311284 0.935091 0.169434 
vn -0.333955 0.867372 0.36897 
vn -0.341627 0.760696 0.551935 
vn -0.333955 0.619854 0.710109 
vn -0.311284 0.451172 0.836389 
vn -0.274631 0.262225 0.925103 
vn -0.225644 0.0615001 0.972267 
vn -0.166521 -0.141987 0.975761 
vn -0.194675 0.878665 -0.435946 
vn -0.283277 0.862455 -0.419434 
vn -0.368422 0.898191 -0.239829 
vn -0.43854 0.897295 -0.0504431 
vn -0.490773 0.859803 0.141001 
vn -0.52299 0.787244 0.326694 
vn -0.533877 0.682578 0.499062 
vn -0.52299 0.550073 0.651077 
vn -0.490773 0.395133 0.776538 
vn -0.43854 0.224078 0.870328 
vn -0.368422 0.0438847 0.928622 
vn -0.283277 -0.138099 0.949043 
vn -0.194636 -0.143487 0.970324 
vn -0.350295 0.844746 -0.404595 
vn -0.443129 0.865065 -0.235156 
vn -0.519239 0.852736 -0.0568428 
vn -0.575753 0.808225 0.123616 
vn -0.610538 0.733211 0.299409 
vn -0.62228 0.630525 0.463903 
vn -0.610538 0.504042 0.610889 
vn -0.575753 0.358537 0.734819 
vn -0.519239 0.199501 0.831017 
vn -0.443129 0.0329352 0.895852 
vn -0.350295 -0.134873 0.926878 
vn -0.381616 0.833817 -0.398898 
vn -0.494668 0.790326 -0.361508 
vn -0.588203 0.779375 -0.215851 
vn -0.664042 0.744977 -0.063701 
vn -0.719904 0.688166 0.0903658 
vn -0.754107 0.610653 0.241714 
vn -0.765624 0.514768 0.38579 
vn -0.754107 0.403396 0.51826 
vn -0.719904 0.279889 0.635139 
vn -0.664042 0.147961 0.732909 
vn -0.588203 0.0115821 0.80863 
vn -0.494668 -0.125145 0.860024 
vn -0.381664 -0.135874 0.91426 
vn -0.580746 0.744978 -0.32824 
vn -0.666482 0.718834 -0.197685 
vn -0.735504 0.674662 -0.0621719 
vn -0.78608 0.61357 0.0749001 
vn -0.816943 0.53709 0.210094 
vn -0.827317 0.447141 0.340018 
vn -0.816943 0.345977 0.461416 
vn -0.78608 0.236138 0.571241 
vn -0.735504 0.120376 0.666741 
vn -0.666482 0.00159486 0.745519 
vn -0.580746 -0.117226 0.805601 
vn -0.555175 -0.120739 0.822923 
vn -0.6925 0.666647 -0.275727 
vn -0.761498 0.626473 -0.166293 
vn -0.816521 0.574802 -0.0538072 
vn -0.856562 0.512584 0.0596661 
vn -0.880883 0.440959 0.172044 
vn -0.889041 0.361243 0.281266 
vn -0.880883 0.274897 0.385326 
vn -0.856562 0.183507 0.482315 
vn -0.816521 0.0887498 0.570453 
vn -0.761498 -0.00763627 0.648123 
vn -0.6925 -0.103882 0.7139 
vn -0.706546 0.654525 -0.269053 
vn -0.784082 0.579029 -0.223474 
vn -0.835229 0.533432 -0.133573 
vn -0.875705 0.48102 -0.0419647 
vn -0.904991 0.422462 0.0501797 
vn -0.922713 0.358505 0.141683 
vn -0.928646 0.289968 0.231376 
vn -0.922713 0.217726 0.318112 
vn -0.904991 0.142701 0.400784 
vn -0.875705 0.0658539 0.478335 
vn -0.835229 -0.0118351 0.549774 
vn -0.784082 -0.0893729 0.614189 
vn -0.706783 -0.102516 0.699963 
vn -0.858006 0.483539 -0.173248 
vn -0.892748 0.438912 -0.101772 
vn -0.920073 0.390638 -0.0294506 
vn -0.939755 0.33912 0.0431154 
vn -0.95163 0.284784 0.115323 
vn -0.955599 0.228082 0.186573 
vn -0.95163 0.169485 0.256273 
vn -0.939755 0.109481 0.323844 
vn -0.920073 0.0485665 0.388725 
vn -0.892748 -0.012751 0.450376 
vn -0.858006 -0.0739626 0.508286 
vn -0.831232 -0.080693 0.550038 
vn -0.923421 0.364489 -0.120174 
vn -0.951628 0.30117 -0.0608276 
vn -0.964248 0.264641 -0.0138072 
vn -0.973296 0.227132 0.0332644 
vn -0.978738 0.188782 0.0802127 
vn -0.980554 0.149732 0.126864 
vn -0.978738 0.110127 0.173045 
vn -0.973296 0.0701146 0.218585 
vn -0.964248 0.0298423 0.263316 
vn -0.951628 -0.0105406 0.307071 
vn -0.92383 -0.0554493 0.378765 
vn -0.935483 -0.0508844 0.349688 
vn -0.935483 0.336583 -0.107623 
vn -0.977923 0.200641 -0.0583994 
vn -0.987373 0.156195 -0.0264175 
vn -0.980699 0.187957 -0.053869 
vn -0.990669 0.136253 -0.00318395 
vn -0.993026 0.116181 0.0200526 
vn -0.994441 0.0959987 0.0432702 
vn -0.994912 0.0757257 0.0664467 
vn -0.994441 0.0553808 0.0895602 
vn -0.993026 0.0349834 0.112589 
vn -0.990669 0.0145529 0.135511 
vn -0.987373 -0.00589149 0.158304 
vn -0.980797 -0.0280838 0.192997 
vn -0.98314 -0.0263303 0.180947 
vn -0.98314 0.17599 -0.049626 
vn -0.999987 0.00504136 -0.0012383 
vn -0.99999 0.00446248 -0.000600759 
vn -0.999992 0.0038836 3.67873e-05 
vn -0.999994 0.00330472 0.000674333 
vn -0.999995 0.00272583 0.00131188 
vn -0.999996 0.00214694 0.00194942 
vn -0.999995 0.00156805 0.00258697 
vn -0.999994 0.000989158 0.00322451 
vn -0.999992 0.000410265 0.00386205 
vn -0.99999 -0.000168628 0.00449958 
vn -0.999987 -0.000747521 0.00513712 
vn -1 -1.11022e-13 2.77556e-14 
vn 0 -0.143997 0.989578 
f 5096//5096 5097//5097 5098//5098 
f 5099//5099 5096//5096 5100//5100 
f 5101//5101 5099//5099 5102//5102 
f 5103//5103 5101//5101 5104//5104 
f 5105//5105 5103//5103 5106//5106 
f 5105//5105 5107//5107 5108//5108 
f 5109//5109 5108//5108 5110//5110 
f 5111//5111 5110//5110 5112//5112 
f 5113//5113 5112//5112 5114//5114 
f 5115//5115 5114//5114 5116//5116 
f 5100//5100 5098//5098 5117//5117 
f 5102//5102 5100//5100 5118//5118 
f 5104//5104 5102//5102 5119//5119 
f 5106//5106 5104//5104 5120//5120 
f 5107//5107 5106//5106 5121//5121 
f 5108//5108 5107//5107 5122//5122 
f 5110//5110 5108//5108 5123//5123 
f 5112//5112 5110//5110 5124//5124 
f 5114//5114 5112//5112 5125//5125 
f 5114//5114 5126//5126 5127//5127 
f 5118//5118 5128//5128 5129//5129 
f 5118//5118 5117//5117 5128//5128 
f 5119//5119 5118//5118 5130//5130 
f 5120//5120 5119//5119 5131//5131 
f 5121//5121 5120//5120 5132//5132 
f 5122//5122 5121//5121 5133//5133 
f 5123//5123 5122//5122 5134//5134 
f 5124//5124 5123//5123 5135//5135 
f 5125//5125 5124//5124 5136//5136 
f 5126//5126 5125//5125 5137//5137 
f 5126//5126 5138//5138 5139//5139 
f 5139//5139 5140//5140 5126//5126 
f 5130//5130 5129//5129 5141//5141 
f 5131//5131 5130//5130 5142//5142 
f 5132//5132 5131//5131 5143//5143 
f 5133//5133 5132//5132 5144//5144 
f 5134//5134 5133//5133 5145//5145 
f 5135//5135 5134//5134 5146//5146 
f 5136//5136 5135//5135 5147//5147 
f 5137//5137 5136//5136 5148//5148 
f 5138//5138 5137//5137 5149//5149 
f 5138//5138 5150//5150 5151//5151 
f 5142//5142 5152//5152 5153//5153 
f 5142//5142 5141//5141 5152//5152 
f 5143//5143 5142//5142 5154//5154 
f 5144//5144 5143//5143 5155//5155 
f 5145//5145 5144//5144 5156//5156 
f 5146//5146 5145//5145 5157//5157 
f 5147//5147 5146//5146 5158//5158 
f 5148//5148 5147//5147 5159//5159 
f 5149//5149 5148//5148 5160//5160 
f 5150//5150 5149//5149 5161//5161 
f 5150//5150 5162//5162 5163//5163 
f 5163//5163 5164//5164 5150//5150 
f 5154//5154 5153//5153 5165//5165 
f 5155//5155 5154//5154 5166//5166 
f 5156//5156 5155//5155 5167//5167 
f 5157//5157 5156//5156 5168//5168 
f 5158//5158 5157//5157 5169//5169 
f 5159//5159 5158//5158 5170//5170 
f 5160//5160 5159//5159 5171//5171 
f 5161//5161 5160//5160 5172//5172 
f 5162//5162 5161//5161 5173//5173 
f 5174//5174 5175//5175 5176//5176 
f 5176//5176 5162//5162 5174//5174 
f 5166//5166 5165//5165 5177//5177 
f 5167//5167 5166//5166 5178//5178 
f 5168//5168 5167//5167 5179//5179 
f 5169//5169 5168//5168 5180//5180 
f 5170//5170 5169//5169 5181//5181 
f 5171//5171 5170//5170 5182//5182 
f 5172//5172 5171//5171 5183//5183 
f 5173//5173 5172//5172 5184//5184 
f 5174//5174 5173//5173 5185//5185 
f 5174//5174 5186//5186 5187//5187 
f 5178//5178 5188//5188 5189//5189 
f 5178//5178 5177//5177 5188//5188 
f 5179//5179 5178//5178 5190//5190 
f 5180//5180 5179//5179 5191//5191 
f 5181//5181 5180//5180 5192//5192 
f 5182//5182 5181//5181 5193//5193 
f 5183//5183 5182//5182 5194//5194 
f 5184//5184 5183//5183 5195//5195 
f 5185//5185 5184//5184 5196//5196 
f 5186//5186 5185//5185 5197//5197 
f 5186//5186 5198//5198 5199//5199 
f 5199//5199 5200//5200 5186//5186 
f 5190//5190 5189//5189 5201//5201 
f 5191//5191 5190//5190 5202//5202 
f 5192//5192 5191//5191 5203//5203 
f 5193//5193 5192//5192 5204//5204 
f 5194//5194 5193//5193 5205//5205 
f 5195//5195 5194//5194 5206//5206 
f 5196//5196 5195//5195 5207//5207 
f 5197//5197 5196//5196 5208//5208 
f 5198//5198 5197//5197 5209//5209 
f 5210//5210 5211//5211 5212//5212 
f 5212//5212 5198//5198 5210//5210 
f 5202//5202 5201//5201 5213//5213 
f 5213//5213 5214//5214 5202//5202 
f 5203//5203 5202//5202 5214//5214 
f 5204//5204 5203//5203 5215//5215 
f 5205//5205 5204//5204 5216//5216 
f 5206//5206 5205//5205 5217//5217 
f 5207//5207 5206//5206 5218//5218 
f 5208//5208 5207//5207 5219//5219 
f 5209//5209 5208//5208 5220//5220 
f 5210//5210 5209//5209 5221//5221 
f 5210//5210 5222//5222 5223//5223 
f 5222//5222 5224//5224 5223//5223 
f 5214//5214 5225//5225 5226//5226 
f 5226//5226 5227//5227 5214//5214 
f 5226//5226 5228//5228 5227//5227 
f 5215//5215 5214//5214 5227//5227 
f 5216//5216 5215//5215 5229//5229 
f 5217//5217 5216//5216 5230//5230 
f 5218//5218 5217//5217 5231//5231 
f 5219//5219 5218//5218 5232//5232 
f 5220//5220 5219//5219 5233//5233 
f 5221//5221 5220//5220 5234//5234 
f 5222//5222 5221//5221 5235//5235 
f 5222//5222 5236//5236 5237//5237 
f 5236//5236 5238//5238 5237//5237 
f 5227//5227 5239//5239 5240//5240 
f 5229//5229 5227//5227 5241//5241 
f 5230//5230 5229//5229 5242//5242 
f 5231//5231 5230//5230 5243//5243 
f 5232//5232 5231//5231 5244//5244 
f 5233//5233 5232//5232 5245//5245 
f 5234//5234 5233//5233 5246//5246 
f 5235//5235 5234//5234 5247//5247 
f 5236//5236 5235//5235 5248//5248 
f 5236//5236 5249//5249 5250//5250 
f 5250//5250 5249//5249 5251//5251 
f 5249//5249 5248//5248 5251//5251 
f 5248//5248 5247//5247 5251//5251 
f 5247//5247 5246//5246 5251//5251 
f 5246//5246 5245//5245 5251//5251 
f 5245//5245 5244//5244 5251//5251 
f 5244//5244 5243//5243 5251//5251 
f 5243//5243 5242//5242 5251//5251 
f 5242//5242 5241//5241 5251//5251 
f 5241//5241 5240//5240 5251//5251 
f 5250//5250 5238//5238 5236//5236 
f 5248//5248 5249//5249 5236//5236 
f 5247//5247 5248//5248 5235//5235 
f 5246//5246 5247//5247 5234//5234 
f 5245//5245 5246//5246 5233//5233 
f 5244//5244 5245//5245 5232//5232 
f 5243//5243 5244//5244 5231//5231 
f 5242//5242 5243//5243 5230//5230 
f 5241//5241 5242//5242 5229//5229 
f 5240//5240 5241//5241 5227//5227 
f 5237//5237 5224//5224 5222//5222 
f 5235//5235 5236//5236 5222//5222 
f 5234//5234 5235//5235 5221//5221 
f 5233//5233 5234//5234 5220//5220 
f 5232//5232 5233//5233 5219//5219 
f 5231//5231 5232//5232 5218//5218 
f 5230//5230 5231//5231 5217//5217 
f 5229//5229 5230//5230 5216//5216 
f 5227//5227 5229//5229 5215//5215 
f 5228//5228 5239//5239 5227//5227 
f 5223//5223 5211//5211 5210//5210 
f 5221//5221 5222//5222 5210//5210 
f 5220//5220 5221//5221 5209//5209 
f 5219//5219 5220//5220 5208//5208 
f 5218//5218 5219//5219 5207//5207 
f 5217//5217 5218//5218 5206//5206 
f 5216//5216 5217//5217 5205//5205 
f 5215//5215 5216//5216 5204//5204 
f 5214//5214 5215//5215 5203//5203 
f 5213//5213 5225//5225 5214//5214 
f 5212//5212 5199//5199 5198//5198 
f 5209//5209 5210//5210 5198//5198 
f 5208//5208 5209//5209 5197//5197 
f 5207//5207 5208//5208 5196//5196 
f 5206//5206 5207//5207 5195//5195 
f 5205//5205 5206//5206 5194//5194 
f 5204//5204 5205//5205 5193//5193 
f 5203//5203 5204//5204 5192//5192 
f 5202//5202 5203//5203 5191//5191 
f 5201//5201 5202//5202 5190//5190 
f 5200//5200 5187//5187 5186//5186 
f 5197//5197 5198//5198 5186//5186 
f 5196//5196 5197//5197 5185//5185 
f 5195//5195 5196//5196 5184//5184 
f 5194//5194 5195//5195 5183//5183 
f 5193//5193 5194//5194 5182//5182 
f 5192//5192 5193//5193 5181//5181 
f 5191//5191 5192//5192 5180//5180 
f 5190//5190 5191//5191 5179//5179 
f 5189//5189 5190//5190 5178//5178 
f 5187//5187 5175//5175 5174//5174 
f 5185//5185 5186//5186 5174//5174 
f 5184//5184 5185//5185 5173//5173 
f 5183//5183 5184//5184 5172//5172 
f 5182//5182 5183//5183 5171//5171 
f 5181//5181 5182//5182 5170//5170 
f 5180//5180 5181//5181 5169//5169 
f 5179//5179 5180//5180 5168//5168 
f 5178//5178 5179//5179 5167//5167 
f 5177//5177 5178//5178 5166//5166 
f 5176//5176 5163//5163 5162//5162 
f 5173//5173 5174//5174 5162//5162 
f 5172//5172 5173//5173 5161//5161 
f 5171//5171 5172//5172 5160//5160 
f 5170//5170 5171//5171 5159//5159 
f 5169//5169 5170//5170 5158//5158 
f 5168//5168 5169//5169 5157//5157 
f 5167//5167 5168//5168 5156//5156 
f 5166//5166 5167//5167 5155//5155 
f 5165//5165 5166//5166 5154//5154 
f 5164//5164 5151//5151 5150//5150 
f 5161//5161 5162//5162 5150//5150 
f 5160//5160 5161//5161 5149//5149 
f 5159//5159 5160//5160 5148//5148 
f 5158//5158 5159//5159 5147//5147 
f 5157//5157 5158//5158 5146//5146 
f 5156//5156 5157//5157 5145//5145 
f 5155//5155 5156//5156 5144//5144 
f 5154//5154 5155//5155 5143//5143 
f 5153//5153 5154//5154 5142//5142 
f 5151//5151 5139//5139 5138//5138 
f 5149//5149 5150//5150 5138//5138 
f 5148//5148 5149//5149 5137//5137 
f 5147//5147 5148//5148 5136//5136 
f 5146//5146 5147//5147 5135//5135 
f 5145//5145 5146//5146 5134//5134 
f 5144//5144 5145//5145 5133//5133 
f 5143//5143 5144//5144 5132//5132 
f 5142//5142 5143//5143 5131//5131 
f 5141//5141 5142//5142 5130//5130 
f 5140//5140 5127//5127 5126//5126 
f 5137//5137 5138//5138 5126//5126 
f 5136//5136 5137//5137 5125//5125 
f 5135//5135 5136//5136 5124//5124 
f 5134//5134 5135//5135 5123//5123 
f 5133//5133 5134//5134 5122//5122 
f 5132//5132 5133//5133 5121//5121 
f 5131//5131 5132//5132 5120//5120 
f 5130//5130 5131//5131 5119//5119 
f 5129//5129 5130//5130 5118//5118 
f 5127//5127 5116//5116 5114//5114 
f 5125//5125 5126//5126 5114//5114 
f 5124//5124 5125//5125 5112//5112 
f 5123//5123 5124//5124 5110//5110 
f 5122//5122 5123//5123 5108//5108 
f 5121//5121 5122//5122 5107//5107 
f 5120//5120 5121//5121 5106//5106 
f 5119//5119 5120//5120 5104//5104 
f 5118//5118 5119//5119 5102//5102 
f 5117//5117 5118//5118 5100//5100 
f 5116//5116 5252//5252 5115//5115 
f 5114//5114 5115//5115 5113//5113 
f 5112//5112 5113//5113 5111//5111 
f 5110//5110 5111//5111 5109//5109 
f 5108//5108 5109//5109 5105//5105 
f 5106//5106 5107//5107 5105//5105 
f 5104//5104 5106//5106 5103//5103 
f 5102//5102 5104//5104 5101//5101 
f 5100//5100 5102//5102 5099//5099 
f 5098//5098 5100//5100 5096//5096 
o mesh3823
v 0.317 0.163341 0.0359324 
v 0.317 0.163446 0.0359596 
v 0.316904 0.163451 0.0359557 
v 0.317 0.163244 0.035883 
v 0.316886 0.163349 0.0359272 
v 0.317 0.16316 0.0358139 
v 0.31687 0.163255 0.0358772 
v 0.317 0.163093 0.0357282 
v 0.316859 0.163173 0.0358079 
v 0.317 0.163046 0.0356301 
v 0.316852 0.163107 0.0357226 
v 0.31685 0.163061 0.0356252 
v 0.316852 0.163036 0.0355203 
v 0.317 0.163022 0.0355242 
v 0.316859 0.163034 0.0354128 
v 0.317 0.163021 0.0354154 
v 0.31687 0.163055 0.0353076 
v 0.317 0.163043 0.035309 
v 0.316886 0.163097 0.0352096 
v 0.317 0.163088 0.03521 
v 0.316904 0.163159 0.0351234 
v 0.316833 0.163461 0.0359478 
v 0.316804 0.163364 0.0359171 
v 0.316779 0.163275 0.0358659 
v 0.316761 0.163197 0.0357964 
v 0.31675 0.163134 0.0357119 
v 0.316746 0.163089 0.035616 
v 0.31675 0.163064 0.0355131 
v 0.316761 0.16306 0.0354078 
v 0.316779 0.163077 0.0353049 
v 0.316804 0.163115 0.0352089 
v 0.316833 0.163171 0.0351242 
v 0.316805 0.163469 0.0359422 
v 0.316717 0.163491 0.0359247 
v 0.316674 0.163406 0.035889 
v 0.316639 0.163328 0.0358354 
v 0.316613 0.16326 0.0357661 
v 0.316597 0.163203 0.0356839 
v 0.316591 0.163162 0.0355921 
v 0.316597 0.163136 0.0354946 
v 0.316613 0.163128 0.0353953 
v 0.316639 0.163137 0.0352982 
v 0.316674 0.163163 0.0352073 
v 0.316717 0.163206 0.0351263 
v 0.316805 0.16318 0.0351247 
v 0.31665 0.163515 0.0359056 
v 0.316603 0.163439 0.0358668 
v 0.316565 0.163368 0.035812 
v 0.316537 0.163306 0.0357432 
v 0.31652 0.163254 0.0356631 
v 0.316514 0.163214 0.0355746 
v 0.31652 0.163188 0.0354812 
v 0.316537 0.163177 0.0353862 
v 0.316565 0.163182 0.0352934 
v 0.316603 0.163201 0.0352062 
v 0.31665 0.163235 0.0351279 
v 0.316618 0.16353 0.035893 
v 0.316505 0.163587 0.0358478 
v 0.316459 0.163528 0.0358037 
v 0.316421 0.163474 0.0357479 
v 0.316393 0.163424 0.0356823 
v 0.316376 0.163382 0.0356087 
v 0.31637 0.163347 0.0355293 
v 0.316376 0.163322 0.0354466 
v 0.316393 0.163306 0.035363 
v 0.316421 0.163301 0.0352811 
v 0.316459 0.163306 0.0352032 
v 0.316505 0.163322 0.0351319 
v 0.316618 0.163254 0.0351287 
v 0.316376 0.163596 0.0357548 
v 0.316445 0.163627 0.0358147 
v 0.316342 0.16355 0.0357001 
v 0.316317 0.163508 0.0356379 
v 0.316301 0.163471 0.0355696 
v 0.316296 0.16344 0.035497 
v 0.316301 0.163415 0.0354219 
v 0.316317 0.163398 0.0353462 
v 0.316342 0.163388 0.0352718 
v 0.316376 0.163386 0.0352006 
v 0.316419 0.163392 0.0351343 
v 0.316419 0.163644 0.0358006 
v 0.316308 0.163739 0.0357207 
v 0.316273 0.163702 0.0356755 
v 0.316245 0.163667 0.0356245 
v 0.316225 0.163634 0.0355688 
v 0.316213 0.163604 0.0355093 
v 0.316209 0.163578 0.0354471 
v 0.316213 0.163555 0.0353834 
v 0.316225 0.163537 0.0353193 
v 0.316245 0.163523 0.0352561 
v 0.316273 0.163514 0.0351948 
v 0.316308 0.163511 0.0351367 
v 0.316294 0.163754 0.0357077 
v 0.316216 0.16384 0.0356336 
v 0.31619 0.163812 0.0355917 
v 0.31617 0.163785 0.0355464 
v 0.316155 0.163759 0.0354983 
v 0.316147 0.163735 0.035448 
v 0.316144 0.163713 0.0353961 
v 0.316147 0.163693 0.0353433 
v 0.316155 0.163675 0.0352904 
v 0.31617 0.16366 0.0352379 
v 0.31619 0.163648 0.0351865 
v 0.316216 0.163639 0.0351369 
v 0.316294 0.16353 0.0351367 
v 0.316125 0.163924 0.0355042 
v 0.31617 0.163905 0.0355761 
v 0.316111 0.163903 0.0354659 
v 0.316101 0.163883 0.0354262 
v 0.316095 0.163864 0.0353852 
v 0.316093 0.163846 0.0353435 
v 0.316095 0.163829 0.0353013 
v 0.316101 0.163813 0.0352589 
v 0.316111 0.163799 0.0352168 
v 0.316125 0.163786 0.0351752 
v 0.316142 0.163775 0.0351346 
v 0.316142 0.163945 0.0355407 
v 0.316078 0.16407 0.0354256 
v 0.316056 0.164084 0.0353748 
v 0.31605 0.164071 0.035348 
v 0.316046 0.164058 0.0353209 
v 0.316043 0.164045 0.0352933 
v 0.316042 0.164033 0.0352656 
v 0.316043 0.164021 0.0352376 
v 0.316046 0.164009 0.0352097 
v 0.31605 0.163998 0.0351818 
v 0.316056 0.163987 0.035154 
v 0.316078 0.163941 0.035128 
v 0.316065 0.163977 0.0351266 
v 0.316065 0.164097 0.0354009 
v 0.31602 0.164243 0.035262 
v 0.316015 0.164248 0.0352377 
v 0.316013 0.164241 0.0352239 
v 0.316012 0.164235 0.03521 
v 0.316011 0.164228 0.035196 
v 0.316011 0.164222 0.0351821 
v 0.316011 0.164215 0.0351681 
v 0.316012 0.164209 0.0351541 
v 0.316013 0.164203 0.0351401 
v 0.316015 0.164196 0.0351261 
v 0.316024 0.164159 0.0351142 
v 0.31602 0.164175 0.0351132 
v 0.316017 0.16419 0.0351121 
v 0.316017 0.164254 0.0352515 
v 0.316 0.164413 0.035095 
v 0.316 0.164413 0.0350946 
v 0.316 0.164412 0.0350942 
v 0.316 0.164412 0.0350938 
v 0.316 0.164412 0.0350935 
v 0.316 0.164412 0.0350931 
v 0.316 0.164412 0.0350927 
v 0.316 0.164412 0.0350923 
v 0.316 0.164411 0.0350919 
v 0.316 0.164411 0.0350915 
v 0.316 0.164411 0.0350911 
v 0.316 0.164417 0.0350904 
v 0.317 0.163153 0.035123 
vn 0 -0.354523 0.935047 
vn 0 -0.143997 0.989578 
vn -0.0962422 -0.143329 0.984984 
vn 0 -0.548281 0.836294 
vn -0.132614 -0.348065 0.928043 
vn 0 -0.716109 0.697988 
vn -0.162822 -0.536623 0.827964 
vn 0 -0.850069 0.526671 
vn -0.185461 -0.700237 0.6894 
vn 0 -0.943825 0.330446 
vn -0.19948 -0.831303 0.518791 
vn -0.204226 -0.923727 0.324067 
vn -0.19948 -0.973215 0.11428 
vn 0 -0.992943 0.118592 
vn -0.185461 -0.977466 -0.100819 
vn 0 -0.9951 -0.0988708 
vn -0.162822 -0.936282 -0.311232 
vn 0 -0.950195 -0.311657 
vn -0.132614 -0.851577 -0.507178 
vn 0 -0.86035 -0.509704 
vn -0.0962422 -0.72729 -0.679549 
vn -0.166521 -0.141987 0.975761 
vn -0.225644 -0.336039 0.914419 
vn -0.274631 -0.514998 0.812007 
vn -0.311284 -0.670826 0.673123 
vn -0.333955 -0.796525 0.504006 
vn -0.341627 -0.886448 0.312252 
vn -0.333955 -0.936556 0.106474 
vn -0.311284 -0.9446 -0.104087 
vn -0.274631 -0.910217 -0.309973 
vn -0.225644 -0.834952 -0.501936 
vn -0.166521 -0.722186 -0.671355 
vn -0.194636 -0.138999 0.970977 
vn -0.283277 -0.138099 0.949043 
vn -0.368422 -0.306716 0.877605 
vn -0.43854 -0.462823 0.770375 
vn -0.490773 -0.600055 0.631725 
vn -0.52299 -0.712813 0.46731 
vn -0.533877 -0.7965 0.283836 
vn -0.52299 -0.847702 0.0887864 
vn -0.490773 -0.864331 -0.109885 
vn -0.43854 -0.845708 -0.304074 
vn -0.368422 -0.792593 -0.485862 
vn -0.283277 -0.707153 -0.647834 
vn -0.194675 -0.717985 -0.668281 
vn -0.350295 -0.134873 0.926878 
vn -0.443129 -0.286881 0.849315 
vn -0.519239 -0.428062 0.739698 
vn -0.575753 -0.553087 0.602165 
vn -0.610538 -0.657239 0.441906 
vn -0.62228 -0.736586 0.26497 
vn -0.610538 -0.788134 0.078033 
vn -0.575753 -0.809937 -0.111849 
vn -0.519239 -0.801173 -0.297509 
vn -0.443129 -0.762173 -0.471942 
vn -0.350295 -0.694408 -0.628563 
vn -0.381664 -0.130318 0.915068 
vn -0.494668 -0.125145 0.860024 
vn -0.588203 -0.241556 0.771795 
vn -0.664042 -0.350699 0.660347 
vn -0.719904 -0.449292 0.529033 
vn -0.754107 -0.534368 0.381803 
vn -0.765624 -0.603368 0.223086 
vn -0.754107 -0.654215 0.0576582 
vn -0.719904 -0.685381 -0.109504 
vn -0.664042 -0.695928 -0.273372 
vn -0.588203 -0.685538 -0.429016 
vn -0.494668 -0.654524 -0.571753 
vn -0.381616 -0.685555 -0.619987 
vn -0.666482 -0.213996 0.714148 
vn -0.555175 -0.118796 0.823206 
vn -0.735504 -0.3054 0.604785 
vn -0.78608 -0.389145 0.480254 
vn -0.816943 -0.46313 0.34368 
vn -0.827317 -0.5255 0.198486 
vn -0.816943 -0.574692 0.0483142 
vn -0.78608 -0.609471 -0.103069 
vn -0.735504 -0.628965 -0.251867 
vn -0.666482 -0.632685 -0.394349 
vn -0.580746 -0.620538 -0.526941 
vn -0.580746 -0.117226 0.805601 
vn -0.6925 -0.103882 0.7139 
vn -0.761498 -0.177391 0.623421 
vn -0.816521 -0.247644 0.521503 
vn -0.856562 -0.313353 0.410014 
vn -0.880883 -0.373312 0.291002 
vn -0.889041 -0.426421 0.16665 
vn -0.880883 -0.471704 0.0392394 
vn -0.856562 -0.508331 -0.0888911 
vn -0.816521 -0.53563 -0.21539 
vn -0.761498 -0.5531 -0.337937 
vn -0.6925 -0.560421 -0.454283 
vn -0.706783 -0.10122 0.700151 
vn -0.784082 -0.0893729 0.614189 
vn -0.835229 -0.145338 0.530348 
vn -0.875705 -0.199445 0.439731 
vn -0.904991 -0.251004 0.343495 
vn -0.922713 -0.299356 0.24287 
vn -0.928646 -0.343883 0.139142 
vn -0.922713 -0.384016 0.0336359 
vn -0.904991 -0.419243 -0.0722999 
vn -0.875705 -0.449112 -0.177312 
vn -0.835229 -0.473243 -0.280058 
vn -0.784082 -0.491328 -0.379226 
vn -0.706546 -0.550703 -0.444431 
vn -0.892748 -0.116132 0.435333 
vn -0.831232 -0.0794102 0.550224 
vn -0.920073 -0.157336 0.358763 
vn -0.939755 -0.197234 0.279213 
vn -0.95163 -0.235493 0.197343 
vn -0.955599 -0.271795 0.113834 
vn -0.95163 -0.30584 0.0293795 
vn -0.939755 -0.337344 -0.0553193 
vn -0.920073 -0.366045 -0.139559 
vn -0.892748 -0.391706 -0.222638 
vn -0.858006 -0.414112 -0.303869 
vn -0.858006 -0.0739626 0.508286 
vn -0.92383 -0.0547957 0.37886 
vn -0.951628 -0.0774095 0.29734 
vn -0.964248 -0.103648 0.243891 
vn -0.973296 -0.129502 0.189538 
vn -0.978738 -0.154877 0.134483 
vn -0.980554 -0.179678 0.0789303 
vn -0.978738 -0.203813 0.0230848 
vn -0.973296 -0.227193 -0.0328462 
vn -0.964248 -0.249732 -0.0886555 
vn -0.951628 -0.271345 -0.144136 
vn -0.923421 -0.315124 -0.219067 
vn -0.935483 -0.291953 -0.199083 
vn -0.935483 -0.0508844 0.349688 
vn -0.980797 -0.0280838 0.192997 
vn -0.987373 -0.0394683 0.153418 
vn -0.990669 -0.0525689 0.125743 
vn -0.993026 -0.0656196 0.0979496 
vn -0.994441 -0.0786082 0.0700629 
vn -0.994912 -0.0915221 0.0421098 
vn -0.994441 -0.104349 0.0141168 
vn -0.993026 -0.117077 -0.0138897 
vn -0.990669 -0.129695 -0.0418829 
vn -0.987373 -0.142189 -0.0698365 
vn -0.977923 -0.175677 -0.113159 
vn -0.980699 -0.16481 -0.105202 
vn -0.98314 -0.154548 -0.0977238 
vn -0.98314 -0.0263303 0.180947 
vn -0.999987 -0.000747521 0.00513712 
vn -0.99999 -0.00112071 0.00436104 
vn -0.999992 -0.00149391 0.00358496 
vn -0.999994 -0.0018671 0.00280888 
vn -0.999995 -0.00224029 0.0020328 
vn -0.999996 -0.00261348 0.00125672 
vn -0.999995 -0.00298666 0.000480632 
vn -0.999994 -0.00335985 -0.000295453 
vn -0.999992 -0.00373303 -0.00107154 
vn -0.99999 -0.00410621 -0.00184762 
vn -0.999987 -0.00447939 -0.0026237 
vn -1 0 -1.11022e-13 
vn 0 -0.729815 -0.683645 
f 5253//5253 5254//5254 5255//5255 
f 5256//5256 5253//5253 5257//5257 
f 5258//5258 5256//5256 5259//5259 
f 5260//5260 5258//5258 5261//5261 
f 5262//5262 5260//5260 5263//5263 
f 5262//5262 5264//5264 5265//5265 
f 5266//5266 5265//5265 5267//5267 
f 5268//5268 5267//5267 5269//5269 
f 5270//5270 5269//5269 5271//5271 
f 5272//5272 5271//5271 5273//5273 
f 5257//5257 5255//5255 5274//5274 
f 5259//5259 5257//5257 5275//5275 
f 5261//5261 5259//5259 5276//5276 
f 5263//5263 5261//5261 5277//5277 
f 5264//5264 5263//5263 5278//5278 
f 5265//5265 5264//5264 5279//5279 
f 5267//5267 5265//5265 5280//5280 
f 5269//5269 5267//5267 5281//5281 
f 5271//5271 5269//5269 5282//5282 
f 5271//5271 5283//5283 5284//5284 
f 5275//5275 5285//5285 5286//5286 
f 5275//5275 5274//5274 5285//5285 
f 5276//5276 5275//5275 5287//5287 
f 5277//5277 5276//5276 5288//5288 
f 5278//5278 5277//5277 5289//5289 
f 5279//5279 5278//5278 5290//5290 
f 5280//5280 5279//5279 5291//5291 
f 5281//5281 5280//5280 5292//5292 
f 5282//5282 5281//5281 5293//5293 
f 5283//5283 5282//5282 5294//5294 
f 5283//5283 5295//5295 5296//5296 
f 5296//5296 5297//5297 5283//5283 
f 5287//5287 5286//5286 5298//5298 
f 5288//5288 5287//5287 5299//5299 
f 5289//5289 5288//5288 5300//5300 
f 5290//5290 5289//5289 5301//5301 
f 5291//5291 5290//5290 5302//5302 
f 5292//5292 5291//5291 5303//5303 
f 5293//5293 5292//5292 5304//5304 
f 5294//5294 5293//5293 5305//5305 
f 5295//5295 5294//5294 5306//5306 
f 5295//5295 5307//5307 5308//5308 
f 5299//5299 5309//5309 5310//5310 
f 5299//5299 5298//5298 5309//5309 
f 5300//5300 5299//5299 5311//5311 
f 5301//5301 5300//5300 5312//5312 
f 5302//5302 5301//5301 5313//5313 
f 5303//5303 5302//5302 5314//5314 
f 5304//5304 5303//5303 5315//5315 
f 5305//5305 5304//5304 5316//5316 
f 5306//5306 5305//5305 5317//5317 
f 5307//5307 5306//5306 5318//5318 
f 5307//5307 5319//5319 5320//5320 
f 5320//5320 5321//5321 5307//5307 
f 5322//5322 5311//5311 5323//5323 
f 5311//5311 5310//5310 5323//5323 
f 5312//5312 5311//5311 5322//5322 
f 5313//5313 5312//5312 5324//5324 
f 5314//5314 5313//5313 5325//5325 
f 5315//5315 5314//5314 5326//5326 
f 5316//5316 5315//5315 5327//5327 
f 5317//5317 5316//5316 5328//5328 
f 5318//5318 5317//5317 5329//5329 
f 5319//5319 5318//5318 5330//5330 
f 5319//5319 5331//5331 5332//5332 
f 5322//5322 5333//5333 5334//5334 
f 5324//5324 5322//5322 5335//5335 
f 5325//5325 5324//5324 5336//5336 
f 5326//5326 5325//5325 5337//5337 
f 5327//5327 5326//5326 5338//5338 
f 5328//5328 5327//5327 5339//5339 
f 5329//5329 5328//5328 5340//5340 
f 5330//5330 5329//5329 5341//5341 
f 5331//5331 5330//5330 5342//5342 
f 5331//5331 5343//5343 5344//5344 
f 5335//5335 5345//5345 5346//5346 
f 5335//5335 5334//5334 5345//5345 
f 5336//5336 5335//5335 5347//5347 
f 5337//5337 5336//5336 5348//5348 
f 5338//5338 5337//5337 5349//5349 
f 5339//5339 5338//5338 5350//5350 
f 5340//5340 5339//5339 5351//5351 
f 5341//5341 5340//5340 5352//5352 
f 5342//5342 5341//5341 5353//5353 
f 5343//5343 5342//5342 5354//5354 
f 5343//5343 5355//5355 5356//5356 
f 5356//5356 5357//5357 5343//5343 
f 5358//5358 5347//5347 5359//5359 
f 5347//5347 5346//5346 5359//5359 
f 5348//5348 5347//5347 5358//5358 
f 5349//5349 5348//5348 5360//5360 
f 5350//5350 5349//5349 5361//5361 
f 5351//5351 5350//5350 5362//5362 
f 5352//5352 5351//5351 5363//5363 
f 5353//5353 5352//5352 5364//5364 
f 5354//5354 5353//5353 5365//5365 
f 5355//5355 5354//5354 5366//5366 
f 5355//5355 5367//5367 5368//5368 
f 5358//5358 5369//5369 5370//5370 
f 5370//5370 5371//5371 5358//5358 
f 5360//5360 5358//5358 5371//5371 
f 5361//5361 5360//5360 5372//5372 
f 5362//5362 5361//5361 5373//5373 
f 5363//5363 5362//5362 5374//5374 
f 5364//5364 5363//5363 5375//5375 
f 5365//5365 5364//5364 5376//5376 
f 5366//5366 5365//5365 5377//5377 
f 5367//5367 5366//5366 5378//5378 
f 5367//5367 5379//5379 5380//5380 
f 5379//5379 5381//5381 5380//5380 
f 5371//5371 5382//5382 5383//5383 
f 5383//5383 5384//5384 5371//5371 
f 5372//5372 5371//5371 5384//5384 
f 5373//5373 5372//5372 5385//5385 
f 5374//5374 5373//5373 5386//5386 
f 5375//5375 5374//5374 5387//5387 
f 5376//5376 5375//5375 5388//5388 
f 5377//5377 5376//5376 5389//5389 
f 5378//5378 5377//5377 5390//5390 
f 5379//5379 5378//5378 5391//5391 
f 5379//5379 5392//5392 5393//5393 
f 5392//5392 5394//5394 5393//5393 
f 5392//5392 5395//5395 5394//5394 
f 5384//5384 5396//5396 5397//5397 
f 5385//5385 5384//5384 5398//5398 
f 5386//5386 5385//5385 5399//5399 
f 5387//5387 5386//5386 5400//5400 
f 5388//5388 5387//5387 5401//5401 
f 5389//5389 5388//5388 5402//5402 
f 5390//5390 5389//5389 5403//5403 
f 5391//5391 5390//5390 5404//5404 
f 5392//5392 5391//5391 5405//5405 
f 5392//5392 5406//5406 5407//5407 
f 5407//5407 5406//5406 5408//5408 
f 5406//5406 5405//5405 5408//5408 
f 5405//5405 5404//5404 5408//5408 
f 5404//5404 5403//5403 5408//5408 
f 5403//5403 5402//5402 5408//5408 
f 5402//5402 5401//5401 5408//5408 
f 5401//5401 5400//5400 5408//5408 
f 5400//5400 5399//5399 5408//5408 
f 5399//5399 5398//5398 5408//5408 
f 5398//5398 5397//5397 5408//5408 
f 5407//5407 5395//5395 5392//5392 
f 5405//5405 5406//5406 5392//5392 
f 5404//5404 5405//5405 5391//5391 
f 5403//5403 5404//5404 5390//5390 
f 5402//5402 5403//5403 5389//5389 
f 5401//5401 5402//5402 5388//5388 
f 5400//5400 5401//5401 5387//5387 
f 5399//5399 5400//5400 5386//5386 
f 5398//5398 5399//5399 5385//5385 
f 5397//5397 5398//5398 5384//5384 
f 5393//5393 5381//5381 5379//5379 
f 5391//5391 5392//5392 5379//5379 
f 5390//5390 5391//5391 5378//5378 
f 5389//5389 5390//5390 5377//5377 
f 5388//5388 5389//5389 5376//5376 
f 5387//5387 5388//5388 5375//5375 
f 5386//5386 5387//5387 5374//5374 
f 5385//5385 5386//5386 5373//5373 
f 5384//5384 5385//5385 5372//5372 
f 5383//5383 5396//5396 5384//5384 
f 5380//5380 5368//5368 5367//5367 
f 5378//5378 5379//5379 5367//5367 
f 5377//5377 5378//5378 5366//5366 
f 5376//5376 5377//5377 5365//5365 
f 5375//5375 5376//5376 5364//5364 
f 5374//5374 5375//5375 5363//5363 
f 5373//5373 5374//5374 5362//5362 
f 5372//5372 5373//5373 5361//5361 
f 5371//5371 5372//5372 5360//5360 
f 5370//5370 5382//5382 5371//5371 
f 5368//5368 5356//5356 5355//5355 
f 5366//5366 5367//5367 5355//5355 
f 5365//5365 5366//5366 5354//5354 
f 5364//5364 5365//5365 5353//5353 
f 5363//5363 5364//5364 5352//5352 
f 5362//5362 5363//5363 5351//5351 
f 5361//5361 5362//5362 5350//5350 
f 5360//5360 5361//5361 5349//5349 
f 5358//5358 5360//5360 5348//5348 
f 5359//5359 5369//5369 5358//5358 
f 5357//5357 5344//5344 5343//5343 
f 5354//5354 5355//5355 5343//5343 
f 5353//5353 5354//5354 5342//5342 
f 5352//5352 5353//5353 5341//5341 
f 5351//5351 5352//5352 5340//5340 
f 5350//5350 5351//5351 5339//5339 
f 5349//5349 5350//5350 5338//5338 
f 5348//5348 5349//5349 5337//5337 
f 5347//5347 5348//5348 5336//5336 
f 5346//5346 5347//5347 5335//5335 
f 5344//5344 5332//5332 5331//5331 
f 5342//5342 5343//5343 5331//5331 
f 5341//5341 5342//5342 5330//5330 
f 5340//5340 5341//5341 5329//5329 
f 5339//5339 5340//5340 5328//5328 
f 5338//5338 5339//5339 5327//5327 
f 5337//5337 5338//5338 5326//5326 
f 5336//5336 5337//5337 5325//5325 
f 5335//5335 5336//5336 5324//5324 
f 5334//5334 5335//5335 5322//5322 
f 5332//5332 5320//5320 5319//5319 
f 5330//5330 5331//5331 5319//5319 
f 5329//5329 5330//5330 5318//5318 
f 5328//5328 5329//5329 5317//5317 
f 5327//5327 5328//5328 5316//5316 
f 5326//5326 5327//5327 5315//5315 
f 5325//5325 5326//5326 5314//5314 
f 5324//5324 5325//5325 5313//5313 
f 5322//5322 5324//5324 5312//5312 
f 5323//5323 5333//5333 5322//5322 
f 5321//5321 5308//5308 5307//5307 
f 5318//5318 5319//5319 5307//5307 
f 5317//5317 5318//5318 5306//5306 
f 5316//5316 5317//5317 5305//5305 
f 5315//5315 5316//5316 5304//5304 
f 5314//5314 5315//5315 5303//5303 
f 5313//5313 5314//5314 5302//5302 
f 5312//5312 5313//5313 5301//5301 
f 5311//5311 5312//5312 5300//5300 
f 5310//5310 5311//5311 5299//5299 
f 5308//5308 5296//5296 5295//5295 
f 5306//5306 5307//5307 5295//5295 
f 5305//5305 5306//5306 5294//5294 
f 5304//5304 5305//5305 5293//5293 
f 5303//5303 5304//5304 5292//5292 
f 5302//5302 5303//5303 5291//5291 
f 5301//5301 5302//5302 5290//5290 
f 5300//5300 5301//5301 5289//5289 
f 5299//5299 5300//5300 5288//5288 
f 5298//5298 5299//5299 5287//5287 
f 5297//5297 5284//5284 5283//5283 
f 5294//5294 5295//5295 5283//5283 
f 5293//5293 5294//5294 5282//5282 
f 5292//5292 5293//5293 5281//5281 
f 5291//5291 5292//5292 5280//5280 
f 5290//5290 5291//5291 5279//5279 
f 5289//5289 5290//5290 5278//5278 
f 5288//5288 5289//5289 5277//5277 
f 5287//5287 5288//5288 5276//5276 
f 5286//5286 5287//5287 5275//5275 
f 5284//5284 5273//5273 5271//5271 
f 5282//5282 5283//5283 5271//5271 
f 5281//5281 5282//5282 5269//5269 
f 5280//5280 5281//5281 5267//5267 
f 5279//5279 5280//5280 5265//5265 
f 5278//5278 5279//5279 5264//5264 
f 5277//5277 5278//5278 5263//5263 
f 5276//5276 5277//5277 5261//5261 
f 5275//5275 5276//5276 5259//5259 
f 5274//5274 5275//5275 5257//5257 
f 5273//5273 5409//5409 5272//5272 
f 5271//5271 5272//5272 5270//5270 
f 5269//5269 5270//5270 5268//5268 
f 5267//5267 5268//5268 5266//5266 
f 5265//5265 5266//5266 5262//5262 
f 5263//5263 5264//5264 5262//5262 
f 5261//5261 5263//5263 5260//5260 
f 5259//5259 5261//5261 5258//5258 
f 5257//5257 5259//5259 5256//5256 
f 5255//5255 5257//5257 5253//5253 
o mesh3824
v 0.3177 0.0973037 -0.0297863 
v 0.3177 0.0968605 -0.0293075 
v 0.3177 0.0981274 -0.0284922 
v 0.3177 0.0983628 -0.0287152 
v 0.3177 0.0973742 -0.0298617 
v 0.3177 0.0986408 -0.0288824 
v 0.3177 0.0974621 -0.0300473 
v 0.3177 0.0974278 -0.0299499 
v 0.3177 0.0974685 -0.0302495 
v 0.3177 0.0974757 -0.0301496 
v 0.3177 0.0965313 -0.0287443 
v 0.3177 0.0979453 -0.0282237 
v 0.3177 0.102153 -0.0290657 
v 0.3177 0.0995931 -0.028986 
v 0.3177 0.100596 -0.0282237 
v 0.3177 0.102062 -0.0288848 
v 0.3177 0.102099 -0.0289813 
v 0.3177 0.100716 -0.0279224 
v 0.3177 0.102078 -0.0285799 
v 0.3177 0.0999004 -0.0288824 
v 0.3177 0.0989481 -0.028986 
v 0.3177 0.102046 -0.0287828 
v 0.3177 0.102051 -0.0286797 
v 0.3177 0.0992706 -0.0290211 
v 0.3177 0.10224 -0.0279481 
v 0.3177 0.100178 -0.0287152 
v 0.3177 0.100414 -0.0284922 
v 0.3177 0.101888 -0.0260542 
v 0.3177 0.102143 -0.0266546 
v 0.3177 0.100664 -0.0269659 
v 0.3177 0.102262 -0.027296 
v 0.3177 0.100751 -0.0272784 
v 0.3177 0.0963316 -0.0281232 
v 0.3177 0.0978253 -0.0279224 
v 0.3177 0.096271 -0.0274736 
v 0.3177 0.0977728 -0.0276023 
v 0.3177 0.100768 -0.0276023 
v 0.3177 0.0963522 -0.0268262 
v 0.3177 0.0965714 -0.0262117 
v 0.3177 0.0978771 -0.0269659 
v 0.3177 0.0969183 -0.0256592 
v 0.3177 0.0980291 -0.0266793 
v 0.3177 0.0985356 -0.0246125 
v 0.3177 0.0991817 -0.0245224 
v 0.3177 0.0991084 -0.0260299 
v 0.3177 0.0998321 -0.0245741 
v 0.3177 0.0994328 -0.0260299 
v 0.3177 0.0977904 -0.0272784 
v 0.3177 0.0973764 -0.0251947 
v 0.3177 0.0982391 -0.0264321 
v 0.3177 0.0979242 -0.0248402 
v 0.3177 0.0984973 -0.0262358 
v 0.3177 0.0987917 -0.0260996 
v 0.3177 0.100456 -0.0247652 
v 0.3177 0.0997496 -0.0260996 
v 0.3177 0.101024 -0.0250866 
v 0.3177 0.100044 -0.0262358 
v 0.3177 0.101509 -0.0255231 
v 0.3177 0.100302 -0.0264321 
v 0.3177 0.100512 -0.0266793 
vn -1 0 -1.11022e-13 
vn -1 0 -1.11022e-13 
vn -1 0 -1.11022e-13 
vn -1 0 -1.11022e-13 
vn -1 0 -1.11022e-13 
vn -1 0 -1.11022e-13 
vn -1 0 -1.11022e-13 
vn -1 0 -1.11022e-13 
vn -1 0 -1.11022e-13 
vn -1 0 -1.11022e-13 
vn -1 0 -1.11022e-13 
vn -1 0 -1.11022e-13 
vn -1 0 -1.11022e-13 
vn -1 0 -1.11022e-13 
vn -1 0 -1.11022e-13 
vn -1 0 -1.11022e-13 
vn -1 0 -1.11022e-13 
vn -1 0 -1.11022e-13 
vn -1 0 -1.11022e-13 
vn -1 0 -1.11022e-13 
vn -1 0 -1.11022e-13 
vn -1 0 -1.11022e-13 
vn -1 0 -1.11022e-13 
vn -1 0 -1.11022e-13 
vn -1 0 -1.11022e-13 
vn -1 0 -1.11022e-13 
vn -1 0 -1.11022e-13 
vn -1 0 -1.11022e-13 
vn -1 0 -1.11022e-13 
vn -1 0 -1.11022e-13 
vn -1 0 -1.11022e-13 
vn -1 0 -1.11022e-13 
vn -1 0 -1.11022e-13 
vn -1 0 -1.11022e-13 
vn -1 0 -1.11022e-13 
vn -1 0 -1.11022e-13 
vn -1 0 -1.11022e-13 
vn -1 0 -1.11022e-13 
vn -1 0 -1.11022e-13 
vn -1 0 -1.11022e-13 
vn -1 0 -1.11022e-13 
vn -1 0 -1.11022e-13 
vn -1 0 -1.11022e-13 
vn -1 0 -1.11022e-13 
vn -1 0 -1.11022e-13 
vn -1 0 -1.11022e-13 
vn -1 0 -1.11022e-13 
vn -1 0 -1.11022e-13 
vn -1 0 -1.11022e-13 
vn -1 0 -1.11022e-13 
vn -1 0 -1.11022e-13 
vn -1 0 -1.11022e-13 
vn -1 0 -1.11022e-13 
vn -1 0 -1.11022e-13 
vn -1 0 -1.11022e-13 
vn -1 0 -1.11022e-13 
vn -1 0 -1.11022e-13 
vn -1 0 -1.11022e-13 
vn -1 0 -1.11022e-13 
vn -1 0 -1.11022e-13 
f 5410//5410 5411//5411 5412//5412 
f 5413//5413 5414//5414 5410//5410 
f 5415//5415 5416//5416 5417//5417 
f 5415//5415 5418//5418 5419//5419 
f 5413//5413 5417//5417 5414//5414 
f 5411//5411 5420//5420 5421//5421 
f 5422//5422 5418//5418 5423//5423 
f 5419//5419 5416//5416 5415//5415 
f 5421//5421 5412//5412 5411//5411 
f 5424//5424 5425//5425 5426//5426 
f 5424//5424 5427//5427 5428//5428 
f 5423//5423 5429//5429 5422//5422 
f 5418//5418 5415//5415 5430//5430 
f 5412//5412 5413//5413 5410//5410 
f 5424//5424 5431//5431 5425//5425 
f 5428//5428 5432//5432 5424//5424 
f 5418//5418 5433//5433 5423//5423 
f 5417//5417 5413//5413 5415//5415 
f 5434//5434 5428//5428 5427//5427 
f 5432//5432 5431//5431 5424//5424 
f 5422//5422 5435//5435 5436//5436 
f 5430//5430 5433//5433 5418//5418 
f 5437//5437 5438//5438 5439//5439 
f 5438//5438 5440//5440 5441//5441 
f 5426//5426 5422//5422 5424//5424 
f 5429//5429 5435//5435 5422//5422 
f 5420//5420 5442//5442 5443//5443 
f 5442//5442 5444//5444 5445//5445 
f 5441//5441 5439//5439 5438//5438 
f 5440//5440 5434//5434 5446//5446 
f 5436//5436 5424//5424 5422//5422 
f 5445//5445 5443//5443 5442//5442 
f 5447//5447 5448//5448 5449//5449 
f 5448//5448 5450//5450 5451//5451 
f 5452//5452 5453//5453 5454//5454 
f 5453//5453 5455//5455 5456//5456 
f 5446//5446 5441//5441 5440//5440 
f 5443//5443 5421//5421 5420//5420 
f 5444//5444 5447//5447 5457//5457 
f 5451//5451 5449//5449 5448//5448 
f 5450//5450 5458//5458 5459//5459 
f 5458//5458 5460//5460 5461//5461 
f 5460//5460 5452//5452 5462//5462 
f 5456//5456 5454//5454 5453//5453 
f 5455//5455 5463//5463 5464//5464 
f 5463//5463 5465//5465 5466//5466 
f 5465//5465 5467//5467 5468//5468 
f 5467//5467 5437//5437 5469//5469 
f 5427//5427 5446//5446 5434//5434 
f 5449//5449 5457//5457 5447//5447 
f 5461//5461 5459//5459 5458//5458 
f 5454//5454 5462//5462 5452//5452 
f 5466//5466 5464//5464 5463//5463 
f 5469//5469 5468//5468 5467//5467 
f 5457//5457 5445//5445 5444//5444 
f 5462//5462 5461//5461 5460//5460 
f 5468//5468 5466//5466 5465//5465 
f 5459//5459 5451//5451 5450//5450 
f 5439//5439 5469//5469 5437//5437 
f 5464//5464 5456//5456 5455//5455 
o mesh3825
v 0.3177 0.0963522 -0.0268262 
v 0.3177 0.096271 -0.0274736 
v 0.316 0.096271 -0.0274736 
v 0.3177 0.0965714 -0.0262117 
v 0.316 0.0963522 -0.0268262 
v 0.3177 0.0969183 -0.0256592 
v 0.316 0.0965714 -0.0262117 
v 0.3177 0.0973764 -0.0251947 
v 0.316 0.0969183 -0.0256592 
v 0.3177 0.0979242 -0.0248402 
v 0.316 0.0973764 -0.0251947 
v 0.3177 0.0985356 -0.0246125 
v 0.316 0.0979242 -0.0248402 
v 0.3177 0.0991817 -0.0245224 
v 0.316 0.0985356 -0.0246125 
v 0.3177 0.0998321 -0.0245741 
v 0.316 0.0991817 -0.0245224 
v 0.3177 0.100456 -0.0247652 
v 0.316 0.0998321 -0.0245741 
v 0.3177 0.101024 -0.0250866 
v 0.316 0.100456 -0.0247652 
v 0.3177 0.101509 -0.0255231 
v 0.316 0.101024 -0.0250866 
v 0.3177 0.101888 -0.0260542 
v 0.316 0.101509 -0.0255231 
v 0.3177 0.102143 -0.0266546 
v 0.316 0.102016 -0.0263116 
v 0.316 0.101888 -0.0260542 
v 0.316058 0.102199 -0.026869 
v 0.316177 0.102262 -0.027296 
v 0.316022 0.102143 -0.0266546 
v 0.3177 0.102262 -0.027296 
v 0.316348 0.102266 -0.0276952 
v 0.31649 0.102239 -0.0279479 
v 0.316228 0.102269 -0.0274317 
v 0.3177 0.10224 -0.0279481 
v 0.316879 0.102115 -0.0284745 
v 0.316976 0.102078 -0.0285799 
v 0.316506 0.102236 -0.0279751 
v 0.3177 0.0968605 -0.0293075 
v 0.3177 0.0973037 -0.0297863 
v 0.316976 0.0973037 -0.0297863 
v 0.316879 0.0972206 -0.0297114 
v 0.316508 0.096878 -0.0293272 
v 0.3177 0.0965313 -0.0287443 
v 0.316489 0.0968605 -0.0293075 
v 0.316348 0.0967177 -0.0290968 
v 0.316234 0.0965941 -0.0288631 
v 0.3177 0.0963316 -0.0281232 
v 0.316177 0.0965313 -0.0287443 
v 0.316058 0.0963841 -0.0283385 
v 0.316022 0.0963316 -0.0281232 
v 0.316 0.0962802 -0.0277611 
v 0.3177 0.102078 -0.0285799 
vn 0 0.972806 -0.231621 
vn 0 0.999875 -0.0158389 
vn 0 0.999875 -0.0158389 
vn 0 0.899729 -0.436449 
vn 0 0.972806 -0.231621 
vn 0 0.7841 -0.620635 
vn 0 0.899729 -0.436449 
vn 0 0.631387 -0.775468 
vn 0 0.7841 -0.620635 
vn 0 0.448812 -0.893626 
vn 0 0.631387 -0.775468 
vn 0 0.245012 -0.96952 
vn 0 0.448812 -0.893626 
vn 0 0.0296231 -0.999561 
vn 0 0.245012 -0.96952 
vn 0 -0.187166 -0.982328 
vn 0 0.0296231 -0.999561 
vn 0 -0.395104 -0.918636 
vn 0 -0.187166 -0.982328 
vn 0 -0.584355 -0.811498 
vn 0 -0.395104 -0.918636 
vn 0 -0.745969 -0.66598 
vn 0 -0.584355 -0.811498 
vn 0 -0.872303 -0.488965 
vn 0 -0.745969 -0.66598 
vn 0 -0.957382 -0.288824 
vn 0 -0.915125 -0.403171 
vn 0 -0.872303 -0.488965 
vn 0 -0.976093 -0.217355 
vn 0 -0.997182 -0.0750239 
vn 0 -0.957382 -0.288824 
vn 0 -0.997182 -0.0750239 
vn 0 -0.998314 0.0580434 
vn 0 -0.989818 0.142338 
vn 0 -0.999556 -0.0297941 
vn 0 -0.98982 0.142325 
vn 0 -0.948151 0.317819 
vn 0 -0.935645 0.352942 
vn 0 -0.988484 0.151326 
vn 0 0.803364 0.595488 
vn 0 0.655632 0.755081 
vn 0 0.655632 0.755081 
vn 0 0.683323 0.730116 
vn 0 0.798126 0.602491 
vn 0 0.913102 0.407732 
vn 0 0.803364 0.595488 
vn 0 0.85096 0.52523 
vn 0 0.89392 0.448226 
vn 0 0.979654 0.200692 
vn 0 0.913102 0.407732 
vn 0 0.962164 0.27247 
vn 0 0.979654 0.200692 
vn 0 0.996795 0.079998 
vn 0 -0.935645 0.352942 
f 5470//5470 5471//5471 5472//5472 
f 5473//5473 5470//5470 5474//5474 
f 5475//5475 5473//5473 5476//5476 
f 5477//5477 5475//5475 5478//5478 
f 5479//5479 5477//5477 5480//5480 
f 5481//5481 5479//5479 5482//5482 
f 5483//5483 5481//5481 5484//5484 
f 5485//5485 5483//5483 5486//5486 
f 5487//5487 5485//5485 5488//5488 
f 5489//5489 5487//5487 5490//5490 
f 5491//5491 5489//5489 5492//5492 
f 5493//5493 5491//5491 5494//5494 
f 5495//5495 5493//5493 5496//5496 
f 5493//5493 5497//5497 5496//5496 
f 5495//5495 5498//5498 5499//5499 
f 5495//5495 5500//5500 5498//5498 
f 5501//5501 5502//5502 5503//5503 
f 5501//5501 5504//5504 5502//5502 
f 5501//5501 5499//5499 5504//5504 
f 5505//5505 5506//5506 5507//5507 
f 5505//5505 5503//5503 5508//5508 
f 5508//5508 5506//5506 5505//5505 
f 5509//5509 5510//5510 5511//5511 
f 5511//5511 5512//5512 5509//5509 
f 5512//5512 5513//5513 5509//5509 
f 5514//5514 5509//5509 5515//5515 
f 5515//5515 5516//5516 5514//5514 
f 5516//5516 5517//5517 5514//5514 
f 5518//5518 5514//5514 5519//5519 
f 5519//5519 5520//5520 5518//5518 
f 5518//5518 5521//5521 5522//5522 
f 5522//5522 5471//5471 5518//5518 
f 5522//5522 5472//5472 5471//5471 
f 5520//5520 5521//5521 5518//5518 
f 5517//5517 5519//5519 5514//5514 
f 5513//5513 5515//5515 5509//5509 
f 5507//5507 5523//5523 5505//5505 
f 5503//5503 5505//5505 5501//5501 
f 5499//5499 5501//5501 5495//5495 
f 5496//5496 5500//5500 5495//5495 
f 5494//5494 5497//5497 5493//5493 
f 5492//5492 5494//5494 5491//5491 
f 5490//5490 5492//5492 5489//5489 
f 5488//5488 5490//5490 5487//5487 
f 5486//5486 5488//5488 5485//5485 
f 5484//5484 5486//5486 5483//5483 
f 5482//5482 5484//5484 5481//5481 
f 5480//5480 5482//5482 5479//5479 
f 5478//5478 5480//5480 5477//5477 
f 5476//5476 5478//5478 5475//5475 
f 5474//5474 5476//5476 5473//5473 
f 5472//5472 5474//5474 5470//5470 
o mesh3826
v 0.3177 0.102078 -0.0285799 
v 0.316976 0.102078 -0.0285799 
v 0.317079 0.102051 -0.0286797 
v 0.3177 0.102051 -0.0286797 
v 0.317204 0.102046 -0.0287828 
v 0.3177 0.102046 -0.0287828 
v 0.317334 0.10206 -0.0288727 
v 0.317351 0.102062 -0.0288848 
v 0.3177 0.102062 -0.0288848 
v 0.317518 0.102099 -0.0289813 
v 0.3177 0.102153 -0.0290657 
v 0.3177 0.102099 -0.0289813 
vn 0 -0.935645 0.352942 
vn 0 -0.935645 0.352942 
vn 0 -0.988179 0.153303 
vn 0 -0.988179 0.153303 
vn 0 -0.998601 -0.0528696 
vn 0 -0.998601 -0.0528696 
vn 0 -0.972418 -0.233244 
vn 0 -0.966467 -0.256789 
vn 0 -0.966467 -0.256789 
vn 0 -0.893147 -0.449765 
vn 0 -0.785595 -0.618741 
vn 0 -0.893147 -0.449765 
f 5524//5524 5525//5525 5526//5526 
f 5527//5527 5526//5526 5528//5528 
f 5529//5529 5530//5530 5531//5531 
f 5529//5529 5528//5528 5530//5530 
f 5532//5532 5531//5531 5533//5533 
f 5534//5534 5535//5535 5533//5533 
f 5533//5533 5535//5535 5532//5532 
f 5531//5531 5532//5532 5529//5529 
f 5528//5528 5529//5529 5527//5527 
f 5526//5526 5527//5527 5524//5524 
o mesh3827
v 0.3177 0.0974621 -0.0300473 
v 0.3177 0.0974757 -0.0301496 
v 0.317518 0.0974757 -0.0301496 
v 0.3177 0.0974278 -0.0299499 
v 0.317352 0.0974609 -0.0300475 
v 0.317333 0.0974593 -0.0300359 
v 0.3177 0.0973742 -0.0298617 
v 0.317204 0.0974278 -0.0299499 
v 0.3177 0.0973037 -0.0297863 
v 0.317079 0.0973742 -0.0298617 
v 0.316976 0.0973037 -0.0297863 
v 0.3177 0.0974685 -0.0302495 
vn 0 0.972429 0.233198 
vn 0 0.999592 0.0285569 
vn 0 0.999592 0.0285569 
vn 0 0.903826 0.427901 
vn 0 0.97239 0.233361 
vn 0 0.96672 0.255838 
vn 0 0.796705 0.604369 
vn 0 0.903826 0.427901 
vn 0 0.655632 0.755081 
vn 0 0.796705 0.604369 
vn 0 0.655632 0.755081 
vn 0 0.985231 -0.171228 
f 5536//5536 5537//5537 5538//5538 
f 5539//5539 5536//5536 5540//5540 
f 5540//5540 5541//5541 5539//5539 
f 5542//5542 5539//5539 5543//5543 
f 5544//5544 5542//5542 5545//5545 
f 5545//5545 5546//5546 5544//5544 
f 5543//5543 5545//5545 5542//5542 
f 5541//5541 5543//5543 5539//5539 
f 5538//5538 5540//5540 5536//5536 
f 5538//5538 5537//5537 5547//5547 
o mesh3828
v 0.3177 0.114755 -0.0253761 
v 0.3177 0.114312 -0.0248973 
v 0.3177 0.115579 -0.0240819 
v 0.3177 0.115814 -0.024305 
v 0.3177 0.114826 -0.0254515 
v 0.3177 0.116092 -0.0244722 
v 0.3177 0.114913 -0.0256371 
v 0.3177 0.114879 -0.0255397 
v 0.3177 0.11492 -0.0258393 
v 0.3177 0.114927 -0.0257394 
v 0.3177 0.113983 -0.0243341 
v 0.3177 0.115397 -0.0238135 
v 0.3177 0.118047 -0.0238135 
v 0.3177 0.119513 -0.0244746 
v 0.3177 0.11955 -0.024571 
v 0.3177 0.119604 -0.0246555 
v 0.3177 0.117044 -0.0245758 
v 0.3177 0.119497 -0.0243726 
v 0.3177 0.117352 -0.0244722 
v 0.3177 0.1164 -0.0245758 
v 0.3177 0.119503 -0.0242695 
v 0.3177 0.118167 -0.0235122 
v 0.3177 0.119529 -0.0241697 
v 0.3177 0.116722 -0.0246109 
v 0.3177 0.119691 -0.0235378 
v 0.3177 0.11763 -0.024305 
v 0.3177 0.117865 -0.0240819 
v 0.3177 0.119339 -0.021644 
v 0.3177 0.119594 -0.0222444 
v 0.3177 0.118115 -0.0225557 
v 0.3177 0.119714 -0.0228858 
v 0.3177 0.118202 -0.0228682 
v 0.3177 0.113783 -0.0237129 
v 0.3177 0.115277 -0.0235122 
v 0.3177 0.113722 -0.0230634 
v 0.3177 0.115224 -0.0231921 
v 0.3177 0.11822 -0.0231921 
v 0.3177 0.113804 -0.022416 
v 0.3177 0.114023 -0.0218015 
v 0.3177 0.115329 -0.0225557 
v 0.3177 0.11437 -0.021249 
v 0.3177 0.11548 -0.0222691 
v 0.3177 0.115987 -0.0202023 
v 0.3177 0.116633 -0.0201122 
v 0.3177 0.11656 -0.0216197 
v 0.3177 0.117283 -0.0201639 
v 0.3177 0.116884 -0.0216197 
v 0.3177 0.115242 -0.0228682 
v 0.3177 0.114828 -0.0207845 
v 0.3177 0.11569 -0.0220219 
v 0.3177 0.115376 -0.02043 
v 0.3177 0.115949 -0.0218256 
v 0.3177 0.116243 -0.0216894 
v 0.3177 0.117907 -0.020355 
v 0.3177 0.117201 -0.0216894 
v 0.3177 0.118475 -0.0206764 
v 0.3177 0.117495 -0.0218256 
v 0.3177 0.11896 -0.0211129 
v 0.3177 0.117754 -0.0220219 
v 0.3177 0.117963 -0.0222691 
vn -1 0 0 
vn -1 0 0 
vn -1 0 0 
vn -1 0 0 
vn -1 0 0 
vn -1 0 0 
vn -1 0 0 
vn -1 0 0 
vn -1 0 0 
vn -1 0 0 
vn -1 0 0 
vn -1 0 0 
vn -1 0 0 
vn -1 0 0 
vn -1 0 0 
vn -1 0 0 
vn -1 0 0 
vn -1 0 0 
vn -1 0 0 
vn -1 0 0 
vn -1 0 0 
vn -1 0 0 
vn -1 0 0 
vn -1 0 0 
vn -1 0 0 
vn -1 0 0 
vn -1 0 0 
vn -1 0 0 
vn -1 0 0 
vn -1 0 0 
vn -1 0 0 
vn -1 0 0 
vn -1 0 0 
vn -1 0 0 
vn -1 0 0 
vn -1 0 0 
vn -1 0 0 
vn -1 0 0 
vn -1 0 0 
vn -1 0 0 
vn -1 0 0 
vn -1 0 0 
vn -1 0 0 
vn -1 0 0 
vn -1 0 0 
vn -1 0 0 
vn -1 0 0 
vn -1 0 0 
vn -1 0 0 
vn -1 0 0 
vn -1 0 0 
vn -1 0 0 
vn -1 0 0 
vn -1 0 0 
vn -1 0 0 
vn -1 0 0 
vn -1 0 0 
vn -1 0 0 
vn -1 0 0 
vn -1 0 0 
f 5548//5548 5549//5549 5550//5550 
f 5551//5551 5552//5552 5548//5548 
f 5553//5553 5554//5554 5555//5555 
f 5553//5553 5556//5556 5557//5557 
f 5551//5551 5555//5555 5552//5552 
f 5549//5549 5558//5558 5559//5559 
f 5560//5560 5561//5561 5562//5562 
f 5563//5563 5556//5556 5564//5564 
f 5557//5557 5554//5554 5553//5553 
f 5559//5559 5550//5550 5549//5549 
f 5560//5560 5565//5565 5561//5561 
f 5564//5564 5566//5566 5563//5563 
f 5556//5556 5553//5553 5567//5567 
f 5550//5550 5551//5551 5548//5548 
f 5560//5560 5568//5568 5565//5565 
f 5560//5560 5569//5569 5570//5570 
f 5556//5556 5571//5571 5564//5564 
f 5555//5555 5551//5551 5553//5553 
f 5572//5572 5570//5570 5569//5569 
f 5570//5570 5568//5568 5560//5560 
f 5563//5563 5573//5573 5574//5574 
f 5567//5567 5571//5571 5556//5556 
f 5575//5575 5576//5576 5577//5577 
f 5576//5576 5578//5578 5579//5579 
f 5562//5562 5563//5563 5560//5560 
f 5566//5566 5573//5573 5563//5563 
f 5558//5558 5580//5580 5581//5581 
f 5580//5580 5582//5582 5583//5583 
f 5579//5579 5577//5577 5576//5576 
f 5578//5578 5572//5572 5584//5584 
f 5574//5574 5560//5560 5563//5563 
f 5583//5583 5581//5581 5580//5580 
f 5585//5585 5586//5586 5587//5587 
f 5586//5586 5588//5588 5589//5589 
f 5590//5590 5591//5591 5592//5592 
f 5591//5591 5593//5593 5594//5594 
f 5584//5584 5579//5579 5578//5578 
f 5581//5581 5559//5559 5558//5558 
f 5582//5582 5585//5585 5595//5595 
f 5589//5589 5587//5587 5586//5586 
f 5588//5588 5596//5596 5597//5597 
f 5596//5596 5598//5598 5599//5599 
f 5598//5598 5590//5590 5600//5600 
f 5594//5594 5592//5592 5591//5591 
f 5593//5593 5601//5601 5602//5602 
f 5601//5601 5603//5603 5604//5604 
f 5603//5603 5605//5605 5606//5606 
f 5605//5605 5575//5575 5607//5607 
f 5569//5569 5584//5584 5572//5572 
f 5587//5587 5595//5595 5585//5585 
f 5599//5599 5597//5597 5596//5596 
f 5592//5592 5600//5600 5590//5590 
f 5604//5604 5602//5602 5601//5601 
f 5607//5607 5606//5606 5605//5605 
f 5595//5595 5583//5583 5582//5582 
f 5600//5600 5599//5599 5598//5598 
f 5606//5606 5604//5604 5603//5603 
f 5597//5597 5589//5589 5588//5588 
f 5577//5577 5607//5607 5575//5575 
f 5602//5602 5594//5594 5593//5593 
o mesh3829
v 0.3177 0.113804 -0.022416 
v 0.3177 0.113722 -0.0230634 
v 0.316 0.113722 -0.0230634 
v 0.3177 0.114023 -0.0218015 
v 0.316 0.113804 -0.022416 
v 0.3177 0.11437 -0.021249 
v 0.316 0.114023 -0.0218015 
v 0.3177 0.114828 -0.0207845 
v 0.316 0.11437 -0.021249 
v 0.3177 0.115376 -0.02043 
v 0.316 0.114828 -0.0207845 
v 0.3177 0.115987 -0.0202023 
v 0.316 0.115376 -0.02043 
v 0.3177 0.116633 -0.0201122 
v 0.316 0.115987 -0.0202023 
v 0.3177 0.117283 -0.0201639 
v 0.316 0.116633 -0.0201122 
v 0.3177 0.117907 -0.020355 
v 0.316 0.117283 -0.0201639 
v 0.3177 0.118475 -0.0206764 
v 0.316 0.117907 -0.020355 
v 0.3177 0.11896 -0.0211129 
v 0.316 0.118475 -0.0206764 
v 0.3177 0.119339 -0.021644 
v 0.316 0.11896 -0.0211129 
v 0.3177 0.119594 -0.0222444 
v 0.316 0.119467 -0.0219014 
v 0.316 0.119339 -0.021644 
v 0.316058 0.11965 -0.0224588 
v 0.316177 0.119714 -0.0228858 
v 0.316022 0.119594 -0.0222444 
v 0.3177 0.119714 -0.0228858 
v 0.316348 0.119717 -0.023285 
v 0.31649 0.11969 -0.0235377 
v 0.316228 0.119721 -0.0230215 
v 0.3177 0.119691 -0.0235378 
v 0.316879 0.119566 -0.0240643 
v 0.316976 0.119529 -0.0241697 
v 0.316506 0.119687 -0.0235648 
v 0.3177 0.114312 -0.0248973 
v 0.3177 0.114755 -0.0253761 
v 0.316976 0.114755 -0.0253761 
v 0.316879 0.114672 -0.0253012 
v 0.316508 0.114329 -0.024917 
v 0.3177 0.113983 -0.0243341 
v 0.316489 0.114312 -0.0248973 
v 0.316348 0.114169 -0.0246866 
v 0.316234 0.114046 -0.0244529 
v 0.3177 0.113783 -0.0237129 
v 0.316177 0.113983 -0.0243341 
v 0.316058 0.113835 -0.0239283 
v 0.316022 0.113783 -0.0237129 
v 0.316 0.113732 -0.0233509 
v 0.3177 0.119529 -0.0241697 
vn 0 0.972806 -0.231621 
vn 0 0.999875 -0.0158389 
vn 0 0.999875 -0.0158389 
vn 0 0.899729 -0.436449 
vn 0 0.972806 -0.231621 
vn 0 0.7841 -0.620635 
vn 0 0.899729 -0.436449 
vn 0 0.631387 -0.775468 
vn 0 0.7841 -0.620635 
vn 0 0.448812 -0.893626 
vn 0 0.631387 -0.775468 
vn 0 0.245012 -0.96952 
vn 0 0.448812 -0.893626 
vn 0 0.0296231 -0.999561 
vn 0 0.245012 -0.96952 
vn 0 -0.187166 -0.982328 
vn 0 0.0296231 -0.999561 
vn 0 -0.395104 -0.918636 
vn 0 -0.187166 -0.982328 
vn 0 -0.584355 -0.811498 
vn 0 -0.395104 -0.918636 
vn 0 -0.745969 -0.66598 
vn 0 -0.584355 -0.811498 
vn 0 -0.872303 -0.488965 
vn 0 -0.745969 -0.66598 
vn 0 -0.957382 -0.288824 
vn 0 -0.915125 -0.403171 
vn 0 -0.872303 -0.488965 
vn 0 -0.976093 -0.217355 
vn 0 -0.997182 -0.0750239 
vn 0 -0.957382 -0.288824 
vn 0 -0.997182 -0.0750239 
vn 0 -0.998314 0.0580434 
vn 0 -0.989818 0.142338 
vn 0 -0.999556 -0.0297941 
vn 0 -0.98982 0.142325 
vn 0 -0.948151 0.317819 
vn 0 -0.935645 0.352942 
vn 0 -0.988484 0.151326 
vn 0 0.803364 0.595488 
vn 0 0.655632 0.755081 
vn 0 0.655632 0.755081 
vn 0 0.683323 0.730116 
vn 0 0.798126 0.602491 
vn 0 0.913102 0.407732 
vn 0 0.803364 0.595488 
vn 0 0.85096 0.52523 
vn 0 0.89392 0.448226 
vn 0 0.979654 0.200692 
vn 0 0.913102 0.407732 
vn 0 0.962164 0.27247 
vn 0 0.979654 0.200692 
vn 0 0.996795 0.079998 
vn 0 -0.935645 0.352942 
f 5608//5608 5609//5609 5610//5610 
f 5611//5611 5608//5608 5612//5612 
f 5613//5613 5611//5611 5614//5614 
f 5615//5615 5613//5613 5616//5616 
f 5617//5617 5615//5615 5618//5618 
f 5619//5619 5617//5617 5620//5620 
f 5621//5621 5619//5619 5622//5622 
f 5623//5623 5621//5621 5624//5624 
f 5625//5625 5623//5623 5626//5626 
f 5627//5627 5625//5625 5628//5628 
f 5629//5629 5627//5627 5630//5630 
f 5631//5631 5629//5629 5632//5632 
f 5633//5633 5631//5631 5634//5634 
f 5631//5631 5635//5635 5634//5634 
f 5633//5633 5636//5636 5637//5637 
f 5633//5633 5638//5638 5636//5636 
f 5639//5639 5640//5640 5641//5641 
f 5639//5639 5642//5642 5640//5640 
f 5639//5639 5637//5637 5642//5642 
f 5643//5643 5644//5644 5645//5645 
f 5643//5643 5641//5641 5646//5646 
f 5646//5646 5644//5644 5643//5643 
f 5647//5647 5648//5648 5649//5649 
f 5649//5649 5650//5650 5647//5647 
f 5650//5650 5651//5651 5647//5647 
f 5652//5652 5647//5647 5653//5653 
f 5653//5653 5654//5654 5652//5652 
f 5654//5654 5655//5655 5652//5652 
f 5656//5656 5652//5652 5657//5657 
f 5657//5657 5658//5658 5656//5656 
f 5656//5656 5659//5659 5660//5660 
f 5660//5660 5609//5609 5656//5656 
f 5660//5660 5610//5610 5609//5609 
f 5658//5658 5659//5659 5656//5656 
f 5655//5655 5657//5657 5652//5652 
f 5651//5651 5653//5653 5647//5647 
f 5645//5645 5661//5661 5643//5643 
f 5641//5641 5643//5643 5639//5639 
f 5637//5637 5639//5639 5633//5633 
f 5634//5634 5638//5638 5633//5633 
f 5632//5632 5635//5635 5631//5631 
f 5630//5630 5632//5632 5629//5629 
f 5628//5628 5630//5630 5627//5627 
f 5626//5626 5628//5628 5625//5625 
f 5624//5624 5626//5626 5623//5623 
f 5622//5622 5624//5624 5621//5621 
f 5620//5620 5622//5622 5619//5619 
f 5618//5618 5620//5620 5617//5617 
f 5616//5616 5618//5618 5615//5615 
f 5614//5614 5616//5616 5613//5613 
f 5612//5612 5614//5614 5611//5611 
f 5610//5610 5612//5612 5608//5608 
o mesh3830
v 0.3177 0.119529 -0.0241697 
v 0.316976 0.119529 -0.0241697 
v 0.317079 0.119503 -0.0242695 
v 0.3177 0.119503 -0.0242695 
v 0.317204 0.119497 -0.0243726 
v 0.3177 0.119497 -0.0243726 
v 0.317334 0.119512 -0.0244625 
v 0.317351 0.119513 -0.0244746 
v 0.3177 0.119513 -0.0244746 
v 0.317518 0.11955 -0.024571 
v 0.3177 0.119604 -0.0246555 
v 0.3177 0.11955 -0.024571 
vn 0 -0.935645 0.352942 
vn 0 -0.935645 0.352942 
vn 0 -0.988179 0.153303 
vn 0 -0.988179 0.153303 
vn 0 -0.998601 -0.0528696 
vn 0 -0.998601 -0.0528696 
vn 0 -0.972418 -0.233244 
vn 0 -0.966467 -0.256789 
vn 0 -0.966467 -0.256789 
vn 0 -0.893147 -0.449765 
vn 0 -0.785595 -0.618741 
vn 0 -0.893147 -0.449765 
f 5662//5662 5663//5663 5664//5664 
f 5665//5665 5664//5664 5666//5666 
f 5667//5667 5668//5668 5669//5669 
f 5667//5667 5666//5666 5668//5668 
f 5670//5670 5669//5669 5671//5671 
f 5672//5672 5673//5673 5671//5671 
f 5671//5671 5673//5673 5670//5670 
f 5669//5669 5670//5670 5667//5667 
f 5666//5666 5667//5667 5665//5665 
f 5664//5664 5665//5665 5662//5662 
o mesh3831
v 0.3177 0.114913 -0.0256371 
v 0.3177 0.114927 -0.0257394 
v 0.317518 0.114927 -0.0257394 
v 0.3177 0.114879 -0.0255397 
v 0.317352 0.114912 -0.0256372 
v 0.317333 0.114911 -0.0256257 
v 0.3177 0.114826 -0.0254515 
v 0.317204 0.114879 -0.0255397 
v 0.3177 0.114755 -0.0253761 
v 0.317079 0.114826 -0.0254515 
v 0.316976 0.114755 -0.0253761 
v 0.3177 0.11492 -0.0258393 
vn 0 0.972429 0.233198 
vn 0 0.999592 0.0285569 
vn 0 0.999592 0.0285569 
vn 0 0.903826 0.427901 
vn 0 0.97239 0.233361 
vn 0 0.96672 0.255838 
vn 0 0.796705 0.604369 
vn 0 0.903826 0.427901 
vn 0 0.655632 0.755081 
vn 0 0.796705 0.604369 
vn 0 0.655632 0.755081 
vn 0 0.985231 -0.171228 
f 5674//5674 5675//5675 5676//5676 
f 5677//5677 5674//5674 5678//5678 
f 5678//5678 5679//5679 5677//5677 
f 5680//5680 5677//5677 5681//5681 
f 5682//5682 5680//5680 5683//5683 
f 5683//5683 5684//5684 5682//5682 
f 5681//5681 5683//5683 5680//5680 
f 5679//5679 5681//5681 5677//5677 
f 5676//5676 5678//5678 5674//5674 
f 5676//5676 5675//5675 5685//5685 
o mesh3832
v 0.316 0.0599314 0.00228319 
v 0.316 0.0627252 0.00228319 
v 0.316 0.0627252 -0.00794792 
v 0.316 0.0599314 -0.00794792 
v 0.316 0.0627252 -0.0197264 
v 0.316 0.0599314 -0.0197264 
v 0.316 0.0627252 -0.0309478 
v 0.316 0.0675412 -0.024938 
v 0.316 0.0679266 -0.0248532 
v 0.316 0.0671466 -0.024938 
v 0.316 0.0829494 -0.0309478 
v 0.316 0.0682848 -0.0246875 
v 0.316 0.0667612 -0.0248532 
v 0.316 0.0829494 -0.0197264 
v 0.316 0.0677362 -0.0213414 
v 0.316 0.0660888 -0.0244486 
v 0.316 0.066403 -0.0246875 
v 0.316 0.0655216 -0.0230249 
v 0.316 0.0655429 -0.023419 
v 0.316 0.0665776 -0.0214674 
v 0.316 0.0662394 -0.0216708 
v 0.316 0.0673439 -0.0212987 
v 0.316 0.0669516 -0.0213414 
v 0.316 0.0681102 -0.0214674 
v 0.316 0.0687348 -0.0219422 
v 0.316 0.0684483 -0.0216708 
v 0.316 0.0691448 -0.023419 
v 0.316 0.0685989 -0.0244486 
v 0.316 0.0688544 -0.0241479 
v 0.316 0.0659529 -0.0219422 
v 0.316 0.0657315 -0.0222689 
v 0.316 0.0691024 -0.0226355 
v 0.316 0.0689563 -0.0222689 
v 0.316 0.0690393 -0.0237992 
v 0.316 0.0656485 -0.0237992 
v 0.316 0.0658334 -0.0241479 
v 0.316 0.0655854 -0.0226355 
v 0.316 0.0691662 -0.0230249 
v 0.316 0.138513 0.00228319 
v 0.316 0.138513 0.0236744 
v 0.316 0.141013 0.0156698 
v 0.316 0.143526 0.0214918 
v 0.316 0.142461 0.0202611 
v 0.316 0.148465 0.0236744 
v 0.316 0.147861 0.0235864 
v 0.316 0.141178 0.0172886 
v 0.316 0.144818 0.0224816 
v 0.316 0.146283 0.0231896 
v 0.316 0.141668 0.0188404 
v 0.316 0.196937 0.00228319 
v 0.316 0.178076 0.00635963 
v 0.316 0.178076 0.0187347 
v 0.316 0.177933 0.00485632 
v 0.316 0.196937 0.0236744 
v 0.316 0.177511 0.00340657 
v 0.316 0.176936 0.00228319 
v 0.316 0.177351 0.0220611 
v 0.316 0.176477 0.023533 
v 0.316 0.177892 0.0204369 
v 0.316 0.0829494 0.00228319 
v 0.316 0.0967298 0.00228319 
v 0.316 0.0967298 -0.00794792 
v 0.316 0.138513 -0.00794792 
v 0.316 0.136013 -0.00427023 
v 0.316 0.13587 -0.00577354 
v 0.316 0.135448 -0.00722329 
v 0.316 0.135077 -0.00794792 
v 0.316 0.0675412 -0.0089219 
v 0.316 0.0679266 -0.00883707 
v 0.316 0.0671466 -0.0089219 
v 0.316 0.0667612 -0.00883707 
v 0.316 0.0658334 -0.00813177 
v 0.316 0.066403 -0.00867136 
v 0.316 0.0657359 -0.00794792 
v 0.316 0.0688544 -0.00813177 
v 0.316 0.0689519 -0.00794792 
v 0.316 0.0682848 -0.00867136 
v 0.316 0.0660888 -0.00843254 
v 0.316 0.0685989 -0.00843254 
v 0.316 0.0665776 -0.00545127 
v 0.316 0.0662394 -0.00565473 
v 0.316 0.0673439 -0.0052826 
v 0.316 0.0669516 -0.00532527 
v 0.316 0.0681102 -0.00545127 
v 0.316 0.0677362 -0.00532527 
v 0.316 0.0687348 -0.00592612 
v 0.316 0.0684483 -0.00565473 
v 0.316 0.0657315 -0.00625275 
v 0.316 0.0691024 -0.00661936 
v 0.316 0.0689563 -0.00625275 
v 0.316 0.0659529 -0.00592612 
v 0.316 0.0829494 -0.00794792 
v 0.316 0.0691662 -0.0070088 
v 0.316 0.0690393 -0.0077831 
v 0.316 0.0691448 -0.00740285 
v 0.316 0.0655216 -0.0070088 
v 0.316 0.0655429 -0.00740285 
v 0.316 0.0655854 -0.00661936 
v 0.316 0.0656485 -0.0077831 
v 0.316 0.196937 0.0398225 
v 0.316 0.226964 0.0441919 
v 0.316 0.223921 0.0370998 
v 0.316 0.22679 0.0380665 
v 0.316 0.230906 0.0443631 
v 0.316 0.229799 0.0383938 
v 0.316 0.234804 0.0437574 
v 0.316 0.232809 0.0380665 
v 0.316 0.238508 0.0423983 
v 0.316 0.235678 0.0370998 
v 0.316 0.241872 0.0403385 
v 0.316 0.238272 0.0355391 
v 0.316 0.244767 0.0376584 
v 0.316 0.240469 0.0334572 
v 0.316 0.24708 0.0344621 
v 0.316 0.242168 0.0309515 
v 0.316 0.24872 0.0308741 
v 0.316 0.243289 0.0281392 
v 0.316 0.216309 0.0281392 
v 0.316 0.221327 0.0355391 
v 0.316 0.219129 0.0334572 
v 0.316 0.249624 0.0270339 
v 0.316 0.243779 0.0251517 
v 0.316 0.249737 0.0236744 
v 0.316 0.243698 0.0236744 
v 0.316 0.21582 0.0251517 
v 0.316 0.21743 0.0309515 
v 0.316 0.242916 0.00929588 
v 0.316 0.215167 0.00228319 
v 0.316 0.231313 0.0104759 
v 0.316 0.228285 0.0104759 
v 0.316 0.220171 0.0142298 
v 0.316 0.222581 0.0123978 
v 0.316 0.225329 0.0111266 
v 0.316 0.234269 0.0111266 
v 0.316 0.237017 0.0123978 
v 0.316 0.216793 0.0192119 
v 0.316 0.218211 0.0165372 
v 0.316 0.215984 0.0221288 
v 0.316 0.249113 0.0191988 
v 0.316 0.247717 0.0155087 
v 0.316 0.242805 0.0192119 
v 0.316 0.245624 0.0121644 
v 0.316 0.241387 0.0165372 
v 0.316 0.239427 0.0142298 
v 0.316 0.2159 0.0236744 
v 0.316 0.249757 0.023091 
v 0.316 0.243615 0.0221288 
v 0.316 0.16844 -0.00794792 
v 0.316 0.149377 -0.00695495 
v 0.316 0.172816 -0.00694363 
v 0.316 0.172248 -0.00662222 
v 0.316 0.17476 -0.000125227 
v 0.316 0.17368 -0.00791123 
v 0.316 0.174682 -0.00794792 
v 0.316 0.147766 -0.00686541 
v 0.316 0.141175 -0.00056855 
v 0.316 0.141013 0.00228319 
v 0.316 0.141013 0.00103677 
v 0.316 0.150973 -0.00671939 
v 0.316 0.172036 -0.00139653 
v 0.316 0.169717 -0.00669725 
v 0.316 0.171624 -0.00643114 
v 0.316 0.175895 0.000870621 
v 0.316 0.196937 -0.00232358 
v 0.316 0.146205 -0.00645441 
v 0.316 0.143486 -0.00474729 
v 0.316 0.144759 -0.00573866 
v 0.316 0.141657 -0.00210856 
v 0.316 0.142438 -0.00352062 
v 0.316 0.169169 -0.00705172 
v 0.316 0.173458 -0.000890026 
v 0.316 0.176823 0.00206204 
v 0.316 0.173301 -0.00738019 
v 0.316 0.173698 -0.00794792 
v 0.316 0.170328 -0.00646957 
v 0.316 0.170974 -0.00637944 
v 0.316 0.168711 -0.00751622 
v 0.316 0.156228 -0.0123214 
v 0.316 0.168063 -0.00933061 
v 0.316 0.168073 -0.00961812 
v 0.316 0.154173 -0.0108414 
v 0.316 0.153523 -0.0107897 
v 0.316 0.168145 -0.00868326 
v 0.316 0.152877 -0.0108798 
v 0.316 0.152265 -0.0111075 
v 0.316 0.154797 -0.0110324 
v 0.316 0.155849 -0.0117904 
v 0.316 0.155365 -0.0113538 
v 0.316 0.156357 -0.0125788 
v 0.316 0.168364 -0.00806878 
v 0.316 0.151259 -0.0119264 
v 0.316 0.150912 -0.012479 
v 0.316 0.150693 -0.0130935 
v 0.316 0.150612 -0.0137408 
v 0.316 0.151717 -0.0114619 
v 0.316 0.138513 -0.0170883 
v 0.316 0.131658 -0.0185306 
v 0.316 0.131668 -0.0188181 
v 0.316 0.128074 -0.0197264 
v 0.316 0.105094 -0.0181459 
v 0.316 0.103483 -0.0180563 
v 0.316 0.0992031 -0.0159382 
v 0.316 0.100476 -0.0169296 
v 0.316 0.13174 -0.0178833 
v 0.316 0.101922 -0.0176453 
v 0.316 0.0967298 -0.0101542 
v 0.316 0.0968925 -0.0117595 
v 0.316 0.0973741 -0.0132995 
v 0.316 0.0981549 -0.0147116 
v 0.316 0.129973 -0.0120264 
v 0.316 0.131395 -0.0115199 
v 0.316 0.133312 -0.0158973 
v 0.316 0.133923 -0.0156696 
v 0.316 0.134569 -0.0155795 
v 0.316 0.132697 -0.0107551 
v 0.316 0.133833 -0.00975924 
v 0.316 0.13522 -0.0156312 
v 0.316 0.13476 -0.00856783 
v 0.316 0.135843 -0.0158222 
v 0.316 0.131959 -0.0172688 
v 0.316 0.132764 -0.0162517 
v 0.316 0.132306 -0.0167162 
v 0.316 0.136896 -0.0165802 
v 0.316 0.136411 -0.0161437 
v 0.316 0.137275 -0.0171113 
v 0.316 0.10669 -0.0179103 
v 0.316 0.137403 -0.0173686 
v 0.316 0.101888 -0.0260542 
v 0.316 0.113722 -0.0230634 
v 0.316 0.113732 -0.0233509 
v 0.316 0.0985356 -0.0246125 
v 0.316 0.0979242 -0.0248402 
v 0.316 0.113804 -0.022416 
v 0.316 0.117283 -0.0201639 
v 0.316 0.116633 -0.0201122 
v 0.316 0.0991817 -0.0245224 
v 0.316 0.114023 -0.0218015 
v 0.316 0.0998321 -0.0245741 
v 0.316 0.102016 -0.0263116 
v 0.316 0.115987 -0.0202023 
v 0.316 0.115376 -0.02043 
v 0.316 0.11896 -0.0211129 
v 0.316 0.118475 -0.0206764 
v 0.316 0.101509 -0.0255231 
v 0.316 0.101024 -0.0250866 
v 0.316 0.117907 -0.020355 
v 0.316 0.100456 -0.0247652 
v 0.316 0.114828 -0.0207845 
v 0.316 0.11437 -0.021249 
v 0.316 0.096271 -0.0274736 
v 0.316 0.0962802 -0.0277611 
v 0.316 0.0836701 -0.0309478 
v 0.316 0.0963522 -0.0268262 
v 0.316 0.0973764 -0.0251947 
v 0.316 0.0969183 -0.0256592 
v 0.316 0.119467 -0.0219014 
v 0.316 0.119339 -0.021644 
v 0.316 0.0965714 -0.0262117 
v 0.316 0.0829494 -0.03113 
v 0.316 0.0599314 -0.0309478 
v 0.316 0.0627252 -0.0362409 
v 0.316 0.0599314 0.0215754 
v 0.316 0.0627252 0.0213861 
v 0.316 0.0675412 0.00985969 
v 0.316 0.0679266 0.00994452 
v 0.316 0.0671466 0.00985969 
v 0.316 0.0667612 0.00994452 
v 0.316 0.0687348 0.0128555 
v 0.316 0.0684483 0.0131269 
v 0.316 0.0718594 0.021622 
v 0.316 0.0665776 0.0133303 
v 0.316 0.0657903 0.0211785 
v 0.316 0.0829494 0.0232357 
v 0.316 0.066403 0.0101102 
v 0.316 0.0656485 0.0109985 
v 0.316 0.0658334 0.0106498 
v 0.316 0.0655216 0.0117728 
v 0.316 0.0662394 0.0131269 
v 0.316 0.0673439 0.013499 
v 0.316 0.0669516 0.0134563 
v 0.316 0.0677362 0.0134563 
v 0.316 0.0681102 0.0133303 
v 0.316 0.0691448 0.0113787 
v 0.316 0.0691662 0.0117728 
v 0.316 0.0682848 0.0101102 
v 0.316 0.0660888 0.010349 
v 0.316 0.0655429 0.0113787 
v 0.316 0.0659529 0.0128555 
v 0.316 0.0657315 0.0125288 
v 0.316 0.0691024 0.0121622 
v 0.316 0.0689563 0.0125288 
v 0.316 0.0690393 0.0109985 
v 0.316 0.0685989 0.010349 
v 0.316 0.0688544 0.0106498 
v 0.316 0.0655854 0.0121622 
v 0.316 0.0859639 0.0236744 
v 0.316 0.0967298 0.025241 
v 0.316 0.096625 0.0245698 
v 0.316 0.0966545 0.0237317 
v 0.316 0.116858 0.0258286 
v 0.316 0.104608 0.024046 
v 0.316 0.104571 0.0248837 
v 0.316 0.116654 0.026642 
v 0.316 0.117227 0.0250754 
v 0.316 0.104545 0.0236744 
v 0.316 0.10436 0.0256954 
v 0.316 0.116625 0.02748 
v 0.316 0.117744 0.0244157 
v 0.316 0.118388 0.0238783 
v 0.316 0.104069 0.0263089 
v 0.316 0.11673 0.0281512 
v 0.316 0.103578 0.0171427 
v 0.316 0.101603 0.0204144 
v 0.316 0.119936 0.0232588 
v 0.316 0.102 0.0167458 
v 0.316 0.100773 0.0202937 
v 0.316 0.126861 0.0205306 
v 0.316 0.120773 0.0232039 
v 0.316 0.0991296 0.0205767 
v 0.316 0.0981785 0.0138173 
v 0.316 0.0973849 0.0123966 
v 0.316 0.0999365 0.0203486 
v 0.316 0.099243 0.015048 
v 0.316 0.103697 0.0217406 
v 0.316 0.104161 0.0224391 
v 0.316 0.121603 0.0233247 
v 0.316 0.100535 0.0160378 
v 0.316 0.104469 0.023219 
v 0.316 0.118774 0.0236744 
v 0.316 0.103098 0.0211541 
v 0.316 0.102389 0.0207055 
v 0.316 0.0968953 0.0108448 
v 0.316 0.0967298 0.00922603 
v 0.316 0.0983879 0.020968 
v 0.316 0.11913 0.023487 
v 0.316 0.096858 0.0229183 
v 0.316 0.0972267 0.0221651 
v 0.316 0.0977442 0.0215054 
v 0.316 0.122482 0.0236744 
v 0.316 0.128572 0.0205945 
v 0.316 0.122389 0.0236158 
v 0.316 0.0966688 0.0236744 
v 0.316 0.130257 0.0202928 
v 0.316 0.135288 0.0159404 
v 0.316 0.134414 0.0174123 
v 0.316 0.133247 0.0186645 
v 0.316 0.131839 0.0196395 
v 0.316 0.13583 0.0143162 
v 0.316 0.136013 0.00228319 
v 0.316 0.136013 0.012614 
v 0.316 0.137575 0.0280364 
v 0.316 0.123098 0.0240644 
v 0.316 0.124608 0.0269563 
v 0.316 0.124571 0.027794 
v 0.316 0.137003 0.029603 
v 0.316 0.124161 0.0253494 
v 0.316 0.124469 0.0261293 
v 0.316 0.123697 0.0246509 
v 0.316 0.12436 0.0286056 
v 0.316 0.136974 0.030441 
v 0.316 0.137207 0.0287896 
v 0.316 0.138093 0.0273767 
v 0.316 0.138513 0.0270262 
v 0.316 0.124069 0.0292191 
v 0.316 0.137078 0.0311122 
v 0.316 0.157207 0.0316998 
v 0.316 0.157575 0.0309467 
v 0.316 0.141122 0.0261649 
v 0.316 0.141952 0.0262857 
v 0.316 0.158093 0.0302869 
v 0.316 0.168924 0.0266514 
v 0.316 0.161122 0.0290752 
v 0.316 0.140285 0.0262198 
v 0.316 0.138737 0.0268393 
v 0.316 0.139478 0.026448 
v 0.316 0.16451 0.0312207 
v 0.316 0.170634 0.0267152 
v 0.316 0.161952 0.029196 
v 0.316 0.158737 0.0297496 
v 0.316 0.159478 0.0293583 
v 0.316 0.164046 0.0305222 
v 0.316 0.162738 0.0294871 
v 0.316 0.163446 0.0299357 
v 0.316 0.160285 0.0291301 
v 0.316 0.156974 0.0333513 
v 0.316 0.157003 0.0325133 
v 0.316 0.14492 0.030755 
v 0.316 0.144709 0.0315666 
v 0.316 0.144956 0.0299173 
v 0.316 0.14451 0.0283104 
v 0.316 0.144818 0.0290903 
v 0.316 0.16492 0.0336653 
v 0.316 0.164709 0.0344769 
v 0.316 0.164818 0.0320006 
v 0.316 0.164956 0.0328275 
v 0.316 0.144417 0.0321802 
v 0.316 0.157078 0.0340225 
v 0.316 0.143446 0.0270254 
v 0.316 0.144046 0.0276119 
v 0.316 0.142738 0.0265768 
v 0.316 0.164417 0.0350904 
v 0.316 0.17232 0.0264135 
v 0.316 0.175309 0.0247852 
v 0.316 0.173902 0.0257602 
v 0.316 0.176345 0.0236744 
v 0.316 0.0599314 -0.0369469 
v 0.316 0.150621 -0.0140283 
v 0.316 0.173808 -0.00816861 
vn -1 0 0 
vn -1 0 0 
vn -1 0 0 
vn -1 0 0 
vn -1 0 0 
vn -1 0 0 
vn -1 0 0 
vn -1 0 0 
vn -1 0 0 
vn -1 0 0 
vn -1 0 0 
vn -1 0 0 
vn -1 0 0 
vn -1 0 0 
vn -1 0 0 
vn -1 0 0 
vn -1 0 0 
vn -1 0 0 
vn -1 0 0 
vn -1 0 0 
vn -1 0 0 
vn -1 0 0 
vn -1 0 0 
vn -1 0 0 
vn -1 0 0 
vn -1 0 0 
vn -1 0 0 
vn -1 0 0 
vn -1 0 0 
vn -1 0 0 
vn -1 0 0 
vn -1 0 0 
vn -1 0 0 
vn -1 0 0 
vn -1 0 0 
vn -1 0 0 
vn -1 0 0 
vn -1 0 0 
vn -1 0 0 
vn -1 0 0 
vn -1 0 0 
vn -1 0 0 
vn -1 0 0 
vn -1 0 0 
vn -1 0 0 
vn -1 0 0 
vn -1 0 0 
vn -1 0 0 
vn -1 0 0 
vn -1 0 0 
vn -1 0 0 
vn -1 0 0 
vn -1 0 0 
vn -1 0 0 
vn -1 0 0 
vn -1 0 0 
vn -1 0 0 
vn -1 0 0 
vn -1 0 0 
vn -1 0 0 
vn -1 0 0 
vn -1 0 0 
vn -1 0 0 
vn -1 0 0 
vn -1 0 0 
vn -1 0 0 
vn -1 0 0 
vn -1 0 0 
vn -1 0 0 
vn -1 0 0 
vn -1 0 0 
vn -1 0 0 
vn -1 0 0 
vn -1 0 0 
vn -1 0 0 
vn -1 0 0 
vn -1 0 0 
vn -1 0 0 
vn -1 0 0 
vn -1 0 0 
vn -1 0 0 
vn -1 0 0 
vn -1 0 0 
vn -1 0 0 
vn -1 0 0 
vn -1 0 0 
vn -1 0 0 
vn -1 0 0 
vn -1 0 0 
vn -1 0 0 
vn -1 0 0 
vn -1 0 0 
vn -1 0 0 
vn -1 0 0 
vn -1 0 0 
vn -1 0 0 
vn -1 0 0 
vn -1 0 0 
vn -1 0 0 
vn -1 0 0 
vn -1 0 0 
vn -1 0 0 
vn -1 0 0 
vn -1 0 0 
vn -1 0 0 
vn -1 0 0 
vn -1 0 0 
vn -1 0 0 
vn -1 0 0 
vn -1 0 0 
vn -1 0 0 
vn -1 0 0 
vn -1 0 0 
vn -1 0 0 
vn -1 0 0 
vn -1 0 0 
vn -1 0 0 
vn -1 0 0 
vn -1 0 0 
vn -1 0 0 
vn -1 0 0 
vn -1 0 0 
vn -1 0 0 
vn -1 0 0 
vn -1 0 0 
vn -1 0 0 
vn -1 0 0 
vn -1 0 0 
vn -1 0 0 
vn -1 0 0 
vn -1 0 0 
vn -1 0 0 
vn -1 0 0 
vn -1 0 0 
vn -1 0 0 
vn -1 0 0 
vn -1 0 0 
vn -1 0 0 
vn -1 0 0 
vn -1 0 0 
vn -1 0 0 
vn -1 0 0 
vn -1 0 0 
vn -1 0 0 
vn -1 0 0 
vn -1 0 0 
vn -1 0 0 
vn -1 0 0 
vn -1 0 0 
vn -1 0 0 
vn -1 0 0 
vn -1 0 0 
vn -1 0 0 
vn -1 0 0 
vn -1 0 0 
vn -1 0 0 
vn -1 0 0 
vn -1 0 0 
vn -1 0 0 
vn -1 0 0 
vn -1 0 0 
vn -1 0 0 
vn -1 0 0 
vn -1 0 0 
vn -1 0 0 
vn -1 0 0 
vn -1 0 0 
vn -1 0 0 
vn -1 0 0 
vn -1 0 0 
vn -1 0 0 
vn -1 0 0 
vn -1 0 0 
vn -1 0 0 
vn -1 0 0 
vn -1 0 0 
vn -1 0 0 
vn -1 0 0 
vn -1 0 0 
vn -1 0 0 
vn -1 0 0 
vn -1 0 0 
vn -1 0 0 
vn -1 0 0 
vn -1 0 0 
vn -1 0 0 
vn -1 0 0 
vn -1 0 0 
vn -1 0 0 
vn -1 0 0 
vn -1 0 0 
vn -1 0 0 
vn -1 0 0 
vn -1 0 0 
vn -1 0 0 
vn -1 0 0 
vn -1 0 0 
vn -1 0 0 
vn -1 0 0 
vn -1 0 0 
vn -1 0 0 
vn -1 0 0 
vn -1 0 0 
vn -1 0 0 
vn -1 0 0 
vn -1 0 0 
vn -1 0 0 
vn -1 0 0 
vn -1 0 0 
vn -1 0 0 
vn -1 0 0 
vn -1 0 0 
vn -1 0 0 
vn -1 0 0 
vn -1 0 0 
vn -1 0 0 
vn -1 0 0 
vn -1 0 0 
vn -1 0 0 
vn -1 0 0 
vn -1 0 0 
vn -1 0 0 
vn -1 0 0 
vn -1 0 0 
vn -1 0 0 
vn -1 0 0 
vn -1 0 0 
vn -1 0 0 
vn -1 0 0 
vn -1 0 0 
vn -1 0 0 
vn -1 0 0 
vn -1 0 0 
vn -1 0 0 
vn -1 0 0 
vn -1 0 0 
vn -1 0 0 
vn -1 0 0 
vn -1 0 0 
vn -1 0 0 
vn -1 0 0 
vn -1 0 0 
vn -1 0 0 
vn -1 0 0 
vn -1 0 0 
vn -1 0 0 
vn -1 0 0 
vn -1 0 0 
vn -1 0 0 
vn -1 0 0 
vn -1 0 0 
vn -1 0 0 
vn -1 0 0 
vn -1 0 0 
vn -1 0 0 
vn -1 0 0 
vn -1 0 0 
vn -1 0 0 
vn -1 0 0 
vn -1 0 0 
vn -1 0 0 
vn -1 0 0 
vn -1 0 0 
vn -1 0 0 
vn -1 0 0 
vn -1 0 0 
vn -1 0 0 
vn -1 0 0 
vn -1 0 0 
vn -1 0 0 
vn -1 0 0 
vn -1 0 0 
vn -1 0 0 
vn -1 0 0 
vn -1 0 0 
vn -1 0 0 
vn -1 0 0 
vn -1 0 0 
vn -1 0 0 
vn -1 0 0 
vn -1 0 0 
vn -1 0 0 
vn -1 0 0 
vn -1 0 0 
vn -1 0 0 
vn -1 0 0 
vn -1 0 0 
vn -1 0 0 
vn -1 0 0 
vn -1 0 0 
vn -1 0 0 
vn -1 0 0 
vn -1 0 0 
vn -1 0 0 
vn -1 0 0 
vn -1 0 0 
vn -1 0 0 
vn -1 0 0 
vn -1 0 0 
vn -1 0 0 
vn -1 0 0 
vn -1 0 0 
vn -1 0 0 
vn -1 0 0 
vn -1 0 0 
vn -1 0 0 
vn -1 0 0 
vn -1 0 0 
vn -1 0 0 
vn -1 0 0 
vn -1 0 0 
vn -1 0 0 
vn -1 0 0 
vn -1 0 0 
vn -1 0 0 
vn -1 0 0 
vn -1 0 0 
vn -1 0 0 
vn -1 0 0 
vn -1 0 0 
vn -1 0 0 
vn -1 0 0 
vn -1 0 0 
vn -1 0 0 
vn -1 0 0 
vn -1 0 0 
vn -1 0 0 
vn -1 0 0 
vn -1 0 0 
vn -1 0 0 
vn -1 0 0 
vn -1 0 0 
vn -1 0 0 
vn -1 0 0 
vn -1 0 0 
vn -1 0 0 
vn -1 0 0 
vn -1 0 0 
vn -1 0 0 
vn -1 0 0 
vn -1 0 0 
vn -1 0 0 
vn -1 0 0 
vn -1 0 0 
vn -1 0 0 
vn -1 0 0 
vn -1 0 0 
vn -1 0 0 
vn -1 0 0 
vn -1 0 0 
vn -1 0 0 
vn -1 0 0 
vn -1 0 0 
vn -1 0 0 
vn -1 0 0 
vn -1 0 0 
vn -1 0 0 
vn -1 0 0 
vn -1 0 0 
vn -1 0 0 
vn -1 0 0 
vn -1 0 0 
vn -1 0 0 
vn -1 0 0 
vn -1 0 0 
vn -1 0 0 
vn -1 0 0 
vn -1 0 0 
vn -1 0 0 
vn -1 0 0 
vn -1 0 0 
vn -1 0 0 
vn -1 0 0 
vn -1 0 0 
vn -1 0 0 
vn -1 0 0 
vn -1 0 0 
vn -1 0 0 
vn -1 0 0 
vn -1 0 0 
vn -1 0 0 
vn -1 0 0 
vn -1 0 0 
vn -1 0 0 
vn -1 0 0 
vn -1 0 0 
vn -1 0 0 
vn -1 0 0 
vn -1 0 0 
vn -1 0 0 
vn -1 0 0 
vn -1 0 0 
vn -1 0 0 
vn -1 0 0 
vn -1 0 0 
vn -1 0 0 
vn -1 0 0 
vn -1 0 0 
vn -1 0 0 
vn -1 0 0 
vn -1 0 0 
vn -1 0 0 
vn -1 0 0 
vn -1 0 0 
vn -1 0 0 
vn -1 0 0 
vn -1 0 0 
vn -1 0 0 
f 5686//5686 5687//5687 5688//5688 
f 5689//5689 5688//5688 5690//5690 
f 5691//5691 5690//5690 5692//5692 
f 5692//5692 5693//5693 5694//5694 
f 5692//5692 5695//5695 5693//5693 
f 5696//5696 5694//5694 5697//5697 
f 5692//5692 5698//5698 5695//5695 
f 5690//5690 5699//5699 5700//5700 
f 5694//5694 5696//5696 5692//5692 
f 5692//5692 5701//5701 5702//5702 
f 5690//5690 5703//5703 5704//5704 
f 5690//5690 5705//5705 5706//5706 
f 5690//5690 5707//5707 5708//5708 
f 5699//5699 5709//5709 5700//5700 
f 5699//5699 5710//5710 5711//5711 
f 5699//5699 5696//5696 5712//5712 
f 5696//5696 5713//5713 5714//5714 
f 5702//5702 5698//5698 5692//5692 
f 5704//5704 5692//5692 5690//5690 
f 5690//5690 5715//5715 5716//5716 
f 5708//5708 5705//5705 5690//5690 
f 5711//5711 5709//5709 5699//5699 
f 5699//5699 5717//5717 5718//5718 
f 5696//5696 5719//5719 5712//5712 
f 5697//5697 5713//5713 5696//5696 
f 5692//5692 5720//5720 5721//5721 
f 5690//5690 5722//5722 5703//5703 
f 5706//5706 5715//5715 5690//5690 
f 5718//5718 5710//5710 5699//5699 
f 5712//5712 5723//5723 5699//5699 
f 5721//5721 5701//5701 5692//5692 
f 5716//5716 5722//5722 5690//5690 
f 5723//5723 5717//5717 5699//5699 
f 5704//5704 5720//5720 5692//5692 
f 5714//5714 5719//5719 5696//5696 
f 5724//5724 5725//5725 5726//5726 
f 5725//5725 5727//5727 5728//5728 
f 5725//5725 5729//5729 5730//5730 
f 5725//5725 5731//5731 5726//5726 
f 5725//5725 5732//5732 5727//5727 
f 5730//5730 5733//5733 5725//5725 
f 5725//5725 5734//5734 5731//5731 
f 5733//5733 5732//5732 5725//5725 
f 5728//5728 5734//5734 5725//5725 
f 5735//5735 5736//5736 5737//5737 
f 5735//5735 5738//5738 5736//5736 
f 5737//5737 5739//5739 5735//5735 
f 5735//5735 5740//5740 5738//5738 
f 5735//5735 5741//5741 5740//5740 
f 5739//5739 5742//5742 5743//5743 
f 5737//5737 5744//5744 5739//5739 
f 5744//5744 5742//5742 5739//5739 
f 5745//5745 5746//5746 5747//5747 
f 5724//5724 5748//5748 5749//5749 
f 5748//5748 5750//5750 5749//5749 
f 5748//5748 5751//5751 5750//5750 
f 5748//5748 5752//5752 5751//5751 
f 5690//5690 5753//5753 5754//5754 
f 5690//5690 5755//5755 5753//5753 
f 5690//5690 5756//5756 5755//5755 
f 5754//5754 5699//5699 5690//5690 
f 5690//5690 5688//5688 5757//5757 
f 5690//5690 5758//5758 5756//5756 
f 5688//5688 5759//5759 5757//5757 
f 5699//5699 5760//5760 5761//5761 
f 5754//5754 5762//5762 5699//5699 
f 5757//5757 5763//5763 5690//5690 
f 5699//5699 5764//5764 5760//5760 
f 5763//5763 5758//5758 5690//5690 
f 5762//5762 5764//5764 5699//5699 
f 5687//5687 5765//5765 5766//5766 
f 5687//5687 5767//5767 5768//5768 
f 5745//5745 5769//5769 5770//5770 
f 5768//5768 5765//5765 5687//5687 
f 5770//5770 5687//5687 5745//5745 
f 5770//5770 5767//5767 5687//5687 
f 5745//5745 5771//5771 5772//5772 
f 5688//5688 5687//5687 5773//5773 
f 5772//5772 5769//5769 5745//5745 
f 5745//5745 5774//5774 5775//5775 
f 5687//5687 5776//5776 5773//5773 
f 5775//5775 5771//5771 5745//5745 
f 5777//5777 5778//5778 5774//5774 
f 5777//5777 5779//5779 5780//5780 
f 5688//5688 5781//5781 5782//5782 
f 5766//5766 5776//5776 5687//5687 
f 5780//5780 5778//5778 5777//5777 
f 5688//5688 5783//5783 5781//5781 
f 5774//5774 5745//5745 5777//5777 
f 5773//5773 5783//5783 5688//5688 
f 5782//5782 5784//5784 5688//5688 
f 5777//5777 5761//5761 5779//5779 
f 5785//5785 5786//5786 5787//5787 
f 5786//5786 5788//5788 5787//5787 
f 5786//5786 5789//5789 5790//5790 
f 5789//5789 5791//5791 5792//5792 
f 5791//5791 5793//5793 5794//5794 
f 5793//5793 5795//5795 5796//5796 
f 5797//5797 5798//5798 5796//5796 
f 5799//5799 5800//5800 5798//5798 
f 5801//5801 5802//5802 5800//5800 
f 5790//5790 5788//5788 5786//5786 
f 5794//5794 5792//5792 5791//5791 
f 5796//5796 5795//5795 5797//5797 
f 5800//5800 5799//5799 5801//5801 
f 5739//5739 5785//5785 5803//5803 
f 5785//5785 5804//5804 5805//5805 
f 5792//5792 5790//5790 5789//5789 
f 5798//5798 5797//5797 5799//5799 
f 5806//5806 5807//5807 5802//5802 
f 5808//5808 5809//5809 5807//5807 
f 5803//5803 5810//5810 5739//5739 
f 5805//5805 5811//5811 5785//5785 
f 5796//5796 5794//5794 5793//5793 
f 5807//5807 5806//5806 5808//5808 
f 5811//5811 5803//5803 5785//5785 
f 5802//5802 5801//5801 5806//5806 
f 5787//5787 5804//5804 5785//5785 
f 5812//5812 5813//5813 5814//5814 
f 5813//5813 5815//5815 5814//5814 
f 5816//5816 5817//5817 5813//5813 
f 5813//5813 5818//5818 5815//5815 
f 5813//5813 5735//5735 5816//5816 
f 5812//5812 5819//5819 5820//5820 
f 5817//5817 5818//5818 5813//5813 
f 5814//5814 5819//5819 5812//5812 
f 5735//5735 5821//5821 5822//5822 
f 5739//5739 5823//5823 5821//5821 
f 5824//5824 5825//5825 5826//5826 
f 5825//5825 5827//5827 5828//5828 
f 5827//5827 5812//5812 5829//5829 
f 5822//5822 5816//5816 5735//5735 
f 5739//5739 5830//5830 5823//5823 
f 5809//5809 5808//5808 5831//5831 
f 5832//5832 5831//5831 5824//5824 
f 5829//5829 5828//5828 5827//5827 
f 5821//5821 5735//5735 5739//5739 
f 5826//5826 5832//5832 5824//5824 
f 5820//5820 5829//5829 5812//5812 
f 5828//5828 5826//5826 5825//5825 
f 5833//5833 5748//5748 5834//5834 
f 5835//5835 5836//5836 5837//5837 
f 5838//5838 5735//5735 5839//5839 
f 5748//5748 5840//5840 5834//5834 
f 5748//5748 5724//5724 5841//5841 
f 5724//5724 5842//5842 5843//5843 
f 5844//5844 5845//5845 5846//5846 
f 5836//5836 5847//5847 5845//5845 
f 5837//5837 5848//5848 5835//5835 
f 5735//5735 5849//5849 5839//5839 
f 5748//5748 5850//5850 5840//5840 
f 5748//5748 5851//5851 5852//5852 
f 5748//5748 5853//5853 5854//5854 
f 5843//5843 5841//5841 5724//5724 
f 5855//5855 5834//5834 5844//5844 
f 5845//5845 5856//5856 5836//5836 
f 5848//5848 5857//5857 5835//5835 
f 5741//5741 5735//5735 5858//5858 
f 5839//5839 5859//5859 5838//5838 
f 5852//5852 5850//5850 5748//5748 
f 5841//5841 5853//5853 5748//5748 
f 5845//5845 5860//5860 5846//5846 
f 5845//5845 5847//5847 5861//5861 
f 5857//5857 5741//5741 5835//5835 
f 5838//5838 5858//5858 5735//5735 
f 5854//5854 5851//5851 5748//5748 
f 5861//5861 5860//5860 5845//5845 
f 5858//5858 5835//5835 5741//5741 
f 5834//5834 5855//5855 5862//5862 
f 5856//5856 5837//5837 5836//5836 
f 5846//5846 5855//5855 5844//5844 
f 5863//5863 5864//5864 5865//5865 
f 5833//5833 5866//5866 5867//5867 
f 5863//5863 5868//5868 5864//5864 
f 5748//5748 5869//5869 5870//5870 
f 5833//5833 5871//5871 5866//5866 
f 5833//5833 5872//5872 5873//5873 
f 5865//5865 5874//5874 5863//5863 
f 5748//5748 5867//5867 5869//5869 
f 5873//5873 5871//5871 5833//5833 
f 5872//5872 5875//5875 5868//5868 
f 5748//5748 5876//5876 5877//5877 
f 5867//5867 5748//5748 5833//5833 
f 5872//5872 5833//5833 5875//5875 
f 5748//5748 5878//5878 5879//5879 
f 5748//5748 5880//5880 5876//5876 
f 5863//5863 5872//5872 5868//5868 
f 5879//5879 5881//5881 5748//5748 
f 5870//5870 5880//5880 5748//5748 
f 5877//5877 5878//5878 5748//5748 
f 5882//5882 5883//5883 5884//5884 
f 5884//5884 5699//5699 5885//5885 
f 5699//5699 5886//5886 5885//5885 
f 5699//5699 5887//5887 5888//5888 
f 5885//5885 5889//5889 5882//5882 
f 5888//5888 5890//5890 5699//5699 
f 5777//5777 5891//5891 5892//5892 
f 5890//5890 5886//5886 5699//5699 
f 5699//5699 5893//5893 5894//5894 
f 5777//5777 5747//5747 5891//5891 
f 5895//5895 5896//5896 5897//5897 
f 5898//5898 5897//5897 5896//5896 
f 5899//5899 5898//5898 5900//5900 
f 5894//5894 5887//5887 5699//5699 
f 5892//5892 5699//5699 5777//5777 
f 5896//5896 5900//5900 5898//5898 
f 5900//5900 5901//5901 5899//5899 
f 5902//5902 5899//5899 5903//5903 
f 5748//5748 5904//5904 5902//5902 
f 5892//5892 5893//5893 5699//5699 
f 5901//5901 5903//5903 5899//5899 
f 5902//5902 5752//5752 5748//5748 
f 5885//5885 5905//5905 5889//5889 
f 5895//5895 5906//5906 5907//5907 
f 5903//5903 5752//5752 5902//5902 
f 5748//5748 5908//5908 5909//5909 
f 5881//5881 5910//5910 5908//5908 
f 5885//5885 5907//5907 5905//5905 
f 5907//5907 5885//5885 5911//5911 
f 5909//5909 5904//5904 5748//5748 
f 5881//5881 5912//5912 5910//5910 
f 5907//5907 5911//5911 5895//5895 
f 5908//5908 5748//5748 5881//5881 
f 5897//5897 5906//5906 5895//5895 
f 5913//5913 5914//5914 5915//5915 
f 5699//5699 5916//5916 5917//5917 
f 5913//5913 5918//5918 5914//5914 
f 5884//5884 5919//5919 5920//5920 
f 5699//5699 5921//5921 5916//5916 
f 5922//5922 5923//5923 5921//5921 
f 5915//5915 5924//5924 5913//5913 
f 5699//5699 5925//5925 5926//5926 
f 5920//5920 5699//5699 5884//5884 
f 5884//5884 5927//5927 5928//5928 
f 5921//5921 5699//5699 5922//5922 
f 5922//5922 5929//5929 5930//5930 
f 5929//5929 5922//5922 5918//5918 
f 5920//5920 5925//5925 5699//5699 
f 5928//5928 5931//5931 5884//5884 
f 5922//5922 5932//5932 5923//5923 
f 5913//5913 5929//5929 5918//5918 
f 5699//5699 5933//5933 5934//5934 
f 5931//5931 5919//5919 5884//5884 
f 5935//5935 5936//5936 5937//5937 
f 5699//5699 5938//5938 5935//5935 
f 5699//5699 5939//5939 5940//5940 
f 5930//5930 5932//5932 5922//5922 
f 5926//5926 5933//5933 5699//5699 
f 5884//5884 5941//5941 5942//5942 
f 5935//5935 5696//5696 5699//5699 
f 5917//5917 5939//5939 5699//5699 
f 5942//5942 5927//5927 5884//5884 
f 5699//5699 5943//5943 5938//5938 
f 5934//5934 5922//5922 5699//5699 
f 5940//5940 5943//5943 5699//5699 
f 5692//5692 5696//5696 5944//5944 
f 5945//5945 5692//5692 5946//5946 
f 5686//5686 5947//5947 5948//5948 
f 5687//5687 5949//5949 5950//5950 
f 5687//5687 5951//5951 5949//5949 
f 5687//5687 5952//5952 5951//5951 
f 5953//5953 5954//5954 5955//5955 
f 5950//5950 5745//5745 5687//5687 
f 5956//5956 5948//5948 5957//5957 
f 5955//5955 5958//5958 5953//5953 
f 5687//5687 5959//5959 5952//5952 
f 5687//5687 5960//5960 5961//5961 
f 5687//5687 5948//5948 5962//5962 
f 5948//5948 5956//5956 5963//5963 
f 5957//5957 5964//5964 5965//5965 
f 5957//5957 5955//5955 5966//5966 
f 5954//5954 5967//5967 5955//5955 
f 5745//5745 5968//5968 5969//5969 
f 5950//5950 5970//5970 5745//5745 
f 5961//5961 5971//5971 5687//5687 
f 5962//5962 5972//5972 5687//5687 
f 5948//5948 5973//5973 5974//5974 
f 5957//5957 5965//5965 5956//5956 
f 5967//5967 5966//5966 5955//5955 
f 5958//5958 5975//5975 5976//5976 
f 5745//5745 5977//5977 5968//5968 
f 5745//5745 5978//5978 5979//5979 
f 5971//5971 5959//5959 5687//5687 
f 5948//5948 5980//5980 5962//5962 
f 5963//5963 5973//5973 5948//5948 
f 5976//5976 5953//5953 5958//5958 
f 5969//5969 5958//5958 5745//5745 
f 5970//5970 5978//5978 5745//5745 
f 5974//5974 5980//5980 5948//5948 
f 5969//5969 5975//5975 5958//5958 
f 5972//5972 5960//5960 5687//5687 
f 5979//5979 5977//5977 5745//5745 
f 5981//5981 5982//5982 5983//5983 
f 5983//5983 5984//5984 5981//5981 
f 5985//5985 5986//5986 5987//5987 
f 5987//5987 5988//5988 5985//5985 
f 5989//5989 5990//5990 5986//5986 
f 5991//5991 5992//5992 5988//5988 
f 5990//5990 5993//5993 5994//5994 
f 5985//5985 5989//5989 5986//5986 
f 5988//5988 5987//5987 5991//5991 
f 5989//5989 5993//5993 5990//5990 
f 5995//5995 5996//5996 5992//5992 
f 5991//5991 5995//5995 5992//5992 
f 5997//5997 5998//5998 5999//5999 
f 6000//6000 6001//6001 5998//5998 
f 5999//5999 6002//6002 5997//5997 
f 5999//5999 6003//6003 6002//6002 
f 6004//6004 6005//6005 6006//6006 
f 6004//6004 6007//6007 6008//6008 
f 5999//5999 6009//6009 6010//6010 
f 6002//6002 6003//6003 6011//6011 
f 5998//5998 5997//5997 6000//6000 
f 6007//6007 6001//6001 6012//6012 
f 6008//6008 6005//6005 6004//6004 
f 6013//6013 5990//5990 6014//6014 
f 5999//5999 6015//6015 6009//6009 
f 5999//5999 5998//5998 6016//6016 
f 5745//5745 6017//6017 6018//6018 
f 6019//6019 6004//6004 6017//6017 
f 6000//6000 6012//6012 6001//6001 
f 6006//6006 6017//6017 6004//6004 
f 6014//6014 6020//6020 6013//6013 
f 6016//6016 6015//6015 5999//5999 
f 6017//6017 5745//5745 6019//6019 
f 5958//5958 6021//6021 6022//6022 
f 6012//6012 6008//6008 6007//6007 
f 6010//6010 6013//6013 5999//5999 
f 5745//5745 6023//6023 6019//6019 
f 6022//6022 5745//5745 5958//5958 
f 6020//6020 5999//5999 6013//6013 
f 6022//6022 6023//6023 5745//5745 
f 6024//6024 6025//6025 6002//6002 
f 6018//6018 5746//5746 5745//5745 
f 6011//6011 6026//6026 6002//6002 
f 6021//6021 5958//5958 5981//5981 
f 5981//5981 6027//6027 6021//6021 
f 5725//5725 6028//6028 6025//6025 
f 5725//5725 6029//6029 6030//6030 
f 6025//6025 6024//6024 5725//5725 
f 6030//6030 6031//6031 5725//5725 
f 5725//5725 6032//6032 6028//6028 
f 5725//5725 6033//6033 6029//6029 
f 5724//5724 6034//6034 6035//6035 
f 6031//6031 6032//6032 5725//5725 
f 6035//6035 5725//5725 5724//5724 
f 6035//6035 6033//6033 5725//5725 
f 6036//6036 6024//6024 6037//6037 
f 6038//6038 6039//6039 6040//6040 
f 6036//6036 6041//6041 6042//6042 
f 6037//6037 6043//6043 6036//6036 
f 6044//6044 6045//6045 6040//6040 
f 6040//6040 6046//6046 6038//6038 
f 6043//6043 6041//6041 6036//6036 
f 6040//6040 6039//6039 6044//6044 
f 6024//6024 6047//6047 6048//6048 
f 6042//6042 6038//6038 6036//6036 
f 6049//6049 6050//6050 6045//6045 
f 6024//6024 6036//6036 6047//6047 
f 6044//6044 6049//6049 6045//6045 
f 6046//6046 6036//6036 6038//6038 
f 6051//6051 6052//6052 5729//5729 
f 5725//5725 6053//6053 6054//6054 
f 5729//5729 6052//6052 6055//6055 
f 6054//6054 5729//5729 5725//5725 
f 5729//5729 6054//6054 6051//6051 
f 6056//6056 5729//5729 6057//6057 
f 5725//5725 6058//6058 6053//6053 
f 5725//5725 6059//6059 6060//6060 
f 6061//6061 6062//6062 6056//6056 
f 6057//6057 6063//6063 6056//6056 
f 5729//5729 6064//6064 6065//6065 
f 6060//6060 6058//6058 5725//5725 
f 6056//6056 6066//6066 6061//6061 
f 6056//6056 6067//6067 6068//6068 
f 5729//5729 6069//6069 6057//6057 
f 6055//6055 6064//6064 5729//5729 
f 6070//6070 6071//6071 6072//6072 
f 6068//6068 6066//6066 6056//6056 
f 6065//6065 6069//6069 5729//5729 
f 6072//6072 6073//6073 6070//6070 
f 6051//6051 6074//6074 6072//6072 
f 6051//6051 6075//6075 6076//6076 
f 6062//6062 6077//6077 6078//6078 
f 6062//6062 6079//6079 6080//6080 
f 6063//6063 6067//6067 6056//6056 
f 6081//6081 6082//6082 6070//6070 
f 6076//6076 6074//6074 6051//6051 
f 6051//6051 6083//6083 6084//6084 
f 6051//6051 6054//6054 6085//6085 
f 6080//6080 6077//6077 6062//6062 
f 5725//5725 6048//6048 6059//6059 
f 6072//6072 6071//6071 6051//6051 
f 6085//6085 6083//6083 6051//6051 
f 6061//6061 6079//6079 6062//6062 
f 6084//6084 6075//6075 6051//6051 
f 6073//6073 6081//6081 6070//6070 
f 6086//6086 5785//5785 6087//6087 
f 6087//6087 6062//6062 6086//6086 
f 5785//5785 6088//6088 6089//6089 
f 6089//6089 6087//6087 5785//5785 
f 5785//5785 5739//5739 6090//6090 
f 6090//6090 6088//6088 5785//5785 
f 6078//6078 6086//6086 6062//6062 
f 6048//6048 5725//5725 6024//6024 
f 6002//6002 6026//6026 6024//6024 
f 5994//5994 6014//6014 5990//5990 
f 5984//5984 6027//6027 5981//5981 
f 5966//5966 5964//5964 5957//5957 
f 5948//5948 5687//5687 5686//5686 
f 5946//5946 6091//6091 5945//5945 
f 5944//5944 5946//5946 5692//5692 
f 5944//5944 5696//5696 5937//5937 
f 5937//5937 5696//5696 5935//5935 
f 5884//5884 5885//5885 5882//5882 
f 5879//5879 6092//6092 5881//5881 
f 5834//5834 5862//5862 5833//5833 
f 5859//5859 5839//5839 6093//6093 
f 5849//5849 5735//5735 5813//5813 
f 5831//5831 5832//5832 5809//5809 
f 5810//5810 5830//5830 5739//5739 
f 5784//5784 5759//5759 5688//5688 
f 5761//5761 5777//5777 5699//5699 
f 5749//5749 6034//6034 5724//5724 
f 5747//5747 5777//5777 5745//5745 
f 5743//5743 6090//6090 5739//5739 
f 5726//5726 5842//5842 5724//5724 
f 5700//5700 5707//5707 5690//5690 
f 5692//5692 5945//5945 5691//5691 
f 5690//5690 5691//5691 5689//5689 
f 5688//5688 5689//5689 5686//5686 
o mesh3833
v 0.3177 0.13754 -0.0201228 
v 0.3177 0.132856 -0.0213066 
v 0.3177 0.134981 -0.0200431 
v 0.3177 0.134336 -0.0200431 
v 0.3177 0.134658 -0.0200782 
v 0.3177 0.132691 -0.0208434 
v 0.3177 0.132248 -0.0203646 
v 0.3177 0.133515 -0.0195492 
v 0.3177 0.13522 -0.0156312 
v 0.3177 0.135843 -0.0158222 
v 0.3177 0.135137 -0.0171567 
v 0.3177 0.136411 -0.0161437 
v 0.3177 0.135431 -0.0172929 
v 0.3177 0.136896 -0.0165802 
v 0.3177 0.137275 -0.0171113 
v 0.3177 0.1359 -0.0177364 
v 0.3177 0.13753 -0.0177117 
v 0.3177 0.136052 -0.0180229 
v 0.3177 0.13765 -0.0183531 
v 0.3177 0.136138 -0.0183355 
v 0.3177 0.137628 -0.0190051 
v 0.3177 0.136156 -0.0186594 
v 0.3177 0.135983 -0.0192808 
v 0.3177 0.13745 -0.0199418 
v 0.3177 0.137486 -0.0200383 
v 0.3177 0.136103 -0.0189794 
v 0.3177 0.137465 -0.019637 
v 0.3177 0.134028 -0.0199395 
v 0.3177 0.13285 -0.0211043 
v 0.3177 0.132815 -0.021007 
v 0.3177 0.132863 -0.0212067 
v 0.3177 0.13375 -0.0197723 
v 0.3177 0.132762 -0.0209188 
v 0.3177 0.131658 -0.0185306 
v 0.3177 0.13174 -0.0178833 
v 0.3177 0.133178 -0.0183355 
v 0.3177 0.131959 -0.0172688 
v 0.3177 0.133265 -0.0180229 
v 0.3177 0.132306 -0.0167162 
v 0.3177 0.133417 -0.0177364 
v 0.3177 0.132764 -0.0162517 
v 0.3177 0.133627 -0.0174892 
v 0.3177 0.133312 -0.0158973 
v 0.3177 0.133885 -0.0172929 
v 0.3177 0.133923 -0.0156696 
v 0.3177 0.134179 -0.0171567 
v 0.3177 0.13569 -0.0174892 
v 0.3177 0.137434 -0.0198399 
v 0.3177 0.137439 -0.0197368 
v 0.3177 0.135288 -0.0199395 
v 0.3177 0.135566 -0.0197723 
v 0.3177 0.134569 -0.0155795 
v 0.3177 0.134496 -0.0170869 
v 0.3177 0.131719 -0.0191802 
v 0.3177 0.13316 -0.0186594 
v 0.3177 0.13482 -0.0170869 
v 0.3177 0.135801 -0.0195492 
v 0.3177 0.131919 -0.0198013 
v 0.3177 0.133333 -0.0192808 
v 0.3177 0.133213 -0.0189794 
vn -1 0 0 
vn -1 0 0 
vn -1 0 0 
vn -1 0 0 
vn -1 0 0 
vn -1 0 0 
vn -1 0 0 
vn -1 0 0 
vn -1 0 0 
vn -1 0 0 
vn -1 0 0 
vn -1 0 0 
vn -1 0 0 
vn -1 0 0 
vn -1 0 0 
vn -1 0 0 
vn -1 0 0 
vn -1 0 0 
vn -1 0 0 
vn -1 0 0 
vn -1 0 0 
vn -1 0 0 
vn -1 0 0 
vn -1 0 0 
vn -1 0 0 
vn -1 0 0 
vn -1 0 0 
vn -1 0 0 
vn -1 0 0 
vn -1 0 0 
vn -1 0 0 
vn -1 0 0 
vn -1 0 0 
vn -1 0 0 
vn -1 0 0 
vn -1 0 0 
vn -1 0 0 
vn -1 0 0 
vn -1 0 0 
vn -1 0 0 
vn -1 0 0 
vn -1 0 0 
vn -1 0 0 
vn -1 0 0 
vn -1 0 0 
vn -1 0 0 
vn -1 0 0 
vn -1 0 0 
vn -1 0 0 
vn -1 0 0 
vn -1 0 0 
vn -1 0 0 
vn -1 0 0 
vn -1 0 0 
vn -1 0 0 
vn -1 0 0 
vn -1 0 0 
vn -1 0 0 
vn -1 0 0 
vn -1 0 0 
f 6094//6094 6095//6095 6096//6096 
f 6095//6095 6097//6097 6098//6098 
f 6099//6099 6100//6100 6101//6101 
f 6102//6102 6103//6103 6104//6104 
f 6103//6103 6105//6105 6106//6106 
f 6107//6107 6108//6108 6109//6109 
f 6108//6108 6110//6110 6111//6111 
f 6110//6110 6112//6112 6113//6113 
f 6112//6112 6114//6114 6115//6115 
f 6116//6116 6117//6117 6118//6118 
f 6116//6116 6119//6119 6120//6120 
f 6098//6098 6096//6096 6095//6095 
f 6121//6121 6122//6122 6123//6123 
f 6121//6121 6095//6095 6124//6124 
f 6125//6125 6126//6126 6099//6099 
f 6127//6127 6128//6128 6129//6129 
f 6128//6128 6130//6130 6131//6131 
f 6130//6130 6132//6132 6133//6133 
f 6132//6132 6134//6134 6135//6135 
f 6134//6134 6136//6136 6137//6137 
f 6136//6136 6138//6138 6139//6139 
f 6106//6106 6104//6104 6103//6103 
f 6105//6105 6107//6107 6140//6140 
f 6111//6111 6109//6109 6108//6108 
f 6115//6115 6113//6113 6112//6112 
f 6116//6116 6141//6141 6117//6117 
f 6120//6120 6142//6142 6116//6116 
f 6094//6094 6143//6143 6144//6144 
f 6095//6095 6121//6121 6097//6097 
f 6124//6124 6122//6122 6121//6121 
f 6125//6125 6123//6123 6126//6126 
f 6131//6131 6129//6129 6128//6128 
f 6135//6135 6133//6133 6132//6132 
f 6139//6139 6137//6137 6136//6136 
f 6138//6138 6145//6145 6146//6146 
f 6140//6140 6106//6106 6105//6105 
f 6113//6113 6111//6111 6110//6110 
f 6142//6142 6141//6141 6116//6116 
f 6096//6096 6143//6143 6094//6094 
f 6101//6101 6125//6125 6099//6099 
f 6147//6147 6127//6127 6148//6148 
f 6133//6133 6131//6131 6130//6130 
f 6146//6146 6139//6139 6138//6138 
f 6145//6145 6102//6102 6149//6149 
f 6109//6109 6140//6140 6107//6107 
f 6114//6114 6120//6120 6119//6119 
f 6094//6094 6150//6150 6116//6116 
f 6123//6123 6125//6125 6121//6121 
f 6100//6100 6151//6151 6152//6152 
f 6151//6151 6147//6147 6153//6153 
f 6129//6129 6148//6148 6127//6127 
f 6149//6149 6146//6146 6145//6145 
f 6119//6119 6115//6115 6114//6114 
f 6144//6144 6150//6150 6094//6094 
f 6153//6153 6152//6152 6151//6151 
f 6137//6137 6135//6135 6134//6134 
f 6118//6118 6094//6094 6116//6116 
f 6148//6148 6153//6153 6147//6147 
f 6152//6152 6101//6101 6100//6100 
f 6104//6104 6149//6149 6102//6102 
o mesh3834
v 0.3177 0.13174 -0.0178833 
v 0.3177 0.131658 -0.0185306 
v 0.316 0.131658 -0.0185306 
v 0.3177 0.131959 -0.0172688 
v 0.316 0.13174 -0.0178833 
v 0.3177 0.132306 -0.0167162 
v 0.316 0.131959 -0.0172688 
v 0.3177 0.132764 -0.0162517 
v 0.316 0.132306 -0.0167162 
v 0.3177 0.133312 -0.0158973 
v 0.316 0.132764 -0.0162517 
v 0.3177 0.133923 -0.0156696 
v 0.316 0.133312 -0.0158973 
v 0.3177 0.134569 -0.0155795 
v 0.316 0.133923 -0.0156696 
v 0.3177 0.13522 -0.0156312 
v 0.316 0.134569 -0.0155795 
v 0.3177 0.135843 -0.0158222 
v 0.316 0.13522 -0.0156312 
v 0.3177 0.136411 -0.0161437 
v 0.316 0.135843 -0.0158222 
v 0.3177 0.136896 -0.0165802 
v 0.316 0.136411 -0.0161437 
v 0.3177 0.137275 -0.0171113 
v 0.316 0.136896 -0.0165802 
v 0.3177 0.13753 -0.0177117 
v 0.316 0.137403 -0.0173686 
v 0.316 0.137275 -0.0171113 
v 0.316058 0.137586 -0.0179261 
v 0.316177 0.13765 -0.0183531 
v 0.316022 0.13753 -0.0177117 
v 0.3177 0.13765 -0.0183531 
v 0.316348 0.137653 -0.0187523 
v 0.31649 0.137626 -0.019005 
v 0.316228 0.137657 -0.0184888 
v 0.3177 0.137628 -0.0190051 
v 0.316879 0.137503 -0.0195316 
v 0.316976 0.137465 -0.019637 
v 0.316506 0.137624 -0.0190321 
v 0.3177 0.132248 -0.0203646 
v 0.3177 0.132691 -0.0208434 
v 0.316976 0.132691 -0.0208434 
v 0.316879 0.132608 -0.0207685 
v 0.316508 0.132266 -0.0203843 
v 0.3177 0.131919 -0.0198013 
v 0.316489 0.132248 -0.0203646 
v 0.316348 0.132105 -0.0201538 
v 0.316234 0.131982 -0.0199202 
v 0.3177 0.131719 -0.0191802 
v 0.316177 0.131919 -0.0198013 
v 0.316058 0.131772 -0.0193956 
v 0.316022 0.131719 -0.0191802 
v 0.316 0.131668 -0.0188181 
v 0.3177 0.137465 -0.019637 
vn 0 0.972806 -0.231621 
vn 0 0.999875 -0.0158389 
vn 0 0.999875 -0.0158389 
vn 0 0.899729 -0.436449 
vn 0 0.972806 -0.231621 
vn 0 0.7841 -0.620635 
vn 0 0.899729 -0.436449 
vn 0 0.631387 -0.775468 
vn 0 0.7841 -0.620635 
vn 0 0.448812 -0.893626 
vn 0 0.631387 -0.775468 
vn 0 0.245012 -0.96952 
vn 0 0.448812 -0.893626 
vn 0 0.0296231 -0.999561 
vn 0 0.245012 -0.96952 
vn 0 -0.187166 -0.982328 
vn 0 0.0296231 -0.999561 
vn 0 -0.395104 -0.918636 
vn 0 -0.187166 -0.982328 
vn 0 -0.584355 -0.811498 
vn 0 -0.395104 -0.918636 
vn 0 -0.745969 -0.66598 
vn 0 -0.584355 -0.811498 
vn 0 -0.872303 -0.488965 
vn 0 -0.745969 -0.66598 
vn 0 -0.957382 -0.288824 
vn 0 -0.915125 -0.403171 
vn 0 -0.872303 -0.488965 
vn 0 -0.976093 -0.217355 
vn 0 -0.997182 -0.0750239 
vn 0 -0.957382 -0.288824 
vn 0 -0.997182 -0.0750239 
vn 0 -0.998314 0.0580434 
vn 0 -0.989818 0.142338 
vn 0 -0.999556 -0.0297941 
vn 0 -0.98982 0.142325 
vn 0 -0.948151 0.317819 
vn 0 -0.935645 0.352942 
vn 0 -0.988484 0.151326 
vn 0 0.803364 0.595488 
vn 0 0.655632 0.755081 
vn 0 0.655632 0.755081 
vn 0 0.683323 0.730116 
vn 0 0.798126 0.602491 
vn 0 0.913102 0.407732 
vn 0 0.803364 0.595488 
vn 0 0.85096 0.52523 
vn 0 0.89392 0.448226 
vn 0 0.979654 0.200692 
vn 0 0.913102 0.407732 
vn 0 0.962164 0.27247 
vn 0 0.979654 0.200692 
vn 0 0.996795 0.079998 
vn 0 -0.935645 0.352942 
f 6154//6154 6155//6155 6156//6156 
f 6157//6157 6154//6154 6158//6158 
f 6159//6159 6157//6157 6160//6160 
f 6161//6161 6159//6159 6162//6162 
f 6163//6163 6161//6161 6164//6164 
f 6165//6165 6163//6163 6166//6166 
f 6167//6167 6165//6165 6168//6168 
f 6169//6169 6167//6167 6170//6170 
f 6171//6171 6169//6169 6172//6172 
f 6173//6173 6171//6171 6174//6174 
f 6175//6175 6173//6173 6176//6176 
f 6177//6177 6175//6175 6178//6178 
f 6179//6179 6177//6177 6180//6180 
f 6177//6177 6181//6181 6180//6180 
f 6179//6179 6182//6182 6183//6183 
f 6179//6179 6184//6184 6182//6182 
f 6185//6185 6186//6186 6187//6187 
f 6185//6185 6188//6188 6186//6186 
f 6185//6185 6183//6183 6188//6188 
f 6189//6189 6190//6190 6191//6191 
f 6189//6189 6187//6187 6192//6192 
f 6192//6192 6190//6190 6189//6189 
f 6193//6193 6194//6194 6195//6195 
f 6195//6195 6196//6196 6193//6193 
f 6196//6196 6197//6197 6193//6193 
f 6198//6198 6193//6193 6199//6199 
f 6199//6199 6200//6200 6198//6198 
f 6200//6200 6201//6201 6198//6198 
f 6202//6202 6198//6198 6203//6203 
f 6203//6203 6204//6204 6202//6202 
f 6202//6202 6205//6205 6206//6206 
f 6206//6206 6155//6155 6202//6202 
f 6206//6206 6156//6156 6155//6155 
f 6204//6204 6205//6205 6202//6202 
f 6201//6201 6203//6203 6198//6198 
f 6197//6197 6199//6199 6193//6193 
f 6191//6191 6207//6207 6189//6189 
f 6187//6187 6189//6189 6185//6185 
f 6183//6183 6185//6185 6179//6179 
f 6180//6180 6184//6184 6179//6179 
f 6178//6178 6181//6181 6177//6177 
f 6176//6176 6178//6178 6175//6175 
f 6174//6174 6176//6176 6173//6173 
f 6172//6172 6174//6174 6171//6171 
f 6170//6170 6172//6172 6169//6169 
f 6168//6168 6170//6170 6167//6167 
f 6166//6166 6168//6168 6165//6165 
f 6164//6164 6166//6166 6163//6163 
f 6162//6162 6164//6164 6161//6161 
f 6160//6160 6162//6162 6159//6159 
f 6158//6158 6160//6160 6157//6157 
f 6156//6156 6158//6158 6154//6154 
o mesh3835
v 0.3177 0.137465 -0.019637 
v 0.316976 0.137465 -0.019637 
v 0.317079 0.137439 -0.0197368 
v 0.3177 0.137439 -0.0197368 
v 0.317204 0.137434 -0.0198399 
v 0.3177 0.137434 -0.0198399 
v 0.317334 0.137448 -0.0199298 
v 0.317351 0.13745 -0.0199418 
v 0.3177 0.13745 -0.0199418 
v 0.317518 0.137486 -0.0200383 
v 0.3177 0.13754 -0.0201228 
v 0.3177 0.137486 -0.0200383 
vn 0 -0.935645 0.352942 
vn 0 -0.935645 0.352942 
vn 0 -0.988179 0.153303 
vn 0 -0.988179 0.153303 
vn 0 -0.998601 -0.0528696 
vn 0 -0.998601 -0.0528696 
vn 0 -0.972418 -0.233244 
vn 0 -0.966467 -0.256789 
vn 0 -0.966467 -0.256789 
vn 0 -0.893147 -0.449765 
vn 0 -0.785595 -0.618741 
vn 0 -0.893147 -0.449765 
f 6208//6208 6209//6209 6210//6210 
f 6211//6211 6210//6210 6212//6212 
f 6213//6213 6214//6214 6215//6215 
f 6213//6213 6212//6212 6214//6214 
f 6216//6216 6215//6215 6217//6217 
f 6218//6218 6219//6219 6217//6217 
f 6217//6217 6219//6219 6216//6216 
f 6215//6215 6216//6216 6213//6213 
f 6212//6212 6213//6213 6211//6211 
f 6210//6210 6211//6211 6208//6208 
o mesh3836
v 0.3177 0.13285 -0.0211043 
v 0.3177 0.132863 -0.0212067 
v 0.317518 0.132863 -0.0212067 
v 0.3177 0.132815 -0.021007 
v 0.317352 0.132848 -0.0211045 
v 0.317333 0.132847 -0.021093 
v 0.3177 0.132762 -0.0209188 
v 0.317204 0.132815 -0.021007 
v 0.3177 0.132691 -0.0208434 
v 0.317079 0.132762 -0.0209188 
v 0.316976 0.132691 -0.0208434 
v 0.3177 0.132856 -0.0213066 
vn 0 0.972429 0.233198 
vn 0 0.999592 0.0285569 
vn 0 0.999592 0.0285569 
vn 0 0.903826 0.427901 
vn 0 0.97239 0.233361 
vn 0 0.96672 0.255838 
vn 0 0.796705 0.604369 
vn 0 0.903826 0.427901 
vn 0 0.655632 0.755081 
vn 0 0.796705 0.604369 
vn 0 0.655632 0.755081 
vn 0 0.985231 -0.171228 
f 6220//6220 6221//6221 6222//6222 
f 6223//6223 6220//6220 6224//6224 
f 6224//6224 6225//6225 6223//6223 
f 6226//6226 6223//6223 6227//6227 
f 6228//6228 6226//6226 6229//6229 
f 6229//6229 6230//6230 6228//6228 
f 6227//6227 6229//6229 6226//6226 
f 6225//6225 6227//6227 6223//6223 
f 6222//6222 6224//6224 6220//6220 
f 6222//6222 6221//6221 6231//6231 
o mesh3837
v 0.3177 0.150912 -0.012479 
v 0.3177 0.151259 -0.0119264 
v 0.3177 0.15237 -0.0129466 
v 0.3177 0.151717 -0.0114619 
v 0.3177 0.15258 -0.0126993 
v 0.3177 0.150693 -0.0130935 
v 0.3177 0.152218 -0.0132331 
v 0.3177 0.152265 -0.0111075 
v 0.3177 0.152838 -0.0125031 
v 0.3177 0.152877 -0.0108798 
v 0.3177 0.153133 -0.0123669 
v 0.3177 0.154797 -0.0110324 
v 0.3177 0.155365 -0.0113538 
v 0.3177 0.154385 -0.0125031 
v 0.3177 0.155849 -0.0117904 
v 0.3177 0.154643 -0.0126993 
v 0.3177 0.156228 -0.0123214 
v 0.3177 0.154853 -0.0129466 
v 0.3177 0.156484 -0.0129219 
v 0.3177 0.155005 -0.0132331 
v 0.3177 0.156603 -0.0135633 
v 0.3177 0.155092 -0.0135457 
v 0.3177 0.156581 -0.0142153 
v 0.3177 0.155109 -0.0138695 
v 0.3177 0.156494 -0.015333 
v 0.3177 0.151809 -0.0165167 
v 0.3177 0.153934 -0.0152533 
v 0.3177 0.153289 -0.0152533 
v 0.3177 0.153612 -0.0152883 
v 0.3177 0.151645 -0.0160536 
v 0.3177 0.151201 -0.0155748 
v 0.3177 0.152468 -0.0147594 
v 0.3177 0.150612 -0.0137408 
v 0.3177 0.152131 -0.0135457 
v 0.3177 0.153523 -0.0107897 
v 0.3177 0.153449 -0.0122971 
v 0.3177 0.154173 -0.0108414 
v 0.3177 0.154091 -0.0123669 
v 0.3177 0.154937 -0.0144909 
v 0.3177 0.156403 -0.015152 
v 0.3177 0.15644 -0.0152485 
v 0.3177 0.155057 -0.0141896 
v 0.3177 0.156419 -0.0148472 
v 0.3177 0.152982 -0.0151497 
v 0.3177 0.151803 -0.0163145 
v 0.3177 0.151769 -0.0162172 
v 0.3177 0.151817 -0.0164168 
v 0.3177 0.152704 -0.0149825 
v 0.3177 0.151715 -0.0161289 
v 0.3177 0.150673 -0.0143904 
v 0.3177 0.152114 -0.0138695 
v 0.3177 0.153774 -0.0122971 
v 0.3177 0.156387 -0.0150501 
v 0.3177 0.156392 -0.014947 
v 0.3177 0.154241 -0.0151497 
v 0.3177 0.154519 -0.0149825 
v 0.3177 0.150872 -0.0150115 
v 0.3177 0.152286 -0.0144909 
v 0.3177 0.152166 -0.0141896 
v 0.3177 0.154755 -0.0147594 
vn -1 0 0 
vn -1 0 0 
vn -1 0 0 
vn -1 0 0 
vn -1 0 0 
vn -1 0 0 
vn -1 0 0 
vn -1 0 0 
vn -1 0 0 
vn -1 0 0 
vn -1 0 0 
vn -1 0 0 
vn -1 0 0 
vn -1 0 0 
vn -1 0 0 
vn -1 0 0 
vn -1 0 0 
vn -1 0 0 
vn -1 0 0 
vn -1 0 0 
vn -1 0 0 
vn -1 0 0 
vn -1 0 0 
vn -1 0 0 
vn -1 0 0 
vn -1 0 0 
vn -1 0 0 
vn -1 0 0 
vn -1 0 0 
vn -1 0 0 
vn -1 0 0 
vn -1 0 0 
vn -1 0 0 
vn -1 0 0 
vn -1 0 0 
vn -1 0 0 
vn -1 0 0 
vn -1 0 0 
vn -1 0 0 
vn -1 0 0 
vn -1 0 0 
vn -1 0 0 
vn -1 0 0 
vn -1 0 0 
vn -1 0 0 
vn -1 0 0 
vn -1 0 0 
vn -1 0 0 
vn -1 0 0 
vn -1 0 0 
vn -1 0 0 
vn -1 0 0 
vn -1 0 0 
vn -1 0 0 
vn -1 0 0 
vn -1 0 0 
vn -1 0 0 
vn -1 0 0 
vn -1 0 0 
vn -1 0 0 
f 6232//6232 6233//6233 6234//6234 
f 6233//6233 6235//6235 6236//6236 
f 6237//6237 6232//6232 6238//6238 
f 6236//6236 6234//6234 6233//6233 
f 6235//6235 6239//6239 6240//6240 
f 6239//6239 6241//6241 6242//6242 
f 6243//6243 6244//6244 6245//6245 
f 6244//6244 6246//6246 6247//6247 
f 6246//6246 6248//6248 6249//6249 
f 6248//6248 6250//6250 6251//6251 
f 6250//6250 6252//6252 6253//6253 
f 6252//6252 6254//6254 6255//6255 
f 6256//6256 6257//6257 6258//6258 
f 6257//6257 6259//6259 6260//6260 
f 6261//6261 6262//6262 6263//6263 
f 6264//6264 6237//6237 6265//6265 
f 6234//6234 6238//6238 6232//6232 
f 6242//6242 6240//6240 6239//6239 
f 6241//6241 6266//6266 6267//6267 
f 6268//6268 6243//6243 6269//6269 
f 6247//6247 6245//6245 6244//6244 
f 6251//6251 6249//6249 6248//6248 
f 6255//6255 6253//6253 6252//6252 
f 6270//6270 6271//6271 6272//6272 
f 6270//6270 6273//6273 6274//6274 
f 6260//6260 6258//6258 6257//6257 
f 6275//6275 6276//6276 6277//6277 
f 6275//6275 6257//6257 6278//6278 
f 6279//6279 6280//6280 6261//6261 
f 6281//6281 6264//6264 6282//6282 
f 6238//6238 6265//6265 6237//6237 
f 6267//6267 6242//6242 6241//6241 
f 6266//6266 6268//6268 6283//6283 
f 6245//6245 6269//6269 6243//6243 
f 6253//6253 6251//6251 6250//6250 
f 6270//6270 6284//6284 6271//6271 
f 6274//6274 6285//6285 6270//6270 
f 6256//6256 6286//6286 6287//6287 
f 6257//6257 6275//6275 6259//6259 
f 6278//6278 6276//6276 6275//6275 
f 6279//6279 6277//6277 6280//6280 
f 6262//6262 6288//6288 6289//6289 
f 6288//6288 6281//6281 6290//6290 
f 6265//6265 6282//6282 6264//6264 
f 6283//6283 6267//6267 6266//6266 
f 6249//6249 6247//6247 6246//6246 
f 6254//6254 6274//6274 6273//6273 
f 6285//6285 6284//6284 6270//6270 
f 6258//6258 6286//6286 6256//6256 
f 6263//6263 6279//6279 6261//6261 
f 6290//6290 6289//6289 6288//6288 
f 6240//6240 6236//6236 6235//6235 
f 6273//6273 6255//6255 6254//6254 
f 6256//6256 6291//6291 6270//6270 
f 6277//6277 6279//6279 6275//6275 
f 6282//6282 6290//6290 6281//6281 
f 6272//6272 6256//6256 6270//6270 
f 6289//6289 6263//6263 6262//6262 
f 6287//6287 6291//6291 6256//6256 
f 6269//6269 6283//6283 6268//6268 
o mesh3838
v 0.3177 0.150693 -0.0130935 
v 0.3177 0.150612 -0.0137408 
v 0.316 0.150612 -0.0137408 
v 0.3177 0.150912 -0.012479 
v 0.316 0.150693 -0.0130935 
v 0.3177 0.151259 -0.0119264 
v 0.316 0.150912 -0.012479 
v 0.3177 0.151717 -0.0114619 
v 0.316 0.151259 -0.0119264 
v 0.3177 0.152265 -0.0111075 
v 0.316 0.151717 -0.0114619 
v 0.3177 0.152877 -0.0108798 
v 0.316 0.152265 -0.0111075 
v 0.3177 0.153523 -0.0107897 
v 0.316 0.152877 -0.0108798 
v 0.3177 0.154173 -0.0108414 
v 0.316 0.153523 -0.0107897 
v 0.3177 0.154797 -0.0110324 
v 0.316 0.154173 -0.0108414 
v 0.3177 0.155365 -0.0113538 
v 0.316 0.154797 -0.0110324 
v 0.3177 0.155849 -0.0117904 
v 0.316 0.155365 -0.0113538 
v 0.3177 0.156228 -0.0123214 
v 0.316 0.155849 -0.0117904 
v 0.3177 0.156484 -0.0129219 
v 0.316 0.156357 -0.0125788 
v 0.316 0.156228 -0.0123214 
v 0.316058 0.15654 -0.0131363 
v 0.316177 0.156603 -0.0135633 
v 0.316022 0.156484 -0.0129219 
v 0.3177 0.156603 -0.0135633 
v 0.316348 0.156607 -0.0139625 
v 0.31649 0.15658 -0.0142152 
v 0.316228 0.15661 -0.013699 
v 0.3177 0.156581 -0.0142153 
v 0.316879 0.156456 -0.0147418 
v 0.316976 0.156419 -0.0148472 
v 0.316506 0.156577 -0.0142423 
v 0.3177 0.151201 -0.0155748 
v 0.3177 0.151645 -0.0160536 
v 0.316976 0.151645 -0.0160536 
v 0.316879 0.151562 -0.0159787 
v 0.316508 0.151219 -0.0155944 
v 0.3177 0.150872 -0.0150115 
v 0.316489 0.151201 -0.0155748 
v 0.316348 0.151059 -0.015364 
v 0.316234 0.150935 -0.0151304 
v 0.3177 0.150673 -0.0143904 
v 0.316177 0.150872 -0.0150115 
v 0.316058 0.150725 -0.0146057 
v 0.316022 0.150673 -0.0143904 
v 0.316 0.150621 -0.0140283 
v 0.3177 0.156419 -0.0148472 
vn 0 0.972806 -0.231621 
vn 0 0.999875 -0.0158389 
vn 0 0.999875 -0.0158389 
vn 0 0.899729 -0.436449 
vn 0 0.972806 -0.231621 
vn 0 0.7841 -0.620635 
vn 0 0.899729 -0.436449 
vn 0 0.631387 -0.775468 
vn 0 0.7841 -0.620635 
vn 0 0.448812 -0.893626 
vn 0 0.631387 -0.775468 
vn 0 0.245012 -0.96952 
vn 0 0.448812 -0.893626 
vn 0 0.0296231 -0.999561 
vn 0 0.245012 -0.96952 
vn 0 -0.187166 -0.982328 
vn 0 0.0296231 -0.999561 
vn 0 -0.395104 -0.918636 
vn 0 -0.187166 -0.982328 
vn 0 -0.584355 -0.811498 
vn 0 -0.395104 -0.918636 
vn 0 -0.745969 -0.66598 
vn 0 -0.584355 -0.811498 
vn 0 -0.872303 -0.488965 
vn 0 -0.745969 -0.66598 
vn 0 -0.957382 -0.288824 
vn 0 -0.915125 -0.403171 
vn 0 -0.872303 -0.488965 
vn 0 -0.976093 -0.217355 
vn 0 -0.997182 -0.0750239 
vn 0 -0.957382 -0.288824 
vn 0 -0.997182 -0.0750239 
vn 0 -0.998314 0.0580434 
vn 0 -0.989818 0.142338 
vn 0 -0.999556 -0.0297941 
vn 0 -0.98982 0.142325 
vn 0 -0.948151 0.317819 
vn 0 -0.935645 0.352942 
vn 0 -0.988484 0.151326 
vn 0 0.803364 0.595488 
vn 0 0.655632 0.755081 
vn 0 0.655632 0.755081 
vn 0 0.683323 0.730116 
vn 0 0.798126 0.602491 
vn 0 0.913102 0.407732 
vn 0 0.803364 0.595488 
vn 0 0.85096 0.52523 
vn 0 0.89392 0.448226 
vn 0 0.979654 0.200692 
vn 0 0.913102 0.407732 
vn 0 0.962164 0.27247 
vn 0 0.979654 0.200692 
vn 0 0.996795 0.079998 
vn 0 -0.935645 0.352942 
f 6292//6292 6293//6293 6294//6294 
f 6295//6295 6292//6292 6296//6296 
f 6297//6297 6295//6295 6298//6298 
f 6299//6299 6297//6297 6300//6300 
f 6301//6301 6299//6299 6302//6302 
f 6303//6303 6301//6301 6304//6304 
f 6305//6305 6303//6303 6306//6306 
f 6307//6307 6305//6305 6308//6308 
f 6309//6309 6307//6307 6310//6310 
f 6311//6311 6309//6309 6312//6312 
f 6313//6313 6311//6311 6314//6314 
f 6315//6315 6313//6313 6316//6316 
f 6317//6317 6315//6315 6318//6318 
f 6315//6315 6319//6319 6318//6318 
f 6317//6317 6320//6320 6321//6321 
f 6317//6317 6322//6322 6320//6320 
f 6323//6323 6324//6324 6325//6325 
f 6323//6323 6326//6326 6324//6324 
f 6323//6323 6321//6321 6326//6326 
f 6327//6327 6328//6328 6329//6329 
f 6327//6327 6325//6325 6330//6330 
f 6330//6330 6328//6328 6327//6327 
f 6331//6331 6332//6332 6333//6333 
f 6333//6333 6334//6334 6331//6331 
f 6334//6334 6335//6335 6331//6331 
f 6336//6336 6331//6331 6337//6337 
f 6337//6337 6338//6338 6336//6336 
f 6338//6338 6339//6339 6336//6336 
f 6340//6340 6336//6336 6341//6341 
f 6341//6341 6342//6342 6340//6340 
f 6340//6340 6343//6343 6344//6344 
f 6344//6344 6293//6293 6340//6340 
f 6344//6344 6294//6294 6293//6293 
f 6342//6342 6343//6343 6340//6340 
f 6339//6339 6341//6341 6336//6336 
f 6335//6335 6337//6337 6331//6331 
f 6329//6329 6345//6345 6327//6327 
f 6325//6325 6327//6327 6323//6323 
f 6321//6321 6323//6323 6317//6317 
f 6318//6318 6322//6322 6317//6317 
f 6316//6316 6319//6319 6315//6315 
f 6314//6314 6316//6316 6313//6313 
f 6312//6312 6314//6314 6311//6311 
f 6310//6310 6312//6312 6309//6309 
f 6308//6308 6310//6310 6307//6307 
f 6306//6306 6308//6308 6305//6305 
f 6304//6304 6306//6306 6303//6303 
f 6302//6302 6304//6304 6301//6301 
f 6300//6300 6302//6302 6299//6299 
f 6298//6298 6300//6300 6297//6297 
f 6296//6296 6298//6298 6295//6295 
f 6294//6294 6296//6296 6292//6292 
o mesh3839
v 0.3177 0.156419 -0.0148472 
v 0.316976 0.156419 -0.0148472 
v 0.317079 0.156392 -0.014947 
v 0.3177 0.156392 -0.014947 
v 0.317204 0.156387 -0.0150501 
v 0.3177 0.156387 -0.0150501 
v 0.317334 0.156401 -0.01514 
v 0.317351 0.156403 -0.015152 
v 0.3177 0.156403 -0.015152 
v 0.317518 0.15644 -0.0152485 
v 0.3177 0.156494 -0.015333 
v 0.3177 0.15644 -0.0152485 
vn 0 -0.935645 0.352942 
vn 0 -0.935645 0.352942 
vn 0 -0.988179 0.153303 
vn 0 -0.988179 0.153303 
vn 0 -0.998601 -0.0528696 
vn 0 -0.998601 -0.0528696 
vn 0 -0.972418 -0.233244 
vn 0 -0.966467 -0.256789 
vn 0 -0.966467 -0.256789 
vn 0 -0.893147 -0.449765 
vn 0 -0.785595 -0.618741 
vn 0 -0.893147 -0.449765 
f 6346//6346 6347//6347 6348//6348 
f 6349//6349 6348//6348 6350//6350 
f 6351//6351 6352//6352 6353//6353 
f 6351//6351 6350//6350 6352//6352 
f 6354//6354 6353//6353 6355//6355 
f 6356//6356 6357//6357 6355//6355 
f 6355//6355 6357//6357 6354//6354 
f 6353//6353 6354//6354 6351//6351 
f 6350//6350 6351//6351 6349//6349 
f 6348//6348 6349//6349 6346//6346 
o mesh3840
v 0.3177 0.151803 -0.0163145 
v 0.3177 0.151817 -0.0164168 
v 0.317518 0.151817 -0.0164168 
v 0.3177 0.151769 -0.0162172 
v 0.317352 0.151802 -0.0163147 
v 0.317333 0.1518 -0.0163032 
v 0.3177 0.151715 -0.0161289 
v 0.317204 0.151769 -0.0162172 
v 0.3177 0.151645 -0.0160536 
v 0.317079 0.151715 -0.0161289 
v 0.316976 0.151645 -0.0160536 
v 0.3177 0.151809 -0.0165167 
vn 0 0.972429 0.233198 
vn 0 0.999592 0.0285569 
vn 0 0.999592 0.0285569 
vn 0 0.903826 0.427901 
vn 0 0.97239 0.233361 
vn 0 0.96672 0.255838 
vn 0 0.796705 0.604369 
vn 0 0.903826 0.427901 
vn 0 0.655632 0.755081 
vn 0 0.796705 0.604369 
vn 0 0.655632 0.755081 
vn 0 0.985231 -0.171228 
f 6358//6358 6359//6359 6360//6360 
f 6361//6361 6358//6358 6362//6362 
f 6362//6362 6363//6363 6361//6361 
f 6364//6364 6361//6361 6365//6365 
f 6366//6366 6364//6364 6367//6367 
f 6367//6367 6368//6368 6366//6366 
f 6365//6365 6367//6367 6364//6364 
f 6363//6363 6365//6365 6361//6361 
f 6360//6360 6362//6362 6358//6358 
f 6360//6360 6359//6359 6369//6369 
o mesh3841
v 0.319 0.0599957 -0.040025 
v 0.318858 0.237283 0.00478157 
v 0.318883 0.237278 0.00477909 
v 0.318762 0.237313 0.00479544 
v 0.318961 0.237268 0.00477442 
v 0.318694 0.237343 0.00480939 
v 0.318705 0.0599623 -0.0400185 
v 0.318415 0.23754 0.00490306 
v 0.318515 0.237456 0.00486244 
v 0.318415 0.0599413 -0.0399793 
v 0.317852 0.0599314 -0.0398057 
v 0.317856 0.238214 0.00525824 
v 0.318029 0.237962 0.00511633 
v 0.318037 0.0599314 -0.0398776 
v 0.318385 0.237565 0.00491511 
v 0.316058 0.0963841 -0.0283385 
v 0.316 0.0829494 -0.03113 
v 0.316 0.0836701 -0.0309478 
v 0.316058 0.0599314 -0.0375506 
v 0.316 0.0627252 -0.0362409 
v 0.316 0.0599314 -0.0369469 
v 0.316 0.0962802 -0.0277611 
v 0.316022 0.0963316 -0.0281232 
v 0.316177 0.0965313 -0.0287443 
v 0.316228 0.0599314 -0.0381311 
v 0.316506 0.0599314 -0.038666 
v 0.316234 0.0965941 -0.0288631 
v 0.316348 0.0967177 -0.0290968 
v 0.316489 0.0968605 -0.0293075 
v 0.316879 0.0599314 -0.0391349 
v 0.316508 0.096878 -0.0293272 
v 0.317333 0.0599314 -0.0395198 
v 0.316976 0.0973037 -0.0297863 
v 0.317079 0.0973742 -0.0298617 
v 0.317204 0.0974278 -0.0299499 
v 0.316879 0.0972206 -0.0297114 
v 0.316022 0.113783 -0.0237129 
v 0.316058 0.113835 -0.0239283 
v 0.316058 0.102199 -0.026869 
v 0.316022 0.102143 -0.0266546 
v 0.316 0.113732 -0.0233509 
v 0.316177 0.113983 -0.0243341 
v 0.316177 0.102262 -0.027296 
v 0.316228 0.102269 -0.0274317 
v 0.316348 0.114169 -0.0246866 
v 0.316348 0.102266 -0.0276952 
v 0.316506 0.102236 -0.0279751 
v 0.31649 0.102239 -0.0279479 
v 0.316234 0.114046 -0.0244529 
v 0.316489 0.114312 -0.0248973 
v 0.316879 0.114672 -0.0253012 
v 0.316879 0.102115 -0.0284745 
v 0.316976 0.102078 -0.0285799 
v 0.316976 0.114755 -0.0253761 
v 0.317079 0.114826 -0.0254515 
v 0.317204 0.114879 -0.0255397 
v 0.317333 0.114911 -0.0256257 
v 0.317204 0.102046 -0.0287828 
v 0.317079 0.102051 -0.0286797 
v 0.317334 0.10206 -0.0288727 
v 0.316022 0.131719 -0.0191802 
v 0.316058 0.131772 -0.0193956 
v 0.316058 0.11965 -0.0224588 
v 0.316022 0.119594 -0.0222444 
v 0.316 0.119467 -0.0219014 
v 0.316 0.128074 -0.0197264 
v 0.316 0.131668 -0.0188181 
v 0.316177 0.131919 -0.0198013 
v 0.316177 0.119714 -0.0228858 
v 0.316228 0.119721 -0.0230215 
v 0.316348 0.132105 -0.0201538 
v 0.316348 0.119717 -0.023285 
v 0.316506 0.119687 -0.0235648 
v 0.31649 0.11969 -0.0235377 
v 0.316234 0.131982 -0.0199202 
v 0.316489 0.132248 -0.0203646 
v 0.316879 0.132608 -0.0207685 
v 0.316879 0.119566 -0.0240643 
v 0.316976 0.119529 -0.0241697 
v 0.316976 0.132691 -0.0208434 
v 0.317079 0.132762 -0.0209188 
v 0.317204 0.132815 -0.021007 
v 0.317333 0.132847 -0.021093 
v 0.317204 0.119497 -0.0243726 
v 0.317079 0.119503 -0.0242695 
v 0.317334 0.119512 -0.0244625 
v 0.316022 0.13753 -0.0177117 
v 0.316 0.137403 -0.0173686 
v 0.316 0.138513 -0.0170883 
v 0.316022 0.150673 -0.0143904 
v 0.316058 0.150725 -0.0146057 
v 0.316058 0.137586 -0.0179261 
v 0.316 0.150621 -0.0140283 
v 0.316177 0.150872 -0.0150115 
v 0.316177 0.13765 -0.0183531 
v 0.316228 0.137657 -0.0184888 
v 0.316348 0.151059 -0.015364 
v 0.316348 0.137653 -0.0187523 
v 0.316506 0.137624 -0.0190321 
v 0.31649 0.137626 -0.019005 
v 0.316234 0.150935 -0.0151304 
v 0.316489 0.151201 -0.0155748 
v 0.316879 0.151562 -0.0159787 
v 0.316879 0.137503 -0.0195316 
v 0.316976 0.137465 -0.019637 
v 0.316976 0.151645 -0.0160536 
v 0.317079 0.151715 -0.0161289 
v 0.317204 0.151769 -0.0162172 
v 0.317333 0.1518 -0.0163032 
v 0.317204 0.137434 -0.0198399 
v 0.317079 0.137439 -0.0197368 
v 0.317334 0.137448 -0.0199298 
v 0.316022 0.156484 -0.0129219 
v 0.316022 0.168124 -0.00998021 
v 0.316058 0.168176 -0.0101955 
v 0.316 0.168073 -0.00961812 
v 0.316058 0.15654 -0.0131363 
v 0.316177 0.156603 -0.0135633 
v 0.316177 0.168324 -0.0106013 
v 0.316228 0.15661 -0.013699 
v 0.316348 0.16851 -0.0109538 
v 0.316348 0.156607 -0.0139625 
v 0.316506 0.156577 -0.0142423 
v 0.31649 0.15658 -0.0142152 
v 0.316234 0.168386 -0.0107201 
v 0.316489 0.168653 -0.0111646 
v 0.316879 0.169013 -0.0115685 
v 0.316879 0.156456 -0.0147418 
v 0.316976 0.156419 -0.0148472 
v 0.316976 0.169096 -0.0116434 
v 0.317079 0.169167 -0.0117187 
v 0.317204 0.16922 -0.011807 
v 0.317333 0.169252 -0.011893 
v 0.317204 0.156387 -0.0150501 
v 0.317079 0.156392 -0.014947 
v 0.317334 0.156401 -0.01514 
v 0.317359 0.239035 0.00577568 
v 0.317518 0.173891 -0.0108383 
v 0.317351 0.173854 -0.0107418 
v 0.3177 0.173945 -0.0109228 
v 0.317569 0.238632 0.00549344 
v 0.317518 0.11955 -0.024571 
v 0.317351 0.119513 -0.0244746 
v 0.3177 0.119604 -0.0246555 
v 0.3177 0.156494 -0.015333 
v 0.3177 0.169261 -0.0121065 
v 0.3177 0.13754 -0.0201228 
v 0.3177 0.151809 -0.0165167 
v 0.3177 0.132856 -0.0213066 
v 0.3177 0.11492 -0.0258393 
v 0.317352 0.132848 -0.0211045 
v 0.317518 0.132863 -0.0212067 
v 0.317352 0.169253 -0.0119045 
v 0.317518 0.169268 -0.0120066 
v 0.317518 0.15644 -0.0152485 
v 0.317351 0.156403 -0.015152 
v 0.317352 0.151802 -0.0163147 
v 0.317518 0.151817 -0.0164168 
v 0.317518 0.137486 -0.0200383 
v 0.317351 0.13745 -0.0199418 
v 0.317518 0.102099 -0.0289813 
v 0.317351 0.102062 -0.0288848 
v 0.3177 0.102153 -0.0290657 
v 0.317352 0.114912 -0.0256372 
v 0.3177 0.0974685 -0.0302495 
v 0.317518 0.114927 -0.0257394 
v 0.317352 0.0974609 -0.0300475 
v 0.317518 0.0974757 -0.0301496 
v 0.317333 0.0974593 -0.0300359 
v 0.316879 0.173907 -0.0103316 
v 0.316908 0.239897 0.00637982 
v 0.317204 0.173838 -0.0106399 
v 0.317079 0.173844 -0.0105368 
v 0.317334 0.173853 -0.0107298 
v 0.316976 0.17387 -0.010437 
v 0.316506 0.174028 -0.00983211 
v 0.316669 0.240354 0.00670038 
v 0.316542 0.240723 0.00704367 
v 0.31649 0.174031 -0.00980498 
v 0.316271 0.241514 0.00777915 
v 0.316348 0.174058 -0.00955226 
v 0.316177 0.174054 -0.00915306 
v 0.316119 0.241956 0.00819065 
v 0.316063 0.242263 0.00852832 
v 0.316228 0.174062 -0.00928875 
v 0.316022 0.173935 -0.00851166 
v 0.316 0.173808 -0.00816861 
v 0.316 0.174682 -0.00794792 
v 0.316 0.215167 0.00228319 
v 0.316 0.242916 0.00929588 
v 0.316037 0.242402 0.0086809 
v 0.316058 0.173991 -0.00872606 
v 0.316 0.196937 -0.00232358 
v 0.316508 0.16867 -0.0111842 
v 0.316 0.156357 -0.0125788 
v 0.316508 0.151219 -0.0155944 
v 0.316508 0.132266 -0.0203843 
v 0.316508 0.114329 -0.024917 
v 0.316 0.102016 -0.0263116 
v 0.319 0.237266 0.00477382 
vn -1.85037e-14 0.245012 -0.96952 
vn -0.0473889 0.244736 -0.968431 
vn -0.0390661 0.244825 -0.96878 
vn -0.079297 0.24424 -0.966467 
vn -0.0131286 0.24499 -0.969437 
vn -0.101851 0.243737 -0.964478 
vn -0.0982406 0.243826 -0.96483 
vn -0.195092 0.240304 -0.950891 
vn -0.161594 0.241791 -0.956778 
vn -0.19509 0.240304 -0.950891 
vn -0.382683 0.226361 -0.89572 
vn -0.382635 0.226366 -0.895739 
vn -0.323768 0.231814 -0.917298 
vn -0.32088 0.232055 -0.918252 
vn -0.204984 0.239809 -0.948933 
vn -0.980785 0.0477994 -0.189144 
vn -1 -4.62593e-15 -1.73472e-14 
vn -1 -4.62593e-15 -1.73472e-14 
vn -0.980785 0.0477994 -0.189144 
vn -1 -4.62593e-15 -1.73472e-14 
vn -1 -4.62593e-15 -1.73472e-14 
vn -1 -4.62593e-15 -1.73472e-14 
vn -0.992626 0.0296992 -0.117521 
vn -0.941056 0.0828753 -0.327941 
vn -0.92388 0.0937619 -0.371019 
vn -0.83147 0.136121 -0.538637 
vn -0.923899 0.0937504 -0.370974 
vn -0.88405 0.114517 -0.453147 
vn -0.837021 0.134063 -0.530493 
vn -0.707107 0.173249 -0.685554 
vn -0.831518 0.136103 -0.538566 
vn -0.55557 0.20372 -0.806127 
vn -0.674697 0.180842 -0.715598 
vn -0.640199 0.18822 -0.744794 
vn -0.598533 0.196278 -0.776681 
vn -0.707107 0.173249 -0.685554 
vn -0.992626 0.0296992 -0.117521 
vn -0.980785 0.0477994 -0.189144 
vn -0.980785 0.0477994 -0.189144 
vn -0.992626 0.0296992 -0.117521 
vn -1 -4.62593e-15 -1.15648e-15 
vn -0.941056 0.0828753 -0.327941 
vn -0.941056 0.0828753 -0.327941 
vn -0.92388 0.0937619 -0.371019 
vn -0.88405 0.114517 -0.453147 
vn -0.883972 0.114553 -0.453289 
vn -0.83147 0.136121 -0.538637 
vn -0.836944 0.134092 -0.530607 
vn -0.923899 0.0937504 -0.370974 
vn -0.837021 0.134063 -0.530493 
vn -0.707107 0.173249 -0.685554 
vn -0.707107 0.173249 -0.685554 
vn -0.674697 0.180842 -0.715598 
vn -0.674697 0.180842 -0.715598 
vn -0.640199 0.18822 -0.744794 
vn -0.598533 0.196278 -0.776681 
vn -0.55557 0.20372 -0.806127 
vn -0.598533 0.196278 -0.776681 
vn -0.640199 0.18822 -0.744794 
vn -0.555567 0.20372 -0.806129 
vn -0.992626 0.0296992 -0.117521 
vn -0.980785 0.0477994 -0.189144 
vn -0.980785 0.0477994 -0.189144 
vn -0.992626 0.0296992 -0.117521 
vn -1 -4.80236e-16 1.90031e-15 
vn -1 -4.80236e-16 1.90031e-15 
vn -1 -4.80236e-16 1.90031e-15 
vn -0.941056 0.0828753 -0.327941 
vn -0.941056 0.0828753 -0.327941 
vn -0.92388 0.0937619 -0.371019 
vn -0.88405 0.114517 -0.453147 
vn -0.883972 0.114553 -0.453289 
vn -0.83147 0.136121 -0.538637 
vn -0.836944 0.134092 -0.530607 
vn -0.923899 0.0937504 -0.370974 
vn -0.837021 0.134063 -0.530493 
vn -0.707107 0.173249 -0.685554 
vn -0.707107 0.173249 -0.685554 
vn -0.674697 0.180842 -0.715598 
vn -0.674697 0.180842 -0.715598 
vn -0.640199 0.18822 -0.744794 
vn -0.598533 0.196278 -0.776681 
vn -0.55557 0.20372 -0.806127 
vn -0.598533 0.196278 -0.776681 
vn -0.640199 0.18822 -0.744794 
vn -0.555567 0.20372 -0.806129 
vn -0.992626 0.0296992 -0.117521 
vn -1 -4.50079e-17 1.78098e-16 
vn -1 -4.50079e-17 1.78098e-16 
vn -0.992626 0.0296992 -0.117521 
vn -0.980785 0.0477994 -0.189144 
vn -0.980785 0.0477994 -0.189144 
vn -1 -4.50079e-17 1.78098e-16 
vn -0.941056 0.0828753 -0.327941 
vn -0.941056 0.0828753 -0.327941 
vn -0.92388 0.0937619 -0.371019 
vn -0.88405 0.114517 -0.453147 
vn -0.883972 0.114553 -0.453289 
vn -0.83147 0.136121 -0.538637 
vn -0.836944 0.134092 -0.530607 
vn -0.923899 0.0937504 -0.370974 
vn -0.837021 0.134063 -0.530493 
vn -0.707107 0.173249 -0.685554 
vn -0.707107 0.173249 -0.685554 
vn -0.674697 0.180842 -0.715598 
vn -0.674697 0.180842 -0.715598 
vn -0.640199 0.18822 -0.744794 
vn -0.598533 0.196278 -0.776681 
vn -0.55557 0.20372 -0.806127 
vn -0.598533 0.196278 -0.776681 
vn -0.640199 0.18822 -0.744794 
vn -0.555567 0.20372 -0.806129 
vn -0.992626 0.0296992 -0.117521 
vn -0.992626 0.0296992 -0.117521 
vn -0.980785 0.0477994 -0.189144 
vn -1 3.46945e-15 0 
vn -0.980785 0.0477994 -0.189144 
vn -0.941056 0.0828753 -0.327941 
vn -0.941056 0.0828753 -0.327941 
vn -0.92388 0.0937619 -0.371019 
vn -0.88405 0.114517 -0.453147 
vn -0.883972 0.114553 -0.453289 
vn -0.83147 0.136121 -0.538637 
vn -0.836944 0.134092 -0.530607 
vn -0.923899 0.0937504 -0.370974 
vn -0.837021 0.134063 -0.530493 
vn -0.707107 0.173249 -0.685554 
vn -0.707107 0.173249 -0.685554 
vn -0.674697 0.180842 -0.715598 
vn -0.674697 0.180842 -0.715598 
vn -0.640199 0.18822 -0.744794 
vn -0.598533 0.196278 -0.776681 
vn -0.55557 0.20372 -0.806127 
vn -0.598533 0.196278 -0.776681 
vn -0.640199 0.18822 -0.744794 
vn -0.555567 0.20372 -0.806129 
vn -0.554657 0.203869 -0.806718 
vn -0.493867 0.213047 -0.843034 
vn -0.549702 0.204673 -0.809899 
vn -0.433333 0.220813 -0.873764 
vn -0.476856 0.215361 -0.85219 
vn -0.493867 0.213047 -0.843034 
vn -0.549702 0.204673 -0.809899 
vn -0.433333 0.220813 -0.873764 
vn -0.433333 0.220813 -0.873764 
vn -0.433333 0.220813 -0.873764 
vn -0.433333 0.220813 -0.873764 
vn -0.433333 0.220813 -0.873764 
vn -0.433333 0.220813 -0.873764 
vn -0.433333 0.220813 -0.873764 
vn -0.549447 0.204714 -0.810062 
vn -0.493867 0.213047 -0.843034 
vn -0.549447 0.204714 -0.810062 
vn -0.493867 0.213047 -0.843034 
vn -0.493867 0.213047 -0.843034 
vn -0.549702 0.204673 -0.809899 
vn -0.549447 0.204714 -0.810062 
vn -0.493867 0.213047 -0.843034 
vn -0.493867 0.213047 -0.843034 
vn -0.549702 0.204673 -0.809899 
vn -0.493867 0.213047 -0.843034 
vn -0.549702 0.204673 -0.809899 
vn -0.433333 0.220813 -0.873764 
vn -0.549447 0.204714 -0.810062 
vn -0.433333 0.220813 -0.873764 
vn -0.493867 0.213047 -0.843034 
vn -0.549447 0.204714 -0.810062 
vn -0.493867 0.213047 -0.843034 
vn -0.55557 0.20372 -0.806127 
vn -0.707107 0.173249 -0.685554 
vn -0.707852 0.173067 -0.684831 
vn -0.598533 0.196278 -0.776681 
vn -0.640199 0.18822 -0.744794 
vn -0.555567 0.20372 -0.806129 
vn -0.674697 0.180842 -0.715598 
vn -0.83147 0.136121 -0.538637 
vn -0.776968 0.154245 -0.610352 
vn -0.830826 0.136357 -0.539569 
vn -0.836944 0.134092 -0.530607 
vn -0.924294 0.0935162 -0.370047 
vn -0.883972 0.114553 -0.453289 
vn -0.941056 0.0828753 -0.327941 
vn -0.960345 0.0683129 -0.270317 
vn -0.980791 0.047792 -0.189115 
vn -0.92388 0.0937619 -0.371019 
vn -0.992626 0.0296992 -0.117521 
vn -1 3.46945e-15 2.89121e-16 
vn -1 3.46945e-15 2.89121e-16 
vn -1 3.46945e-15 2.89121e-16 
vn -1 3.46945e-15 2.89121e-16 
vn -0.98764 0.0384022 -0.151959 
vn -0.980785 0.0477994 -0.189144 
vn -1 4.62593e-15 1.32995e-14 
vn -0.831518 0.136103 -0.538566 
vn -1 4.62593e-15 1.32995e-14 
vn -0.831518 0.136103 -0.538566 
vn -0.831518 0.136103 -0.538566 
vn -0.831518 0.136103 -0.538566 
vn -1 4.62593e-15 1.32995e-14 
vn 0 0.245012 -0.96952 
f 6370//6370 6371//6371 6372//6372 
f 6370//6370 6373//6373 6371//6371 
f 6372//6372 6374//6374 6370//6370 
f 6370//6370 6375//6375 6373//6373 
f 6376//6376 6377//6377 6378//6378 
f 6378//6378 6370//6370 6376//6376 
f 6376//6376 6379//6379 6377//6377 
f 6378//6378 6375//6375 6370//6370 
f 6380//6380 6381//6381 6382//6382 
f 6382//6382 6379//6379 6383//6383 
f 6382//6382 6383//6383 6380//6380 
f 6382//6382 6384//6384 6379//6379 
f 6385//6385 6386//6386 6387//6387 
f 6388//6388 6389//6389 6386//6386 
f 6388//6388 6390//6390 6389//6389 
f 6386//6386 6385//6385 6388//6388 
f 6387//6387 6391//6391 6392//6392 
f 6393//6393 6394//6394 6388//6388 
f 6388//6388 6385//6385 6393//6393 
f 6395//6395 6394//6394 6396//6396 
f 6396//6396 6397//6397 6395//6395 
f 6397//6397 6398//6398 6395//6395 
f 6399//6399 6395//6395 6400//6400 
f 6401//6401 6402//6402 6403//6403 
f 6403//6403 6404//6404 6401//6401 
f 6401//6401 6399//6399 6405//6405 
f 6405//6405 6402//6402 6401//6401 
f 6406//6406 6407//6407 6408//6408 
f 6409//6409 6410//6410 6406//6406 
f 6408//6408 6409//6409 6406//6406 
f 6411//6411 6412//6412 6408//6408 
f 6411//6411 6413//6413 6412//6412 
f 6408//6408 6407//6407 6411//6411 
f 6414//6414 6415//6415 6413//6413 
f 6414//6414 6416//6416 6417//6417 
f 6417//6417 6415//6415 6414//6414 
f 6413//6413 6418//6418 6414//6414 
f 6414//6414 6419//6419 6416//6416 
f 6420//6420 6421//6421 6416//6416 
f 6422//6422 6423//6423 6424//6424 
f 6424//6424 6425//6425 6422//6422 
f 6422//6422 6421//6421 6420//6420 
f 6420//6420 6423//6423 6422//6422 
f 6426//6426 6427//6427 6428//6428 
f 6426//6426 6429//6429 6427//6427 
f 6428//6428 6422//6422 6426//6426 
f 6430//6430 6431//6431 6432//6432 
f 6432//6432 6433//6433 6430//6430 
f 6430//6430 6434//6434 6435//6435 
f 6435//6435 6436//6436 6430//6430 
f 6437//6437 6438//6438 6432//6432 
f 6437//6437 6439//6439 6438//6438 
f 6432//6432 6431//6431 6437//6437 
f 6440//6440 6441//6441 6439//6439 
f 6440//6440 6442//6442 6443//6443 
f 6443//6443 6441//6441 6440//6440 
f 6439//6439 6444//6444 6440//6440 
f 6440//6440 6445//6445 6442//6442 
f 6446//6446 6447//6447 6442//6442 
f 6448//6448 6449//6449 6450//6450 
f 6450//6450 6451//6451 6448//6448 
f 6448//6448 6447//6447 6446//6446 
f 6446//6446 6449//6449 6448//6448 
f 6452//6452 6453//6453 6454//6454 
f 6452//6452 6455//6455 6453//6453 
f 6454//6454 6448//6448 6452//6452 
f 6456//6456 6457//6457 6458//6458 
f 6459//6459 6460//6460 6461//6461 
f 6456//6456 6462//6462 6459//6459 
f 6461//6461 6456//6456 6459//6459 
f 6463//6463 6464//6464 6461//6461 
f 6463//6463 6465//6465 6464//6464 
f 6461//6461 6460//6460 6463//6463 
f 6466//6466 6467//6467 6465//6465 
f 6466//6466 6468//6468 6469//6469 
f 6469//6469 6467//6467 6466//6466 
f 6465//6465 6470//6470 6466//6466 
f 6466//6466 6471//6471 6468//6468 
f 6472//6472 6473//6473 6468//6468 
f 6474//6474 6475//6475 6476//6476 
f 6476//6476 6477//6477 6474//6474 
f 6474//6474 6473//6473 6472//6472 
f 6472//6472 6475//6475 6474//6474 
f 6478//6478 6479//6479 6480//6480 
f 6478//6478 6481//6481 6479//6479 
f 6480//6480 6474//6474 6478//6478 
f 6482//6482 6483//6483 6484//6484 
f 6482//6482 6485//6485 6483//6483 
f 6484//6484 6486//6486 6482//6482 
f 6487//6487 6486//6486 6484//6484 
f 6488//6488 6489//6489 6487//6487 
f 6484//6484 6488//6488 6487//6487 
f 6490//6490 6491//6491 6489//6489 
f 6490//6490 6492//6492 6493//6493 
f 6493//6493 6491//6491 6490//6490 
f 6489//6489 6494//6494 6490//6490 
f 6490//6490 6495//6495 6492//6492 
f 6496//6496 6497//6497 6492//6492 
f 6498//6498 6499//6499 6500//6500 
f 6500//6500 6501//6501 6498//6498 
f 6498//6498 6497//6497 6496//6496 
f 6496//6496 6499//6499 6498//6498 
f 6502//6502 6503//6503 6504//6504 
f 6502//6502 6505//6505 6503//6503 
f 6504//6504 6498//6498 6502//6502 
f 6506//6506 6507//6507 6508//6508 
f 6506//6506 6509//6509 6507//6507 
f 6381//6381 6380//6380 6509//6509 
f 6509//6509 6506//6506 6510//6510 
f 6509//6509 6510//6510 6381//6381 
f 6452//6452 6511//6511 6512//6512 
f 6452//6452 6513//6513 6511//6511 
f 6380//6380 6514//6514 6515//6515 
f 6380//6380 6516//6516 6517//6517 
f 6380//6380 6513//6513 6518//6518 
f 6518//6518 6516//6516 6380//6380 
f 6380//6380 6519//6519 6513//6513 
f 6517//6517 6514//6514 6380//6380 
f 6513//6513 6452//6452 6520//6520 
f 6520//6520 6521//6521 6513//6513 
f 6521//6521 6518//6518 6513//6513 
f 6514//6514 6522//6522 6523//6523 
f 6502//6502 6524//6524 6525//6525 
f 6502//6502 6522//6522 6514//6514 
f 6514//6514 6524//6524 6502//6502 
f 6525//6525 6505//6505 6502//6502 
f 6523//6523 6515//6515 6514//6514 
f 6515//6515 6509//6509 6380//6380 
f 6516//6516 6526//6526 6527//6527 
f 6478//6478 6528//6528 6529//6529 
f 6478//6478 6526//6526 6516//6516 
f 6516//6516 6528//6528 6478//6478 
f 6529//6529 6481//6481 6478//6478 
f 6527//6527 6517//6517 6516//6516 
f 6426//6426 6530//6530 6531//6531 
f 6426//6426 6532//6532 6530//6530 
f 6532//6532 6426//6426 6533//6533 
f 6380//6380 6534//6534 6532//6532 
f 6532//6532 6519//6519 6380//6380 
f 6532//6532 6535//6535 6519//6519 
f 6533//6533 6535//6535 6532//6532 
f 6380//6380 6536//6536 6537//6537 
f 6536//6536 6380//6380 6401//6401 
f 6401//6401 6538//6538 6536//6536 
f 6537//6537 6534//6534 6380//6380 
f 6531//6531 6429//6429 6426//6426 
f 6512//6512 6455//6455 6452//6452 
f 6539//6539 6540//6540 6506//6506 
f 6506//6506 6541//6541 6542//6542 
f 6506//6506 6543//6543 6541//6541 
f 6542//6542 6544//6544 6506//6506 
f 6545//6545 6546//6546 6540//6540 
f 6545//6545 6547//6547 6546//6546 
f 6548//6548 6549//6549 6547//6547 
f 6547//6547 6545//6545 6548//6548 
f 6548//6548 6550//6550 6549//6549 
f 6551//6551 6552//6552 6549//6549 
f 6551//6551 6553//6553 6552//6552 
f 6549//6549 6554//6554 6551//6551 
f 6555//6555 6556//6556 6557//6557 
f 6558//6558 6559//6559 6560//6560 
f 6561//6561 6555//6555 6562//6562 
f 6562//6562 6553//6553 6561//6561 
f 6562//6562 6558//6558 6553//6553 
f 6560//6560 6553//6553 6558//6558 
f 6557//6557 6562//6562 6555//6555 
f 6551//6551 6561//6561 6553//6553 
f 6550//6550 6554//6554 6549//6549 
f 6540//6540 6539//6539 6545//6545 
f 6506//6506 6544//6544 6539//6539 
f 6508//6508 6543//6543 6506//6506 
f 6501//6501 6502//6502 6498//6498 
f 6492//6492 6563//6563 6496//6496 
f 6495//6495 6563//6563 6492//6492 
f 6488//6488 6494//6494 6489//6489 
f 6482//6482 6564//6564 6485//6485 
f 6477//6477 6478//6478 6474//6474 
f 6468//6468 6565//6565 6472//6472 
f 6471//6471 6565//6565 6468//6468 
f 6463//6463 6470//6470 6465//6465 
f 6458//6458 6462//6462 6456//6456 
f 6451//6451 6452//6452 6448//6448 
f 6442//6442 6566//6566 6446//6446 
f 6445//6445 6566//6566 6442//6442 
f 6437//6437 6444//6444 6439//6439 
f 6433//6433 6434//6434 6430//6430 
f 6425//6425 6426//6426 6422//6422 
f 6416//6416 6567//6567 6420//6420 
f 6419//6419 6567//6567 6416//6416 
f 6411//6411 6418//6418 6413//6413 
f 6409//6409 6568//6568 6410//6410 
f 6404//6404 6538//6538 6401//6401 
f 6400//6400 6405//6405 6399//6399 
f 6398//6398 6400//6400 6395//6395 
f 6393//6393 6396//6396 6394//6394 
f 6387//6387 6392//6392 6385//6385 
f 6384//6384 6377//6377 6379//6379 
f 6374//6374 6569//6569 6370//6370 
o mesh3842
v 0.3177 0.168364 -0.00806878 
v 0.3177 0.168711 -0.00751622 
v 0.3177 0.169821 -0.00853635 
v 0.3177 0.169169 -0.00705172 
v 0.3177 0.170031 -0.00828913 
v 0.3177 0.168145 -0.00868326 
v 0.3177 0.169669 -0.00882292 
v 0.3177 0.169717 -0.00669725 
v 0.3177 0.17029 -0.00809284 
v 0.3177 0.170328 -0.00646957 
v 0.3177 0.170584 -0.00795665 
v 0.3177 0.172248 -0.00662222 
v 0.3177 0.172816 -0.00694363 
v 0.3177 0.171836 -0.00809284 
v 0.3177 0.173301 -0.00738019 
v 0.3177 0.172094 -0.00828913 
v 0.3177 0.17368 -0.00791123 
v 0.3177 0.172304 -0.00853635 
v 0.3177 0.173935 -0.00851166 
v 0.3177 0.172456 -0.00882292 
v 0.3177 0.174054 -0.00915306 
v 0.3177 0.172543 -0.00913546 
v 0.3177 0.174032 -0.0098051 
v 0.3177 0.172561 -0.00945934 
v 0.3177 0.172388 -0.0100807 
v 0.3177 0.173854 -0.0107418 
v 0.3177 0.173891 -0.0108383 
v 0.3177 0.169261 -0.0121065 
v 0.3177 0.17074 -0.0108431 
v 0.3177 0.171063 -0.0108781 
v 0.3177 0.169096 -0.0116434 
v 0.3177 0.168653 -0.0111646 
v 0.3177 0.16992 -0.0103492 
v 0.3177 0.168063 -0.00933061 
v 0.3177 0.169583 -0.00913546 
v 0.3177 0.170974 -0.00637944 
v 0.3177 0.170901 -0.00788692 
v 0.3177 0.171624 -0.00643114 
v 0.3177 0.171542 -0.00795665 
v 0.3177 0.173838 -0.0106399 
v 0.3177 0.173945 -0.0109228 
v 0.3177 0.171385 -0.0108431 
v 0.3177 0.170433 -0.0107395 
v 0.3177 0.169254 -0.0119043 
v 0.3177 0.16922 -0.011807 
v 0.3177 0.169268 -0.0120066 
v 0.3177 0.170155 -0.0105723 
v 0.3177 0.169167 -0.0117187 
v 0.3177 0.168124 -0.00998021 
v 0.3177 0.169565 -0.00945934 
v 0.3177 0.171225 -0.00788692 
v 0.3177 0.173844 -0.0105368 
v 0.3177 0.172508 -0.00977942 
v 0.3177 0.17387 -0.010437 
v 0.3177 0.171693 -0.0107395 
v 0.3177 0.171971 -0.0105723 
v 0.3177 0.168324 -0.0106013 
v 0.3177 0.169738 -0.0100807 
v 0.3177 0.169618 -0.00977942 
v 0.3177 0.172206 -0.0103492 
vn -1 0 0 
vn -1 0 0 
vn -1 0 0 
vn -1 0 0 
vn -1 0 0 
vn -1 0 0 
vn -1 0 0 
vn -1 0 0 
vn -1 0 0 
vn -1 0 0 
vn -1 0 0 
vn -1 0 0 
vn -1 0 0 
vn -1 0 0 
vn -1 0 0 
vn -1 0 0 
vn -1 0 0 
vn -1 0 0 
vn -1 0 0 
vn -1 0 0 
vn -1 0 0 
vn -1 0 0 
vn -1 0 0 
vn -1 0 0 
vn -1 0 0 
vn -1 0 0 
vn -1 0 0 
vn -1 0 0 
vn -1 0 0 
vn -1 0 0 
vn -1 0 0 
vn -1 0 0 
vn -1 0 0 
vn -1 0 0 
vn -1 0 0 
vn -1 0 0 
vn -1 0 0 
vn -1 0 0 
vn -1 0 0 
vn -1 0 0 
vn -1 0 0 
vn -1 0 0 
vn -1 0 0 
vn -1 0 0 
vn -1 0 0 
vn -1 0 0 
vn -1 0 0 
vn -1 0 0 
vn -1 0 0 
vn -1 0 0 
vn -1 0 0 
vn -1 0 0 
vn -1 0 0 
vn -1 0 0 
vn -1 0 0 
vn -1 0 0 
vn -1 0 0 
vn -1 0 0 
vn -1 0 0 
vn -1 0 0 
f 6570//6570 6571//6571 6572//6572 
f 6571//6571 6573//6573 6574//6574 
f 6575//6575 6570//6570 6576//6576 
f 6574//6574 6572//6572 6571//6571 
f 6573//6573 6577//6577 6578//6578 
f 6577//6577 6579//6579 6580//6580 
f 6581//6581 6582//6582 6583//6583 
f 6582//6582 6584//6584 6585//6585 
f 6584//6584 6586//6586 6587//6587 
f 6586//6586 6588//6588 6589//6589 
f 6588//6588 6590//6590 6591//6591 
f 6590//6590 6592//6592 6593//6593 
f 6594//6594 6595//6595 6596//6596 
f 6597//6597 6598//6598 6599//6599 
f 6600//6600 6601//6601 6602//6602 
f 6603//6603 6575//6575 6604//6604 
f 6572//6572 6576//6576 6570//6570 
f 6580//6580 6578//6578 6577//6577 
f 6579//6579 6605//6605 6606//6606 
f 6607//6607 6581//6581 6608//6608 
f 6585//6585 6583//6583 6582//6582 
f 6589//6589 6587//6587 6586//6586 
f 6593//6593 6591//6591 6590//6590 
f 6594//6594 6609//6609 6595//6595 
f 6610//6610 6597//6597 6611//6611 
f 6597//6597 6612//6612 6598//6598 
f 6612//6612 6613//6613 6614//6614 
f 6612//6612 6597//6597 6615//6615 
f 6616//6616 6617//6617 6600//6600 
f 6618//6618 6603//6603 6619//6619 
f 6576//6576 6604//6604 6575//6575 
f 6606//6606 6580//6580 6579//6579 
f 6605//6605 6607//6607 6620//6620 
f 6583//6583 6608//6608 6581//6581 
f 6591//6591 6589//6589 6588//6588 
f 6594//6594 6621//6621 6609//6609 
f 6594//6594 6622//6622 6623//6623 
f 6610//6610 6624//6624 6625//6625 
f 6599//6599 6611//6611 6597//6597 
f 6615//6615 6613//6613 6612//6612 
f 6616//6616 6614//6614 6617//6617 
f 6601//6601 6626//6626 6627//6627 
f 6626//6626 6618//6618 6628//6628 
f 6604//6604 6619//6619 6603//6603 
f 6620//6620 6606//6606 6605//6605 
f 6587//6587 6585//6585 6584//6584 
f 6592//6592 6623//6623 6622//6622 
f 6623//6623 6621//6621 6594//6594 
f 6611//6611 6624//6624 6610//6610 
f 6602//6602 6616//6616 6600//6600 
f 6628//6628 6627//6627 6626//6626 
f 6578//6578 6574//6574 6573//6573 
f 6622//6622 6593//6593 6592//6592 
f 6610//6610 6629//6629 6594//6594 
f 6614//6614 6616//6616 6612//6612 
f 6619//6619 6628//6628 6618//6618 
f 6596//6596 6610//6610 6594//6594 
f 6627//6627 6602//6602 6601//6601 
f 6625//6625 6629//6629 6610//6610 
f 6608//6608 6620//6620 6607//6607 
o mesh3843
v 0.3177 0.168145 -0.00868326 
v 0.3177 0.168063 -0.00933061 
v 0.316 0.168063 -0.00933061 
v 0.3177 0.168364 -0.00806878 
v 0.316 0.168145 -0.00868326 
v 0.3177 0.168711 -0.00751622 
v 0.316 0.16844 -0.00794792 
v 0.316 0.168364 -0.00806878 
v 0.3177 0.169169 -0.00705172 
v 0.316 0.168711 -0.00751622 
v 0.3177 0.169717 -0.00669725 
v 0.316 0.169169 -0.00705172 
v 0.3177 0.170328 -0.00646957 
v 0.316 0.169717 -0.00669725 
v 0.3177 0.170974 -0.00637944 
v 0.316 0.170328 -0.00646957 
v 0.3177 0.171624 -0.00643114 
v 0.316 0.170974 -0.00637944 
v 0.3177 0.172248 -0.00662222 
v 0.316 0.171624 -0.00643114 
v 0.3177 0.172816 -0.00694363 
v 0.316 0.172248 -0.00662222 
v 0.3177 0.173301 -0.00738019 
v 0.316 0.172816 -0.00694363 
v 0.3177 0.17368 -0.00791123 
v 0.316 0.173301 -0.00738019 
v 0.3177 0.173935 -0.00851166 
v 0.316 0.173808 -0.00816861 
v 0.316 0.173698 -0.00794792 
v 0.316 0.17368 -0.00791123 
v 0.316058 0.173991 -0.00872606 
v 0.316177 0.174054 -0.00915306 
v 0.316022 0.173935 -0.00851166 
v 0.3177 0.174054 -0.00915306 
v 0.316348 0.174058 -0.00955226 
v 0.31649 0.174031 -0.00980498 
v 0.316228 0.174062 -0.00928875 
v 0.3177 0.174032 -0.0098051 
v 0.316879 0.173907 -0.0103316 
v 0.316976 0.17387 -0.010437 
v 0.316506 0.174028 -0.00983211 
v 0.3177 0.168653 -0.0111646 
v 0.3177 0.169096 -0.0116434 
v 0.316976 0.169096 -0.0116434 
v 0.316879 0.169013 -0.0115685 
v 0.316508 0.16867 -0.0111842 
v 0.3177 0.168324 -0.0106013 
v 0.316489 0.168653 -0.0111646 
v 0.316348 0.16851 -0.0109538 
v 0.316234 0.168386 -0.0107201 
v 0.3177 0.168124 -0.00998021 
v 0.316177 0.168324 -0.0106013 
v 0.316058 0.168176 -0.0101955 
v 0.316022 0.168124 -0.00998021 
v 0.316 0.168073 -0.00961812 
v 0.3177 0.17387 -0.010437 
vn 0 0.972806 -0.231621 
vn 0 0.999875 -0.0158389 
vn 0 0.999875 -0.0158389 
vn 0 0.899729 -0.436449 
vn 0 0.972806 -0.231621 
vn 0 0.7841 -0.620635 
vn 0 0.877992 -0.478676 
vn 0 0.899729 -0.436449 
vn 0 0.631387 -0.775468 
vn 0 0.7841 -0.620635 
vn 0 0.448812 -0.893626 
vn 0 0.631387 -0.775468 
vn 0 0.245012 -0.96952 
vn 0 0.448812 -0.893626 
vn 0 0.0296231 -0.999561 
vn 0 0.245012 -0.96952 
vn 0 -0.187166 -0.982328 
vn 0 0.0296231 -0.999561 
vn 0 -0.395104 -0.918636 
vn 0 -0.187166 -0.982328 
vn 0 -0.584355 -0.811498 
vn 0 -0.395104 -0.918636 
vn 0 -0.745969 -0.66598 
vn 0 -0.584355 -0.811498 
vn 0 -0.872303 -0.488965 
vn 0 -0.745969 -0.66598 
vn 0 -0.957382 -0.288824 
vn 0 -0.915125 -0.403171 
vn 0 -0.8789 -0.477006 
vn 0 -0.872303 -0.488965 
vn 0 -0.976093 -0.217355 
vn 0 -0.997182 -0.0750239 
vn 0 -0.957382 -0.288824 
vn 0 -0.997182 -0.0750239 
vn 0 -0.998314 0.0580434 
vn 0 -0.989818 0.142338 
vn 0 -0.999556 -0.0297941 
vn 0 -0.98982 0.142325 
vn 0 -0.948151 0.317819 
vn 0 -0.935645 0.352942 
vn 0 -0.988484 0.151326 
vn 0 0.803364 0.595488 
vn 0 0.655632 0.755081 
vn 0 0.655632 0.755081 
vn 0 0.683323 0.730116 
vn 0 0.798126 0.602491 
vn 0 0.913102 0.407732 
vn 0 0.803364 0.595488 
vn 0 0.85096 0.52523 
vn 0 0.89392 0.448226 
vn 0 0.979654 0.200692 
vn 0 0.913102 0.407732 
vn 0 0.962164 0.27247 
vn 0 0.979654 0.200692 
vn 0 0.996795 0.079998 
vn 0 -0.935645 0.352942 
f 6630//6630 6631//6631 6632//6632 
f 6633//6633 6630//6630 6634//6634 
f 6635//6635 6633//6633 6636//6636 
f 6633//6633 6637//6637 6636//6636 
f 6638//6638 6635//6635 6639//6639 
f 6640//6640 6638//6638 6641//6641 
f 6642//6642 6640//6640 6643//6643 
f 6644//6644 6642//6642 6645//6645 
f 6646//6646 6644//6644 6647//6647 
f 6648//6648 6646//6646 6649//6649 
f 6650//6650 6648//6648 6651//6651 
f 6652//6652 6650//6650 6653//6653 
f 6654//6654 6652//6652 6655//6655 
f 6656//6656 6654//6654 6657//6657 
f 6654//6654 6658//6658 6657//6657 
f 6654//6654 6659//6659 6658//6658 
f 6656//6656 6660//6660 6661//6661 
f 6656//6656 6662//6662 6660//6660 
f 6663//6663 6664//6664 6665//6665 
f 6663//6663 6666//6666 6664//6664 
f 6663//6663 6661//6661 6666//6666 
f 6667//6667 6668//6668 6669//6669 
f 6667//6667 6665//6665 6670//6670 
f 6670//6670 6668//6668 6667//6667 
f 6671//6671 6672//6672 6673//6673 
f 6673//6673 6674//6674 6671//6671 
f 6674//6674 6675//6675 6671//6671 
f 6676//6676 6671//6671 6677//6677 
f 6677//6677 6678//6678 6676//6676 
f 6678//6678 6679//6679 6676//6676 
f 6680//6680 6676//6676 6681//6681 
f 6681//6681 6682//6682 6680//6680 
f 6680//6680 6683//6683 6684//6684 
f 6684//6684 6631//6631 6680//6680 
f 6684//6684 6632//6632 6631//6631 
f 6682//6682 6683//6683 6680//6680 
f 6679//6679 6681//6681 6676//6676 
f 6675//6675 6677//6677 6671//6671 
f 6669//6669 6685//6685 6667//6667 
f 6665//6665 6667//6667 6663//6663 
f 6661//6661 6663//6663 6656//6656 
f 6657//6657 6662//6662 6656//6656 
f 6655//6655 6659//6659 6654//6654 
f 6653//6653 6655//6655 6652//6652 
f 6651//6651 6653//6653 6650//6650 
f 6649//6649 6651//6651 6648//6648 
f 6647//6647 6649//6649 6646//6646 
f 6645//6645 6647//6647 6644//6644 
f 6643//6643 6645//6645 6642//6642 
f 6641//6641 6643//6643 6640//6640 
f 6639//6639 6641//6641 6638//6638 
f 6636//6636 6639//6639 6635//6635 
f 6634//6634 6637//6637 6633//6633 
f 6632//6632 6634//6634 6630//6630 
o mesh3844
v 0.3177 0.17387 -0.010437 
v 0.316976 0.17387 -0.010437 
v 0.317079 0.173844 -0.0105368 
v 0.3177 0.173844 -0.0105368 
v 0.317204 0.173838 -0.0106399 
v 0.3177 0.173838 -0.0106399 
v 0.317334 0.173853 -0.0107298 
v 0.317351 0.173854 -0.0107418 
v 0.3177 0.173854 -0.0107418 
v 0.317518 0.173891 -0.0108383 
v 0.3177 0.173945 -0.0109228 
v 0.3177 0.173891 -0.0108383 
vn 0 -0.935645 0.352942 
vn 0 -0.935645 0.352942 
vn 0 -0.988179 0.153303 
vn 0 -0.988179 0.153303 
vn 0 -0.998601 -0.0528696 
vn 0 -0.998601 -0.0528696 
vn 0 -0.972418 -0.233244 
vn 0 -0.966467 -0.256789 
vn 0 -0.966467 -0.256789 
vn 0 -0.893147 -0.449765 
vn 0 -0.785595 -0.618741 
vn 0 -0.893147 -0.449765 
f 6686//6686 6687//6687 6688//6688 
f 6689//6689 6688//6688 6690//6690 
f 6691//6691 6692//6692 6693//6693 
f 6691//6691 6690//6690 6692//6692 
f 6694//6694 6693//6693 6695//6695 
f 6696//6696 6697//6697 6695//6695 
f 6695//6695 6697//6697 6694//6694 
f 6693//6693 6694//6694 6691//6691 
f 6690//6690 6691//6691 6689//6689 
f 6688//6688 6689//6689 6686//6686 
o mesh3845
v 0.3177 0.169254 -0.0119043 
v 0.3177 0.169268 -0.0120066 
v 0.317518 0.169268 -0.0120066 
v 0.3177 0.16922 -0.011807 
v 0.317352 0.169253 -0.0119045 
v 0.317333 0.169252 -0.011893 
v 0.3177 0.169167 -0.0117187 
v 0.317204 0.16922 -0.011807 
v 0.3177 0.169096 -0.0116434 
v 0.317079 0.169167 -0.0117187 
v 0.316976 0.169096 -0.0116434 
v 0.3177 0.169261 -0.0121065 
vn 0 0.972429 0.233198 
vn 0 0.999592 0.0285569 
vn 0 0.999592 0.0285569 
vn 0 0.903826 0.427901 
vn 0 0.97239 0.233361 
vn 0 0.96672 0.255838 
vn 0 0.796705 0.604369 
vn 0 0.903826 0.427901 
vn 0 0.655632 0.755081 
vn 0 0.796705 0.604369 
vn 0 0.655632 0.755081 
vn 0 0.985231 -0.171228 
f 6698//6698 6699//6699 6700//6700 
f 6701//6701 6698//6698 6702//6702 
f 6702//6702 6703//6703 6701//6701 
f 6704//6704 6701//6701 6705//6705 
f 6706//6706 6704//6704 6707//6707 
f 6707//6707 6708//6708 6706//6706 
f 6705//6705 6707//6707 6704//6704 
f 6703//6703 6705//6705 6701//6701 
f 6700//6700 6702//6702 6698//6698 
f 6700//6700 6699//6699 6709//6709 
