# OBJ generated by ONSHAPE BY PTC INC, 1.221 Units = meters
mtllib Part_1_16.mtl
g Part 1
usemtl 0.615686_0.811765_0.929412_0.000000_0.000000
o mesh4063
v 0.0460428 -0.0190739 -0.046735 
v 0.0460428 -0.0187515 -0.0467701 
v 0.02 -0.0187515 -0.0467701 
v 0.0460428 -0.0193813 -0.0466315 
v 0.02 -0.0190739 -0.046735 
v 0.0460428 -0.0196592 -0.0464642 
v 0.02 -0.0193813 -0.0466315 
v 0.0460428 -0.0198947 -0.0462412 
v 0.02 -0.0196592 -0.0464642 
v 0.02 -0.0200768 -0.0459727 
v 0.0460428 -0.0200768 -0.0459727 
v 0.0460428 -0.0199667 -0.046135 
v 0.02 -0.0198947 -0.0462412 
v 0.0460428 -0.0201968 -0.0456714 
v 0.0460428 -0.0202493 -0.0453513 
v 0.02 -0.0201968 -0.0456714 
v 0.0460428 -0.0202317 -0.0450274 
v 0.02 -0.0202493 -0.0453513 
v 0.0460428 -0.020145 -0.0447149 
v 0.02 -0.0202317 -0.0450274 
v 0.0460428 -0.019993 -0.0444283 
v 0.02 -0.020145 -0.0447149 
v 0.0460428 -0.019783 -0.0441811 
v 0.02 -0.019993 -0.0444283 
v 0.0460428 -0.0195248 -0.0439848 
v 0.02 -0.019783 -0.0441811 
v 0.0460428 -0.0192304 -0.0438486 
v 0.02 -0.0195248 -0.0439848 
v 0.0460428 -0.0189137 -0.0437789 
v 0.02 -0.0192304 -0.0438486 
v 0.0460428 -0.0185893 -0.0437789 
v 0.02 -0.0189137 -0.0437789 
v 0.0460428 -0.0182725 -0.0438486 
v 0.02 -0.0185893 -0.0437789 
v 0.0460428 -0.0179782 -0.0439848 
v 0.02 -0.0182725 -0.0438486 
v 0.0460428 -0.0177199 -0.0441811 
v 0.02 -0.0179782 -0.0439848 
v 0.0460428 -0.01751 -0.0444283 
v 0.02 -0.0177199 -0.0441811 
v 0.0460428 -0.017358 -0.0447149 
v 0.02 -0.01751 -0.0444283 
v 0.0460428 -0.0172712 -0.0450274 
v 0.02 -0.017358 -0.0447149 
v 0.0460428 -0.0172537 -0.0453513 
v 0.02 -0.0172712 -0.0450274 
v 0.0460428 -0.0173062 -0.0456714 
v 0.02 -0.0172537 -0.0453513 
v 0.0460428 -0.0174262 -0.0459727 
v 0.02 -0.0173062 -0.0456714 
v 0.02 -0.0176082 -0.0462412 
v 0.0460428 -0.0176082 -0.0462412 
v 0.0460428 -0.0175363 -0.046135 
v 0.02 -0.0174262 -0.0459727 
v 0.0460428 -0.0178437 -0.0464642 
v 0.0460428 -0.0181217 -0.0466315 
v 0.02 -0.0178437 -0.0464642 
v 0.0460428 -0.018429 -0.046735 
v 0.02 -0.0181217 -0.0466315 
v 0.02 -0.018429 -0.046735 
vn 0 0.21497 0.976621 
vn 0 2.44929e-16 1 
vn 0 2.44929e-16 1 
vn 0 0.419889 0.907575 
vn 0 0.21497 0.976621 
vn 0 0.605174 0.796093 
vn 0 0.419889 0.907575 
vn 0 0.762162 0.647386 
vn 0 0.605174 0.796093 
vn 0 0.883512 0.468408 
vn 0 0.883512 0.468408 
vn 0 0.814699 0.579884 
vn 0 0.762162 0.647386 
vn 0 0.96355 0.267528 
vn 0 0.998533 0.0541389 
vn 0 0.96355 0.267528 
vn 0 0.986827 -0.161782 
vn 0 0.998533 0.0541389 
vn 0 0.928977 -0.370138 
vn 0 0.986827 -0.161782 
vn 0 0.827689 -0.561187 
vn 0 0.928977 -0.370138 
vn 0 0.687699 -0.725995 
vn 0 0.827689 -0.561187 
vn 0 0.515554 -0.856857 
vn 0 0.687699 -0.725995 
vn 0 0.319302 -0.947653 
vn 0 0.515554 -0.856857 
vn 0 0.108119 -0.994138 
vn 0 0.319302 -0.947653 
vn 0 -0.108119 -0.994138 
vn 0 0.108119 -0.994138 
vn 0 -0.319302 -0.947653 
vn 0 -0.108119 -0.994138 
vn 0 -0.515554 -0.856857 
vn 0 -0.319302 -0.947653 
vn 0 -0.687699 -0.725995 
vn 0 -0.515554 -0.856857 
vn 0 -0.827689 -0.561187 
vn 0 -0.687699 -0.725995 
vn 0 -0.928977 -0.370138 
vn 0 -0.827689 -0.561187 
vn 0 -0.986827 -0.161782 
vn 0 -0.928977 -0.370138 
vn 0 -0.998533 0.0541389 
vn 0 -0.986827 -0.161782 
vn 0 -0.96355 0.267528 
vn 0 -0.998533 0.0541389 
vn 0 -0.883512 0.468408 
vn 0 -0.96355 0.267528 
vn 0 -0.762162 0.647386 
vn 0 -0.762162 0.647386 
vn 0 -0.814699 0.579884 
vn 0 -0.883512 0.468408 
vn 0 -0.605174 0.796093 
vn 0 -0.419889 0.907575 
vn 0 -0.605174 0.796093 
vn 0 -0.21497 0.976621 
vn 0 -0.419889 0.907575 
vn 0 -0.21497 0.976621 
f 1//1 2//2 3//3 
f 4//4 1//1 5//5 
f 6//6 4//4 7//7 
f 8//8 6//6 9//9 
f 10//10 11//11 12//12 
f 12//12 13//13 10//10 
f 14//14 11//11 10//10 
f 15//15 14//14 16//16 
f 17//17 15//15 18//18 
f 19//19 17//17 20//20 
f 21//21 19//19 22//22 
f 23//23 21//21 24//24 
f 25//25 23//23 26//26 
f 27//27 25//25 28//28 
f 29//29 27//27 30//30 
f 31//31 29//29 32//32 
f 33//33 31//31 34//34 
f 35//35 33//33 36//36 
f 37//37 35//35 38//38 
f 39//39 37//37 40//40 
f 41//41 39//39 42//42 
f 43//43 41//41 44//44 
f 45//45 43//43 46//46 
f 47//47 45//45 48//48 
f 49//49 47//47 50//50 
f 51//51 52//52 53//53 
f 53//53 54//54 51//51 
f 55//55 52//52 51//51 
f 56//56 55//55 57//57 
f 58//58 56//56 59//59 
f 2//2 58//58 60//60 
f 60//60 3//3 2//2 
f 59//59 60//60 58//58 
f 57//57 59//59 56//56 
f 51//51 57//57 55//55 
f 53//53 49//49 54//54 
f 50//50 54//54 49//49 
f 48//48 50//50 47//47 
f 46//46 48//48 45//45 
f 44//44 46//46 43//43 
f 42//42 44//44 41//41 
f 40//40 42//42 39//39 
f 38//38 40//40 37//37 
f 36//36 38//38 35//35 
f 34//34 36//36 33//33 
f 32//32 34//34 31//31 
f 30//30 32//32 29//29 
f 28//28 30//30 27//27 
f 26//26 28//28 25//25 
f 24//24 26//26 23//23 
f 22//22 24//24 21//21 
f 20//20 22//22 19//19 
f 18//18 20//20 17//17 
f 16//16 18//18 15//15 
f 10//10 16//16 14//14 
f 12//12 8//8 13//13 
f 9//9 13//13 8//8 
f 7//7 9//9 6//6 
f 5//5 7//7 4//4 
f 3//3 5//5 1//1 
o mesh4064
v 0.02 -0.019993 -0.0444283 
v 0.02 -0.0443623 -0.0199456 
v 0.02 -0.0296374 -0.0345235 
v 0.02 -0.0441269 -0.0197226 
v 0.02 -0.0359803 -0.0278508 
v 0.02 -0.020145 -0.0447149 
v 0.02 -0.0202317 -0.0450274 
v 0.02 -0.0189137 -0.0437789 
v 0.02 -0.0192304 -0.0438486 
v 0.02 -0.0454663 -0.02625 
v 0.02 -0.0496125 -0.0171711 
v 0.02 -0.0465954 -0.0194541 
v 0.02 -0.0240569 -0.0466639 
v 0.02 -0.019783 -0.0441811 
v 0.02 -0.0195248 -0.0439848 
v 0.02 -0.0324533 -0.0412678 
v 0.02 -0.0446403 -0.0201129 
v 0.02 -0.0396769 -0.0343802 
v 0.02 -0.0464133 -0.0197226 
v 0.02 -0.0185893 -0.0437789 
v 0.02 -0.0220812 -0.0397828 
v 0.02 -0.013621 -0.0434133 
v 0.02 -0.0179782 -0.0439848 
v 0.02 -0.0182725 -0.0438486 
v 0.02 -0.0202493 -0.0453513 
v 0.02 -0.0449476 -0.0202164 
v 0.02 -0.0458999 -0.0201129 
v 0.02 -0.0455926 -0.0202164 
v 0.02 -0.0461779 -0.0199456 
v 0.02 -0.0201968 -0.0456714 
v 0.02 -0.0439448 -0.0194541 
v 0.02 -0.0452701 -0.0202515 
v 0.02 -0.0177199 -0.0441811 
v 0.02 -0.0172712 -0.0450274 
v 0.02 -0.017358 -0.0447149 
v 0.02 -0.0438248 -0.0191528 
v 0.02 -0.0408501 -0.0200379 
v 0.02 -0.01751 -0.0444283 
v 0.02 -0.0100542 -0.0443752 
v 0.02 -0.0113472 -0.0512591 
v 0.02 -0.0174262 -0.0459727 
v 0.02 -0.0173062 -0.0456714 
v 0.02 -0.0176082 -0.0462412 
v 0.02 -0.014791 -0.0503734 
v 0.02 -0.0172537 -0.0453513 
v 0.02 -0.0181217 -0.0466315 
v 0.02 -0.0178437 -0.0464642 
v 0.02 -0.0193813 -0.0466315 
v 0.02 -0.0198947 -0.0462412 
v 0.02 -0.0196592 -0.0464642 
v 0.02 -0.0200768 -0.0459727 
v 0.02 -0.0467679 -0.0188327 
v 0.02 -0.0467154 -0.0191528 
v 0.02 -0.0451079 -0.0172603 
v 0.02 -0.0444491 -0.00972259 
v 0.02 -0.0440475 -0.0114047 
v 0.02 -0.0440286 -0.0179097 
v 0.02 -0.0442385 -0.0176625 
v 0.02 -0.0438766 -0.0181963 
v 0.02 -0.0187515 -0.0467701 
v 0.02 -0.018429 -0.046735 
v 0.02 -0.0190739 -0.046735 
v 0.02 -0.0444968 -0.0174662 
v 0.02 -0.0447911 -0.01733 
v 0.02 -0.0437723 -0.0188327 
v 0.02 -0.0454323 -0.0172603 
v 0.02 -0.045749 -0.01733 
v 0.02 -0.0437899 -0.0185088 
v 0.02 -0.0513424 -0.0109641 
v 0.02 -0.0463016 -0.0176625 
v 0.02 -0.0465116 -0.0179097 
v 0.02 -0.0460434 -0.0174662 
v 0.02 -0.0466636 -0.0181963 
v 0.02 -0.0467503 -0.0185088 
vn -1 0 0 
vn -1 0 0 
vn -1 0 0 
vn -1 0 0 
vn -1 0 0 
vn -1 0 0 
vn -1 0 0 
vn -1 0 0 
vn -1 0 0 
vn -1 0 0 
vn -1 0 0 
vn -1 0 0 
vn -1 0 0 
vn -1 0 0 
vn -1 0 0 
vn -1 0 0 
vn -1 0 0 
vn -1 0 0 
vn -1 0 0 
vn -1 0 0 
vn -1 0 0 
vn -1 0 0 
vn -1 0 0 
vn -1 0 0 
vn -1 0 0 
vn -1 0 0 
vn -1 0 0 
vn -1 0 0 
vn -1 0 0 
vn -1 0 0 
vn -1 0 0 
vn -1 0 0 
vn -1 0 0 
vn -1 0 0 
vn -1 0 0 
vn -1 0 0 
vn -1 0 0 
vn -1 0 0 
vn -1 0 0 
vn -1 0 0 
vn -1 0 0 
vn -1 0 0 
vn -1 0 0 
vn -1 0 0 
vn -1 0 0 
vn -1 0 0 
vn -1 0 0 
vn -1 0 0 
vn -1 0 0 
vn -1 0 0 
vn -1 0 0 
vn -1 0 0 
vn -1 0 0 
vn -1 0 0 
vn -1 0 0 
vn -1 0 0 
vn -1 0 0 
vn -1 0 0 
vn -1 0 0 
vn -1 0 0 
vn -1 0 0 
vn -1 0 0 
vn -1 0 0 
vn -1 0 0 
vn -1 0 0 
vn -1 0 0 
vn -1 0 0 
vn -1 0 0 
vn -1 0 0 
vn -1 0 0 
vn -1 0 0 
vn -1 0 0 
vn -1 0 0 
vn -1 0 0 
f 61//61 62//62 63//63 
f 62//62 64//64 65//65 
f 62//62 66//66 67//67 
f 65//65 63//63 62//62 
f 63//63 68//68 69//69 
f 70//70 71//71 72//72 
f 67//67 73//73 62//62 
f 63//63 74//74 61//61 
f 69//69 75//75 63//63 
f 62//62 73//73 76//76 
f 77//77 76//76 78//78 
f 72//72 79//79 70//70 
f 80//80 63//63 81//81 
f 82//82 83//83 84//84 
f 67//67 85//85 73//73 
f 75//75 74//74 63//63 
f 78//78 86//86 77//77 
f 86//86 78//78 70//70 
f 70//70 87//87 88//88 
f 79//79 89//89 70//70 
f 84//84 81//81 82//82 
f 85//85 90//90 73//73 
f 64//64 91//91 65//65 
f 70//70 92//92 86//86 
f 89//89 87//87 70//70 
f 82//82 93//93 83//83 
f 94//94 95//95 82//82 
f 91//91 96//96 97//97 
f 61//61 66//66 62//62 
f 88//88 92//92 70//70 
f 82//82 98//98 93//93 
f 82//82 99//99 94//94 
f 100//100 101//101 102//102 
f 103//103 100//100 104//104 
f 97//97 65//65 91//91 
f 76//76 77//77 62//62 
f 95//95 98//98 82//82 
f 99//99 102//102 105//105 
f 100//100 103//103 101//101 
f 104//104 106//106 107//107 
f 104//104 73//73 108//108 
f 73//73 109//109 110//110 
f 90//90 111//111 73//73 
f 71//71 112//112 113//113 
f 114//114 115//115 116//116 
f 116//116 117//117 118//118 
f 97//97 119//119 117//117 
f 105//105 94//94 99//99 
f 104//104 107//107 103//103 
f 104//104 120//120 121//121 
f 108//108 122//122 104//104 
f 73//73 111//111 109//109 
f 113//113 72//72 71//71 
f 116//116 123//123 124//124 
f 117//117 116//116 97//97 
f 102//102 99//99 100//100 
f 122//122 120//120 104//104 
f 96//96 125//125 97//97 
f 115//115 126//126 127//127 
f 118//118 123//123 116//116 
f 97//97 125//125 128//128 
f 121//121 106//106 104//104 
f 63//63 80//80 68//68 
f 127//127 129//129 115//115 
f 128//128 119//119 97//97 
f 110//110 108//108 73//73 
f 130//130 131//131 71//71 
f 127//127 132//132 129//129 
f 81//81 84//84 80//80 
f 71//71 133//133 134//134 
f 71//71 129//129 130//130 
f 115//115 114//114 126//126 
f 134//134 112//112 71//71 
f 132//132 130//130 129//129 
f 131//131 133//133 71//71 
f 116//116 124//124 114//114 
o mesh4065
v 0.0460428 -0.0455926 -0.0202164 
v 0.0460428 -0.0452701 -0.0202515 
v 0.02 -0.0452701 -0.0202515 
v 0.0460428 -0.0458999 -0.0201129 
v 0.02 -0.0455926 -0.0202164 
v 0.02 -0.0461779 -0.0199456 
v 0.0460428 -0.0461779 -0.0199456 
v 0.0460428 -0.046135 -0.0199714 
v 0.02 -0.0458999 -0.0201129 
v 0.0460428 -0.0464133 -0.0197226 
v 0.0460428 -0.0465954 -0.0194541 
v 0.02 -0.0464133 -0.0197226 
v 0.0460428 -0.0467154 -0.0191528 
v 0.02 -0.0465954 -0.0194541 
v 0.0460428 -0.0467679 -0.0188327 
v 0.02 -0.0467154 -0.0191528 
v 0.0460428 -0.0467503 -0.0185088 
v 0.02 -0.0467679 -0.0188327 
v 0.0460428 -0.0466636 -0.0181963 
v 0.02 -0.0467503 -0.0185088 
v 0.0460428 -0.0465116 -0.0179097 
v 0.02 -0.0466636 -0.0181963 
v 0.0460428 -0.0463016 -0.0176625 
v 0.02 -0.0465116 -0.0179097 
v 0.02 -0.0460434 -0.0174662 
v 0.0460428 -0.0460434 -0.0174662 
v 0.0460428 -0.046135 -0.0175359 
v 0.02 -0.0463016 -0.0176625 
v 0.0460428 -0.045749 -0.01733 
v 0.0460428 -0.0454323 -0.0172603 
v 0.02 -0.045749 -0.01733 
v 0.0460428 -0.0451079 -0.0172603 
v 0.02 -0.0454323 -0.0172603 
v 0.0460428 -0.0447911 -0.01733 
v 0.02 -0.0451079 -0.0172603 
v 0.0460428 -0.0444968 -0.0174662 
v 0.02 -0.0447911 -0.01733 
v 0.0460428 -0.0442385 -0.0176625 
v 0.02 -0.0444968 -0.0174662 
v 0.0460428 -0.0440286 -0.0179097 
v 0.02 -0.0442385 -0.0176625 
v 0.0460428 -0.0438766 -0.0181963 
v 0.02 -0.0440286 -0.0179097 
v 0.0460428 -0.0437899 -0.0185088 
v 0.02 -0.0438766 -0.0181963 
v 0.0460428 -0.0437723 -0.0188327 
v 0.02 -0.0437899 -0.0185088 
v 0.0460428 -0.0438248 -0.0191528 
v 0.02 -0.0437723 -0.0188327 
v 0.0460428 -0.0439448 -0.0194541 
v 0.02 -0.0438248 -0.0191528 
v 0.0460428 -0.0441269 -0.0197226 
v 0.02 -0.0439448 -0.0194541 
v 0.0460428 -0.0443623 -0.0199456 
v 0.02 -0.0441269 -0.0197226 
v 0.0460428 -0.0446403 -0.0201129 
v 0.02 -0.0443623 -0.0199456 
v 0.0460428 -0.0449476 -0.0202164 
v 0.02 -0.0446403 -0.0201129 
v 0.02 -0.0449476 -0.0202164 
vn 0 0.21497 0.976621 
vn 0 2.44929e-16 1 
vn 0 2.44929e-16 1 
vn 0 0.419889 0.907575 
vn 0 0.21497 0.976621 
vn 0 0.605174 0.796093 
vn 0 0.605174 0.796093 
vn 0 0.578399 0.815754 
vn 0 0.419889 0.907575 
vn 0 0.762162 0.647386 
vn 0 0.883512 0.468408 
vn 0 0.762162 0.647386 
vn 0 0.96355 0.267528 
vn 0 0.883512 0.468408 
vn 0 0.998533 0.0541389 
vn 0 0.96355 0.267528 
vn 0 0.986827 -0.161782 
vn 0 0.998533 0.0541389 
vn 0 0.928977 -0.370138 
vn 0 0.986827 -0.161782 
vn 0 0.827689 -0.561187 
vn 0 0.928977 -0.370138 
vn 0 0.687699 -0.725995 
vn 0 0.827689 -0.561187 
vn 0 0.515554 -0.856857 
vn 0 0.515554 -0.856857 
vn 0 0.579745 -0.814798 
vn 0 0.687699 -0.725995 
vn 0 0.319302 -0.947653 
vn 0 0.108119 -0.994138 
vn 0 0.319302 -0.947653 
vn 0 -0.108119 -0.994138 
vn 0 0.108119 -0.994138 
vn 0 -0.319302 -0.947653 
vn 0 -0.108119 -0.994138 
vn 0 -0.515554 -0.856857 
vn 0 -0.319302 -0.947653 
vn 0 -0.687699 -0.725995 
vn 0 -0.515554 -0.856857 
vn 0 -0.827689 -0.561187 
vn 0 -0.687699 -0.725995 
vn 0 -0.928977 -0.370138 
vn 0 -0.827689 -0.561187 
vn 0 -0.986827 -0.161782 
vn 0 -0.928977 -0.370138 
vn 0 -0.998533 0.0541389 
vn 0 -0.986827 -0.161782 
vn 0 -0.96355 0.267528 
vn 0 -0.998533 0.0541389 
vn 0 -0.883512 0.468408 
vn 0 -0.96355 0.267528 
vn 0 -0.762162 0.647386 
vn 0 -0.883512 0.468408 
vn 0 -0.605174 0.796093 
vn 0 -0.762162 0.647386 
vn 0 -0.419889 0.907575 
vn 0 -0.605174 0.796093 
vn 0 -0.21497 0.976621 
vn 0 -0.419889 0.907575 
vn 0 -0.21497 0.976621 
f 135//135 136//136 137//137 
f 138//138 135//135 139//139 
f 140//140 141//141 142//142 
f 142//142 143//143 140//140 
f 144//144 141//141 140//140 
f 145//145 144//144 146//146 
f 147//147 145//145 148//148 
f 149//149 147//147 150//150 
f 151//151 149//149 152//152 
f 153//153 151//151 154//154 
f 155//155 153//153 156//156 
f 157//157 155//155 158//158 
f 159//159 160//160 161//161 
f 161//161 162//162 159//159 
f 163//163 160//160 159//159 
f 164//164 163//163 165//165 
f 166//166 164//164 167//167 
f 168//168 166//166 169//169 
f 170//170 168//168 171//171 
f 172//172 170//170 173//173 
f 174//174 172//172 175//175 
f 176//176 174//174 177//177 
f 178//178 176//176 179//179 
f 180//180 178//178 181//181 
f 182//182 180//180 183//183 
f 184//184 182//182 185//185 
f 186//186 184//184 187//187 
f 188//188 186//186 189//189 
f 190//190 188//188 191//191 
f 192//192 190//190 193//193 
f 136//136 192//192 194//194 
f 194//194 137//137 136//136 
f 193//193 194//194 192//192 
f 191//191 193//193 190//190 
f 189//189 191//191 188//188 
f 187//187 189//189 186//186 
f 185//185 187//187 184//184 
f 183//183 185//185 182//182 
f 181//181 183//183 180//180 
f 179//179 181//181 178//178 
f 177//177 179//179 176//176 
f 175//175 177//177 174//174 
f 173//173 175//175 172//172 
f 171//171 173//173 170//170 
f 169//169 171//171 168//168 
f 167//167 169//169 166//166 
f 165//165 167//167 164//164 
f 159//159 165//165 163//163 
f 161//161 157//157 162//162 
f 158//158 162//162 157//157 
f 156//156 158//158 155//155 
f 154//154 156//156 153//153 
f 152//152 154//154 151//151 
f 150//150 152//152 149//149 
f 148//148 150//150 147//147 
f 146//146 148//148 145//145 
f 140//140 146//146 144//144 
f 142//142 138//138 143//143 
f 139//139 143//143 138//138 
f 137//137 139//139 135//135 
o mesh4066
v 0.02 -0.0513424 -0.0109641 
v 0.0199675 -0.0514102 -0.0106413 
v 0.0199675 -0.0445184 -0.00940008 
v 0.0198714 -0.0514736 -0.0103306 
v 0.0198714 -0.0445828 -0.00908956 
v 0.0197152 -0.0515303 -0.0100439 
v 0.0197152 -0.0446403 -0.00880304 
v 0.019505 -0.0515787 -0.00979245 
v 0.019505 -0.0446891 -0.00855163 
v 0.0192489 -0.0516174 -0.00958589 
v 0.0192489 -0.0447282 -0.00834511 
v 0.0189568 -0.0516457 -0.00943231 
v 0.0189568 -0.0447565 -0.00819154 
v 0.0186397 -0.0516629 -0.00933769 
v 0.0186397 -0.0447738 -0.00809692 
v 0.0183101 -0.0516687 -0.00930573 
v 0.0183101 -0.0447795 -0.00806497 
v 0.02 -0.0444491 -0.00972259 
vn -1 -2.05299e-15 -2.56624e-15 
vn -0.980785 0.0345802 -0.192001 
vn -0.980785 0.0345802 -0.192001 
vn -0.92388 0.0678314 -0.376624 
vn -0.92388 0.0678314 -0.376624 
vn -0.83147 0.0984759 -0.546773 
vn -0.83147 0.0984759 -0.546773 
vn -0.707107 0.125336 -0.69591 
vn -0.707107 0.125336 -0.69591 
vn -0.55557 0.14738 -0.818304 
vn -0.55557 0.14738 -0.818304 
vn -0.382683 0.16376 -0.90925 
vn -0.382683 0.16376 -0.90925 
vn -0.19509 0.173846 -0.965255 
vn -0.19509 0.173846 -0.965255 
vn 0 0.177252 -0.984165 
vn 0 0.177252 -0.984165 
vn -1 -4.61441e-16 2.56208e-15 
f 195//195 196//196 197//197 
f 196//196 198//198 199//199 
f 198//198 200//200 201//201 
f 200//200 202//202 203//203 
f 202//202 204//204 205//205 
f 204//204 206//206 207//207 
f 206//206 208//208 209//209 
f 208//208 210//210 211//211 
f 211//211 209//209 208//208 
f 209//209 207//207 206//206 
f 207//207 205//205 204//204 
f 205//205 203//203 202//202 
f 203//203 201//201 200//200 
f 201//201 199//199 198//198 
f 199//199 197//197 196//196 
f 197//197 212//212 195//195 
o mesh4067
v 0.0186397 -0.0097232 -0.0515918 
v 0.0186397 -0.00843103 -0.0447121 
v 0.0183101 -0.00839912 -0.0447181 
v 0.0189568 -0.00981769 -0.0515739 
v 0.0189568 -0.00852551 -0.0446941 
v 0.0192489 -0.00997106 -0.0515444 
v 0.0192489 -0.00867886 -0.0446646 
v 0.019505 -0.0101773 -0.0515041 
v 0.019505 -0.00888509 -0.044624 
v 0.0197152 -0.0104285 -0.0514538 
v 0.0197152 -0.00913613 -0.0445733 
v 0.0198714 -0.0107147 -0.051395 
v 0.0198714 -0.00942221 -0.0445137 
v 0.0199675 -0.0110249 -0.0513293 
v 0.0199675 -0.00973224 -0.044447 
v 0.02 -0.0113472 -0.0512591 
v 0.02 -0.0100542 -0.0443752 
v 0.0183101 -0.00969129 -0.0515978 
vn -0.19509 -0.96393 0.181049 
vn -0.19509 -0.96393 0.181049 
vn 0 -0.982814 0.184596 
vn -0.382683 -0.908002 0.170544 
vn -0.382683 -0.908002 0.170544 
vn -0.55557 -0.81718 0.153486 
vn -0.55557 -0.81718 0.153486 
vn -0.707107 -0.694955 0.130529 
vn -0.707107 -0.694955 0.130529 
vn -0.83147 -0.546022 0.102556 
vn -0.83147 -0.546022 0.102556 
vn -0.92388 -0.376107 0.0706418 
vn -0.92388 -0.376107 0.0706418 
vn -0.980785 -0.191738 0.0360129 
vn -0.980785 -0.191738 0.0360129 
vn -1 -6.018e-17 1.13032e-17 
vn -1 -6.018e-17 1.13032e-17 
vn 0 -0.982814 0.184596 
f 213//213 214//214 215//215 
f 216//216 217//217 214//214 
f 218//218 219//219 217//217 
f 220//220 221//221 219//219 
f 222//222 223//223 221//221 
f 224//224 225//225 223//223 
f 226//226 227//227 225//225 
f 228//228 229//229 227//227 
f 227//227 226//226 228//228 
f 225//225 224//224 226//226 
f 223//223 222//222 224//224 
f 221//221 220//220 222//222 
f 219//219 218//218 220//220 
f 217//217 216//216 218//218 
f 214//214 213//213 216//216 
f 215//215 230//230 213//213 
o mesh4068
v 0.0182 -0.00915908 0.0445686 
v 0.0182 0 0.0455 
v 0.0460428 0 0.0455 
v 0.0182 -0.0179432 0.0418126 
v 0.0460428 -0.00915908 0.0445686 
v 0.0182 -0.0259927 0.0373447 
v 0.0460428 -0.0179432 0.0418126 
v 0.0182 -0.0329781 0.031348 
v 0.0460428 -0.0320108 0.0321784 
v 0.0460428 -0.032206 0.0320108 
v 0.0460428 -0.0259927 0.0373447 
v 0.0182 -0.0386133 0.0240679 
v 0.0460428 -0.0329781 0.031348 
v 0.0182 -0.0426677 0.0158024 
v 0.0460428 -0.0386133 0.0240679 
v 0.0182 -0.0449753 0.00688996 
v 0.0460428 -0.0426677 0.0158024 
v 0.0460428 -0.0449753 0.00688996 
v 0.0460428 -0.0453247 0 
v 0.0182 -0.0454416 -0.00230454 
v 0.0182 0.00460316 -0.0452666 
v 0.0182 -0.00460316 -0.0452666 
v 0.0460428 5.57214e-18 -0.0455 
v 0.0460428 -0.00460316 -0.0452666 
v 0.0182 0.013621 -0.0434133 
v 0.0460428 0.00460316 -0.0452666 
v 0.0182 0.0220812 -0.0397828 
v 0.0460428 0.013621 -0.0434133 
v 0.0182 0.0296374 -0.0345235 
v 0.0460428 0.0220812 -0.0397828 
v 0.0460428 0.0320108 -0.0320267 
v 0.0460428 0.0320259 -0.0320108 
v 0.0182 0.0359803 -0.0278508 
v 0.0460428 0.0296374 -0.0345235 
v 0.0182 0.0408501 -0.0200379 
v 0.0460428 0.0359803 -0.0278508 
v 0.0182 0.0440475 -0.0114047 
v 0.0460428 0.0408501 -0.0200379 
v 0.0182 0.0454416 -0.00230454 
v 0.0460428 0.0440475 -0.0114047 
v 0.0182 0.0449753 0.00688996 
v 0.0460428 0.0453247 -8.67362e-19 
v 0.0460428 0.0454416 -0.00230454 
v 0.0182 0.0426677 0.0158024 
v 0.0460428 0.0449753 0.00688996 
v 0.0182 0.0386133 0.0240679 
v 0.0460428 0.0426677 0.0158024 
v 0.0182 0.0329781 0.031348 
v 0.0460428 0.0386133 0.0240679 
v 0.0182 0.0259927 0.0373447 
v 0.0460428 0.0320108 0.0321784 
v 0.0460428 0.032206 0.0320108 
v 0.0460428 0.0329781 0.031348 
v 0.0182 0.0179432 0.0418126 
v 0.0460428 0.0259927 0.0373447 
v 0.0182 0.00915908 0.0445686 
v 0.0460428 0.0179432 0.0418126 
v 0.0460428 0.00915908 0.0445686 
v 0.0460428 -0.013621 -0.0434133 
v 0.02 -0.0100542 -0.0443752 
v 0.0199675 -0.00973224 -0.044447 
v 0.0198714 -0.00942221 -0.0445137 
v 0.0197152 -0.00913613 -0.0445733 
v 0.019505 -0.00888509 -0.044624 
v 0.0189568 -0.00852551 -0.0446941 
v 0.0192489 -0.00867886 -0.0446646 
v 0.0186397 -0.00843103 -0.0447121 
v 0.0182 -0.00839912 -0.0447181 
v 0.0183101 -0.00839912 -0.0447181 
v 0.02 -0.013621 -0.0434133 
v 0.02 -0.0220812 -0.0397828 
v 0.0460428 -0.0220812 -0.0397828 
v 0.02 -0.0296374 -0.0345235 
v 0.0460428 -0.0296374 -0.0345235 
v 0.0460428 -0.0320259 -0.0320108 
v 0.0460428 -0.0320108 -0.0320267 
v 0.02 -0.0359803 -0.0278508 
v 0.0460428 -0.0359803 -0.0278508 
v 0.02 -0.0408501 -0.0200379 
v 0.0460428 -0.0408501 -0.0200379 
v 0.02 -0.0440475 -0.0114047 
v 0.0460428 -0.0440475 -0.0114047 
v 0.0186397 -0.0447738 -0.00809692 
v 0.0183101 -0.0447795 -0.00806497 
v 0.0460428 -0.0454416 -0.00230454 
v 0.0192489 -0.0447282 -0.00834511 
v 0.0189568 -0.0447565 -0.00819154 
v 0.019505 -0.0446891 -0.00855163 
v 0.02 -0.0444491 -0.00972259 
v 0.0199675 -0.0445184 -0.00940008 
v 0.0198714 -0.0445828 -0.00908956 
v 0.0197152 -0.0446403 -0.00880304 
v 0.0182 -0.0447795 -0.00806497 
vn 0 0.201299 -0.97953 
vn 0 2.44929e-16 -1 
vn 0 2.44929e-16 -1 
vn 0 0.394356 -0.918958 
vn 0 0.201299 -0.97953 
vn 0 0.571268 -0.820763 
vn 0 0.394356 -0.918958 
vn 0 0.724793 -0.688967 
vn 0 0.705258 -0.70895 
vn 0 0.709253 -0.704954 
vn 0 0.571268 -0.820763 
vn 0 0.848644 -0.528964 
vn 0 0.724793 -0.688967 
vn 0 0.937752 -0.347305 
vn 0 0.848644 -0.528964 
vn 0 0.988468 -0.151428 
vn 0 0.937752 -0.347305 
vn 0 0.988468 -0.151428 
vn 0 1 1.83697e-16 
vn 0 0.998717 0.0506492 
vn 0 -0.101168 0.994869 
vn 0 0.101168 0.994869 
vn 0 -1.22465e-16 1 
vn 0 0.101168 0.994869 
vn 0 -0.299363 0.954139 
vn 0 -0.101168 0.994869 
vn 0 -0.485302 0.874347 
vn 0 -0.299363 0.954139 
vn 0 -0.651372 0.758758 
vn 0 -0.485302 0.874347 
vn 0 -0.706931 0.707283 
vn 0 -0.707274 0.706939 
vn 0 -0.790776 0.612106 
vn 0 -0.651372 0.758758 
vn 0 -0.897805 0.440394 
vn 0 -0.790776 0.612106 
vn 0 -0.968077 0.250653 
vn 0 -0.897805 0.440394 
vn 0 -0.998717 0.0506492 
vn 0 -0.968077 0.250653 
vn 0 -0.988468 -0.151428 
vn 0 -1 1.60812e-16 
vn 0 -0.998717 0.0506492 
vn 0 -0.937752 -0.347305 
vn 0 -0.988468 -0.151428 
vn 0 -0.848644 -0.528964 
vn 0 -0.937752 -0.347305 
vn 0 -0.724793 -0.688967 
vn 0 -0.848644 -0.528964 
vn 0 -0.571268 -0.820763 
vn 0 -0.705258 -0.70895 
vn 0 -0.709253 -0.704954 
vn 0 -0.724793 -0.688967 
vn 0 -0.394356 -0.918958 
vn 0 -0.571268 -0.820763 
vn 0 -0.201299 -0.97953 
vn 0 -0.394356 -0.918958 
vn 0 -0.201299 -0.97953 
vn 0 0.299363 0.954139 
vn 0 0.220972 0.97528 
vn 0 0.213895 0.976857 
vn 0 0.207082 0.978324 
vn 0 0.200794 0.979633 
vn 0 0.195277 0.980748 
vn 0 0.187374 0.982289 
vn 0 0.190744 0.98164 
vn 0 0.185297 0.982683 
vn 0 0.184596 0.982814 
vn 0 0.184596 0.982814 
vn 0 0.299363 0.954139 
vn 0 0.485302 0.874347 
vn 0 0.485302 0.874347 
vn 0 0.651372 0.758758 
vn 0 0.651372 0.758758 
vn 0 0.707274 0.706939 
vn 0 0.706931 0.707283 
vn 0 0.790776 0.612106 
vn 0 0.790776 0.612106 
vn 0 0.897805 0.440394 
vn 0 0.897805 0.440394 
vn 0 0.968077 0.250653 
vn 0 0.968077 0.250653 
vn 0 0.984039 0.177954 
vn 0 0.984165 0.177252 
vn 0 0.998717 0.0506492 
vn 0 0.983037 0.183409 
vn 0 0.98366 0.180034 
vn 0 0.982179 0.187948 
vn 0 0.976903 0.213683 
vn 0 0.978427 0.206595 
vn 0 0.979843 0.199771 
vn 0 0.981106 0.193473 
vn 0 0.984165 0.177252 
f 231//231 232//232 233//233 
f 234//234 231//231 235//235 
f 236//236 234//234 237//237 
f 238//238 239//239 240//240 
f 236//236 241//241 239//239 
f 239//239 238//238 236//236 
f 242//242 238//238 243//243 
f 244//244 242//242 245//245 
f 246//246 244//244 247//247 
f 246//246 248//248 249//249 
f 249//249 250//250 246//246 
f 251//251 252//252 253//253 
f 252//252 254//254 253//253 
f 255//255 251//251 256//256 
f 257//257 255//255 258//258 
f 259//259 257//257 260//260 
f 259//259 261//261 262//262 
f 262//262 263//263 259//259 
f 259//259 264//264 261//261 
f 265//265 263//263 266//266 
f 267//267 265//265 268//268 
f 269//269 267//267 270//270 
f 271//271 269//269 272//272 
f 269//269 273//273 272//272 
f 274//274 271//271 275//275 
f 276//276 274//274 277//277 
f 278//278 276//276 279//279 
f 280//280 278//278 281//281 
f 278//278 282//282 281//281 
f 278//278 283//283 282//282 
f 284//284 280//280 285//285 
f 286//286 284//284 287//287 
f 232//232 286//286 288//288 
f 289//289 254//254 290//290 
f 254//254 291//291 290//290 
f 254//254 292//292 291//291 
f 254//254 293//293 292//292 
f 254//254 294//294 293//293 
f 252//252 295//295 296//296 
f 296//296 254//254 252//252 
f 252//252 297//297 295//295 
f 252//252 298//298 299//299 
f 299//299 297//297 252//252 
f 296//296 294//294 254//254 
f 300//300 301//301 302//302 
f 301//301 303//303 304//304 
f 303//303 305//305 306//306 
f 307//307 308//308 305//305 
f 305//305 303//303 307//307 
f 307//307 309//309 310//310 
f 309//309 311//311 312//312 
f 250//250 313//313 314//314 
f 250//250 315//315 316//316 
f 316//316 317//317 250//250 
f 315//315 318//318 316//316 
f 317//317 313//313 250//250 
f 312//312 319//319 320//320 
f 312//312 311//311 319//319 
f 320//320 315//315 312//312 
f 320//320 321//321 315//315 
f 321//321 322//322 315//315 
f 322//322 318//318 315//315 
f 314//314 323//323 250//250 
f 312//312 310//310 309//309 
f 310//310 308//308 307//307 
f 306//306 304//304 303//303 
f 304//304 302//302 301//301 
f 302//302 289//289 300//300 
f 290//290 300//300 289//289 
f 288//288 233//233 232//232 
f 287//287 288//288 286//286 
f 285//285 287//287 284//284 
f 281//281 285//285 280//280 
f 279//279 283//283 278//278 
f 277//277 279//279 276//276 
f 275//275 277//277 274//274 
f 272//272 275//275 271//271 
f 270//270 273//273 269//269 
f 268//268 270//270 267//267 
f 266//266 268//268 265//265 
f 262//262 266//266 263//263 
f 260//260 264//264 259//259 
f 258//258 260//260 257//257 
f 256//256 258//258 255//255 
f 253//253 256//256 251//251 
f 249//249 315//315 250//250 
f 247//247 248//248 246//246 
f 245//245 247//247 244//244 
f 243//243 245//245 242//242 
f 240//240 243//243 238//238 
f 237//237 241//241 236//236 
f 235//235 237//237 234//234 
f 233//233 235//235 231//231 
o mesh4069
v 0.0182 0.0440475 -0.0114047 
v 0.0182 0.0454416 -0.00230454 
v 0.0182 0.0359254 -0.00231593 
v 0.0182 0.0449753 0.00688996 
v 0.0182 0.035611 0.00527774 
v 0.0182 0.0220812 -0.0397828 
v 0.0182 0.0296374 -0.0345235 
v 0.0182 0.022083 -0.0284313 
v 0.0182 0.0359803 -0.0278508 
v 0.0182 0.0275597 -0.0231617 
v 0.0182 0.0408501 -0.0200379 
v 0.0182 0.0346386 -0.00980639 
v 0.0182 0.00460316 -0.0452666 
v 0.0182 0.013621 -0.0434133 
v 0.0182 0.00846493 -0.0349906 
v 0.0182 0.0156221 -0.0324338 
v 0.0182 0.031808 -0.0168598 
v 0.0182 0.0426677 0.0158024 
v 0.0182 0.0337094 0.0126362 
v 0.0182 0.0386133 0.0240679 
v 0.0182 0.0303054 0.0194314 
v 0.0182 0.0329781 0.031348 
v 0.0182 0.0255507 0.0253606 
v 0.0182 0.0259927 0.0373447 
v 0.0182 0.0196572 0.0301595 
v 0.0182 0.0179432 0.0418126 
v 0.0182 0.0128875 0.0336142 
v 0.0182 0.00915908 0.0445686 
v 0.0182 0.0055435 0.0355706 
v 0.0182 0 0.0455 
v 0.0182 -0.00204761 0.0359417 
v 0.0182 -0.00915908 0.0445686 
v 0.0182 -0.00954746 0.0347109 
v 0.0182 -0.0179432 0.0418126 
v 0.0182 -0.0166218 0.031933 
v 0.0182 -0.0259927 0.0373447 
v 0.0182 -0.0229553 0.0277318 
v 0.0182 -0.0329781 0.031348 
v 0.0182 -0.0282656 0.0222947 
v 0.0182 -0.0386133 0.0240679 
v 0.0182 -0.0323162 0.0158639 
v 0.0182 -0.0426677 0.0158024 
v 0.0182 -0.0449753 0.00688996 
v 0.0182 -0.0349265 0.00872598 
v 0.0182 -0.0454416 -0.00230454 
v 0.0182 -0.03598 0.00119918 
v 0.0182 -0.03543 -0.00638107 
v 0.0182 -0.00460316 -0.0452666 
v 0.0182 0.000930475 -0.035988 
v 0.0182 -0.0447795 -0.00806497 
v 0.0182 -0.00664545 -0.0353813 
v 0.0182 -0.00839912 -0.0447181 
vn 1 0 0 
vn 1 0 0 
vn 1 0 0 
vn 1 0 0 
vn 1 0 0 
vn 1 0 0 
vn 1 0 0 
vn 1 0 0 
vn 1 0 0 
vn 1 0 0 
vn 1 0 0 
vn 1 0 0 
vn 1 0 0 
vn 1 0 0 
vn 1 0 0 
vn 1 0 0 
vn 1 0 0 
vn 1 0 0 
vn 1 0 0 
vn 1 0 0 
vn 1 0 0 
vn 1 0 0 
vn 1 0 0 
vn 1 0 0 
vn 1 0 0 
vn 1 0 0 
vn 1 0 0 
vn 1 0 0 
vn 1 0 0 
vn 1 0 0 
vn 1 0 0 
vn 1 0 0 
vn 1 0 0 
vn 1 0 0 
vn 1 0 0 
vn 1 0 0 
vn 1 0 0 
vn 1 0 0 
vn 1 0 0 
vn 1 0 0 
vn 1 0 0 
vn 1 0 0 
vn 1 0 0 
vn 1 0 0 
vn 1 0 0 
vn 1 0 0 
vn 1 0 0 
vn 1 0 0 
vn 1 0 0 
vn 1 0 0 
vn 1 0 0 
vn 1 0 0 
f 324//324 325//325 326//326 
f 325//325 327//327 328//328 
f 329//329 330//330 331//331 
f 330//330 332//332 333//333 
f 334//334 324//324 335//335 
f 328//328 326//326 325//325 
f 336//336 337//337 338//338 
f 337//337 329//329 339//339 
f 333//333 331//331 330//330 
f 332//332 334//334 340//340 
f 326//326 335//335 324//324 
f 327//327 341//341 342//342 
f 343//343 344//344 342//342 
f 345//345 346//346 344//344 
f 339//339 338//338 337//337 
f 340//340 333//333 332//332 
f 342//342 328//328 327//327 
f 344//344 343//343 345//345 
f 331//331 339//339 329//329 
f 342//342 341//341 343//343 
f 347//347 348//348 346//346 
f 349//349 350//350 348//348 
f 335//335 340//340 334//334 
f 348//348 347//347 349//349 
f 351//351 352//352 350//350 
f 353//353 354//354 352//352 
f 346//346 345//345 347//347 
f 352//352 351//351 353//353 
f 350//350 349//349 351//351 
f 355//355 356//356 354//354 
f 357//357 358//358 356//356 
f 359//359 360//360 358//358 
f 354//354 353//353 355//355 
f 358//358 357//357 359//359 
f 361//361 362//362 360//360 
f 363//363 364//364 362//362 
f 356//356 355//355 357//357 
f 362//362 361//361 363//363 
f 365//365 366//366 367//367 
f 360//360 359//359 361//361 
f 364//364 363//363 365//365 
f 366//366 368//368 369//369 
f 370//370 369//369 368//368 
f 371//371 336//336 372//372 
f 367//367 364//364 365//365 
f 368//368 373//373 370//370 
f 374//374 375//375 371//371 
f 369//369 367//367 366//366 
f 338//338 372//372 336//336 
f 372//372 374//374 371//371 
o mesh4070
v 0.0116899 -0.00664545 -0.0353813 
v 0.0116899 -0.00969129 -0.0515978 
v 0.0182 -0.00839912 -0.0447181 
v 0.0183101 -0.00969129 -0.0515978 
v 0.0183101 -0.00839912 -0.0447181 
v 0.0182 -0.00664545 -0.0353813 
vn 0 -0.982814 0.184596 
vn 0 -0.982814 0.184596 
vn 0 -0.982814 0.184596 
vn 0 -0.982814 0.184596 
vn 0 -0.982814 0.184596 
vn 0 -0.982814 0.184596 
f 376//376 377//377 378//378 
f 379//379 380//380 378//378 
f 378//378 377//377 379//379 
f 378//378 381//381 376//376 
o mesh4071
v 0.0183101 -0.0516687 -0.00930573 
v 0.0116899 -0.0516687 -0.00930573 
v 0.0182 -0.0447795 -0.00806497 
v 0.0116899 -0.03543 -0.00638107 
v 0.0182 -0.03543 -0.00638107 
v 0.0183101 -0.0447795 -0.00806497 
vn 0 0.177252 -0.984165 
vn 0 0.177252 -0.984165 
vn 0 0.177252 -0.984165 
vn 0 0.177252 -0.984165 
vn 0 0.177252 -0.984165 
vn 0 0.177252 -0.984165 
f 382//382 383//383 384//384 
f 385//385 386//386 384//384 
f 384//384 383//383 385//385 
f 384//384 387//387 382//382 
o mesh4072
v 0.01 0 0.0525 
v 0.0460428 0 0.0525 
v 0.0460428 0.00993569 0.0515513 
v 0.01 0.00993569 0.0515513 
v 0.0460428 0.0195123 0.0487393 
v 0.01 0.0195123 0.0487393 
v 0.0460428 0.0245639 0.046135 
v 0.01 0.0283836 0.0441658 
v 0.0460428 0.0320108 0.0413134 
v 0.0460428 0.0362291 0.037996 
v 0.01 0.0362291 0.037996 
v 0.01 0.0320108 0.0413134 
v 0.0460428 0.0283836 0.0441658 
v 0.0460428 0.0414154 0.0320108 
v 0.0460428 0.0427652 0.030453 
v 0.01 0.0427652 0.030453 
v 0.01 0.0414154 0.0320108 
v 0.0460428 0.046135 0.0246163 
v 0.01 0.0477557 0.0218093 
v 0.0460428 0.0477557 0.0218093 
v 0.0460428 0.0510201 0.0123773 
v 0.01 0.0510201 0.0123773 
v 0.0460428 0.0524405 0.00249805 
v 0.0460428 0.0523215 8.67362e-19 
v 0.0460428 0.0519656 -0.00747153 
v 0.01 0.0519656 -0.00747153 
v 0.01 0.0523215 8.67362e-19 
v 0.01 0.0524405 0.00249805 
v 0.0460428 0.0496125 -0.0171711 
v 0.01 0.0496125 -0.0171711 
v 0.0460428 0.046135 -0.0247857 
v 0.01 0.0454663 -0.02625 
v 0.0460428 0.0413641 -0.0320108 
v 0.0460428 0.0396769 -0.0343802 
v 0.01 0.0396769 -0.0343802 
v 0.01 0.0413641 -0.0320108 
v 0.0460428 0.0454663 -0.02625 
v 0.0460428 0.0324533 -0.0412678 
v 0.01 0.0320108 -0.0415522 
v 0.0460428 0.0320108 -0.0415522 
v 0.0460428 0.0248797 -0.046135 
v 0.01 0.0240569 -0.0466639 
v 0.01 0.0324533 -0.0412678 
v 0.0460428 0.0240569 -0.0466639 
v 0.0460428 0.014791 -0.0503734 
v 0.01 0.0166352 -0.049635 
v 0.01 0.014791 -0.0503734 
v 0.0460428 0.00499044 -0.0522623 
v 0.0460428 -0.00499044 -0.0522623 
v 0.01 -0.00499044 -0.0522623 
v 0.01 -8.67362e-19 -0.0522623 
v 0.0460428 1.92882e-17 -0.0525 
v 0.01 0.00499044 -0.0522623 
v 0.0460428 -0.0523215 4.33681e-19 
v 0.0460428 -0.0524405 0.00249805 
v 0.01 -0.0524405 0.00249805 
v 0.01 -0.0523215 4.33681e-19 
v 0.01 -0.0519656 -0.00747153 
v 0.0460428 -0.0519656 -0.00747153 
v 0.0460428 -0.0510201 0.0123773 
v 0.0460428 -0.0477557 0.0218093 
v 0.01 -0.0477557 0.0218093 
v 0.01 -0.049635 0.0163792 
v 0.01 -0.0427652 0.030453 
v 0.0460428 -0.046135 0.0246163 
v 0.0460428 -0.0414154 0.0320108 
v 0.0460428 -0.0362291 0.037996 
v 0.01 -0.0362291 0.037996 
v 0.01 -0.0414154 0.0320108 
v 0.0460428 -0.0427652 0.030453 
v 0.0460428 -0.0320108 0.0413134 
v 0.0460428 -0.0283836 0.0441658 
v 0.01 -0.0283836 0.0441658 
v 0.01 -0.0320108 0.0413134 
v 0.01 -0.0195123 0.0487393 
v 0.0460428 -0.0245639 0.046135 
v 0.0460428 -0.0195123 0.0487393 
v 0.0460428 -0.00993569 0.0515513 
v 0.01 -0.00993569 0.0515513 
v 0.0460428 -0.0496125 -0.0171711 
v 0.02 -0.0513424 -0.0109641 
v 0.0199675 -0.0514102 -0.0106413 
v 0.0198714 -0.0514736 -0.0103306 
v 0.0197152 -0.0515303 -0.0100439 
v 0.019505 -0.0515787 -0.00979245 
v 0.0186397 -0.0516629 -0.00933769 
v 0.0189568 -0.0516457 -0.00943231 
v 0.0192489 -0.0516174 -0.00958589 
v 0.0183101 -0.0516687 -0.00930573 
v 0.01 -0.0519415 -0.00763772 
v 0.010845 -0.0518118 -0.00847282 
v 0.0101286 -0.0518434 -0.00827718 
v 0.0102848 -0.0517965 -0.00856561 
v 0.0100325 -0.0518925 -0.00796389 
v 0.010495 -0.0517541 -0.00881818 
v 0.0107511 -0.0517184 -0.0090253 
v 0.0110432 -0.0516913 -0.0091791 
v 0.0113603 -0.0516744 -0.00927377 
v 0.0116899 -0.0516687 -0.00930573 
v 0.02 -0.0496125 -0.0171711 
v 0.02 -0.0454663 -0.02625 
v 0.0460428 -0.046135 -0.0247857 
v 0.0460428 -0.0454663 -0.02625 
v 0.02 -0.0396769 -0.0343802 
v 0.0460428 -0.0413641 -0.0320108 
v 0.0460428 -0.0396769 -0.0343802 
v 0.02 -0.0324533 -0.0412678 
v 0.0460428 -0.0324533 -0.0412678 
v 0.02 -0.0240569 -0.0466639 
v 0.0460428 -0.0248797 -0.046135 
v 0.0460428 -0.0320108 -0.0415522 
v 0.0460428 -0.0240569 -0.0466639 
v 0.02 -0.014791 -0.0503734 
v 0.0460428 -0.014791 -0.0503734 
v 0.010845 -0.00885947 -0.0517471 
v 0.0110432 -0.00956483 -0.0516214 
v 0.0107511 -0.00941123 -0.0516496 
v 0.0113603 -0.00965937 -0.0516037 
v 0.0116899 -0.00969129 -0.0515978 
v 0.010495 -0.00920439 -0.0516868 
v 0.0102848 -0.00895214 -0.0517311 
v 0.0101286 -0.00866407 -0.0517801 
v 0.0100325 -0.00835115 -0.0518315 
v 0.01 -0.00802536 -0.051883 
v 0.0183101 -0.00969129 -0.0515978 
v 0.0186397 -0.0097232 -0.0515918 
v 0.019505 -0.0101773 -0.0515041 
v 0.0192489 -0.00997106 -0.0515444 
v 0.0189568 -0.00981769 -0.0515739 
v 0.02 -0.0113472 -0.0512591 
v 0.0199675 -0.0110249 -0.0513293 
v 0.0198714 -0.0107147 -0.051395 
v 0.0197152 -0.0104285 -0.0514538 
v 0.01 -0.0510201 0.0123773 
vn 0 0 1 
vn 0 0 1 
vn 0 0.189251 0.981929 
vn 0 0.189251 0.981929 
vn 0 0.371662 0.928368 
vn 0 0.371662 0.928368 
vn 0 0.46997 0.882682 
vn 0 0.540641 0.841254 
vn 0 0.612487 0.790481 
vn 0 0.690079 0.723734 
vn 0 0.690079 0.723734 
vn 0 0.612487 0.790481 
vn 0 0.540641 0.841254 
vn 0 0.791211 0.611543 
vn 0 0.814576 0.580057 
vn 0 0.814576 0.580057 
vn 0 0.791211 0.611543 
vn 0 0.882266 0.470751 
vn 0 0.909632 0.415415 
vn 0 0.909632 0.415415 
vn 0 0.971812 0.235759 
vn 0 0.971812 0.235759 
vn 0 0.998867 0.0475819 
vn 0 1 6.12323e-17 
vn 0 0.989821 -0.142315 
vn 0 0.989821 -0.142315 
vn 0 1 6.12323e-17 
vn 0 0.998867 0.0475819 
vn 0 0.945001 -0.327068 
vn 0 0.945001 -0.327068 
vn 0 0.880919 -0.473267 
vn 0 0.866025 -0.5 
vn 0 0.790844 -0.612018 
vn 0 0.75575 -0.654861 
vn 0 0.75575 -0.654861 
vn 0 0.790844 -0.612018 
vn 0 0.866025 -0.5 
vn 0 0.618159 -0.786053 
vn 0 0.61028 -0.792186 
vn 0 0.61028 -0.792186 
vn 0 0.474659 -0.88017 
vn 0 0.458227 -0.888835 
vn 0 0.618159 -0.786053 
vn 0 0.458227 -0.888835 
vn 0 0.281733 -0.959493 
vn 0 0.317778 -0.948165 
vn 0 0.281733 -0.959493 
vn 0 0.095056 -0.995472 
vn 0 -0.095056 -0.995472 
vn 0 -0.095056 -0.995472 
vn 0 1.22465e-16 -1 
vn 0 1.22465e-16 -1 
vn 0 0.095056 -0.995472 
vn 0 -1 -1.83697e-16 
vn 0 -0.998867 0.0475819 
vn 0 -0.998867 0.0475819 
vn 0 -1 -1.83697e-16 
vn 0 -0.989821 -0.142315 
vn 0 -0.989821 -0.142315 
vn 0 -0.971812 0.235759 
vn 0 -0.909632 0.415415 
vn 0 -0.909632 0.415415 
vn 0 -0.949631 0.313371 
vn 0 -0.814576 0.580057 
vn 0 -0.882266 0.470751 
vn 0 -0.791211 0.611543 
vn 0 -0.690079 0.723734 
vn 0 -0.690079 0.723734 
vn 0 -0.791211 0.611543 
vn 0 -0.814576 0.580057 
vn 0 -0.612487 0.790481 
vn 0 -0.540641 0.841254 
vn 0 -0.540641 0.841254 
vn 0 -0.612487 0.790481 
vn 0 -0.371662 0.928368 
vn 0 -0.46997 0.882682 
vn 0 -0.371662 0.928368 
vn 0 -0.189251 0.981929 
vn 0 -0.189251 0.981929 
vn 0 -0.945001 -0.327068 
vn 0 -0.97795 -0.20884 
vn 0 -0.979243 -0.202692 
vn 0 -0.980449 -0.196773 
vn 0 -0.981529 -0.191313 
vn 0 -0.982451 -0.186523 
vn 0 -0.984056 -0.177861 
vn 0 -0.983728 -0.179663 
vn 0 -0.983189 -0.182588 
vn 0 -0.984165 -0.177252 
vn 0 -0.989361 -0.14548 
vn 0 -0.986891 -0.161387 
vn 0 -0.987493 -0.157661 
vn 0 -0.986601 -0.163154 
vn 0 -0.988428 -0.151693 
vn 0 -0.985793 -0.167965 
vn 0 -0.985113 -0.17191 
vn 0 -0.984597 -0.17484 
vn 0 -0.984275 -0.176643 
vn 0 -0.984165 -0.177252 
vn 0 -0.945001 -0.327068 
vn 0 -0.866025 -0.5 
vn 0 -0.880919 -0.473267 
vn 0 -0.866025 -0.5 
vn 0 -0.75575 -0.654861 
vn 0 -0.790844 -0.612018 
vn 0 -0.75575 -0.654861 
vn 0 -0.618159 -0.786053 
vn 0 -0.618159 -0.786053 
vn 0 -0.458227 -0.888835 
vn 0 -0.474659 -0.88017 
vn 0 -0.61028 -0.792186 
vn 0 -0.458227 -0.888835 
vn 0 -0.281733 -0.959493 
vn 0 -0.281733 -0.959493 
vn 0 -0.168752 -0.985659 
vn 0 -0.182187 -0.983264 
vn 0 -0.179262 -0.983801 
vn 0 -0.183988 -0.982928 
vn 0 -0.184596 -0.982814 
vn 0 -0.175322 -0.984511 
vn 0 -0.170517 -0.985355 
vn 0 -0.16503 -0.986289 
vn 0 -0.15907 -0.987267 
vn 0 -0.152864 -0.988247 
vn 0 -0.184596 -0.982814 
vn 0 -0.185204 -0.9827 
vn 0 -0.193854 -0.98103 
vn 0 -0.189925 -0.981799 
vn 0 -0.187004 -0.982359 
vn 0 -0.216137 -0.976363 
vn 0 -0.209998 -0.977702 
vn 0 -0.204089 -0.978952 
vn 0 -0.198637 -0.980073 
vn 0 -0.971812 0.235759 
f 388//388 389//389 390//390 
f 391//391 390//390 392//392 
f 393//393 392//392 394//394 
f 394//394 395//395 393//393 
f 396//396 397//397 398//398 
f 396//396 399//399 395//395 
f 395//395 400//400 396//396 
f 401//401 402//402 403//403 
f 401//401 404//404 398//398 
f 398//398 397//397 401//401 
f 403//403 402//402 405//405 
f 405//405 406//406 403//403 
f 406//406 407//407 408//408 
f 409//409 408//408 410//410 
f 411//411 412//412 413//413 
f 411//411 414//414 415//415 
f 415//415 410//410 411//411 
f 413//413 412//412 416//416 
f 417//417 416//416 418//418 
f 418//418 419//419 417//417 
f 420//420 421//421 422//422 
f 420//420 423//423 419//419 
f 419//419 424//424 420//420 
f 422//422 421//421 425//425 
f 426//426 427//427 428//428 
f 428//428 429//429 426//426 
f 427//427 426//426 430//430 
f 430//430 425//425 427//427 
f 431//431 432//432 433//433 
f 432//432 434//434 433//433 
f 434//434 432//432 435//435 
f 436//436 437//437 438//438 
f 435//435 439//439 438//438 
f 438//438 440//440 435//435 
f 441//441 442//442 443//443 
f 441//441 444//444 445//445 
f 445//445 446//446 441//441 
f 443//443 442//442 447//447 
f 448//448 449//449 450//450 
f 450//450 447//447 448//448 
f 451//451 449//449 452//452 
f 449//449 448//448 452//452 
f 453//453 454//454 455//455 
f 453//453 456//456 451//451 
f 451//451 457//457 453//453 
f 458//458 459//459 460//460 
f 458//458 461//461 455//455 
f 455//455 454//454 458//458 
f 462//462 460//460 463//463 
f 460//460 459//459 463//463 
f 462//462 464//464 465//465 
f 466//466 465//465 389//389 
f 467//467 446//446 468//468 
f 446//446 469//469 468//468 
f 446//446 470//470 469//469 
f 446//446 471//471 470//470 
f 446//446 472//472 471//471 
f 446//446 473//473 474//474 
f 474//474 475//475 446//446 
f 446//446 445//445 476//476 
f 476//476 477//477 478//478 
f 478//478 479//479 480//480 
f 478//478 481//481 479//479 
f 478//478 477//477 481//481 
f 478//478 482//482 483//483 
f 483//483 484//484 478//478 
f 484//484 485//485 478//478 
f 485//485 486//486 478//478 
f 480//480 482//482 478//478 
f 476//476 445//445 477//477 
f 478//478 486//486 476//476 
f 476//476 473//473 446//446 
f 475//475 472//472 446//446 
f 487//487 488//488 489//489 
f 488//488 490//490 489//489 
f 488//488 491//491 492//492 
f 491//491 493//493 492//492 
f 494//494 495//495 493//493 
f 494//494 496//496 497//497 
f 497//497 498//498 494//494 
f 496//496 499//499 497//497 
f 500//500 501//501 499//499 
f 502//502 503//503 504//504 
f 502//502 505//505 503//503 
f 502//502 506//506 505//505 
f 502//502 507//507 508//508 
f 508//508 509//509 502//502 
f 509//509 510//510 502//502 
f 510//510 511//511 502//502 
f 512//512 506//506 502//502 
f 502//502 511//511 512//512 
f 504//504 507//507 502//502 
f 437//437 436//436 513//513 
f 513//513 512//512 437//437 
f 436//436 514//514 515//515 
f 515//515 516//516 436//436 
f 516//516 513//513 436//436 
f 436//436 501//501 517//517 
f 501//501 500//500 517//517 
f 517//517 518//518 436//436 
f 518//518 519//519 436//436 
f 519//519 520//520 436//436 
f 520//520 514//514 436//436 
f 511//511 437//437 512//512 
f 499//499 496//496 500//500 
f 498//498 495//495 494//494 
f 493//493 491//491 494//494 
f 492//492 490//490 488//488 
f 489//489 467//467 487//487 
f 468//468 487//487 467//467 
f 389//389 388//388 466//466 
f 465//465 466//466 462//462 
f 463//463 464//464 462//462 
f 460//460 461//461 458//458 
f 455//455 456//456 453//453 
f 452//452 457//457 451//451 
f 450//450 521//521 447//447 
f 447//447 521//521 443//443 
f 443//443 444//444 441//441 
f 438//438 439//439 436//436 
f 435//435 440//440 434//434 
f 433//433 429//429 431//431 
f 428//428 431//431 429//429 
f 425//425 430//430 422//422 
f 422//422 423//423 420//420 
f 418//418 424//424 419//419 
f 416//416 417//417 413//413 
f 413//413 414//414 411//411 
f 410//410 415//415 409//409 
f 408//408 409//409 406//406 
f 405//405 407//407 406//406 
f 403//403 404//404 401//401 
f 398//398 399//399 396//396 
f 394//394 400//400 395//395 
f 392//392 393//393 391//391 
f 390//390 391//391 388//388 
o mesh4073
v 0.01 0.00846493 -0.0349906 
v 0.01 0.000930475 -0.035988 
v 0.0182 0.000930475 -0.035988 
v 0.01 0.0156221 -0.0324338 
v 0.0182 0.00846493 -0.0349906 
v 0.0182 0.022083 -0.0284313 
v 0.01 0.022083 -0.0284313 
v 0.01 0.0163049 -0.0320108 
v 0.0182 0.0156221 -0.0324338 
v 0.01 0.0275597 -0.0231617 
v 0.01 0.031808 -0.0168598 
v 0.0182 0.0275597 -0.0231617 
v 0.0182 0.0346386 -0.00980639 
v 0.01 0.0346386 -0.00980639 
v 0.01 0.0320108 -0.0163544 
v 0.0182 0.031808 -0.0168598 
v 0.01 0.0359254 -0.00231593 
v 0.0182 0.035611 0.00527774 
v 0.01 0.035611 0.00527774 
v 0.01 0.0358295 0 
v 0.0182 0.0359254 -0.00231593 
v 0.01 0.0337094 0.0126362 
v 0.0182 0.0303054 0.0194314 
v 0.01 0.0303054 0.0194314 
v 0.01 0.0320108 0.0160271 
v 0.0182 0.0337094 0.0126362 
v 0.01 0.0255507 0.0253606 
v 0.01 0.0196572 0.0301595 
v 0.0182 0.0255507 0.0253606 
v 0.0182 0.0196572 0.0301595 
v 0.0182 0.0128875 0.0336142 
v 0.01 0.0160294 0.0320108 
v 0.01 0.0128875 0.0336142 
v 0.01 0.0055435 0.0355706 
v 0.0182 0.0055435 0.0355706 
v 0.0182 -0.00204761 0.0359417 
v 0.01 -1.73472e-18 0.0358416 
v 0.01 -0.00204761 0.0359417 
v 0.01 -0.00954746 0.0347109 
v 0.0182 -0.00954746 0.0347109 
v 0.0182 -0.0166218 0.031933 
v 0.01 -0.0164237 0.0320108 
v 0.01 -0.0166218 0.031933 
v 0.01 -0.0229553 0.0277318 
v 0.01 -0.0282656 0.0222947 
v 0.0182 -0.0229553 0.0277318 
v 0.0182 -0.0282656 0.0222947 
v 0.0182 -0.0323162 0.0158639 
v 0.01 -0.0320108 0.0163488 
v 0.01 -0.0323162 0.0158639 
v 0.01 -0.0349265 0.00872598 
v 0.01 -0.03598 0.00119918 
v 0.0182 -0.0349265 0.00872598 
v 0.01 -0.0359213 2.1684e-19 
v 0.0116899 -0.03543 -0.00638107 
v 0.010845 -0.03557 -0.00554749 
v 0.0110432 -0.0354525 -0.00625443 
v 0.0107511 -0.0354793 -0.00610057 
v 0.0113603 -0.0354357 -0.00634911 
v 0.010495 -0.0355143 -0.00589333 
v 0.0102848 -0.0355554 -0.00564051 
v 0.0101286 -0.0356 -0.00535168 
v 0.0100325 -0.0356458 -0.0050378 
v 0.01 -0.0356904 -0.00471085 
v 0.0182 -0.03598 0.00119918 
v 0.0182 -0.03543 -0.00638107 
v 0.01 -3.46945e-18 -0.0359354 
v 0.0116899 -0.00664545 -0.0353813 
v 0.010845 -0.00581294 -0.0355276 
v 0.0101286 -0.00561736 -0.035559 
v 0.0102848 -0.00590585 -0.0355123 
v 0.0100325 -0.00530383 -0.0356072 
v 0.01 -0.00497722 -0.0356543 
v 0.010495 -0.00615836 -0.0354693 
v 0.0107511 -0.00636533 -0.0354328 
v 0.0110432 -0.00651898 -0.0354048 
v 0.0113603 -0.00661354 -0.0353873 
v 0.0182 -0.00664545 -0.0353813 
vn 0 -0.235137 0.971962 
vn 0 -0.0258465 0.999666 
vn 0 -0.0258465 0.999666 
vn 0 -0.433947 0.900938 
vn 0 -0.235137 0.971962 
vn 0 -0.613417 0.789759 
vn 0 -0.613417 0.789759 
vn 0 -0.453871 0.891067 
vn 0 -0.433947 0.900938 
vn 0 -0.765546 0.643381 
vn 0 -0.883555 0.468327 
vn 0 -0.765546 0.643381 
vn 0 -0.962184 0.2724 
vn 0 -0.962184 0.2724 
vn 0 -0.89051 0.454964 
vn 0 -0.883555 0.468327 
vn 0 -0.997929 0.0643315 
vn 0 -0.989195 -0.146604 
vn 0 -0.989195 -0.146604 
vn 0 -1 1.60812e-16 
vn 0 -0.997929 0.0643315 
vn 0 -0.936374 -0.351005 
vn 0 -0.841818 -0.539762 
vn 0 -0.841818 -0.539762 
vn 0 -0.894184 -0.447699 
vn 0 -0.936374 -0.351005 
vn 0 -0.709742 -0.704462 
vn 0 -0.546033 -0.837764 
vn 0 -0.709742 -0.704462 
vn 0 -0.546033 -0.837764 
vn 0 -0.357987 -0.933726 
vn 0 -0.447751 -0.894158 
vn 0 -0.357987 -0.933726 
vn 0 -0.153986 -0.988073 
vn 0 -0.153986 -0.988073 
vn 0 0.0568781 -0.998381 
vn 0 0 -1 
vn 0 0.0568781 -0.998381 
vn 0 0.265207 -0.964191 
vn 0 0.265207 -0.964191 
vn 0 0.461716 -0.887028 
vn 0 0.45649 -0.889729 
vn 0 0.461716 -0.887028 
vn 0 0.637646 -0.770329 
vn 0 0.785157 -0.619297 
vn 0 0.637646 -0.770329 
vn 0 0.785157 -0.619297 
vn 0 0.897673 -0.440663 
vn 0 0.890573 -0.45484 
vn 0 0.897673 -0.440663 
vn 0 0.970179 -0.242388 
vn 0 0.999445 -0.0333104 
vn 0 0.970179 -0.242388 
vn 0 1 1.83697e-16 
vn 0 0.984165 0.177252 
vn 0 0.988056 0.154097 
vn 0 0.984793 0.173734 
vn 0 0.985537 0.16946 
vn 0 0.984325 0.176364 
vn 0 0.98651 0.163704 
vn 0 0.987649 0.156681 
vn 0 0.988889 0.148658 
vn 0 0.99016 0.139939 
vn 0 0.991401 0.130857 
vn 0 0.999445 -0.0333104 
vn 0 0.984165 0.177252 
vn 0 -1.22465e-16 1 
vn 0 0.184596 0.982814 
vn 0 0.161471 0.986878 
vn 0 0.156038 0.987751 
vn 0 0.164051 0.986452 
vn 0 0.147329 0.989088 
vn 0 0.138256 0.990397 
vn 0 0.171065 0.98526 
vn 0 0.176815 0.984244 
vn 0 0.181083 0.983468 
vn 0 0.183709 0.982981 
vn 0 0.184596 0.982814 
f 522//522 523//523 524//524 
f 525//525 522//522 526//526 
f 527//527 528//528 529//529 
f 529//529 530//530 527//527 
f 531//531 528//528 527//527 
f 532//532 531//531 533//533 
f 534//534 535//535 536//536 
f 536//536 537//537 534//534 
f 538//538 535//535 534//534 
f 539//539 540//540 541//541 
f 541//541 542//542 539//539 
f 543//543 540//540 539//539 
f 544//544 545//545 546//546 
f 546//546 547//547 544//544 
f 548//548 545//545 544//544 
f 549//549 548//548 550//550 
f 551//551 552//552 553//553 
f 552//552 554//554 553//553 
f 555//555 554//554 552//552 
f 556//556 557//557 558//558 
f 557//557 559//559 558//558 
f 560//560 559//559 557//557 
f 561//561 562//562 563//563 
f 562//562 564//564 563//563 
f 565//565 564//564 562//562 
f 566//566 565//565 567//567 
f 568//568 569//569 570//570 
f 569//569 571//571 570//570 
f 572//572 571//571 569//569 
f 573//573 572//572 574//574 
f 575//575 576//576 577//577 
f 577//577 578//578 579//579 
f 577//577 580//580 578//578 
f 577//577 576//576 580//580 
f 577//577 581//581 582//582 
f 582//582 583//583 577//577 
f 583//583 584//584 577//577 
f 584//584 585//585 577//577 
f 579//579 581//581 577//577 
f 586//586 587//587 576//576 
f 576//576 575//575 586//586 
f 577//577 585//585 575//575 
f 524//524 588//588 589//589 
f 590//590 591//591 592//592 
f 590//590 593//593 591//591 
f 590//590 594//594 593//593 
f 590//590 595//595 596//596 
f 596//596 597//597 590//590 
f 597//597 598//598 590//590 
f 598//598 589//589 590//590 
f 588//588 594//594 590//590 
f 590//590 589//589 588//588 
f 592//592 595//595 590//590 
f 524//524 523//523 588//588 
f 589//589 599//599 524//524 
f 575//575 573//573 586//586 
f 574//574 586//586 573//573 
f 569//569 574//574 572//572 
f 570//570 566//566 568//568 
f 567//567 568//568 566//566 
f 562//562 567//567 565//565 
f 563//563 560//560 561//561 
f 557//557 561//561 560//560 
f 558//558 555//555 556//556 
f 552//552 556//556 555//555 
f 553//553 549//549 551//551 
f 550//550 551//551 549//549 
f 544//544 550//550 548//548 
f 546//546 543//543 547//547 
f 539//539 547//547 543//543 
f 541//541 538//538 542//542 
f 534//534 542//542 538//538 
f 536//536 532//532 537//537 
f 533//533 537//537 532//532 
f 527//527 533//533 531//531 
f 529//529 525//525 530//530 
f 526//526 530//530 525//525 
f 524//524 526//526 522//522 
o mesh4074
v 0.0113603 -0.0516744 -0.00927377 
v 0.0113603 -0.0354357 -0.00634911 
v 0.0116899 -0.03543 -0.00638107 
v 0.0110432 -0.0516913 -0.0091791 
v 0.0110432 -0.0354525 -0.00625443 
v 0.0107511 -0.0517184 -0.0090253 
v 0.0107511 -0.0354793 -0.00610057 
v 0.010495 -0.0517541 -0.00881818 
v 0.010495 -0.0355143 -0.00589333 
v 0.0102848 -0.0517965 -0.00856561 
v 0.0102848 -0.0355554 -0.00564051 
v 0.0101286 -0.0518434 -0.00827718 
v 0.0101286 -0.0356 -0.00535168 
v 0.0100325 -0.0518925 -0.00796389 
v 0.0100325 -0.0356458 -0.0050378 
v 0.01 -0.049635 -0.00722232 
v 0.01 -0.0519415 -0.00763772 
v 0.01 -0.0356904 -0.00471085 
v 0.0116899 -0.0516687 -0.00930573 
vn -0.19509 0.173846 -0.965255 
vn -0.19509 0.173846 -0.965255 
vn 1.22465e-16 0.177252 -0.984165 
vn -0.382683 0.16376 -0.90925 
vn -0.382683 0.16376 -0.90925 
vn -0.55557 0.14738 -0.818304 
vn -0.55557 0.14738 -0.818304 
vn -0.707107 0.125336 -0.69591 
vn -0.707107 0.125336 -0.69591 
vn -0.83147 0.0984759 -0.546773 
vn -0.83147 0.0984759 -0.546773 
vn -0.92388 0.0678314 -0.376624 
vn -0.92388 0.0678314 -0.376624 
vn -0.980785 0.0345802 -0.192001 
vn -0.980785 0.0345802 -0.192001 
vn -1 0 3.07948e-15 
vn -1 0 3.07948e-15 
vn -1 0 3.07948e-15 
vn -2.05299e-15 0.177252 -0.984165 
f 600//600 601//601 602//602 
f 603//603 604//604 601//601 
f 605//605 606//606 604//604 
f 607//607 608//608 606//606 
f 609//609 610//610 608//608 
f 611//611 612//612 610//610 
f 613//613 614//614 612//612 
f 614//614 613//613 615//615 
f 613//613 616//616 615//615 
f 615//615 617//617 614//614 
f 612//612 611//611 613//613 
f 610//610 609//609 611//611 
f 608//608 607//607 609//609 
f 606//606 605//605 607//607 
f 604//604 603//603 605//605 
f 601//601 600//600 603//603 
f 602//602 618//618 600//600 
o mesh4075
v 0.0100325 -0.00530383 -0.0356072 
v 0.01 -0.00497722 -0.0356543 
v 0.01 -0.00760314 -0.049635 
v 0.0100325 -0.00835115 -0.0518315 
v 0.0101286 -0.00866407 -0.0517801 
v 0.0101286 -0.00561736 -0.035559 
v 0.0102848 -0.00895214 -0.0517311 
v 0.0102848 -0.00590585 -0.0355123 
v 0.010495 -0.00920439 -0.0516868 
v 0.010495 -0.00615836 -0.0354693 
v 0.0107511 -0.00941123 -0.0516496 
v 0.0107511 -0.00636533 -0.0354328 
v 0.0110432 -0.00956483 -0.0516214 
v 0.0110432 -0.00651898 -0.0354048 
v 0.0113603 -0.00965937 -0.0516037 
v 0.0113603 -0.00661354 -0.0353873 
v 0.0116899 -0.00969129 -0.0515978 
v 0.0116899 -0.00664545 -0.0353813 
v 0.01 -0.00802536 -0.051883 
vn -0.980785 -0.191738 0.0360129 
vn -1 3.31112e-15 -6.21907e-16 
vn -1 3.31112e-15 -6.21907e-16 
vn -0.980785 -0.191738 0.0360129 
vn -0.92388 -0.376107 0.0706418 
vn -0.92388 -0.376107 0.0706418 
vn -0.83147 -0.546022 0.102556 
vn -0.83147 -0.546022 0.102556 
vn -0.707107 -0.694955 0.130529 
vn -0.707107 -0.694955 0.130529 
vn -0.55557 -0.81718 0.153486 
vn -0.55557 -0.81718 0.153486 
vn -0.382683 -0.908002 0.170544 
vn -0.382683 -0.908002 0.170544 
vn -0.19509 -0.96393 0.181049 
vn -0.19509 -0.96393 0.181049 
vn 1.22465e-16 -0.982814 0.184596 
vn 1.22465e-16 -0.982814 0.184596 
vn -1 -1.53974e-15 -6.15897e-15 
f 619//619 620//620 621//621 
f 621//621 622//622 619//619 
f 622//622 623//623 624//624 
f 623//623 625//625 626//626 
f 625//625 627//627 628//628 
f 627//627 629//629 630//630 
f 629//629 631//631 632//632 
f 631//631 633//633 634//634 
f 633//633 635//635 636//636 
f 636//636 634//634 633//633 
f 634//634 632//632 631//631 
f 632//632 630//630 629//629 
f 630//630 628//628 627//627 
f 628//628 626//626 625//625 
f 626//626 624//624 623//623 
f 624//624 619//619 622//622 
f 621//621 637//637 622//622 
o mesh4076
v 0.01 0.0320108 -0.0320108 
v 0.01 0.022083 -0.0284313 
v 0.01 0.0275597 -0.0231617 
v 0.01 0.0163049 -0.0320108 
v 0.01 0.031808 -0.0168598 
v 0.01 0.0320108 0.0320108 
v 0.01 0.0255507 0.0253606 
v 0.01 0.0196572 0.0301595 
v 0.01 0.0320108 0.0160271 
v 0.01 0.0303054 0.0194314 
v 0.01 -0.0320108 0.0320108 
v 0.01 -0.0229553 0.0277318 
v 0.01 -0.0282656 0.0222947 
v 0.01 -0.0164237 0.0320108 
v 0.01 -0.0166218 0.031933 
v 0.01 -0.049635 0 
v 0.01 -0.0359213 2.1684e-19 
v 0.01 -0.0356904 -0.00471085 
v 0.01 -0.0523215 4.33681e-19 
v 0.01 -0.049635 -0.00722232 
v 0.01 -0.0519415 -0.00763772 
v 0.01 -0.0519656 -0.00747153 
v 0.01 -0.0524405 0.00249805 
v 0.01 -0.0510201 0.0123773 
v 0.01 -0.0446403 0.0173901 
v 0.01 -0.0443623 0.0175573 
v 0.01 -0.0349265 0.00872598 
v 0.01 -0.049635 0.0163792 
v 0.01 -0.0464133 0.0177804 
v 0.01 -0.0461779 0.0175573 
v 0.01 -0.03598 0.00119918 
v 0.01 -0.0465954 0.0180489 
v 0.01 -0.0449476 0.0172866 
v 0.01 -0.0452701 0.0172515 
v 0.01 -0.0458999 0.0173901 
v 0.01 -0.0455926 0.0172866 
v 0.01 -0.0441269 0.0177804 
v 0.01 -0.0439448 0.0180489 
v 0.01 -0.0447911 0.020173 
v 0.01 -0.0451079 0.0202427 
v 0.01 -0.0427652 0.030453 
v 0.01 -0.0414154 0.0320108 
v 0.01 -0.0444968 0.0200368 
v 0.01 -0.0440286 0.0195933 
v 0.01 -0.0442385 0.0198405 
v 0.01 -0.0437723 0.0186703 
v 0.01 -0.0320108 0.0163488 
v 0.01 -0.0323162 0.0158639 
v 0.01 -0.0438766 0.0193067 
v 0.01 -0.0437899 0.0189942 
v 0.01 -0.0438248 0.0183502 
v 0.01 -0.0454323 0.0202427 
v 0.01 -0.045749 0.020173 
v 0.01 -0.0467679 0.0186703 
v 0.01 -0.0467154 0.0183502 
v 0.01 -0.0477557 0.0218093 
v 0.01 -0.0466636 0.0193067 
v 0.01 -0.0467503 0.0189942 
v 0.01 -0.0460434 0.0200368 
v 0.01 -0.0463016 0.0198405 
v 0.01 -0.0465116 0.0195933 
v 0.01 -0.0362291 0.037996 
v 0.01 -0.0195123 0.0487393 
v 0.01 -0.0189137 0.0467613 
v 0.01 -0.0192304 0.0466916 
v 0.01 -0.00993569 0.0515513 
v 0.01 -0.0182725 0.0466916 
v 0.01 -0.0201968 0.0448688 
v 0.01 -0.0320108 0.0413134 
v 0.01 -0.0283836 0.0441658 
v 0.01 -0.020145 0.0458253 
v 0.01 -0.0202317 0.0455128 
v 0.01 -0.019783 0.0463591 
v 0.01 -0.0195248 0.0465554 
v 0.01 -0.0179782 0.0465554 
v 0.01 -0.0202493 0.0451889 
v 0.01 -0.0177199 0.0463591 
v 0.01 -0.017358 0.0458253 
v 0.01 -0.01751 0.0461119 
v 0.01 -0.0174262 0.0445675 
v 0.01 -0.00204761 0.0359417 
v 0.01 -0.00954746 0.0347109 
v 0.01 -0.0198947 0.044299 
v 0.01 -0.0196592 0.044076 
v 0.01 -0.0200768 0.0445675 
v 0.01 -0.019993 0.0461119 
v 0.01 0 0.0525 
v 0.01 -0.0172712 0.0455128 
v 0.01 -1.73472e-18 0.0358416 
v 0.01 -0.0172537 0.0451889 
v 0.01 -0.0181217 0.0439087 
v 0.01 -0.0193813 0.0439087 
v 0.01 -0.0190739 0.0438052 
v 0.01 -0.0173062 0.0448688 
v 0.01 -0.0176082 0.044299 
v 0.01 -0.0178437 0.044076 
v 0.01 -0.0187515 0.0437701 
v 0.01 -0.018429 0.0438052 
v 0.01 -0.0185893 0.0467613 
v 0.01 0.0195123 0.0487393 
v 0.01 0.0185893 0.0467613 
v 0.01 0.0182725 0.0466916 
v 0.01 0.0172712 0.0455128 
v 0.01 0.0172537 0.0451889 
v 0.01 0.00993569 0.0515513 
v 0.01 0.017358 0.0458253 
v 0.01 0.0179782 0.0465554 
v 0.01 0.0195248 0.0465554 
v 0.01 0.0192304 0.0466916 
v 0.01 0.0055435 0.0355706 
v 0.01 0.0176082 0.044299 
v 0.01 0.0178437 0.044076 
v 0.01 0.0177199 0.0463591 
v 0.01 0.019783 0.0463591 
v 0.01 0.0283836 0.0441658 
v 0.01 0.019993 0.0461119 
v 0.01 0.0128875 0.0336142 
v 0.01 0.0174262 0.0445675 
v 0.01 0.0173062 0.0448688 
v 0.01 0.01751 0.0461119 
v 0.01 0.0202317 0.0455128 
v 0.01 0.020145 0.0458253 
v 0.01 0.0201968 0.0448688 
v 0.01 0.0202493 0.0451889 
v 0.01 0.0198947 0.044299 
v 0.01 0.0200768 0.0445675 
v 0.01 0.0160294 0.0320108 
v 0.01 0.0190739 0.0438052 
v 0.01 0.0181217 0.0439087 
v 0.01 0.0320108 0.0413134 
v 0.01 0.0193813 0.0439087 
v 0.01 0.0196592 0.044076 
v 0.01 0.0187515 0.0437701 
v 0.01 0.018429 0.0438052 
v 0.01 0.0189137 0.0467613 
v 0.01 0.0362291 0.037996 
v 0.01 0.035611 0.00527774 
v 0.01 0.0337094 0.0126362 
v 0.01 0.0441269 0.0177804 
v 0.01 0.0458999 0.0173901 
v 0.01 0.0461779 0.0175573 
v 0.01 0.0510201 0.0123773 
v 0.01 0.0455926 0.0172866 
v 0.01 0.0524405 0.00249805 
v 0.01 0.0358295 0 
v 0.01 0.0449476 0.0172866 
v 0.01 0.0452701 0.0172515 
v 0.01 0.0446403 0.0173901 
v 0.01 0.0439448 0.0180489 
v 0.01 0.0523215 8.67362e-19 
v 0.01 0.0443623 0.0175573 
v 0.01 0.0427652 0.030453 
v 0.01 0.0477557 0.0218093 
v 0.01 0.045749 0.020173 
v 0.01 0.0465116 0.0195933 
v 0.01 0.0463016 0.0198405 
v 0.01 0.0464133 0.0177804 
v 0.01 0.0460434 0.0200368 
v 0.01 0.0466636 0.0193067 
v 0.01 0.0467679 0.0186703 
v 0.01 0.0467503 0.0189942 
v 0.01 0.0465954 0.0180489 
v 0.01 0.0467154 0.0183502 
v 0.01 0.0438248 0.0183502 
v 0.01 0.0414154 0.0320108 
v 0.01 0.0447911 0.020173 
v 0.01 0.0444968 0.0200368 
v 0.01 0.0437723 0.0186703 
v 0.01 0.0451079 0.0202427 
v 0.01 0.0438766 0.0193067 
v 0.01 0.0437899 0.0189942 
v 0.01 0.0442385 0.0198405 
v 0.01 0.0440286 0.0195933 
v 0.01 0.0454323 0.0202427 
v 0.01 0.0449476 -0.0202164 
v 0.01 0.0452701 -0.0202515 
v 0.01 0.0454663 -0.02625 
v 0.01 0.0443623 -0.0199456 
v 0.01 0.0446403 -0.0201129 
v 0.01 0.0439448 -0.0194541 
v 0.01 0.0441269 -0.0197226 
v 0.01 0.0455926 -0.0202164 
v 0.01 0.0458999 -0.0201129 
v 0.01 0.0413641 -0.0320108 
v 0.01 0.0463016 -0.0176625 
v 0.01 0.0519656 -0.00747153 
v 0.01 0.0496125 -0.0171711 
v 0.01 0.0464133 -0.0197226 
v 0.01 0.0465954 -0.0194541 
v 0.01 0.045749 -0.01733 
v 0.01 0.0465116 -0.0179097 
v 0.01 0.0461779 -0.0199456 
v 0.01 0.0460434 -0.0174662 
v 0.01 0.0466636 -0.0181963 
v 0.01 0.0467154 -0.0191528 
v 0.01 0.0320108 -0.0163544 
v 0.01 0.0438248 -0.0191528 
v 0.01 0.0447911 -0.01733 
v 0.01 0.0444968 -0.0174662 
v 0.01 0.0359254 -0.00231593 
v 0.01 0.0467679 -0.0188327 
v 0.01 0.0467503 -0.0185088 
v 0.01 0.0437723 -0.0188327 
v 0.01 0.0442385 -0.0176625 
v 0.01 0.0346386 -0.00980639 
v 0.01 0.0451079 -0.0172603 
v 0.01 0.0440286 -0.0179097 
v 0.01 0.0438766 -0.0181963 
v 0.01 0.0454323 -0.0172603 
v 0.01 0.0437899 -0.0185088 
v 0.01 0.0396769 -0.0343802 
v 0.01 0.0324533 -0.0412678 
v 0.01 0.0156221 -0.0324338 
v 0.01 0.0182725 -0.0438486 
v 0.01 0.0179782 -0.0439848 
v 0.01 0.0185893 -0.0437789 
v 0.01 0 -0.049635 
v 0.01 -3.46945e-18 -0.0359354 
v 0.01 0.0172712 -0.0450274 
v 0.01 0.0192304 -0.0438486 
v 0.01 0.017358 -0.0447149 
v 0.01 0.01751 -0.0444283 
v 0.01 0.000930475 -0.035988 
v 0.01 0.00846493 -0.0349906 
v 0.01 0.0195248 -0.0439848 
v 0.01 0.0166352 -0.049635 
v 0.01 0.0176082 -0.0462412 
v 0.01 0.0172537 -0.0453513 
v 0.01 0.0177199 -0.0441811 
v 0.01 0.019783 -0.0441811 
v 0.01 0.0320108 -0.0415522 
v 0.01 0.020145 -0.0447149 
v 0.01 0.019993 -0.0444283 
v 0.01 0.0178437 -0.0464642 
v 0.01 0.0173062 -0.0456714 
v 0.01 0.0202317 -0.0450274 
v 0.01 0.0240569 -0.0466639 
v 0.01 0.0190739 -0.046735 
v 0.01 0.0193813 -0.0466315 
v 0.01 0.0174262 -0.0459727 
v 0.01 0.0201968 -0.0456714 
v 0.01 0.0202493 -0.0453513 
v 0.01 0.0198947 -0.0462412 
v 0.01 0.0200768 -0.0459727 
v 0.01 0.0196592 -0.0464642 
v 0.01 0.0187515 -0.0467701 
v 0.01 0.0181217 -0.0466315 
v 0.01 0.018429 -0.046735 
v 0.01 0.0189137 -0.0437789 
v 0.01 0.014791 -0.0503734 
v 0.01 0.00499044 -0.0522623 
v 0.01 -8.67362e-19 -0.0522623 
v 0.01 -0.00499044 -0.0522623 
v 0.01 -0.00760314 -0.049635 
v 0.01 -0.00497722 -0.0356543 
v 0.01 -0.00802536 -0.051883 
vn -1 -1.53974e-15 -6.15897e-15 
vn -1 -1.53974e-15 -6.15897e-15 
vn -1 -1.53974e-15 -6.15897e-15 
vn -1 -1.53974e-15 -6.15897e-15 
vn -1 -1.53974e-15 -6.15897e-15 
vn -1 -1.53974e-15 -6.15897e-15 
vn -1 -1.53974e-15 -6.15897e-15 
vn -1 -1.53974e-15 -6.15897e-15 
vn -1 -1.53974e-15 -6.15897e-15 
vn -1 -1.53974e-15 -6.15897e-15 
vn -1 -1.53974e-15 -6.15897e-15 
vn -1 -1.53974e-15 -6.15897e-15 
vn -1 -1.53974e-15 -6.15897e-15 
vn -1 -1.53974e-15 -6.15897e-15 
vn -1 -1.53974e-15 -6.15897e-15 
vn -1 -1.53974e-15 -6.15897e-15 
vn -1 -1.53974e-15 -6.15897e-15 
vn -1 -1.53974e-15 -6.15897e-15 
vn -1 -1.53974e-15 -6.15897e-15 
vn -1 -1.53974e-15 -6.15897e-15 
vn -1 -1.53974e-15 -6.15897e-15 
vn -1 -1.53974e-15 -6.15897e-15 
vn -1 -1.53974e-15 -6.15897e-15 
vn -1 -1.53974e-15 -6.15897e-15 
vn -1 -1.53974e-15 -6.15897e-15 
vn -1 -1.53974e-15 -6.15897e-15 
vn -1 -1.53974e-15 -6.15897e-15 
vn -1 -1.53974e-15 -6.15897e-15 
vn -1 -1.53974e-15 -6.15897e-15 
vn -1 -1.53974e-15 -6.15897e-15 
vn -1 -1.53974e-15 -6.15897e-15 
vn -1 -1.53974e-15 -6.15897e-15 
vn -1 -1.53974e-15 -6.15897e-15 
vn -1 -1.53974e-15 -6.15897e-15 
vn -1 -1.53974e-15 -6.15897e-15 
vn -1 -1.53974e-15 -6.15897e-15 
vn -1 -1.53974e-15 -6.15897e-15 
vn -1 -1.53974e-15 -6.15897e-15 
vn -1 -1.53974e-15 -6.15897e-15 
vn -1 -1.53974e-15 -6.15897e-15 
vn -1 -1.53974e-15 -6.15897e-15 
vn -1 -1.53974e-15 -6.15897e-15 
vn -1 -1.53974e-15 -6.15897e-15 
vn -1 -1.53974e-15 -6.15897e-15 
vn -1 -1.53974e-15 -6.15897e-15 
vn -1 -1.53974e-15 -6.15897e-15 
vn -1 -1.53974e-15 -6.15897e-15 
vn -1 -1.53974e-15 -6.15897e-15 
vn -1 -1.53974e-15 -6.15897e-15 
vn -1 -1.53974e-15 -6.15897e-15 
vn -1 -1.53974e-15 -6.15897e-15 
vn -1 -1.53974e-15 -6.15897e-15 
vn -1 -1.53974e-15 -6.15897e-15 
vn -1 -1.53974e-15 -6.15897e-15 
vn -1 -1.53974e-15 -6.15897e-15 
vn -1 -1.53974e-15 -6.15897e-15 
vn -1 -1.53974e-15 -6.15897e-15 
vn -1 -1.53974e-15 -6.15897e-15 
vn -1 -1.53974e-15 -6.15897e-15 
vn -1 -1.53974e-15 -6.15897e-15 
vn -1 -1.53974e-15 -6.15897e-15 
vn -1 -1.53974e-15 -6.15897e-15 
vn -1 -1.53974e-15 -6.15897e-15 
vn -1 -1.53974e-15 -6.15897e-15 
vn -1 -1.53974e-15 -6.15897e-15 
vn -1 -1.53974e-15 -6.15897e-15 
vn -1 -1.53974e-15 -6.15897e-15 
vn -1 -1.53974e-15 -6.15897e-15 
vn -1 -1.53974e-15 -6.15897e-15 
vn -1 -1.53974e-15 -6.15897e-15 
vn -1 -1.53974e-15 -6.15897e-15 
vn -1 -1.53974e-15 -6.15897e-15 
vn -1 -1.53974e-15 -6.15897e-15 
vn -1 -1.53974e-15 -6.15897e-15 
vn -1 -1.53974e-15 -6.15897e-15 
vn -1 -1.53974e-15 -6.15897e-15 
vn -1 -1.53974e-15 -6.15897e-15 
vn -1 -1.53974e-15 -6.15897e-15 
vn -1 -1.53974e-15 -6.15897e-15 
vn -1 -1.53974e-15 -6.15897e-15 
vn -1 -1.53974e-15 -6.15897e-15 
vn -1 -1.53974e-15 -6.15897e-15 
vn -1 -1.53974e-15 -6.15897e-15 
vn -1 -1.53974e-15 -6.15897e-15 
vn -1 -1.53974e-15 -6.15897e-15 
vn -1 -1.53974e-15 -6.15897e-15 
vn -1 -1.53974e-15 -6.15897e-15 
vn -1 -1.53974e-15 -6.15897e-15 
vn -1 -1.53974e-15 -6.15897e-15 
vn -1 -1.53974e-15 -6.15897e-15 
vn -1 -1.53974e-15 -6.15897e-15 
vn -1 -1.53974e-15 -6.15897e-15 
vn -1 -1.53974e-15 -6.15897e-15 
vn -1 -1.53974e-15 -6.15897e-15 
vn -1 -1.53974e-15 -6.15897e-15 
vn -1 -1.53974e-15 -6.15897e-15 
vn -1 -1.53974e-15 -6.15897e-15 
vn -1 -1.53974e-15 -6.15897e-15 
vn -1 -1.53974e-15 -6.15897e-15 
vn -1 -1.53974e-15 -6.15897e-15 
vn -1 -1.53974e-15 -6.15897e-15 
vn -1 -1.53974e-15 -6.15897e-15 
vn -1 -1.53974e-15 -6.15897e-15 
vn -1 -1.53974e-15 -6.15897e-15 
vn -1 -1.53974e-15 -6.15897e-15 
vn -1 -1.53974e-15 -6.15897e-15 
vn -1 -1.53974e-15 -6.15897e-15 
vn -1 -1.53974e-15 -6.15897e-15 
vn -1 -1.53974e-15 -6.15897e-15 
vn -1 -1.53974e-15 -6.15897e-15 
vn -1 -1.53974e-15 -6.15897e-15 
vn -1 -1.53974e-15 -6.15897e-15 
vn -1 -1.53974e-15 -6.15897e-15 
vn -1 -1.53974e-15 -6.15897e-15 
vn -1 -1.53974e-15 -6.15897e-15 
vn -1 -1.53974e-15 -6.15897e-15 
vn -1 -1.53974e-15 -6.15897e-15 
vn -1 -1.53974e-15 -6.15897e-15 
vn -1 -1.53974e-15 -6.15897e-15 
vn -1 -1.53974e-15 -6.15897e-15 
vn -1 -1.53974e-15 -6.15897e-15 
vn -1 -1.53974e-15 -6.15897e-15 
vn -1 -1.53974e-15 -6.15897e-15 
vn -1 -1.53974e-15 -6.15897e-15 
vn -1 -1.53974e-15 -6.15897e-15 
vn -1 -1.53974e-15 -6.15897e-15 
vn -1 -1.53974e-15 -6.15897e-15 
vn -1 -1.53974e-15 -6.15897e-15 
vn -1 -1.53974e-15 -6.15897e-15 
vn -1 -1.53974e-15 -6.15897e-15 
vn -1 -1.53974e-15 -6.15897e-15 
vn -1 -1.53974e-15 -6.15897e-15 
vn -1 -1.53974e-15 -6.15897e-15 
vn -1 -1.53974e-15 -6.15897e-15 
vn -1 -1.53974e-15 -6.15897e-15 
vn -1 -1.53974e-15 -6.15897e-15 
vn -1 -1.53974e-15 -6.15897e-15 
vn -1 -1.53974e-15 -6.15897e-15 
vn -1 -1.53974e-15 -6.15897e-15 
vn -1 -1.53974e-15 -6.15897e-15 
vn -1 -1.53974e-15 -6.15897e-15 
vn -1 -1.53974e-15 -6.15897e-15 
vn -1 -1.53974e-15 -6.15897e-15 
vn -1 -1.53974e-15 -6.15897e-15 
vn -1 -1.53974e-15 -6.15897e-15 
vn -1 -1.53974e-15 -6.15897e-15 
vn -1 -1.53974e-15 -6.15897e-15 
vn -1 -1.53974e-15 -6.15897e-15 
vn -1 -1.53974e-15 -6.15897e-15 
vn -1 -1.53974e-15 -6.15897e-15 
vn -1 -1.53974e-15 -6.15897e-15 
vn -1 -1.53974e-15 -6.15897e-15 
vn -1 -1.53974e-15 -6.15897e-15 
vn -1 -1.53974e-15 -6.15897e-15 
vn -1 -1.53974e-15 -6.15897e-15 
vn -1 -1.53974e-15 -6.15897e-15 
vn -1 -1.53974e-15 -6.15897e-15 
vn -1 -1.53974e-15 -6.15897e-15 
vn -1 -1.53974e-15 -6.15897e-15 
vn -1 -1.53974e-15 -6.15897e-15 
vn -1 -1.53974e-15 -6.15897e-15 
vn -1 -1.53974e-15 -6.15897e-15 
vn -1 -1.53974e-15 -6.15897e-15 
vn -1 -1.53974e-15 -6.15897e-15 
vn -1 -1.53974e-15 -6.15897e-15 
vn -1 -1.53974e-15 -6.15897e-15 
vn -1 -1.53974e-15 -6.15897e-15 
vn -1 -1.53974e-15 -6.15897e-15 
vn -1 -1.53974e-15 -6.15897e-15 
vn -1 -1.53974e-15 -6.15897e-15 
vn -1 -1.53974e-15 -6.15897e-15 
vn -1 -1.53974e-15 -6.15897e-15 
vn -1 -1.53974e-15 -6.15897e-15 
vn -1 -1.53974e-15 -6.15897e-15 
vn -1 -1.53974e-15 -6.15897e-15 
vn -1 -1.53974e-15 -6.15897e-15 
vn -1 -1.53974e-15 -6.15897e-15 
vn -1 -1.53974e-15 -6.15897e-15 
vn -1 -1.53974e-15 -6.15897e-15 
vn -1 -1.53974e-15 -6.15897e-15 
vn -1 -1.53974e-15 -6.15897e-15 
vn -1 -1.53974e-15 -6.15897e-15 
vn -1 -1.53974e-15 -6.15897e-15 
vn -1 -1.53974e-15 -6.15897e-15 
vn -1 -1.53974e-15 -6.15897e-15 
vn -1 -1.53974e-15 -6.15897e-15 
vn -1 -1.53974e-15 -6.15897e-15 
vn -1 -1.53974e-15 -6.15897e-15 
vn -1 -1.53974e-15 -6.15897e-15 
vn -1 -1.53974e-15 -6.15897e-15 
vn -1 -1.53974e-15 -6.15897e-15 
vn -1 -1.53974e-15 -6.15897e-15 
vn -1 -1.53974e-15 -6.15897e-15 
vn -1 -1.53974e-15 -6.15897e-15 
vn -1 -1.53974e-15 -6.15897e-15 
vn -1 -1.53974e-15 -6.15897e-15 
vn -1 -1.53974e-15 -6.15897e-15 
vn -1 -1.53974e-15 -6.15897e-15 
vn -1 -1.53974e-15 -6.15897e-15 
vn -1 -1.53974e-15 -6.15897e-15 
vn -1 -1.53974e-15 -6.15897e-15 
vn -1 -1.53974e-15 -6.15897e-15 
vn -1 -1.53974e-15 -6.15897e-15 
vn -1 -1.53974e-15 -6.15897e-15 
vn -1 -1.53974e-15 -6.15897e-15 
vn -1 -1.53974e-15 -6.15897e-15 
vn -1 -1.53974e-15 -6.15897e-15 
vn -1 -1.53974e-15 -6.15897e-15 
vn -1 -1.53974e-15 -6.15897e-15 
vn -1 -1.53974e-15 -6.15897e-15 
vn -1 -1.53974e-15 -6.15897e-15 
vn -1 -1.53974e-15 -6.15897e-15 
vn -1 -1.53974e-15 -6.15897e-15 
vn -1 -1.53974e-15 -6.15897e-15 
vn -1 -1.53974e-15 -6.15897e-15 
vn -1 -1.53974e-15 -6.15897e-15 
vn -1 -1.53974e-15 -6.15897e-15 
vn -1 -1.53974e-15 -6.15897e-15 
vn -1 -1.53974e-15 -6.15897e-15 
vn -1 -1.53974e-15 -6.15897e-15 
vn -1 -1.53974e-15 -6.15897e-15 
vn -1 -1.53974e-15 -6.15897e-15 
vn -1 -1.53974e-15 -6.15897e-15 
vn -1 -1.53974e-15 -6.15897e-15 
vn -1 -1.53974e-15 -6.15897e-15 
vn -1 -1.53974e-15 -6.15897e-15 
vn -1 -1.53974e-15 -6.15897e-15 
vn -1 -1.53974e-15 -6.15897e-15 
vn -1 -1.53974e-15 -6.15897e-15 
vn -1 -1.53974e-15 -6.15897e-15 
vn -1 -1.53974e-15 -6.15897e-15 
vn -1 -1.53974e-15 -6.15897e-15 
vn -1 -1.53974e-15 -6.15897e-15 
vn -1 -1.53974e-15 -6.15897e-15 
vn -1 -1.53974e-15 -6.15897e-15 
vn -1 -1.53974e-15 -6.15897e-15 
vn -1 -1.53974e-15 -6.15897e-15 
vn -1 -1.53974e-15 -6.15897e-15 
vn -1 -1.53974e-15 -6.15897e-15 
vn -1 -1.53974e-15 -6.15897e-15 
vn -1 -1.53974e-15 -6.15897e-15 
vn -1 -1.53974e-15 -6.15897e-15 
vn -1 -1.53974e-15 -6.15897e-15 
vn -1 -1.53974e-15 -6.15897e-15 
vn -1 -1.53974e-15 -6.15897e-15 
vn -1 -1.53974e-15 -6.15897e-15 
vn -1 -1.53974e-15 -6.15897e-15 
vn -1 -1.53974e-15 -6.15897e-15 
vn -1 -1.53974e-15 -6.15897e-15 
vn -1 -1.53974e-15 -6.15897e-15 
vn -1 -1.53974e-15 -6.15897e-15 
vn -1 -1.53974e-15 -6.15897e-15 
vn -1 -1.53974e-15 -6.15897e-15 
vn -1 -1.53974e-15 -6.15897e-15 
vn -1 -1.53974e-15 -6.15897e-15 
vn -1 -1.53974e-15 -6.15897e-15 
f 638//638 639//639 640//640 
f 638//638 641//641 639//639 
f 640//640 642//642 638//638 
f 643//643 644//644 645//645 
f 643//643 646//646 647//647 
f 647//647 644//644 643//643 
f 648//648 649//649 650//650 
f 648//648 651//651 652//652 
f 652//652 649//649 648//648 
f 653//653 654//654 655//655 
f 656//656 653//653 657//657 
f 657//657 658//658 659//659 
f 653//653 660//660 661//661 
f 653//653 656//656 660//660 
f 662//662 663//663 664//664 
f 665//665 666//666 667//667 
f 664//664 668//668 662//662 
f 665//665 669//669 666//666 
f 654//654 670//670 662//662 
f 653//653 671//671 670//670 
f 653//653 672//672 673//673 
f 667//667 653//653 665//665 
f 664//664 674//674 675//675 
f 670//670 654//654 653//653 
f 667//667 672//672 653//653 
f 676//676 677//677 678//678 
f 679//679 648//648 680//680 
f 648//648 681//681 682//682 
f 683//683 684//684 685//685 
f 664//664 663//663 674//674 
f 673//673 671//671 653//653 
f 680//680 676//676 679//679 
f 648//648 686//686 681//681 
f 684//684 687//687 686//686 
f 685//685 675//675 688//688 
f 668//668 654//654 662//662 
f 678//678 689//689 690//690 
f 682//682 680//680 648//648 
f 684//684 683//683 687//687 
f 675//675 685//685 664//664 
f 665//665 691//691 692//692 
f 690//690 693//693 678//678 
f 686//686 648//648 684//684 
f 692//692 669//669 665//665 
f 693//693 694//694 695//695 
f 690//690 696//696 693//693 
f 685//685 688//688 683//683 
f 695//695 665//665 693//693 
f 693//693 697//697 698//698 
f 678//678 677//677 689//689 
f 695//695 691//691 665//665 
f 696//696 697//697 693//693 
f 698//698 694//694 693//693 
f 648//648 679//679 699//699 
f 700//700 701//701 702//702 
f 700//700 703//703 704//704 
f 705//705 706//706 707//707 
f 707//707 708//708 709//709 
f 707//707 700//700 710//710 
f 702//702 711//711 700//700 
f 703//703 712//712 704//704 
f 709//709 713//713 707//707 
f 711//711 710//710 700//700 
f 703//703 714//714 712//712 
f 715//715 716//716 703//703 
f 717//717 718//718 719//719 
f 648//648 720//720 721//721 
f 648//648 706//706 722//722 
f 707//707 713//713 705//705 
f 710//710 723//723 707//707 
f 703//703 716//716 714//714 
f 724//724 725//725 715//715 
f 724//724 726//726 727//727 
f 717//717 726//726 718//718 
f 719//719 651//651 728//728 
f 648//648 729//729 730//730 
f 722//722 720//720 648//648 
f 723//723 708//708 707//707 
f 703//703 724//724 715//715 
f 726//726 731//731 727//727 
f 719//719 732//732 717//717 
f 728//728 733//733 719//719 
f 651//651 734//734 735//735 
f 730//730 651//651 648//648 
f 705//705 722//722 706//706 
f 727//727 725//725 724//724 
f 733//733 732//732 719//719 
f 730//730 734//734 651//651 
f 700//700 736//736 701//701 
f 717//717 731//731 726//726 
f 721//721 729//729 648//648 
f 735//735 728//728 651//651 
f 737//737 738//738 739//739 
f 724//724 740//740 741//741 
f 739//739 742//742 737//737 
f 724//724 743//743 740//740 
f 739//739 744//744 742//742 
f 737//737 745//745 746//746 
f 747//747 748//748 749//749 
f 741//741 726//726 724//724 
f 743//743 724//724 742//742 
f 744//744 750//750 742//742 
f 737//737 751//751 745//745 
f 752//752 753//753 751//751 
f 749//749 754//754 747//747 
f 755//755 748//748 747//747 
f 741//741 756//756 726//726 
f 750//750 757//757 742//742 
f 751//751 737//737 752//752 
f 752//752 758//758 759//759 
f 760//760 761//761 752//752 
f 643//643 762//762 763//763 
f 643//643 764//764 765//765 
f 764//764 754//754 766//766 
f 747//747 726//726 755//755 
f 742//742 757//757 743//743 
f 759//759 753//753 752//752 
f 752//752 767//767 760//760 
f 763//763 767//767 643//643 
f 643//643 768//768 769//769 
f 764//764 770//770 765//765 
f 766//766 771//771 764//764 
f 756//756 755//755 726//726 
f 761//761 758//758 752//752 
f 769//769 762//762 643//643 
f 771//771 770//770 764//764 
f 737//737 772//772 738//738 
f 763//763 760//760 767//767 
f 749//749 766//766 754//754 
f 765//765 768//768 643//643 
f 643//643 767//767 773//773 
f 774//774 775//775 776//776 
f 777//777 778//778 779//779 
f 780//780 777//777 781//781 
f 782//782 783//783 784//784 
f 785//785 782//782 774//774 
f 775//775 786//786 776//776 
f 781//781 787//787 780//780 
f 782//782 785//785 783//783 
f 776//776 788//788 774//774 
f 787//787 784//784 780//780 
f 774//774 788//788 785//785 
f 789//789 790//790 791//791 
f 790//790 792//792 793//793 
f 779//779 778//778 794//794 
f 784//784 787//787 782//782 
f 790//790 795//795 791//791 
f 790//790 796//796 792//792 
f 779//779 797//797 798//798 
f 779//779 799//799 800//800 
f 779//779 781//781 777//777 
f 775//775 646//646 801//801 
f 802//802 803//803 804//804 
f 803//803 802//802 789//789 
f 793//793 795//795 790//790 
f 798//798 790//790 779//779 
f 794//794 799//799 779//779 
f 646//646 805//805 801//801 
f 789//789 806//806 803//803 
f 798//798 796//796 790//790 
f 801//801 786//786 775//775 
f 646//646 643//643 807//807 
f 804//804 643//643 802//802 
f 800//800 797//797 779//779 
f 807//807 808//808 646//646 
f 643//643 809//809 810//810 
f 789//789 811//811 806//806 
f 808//808 805//805 646//646 
f 804//804 809//809 643//643 
f 810//810 807//807 643//643 
f 812//812 813//813 814//814 
f 638//638 815//815 816//816 
f 638//638 817//817 818//818 
f 814//814 819//819 820//820 
f 821//821 816//816 812//812 
f 818//818 815//815 638//638 
f 822//822 823//823 824//824 
f 814//814 825//825 826//826 
f 814//814 813//813 819//819 
f 816//816 821//821 638//638 
f 827//827 787//787 823//823 
f 824//824 828//828 822//822 
f 814//814 829//829 825//825 
f 814//814 821//821 812//812 
f 823//823 830//830 827//827 
f 824//824 831//831 828//828 
f 824//824 826//826 832//832 
f 820//820 829//829 814//814 
f 638//638 833//833 834//834 
f 835//835 836//836 837//837 
f 822//822 830//830 823//823 
f 824//824 838//838 839//839 
f 826//826 824//824 814//814 
f 833//833 840//840 834//834 
f 836//836 841//841 842//842 
f 782//782 843//843 835//835 
f 839//839 831//831 824//824 
f 834//834 817//817 638//638 
f 842//842 844//844 845//845 
f 837//837 782//782 835//835 
f 787//787 846//846 843//843 
f 832//832 838//838 824//824 
f 833//833 845//845 847//847 
f 842//842 841//841 844//844 
f 843//843 782//782 787//787 
f 847//847 840//840 833//833 
f 842//842 837//837 836//836 
f 845//845 833//833 842//842 
f 638//638 848//848 849//849 
f 638//638 821//821 848//848 
f 850//850 851//851 852//852 
f 853//853 851//851 850//850 
f 854//854 855//855 856//856 
f 850//850 641//641 853//853 
f 641//641 638//638 857//857 
f 855//855 858//858 856//856 
f 859//859 860//860 861//861 
f 852//852 861//861 850//850 
f 638//638 862//862 857//857 
f 863//863 854//854 864//864 
f 856//856 865//865 854//854 
f 858//858 855//855 860//860 
f 852//852 866//866 861//861 
f 638//638 867//867 862//862 
f 868//868 869//869 870//870 
f 864//864 871//871 863//863 
f 865//865 872//872 854//854 
f 861//861 866//866 859//859 
f 638//638 870//870 867//867 
f 868//868 873//873 869//869 
f 873//873 868//868 874//874 
f 863//863 875//875 876//876 
f 854//854 877//877 864//864 
f 860//860 859//859 858//858 
f 870//870 638//638 868//868 
f 874//874 878//878 879//879 
f 874//874 880//880 881//881 
f 874//874 876//876 882//882 
f 863//863 883//883 875//875 
f 863//863 884//884 885//885 
f 872//872 877//877 854//854 
f 874//874 879//879 873//873 
f 882//882 880//880 874//874 
f 885//885 883//883 863//863 
f 641//641 886//886 853//853 
f 881//881 878//878 874//874 
f 871//871 884//884 863//863 
f 876//876 874//874 863//863 
f 854//854 887//887 888//888 
f 854//854 863//863 887//887 
f 854//854 889//889 890//890 
f 890//890 891//891 854//854 
f 854//854 891//891 892//892 
f 892//892 855//855 854//854 
f 890//890 893//893 891//891 
f 888//888 889//889 854//854 
f 857//857 886//886 641//641 
f 849//849 868//868 638//638 
f 827//827 846//846 787//787 
f 791//791 811//811 789//789 
f 773//773 802//802 643//643 
f 746//746 772//772 737//737 
f 704//704 736//736 700//700 
f 699//699 706//706 648//648 
f 678//678 679//679 676//676 
f 661//661 665//665 653//653 
f 657//657 659//659 656//656 
f 655//655 657//657 653//653 
f 650//650 684//684 648//648 
f 645//645 764//764 643//643 
f 642//642 833//833 638//638 
o mesh4077
v 0.0460428 0.0396769 -0.0343802 
v 0.0460428 0.0320259 -0.0320108 
v 0.0460428 0.0320108 -0.0320267 
v 0.0460428 0.0320108 -0.0415522 
v 0.0460428 0.0324533 -0.0412678 
v 0.0460428 0.0362291 0.037996 
v 0.0460428 0.0320108 0.0321784 
v 0.0460428 0.032206 0.0320108 
v 0.0460428 0.0414154 0.0320108 
v 0.0460428 -0.0362291 0.037996 
v 0.0460428 -0.0414154 0.0320108 
v 0.0460428 -0.032206 0.0320108 
v 0.0460428 -0.0320108 0.0321784 
v 0.0460428 -0.0320108 0.0413134 
v 0.0460428 -0.0396769 -0.0343802 
v 0.0460428 -0.0324533 -0.0412678 
v 0.0460428 -0.0320108 -0.0320267 
v 0.0460428 -0.0320259 -0.0320108 
v 0.0460428 -0.0413641 -0.0320108 
v 0.0460428 -0.0510201 0.0123773 
v 0.0460428 -0.046135 0 
v 0.0460428 -0.046135 0.0175316 
v 0.0460428 -0.0461779 0.0175573 
v 0.0460428 -0.0524405 0.00249805 
v 0.0460428 -0.0523215 4.33681e-19 
v 0.0460428 -0.0467679 0.0186703 
v 0.0460428 -0.0467503 0.0189942 
v 0.0460428 -0.0465954 0.0180489 
v 0.0460428 -0.0467154 0.0183502 
v 0.0460428 -0.0464133 0.0177804 
v 0.0460428 -0.0477557 0.0218093 
v 0.0460428 -0.0463016 0.0198405 
v 0.0460428 -0.046135 0.0199671 
v 0.0460428 -0.0466636 0.0193067 
v 0.0460428 -0.0465116 0.0195933 
v 0.0460428 -0.0447911 0.020173 
v 0.0460428 -0.0444968 0.0200368 
v 0.0460428 -0.0453247 0 
v 0.0460428 -0.0452701 0.0172515 
v 0.0460428 -0.0449753 0.00688996 
v 0.0460428 -0.0426677 0.0158024 
v 0.0460428 -0.0446403 0.0173901 
v 0.0460428 -0.0329781 0.031348 
v 0.0460428 -0.0427652 0.030453 
v 0.0460428 -0.0455926 0.0172866 
v 0.0460428 -0.0449476 0.0172866 
v 0.0460428 -0.0442385 0.0198405 
v 0.0460428 -0.0440286 0.0195933 
v 0.0460428 -0.0386133 0.0240679 
v 0.0460428 -0.0451079 0.0202427 
v 0.0460428 -0.046135 0.0246163 
v 0.0460428 -0.0460434 0.0200368 
v 0.0460428 -0.045749 0.020173 
v 0.0460428 -0.0458999 0.0173901 
v 0.0460428 -0.0443623 0.0175573 
v 0.0460428 -0.0454323 0.0202427 
v 0.0460428 -0.0439448 0.0180489 
v 0.0460428 -0.0441269 0.0177804 
v 0.0460428 -0.0437723 0.0186703 
v 0.0460428 -0.0438248 0.0183502 
v 0.0460428 -0.0438766 0.0193067 
v 0.0460428 -0.0437899 0.0189942 
v 0.0460428 0.0296374 -0.0345235 
v 0.0460428 0.019993 -0.0444283 
v 0.0460428 0.019783 -0.0441811 
v 0.0460428 0.0220812 -0.0397828 
v 0.0460428 0.0189137 -0.0437789 
v 0.0460428 0.0192304 -0.0438486 
v 0.0460428 0.0172537 -0.0453513 
v 0.0460428 0.0172712 -0.0450274 
v 0.0460428 0.00460316 -0.0452666 
v 0.0460428 0.0195248 -0.0439848 
v 0.0460428 0.013621 -0.0434133 
v 0.0460428 0.0179782 -0.0439848 
v 0.0460428 0.0182725 -0.0438486 
v 0.0460428 0.017358 -0.0447149 
v 0.0460428 0 -0.046135 
v 0.0460428 0.0202317 -0.0450274 
v 0.0460428 0.0202493 -0.0453513 
v 0.0460428 0.0248797 -0.046135 
v 0.0460428 0.020145 -0.0447149 
v 0.0460428 5.57214e-18 -0.0455 
v 0.0460428 0.0177199 -0.0441811 
v 0.0460428 0.0173062 -0.0456714 
v 0.0460428 0.0201968 -0.0456714 
v 0.0460428 0.0200768 -0.0459727 
v 0.0460428 0.01751 -0.0444283 
v 0.0460428 0.0174262 -0.0459727 
v 0.0460428 0.0175363 -0.046135 
v 0.0460428 0.0185893 -0.0437789 
v 0.0460428 0.00499044 -0.0522623 
v 0.0460428 0.0176082 -0.0462412 
v 0.0460428 0.014791 -0.0503734 
v 0.0460428 0.0240569 -0.0466639 
v 0.0460428 0.0193813 -0.0466315 
v 0.0460428 1.92882e-17 -0.0525 
v 0.0460428 0.0187515 -0.0467701 
v 0.0460428 0.018429 -0.046735 
v 0.0460428 0.0190739 -0.046735 
v 0.0460428 0.0198947 -0.0462412 
v 0.0460428 0.0196592 -0.0464642 
v 0.0460428 0.0199667 -0.046135 
v 0.0460428 0.0178437 -0.0464642 
v 0.0460428 0.0181217 -0.0466315 
v 0.0460428 0.0519656 -0.00747153 
v 0.0460428 0.046135 0 
v 0.0460428 0.046135 -0.0175359 
v 0.0460428 0.046135 -0.0247857 
v 0.0460428 0.0496125 -0.0171711 
v 0.0460428 0.0465954 -0.0194541 
v 0.0460428 0.0463016 -0.0176625 
v 0.0460428 0.0465116 -0.0179097 
v 0.0460428 0.0464133 -0.0197226 
v 0.0460428 0.0523215 8.67362e-19 
v 0.0460428 0.0461779 -0.0199456 
v 0.0460428 0.0467679 -0.0188327 
v 0.0460428 0.0467154 -0.0191528 
v 0.0460428 0.0466636 -0.0181963 
v 0.0460428 0.0467503 -0.0185088 
v 0.0460428 0.0454323 -0.0172603 
v 0.0460428 0.0454416 -0.00230454 
v 0.0460428 0.0440475 -0.0114047 
v 0.0460428 0.0441269 -0.0197226 
v 0.0460428 0.0439448 -0.0194541 
v 0.0460428 0.0408501 -0.0200379 
v 0.0460428 0.0443623 -0.0199456 
v 0.0460428 0.0359803 -0.0278508 
v 0.0460428 0.045749 -0.01733 
v 0.0460428 0.0453247 -8.67362e-19 
v 0.0460428 0.0413641 -0.0320108 
v 0.0460428 0.0446403 -0.0201129 
v 0.0460428 0.0449476 -0.0202164 
v 0.0460428 0.0454663 -0.02625 
v 0.0460428 0.0451079 -0.0172603 
v 0.0460428 0.0444968 -0.0174662 
v 0.0460428 0.0447911 -0.01733 
v 0.0460428 0.0452701 -0.0202515 
v 0.0460428 0.046135 -0.0199714 
v 0.0460428 0.0458999 -0.0201129 
v 0.0460428 0.0438766 -0.0181963 
v 0.0460428 0.0440286 -0.0179097 
v 0.0460428 0.0455926 -0.0202164 
v 0.0460428 0.0442385 -0.0176625 
v 0.0460428 0.0438248 -0.0191528 
v 0.0460428 0.0437723 -0.0188327 
v 0.0460428 0.0437899 -0.0185088 
v 0.0460428 0.0460434 -0.0174662 
v 0.0460428 0.0510201 0.0123773 
v 0.0460428 0.0461779 0.0175573 
v 0.0460428 0.046135 0.0175316 
v 0.0460428 0.0524405 0.00249805 
v 0.0460428 0.0477557 0.0218093 
v 0.0460428 0.046135 0.0246163 
v 0.0460428 0.046135 0.0199671 
v 0.0460428 0.0465954 0.0180489 
v 0.0460428 0.0464133 0.0177804 
v 0.0460428 0.0467503 0.0189942 
v 0.0460428 0.0463016 0.0198405 
v 0.0460428 0.0467679 0.0186703 
v 0.0460428 0.0467154 0.0183502 
v 0.0460428 0.0466636 0.0193067 
v 0.0460428 0.0465116 0.0195933 
v 0.0460428 0.0329781 0.031348 
v 0.0460428 0.0444968 0.0200368 
v 0.0460428 0.0454323 0.0202427 
v 0.0460428 0.045749 0.020173 
v 0.0460428 0.0451079 0.0202427 
v 0.0460428 0.0447911 0.020173 
v 0.0460428 0.0427652 0.030453 
v 0.0460428 0.0426677 0.0158024 
v 0.0460428 0.0443623 0.0175573 
v 0.0460428 0.0441269 0.0177804 
v 0.0460428 0.0449753 0.00688996 
v 0.0460428 0.0449476 0.0172866 
v 0.0460428 0.0446403 0.0173901 
v 0.0460428 0.0452701 0.0172515 
v 0.0460428 0.0455926 0.0172866 
v 0.0460428 0.0458999 0.0173901 
v 0.0460428 0.0386133 0.0240679 
v 0.0460428 0.0438248 0.0183502 
v 0.0460428 0.0442385 0.0198405 
v 0.0460428 0.0439448 0.0180489 
v 0.0460428 0.0460434 0.0200368 
v 0.0460428 0.0438766 0.0193067 
v 0.0460428 0.0440286 0.0195933 
v 0.0460428 0.0437723 0.0186703 
v 0.0460428 0.0437899 0.0189942 
v 0.0460428 0.0195123 0.0487393 
v 0.0460428 0.0195248 0.0465554 
v 0.0460428 0.019783 0.0463591 
v 0.0460428 0.0189137 0.0467613 
v 0.0460428 0.0192304 0.0466916 
v 0.0460428 0.00993569 0.0515513 
v 0.0460428 0.0182725 0.0466916 
v 0.0460428 0.0179782 0.0465554 
v 0.0460428 0 0.046135 
v 0.0460428 0.0175296 0.046135 
v 0.0460428 0.0245639 0.046135 
v 0.0460428 0.0177199 0.0463591 
v 0.0460428 0.0185893 0.0467613 
v 0.0460428 0 0.0525 
v 0.0460428 0.0172712 0.0455128 
v 0.0460428 0.00915908 0.0445686 
v 0.0460428 0 0.0455 
v 0.0460428 0.0172537 0.0451889 
v 0.0460428 0.0173062 0.0448688 
v 0.0460428 0.0179432 0.0418126 
v 0.0460428 0.0178437 0.044076 
v 0.0460428 0.0176082 0.044299 
v 0.0460428 0.0174262 0.0445675 
v 0.0460428 0.0181217 0.0439087 
v 0.0460428 0.0259927 0.0373447 
v 0.0460428 0.0190739 0.0438052 
v 0.0460428 0.0198947 0.044299 
v 0.0460428 0.0196592 0.044076 
v 0.0460428 0.0320108 0.0413134 
v 0.0460428 0.0200768 0.0445675 
v 0.0460428 0.0201968 0.0448688 
v 0.0460428 0.0283836 0.0441658 
v 0.0460428 0.0202493 0.0451889 
v 0.0460428 0.017358 0.0458253 
v 0.0460428 0.0187515 0.0437701 
v 0.0460428 0.018429 0.0438052 
v 0.0460428 0.0193813 0.0439087 
v 0.0460428 0.0202317 0.0455128 
v 0.0460428 0.019993 0.0461119 
v 0.0460428 0.020145 0.0458253 
v 0.0460428 0.0199733 0.046135 
v 0.0460428 0.01751 0.0461119 
v 0.0460428 -0.00993569 0.0515513 
v 0.0460428 -0.0177199 0.0463591 
v 0.0460428 -0.0175296 0.046135 
v 0.0460428 -0.0195123 0.0487393 
v 0.0460428 -0.0185893 0.0467613 
v 0.0460428 -0.0182725 0.0466916 
v 0.0460428 -0.0179782 0.0465554 
v 0.0460428 -0.0245639 0.046135 
v 0.0460428 -0.019783 0.0463591 
v 0.0460428 -0.0195248 0.0465554 
v 0.0460428 -0.0192304 0.0466916 
v 0.0460428 -0.0199733 0.046135 
v 0.0460428 -0.0189137 0.0467613 
v 0.0460428 -0.0202493 0.0451889 
v 0.0460428 -0.0202317 0.0455128 
v 0.0460428 -0.0172712 0.0455128 
v 0.0460428 -0.0172537 0.0451889 
v 0.0460428 -0.00915908 0.0445686 
v 0.0460428 -0.0283836 0.0441658 
v 0.0460428 -0.0201968 0.0448688 
v 0.0460428 -0.0179432 0.0418126 
v 0.0460428 -0.0176082 0.044299 
v 0.0460428 -0.01751 0.0461119 
v 0.0460428 -0.0198947 0.044299 
v 0.0460428 -0.0259927 0.0373447 
v 0.0460428 -0.0187515 0.0437701 
v 0.0460428 -0.0190739 0.0438052 
v 0.0460428 -0.0178437 0.044076 
v 0.0460428 -0.0173062 0.0448688 
v 0.0460428 -0.0174262 0.0445675 
v 0.0460428 -0.017358 0.0458253 
v 0.0460428 -0.020145 0.0458253 
v 0.0460428 -0.019993 0.0461119 
v 0.0460428 -0.0200768 0.0445675 
v 0.0460428 -0.0193813 0.0439087 
v 0.0460428 -0.0196592 0.044076 
v 0.0460428 -0.0181217 0.0439087 
v 0.0460428 -0.018429 0.0438052 
v 0.0460428 -0.046135 -0.0247857 
v 0.0460428 -0.0464133 -0.0197226 
v 0.0460428 -0.0465954 -0.0194541 
v 0.0460428 -0.0461779 -0.0199456 
v 0.0460428 -0.0519656 -0.00747153 
v 0.0460428 -0.0463016 -0.0176625 
v 0.0460428 -0.046135 -0.0175359 
v 0.0460428 -0.0496125 -0.0171711 
v 0.0460428 -0.0467154 -0.0191528 
v 0.0460428 -0.046135 -0.0199714 
v 0.0460428 -0.0466636 -0.0181963 
v 0.0460428 -0.0465116 -0.0179097 
v 0.0460428 -0.0467679 -0.0188327 
v 0.0460428 -0.0467503 -0.0185088 
v 0.0460428 -0.0454323 -0.0172603 
v 0.0460428 -0.0451079 -0.0172603 
v 0.0460428 -0.0440475 -0.0114047 
v 0.0460428 -0.0454416 -0.00230454 
v 0.0460428 -0.0452701 -0.0202515 
v 0.0460428 -0.0455926 -0.0202164 
v 0.0460428 -0.0449476 -0.0202164 
v 0.0460428 -0.0454663 -0.02625 
v 0.0460428 -0.0447911 -0.01733 
v 0.0460428 -0.0446403 -0.0201129 
v 0.0460428 -0.0443623 -0.0199456 
v 0.0460428 -0.0460434 -0.0174662 
v 0.0460428 -0.045749 -0.01733 
v 0.0460428 -0.0458999 -0.0201129 
v 0.0460428 -0.0359803 -0.0278508 
v 0.0460428 -0.0441269 -0.0197226 
v 0.0460428 -0.0408501 -0.0200379 
v 0.0460428 -0.0440286 -0.0179097 
v 0.0460428 -0.0444968 -0.0174662 
v 0.0460428 -0.0442385 -0.0176625 
v 0.0460428 -0.0439448 -0.0194541 
v 0.0460428 -0.0437723 -0.0188327 
v 0.0460428 -0.0438248 -0.0191528 
v 0.0460428 -0.0438766 -0.0181963 
v 0.0460428 -0.0437899 -0.0185088 
v 0.0460428 -0.013621 -0.0434133 
v 0.0460428 -0.0220812 -0.0397828 
v 0.0460428 -0.0182725 -0.0438486 
v 0.0460428 -0.0185893 -0.0437789 
v 0.0460428 -0.0172537 -0.0453513 
v 0.0460428 -0.00460316 -0.0452666 
v 0.0460428 -0.0172712 -0.0450274 
v 0.0460428 -0.0179782 -0.0439848 
v 0.0460428 -0.0202317 -0.0450274 
v 0.0460428 -0.0320108 -0.0415522 
v 0.0460428 -0.0248797 -0.046135 
v 0.0460428 -0.01751 -0.0444283 
v 0.0460428 -0.017358 -0.0447149 
v 0.0460428 -0.0177199 -0.0441811 
v 0.0460428 -0.0195248 -0.0439848 
v 0.0460428 -0.0192304 -0.0438486 
v 0.0460428 -0.019783 -0.0441811 
v 0.0460428 -0.0202493 -0.0453513 
v 0.0460428 -0.0296374 -0.0345235 
v 0.0460428 -0.020145 -0.0447149 
v 0.0460428 -0.019993 -0.0444283 
v 0.0460428 -0.0201968 -0.0456714 
v 0.0460428 -0.0173062 -0.0456714 
v 0.0460428 -0.0174262 -0.0459727 
v 0.0460428 -0.0200768 -0.0459727 
v 0.0460428 -0.0199667 -0.046135 
v 0.0460428 -0.0189137 -0.0437789 
v 0.0460428 -0.014791 -0.0503734 
v 0.0460428 -0.0190739 -0.046735 
v 0.0460428 -0.0193813 -0.0466315 
v 0.0460428 -0.0176082 -0.0462412 
v 0.0460428 -0.0178437 -0.0464642 
v 0.0460428 -0.00499044 -0.0522623 
v 0.0460428 -0.0175363 -0.046135 
v 0.0460428 -0.0240569 -0.0466639 
v 0.0460428 -0.0187515 -0.0467701 
v 0.0460428 -0.0181217 -0.0466315 
v 0.0460428 -0.018429 -0.046735 
v 0.0460428 -0.0196592 -0.0464642 
v 0.0460428 -0.0198947 -0.0462412 
vn 1 0 0 
vn 1 0 0 
vn 1 0 0 
vn 1 0 0 
vn 1 0 0 
vn 1 0 0 
vn 1 0 0 
vn 1 0 0 
vn 1 0 0 
vn 1 0 0 
vn 1 0 0 
vn 1 0 0 
vn 1 0 0 
vn 1 0 0 
vn 1 0 0 
vn 1 0 0 
vn 1 0 0 
vn 1 0 0 
vn 1 0 0 
vn 1 0 0 
vn 1 0 0 
vn 1 0 0 
vn 1 0 0 
vn 1 0 0 
vn 1 0 0 
vn 1 0 0 
vn 1 0 0 
vn 1 0 0 
vn 1 0 0 
vn 1 0 0 
vn 1 0 0 
vn 1 0 0 
vn 1 0 0 
vn 1 0 0 
vn 1 0 0 
vn 1 0 0 
vn 1 0 0 
vn 1 0 0 
vn 1 0 0 
vn 1 0 0 
vn 1 0 0 
vn 1 0 0 
vn 1 0 0 
vn 1 0 0 
vn 1 0 0 
vn 1 0 0 
vn 1 0 0 
vn 1 0 0 
vn 1 0 0 
vn 1 0 0 
vn 1 0 0 
vn 1 0 0 
vn 1 0 0 
vn 1 0 0 
vn 1 0 0 
vn 1 0 0 
vn 1 0 0 
vn 1 0 0 
vn 1 0 0 
vn 1 0 0 
vn 1 0 0 
vn 1 0 0 
vn 1 0 0 
vn 1 0 0 
vn 1 0 0 
vn 1 0 0 
vn 1 0 0 
vn 1 0 0 
vn 1 0 0 
vn 1 0 0 
vn 1 0 0 
vn 1 0 0 
vn 1 0 0 
vn 1 0 0 
vn 1 0 0 
vn 1 0 0 
vn 1 0 0 
vn 1 0 0 
vn 1 0 0 
vn 1 0 0 
vn 1 0 0 
vn 1 0 0 
vn 1 0 0 
vn 1 0 0 
vn 1 0 0 
vn 1 0 0 
vn 1 0 0 
vn 1 0 0 
vn 1 0 0 
vn 1 0 0 
vn 1 0 0 
vn 1 0 0 
vn 1 0 0 
vn 1 0 0 
vn 1 0 0 
vn 1 0 0 
vn 1 0 0 
vn 1 0 0 
vn 1 0 0 
vn 1 0 0 
vn 1 0 0 
vn 1 0 0 
vn 1 0 0 
vn 1 0 0 
vn 1 0 0 
vn 1 0 0 
vn 1 0 0 
vn 1 0 0 
vn 1 0 0 
vn 1 0 0 
vn 1 0 0 
vn 1 0 0 
vn 1 0 0 
vn 1 0 0 
vn 1 0 0 
vn 1 0 0 
vn 1 0 0 
vn 1 0 0 
vn 1 0 0 
vn 1 0 0 
vn 1 0 0 
vn 1 0 0 
vn 1 0 0 
vn 1 0 0 
vn 1 0 0 
vn 1 0 0 
vn 1 0 0 
vn 1 0 0 
vn 1 0 0 
vn 1 0 0 
vn 1 0 0 
vn 1 0 0 
vn 1 0 0 
vn 1 0 0 
vn 1 0 0 
vn 1 0 0 
vn 1 0 0 
vn 1 0 0 
vn 1 0 0 
vn 1 0 0 
vn 1 0 0 
vn 1 0 0 
vn 1 0 0 
vn 1 0 0 
vn 1 0 0 
vn 1 0 0 
vn 1 0 0 
vn 1 0 0 
vn 1 0 0 
vn 1 0 0 
vn 1 0 0 
vn 1 0 0 
vn 1 0 0 
vn 1 0 0 
vn 1 0 0 
vn 1 0 0 
vn 1 0 0 
vn 1 0 0 
vn 1 0 0 
vn 1 0 0 
vn 1 0 0 
vn 1 0 0 
vn 1 0 0 
vn 1 0 0 
vn 1 0 0 
vn 1 0 0 
vn 1 0 0 
vn 1 0 0 
vn 1 0 0 
vn 1 0 0 
vn 1 0 0 
vn 1 0 0 
vn 1 0 0 
vn 1 0 0 
vn 1 0 0 
vn 1 0 0 
vn 1 0 0 
vn 1 0 0 
vn 1 0 0 
vn 1 0 0 
vn 1 0 0 
vn 1 0 0 
vn 1 0 0 
vn 1 0 0 
vn 1 0 0 
vn 1 0 0 
vn 1 0 0 
vn 1 0 0 
vn 1 0 0 
vn 1 0 0 
vn 1 0 0 
vn 1 0 0 
vn 1 0 0 
vn 1 0 0 
vn 1 0 0 
vn 1 0 0 
vn 1 0 0 
vn 1 0 0 
vn 1 0 0 
vn 1 0 0 
vn 1 0 0 
vn 1 0 0 
vn 1 0 0 
vn 1 0 0 
vn 1 0 0 
vn 1 0 0 
vn 1 0 0 
vn 1 0 0 
vn 1 0 0 
vn 1 0 0 
vn 1 0 0 
vn 1 0 0 
vn 1 0 0 
vn 1 0 0 
vn 1 0 0 
vn 1 0 0 
vn 1 0 0 
vn 1 0 0 
vn 1 0 0 
vn 1 0 0 
vn 1 0 0 
vn 1 0 0 
vn 1 0 0 
vn 1 0 0 
vn 1 0 0 
vn 1 0 0 
vn 1 0 0 
vn 1 0 0 
vn 1 0 0 
vn 1 0 0 
vn 1 0 0 
vn 1 0 0 
vn 1 0 0 
vn 1 0 0 
vn 1 0 0 
vn 1 0 0 
vn 1 0 0 
vn 1 0 0 
vn 1 0 0 
vn 1 0 0 
vn 1 0 0 
vn 1 0 0 
vn 1 0 0 
vn 1 0 0 
vn 1 0 0 
vn 1 0 0 
vn 1 0 0 
vn 1 0 0 
vn 1 0 0 
vn 1 0 0 
vn 1 0 0 
vn 1 0 0 
vn 1 0 0 
vn 1 0 0 
vn 1 0 0 
vn 1 0 0 
vn 1 0 0 
vn 1 0 0 
vn 1 0 0 
vn 1 0 0 
vn 1 0 0 
vn 1 0 0 
vn 1 0 0 
vn 1 0 0 
vn 1 0 0 
vn 1 0 0 
vn 1 0 0 
vn 1 0 0 
vn 1 0 0 
vn 1 0 0 
vn 1 0 0 
vn 1 0 0 
vn 1 0 0 
vn 1 0 0 
vn 1 0 0 
vn 1 0 0 
vn 1 0 0 
vn 1 0 0 
vn 1 0 0 
vn 1 0 0 
vn 1 0 0 
vn 1 0 0 
vn 1 0 0 
vn 1 0 0 
vn 1 0 0 
vn 1 0 0 
vn 1 0 0 
vn 1 0 0 
vn 1 0 0 
vn 1 0 0 
vn 1 0 0 
vn 1 0 0 
vn 1 0 0 
vn 1 0 0 
vn 1 0 0 
vn 1 0 0 
vn 1 0 0 
vn 1 0 0 
vn 1 0 0 
vn 1 0 0 
vn 1 0 0 
vn 1 0 0 
vn 1 0 0 
vn 1 0 0 
vn 1 0 0 
vn 1 0 0 
vn 1 0 0 
vn 1 0 0 
vn 1 0 0 
vn 1 0 0 
vn 1 0 0 
vn 1 0 0 
vn 1 0 0 
vn 1 0 0 
vn 1 0 0 
vn 1 0 0 
vn 1 0 0 
vn 1 0 0 
vn 1 0 0 
vn 1 0 0 
vn 1 0 0 
vn 1 0 0 
vn 1 0 0 
vn 1 0 0 
vn 1 0 0 
vn 1 0 0 
vn 1 0 0 
vn 1 0 0 
vn 1 0 0 
vn 1 0 0 
vn 1 0 0 
vn 1 0 0 
vn 1 0 0 
vn 1 0 0 
vn 1 0 0 
vn 1 0 0 
vn 1 0 0 
vn 1 0 0 
vn 1 0 0 
vn 1 0 0 
vn 1 0 0 
vn 1 0 0 
vn 1 0 0 
vn 1 0 0 
vn 1 0 0 
vn 1 0 0 
f 894//894 895//895 896//896 
f 896//896 897//897 898//898 
f 896//896 898//898 894//894 
f 899//899 900//900 901//901 
f 901//901 902//902 899//899 
f 903//903 904//904 905//905 
f 906//906 907//907 903//903 
f 908//908 909//909 910//910 
f 910//910 911//911 908//908 
f 911//911 912//912 908//908 
f 913//913 914//914 915//915 
f 915//915 916//916 913//913 
f 913//913 917//917 914//914 
f 917//917 918//918 914//914 
f 913//913 919//919 920//920 
f 913//913 921//921 922//922 
f 916//916 923//923 913//913 
f 924//924 925//925 926//926 
f 924//924 927//927 928//928 
f 920//920 924//924 913//913 
f 923//923 921//921 913//913 
f 928//928 925//925 924//924 
f 922//922 919//919 913//913 
f 920//920 927//927 924//924 
f 904//904 929//929 930//930 
f 914//914 931//931 932//932 
f 932//932 931//931 933//933 
f 933//933 934//934 935//935 
f 930//930 936//936 904//904 
f 929//929 904//904 937//937 
f 932//932 938//938 914//914 
f 935//935 939//939 933//933 
f 940//940 941//941 942//942 
f 937//937 943//943 929//929 
f 943//943 937//937 944//944 
f 944//944 945//945 946//946 
f 938//938 947//947 914//914 
f 934//934 948//948 935//935 
f 936//936 930//930 940//940 
f 944//944 949//949 943//943 
f 944//944 926//926 945//945 
f 933//933 939//939 932//932 
f 934//934 950//950 951//951 
f 942//942 952//952 953//953 
f 942//942 936//936 940//940 
f 946//946 949//949 944//944 
f 951//951 948//948 934//934 
f 953//953 934//934 942//942 
f 942//942 954//954 955//955 
f 936//936 905//905 904//904 
f 953//953 950//950 934//934 
f 941//941 954//954 942//942 
f 955//955 952//952 942//942 
f 897//897 956//956 957//957 
f 958//958 956//956 959//959 
f 959//959 960//960 961//961 
f 962//962 963//963 964//964 
f 897//897 896//896 956//956 
f 961//961 965//965 959//959 
f 966//966 967//967 968//968 
f 963//963 969//969 966//966 
f 964//964 970//970 962//962 
f 971//971 972//972 973//973 
f 957//957 974//974 897//897 
f 959//959 965//965 958//958 
f 968//968 959//959 966//966 
f 964//964 975//975 970//970 
f 973//973 897//897 971//971 
f 958//958 957//957 956//956 
f 966//966 976//976 967//967 
f 970//970 977//977 962//962 
f 973//973 978//978 979//979 
f 974//974 971//971 897//897 
f 966//966 980//980 976//976 
f 970//970 981//981 977//977 
f 972//972 978//978 973//973 
f 966//966 969//969 980//980 
f 970//970 982//982 981//981 
f 959//959 983//983 960//960 
f 966//966 964//964 963//963 
f 968//968 983//983 959//959 
f 984//984 985//985 982//982 
f 986//986 987//987 988//988 
f 970//970 989//989 984//984 
f 985//985 984//984 986//986 
f 986//986 990//990 991//991 
f 988//988 992//992 986//986 
f 987//987 993//993 994//994 
f 995//995 993//993 987//987 
f 986//986 996//996 985//985 
f 992//992 990//990 986//986 
f 987//987 973//973 995//995 
f 986//986 997//997 996//996 
f 994//994 988//988 987//987 
f 991//991 997//997 986//986 
f 998//998 999//999 1000//1000 
f 1001//1001 1002//1002 1003//1003 
f 1004//1004 1005//1005 1002//1002 
f 1000//1000 1004//1004 998//998 
f 1003//1003 1006//1006 1001//1001 
f 998//998 1007//1007 999//999 
f 1006//1006 1008//1008 1001//1001 
f 1002//1002 1009//1009 1010//1010 
f 1002//1002 1011//1011 1012//1012 
f 1002//1002 998//998 1004//1004 
f 1010//1010 1003//1003 1002//1002 
f 1005//1005 1011//1011 1002//1002 
f 1012//1012 1009//1009 1002//1002 
f 1013//1013 1014//1014 1015//1015 
f 1013//1013 999//999 1014//1014 
f 1016//1016 1017//1017 1018//1018 
f 1019//1019 1016//1016 1020//1020 
f 999//999 1013//1013 1021//1021 
f 999//999 1022//1022 1014//1014 
f 1020//1020 895//895 1019//1019 
f 895//895 1023//1023 1024//1024 
f 1025//1025 1023//1023 1026//1026 
f 1015//1015 1027//1027 1013//1013 
f 1015//1015 1028//1028 1029//1029 
f 1024//1024 1019//1019 895//895 
f 1026//1026 1030//1030 1025//1025 
f 1030//1030 1026//1026 1001//1001 
f 1001//1001 1031//1031 1032//1032 
f 1029//1029 1027//1027 1015//1015 
f 1018//1018 1033//1033 1034//1034 
f 1025//1025 1024//1024 1023//1023 
f 1032//1032 1035//1035 1001//1001 
f 1015//1015 1036//1036 1028//1028 
f 1034//1034 1015//1015 1018//1018 
f 1018//1018 1017//1017 1037//1037 
f 1001//1001 1035//1035 1030//1030 
f 1034//1034 1036//1036 1015//1015 
f 1018//1018 1038//1038 1039//1039 
f 1018//1018 1020//1020 1016//1016 
f 1021//1021 1040//1040 999//999 
f 1037//1037 1038//1038 1018//1018 
f 1039//1039 1033//1033 1018//1018 
f 1041//1041 1042//1042 1043//1043 
f 999//999 1044//1044 1041//1041 
f 1045//1045 1046//1046 1047//1047 
f 999//999 1007//1007 1044//1044 
f 1041//1041 1048//1048 1049//1049 
f 1041//1041 1045//1045 1050//1050 
f 1047//1047 1051//1051 1045//1045 
f 1049//1049 1042//1042 1041//1041 
f 1041//1041 1052//1052 1053//1053 
f 1045//1045 1054//1054 1050//1050 
f 1051//1051 1055//1055 1045//1045 
f 1053//1053 1048//1048 1041//1041 
f 1055//1055 1054//1054 1045//1045 
f 1050//1050 1052//1052 1041//1041 
f 902//902 1056//1056 1057//1057 
f 1046//1046 1058//1058 1059//1059 
f 1060//1060 1058//1058 1046//1046 
f 1061//1061 1060//1060 1062//1062 
f 902//902 901//901 1056//1056 
f 1063//1063 1064//1064 1065//1065 
f 1066//1066 1067//1067 1068//1068 
f 1069//1069 1067//1067 1066//1066 
f 1046//1046 1062//1062 1060//1060 
f 1057//1057 1061//1061 902//902 
f 1063//1063 1068//1068 1064//1064 
f 1066//1066 1022//1022 1069//1069 
f 999//999 1070//1070 1069//1069 
f 999//999 1043//1043 1071//1071 
f 1062//1062 902//902 1061//1061 
f 1072//1072 1063//1063 1073//1073 
f 1068//1068 1063//1063 1066//1066 
f 1071//1071 1070//1070 999//999 
f 1056//1056 1074//1074 1057//1057 
f 1074//1074 1056//1056 1072//1072 
f 1063//1063 1075//1075 1073//1073 
f 1069//1069 1022//1022 999//999 
f 1059//1059 1076//1076 1046//1046 
f 1072//1072 1077//1077 1078//1078 
f 1072//1072 1079//1079 1080//1080 
f 1065//1065 1075//1075 1063//1063 
f 1072//1072 1078//1078 1074//1074 
f 1073//1073 1079//1079 1072//1072 
f 1080//1080 1077//1077 1072//1072 
f 1081//1081 1082//1082 1083//1083 
f 1081//1081 1084//1084 1085//1085 
f 1081//1081 1086//1086 1087//1087 
f 1085//1085 1082//1082 1081//1081 
f 1086//1086 1088//1088 1087//1087 
f 1086//1086 1089//1089 1090//1090 
f 1083//1083 1091//1091 1081//1081 
f 1086//1086 1092//1092 1088//1088 
f 1090//1090 1092//1092 1086//1086 
f 1081//1081 1093//1093 1084//1084 
f 1086//1086 1094//1094 1089//1089 
f 1087//1087 1093//1093 1081//1081 
f 1095//1095 1089//1089 1096//1096 
f 1089//1089 1097//1097 1096//1096 
f 1096//1096 1098//1098 1095//1095 
f 1096//1096 1099//1099 1098//1098 
f 1100//1100 1101//1101 1102//1102 
f 1096//1096 1103//1103 1099//1099 
f 1100//1100 1104//1104 1101//1101 
f 1100//1100 1105//1105 1106//1106 
f 1107//1107 1108//1108 1105//1105 
f 900//900 1109//1109 1110//1110 
f 1111//1111 1109//1109 1112//1112 
f 1113//1113 1112//1112 1091//1091 
f 1095//1095 1114//1114 1089//1089 
f 1102//1102 1096//1096 1100//1100 
f 1100//1100 1115//1115 1116//1116 
f 1105//1105 1117//1117 1106//1106 
f 1105//1105 900//900 1107//1107 
f 1109//1109 1111//1111 1110//1110 
f 1091//1091 1118//1118 1113//1113 
f 1091//1091 1119//1119 1120//1120 
f 1102//1102 1103//1103 1096//1096 
f 1106//1106 1115//1115 1100//1100 
f 1110//1110 1107//1107 900//900 
f 1120//1120 1118//1118 1091//1091 
f 1116//1116 1104//1104 1100//1100 
f 1112//1112 1113//1113 1111//1111 
f 1108//1108 1117//1117 1105//1105 
f 1091//1091 1121//1121 1119//1119 
f 1114//1114 1122//1122 1089//1089 
f 1123//1123 1124//1124 1125//1125 
f 1089//1089 1094//1094 1123//1123 
f 1126//1126 1127//1127 1128//1128 
f 1123//1123 1129//1129 1124//1124 
f 1128//1128 1123//1123 1126//1126 
f 1126//1126 1130//1130 1131//1131 
f 1128//1128 1129//1129 1123//1123 
f 1126//1126 1132//1132 1133//1133 
f 1130//1130 1134//1134 1131//1131 
f 1126//1126 1135//1135 1127//1127 
f 1131//1131 1132//1132 1126//1126 
f 1133//1133 1135//1135 1126//1126 
f 1136//1136 1137//1137 1130//1130 
f 1138//1138 1139//1139 1140//1140 
f 1130//1130 1141//1141 1136//1136 
f 1142//1142 1136//1136 1141//1141 
f 1143//1143 1140//1140 1144//1144 
f 1140//1140 1089//1089 1138//1138 
f 1089//1089 1125//1125 1145//1145 
f 1141//1141 907//907 1142//1142 
f 1146//1146 906//906 1147//1147 
f 1143//1143 1148//1148 1149//1149 
f 1144//1144 1150//1150 1143//1143 
f 1140//1140 1151//1151 1152//1152 
f 1140//1140 1097//1097 1089//1089 
f 1145//1145 1153//1153 1089//1089 
f 1130//1130 1154//1154 1155//1155 
f 907//907 1156//1156 1142//1142 
f 906//906 1146//1146 1156//1156 
f 1147//1147 1157//1157 1158//1158 
f 1149//1149 1147//1147 1143//1143 
f 1143//1143 1159//1159 1160//1160 
f 1152//1152 1144//1144 1140//1140 
f 1153//1153 1138//1138 1089//1089 
f 1137//1137 1154//1154 1130//1130 
f 1147//1147 1158//1158 1146//1146 
f 1160//1160 1148//1148 1143//1143 
f 1139//1139 1151//1151 1140//1140 
f 1156//1156 907//907 906//906 
f 1150//1150 1159//1159 1143//1143 
f 1149//1149 1157//1157 1147//1147 
f 1161//1161 1162//1162 1163//1163 
f 1161//1161 1164//1164 1162//1162 
f 1165//1165 1166//1166 1167//1167 
f 1166//1166 1165//1165 1168//1168 
f 1168//1168 1163//1163 1169//1169 
f 1161//1161 1170//1170 1164//1164 
f 914//914 918//918 1165//1165 
f 1168//1168 1171//1171 1172//1172 
f 1168//1168 1173//1173 1174//1174 
f 1163//1163 1168//1168 1161//1161 
f 1168//1168 1172//1172 1166//1166 
f 1169//1169 1173//1173 1168//1168 
f 1174//1174 1171//1171 1168//1168 
f 1175//1175 1176//1176 1177//1177 
f 1177//1177 1178//1178 1175//1175 
f 1179//1179 1180//1180 1161//1161 
f 1181//1181 1179//1179 1182//1182 
f 1177//1177 1176//1176 1183//1183 
f 1178//1178 914//914 1175//1175 
f 1161//1161 1182//1182 1179//1179 
f 912//912 1184//1184 1181//1181 
f 911//911 1185//1185 1184//1184 
f 1178//1178 931//931 914//914 
f 914//914 1186//1186 1187//1187 
f 1180//1180 1188//1188 1161//1161 
f 1184//1184 912//912 911//911 
f 1185//1185 911//911 1189//1189 
f 1190//1190 1189//1189 1191//1191 
f 1191//1191 1177//1177 1192//1192 
f 1177//1177 1193//1193 1194//1194 
f 1187//1187 1175//1175 914//914 
f 1182//1182 912//912 1181//1181 
f 1191//1191 1195//1195 1190//1190 
f 1194//1194 1192//1192 1177//1177 
f 914//914 1167//1167 1186//1186 
f 1189//1189 1190//1190 1185//1185 
f 1191//1191 1196//1196 1197//1197 
f 1191//1191 1198//1198 1199//1199 
f 1183//1183 1193//1193 1177//1177 
f 1197//1197 1195//1195 1191//1191 
f 1192//1192 1198//1198 1191//1191 
f 1199//1199 1196//1196 1191//1191 
f 1200//1200 1201//1201 1202//1202 
f 1201//1201 1203//1203 1202//1202 
f 1204//1204 970//970 1205//1205 
f 1206//1206 1205//1205 1200//1200 
f 1202//1202 1207//1207 1200//1200 
f 1208//1208 1209//1209 1210//1210 
f 970//970 975//975 1205//1205 
f 1200//1200 1211//1211 1212//1212 
f 1207//1207 1213//1213 1200//1200 
f 1201//1201 1214//1214 1215//1215 
f 1216//1216 1214//1214 1201//1201 
f 1210//1210 1217//1217 1208//1208 
f 1205//1205 1206//1206 1204//1204 
f 1213//1213 1211//1211 1200//1200 
f 1201//1201 1218//1218 1216//1216 
f 1209//1209 1219//1219 1220//1220 
f 1210//1210 1221//1221 1217//1217 
f 970//970 1222//1222 1223//1223 
f 1200//1200 1212//1212 1206//1206 
f 1218//1218 1220//1220 1216//1216 
f 1220//1220 1218//1218 1209//1209 
f 1210//1210 1224//1224 1221//1221 
f 1204//1204 1222//1222 970//970 
f 1218//1218 910//910 1209//1209 
f 1210//1210 1225//1225 1224//1224 
f 1201//1201 1226//1226 1203//1203 
f 1208//1208 1219//1219 1209//1209 
f 1215//1215 1226//1226 1201//1201 
f 1227//1227 1228//1228 1229//1229 
f 1230//1230 1231//1231 1227//1227 
f 1232//1232 970//970 1233//1233 
f 1225//1225 1210//1210 1234//1234 
f 1227//1227 1235//1235 1228//1228 
f 1227//1227 1236//1236 1237//1237 
f 1227//1227 1232//1232 1230//1230 
f 1233//1233 1230//1230 1232//1232 
f 1234//1234 1238//1238 1239//1239 
f 1237//1237 1235//1235 1227//1227 
f 1232//1232 989//989 970//970 
f 1234//1234 1229//1229 1238//1238 
f 1231//1231 1236//1236 1227//1227 
f 1229//1229 1234//1234 1227//1227 
f 1234//1234 1239//1239 1225//1225 
f 1223//1223 1233//1233 970//970 
f 1188//1188 1170//1170 1161//1161 
f 1167//1167 914//914 1165//1165 
f 1155//1155 1134//1134 1130//1130 
f 1125//1125 1089//1089 1123//1123 
f 1122//1122 1090//1090 1089//1089 
f 1083//1083 1121//1121 1091//1091 
f 1076//1076 1047//1047 1046//1046 
f 1043//1043 999//999 1041//1041 
f 1040//1040 1000//1000 999//999 
f 1008//1008 1031//1031 1001//1001 
f 982//982 970//970 984//984 
f 979//979 995//995 973//973 
f 947//947 915//915 914//914 
f 926//926 944//944 924//924 
f 909//909 1209//1209 910//910 
f 905//905 906//906 903//903 
f 899//899 1109//1109 900//900 
f 894//894 1023//1023 895//895 
o mesh4078
v 0.0460428 -0.0190739 0.0438052 
v 0.0460428 -0.0187515 0.0437701 
v 0.01 -0.0187515 0.0437701 
v 0.0460428 -0.0193813 0.0439087 
v 0.01 -0.0190739 0.0438052 
v 0.0460428 -0.0196592 0.044076 
v 0.01 -0.0193813 0.0439087 
v 0.0460428 -0.0198947 0.044299 
v 0.01 -0.0196592 0.044076 
v 0.0460428 -0.0200768 0.0445675 
v 0.01 -0.0198947 0.044299 
v 0.0460428 -0.0201968 0.0448688 
v 0.01 -0.0200768 0.0445675 
v 0.0460428 -0.0202493 0.0451889 
v 0.01 -0.0201968 0.0448688 
v 0.0460428 -0.0202317 0.0455128 
v 0.01 -0.0202493 0.0451889 
v 0.0460428 -0.020145 0.0458253 
v 0.01 -0.0202317 0.0455128 
v 0.0460428 -0.019993 0.0461119 
v 0.01 -0.020145 0.0458253 
v 0.01 -0.019783 0.0463591 
v 0.0460428 -0.019783 0.0463591 
v 0.0460428 -0.0199733 0.046135 
v 0.01 -0.019993 0.0461119 
v 0.0460428 -0.0195248 0.0465554 
v 0.0460428 -0.0192304 0.0466916 
v 0.01 -0.0195248 0.0465554 
v 0.0460428 -0.0189137 0.0467613 
v 0.01 -0.0192304 0.0466916 
v 0.0460428 -0.0185893 0.0467613 
v 0.01 -0.0189137 0.0467613 
v 0.0460428 -0.0182725 0.0466916 
v 0.01 -0.0185893 0.0467613 
v 0.0460428 -0.0179782 0.0465554 
v 0.01 -0.0182725 0.0466916 
v 0.0460428 -0.0177199 0.0463591 
v 0.01 -0.0179782 0.0465554 
v 0.01 -0.01751 0.0461119 
v 0.0460428 -0.01751 0.0461119 
v 0.0460428 -0.0175296 0.046135 
v 0.01 -0.0177199 0.0463591 
v 0.0460428 -0.017358 0.0458253 
v 0.0460428 -0.0172712 0.0455128 
v 0.01 -0.017358 0.0458253 
v 0.0460428 -0.0172537 0.0451889 
v 0.01 -0.0172712 0.0455128 
v 0.0460428 -0.0173062 0.0448688 
v 0.01 -0.0172537 0.0451889 
v 0.0460428 -0.0174262 0.0445675 
v 0.01 -0.0173062 0.0448688 
v 0.0460428 -0.0176082 0.044299 
v 0.01 -0.0174262 0.0445675 
v 0.0460428 -0.0178437 0.044076 
v 0.01 -0.0176082 0.044299 
v 0.0460428 -0.0181217 0.0439087 
v 0.01 -0.0178437 0.044076 
v 0.0460428 -0.018429 0.0438052 
v 0.01 -0.0181217 0.0439087 
v 0.01 -0.018429 0.0438052 
vn 0 0.21497 0.976621 
vn 0 2.44929e-16 1 
vn 0 2.44929e-16 1 
vn 0 0.419889 0.907575 
vn 0 0.21497 0.976621 
vn 0 0.605174 0.796093 
vn 0 0.419889 0.907575 
vn 0 0.762162 0.647386 
vn 0 0.605174 0.796093 
vn 0 0.883512 0.468408 
vn 0 0.762162 0.647386 
vn 0 0.96355 0.267528 
vn 0 0.883512 0.468408 
vn 0 0.998533 0.0541389 
vn 0 0.96355 0.267528 
vn 0 0.986827 -0.161782 
vn 0 0.998533 0.0541389 
vn 0 0.928977 -0.370138 
vn 0 0.986827 -0.161782 
vn 0 0.827689 -0.561187 
vn 0 0.928977 -0.370138 
vn 0 0.687699 -0.725995 
vn 0 0.687699 -0.725995 
vn 0 0.816191 -0.577783 
vn 0 0.827689 -0.561187 
vn 0 0.515554 -0.856857 
vn 0 0.319302 -0.947653 
vn 0 0.515554 -0.856857 
vn 0 0.108119 -0.994138 
vn 0 0.319302 -0.947653 
vn 0 -0.108119 -0.994138 
vn 0 0.108119 -0.994138 
vn 0 -0.319302 -0.947653 
vn 0 -0.108119 -0.994138 
vn 0 -0.515554 -0.856857 
vn 0 -0.319302 -0.947653 
vn 0 -0.687699 -0.725995 
vn 0 -0.515554 -0.856857 
vn 0 -0.827689 -0.561187 
vn 0 -0.827689 -0.561187 
vn 0 -0.816191 -0.577783 
vn 0 -0.687699 -0.725995 
vn 0 -0.928977 -0.370138 
vn 0 -0.986827 -0.161782 
vn 0 -0.928977 -0.370138 
vn 0 -0.998533 0.0541389 
vn 0 -0.986827 -0.161782 
vn 0 -0.96355 0.267528 
vn 0 -0.998533 0.0541389 
vn 0 -0.883512 0.468408 
vn 0 -0.96355 0.267528 
vn 0 -0.762162 0.647386 
vn 0 -0.883512 0.468408 
vn 0 -0.605174 0.796093 
vn 0 -0.762162 0.647386 
vn 0 -0.419889 0.907575 
vn 0 -0.605174 0.796093 
vn 0 -0.21497 0.976621 
vn 0 -0.419889 0.907575 
vn 0 -0.21497 0.976621 
f 1240//1240 1241//1241 1242//1242 
f 1243//1243 1240//1240 1244//1244 
f 1245//1245 1243//1243 1246//1246 
f 1247//1247 1245//1245 1248//1248 
f 1249//1249 1247//1247 1250//1250 
f 1251//1251 1249//1249 1252//1252 
f 1253//1253 1251//1251 1254//1254 
f 1255//1255 1253//1253 1256//1256 
f 1257//1257 1255//1255 1258//1258 
f 1259//1259 1257//1257 1260//1260 
f 1261//1261 1262//1262 1263//1263 
f 1263//1263 1264//1264 1261//1261 
f 1265//1265 1262//1262 1261//1261 
f 1266//1266 1265//1265 1267//1267 
f 1268//1268 1266//1266 1269//1269 
f 1270//1270 1268//1268 1271//1271 
f 1272//1272 1270//1270 1273//1273 
f 1274//1274 1272//1272 1275//1275 
f 1276//1276 1274//1274 1277//1277 
f 1278//1278 1279//1279 1280//1280 
f 1280//1280 1281//1281 1278//1278 
f 1282//1282 1279//1279 1278//1278 
f 1283//1283 1282//1282 1284//1284 
f 1285//1285 1283//1283 1286//1286 
f 1287//1287 1285//1285 1288//1288 
f 1289//1289 1287//1287 1290//1290 
f 1291//1291 1289//1289 1292//1292 
f 1293//1293 1291//1291 1294//1294 
f 1295//1295 1293//1293 1296//1296 
f 1297//1297 1295//1295 1298//1298 
f 1241//1241 1297//1297 1299//1299 
f 1299//1299 1242//1242 1241//1241 
f 1298//1298 1299//1299 1297//1297 
f 1296//1296 1298//1298 1295//1295 
f 1294//1294 1296//1296 1293//1293 
f 1292//1292 1294//1294 1291//1291 
f 1290//1290 1292//1292 1289//1289 
f 1288//1288 1290//1290 1287//1287 
f 1286//1286 1288//1288 1285//1285 
f 1284//1284 1286//1286 1283//1283 
f 1278//1278 1284//1284 1282//1282 
f 1280//1280 1276//1276 1281//1281 
f 1277//1277 1281//1281 1276//1276 
f 1275//1275 1277//1277 1274//1274 
f 1273//1273 1275//1275 1272//1272 
f 1271//1271 1273//1273 1270//1270 
f 1269//1269 1271//1271 1268//1268 
f 1267//1267 1269//1269 1266//1266 
f 1261//1261 1267//1267 1265//1265 
f 1263//1263 1259//1259 1264//1264 
f 1260//1260 1264//1264 1259//1259 
f 1258//1258 1260//1260 1257//1257 
f 1256//1256 1258//1258 1255//1255 
f 1254//1254 1256//1256 1253//1253 
f 1252//1252 1254//1254 1251//1251 
f 1250//1250 1252//1252 1249//1249 
f 1248//1248 1250//1250 1247//1247 
f 1246//1246 1248//1248 1245//1245 
f 1244//1244 1246//1246 1243//1243 
f 1242//1242 1244//1244 1240//1240 
o mesh4079
v 0.0460428 0.018429 0.0438052 
v 0.0460428 0.0187515 0.0437701 
v 0.01 0.0187515 0.0437701 
v 0.0460428 0.0181217 0.0439087 
v 0.01 0.018429 0.0438052 
v 0.0460428 0.0178437 0.044076 
v 0.01 0.0181217 0.0439087 
v 0.0460428 0.0176082 0.044299 
v 0.01 0.0178437 0.044076 
v 0.0460428 0.0174262 0.0445675 
v 0.01 0.0176082 0.044299 
v 0.0460428 0.0173062 0.0448688 
v 0.01 0.0174262 0.0445675 
v 0.0460428 0.0172537 0.0451889 
v 0.01 0.0173062 0.0448688 
v 0.0460428 0.0172712 0.0455128 
v 0.01 0.0172537 0.0451889 
v 0.0460428 0.017358 0.0458253 
v 0.01 0.0172712 0.0455128 
v 0.0460428 0.01751 0.0461119 
v 0.01 0.017358 0.0458253 
v 0.01 0.0177199 0.0463591 
v 0.0460428 0.0177199 0.0463591 
v 0.0460428 0.0175296 0.046135 
v 0.01 0.01751 0.0461119 
v 0.0460428 0.0179782 0.0465554 
v 0.0460428 0.0182725 0.0466916 
v 0.01 0.0179782 0.0465554 
v 0.0460428 0.0185893 0.0467613 
v 0.01 0.0182725 0.0466916 
v 0.0460428 0.0189137 0.0467613 
v 0.01 0.0185893 0.0467613 
v 0.0460428 0.0192304 0.0466916 
v 0.01 0.0189137 0.0467613 
v 0.0460428 0.0195248 0.0465554 
v 0.01 0.0192304 0.0466916 
v 0.0460428 0.019783 0.0463591 
v 0.01 0.0195248 0.0465554 
v 0.01 0.019993 0.0461119 
v 0.0460428 0.019993 0.0461119 
v 0.0460428 0.0199733 0.046135 
v 0.01 0.019783 0.0463591 
v 0.0460428 0.020145 0.0458253 
v 0.0460428 0.0202317 0.0455128 
v 0.01 0.020145 0.0458253 
v 0.0460428 0.0202493 0.0451889 
v 0.01 0.0202317 0.0455128 
v 0.0460428 0.0201968 0.0448688 
v 0.01 0.0202493 0.0451889 
v 0.0460428 0.0200768 0.0445675 
v 0.01 0.0201968 0.0448688 
v 0.0460428 0.0198947 0.044299 
v 0.01 0.0200768 0.0445675 
v 0.0460428 0.0196592 0.044076 
v 0.01 0.0198947 0.044299 
v 0.0460428 0.0193813 0.0439087 
v 0.01 0.0196592 0.044076 
v 0.0460428 0.0190739 0.0438052 
v 0.01 0.0193813 0.0439087 
v 0.01 0.0190739 0.0438052 
vn 0 0.21497 0.976621 
vn 0 2.44929e-16 1 
vn 0 2.44929e-16 1 
vn 0 0.419889 0.907575 
vn 0 0.21497 0.976621 
vn 0 0.605174 0.796093 
vn 0 0.419889 0.907575 
vn 0 0.762162 0.647386 
vn 0 0.605174 0.796093 
vn 0 0.883512 0.468408 
vn 0 0.762162 0.647386 
vn 0 0.96355 0.267528 
vn 0 0.883512 0.468408 
vn 0 0.998533 0.0541389 
vn 0 0.96355 0.267528 
vn 0 0.986827 -0.161782 
vn 0 0.998533 0.0541389 
vn 0 0.928977 -0.370138 
vn 0 0.986827 -0.161782 
vn 0 0.827689 -0.561187 
vn 0 0.928977 -0.370138 
vn 0 0.687699 -0.725995 
vn 0 0.687699 -0.725995 
vn 0 0.816191 -0.577783 
vn 0 0.827689 -0.561187 
vn 0 0.515554 -0.856857 
vn 0 0.319302 -0.947653 
vn 0 0.515554 -0.856857 
vn 0 0.108119 -0.994138 
vn 0 0.319302 -0.947653 
vn 0 -0.108119 -0.994138 
vn 0 0.108119 -0.994138 
vn 0 -0.319302 -0.947653 
vn 0 -0.108119 -0.994138 
vn 0 -0.515554 -0.856857 
vn 0 -0.319302 -0.947653 
vn 0 -0.687699 -0.725995 
vn 0 -0.515554 -0.856857 
vn 0 -0.827689 -0.561187 
vn 0 -0.827689 -0.561187 
vn 0 -0.816191 -0.577783 
vn 0 -0.687699 -0.725995 
vn 0 -0.928977 -0.370138 
vn 0 -0.986827 -0.161782 
vn 0 -0.928977 -0.370138 
vn 0 -0.998533 0.0541389 
vn 0 -0.986827 -0.161782 
vn 0 -0.96355 0.267528 
vn 0 -0.998533 0.0541389 
vn 0 -0.883512 0.468408 
vn 0 -0.96355 0.267528 
vn 0 -0.762162 0.647386 
vn 0 -0.883512 0.468408 
vn 0 -0.605174 0.796093 
vn 0 -0.762162 0.647386 
vn 0 -0.419889 0.907575 
vn 0 -0.605174 0.796093 
vn 0 -0.21497 0.976621 
vn 0 -0.419889 0.907575 
vn 0 -0.21497 0.976621 
f 1300//1300 1301//1301 1302//1302 
f 1303//1303 1300//1300 1304//1304 
f 1305//1305 1303//1303 1306//1306 
f 1307//1307 1305//1305 1308//1308 
f 1309//1309 1307//1307 1310//1310 
f 1311//1311 1309//1309 1312//1312 
f 1313//1313 1311//1311 1314//1314 
f 1315//1315 1313//1313 1316//1316 
f 1317//1317 1315//1315 1318//1318 
f 1319//1319 1317//1317 1320//1320 
f 1321//1321 1322//1322 1323//1323 
f 1323//1323 1324//1324 1321//1321 
f 1325//1325 1322//1322 1321//1321 
f 1326//1326 1325//1325 1327//1327 
f 1328//1328 1326//1326 1329//1329 
f 1330//1330 1328//1328 1331//1331 
f 1332//1332 1330//1330 1333//1333 
f 1334//1334 1332//1332 1335//1335 
f 1336//1336 1334//1334 1337//1337 
f 1338//1338 1339//1339 1340//1340 
f 1340//1340 1341//1341 1338//1338 
f 1342//1342 1339//1339 1338//1338 
f 1343//1343 1342//1342 1344//1344 
f 1345//1345 1343//1343 1346//1346 
f 1347//1347 1345//1345 1348//1348 
f 1349//1349 1347//1347 1350//1350 
f 1351//1351 1349//1349 1352//1352 
f 1353//1353 1351//1351 1354//1354 
f 1355//1355 1353//1353 1356//1356 
f 1357//1357 1355//1355 1358//1358 
f 1301//1301 1357//1357 1359//1359 
f 1359//1359 1302//1302 1301//1301 
f 1358//1358 1359//1359 1357//1357 
f 1356//1356 1358//1358 1355//1355 
f 1354//1354 1356//1356 1353//1353 
f 1352//1352 1354//1354 1351//1351 
f 1350//1350 1352//1352 1349//1349 
f 1348//1348 1350//1350 1347//1347 
f 1346//1346 1348//1348 1345//1345 
f 1344//1344 1346//1346 1343//1343 
f 1338//1338 1344//1344 1342//1342 
f 1340//1340 1336//1336 1341//1341 
f 1337//1337 1341//1341 1336//1336 
f 1335//1335 1337//1337 1334//1334 
f 1333//1333 1335//1335 1332//1332 
f 1331//1331 1333//1333 1330//1330 
f 1329//1329 1331//1331 1328//1328 
f 1327//1327 1329//1329 1326//1326 
f 1321//1321 1327//1327 1325//1325 
f 1323//1323 1319//1319 1324//1324 
f 1320//1320 1324//1324 1319//1319 
f 1318//1318 1320//1320 1317//1317 
f 1316//1316 1318//1318 1315//1315 
f 1314//1314 1316//1316 1313//1313 
f 1312//1312 1314//1314 1311//1311 
f 1310//1310 1312//1312 1309//1309 
f 1308//1308 1310//1310 1307//1307 
f 1306//1306 1308//1308 1305//1305 
f 1304//1304 1306//1306 1303//1303 
f 1302//1302 1304//1304 1300//1300 
o mesh4080
v 0.0460428 0.0449476 0.0172866 
v 0.0460428 0.0452701 0.0172515 
v 0.01 0.0452701 0.0172515 
v 0.0460428 0.0446403 0.0173901 
v 0.01 0.0449476 0.0172866 
v 0.0460428 0.0443623 0.0175573 
v 0.01 0.0446403 0.0173901 
v 0.0460428 0.0441269 0.0177804 
v 0.01 0.0443623 0.0175573 
v 0.0460428 0.0439448 0.0180489 
v 0.01 0.0441269 0.0177804 
v 0.0460428 0.0438248 0.0183502 
v 0.01 0.0439448 0.0180489 
v 0.0460428 0.0437723 0.0186703 
v 0.01 0.0438248 0.0183502 
v 0.0460428 0.0437899 0.0189942 
v 0.01 0.0437723 0.0186703 
v 0.0460428 0.0438766 0.0193067 
v 0.01 0.0437899 0.0189942 
v 0.0460428 0.0440286 0.0195933 
v 0.01 0.0438766 0.0193067 
v 0.0460428 0.0442385 0.0198405 
v 0.01 0.0440286 0.0195933 
v 0.0460428 0.0444968 0.0200368 
v 0.01 0.0442385 0.0198405 
v 0.0460428 0.0447911 0.020173 
v 0.01 0.0444968 0.0200368 
v 0.0460428 0.0451079 0.0202427 
v 0.01 0.0447911 0.020173 
v 0.0460428 0.0454323 0.0202427 
v 0.01 0.0451079 0.0202427 
v 0.0460428 0.045749 0.020173 
v 0.01 0.0454323 0.0202427 
v 0.0460428 0.0460434 0.0200368 
v 0.01 0.045749 0.020173 
v 0.01 0.0463016 0.0198405 
v 0.0460428 0.0463016 0.0198405 
v 0.0460428 0.046135 0.0199671 
v 0.01 0.0460434 0.0200368 
v 0.0460428 0.0465116 0.0195933 
v 0.0460428 0.0466636 0.0193067 
v 0.01 0.0465116 0.0195933 
v 0.0460428 0.0467503 0.0189942 
v 0.01 0.0466636 0.0193067 
v 0.0460428 0.0467679 0.0186703 
v 0.01 0.0467503 0.0189942 
v 0.0460428 0.0467154 0.0183502 
v 0.01 0.0467679 0.0186703 
v 0.0460428 0.0465954 0.0180489 
v 0.01 0.0467154 0.0183502 
v 0.0460428 0.0464133 0.0177804 
v 0.01 0.0465954 0.0180489 
v 0.0460428 0.0461779 0.0175573 
v 0.01 0.0464133 0.0177804 
v 0.01 0.0458999 0.0173901 
v 0.0460428 0.0458999 0.0173901 
v 0.0460428 0.046135 0.0175316 
v 0.01 0.0461779 0.0175573 
v 0.0460428 0.0455926 0.0172866 
v 0.01 0.0455926 0.0172866 
vn 0 0.21497 0.976621 
vn 0 2.44929e-16 1 
vn 0 2.44929e-16 1 
vn 0 0.419889 0.907575 
vn 0 0.21497 0.976621 
vn 0 0.605174 0.796093 
vn 0 0.419889 0.907575 
vn 0 0.762162 0.647386 
vn 0 0.605174 0.796093 
vn 0 0.883512 0.468408 
vn 0 0.762162 0.647386 
vn 0 0.96355 0.267528 
vn 0 0.883512 0.468408 
vn 0 0.998533 0.0541389 
vn 0 0.96355 0.267528 
vn 0 0.986827 -0.161782 
vn 0 0.998533 0.0541389 
vn 0 0.928977 -0.370138 
vn 0 0.986827 -0.161782 
vn 0 0.827689 -0.561187 
vn 0 0.928977 -0.370138 
vn 0 0.687699 -0.725995 
vn 0 0.827689 -0.561187 
vn 0 0.515554 -0.856857 
vn 0 0.687699 -0.725995 
vn 0 0.319302 -0.947653 
vn 0 0.515554 -0.856857 
vn 0 0.108119 -0.994138 
vn 0 0.319302 -0.947653 
vn 0 -0.108119 -0.994138 
vn 0 0.108119 -0.994138 
vn 0 -0.319302 -0.947653 
vn 0 -0.108119 -0.994138 
vn 0 -0.515554 -0.856857 
vn 0 -0.319302 -0.947653 
vn 0 -0.687699 -0.725995 
vn 0 -0.687699 -0.725995 
vn 0 -0.579745 -0.814798 
vn 0 -0.515554 -0.856857 
vn 0 -0.827689 -0.561187 
vn 0 -0.928977 -0.370138 
vn 0 -0.827689 -0.561187 
vn 0 -0.986827 -0.161782 
vn 0 -0.928977 -0.370138 
vn 0 -0.998533 0.0541389 
vn 0 -0.986827 -0.161782 
vn 0 -0.96355 0.267528 
vn 0 -0.998533 0.0541389 
vn 0 -0.883512 0.468408 
vn 0 -0.96355 0.267528 
vn 0 -0.762162 0.647386 
vn 0 -0.883512 0.468408 
vn 0 -0.605174 0.796093 
vn 0 -0.762162 0.647386 
vn 0 -0.419889 0.907575 
vn 0 -0.419889 0.907575 
vn 0 -0.578399 0.815754 
vn 0 -0.605174 0.796093 
vn 0 -0.21497 0.976621 
vn 0 -0.21497 0.976621 
f 1360//1360 1361//1361 1362//1362 
f 1363//1363 1360//1360 1364//1364 
f 1365//1365 1363//1363 1366//1366 
f 1367//1367 1365//1365 1368//1368 
f 1369//1369 1367//1367 1370//1370 
f 1371//1371 1369//1369 1372//1372 
f 1373//1373 1371//1371 1374//1374 
f 1375//1375 1373//1373 1376//1376 
f 1377//1377 1375//1375 1378//1378 
f 1379//1379 1377//1377 1380//1380 
f 1381//1381 1379//1379 1382//1382 
f 1383//1383 1381//1381 1384//1384 
f 1385//1385 1383//1383 1386//1386 
f 1387//1387 1385//1385 1388//1388 
f 1389//1389 1387//1387 1390//1390 
f 1391//1391 1389//1389 1392//1392 
f 1393//1393 1391//1391 1394//1394 
f 1395//1395 1396//1396 1397//1397 
f 1397//1397 1398//1398 1395//1395 
f 1399//1399 1396//1396 1395//1395 
f 1400//1400 1399//1399 1401//1401 
f 1402//1402 1400//1400 1403//1403 
f 1404//1404 1402//1402 1405//1405 
f 1406//1406 1404//1404 1407//1407 
f 1408//1408 1406//1406 1409//1409 
f 1410//1410 1408//1408 1411//1411 
f 1412//1412 1410//1410 1413//1413 
f 1414//1414 1415//1415 1416//1416 
f 1416//1416 1417//1417 1414//1414 
f 1418//1418 1415//1415 1414//1414 
f 1361//1361 1418//1418 1419//1419 
f 1419//1419 1362//1362 1361//1361 
f 1414//1414 1419//1419 1418//1418 
f 1416//1416 1412//1412 1417//1417 
f 1413//1413 1417//1417 1412//1412 
f 1411//1411 1413//1413 1410//1410 
f 1409//1409 1411//1411 1408//1408 
f 1407//1407 1409//1409 1406//1406 
f 1405//1405 1407//1407 1404//1404 
f 1403//1403 1405//1405 1402//1402 
f 1401//1401 1403//1403 1400//1400 
f 1395//1395 1401//1401 1399//1399 
f 1397//1397 1393//1393 1398//1398 
f 1394//1394 1398//1398 1393//1393 
f 1392//1392 1394//1394 1391//1391 
f 1390//1390 1392//1392 1389//1389 
f 1388//1388 1390//1390 1387//1387 
f 1386//1386 1388//1388 1385//1385 
f 1384//1384 1386//1386 1383//1383 
f 1382//1382 1384//1384 1381//1381 
f 1380//1380 1382//1382 1379//1379 
f 1378//1378 1380//1380 1377//1377 
f 1376//1376 1378//1378 1375//1375 
f 1374//1374 1376//1376 1373//1373 
f 1372//1372 1374//1374 1371//1371 
f 1370//1370 1372//1372 1369//1369 
f 1368//1368 1370//1370 1367//1367 
f 1366//1366 1368//1368 1365//1365 
f 1364//1364 1366//1366 1363//1363 
f 1362//1362 1364//1364 1360//1360 
o mesh4081
v 0.0460428 0.0449476 -0.0202164 
v 0.0460428 0.0452701 -0.0202515 
v 0.01 0.0452701 -0.0202515 
v 0.0460428 0.0446403 -0.0201129 
v 0.01 0.0449476 -0.0202164 
v 0.0460428 0.0443623 -0.0199456 
v 0.01 0.0446403 -0.0201129 
v 0.0460428 0.0441269 -0.0197226 
v 0.01 0.0443623 -0.0199456 
v 0.0460428 0.0439448 -0.0194541 
v 0.01 0.0441269 -0.0197226 
v 0.0460428 0.0438248 -0.0191528 
v 0.01 0.0439448 -0.0194541 
v 0.0460428 0.0437723 -0.0188327 
v 0.01 0.0438248 -0.0191528 
v 0.0460428 0.0437899 -0.0185088 
v 0.01 0.0437723 -0.0188327 
v 0.0460428 0.0438766 -0.0181963 
v 0.01 0.0437899 -0.0185088 
v 0.0460428 0.0440286 -0.0179097 
v 0.01 0.0438766 -0.0181963 
v 0.0460428 0.0442385 -0.0176625 
v 0.01 0.0440286 -0.0179097 
v 0.0460428 0.0444968 -0.0174662 
v 0.01 0.0442385 -0.0176625 
v 0.0460428 0.0447911 -0.01733 
v 0.01 0.0444968 -0.0174662 
v 0.0460428 0.0451079 -0.0172603 
v 0.01 0.0447911 -0.01733 
v 0.0460428 0.0454323 -0.0172603 
v 0.01 0.0451079 -0.0172603 
v 0.0460428 0.045749 -0.01733 
v 0.01 0.0454323 -0.0172603 
v 0.0460428 0.0460434 -0.0174662 
v 0.01 0.045749 -0.01733 
v 0.01 0.0463016 -0.0176625 
v 0.0460428 0.0463016 -0.0176625 
v 0.0460428 0.046135 -0.0175359 
v 0.01 0.0460434 -0.0174662 
v 0.0460428 0.0465116 -0.0179097 
v 0.0460428 0.0466636 -0.0181963 
v 0.01 0.0465116 -0.0179097 
v 0.0460428 0.0467503 -0.0185088 
v 0.01 0.0466636 -0.0181963 
v 0.0460428 0.0467679 -0.0188327 
v 0.01 0.0467503 -0.0185088 
v 0.0460428 0.0467154 -0.0191528 
v 0.01 0.0467679 -0.0188327 
v 0.0460428 0.0465954 -0.0194541 
v 0.01 0.0467154 -0.0191528 
v 0.0460428 0.0464133 -0.0197226 
v 0.01 0.0465954 -0.0194541 
v 0.0460428 0.0461779 -0.0199456 
v 0.01 0.0464133 -0.0197226 
v 0.01 0.0458999 -0.0201129 
v 0.0460428 0.0458999 -0.0201129 
v 0.0460428 0.046135 -0.0199714 
v 0.01 0.0461779 -0.0199456 
v 0.0460428 0.0455926 -0.0202164 
v 0.01 0.0455926 -0.0202164 
vn 0 0.21497 0.976621 
vn 0 2.44929e-16 1 
vn 0 2.44929e-16 1 
vn 0 0.419889 0.907575 
vn 0 0.21497 0.976621 
vn 0 0.605174 0.796093 
vn 0 0.419889 0.907575 
vn 0 0.762162 0.647386 
vn 0 0.605174 0.796093 
vn 0 0.883512 0.468408 
vn 0 0.762162 0.647386 
vn 0 0.96355 0.267528 
vn 0 0.883512 0.468408 
vn 0 0.998533 0.0541389 
vn 0 0.96355 0.267528 
vn 0 0.986827 -0.161782 
vn 0 0.998533 0.0541389 
vn 0 0.928977 -0.370138 
vn 0 0.986827 -0.161782 
vn 0 0.827689 -0.561187 
vn 0 0.928977 -0.370138 
vn 0 0.687699 -0.725995 
vn 0 0.827689 -0.561187 
vn 0 0.515554 -0.856857 
vn 0 0.687699 -0.725995 
vn 0 0.319302 -0.947653 
vn 0 0.515554 -0.856857 
vn 0 0.108119 -0.994138 
vn 0 0.319302 -0.947653 
vn 0 -0.108119 -0.994138 
vn 0 0.108119 -0.994138 
vn 0 -0.319302 -0.947653 
vn 0 -0.108119 -0.994138 
vn 0 -0.515554 -0.856857 
vn 0 -0.319302 -0.947653 
vn 0 -0.687699 -0.725995 
vn 0 -0.687699 -0.725995 
vn 0 -0.579745 -0.814798 
vn 0 -0.515554 -0.856857 
vn 0 -0.827689 -0.561187 
vn 0 -0.928977 -0.370138 
vn 0 -0.827689 -0.561187 
vn 0 -0.986827 -0.161782 
vn 0 -0.928977 -0.370138 
vn 0 -0.998533 0.0541389 
vn 0 -0.986827 -0.161782 
vn 0 -0.96355 0.267528 
vn 0 -0.998533 0.0541389 
vn 0 -0.883512 0.468408 
vn 0 -0.96355 0.267528 
vn 0 -0.762162 0.647386 
vn 0 -0.883512 0.468408 
vn 0 -0.605174 0.796093 
vn 0 -0.762162 0.647386 
vn 0 -0.419889 0.907575 
vn 0 -0.419889 0.907575 
vn 0 -0.578399 0.815754 
vn 0 -0.605174 0.796093 
vn 0 -0.21497 0.976621 
vn 0 -0.21497 0.976621 
f 1420//1420 1421//1421 1422//1422 
f 1423//1423 1420//1420 1424//1424 
f 1425//1425 1423//1423 1426//1426 
f 1427//1427 1425//1425 1428//1428 
f 1429//1429 1427//1427 1430//1430 
f 1431//1431 1429//1429 1432//1432 
f 1433//1433 1431//1431 1434//1434 
f 1435//1435 1433//1433 1436//1436 
f 1437//1437 1435//1435 1438//1438 
f 1439//1439 1437//1437 1440//1440 
f 1441//1441 1439//1439 1442//1442 
f 1443//1443 1441//1441 1444//1444 
f 1445//1445 1443//1443 1446//1446 
f 1447//1447 1445//1445 1448//1448 
f 1449//1449 1447//1447 1450//1450 
f 1451//1451 1449//1449 1452//1452 
f 1453//1453 1451//1451 1454//1454 
f 1455//1455 1456//1456 1457//1457 
f 1457//1457 1458//1458 1455//1455 
f 1459//1459 1456//1456 1455//1455 
f 1460//1460 1459//1459 1461//1461 
f 1462//1462 1460//1460 1463//1463 
f 1464//1464 1462//1462 1465//1465 
f 1466//1466 1464//1464 1467//1467 
f 1468//1468 1466//1466 1469//1469 
f 1470//1470 1468//1468 1471//1471 
f 1472//1472 1470//1470 1473//1473 
f 1474//1474 1475//1475 1476//1476 
f 1476//1476 1477//1477 1474//1474 
f 1478//1478 1475//1475 1474//1474 
f 1421//1421 1478//1478 1479//1479 
f 1479//1479 1422//1422 1421//1421 
f 1474//1474 1479//1479 1478//1478 
f 1476//1476 1472//1472 1477//1477 
f 1473//1473 1477//1477 1472//1472 
f 1471//1471 1473//1473 1470//1470 
f 1469//1469 1471//1471 1468//1468 
f 1467//1467 1469//1469 1466//1466 
f 1465//1465 1467//1467 1464//1464 
f 1463//1463 1465//1465 1462//1462 
f 1461//1461 1463//1463 1460//1460 
f 1455//1455 1461//1461 1459//1459 
f 1457//1457 1453//1453 1458//1458 
f 1454//1454 1458//1458 1453//1453 
f 1452//1452 1454//1454 1451//1451 
f 1450//1450 1452//1452 1449//1449 
f 1448//1448 1450//1450 1447//1447 
f 1446//1446 1448//1448 1445//1445 
f 1444//1444 1446//1446 1443//1443 
f 1442//1442 1444//1444 1441//1441 
f 1440//1440 1442//1442 1439//1439 
f 1438//1438 1440//1440 1437//1437 
f 1436//1436 1438//1438 1435//1435 
f 1434//1434 1436//1436 1433//1433 
f 1432//1432 1434//1434 1431//1431 
f 1430//1430 1432//1432 1429//1429 
f 1428//1428 1430//1430 1427//1427 
f 1426//1426 1428//1428 1425//1425 
f 1424//1424 1426//1426 1423//1423 
f 1422//1422 1424//1424 1420//1420 
o mesh4082
v 0.0460428 0.018429 -0.046735 
v 0.0460428 0.0187515 -0.0467701 
v 0.01 0.0187515 -0.0467701 
v 0.0460428 0.0181217 -0.0466315 
v 0.01 0.018429 -0.046735 
v 0.0460428 0.0178437 -0.0464642 
v 0.01 0.0181217 -0.0466315 
v 0.0460428 0.0176082 -0.0462412 
v 0.01 0.0178437 -0.0464642 
v 0.01 0.0174262 -0.0459727 
v 0.0460428 0.0174262 -0.0459727 
v 0.0460428 0.0175363 -0.046135 
v 0.01 0.0176082 -0.0462412 
v 0.0460428 0.0173062 -0.0456714 
v 0.0460428 0.0172537 -0.0453513 
v 0.01 0.0173062 -0.0456714 
v 0.0460428 0.0172712 -0.0450274 
v 0.01 0.0172537 -0.0453513 
v 0.0460428 0.017358 -0.0447149 
v 0.01 0.0172712 -0.0450274 
v 0.0460428 0.01751 -0.0444283 
v 0.01 0.017358 -0.0447149 
v 0.0460428 0.0177199 -0.0441811 
v 0.01 0.01751 -0.0444283 
v 0.0460428 0.0179782 -0.0439848 
v 0.01 0.0177199 -0.0441811 
v 0.0460428 0.0182725 -0.0438486 
v 0.01 0.0179782 -0.0439848 
v 0.0460428 0.0185893 -0.0437789 
v 0.01 0.0182725 -0.0438486 
v 0.0460428 0.0189137 -0.0437789 
v 0.01 0.0185893 -0.0437789 
v 0.0460428 0.0192304 -0.0438486 
v 0.01 0.0189137 -0.0437789 
v 0.0460428 0.0195248 -0.0439848 
v 0.01 0.0192304 -0.0438486 
v 0.0460428 0.019783 -0.0441811 
v 0.01 0.0195248 -0.0439848 
v 0.0460428 0.019993 -0.0444283 
v 0.01 0.019783 -0.0441811 
v 0.0460428 0.020145 -0.0447149 
v 0.01 0.019993 -0.0444283 
v 0.0460428 0.0202317 -0.0450274 
v 0.01 0.020145 -0.0447149 
v 0.0460428 0.0202493 -0.0453513 
v 0.01 0.0202317 -0.0450274 
v 0.0460428 0.0201968 -0.0456714 
v 0.01 0.0202493 -0.0453513 
v 0.0460428 0.0200768 -0.0459727 
v 0.01 0.0201968 -0.0456714 
v 0.01 0.0198947 -0.0462412 
v 0.0460428 0.0198947 -0.0462412 
v 0.0460428 0.0199667 -0.046135 
v 0.01 0.0200768 -0.0459727 
v 0.0460428 0.0196592 -0.0464642 
v 0.0460428 0.0193813 -0.0466315 
v 0.01 0.0196592 -0.0464642 
v 0.0460428 0.0190739 -0.046735 
v 0.01 0.0193813 -0.0466315 
v 0.01 0.0190739 -0.046735 
vn 0 0.21497 0.976621 
vn 0 2.44929e-16 1 
vn 0 2.44929e-16 1 
vn 0 0.419889 0.907575 
vn 0 0.21497 0.976621 
vn 0 0.605174 0.796093 
vn 0 0.419889 0.907575 
vn 0 0.762162 0.647386 
vn 0 0.605174 0.796093 
vn 0 0.883512 0.468408 
vn 0 0.883512 0.468408 
vn 0 0.814699 0.579884 
vn 0 0.762162 0.647386 
vn 0 0.96355 0.267528 
vn 0 0.998533 0.0541389 
vn 0 0.96355 0.267528 
vn 0 0.986827 -0.161782 
vn 0 0.998533 0.0541389 
vn 0 0.928977 -0.370138 
vn 0 0.986827 -0.161782 
vn 0 0.827689 -0.561187 
vn 0 0.928977 -0.370138 
vn 0 0.687699 -0.725995 
vn 0 0.827689 -0.561187 
vn 0 0.515554 -0.856857 
vn 0 0.687699 -0.725995 
vn 0 0.319302 -0.947653 
vn 0 0.515554 -0.856857 
vn 0 0.108119 -0.994138 
vn 0 0.319302 -0.947653 
vn 0 -0.108119 -0.994138 
vn 0 0.108119 -0.994138 
vn 0 -0.319302 -0.947653 
vn 0 -0.108119 -0.994138 
vn 0 -0.515554 -0.856857 
vn 0 -0.319302 -0.947653 
vn 0 -0.687699 -0.725995 
vn 0 -0.515554 -0.856857 
vn 0 -0.827689 -0.561187 
vn 0 -0.687699 -0.725995 
vn 0 -0.928977 -0.370138 
vn 0 -0.827689 -0.561187 
vn 0 -0.986827 -0.161782 
vn 0 -0.928977 -0.370138 
vn 0 -0.998533 0.0541389 
vn 0 -0.986827 -0.161782 
vn 0 -0.96355 0.267528 
vn 0 -0.998533 0.0541389 
vn 0 -0.883512 0.468408 
vn 0 -0.96355 0.267528 
vn 0 -0.762162 0.647386 
vn 0 -0.762162 0.647386 
vn 0 -0.814699 0.579884 
vn 0 -0.883512 0.468408 
vn 0 -0.605174 0.796093 
vn 0 -0.419889 0.907575 
vn 0 -0.605174 0.796093 
vn 0 -0.21497 0.976621 
vn 0 -0.419889 0.907575 
vn 0 -0.21497 0.976621 
f 1480//1480 1481//1481 1482//1482 
f 1483//1483 1480//1480 1484//1484 
f 1485//1485 1483//1483 1486//1486 
f 1487//1487 1485//1485 1488//1488 
f 1489//1489 1490//1490 1491//1491 
f 1491//1491 1492//1492 1489//1489 
f 1493//1493 1490//1490 1489//1489 
f 1494//1494 1493//1493 1495//1495 
f 1496//1496 1494//1494 1497//1497 
f 1498//1498 1496//1496 1499//1499 
f 1500//1500 1498//1498 1501//1501 
f 1502//1502 1500//1500 1503//1503 
f 1504//1504 1502//1502 1505//1505 
f 1506//1506 1504//1504 1507//1507 
f 1508//1508 1506//1506 1509//1509 
f 1510//1510 1508//1508 1511//1511 
f 1512//1512 1510//1510 1513//1513 
f 1514//1514 1512//1512 1515//1515 
f 1516//1516 1514//1514 1517//1517 
f 1518//1518 1516//1516 1519//1519 
f 1520//1520 1518//1518 1521//1521 
f 1522//1522 1520//1520 1523//1523 
f 1524//1524 1522//1522 1525//1525 
f 1526//1526 1524//1524 1527//1527 
f 1528//1528 1526//1526 1529//1529 
f 1530//1530 1531//1531 1532//1532 
f 1532//1532 1533//1533 1530//1530 
f 1534//1534 1531//1531 1530//1530 
f 1535//1535 1534//1534 1536//1536 
f 1537//1537 1535//1535 1538//1538 
f 1481//1481 1537//1537 1539//1539 
f 1539//1539 1482//1482 1481//1481 
f 1538//1538 1539//1539 1537//1537 
f 1536//1536 1538//1538 1535//1535 
f 1530//1530 1536//1536 1534//1534 
f 1532//1532 1528//1528 1533//1533 
f 1529//1529 1533//1533 1528//1528 
f 1527//1527 1529//1529 1526//1526 
f 1525//1525 1527//1527 1524//1524 
f 1523//1523 1525//1525 1522//1522 
f 1521//1521 1523//1523 1520//1520 
f 1519//1519 1521//1521 1518//1518 
f 1517//1517 1519//1519 1516//1516 
f 1515//1515 1517//1517 1514//1514 
f 1513//1513 1515//1515 1512//1512 
f 1511//1511 1513//1513 1510//1510 
f 1509//1509 1511//1511 1508//1508 
f 1507//1507 1509//1509 1506//1506 
f 1505//1505 1507//1507 1504//1504 
f 1503//1503 1505//1505 1502//1502 
f 1501//1501 1503//1503 1500//1500 
f 1499//1499 1501//1501 1498//1498 
f 1497//1497 1499//1499 1496//1496 
f 1495//1495 1497//1497 1494//1494 
f 1489//1489 1495//1495 1493//1493 
f 1491//1491 1487//1487 1492//1492 
f 1488//1488 1492//1492 1487//1487 
f 1486//1486 1488//1488 1485//1485 
f 1484//1484 1486//1486 1483//1483 
f 1482//1482 1484//1484 1480//1480 
o mesh4083
v 0.0460428 -0.0455926 0.0172866 
v 0.0460428 -0.0452701 0.0172515 
v 0.01 -0.0452701 0.0172515 
v 0.0460428 -0.0458999 0.0173901 
v 0.01 -0.0455926 0.0172866 
v 0.01 -0.0461779 0.0175573 
v 0.0460428 -0.0461779 0.0175573 
v 0.0460428 -0.046135 0.0175316 
v 0.01 -0.0458999 0.0173901 
v 0.0460428 -0.0464133 0.0177804 
v 0.0460428 -0.0465954 0.0180489 
v 0.01 -0.0464133 0.0177804 
v 0.0460428 -0.0467154 0.0183502 
v 0.01 -0.0465954 0.0180489 
v 0.0460428 -0.0467679 0.0186703 
v 0.01 -0.0467154 0.0183502 
v 0.0460428 -0.0467503 0.0189942 
v 0.01 -0.0467679 0.0186703 
v 0.0460428 -0.0466636 0.0193067 
v 0.01 -0.0467503 0.0189942 
v 0.0460428 -0.0465116 0.0195933 
v 0.01 -0.0466636 0.0193067 
v 0.0460428 -0.0463016 0.0198405 
v 0.01 -0.0465116 0.0195933 
v 0.01 -0.0460434 0.0200368 
v 0.0460428 -0.0460434 0.0200368 
v 0.0460428 -0.046135 0.0199671 
v 0.01 -0.0463016 0.0198405 
v 0.0460428 -0.045749 0.020173 
v 0.0460428 -0.0454323 0.0202427 
v 0.01 -0.045749 0.020173 
v 0.0460428 -0.0451079 0.0202427 
v 0.01 -0.0454323 0.0202427 
v 0.0460428 -0.0447911 0.020173 
v 0.01 -0.0451079 0.0202427 
v 0.0460428 -0.0444968 0.0200368 
v 0.01 -0.0447911 0.020173 
v 0.0460428 -0.0442385 0.0198405 
v 0.01 -0.0444968 0.0200368 
v 0.0460428 -0.0440286 0.0195933 
v 0.01 -0.0442385 0.0198405 
v 0.0460428 -0.0438766 0.0193067 
v 0.01 -0.0440286 0.0195933 
v 0.0460428 -0.0437899 0.0189942 
v 0.01 -0.0438766 0.0193067 
v 0.0460428 -0.0437723 0.0186703 
v 0.01 -0.0437899 0.0189942 
v 0.0460428 -0.0438248 0.0183502 
v 0.01 -0.0437723 0.0186703 
v 0.0460428 -0.0439448 0.0180489 
v 0.01 -0.0438248 0.0183502 
v 0.0460428 -0.0441269 0.0177804 
v 0.01 -0.0439448 0.0180489 
v 0.0460428 -0.0443623 0.0175573 
v 0.01 -0.0441269 0.0177804 
v 0.0460428 -0.0446403 0.0173901 
v 0.01 -0.0443623 0.0175573 
v 0.0460428 -0.0449476 0.0172866 
v 0.01 -0.0446403 0.0173901 
v 0.01 -0.0449476 0.0172866 
vn 0 0.21497 0.976621 
vn 0 2.44929e-16 1 
vn 0 2.44929e-16 1 
vn 0 0.419889 0.907575 
vn 0 0.21497 0.976621 
vn 0 0.605174 0.796093 
vn 0 0.605174 0.796093 
vn 0 0.578399 0.815754 
vn 0 0.419889 0.907575 
vn 0 0.762162 0.647386 
vn 0 0.883512 0.468408 
vn 0 0.762162 0.647386 
vn 0 0.96355 0.267528 
vn 0 0.883512 0.468408 
vn 0 0.998533 0.0541389 
vn 0 0.96355 0.267528 
vn 0 0.986827 -0.161782 
vn 0 0.998533 0.0541389 
vn 0 0.928977 -0.370138 
vn 0 0.986827 -0.161782 
vn 0 0.827689 -0.561187 
vn 0 0.928977 -0.370138 
vn 0 0.687699 -0.725995 
vn 0 0.827689 -0.561187 
vn 0 0.515554 -0.856857 
vn 0 0.515554 -0.856857 
vn 0 0.579745 -0.814798 
vn 0 0.687699 -0.725995 
vn 0 0.319302 -0.947653 
vn 0 0.108119 -0.994138 
vn 0 0.319302 -0.947653 
vn 0 -0.108119 -0.994138 
vn 0 0.108119 -0.994138 
vn 0 -0.319302 -0.947653 
vn 0 -0.108119 -0.994138 
vn 0 -0.515554 -0.856857 
vn 0 -0.319302 -0.947653 
vn 0 -0.687699 -0.725995 
vn 0 -0.515554 -0.856857 
vn 0 -0.827689 -0.561187 
vn 0 -0.687699 -0.725995 
vn 0 -0.928977 -0.370138 
vn 0 -0.827689 -0.561187 
vn 0 -0.986827 -0.161782 
vn 0 -0.928977 -0.370138 
vn 0 -0.998533 0.0541389 
vn 0 -0.986827 -0.161782 
vn 0 -0.96355 0.267528 
vn 0 -0.998533 0.0541389 
vn 0 -0.883512 0.468408 
vn 0 -0.96355 0.267528 
vn 0 -0.762162 0.647386 
vn 0 -0.883512 0.468408 
vn 0 -0.605174 0.796093 
vn 0 -0.762162 0.647386 
vn 0 -0.419889 0.907575 
vn 0 -0.605174 0.796093 
vn 0 -0.21497 0.976621 
vn 0 -0.419889 0.907575 
vn 0 -0.21497 0.976621 
f 1540//1540 1541//1541 1542//1542 
f 1543//1543 1540//1540 1544//1544 
f 1545//1545 1546//1546 1547//1547 
f 1547//1547 1548//1548 1545//1545 
f 1549//1549 1546//1546 1545//1545 
f 1550//1550 1549//1549 1551//1551 
f 1552//1552 1550//1550 1553//1553 
f 1554//1554 1552//1552 1555//1555 
f 1556//1556 1554//1554 1557//1557 
f 1558//1558 1556//1556 1559//1559 
f 1560//1560 1558//1558 1561//1561 
f 1562//1562 1560//1560 1563//1563 
f 1564//1564 1565//1565 1566//1566 
f 1566//1566 1567//1567 1564//1564 
f 1568//1568 1565//1565 1564//1564 
f 1569//1569 1568//1568 1570//1570 
f 1571//1571 1569//1569 1572//1572 
f 1573//1573 1571//1571 1574//1574 
f 1575//1575 1573//1573 1576//1576 
f 1577//1577 1575//1575 1578//1578 
f 1579//1579 1577//1577 1580//1580 
f 1581//1581 1579//1579 1582//1582 
f 1583//1583 1581//1581 1584//1584 
f 1585//1585 1583//1583 1586//1586 
f 1587//1587 1585//1585 1588//1588 
f 1589//1589 1587//1587 1590//1590 
f 1591//1591 1589//1589 1592//1592 
f 1593//1593 1591//1591 1594//1594 
f 1595//1595 1593//1593 1596//1596 
f 1597//1597 1595//1595 1598//1598 
f 1541//1541 1597//1597 1599//1599 
f 1599//1599 1542//1542 1541//1541 
f 1598//1598 1599//1599 1597//1597 
f 1596//1596 1598//1598 1595//1595 
f 1594//1594 1596//1596 1593//1593 
f 1592//1592 1594//1594 1591//1591 
f 1590//1590 1592//1592 1589//1589 
f 1588//1588 1590//1590 1587//1587 
f 1586//1586 1588//1588 1585//1585 
f 1584//1584 1586//1586 1583//1583 
f 1582//1582 1584//1584 1581//1581 
f 1580//1580 1582//1582 1579//1579 
f 1578//1578 1580//1580 1577//1577 
f 1576//1576 1578//1578 1575//1575 
f 1574//1574 1576//1576 1573//1573 
f 1572//1572 1574//1574 1571//1571 
f 1570//1570 1572//1572 1569//1569 
f 1564//1564 1570//1570 1568//1568 
f 1566//1566 1562//1562 1567//1567 
f 1563//1563 1567//1567 1562//1562 
f 1561//1561 1563//1563 1560//1560 
f 1559//1559 1561//1561 1558//1558 
f 1557//1557 1559//1559 1556//1556 
f 1555//1555 1557//1557 1554//1554 
f 1553//1553 1555//1555 1552//1552 
f 1551//1551 1553//1553 1550//1550 
f 1545//1545 1551//1551 1549//1549 
f 1547//1547 1543//1543 1548//1548 
f 1544//1544 1548//1548 1543//1543 
f 1542//1542 1544//1544 1540//1540 
