# OBJ generated by ONSHAPE BY PTC INC, 1.221 Units = meters
mtllib Part_1_10.mtl
g Part 1
usemtl 0.615686_0.811765_0.929412_0.000000_0.000000
o mesh1711
v -0.000505149 0.0048888 -0.002 
v -0.000517242 0.00499999 -0.002 
v -0.000517242 0.00499999 0.00200654 
v -0.000469436 0.0047828 -0.002 
v -0.000505149 0.0048888 0.00200654 
v -0.000411773 0.00468697 -0.002 
v -0.000469436 0.0047828 0.00200654 
v -0.000334856 0.00460577 -0.002 
v -0.000411773 0.00468697 0.00200654 
v -0.000242281 0.004543 -0.002 
v -0.000334856 0.00460577 0.00200654 
v -0.000138377 0.0045016 -0.002 
v -0.000242281 0.004543 0.00200654 
v -2.80036e-05 0.00448351 -0.002 
v -0.000138377 0.0045016 0.00200654 
v 8.36796e-05 0.00448956 -0.002 
v -2.80036e-05 0.00448351 0.00200654 
v 0.00019145 0.00451948 -0.002 
v 8.36796e-05 0.00448956 0.00200654 
v 0.000290268 0.00457187 -0.002 
v 0.00019145 0.00451948 0.00200654 
v 0.000375514 0.00464428 -0.002 
v 0.000290268 0.00457187 0.00200654 
v 0.000443201 0.00473332 -0.002 
v 0.000375514 0.00464428 0.00200654 
v 0.000490165 0.00483483 -0.002 
v 0.000443201 0.00473332 0.00200654 
v 0.000514208 0.00494407 -0.002 
v 0.000490165 0.00483483 0.00200654 
v 0.000514208 0.00505591 -0.002 
v 0.000517241 0.00499999 0.00200654 
v 0.000514208 0.00494407 0.00200654 
v 0.000490165 0.00516514 -0.002 
v 0.000514208 0.00505591 0.00200654 
v 0.000443201 0.00526665 -0.002 
v 0.000490165 0.00516514 0.00200654 
v 0.000375514 0.0053557 -0.002 
v 0.000443201 0.00526665 0.00200654 
v 0.000290268 0.0054281 -0.002 
v 0.000375514 0.0053557 0.00200654 
v 0.00019145 0.00548049 -0.002 
v 0.000290268 0.0054281 0.00200654 
v 8.36796e-05 0.00551042 -0.002 
v 0.00019145 0.00548049 0.00200654 
v -2.80036e-05 0.00551647 -0.002 
v 8.36796e-05 0.00551042 0.00200654 
v -0.000138377 0.00549838 -0.002 
v -2.80036e-05 0.00551647 0.00200654 
v -0.000242281 0.00545698 -0.002 
v -0.000138377 0.00549838 0.00200654 
v -0.000334856 0.00539421 -0.002 
v -0.000242281 0.00545698 0.00200654 
v -0.000411773 0.00531301 -0.002 
v -0.000334856 0.00539421 0.00200654 
v -0.000469436 0.00521717 -0.002 
v -0.000411773 0.00531301 0.00200654 
v -0.000505149 0.00511118 -0.002 
v -0.000469436 0.00521717 0.00200654 
v -0.000505149 0.00511118 0.00200654 
vn 0.976621 0.21497 0 
vn 1 2.44929e-16 0 
vn 1 2.44929e-16 0 
vn 0.907575 0.419889 0 
vn 0.976621 0.21497 0 
vn 0.796093 0.605174 0 
vn 0.907575 0.419889 0 
vn 0.647386 0.762162 0 
vn 0.796093 0.605174 0 
vn 0.468408 0.883512 0 
vn 0.647386 0.762162 0 
vn 0.267528 0.96355 0 
vn 0.468408 0.883512 0 
vn 0.0541389 0.998533 0 
vn 0.267528 0.96355 0 
vn -0.161782 0.986827 0 
vn 0.0541389 0.998533 0 
vn -0.370138 0.928977 0 
vn -0.161782 0.986827 0 
vn -0.561187 0.827689 0 
vn -0.370138 0.928977 0 
vn -0.725995 0.687699 0 
vn -0.561187 0.827689 0 
vn -0.856857 0.515554 0 
vn -0.725995 0.687699 0 
vn -0.947653 0.319302 0 
vn -0.856857 0.515554 0 
vn -0.994138 0.108119 0 
vn -0.947653 0.319302 0 
vn -0.994138 -0.108119 0 
vn -1 -1.22465e-16 0 
vn -0.994138 0.108119 0 
vn -0.947653 -0.319302 0 
vn -0.994138 -0.108119 0 
vn -0.856857 -0.515554 0 
vn -0.947653 -0.319302 0 
vn -0.725995 -0.687699 0 
vn -0.856857 -0.515554 0 
vn -0.561187 -0.827689 0 
vn -0.725995 -0.687699 0 
vn -0.370138 -0.928977 0 
vn -0.561187 -0.827689 0 
vn -0.161782 -0.986827 0 
vn -0.370138 -0.928977 0 
vn 0.0541389 -0.998533 0 
vn -0.161782 -0.986827 0 
vn 0.267528 -0.96355 0 
vn 0.0541389 -0.998533 0 
vn 0.468408 -0.883512 0 
vn 0.267528 -0.96355 0 
vn 0.647386 -0.762162 0 
vn 0.468408 -0.883512 0 
vn 0.796093 -0.605174 0 
vn 0.647386 -0.762162 0 
vn 0.907575 -0.419889 0 
vn 0.796093 -0.605174 0 
vn 0.976621 -0.21497 0 
vn 0.907575 -0.419889 0 
vn 0.976621 -0.21497 0 
f 1//1 2//2 3//3 
f 4//4 1//1 5//5 
f 6//6 4//4 7//7 
f 8//8 6//6 9//9 
f 10//10 8//8 11//11 
f 12//12 10//10 13//13 
f 14//14 12//12 15//15 
f 16//16 14//14 17//17 
f 18//18 16//16 19//19 
f 20//20 18//18 21//21 
f 22//22 20//20 23//23 
f 24//24 22//22 25//25 
f 26//26 24//24 27//27 
f 28//28 26//26 29//29 
f 30//30 28//28 31//31 
f 28//28 32//32 31//31 
f 33//33 30//30 34//34 
f 35//35 33//33 36//36 
f 37//37 35//35 38//38 
f 39//39 37//37 40//40 
f 41//41 39//39 42//42 
f 43//43 41//41 44//44 
f 45//45 43//43 46//46 
f 47//47 45//45 48//48 
f 49//49 47//47 50//50 
f 51//51 49//49 52//52 
f 53//53 51//51 54//54 
f 55//55 53//53 56//56 
f 57//57 55//55 58//58 
f 2//2 57//57 59//59 
f 59//59 3//3 2//2 
f 58//58 59//59 57//57 
f 56//56 58//58 55//55 
f 54//54 56//56 53//53 
f 52//52 54//54 51//51 
f 50//50 52//52 49//49 
f 48//48 50//50 47//47 
f 46//46 48//48 45//45 
f 44//44 46//46 43//43 
f 42//42 44//44 41//41 
f 40//40 42//42 39//39 
f 38//38 40//40 37//37 
f 36//36 38//38 35//35 
f 34//34 36//36 33//33 
f 31//31 34//34 30//30 
f 29//29 32//32 28//28 
f 27//27 29//29 26//26 
f 25//25 27//27 24//24 
f 23//23 25//25 22//22 
f 21//21 23//23 20//20 
f 19//19 21//21 18//18 
f 17//17 19//19 16//16 
f 15//15 17//17 14//14 
f 13//13 15//15 12//12 
f 11//11 13//13 10//10 
f 9//9 11//11 8//8 
f 7//7 9//9 6//6 
f 5//5 7//7 4//4 
f 3//3 5//5 1//1 
o mesh1712
v -0.000686166 0.00629426 0.00200654 
v -0.000242281 0.00545698 0.00200654 
v -0.000138377 0.00549838 0.00200654 
v -0.000948353 0.0061165 0.00200654 
v -0.000334856 0.00539421 0.00200654 
v -0.00116619 0.00588652 0.00200654 
v -0.000411773 0.00531301 0.00200654 
v -0.00132951 0.0056151 0.00200654 
v -0.000469436 0.00521717 0.00200654 
v -0.0014649 0.005 0.00200654 
v -0.000517242 0.00499999 0.00200654 
v -0.000505149 0.00511118 0.00200654 
v -0.00143065 0.00468509 0.00200654 
v -0.000505149 0.0048888 0.00200654 
v 0.00138824 0.00453225 0.00200654 
v 0.00145633 0.00484161 0.00200654 
v 0.000514208 0.00494407 0.00200654 
v 0.00146492 0.005 0.00200654 
v 0.000517241 0.00499999 0.00200654 
v 0.00125523 0.00575524 0.00200654 
v 0.00106353 0.00600742 0.00200654 
v 0.000375514 0.0053557 0.00200654 
v 0.000822099 0.00621249 0.00200654 
v 0.000290268 0.0054281 0.00200654 
v -0.00143065 0.00531491 0.00200654 
v 0.000237007 0.00355439 0.00200654 
v 0.00054223 0.00363913 0.00200654 
v 0.00019145 0.00451948 0.00200654 
v 0.000822099 0.00378751 0.00200654 
v 0.000290268 0.00457187 0.00200654 
v 0.00125523 0.00424476 0.00200654 
v 0.000490165 0.00483483 0.00200654 
v 0.00145633 0.00515838 0.00200654 
v 0.000514208 0.00505591 0.00200654 
v 0.00138824 0.00546775 0.00200654 
v 0.000490165 0.00516514 0.00200654 
v 0.000443201 0.00526665 0.00200654 
v -0.00132951 0.0043849 0.00200654 
v -0.000469436 0.0047828 0.00200654 
v -0.00116619 0.00411347 0.00200654 
v -0.000411773 0.00468697 0.00200654 
v -0.000948353 0.0038835 0.00200654 
v -0.000686166 0.00370573 0.00200654 
v -0.000242281 0.004543 0.00200654 
v -0.000391895 0.00358848 0.00200654 
v -0.000138377 0.0045016 0.00200654 
v 0.00106353 0.00399258 0.00200654 
v 0.000375514 0.00464428 0.00200654 
v 0.000443201 0.00473332 0.00200654 
v 0.00054223 0.00636087 0.00200654 
v 0.00019145 0.00548049 0.00200654 
v 0.000237007 0.00644561 0.00200654 
v 8.36796e-05 0.00551042 0.00200654 
v -0.000334856 0.00460577 0.00200654 
v -7.92983e-05 0.00353724 0.00200654 
v -2.80036e-05 0.00448351 0.00200654 
v 8.36796e-05 0.00448956 0.00200654 
v -7.92983e-05 0.00646276 0.00200654 
v -2.80036e-05 0.00551647 0.00200654 
v -0.000391895 0.00641151 0.00200654 
vn 0 0 1 
vn 0 0 1 
vn 0 0 1 
vn 0 0 1 
vn 0 0 1 
vn 0 0 1 
vn 0 0 1 
vn 0 0 1 
vn 0 0 1 
vn 0 0 1 
vn 0 0 1 
vn 0 0 1 
vn 0 0 1 
vn 0 0 1 
vn 0 0 1 
vn 0 0 1 
vn 0 0 1 
vn 0 0 1 
vn 0 0 1 
vn 0 0 1 
vn 0 0 1 
vn 0 0 1 
vn 0 0 1 
vn 0 0 1 
vn 0 0 1 
vn 0 0 1 
vn 0 0 1 
vn 0 0 1 
vn 0 0 1 
vn 0 0 1 
vn 0 0 1 
vn 0 0 1 
vn 0 0 1 
vn 0 0 1 
vn 0 0 1 
vn 0 0 1 
vn 0 0 1 
vn 0 0 1 
vn 0 0 1 
vn 0 0 1 
vn 0 0 1 
vn 0 0 1 
vn 0 0 1 
vn 0 0 1 
vn 0 0 1 
vn 0 0 1 
vn 0 0 1 
vn 0 0 1 
vn 0 0 1 
vn 0 0 1 
vn 0 0 1 
vn 0 0 1 
vn 0 0 1 
vn 0 0 1 
vn 0 0 1 
vn 0 0 1 
vn 0 0 1 
vn 0 0 1 
vn 0 0 1 
vn 0 0 1 
f 60//60 61//61 62//62 
f 63//63 64//64 61//61 
f 65//65 66//66 64//64 
f 67//67 68//68 66//66 
f 69//69 70//70 71//71 
f 72//72 73//73 70//70 
f 74//74 75//75 76//76 
f 75//75 77//77 78//78 
f 79//79 80//80 81//81 
f 82//82 83//83 81//81 
f 61//61 60//60 63//63 
f 66//66 65//65 67//67 
f 84//84 71//71 68//68 
f 70//70 69//69 72//72 
f 85//85 86//86 87//87 
f 86//86 88//88 89//89 
f 90//90 74//74 91//91 
f 78//78 76//76 75//75 
f 77//77 92//92 93//93 
f 92//92 94//94 95//95 
f 94//94 79//79 96//96 
f 81//81 80//80 82//82 
f 64//64 63//63 65//65 
f 71//71 84//84 69//69 
f 97//97 98//98 73//73 
f 99//99 100//100 98//98 
f 101//101 102//102 103//103 
f 102//102 104//104 105//105 
f 89//89 87//87 86//86 
f 88//88 106//106 107//107 
f 106//106 90//90 108//108 
f 76//76 91//91 74//74 
f 95//95 93//93 92//92 
f 81//81 96//96 79//79 
f 109//109 110//110 83//83 
f 111//111 112//112 110//110 
f 68//68 67//67 84//84 
f 98//98 97//97 99//99 
f 99//99 101//101 113//113 
f 105//105 103//103 102//102 
f 104//104 114//114 115//115 
f 114//114 85//85 116//116 
f 107//107 89//89 88//88 
f 91//91 108//108 90//90 
f 96//96 95//95 94//94 
f 110//110 109//109 111//111 
f 117//117 118//118 112//112 
f 119//119 62//62 118//118 
f 73//73 72//72 97//97 
f 103//103 113//113 101//101 
f 116//116 115//115 114//114 
f 108//108 107//107 106//106 
f 83//83 82//82 109//109 
f 118//118 117//117 119//119 
f 113//113 100//100 99//99 
f 87//87 116//116 85//85 
f 112//112 111//111 117//117 
f 115//115 105//105 104//104 
f 62//62 119//119 60//60 
f 93//93 78//78 77//77 
o mesh1713
v 0.00054223 0.00636087 0.00200654 
v 0.000822099 0.00621249 0.00200654 
v 0.000818499 0.00620706 0.00307251 
v 0.000688998 0.00629277 0.00315606 
v 0.000237007 0.00644561 0.00200654 
v 0.00054223 0.00636087 0.00322152 
v 0.00034824 0.00642292 0.00328069 
v -7.92983e-05 0.00646276 0.00200654 
v 0.000237007 0.00644561 0.00330222 
v 7.92582e-05 0.00646276 0.00331846 
v -0.000239081 0.00644527 0.0033019 
v -0.000391895 0.00641151 0.00326985 
v -7.92983e-05 0.00646276 0.00331845 
v -0.000391895 0.00641151 0.00200654 
v -0.000543909 0.00636019 0.00322087 
v -0.000686166 0.00629426 0.0031575 
v -0.000948353 0.0061165 0.00200654 
v -0.000686166 0.00629426 0.00200654 
v -0.000920732 0.00613938 0.00300654 
v -0.00116619 0.00588652 0.00200654 
v -0.000948353 0.0061165 0.00300654 
v -0.00132951 0.0056151 0.00200654 
v -0.00116619 0.00588652 0.00300654 
v -0.00143065 0.00531491 0.00200654 
v -0.00132951 0.0056151 0.00300654 
v -0.0014649 0.005 0.00200654 
v -0.00143065 0.00531491 0.00300654 
v -0.00143065 0.00468509 0.00200654 
v -0.0014649 0.005 0.00300654 
v -0.00132951 0.0043849 0.00200654 
v -0.00143065 0.00468509 0.00300654 
v -0.00116619 0.00411347 0.00200654 
v -0.00132951 0.0043849 0.00300654 
v -0.000948353 0.0038835 0.00200654 
v -0.00116619 0.00411347 0.00300654 
v -0.000686166 0.00370573 0.00200654 
v -0.000948353 0.0038835 0.00300654 
v -0.000391895 0.00358848 0.00200654 
v -0.000686166 0.00370573 0.00300654 
v -7.92983e-05 0.00353724 0.00200654 
v -0.000391895 0.00358848 0.00300654 
v 0.000237007 0.00355439 0.00200654 
v -7.92983e-05 0.00353724 0.00300654 
v 0.00054223 0.00363913 0.00200654 
v 0.000237007 0.00355439 0.00300654 
v 0.000822099 0.00378751 0.00200654 
v 0.00054223 0.00363913 0.00300654 
v 0.00106353 0.00399258 0.00200654 
v 0.000822099 0.00378751 0.00300654 
v 0.00125523 0.00424476 0.00200654 
v 0.00106353 0.00399258 0.00300654 
v 0.00138824 0.00453225 0.00200654 
v 0.00125523 0.00424476 0.00300654 
v 0.00145633 0.00484161 0.00200654 
v 0.00138824 0.00453225 0.00300654 
v 0.00145633 0.00484161 0.00300654 
v 0.00145633 0.00515838 0.00300654 
v 0.00146492 0.005 0.00200654 
v 0.00145633 0.00515838 0.00200654 
v 0.00138824 0.00546775 0.00200654 
v 0.00125523 0.00575524 0.00200654 
v 0.00138824 0.00546775 0.00300654 
v 0.00106353 0.00600742 0.00200654 
v 0.00125523 0.00575524 0.00300654 
v 0.00106353 0.00600742 0.00300654 
v 0.000920757 0.00613938 0.00300654 
vn -0.370138 -0.928977 0 
vn -0.561187 -0.827689 0 
vn -0.561225 -0.827663 0 
vn -0.470328 -0.882492 0 
vn -0.161782 -0.986827 0 
vn -0.370138 -0.928977 0 
vn -0.237714 -0.971335 0 
vn 0.0541389 -0.998533 0 
vn -0.161782 -0.986827 0 
vn -0.0540974 -0.998536 0 
vn 0.163213 -0.986591 0 
vn 0.267528 -0.96355 0 
vn 0.0541389 -0.998533 0 
vn 0.267528 -0.96355 0 
vn 0.371299 -0.928513 0 
vn 0.468408 -0.883512 0 
vn 0.647386 -0.762162 0 
vn 0.468408 -0.883512 0 
vn 0.628531 -0.777784 0 
vn 0.796093 -0.605174 0 
vn 0.647386 -0.762162 0 
vn 0.907575 -0.419889 0 
vn 0.796093 -0.605174 0 
vn 0.976621 -0.21497 0 
vn 0.907575 -0.419889 0 
vn 1 2.44929e-16 0 
vn 0.976621 -0.21497 0 
vn 0.976621 0.21497 0 
vn 1 0 0 
vn 0.907575 0.419889 0 
vn 0.976621 0.21497 0 
vn 0.796093 0.605174 0 
vn 0.907575 0.419889 0 
vn 0.647386 0.762162 0 
vn 0.796093 0.605174 0 
vn 0.468408 0.883512 0 
vn 0.647386 0.762162 0 
vn 0.267528 0.96355 0 
vn 0.468408 0.883512 0 
vn 0.0541389 0.998533 0 
vn 0.267528 0.96355 0 
vn -0.161782 0.986827 0 
vn 0.0541389 0.998533 0 
vn -0.370138 0.928977 0 
vn -0.161782 0.986827 0 
vn -0.561187 0.827689 0 
vn -0.370138 0.928977 0 
vn -0.725995 0.687699 0 
vn -0.561187 0.827689 0 
vn -0.856857 0.515554 0 
vn -0.725995 0.687699 0 
vn -0.947653 0.319302 0 
vn -0.856857 0.515554 0 
vn -0.994138 0.108119 0 
vn -0.947653 0.319302 0 
vn -0.994138 0.108119 0 
vn -0.994138 -0.108119 0 
vn -1 -3.67394e-16 0 
vn -0.994138 -0.108119 0 
vn -0.947653 -0.319302 0 
vn -0.856857 -0.515554 0 
vn -0.947653 -0.319302 0 
vn -0.725995 -0.687699 0 
vn -0.856857 -0.515554 0 
vn -0.725995 -0.687699 0 
vn -0.628534 -0.777782 0 
f 120//120 121//121 122//122 
f 122//122 123//123 120//120 
f 124//124 120//120 125//125 
f 125//125 126//126 124//124 
f 127//127 124//124 128//128 
f 128//128 129//129 127//127 
f 127//127 130//130 131//131 
f 127//127 132//132 130//130 
f 133//133 134//134 135//135 
f 133//133 131//131 134//134 
f 136//136 137//137 138//138 
f 137//137 135//135 138//138 
f 139//139 136//136 140//140 
f 141//141 139//139 142//142 
f 143//143 141//141 144//144 
f 145//145 143//143 146//146 
f 147//147 145//145 148//148 
f 149//149 147//147 150//150 
f 151//151 149//149 152//152 
f 153//153 151//151 154//154 
f 155//155 153//153 156//156 
f 157//157 155//155 158//158 
f 159//159 157//157 160//160 
f 161//161 159//159 162//162 
f 163//163 161//161 164//164 
f 165//165 163//163 166//166 
f 167//167 165//165 168//168 
f 169//169 167//167 170//170 
f 171//171 169//169 172//172 
f 173//173 171//171 174//174 
f 175//175 176//176 177//177 
f 176//176 178//178 177//177 
f 179//179 178//178 176//176 
f 180//180 179//179 181//181 
f 182//182 180//180 183//183 
f 182//182 184//184 185//185 
f 185//185 121//121 182//182 
f 185//185 122//122 121//121 
f 183//183 184//184 182//182 
f 181//181 183//183 180//180 
f 176//176 181//181 179//179 
f 177//177 173//173 175//175 
f 174//174 175//175 173//173 
f 172//172 174//174 171//171 
f 170//170 172//172 169//169 
f 168//168 170//170 167//167 
f 166//166 168//168 165//165 
f 164//164 166//166 163//163 
f 162//162 164//164 161//161 
f 160//160 162//162 159//159 
f 158//158 160//160 157//157 
f 156//156 158//158 155//155 
f 154//154 156//156 153//153 
f 152//152 154//154 151//151 
f 150//150 152//152 149//149 
f 148//148 150//150 147//147 
f 146//146 148//148 145//145 
f 144//144 146//146 143//143 
f 142//142 144//144 141//141 
f 140//140 142//142 139//139 
f 138//138 140//140 136//136 
f 135//135 137//137 133//133 
f 131//131 133//133 127//127 
f 129//129 132//132 127//127 
f 126//126 128//128 124//124 
f 123//123 125//125 120//120 
o mesh1714
v 0.00138824 0.00453225 0.00300654 
v 0.00460809 0.0014115 0.00300654 
v 0.00492069 0.00146275 0.00300654 
v 0.00166083 -0.00598176 0.00300654 
v 0.00125521 -0.00575524 0.00300654 
v 0.00106351 -0.00600742 0.00300654 
v 8.12084e-05 -0.0014978 0.00300654 
v -0.000242673 -0.00148024 0.00300654 
v -7.9319e-05 -0.00353724 0.00300654 
v 8.12084e-05 0.0014978 0.00300654 
v 0.000237007 0.00355439 0.00300654 
v -7.92983e-05 0.00353724 0.00300654 
v 0.00563427 0.00260669 0.00300654 
v 0.00125523 0.00424476 0.00300654 
v 0.00106353 0.00399258 0.00300654 
v 0.00405164 0.00111649 0.00300654 
v 0.00138822 -0.00546775 0.00300654 
v 0.00431382 -0.00129428 0.00300654 
v 0.00145631 -0.00515838 0.00300654 
v 0.00383379 -0.000886536 0.00300654 
v 0.000822078 -0.00378751 0.00300654 
v 0.00106351 -0.00399258 0.00300654 
v -0.000391915 -0.00358848 0.00300654 
v -0.000242673 0.00148024 0.00300654 
v -0.000391895 0.00358848 0.00300654 
v 0.00146493 0.000322456 0.00300654 
v 0.00356934 0.000314902 0.00300654 
v 0.00367048 0.00061509 0.00300654 
v 0.0015 -2.75546e-19 0.00300654 
v 0.00431382 0.00129426 0.00300654 
v 0.00494218 0.00375695 0.00300654 
v 0.004019 0.00473153 0.00300654 
v 0.00138822 -0.00453225 0.00300654 
v 0.00145631 -0.00484161 0.00300654 
v 0.00125521 -0.00424476 0.00300654 
v 0.00405164 -0.00111651 0.00300654 
v 0.00367048 -0.00061511 0.00300654 
v 0.00119414 -0.000907761 0.00300654 
v 0.000971079 -0.00114324 0.00300654 
v 0.00146493 -0.000322456 0.00300654 
v 0.00136136 -0.000629834 0.00300654 
v 0.00356934 -0.000314923 0.00300654 
v 0.00353509 -1.03796e-08 0.00300654 
v 0.000542209 -0.00363913 0.00300654 
v 0.000236986 -0.00355439 0.00300654 
v 0.000401293 -0.00144532 0.00300654 
v -0.00588307 -0.00198224 0.00300654 
v -0.00568617 -0.00129426 0.00300654 
v -0.00594836 -0.00111649 0.00300654 
v -0.00132953 -0.0043849 0.00300654 
v -0.004763 -0.0014456 0.00300654 
v -0.00507931 -0.00146275 0.00300654 
v -0.00116622 -0.00411347 0.00300654 
v -0.000948373 -0.0038835 0.00300654 
v -0.00393648 -0.00100741 0.00300654 
v 0.000401293 0.00144532 0.00300654 
v 0.00383379 0.000886516 0.00300654 
v 0.00119414 0.000907761 0.00300654 
v 0.00136136 0.000629834 0.00300654 
v 0.00054223 0.00363913 0.00300654 
v 0.000702613 0.00132527 0.00300654 
v 0.000822099 0.00378751 0.00300654 
v 0.00145633 0.00484161 0.00300654 
v 0.0029079 0.00548488 0.00300654 
v -0.00116619 0.00411347 0.00300654 
v -0.00417791 0.0012125 0.00300654 
v -0.00393648 0.00100743 0.00300654 
v 0.0029079 -0.00548488 0.00300654 
v 0.004019 -0.00473153 0.00300654 
v 0.000702613 -0.00132527 0.00300654 
v -0.000686187 -0.00370573 0.00300654 
v -0.000555207 -0.00139347 0.00300654 
v -0.00361177 -0.000467738 0.00300654 
v -0.00374478 -0.00075523 0.00300654 
v -0.0053919 -0.0014115 0.00300654 
v -0.00417791 -0.00121248 0.00300654 
v -0.00445778 -0.00136086 0.00300654 
v -0.00149121 0.000162179 0.00300654 
v -0.00354368 0.000158395 0.00300654 
v -0.00354368 -0.000158374 0.00300654 
v -0.00374478 0.000755251 0.00300654 
v -0.000686166 0.00370573 0.00300654 
v -0.000948353 0.0038835 0.00300654 
v -0.00361177 0.000467759 0.00300654 
v -0.000555207 0.00139347 0.00300654 
v 0.000971079 0.00114324 0.00300654 
v 0.0060629 0.00133455 0.00300654 
v 0.00582209 0.00121248 0.00300654 
v 0.00606352 0.00100741 0.00300654 
v 0.00554222 0.00136086 0.00300654 
v 0.00138824 0.00546775 0.00300654 
v 0.00145633 0.00515838 0.00300654 
v 0.00166083 0.00598176 0.00300654 
v 0.000920757 0.00613938 0.00300654 
v 0.00106353 0.00600742 0.00300654 
v -0.00445778 0.00136088 0.00300654 
v 0.00460809 -0.00141152 0.00300654 
v 0.00494218 -0.00375695 0.00300654 
v 0.00492069 -0.00146277 0.00300654 
v 0.00563427 -0.00260669 0.00300654 
v 0.0060629 -0.00133455 0.00300654 
v 0.00582209 -0.0012125 0.00300654 
v -0.00116622 -0.00588652 0.00300654 
v -0.00229783 -0.00576713 0.00300654 
v -0.00100435 -0.00612626 0.00300654 
v -0.00149121 -0.000162179 0.00300654 
v 0.00125523 0.00575524 0.00300654 
v -0.00132951 0.0043849 0.00300654 
v -0.00143065 0.00468509 0.00300654 
v -0.00450701 0.00426927 0.00300654 
v -0.00588307 0.00198224 0.00300654 
v -0.00507931 0.00146277 0.00300654 
v -0.00568617 0.00129428 0.00300654 
v -0.0053919 0.00141152 0.00300654 
v 0.00523699 -0.00144562 0.00300654 
v 0.00554222 -0.00136088 0.00300654 
v 0.00613938 -0.000920757 0.00300654 
v 0.00606352 -0.00100743 0.00300654 
v -0.0053194 -0.00320058 0.00300654 
v -0.00450701 -0.00426927 0.00300654 
v -0.00146492 -0.005 0.00300654 
v -0.00348387 -0.00513833 0.00300654 
v -0.000920757 -0.00613938 0.00300654 
v -0.000948373 -0.0061165 0.00300654 
v -0.00108899 0.00103155 0.00300654 
v -0.000841781 0.00124153 0.00300654 
v 0.00523699 0.0014456 0.00300654 
v -0.0014649 0.005 0.00300654 
v -0.00348387 0.00513833 0.00300654 
v -0.0053194 0.00320058 0.00300654 
v -0.004763 0.00144562 0.00300654 
v -0.00143067 -0.00468509 0.00300654 
v -0.00132953 -0.0056151 0.00300654 
v -0.00143067 -0.00531491 0.00300654 
v -0.00128529 0.000773331 0.00300654 
v -0.00613938 -0.000920732 0.00300654 
v -0.00142148 0.000478952 0.00300654 
v -0.00142148 -0.000478952 0.00300654 
v -0.00108899 -0.00103155 0.00300654 
v -0.00128529 -0.000773331 0.00300654 
v -0.000841781 -0.00124153 0.00300654 
v -0.00116619 0.00588652 0.00300654 
v -0.000948353 0.0061165 0.00300654 
v -0.00100435 0.00612626 0.00300654 
v -0.00229783 0.00576713 0.00300654 
v -0.00143065 0.00531491 0.00300654 
v -0.00132951 0.0056151 0.00300654 
v 0.00613938 0.000920732 0.00300654 
v -0.00613938 0.000920757 0.00300654 
v -0.00594836 0.00111651 0.00300654 
v -0.000920732 0.00613938 0.00300654 
v 0.000920732 -0.00613938 0.00300654 
vn 0 0 1 
vn 0 0 1 
vn 0 0 1 
vn 0 0 1 
vn 0 0 1 
vn 0 0 1 
vn 0 0 1 
vn 0 0 1 
vn 0 0 1 
vn 0 0 1 
vn 0 0 1 
vn 0 0 1 
vn 0 0 1 
vn 0 0 1 
vn 0 0 1 
vn 0 0 1 
vn 0 0 1 
vn 0 0 1 
vn 0 0 1 
vn 0 0 1 
vn 0 0 1 
vn 0 0 1 
vn 0 0 1 
vn 0 0 1 
vn 0 0 1 
vn 0 0 1 
vn 0 0 1 
vn 0 0 1 
vn 0 0 1 
vn 0 0 1 
vn 0 0 1 
vn 0 0 1 
vn 0 0 1 
vn 0 0 1 
vn 0 0 1 
vn 0 0 1 
vn 0 0 1 
vn 0 0 1 
vn 0 0 1 
vn 0 0 1 
vn 0 0 1 
vn 0 0 1 
vn 0 0 1 
vn 0 0 1 
vn 0 0 1 
vn 0 0 1 
vn 0 0 1 
vn 0 0 1 
vn 0 0 1 
vn 0 0 1 
vn 0 0 1 
vn 0 0 1 
vn 0 0 1 
vn 0 0 1 
vn 0 0 1 
vn 0 0 1 
vn 0 0 1 
vn 0 0 1 
vn 0 0 1 
vn 0 0 1 
vn 0 0 1 
vn 0 0 1 
vn 0 0 1 
vn 0 0 1 
vn 0 0 1 
vn 0 0 1 
vn 0 0 1 
vn 0 0 1 
vn 0 0 1 
vn 0 0 1 
vn 0 0 1 
vn 0 0 1 
vn 0 0 1 
vn 0 0 1 
vn 0 0 1 
vn 0 0 1 
vn 0 0 1 
vn 0 0 1 
vn 0 0 1 
vn 0 0 1 
vn 0 0 1 
vn 0 0 1 
vn 0 0 1 
vn 0 0 1 
vn 0 0 1 
vn 0 0 1 
vn 0 0 1 
vn 0 0 1 
vn 0 0 1 
vn 0 0 1 
vn 0 0 1 
vn 0 0 1 
vn 0 0 1 
vn 0 0 1 
vn 0 0 1 
vn 0 0 1 
vn 0 0 1 
vn 0 0 1 
vn 0 0 1 
vn 0 0 1 
vn 0 0 1 
vn 0 0 1 
vn 0 0 1 
vn 0 0 1 
vn 0 0 1 
vn 0 0 1 
vn 0 0 1 
vn 0 0 1 
vn 0 0 1 
vn 0 0 1 
vn 0 0 1 
vn 0 0 1 
vn 0 0 1 
vn 0 0 1 
vn 0 0 1 
vn 0 0 1 
vn 0 0 1 
vn 0 0 1 
vn 0 0 1 
vn 0 0 1 
vn 0 0 1 
vn 0 0 1 
vn 0 0 1 
vn 0 0 1 
vn 0 0 1 
vn 0 0 1 
vn 0 0 1 
vn 0 0 1 
vn 0 0 1 
vn 0 0 1 
vn 0 0 1 
vn 0 0 1 
vn 0 0 1 
vn 0 0 1 
vn 0 0 1 
vn 0 0 1 
vn 0 0 1 
vn 0 0 1 
vn 0 0 1 
vn 0 0 1 
vn 0 0 1 
vn 0 0 1 
vn 0 0 1 
vn 0 0 1 
vn 0 0 1 
vn 0 0 1 
vn 0 0 1 
vn 0 0 1 
vn 0 0 1 
vn 0 0 1 
vn 0 0 1 
vn 0 0 1 
f 186//186 187//187 188//188 
f 189//189 190//190 191//191 
f 192//192 193//193 194//194 
f 195//195 196//196 197//197 
f 188//188 198//198 186//186 
f 199//199 200//200 201//201 
f 189//189 202//202 190//190 
f 189//189 203//203 204//204 
f 205//205 206//206 207//207 
f 193//193 208//208 194//194 
f 209//209 197//197 210//210 
f 197//197 209//209 195//195 
f 211//211 212//212 213//213 
f 212//212 211//211 214//214 
f 186//186 215//215 187//187 
f 215//215 186//186 199//199 
f 186//186 216//216 217//217 
f 204//204 202//202 189//189 
f 203//203 218//218 219//219 
f 220//220 203//203 221//221 
f 222//222 223//223 224//224 
f 222//222 225//225 226//226 
f 225//225 227//227 228//228 
f 229//229 205//205 222//222 
f 205//205 229//229 206//206 
f 230//230 231//231 192//192 
f 232//232 233//233 234//234 
f 235//235 236//236 237//237 
f 238//238 239//239 240//240 
f 195//195 241//241 196//196 
f 214//214 228//228 212//212 
f 242//242 243//243 244//244 
f 245//245 196//196 246//246 
f 243//243 201//201 247//247 
f 201//201 215//215 199//199 
f 186//186 198//198 216//216 
f 248//248 217//217 249//249 
f 250//250 251//251 252//252 
f 219//219 204//204 203//203 
f 221//221 207//207 220//220 
f 203//203 253//253 254//254 
f 226//226 223//223 222//222 
f 225//225 222//222 227//227 
f 207//207 221//221 205//205 
f 230//230 255//255 231//231 
f 256//256 208//208 257//257 
f 256//256 258//258 259//259 
f 232//232 260//260 233//233 
f 237//237 232//232 235//235 
f 235//235 261//261 262//262 
f 261//261 235//235 238//238 
f 263//263 264//264 265//265 
f 266//266 267//267 268//268 
f 210//210 267//267 209//209 
f 267//267 269//269 270//270 
f 244//244 211//211 242//242 
f 246//246 271//271 245//245 
f 201//201 200//200 247//247 
f 272//272 273//273 274//274 
f 198//198 275//275 273//273 
f 217//217 248//248 186//186 
f 249//249 276//276 277//277 
f 276//276 249//249 278//278 
f 278//278 279//279 280//280 
f 250//250 281//281 251//251 
f 220//220 218//218 203//203 
f 203//203 189//189 253//253 
f 282//282 254//254 283//283 
f 284//284 283//283 285//285 
f 285//285 286//286 287//287 
f 228//228 214//214 225//225 
f 255//255 230//230 229//229 
f 194//194 230//230 192//192 
f 259//259 239//239 256//256 
f 237//237 260//260 232//232 
f 240//240 261//261 238//238 
f 288//288 289//289 290//290 
f 265//265 291//291 263//263 
f 268//268 252//252 266//266 
f 270//270 209//209 267//267 
f 213//213 242//242 211//211 
f 247//247 245//245 243//243 
f 273//273 272//272 198//198 
f 249//249 277//277 248//248 
f 280//280 292//292 278//278 
f 293//293 294//294 295//295 
f 252//252 268//268 250//250 
f 293//293 296//296 297//297 
f 296//296 298//298 299//299 
f 254//254 282//282 203//203 
f 285//285 300//300 284//284 
f 287//287 301//301 285//285 
f 286//286 302//302 303//303 
f 222//222 255//255 229//229 
f 257//257 258//258 256//256 
f 262//262 236//236 235//235 
f 235//235 304//304 305//305 
f 306//306 307//307 289//289 
f 290//290 308//308 309//309 
f 269//269 310//310 311//311 
f 263//263 269//269 264//264 
f 241//241 246//246 196//196 
f 271//271 243//243 245//245 
f 198//198 312//312 275//275 
f 278//278 292//292 276//276 
f 294//294 313//313 314//314 
f 295//295 315//315 293//293 
f 293//293 316//316 281//281 
f 299//299 297//297 296//296 
f 283//283 284//284 282//282 
f 303//303 287//287 286//286 
f 193//193 257//257 208//208 
f 239//239 259//259 240//240 
f 235//235 232//232 304//304 
f 317//317 305//305 307//307 
f 289//289 318//318 319//319 
f 290//290 309//309 288//288 
f 269//269 320//320 310//310 
f 265//265 258//258 291//291 
f 242//242 201//201 243//243 
f 188//188 312//312 198//198 
f 315//315 296//296 293//293 
f 297//297 316//316 293//293 
f 301//301 300//300 285//285 
f 234//234 321//321 232//232 
f 307//307 306//306 317//317 
f 288//288 318//318 289//289 
f 269//269 322//322 320//320 
f 258//258 323//323 291//291 
f 258//258 324//324 325//325 
f 258//258 257//257 326//326 
f 327//327 328//328 329//329 
f 330//330 331//331 332//332 
f 313//313 331//331 330//330 
f 274//274 333//333 272//272 
f 250//250 293//293 281//281 
f 224//224 255//255 222//222 
f 289//289 319//319 306//306 
f 263//263 322//322 269//269 
f 326//326 324//324 258//258 
f 329//329 330//330 327//327 
f 330//330 314//314 313//313 
f 314//314 295//295 294//294 
f 296//296 334//334 335//335 
f 305//305 317//317 235//235 
f 325//325 323//323 258//258 
f 332//332 327//327 330//330 
f 335//335 298//298 296//296 
f 311//311 270//270 269//269 
f 266//266 269//269 267//267 
f 328//328 336//336 329//329 
f 191//191 337//337 189//189 
o mesh1715
v 0.00146493 -0.000322456 0.00300654 
v 0.0015 -2.75546e-19 0.00300654 
v 0.0015 9.18485e-20 -0.002 
v 0.00136136 -0.000629834 0.00300654 
v 0.00146493 -0.000322456 -0.002 
v 0.00119414 -0.000907761 0.00300654 
v 0.00136136 -0.000629834 -0.002 
v 0.000971079 -0.00114324 0.00300654 
v 0.0010986 -0.00100863 -0.002 
v 0.00119414 -0.000907761 -0.002 
v 0.00100862 -0.00110361 -0.002 
v 0.000702613 -0.00132527 0.00300654 
v 0.000971079 -0.00114324 -0.002 
v 0.000401293 -0.00144532 0.00300654 
v 0.000702613 -0.00132527 -0.002 
v 8.12084e-05 -0.0014978 0.00300654 
v 0.000401293 -0.00144532 -0.002 
v -0.000242673 -0.00148024 0.00300654 
v 8.12084e-05 -0.0014978 -0.002 
v -0.000555207 -0.00139347 0.00300654 
v -0.000242673 -0.00148024 -0.002 
v -0.000841781 -0.00124153 0.00300654 
v -0.000555207 -0.00139347 -0.002 
v -0.00108899 -0.00103155 0.00300654 
v -0.000841781 -0.00124153 -0.002 
v -0.00128529 -0.000773331 0.00300654 
v -0.00110642 -0.00100863 -0.002 
v -0.00108899 -0.00103155 -0.002 
v -0.00142148 -0.000478952 0.00300654 
v -0.00128529 -0.000773331 -0.002 
v -0.00149121 -0.000162179 0.00300654 
v -0.00142148 -0.000478952 -0.002 
v -0.00149121 0.000162179 0.00300654 
v -0.0015 2.75546e-19 -0.002 
v -0.00149121 -0.000162179 -0.002 
v -0.00142148 0.000478952 0.00300654 
v -0.00149121 0.000162179 -0.002 
v -0.00128529 0.000773331 0.00300654 
v -0.00142148 0.000478952 -0.002 
v -0.00108899 0.00103155 0.00300654 
v -0.00128529 0.000773331 -0.002 
v -0.000841781 0.00124153 0.00300654 
v -0.00108899 0.00103155 -0.002 
v -0.000555207 0.00139347 0.00300654 
v -0.000841781 0.00124153 -0.002 
v -0.000242673 0.00148024 0.00300654 
v -0.000555207 0.00139347 -0.002 
v 8.12084e-05 0.0014978 0.00300654 
v -0.000242673 0.00148024 -0.002 
v 0.000401293 0.00144532 0.00300654 
v 8.12084e-05 0.0014978 -0.002 
v 0.000702613 0.00132527 0.00300654 
v 0.000401293 0.00144532 -0.002 
v 0.000971079 0.00114324 0.00300654 
v 0.000702613 0.00132527 -0.002 
v 0.00119414 0.000907761 0.00300654 
v 0.00100862 0.00110361 -0.002 
v 0.000971079 0.00114324 -0.002 
v 0.00136136 0.000629834 0.00300654 
v 0.00119414 0.000907761 -0.002 
v 0.00146493 0.000322456 0.00300654 
v 0.00136136 0.000629834 -0.002 
v 0.00146493 0.000322456 -0.002 
vn -0.976621 0.21497 0 
vn -1 2.44929e-16 0 
vn -1 2.44929e-16 0 
vn -0.907575 0.419889 0 
vn -0.976621 0.21497 0 
vn -0.796093 0.605174 0 
vn -0.907575 0.419889 0 
vn -0.647386 0.762162 0 
vn -0.736626 0.6763 0 
vn -0.796093 0.605174 0 
vn -0.674625 0.738161 0 
vn -0.468408 0.883512 0 
vn -0.647386 0.762162 0 
vn -0.267528 0.96355 0 
vn -0.468408 0.883512 0 
vn -0.0541389 0.998533 0 
vn -0.267528 0.96355 0 
vn 0.161782 0.986827 0 
vn -0.0541389 0.998533 0 
vn 0.370138 0.928977 0 
vn 0.161782 0.986827 0 
vn 0.561187 0.827689 0 
vn 0.370138 0.928977 0 
vn 0.725995 0.687699 0 
vn 0.561187 0.827689 0 
vn 0.856857 0.515554 0 
vn 0.739012 0.673693 0 
vn 0.725995 0.687699 0 
vn 0.947653 0.319302 0 
vn 0.856857 0.515554 0 
vn 0.994138 0.108119 0 
vn 0.947653 0.319302 0 
vn 0.994138 -0.108119 0 
vn 1 -1.22465e-16 0 
vn 0.994138 0.108119 0 
vn 0.947653 -0.319302 0 
vn 0.994138 -0.108119 0 
vn 0.856857 -0.515554 0 
vn 0.947653 -0.319302 0 
vn 0.725995 -0.687699 0 
vn 0.856857 -0.515554 0 
vn 0.561187 -0.827689 0 
vn 0.725995 -0.687699 0 
vn 0.370138 -0.928977 0 
vn 0.561187 -0.827689 0 
vn 0.161782 -0.986827 0 
vn 0.370138 -0.928977 0 
vn -0.0541389 -0.998533 0 
vn 0.161782 -0.986827 0 
vn -0.267528 -0.96355 0 
vn -0.0541389 -0.998533 0 
vn -0.468408 -0.883512 0 
vn -0.267528 -0.96355 0 
vn -0.647386 -0.762162 0 
vn -0.468408 -0.883512 0 
vn -0.796093 -0.605174 0 
vn -0.674625 -0.738161 0 
vn -0.647386 -0.762162 0 
vn -0.907575 -0.419889 0 
vn -0.796093 -0.605174 0 
vn -0.976621 -0.21497 0 
vn -0.907575 -0.419889 0 
vn -0.976621 -0.21497 0 
f 338//338 339//339 340//340 
f 341//341 338//338 342//342 
f 343//343 341//341 344//344 
f 345//345 343//343 346//346 
f 343//343 347//347 346//346 
f 346//346 348//348 345//345 
f 349//349 345//345 350//350 
f 351//351 349//349 352//352 
f 353//353 351//351 354//354 
f 355//355 353//353 356//356 
f 357//357 355//355 358//358 
f 359//359 357//357 360//360 
f 361//361 359//359 362//362 
f 363//363 361//361 364//364 
f 361//361 365//365 364//364 
f 366//366 363//363 367//367 
f 368//368 366//366 369//369 
f 370//370 368//368 371//371 
f 368//368 372//372 371//371 
f 373//373 370//370 374//374 
f 375//375 373//373 376//376 
f 377//377 375//375 378//378 
f 379//379 377//377 380//380 
f 381//381 379//379 382//382 
f 383//383 381//381 384//384 
f 385//385 383//383 386//386 
f 387//387 385//385 388//388 
f 389//389 387//387 390//390 
f 391//391 389//389 392//392 
f 393//393 391//391 394//394 
f 391//391 395//395 394//394 
f 396//396 393//393 397//397 
f 398//398 396//396 399//399 
f 339//339 398//398 400//400 
f 400//400 340//340 339//339 
f 399//399 400//400 398//398 
f 397//397 399//399 396//396 
f 394//394 397//397 393//393 
f 392//392 395//395 391//391 
f 390//390 392//392 389//389 
f 388//388 390//390 387//387 
f 386//386 388//388 385//385 
f 384//384 386//386 383//383 
f 382//382 384//384 381//381 
f 380//380 382//382 379//379 
f 378//378 380//380 377//377 
f 376//376 378//378 375//375 
f 374//374 376//376 373//373 
f 371//371 374//374 370//370 
f 369//369 372//372 368//368 
f 367//367 369//369 366//366 
f 364//364 367//367 363//363 
f 362//362 365//365 361//361 
f 360//360 362//362 359//359 
f 358//358 360//360 357//357 
f 356//356 358//358 355//355 
f 354//354 356//356 353//353 
f 352//352 354//354 351//351 
f 350//350 352//352 349//349 
f 348//348 350//350 345//345 
f 344//344 347//347 343//343 
f 342//342 344//344 341//341 
f 340//340 342//342 338//338 
o mesh1716
v -0.000391915 -0.00641151 0.00200654 
v -0.000686187 -0.00629426 0.00200654 
v -0.000686187 -0.00629426 0.0031575 
v -0.00054427 -0.00636005 0.00322074 
v -7.9319e-05 -0.00646276 0.00200654 
v -0.000391915 -0.00641151 0.00326985 
v -0.000238143 -0.00644542 0.00330205 
v 7.89819e-05 -0.00646278 0.00331847 
v 0.000236986 -0.00644561 0.00330222 
v -7.9319e-05 -0.00646276 0.00331845 
v 0.000236986 -0.00644561 0.00200654 
v 0.00034824 -0.00642291 0.00328069 
v 0.000542209 -0.00636087 0.00322152 
v 0.000542209 -0.00636087 0.00200654 
v 0.000689177 -0.00629266 0.00315595 
v 0.000822078 -0.00621249 0.00307816 
v 0.00106351 -0.00600742 0.00200654 
v 0.000822078 -0.00621249 0.00200654 
v 0.000920732 -0.00613938 0.00300654 
v 0.00125521 -0.00575524 0.00200654 
v 0.00106351 -0.00600742 0.00300654 
v 0.00138822 -0.00546775 0.00200654 
v 0.00125521 -0.00575524 0.00300654 
v 0.00145631 -0.00515838 0.00200654 
v 0.00138822 -0.00546775 0.00300654 
v 0.00145631 -0.00515838 0.00300654 
v 0.00145631 -0.00484161 0.00300654 
v 0.0014649 -0.005 0.00200654 
v 0.00145631 -0.00484161 0.00200654 
v 0.00138822 -0.00453225 0.00200654 
v 0.00125521 -0.00424476 0.00200654 
v 0.00138822 -0.00453225 0.00300654 
v 0.00106351 -0.00399258 0.00200654 
v 0.00125521 -0.00424476 0.00300654 
v 0.000822078 -0.00378751 0.00200654 
v 0.00106351 -0.00399258 0.00300654 
v 0.000542209 -0.00363913 0.00200654 
v 0.000822078 -0.00378751 0.00300654 
v 0.000236986 -0.00355439 0.00200654 
v 0.000542209 -0.00363913 0.00300654 
v -7.9319e-05 -0.00353724 0.00200654 
v 0.000236986 -0.00355439 0.00300654 
v -0.000391915 -0.00358848 0.00200654 
v -7.9319e-05 -0.00353724 0.00300654 
v -0.000686187 -0.00370573 0.00200654 
v -0.000391915 -0.00358848 0.00300654 
v -0.000948373 -0.0038835 0.00200654 
v -0.000686187 -0.00370573 0.00300654 
v -0.00116622 -0.00411347 0.00200654 
v -0.000948373 -0.0038835 0.00300654 
v -0.00132953 -0.0043849 0.00200654 
v -0.00116622 -0.00411347 0.00300654 
v -0.00143067 -0.00468509 0.00200654 
v -0.00132953 -0.0043849 0.00300654 
v -0.00146492 -0.005 0.00200654 
v -0.00143067 -0.00468509 0.00300654 
v -0.00143067 -0.00531491 0.00200654 
v -0.00146492 -0.005 0.00300654 
v -0.00132953 -0.0056151 0.00200654 
v -0.00143067 -0.00531491 0.00300654 
v -0.00116622 -0.00588652 0.00200654 
v -0.00132953 -0.0056151 0.00300654 
v -0.000948373 -0.0061165 0.00200654 
v -0.00116622 -0.00588652 0.00300654 
v -0.000948373 -0.0061165 0.00300654 
v -0.000920757 -0.00613938 0.00300654 
vn 0.267528 0.96355 0 
vn 0.468408 0.883512 0 
vn 0.468408 0.883512 0 
vn 0.371531 0.928421 0 
vn 0.0541389 0.998533 0 
vn 0.267528 0.96355 0 
vn 0.162558 0.986699 0 
vn -0.0539229 0.998545 0 
vn -0.161782 0.986827 0 
vn 0.0541389 0.998533 0 
vn -0.161782 0.986827 0 
vn -0.237728 0.971332 0 
vn -0.370138 0.928977 0 
vn -0.370138 0.928977 0 
vn -0.470464 0.882419 0 
vn -0.561187 0.827689 0 
vn -0.725995 0.687699 0 
vn -0.561187 0.827689 0 
vn -0.628531 0.777784 0 
vn -0.856857 0.515554 0 
vn -0.725995 0.687699 0 
vn -0.947653 0.319302 0 
vn -0.856857 0.515554 0 
vn -0.994138 0.108119 0 
vn -0.947653 0.319302 0 
vn -0.994138 0.108119 0 
vn -0.994138 -0.108119 0 
vn -1 -3.67394e-16 0 
vn -0.994138 -0.108119 0 
vn -0.947653 -0.319302 0 
vn -0.856857 -0.515554 0 
vn -0.947653 -0.319302 0 
vn -0.725995 -0.687699 0 
vn -0.856857 -0.515554 0 
vn -0.561187 -0.827689 0 
vn -0.725995 -0.687699 0 
vn -0.370138 -0.928977 0 
vn -0.561187 -0.827689 0 
vn -0.161782 -0.986827 0 
vn -0.370138 -0.928977 0 
vn 0.0541389 -0.998533 0 
vn -0.161782 -0.986827 0 
vn 0.267528 -0.96355 0 
vn 0.0541389 -0.998533 0 
vn 0.468408 -0.883512 0 
vn 0.267528 -0.96355 0 
vn 0.647386 -0.762162 0 
vn 0.468408 -0.883512 0 
vn 0.796093 -0.605174 0 
vn 0.647386 -0.762162 0 
vn 0.907575 -0.419889 0 
vn 0.796093 -0.605174 0 
vn 0.976621 -0.21497 0 
vn 0.907575 -0.419889 0 
vn 1 2.44929e-16 0 
vn 0.976621 -0.21497 0 
vn 0.976621 0.21497 0 
vn 1 2.44929e-16 0 
vn 0.907575 0.419889 0 
vn 0.976621 0.21497 0 
vn 0.796093 0.605174 0 
vn 0.907575 0.419889 0 
vn 0.647386 0.762162 0 
vn 0.796093 0.605174 0 
vn 0.647386 0.762162 0 
vn 0.628534 0.777782 0 
f 401//401 402//402 403//403 
f 403//403 404//404 401//401 
f 405//405 401//401 406//406 
f 406//406 407//407 405//405 
f 405//405 408//408 409//409 
f 405//405 410//410 408//408 
f 411//411 412//412 413//413 
f 411//411 409//409 412//412 
f 414//414 415//415 416//416 
f 414//414 413//413 415//415 
f 417//417 418//418 419//419 
f 418//418 416//416 419//419 
f 420//420 417//417 421//421 
f 422//422 420//420 423//423 
f 424//424 422//422 425//425 
f 426//426 427//427 428//428 
f 427//427 429//429 428//428 
f 430//430 429//429 427//427 
f 431//431 430//430 432//432 
f 433//433 431//431 434//434 
f 435//435 433//433 436//436 
f 437//437 435//435 438//438 
f 439//439 437//437 440//440 
f 441//441 439//439 442//442 
f 443//443 441//441 444//444 
f 445//445 443//443 446//446 
f 447//447 445//445 448//448 
f 449//449 447//447 450//450 
f 451//451 449//449 452//452 
f 453//453 451//451 454//454 
f 455//455 453//453 456//456 
f 457//457 455//455 458//458 
f 459//459 457//457 460//460 
f 461//461 459//459 462//462 
f 463//463 461//461 464//464 
f 463//463 465//465 466//466 
f 466//466 402//402 463//463 
f 466//466 403//403 402//402 
f 464//464 465//465 463//463 
f 462//462 464//464 461//461 
f 460//460 462//462 459//459 
f 458//458 460//460 457//457 
f 456//456 458//458 455//455 
f 454//454 456//456 453//453 
f 452//452 454//454 451//451 
f 450//450 452//452 449//449 
f 448//448 450//450 447//447 
f 446//446 448//448 445//445 
f 444//444 446//446 443//443 
f 442//442 444//444 441//441 
f 440//440 442//442 439//439 
f 438//438 440//440 437//437 
f 436//436 438//438 435//435 
f 434//434 436//436 433//433 
f 432//432 434//434 431//431 
f 427//427 432//432 430//430 
f 428//428 424//424 426//426 
f 425//425 426//426 424//424 
f 423//423 425//425 422//422 
f 421//421 423//423 420//420 
f 419//419 421//421 417//417 
f 416//416 418//418 414//414 
f 413//413 414//414 411//411 
f 409//409 411//411 405//405 
f 407//407 410//410 405//405 
f 404//404 406//406 401//401 
o mesh1717
v -0.00632952 0.00061511 0.00200654 
v -0.0061662 0.000886536 0.00200654 
v -0.00616325 0.000884565 0.0030298 
v -0.00629509 0.000684632 0.00315829 
v -0.00643066 0.000314923 0.00200654 
v -0.0063257 0.000613464 0.00318767 
v -0.00638768 0.000469389 0.00324714 
v -0.00646491 1.03796e-08 0.00200654 
v -0.00643066 0.000314923 0.00328805 
v -0.00645632 0.000158443 0.00331236 
v -0.00645622 -0.000159277 0.00331227 
v -0.00643066 -0.000314902 0.00328804 
v -0.00646491 1.03796e-08 0.00332049 
v -0.00643066 -0.000314902 0.00200654 
v -0.00638779 -0.000469035 0.00324724 
v -0.00632952 -0.00061509 0.00319145 
v -0.00632952 -0.00061509 0.00200654 
v -0.00629508 -0.000684631 0.00315828 
v -0.00616325 -0.000884544 0.00302979 
v -0.00594836 -0.00111649 0.00200654 
v -0.0061662 -0.000886516 0.00200654 
v -0.00613938 -0.000920732 0.00300654 
v -0.00568617 -0.00129426 0.00200654 
v -0.00594836 -0.00111649 0.00300654 
v -0.0053919 -0.0014115 0.00200654 
v -0.00568617 -0.00129426 0.00300654 
v -0.00507931 -0.00146275 0.00200654 
v -0.0053919 -0.0014115 0.00300654 
v -0.004763 -0.0014456 0.00200654 
v -0.00507931 -0.00146275 0.00300654 
v -0.00445778 -0.00136086 0.00200654 
v -0.004763 -0.0014456 0.00300654 
v -0.00417791 -0.00121248 0.00200654 
v -0.00445778 -0.00136086 0.00300654 
v -0.00393648 -0.00100741 0.00200654 
v -0.00417791 -0.00121248 0.00300654 
v -0.00374478 -0.00075523 0.00200654 
v -0.00393648 -0.00100741 0.00300654 
v -0.00361177 -0.000467738 0.00200654 
v -0.00374478 -0.00075523 0.00300654 
v -0.00354368 -0.000158374 0.00200654 
v -0.00361177 -0.000467738 0.00300654 
v -0.00354368 -0.000158374 0.00300654 
v -0.00354368 0.000158395 0.00300654 
v -0.00353509 1.03796e-08 0.00200654 
v -0.00354368 0.000158395 0.00200654 
v -0.00361177 0.000467759 0.00200654 
v -0.00374478 0.000755251 0.00200654 
v -0.00361177 0.000467759 0.00300654 
v -0.00393648 0.00100743 0.00200654 
v -0.00374478 0.000755251 0.00300654 
v -0.00417791 0.0012125 0.00200654 
v -0.00393648 0.00100743 0.00300654 
v -0.00445778 0.00136088 0.00200654 
v -0.00417791 0.0012125 0.00300654 
v -0.004763 0.00144562 0.00200654 
v -0.00445778 0.00136088 0.00300654 
v -0.00507931 0.00146277 0.00200654 
v -0.004763 0.00144562 0.00300654 
v -0.0053919 0.00141152 0.00200654 
v -0.00507931 0.00146277 0.00300654 
v -0.00568617 0.00129428 0.00200654 
v -0.0053919 0.00141152 0.00300654 
v -0.00594836 0.00111651 0.00200654 
v -0.00568617 0.00129428 0.00300654 
v -0.00594836 0.00111651 0.00300654 
v -0.00613938 0.000920757 0.00300654 
vn 0.907575 -0.419889 0 
vn 0.796093 -0.605174 0 
vn 0.796002 -0.605294 0 
vn 0.884074 -0.467347 0 
vn 0.976621 -0.21497 0 
vn 0.907544 -0.419956 0 
vn 0.947277 -0.320415 0 
vn 1 2.44929e-16 0 
vn 0.976621 -0.21497 0 
vn 0.994134 -0.108152 0 
vn 0.994071 0.108736 0 
vn 0.976621 0.21497 0 
vn 1 0 0 
vn 0.976621 0.21497 0 
vn 0.947354 0.320187 0 
vn 0.907575 0.419889 0 
vn 0.907575 0.419889 0 
vn 0.884067 0.467361 0 
vn 0.796002 0.605294 0 
vn 0.647386 0.762162 0 
vn 0.796093 0.605174 0 
vn 0.777784 0.628531 0 
vn 0.468408 0.883512 0 
vn 0.647386 0.762162 0 
vn 0.267528 0.96355 0 
vn 0.468408 0.883512 0 
vn 0.0541389 0.998533 0 
vn 0.267528 0.96355 0 
vn -0.161782 0.986827 0 
vn 0.0541389 0.998533 0 
vn -0.370138 0.928977 0 
vn -0.161782 0.986827 0 
vn -0.561187 0.827689 0 
vn -0.370138 0.928977 0 
vn -0.725995 0.687699 0 
vn -0.561187 0.827689 0 
vn -0.856857 0.515554 0 
vn -0.725995 0.687699 0 
vn -0.947653 0.319302 0 
vn -0.856857 0.515554 0 
vn -0.994138 0.108119 0 
vn -0.947653 0.319302 0 
vn -0.994138 0.108119 0 
vn -0.994138 -0.108119 0 
vn -1 -3.67394e-16 0 
vn -0.994138 -0.108119 0 
vn -0.947653 -0.319302 0 
vn -0.856857 -0.515554 0 
vn -0.947653 -0.319302 0 
vn -0.725995 -0.687699 0 
vn -0.856857 -0.515554 0 
vn -0.561187 -0.827689 0 
vn -0.725995 -0.687699 0 
vn -0.370138 -0.928977 0 
vn -0.561187 -0.827689 0 
vn -0.161782 -0.986827 0 
vn -0.370138 -0.928977 0 
vn 0.0541389 -0.998533 0 
vn -0.161782 -0.986827 0 
vn 0.267528 -0.96355 0 
vn 0.0541389 -0.998533 0 
vn 0.468408 -0.883512 0 
vn 0.267528 -0.96355 0 
vn 0.647386 -0.762162 0 
vn 0.468408 -0.883512 0 
vn 0.647386 -0.762162 0 
vn 0.777782 -0.628534 0 
f 467//467 468//468 469//469 
f 469//469 470//470 467//467 
f 471//471 467//467 472//472 
f 472//472 473//473 471//471 
f 474//474 471//471 475//475 
f 475//475 476//476 474//474 
f 474//474 477//477 478//478 
f 474//474 479//479 477//477 
f 480//480 481//481 482//482 
f 480//480 478//478 481//481 
f 483//483 484//484 485//485 
f 483//483 482//482 484//484 
f 486//486 487//487 488//488 
f 487//487 485//485 488//488 
f 489//489 486//486 490//490 
f 491//491 489//489 492//492 
f 493//493 491//491 494//494 
f 495//495 493//493 496//496 
f 497//497 495//495 498//498 
f 499//499 497//497 500//500 
f 501//501 499//499 502//502 
f 503//503 501//501 504//504 
f 505//505 503//503 506//506 
f 507//507 505//505 508//508 
f 509//509 510//510 511//511 
f 510//510 512//512 511//511 
f 513//513 512//512 510//510 
f 514//514 513//513 515//515 
f 516//516 514//514 517//517 
f 518//518 516//516 519//519 
f 520//520 518//518 521//521 
f 522//522 520//520 523//523 
f 524//524 522//522 525//525 
f 526//526 524//524 527//527 
f 528//528 526//526 529//529 
f 530//530 528//528 531//531 
f 530//530 532//532 533//533 
f 533//533 468//468 530//530 
f 533//533 469//469 468//468 
f 531//531 532//532 530//530 
f 529//529 531//531 528//528 
f 527//527 529//529 526//526 
f 525//525 527//527 524//524 
f 523//523 525//525 522//522 
f 521//521 523//523 520//520 
f 519//519 521//521 518//518 
f 517//517 519//519 516//516 
f 515//515 517//517 514//514 
f 510//510 515//515 513//513 
f 511//511 507//507 509//509 
f 508//508 509//509 507//507 
f 506//506 508//508 505//505 
f 504//504 506//506 503//503 
f 502//502 504//504 501//501 
f 500//500 502//502 499//499 
f 498//498 500//500 497//497 
f 496//496 498//498 495//495 
f 494//494 496//496 493//493 
f 492//492 494//494 491//491 
f 490//490 492//492 489//489 
f 488//488 490//490 486//486 
f 485//485 487//487 483//483 
f 482//482 483//483 480//480 
f 478//478 480//480 474//474 
f 476//476 479//479 474//474 
f 473//473 475//475 471//471 
f 470//470 472//472 467//467 
o mesh1718
v 0.00638823 -0.000467759 0.00200654 
v 0.00625522 -0.000755251 0.00200654 
v 0.00625522 -0.000755251 0.00311972 
v 0.00632823 -0.000617879 0.00319021 
v 0.00645632 -0.000158395 0.00200654 
v 0.00638823 -0.000467759 0.00324766 
v 0.00643021 -0.000316945 0.00328762 
v 0.00646491 -1.03796e-08 0.00200654 
v 0.00645632 -0.000158395 0.00331236 
v 0.00646491 3.387e-21 0.00332049 
v 0.00645632 0.000158374 0.00331236 
v 0.00645632 0.000158374 0.00200654 
v 0.00643019 0.000317053 0.00328759 
v 0.00638823 0.000467738 0.00324766 
v 0.00638823 0.000467738 0.00200654 
v 0.00632826 0.000617794 0.00319024 
v 0.00625522 0.00075523 0.00311972 
v 0.00606352 0.00100741 0.00200654 
v 0.00625522 0.00075523 0.00200654 
v 0.00613938 0.000920732 0.00300654 
v 0.00582209 0.00121248 0.00200654 
v 0.00606352 0.00100741 0.00300654 
v 0.00554222 0.00136086 0.00200654 
v 0.00582209 0.00121248 0.00300654 
v 0.00523699 0.0014456 0.00200654 
v 0.00554222 0.00136086 0.00300654 
v 0.00492069 0.00146275 0.00200654 
v 0.00523699 0.0014456 0.00300654 
v 0.00460809 0.0014115 0.00200654 
v 0.00492069 0.00146275 0.00300654 
v 0.00431382 0.00129426 0.00200654 
v 0.00460809 0.0014115 0.00300654 
v 0.00405164 0.00111649 0.00200654 
v 0.00431382 0.00129426 0.00300654 
v 0.00383379 0.000886516 0.00200654 
v 0.00405164 0.00111649 0.00300654 
v 0.00367048 0.00061509 0.00200654 
v 0.00383379 0.000886516 0.00300654 
v 0.00356934 0.000314902 0.00200654 
v 0.00367048 0.00061509 0.00300654 
v 0.00353509 -1.03796e-08 0.00200654 
v 0.00356934 0.000314902 0.00300654 
v 0.00356934 -0.000314923 0.00200654 
v 0.00353509 -1.03796e-08 0.00300654 
v 0.00367048 -0.00061511 0.00200654 
v 0.00356934 -0.000314923 0.00300654 
v 0.00383379 -0.000886536 0.00200654 
v 0.00367048 -0.00061511 0.00300654 
v 0.00405164 -0.00111651 0.00200654 
v 0.00383379 -0.000886536 0.00300654 
v 0.00431382 -0.00129428 0.00200654 
v 0.00405164 -0.00111651 0.00300654 
v 0.00460809 -0.00141152 0.00200654 
v 0.00431382 -0.00129428 0.00300654 
v 0.00492069 -0.00146277 0.00200654 
v 0.00460809 -0.00141152 0.00300654 
v 0.00523699 -0.00144562 0.00200654 
v 0.00492069 -0.00146277 0.00300654 
v 0.00554222 -0.00136088 0.00200654 
v 0.00523699 -0.00144562 0.00300654 
v 0.00582209 -0.0012125 0.00200654 
v 0.00554222 -0.00136088 0.00300654 
v 0.00606352 -0.00100743 0.00200654 
v 0.00582209 -0.0012125 0.00300654 
v 0.00606352 -0.00100743 0.00300654 
v 0.00613938 -0.000920757 0.00300654 
vn -0.947653 0.319302 0 
vn -0.856857 0.515554 0 
vn -0.856857 0.515554 0 
vn -0.906698 0.421779 0 
vn -0.994138 0.108119 0 
vn -0.947653 0.319302 0 
vn -0.976316 0.216351 0 
vn -1 -3.67394e-16 0 
vn -0.994138 0.108119 0 
vn -1 -7.0855e-06 0 
vn -0.994138 -0.108119 0 
vn -0.994138 -0.108119 0 
vn -0.976296 -0.216438 0 
vn -0.947653 -0.319302 0 
vn -0.947653 -0.319302 0 
vn -0.906719 -0.421735 0 
vn -0.856857 -0.515554 0 
vn -0.725995 -0.687699 0 
vn -0.856857 -0.515554 0 
vn -0.777784 -0.628531 0 
vn -0.561187 -0.827689 0 
vn -0.725995 -0.687699 0 
vn -0.370138 -0.928977 0 
vn -0.561187 -0.827689 0 
vn -0.161782 -0.986827 0 
vn -0.370138 -0.928977 0 
vn 0.0541389 -0.998533 0 
vn -0.161782 -0.986827 0 
vn 0.267528 -0.96355 0 
vn 0.0541389 -0.998533 0 
vn 0.468408 -0.883512 0 
vn 0.267528 -0.96355 0 
vn 0.647386 -0.762162 0 
vn 0.468408 -0.883512 0 
vn 0.796093 -0.605174 0 
vn 0.647386 -0.762162 0 
vn 0.907575 -0.419889 0 
vn 0.796093 -0.605174 0 
vn 0.976621 -0.21497 0 
vn 0.907575 -0.419889 0 
vn 1 2.44929e-16 0 
vn 0.976621 -0.21497 0 
vn 0.976621 0.21497 0 
vn 1 0 0 
vn 0.907575 0.419889 0 
vn 0.976621 0.21497 0 
vn 0.796093 0.605174 0 
vn 0.907575 0.419889 0 
vn 0.647386 0.762162 0 
vn 0.796093 0.605174 0 
vn 0.468408 0.883512 0 
vn 0.647386 0.762162 0 
vn 0.267528 0.96355 0 
vn 0.468408 0.883512 0 
vn 0.0541389 0.998533 0 
vn 0.267528 0.96355 0 
vn -0.161782 0.986827 0 
vn 0.0541389 0.998533 0 
vn -0.370138 0.928977 0 
vn -0.161782 0.986827 0 
vn -0.561187 0.827689 0 
vn -0.370138 0.928977 0 
vn -0.725995 0.687699 0 
vn -0.561187 0.827689 0 
vn -0.725995 0.687699 0 
vn -0.777782 0.628534 0 
f 534//534 535//535 536//536 
f 536//536 537//537 534//534 
f 538//538 534//534 539//539 
f 539//539 540//540 538//538 
f 541//541 538//538 542//542 
f 541//541 543//543 544//544 
f 544//544 545//545 541//541 
f 545//545 546//546 547//547 
f 545//545 544//544 546//546 
f 548//548 549//549 550//550 
f 548//548 547//547 549//549 
f 551//551 552//552 553//553 
f 552//552 550//550 553//553 
f 554//554 551//551 555//555 
f 556//556 554//554 557//557 
f 558//558 556//556 559//559 
f 560//560 558//558 561//561 
f 562//562 560//560 563//563 
f 564//564 562//562 565//565 
f 566//566 564//564 567//567 
f 568//568 566//566 569//569 
f 570//570 568//568 571//571 
f 572//572 570//570 573//573 
f 574//574 572//572 575//575 
f 576//576 574//574 577//577 
f 578//578 576//576 579//579 
f 580//580 578//578 581//581 
f 582//582 580//580 583//583 
f 584//584 582//582 585//585 
f 586//586 584//584 587//587 
f 588//588 586//586 589//589 
f 590//590 588//588 591//591 
f 592//592 590//590 593//593 
f 594//594 592//592 595//595 
f 596//596 594//594 597//597 
f 596//596 598//598 599//599 
f 599//599 535//535 596//596 
f 599//599 536//536 535//535 
f 597//597 598//598 596//596 
f 595//595 597//597 594//594 
f 593//593 595//595 592//592 
f 591//591 593//593 590//590 
f 589//589 591//591 588//588 
f 587//587 589//589 586//586 
f 585//585 587//587 584//584 
f 583//583 585//585 582//582 
f 581//581 583//583 580//580 
f 579//579 581//581 578//578 
f 577//577 579//579 576//576 
f 575//575 577//577 574//574 
f 573//573 575//575 572//572 
f 571//571 573//573 570//570 
f 569//569 571//571 568//568 
f 567//567 569//569 566//566 
f 565//565 567//567 564//564 
f 563//563 565//565 562//562 
f 561//561 563//563 560//560 
f 559//559 561//561 558//558 
f 557//557 559//559 556//556 
f 555//555 557//557 554//554 
f 553//553 555//555 551//551 
f 550//550 552//552 548//548 
f 547//547 548//548 545//545 
f 542//542 543//543 541//541 
f 540//540 542//542 538//538 
f 537//537 539//539 534//534 
o mesh1719
v 0.00582209 0.00121248 0.00200654 
v 0.00554222 0.00136086 0.00200654 
v 0.00519145 0.000480495 0.00200654 
v 0.00523699 0.0014456 0.00200654 
v 0.00508368 0.000510417 0.00200654 
v 0.00492069 0.00146275 0.00200654 
v 0.004972 0.000516472 0.00200654 
v 0.00460809 0.0014115 0.00200654 
v 0.00486162 0.000498377 0.00200654 
v 0.00523699 -0.00144562 0.00200654 
v 0.00554222 -0.00136088 0.00200654 
v 0.00519145 -0.000480516 0.00200654 
v 0.00582209 -0.0012125 0.00200654 
v 0.00529027 -0.000428125 0.00200654 
v 0.00606352 -0.00100743 0.00200654 
v 0.00537551 -0.000355717 0.00200654 
v 0.00625522 -0.000755251 0.00200654 
v 0.0054432 -0.000266676 0.00200654 
v 0.00431382 0.00129426 0.00200654 
v 0.00475772 0.000456979 0.00200654 
v 0.00405164 0.00111649 0.00200654 
v 0.00466514 0.000394211 0.00200654 
v 0.00383379 0.000886516 0.00200654 
v 0.00458823 0.000313011 0.00200654 
v 0.00405164 -0.00111651 0.00200654 
v 0.00466514 -0.000394232 0.00200654 
v 0.00458823 -0.000313031 0.00200654 
v 0.00431382 -0.00129428 0.00200654 
v 0.00475772 -0.000456999 0.00200654 
v 0.00460809 -0.00141152 0.00200654 
v 0.00492069 -0.00146277 0.00200654 
v 0.004972 -0.000516493 0.00200654 
v 0.00508368 -0.000510438 0.00200654 
v 0.00606352 0.00100741 0.00200654 
v 0.00537551 0.000355696 0.00200654 
v 0.0054432 0.000266655 0.00200654 
v 0.00529027 0.000428105 0.00200654 
v 0.00356934 0.000314902 0.00200654 
v 0.00449485 0.000111181 0.00200654 
v 0.00453056 0.000217174 0.00200654 
v 0.00353509 -1.03796e-08 0.00200654 
v 0.00448276 -1.03796e-08 0.00200654 
v 0.00356934 -0.000314923 0.00200654 
v 0.00449485 -0.000111202 0.00200654 
v 0.00367048 -0.00061511 0.00200654 
v 0.00453056 -0.000217194 0.00200654 
v 0.00383379 -0.000886536 0.00200654 
v 0.00367048 0.00061509 0.00200654 
v 0.00486162 -0.000498398 0.00200654 
v 0.00646491 -1.03796e-08 0.00200654 
v 0.00645632 0.000158374 0.00200654 
v 0.00551421 5.59132e-05 0.00200654 
v 0.00638823 0.000467738 0.00200654 
v 0.00549016 0.000165146 0.00200654 
v 0.00625522 0.00075523 0.00200654 
v 0.00638823 -0.000467759 0.00200654 
v 0.00645632 -0.000158395 0.00200654 
v 0.00551421 -5.5934e-05 0.00200654 
v 0.00551724 -1.03796e-08 0.00200654 
v 0.00549016 -0.000165166 0.00200654 
vn 0 0 1 
vn 0 0 1 
vn 0 0 1 
vn 0 0 1 
vn 0 0 1 
vn 0 0 1 
vn 0 0 1 
vn 0 0 1 
vn 0 0 1 
vn 0 0 1 
vn 0 0 1 
vn 0 0 1 
vn 0 0 1 
vn 0 0 1 
vn 0 0 1 
vn 0 0 1 
vn 0 0 1 
vn 0 0 1 
vn 0 0 1 
vn 0 0 1 
vn 0 0 1 
vn 0 0 1 
vn 0 0 1 
vn 0 0 1 
vn 0 0 1 
vn 0 0 1 
vn 0 0 1 
vn 0 0 1 
vn 0 0 1 
vn 0 0 1 
vn 0 0 1 
vn 0 0 1 
vn 0 0 1 
vn 0 0 1 
vn 0 0 1 
vn 0 0 1 
vn 0 0 1 
vn 0 0 1 
vn 0 0 1 
vn 0 0 1 
vn 0 0 1 
vn 0 0 1 
vn 0 0 1 
vn 0 0 1 
vn 0 0 1 
vn 0 0 1 
vn 0 0 1 
vn 0 0 1 
vn 0 0 1 
vn 0 0 1 
vn 0 0 1 
vn 0 0 1 
vn 0 0 1 
vn 0 0 1 
vn 0 0 1 
vn 0 0 1 
vn 0 0 1 
vn 0 0 1 
vn 0 0 1 
vn 0 0 1 
f 600//600 601//601 602//602 
f 601//601 603//603 604//604 
f 604//604 602//602 601//601 
f 603//603 605//605 606//606 
f 606//606 604//604 603//603 
f 607//607 608//608 606//606 
f 609//609 610//610 611//611 
f 610//610 612//612 613//613 
f 612//612 614//614 615//615 
f 614//614 616//616 617//617 
f 606//606 605//605 607//607 
f 618//618 619//619 608//608 
f 620//620 621//621 619//619 
f 622//622 623//623 621//621 
f 624//624 625//625 626//626 
f 624//624 627//627 628//628 
f 629//629 630//630 631//631 
f 609//609 632//632 631//631 
f 613//613 611//611 610//610 
f 617//617 615//615 614//614 
f 633//633 634//634 635//635 
f 633//633 600//600 636//636 
f 608//608 607//607 618//618 
f 621//621 620//620 622//622 
f 637//637 638//638 639//639 
f 637//637 640//640 641//641 
f 642//642 643//643 641//641 
f 644//644 645//645 643//643 
f 646//646 626//626 645//645 
f 628//628 625//625 624//624 
f 631//631 630//630 609//609 
f 615//615 613//613 612//612 
f 636//636 634//634 633//633 
f 619//619 618//618 620//620 
f 647//647 639//639 623//623 
f 641//641 638//638 637//637 
f 643//643 642//642 644//644 
f 626//626 646//646 624//624 
f 627//627 629//629 648//648 
f 611//611 632//632 609//609 
f 649//649 650//650 651//651 
f 652//652 653//653 651//651 
f 602//602 636//636 600//600 
f 639//639 647//647 637//637 
f 645//645 644//644 646//646 
f 631//631 648//648 629//629 
f 651//651 650//650 652//652 
f 652//652 654//654 635//635 
f 623//623 622//622 647//647 
f 648//648 628//628 627//627 
f 655//655 656//656 657//657 
f 649//649 658//658 657//657 
f 635//635 653//653 652//652 
f 641//641 640//640 642//642 
f 655//655 659//659 617//617 
f 657//657 656//656 649//649 
f 635//635 654//654 633//633 
f 657//657 659//659 655//655 
f 617//617 616//616 655//655 
f 651//651 658//658 649//649 
o mesh1720
v 0.00449485 -0.000111202 -0.002 
v 0.00448276 -1.03796e-08 -0.002 
v 0.00448276 -1.03796e-08 0.00200654 
v 0.00453056 -0.000217194 -0.002 
v 0.00449485 -0.000111202 0.00200654 
v 0.00458823 -0.000313031 -0.002 
v 0.00453056 -0.000217194 0.00200654 
v 0.00466514 -0.000394232 -0.002 
v 0.00458823 -0.000313031 0.00200654 
v 0.00475772 -0.000456999 -0.002 
v 0.00466514 -0.000394232 0.00200654 
v 0.00486162 -0.000498398 -0.002 
v 0.00475772 -0.000456999 0.00200654 
v 0.004972 -0.000516493 -0.002 
v 0.00486162 -0.000498398 0.00200654 
v 0.00508368 -0.000510438 -0.002 
v 0.004972 -0.000516493 0.00200654 
v 0.00519145 -0.000480516 -0.002 
v 0.00508368 -0.000510438 0.00200654 
v 0.00529027 -0.000428125 -0.002 
v 0.00519145 -0.000480516 0.00200654 
v 0.00537551 -0.000355717 -0.002 
v 0.00529027 -0.000428125 0.00200654 
v 0.0054432 -0.000266676 -0.002 
v 0.00537551 -0.000355717 0.00200654 
v 0.00549016 -0.000165166 -0.002 
v 0.0054432 -0.000266676 0.00200654 
v 0.00551421 -5.5934e-05 -0.002 
v 0.00549016 -0.000165166 0.00200654 
v 0.00551421 5.59132e-05 -0.002 
v 0.00551724 -1.03796e-08 0.00200654 
v 0.00551421 -5.5934e-05 0.00200654 
v 0.00549016 0.000165146 -0.002 
v 0.00551421 5.59132e-05 0.00200654 
v 0.0054432 0.000266655 -0.002 
v 0.00549016 0.000165146 0.00200654 
v 0.00537551 0.000355696 -0.002 
v 0.0054432 0.000266655 0.00200654 
v 0.00529027 0.000428105 -0.002 
v 0.00537551 0.000355696 0.00200654 
v 0.00519145 0.000480495 -0.002 
v 0.00529027 0.000428105 0.00200654 
v 0.00508368 0.000510417 -0.002 
v 0.00519145 0.000480495 0.00200654 
v 0.004972 0.000516472 -0.002 
v 0.00508368 0.000510417 0.00200654 
v 0.00486162 0.000498377 -0.002 
v 0.004972 0.000516472 0.00200654 
v 0.00475772 0.000456979 -0.002 
v 0.00486162 0.000498377 0.00200654 
v 0.00466514 0.000394211 -0.002 
v 0.00475772 0.000456979 0.00200654 
v 0.00458823 0.000313011 -0.002 
v 0.00466514 0.000394211 0.00200654 
v 0.00453056 0.000217174 -0.002 
v 0.00458823 0.000313011 0.00200654 
v 0.00449485 0.000111181 -0.002 
v 0.00453056 0.000217174 0.00200654 
v 0.00449485 0.000111181 0.00200654 
vn 0.976621 0.21497 0 
vn 1 2.44929e-16 0 
vn 1 2.44929e-16 0 
vn 0.907575 0.419889 0 
vn 0.976621 0.21497 0 
vn 0.796093 0.605174 0 
vn 0.907575 0.419889 0 
vn 0.647386 0.762162 0 
vn 0.796093 0.605174 0 
vn 0.468408 0.883512 0 
vn 0.647386 0.762162 0 
vn 0.267528 0.96355 0 
vn 0.468408 0.883512 0 
vn 0.0541389 0.998533 0 
vn 0.267528 0.96355 0 
vn -0.161782 0.986827 0 
vn 0.0541389 0.998533 0 
vn -0.370138 0.928977 0 
vn -0.161782 0.986827 0 
vn -0.561187 0.827689 0 
vn -0.370138 0.928977 0 
vn -0.725995 0.687699 0 
vn -0.561187 0.827689 0 
vn -0.856857 0.515554 0 
vn -0.725995 0.687699 0 
vn -0.947653 0.319302 0 
vn -0.856857 0.515554 0 
vn -0.994138 0.108119 0 
vn -0.947653 0.319302 0 
vn -0.994138 -0.108119 0 
vn -1 -1.22465e-16 0 
vn -0.994138 0.108119 0 
vn -0.947653 -0.319302 0 
vn -0.994138 -0.108119 0 
vn -0.856857 -0.515554 0 
vn -0.947653 -0.319302 0 
vn -0.725995 -0.687699 0 
vn -0.856857 -0.515554 0 
vn -0.561187 -0.827689 0 
vn -0.725995 -0.687699 0 
vn -0.370138 -0.928977 0 
vn -0.561187 -0.827689 0 
vn -0.161782 -0.986827 0 
vn -0.370138 -0.928977 0 
vn 0.0541389 -0.998533 0 
vn -0.161782 -0.986827 0 
vn 0.267528 -0.96355 0 
vn 0.0541389 -0.998533 0 
vn 0.468408 -0.883512 0 
vn 0.267528 -0.96355 0 
vn 0.647386 -0.762162 0 
vn 0.468408 -0.883512 0 
vn 0.796093 -0.605174 0 
vn 0.647386 -0.762162 0 
vn 0.907575 -0.419889 0 
vn 0.796093 -0.605174 0 
vn 0.976621 -0.21497 0 
vn 0.907575 -0.419889 0 
vn 0.976621 -0.21497 0 
f 660//660 661//661 662//662 
f 663//663 660//660 664//664 
f 665//665 663//663 666//666 
f 667//667 665//665 668//668 
f 669//669 667//667 670//670 
f 671//671 669//669 672//672 
f 673//673 671//671 674//674 
f 675//675 673//673 676//676 
f 677//677 675//675 678//678 
f 679//679 677//677 680//680 
f 681//681 679//679 682//682 
f 683//683 681//681 684//684 
f 685//685 683//683 686//686 
f 687//687 685//685 688//688 
f 689//689 687//687 690//690 
f 687//687 691//691 690//690 
f 692//692 689//689 693//693 
f 694//694 692//692 695//695 
f 696//696 694//694 697//697 
f 698//698 696//696 699//699 
f 700//700 698//698 701//701 
f 702//702 700//700 703//703 
f 704//704 702//702 705//705 
f 706//706 704//704 707//707 
f 708//708 706//706 709//709 
f 710//710 708//708 711//711 
f 712//712 710//710 713//713 
f 714//714 712//712 715//715 
f 716//716 714//714 717//717 
f 661//661 716//716 718//718 
f 718//718 662//662 661//661 
f 717//717 718//718 716//716 
f 715//715 717//717 714//714 
f 713//713 715//715 712//712 
f 711//711 713//713 710//710 
f 709//709 711//711 708//708 
f 707//707 709//709 706//706 
f 705//705 707//707 704//704 
f 703//703 705//705 702//702 
f 701//701 703//703 700//700 
f 699//699 701//701 698//698 
f 697//697 699//699 696//696 
f 695//695 697//697 694//694 
f 693//693 695//695 692//692 
f 690//690 693//693 689//689 
f 688//688 691//691 687//687 
f 686//686 688//688 685//685 
f 684//684 686//686 683//683 
f 682//682 684//684 681//681 
f 680//680 682//682 679//679 
f 678//678 680//680 677//677 
f 676//676 678//678 675//675 
f 674//674 676//676 673//673 
f 672//672 674//674 671//671 
f 670//670 672//672 669//669 
f 668//668 670//670 667//667 
f 666//666 668//668 665//665 
f 664//664 666//666 663//663 
f 662//662 664//664 660//660 
o mesh1721
v -0.000391915 -0.00358848 0.00200654 
v -0.000686187 -0.00370573 0.00200654 
v -0.000242281 -0.00454302 0.00200654 
v -0.000948373 -0.0038835 0.00200654 
v -0.000334856 -0.00460579 0.00200654 
v -0.00116622 -0.00411347 0.00200654 
v -0.000411773 -0.00468699 0.00200654 
v -0.00132953 -0.0043849 0.00200654 
v -0.000469436 -0.00478283 0.00200654 
v -0.00146492 -0.005 0.00200654 
v -0.000517242 -0.00500001 0.00200654 
v -0.000505149 -0.00488882 0.00200654 
v -0.00143067 -0.00531491 0.00200654 
v -0.000505149 -0.0051112 0.00200654 
v -0.00143067 -0.00468509 0.00200654 
v -0.00132953 -0.0056151 0.00200654 
v -0.000469436 -0.00521719 0.00200654 
v -0.00116622 -0.00588652 0.00200654 
v -0.000411773 -0.00531303 0.00200654 
v -0.000686187 -0.00629426 0.00200654 
v -0.000242281 -0.005457 0.00200654 
v -0.000334856 -0.00539423 0.00200654 
v -0.000391915 -0.00641151 0.00200654 
v -0.000138377 -0.0054984 0.00200654 
v 0.000822078 -0.00378751 0.00200654 
v 0.000542209 -0.00363913 0.00200654 
v 0.00019145 -0.0045195 0.00200654 
v 0.000236986 -0.00355439 0.00200654 
v 8.36796e-05 -0.00448958 0.00200654 
v -0.000948373 -0.0061165 0.00200654 
v 0.0014649 -0.005 0.00200654 
v 0.00145631 -0.00484161 0.00200654 
v 0.000514208 -0.00494409 0.00200654 
v 0.00138822 -0.00453225 0.00200654 
v 0.000490165 -0.00483485 0.00200654 
v 0.00125521 -0.00424476 0.00200654 
v 0.000443201 -0.00473334 0.00200654 
v 0.00106351 -0.00399258 0.00200654 
v 0.000375514 -0.0046443 0.00200654 
v -7.9319e-05 -0.00353724 0.00200654 
v -2.80036e-05 -0.00448353 0.00200654 
v 0.000542209 -0.00636087 0.00200654 
v 0.00019145 -0.00548051 0.00200654 
v 8.36796e-05 -0.00551044 0.00200654 
v 0.000822078 -0.00621249 0.00200654 
v 0.000290268 -0.00542812 0.00200654 
v 0.00138822 -0.00546775 0.00200654 
v 0.00145631 -0.00515838 0.00200654 
v 0.000514208 -0.00505593 0.00200654 
v 0.000517241 -0.00500001 0.00200654 
v 0.000290268 -0.00457189 0.00200654 
v -7.9319e-05 -0.00646276 0.00200654 
v -2.80036e-05 -0.00551649 0.00200654 
v 0.000236986 -0.00644561 0.00200654 
v 0.00125521 -0.00575524 0.00200654 
v 0.000490165 -0.00516517 0.00200654 
v -0.000138377 -0.00450162 0.00200654 
v 0.00106351 -0.00600742 0.00200654 
v 0.000375514 -0.00535572 0.00200654 
v 0.000443201 -0.00526668 0.00200654 
vn 0 0 1 
vn 0 0 1 
vn 0 0 1 
vn 0 0 1 
vn 0 0 1 
vn 0 0 1 
vn 0 0 1 
vn 0 0 1 
vn 0 0 1 
vn 0 0 1 
vn 0 0 1 
vn 0 0 1 
vn 0 0 1 
vn 0 0 1 
vn 0 0 1 
vn 0 0 1 
vn 0 0 1 
vn 0 0 1 
vn 0 0 1 
vn 0 0 1 
vn 0 0 1 
vn 0 0 1 
vn 0 0 1 
vn 0 0 1 
vn 0 0 1 
vn 0 0 1 
vn 0 0 1 
vn 0 0 1 
vn 0 0 1 
vn 0 0 1 
vn 0 0 1 
vn 0 0 1 
vn 0 0 1 
vn 0 0 1 
vn 0 0 1 
vn 0 0 1 
vn 0 0 1 
vn 0 0 1 
vn 0 0 1 
vn 0 0 1 
vn 0 0 1 
vn 0 0 1 
vn 0 0 1 
vn 0 0 1 
vn 0 0 1 
vn 0 0 1 
vn 0 0 1 
vn 0 0 1 
vn 0 0 1 
vn 0 0 1 
vn 0 0 1 
vn 0 0 1 
vn 0 0 1 
vn 0 0 1 
vn 0 0 1 
vn 0 0 1 
vn 0 0 1 
vn 0 0 1 
vn 0 0 1 
vn 0 0 1 
f 719//719 720//720 721//721 
f 720//720 722//722 723//723 
f 724//724 725//725 723//723 
f 726//726 727//727 725//725 
f 728//728 729//729 730//730 
f 731//731 732//732 729//729 
f 723//723 721//721 720//720 
f 725//725 724//724 726//726 
f 733//733 730//730 727//727 
f 729//729 728//728 731//731 
f 723//723 722//722 724//724 
f 730//730 733//733 728//728 
f 734//734 735//735 732//732 
f 736//736 737//737 735//735 
f 738//738 739//739 740//740 
f 741//741 742//742 739//739 
f 743//743 744//744 745//745 
f 744//744 746//746 747//747 
f 727//727 726//726 733//733 
f 735//735 734//734 736//736 
f 748//748 740//740 737//737 
f 739//739 738//738 741//741 
f 749//749 750//750 751//751 
f 750//750 752//752 753//753 
f 752//752 754//754 755//755 
f 754//754 756//756 757//757 
f 747//747 745//745 744//744 
f 746//746 758//758 759//759 
f 732//732 731//731 734//734 
f 740//740 748//748 738//738 
f 760//760 761//761 762//762 
f 763//763 764//764 761//761 
f 765//765 766//766 767//767 
f 766//766 749//749 768//768 
f 753//753 751//751 750//750 
f 757//757 755//755 754//754 
f 756//756 743//743 769//769 
f 759//759 747//747 746//746 
f 737//737 736//736 748//748 
f 770//770 771//771 742//742 
f 772//772 762//762 771//771 
f 761//761 760//760 763//763 
f 773//773 765//765 774//774 
f 768//768 767//767 766//766 
f 755//755 753//753 752//752 
f 745//745 769//769 743//743 
f 758//758 719//719 775//775 
f 742//742 741//741 770//770 
f 762//762 772//772 760//760 
f 776//776 777//777 764//764 
f 776//776 773//773 778//778 
f 767//767 774//774 765//765 
f 769//769 757//757 756//756 
f 721//721 775//775 719//719 
f 764//764 763//763 776//776 
f 774//774 778//778 773//773 
f 775//775 759//759 758//758 
f 778//778 777//777 776//776 
f 771//771 770//770 772//772 
f 751//751 768//768 749//749 
o mesh1722
v -0.000505149 -0.0051112 -0.002 
v -0.000517242 -0.00500001 -0.002 
v -0.000517242 -0.00500001 0.00200654 
v -0.000469436 -0.00521719 -0.002 
v -0.000505149 -0.0051112 0.00200654 
v -0.000411773 -0.00531303 -0.002 
v -0.000469436 -0.00521719 0.00200654 
v -0.000334856 -0.00539423 -0.002 
v -0.000411773 -0.00531303 0.00200654 
v -0.000242281 -0.005457 -0.002 
v -0.000334856 -0.00539423 0.00200654 
v -0.000138377 -0.0054984 -0.002 
v -0.000242281 -0.005457 0.00200654 
v -2.80036e-05 -0.00551649 -0.002 
v -0.000138377 -0.0054984 0.00200654 
v 8.36796e-05 -0.00551044 -0.002 
v -2.80036e-05 -0.00551649 0.00200654 
v 0.00019145 -0.00548051 -0.002 
v 8.36796e-05 -0.00551044 0.00200654 
v 0.000290268 -0.00542812 -0.002 
v 0.00019145 -0.00548051 0.00200654 
v 0.000375514 -0.00535572 -0.002 
v 0.000290268 -0.00542812 0.00200654 
v 0.000443201 -0.00526668 -0.002 
v 0.000375514 -0.00535572 0.00200654 
v 0.000490165 -0.00516517 -0.002 
v 0.000443201 -0.00526668 0.00200654 
v 0.000514208 -0.00505593 -0.002 
v 0.000490165 -0.00516517 0.00200654 
v 0.000514208 -0.00494409 -0.002 
v 0.000517241 -0.00500001 0.00200654 
v 0.000514208 -0.00505593 0.00200654 
v 0.000490165 -0.00483485 -0.002 
v 0.000514208 -0.00494409 0.00200654 
v 0.000443201 -0.00473334 -0.002 
v 0.000490165 -0.00483485 0.00200654 
v 0.000375514 -0.0046443 -0.002 
v 0.000443201 -0.00473334 0.00200654 
v 0.000290268 -0.00457189 -0.002 
v 0.000375514 -0.0046443 0.00200654 
v 0.00019145 -0.0045195 -0.002 
v 0.000290268 -0.00457189 0.00200654 
v 8.36796e-05 -0.00448958 -0.002 
v 0.00019145 -0.0045195 0.00200654 
v -2.80036e-05 -0.00448353 -0.002 
v 8.36796e-05 -0.00448958 0.00200654 
v -0.000138377 -0.00450162 -0.002 
v -2.80036e-05 -0.00448353 0.00200654 
v -0.000242281 -0.00454302 -0.002 
v -0.000138377 -0.00450162 0.00200654 
v -0.000334856 -0.00460579 -0.002 
v -0.000242281 -0.00454302 0.00200654 
v -0.000411773 -0.00468699 -0.002 
v -0.000334856 -0.00460579 0.00200654 
v -0.000469436 -0.00478283 -0.002 
v -0.000411773 -0.00468699 0.00200654 
v -0.000505149 -0.00488882 -0.002 
v -0.000469436 -0.00478283 0.00200654 
v -0.000505149 -0.00488882 0.00200654 
vn 0.976621 0.21497 0 
vn 1 2.44929e-16 0 
vn 1 2.44929e-16 0 
vn 0.907575 0.419889 0 
vn 0.976621 0.21497 0 
vn 0.796093 0.605174 0 
vn 0.907575 0.419889 0 
vn 0.647386 0.762162 0 
vn 0.796093 0.605174 0 
vn 0.468408 0.883512 0 
vn 0.647386 0.762162 0 
vn 0.267528 0.96355 0 
vn 0.468408 0.883512 0 
vn 0.0541389 0.998533 0 
vn 0.267528 0.96355 0 
vn -0.161782 0.986827 0 
vn 0.0541389 0.998533 0 
vn -0.370138 0.928977 0 
vn -0.161782 0.986827 0 
vn -0.561187 0.827689 0 
vn -0.370138 0.928977 0 
vn -0.725995 0.687699 0 
vn -0.561187 0.827689 0 
vn -0.856857 0.515554 0 
vn -0.725995 0.687699 0 
vn -0.947653 0.319302 0 
vn -0.856857 0.515554 0 
vn -0.994138 0.108119 0 
vn -0.947653 0.319302 0 
vn -0.994138 -0.108119 0 
vn -1 -1.22465e-16 0 
vn -0.994138 0.108119 0 
vn -0.947653 -0.319302 0 
vn -0.994138 -0.108119 0 
vn -0.856857 -0.515554 0 
vn -0.947653 -0.319302 0 
vn -0.725995 -0.687699 0 
vn -0.856857 -0.515554 0 
vn -0.561187 -0.827689 0 
vn -0.725995 -0.687699 0 
vn -0.370138 -0.928977 0 
vn -0.561187 -0.827689 0 
vn -0.161782 -0.986827 0 
vn -0.370138 -0.928977 0 
vn 0.0541389 -0.998533 0 
vn -0.161782 -0.986827 0 
vn 0.267528 -0.96355 0 
vn 0.0541389 -0.998533 0 
vn 0.468408 -0.883512 0 
vn 0.267528 -0.96355 0 
vn 0.647386 -0.762162 0 
vn 0.468408 -0.883512 0 
vn 0.796093 -0.605174 0 
vn 0.647386 -0.762162 0 
vn 0.907575 -0.419889 0 
vn 0.796093 -0.605174 0 
vn 0.976621 -0.21497 0 
vn 0.907575 -0.419889 0 
vn 0.976621 -0.21497 0 
f 779//779 780//780 781//781 
f 782//782 779//779 783//783 
f 784//784 782//782 785//785 
f 786//786 784//784 787//787 
f 788//788 786//786 789//789 
f 790//790 788//788 791//791 
f 792//792 790//790 793//793 
f 794//794 792//792 795//795 
f 796//796 794//794 797//797 
f 798//798 796//796 799//799 
f 800//800 798//798 801//801 
f 802//802 800//800 803//803 
f 804//804 802//802 805//805 
f 806//806 804//804 807//807 
f 808//808 806//806 809//809 
f 806//806 810//810 809//809 
f 811//811 808//808 812//812 
f 813//813 811//811 814//814 
f 815//815 813//813 816//816 
f 817//817 815//815 818//818 
f 819//819 817//817 820//820 
f 821//821 819//819 822//822 
f 823//823 821//821 824//824 
f 825//825 823//823 826//826 
f 827//827 825//825 828//828 
f 829//829 827//827 830//830 
f 831//831 829//829 832//832 
f 833//833 831//831 834//834 
f 835//835 833//833 836//836 
f 780//780 835//835 837//837 
f 837//837 781//781 780//780 
f 836//836 837//837 835//835 
f 834//834 836//836 833//833 
f 832//832 834//834 831//831 
f 830//830 832//832 829//829 
f 828//828 830//830 827//827 
f 826//826 828//828 825//825 
f 824//824 826//826 823//823 
f 822//822 824//824 821//821 
f 820//820 822//822 819//819 
f 818//818 820//820 817//817 
f 816//816 818//818 815//815 
f 814//814 816//816 813//813 
f 812//812 814//814 811//811 
f 809//809 812//812 808//808 
f 807//807 810//810 806//806 
f 805//805 807//807 804//804 
f 803//803 805//805 802//802 
f 801//801 803//803 800//800 
f 799//799 801//801 798//798 
f 797//797 799//799 796//796 
f 795//795 797//797 794//794 
f 793//793 795//795 792//792 
f 791//791 793//793 790//790 
f 789//789 791//791 788//788 
f 787//787 789//789 786//786 
f 785//785 787//787 784//784 
f 783//783 785//785 782//782 
f 781//781 783//783 779//779 
o mesh1723
v -0.00445778 0.00136088 0.00200654 
v -0.004763 0.00144562 0.00200654 
v -0.00491632 0.000510417 0.00200654 
v -0.00507931 0.00146277 0.00200654 
v -0.005028 0.000516472 0.00200654 
v -0.00417791 0.0012125 0.00200654 
v -0.00480855 0.000480495 0.00200654 
v -0.0053919 0.00141152 0.00200654 
v -0.00513838 0.000498377 0.00200654 
v -0.00568617 0.00129428 0.00200654 
v -0.00524228 0.000456979 0.00200654 
v -0.00594836 -0.00111649 0.00200654 
v -0.00533485 -0.000394232 0.00200654 
v -0.00541177 -0.000313031 0.00200654 
v -0.00568617 -0.00129426 0.00200654 
v -0.00524228 -0.000456999 0.00200654 
v -0.00374478 0.000755251 0.00200654 
v -0.00393648 0.00100743 0.00200654 
v -0.00462449 0.000355696 0.00200654 
v -0.00470973 0.000428105 0.00200654 
v -0.0061662 -0.000886516 0.00200654 
v -0.00546944 -0.000217194 0.00200654 
v -0.004763 -0.0014456 0.00200654 
v -0.00445778 -0.00136086 0.00200654 
v -0.00480855 -0.000480516 0.00200654 
v -0.00417791 -0.00121248 0.00200654 
v -0.00470973 -0.000428125 0.00200654 
v -0.00393648 -0.00100741 0.00200654 
v -0.00462449 -0.000355717 0.00200654 
v -0.00374478 -0.00075523 0.00200654 
v -0.0045568 -0.000266676 0.00200654 
v -0.00594836 0.00111651 0.00200654 
v -0.00533485 0.000394211 0.00200654 
v -0.0061662 0.000886536 0.00200654 
v -0.00541177 0.000313011 0.00200654 
v -0.00643066 0.000314923 0.00200654 
v -0.00550515 0.000111181 0.00200654 
v -0.00546944 0.000217174 0.00200654 
v -0.00646491 1.03796e-08 0.00200654 
v -0.00551724 -1.03796e-08 0.00200654 
v -0.00643066 -0.000314902 0.00200654 
v -0.00550515 -0.000111202 0.00200654 
v -0.00632952 -0.00061509 0.00200654 
v -0.0053919 -0.0014115 0.00200654 
v -0.00513838 -0.000498398 0.00200654 
v -0.00507931 -0.00146275 0.00200654 
v -0.005028 -0.000516493 0.00200654 
v -0.00491632 -0.000510438 0.00200654 
v -0.00632952 0.00061511 0.00200654 
v -0.00353509 1.03796e-08 0.00200654 
v -0.00354368 0.000158395 0.00200654 
v -0.00448579 5.59132e-05 0.00200654 
v -0.00361177 0.000467759 0.00200654 
v -0.00450983 0.000165146 0.00200654 
v -0.0045568 0.000266655 0.00200654 
v -0.00361177 -0.000467738 0.00200654 
v -0.00354368 -0.000158374 0.00200654 
v -0.00448579 -5.5934e-05 0.00200654 
v -0.00448276 -1.03796e-08 0.00200654 
v -0.00450983 -0.000165166 0.00200654 
vn 0 0 1 
vn 0 0 1 
vn 0 0 1 
vn 0 0 1 
vn 0 0 1 
vn 0 0 1 
vn 0 0 1 
vn 0 0 1 
vn 0 0 1 
vn 0 0 1 
vn 0 0 1 
vn 0 0 1 
vn 0 0 1 
vn 0 0 1 
vn 0 0 1 
vn 0 0 1 
vn 0 0 1 
vn 0 0 1 
vn 0 0 1 
vn 0 0 1 
vn 0 0 1 
vn 0 0 1 
vn 0 0 1 
vn 0 0 1 
vn 0 0 1 
vn 0 0 1 
vn 0 0 1 
vn 0 0 1 
vn 0 0 1 
vn 0 0 1 
vn 0 0 1 
vn 0 0 1 
vn 0 0 1 
vn 0 0 1 
vn 0 0 1 
vn 0 0 1 
vn 0 0 1 
vn 0 0 1 
vn 0 0 1 
vn 0 0 1 
vn 0 0 1 
vn 0 0 1 
vn 0 0 1 
vn 0 0 1 
vn 0 0 1 
vn 0 0 1 
vn 0 0 1 
vn 0 0 1 
vn 0 0 1 
vn 0 0 1 
vn 0 0 1 
vn 0 0 1 
vn 0 0 1 
vn 0 0 1 
vn 0 0 1 
vn 0 0 1 
vn 0 0 1 
vn 0 0 1 
vn 0 0 1 
vn 0 0 1 
f 838//838 839//839 840//840 
f 841//841 842//842 840//840 
f 843//843 838//838 844//844 
f 840//840 839//839 841//841 
f 845//845 846//846 842//842 
f 847//847 848//848 846//846 
f 849//849 850//850 851//851 
f 852//852 853//853 850//850 
f 854//854 855//855 856//856 
f 855//855 843//843 857//857 
f 840//840 844//844 838//838 
f 846//846 845//845 847//847 
f 858//858 851//851 859//859 
f 850//850 849//849 852//852 
f 860//860 861//861 862//862 
f 861//861 863//863 864//864 
f 863//863 865//865 866//866 
f 865//865 867//867 868//868 
f 857//857 856//856 855//855 
f 842//842 841//841 845//845 
f 869//869 870//870 848//848 
f 871//871 872//872 870//870 
f 873//873 874//874 875//875 
f 876//876 877//877 874//874 
f 878//878 879//879 877//877 
f 880//880 859//859 879//879 
f 851//851 858//858 849//849 
f 881//881 882//882 853//853 
f 883//883 884//884 882//882 
f 883//883 860//860 885//885 
f 864//864 862//862 861//861 
f 868//868 866//866 865//865 
f 844//844 857//857 843//843 
f 870//870 869//869 871//871 
f 886//886 875//875 872//872 
f 874//874 873//873 876//876 
f 879//879 878//878 880//880 
f 853//853 852//852 881//881 
f 885//885 884//884 883//883 
f 866//866 864//864 863//863 
f 887//887 888//888 889//889 
f 888//888 890//890 891//891 
f 848//848 847//847 869//869 
f 875//875 886//886 873//873 
f 859//859 880//880 858//858 
f 862//862 885//885 860//860 
f 891//891 889//889 888//888 
f 890//890 854//854 892//892 
f 872//872 871//871 886//886 
f 882//882 881//881 883//883 
f 893//893 894//894 895//895 
f 894//894 887//887 896//896 
f 892//892 891//891 890//890 
f 877//877 876//876 878//878 
f 867//867 893//893 897//897 
f 896//896 895//895 894//894 
f 856//856 892//892 854//854 
f 895//895 897//897 893//893 
f 897//897 868//868 867//867 
f 889//889 896//896 887//887 
o mesh1724
v -0.00550515 -0.000111202 -0.002 
v -0.00551724 -1.03796e-08 -0.002 
v -0.00551724 -1.03796e-08 0.00200654 
v -0.00546944 -0.000217194 -0.002 
v -0.00550515 -0.000111202 0.00200654 
v -0.00541177 -0.000313031 -0.002 
v -0.00546944 -0.000217194 0.00200654 
v -0.00533485 -0.000394232 -0.002 
v -0.00541177 -0.000313031 0.00200654 
v -0.00524228 -0.000456999 -0.002 
v -0.00533485 -0.000394232 0.00200654 
v -0.00513838 -0.000498398 -0.002 
v -0.00524228 -0.000456999 0.00200654 
v -0.005028 -0.000516493 -0.002 
v -0.00513838 -0.000498398 0.00200654 
v -0.00491632 -0.000510438 -0.002 
v -0.005028 -0.000516493 0.00200654 
v -0.00480855 -0.000480516 -0.002 
v -0.00491632 -0.000510438 0.00200654 
v -0.00470973 -0.000428125 -0.002 
v -0.00480855 -0.000480516 0.00200654 
v -0.00462449 -0.000355717 -0.002 
v -0.00470973 -0.000428125 0.00200654 
v -0.0045568 -0.000266676 -0.002 
v -0.00462449 -0.000355717 0.00200654 
v -0.00450983 -0.000165166 -0.002 
v -0.0045568 -0.000266676 0.00200654 
v -0.00448579 -5.5934e-05 -0.002 
v -0.00450983 -0.000165166 0.00200654 
v -0.00448579 5.59132e-05 -0.002 
v -0.00448276 -1.03796e-08 0.00200654 
v -0.00448579 -5.5934e-05 0.00200654 
v -0.00450983 0.000165146 -0.002 
v -0.00448579 5.59132e-05 0.00200654 
v -0.0045568 0.000266655 -0.002 
v -0.00450983 0.000165146 0.00200654 
v -0.00462449 0.000355696 -0.002 
v -0.0045568 0.000266655 0.00200654 
v -0.00470973 0.000428105 -0.002 
v -0.00462449 0.000355696 0.00200654 
v -0.00480855 0.000480495 -0.002 
v -0.00470973 0.000428105 0.00200654 
v -0.00491632 0.000510417 -0.002 
v -0.00480855 0.000480495 0.00200654 
v -0.005028 0.000516472 -0.002 
v -0.00491632 0.000510417 0.00200654 
v -0.00513838 0.000498377 -0.002 
v -0.005028 0.000516472 0.00200654 
v -0.00524228 0.000456979 -0.002 
v -0.00513838 0.000498377 0.00200654 
v -0.00533485 0.000394211 -0.002 
v -0.00524228 0.000456979 0.00200654 
v -0.00541177 0.000313011 -0.002 
v -0.00533485 0.000394211 0.00200654 
v -0.00546944 0.000217174 -0.002 
v -0.00541177 0.000313011 0.00200654 
v -0.00550515 0.000111181 -0.002 
v -0.00546944 0.000217174 0.00200654 
v -0.00550515 0.000111181 0.00200654 
vn 0.976621 0.21497 0 
vn 1 2.44929e-16 0 
vn 1 2.44929e-16 0 
vn 0.907575 0.419889 0 
vn 0.976621 0.21497 0 
vn 0.796093 0.605174 0 
vn 0.907575 0.419889 0 
vn 0.647386 0.762162 0 
vn 0.796093 0.605174 0 
vn 0.468408 0.883512 0 
vn 0.647386 0.762162 0 
vn 0.267528 0.96355 0 
vn 0.468408 0.883512 0 
vn 0.0541389 0.998533 0 
vn 0.267528 0.96355 0 
vn -0.161782 0.986827 0 
vn 0.0541389 0.998533 0 
vn -0.370138 0.928977 0 
vn -0.161782 0.986827 0 
vn -0.561187 0.827689 0 
vn -0.370138 0.928977 0 
vn -0.725995 0.687699 0 
vn -0.561187 0.827689 0 
vn -0.856857 0.515554 0 
vn -0.725995 0.687699 0 
vn -0.947653 0.319302 0 
vn -0.856857 0.515554 0 
vn -0.994138 0.108119 0 
vn -0.947653 0.319302 0 
vn -0.994138 -0.108119 0 
vn -1 -1.22465e-16 0 
vn -0.994138 0.108119 0 
vn -0.947653 -0.319302 0 
vn -0.994138 -0.108119 0 
vn -0.856857 -0.515554 0 
vn -0.947653 -0.319302 0 
vn -0.725995 -0.687699 0 
vn -0.856857 -0.515554 0 
vn -0.561187 -0.827689 0 
vn -0.725995 -0.687699 0 
vn -0.370138 -0.928977 0 
vn -0.561187 -0.827689 0 
vn -0.161782 -0.986827 0 
vn -0.370138 -0.928977 0 
vn 0.0541389 -0.998533 0 
vn -0.161782 -0.986827 0 
vn 0.267528 -0.96355 0 
vn 0.0541389 -0.998533 0 
vn 0.468408 -0.883512 0 
vn 0.267528 -0.96355 0 
vn 0.647386 -0.762162 0 
vn 0.468408 -0.883512 0 
vn 0.796093 -0.605174 0 
vn 0.647386 -0.762162 0 
vn 0.907575 -0.419889 0 
vn 0.796093 -0.605174 0 
vn 0.976621 -0.21497 0 
vn 0.907575 -0.419889 0 
vn 0.976621 -0.21497 0 
f 898//898 899//899 900//900 
f 901//901 898//898 902//902 
f 903//903 901//901 904//904 
f 905//905 903//903 906//906 
f 907//907 905//905 908//908 
f 909//909 907//907 910//910 
f 911//911 909//909 912//912 
f 913//913 911//911 914//914 
f 915//915 913//913 916//916 
f 917//917 915//915 918//918 
f 919//919 917//917 920//920 
f 921//921 919//919 922//922 
f 923//923 921//921 924//924 
f 925//925 923//923 926//926 
f 927//927 925//925 928//928 
f 925//925 929//929 928//928 
f 930//930 927//927 931//931 
f 932//932 930//930 933//933 
f 934//934 932//932 935//935 
f 936//936 934//934 937//937 
f 938//938 936//936 939//939 
f 940//940 938//938 941//941 
f 942//942 940//940 943//943 
f 944//944 942//942 945//945 
f 946//946 944//944 947//947 
f 948//948 946//946 949//949 
f 950//950 948//948 951//951 
f 952//952 950//950 953//953 
f 954//954 952//952 955//955 
f 899//899 954//954 956//956 
f 956//956 900//900 899//899 
f 955//955 956//956 954//954 
f 953//953 955//955 952//952 
f 951//951 953//953 950//950 
f 949//949 951//951 948//948 
f 947//947 949//949 946//946 
f 945//945 947//947 944//944 
f 943//943 945//945 942//942 
f 941//941 943//943 940//940 
f 939//939 941//941 938//938 
f 937//937 939//939 936//936 
f 935//935 937//937 934//934 
f 933//933 935//935 932//932 
f 931//931 933//933 930//930 
f 928//928 931//931 927//927 
f 926//926 929//929 925//925 
f 924//924 926//926 923//923 
f 922//922 924//924 921//921 
f 920//920 922//922 919//919 
f 918//918 920//920 917//917 
f 916//916 918//918 915//915 
f 914//914 916//916 913//913 
f 912//912 914//914 911//911 
f 910//910 912//912 909//909 
f 908//908 910//910 907//907 
f 906//906 908//908 905//905 
f 904//904 906//906 903//903 
f 902//902 904//904 901//901 
f 900//900 902//902 898//898 
o mesh1725
v 0.00100862 0.00929449 -0.002 
v 0.00466514 0.000394211 -0.002 
v 0.00458823 0.000313011 -0.002 
v 0.00449485 0.000111181 -0.002 
v 0.00448276 -1.03796e-08 -0.002 
v 0.0015 9.18485e-20 -0.002 
v 0.00475772 0.000456979 -0.002 
v 0.00251216 0.009048 -0.002 
v 0.00146493 0.000322456 -0.002 
v 0.00453056 0.000217174 -0.002 
v 0.00486162 0.000498377 -0.002 
v 0.00439848 0.00829642 -0.002 
v 0.004972 0.000516472 -0.002 
v 0.00607913 0.00715691 -0.002 
v 0.00508368 0.000510417 -0.002 
v 0.00747553 0.00568275 -0.002 
v 0.00519145 0.000480495 -0.002 
v 0.00852238 0.00394287 -0.002 
v 0.00529027 0.000428105 -0.002 
v 0.00917073 0.00201863 -0.002 
v 0.0054432 0.000266655 -0.002 
v 0.00928058 -0.00100863 -0.002 
v 0.00529027 -0.000428125 -0.002 
v 0.00537551 -0.000355717 -0.002 
v 0.00508368 -0.000510438 -0.002 
v 0.00519145 -0.000480516 -0.002 
v 0.00136136 0.000629834 -0.002 
v 0.00537551 0.000355696 -0.002 
v 0.0010986 -0.00100863 -0.002 
v 0.004972 -0.000516493 -0.002 
v 0.00119414 0.000907761 -0.002 
v 0.00939027 0 -0.002 
v 0.00551421 5.59132e-05 -0.002 
v 0.00549016 0.000165146 -0.002 
v 0.00146493 -0.000322456 -0.002 
v 0.00100862 0.00110361 -0.002 
v 0.00486162 -0.000498398 -0.002 
v 0.00458823 -0.000313031 -0.002 
v 0.00466514 -0.000394232 -0.002 
v 0.00449485 -0.000111202 -0.002 
v 0.00453056 -0.000217194 -0.002 
v 0.00119414 -0.000907761 -0.002 
v 0.00136136 -0.000629834 -0.002 
v 0.00549016 -0.000165166 -0.002 
v 0.00551421 -5.5934e-05 -0.002 
v 0.00475772 -0.000456999 -0.002 
v 0.0054432 -0.000266676 -0.002 
v 0.00607913 -0.00715691 -0.002 
v 0.00100862 -0.00110361 -0.002 
v 0.00439848 -0.00829642 -0.002 
v 0.00251216 -0.009048 -0.002 
v 0.00747553 -0.00568275 -0.002 
v 0.00852238 -0.00394287 -0.002 
v 0.00917073 -0.00201863 -0.002 
v -0.000469436 -0.00478283 -0.002 
v -0.000505149 -0.00488882 -0.002 
v -0.00889872 -0.00299833 -0.002 
v 8.12084e-05 -0.0014978 -0.002 
v 8.36796e-05 -0.00448958 -0.002 
v -2.80036e-05 -0.00448353 -0.002 
v 0.000290268 -0.00457189 -0.002 
v 0.00019145 -0.0045195 -0.002 
v -0.000517242 -0.00500001 -0.002 
v -0.00804612 -0.00484119 -0.002 
v -0.00933522 -0.00101527 -0.002 
v -0.00110642 -0.00100863 -0.002 
v -0.000242281 -0.00454302 -0.002 
v -0.000334856 -0.00460579 -0.002 
v -0.00933558 -0.00100863 -0.002 
v -0.000138377 -0.00450162 -0.002 
v -0.000841781 -0.00124153 -0.002 
v -0.000555207 -0.00139347 -0.002 
v -0.000242673 -0.00148024 -0.002 
v 0.000702613 -0.00132527 -0.002 
v 0.000490165 -0.00483485 -0.002 
v 0.000443201 -0.00473334 -0.002 
v -0.0034757 -0.00872334 -0.002 
v -0.000334856 -0.00539423 -0.002 
v -0.000242281 -0.005457 -0.002 
v -0.0052697 -0.00777222 -0.002 
v -0.000411773 -0.00531303 -0.002 
v -0.000411773 -0.00468699 -0.002 
v -0.00108899 -0.00103155 -0.002 
v 0.000401293 -0.00144532 -0.002 
v 0.000375514 -0.0046443 -0.002 
v 0.000971079 -0.00114324 -0.002 
v 0.00100862 -0.00929449 -0.002 
v 0.000514208 -0.00505593 -0.002 
v 0.000508379 -0.0093765 -0.002 
v 8.36796e-05 -0.00551044 -0.002 
v -0.00151918 -0.00926657 -0.002 
v 0.000514208 -0.00494409 -0.002 
v 0.000375514 -0.00535572 -0.002 
v 0.000443201 -0.00526668 -0.002 
v 0.00019145 -0.00548051 -0.002 
v -0.000469436 -0.00521719 -0.002 
v -0.000505149 -0.0051112 -0.002 
v 0.000490165 -0.00516517 -0.002 
v 0.000290268 -0.00542812 -0.002 
v -2.80036e-05 -0.00551649 -0.002 
v -0.00681729 -0.00645768 -0.002 
v -0.000138377 -0.0054984 -0.002 
v 0.000375514 0.00464428 -0.002 
v -0.000841781 0.00124153 -0.002 
v -0.00108899 0.00103155 -0.002 
v 0.000443201 0.00526665 -0.002 
v 0.000375514 0.0053557 -0.002 
v -0.00450983 0.000165146 -0.002 
v -0.00128529 0.000773331 -0.002 
v -0.00142148 0.000478952 -0.002 
v -0.0045568 0.000266655 -0.002 
v -0.000242673 0.00148024 -0.002 
v -0.000555207 0.00139347 -0.002 
v 0.000490165 0.00516514 -0.002 
v -0.00448579 5.59132e-05 -0.002 
v 0.000401293 0.00144532 -0.002 
v 8.12084e-05 0.0014978 -0.002 
v 0.000514208 0.00505591 -0.002 
v 0.000514208 0.00494407 -0.002 
v 0.000443201 0.00473332 -0.002 
v 0.000971079 0.00114324 -0.002 
v 0.000702613 0.00132527 -0.002 
v -0.000517242 0.00499999 -0.002 
v -0.00804612 0.00484119 -0.002 
v -0.00681729 0.00645768 -0.002 
v -0.000505149 0.00511118 -0.002 
v -0.0052697 0.00777222 -0.002 
v -0.0034757 0.00872334 -0.002 
v -0.00151918 0.00926657 -0.002 
v -0.000242281 0.00545698 -0.002 
v 0.000508379 0.0093765 -0.002 
v -2.80036e-05 0.00551647 -0.002 
v 0.00019145 0.00548049 -0.002 
v 8.36796e-05 0.00551042 -0.002 
v 0.000490165 0.00483483 -0.002 
v -0.00889872 0.00299833 -0.002 
v -0.00541177 0.000313011 -0.002 
v -0.00546944 0.000217174 -0.002 
v -0.00533485 0.000394211 -0.002 
v -0.000411773 0.00468697 -0.002 
v -0.000334856 0.00460577 -0.002 
v -0.00462449 0.000355696 -0.002 
v -0.000469436 0.00521717 -0.002 
v -0.000334856 0.00539421 -0.002 
v -0.000411773 0.00531301 -0.002 
v -0.000138377 0.00549838 -0.002 
v 0.000290268 0.0054281 -0.002 
v -0.00448579 -5.5934e-05 -0.002 
v -0.0015 2.75546e-19 -0.002 
v -0.005028 -0.000516493 -0.002 
v -0.00939027 3.44993e-18 -0.002 
v -0.00933522 0.00101527 -0.002 
v -0.00550515 0.000111181 -0.002 
v -0.00513838 0.000498377 -0.002 
v -0.00524228 0.000456979 -0.002 
v -0.00491632 0.000510417 -0.002 
v 0.00019145 0.00451948 -0.002 
v 0.000290268 0.00457187 -0.002 
v -0.000242281 0.004543 -0.002 
v -0.00470973 0.000428105 -0.002 
v -0.000505149 0.0048888 -0.002 
v -0.000469436 0.0047828 -0.002 
v -0.00149121 0.000162179 -0.002 
v -0.00491632 -0.000510438 -0.002 
v -0.005028 0.000516472 -0.002 
v -0.00480855 0.000480495 -0.002 
v 8.36796e-05 0.00448956 -0.002 
v -0.000138377 0.0045016 -0.002 
v -2.80036e-05 0.00448351 -0.002 
v -0.00450983 -0.000165166 -0.002 
v -0.00142148 -0.000478952 -0.002 
v -0.00513838 -0.000498398 -0.002 
v -0.00149121 -0.000162179 -0.002 
v -0.00128529 -0.000773331 -0.002 
v -0.0045568 -0.000266676 -0.002 
v -0.00470973 -0.000428125 -0.002 
v -0.00462449 -0.000355717 -0.002 
v -0.00480855 -0.000480516 -0.002 
v -0.00541177 -0.000313031 -0.002 
v -0.00533485 -0.000394232 -0.002 
v -0.00551724 -1.03796e-08 -0.002 
v -0.00550515 -0.000111202 -0.002 
v -0.00524228 -0.000456999 -0.002 
v -0.00546944 -0.000217194 -0.002 
vn 0 0 -1 
vn 0 0 -1 
vn 0 0 -1 
vn 0 0 -1 
vn 0 0 -1 
vn 0 0 -1 
vn 0 0 -1 
vn 0 0 -1 
vn 0 0 -1 
vn 0 0 -1 
vn 0 0 -1 
vn 0 0 -1 
vn 0 0 -1 
vn 0 0 -1 
vn 0 0 -1 
vn 0 0 -1 
vn 0 0 -1 
vn 0 0 -1 
vn 0 0 -1 
vn 0 0 -1 
vn 0 0 -1 
vn 0 0 -1 
vn 0 0 -1 
vn 0 0 -1 
vn 0 0 -1 
vn 0 0 -1 
vn 0 0 -1 
vn 0 0 -1 
vn 0 0 -1 
vn 0 0 -1 
vn 0 0 -1 
vn 0 0 -1 
vn 0 0 -1 
vn 0 0 -1 
vn 0 0 -1 
vn 0 0 -1 
vn 0 0 -1 
vn 0 0 -1 
vn 0 0 -1 
vn 0 0 -1 
vn 0 0 -1 
vn 0 0 -1 
vn 0 0 -1 
vn 0 0 -1 
vn 0 0 -1 
vn 0 0 -1 
vn 0 0 -1 
vn 0 0 -1 
vn 0 0 -1 
vn 0 0 -1 
vn 0 0 -1 
vn 0 0 -1 
vn 0 0 -1 
vn 0 0 -1 
vn 0 0 -1 
vn 0 0 -1 
vn 0 0 -1 
vn 0 0 -1 
vn 0 0 -1 
vn 0 0 -1 
vn 0 0 -1 
vn 0 0 -1 
vn 0 0 -1 
vn 0 0 -1 
vn 0 0 -1 
vn 0 0 -1 
vn 0 0 -1 
vn 0 0 -1 
vn 0 0 -1 
vn 0 0 -1 
vn 0 0 -1 
vn 0 0 -1 
vn 0 0 -1 
vn 0 0 -1 
vn 0 0 -1 
vn 0 0 -1 
vn 0 0 -1 
vn 0 0 -1 
vn 0 0 -1 
vn 0 0 -1 
vn 0 0 -1 
vn 0 0 -1 
vn 0 0 -1 
vn 0 0 -1 
vn 0 0 -1 
vn 0 0 -1 
vn 0 0 -1 
vn 0 0 -1 
vn 0 0 -1 
vn 0 0 -1 
vn 0 0 -1 
vn 0 0 -1 
vn 0 0 -1 
vn 0 0 -1 
vn 0 0 -1 
vn 0 0 -1 
vn 0 0 -1 
vn 0 0 -1 
vn 0 0 -1 
vn 0 0 -1 
vn 0 0 -1 
vn 0 0 -1 
vn 0 0 -1 
vn 0 0 -1 
vn 0 0 -1 
vn 0 0 -1 
vn 0 0 -1 
vn 0 0 -1 
vn 0 0 -1 
vn 0 0 -1 
vn 0 0 -1 
vn 0 0 -1 
vn 0 0 -1 
vn 0 0 -1 
vn 0 0 -1 
vn 0 0 -1 
vn 0 0 -1 
vn 0 0 -1 
vn 0 0 -1 
vn 0 0 -1 
vn 0 0 -1 
vn 0 0 -1 
vn 0 0 -1 
vn 0 0 -1 
vn 0 0 -1 
vn 0 0 -1 
vn 0 0 -1 
vn 0 0 -1 
vn 0 0 -1 
vn 0 0 -1 
vn 0 0 -1 
vn 0 0 -1 
vn 0 0 -1 
vn 0 0 -1 
vn 0 0 -1 
vn 0 0 -1 
vn 0 0 -1 
vn 0 0 -1 
vn 0 0 -1 
vn 0 0 -1 
vn 0 0 -1 
vn 0 0 -1 
vn 0 0 -1 
vn 0 0 -1 
vn 0 0 -1 
vn 0 0 -1 
vn 0 0 -1 
vn 0 0 -1 
vn 0 0 -1 
vn 0 0 -1 
vn 0 0 -1 
vn 0 0 -1 
vn 0 0 -1 
vn 0 0 -1 
vn 0 0 -1 
vn 0 0 -1 
vn 0 0 -1 
vn 0 0 -1 
vn 0 0 -1 
vn 0 0 -1 
vn 0 0 -1 
vn 0 0 -1 
vn 0 0 -1 
vn 0 0 -1 
vn 0 0 -1 
vn 0 0 -1 
vn 0 0 -1 
vn 0 0 -1 
vn 0 0 -1 
vn 0 0 -1 
vn 0 0 -1 
vn 0 0 -1 
vn 0 0 -1 
vn 0 0 -1 
vn 0 0 -1 
vn 0 0 -1 
vn 0 0 -1 
vn 0 0 -1 
vn 0 0 -1 
vn 0 0 -1 
vn 0 0 -1 
vn 0 0 -1 
vn 0 0 -1 
vn 0 0 -1 
f 957//957 958//958 959//959 
f 960//960 961//961 962//962 
f 957//957 963//963 958//958 
f 963//963 957//957 964//964 
f 965//965 966//966 960//960 
f 964//964 967//967 963//963 
f 967//967 964//964 968//968 
f 965//965 959//959 966//966 
f 968//968 969//969 967//967 
f 969//969 968//968 970//970 
f 971//971 970//970 972//972 
f 973//973 972//972 974//974 
f 962//962 965//965 960//960 
f 970//970 971//971 969//969 
f 974//974 975//975 973//973 
f 974//974 976//976 977//977 
f 978//978 979//979 980//980 
f 978//978 981//981 982//982 
f 965//965 983//983 959//959 
f 972//972 973//973 971//971 
f 977//977 984//984 974//974 
f 982//982 979//979 978//978 
f 978//978 985//985 986//986 
f 983//983 987//987 959//959 
f 984//984 975//975 974//974 
f 988//988 989//989 990//990 
f 986//986 981//981 978//978 
f 991//991 962//962 961//961 
f 959//959 992//992 957//957 
f 990//990 976//976 988//988 
f 985//985 993//993 986//986 
f 985//985 994//994 995//995 
f 961//961 996//996 991//991 
f 997//997 998//998 999//999 
f 990//990 977//977 976//976 
f 978//978 1000//1000 1001//1001 
f 985//985 1002//1002 993//993 
f 985//985 997//997 994//994 
f 999//999 991//991 997//997 
f 988//988 1001//1001 989//989 
f 978//978 1003//1003 1000//1000 
f 995//995 1002//1002 985//985 
f 997//997 985//985 998//998 
f 1001//1001 988//988 978//978 
f 996//996 997//997 991//991 
f 980//980 1003//1003 978//978 
f 1004//1004 1005//1005 985//985 
f 1005//1005 1006//1006 1007//1007 
f 985//985 1008//1008 1004//1004 
f 1004//1004 1006//1006 1005//1005 
f 985//985 1009//1009 1008//1008 
f 985//985 978//978 1010//1010 
f 1010//1010 1009//1009 985//985 
f 1011//1011 1012//1012 1013//1013 
f 1014//1014 1015//1015 1016//1016 
f 1014//1014 1017//1017 1018//1018 
f 1012//1012 1019//1019 1020//1020 
f 1013//1013 1021//1021 1011//1011 
f 1022//1022 1023//1023 1024//1024 
f 1018//1018 1015//1015 1014//1014 
f 1021//1021 1025//1025 1011//1011 
f 1022//1022 1026//1026 1023//1023 
f 1016//1016 1027//1027 1028//1028 
f 1016//1016 1029//1029 1014//1014 
f 1030//1030 1031//1031 1032//1032 
f 1033//1033 1034//1034 1035//1035 
f 1033//1033 1036//1036 1037//1037 
f 1025//1025 1038//1038 1011//1011 
f 1024//1024 1025//1025 1022//1022 
f 1016//1016 1039//1039 1027//1027 
f 1026//1026 1022//1022 1039//1039 
f 1014//1014 1040//1040 1017//1017 
f 1032//1032 1041//1041 1030//1030 
f 1037//1037 1034//1034 1033//1033 
f 1024//1024 1038//1038 1025//1025 
f 1039//1039 1016//1016 1026//1026 
f 1031//1031 1030//1030 1042//1042 
f 1041//1041 1017//1017 1030//1030 
f 1005//1005 1043//1043 1044//1044 
f 1043//1043 1045//1045 1046//1046 
f 1035//1035 1047//1047 1033//1033 
f 1028//1028 1029//1029 1016//1016 
f 1040//1040 1030//1030 1017//1017 
f 1044//1044 1048//1048 1005//1005 
f 1043//1043 1049//1049 1050//1050 
f 1046//1046 1051//1051 1043//1043 
f 1036//1036 1052//1052 1037//1037 
f 1053//1053 1052//1052 1036//1036 
f 1042//1042 1005//1005 1031//1031 
f 1043//1043 1054//1054 1044//1044 
f 1043//1043 1055//1055 1049//1049 
f 1045//1045 1056//1056 1046//1046 
f 1036//1036 1057//1057 1053//1053 
f 1019//1019 1053//1053 1057//1057 
f 1048//1048 1031//1031 1005//1005 
f 1051//1051 1055//1055 1043//1043 
f 1047//1047 1058//1058 1056//1056 
f 1057//1057 1020//1020 1019//1019 
f 1050//1050 1054//1054 1043//1043 
f 1035//1035 1058//1058 1047//1047 
f 1056//1056 1045//1045 1047//1047 
f 1059//1059 1060//1060 1061//1061 
f 957//957 1062//1062 1063//1063 
f 1064//1064 1065//1065 1066//1066 
f 1061//1061 1067//1067 1059//1059 
f 1059//1059 1068//1068 1069//1069 
f 957//957 1070//1070 1062//1062 
f 1066//1066 1071//1071 1064//1064 
f 1069//1069 1060//1060 1059//1059 
f 1072//1072 1073//1073 1059//1059 
f 957//957 1074//1074 1070//1070 
f 992//992 1075//1075 1074//1074 
f 1061//1061 1065//1065 1067//1067 
f 1059//1059 1076//1076 1072//1072 
f 1076//1076 1077//1077 1078//1078 
f 1079//1079 1080//1080 1081//1081 
f 1082//1082 1081//1081 1083//1083 
f 1084//1084 1085//1085 1086//1086 
f 1085//1085 1087//1087 1088//1088 
f 957//957 1089//1089 1090//1090 
f 1074//1074 957//957 992//992 
f 992//992 1076//1076 1091//1091 
f 1073//1073 1068//1068 1059//1059 
f 1076//1076 992//992 1077//1077 
f 1092//1092 1093//1093 1094//1094 
f 1092//1092 1080//1080 1095//1095 
f 1096//1096 1097//1097 1098//1098 
f 1083//1083 1099//1099 1082//1082 
f 1084//1084 1100//1100 1101//1101 
f 1085//1085 1102//1102 1086//1086 
f 1087//1087 1090//1090 1088//1088 
f 957//957 1103//1103 1089//1089 
f 1091//1091 1075//1075 992//992 
f 1078//1078 1072//1072 1076//1076 
f 1104//1104 1071//1071 1105//1105 
f 1022//1022 1025//1025 1106//1106 
f 1107//1107 1108//1108 1109//1109 
f 1095//1095 1093//1093 1092//1092 
f 1080//1080 1110//1110 1111//1111 
f 1080//1080 1079//1079 1112//1112 
f 1067//1067 1113//1113 1114//1114 
f 1067//1067 1097//1097 1115//1115 
f 1097//1097 1067//1067 1098//1098 
f 1116//1116 1117//1117 1118//1118 
f 1083//1083 1101//1101 1099//1099 
f 1086//1086 1100//1100 1084//1084 
f 1090//1090 1087//1087 957//957 
f 1064//1064 1067//1067 1065//1065 
f 1071//1071 1119//1119 1105//1105 
f 1106//1106 1120//1120 1022//1022 
f 1108//1108 1094//1094 1109//1109 
f 1111//1111 1095//1095 1080//1080 
f 1112//1112 1121//1121 1080//1080 
f 1079//1079 1116//1116 1122//1122 
f 1067//1067 1123//1123 1113//1113 
f 1067//1067 1124//1124 1125//1125 
f 1098//1098 1116//1116 1096//1096 
f 1116//1116 1079//1079 1117//1117 
f 1101//1101 1083//1083 1084//1084 
f 1063//1063 1103//1103 957//957 
f 1071//1071 1066//1066 1119//1119 
f 1126//1126 1104//1104 1127//1127 
f 1025//1025 1128//1128 1106//1106 
f 1094//1094 1108//1108 1092//1092 
f 1122//1122 1112//1112 1079//1079 
f 1125//1125 1123//1123 1067//1067 
f 1118//1118 1096//1096 1116//1116 
f 1088//1088 1102//1102 1085//1085 
f 1105//1105 1129//1129 1104//1104 
f 1130//1130 1131//1131 1126//1126 
f 1022//1022 1132//1132 1133//1133 
f 1120//1120 1134//1134 1022//1022 
f 1025//1025 1135//1135 1136//1136 
f 1107//1107 1137//1137 1138//1138 
f 1121//1121 1110//1110 1080//1080 
f 1115//1115 1124//1124 1067//1067 
f 1129//1129 1127//1127 1104//1104 
f 1127//1127 1130//1130 1126//1126 
f 1134//1134 1132//1132 1022//1022 
f 1136//1136 1139//1139 1025//1025 
f 1138//1138 1025//1025 1107//1107 
f 1114//1114 1059//1059 1067//1067 
f 1130//1130 1022//1022 1131//1131 
f 1139//1139 1128//1128 1025//1025 
f 1138//1138 1140//1140 1025//1025 
f 1081//1081 1082//1082 1079//1079 
f 1140//1140 1135//1135 1025//1025 
f 1133//1133 1131//1131 1022//1022 
f 1109//1109 1137//1137 1107//1107 
f 1020//1020 1013//1013 1012//1012 
f 1007//1007 1043//1043 1005//1005 
f 987//987 992//992 959//959 
o mesh1726
v 0.00917073 0.00201863 -0.002 
v 0.00911697 0.0020068 -0.00143089 
v 0.00933522 0.00101527 -0.00143089 
v 0.00939027 0 -0.002 
v 0.00852238 0.00394287 -0.002 
v 0.00847242 0.00391976 -0.00143089 
v 0.00889872 0.00299833 -0.00143089 
v 0.00747553 0.00568275 -0.002 
v 0.00743171 0.00564944 -0.00143089 
v 0.00804612 0.00484119 -0.00143089 
v 0.00607913 0.00715691 -0.002 
v 0.0060435 0.00711495 -0.00143089 
v 0.00681729 0.00645768 -0.00143089 
v 0.00439848 0.00829642 -0.002 
v 0.0043727 0.00824778 -0.00143089 
v 0.0052697 0.00777222 -0.00143089 
v 0.00251216 0.009048 -0.002 
v 0.00249744 0.00899496 -0.00143089 
v 0.0034757 0.00872334 -0.00143089 
v 0.00100862 0.00929449 -0.002 
v 0.00151918 0.00926657 -0.00143089 
v 0.000505399 0.00932153 -0.00143089 
v -0.00151918 0.00926657 -0.002 
v -0.00151027 0.00921225 -0.00143089 
v -0.000508379 0.0093765 -0.00143089 
v 0.000508379 0.0093765 -0.002 
v -0.0034757 0.00872334 -0.002 
v -0.00345532 0.00867221 -0.00143089 
v -0.00251216 0.009048 -0.00143089 
v -0.0052697 0.00777222 -0.002 
v -0.00523881 0.00772666 -0.00143089 
v -0.00439848 0.00829642 -0.00143089 
v -0.00681729 0.00645768 -0.002 
v -0.00677733 0.00641983 -0.00143089 
v -0.00607913 0.00715691 -0.00143089 
v -0.00804612 0.00484119 -0.002 
v -0.00799895 0.00481281 -0.00143089 
v -0.00747553 0.00568275 -0.00143089 
v -0.00889872 0.00299833 -0.002 
v -0.00884656 0.00298075 -0.00143089 
v -0.00852238 0.00394287 -0.00143089 
v -0.00933522 0.00101527 -0.002 
v -0.0092805 0.00100932 -0.00143089 
v -0.00917073 0.00201863 -0.00143089 
v -0.00939027 0 -0.00143089 
v -0.00939027 3.44993e-18 -0.002 
v -0.00933558 -0.00100863 -0.002 
v -0.0092805 -0.00100932 -0.00143089 
v -0.00889872 -0.00299833 -0.002 
v -0.00884656 -0.00298075 -0.00143089 
v -0.00917073 -0.00201863 -0.00143089 
v -0.00933522 -0.00101527 -0.002 
v -0.00804612 -0.00484119 -0.002 
v -0.00799895 -0.00481281 -0.00143089 
v -0.00852238 -0.00394287 -0.00143089 
v -0.00681729 -0.00645768 -0.002 
v -0.00677733 -0.00641983 -0.00143089 
v -0.00747553 -0.00568275 -0.00143089 
v -0.0052697 -0.00777222 -0.002 
v -0.00523881 -0.00772666 -0.00143089 
v -0.00607913 -0.00715691 -0.00143089 
v -0.0034757 -0.00872334 -0.002 
v -0.00345532 -0.00867221 -0.00143089 
v -0.00439848 -0.00829642 -0.00143089 
v -0.00151918 -0.00926657 -0.002 
v -0.00151027 -0.00921225 -0.00143089 
v -0.00251216 -0.009048 -0.00143089 
v 0.000508379 -0.0093765 -0.002 
v 0.000505399 -0.00932153 -0.00143089 
v -0.000508379 -0.0093765 -0.00143089 
v 0.00251216 -0.009048 -0.002 
v 0.00249744 -0.00899496 -0.00143089 
v 0.00151918 -0.00926657 -0.00143089 
v 0.00100862 -0.00929449 -0.002 
v 0.00439848 -0.00829642 -0.002 
v 0.0043727 -0.00824778 -0.00143089 
v 0.0034757 -0.00872334 -0.00143089 
v 0.00607913 -0.00715691 -0.002 
v 0.0060435 -0.00711495 -0.00143089 
v 0.0052697 -0.00777222 -0.00143089 
v 0.00747553 -0.00568275 -0.002 
v 0.00743171 -0.00564944 -0.00143089 
v 0.00681729 -0.00645768 -0.00143089 
v 0.00852238 -0.00394287 -0.002 
v 0.00847242 -0.00391976 -0.00143089 
v 0.00804612 -0.00484119 -0.00143089 
v 0.00917073 -0.00201863 -0.002 
v 0.00911697 -0.0020068 -0.00143089 
v 0.00889872 -0.00299833 -0.00143089 
v 0.00933522 0 -0.00143089 
v 0.00933522 -0.00101527 -0.00143089 
v 0.00928058 -0.00100863 -0.002 
vn 0.976621 0.21497 0 
vn 0.976621 0.21497 0 
vn 0.994138 0.108119 0 
vn 1 0 0 
vn 0.907575 0.419889 0 
vn 0.907575 0.419889 0 
vn 0.947653 0.319302 0 
vn 0.796093 0.605174 0 
vn 0.796093 0.605174 0 
vn 0.856857 0.515554 0 
vn 0.647386 0.762162 0 
vn 0.647386 0.762162 0 
vn 0.725995 0.687699 0 
vn 0.468408 0.883512 0 
vn 0.468408 0.883512 0 
vn 0.561187 0.827689 0 
vn 0.267528 0.96355 0 
vn 0.267528 0.96355 0 
vn 0.370138 0.928977 0 
vn 0.107885 0.994163 0 
vn 0.161782 0.986827 0 
vn 0.0541389 0.998533 0 
vn -0.161782 0.986827 0 
vn -0.161782 0.986827 0 
vn -0.0541389 0.998533 0 
vn 0.0541389 0.998533 0 
vn -0.370138 0.928977 0 
vn -0.370138 0.928977 0 
vn -0.267528 0.96355 0 
vn -0.561187 0.827689 0 
vn -0.561187 0.827689 0 
vn -0.468408 0.883512 0 
vn -0.725995 0.687699 0 
vn -0.725995 0.687699 0 
vn -0.647386 0.762162 0 
vn -0.856857 0.515554 0 
vn -0.856857 0.515554 0 
vn -0.796093 0.605174 0 
vn -0.947653 0.319302 0 
vn -0.947653 0.319302 0 
vn -0.907575 0.419889 0 
vn -0.994138 0.108119 0 
vn -0.994138 0.108119 0 
vn -0.976621 0.21497 0 
vn -1 1.22465e-16 0 
vn -1 1.22465e-16 0 
vn -0.994214 -0.107416 0 
vn -0.994138 -0.108119 0 
vn -0.947653 -0.319302 0 
vn -0.947653 -0.319302 0 
vn -0.976621 -0.21497 0 
vn -0.994138 -0.108119 0 
vn -0.856857 -0.515554 0 
vn -0.856857 -0.515554 0 
vn -0.907575 -0.419889 0 
vn -0.725995 -0.687699 0 
vn -0.725995 -0.687699 0 
vn -0.796093 -0.605174 0 
vn -0.561187 -0.827689 0 
vn -0.561187 -0.827689 0 
vn -0.647386 -0.762162 0 
vn -0.370138 -0.928977 0 
vn -0.370138 -0.928977 0 
vn -0.468408 -0.883512 0 
vn -0.161782 -0.986827 0 
vn -0.161782 -0.986827 0 
vn -0.267528 -0.96355 0 
vn 0.0541389 -0.998533 0 
vn 0.0541389 -0.998533 0 
vn -0.0541389 -0.998533 0 
vn 0.267528 -0.96355 0 
vn 0.267528 -0.96355 0 
vn 0.161782 -0.986827 0 
vn 0.107885 -0.994163 0 
vn 0.468408 -0.883512 0 
vn 0.468408 -0.883512 0 
vn 0.370138 -0.928977 0 
vn 0.647386 -0.762162 0 
vn 0.647386 -0.762162 0 
vn 0.561187 -0.827689 0 
vn 0.796093 -0.605174 0 
vn 0.796093 -0.605174 0 
vn 0.725995 -0.687699 0 
vn 0.907575 -0.419889 0 
vn 0.907575 -0.419889 0 
vn 0.856857 -0.515554 0 
vn 0.976621 -0.21497 0 
vn 0.976621 -0.21497 0 
vn 0.947653 -0.319302 0 
vn 1 0 0 
vn 0.994138 -0.108119 0 
vn 0.994146 -0.108045 0 
f 1141//1141 1142//1142 1143//1143 
f 1143//1143 1144//1144 1141//1141 
f 1145//1145 1146//1146 1147//1147 
f 1147//1147 1141//1141 1145//1145 
f 1148//1148 1149//1149 1150//1150 
f 1150//1150 1145//1145 1148//1148 
f 1151//1151 1152//1152 1153//1153 
f 1153//1153 1148//1148 1151//1151 
f 1154//1154 1155//1155 1156//1156 
f 1156//1156 1151//1151 1154//1154 
f 1157//1157 1158//1158 1159//1159 
f 1159//1159 1154//1154 1157//1157 
f 1157//1157 1160//1160 1161//1161 
f 1160//1160 1162//1162 1161//1161 
f 1161//1161 1158//1158 1157//1157 
f 1163//1163 1164//1164 1165//1165 
f 1165//1165 1166//1166 1163//1163 
f 1167//1167 1168//1168 1169//1169 
f 1169//1169 1163//1163 1167//1167 
f 1170//1170 1171//1171 1172//1172 
f 1172//1172 1167//1167 1170//1170 
f 1173//1173 1174//1174 1175//1175 
f 1175//1175 1170//1170 1173//1173 
f 1176//1176 1177//1177 1178//1178 
f 1178//1178 1173//1173 1176//1176 
f 1179//1179 1180//1180 1181//1181 
f 1181//1181 1176//1176 1179//1179 
f 1182//1182 1183//1183 1184//1184 
f 1184//1184 1179//1179 1182//1182 
f 1185//1185 1186//1186 1187//1187 
f 1187//1187 1188//1188 1185//1185 
f 1186//1186 1185//1185 1183//1183 
f 1183//1183 1182//1182 1186//1186 
f 1189//1189 1190//1190 1191//1191 
f 1191//1191 1192//1192 1189//1189 
f 1193//1193 1194//1194 1195//1195 
f 1195//1195 1189//1189 1193//1193 
f 1196//1196 1197//1197 1198//1198 
f 1198//1198 1193//1193 1196//1196 
f 1199//1199 1200//1200 1201//1201 
f 1201//1201 1196//1196 1199//1199 
f 1202//1202 1203//1203 1204//1204 
f 1204//1204 1199//1199 1202//1202 
f 1205//1205 1206//1206 1207//1207 
f 1207//1207 1202//1202 1205//1205 
f 1208//1208 1209//1209 1210//1210 
f 1210//1210 1205//1205 1208//1208 
f 1211//1211 1212//1212 1213//1213 
f 1213//1213 1214//1214 1211//1211 
f 1209//1209 1208//1208 1214//1214 
f 1215//1215 1216//1216 1217//1217 
f 1217//1217 1211//1211 1215//1215 
f 1218//1218 1219//1219 1220//1220 
f 1220//1220 1215//1215 1218//1218 
f 1221//1221 1222//1222 1223//1223 
f 1223//1223 1218//1218 1221//1221 
f 1224//1224 1225//1225 1226//1226 
f 1226//1226 1221//1221 1224//1224 
f 1227//1227 1228//1228 1229//1229 
f 1229//1229 1224//1224 1227//1227 
f 1230//1230 1231//1231 1232//1232 
f 1232//1232 1231//1231 1228//1228 
f 1228//1228 1227//1227 1232//1232 
f 1232//1232 1144//1144 1230//1230 
f 1229//1229 1225//1225 1224//1224 
f 1226//1226 1222//1222 1221//1221 
f 1223//1223 1219//1219 1218//1218 
f 1220//1220 1216//1216 1215//1215 
f 1217//1217 1212//1212 1211//1211 
f 1213//1213 1209//1209 1214//1214 
f 1210//1210 1206//1206 1205//1205 
f 1207//1207 1203//1203 1202//1202 
f 1204//1204 1200//1200 1199//1199 
f 1201//1201 1197//1197 1196//1196 
f 1198//1198 1194//1194 1193//1193 
f 1195//1195 1190//1190 1189//1189 
f 1191//1191 1188//1188 1192//1192 
f 1187//1187 1192//1192 1188//1188 
f 1184//1184 1180//1180 1179//1179 
f 1181//1181 1177//1177 1176//1176 
f 1178//1178 1174//1174 1173//1173 
f 1175//1175 1171//1171 1170//1170 
f 1172//1172 1168//1168 1167//1167 
f 1169//1169 1164//1164 1163//1163 
f 1165//1165 1162//1162 1166//1166 
f 1160//1160 1166//1166 1162//1162 
f 1159//1159 1155//1155 1154//1154 
f 1156//1156 1152//1152 1151//1151 
f 1153//1153 1149//1149 1148//1148 
f 1150//1150 1146//1146 1145//1145 
f 1147//1147 1142//1142 1141//1141 
f 1143//1143 1230//1230 1144//1144 
o mesh1727
v -0.00932323 0.0020522 -0.000837089 
v -0.00954642 0 -0.000837089 
v -0.00955017 0.00103864 -0.000666506 
v -0.00966313 -2.36678e-18 -0.000666506 
v -0.0086641 0.00400844 -0.000837089 
v -0.00910361 0.00306736 -0.000666506 
v -0.00943721 0.00207729 -0.000666506 
v -0.00759984 0.00577725 -0.000837089 
v -0.00823138 0.00495266 -0.000666506 
v -0.00877002 0.00405744 -0.000666506 
v -0.00618022 0.00727592 -0.000837089 
v -0.00697426 0.00660637 -0.000666506 
v -0.00769275 0.00584788 -0.000666506 
v -0.00447163 0.00843438 -0.000837089 
v -0.00539103 0.00795118 -0.000666506 
v -0.00625578 0.00736487 -0.000666506 
v -0.00255394 0.00919846 -0.000837089 
v -0.00355573 0.0089242 -0.000666506 
v -0.00452629 0.00853749 -0.000666506 
v -0.000516833 0.00953242 -0.000837089 
v -0.00155416 0.00947993 -0.000666506 
v -0.00258516 0.00931091 -0.000666506 
v 0.00154444 0.00942066 -0.000837089 
v 0.000520085 0.00959239 -0.000666506 
v -0.000523151 0.00964896 -0.000666506 
v 0.0035335 0.00886841 -0.000837089 
v 0.00257001 0.00925633 -0.000666506 
v 0.00156332 0.00953583 -0.000666506 
v 0.00535733 0.00790147 -0.000837089 
v 0.00449976 0.00848744 -0.000666506 
v 0.00357669 0.00897682 -0.000666506 
v 0.00693066 0.00656507 -0.000837089 
v 0.00621911 0.0073217 -0.000666506 
v 0.00542282 0.00799807 -0.000666506 
v 0.00817992 0.0049217 -0.000837089 
v 0.00764766 0.0058136 -0.000666506 
v 0.00701539 0.00664533 -0.000666506 
v 0.00827992 0.00498186 -0.000666506 
v 0.00871861 0.00403366 -0.000666506 
v 0.0090467 0.00304819 -0.000837089 
v 0.00949046 0.00103215 -0.000837089 
v 0.00938189 0.00206511 -0.000666506 
v 0.0091573 0.00308545 -0.000666506 
v 0.00949046 -0.00103215 -0.000837089 
v 0.00960648 0 -0.000666506 
v 0.00960648 0.00104477 -0.000666506 
v 0.0090467 -0.00304819 -0.000837089 
v 0.00938189 -0.00206511 -0.000666506 
v 0.00960648 -0.00104477 -0.000666506 
v 0.00817992 -0.0049217 -0.000837089 
v 0.00871861 -0.00403366 -0.000666506 
v 0.0091573 -0.00308545 -0.000666506 
v 0.00693066 -0.00656507 -0.000837089 
v 0.00764766 -0.0058136 -0.000666506 
v 0.00827992 -0.00498186 -0.000666506 
v 0.00535733 -0.00790147 -0.000837089 
v 0.00621911 -0.0073217 -0.000666506 
v 0.00701539 -0.00664533 -0.000666506 
v 0.0035335 -0.00886841 -0.000837089 
v 0.00449976 -0.00848744 -0.000666506 
v 0.00542282 -0.00799807 -0.000666506 
v 0.00154444 -0.00942066 -0.000837089 
v 0.00257001 -0.00925633 -0.000666506 
v 0.00357669 -0.00897682 -0.000666506 
v -0.000516833 -0.00953242 -0.000837089 
v 0.000520085 -0.00959239 -0.000666506 
v 0.00156332 -0.00953583 -0.000666506 
v -0.00255394 -0.00919846 -0.000837089 
v -0.00155416 -0.00947993 -0.000666506 
v -0.000523151 -0.00964896 -0.000666506 
v -0.00447163 -0.00843438 -0.000837089 
v -0.00355573 -0.0089242 -0.000666506 
v -0.00258516 -0.00931091 -0.000666506 
v -0.00618022 -0.00727592 -0.000837089 
v -0.00539103 -0.00795118 -0.000666506 
v -0.00452629 -0.00853749 -0.000666506 
v -0.00759984 -0.00577725 -0.000837089 
v -0.00697426 -0.00660637 -0.000666506 
v -0.00625578 -0.00736487 -0.000666506 
v -0.0086641 -0.00400844 -0.000837089 
v -0.00823138 -0.00495266 -0.000666506 
v -0.00769275 -0.00584788 -0.000666506 
v -0.00932323 -0.0020522 -0.000837089 
v -0.00910361 -0.00306736 -0.000666506 
v -0.00877002 -0.00405744 -0.000666506 
v -0.00955017 -0.00103864 -0.000666506 
v -0.00943721 -0.00207729 -0.000666506 
v -0.00923935 0.00203373 -0.00102508 
v -0.00858614 0.00397237 -0.00102508 
v -0.00753146 0.00572527 -0.00102508 
v -0.00612462 0.00721046 -0.00102508 
v -0.00443139 0.00835849 -0.00102508 
v -0.00253096 0.00911569 -0.00102508 
v -0.000512183 0.00944666 -0.00102508 
v 0.00153054 0.0093359 -0.00102508 
v 0.0035017 0.00878861 -0.00102508 
v 0.00530913 0.00783038 -0.00102508 
v 0.0068683 0.006506 -0.00102508 
v 0.00810632 0.00487741 -0.00102508 
v 0.0089653 0.00302076 -0.00102508 
v 0.00940507 0.00102286 -0.00102508 
v 0.00940507 -0.00102286 -0.00102508 
v 0.0089653 -0.00302076 -0.00102508 
v 0.00810632 -0.00487741 -0.00102508 
v 0.0068683 -0.006506 -0.00102508 
v 0.00530913 -0.00783038 -0.00102508 
v 0.0035017 -0.00878861 -0.00102508 
v 0.00153054 -0.0093359 -0.00102508 
v -0.000512183 -0.00944666 -0.00102508 
v -0.00253096 -0.00911569 -0.00102508 
v -0.00443139 -0.00835849 -0.00102508 
v -0.00612462 -0.00721046 -0.00102508 
v -0.00753146 -0.00572527 -0.00102508 
v -0.00858614 -0.00397237 -0.00102508 
v -0.00923935 -0.00203373 -0.00102508 
v -0.00946053 0 -0.00102508 
v -0.00918801 0.00202243 -0.00122497 
v -0.00853844 0.0039503 -0.00122497 
v -0.00748962 0.00569346 -0.00122497 
v -0.00609059 0.00717039 -0.00122497 
v -0.00440677 0.00831205 -0.00122497 
v -0.0025169 0.00906505 -0.00122497 
v -0.000509337 0.00939417 -0.00122497 
v 0.00152204 0.00928403 -0.00122497 
v 0.00348225 0.00873978 -0.00122497 
v 0.00527963 0.00778687 -0.00122497 
v 0.00683014 0.00646985 -0.00122497 
v 0.00806128 0.00485031 -0.00122497 
v 0.00891549 0.00300398 -0.00122497 
v 0.00935282 0.00101718 -0.00122497 
v 0.00935282 -0.00101718 -0.00122497 
v 0.00891549 -0.00300398 -0.00122497 
v 0.00806128 -0.00485031 -0.00122497 
v 0.00683014 -0.00646985 -0.00122497 
v 0.00527963 -0.00778687 -0.00122497 
v 0.00348225 -0.00873978 -0.00122497 
v 0.00152204 -0.00928403 -0.00122497 
v -0.000509337 -0.00939417 -0.00122497 
v -0.0025169 -0.00906505 -0.00122497 
v -0.00440677 -0.00831205 -0.00122497 
v -0.00609059 -0.00717039 -0.00122497 
v -0.00748962 -0.00569346 -0.00122497 
v -0.00853844 -0.0039503 -0.00122497 
v -0.00918801 -0.00202243 -0.00122497 
v -0.00940797 0 -0.00122497 
v -0.00917073 0.00201863 -0.00143089 
v -0.0092805 0.00100932 -0.00143089 
v -0.00852238 0.00394287 -0.00143089 
v -0.00884656 0.00298075 -0.00143089 
v -0.00747553 0.00568275 -0.00143089 
v -0.00799895 0.00481281 -0.00143089 
v -0.00607913 0.00715691 -0.00143089 
v -0.00677733 0.00641983 -0.00143089 
v -0.00439848 0.00829642 -0.00143089 
v -0.00523881 0.00772666 -0.00143089 
v -0.00251216 0.009048 -0.00143089 
v -0.00345532 0.00867221 -0.00143089 
v -0.000508379 0.0093765 -0.00143089 
v -0.00151027 0.00921225 -0.00143089 
v 0.00151918 0.00926657 -0.00143089 
v 0.000505399 0.00932153 -0.00143089 
v 0.0034757 0.00872334 -0.00143089 
v 0.00249744 0.00899496 -0.00143089 
v 0.0052697 0.00777222 -0.00143089 
v 0.0043727 0.00824778 -0.00143089 
v 0.00681729 0.00645768 -0.00143089 
v 0.0060435 0.00711495 -0.00143089 
v 0.00804612 0.00484119 -0.00143089 
v 0.00743171 0.00564944 -0.00143089 
v 0.00889872 0.00299833 -0.00143089 
v 0.00847242 0.00391976 -0.00143089 
v 0.00933522 0.00101527 -0.00143089 
v 0.00911697 0.0020068 -0.00143089 
v 0.00933522 -0.00101527 -0.00143089 
v 0.00933522 0 -0.00143089 
v 0.00911697 -0.0020068 -0.00143089 
v 0.00889872 -0.00299833 -0.00143089 
v 0.00847242 -0.00391976 -0.00143089 
v 0.00804612 -0.00484119 -0.00143089 
v 0.00681729 -0.00645768 -0.00143089 
v 0.00743171 -0.00564944 -0.00143089 
v 0.0052697 -0.00777222 -0.00143089 
v 0.0060435 -0.00711495 -0.00143089 
v 0.0034757 -0.00872334 -0.00143089 
v 0.0043727 -0.00824778 -0.00143089 
v 0.00151918 -0.00926657 -0.00143089 
v 0.00249744 -0.00899496 -0.00143089 
v -0.000508379 -0.0093765 -0.00143089 
v 0.000505399 -0.00932153 -0.00143089 
v -0.00251216 -0.009048 -0.00143089 
v -0.00151027 -0.00921225 -0.00143089 
v -0.00439848 -0.00829642 -0.00143089 
v -0.00345532 -0.00867221 -0.00143089 
v -0.00523881 -0.00772666 -0.00143089 
v -0.00607913 -0.00715691 -0.00143089 
v -0.00747553 -0.00568275 -0.00143089 
v -0.00677733 -0.00641983 -0.00143089 
v -0.00852238 -0.00394287 -0.00143089 
v -0.00799895 -0.00481281 -0.00143089 
v -0.00917073 -0.00201863 -0.00143089 
v -0.00884656 -0.00298075 -0.00143089 
v -0.00939027 0 -0.00143089 
v -0.0092805 -0.00100932 -0.00143089 
vn -0.850284 0.187162 -0.491923 
vn -0.870639 0 -0.491923 
vn -0.787148 0.0856075 -0.610794 
vn -0.773957 0 -0.633238 
vn -0.79017 0.365572 -0.491923 
vn -0.750342 0.25282 -0.610794 
vn -0.755863 0.166378 -0.633238 
vn -0.693109 0.526888 -0.491923 
vn -0.678451 0.40821 -0.610794 
vn -0.702425 0.324976 -0.633238 
vn -0.56364 0.663568 -0.491923 
vn -0.574836 0.544513 -0.610794 
vn -0.616142 0.468379 -0.633238 
vn -0.407815 0.76922 -0.491923 
vn -0.444342 0.655355 -0.610794 
vn -0.501049 0.589881 -0.633238 
vn -0.232921 0.838904 -0.491923 
vn -0.293072 0.735554 -0.610794 
vn -0.362528 0.683801 -0.633238 
vn -0.0471354 0.869362 -0.491923 
vn -0.128097 0.781359 -0.610794 
vn -0.207056 0.745747 -0.633238 
vn 0.140854 0.859169 -0.491923 
vn 0.0428666 0.790628 -0.610794 
vn -0.0419012 0.772822 -0.633238 
vn 0.322257 0.808803 -0.491923 
vn 0.211826 0.762929 -0.610794 
vn 0.125212 0.763762 -0.633238 
vn 0.488591 0.720618 -0.491923 
vn 0.370881 0.699556 -0.610794 
vn 0.286471 0.718988 -0.633238 
vn 0.63208 0.598738 -0.491923 
vn 0.512594 0.603472 -0.610794 
vn 0.434335 0.640596 -0.633238 
vn 0.746013 0.448861 -0.491923 
vn 0.630338 0.479171 -0.610794 
vn 0.56189 0.53225 -0.633238 
vn 0.663171 0.399017 -0.633238 
vn 0.718609 0.332464 -0.610794 
vn 0.825064 0.277996 -0.491923 
vn 0.865535 0.0941326 -0.491923 
vn 0.773278 0.170211 -0.610794 
vn 0.733443 0.247126 -0.633238 
vn 0.865535 -0.0941326 -0.491923 
vn 0.79179 9.69663e-17 -0.610794 
vn 0.76942 0.0836795 -0.633238 
vn 0.825064 -0.277996 -0.491923 
vn 0.773278 -0.170211 -0.610794 
vn 0.76942 -0.0836795 -0.633238 
vn 0.746013 -0.448861 -0.491923 
vn 0.718609 -0.332464 -0.610794 
vn 0.733443 -0.247126 -0.633238 
vn 0.63208 -0.598738 -0.491923 
vn 0.630338 -0.479171 -0.610794 
vn 0.663171 -0.399017 -0.633238 
vn 0.488591 -0.720618 -0.491923 
vn 0.512594 -0.603472 -0.610794 
vn 0.56189 -0.53225 -0.633238 
vn 0.322257 -0.808803 -0.491923 
vn 0.370881 -0.699556 -0.610794 
vn 0.434335 -0.640596 -0.633238 
vn 0.140854 -0.859169 -0.491923 
vn 0.211826 -0.762929 -0.610794 
vn 0.286471 -0.718988 -0.633238 
vn -0.0471354 -0.869362 -0.491923 
vn 0.0428666 -0.790628 -0.610794 
vn 0.125212 -0.763762 -0.633238 
vn -0.232921 -0.838904 -0.491923 
vn -0.128097 -0.781359 -0.610794 
vn -0.0419012 -0.772822 -0.633238 
vn -0.407815 -0.76922 -0.491923 
vn -0.293072 -0.735554 -0.610794 
vn -0.207056 -0.745747 -0.633238 
vn -0.56364 -0.663568 -0.491923 
vn -0.444342 -0.655355 -0.610794 
vn -0.362528 -0.683801 -0.633238 
vn -0.693109 -0.526888 -0.491923 
vn -0.574836 -0.544513 -0.610794 
vn -0.501049 -0.589881 -0.633238 
vn -0.79017 -0.365572 -0.491923 
vn -0.678451 -0.40821 -0.610794 
vn -0.616142 -0.468379 -0.633238 
vn -0.850284 -0.187162 -0.491923 
vn -0.750342 -0.25282 -0.610794 
vn -0.702425 -0.324976 -0.633238 
vn -0.787148 -0.0856075 -0.610794 
vn -0.755863 -0.166378 -0.633238 
vn -0.919777 0.202458 -0.336186 
vn -0.85475 0.39545 -0.336186 
vn -0.749757 0.56995 -0.336186 
vn -0.609705 0.717801 -0.336186 
vn -0.441145 0.832088 -0.336186 
vn -0.251957 0.907467 -0.336186 
vn -0.0509878 0.940414 -0.336186 
vn 0.152366 0.929389 -0.336186 
vn 0.348594 0.874906 -0.336186 
vn 0.528523 0.779514 -0.336186 
vn 0.683739 0.647672 -0.336186 
vn 0.806984 0.485546 -0.336186 
vn 0.892495 0.300717 -0.336186 
vn 0.936275 0.101826 -0.336186 
vn 0.936275 -0.101826 -0.336186 
vn 0.892495 -0.300717 -0.336186 
vn 0.806984 -0.485546 -0.336186 
vn 0.683739 -0.647672 -0.336186 
vn 0.528523 -0.779514 -0.336186 
vn 0.348594 -0.874906 -0.336186 
vn 0.152366 -0.929389 -0.336186 
vn -0.0509878 -0.940414 -0.336186 
vn -0.251957 -0.907467 -0.336186 
vn -0.441145 -0.832088 -0.336186 
vn -0.609705 -0.717801 -0.336186 
vn -0.749757 -0.56995 -0.336186 
vn -0.85475 -0.39545 -0.336186 
vn -0.919777 -0.202458 -0.336186 
vn -0.941795 0 -0.336186 
vn -0.962305 0.211819 -0.170594 
vn -0.894272 0.413734 -0.170594 
vn -0.784423 0.596303 -0.170594 
vn -0.637897 0.75099 -0.170594 
vn -0.461542 0.870561 -0.170594 
vn -0.263607 0.949426 -0.170594 
vn -0.0533453 0.983896 -0.170594 
vn 0.159411 0.972361 -0.170594 
vn 0.364712 0.915359 -0.170594 
vn 0.552961 0.815556 -0.170594 
vn 0.715353 0.677619 -0.170594 
vn 0.844297 0.507997 -0.170594 
vn 0.933762 0.314621 -0.170594 
vn 0.979565 0.106534 -0.170594 
vn 0.979565 -0.106534 -0.170594 
vn 0.933762 -0.314621 -0.170594 
vn 0.844297 -0.507997 -0.170594 
vn 0.715353 -0.677619 -0.170594 
vn 0.552961 -0.815556 -0.170594 
vn 0.364712 -0.915359 -0.170594 
vn 0.159411 -0.972361 -0.170594 
vn -0.0533453 -0.983896 -0.170594 
vn -0.263607 -0.949426 -0.170594 
vn -0.461542 -0.870561 -0.170594 
vn -0.637897 -0.75099 -0.170594 
vn -0.784423 -0.596303 -0.170594 
vn -0.894272 -0.413734 -0.170594 
vn -0.962305 -0.211819 -0.170594 
vn -0.985341 0 -0.170594 
vn -0.976621 0.21497 -1.22465e-16 
vn -0.994138 0.108119 -1.79636e-16 
vn -0.907575 0.419889 -1.22465e-16 
vn -0.947653 0.319302 -1.79636e-16 
vn -0.796093 0.605174 -1.22465e-16 
vn -0.856857 0.515554 -1.79636e-16 
vn -0.647386 0.762162 -1.22465e-16 
vn -0.725995 0.687699 -1.79636e-16 
vn -0.468408 0.883512 -1.22465e-16 
vn -0.561187 0.827689 -1.79636e-16 
vn -0.267528 0.96355 -1.22465e-16 
vn -0.370138 0.928977 -1.79636e-16 
vn -0.0541389 0.998533 -1.22465e-16 
vn -0.161782 0.986827 -1.79636e-16 
vn 0.161782 0.986827 -1.22465e-16 
vn 0.0541389 0.998533 -1.79636e-16 
vn 0.370138 0.928977 -1.22465e-16 
vn 0.267528 0.96355 -1.79636e-16 
vn 0.561187 0.827689 -1.22465e-16 
vn 0.468408 0.883512 -1.79636e-16 
vn 0.725995 0.687699 -1.22465e-16 
vn 0.647386 0.762162 -1.79636e-16 
vn 0.856857 0.515554 -1.22465e-16 
vn 0.796093 0.605174 -1.79636e-16 
vn 0.947653 0.319302 -1.22465e-16 
vn 0.907575 0.419889 -1.79636e-16 
vn 0.994138 0.108119 -1.22465e-16 
vn 0.976621 0.21497 -1.79636e-16 
vn 0.994138 -0.108119 -1.22465e-16 
vn 1 1.22465e-16 -1.79636e-16 
vn 0.976621 -0.21497 -1.79636e-16 
vn 0.947653 -0.319302 -1.22465e-16 
vn 0.907575 -0.419889 -1.79636e-16 
vn 0.856857 -0.515554 -1.22465e-16 
vn 0.725995 -0.687699 -1.22465e-16 
vn 0.796093 -0.605174 -1.79636e-16 
vn 0.561187 -0.827689 -1.22465e-16 
vn 0.647386 -0.762162 -1.79636e-16 
vn 0.370138 -0.928977 -1.22465e-16 
vn 0.468408 -0.883512 -1.79636e-16 
vn 0.161782 -0.986827 -1.22465e-16 
vn 0.267528 -0.96355 -1.79636e-16 
vn -0.0541389 -0.998533 -1.22465e-16 
vn 0.0541389 -0.998533 -1.79636e-16 
vn -0.267528 -0.96355 -1.22465e-16 
vn -0.161782 -0.986827 -1.79636e-16 
vn -0.468408 -0.883512 -1.22465e-16 
vn -0.370138 -0.928977 -1.79636e-16 
vn -0.561187 -0.827689 -1.79636e-16 
vn -0.647386 -0.762162 -1.22465e-16 
vn -0.796093 -0.605174 -1.22465e-16 
vn -0.725995 -0.687699 -1.79636e-16 
vn -0.907575 -0.419889 -1.22465e-16 
vn -0.856857 -0.515554 -1.79636e-16 
vn -0.976621 -0.21497 -1.22465e-16 
vn -0.947653 -0.319302 -1.79636e-16 
vn -1 0 -1.22465e-16 
vn -0.994138 -0.108119 -1.79636e-16 
f 1233//1233 1234//1234 1235//1235 
f 1234//1234 1236//1236 1235//1235 
f 1237//1237 1233//1233 1238//1238 
f 1233//1233 1239//1239 1238//1238 
f 1240//1240 1237//1237 1241//1241 
f 1237//1237 1242//1242 1241//1241 
f 1243//1243 1240//1240 1244//1244 
f 1240//1240 1245//1245 1244//1244 
f 1246//1246 1243//1243 1247//1247 
f 1243//1243 1248//1248 1247//1247 
f 1249//1249 1246//1246 1250//1250 
f 1246//1246 1251//1251 1250//1250 
f 1252//1252 1249//1249 1253//1253 
f 1249//1249 1254//1254 1253//1253 
f 1255//1255 1252//1252 1256//1256 
f 1252//1252 1257//1257 1256//1256 
f 1258//1258 1255//1255 1259//1259 
f 1255//1255 1260//1260 1259//1259 
f 1261//1261 1258//1258 1262//1262 
f 1258//1258 1263//1263 1262//1262 
f 1264//1264 1261//1261 1265//1265 
f 1261//1261 1266//1266 1265//1265 
f 1267//1267 1264//1264 1268//1268 
f 1264//1264 1269//1269 1268//1268 
f 1267//1267 1270//1270 1271//1271 
f 1271//1271 1272//1272 1267//1267 
f 1273//1273 1272//1272 1274//1274 
f 1272//1272 1275//1275 1274//1274 
f 1276//1276 1273//1273 1277//1277 
f 1273//1273 1278//1278 1277//1277 
f 1279//1279 1276//1276 1280//1280 
f 1276//1276 1281//1281 1280//1280 
f 1282//1282 1279//1279 1283//1283 
f 1279//1279 1284//1284 1283//1283 
f 1285//1285 1282//1282 1286//1286 
f 1282//1282 1287//1287 1286//1286 
f 1288//1288 1285//1285 1289//1289 
f 1285//1285 1290//1290 1289//1289 
f 1291//1291 1288//1288 1292//1292 
f 1288//1288 1293//1293 1292//1292 
f 1294//1294 1291//1291 1295//1295 
f 1291//1291 1296//1296 1295//1295 
f 1297//1297 1294//1294 1298//1298 
f 1294//1294 1299//1299 1298//1298 
f 1300//1300 1297//1297 1301//1301 
f 1297//1297 1302//1302 1301//1301 
f 1303//1303 1300//1300 1304//1304 
f 1300//1300 1305//1305 1304//1304 
f 1306//1306 1303//1303 1307//1307 
f 1303//1303 1308//1308 1307//1307 
f 1309//1309 1306//1306 1310//1310 
f 1306//1306 1311//1311 1310//1310 
f 1312//1312 1309//1309 1313//1313 
f 1309//1309 1314//1314 1313//1313 
f 1315//1315 1312//1312 1316//1316 
f 1312//1312 1317//1317 1316//1316 
f 1234//1234 1315//1315 1318//1318 
f 1315//1315 1319//1319 1318//1318 
f 1234//1234 1233//1233 1320//1320 
f 1233//1233 1237//1237 1321//1321 
f 1237//1237 1240//1240 1322//1322 
f 1240//1240 1243//1243 1323//1323 
f 1243//1243 1246//1246 1324//1324 
f 1246//1246 1249//1249 1325//1325 
f 1249//1249 1252//1252 1326//1326 
f 1252//1252 1255//1255 1327//1327 
f 1255//1255 1258//1258 1328//1328 
f 1258//1258 1261//1261 1329//1329 
f 1261//1261 1264//1264 1330//1330 
f 1264//1264 1267//1267 1331//1331 
f 1267//1267 1272//1272 1332//1332 
f 1272//1272 1273//1273 1333//1333 
f 1273//1273 1276//1276 1334//1334 
f 1276//1276 1279//1279 1335//1335 
f 1279//1279 1282//1282 1336//1336 
f 1282//1282 1285//1285 1337//1337 
f 1285//1285 1288//1288 1338//1338 
f 1288//1288 1291//1291 1339//1339 
f 1291//1291 1294//1294 1340//1340 
f 1294//1294 1297//1297 1341//1341 
f 1297//1297 1300//1300 1342//1342 
f 1300//1300 1303//1303 1343//1343 
f 1303//1303 1306//1306 1344//1344 
f 1306//1306 1309//1309 1345//1345 
f 1309//1309 1312//1312 1346//1346 
f 1312//1312 1315//1315 1347//1347 
f 1315//1315 1234//1234 1348//1348 
f 1348//1348 1320//1320 1349//1349 
f 1320//1320 1321//1321 1350//1350 
f 1321//1321 1322//1322 1351//1351 
f 1322//1322 1323//1323 1352//1352 
f 1323//1323 1324//1324 1353//1353 
f 1324//1324 1325//1325 1354//1354 
f 1325//1325 1326//1326 1355//1355 
f 1326//1326 1327//1327 1356//1356 
f 1327//1327 1328//1328 1357//1357 
f 1328//1328 1329//1329 1358//1358 
f 1329//1329 1330//1330 1359//1359 
f 1330//1330 1331//1331 1360//1360 
f 1331//1331 1332//1332 1361//1361 
f 1332//1332 1333//1333 1362//1362 
f 1333//1333 1334//1334 1363//1363 
f 1334//1334 1335//1335 1364//1364 
f 1335//1335 1336//1336 1365//1365 
f 1336//1336 1337//1337 1366//1366 
f 1337//1337 1338//1338 1367//1367 
f 1338//1338 1339//1339 1368//1368 
f 1339//1339 1340//1340 1369//1369 
f 1340//1340 1341//1341 1370//1370 
f 1341//1341 1342//1342 1371//1371 
f 1342//1342 1343//1343 1372//1372 
f 1343//1343 1344//1344 1373//1373 
f 1344//1344 1345//1345 1374//1374 
f 1345//1345 1346//1346 1375//1375 
f 1346//1346 1347//1347 1376//1376 
f 1347//1347 1348//1348 1377//1377 
f 1349//1349 1378//1378 1379//1379 
f 1379//1379 1377//1377 1349//1349 
f 1350//1350 1380//1380 1381//1381 
f 1381//1381 1349//1349 1350//1350 
f 1351//1351 1382//1382 1383//1383 
f 1383//1383 1350//1350 1351//1351 
f 1352//1352 1384//1384 1385//1385 
f 1385//1385 1351//1351 1352//1352 
f 1353//1353 1386//1386 1387//1387 
f 1387//1387 1352//1352 1353//1353 
f 1354//1354 1388//1388 1389//1389 
f 1389//1389 1353//1353 1354//1354 
f 1355//1355 1390//1390 1391//1391 
f 1391//1391 1354//1354 1355//1355 
f 1356//1356 1392//1392 1393//1393 
f 1393//1393 1355//1355 1356//1356 
f 1357//1357 1394//1394 1395//1395 
f 1395//1395 1356//1356 1357//1357 
f 1358//1358 1396//1396 1397//1397 
f 1397//1397 1357//1357 1358//1358 
f 1359//1359 1398//1398 1399//1399 
f 1399//1399 1358//1358 1359//1359 
f 1360//1360 1400//1400 1401//1401 
f 1401//1401 1359//1359 1360//1360 
f 1361//1361 1402//1402 1403//1403 
f 1403//1403 1360//1360 1361//1361 
f 1362//1362 1404//1404 1405//1405 
f 1405//1405 1361//1361 1362//1362 
f 1363//1363 1406//1406 1407//1407 
f 1407//1407 1362//1362 1363//1363 
f 1363//1363 1364//1364 1408//1408 
f 1364//1364 1409//1409 1408//1408 
f 1364//1364 1365//1365 1410//1410 
f 1365//1365 1411//1411 1410//1410 
f 1366//1366 1412//1412 1413//1413 
f 1413//1413 1365//1365 1366//1366 
f 1367//1367 1414//1414 1415//1415 
f 1415//1415 1366//1366 1367//1367 
f 1368//1368 1416//1416 1417//1417 
f 1417//1417 1367//1367 1368//1368 
f 1369//1369 1418//1418 1419//1419 
f 1419//1419 1368//1368 1369//1369 
f 1370//1370 1420//1420 1421//1421 
f 1421//1421 1369//1369 1370//1370 
f 1371//1371 1422//1422 1423//1423 
f 1423//1423 1370//1370 1371//1371 
f 1372//1372 1424//1424 1425//1425 
f 1425//1425 1371//1371 1372//1372 
f 1372//1372 1373//1373 1426//1426 
f 1373//1373 1427//1427 1426//1426 
f 1374//1374 1428//1428 1429//1429 
f 1429//1429 1373//1373 1374//1374 
f 1375//1375 1430//1430 1431//1431 
f 1431//1431 1374//1374 1375//1375 
f 1376//1376 1432//1432 1433//1433 
f 1433//1433 1375//1375 1376//1376 
f 1377//1377 1434//1434 1435//1435 
f 1435//1435 1376//1376 1377//1377 
f 1435//1435 1432//1432 1376//1376 
f 1433//1433 1430//1430 1375//1375 
f 1431//1431 1428//1428 1374//1374 
f 1429//1429 1427//1427 1373//1373 
f 1426//1426 1424//1424 1372//1372 
f 1425//1425 1422//1422 1371//1371 
f 1423//1423 1420//1420 1370//1370 
f 1421//1421 1418//1418 1369//1369 
f 1419//1419 1416//1416 1368//1368 
f 1417//1417 1414//1414 1367//1367 
f 1415//1415 1412//1412 1366//1366 
f 1413//1413 1411//1411 1365//1365 
f 1410//1410 1409//1409 1364//1364 
f 1408//1408 1406//1406 1363//1363 
f 1407//1407 1404//1404 1362//1362 
f 1405//1405 1402//1402 1361//1361 
f 1403//1403 1400//1400 1360//1360 
f 1401//1401 1398//1398 1359//1359 
f 1399//1399 1396//1396 1358//1358 
f 1397//1397 1394//1394 1357//1357 
f 1395//1395 1392//1392 1356//1356 
f 1393//1393 1390//1390 1355//1355 
f 1391//1391 1388//1388 1354//1354 
f 1389//1389 1386//1386 1353//1353 
f 1387//1387 1384//1384 1352//1352 
f 1385//1385 1382//1382 1351//1351 
f 1383//1383 1380//1380 1350//1350 
f 1381//1381 1378//1378 1349//1349 
f 1379//1379 1434//1434 1377//1377 
f 1377//1377 1376//1376 1347//1347 
f 1376//1376 1375//1375 1346//1346 
f 1375//1375 1374//1374 1345//1345 
f 1374//1374 1373//1373 1344//1344 
f 1373//1373 1372//1372 1343//1343 
f 1372//1372 1371//1371 1342//1342 
f 1371//1371 1370//1370 1341//1341 
f 1370//1370 1369//1369 1340//1340 
f 1369//1369 1368//1368 1339//1339 
f 1368//1368 1367//1367 1338//1338 
f 1367//1367 1366//1366 1337//1337 
f 1366//1366 1365//1365 1336//1336 
f 1365//1365 1364//1364 1335//1335 
f 1364//1364 1363//1363 1334//1334 
f 1363//1363 1362//1362 1333//1333 
f 1362//1362 1361//1361 1332//1332 
f 1361//1361 1360//1360 1331//1331 
f 1360//1360 1359//1359 1330//1330 
f 1359//1359 1358//1358 1329//1329 
f 1358//1358 1357//1357 1328//1328 
f 1357//1357 1356//1356 1327//1327 
f 1356//1356 1355//1355 1326//1326 
f 1355//1355 1354//1354 1325//1325 
f 1354//1354 1353//1353 1324//1324 
f 1353//1353 1352//1352 1323//1323 
f 1352//1352 1351//1351 1322//1322 
f 1351//1351 1350//1350 1321//1321 
f 1350//1350 1349//1349 1320//1320 
f 1349//1349 1377//1377 1348//1348 
f 1348//1348 1347//1347 1315//1315 
f 1347//1347 1346//1346 1312//1312 
f 1346//1346 1345//1345 1309//1309 
f 1345//1345 1344//1344 1306//1306 
f 1344//1344 1343//1343 1303//1303 
f 1343//1343 1342//1342 1300//1300 
f 1342//1342 1341//1341 1297//1297 
f 1341//1341 1340//1340 1294//1294 
f 1340//1340 1339//1339 1291//1291 
f 1339//1339 1338//1338 1288//1288 
f 1338//1338 1337//1337 1285//1285 
f 1337//1337 1336//1336 1282//1282 
f 1336//1336 1335//1335 1279//1279 
f 1335//1335 1334//1334 1276//1276 
f 1334//1334 1333//1333 1273//1273 
f 1333//1333 1332//1332 1272//1272 
f 1332//1332 1331//1331 1267//1267 
f 1331//1331 1330//1330 1264//1264 
f 1330//1330 1329//1329 1261//1261 
f 1329//1329 1328//1328 1258//1258 
f 1328//1328 1327//1327 1255//1255 
f 1327//1327 1326//1326 1252//1252 
f 1326//1326 1325//1325 1249//1249 
f 1325//1325 1324//1324 1246//1246 
f 1324//1324 1323//1323 1243//1243 
f 1323//1323 1322//1322 1240//1240 
f 1322//1322 1321//1321 1237//1237 
f 1321//1321 1320//1320 1233//1233 
f 1320//1320 1348//1348 1234//1234 
f 1318//1318 1236//1236 1234//1234 
f 1316//1316 1319//1319 1315//1315 
f 1313//1313 1317//1317 1312//1312 
f 1310//1310 1314//1314 1309//1309 
f 1307//1307 1311//1311 1306//1306 
f 1304//1304 1308//1308 1303//1303 
f 1301//1301 1305//1305 1300//1300 
f 1298//1298 1302//1302 1297//1297 
f 1295//1295 1299//1299 1294//1294 
f 1292//1292 1296//1296 1291//1291 
f 1289//1289 1293//1293 1288//1288 
f 1286//1286 1290//1290 1285//1285 
f 1283//1283 1287//1287 1282//1282 
f 1280//1280 1284//1284 1279//1279 
f 1277//1277 1281//1281 1276//1276 
f 1274//1274 1278//1278 1273//1273 
f 1271//1271 1275//1275 1272//1272 
f 1268//1268 1270//1270 1267//1267 
f 1265//1265 1269//1269 1264//1264 
f 1262//1262 1266//1266 1261//1261 
f 1259//1259 1263//1263 1258//1258 
f 1256//1256 1260//1260 1255//1255 
f 1253//1253 1257//1257 1252//1252 
f 1250//1250 1254//1254 1249//1249 
f 1247//1247 1251//1251 1246//1246 
f 1244//1244 1248//1248 1243//1243 
f 1241//1241 1245//1245 1240//1240 
f 1238//1238 1242//1242 1237//1237 
f 1235//1235 1239//1239 1233//1233 
o mesh1728
v 0.00563427 0.00260669 0.00300654 
v 0.0060629 0.00133455 0.00300654 
v 0.00631823 0.00185395 0.00350654 
v 0.00601915 0.00274886 0.00350654 
v 0.00646243 0.00142249 0.00350654 
v 0.00600555 0.00277846 0.00350654 
v 0.00553592 0.00355898 0.00350654 
v 0.00494218 0.00375695 0.00300654 
v 0.004019 0.00473153 0.00300654 
v 0.00500089 0.0043333 0.00350654 
v 0.00526785 0.00400452 0.00350654 
v 0.00433003 0.00499759 0.00350654 
v 0.00428384 0.00504333 0.00350654 
v 0.00357749 0.00556669 0.00350654 
v 0.0029079 0.00548488 0.00300654 
v 0.00166083 0.00598176 0.00300654 
v 0.00273834 0.00599332 0.00350654 
v 0.00186426 0.00634909 0.00350654 
v 0.00309952 0.00584632 0.00350654 
v -0.00100435 0.00612626 0.00300654 
v -0.00107053 0.00652996 0.00350654 
v -0.00186426 0.00634909 0.00350654 
v -0.00229783 0.00576713 0.00300654 
v -0.00348387 0.00513833 0.00300654 
v -0.00273822 0.00599849 0.00350654 
v -0.00357749 0.00556669 0.00350654 
v -0.00244925 0.00614716 0.00350654 
v -0.00371345 0.00547693 0.00350654 
v -0.0043084 0.00497157 0.00350654 
v -0.00450701 0.00426927 0.00300654 
v -0.0053194 0.00320058 0.00300654 
v -0.00500089 0.0043333 0.00350654 
v -0.00480401 0.0045506 0.00350654 
v -0.0055554 0.0035693 0.00350654 
v -0.00566994 0.00341149 0.00350654 
v -0.00601915 0.00274886 0.00350654 
v -0.00588307 0.00198224 0.00300654 
v -0.0053194 -0.00320058 0.00300654 
v -0.00588307 -0.00198224 0.00300654 
v -0.00601915 -0.00274886 0.00350654 
v -0.00627075 -0.00211286 0.00350654 
v -0.0055554 -0.0035693 0.00350654 
v -0.00500089 -0.0043333 0.00350654 
v -0.00450701 -0.00426927 0.00300654 
v -0.00566994 -0.00341149 0.00350654 
v -0.00348387 -0.00513833 0.00300654 
v -0.0043084 -0.00497157 0.00350654 
v -0.00480401 -0.0045506 0.00350654 
v -0.00357749 -0.00556669 0.00350654 
v -0.00273822 -0.00599849 0.00350654 
v -0.00371345 -0.00547693 0.00350654 
v -0.00229783 -0.00576713 0.00300654 
v -0.00100435 -0.00612626 0.00300654 
v -0.00186426 -0.00634909 0.00350654 
v -0.00244925 -0.00614716 0.00350654 
v 0.00166083 -0.00598176 0.00300654 
v 0.00186426 -0.00634909 0.00350654 
v 0.00273834 -0.00599332 0.00350654 
v 0.00177027 -0.00637594 0.00350654 
v 0.0029079 -0.00548488 0.00300654 
v 0.004019 -0.00473153 0.00300654 
v 0.00357749 -0.00556669 0.00350654 
v 0.00309952 -0.00584632 0.00350654 
v 0.00433003 -0.00499759 0.00350654 
v 0.00500089 -0.0043333 0.00350654 
v 0.00494218 -0.00375695 0.00300654 
v 0.00428384 -0.00504333 0.00350654 
v 0.00563427 -0.00260669 0.00300654 
v 0.00553592 -0.00355898 0.00350654 
v 0.00526785 -0.00400452 0.00350654 
v 0.00601915 -0.00274886 0.00350654 
v 0.00631823 -0.00185395 0.00350654 
v 0.00600555 -0.00277846 0.00350654 
v 0.0060629 -0.00133455 0.00300654 
v 0.00661713 0 0.00350654 
v 0.00654978 0.000941716 0.00350654 
v 0.00643019 0.000317053 0.00328759 
v 0.00625522 0.00075523 0.00311972 
v 0.00632826 0.000617794 0.00319024 
v 0.00638823 0.000467738 0.00324766 
v 0.00613938 0.000920732 0.00300654 
v 0.00645632 0.000158374 0.00331236 
v 0.00646243 -0.00142249 0.00350654 
v 0.00625522 -0.000755251 0.00311972 
v 0.00613938 -0.000920757 0.00300654 
v 0.00654978 -0.000941716 0.00350654 
v 0.00638823 -0.000467759 0.00324766 
v 0.00632823 -0.000617879 0.00319021 
v 0.00643021 -0.000316945 0.00328762 
v 0.00645632 -0.000158395 0.00331236 
v 0.00646491 3.387e-21 0.00332049 
v 0.000358244 -0.00660743 0.00350654 
v 0.000935648 -0.00651277 0.00350654 
v 0.000542209 -0.00636087 0.00322152 
v 0.000822078 -0.00621249 0.00307816 
v 0.000920732 -0.00613938 0.00300654 
v 0.000689177 -0.00629266 0.00315595 
v -0.00107053 -0.00652996 0.00350654 
v -0.000686187 -0.00629426 0.0031575 
v -0.000920757 -0.00613938 0.00300654 
v -0.000940961 -0.00654051 0.00350654 
v -0.000391915 -0.00641151 0.00326985 
v -0.00054427 -0.00636005 0.00322074 
v -8.10365e-19 -0.00661713 0.00350654 
v -0.000238143 -0.00644542 0.00330205 
v -7.9319e-05 -0.00646276 0.00331845 
v 0.000236986 -0.00644561 0.00330222 
v 7.89819e-05 -0.00646278 0.00331847 
v 0.00034824 -0.00642291 0.00328069 
v -0.00654978 -0.000941716 0.00350654 
v -0.00616325 -0.000884544 0.00302979 
v -0.00629508 -0.000684631 0.00315828 
v -0.00657834 -0.000715438 0.00350654 
v -0.00613938 -0.000920732 0.00300654 
v -0.006331 -0.00185995 0.00350654 
v -0.00657834 0.000715438 0.00350654 
v -0.00638768 0.000469389 0.00324714 
v -0.0063257 0.000613464 0.00318767 
v -0.00657834 -1.73472e-18 0.00350654 
v -0.00645632 0.000158443 0.00331236 
v -0.00643066 0.000314923 0.00328805 
v -0.00646491 1.03796e-08 0.00332049 
v -0.00643066 -0.000314902 0.00328804 
v -0.00645622 -0.000159277 0.00331227 
v -0.00632952 -0.00061509 0.00319145 
v -0.00638779 -0.000469035 0.00324724 
v -0.00627075 0.00211286 0.00350654 
v -0.006331 0.00185995 0.00350654 
v -0.00616325 0.000884565 0.0030298 
v -0.00613938 0.000920757 0.00300654 
v -0.00654978 0.000941716 0.00350654 
v -0.00629509 0.000684632 0.00315829 
v 0.000358244 0.00660743 0.00350654 
v 0 0.00661713 0.00350654 
v 7.92582e-05 0.00646276 0.00331846 
v 0.000237007 0.00644561 0.00330222 
v -7.92983e-05 0.00646276 0.00331845 
v -0.000940961 0.00654051 0.00350654 
v -0.000391895 0.00641151 0.00326985 
v -0.000239081 0.00644527 0.0033019 
v -0.000686166 0.00629426 0.0031575 
v -0.000543909 0.00636019 0.00322087 
v -0.000920732 0.00613938 0.00300654 
v 0.00177027 0.00637594 0.00350654 
v 0.000818499 0.00620706 0.00307251 
v 0.000920757 0.00613938 0.00300654 
v 0.000935648 0.00651277 0.00350654 
v 0.000688998 0.00629277 0.00315606 
v 0.00034824 0.00642292 0.00328069 
v 0.00054223 0.00636087 0.00322152 
vn -0.702425 -0.324976 0.633238 
vn -0.755863 -0.166378 0.633238 
vn -0.742646 -0.217913 0.633238 
vn -0.704016 -0.321513 0.633238 
vn -0.755863 -0.166378 0.633238 
vn -0.702425 -0.324976 0.633238 
vn -0.651027 -0.418538 0.633238 
vn -0.616142 -0.468379 0.633238 
vn -0.501049 -0.589881 0.633238 
vn -0.584918 -0.506834 0.633238 
vn -0.616142 -0.468379 0.633238 
vn -0.506807 -0.584942 0.633238 
vn -0.501049 -0.589881 0.633238 
vn -0.418433 -0.651094 0.633238 
vn -0.362528 -0.683801 0.633238 
vn -0.207056 -0.745747 0.633238 
vn -0.321638 -0.703959 0.633238 
vn -0.218049 -0.742607 0.633238 
vn -0.362528 -0.683801 0.633238 
vn 0.125212 -0.763762 0.633238 
vn 0.125212 -0.763762 0.633238 
vn 0.218049 -0.742607 0.633238 
vn 0.286471 -0.718988 0.633238 
vn 0.434335 -0.640596 0.633238 
vn 0.321397 -0.704069 0.633238 
vn 0.418433 -0.651094 0.633238 
vn 0.286471 -0.718988 0.633238 
vn 0.434335 -0.640596 0.633238 
vn 0.506868 -0.584889 0.633238 
vn 0.56189 -0.53225 0.633238 
vn 0.663171 -0.399017 0.633238 
vn 0.584918 -0.506834 0.633238 
vn 0.56189 -0.53225 0.633238 
vn 0.651144 -0.418355 0.633238 
vn 0.663171 -0.399017 0.633238 
vn 0.704016 -0.321513 0.633238 
vn 0.733443 -0.247126 0.633238 
vn 0.663171 0.399017 0.633238 
vn 0.733443 0.247126 0.633238 
vn 0.704016 0.321513 0.633238 
vn 0.733443 0.247126 0.633238 
vn 0.651144 0.418355 0.633238 
vn 0.584918 0.506834 0.633238 
vn 0.56189 0.53225 0.633238 
vn 0.663171 0.399017 0.633238 
vn 0.434335 0.640596 0.633238 
vn 0.506868 0.584889 0.633238 
vn 0.56189 0.53225 0.633238 
vn 0.418433 0.651094 0.633238 
vn 0.321397 0.704069 0.633238 
vn 0.434335 0.640596 0.633238 
vn 0.286471 0.718988 0.633238 
vn 0.125212 0.763762 0.633238 
vn 0.218049 0.742607 0.633238 
vn 0.286471 0.718988 0.633238 
vn -0.207056 0.745747 0.633238 
vn -0.218049 0.742607 0.633238 
vn -0.321638 0.703959 0.633238 
vn -0.207056 0.745747 0.633238 
vn -0.362528 0.683801 0.633238 
vn -0.501049 0.589881 0.633238 
vn -0.418433 0.651094 0.633238 
vn -0.362528 0.683801 0.633238 
vn -0.506807 0.584942 0.633238 
vn -0.584918 0.506834 0.633238 
vn -0.616142 0.468379 0.633238 
vn -0.501049 0.589881 0.633238 
vn -0.702425 0.324976 0.633238 
vn -0.651027 0.418538 0.633238 
vn -0.616142 0.468379 0.633238 
vn -0.704016 0.321513 0.633238 
vn -0.742646 0.217913 0.633238 
vn -0.702425 0.324976 0.633238 
vn -0.755863 0.166378 0.633238 
vn -0.773957 0 0.633238 
vn -0.76608 -0.110146 0.633238 
vn -0.773018 -0.0381151 0.633238 
vn -0.768377 -0.0927708 0.633238 
vn -0.770295 -0.0751998 0.633238 
vn -0.771891 -0.0565169 0.633238 
vn -0.765398 -0.114788 0.633238 
vn -0.773725 -0.0189796 0.633238 
vn -0.755863 0.166378 0.633238 
vn -0.768377 0.0927733 0.633238 
vn -0.765397 0.114791 0.633238 
vn -0.76608 0.110146 0.633238 
vn -0.771891 0.0565194 0.633238 
vn -0.770294 0.0752104 0.633238 
vn -0.773019 0.0381021 0.633238 
vn -0.773724 0.018982 0.633238 
vn -0.773957 -4.0548e-19 0.633238 
vn -0.0419012 0.772822 0.633238 
vn -0.11006 0.766092 0.633238 
vn -0.0657348 0.771161 0.633238 
vn -0.10153 0.767269 0.633238 
vn -0.114788 0.765398 0.633238 
vn -0.0842605 0.769357 0.633238 
vn 0.125212 0.763762 0.633238 
vn 0.0838781 0.769399 0.633238 
vn 0.114791 0.765397 0.633238 
vn 0.110212 0.76607 0.633238 
vn 0.0472214 0.772515 0.633238 
vn 0.0659912 0.771139 0.633238 
vn 1.42174e-16 0.773957 0.633238 
vn 0.0285764 0.77343 0.633238 
vn 0.00949825 0.773899 0.633238 
vn -0.0284369 0.773435 0.633238 
vn -0.00945786 0.7739 0.633238 
vn -0.0419012 0.772822 0.633238 
vn 0.76608 0.110146 0.633238 
vn 0.766107 0.109951 0.633238 
vn 0.76942 0.0836795 0.633238 
vn 0.76942 0.0836795 0.633238 
vn 0.765398 0.114788 0.633238 
vn 0.742575 0.218157 0.633238 
vn 0.76942 -0.0836795 0.633238 
vn 0.771876 -0.0567202 0.633238 
vn 0.770343 -0.0747076 0.633238 
vn 0.773957 -9.47824e-17 0.633238 
vn 0.773724 -0.0189878 0.633238 
vn 0.773031 -0.0378569 0.633238 
vn 0.773957 -1.24261e-06 0.633238 
vn 0.773031 0.0378544 0.633238 
vn 0.773722 0.019088 0.633238 
vn 0.770329 0.074859 0.633238 
vn 0.771879 0.0566767 0.633238 
vn 0.733443 -0.247126 0.633238 
vn 0.742575 -0.218157 0.633238 
vn 0.766107 -0.109954 0.633238 
vn 0.765397 -0.114791 0.633238 
vn 0.76608 -0.110146 0.633238 
vn 0.76942 -0.0836795 0.633238 
vn -0.0419012 -0.772822 0.633238 
vn -4.73912e-17 -0.773957 0.633238 
vn -0.00949096 -0.773899 0.633238 
vn -0.0284394 -0.773435 0.633238 
vn 0.00949576 -0.773899 0.633238 
vn 0.110212 -0.76607 0.633238 
vn 0.0472189 -0.772516 0.633238 
vn 0.0286895 -0.773425 0.633238 
vn 0.0838756 -0.769399 0.633238 
vn 0.0659464 -0.771143 0.633238 
vn 0.114788 -0.765398 0.633238 
vn -0.207056 -0.745747 0.633238 
vn -0.101183 -0.767315 0.633238 
vn -0.114791 -0.765397 0.633238 
vn -0.11006 -0.766092 0.633238 
vn -0.0842375 -0.769359 0.633238 
vn -0.0419012 -0.772822 0.633238 
vn -0.0657373 -0.77116 0.633238 
f 1436//1436 1437//1437 1438//1438 
f 1438//1438 1439//1439 1436//1436 
f 1437//1437 1440//1440 1438//1438 
f 1436//1436 1441//1441 1442//1442 
f 1442//1442 1443//1443 1436//1436 
f 1444//1444 1443//1443 1445//1445 
f 1443//1443 1446//1446 1445//1445 
f 1445//1445 1447//1447 1444//1444 
f 1444//1444 1448//1448 1449//1449 
f 1449//1449 1450//1450 1444//1444 
f 1451//1451 1450//1450 1452//1452 
f 1452//1452 1453//1453 1451//1451 
f 1450//1450 1454//1454 1452//1452 
f 1455//1455 1456//1456 1457//1457 
f 1457//1457 1458//1458 1455//1455 
f 1459//1459 1458//1458 1460//1460 
f 1460//1460 1461//1461 1459//1459 
f 1458//1458 1462//1462 1460//1460 
f 1459//1459 1463//1463 1464//1464 
f 1464//1464 1465//1465 1459//1459 
f 1466//1466 1465//1465 1467//1467 
f 1465//1465 1468//1468 1467//1467 
f 1467//1467 1469//1469 1466//1466 
f 1466//1466 1470//1470 1471//1471 
f 1471//1471 1472//1472 1466//1466 
f 1473//1473 1474//1474 1475//1475 
f 1474//1474 1476//1476 1475//1475 
f 1473//1473 1477//1477 1478//1478 
f 1478//1478 1479//1479 1473//1473 
f 1473//1473 1480//1480 1477//1477 
f 1481//1481 1479//1479 1482//1482 
f 1479//1479 1483//1483 1482//1482 
f 1481//1481 1484//1484 1485//1485 
f 1481//1481 1486//1486 1484//1484 
f 1485//1485 1487//1487 1481//1481 
f 1488//1488 1487//1487 1489//1489 
f 1487//1487 1490//1490 1489//1489 
f 1491//1491 1492//1492 1493//1493 
f 1491//1491 1494//1494 1492//1492 
f 1493//1493 1495//1495 1491//1491 
f 1496//1496 1495//1495 1497//1497 
f 1495//1495 1498//1498 1497//1497 
f 1496//1496 1499//1499 1500//1500 
f 1500//1500 1501//1501 1496//1496 
f 1496//1496 1502//1502 1499//1499 
f 1503//1503 1501//1501 1504//1504 
f 1501//1501 1505//1505 1504//1504 
f 1503//1503 1506//1506 1507//1507 
f 1503//1503 1508//1508 1506//1506 
f 1507//1507 1509//1509 1503//1503 
f 1510//1510 1511//1511 1512//1512 
f 1513//1513 1514//1514 1511//1511 
f 1511//1511 1440//1440 1513//1513 
f 1514//1514 1515//1515 1511//1511 
f 1440//1440 1437//1437 1516//1516 
f 1516//1516 1513//1513 1440//1440 
f 1515//1515 1512//1512 1511//1511 
f 1512//1512 1517//1517 1510//1510 
f 1518//1518 1519//1519 1520//1520 
f 1519//1519 1518//1518 1521//1521 
f 1521//1521 1522//1522 1523//1523 
f 1521//1521 1524//1524 1522//1522 
f 1521//1521 1523//1523 1519//1519 
f 1510//1510 1525//1525 1524//1524 
f 1524//1524 1521//1521 1510//1510 
f 1510//1510 1526//1526 1525//1525 
f 1527//1527 1528//1528 1529//1529 
f 1528//1528 1494//1494 1530//1530 
f 1494//1494 1491//1491 1531//1531 
f 1531//1531 1530//1530 1494//1494 
f 1530//1530 1532//1532 1528//1528 
f 1532//1532 1529//1529 1528//1528 
f 1533//1533 1534//1534 1535//1535 
f 1534//1534 1533//1533 1536//1536 
f 1536//1536 1537//1537 1538//1538 
f 1536//1536 1539//1539 1540//1540 
f 1540//1540 1537//1537 1536//1536 
f 1539//1539 1541//1541 1540//1540 
f 1527//1527 1542//1542 1543//1543 
f 1527//1527 1544//1544 1542//1542 
f 1543//1543 1539//1539 1527//1527 
f 1543//1543 1541//1541 1539//1539 
f 1536//1536 1538//1538 1534//1534 
f 1545//1545 1546//1546 1547//1547 
f 1547//1547 1548//1548 1545//1545 
f 1474//1474 1549//1549 1550//1550 
f 1550//1550 1476//1476 1474//1474 
f 1549//1549 1546//1546 1550//1550 
f 1551//1551 1552//1552 1553//1553 
f 1551//1551 1554//1554 1555//1555 
f 1555//1555 1556//1556 1551//1551 
f 1554//1554 1557//1557 1555//1555 
f 1548//1548 1558//1558 1559//1559 
f 1548//1548 1547//1547 1560//1560 
f 1560//1560 1561//1561 1548//1548 
f 1561//1561 1558//1558 1548//1548 
f 1559//1559 1554//1554 1548//1548 
f 1559//1559 1557//1557 1554//1554 
f 1556//1556 1552//1552 1551//1551 
f 1472//1472 1562//1562 1563//1563 
f 1563//1563 1564//1564 1565//1565 
f 1566//1566 1551//1551 1567//1567 
f 1564//1564 1563//1563 1566//1566 
f 1567//1567 1564//1564 1566//1566 
f 1568//1568 1569//1569 1570//1570 
f 1570//1570 1571//1571 1568//1568 
f 1569//1569 1572//1572 1570//1570 
f 1573//1573 1574//1574 1575//1575 
f 1576//1576 1577//1577 1573//1573 
f 1573//1573 1456//1456 1576//1576 
f 1577//1577 1574//1574 1573//1573 
f 1575//1575 1569//1569 1573//1573 
f 1575//1575 1572//1572 1569//1569 
f 1456//1456 1455//1455 1578//1578 
f 1578//1578 1576//1576 1456//1456 
f 1579//1579 1580//1580 1581//1581 
f 1580//1580 1579//1579 1582//1582 
f 1582//1582 1583//1583 1580//1580 
f 1568//1568 1584//1584 1585//1585 
f 1585//1585 1582//1582 1568//1568 
f 1585//1585 1583//1583 1582//1582 
f 1581//1581 1451//1451 1579//1579 
f 1571//1571 1584//1584 1568//1568 
f 1563//1563 1565//1565 1472//1472 
f 1553//1553 1567//1567 1551//1551 
f 1545//1545 1550//1550 1546//1546 
f 1535//1535 1488//1488 1533//1533 
f 1529//1529 1544//1544 1527//1527 
f 1520//1520 1509//1509 1518//1518 
f 1517//1517 1526//1526 1510//1510 
f 1507//1507 1518//1518 1509//1509 
f 1504//1504 1508//1508 1503//1503 
f 1500//1500 1505//1505 1501//1501 
f 1497//1497 1502//1502 1496//1496 
f 1493//1493 1498//1498 1495//1495 
f 1489//1489 1533//1533 1488//1488 
f 1485//1485 1490//1490 1487//1487 
f 1482//1482 1486//1486 1481//1481 
f 1478//1478 1483//1483 1479//1479 
f 1475//1475 1480//1480 1473//1473 
f 1471//1471 1562//1562 1472//1472 
f 1469//1469 1470//1470 1466//1466 
f 1464//1464 1468//1468 1465//1465 
f 1461//1461 1463//1463 1459//1459 
f 1457//1457 1462//1462 1458//1458 
f 1453//1453 1579//1579 1451//1451 
f 1449//1449 1454//1454 1450//1450 
f 1447//1447 1448//1448 1444//1444 
f 1442//1442 1446//1446 1443//1443 
f 1439//1439 1441//1441 1436//1436 
o mesh1729
v 0.00273834 0.00599332 0.00350654 
v 0.00424074 0.00928594 -3.38754e-18 
v 0.0024685 0.00615763 0.00349007 
v 0.00379555 0.00947662 0 
v 0.0030371 0.00589796 0.00349007 
v 0.00309952 0.00584632 0.00350654 
v 0.00357749 0.00556669 0.00350654 
v 0.00467639 0.00907435 0 
v 0.00186426 0.00634909 0.00350654 
vn 0.290326 0.635427 0.715502 
vn 0.290213 0.635478 0.715502 
vn 0.259952 0.648445 0.715502 
vn 0.259747 0.648528 0.715502 
vn 0.31983 0.6211 0.715502 
vn 0.327235 0.617231 0.715502 
vn 0.377697 0.587708 0.715502 
vn 0.320026 0.620999 0.715502 
vn 0.196821 0.670312 0.715502 
f 1586//1586 1587//1587 1588//1588 
f 1587//1587 1589//1589 1588//1588 
f 1587//1587 1586//1586 1590//1590 
f 1590//1590 1586//1586 1591//1591 
f 1591//1591 1592//1592 1590//1590 
f 1590//1590 1593//1593 1587//1587 
f 1588//1588 1594//1594 1586//1586 
o mesh1730
v 0.00660761 0.00777904 0 
v 0.00631168 0.00802342 0 
v 0.00410331 0.00521275 0.00349007 
v 0.00428384 0.00504333 0.00350654 
v 0.00433003 0.00499759 0.00350654 
v 0.00668511 0.00771503 0 
v 0.00457572 0.0048034 0.00349007 
v 0.00500089 0.0043333 0.00350654 
v 0.0070435 0.00738929 0 
v 0.00357749 0.00556669 0.00350654 
vn 0.452272 0.532453 0.715502 
vn 0.431937 0.549078 0.715502 
vn 0.43211 0.548942 0.715502 
vn 0.452271 0.532454 0.715502 
vn 0.457468 0.527996 0.715502 
vn 0.457493 0.527974 0.715502 
vn 0.481859 0.505835 0.715502 
vn 0.527974 0.457493 0.715502 
vn 0.482019 0.505682 0.715502 
vn 0.377697 0.587708 0.715502 
f 1595//1595 1596//1596 1597//1597 
f 1597//1597 1598//1598 1595//1595 
f 1599//1599 1600//1600 1595//1595 
f 1598//1598 1599//1599 1595//1595 
f 1600//1600 1599//1599 1601//1601 
f 1599//1599 1602//1602 1601//1601 
f 1601//1601 1603//1603 1600//1600 
f 1597//1597 1604//1604 1598//1598 
o mesh1731
v 0.0054057 0.00384556 0.00349007 
v 0.00500089 0.0043333 0.00350654 
v 0.00526785 0.00400452 0.00350654 
v 0.0085879 0.00551911 5.08131e-18 
v 0.00831647 0.00592021 0 
v 0.00553592 0.00355898 0.00350654 
v 0.00574365 0.0033197 0.00349007 
v 0.00600555 0.00277846 0.00350654 
v 0.00601915 0.00274886 0.00350654 
v 0.00884 0.00510558 0 
vn 0.569262 0.404966 0.715502 
vn 0.527974 0.457493 0.715502 
vn 0.556159 0.422781 0.715502 
vn 0.587708 0.377697 0.715502 
vn 0.569133 0.405146 0.715502 
vn 0.587648 0.377792 0.715502 
vn 0.60485 0.349589 0.715502 
vn 0.634042 0.293339 0.715502 
vn 0.635478 0.290213 0.715502 
vn 0.604961 0.349398 0.715502 
f 1605//1605 1606//1606 1607//1607 
f 1608//1608 1609//1609 1605//1605 
f 1605//1605 1610//1610 1608//1608 
f 1611//1611 1610//1610 1612//1612 
f 1612//1612 1613//1613 1611//1611 
f 1611//1611 1608//1608 1610//1610 
f 1611//1611 1614//1614 1608//1608 
f 1607//1607 1610//1610 1605//1605 
o mesh1732
v 0.00631823 0.00185395 0.00350654 
v 0.00979494 0.00287605 3.38754e-18 
v 0.00627015 0.00216682 0.00349007 
v 0.00964751 0.00333738 0 
v 0.00644626 0.00156705 0.00349007 
v 0.00646243 0.00142249 0.00350654 
v 0.00654978 0.000941716 0.00350654 
v 0.00992032 0.00240826 0 
v 0.00601915 0.00274886 0.00350654 
vn 0.670348 0.196699 0.715502 
vn 0.670312 0.196821 0.715502 
vn 0.660295 0.228183 0.715502 
vn 0.660222 0.228392 0.715502 
vn 0.67884 0.165023 0.715502 
vn 0.682277 0.150181 0.715502 
vn 0.6915 0.0994226 0.715502 
vn 0.678892 0.164808 0.715502 
vn 0.635478 0.290213 0.715502 
f 1615//1615 1616//1616 1617//1617 
f 1616//1616 1618//1618 1617//1617 
f 1616//1616 1615//1615 1619//1619 
f 1619//1619 1615//1615 1620//1620 
f 1620//1620 1621//1621 1619//1619 
f 1619//1619 1622//1622 1616//1616 
f 1617//1617 1623//1623 1615//1615 
o mesh1733
v 0.0102085 1.25017e-18 1.01626e-17 
v 0.010197 0.000484171 0 
v 0.00662663 0.000312544 0.00349007 
v 0.00661713 0 0.00350654 
v 0.00662663 -0.000312544 0.00349007 
v 0.00654978 -0.000941716 0.00350654 
v 0.010197 -0.000484171 0 
v 0.00654978 0.000941716 0.00350654 
vn 0.69861 -8.32667e-17 0.715502 
vn 0.697824 0.033134 0.715502 
vn 0.697835 0.0329133 0.715502 
vn 0.69861 -5.55112e-17 0.715502 
vn 0.697835 -0.0329133 0.715502 
vn 0.6915 -0.0994226 0.715502 
vn 0.697824 -0.033134 0.715502 
vn 0.6915 0.0994226 0.715502 
f 1624//1624 1625//1625 1626//1626 
f 1626//1626 1627//1627 1624//1624 
f 1624//1624 1627//1627 1628//1628 
f 1627//1627 1629//1629 1628//1628 
f 1628//1628 1630//1630 1624//1624 
f 1626//1626 1631//1631 1627//1627 
o mesh1734
v 0.00644626 -0.00156705 0.00349007 
v 0.00654978 -0.000941716 0.00350654 
v 0.00646243 -0.00142249 0.00350654 
v 0.00979494 -0.00287605 -3.38754e-18 
v 0.00992032 -0.00240826 0 
v 0.00631823 -0.00185395 0.00350654 
v 0.00601915 -0.00274886 0.00350654 
v 0.00627015 -0.00216682 0.00349007 
v 0.00964751 -0.00333738 0 
vn 0.67884 -0.165023 0.715502 
vn 0.6915 -0.0994226 0.715502 
vn 0.682277 -0.150181 0.715502 
vn 0.670312 -0.196821 0.715502 
vn 0.678892 -0.164808 0.715502 
vn 0.670348 -0.196699 0.715502 
vn 0.635478 -0.290213 0.715502 
vn 0.660295 -0.228183 0.715502 
vn 0.660222 -0.228392 0.715502 
f 1632//1632 1633//1633 1634//1634 
f 1635//1635 1636//1636 1632//1632 
f 1632//1632 1637//1637 1635//1635 
f 1637//1637 1638//1638 1639//1639 
f 1639//1639 1635//1635 1637//1637 
f 1639//1639 1640//1640 1635//1635 
f 1634//1634 1637//1637 1632//1632 
o mesh1735
v 0.00574365 -0.0033197 0.00349007 
v 0.00601915 -0.00274886 0.00350654 
v 0.00600555 -0.00277846 0.00350654 
v 0.00553592 -0.00355898 0.00350654 
v 0.0085879 -0.00551911 -1.69377e-18 
v 0.00884 -0.00510558 0 
v 0.0054057 -0.00384556 0.00349007 
v 0.00526785 -0.00400452 0.00350654 
v 0.00500089 -0.0043333 0.00350654 
v 0.00831647 -0.00592021 0 
vn 0.60485 -0.349589 0.715502 
vn 0.635478 -0.290213 0.715502 
vn 0.634042 -0.293339 0.715502 
vn 0.587648 -0.377792 0.715502 
vn 0.587708 -0.377697 0.715502 
vn 0.604961 -0.349398 0.715502 
vn 0.569262 -0.404966 0.715502 
vn 0.556159 -0.422781 0.715502 
vn 0.527974 -0.457493 0.715502 
vn 0.569133 -0.405146 0.715502 
f 1641//1641 1642//1642 1643//1643 
f 1644//1644 1645//1645 1641//1641 
f 1645//1645 1646//1646 1641//1641 
f 1645//1645 1644//1644 1647//1647 
f 1647//1647 1644//1644 1648//1648 
f 1648//1648 1649//1649 1647//1647 
f 1647//1647 1650//1650 1645//1645 
f 1643//1643 1644//1644 1641//1641 
o mesh1736
v 0.00668511 -0.00771503 -3.38754e-18 
v 0.0070435 -0.00738929 0 
v 0.00457572 -0.0048034 0.00349007 
v 0.00433003 -0.00499759 0.00350654 
v 0.00660761 -0.00777904 -2.74937e-18 
v 0.00428384 -0.00504333 0.00350654 
v 0.00410331 -0.00521275 0.00349007 
v 0.00631168 -0.00802342 0 
v 0.00357749 -0.00556669 0.00350654 
v 0.00500089 -0.0043333 0.00350654 
vn 0.457493 -0.527974 0.715502 
vn 0.482019 -0.505682 0.715502 
vn 0.481859 -0.505835 0.715502 
vn 0.457468 -0.527996 0.715502 
vn 0.452272 -0.532453 0.715502 
vn 0.452271 -0.532454 0.715502 
vn 0.43211 -0.548942 0.715502 
vn 0.431937 -0.549078 0.715502 
vn 0.377697 -0.587708 0.715502 
vn 0.527974 -0.457493 0.715502 
f 1651//1651 1652//1652 1653//1653 
f 1653//1653 1654//1654 1651//1651 
f 1655//1655 1656//1656 1657//1657 
f 1655//1655 1654//1654 1656//1656 
f 1657//1657 1658//1658 1655//1655 
f 1656//1656 1659//1659 1657//1657 
f 1655//1655 1651//1651 1654//1654 
f 1653//1653 1660//1660 1654//1654 
o mesh1737
v 0.0030371 -0.00589796 0.00349007 
v 0.00357749 -0.00556669 0.00350654 
v 0.00309952 -0.00584632 0.00350654 
v 0.00424074 -0.00928594 5.08131e-18 
v 0.00467639 -0.00907435 0 
v 0.00273834 -0.00599332 0.00350654 
v 0.00186426 -0.00634909 0.00350654 
v 0.0024685 -0.00615763 0.00349007 
v 0.00379555 -0.00947662 0 
vn 0.31983 -0.6211 0.715502 
vn 0.377697 -0.587708 0.715502 
vn 0.327235 -0.617231 0.715502 
vn 0.290213 -0.635478 0.715502 
vn 0.320026 -0.620999 0.715502 
vn 0.290326 -0.635427 0.715502 
vn 0.196821 -0.670312 0.715502 
vn 0.259952 -0.648445 0.715502 
vn 0.259747 -0.648528 0.715502 
f 1661//1661 1662//1662 1663//1663 
f 1664//1664 1665//1665 1661//1661 
f 1661//1661 1666//1666 1664//1664 
f 1666//1666 1667//1667 1668//1668 
f 1668//1668 1664//1664 1666//1666 
f 1668//1668 1669//1669 1664//1664 
f 1663//1663 1666//1666 1661//1661 
o mesh1738
v 0.00125243 -0.0065147 0.00349007 
v 0.00186426 -0.00634909 0.00350654 
v 0.00177027 -0.00637594 0.00350654 
v 0.00145281 -0.0101045 1.01626e-17 
v 0.00193042 -0.0100243 0 
v 0.000935648 -0.00651277 0.00350654 
v 0.000633704 -0.00660366 0.00349007 
v 0.000358244 -0.00660743 0.00350654 
v -8.10365e-19 -0.00661713 0.00350654 
v 0.000971936 -0.0101621 0 
vn 0.131891 -0.686048 0.715502 
vn 0.196821 -0.670312 0.715502 
vn 0.186898 -0.673146 0.715502 
vn 0.0994226 -0.6915 0.715502 
vn 0.132107 -0.686006 0.715502 
vn 0.099345 -0.691511 0.715502 
vn 0.0667339 -0.695416 0.715502 
vn 0.037822 -0.697586 0.715502 
vn 1.28333e-16 -0.69861 0.715502 
vn 0.066514 -0.695437 0.715502 
f 1670//1670 1671//1671 1672//1672 
f 1673//1673 1674//1674 1670//1670 
f 1670//1670 1675//1675 1673//1673 
f 1673//1673 1675//1675 1676//1676 
f 1676//1676 1675//1675 1677//1677 
f 1677//1677 1678//1678 1676//1676 
f 1676//1676 1679//1679 1673//1673 
f 1672//1672 1675//1675 1670//1670 
o mesh1739
v -0.00145281 -0.0101045 -1.18564e-17 
v -0.000971936 -0.0101621 0 
v -0.000633704 -0.00660366 0.00349007 
v -0.000940961 -0.00654051 0.00350654 
v -0.00107053 -0.00652996 0.00350654 
v -0.00165108 -0.0100712 -6.97535e-18 
v -0.00125243 -0.0065147 0.00349007 
v -0.00193042 -0.0100243 0 
v -0.00186426 -0.00634909 0.00350654 
v -8.10365e-19 -0.00661713 0.00350654 
vn -0.0994226 -0.6915 0.715502 
vn -0.066514 -0.695437 0.715502 
vn -0.0667339 -0.695416 0.715502 
vn -0.0994825 -0.691491 0.715502 
vn -0.113023 -0.689407 0.715502 
vn -0.113022 -0.689407 0.715502 
vn -0.131891 -0.686048 0.715502 
vn -0.132107 -0.686006 0.715502 
vn -0.196821 -0.670312 0.715502 
vn 1.28333e-16 -0.69861 0.715502 
f 1680//1680 1681//1681 1682//1682 
f 1682//1682 1683//1683 1680//1680 
f 1680//1680 1683//1683 1684//1684 
f 1685//1685 1684//1684 1686//1686 
f 1686//1686 1687//1687 1685//1685 
f 1684//1684 1688//1688 1686//1686 
f 1684//1684 1685//1685 1680//1680 
f 1682//1682 1689//1689 1683//1683 
o mesh1740
v -0.0024685 -0.00615763 0.00349007 
v -0.00186426 -0.00634909 0.00350654 
v -0.00244925 -0.00614716 0.00350654 
v -0.00424074 -0.00928594 -3.38754e-18 
v -0.00379555 -0.00947662 0 
v -0.00273822 -0.00599849 0.00350654 
v -0.00357749 -0.00556669 0.00350654 
v -0.0030371 -0.00589796 0.00349007 
v -0.00467639 -0.00907435 0 
vn -0.259952 -0.648445 0.715502 
vn -0.196821 -0.670312 0.715502 
vn -0.258582 -0.648993 0.715502 
vn -0.290213 -0.635478 0.715502 
vn -0.259747 -0.648528 0.715502 
vn -0.290108 -0.635526 0.715502 
vn -0.377697 -0.587708 0.715502 
vn -0.31983 -0.6211 0.715502 
vn -0.320026 -0.620999 0.715502 
f 1690//1690 1691//1691 1692//1692 
f 1693//1693 1694//1694 1690//1690 
f 1690//1690 1695//1695 1693//1693 
f 1695//1695 1696//1696 1697//1697 
f 1697//1697 1693//1693 1695//1695 
f 1697//1697 1698//1698 1693//1693 
f 1692//1692 1695//1695 1690//1690 
o mesh1741
v -0.00410331 -0.00521275 0.00349007 
v -0.00357749 -0.00556669 0.00350654 
v -0.00371345 -0.00547693 0.00350654 
v -0.00668511 -0.00771503 0 
v -0.00631168 -0.00802342 0 
v -0.0043084 -0.00497157 0.00350654 
v -0.00457572 -0.0048034 0.00349007 
v -0.00480401 -0.0045506 0.00350654 
v -0.00500089 -0.0043333 0.00350654 
v -0.0070435 -0.00738929 0 
vn -0.43211 -0.548942 0.715502 
vn -0.377697 -0.587708 0.715502 
vn -0.392051 -0.578232 0.715502 
vn -0.457493 -0.527974 0.715502 
vn -0.431937 -0.549078 0.715502 
vn -0.457523 -0.527948 0.715502 
vn -0.481859 -0.505835 0.715502 
vn -0.507188 -0.480434 0.715502 
vn -0.527974 -0.457493 0.715502 
vn -0.482019 -0.505682 0.715502 
f 1699//1699 1700//1700 1701//1701 
f 1702//1702 1703//1703 1699//1699 
f 1699//1699 1704//1704 1702//1702 
f 1702//1702 1704//1704 1705//1705 
f 1705//1705 1704//1704 1706//1706 
f 1706//1706 1707//1707 1705//1705 
f 1705//1705 1708//1708 1702//1702 
f 1701//1701 1704//1704 1699//1699 
o mesh1742
v -0.0085879 -0.00551911 -3.38754e-18 
v -0.00831647 -0.00592021 0 
v -0.0054057 -0.00384556 0.00349007 
v -0.0055554 -0.0035693 0.00350654 
v -0.00566994 -0.00341149 0.00350654 
v -0.00874488 -0.0052616 -1.30899e-18 
v -0.00574365 -0.0033197 0.00349007 
v -0.00884 -0.00510558 0 
v -0.00601915 -0.00274886 0.00350654 
v -0.00500089 -0.0043333 0.00350654 
vn -0.587708 -0.377697 0.715502 
vn -0.569133 -0.405146 0.715502 
vn -0.569262 -0.404966 0.715502 
vn -0.587754 -0.377627 0.715502 
vn -0.598609 -0.360171 0.715502 
vn -0.59861 -0.36017 0.715502 
vn -0.60485 -0.349589 0.715502 
vn -0.604961 -0.349398 0.715502 
vn -0.635478 -0.290213 0.715502 
vn -0.527974 -0.457493 0.715502 
f 1709//1709 1710//1710 1711//1711 
f 1711//1711 1712//1712 1709//1709 
f 1709//1709 1712//1712 1713//1713 
f 1714//1714 1713//1713 1715//1715 
f 1715//1715 1716//1716 1714//1714 
f 1713//1713 1717//1717 1715//1715 
f 1713//1713 1714//1714 1709//1709 
f 1711//1711 1718//1718 1712//1712 
o mesh1743
v -0.00979494 -0.00287605 3.38754e-18 
v -0.00967253 -0.00325908 3.46945e-18 
v -0.00627015 -0.00216682 0.00349007 
v -0.00627075 -0.00211286 0.00350654 
v -0.006331 -0.00185995 0.00350654 
v -0.00964751 -0.00333738 0 
v -0.00644626 -0.00156705 0.00349007 
v -0.00654978 -0.000941716 0.00350654 
v -0.00992032 -0.00240826 0 
v -0.00601915 -0.00274886 0.00350654 
vn -0.670312 -0.196821 0.715502 
vn -0.66204 -0.223069 0.715502 
vn -0.660295 -0.228183 0.715502 
vn -0.66204 -0.223067 0.715502 
vn -0.670283 -0.196919 0.715502 
vn -0.660222 -0.228392 0.715502 
vn -0.67884 -0.165023 0.715502 
vn -0.6915 -0.0994226 0.715502 
vn -0.678892 -0.164808 0.715502 
vn -0.635478 -0.290213 0.715502 
f 1719//1719 1720//1720 1721//1721 
f 1721//1721 1722//1722 1719//1719 
f 1722//1722 1723//1723 1719//1719 
f 1720//1720 1724//1724 1721//1721 
f 1719//1719 1723//1723 1725//1725 
f 1723//1723 1726//1726 1725//1725 
f 1725//1725 1727//1727 1719//1719 
f 1721//1721 1728//1728 1722//1722 
o mesh1744
v -0.00662663 -0.000312544 0.00349007 
v -0.00654978 -0.000941716 0.00350654 
v -0.00657834 -0.000715438 0.00350654 
v -0.0102085 -2.50035e-18 1.01626e-17 
v -0.010197 -0.000484171 0 
v -0.00657834 -1.73472e-18 0.00350654 
v -0.00662663 0.000312544 0.00349007 
v -0.00657834 0.000715438 0.00350654 
v -0.00654978 0.000941716 0.00350654 
v -0.010197 0.000484171 0 
vn -0.697835 -0.0329133 0.715502 
vn -0.6915 -0.0994226 0.715502 
vn -0.694515 -0.0755331 0.715502 
vn -0.69861 -1.52656e-16 0.715502 
vn -0.697824 -0.033134 0.715502 
vn -0.69861 -1.52656e-16 0.715502 
vn -0.697835 0.0329133 0.715502 
vn -0.694515 0.0755331 0.715502 
vn -0.6915 0.0994226 0.715502 
vn -0.697824 0.033134 0.715502 
f 1729//1729 1730//1730 1731//1731 
f 1732//1732 1733//1733 1729//1729 
f 1729//1729 1734//1734 1732//1732 
f 1732//1732 1734//1734 1735//1735 
f 1735//1735 1734//1734 1736//1736 
f 1736//1736 1737//1737 1735//1735 
f 1735//1735 1738//1738 1732//1732 
f 1731//1731 1734//1734 1729//1729 
o mesh1745
v -0.00979494 0.00287605 -3.38754e-18 
v -0.00992032 0.00240826 0 
v -0.00644626 0.00156705 0.00349007 
v -0.006331 0.00185995 0.00350654 
v -0.00627075 0.00211286 0.00350654 
v -0.00627015 0.00216682 0.00349007 
v -0.00964751 0.00333738 0 
v -0.00967253 0.00325908 -5.88823e-19 
v -0.00601915 0.00274886 0.00350654 
v -0.00654978 0.000941716 0.00350654 
vn -0.670312 0.196821 0.715502 
vn -0.678892 0.164808 0.715502 
vn -0.67884 0.165023 0.715502 
vn -0.670283 0.196919 0.715502 
vn -0.66204 0.223067 0.715502 
vn -0.660295 0.228183 0.715502 
vn -0.660222 0.228392 0.715502 
vn -0.66204 0.223069 0.715502 
vn -0.635478 0.290213 0.715502 
vn -0.6915 0.0994226 0.715502 
f 1739//1739 1740//1740 1741//1741 
f 1741//1741 1742//1742 1739//1739 
f 1739//1739 1743//1743 1744//1744 
f 1739//1739 1742//1742 1743//1743 
f 1744//1744 1745//1745 1746//1746 
f 1743//1743 1747//1747 1744//1744 
f 1744//1744 1746//1746 1739//1739 
f 1741//1741 1748//1748 1742//1742 
o mesh1746
v -0.00874488 0.0052616 -1.73472e-18 
v -0.00884 0.00510558 0 
v -0.00574365 0.0033197 0.00349007 
v -0.0085879 0.00551911 -1.69377e-18 
v -0.00566994 0.00341149 0.00350654 
v -0.0055554 0.0035693 0.00350654 
v -0.0054057 0.00384556 0.00349007 
v -0.00500089 0.0043333 0.00350654 
v -0.00831647 0.00592021 0 
v -0.00601915 0.00274886 0.00350654 
vn -0.59861 0.36017 0.715502 
vn -0.604961 0.349398 0.715502 
vn -0.60485 0.349589 0.715502 
vn -0.587708 0.377697 0.715502 
vn -0.598609 0.360171 0.715502 
vn -0.587754 0.377627 0.715502 
vn -0.569262 0.404966 0.715502 
vn -0.527974 0.457493 0.715502 
vn -0.569133 0.405146 0.715502 
vn -0.635478 0.290213 0.715502 
f 1749//1749 1750//1750 1751//1751 
f 1752//1752 1749//1749 1753//1753 
f 1753//1753 1754//1754 1752//1752 
f 1751//1751 1753//1753 1749//1749 
f 1752//1752 1754//1754 1755//1755 
f 1754//1754 1756//1756 1755//1755 
f 1755//1755 1757//1757 1752//1752 
f 1751//1751 1758//1758 1753//1753 
o mesh1747
v -0.00457572 0.0048034 0.00349007 
v -0.00500089 0.0043333 0.00350654 
v -0.00480401 0.0045506 0.00350654 
v -0.00668511 0.00771503 5.08131e-18 
v -0.0070435 0.00738929 0 
v -0.0043084 0.00497157 0.00350654 
v -0.00410331 0.00521275 0.00349007 
v -0.00371345 0.00547693 0.00350654 
v -0.00357749 0.00556669 0.00350654 
v -0.00631168 0.00802342 0 
vn -0.481859 0.505835 0.715502 
vn -0.527974 0.457493 0.715502 
vn -0.507188 0.480434 0.715502 
vn -0.457493 0.527974 0.715502 
vn -0.482019 0.505682 0.715502 
vn -0.457523 0.527948 0.715502 
vn -0.43211 0.548942 0.715502 
vn -0.392051 0.578232 0.715502 
vn -0.377697 0.587708 0.715502 
vn -0.431937 0.549078 0.715502 
f 1759//1759 1760//1760 1761//1761 
f 1762//1762 1763//1763 1759//1759 
f 1759//1759 1764//1764 1762//1762 
f 1762//1762 1764//1764 1765//1765 
f 1765//1765 1764//1764 1766//1766 
f 1766//1766 1767//1767 1765//1765 
f 1765//1765 1768//1768 1762//1762 
f 1761//1761 1764//1764 1759//1759 
o mesh1748
v -0.00273822 0.00599849 0.00350654 
v -0.00424074 0.00928594 5.08131e-18 
v -0.0030371 0.00589796 0.00349007 
v -0.00467639 0.00907435 0 
v -0.0024685 0.00615763 0.00349007 
v -0.00244925 0.00614716 0.00350654 
v -0.00186426 0.00634909 0.00350654 
v -0.00379555 0.00947662 0 
v -0.00357749 0.00556669 0.00350654 
vn -0.290108 0.635526 0.715502 
vn -0.290213 0.635478 0.715502 
vn -0.31983 0.6211 0.715502 
vn -0.320026 0.620999 0.715502 
vn -0.259952 0.648445 0.715502 
vn -0.258582 0.648993 0.715502 
vn -0.196821 0.670312 0.715502 
vn -0.259747 0.648528 0.715502 
vn -0.377697 0.587708 0.715502 
f 1769//1769 1770//1770 1771//1771 
f 1770//1770 1772//1772 1771//1771 
f 1770//1770 1769//1769 1773//1773 
f 1773//1773 1769//1769 1774//1774 
f 1774//1774 1775//1775 1773//1773 
f 1773//1773 1776//1776 1770//1770 
f 1771//1771 1777//1777 1769//1769 
o mesh1749
v -0.00165108 0.0100712 1.01915e-17 
v -0.00193042 0.0100243 0 
v -0.00125243 0.0065147 0.00349007 
v -0.00145281 0.0101045 1.01626e-17 
v -0.00107053 0.00652996 0.00350654 
v -0.000940961 0.00654051 0.00350654 
v -0.000633704 0.00660366 0.00349007 
v 0 0.00661713 0.00350654 
v -0.000971936 0.0101621 0 
v -0.00186426 0.00634909 0.00350654 
vn -0.113022 0.689407 0.715502 
vn -0.132107 0.686006 0.715502 
vn -0.131891 0.686048 0.715502 
vn -0.0994226 0.6915 0.715502 
vn -0.113023 0.689407 0.715502 
vn -0.0994825 0.691491 0.715502 
vn -0.0667339 0.695416 0.715502 
vn -4.27775e-17 0.69861 0.715502 
vn -0.066514 0.695437 0.715502 
vn -0.196821 0.670312 0.715502 
f 1778//1778 1779//1779 1780//1780 
f 1781//1781 1778//1778 1782//1782 
f 1782//1782 1783//1783 1781//1781 
f 1780//1780 1782//1782 1778//1778 
f 1781//1781 1783//1783 1784//1784 
f 1783//1783 1785//1785 1784//1784 
f 1784//1784 1786//1786 1781//1781 
f 1780//1780 1787//1787 1782//1782 
o mesh1750
v 0.00145281 0.0101045 -1.18564e-17 
v 0.000935648 0.00651277 0.00350654 
v 0.00125243 0.0065147 0.00349007 
v 0.00177027 0.00637594 0.00350654 
v 0.00186426 0.00634909 0.00350654 
v 0.000633704 0.00660366 0.00349007 
v 0 0.00661713 0.00350654 
v 0.000358244 0.00660743 0.00350654 
v 0.000971936 0.0101621 0 
v 0.00193042 0.0100243 0 
vn 0.0994226 0.6915 0.715502 
vn 0.099345 0.691511 0.715502 
vn 0.131891 0.686048 0.715502 
vn 0.186898 0.673146 0.715502 
vn 0.196821 0.670312 0.715502 
vn 0.0667339 0.695416 0.715502 
vn 1.12345e-16 0.69861 0.715502 
vn 0.037822 0.697586 0.715502 
vn 0.066514 0.695437 0.715502 
vn 0.132107 0.686006 0.715502 
f 1788//1788 1789//1789 1790//1790 
f 1790//1790 1789//1789 1791//1791 
f 1791//1791 1792//1792 1790//1790 
f 1793//1793 1794//1794 1795//1795 
f 1788//1788 1796//1796 1793//1793 
f 1793//1793 1789//1789 1788//1788 
f 1795//1795 1789//1789 1793//1793 
f 1790//1790 1797//1797 1788//1788 
o mesh1751
v 0.000968572 0.0101267 -9.99356e-05 
v 0.000980733 0.0102546 5.64289e-05 
v 0.000971936 0.0101621 0 
v 0.000635712 0.00662478 0.00351589 
v 0.000633704 0.00660366 0.00349007 
v 0.000966141 0.0101011 -7.48572e-05 
vn 0.995513 -0.0946247 6.52256e-16 
vn 0.995513 -0.0946247 6.52256e-16 
vn 0.995513 -0.0946247 6.52256e-16 
vn 0.995513 -0.0946247 6.52256e-16 
vn 0.995513 -0.0946247 6.52256e-16 
vn 0.995513 -0.0946247 6.52256e-16 
f 1798//1798 1799//1799 1800//1800 
f 1801//1801 1802//1802 1800//1800 
f 1800//1800 1799//1799 1801//1801 
f 1800//1800 1803//1803 1798//1798 
o mesh1752
v 0.000968572 0.0101267 -9.99356e-05 
v 0.000966141 0.0101011 -7.48572e-05 
v 0.000548579 0.0101122 -8.5696e-05 
v 0 0.0101267 -9.99356e-05 
vn 0 -0.700064 -0.714081 
vn 0 -0.700064 -0.714081 
vn 0 -0.700064 -0.714081 
vn 0 -0.700064 -0.714081 
f 1804//1804 1805//1805 1806//1806 
f 1806//1806 1807//1807 1804//1804 
o mesh1753
v 0.000943449 0.0105158 0.000375602 
v 0.000611545 0.00679405 0.00372277 
v 0.000635712 0.00662478 0.00351589 
v 0.000980733 0.0102546 5.64289e-05 
vn 0.994035 0.00909203 0.108678 
vn 0.994035 0.00909203 0.108678 
vn 0.994035 0.00909203 0.108678 
vn 0.994035 0.00909203 0.108678 
f 1808//1808 1809//1809 1810//1810 
f 1810//1810 1811//1811 1808//1808 
o mesh1754
v 0.000852525 0.0107785 0.000696737 
v 0.000552608 0.00696437 0.00393093 
v 0.000611545 0.00679405 0.00372277 
v 0.000943449 0.0105158 0.000375602 
vn 0.975357 0.0929698 0.200089 
vn 0.975357 0.0929698 0.200089 
vn 0.975357 0.0929698 0.200089 
vn 0.975357 0.0929698 0.200089 
f 1812//1812 1813//1813 1814//1814 
f 1814//1814 1815//1815 1812//1812 
o mesh1755
v 0.000724298 0.0110418 0.00101853 
v 0.000469491 0.00713503 0.00413952 
v 0.000552608 0.00696437 0.00393093 
v 0.000852525 0.0107785 0.000696737 
vn 0.954292 0.146065 0.260751 
vn 0.954292 0.146065 0.260751 
vn 0.954292 0.146065 0.260751 
vn 0.954292 0.146065 0.260751 
f 1816//1816 1817//1817 1818//1818 
f 1818//1818 1819//1819 1816//1816 
o mesh1756
v 0.000724298 0.0110418 0.00101853 
v 0.000564133 0.011305 0.0013402 
v 0.000365671 0.00730562 0.00434803 
v 0.000469491 0.00713503 0.00413952 
vn 0.931861 0.187405 0.310668 
vn 0.931861 0.187405 0.310668 
vn 0.931861 0.187405 0.310668 
vn 0.931861 0.187405 0.310668 
f 1820//1820 1821//1821 1822//1822 
f 1822//1822 1823//1823 1820//1820 
o mesh1757
v 0.000564133 0.011305 0.0013402 
v 0.000374928 0.0115675 0.00166105 
v 0.000243029 0.00747578 0.004556 
v 0.000365671 0.00730562 0.00434803 
vn 0.908449 0.221513 0.354475 
vn 0.908449 0.221513 0.354475 
vn 0.908449 0.221513 0.354475 
vn 0.908449 0.221513 0.354475 
f 1824//1824 1825//1825 1826//1826 
f 1826//1826 1827//1827 1824//1824 
o mesh1758
v 0.000374928 0.0115675 0.00166105 
v -0.000374928 0.0115675 0.00166105 
v -0.000243029 0.00747578 0.004556 
v 0.000243029 0.00747578 0.004556 
vn 0 0.577574 0.816339 
vn 0 0.577574 0.816339 
vn 0 0.577574 0.816339 
vn 0 0.577574 0.816339 
f 1828//1828 1829//1829 1830//1830 
f 1830//1830 1831//1831 1828//1828 
o mesh1759
v -0.000564133 0.011305 0.0013402 
v -0.000365671 0.00730562 0.00434803 
v -0.000243029 0.00747578 0.004556 
v -0.000374928 0.0115675 0.00166105 
vn -0.908449 0.221513 0.354475 
vn -0.908449 0.221513 0.354475 
vn -0.908449 0.221513 0.354475 
vn -0.908449 0.221513 0.354475 
f 1832//1832 1833//1833 1834//1834 
f 1834//1834 1835//1835 1832//1832 
o mesh1760
v -0.000724298 0.0110418 0.00101853 
v -0.000469491 0.00713503 0.00413952 
v -0.000365671 0.00730562 0.00434803 
v -0.000564133 0.011305 0.0013402 
vn -0.931861 0.187405 0.310668 
vn -0.931861 0.187405 0.310668 
vn -0.931861 0.187405 0.310668 
vn -0.931861 0.187405 0.310668 
f 1836//1836 1837//1837 1838//1838 
f 1838//1838 1839//1839 1836//1836 
o mesh1761
v -0.000724298 0.0110418 0.00101853 
v -0.000852525 0.0107785 0.000696737 
v -0.000552608 0.00696437 0.00393093 
v -0.000469491 0.00713503 0.00413952 
vn -0.954292 0.146065 0.260751 
vn -0.954292 0.146065 0.260751 
vn -0.954292 0.146065 0.260751 
vn -0.954292 0.146065 0.260751 
f 1840//1840 1841//1841 1842//1842 
f 1842//1842 1843//1843 1840//1840 
o mesh1762
v 0 0.00661713 0.00350654 
v 0.000633704 0.00660366 0.00349007 
v 0.000635712 0.00662478 0.00351589 
v -0.000611545 0.00679405 0.00372277 
v -0.000635712 0.00662478 0.00351589 
v 0.000611545 0.00679405 0.00372277 
v -0.000552608 0.00696437 0.00393093 
v 0.000469491 0.00713503 0.00413952 
v 0.000365671 0.00730562 0.00434803 
v 0.000552608 0.00696437 0.00393093 
v -0.000469491 0.00713503 0.00413952 
v -0.000365671 0.00730562 0.00434803 
v -0.000243029 0.00747578 0.004556 
v -0.000633704 0.00660366 0.00349007 
v 0.000243029 0.00747578 0.004556 
vn 0 -0.773957 0.633238 
vn 0 -0.773957 0.633238 
vn 0 -0.773957 0.633238 
vn 0 -0.773957 0.633238 
vn 0 -0.773957 0.633238 
vn 0 -0.773957 0.633238 
vn 0 -0.773957 0.633238 
vn 0 -0.773957 0.633238 
vn 0 -0.773957 0.633238 
vn 0 -0.773957 0.633238 
vn 0 -0.773957 0.633238 
vn 0 -0.773957 0.633238 
vn 0 -0.773957 0.633238 
vn 0 -0.773957 0.633238 
vn 0 -0.773957 0.633238 
f 1844//1844 1845//1845 1846//1846 
f 1844//1844 1847//1847 1848//1848 
f 1846//1846 1849//1849 1844//1844 
f 1844//1844 1850//1850 1847//1847 
f 1844//1844 1851//1851 1852//1852 
f 1849//1849 1853//1853 1844//1844 
f 1844//1844 1854//1854 1850//1850 
f 1853//1853 1851//1851 1844//1844 
f 1844//1844 1855//1855 1854//1854 
f 1852//1852 1856//1856 1844//1844 
f 1844//1844 1856//1856 1855//1855 
f 1848//1848 1857//1857 1844//1844 
f 1852//1852 1858//1858 1856//1856 
o mesh1763
v -0.000852525 0.0107785 0.000696737 
v -0.000943449 0.0105158 0.000375602 
v -0.000611545 0.00679405 0.00372277 
v -0.000552608 0.00696437 0.00393093 
vn -0.975357 0.0929698 0.200089 
vn -0.975357 0.0929698 0.200089 
vn -0.975357 0.0929698 0.200089 
vn -0.975357 0.0929698 0.200089 
f 1859//1859 1860//1860 1861//1861 
f 1861//1861 1862//1862 1859//1859 
o mesh1764
v -0.000943449 0.0105158 0.000375602 
v -0.000980733 0.0102546 5.64289e-05 
v -0.000635712 0.00662478 0.00351589 
v -0.000611545 0.00679405 0.00372277 
vn -0.994035 0.00909203 0.108678 
vn -0.994035 0.00909203 0.108678 
vn -0.994035 0.00909203 0.108678 
vn -0.994035 0.00909203 0.108678 
f 1863//1863 1864//1864 1865//1865 
f 1865//1865 1866//1866 1863//1863 
o mesh1765
v 0 0.0101267 -9.99356e-05 
v -0.000968572 0.0101267 -9.99356e-05 
v -0.000980733 0.0102546 5.64289e-05 
v 0.000943449 0.0105158 0.000375602 
v 0.000980733 0.0102546 5.64289e-05 
v -0.000943449 0.0105158 0.000375602 
v 0.000852525 0.0107785 0.000696737 
v -0.000724298 0.0110418 0.00101853 
v -0.000564133 0.011305 0.0013402 
v -0.000852525 0.0107785 0.000696737 
v 0.000724298 0.0110418 0.00101853 
v 0.000564133 0.011305 0.0013402 
v 0.000374928 0.0115675 0.00166105 
v 0.000968572 0.0101267 -9.99356e-05 
v -0.000374928 0.0115675 0.00166105 
vn 0 0.773957 -0.633238 
vn 0 0.773957 -0.633238 
vn 0 0.773957 -0.633238 
vn 0 0.773957 -0.633238 
vn 0 0.773957 -0.633238 
vn 0 0.773957 -0.633238 
vn 0 0.773957 -0.633238 
vn 0 0.773957 -0.633238 
vn 0 0.773957 -0.633238 
vn 0 0.773957 -0.633238 
vn 0 0.773957 -0.633238 
vn 0 0.773957 -0.633238 
vn 0 0.773957 -0.633238 
vn 0 0.773957 -0.633238 
vn 0 0.773957 -0.633238 
f 1867//1867 1868//1868 1869//1869 
f 1867//1867 1870//1870 1871//1871 
f 1869//1869 1872//1872 1867//1867 
f 1867//1867 1873//1873 1870//1870 
f 1867//1867 1874//1874 1875//1875 
f 1872//1872 1876//1876 1867//1867 
f 1867//1867 1877//1877 1873//1873 
f 1876//1876 1874//1874 1867//1867 
f 1867//1867 1878//1878 1877//1877 
f 1875//1875 1879//1879 1867//1867 
f 1867//1867 1879//1879 1878//1878 
f 1871//1871 1880//1880 1867//1867 
f 1875//1875 1881//1881 1879//1879 
o mesh1766
v -0.000635712 0.00662478 0.00351589 
v -0.000980733 0.0102546 5.64289e-05 
v -0.000971936 0.0101621 0 
v -0.000968572 0.0101267 -9.99356e-05 
v -0.000966141 0.0101011 -7.48572e-05 
v -0.000633704 0.00660366 0.00349007 
vn -0.995513 -0.0946247 6.45317e-16 
vn -0.995513 -0.0946247 6.45317e-16 
vn -0.995513 -0.0946247 6.45317e-16 
vn -0.995513 -0.0946247 6.45317e-16 
vn -0.995513 -0.0946247 6.45317e-16 
vn -0.995513 -0.0946247 6.45317e-16 
f 1882//1882 1883//1883 1884//1884 
f 1885//1885 1886//1886 1884//1884 
f 1884//1884 1883//1883 1885//1885 
f 1884//1884 1887//1887 1882//1882 
o mesh1767
v 0 0.0101267 -9.99356e-05 
v -0.000966141 0.0101011 -7.48572e-05 
v -0.000968572 0.0101267 -9.99356e-05 
vn 0 -0.700064 -0.714081 
vn 0 -0.700064 -0.714081 
vn 0 -0.700064 -0.714081 
f 1888//1888 1889//1889 1890//1890 
o mesh1768
v -0.00192368 0.00998936 -9.99356e-05 
v -0.00194805 0.0101155 5.64289e-05 
v -0.00193042 0.0100243 0 
v -0.00125646 0.00653553 0.00351589 
v -0.00125243 0.0065147 0.00349007 
v -0.00191881 0.00996413 -7.48572e-05 
vn 0.981847 0.189677 6.52256e-16 
vn 0.981847 0.189677 6.52256e-16 
vn 0.981847 0.189677 6.52256e-16 
vn 0.981847 0.189677 6.52256e-16 
vn 0.981847 0.189677 6.52256e-16 
vn 0.981847 0.189677 6.52256e-16 
f 1891//1891 1892//1892 1893//1893 
f 1894//1894 1895//1895 1893//1893 
f 1893//1893 1892//1892 1894//1894 
f 1893//1893 1896//1896 1891//1891 
o mesh1769
v -0.00191881 0.00996413 -7.48572e-05 
v -0.00285302 0.00971649 -9.99356e-05 
v -0.00192368 0.00998936 -9.99356e-05 
vn 0.197231 -0.671706 -0.714081 
vn 0.197231 -0.671706 -0.714081 
vn 0.197231 -0.671706 -0.714081 
f 1897//1897 1898//1898 1899//1899 
o mesh1770
v -0.0020574 0.0103556 0.000375602 
v -0.00132733 0.00669114 0.00372277 
v -0.00125646 0.00653553 0.00351589 
v -0.00194805 0.0101155 5.64289e-05 
vn 0.951209 0.288776 0.108678 
vn 0.951209 0.288776 0.108678 
vn 0.951209 0.288776 0.108678 
vn 0.951209 0.288776 0.108678 
f 1900//1900 1901//1901 1902//1902 
f 1902//1902 1903//1903 1900//1900 
o mesh1771
v -0.00221867 0.0105821 0.000696737 
v -0.00143187 0.00683795 0.00393093 
v -0.00132733 0.00669114 0.00372277 
v -0.0020574 0.0103556 0.000375602 
vn 0.909655 0.363994 0.200089 
vn 0.909655 0.363994 0.200089 
vn 0.909655 0.363994 0.200089 
vn 0.909655 0.363994 0.200089 
f 1904//1904 1905//1905 1906//1906 
f 1906//1906 1907//1907 1904//1904 
o mesh1772
v -0.00241588 0.0107986 0.00101853 
v -0.0015597 0.00697828 0.00413952 
v -0.00143187 0.00683795 0.00393093 
v -0.00221867 0.0105821 0.000696737 
vn 0.874486 0.409003 0.260751 
vn 0.874486 0.409003 0.260751 
vn 0.874486 0.409003 0.260751 
vn 0.874486 0.409003 0.260751 
f 1908//1908 1909//1909 1910//1910 
f 1910//1910 1911//1911 1908//1908 
o mesh1773
v -0.00241588 0.0107986 0.00101853 
v -0.0026437 0.011006 0.0013402 
v -0.00170737 0.00711272 0.00434803 
v -0.0015597 0.00697828 0.00413952 
vn 0.841316 0.442349 0.310668 
vn 0.841316 0.442349 0.310668 
vn 0.841316 0.442349 0.310668 
vn 0.841316 0.442349 0.310668 
f 1912//1912 1913//1913 1914//1914 
f 1914//1914 1915//1915 1912//1912 
o mesh1774
v -0.0026437 0.011006 0.0013402 
v -0.0028992 0.0112046 0.00166105 
v -0.00187299 0.00724143 0.004556 
v -0.00170737 0.00711272 0.00434803 
vn 0.809243 0.46848 0.354475 
vn 0.809243 0.46848 0.354475 
vn 0.809243 0.46848 0.354475 
vn 0.809243 0.46848 0.354475 
f 1916//1916 1917//1917 1918//1918 
f 1918//1918 1919//1919 1916//1916 
o mesh1775
v -0.00361868 0.0109933 0.00166105 
v -0.00233936 0.00710449 0.004556 
v -0.00187299 0.00724143 0.004556 
v -0.0028992 0.0112046 0.00166105 
vn -0.162721 0.554178 0.816339 
vn -0.162721 0.554178 0.816339 
vn -0.162721 0.554178 0.816339 
vn -0.162721 0.554178 0.816339 
f 1920//1920 1921//1921 1922//1922 
f 1922//1922 1923//1923 1920//1920 
o mesh1776
v -0.00372626 0.0106881 0.0013402 
v -0.00240909 0.00690667 0.00434803 
v -0.00233936 0.00710449 0.004556 
v -0.00361868 0.0109933 0.00166105 
vn -0.934058 -0.0433996 0.354475 
vn -0.934058 -0.0433996 0.354475 
vn -0.934058 -0.0433996 0.354475 
vn -0.934058 -0.0433996 0.354475 
f 1924//1924 1925//1925 1926//1926 
f 1926//1926 1927//1927 1924//1924 
o mesh1777
v -0.00380579 0.0103905 0.00101853 
v -0.00246064 0.00671374 0.00413952 
v -0.00240909 0.00690667 0.00434803 
v -0.00372626 0.0106881 0.0013402 
vn -0.946912 -0.0827222 0.310668 
vn -0.946912 -0.0827222 0.310668 
vn -0.946912 -0.0827222 0.310668 
vn -0.946912 -0.0827222 0.310668 
f 1928//1928 1929//1929 1930//1930 
f 1930//1930 1931//1931 1928//1928 
o mesh1778
v -0.00380579 0.0103905 0.00101853 
v -0.00385465 0.0101017 0.000696737 
v -0.00249231 0.00652657 0.00393093 
v -0.00246064 0.00671374 0.00413952 
vn -0.956788 -0.128707 0.260751 
vn -0.956788 -0.128707 0.260751 
vn -0.956788 -0.128707 0.260751 
vn -0.956788 -0.128707 0.260751 
f 1932//1932 1933//1933 1934//1934 
f 1934//1934 1935//1935 1932//1932 
o mesh1779
v -0.00186426 0.00634909 0.00350654 
v -0.00125243 0.0065147 0.00349007 
v -0.00125646 0.00653553 0.00351589 
v -0.00250088 0.00634655 0.00372277 
v -0.00247638 0.00617733 0.00351589 
v -0.00132733 0.00669114 0.00372277 
v -0.00249231 0.00652657 0.00393093 
v -0.0015597 0.00697828 0.00413952 
v -0.00170737 0.00711272 0.00434803 
v -0.00143187 0.00683795 0.00393093 
v -0.00246064 0.00671374 0.00413952 
v -0.00240909 0.00690667 0.00434803 
v -0.00233936 0.00710449 0.004556 
v -0.0024685 0.00615763 0.00349007 
v -0.00187299 0.00724143 0.004556 
vn 0.218049 -0.742607 0.633238 
vn 0.218049 -0.742607 0.633238 
vn 0.218049 -0.742607 0.633238 
vn 0.218049 -0.742607 0.633238 
vn 0.218049 -0.742607 0.633238 
vn 0.218049 -0.742607 0.633238 
vn 0.218049 -0.742607 0.633238 
vn 0.218049 -0.742607 0.633238 
vn 0.218049 -0.742607 0.633238 
vn 0.218049 -0.742607 0.633238 
vn 0.218049 -0.742607 0.633238 
vn 0.218049 -0.742607 0.633238 
vn 0.218049 -0.742607 0.633238 
vn 0.218049 -0.742607 0.633238 
vn 0.218049 -0.742607 0.633238 
f 1936//1936 1937//1937 1938//1938 
f 1936//1936 1939//1939 1940//1940 
f 1938//1938 1941//1941 1936//1936 
f 1936//1936 1942//1942 1939//1939 
f 1936//1936 1943//1943 1944//1944 
f 1941//1941 1945//1945 1936//1936 
f 1936//1936 1946//1946 1942//1942 
f 1945//1945 1943//1943 1936//1936 
f 1936//1936 1947//1947 1946//1946 
f 1944//1944 1948//1948 1936//1936 
f 1936//1936 1948//1948 1947//1947 
f 1940//1940 1949//1949 1936//1936 
f 1944//1944 1950//1950 1948//1948 
o mesh1780
v -0.00385465 0.0101017 0.000696737 
v -0.00386787 0.009824 0.000375602 
v -0.00250088 0.00634655 0.00372277 
v -0.00249231 0.00652657 0.00393093 
vn -0.962041 -0.185586 0.200089 
vn -0.962041 -0.185586 0.200089 
vn -0.962041 -0.185586 0.200089 
vn -0.962041 -0.185586 0.200089 
f 1951//1951 1952//1952 1953//1953 
f 1953//1953 1954//1954 1951//1951 
o mesh1781
v -0.00386787 0.009824 0.000375602 
v -0.00383007 0.00956293 5.64289e-05 
v -0.00247638 0.00617733 0.00351589 
v -0.00250088 0.00634655 0.00372277 
vn -0.956332 -0.271328 0.108678 
vn -0.956332 -0.271328 0.108678 
vn -0.956332 -0.271328 0.108678 
vn -0.956332 -0.271328 0.108678 
f 1955//1955 1956//1956 1957//1957 
f 1957//1957 1958//1958 1955//1955 
o mesh1782
v -0.00285302 0.00971649 -9.99356e-05 
v -0.00378236 0.00944361 -9.99356e-05 
v -0.00383007 0.00956293 5.64289e-05 
v -0.0020574 0.0103556 0.000375602 
v -0.00194805 0.0101155 5.64289e-05 
v -0.00386787 0.009824 0.000375602 
v -0.00221867 0.0105821 0.000696737 
v -0.00385465 0.0101017 0.000696737 
v -0.00241588 0.0107986 0.00101853 
v -0.00361868 0.0109933 0.00166105 
v -0.0026437 0.011006 0.0013402 
v -0.00380579 0.0103905 0.00101853 
v -0.00372626 0.0106881 0.0013402 
v -0.0028992 0.0112046 0.00166105 
v -0.00192368 0.00998936 -9.99356e-05 
vn -0.218049 0.742607 -0.633238 
vn -0.218049 0.742607 -0.633238 
vn -0.218049 0.742607 -0.633238 
vn -0.218049 0.742607 -0.633238 
vn -0.218049 0.742607 -0.633238 
vn -0.218049 0.742607 -0.633238 
vn -0.218049 0.742607 -0.633238 
vn -0.218049 0.742607 -0.633238 
vn -0.218049 0.742607 -0.633238 
vn -0.218049 0.742607 -0.633238 
vn -0.218049 0.742607 -0.633238 
vn -0.218049 0.742607 -0.633238 
vn -0.218049 0.742607 -0.633238 
vn -0.218049 0.742607 -0.633238 
vn -0.218049 0.742607 -0.633238 
f 1959//1959 1960//1960 1961//1961 
f 1959//1959 1962//1962 1963//1963 
f 1961//1961 1964//1964 1959//1959 
f 1959//1959 1965//1965 1962//1962 
f 1964//1964 1966//1966 1959//1959 
f 1959//1959 1967//1967 1965//1965 
f 1959//1959 1968//1968 1969//1969 
f 1966//1966 1970//1970 1959//1959 
f 1969//1969 1967//1967 1959//1959 
f 1970//1970 1971//1971 1959//1959 
f 1968//1968 1972//1972 1969//1969 
f 1963//1963 1973//1973 1959//1959 
f 1971//1971 1968//1968 1959//1959 
o mesh1783
v -0.00247638 0.00617733 0.00351589 
v -0.00383007 0.00956293 5.64289e-05 
v -0.00379555 0.00947662 0 
v -0.00378236 0.00944361 -9.99356e-05 
v -0.00377282 0.00941975 -7.48572e-05 
v -0.0024685 0.00615763 0.00349007 
vn -0.928529 -0.37126 6.45317e-16 
vn -0.928529 -0.37126 6.45317e-16 
vn -0.928529 -0.37126 6.45317e-16 
vn -0.928529 -0.37126 6.45317e-16 
vn -0.928529 -0.37126 6.45317e-16 
vn -0.928529 -0.37126 6.45317e-16 
f 1974//1974 1975//1975 1976//1976 
f 1977//1977 1978//1978 1976//1976 
f 1976//1976 1975//1975 1977//1977 
f 1976//1976 1979//1979 1974//1974 
o mesh1784
v -0.00378236 0.00944361 -9.99356e-05 
v -0.00285302 0.00971649 -9.99356e-05 
v -0.00375546 0.00942535 -7.53304e-05 
v -0.00377282 0.00941975 -7.48572e-05 
vn 0.197231 -0.671706 -0.714081 
vn 0.197231 -0.671706 -0.714081 
vn 0.197231 -0.671706 -0.714081 
vn 0.197231 -0.671706 -0.714081 
f 1980//1980 1981//1981 1982//1982 
f 1982//1982 1983//1983 1980//1980 
o mesh1785
v -0.00466009 0.00904276 -9.99356e-05 
v -0.00471902 0.00915696 5.64289e-05 
v -0.00467639 0.00907435 0 
v -0.00304683 0.00591681 0.00351589 
v -0.0030371 0.00589796 0.00349007 
v -0.0046483 0.00901993 -7.48572e-05 
vn 0.888637 0.458612 6.52256e-16 
vn 0.888637 0.458612 6.52256e-16 
vn 0.888637 0.458612 6.52256e-16 
vn 0.888637 0.458612 6.52256e-16 
vn 0.888637 0.458612 6.52256e-16 
vn 0.888637 0.458612 6.52256e-16 
f 1984//1984 1985//1985 1986//1986 
f 1987//1987 1988//1988 1986//1986 
f 1986//1986 1985//1985 1987//1987 
f 1986//1986 1989//1989 1984//1984 
o mesh1786
v -0.0046483 0.00901993 -7.48572e-05 
v -0.0054749 0.00851911 -9.99356e-05 
v -0.00466009 0.00904276 -9.99356e-05 
vn 0.378483 -0.588931 -0.714081 
vn 0.378483 -0.588931 -0.714081 
vn 0.378483 -0.588931 -0.714081 
f 1990//1990 1991//1991 1992//1992 
o mesh1787
v -0.00489157 0.00935649 0.000375602 
v -0.00315868 0.00604615 0.00372277 
v -0.00304683 0.00591681 0.00351589 
v -0.00471902 0.00915696 5.64289e-05 
vn 0.83132 0.545065 0.108678 
vn 0.83132 0.545065 0.108678 
vn 0.83132 0.545065 0.108678 
vn 0.83132 0.545065 0.108678 
f 1993//1993 1994//1994 1995//1995 
f 1995//1995 1996//1996 1993//1993 
o mesh1788
v -0.00511011 0.00952837 0.000696737 
v -0.00330034 0.00615756 0.00393093 
v -0.00315868 0.00604615 0.00372277 
v -0.00489157 0.00935649 0.000375602 
vn 0.770259 0.605529 0.200089 
vn 0.770259 0.605529 0.200089 
vn 0.770259 0.605529 0.200089 
vn 0.770259 0.605529 0.200089 
f 1997//1997 1998//1998 1999//1999 
f 1999//1999 2000//2000 1997//1997 
o mesh1789
v -0.00536033 0.00968054 0.00101853 
v -0.00346253 0.0062562 0.00413952 
v -0.00330034 0.00615756 0.00393093 
v -0.00511011 0.00952837 0.000696737 
vn 0.723833 0.638807 0.260751 
vn 0.723833 0.638807 0.260751 
vn 0.723833 0.638807 0.260751 
vn 0.723833 0.638807 0.260751 
f 2001//2001 2002//2002 2003//2003 
f 2003//2003 2004//2004 2001//2001 
o mesh1790
v -0.00536033 0.00968054 0.00101853 
v -0.00563735 0.00981535 0.0013402 
v -0.0036421 0.00634358 0.00434803 
v -0.00346253 0.0062562 0.00413952 
vn 0.682613 0.661457 0.310668 
vn 0.682613 0.661457 0.310668 
vn 0.682613 0.661457 0.310668 
vn 0.682613 0.661457 0.310668 
f 2005//2005 2006//2006 2007//2007 
f 2007//2007 2008//2008 2005//2005 
o mesh1791
v -0.00563735 0.00981535 0.0013402 
v -0.00593845 0.00993389 0.00166105 
v -0.00383727 0.00642042 0.004556 
v -0.0036421 0.00634358 0.00434803 
vn 0.644477 0.677493 0.354475 
vn 0.644477 0.677493 0.354475 
vn 0.644477 0.677493 0.354475 
vn 0.644477 0.677493 0.354475 
f 2009//2009 2010//2010 2011//2011 
f 2011//2011 2012//2012 2009//2009 
o mesh1792
v -0.00656927 0.00952849 0.00166105 
v -0.00424616 0.00615764 0.004556 
v -0.00383727 0.00642042 0.004556 
v -0.00593845 0.00993389 0.00166105 
vn -0.31226 0.485886 0.816339 
vn -0.31226 0.485886 0.816339 
vn -0.31226 0.485886 0.816339 
vn -0.31226 0.485886 0.816339 
f 2013//2013 2014//2014 2015//2015 
f 2015//2015 2016//2016 2013//2013 
o mesh1793
v -0.00658651 0.00920536 0.0013402 
v -0.00425734 0.00594819 0.00434803 
v -0.00424616 0.00615764 0.004556 
v -0.00656927 0.00952849 0.00166105 
vn -0.883995 -0.304796 0.354475 
vn -0.883995 -0.304796 0.354475 
vn -0.883995 -0.304796 0.354475 
vn -0.883995 -0.304796 0.354475 
f 2017//2017 2018//2018 2019//2019 
f 2019//2019 2020//2020 2017//2017 
o mesh1794
v -0.00657897 0.00889737 0.00101853 
v -0.00425245 0.00574854 0.00413952 
v -0.00425734 0.00594819 0.00434803 
v -0.00658651 0.00920536 0.0013402 
vn -0.88525 -0.346147 0.310668 
vn -0.88525 -0.346147 0.310668 
vn -0.88525 -0.346147 0.310668 
vn -0.88525 -0.346147 0.310668 
f 2021//2021 2022//2022 2023//2023 
f 2023//2023 2024//2024 2021//2021 
o mesh1795
v -0.00657897 0.00889737 0.00101853 
v -0.00654449 0.00860655 0.000696737 
v -0.0042301 0.00556004 0.00393093 
v -0.00425245 0.00574854 0.00413952 
vn -0.88177 -0.393052 0.260751 
vn -0.88177 -0.393052 0.260751 
vn -0.88177 -0.393052 0.260751 
vn -0.88177 -0.393052 0.260751 
f 2025//2025 2026//2026 2027//2027 
f 2027//2027 2028//2028 2025//2025 
o mesh1796
v -0.00357749 0.00556669 0.00350654 
v -0.0030371 0.00589796 0.00349007 
v -0.00304683 0.00591681 0.00351589 
v -0.00418761 0.0053849 0.00372277 
v -0.00411642 0.00522943 0.00351589 
v -0.00315868 0.00604615 0.00372277 
v -0.0042301 0.00556004 0.00393093 
v -0.00346253 0.0062562 0.00413952 
v -0.0036421 0.00634358 0.00434803 
v -0.00330034 0.00615756 0.00393093 
v -0.00425245 0.00574854 0.00413952 
v -0.00425734 0.00594819 0.00434803 
v -0.00424616 0.00615764 0.004556 
v -0.00410331 0.00521275 0.00349007 
v -0.00383727 0.00642042 0.004556 
vn 0.418433 -0.651094 0.633238 
vn 0.418433 -0.651094 0.633238 
vn 0.418433 -0.651094 0.633238 
vn 0.418433 -0.651094 0.633238 
vn 0.418433 -0.651094 0.633238 
vn 0.418433 -0.651094 0.633238 
vn 0.418433 -0.651094 0.633238 
vn 0.418433 -0.651094 0.633238 
vn 0.418433 -0.651094 0.633238 
vn 0.418433 -0.651094 0.633238 
vn 0.418433 -0.651094 0.633238 
vn 0.418433 -0.651094 0.633238 
vn 0.418433 -0.651094 0.633238 
vn 0.418433 -0.651094 0.633238 
vn 0.418433 -0.651094 0.633238 
f 2029//2029 2030//2030 2031//2031 
f 2029//2029 2032//2032 2033//2033 
f 2031//2031 2034//2034 2029//2029 
f 2029//2029 2035//2035 2032//2032 
f 2029//2029 2036//2036 2037//2037 
f 2034//2034 2038//2038 2029//2029 
f 2029//2029 2039//2039 2035//2035 
f 2038//2038 2036//2036 2029//2029 
f 2029//2029 2040//2040 2039//2039 
f 2037//2037 2041//2041 2029//2029 
f 2029//2029 2041//2041 2040//2040 
f 2033//2033 2042//2042 2029//2029 
f 2037//2037 2043//2043 2041//2041 
o mesh1797
v -0.00654449 0.00860655 0.000696737 
v -0.00647893 0.00833636 0.000375602 
v -0.00418761 0.0053849 0.00372277 
v -0.0042301 0.00556004 0.00393093 
vn -0.870786 -0.449107 0.200089 
vn -0.870786 -0.449107 0.200089 
vn -0.870786 -0.449107 0.200089 
vn -0.870786 -0.449107 0.200089 
f 2044//2044 2045//2045 2046//2046 
f 2046//2046 2047//2047 2044//2044 
o mesh1798
v -0.00647893 0.00833636 0.000375602 
v -0.00636911 0.00809651 5.64289e-05 
v -0.00411642 0.00522943 0.00351589 
v -0.00418761 0.0053849 0.00372277 
vn -0.841151 -0.529767 0.108678 
vn -0.841151 -0.529767 0.108678 
vn -0.841151 -0.529767 0.108678 
vn -0.841151 -0.529767 0.108678 
f 2048//2048 2049//2049 2050//2050 
f 2050//2050 2051//2051 2048//2048 
o mesh1799
v -0.0054749 0.00851911 -9.99356e-05 
v -0.00628972 0.00799546 -9.99356e-05 
v -0.00636911 0.00809651 5.64289e-05 
v -0.00489157 0.00935649 0.000375602 
v -0.00471902 0.00915696 5.64289e-05 
v -0.00647893 0.00833636 0.000375602 
v -0.00511011 0.00952837 0.000696737 
v -0.00657897 0.00889737 0.00101853 
v -0.00658651 0.00920536 0.0013402 
v -0.00654449 0.00860655 0.000696737 
v -0.00536033 0.00968054 0.00101853 
v -0.00563735 0.00981535 0.0013402 
v -0.00593845 0.00993389 0.00166105 
v -0.00466009 0.00904276 -9.99356e-05 
v -0.00656927 0.00952849 0.00166105 
vn -0.418433 0.651094 -0.633238 
vn -0.418433 0.651094 -0.633238 
vn -0.418433 0.651094 -0.633238 
vn -0.418433 0.651094 -0.633238 
vn -0.418433 0.651094 -0.633238 
vn -0.418433 0.651094 -0.633238 
vn -0.418433 0.651094 -0.633238 
vn -0.418433 0.651094 -0.633238 
vn -0.418433 0.651094 -0.633238 
vn -0.418433 0.651094 -0.633238 
vn -0.418433 0.651094 -0.633238 
vn -0.418433 0.651094 -0.633238 
vn -0.418433 0.651094 -0.633238 
vn -0.418433 0.651094 -0.633238 
vn -0.418433 0.651094 -0.633238 
f 2052//2052 2053//2053 2054//2054 
f 2052//2052 2055//2055 2056//2056 
f 2054//2054 2057//2057 2052//2052 
f 2052//2052 2058//2058 2055//2055 
f 2052//2052 2059//2059 2060//2060 
f 2057//2057 2061//2061 2052//2052 
f 2052//2052 2062//2062 2058//2058 
f 2061//2061 2059//2059 2052//2052 
f 2052//2052 2063//2063 2062//2062 
f 2060//2060 2064//2064 2052//2052 
f 2052//2052 2064//2064 2063//2063 
f 2056//2056 2065//2065 2052//2052 
f 2060//2060 2066//2066 2064//2064 
o mesh1800
v -0.00411642 0.00522943 0.00351589 
v -0.00636911 0.00809651 5.64289e-05 
v -0.00631168 0.00802342 0 
v -0.00628972 0.00799546 -9.99356e-05 
v -0.00627384 0.00797526 -7.48572e-05 
v -0.00410331 0.00521275 0.00349007 
vn -0.786321 -0.617818 6.45317e-16 
vn -0.786321 -0.617818 6.45317e-16 
vn -0.786321 -0.617818 6.45317e-16 
vn -0.786321 -0.617818 6.45317e-16 
vn -0.786321 -0.617818 6.45317e-16 
vn -0.786321 -0.617818 6.45317e-16 
f 2067//2067 2068//2068 2069//2069 
f 2070//2070 2071//2071 2069//2069 
f 2069//2069 2068//2068 2070//2070 
f 2069//2069 2072//2072 2067//2067 
o mesh1801
v -0.00628972 0.00799546 -9.99356e-05 
v -0.0054749 0.00851911 -9.99356e-05 
v -0.00568097 0.00837883 -9.34671e-05 
v -0.00627384 0.00797526 -7.48572e-05 
vn 0.378483 -0.588931 -0.714081 
vn 0.378483 -0.588931 -0.714081 
vn 0.378483 -0.588931 -0.714081 
vn 0.378483 -0.588931 -0.714081 
f 2073//2073 2074//2074 2075//2075 
f 2075//2075 2076//2076 2073//2073 
o mesh1802
v -0.00701896 0.00736357 -9.99356e-05 
v -0.00710768 0.00745654 5.64289e-05 
v -0.0070435 0.00738929 0 
v -0.00459037 0.00481875 0.00351589 
v -0.00457572 0.0048034 0.00349007 
v -0.00700122 0.00734498 -7.48572e-05 
vn 0.723435 0.690393 6.52256e-16 
vn 0.723435 0.690393 6.52256e-16 
vn 0.723435 0.690393 6.52256e-16 
vn 0.723435 0.690393 6.52256e-16 
vn 0.723435 0.690393 6.52256e-16 
vn 0.723435 0.690393 6.52256e-16 
f 2077//2077 2078//2078 2079//2079 
f 2080//2080 2081//2081 2079//2079 
f 2079//2079 2078//2078 2080//2080 
f 2079//2079 2082//2082 2077//2077 
o mesh1803
v -0.00701896 0.00736357 -9.99356e-05 
v -0.00700122 0.00734498 -7.48572e-05 
v -0.00735039 0.00696294 -8.82871e-05 
v -0.00765324 0.00663157 -9.99356e-05 
vn 0.529073 -0.458444 -0.714081 
vn 0.529073 -0.458444 -0.714081 
vn 0.529073 -0.458444 -0.714081 
vn 0.529073 -0.458444 -0.714081 
f 2083//2083 2084//2084 2085//2085 
f 2085//2085 2086//2086 2083//2083 
o mesh1804
v -0.00732946 0.00759937 0.000375602 
v -0.00473413 0.00491133 0.00372277 
v -0.00459037 0.00481875 0.00351589 
v -0.00710768 0.00745654 5.64289e-05 
vn 0.644083 0.757196 0.108678 
vn 0.644083 0.757196 0.108678 
vn 0.644083 0.757196 0.108678 
vn 0.644083 0.757196 0.108678 
f 2087//2087 2088//2088 2089//2089 
f 2089//2089 2090//2090 2087//2087 
o mesh1805
v -0.00758757 0.00770272 0.000696737 
v -0.00490144 0.00497832 0.00393093 
v -0.00473413 0.00491133 0.00372277 
v -0.00732946 0.00759937 0.000375602 
vn 0.568461 0.798008 0.200089 
vn 0.568461 0.798008 0.200089 
vn 0.568461 0.798008 0.200089 
vn 0.568461 0.798008 0.200089 
f 2091//2091 2092//2092 2093//2093 
f 2093//2093 2094//2094 2091//2091 
o mesh1806
v -0.00787052 0.00777823 0.00101853 
v -0.00508485 0.00502727 0.00413952 
v -0.00490144 0.00497832 0.00393093 
v -0.00758757 0.00770272 0.000696737 
vn 0.51454 0.816858 0.260751 
vn 0.51454 0.816858 0.260751 
vn 0.51454 0.816858 0.260751 
vn 0.51454 0.816858 0.260751 
f 2095//2095 2096//2096 2097//2097 
f 2097//2097 2098//2098 2095//2095 
o mesh1807
v -0.00787052 0.00777823 0.00101853 
v -0.0081743 0.00782953 0.0013402 
v -0.00528176 0.00506052 0.00434803 
v -0.00508485 0.00502727 0.00413952 
vn 0.468608 0.826977 0.310668 
vn 0.468608 0.826977 0.310668 
vn 0.468608 0.826977 0.310668 
vn 0.468608 0.826977 0.310668 
f 2099//2099 2100//2100 2101//2101 
f 2101//2101 2102//2102 2099//2099 
o mesh1808
v -0.0081743 0.00782953 0.0013402 
v -0.0084966 0.00785845 0.00166105 
v -0.00549067 0.00507927 0.004556 
v -0.00528176 0.00506052 0.00434803 
vn 0.427499 0.83162 0.354475 
vn 0.427499 0.83162 0.354475 
vn 0.427499 0.83162 0.354475 
vn 0.427499 0.83162 0.354475 
f 2103//2103 2104//2104 2105//2105 
f 2105//2105 2106//2106 2103//2103 
o mesh1809
v -0.00898765 0.00729174 0.00166105 
v -0.00580897 0.00471193 0.004556 
v -0.00549067 0.00507927 0.004556 
v -0.0084966 0.00785845 0.00166105 
vn -0.436501 0.37823 0.816339 
vn -0.436501 0.37823 0.816339 
vn -0.436501 0.37823 0.816339 
vn -0.436501 0.37823 0.816339 
f 2107//2107 2108//2108 2109//2109 
f 2109//2109 2110//2110 2107//2107 
o mesh1810
v -0.00891316 0.00697684 0.0013402 
v -0.00576069 0.00450781 0.00434803 
v -0.00580897 0.00471193 0.004556 
v -0.00898765 0.00729174 0.00166105 
vn -0.762316 -0.5415 0.354475 
vn -0.762316 -0.5415 0.354475 
vn -0.762316 -0.5415 0.354475 
vn -0.762316 -0.5415 0.354475 
f 2111//2111 2112//2112 2113//2113 
f 2113//2113 2114//2114 2111//2111 
o mesh1811
v -0.00881915 0.00668345 0.00101853 
v -0.00569975 0.00431763 0.00413952 
v -0.00576069 0.00450781 0.00434803 
v -0.00891316 0.00697684 0.0013402 
vn -0.75187 -0.58153 0.310668 
vn -0.75187 -0.58153 0.310668 
vn -0.75187 -0.58153 0.310668 
vn -0.75187 -0.58153 0.310668 
f 2115//2115 2116//2116 2117//2117 
f 2117//2117 2118//2118 2115//2115 
o mesh1812
v -0.00881915 0.00668345 0.00101853 
v -0.00870414 0.00641413 0.000696737 
v -0.0056252 0.00414306 0.00393093 
v -0.00569975 0.00431763 0.00413952 
vn -0.735317 -0.625554 0.260751 
vn -0.735317 -0.625554 0.260751 
vn -0.735317 -0.625554 0.260751 
vn -0.735317 -0.625554 0.260751 
f 2119//2119 2120//2120 2121//2121 
f 2121//2121 2122//2122 2119//2119 
o mesh1813
v -0.00500089 0.0043333 0.00350654 
v -0.00457572 0.0048034 0.00349007 
v -0.00459037 0.00481875 0.00351589 
v -0.00553508 0.00398698 0.00372277 
v -0.00542298 0.00385787 0.00351589 
v -0.00473413 0.00491133 0.00372277 
v -0.0056252 0.00414306 0.00393093 
v -0.00508485 0.00502727 0.00413952 
v -0.00528176 0.00506052 0.00434803 
v -0.00490144 0.00497832 0.00393093 
v -0.00569975 0.00431763 0.00413952 
v -0.00576069 0.00450781 0.00434803 
v -0.00580897 0.00471193 0.004556 
v -0.0054057 0.00384556 0.00349007 
v -0.00549067 0.00507927 0.004556 
vn 0.584918 -0.506834 0.633238 
vn 0.584918 -0.506834 0.633238 
vn 0.584918 -0.506834 0.633238 
vn 0.584918 -0.506834 0.633238 
vn 0.584918 -0.506834 0.633238 
vn 0.584918 -0.506834 0.633238 
vn 0.584918 -0.506834 0.633238 
vn 0.584918 -0.506834 0.633238 
vn 0.584918 -0.506834 0.633238 
vn 0.584918 -0.506834 0.633238 
vn 0.584918 -0.506834 0.633238 
vn 0.584918 -0.506834 0.633238 
vn 0.584918 -0.506834 0.633238 
vn 0.584918 -0.506834 0.633238 
vn 0.584918 -0.506834 0.633238 
f 2123//2123 2124//2124 2125//2125 
f 2123//2123 2126//2126 2127//2127 
f 2125//2125 2128//2128 2123//2123 
f 2123//2123 2129//2129 2126//2126 
f 2123//2123 2130//2130 2131//2131 
f 2128//2128 2132//2132 2123//2123 
f 2123//2123 2133//2133 2129//2129 
f 2132//2132 2130//2130 2123//2123 
f 2123//2123 2134//2134 2133//2133 
f 2131//2131 2135//2135 2123//2123 
f 2123//2123 2135//2135 2134//2134 
f 2127//2127 2136//2136 2123//2123 
f 2131//2131 2137//2137 2135//2135 
o mesh1814
v -0.00870414 0.00641413 0.000696737 
v -0.00856511 0.00617335 0.000375602 
v -0.00553508 0.00398698 0.00372277 
v -0.0056252 0.00414306 0.00393093 
vn -0.708985 -0.676243 0.200089 
vn -0.708985 -0.676243 0.200089 
vn -0.708985 -0.676243 0.200089 
vn -0.708985 -0.676243 0.200089 
f 2138//2138 2139//2139 2140//2140 
f 2140//2140 2141//2141 2138//2138 
o mesh1815
v -0.00856511 0.00617335 0.000375602 
v -0.00839217 0.00597416 5.64289e-05 
v -0.00542298 0.00385787 0.00351589 
v -0.00553508 0.00398698 0.00372277 
vn -0.657826 -0.745288 0.108678 
vn -0.657826 -0.745288 0.108678 
vn -0.657826 -0.745288 0.108678 
vn -0.657826 -0.745288 0.108678 
f 2142//2142 2143//2143 2144//2144 
f 2144//2144 2145//2145 2142//2142 
o mesh1816
v -0.00765324 0.00663157 -9.99356e-05 
v -0.00828752 0.00589957 -9.99356e-05 
v -0.00839217 0.00597416 5.64289e-05 
v -0.00732946 0.00759937 0.000375602 
v -0.00710768 0.00745654 5.64289e-05 
v -0.00856511 0.00617335 0.000375602 
v -0.00758757 0.00770272 0.000696737 
v -0.00870414 0.00641413 0.000696737 
v -0.00787052 0.00777823 0.00101853 
v -0.00898765 0.00729174 0.00166105 
v -0.0081743 0.00782953 0.0013402 
v -0.00881915 0.00668345 0.00101853 
v -0.00891316 0.00697684 0.0013402 
v -0.0084966 0.00785845 0.00166105 
v -0.00701896 0.00736357 -9.99356e-05 
vn -0.584918 0.506834 -0.633238 
vn -0.584918 0.506834 -0.633238 
vn -0.584918 0.506834 -0.633238 
vn -0.584918 0.506834 -0.633238 
vn -0.584918 0.506834 -0.633238 
vn -0.584918 0.506834 -0.633238 
vn -0.584918 0.506834 -0.633238 
vn -0.584918 0.506834 -0.633238 
vn -0.584918 0.506834 -0.633238 
vn -0.584918 0.506834 -0.633238 
vn -0.584918 0.506834 -0.633238 
vn -0.584918 0.506834 -0.633238 
vn -0.584918 0.506834 -0.633238 
vn -0.584918 0.506834 -0.633238 
vn -0.584918 0.506834 -0.633238 
f 2146//2146 2147//2147 2148//2148 
f 2146//2146 2149//2149 2150//2150 
f 2148//2148 2151//2151 2146//2146 
f 2146//2146 2152//2152 2149//2149 
f 2151//2151 2153//2153 2146//2146 
f 2146//2146 2154//2154 2152//2152 
f 2146//2146 2155//2155 2156//2156 
f 2153//2153 2157//2157 2146//2146 
f 2156//2156 2154//2154 2146//2146 
f 2157//2157 2158//2158 2146//2146 
f 2155//2155 2159//2159 2156//2156 
f 2150//2150 2160//2160 2146//2146 
f 2158//2158 2155//2155 2146//2146 
o mesh1817
v -0.00542298 0.00385787 0.00351589 
v -0.00839217 0.00597416 5.64289e-05 
v -0.00831647 0.00592021 0 
v -0.00828752 0.00589957 -9.99356e-05 
v -0.00826659 0.00588466 -7.48572e-05 
v -0.0054057 0.00384556 0.00349007 
vn -0.58041 -0.814325 6.45317e-16 
vn -0.58041 -0.814325 6.45317e-16 
vn -0.58041 -0.814325 6.45317e-16 
vn -0.58041 -0.814325 6.45317e-16 
vn -0.58041 -0.814325 6.45317e-16 
vn -0.58041 -0.814325 6.45317e-16 
f 2161//2161 2162//2162 2163//2163 
f 2164//2164 2165//2165 2163//2163 
f 2163//2163 2162//2162 2164//2164 
f 2163//2163 2166//2166 2161//2161 
o mesh1818
v -0.00765324 0.00663157 -9.99356e-05 
v -0.00826659 0.00588466 -7.48572e-05 
v -0.00828752 0.00589957 -9.99356e-05 
vn 0.529073 -0.458444 -0.714081 
vn 0.529073 -0.458444 -0.714081 
vn 0.529073 -0.458444 -0.714081 
f 2167//2167 2168//2168 2169//2169 
o mesh1819
v -0.0088092 0.00508782 -9.99356e-05 
v -0.00892052 0.00515203 5.64289e-05 
v -0.00884 0.00510558 0 
v -0.00576203 0.0033303 0.00351589 
v -0.00574365 0.0033197 0.00349007 
v -0.00878694 0.00507498 -7.48572e-05 
vn 0.499625 0.866242 6.52256e-16 
vn 0.499625 0.866242 6.52256e-16 
vn 0.499625 0.866242 6.52256e-16 
vn 0.499625 0.866242 6.52256e-16 
vn 0.499625 0.866242 6.52256e-16 
vn 0.499625 0.866242 6.52256e-16 
f 2170//2170 2171//2171 2172//2172 
f 2173//2173 2174//2174 2172//2172 
f 2172//2172 2171//2171 2173//2173 
f 2172//2172 2175//2175 2170//2170 
o mesh1820
v -0.00878694 0.00507498 -7.48572e-05 
v -0.00921156 0.00420678 -9.99356e-05 
v -0.0088092 0.00508782 -9.99356e-05 
vn 0.6368 -0.290817 -0.714081 
vn 0.6368 -0.290817 -0.714081 
vn 0.6368 -0.290817 -0.714081 
f 2176//2176 2177//2177 2178//2178 
o mesh1821
v -0.00917355 0.0052266 0.000375602 
v -0.00592604 0.00337863 0.00372277 
v -0.00576203 0.0033303 0.00351589 
v -0.00892052 0.00515203 5.64289e-05 
vn 0.404667 0.907983 0.108678 
vn 0.404667 0.907983 0.108678 
vn 0.404667 0.907983 0.108678 
vn 0.404667 0.907983 0.108678 
f 2179//2179 2180//2180 2181//2181 
f 2181//2181 2182//2182 2179//2179 
o mesh1822
v -0.00945033 0.00525304 0.000696737 
v -0.00610545 0.00339577 0.00393093 
v -0.00592604 0.00337863 0.00372277 
v -0.00917355 0.0052266 0.000375602 
vn 0.32061 0.925837 0.200089 
vn 0.32061 0.925837 0.200089 
vn 0.32061 0.925837 0.200089 
vn 0.32061 0.925837 0.200089 
f 2183//2183 2184//2184 2185//2185 
f 2185//2185 2186//2186 2183//2183 
o mesh1823
v -0.00974309 0.00524577 0.00101853 
v -0.00629522 0.00339106 0.00413952 
v -0.00610545 0.00339577 0.00393093 
v -0.00945033 0.00525304 0.000696737 
vn 0.263562 0.928732 0.260751 
vn 0.263562 0.928732 0.260751 
vn 0.263562 0.928732 0.260751 
vn 0.263562 0.928732 0.260751 
f 2187//2187 2188//2188 2189//2189 
f 2189//2189 2190//2190 2187//2187 
o mesh1824
v -0.00974309 0.00524577 0.00101853 
v -0.010049 0.00520941 0.0013402 
v -0.00649352 0.00336749 0.00434803 
v -0.00629522 0.00339106 0.00413952 
vn 0.21664 0.925501 0.310668 
vn 0.21664 0.925501 0.310668 
vn 0.21664 0.925501 0.310668 
vn 0.21664 0.925501 0.310668 
f 2191//2191 2192//2192 2193//2193 
f 2193//2193 2194//2194 2191//2191 
o mesh1825
v -0.010049 0.00520941 0.0013402 
v -0.0103664 0.00514636 0.00166105 
v -0.00669926 0.00332662 0.004556 
v -0.00649352 0.00336749 0.00434803 
vn 0.175888 0.918374 0.354475 
vn 0.175888 0.918374 0.354475 
vn 0.175888 0.918374 0.354475 
vn 0.175888 0.918374 0.354475 
f 2195//2195 2196//2196 2197//2197 
f 2197//2197 2198//2198 2195//2195 
o mesh1826
v -0.0106779 0.00446426 0.00166105 
v -0.00690117 0.00288449 0.004556 
v -0.00669926 0.00332662 0.004556 
v -0.0103664 0.00514636 0.00166105 
vn -0.52538 0.239933 0.816339 
vn -0.52538 0.239933 0.816339 
vn -0.52538 0.239933 0.816339 
vn -0.52538 0.239933 0.816339 
f 2199//2199 2200//2200 2201//2201 
f 2201//2201 2202//2202 2199//2199 
o mesh1827
v -0.0105177 0.0041831 0.0013402 
v -0.00679733 0.00270224 0.00434803 
v -0.00690117 0.00288449 0.004556 
v -0.0106779 0.00446426 0.00166105 
vn -0.578878 -0.734334 0.354475 
vn -0.578878 -0.734334 0.354475 
vn -0.578878 -0.734334 0.354475 
vn -0.578878 -0.734334 0.354475 
f 2203//2203 2204//2204 2205//2205 
f 2205//2205 2206//2206 2203//2203 
o mesh1828
v -0.0103449 0.00392808 0.00101853 
v -0.00668529 0.00253693 0.00413952 
v -0.00679733 0.00270224 0.00434803 
v -0.0105177 0.0041831 0.0013402 
vn -0.557578 -0.7698 0.310668 
vn -0.557578 -0.7698 0.310668 
vn -0.557578 -0.7698 0.310668 
vn -0.557578 -0.7698 0.310668 
f 2207//2207 2208//2208 2209//2209 
f 2209//2209 2210//2210 2207//2207 
o mesh1829
v -0.0103449 0.00392808 0.00101853 
v -0.0101586 0.00370207 0.000696737 
v -0.00656457 0.00239043 0.00393093 
v -0.00668529 0.00253693 0.00413952 
vn -0.529293 -0.807377 0.260751 
vn -0.529293 -0.807377 0.260751 
vn -0.529293 -0.807377 0.260751 
vn -0.529293 -0.807377 0.260751 
f 2211//2211 2212//2212 2213//2213 
f 2213//2213 2214//2214 2211//2211 
o mesh1830
v -0.00601915 0.00274886 0.00350654 
v -0.00574365 0.0033197 0.00349007 
v -0.00576203 0.0033303 0.00351589 
v -0.00643413 0.00226607 0.00372277 
v -0.0062902 0.00217377 0.00351589 
v -0.00592604 0.00337863 0.00372277 
v -0.00656457 0.00239043 0.00393093 
v -0.00629522 0.00339106 0.00413952 
v -0.00649352 0.00336749 0.00434803 
v -0.00610545 0.00339577 0.00393093 
v -0.00668529 0.00253693 0.00413952 
v -0.00679733 0.00270224 0.00434803 
v -0.00690117 0.00288449 0.004556 
v -0.00627015 0.00216682 0.00349007 
v -0.00669926 0.00332662 0.004556 
vn 0.704016 -0.321513 0.633238 
vn 0.704016 -0.321513 0.633238 
vn 0.704016 -0.321513 0.633238 
vn 0.704016 -0.321513 0.633238 
vn 0.704016 -0.321513 0.633238 
vn 0.704016 -0.321513 0.633238 
vn 0.704016 -0.321513 0.633238 
vn 0.704016 -0.321513 0.633238 
vn 0.704016 -0.321513 0.633238 
vn 0.704016 -0.321513 0.633238 
vn 0.704016 -0.321513 0.633238 
vn 0.704016 -0.321513 0.633238 
vn 0.704016 -0.321513 0.633238 
vn 0.704016 -0.321513 0.633238 
vn 0.704016 -0.321513 0.633238 
f 2215//2215 2216//2216 2217//2217 
f 2215//2215 2218//2218 2219//2219 
f 2217//2217 2220//2220 2215//2215 
f 2215//2215 2221//2221 2218//2218 
f 2215//2215 2222//2222 2223//2223 
f 2220//2220 2224//2224 2215//2215 
f 2215//2215 2225//2225 2221//2221 
f 2224//2224 2222//2222 2215//2215 
f 2215//2215 2226//2226 2225//2225 
f 2223//2223 2227//2227 2215//2215 
f 2215//2215 2227//2227 2226//2226 
f 2219//2219 2228//2228 2215//2215 
f 2223//2223 2229//2229 2227//2227 
o mesh1831
v -0.0101586 0.00370207 0.000696737 
v -0.0099574 0.00351021 0.000375602 
v -0.00643413 0.00226607 0.00372277 
v -0.00656457 0.00239043 0.00393093 
vn -0.489746 -0.848595 0.200089 
vn -0.489746 -0.848595 0.200089 
vn -0.489746 -0.848595 0.200089 
vn -0.489746 -0.848595 0.200089 
f 2230//2230 2231//2231 2232//2232 
f 2232//2232 2233//2233 2230//2230 
o mesh1832
v -0.0099574 0.00351021 0.000375602 
v -0.00973534 0.00336782 5.64289e-05 
v -0.0062902 0.00217377 0.00351589 
v -0.00643413 0.00226607 0.00372277 
vn -0.421208 -0.90043 0.108678 
vn -0.421208 -0.90043 0.108678 
vn -0.421208 -0.90043 0.108678 
vn -0.421208 -0.90043 0.108678 
f 2234//2234 2235//2235 2236//2236 
f 2236//2236 2237//2237 2234//2234 
o mesh1833
v -0.00921156 0.00420678 -9.99356e-05 
v -0.00961392 0.00332573 -9.99356e-05 
v -0.00973534 0.00336782 5.64289e-05 
v -0.00917355 0.0052266 0.000375602 
v -0.00892052 0.00515203 5.64289e-05 
v -0.0099574 0.00351021 0.000375602 
v -0.00945033 0.00525304 0.000696737 
v -0.0103449 0.00392808 0.00101853 
v -0.0105177 0.0041831 0.0013402 
v -0.0101586 0.00370207 0.000696737 
v -0.00974309 0.00524577 0.00101853 
v -0.010049 0.00520941 0.0013402 
v -0.0103664 0.00514636 0.00166105 
v -0.0088092 0.00508782 -9.99356e-05 
v -0.0106779 0.00446426 0.00166105 
vn -0.704016 0.321513 -0.633238 
vn -0.704016 0.321513 -0.633238 
vn -0.704016 0.321513 -0.633238 
vn -0.704016 0.321513 -0.633238 
vn -0.704016 0.321513 -0.633238 
vn -0.704016 0.321513 -0.633238 
vn -0.704016 0.321513 -0.633238 
vn -0.704016 0.321513 -0.633238 
vn -0.704016 0.321513 -0.633238 
vn -0.704016 0.321513 -0.633238 
vn -0.704016 0.321513 -0.633238 
vn -0.704016 0.321513 -0.633238 
vn -0.704016 0.321513 -0.633238 
vn -0.704016 0.321513 -0.633238 
vn -0.704016 0.321513 -0.633238 
f 2238//2238 2239//2239 2240//2240 
f 2238//2238 2241//2241 2242//2242 
f 2240//2240 2243//2243 2238//2238 
f 2238//2238 2244//2244 2241//2241 
f 2238//2238 2245//2245 2246//2246 
f 2243//2243 2247//2247 2238//2238 
f 2238//2238 2248//2248 2244//2244 
f 2247//2247 2245//2245 2238//2238 
f 2238//2238 2249//2249 2248//2248 
f 2246//2246 2250//2250 2238//2238 
f 2238//2238 2250//2250 2249//2249 
f 2242//2242 2251//2251 2238//2238 
f 2246//2246 2252//2252 2250//2250 
o mesh1834
v -0.0062902 0.00217377 0.00351589 
v -0.00973534 0.00336782 5.64289e-05 
v -0.00964751 0.00333738 0 
v -0.00961392 0.00332573 -9.99356e-05 
v -0.00958964 0.00331732 -7.48572e-05 
v -0.00627015 0.00216682 0.00349007 
vn -0.327477 -0.944859 6.45317e-16 
vn -0.327477 -0.944859 6.45317e-16 
vn -0.327477 -0.944859 6.45317e-16 
vn -0.327477 -0.944859 6.45317e-16 
vn -0.327477 -0.944859 6.45317e-16 
vn -0.327477 -0.944859 6.45317e-16 
f 2253//2253 2254//2254 2255//2255 
f 2256//2256 2257//2257 2255//2255 
f 2255//2255 2254//2254 2256//2256 
f 2255//2255 2258//2258 2253//2253 
o mesh1835
v -0.00921156 0.00420678 -9.99356e-05 
v -0.00958964 0.00331732 -7.48572e-05 
v -0.00961392 0.00332573 -9.99356e-05 
vn 0.6368 -0.290817 -0.714081 
vn 0.6368 -0.290817 -0.714081 
vn 0.6368 -0.290817 -0.714081 
f 2259//2259 2260//2260 2261//2261 
o mesh1836
v -0.00988577 0.00239989 -9.99356e-05 
v -0.0100107 0.00243014 5.64289e-05 
v -0.00992032 0.00240826 0 
v -0.00646688 0.00157205 0.00351589 
v -0.00644626 0.00156705 0.00349007 
v -0.0098608 0.00239384 -7.48572e-05 
vn 0.235338 0.971914 6.52256e-16 
vn 0.235338 0.971914 6.52256e-16 
vn 0.235338 0.971914 6.52256e-16 
vn 0.235338 0.971914 6.52256e-16 
vn 0.235338 0.971914 6.52256e-16 
vn 0.235338 0.971914 6.52256e-16 
f 2262//2262 2263//2263 2264//2264 
f 2265//2265 2266//2266 2264//2264 
f 2264//2264 2263//2263 2265//2265 
f 2264//2264 2267//2267 2262//2262 
o mesh1837
v -0.0098608 0.00239384 -7.48572e-05 
v -0.0100236 0.00144118 -9.99356e-05 
v -0.00988577 0.00239989 -9.99356e-05 
vn 0.692938 -0.0996294 -0.714081 
vn 0.692938 -0.0996294 -0.714081 
vn 0.692938 -0.0996294 -0.714081 
f 2268//2268 2269//2269 2270//2270 
o mesh1838
v -0.0102745 0.0024304 0.000375602 
v -0.00663787 0.00157221 0.00372277 
v -0.00646688 0.00157205 0.00351589 
v -0.0100107 0.00243014 5.64289e-05 
vn 0.132467 0.985212 0.108678 
vn 0.132467 0.985212 0.108678 
vn 0.132467 0.985212 0.108678 
vn 0.132467 0.985212 0.108678 
f 2271//2271 2272//2272 2273//2273 
f 2273//2273 2274//2274 2271//2271 
o mesh1839
v -0.0105475 0.00237779 0.000696737 
v -0.00681483 0.00153812 0.00393093 
v -0.00663787 0.00157221 0.00372277 
v -0.0102745 0.0024304 0.000375602 
vn 0.0467843 0.97866 0.200089 
vn 0.0467843 0.97866 0.200089 
vn 0.0467843 0.97866 0.200089 
vn 0.0467843 0.97866 0.200089 
f 2275//2275 2276//2276 2277//2277 
f 2277//2277 2278//2278 2275//2275 
o mesh1840
v -0.0108263 0.00228834 0.00101853 
v -0.00699559 0.00148013 0.00413952 
v -0.00681483 0.00153812 0.00393093 
v -0.0105475 0.00237779 0.000696737 
vn -0.0087681 0.965366 0.260751 
vn -0.0087681 0.965366 0.260751 
vn -0.0087681 0.965366 0.260751 
vn -0.0087681 0.965366 0.260751 
f 2279//2279 2280//2280 2281//2281 
f 2281//2281 2282//2282 2279//2279 
o mesh1841
v -0.0108263 0.00228834 0.00101853 
v -0.0111096 0.00216726 0.0013402 
v -0.00717922 0.00140165 0.00434803 
v -0.00699559 0.00148013 0.00413952 
vn -0.0528794 0.949046 0.310668 
vn -0.0528794 0.949046 0.310668 
vn -0.0528794 0.949046 0.310668 
vn -0.0528794 0.949046 0.310668 
f 2283//2283 2284//2284 2285//2285 
f 2285//2285 2286//2286 2283//2283 
o mesh1842
v -0.0111096 0.00216726 0.0013402 
v -0.0113964 0.00201734 0.00166105 
v -0.00736511 0.00130447 0.004556 
v -0.00717922 0.00140165 0.00434803 
vn -0.0899724 0.930727 0.354475 
vn -0.0899724 0.930727 0.354475 
vn -0.0899724 0.930727 0.354475 
vn -0.0899724 0.930727 0.354475 
f 2287//2287 2288//2288 2289//2289 
f 2289//2289 2290//2290 2287//2287 
o mesh1843
v -0.0115031 0.00127511 0.00166105 
v -0.00743428 0.00082336 0.004556 
v -0.00736511 0.00130447 0.004556 
v -0.0113964 0.00201734 0.00166105 
vn -0.571695 0.0821973 0.816339 
vn -0.571695 0.0821973 0.816339 
vn -0.571695 0.0821973 0.816339 
vn -0.571695 0.0821973 0.816339 
f 2291//2291 2292//2292 2293//2293 
f 2293//2293 2294//2294 2291//2291 
o mesh1844
v -0.0112702 0.00105048 0.0013402 
v -0.0072833 0.000677749 0.00434803 
v -0.00743428 0.00082336 0.004556 
v -0.0115031 0.00127511 0.00166105 
vn -0.348544 -0.867678 0.354475 
vn -0.348544 -0.867678 0.354475 
vn -0.348544 -0.867678 0.354475 
vn -0.348544 -0.867678 0.354475 
f 2295//2295 2296//2296 2297//2297 
f 2297//2297 2298//2298 2295//2295 
o mesh1845
v -0.0110325 0.000854486 0.00101853 
v -0.00712922 0.000550709 0.00413952 
v -0.0072833 0.000677749 0.00434803 
v -0.0112702 0.00105048 0.0013402 
vn -0.318115 -0.895706 0.310668 
vn -0.318115 -0.895706 0.310668 
vn -0.318115 -0.895706 0.310668 
vn -0.318115 -0.895706 0.310668 
f 2299//2299 2300//2300 2301//2301 
f 2301//2301 2302//2302 2299//2299 
o mesh1846
v -0.0110325 0.000854486 0.00101853 
v -0.0107901 0.000690094 0.000696737 
v -0.00697212 0.00044415 0.00393093 
v -0.00712922 0.000550709 0.00413952 
vn -0.280388 -0.923792 0.260751 
vn -0.280388 -0.923792 0.260751 
vn -0.280388 -0.923792 0.260751 
vn -0.280388 -0.923792 0.260751 
f 2303//2303 2304//2304 2305//2305 
f 2305//2305 2306//2306 2303//2303 
o mesh1847
v -0.00654978 0.000941716 0.00350654 
v -0.00644626 0.00156705 0.00349007 
v -0.00646688 0.00157205 0.00351589 
v -0.00681193 0.000361574 0.00372277 
v -0.00664782 0.000313563 0.00351589 
v -0.00663787 0.00157221 0.00372277 
v -0.00697212 0.00044415 0.00393093 
v -0.00699559 0.00148013 0.00413952 
v -0.00717922 0.00140165 0.00434803 
v -0.00681483 0.00153812 0.00393093 
v -0.00712922 0.000550709 0.00413952 
v -0.0072833 0.000677749 0.00434803 
v -0.00743428 0.00082336 0.004556 
v -0.00662663 0.000312544 0.00349007 
v -0.00736511 0.00130447 0.004556 
vn 0.76608 -0.110146 0.633238 
vn 0.76608 -0.110146 0.633238 
vn 0.76608 -0.110146 0.633238 
vn 0.76608 -0.110146 0.633238 
vn 0.76608 -0.110146 0.633238 
vn 0.76608 -0.110146 0.633238 
vn 0.76608 -0.110146 0.633238 
vn 0.76608 -0.110146 0.633238 
vn 0.76608 -0.110146 0.633238 
vn 0.76608 -0.110146 0.633238 
vn 0.76608 -0.110146 0.633238 
vn 0.76608 -0.110146 0.633238 
vn 0.76608 -0.110146 0.633238 
vn 0.76608 -0.110146 0.633238 
vn 0.76608 -0.110146 0.633238 
f 2307//2307 2308//2308 2309//2309 
f 2307//2307 2310//2310 2311//2311 
f 2309//2309 2312//2312 2307//2307 
f 2307//2307 2313//2313 2310//2310 
f 2307//2307 2314//2314 2315//2315 
f 2312//2312 2316//2316 2307//2307 
f 2307//2307 2317//2317 2313//2313 
f 2316//2316 2314//2314 2307//2307 
f 2307//2307 2318//2318 2317//2317 
f 2315//2315 2319//2319 2307//2307 
f 2307//2307 2319//2319 2318//2318 
f 2311//2311 2320//2320 2307//2307 
f 2315//2315 2321//2321 2319//2319 
o mesh1848
v -0.0107901 0.000690094 0.000696737 
v -0.010543 0.000562703 0.000375602 
v -0.00681193 0.000361574 0.00372277 
v -0.00697212 0.00044415 0.00393093 
vn -0.230831 -0.952198 0.200089 
vn -0.230831 -0.952198 0.200089 
vn -0.230831 -0.952198 0.200089 
vn -0.230831 -0.952198 0.200089 
f 2322//2322 2323//2323 2324//2324 
f 2324//2324 2325//2325 2322//2322 
o mesh1849
v -0.010543 0.000562703 0.000375602 
v -0.0102898 0.000488635 5.64289e-05 
v -0.00664782 0.000313563 0.00351589 
v -0.00681193 0.000361574 0.00372277 
vn -0.150465 -0.982624 0.108678 
vn -0.150465 -0.982624 0.108678 
vn -0.150465 -0.982624 0.108678 
vn -0.150465 -0.982624 0.108678 
f 2326//2326 2327//2327 2328//2328 
f 2328//2328 2329//2329 2326//2326 
o mesh1850
v -0.0100236 0.00144118 -9.99356e-05 
v -0.0101615 0.000482464 -9.99356e-05 
v -0.0102898 0.000488635 5.64289e-05 
v -0.0102745 0.0024304 0.000375602 
v -0.0100107 0.00243014 5.64289e-05 
v -0.010543 0.000562703 0.000375602 
v -0.0105475 0.00237779 0.000696737 
v -0.0107901 0.000690094 0.000696737 
v -0.0108263 0.00228834 0.00101853 
v -0.0115031 0.00127511 0.00166105 
v -0.0111096 0.00216726 0.0013402 
v -0.0110325 0.000854486 0.00101853 
v -0.0112702 0.00105048 0.0013402 
v -0.0113964 0.00201734 0.00166105 
v -0.00988577 0.00239989 -9.99356e-05 
vn -0.76608 0.110146 -0.633238 
vn -0.76608 0.110146 -0.633238 
vn -0.76608 0.110146 -0.633238 
vn -0.76608 0.110146 -0.633238 
vn -0.76608 0.110146 -0.633238 
vn -0.76608 0.110146 -0.633238 
vn -0.76608 0.110146 -0.633238 
vn -0.76608 0.110146 -0.633238 
vn -0.76608 0.110146 -0.633238 
vn -0.76608 0.110146 -0.633238 
vn -0.76608 0.110146 -0.633238 
vn -0.76608 0.110146 -0.633238 
vn -0.76608 0.110146 -0.633238 
vn -0.76608 0.110146 -0.633238 
vn -0.76608 0.110146 -0.633238 
f 2330//2330 2331//2331 2332//2332 
f 2330//2330 2333//2333 2334//2334 
f 2332//2332 2335//2335 2330//2330 
f 2330//2330 2336//2336 2333//2333 
f 2335//2335 2337//2337 2330//2330 
f 2330//2330 2338//2338 2336//2336 
f 2330//2330 2339//2339 2340//2340 
f 2337//2337 2341//2341 2330//2330 
f 2340//2340 2338//2338 2330//2330 
f 2341//2341 2342//2342 2330//2330 
f 2339//2339 2343//2343 2340//2340 
f 2334//2334 2344//2344 2330//2330 
f 2342//2342 2339//2339 2330//2330 
o mesh1851
v -0.00664782 0.000313563 0.00351589 
v -0.0102898 0.000488635 5.64289e-05 
v -0.010197 0.000484171 0 
v -0.0101615 0.000482464 -9.99356e-05 
v -0.0101358 0.00048123 -7.48572e-05 
v -0.00662663 0.000312544 0.00349007 
vn -0.0480148 -0.998847 6.45317e-16 
vn -0.0480148 -0.998847 6.45317e-16 
vn -0.0480148 -0.998847 6.45317e-16 
vn -0.0480148 -0.998847 6.45317e-16 
vn -0.0480148 -0.998847 6.45317e-16 
vn -0.0480148 -0.998847 6.45317e-16 
f 2345//2345 2346//2346 2347//2347 
f 2348//2348 2349//2349 2347//2347 
f 2347//2347 2346//2346 2348//2348 
f 2347//2347 2350//2350 2345//2345 
o mesh1852
v -0.0101615 0.000482464 -9.99356e-05 
v -0.0100236 0.00144118 -9.99356e-05 
v -0.0100641 0.00109445 -9.08775e-05 
v -0.0101358 0.00048123 -7.48572e-05 
vn 0.692938 -0.0996294 -0.714081 
vn 0.692938 -0.0996294 -0.714081 
vn 0.692938 -0.0996294 -0.714081 
vn 0.692938 -0.0996294 -0.714081 
f 2351//2351 2352//2352 2353//2353 
f 2353//2353 2354//2354 2351//2351 
o mesh1853
v -0.0101615 -0.000482464 -9.99356e-05 
v -0.0102898 -0.000488635 5.64289e-05 
v -0.010197 -0.000484171 0 
v -0.00664782 -0.000313563 0.00351589 
v -0.00662663 -0.000312544 0.00349007 
v -0.0101358 -0.00048123 -7.48572e-05 
vn -0.0480148 0.998847 6.52256e-16 
vn -0.0480148 0.998847 6.52256e-16 
vn -0.0480148 0.998847 6.52256e-16 
vn -0.0480148 0.998847 6.52256e-16 
vn -0.0480148 0.998847 6.52256e-16 
vn -0.0480148 0.998847 6.52256e-16 
f 2355//2355 2356//2356 2357//2357 
f 2358//2358 2359//2359 2357//2357 
f 2357//2357 2356//2356 2358//2358 
f 2357//2357 2360//2360 2355//2355 
o mesh1854
v -0.0101615 -0.000482464 -9.99356e-05 
v -0.0101358 -0.00048123 -7.48572e-05 
v -0.0100641 -0.00109445 -9.08775e-05 
v -0.0100236 -0.00144118 -9.99356e-05 
vn 0.692938 0.0996294 -0.714081 
vn 0.692938 0.0996294 -0.714081 
vn 0.692938 0.0996294 -0.714081 
vn 0.692938 0.0996294 -0.714081 
f 2361//2361 2362//2362 2363//2363 
f 2363//2363 2364//2364 2361//2361 
o mesh1855
v -0.010543 -0.000562703 0.000375602 
v -0.00681193 -0.000361574 0.00372277 
v -0.00664782 -0.000313563 0.00351589 
v -0.0102898 -0.000488635 5.64289e-05 
vn -0.150465 0.982624 0.108678 
vn -0.150465 0.982624 0.108678 
vn -0.150465 0.982624 0.108678 
vn -0.150465 0.982624 0.108678 
f 2365//2365 2366//2366 2367//2367 
f 2367//2367 2368//2368 2365//2365 
o mesh1856
v -0.0107901 -0.000690094 0.000696737 
v -0.00697212 -0.00044415 0.00393093 
v -0.00681193 -0.000361574 0.00372277 
v -0.010543 -0.000562703 0.000375602 
vn -0.230831 0.952198 0.200089 
vn -0.230831 0.952198 0.200089 
vn -0.230831 0.952198 0.200089 
vn -0.230831 0.952198 0.200089 
f 2369//2369 2370//2370 2371//2371 
f 2371//2371 2372//2372 2369//2369 
o mesh1857
v -0.0110325 -0.000854486 0.00101853 
v -0.00712922 -0.000550709 0.00413952 
v -0.00697212 -0.00044415 0.00393093 
v -0.0107901 -0.000690094 0.000696737 
vn -0.280388 0.923792 0.260751 
vn -0.280388 0.923792 0.260751 
vn -0.280388 0.923792 0.260751 
vn -0.280388 0.923792 0.260751 
f 2373//2373 2374//2374 2375//2375 
f 2375//2375 2376//2376 2373//2373 
o mesh1858
v -0.0110325 -0.000854486 0.00101853 
v -0.0112702 -0.00105048 0.0013402 
v -0.0072833 -0.000677749 0.00434803 
v -0.00712922 -0.000550709 0.00413952 
vn -0.318115 0.895706 0.310668 
vn -0.318115 0.895706 0.310668 
vn -0.318115 0.895706 0.310668 
vn -0.318115 0.895706 0.310668 
f 2377//2377 2378//2378 2379//2379 
f 2379//2379 2380//2380 2377//2377 
o mesh1859
v -0.0112702 -0.00105048 0.0013402 
v -0.0115031 -0.00127511 0.00166105 
v -0.00743428 -0.00082336 0.004556 
v -0.0072833 -0.000677749 0.00434803 
vn -0.348544 0.867678 0.354475 
vn -0.348544 0.867678 0.354475 
vn -0.348544 0.867678 0.354475 
vn -0.348544 0.867678 0.354475 
f 2381//2381 2382//2382 2383//2383 
f 2383//2383 2384//2384 2381//2381 
o mesh1860
v -0.0115031 -0.00127511 0.00166105 
v -0.0113964 -0.00201734 0.00166105 
v -0.00736511 -0.00130447 0.004556 
v -0.00743428 -0.00082336 0.004556 
vn -0.571695 -0.0821973 0.816339 
vn -0.571695 -0.0821973 0.816339 
vn -0.571695 -0.0821973 0.816339 
vn -0.571695 -0.0821973 0.816339 
f 2385//2385 2386//2386 2387//2387 
f 2387//2387 2388//2388 2385//2385 
o mesh1861
v -0.0111096 -0.00216726 0.0013402 
v -0.00717922 -0.00140165 0.00434803 
v -0.00736511 -0.00130447 0.004556 
v -0.0113964 -0.00201734 0.00166105 
vn -0.0899724 -0.930727 0.354475 
vn -0.0899724 -0.930727 0.354475 
vn -0.0899724 -0.930727 0.354475 
vn -0.0899724 -0.930727 0.354475 
f 2389//2389 2390//2390 2391//2391 
f 2391//2391 2392//2392 2389//2389 
o mesh1862
v -0.0108263 -0.00228834 0.00101853 
v -0.00699559 -0.00148013 0.00413952 
v -0.00717922 -0.00140165 0.00434803 
v -0.0111096 -0.00216726 0.0013402 
vn -0.0528794 -0.949046 0.310668 
vn -0.0528794 -0.949046 0.310668 
vn -0.0528794 -0.949046 0.310668 
vn -0.0528794 -0.949046 0.310668 
f 2393//2393 2394//2394 2395//2395 
f 2395//2395 2396//2396 2393//2393 
o mesh1863
v -0.0108263 -0.00228834 0.00101853 
v -0.0105475 -0.00237779 0.000696737 
v -0.00681483 -0.00153812 0.00393093 
v -0.00699559 -0.00148013 0.00413952 
vn -0.0087681 -0.965366 0.260751 
vn -0.0087681 -0.965366 0.260751 
vn -0.0087681 -0.965366 0.260751 
vn -0.0087681 -0.965366 0.260751 
f 2397//2397 2398//2398 2399//2399 
f 2399//2399 2400//2400 2397//2397 
o mesh1864
v -0.00654978 -0.000941716 0.00350654 
v -0.00662663 -0.000312544 0.00349007 
v -0.00664782 -0.000313563 0.00351589 
v -0.00663787 -0.00157221 0.00372277 
v -0.00646688 -0.00157205 0.00351589 
v -0.00681193 -0.000361574 0.00372277 
v -0.00681483 -0.00153812 0.00393093 
v -0.00712922 -0.000550709 0.00413952 
v -0.0072833 -0.000677749 0.00434803 
v -0.00697212 -0.00044415 0.00393093 
v -0.00699559 -0.00148013 0.00413952 
v -0.00717922 -0.00140165 0.00434803 
v -0.00736511 -0.00130447 0.004556 
v -0.00644626 -0.00156705 0.00349007 
v -0.00743428 -0.00082336 0.004556 
vn 0.76608 0.110146 0.633238 
vn 0.76608 0.110146 0.633238 
vn 0.76608 0.110146 0.633238 
vn 0.76608 0.110146 0.633238 
vn 0.76608 0.110146 0.633238 
vn 0.76608 0.110146 0.633238 
vn 0.76608 0.110146 0.633238 
vn 0.76608 0.110146 0.633238 
vn 0.76608 0.110146 0.633238 
vn 0.76608 0.110146 0.633238 
vn 0.76608 0.110146 0.633238 
vn 0.76608 0.110146 0.633238 
vn 0.76608 0.110146 0.633238 
vn 0.76608 0.110146 0.633238 
vn 0.76608 0.110146 0.633238 
f 2401//2401 2402//2402 2403//2403 
f 2401//2401 2404//2404 2405//2405 
f 2403//2403 2406//2406 2401//2401 
f 2401//2401 2407//2407 2404//2404 
f 2401//2401 2408//2408 2409//2409 
f 2406//2406 2410//2410 2401//2401 
f 2401//2401 2411//2411 2407//2407 
f 2410//2410 2408//2408 2401//2401 
f 2401//2401 2412//2412 2411//2411 
f 2409//2409 2413//2413 2401//2401 
f 2401//2401 2413//2413 2412//2412 
f 2405//2405 2414//2414 2401//2401 
f 2409//2409 2415//2415 2413//2413 
o mesh1865
v -0.0105475 -0.00237779 0.000696737 
v -0.0102745 -0.0024304 0.000375602 
v -0.00663787 -0.00157221 0.00372277 
v -0.00681483 -0.00153812 0.00393093 
vn 0.0467843 -0.97866 0.200089 
vn 0.0467843 -0.97866 0.200089 
vn 0.0467843 -0.97866 0.200089 
vn 0.0467843 -0.97866 0.200089 
f 2416//2416 2417//2417 2418//2418 
f 2418//2418 2419//2419 2416//2416 
o mesh1866
v -0.0102745 -0.0024304 0.000375602 
v -0.0100107 -0.00243014 5.64289e-05 
v -0.00646688 -0.00157205 0.00351589 
v -0.00663787 -0.00157221 0.00372277 
vn 0.132467 -0.985212 0.108678 
vn 0.132467 -0.985212 0.108678 
vn 0.132467 -0.985212 0.108678 
vn 0.132467 -0.985212 0.108678 
f 2420//2420 2421//2421 2422//2422 
f 2422//2422 2423//2423 2420//2420 
o mesh1867
v -0.0100236 -0.00144118 -9.99356e-05 
v -0.00988577 -0.00239989 -9.99356e-05 
v -0.0100107 -0.00243014 5.64289e-05 
v -0.010543 -0.000562703 0.000375602 
v -0.0102898 -0.000488635 5.64289e-05 
v -0.0102745 -0.0024304 0.000375602 
v -0.0107901 -0.000690094 0.000696737 
v -0.0108263 -0.00228834 0.00101853 
v -0.0111096 -0.00216726 0.0013402 
v -0.0105475 -0.00237779 0.000696737 
v -0.0110325 -0.000854486 0.00101853 
v -0.0112702 -0.00105048 0.0013402 
v -0.0115031 -0.00127511 0.00166105 
v -0.0101615 -0.000482464 -9.99356e-05 
v -0.0113964 -0.00201734 0.00166105 
vn -0.76608 -0.110146 -0.633238 
vn -0.76608 -0.110146 -0.633238 
vn -0.76608 -0.110146 -0.633238 
vn -0.76608 -0.110146 -0.633238 
vn -0.76608 -0.110146 -0.633238 
vn -0.76608 -0.110146 -0.633238 
vn -0.76608 -0.110146 -0.633238 
vn -0.76608 -0.110146 -0.633238 
vn -0.76608 -0.110146 -0.633238 
vn -0.76608 -0.110146 -0.633238 
vn -0.76608 -0.110146 -0.633238 
vn -0.76608 -0.110146 -0.633238 
vn -0.76608 -0.110146 -0.633238 
vn -0.76608 -0.110146 -0.633238 
vn -0.76608 -0.110146 -0.633238 
f 2424//2424 2425//2425 2426//2426 
f 2424//2424 2427//2427 2428//2428 
f 2426//2426 2429//2429 2424//2424 
f 2424//2424 2430//2430 2427//2427 
f 2424//2424 2431//2431 2432//2432 
f 2429//2429 2433//2433 2424//2424 
f 2424//2424 2434//2434 2430//2430 
f 2433//2433 2431//2431 2424//2424 
f 2424//2424 2435//2435 2434//2434 
f 2432//2432 2436//2436 2424//2424 
f 2424//2424 2436//2436 2435//2435 
f 2428//2428 2437//2437 2424//2424 
f 2432//2432 2438//2438 2436//2436 
o mesh1868
v -0.00646688 -0.00157205 0.00351589 
v -0.0100107 -0.00243014 5.64289e-05 
v -0.00992032 -0.00240826 0 
v -0.00988577 -0.00239989 -9.99356e-05 
v -0.0098608 -0.00239384 -7.48572e-05 
v -0.00644626 -0.00156705 0.00349007 
vn 0.235338 -0.971914 6.45317e-16 
vn 0.235338 -0.971914 6.45317e-16 
vn 0.235338 -0.971914 6.45317e-16 
vn 0.235338 -0.971914 6.45317e-16 
vn 0.235338 -0.971914 6.45317e-16 
vn 0.235338 -0.971914 6.45317e-16 
f 2439//2439 2440//2440 2441//2441 
f 2442//2442 2443//2443 2441//2441 
f 2441//2441 2440//2440 2442//2442 
f 2441//2441 2444//2444 2439//2439 
o mesh1869
v -0.0100236 -0.00144118 -9.99356e-05 
v -0.0098608 -0.00239384 -7.48572e-05 
v -0.00988577 -0.00239989 -9.99356e-05 
vn 0.692938 0.0996294 -0.714081 
vn 0.692938 0.0996294 -0.714081 
vn 0.692938 0.0996294 -0.714081 
f 2445//2445 2446//2446 2447//2447 
o mesh1870
v -0.00961392 -0.00332573 -9.99356e-05 
v -0.00973534 -0.00336782 5.64289e-05 
v -0.00964751 -0.00333738 0 
v -0.0062902 -0.00217377 0.00351589 
v -0.00627015 -0.00216682 0.00349007 
v -0.00958964 -0.00331732 -7.48572e-05 
vn -0.327477 0.944859 6.52256e-16 
vn -0.327477 0.944859 6.52256e-16 
vn -0.327477 0.944859 6.52256e-16 
vn -0.327477 0.944859 6.52256e-16 
vn -0.327477 0.944859 6.52256e-16 
vn -0.327477 0.944859 6.52256e-16 
f 2448//2448 2449//2449 2450//2450 
f 2451//2451 2452//2452 2450//2450 
f 2450//2450 2449//2449 2451//2451 
f 2450//2450 2453//2453 2448//2448 
o mesh1871
v -0.00958964 -0.00331732 -7.48572e-05 
v -0.00921156 -0.00420678 -9.99356e-05 
v -0.00961392 -0.00332573 -9.99356e-05 
vn 0.6368 0.290817 -0.714081 
vn 0.6368 0.290817 -0.714081 
vn 0.6368 0.290817 -0.714081 
f 2454//2454 2455//2455 2456//2456 
o mesh1872
v -0.0099574 -0.00351021 0.000375602 
v -0.00643413 -0.00226607 0.00372277 
v -0.0062902 -0.00217377 0.00351589 
v -0.00973534 -0.00336782 5.64289e-05 
vn -0.421208 0.90043 0.108678 
vn -0.421208 0.90043 0.108678 
vn -0.421208 0.90043 0.108678 
vn -0.421208 0.90043 0.108678 
f 2457//2457 2458//2458 2459//2459 
f 2459//2459 2460//2460 2457//2457 
o mesh1873
v -0.0101586 -0.00370207 0.000696737 
v -0.00656457 -0.00239043 0.00393093 
v -0.00643413 -0.00226607 0.00372277 
v -0.0099574 -0.00351021 0.000375602 
vn -0.489746 0.848595 0.200089 
vn -0.489746 0.848595 0.200089 
vn -0.489746 0.848595 0.200089 
vn -0.489746 0.848595 0.200089 
f 2461//2461 2462//2462 2463//2463 
f 2463//2463 2464//2464 2461//2461 
o mesh1874
v -0.0103449 -0.00392808 0.00101853 
v -0.00668529 -0.00253693 0.00413952 
v -0.00656457 -0.00239043 0.00393093 
v -0.0101586 -0.00370207 0.000696737 
vn -0.529293 0.807377 0.260751 
vn -0.529293 0.807377 0.260751 
vn -0.529293 0.807377 0.260751 
vn -0.529293 0.807377 0.260751 
f 2465//2465 2466//2466 2467//2467 
f 2467//2467 2468//2468 2465//2465 
o mesh1875
v -0.0103449 -0.00392808 0.00101853 
v -0.0105177 -0.0041831 0.0013402 
v -0.00679733 -0.00270224 0.00434803 
v -0.00668529 -0.00253693 0.00413952 
vn -0.557578 0.7698 0.310668 
vn -0.557578 0.7698 0.310668 
vn -0.557578 0.7698 0.310668 
vn -0.557578 0.7698 0.310668 
f 2469//2469 2470//2470 2471//2471 
f 2471//2471 2472//2472 2469//2469 
o mesh1876
v -0.0105177 -0.0041831 0.0013402 
v -0.0106779 -0.00446426 0.00166105 
v -0.00690117 -0.00288449 0.004556 
v -0.00679733 -0.00270224 0.00434803 
vn -0.578878 0.734334 0.354475 
vn -0.578878 0.734334 0.354475 
vn -0.578878 0.734334 0.354475 
vn -0.578878 0.734334 0.354475 
f 2473//2473 2474//2474 2475//2475 
f 2475//2475 2476//2476 2473//2473 
o mesh1877
v -0.0106779 -0.00446426 0.00166105 
v -0.0103664 -0.00514636 0.00166105 
v -0.00669926 -0.00332662 0.004556 
v -0.00690117 -0.00288449 0.004556 
vn -0.52538 -0.239933 0.816339 
vn -0.52538 -0.239933 0.816339 
vn -0.52538 -0.239933 0.816339 
vn -0.52538 -0.239933 0.816339 
f 2477//2477 2478//2478 2479//2479 
f 2479//2479 2480//2480 2477//2477 
o mesh1878
v -0.010049 -0.00520941 0.0013402 
v -0.00649352 -0.00336749 0.00434803 
v -0.00669926 -0.00332662 0.004556 
v -0.0103664 -0.00514636 0.00166105 
vn 0.175888 -0.918374 0.354475 
vn 0.175888 -0.918374 0.354475 
vn 0.175888 -0.918374 0.354475 
vn 0.175888 -0.918374 0.354475 
f 2481//2481 2482//2482 2483//2483 
f 2483//2483 2484//2484 2481//2481 
o mesh1879
v -0.00974309 -0.00524577 0.00101853 
v -0.00629522 -0.00339106 0.00413952 
v -0.00649352 -0.00336749 0.00434803 
v -0.010049 -0.00520941 0.0013402 
vn 0.21664 -0.925501 0.310668 
vn 0.21664 -0.925501 0.310668 
vn 0.21664 -0.925501 0.310668 
vn 0.21664 -0.925501 0.310668 
f 2485//2485 2486//2486 2487//2487 
f 2487//2487 2488//2488 2485//2485 
o mesh1880
v -0.00974309 -0.00524577 0.00101853 
v -0.00945033 -0.00525304 0.000696737 
v -0.00610545 -0.00339577 0.00393093 
v -0.00629522 -0.00339106 0.00413952 
vn 0.263562 -0.928732 0.260751 
vn 0.263562 -0.928732 0.260751 
vn 0.263562 -0.928732 0.260751 
vn 0.263562 -0.928732 0.260751 
f 2489//2489 2490//2490 2491//2491 
f 2491//2491 2492//2492 2489//2489 
o mesh1881
v -0.00601915 -0.00274886 0.00350654 
v -0.00627015 -0.00216682 0.00349007 
v -0.0062902 -0.00217377 0.00351589 
v -0.00592604 -0.00337863 0.00372277 
v -0.00576203 -0.0033303 0.00351589 
v -0.00643413 -0.00226607 0.00372277 
v -0.00610545 -0.00339577 0.00393093 
v -0.00668529 -0.00253693 0.00413952 
v -0.00679733 -0.00270224 0.00434803 
v -0.00656457 -0.00239043 0.00393093 
v -0.00629522 -0.00339106 0.00413952 
v -0.00649352 -0.00336749 0.00434803 
v -0.00669926 -0.00332662 0.004556 
v -0.00574365 -0.0033197 0.00349007 
v -0.00690117 -0.00288449 0.004556 
vn 0.704016 0.321513 0.633238 
vn 0.704016 0.321513 0.633238 
vn 0.704016 0.321513 0.633238 
vn 0.704016 0.321513 0.633238 
vn 0.704016 0.321513 0.633238 
vn 0.704016 0.321513 0.633238 
vn 0.704016 0.321513 0.633238 
vn 0.704016 0.321513 0.633238 
vn 0.704016 0.321513 0.633238 
vn 0.704016 0.321513 0.633238 
vn 0.704016 0.321513 0.633238 
vn 0.704016 0.321513 0.633238 
vn 0.704016 0.321513 0.633238 
vn 0.704016 0.321513 0.633238 
vn 0.704016 0.321513 0.633238 
f 2493//2493 2494//2494 2495//2495 
f 2493//2493 2496//2496 2497//2497 
f 2495//2495 2498//2498 2493//2493 
f 2493//2493 2499//2499 2496//2496 
f 2493//2493 2500//2500 2501//2501 
f 2498//2498 2502//2502 2493//2493 
f 2493//2493 2503//2503 2499//2499 
f 2502//2502 2500//2500 2493//2493 
f 2493//2493 2504//2504 2503//2503 
f 2501//2501 2505//2505 2493//2493 
f 2493//2493 2505//2505 2504//2504 
f 2497//2497 2506//2506 2493//2493 
f 2501//2501 2507//2507 2505//2505 
o mesh1882
v -0.00945033 -0.00525304 0.000696737 
v -0.00917355 -0.0052266 0.000375602 
v -0.00592604 -0.00337863 0.00372277 
v -0.00610545 -0.00339577 0.00393093 
vn 0.32061 -0.925837 0.200089 
vn 0.32061 -0.925837 0.200089 
vn 0.32061 -0.925837 0.200089 
vn 0.32061 -0.925837 0.200089 
f 2508//2508 2509//2509 2510//2510 
f 2510//2510 2511//2511 2508//2508 
o mesh1883
v -0.00917355 -0.0052266 0.000375602 
v -0.00892052 -0.00515203 5.64289e-05 
v -0.00576203 -0.0033303 0.00351589 
v -0.00592604 -0.00337863 0.00372277 
vn 0.404667 -0.907983 0.108678 
vn 0.404667 -0.907983 0.108678 
vn 0.404667 -0.907983 0.108678 
vn 0.404667 -0.907983 0.108678 
f 2512//2512 2513//2513 2514//2514 
f 2514//2514 2515//2515 2512//2512 
o mesh1884
v -0.00921156 -0.00420678 -9.99356e-05 
v -0.0088092 -0.00508782 -9.99356e-05 
v -0.00892052 -0.00515203 5.64289e-05 
v -0.0099574 -0.00351021 0.000375602 
v -0.00973534 -0.00336782 5.64289e-05 
v -0.00917355 -0.0052266 0.000375602 
v -0.0101586 -0.00370207 0.000696737 
v -0.00945033 -0.00525304 0.000696737 
v -0.0103449 -0.00392808 0.00101853 
v -0.0103664 -0.00514636 0.00166105 
v -0.0105177 -0.0041831 0.0013402 
v -0.00974309 -0.00524577 0.00101853 
v -0.010049 -0.00520941 0.0013402 
v -0.0106779 -0.00446426 0.00166105 
v -0.00961392 -0.00332573 -9.99356e-05 
vn -0.704016 -0.321513 -0.633238 
vn -0.704016 -0.321513 -0.633238 
vn -0.704016 -0.321513 -0.633238 
vn -0.704016 -0.321513 -0.633238 
vn -0.704016 -0.321513 -0.633238 
vn -0.704016 -0.321513 -0.633238 
vn -0.704016 -0.321513 -0.633238 
vn -0.704016 -0.321513 -0.633238 
vn -0.704016 -0.321513 -0.633238 
vn -0.704016 -0.321513 -0.633238 
vn -0.704016 -0.321513 -0.633238 
vn -0.704016 -0.321513 -0.633238 
vn -0.704016 -0.321513 -0.633238 
vn -0.704016 -0.321513 -0.633238 
vn -0.704016 -0.321513 -0.633238 
f 2516//2516 2517//2517 2518//2518 
f 2516//2516 2519//2519 2520//2520 
f 2518//2518 2521//2521 2516//2516 
f 2516//2516 2522//2522 2519//2519 
f 2521//2521 2523//2523 2516//2516 
f 2516//2516 2524//2524 2522//2522 
f 2516//2516 2525//2525 2526//2526 
f 2523//2523 2527//2527 2516//2516 
f 2526//2526 2524//2524 2516//2516 
f 2527//2527 2528//2528 2516//2516 
f 2525//2525 2529//2529 2526//2526 
f 2520//2520 2530//2530 2516//2516 
f 2528//2528 2525//2525 2516//2516 
o mesh1885
v -0.00576203 -0.0033303 0.00351589 
v -0.00892052 -0.00515203 5.64289e-05 
v -0.00884 -0.00510558 0 
v -0.0088092 -0.00508782 -9.99356e-05 
v -0.00878694 -0.00507498 -7.48572e-05 
v -0.00574365 -0.0033197 0.00349007 
vn 0.499625 -0.866242 6.45317e-16 
vn 0.499625 -0.866242 6.45317e-16 
vn 0.499625 -0.866242 6.45317e-16 
vn 0.499625 -0.866242 6.45317e-16 
vn 0.499625 -0.866242 6.45317e-16 
vn 0.499625 -0.866242 6.45317e-16 
f 2531//2531 2532//2532 2533//2533 
f 2534//2534 2535//2535 2533//2533 
f 2533//2533 2532//2532 2534//2534 
f 2533//2533 2536//2536 2531//2531 
o mesh1886
v -0.00921156 -0.00420678 -9.99356e-05 
v -0.00878694 -0.00507498 -7.48572e-05 
v -0.0088092 -0.00508782 -9.99356e-05 
vn 0.6368 0.290817 -0.714081 
vn 0.6368 0.290817 -0.714081 
vn 0.6368 0.290817 -0.714081 
f 2537//2537 2538//2538 2539//2539 
o mesh1887
v -0.00828752 -0.00589957 -9.99356e-05 
v -0.00839217 -0.00597416 5.64289e-05 
v -0.00831647 -0.00592021 0 
v -0.00542298 -0.00385787 0.00351589 
v -0.0054057 -0.00384556 0.00349007 
v -0.00826659 -0.00588466 -7.48572e-05 
vn -0.58041 0.814325 6.52256e-16 
vn -0.58041 0.814325 6.52256e-16 
vn -0.58041 0.814325 6.52256e-16 
vn -0.58041 0.814325 6.52256e-16 
vn -0.58041 0.814325 6.52256e-16 
vn -0.58041 0.814325 6.52256e-16 
f 2540//2540 2541//2541 2542//2542 
f 2543//2543 2544//2544 2542//2542 
f 2542//2542 2541//2541 2543//2543 
f 2542//2542 2545//2545 2540//2540 
o mesh1888
v -0.00826659 -0.00588466 -7.48572e-05 
v -0.00765324 -0.00663157 -9.99356e-05 
v -0.00828752 -0.00589957 -9.99356e-05 
vn 0.529073 0.458444 -0.714081 
vn 0.529073 0.458444 -0.714081 
vn 0.529073 0.458444 -0.714081 
f 2546//2546 2547//2547 2548//2548 
o mesh1889
v -0.00856511 -0.00617335 0.000375602 
v -0.00553508 -0.00398698 0.00372277 
v -0.00542298 -0.00385787 0.00351589 
v -0.00839217 -0.00597416 5.64289e-05 
vn -0.657826 0.745288 0.108678 
vn -0.657826 0.745288 0.108678 
vn -0.657826 0.745288 0.108678 
vn -0.657826 0.745288 0.108678 
f 2549//2549 2550//2550 2551//2551 
f 2551//2551 2552//2552 2549//2549 
o mesh1890
v -0.00870414 -0.00641413 0.000696737 
v -0.0056252 -0.00414306 0.00393093 
v -0.00553508 -0.00398698 0.00372277 
v -0.00856511 -0.00617335 0.000375602 
vn -0.708985 0.676243 0.200089 
vn -0.708985 0.676243 0.200089 
vn -0.708985 0.676243 0.200089 
vn -0.708985 0.676243 0.200089 
f 2553//2553 2554//2554 2555//2555 
f 2555//2555 2556//2556 2553//2553 
o mesh1891
v -0.00881915 -0.00668345 0.00101853 
v -0.00569975 -0.00431763 0.00413952 
v -0.0056252 -0.00414306 0.00393093 
v -0.00870414 -0.00641413 0.000696737 
vn -0.735317 0.625554 0.260751 
vn -0.735317 0.625554 0.260751 
vn -0.735317 0.625554 0.260751 
vn -0.735317 0.625554 0.260751 
f 2557//2557 2558//2558 2559//2559 
f 2559//2559 2560//2560 2557//2557 
o mesh1892
v -0.00881915 -0.00668345 0.00101853 
v -0.00891316 -0.00697684 0.0013402 
v -0.00576069 -0.00450781 0.00434803 
v -0.00569975 -0.00431763 0.00413952 
vn -0.75187 0.58153 0.310668 
vn -0.75187 0.58153 0.310668 
vn -0.75187 0.58153 0.310668 
vn -0.75187 0.58153 0.310668 
f 2561//2561 2562//2562 2563//2563 
f 2563//2563 2564//2564 2561//2561 
o mesh1893
v -0.00891316 -0.00697684 0.0013402 
v -0.00898765 -0.00729174 0.00166105 
v -0.00580897 -0.00471193 0.004556 
v -0.00576069 -0.00450781 0.00434803 
vn -0.762316 0.5415 0.354475 
vn -0.762316 0.5415 0.354475 
vn -0.762316 0.5415 0.354475 
vn -0.762316 0.5415 0.354475 
f 2565//2565 2566//2566 2567//2567 
f 2567//2567 2568//2568 2565//2565 
o mesh1894
v -0.00898765 -0.00729174 0.00166105 
v -0.0084966 -0.00785845 0.00166105 
v -0.00549067 -0.00507927 0.004556 
v -0.00580897 -0.00471193 0.004556 
vn -0.436501 -0.37823 0.816339 
vn -0.436501 -0.37823 0.816339 
vn -0.436501 -0.37823 0.816339 
vn -0.436501 -0.37823 0.816339 
f 2569//2569 2570//2570 2571//2571 
f 2571//2571 2572//2572 2569//2569 
o mesh1895
v -0.0081743 -0.00782953 0.0013402 
v -0.00528176 -0.00506052 0.00434803 
v -0.00549067 -0.00507927 0.004556 
v -0.0084966 -0.00785845 0.00166105 
vn 0.427499 -0.83162 0.354475 
vn 0.427499 -0.83162 0.354475 
vn 0.427499 -0.83162 0.354475 
vn 0.427499 -0.83162 0.354475 
f 2573//2573 2574//2574 2575//2575 
f 2575//2575 2576//2576 2573//2573 
o mesh1896
v -0.00787052 -0.00777823 0.00101853 
v -0.00508485 -0.00502727 0.00413952 
v -0.00528176 -0.00506052 0.00434803 
v -0.0081743 -0.00782953 0.0013402 
vn 0.468608 -0.826977 0.310668 
vn 0.468608 -0.826977 0.310668 
vn 0.468608 -0.826977 0.310668 
vn 0.468608 -0.826977 0.310668 
f 2577//2577 2578//2578 2579//2579 
f 2579//2579 2580//2580 2577//2577 
o mesh1897
v -0.00787052 -0.00777823 0.00101853 
v -0.00758757 -0.00770272 0.000696737 
v -0.00490144 -0.00497832 0.00393093 
v -0.00508485 -0.00502727 0.00413952 
vn 0.51454 -0.816858 0.260751 
vn 0.51454 -0.816858 0.260751 
vn 0.51454 -0.816858 0.260751 
vn 0.51454 -0.816858 0.260751 
f 2581//2581 2582//2582 2583//2583 
f 2583//2583 2584//2584 2581//2581 
o mesh1898
v -0.00500089 -0.0043333 0.00350654 
v -0.0054057 -0.00384556 0.00349007 
v -0.00542298 -0.00385787 0.00351589 
v -0.00473413 -0.00491133 0.00372277 
v -0.00459037 -0.00481875 0.00351589 
v -0.00553508 -0.00398698 0.00372277 
v -0.00490144 -0.00497832 0.00393093 
v -0.0056252 -0.00414306 0.00393093 
v -0.00508485 -0.00502727 0.00413952 
v -0.00580897 -0.00471193 0.004556 
v -0.00528176 -0.00506052 0.00434803 
v -0.00569975 -0.00431763 0.00413952 
v -0.00576069 -0.00450781 0.00434803 
v -0.00549067 -0.00507927 0.004556 
v -0.00457572 -0.0048034 0.00349007 
vn 0.584918 0.506834 0.633238 
vn 0.584918 0.506834 0.633238 
vn 0.584918 0.506834 0.633238 
vn 0.584918 0.506834 0.633238 
vn 0.584918 0.506834 0.633238 
vn 0.584918 0.506834 0.633238 
vn 0.584918 0.506834 0.633238 
vn 0.584918 0.506834 0.633238 
vn 0.584918 0.506834 0.633238 
vn 0.584918 0.506834 0.633238 
vn 0.584918 0.506834 0.633238 
vn 0.584918 0.506834 0.633238 
vn 0.584918 0.506834 0.633238 
vn 0.584918 0.506834 0.633238 
vn 0.584918 0.506834 0.633238 
f 2585//2585 2586//2586 2587//2587 
f 2585//2585 2588//2588 2589//2589 
f 2587//2587 2590//2590 2585//2585 
f 2585//2585 2591//2591 2588//2588 
f 2590//2590 2592//2592 2585//2585 
f 2585//2585 2593//2593 2591//2591 
f 2585//2585 2594//2594 2595//2595 
f 2592//2592 2596//2596 2585//2585 
f 2595//2595 2593//2593 2585//2585 
f 2596//2596 2597//2597 2585//2585 
f 2594//2594 2598//2598 2595//2595 
f 2589//2589 2599//2599 2585//2585 
f 2597//2597 2594//2594 2585//2585 
o mesh1899
v -0.00758757 -0.00770272 0.000696737 
v -0.00732946 -0.00759937 0.000375602 
v -0.00473413 -0.00491133 0.00372277 
v -0.00490144 -0.00497832 0.00393093 
vn 0.568461 -0.798008 0.200089 
vn 0.568461 -0.798008 0.200089 
vn 0.568461 -0.798008 0.200089 
vn 0.568461 -0.798008 0.200089 
f 2600//2600 2601//2601 2602//2602 
f 2602//2602 2603//2603 2600//2600 
o mesh1900
v -0.00732946 -0.00759937 0.000375602 
v -0.00710768 -0.00745654 5.64289e-05 
v -0.00459037 -0.00481875 0.00351589 
v -0.00473413 -0.00491133 0.00372277 
vn 0.644083 -0.757196 0.108678 
vn 0.644083 -0.757196 0.108678 
vn 0.644083 -0.757196 0.108678 
vn 0.644083 -0.757196 0.108678 
f 2604//2604 2605//2605 2606//2606 
f 2606//2606 2607//2607 2604//2604 
o mesh1901
v -0.00765324 -0.00663157 -9.99356e-05 
v -0.00701896 -0.00736357 -9.99356e-05 
v -0.00710768 -0.00745654 5.64289e-05 
v -0.00856511 -0.00617335 0.000375602 
v -0.00839217 -0.00597416 5.64289e-05 
v -0.00732946 -0.00759937 0.000375602 
v -0.00870414 -0.00641413 0.000696737 
v -0.00787052 -0.00777823 0.00101853 
v -0.0081743 -0.00782953 0.0013402 
v -0.00758757 -0.00770272 0.000696737 
v -0.00881915 -0.00668345 0.00101853 
v -0.00891316 -0.00697684 0.0013402 
v -0.00898765 -0.00729174 0.00166105 
v -0.00828752 -0.00589957 -9.99356e-05 
v -0.0084966 -0.00785845 0.00166105 
vn -0.584918 -0.506834 -0.633238 
vn -0.584918 -0.506834 -0.633238 
vn -0.584918 -0.506834 -0.633238 
vn -0.584918 -0.506834 -0.633238 
vn -0.584918 -0.506834 -0.633238 
vn -0.584918 -0.506834 -0.633238 
vn -0.584918 -0.506834 -0.633238 
vn -0.584918 -0.506834 -0.633238 
vn -0.584918 -0.506834 -0.633238 
vn -0.584918 -0.506834 -0.633238 
vn -0.584918 -0.506834 -0.633238 
vn -0.584918 -0.506834 -0.633238 
vn -0.584918 -0.506834 -0.633238 
vn -0.584918 -0.506834 -0.633238 
vn -0.584918 -0.506834 -0.633238 
f 2608//2608 2609//2609 2610//2610 
f 2608//2608 2611//2611 2612//2612 
f 2610//2610 2613//2613 2608//2608 
f 2608//2608 2614//2614 2611//2611 
f 2608//2608 2615//2615 2616//2616 
f 2613//2613 2617//2617 2608//2608 
f 2608//2608 2618//2618 2614//2614 
f 2617//2617 2615//2615 2608//2608 
f 2608//2608 2619//2619 2618//2618 
f 2616//2616 2620//2620 2608//2608 
f 2608//2608 2620//2620 2619//2619 
f 2612//2612 2621//2621 2608//2608 
f 2616//2616 2622//2622 2620//2620 
o mesh1902
v -0.00459037 -0.00481875 0.00351589 
v -0.00710768 -0.00745654 5.64289e-05 
v -0.0070435 -0.00738929 0 
v -0.00701896 -0.00736357 -9.99356e-05 
v -0.00700122 -0.00734498 -7.48572e-05 
v -0.00457572 -0.0048034 0.00349007 
vn 0.723435 -0.690393 6.45317e-16 
vn 0.723435 -0.690393 6.45317e-16 
vn 0.723435 -0.690393 6.45317e-16 
vn 0.723435 -0.690393 6.45317e-16 
vn 0.723435 -0.690393 6.45317e-16 
vn 0.723435 -0.690393 6.45317e-16 
f 2623//2623 2624//2624 2625//2625 
f 2626//2626 2627//2627 2625//2625 
f 2625//2625 2624//2624 2626//2626 
f 2625//2625 2628//2628 2623//2623 
o mesh1903
v -0.00701896 -0.00736357 -9.99356e-05 
v -0.00765324 -0.00663157 -9.99356e-05 
v -0.00735039 -0.00696294 -8.82871e-05 
v -0.00700122 -0.00734498 -7.48572e-05 
vn 0.529073 0.458444 -0.714081 
vn 0.529073 0.458444 -0.714081 
vn 0.529073 0.458444 -0.714081 
vn 0.529073 0.458444 -0.714081 
f 2629//2629 2630//2630 2631//2631 
f 2631//2631 2632//2632 2629//2629 
o mesh1904
v -0.00628972 -0.00799546 -9.99356e-05 
v -0.00636911 -0.00809651 5.64289e-05 
v -0.00631168 -0.00802342 0 
v -0.00411642 -0.00522943 0.00351589 
v -0.00410331 -0.00521275 0.00349007 
v -0.00627384 -0.00797526 -7.48572e-05 
vn -0.786321 0.617818 6.52256e-16 
vn -0.786321 0.617818 6.52256e-16 
vn -0.786321 0.617818 6.52256e-16 
vn -0.786321 0.617818 6.52256e-16 
vn -0.786321 0.617818 6.52256e-16 
vn -0.786321 0.617818 6.52256e-16 
f 2633//2633 2634//2634 2635//2635 
f 2636//2636 2637//2637 2635//2635 
f 2635//2635 2634//2634 2636//2636 
f 2635//2635 2638//2638 2633//2633 
o mesh1905
v -0.00628972 -0.00799546 -9.99356e-05 
v -0.00627384 -0.00797526 -7.48572e-05 
v -0.00568097 -0.00837883 -9.34671e-05 
v -0.0054749 -0.00851911 -9.99356e-05 
vn 0.378483 0.588931 -0.714081 
vn 0.378483 0.588931 -0.714081 
vn 0.378483 0.588931 -0.714081 
vn 0.378483 0.588931 -0.714081 
f 2639//2639 2640//2640 2641//2641 
f 2641//2641 2642//2642 2639//2639 
o mesh1906
v -0.00647893 -0.00833636 0.000375602 
v -0.00418761 -0.0053849 0.00372277 
v -0.00411642 -0.00522943 0.00351589 
v -0.00636911 -0.00809651 5.64289e-05 
vn -0.841151 0.529767 0.108678 
vn -0.841151 0.529767 0.108678 
vn -0.841151 0.529767 0.108678 
vn -0.841151 0.529767 0.108678 
f 2643//2643 2644//2644 2645//2645 
f 2645//2645 2646//2646 2643//2643 
o mesh1907
v -0.00654449 -0.00860655 0.000696737 
v -0.0042301 -0.00556004 0.00393093 
v -0.00418761 -0.0053849 0.00372277 
v -0.00647893 -0.00833636 0.000375602 
vn -0.870786 0.449107 0.200089 
vn -0.870786 0.449107 0.200089 
vn -0.870786 0.449107 0.200089 
vn -0.870786 0.449107 0.200089 
f 2647//2647 2648//2648 2649//2649 
f 2649//2649 2650//2650 2647//2647 
o mesh1908
v -0.00657897 -0.00889737 0.00101853 
v -0.00425245 -0.00574854 0.00413952 
v -0.0042301 -0.00556004 0.00393093 
v -0.00654449 -0.00860655 0.000696737 
vn -0.88177 0.393052 0.260751 
vn -0.88177 0.393052 0.260751 
vn -0.88177 0.393052 0.260751 
vn -0.88177 0.393052 0.260751 
f 2651//2651 2652//2652 2653//2653 
f 2653//2653 2654//2654 2651//2651 
o mesh1909
v -0.00657897 -0.00889737 0.00101853 
v -0.00658651 -0.00920536 0.0013402 
v -0.00425734 -0.00594819 0.00434803 
v -0.00425245 -0.00574854 0.00413952 
vn -0.88525 0.346147 0.310668 
vn -0.88525 0.346147 0.310668 
vn -0.88525 0.346147 0.310668 
vn -0.88525 0.346147 0.310668 
f 2655//2655 2656//2656 2657//2657 
f 2657//2657 2658//2658 2655//2655 
o mesh1910
v -0.00658651 -0.00920536 0.0013402 
v -0.00656927 -0.00952849 0.00166105 
v -0.00424616 -0.00615764 0.004556 
v -0.00425734 -0.00594819 0.00434803 
vn -0.883995 0.304796 0.354475 
vn -0.883995 0.304796 0.354475 
vn -0.883995 0.304796 0.354475 
vn -0.883995 0.304796 0.354475 
f 2659//2659 2660//2660 2661//2661 
f 2661//2661 2662//2662 2659//2659 
o mesh1911
v -0.00656927 -0.00952849 0.00166105 
v -0.00593845 -0.00993389 0.00166105 
v -0.00383727 -0.00642042 0.004556 
v -0.00424616 -0.00615764 0.004556 
vn -0.31226 -0.485886 0.816339 
vn -0.31226 -0.485886 0.816339 
vn -0.31226 -0.485886 0.816339 
vn -0.31226 -0.485886 0.816339 
f 2663//2663 2664//2664 2665//2665 
f 2665//2665 2666//2666 2663//2663 
o mesh1912
v -0.00563735 -0.00981535 0.0013402 
v -0.0036421 -0.00634358 0.00434803 
v -0.00383727 -0.00642042 0.004556 
v -0.00593845 -0.00993389 0.00166105 
vn 0.644477 -0.677493 0.354475 
vn 0.644477 -0.677493 0.354475 
vn 0.644477 -0.677493 0.354475 
vn 0.644477 -0.677493 0.354475 
f 2667//2667 2668//2668 2669//2669 
f 2669//2669 2670//2670 2667//2667 
o mesh1913
v -0.00536033 -0.00968054 0.00101853 
v -0.00346253 -0.0062562 0.00413952 
v -0.0036421 -0.00634358 0.00434803 
v -0.00563735 -0.00981535 0.0013402 
vn 0.682613 -0.661457 0.310668 
vn 0.682613 -0.661457 0.310668 
vn 0.682613 -0.661457 0.310668 
vn 0.682613 -0.661457 0.310668 
f 2671//2671 2672//2672 2673//2673 
f 2673//2673 2674//2674 2671//2671 
o mesh1914
v -0.00536033 -0.00968054 0.00101853 
v -0.00511011 -0.00952837 0.000696737 
v -0.00330034 -0.00615756 0.00393093 
v -0.00346253 -0.0062562 0.00413952 
vn 0.723833 -0.638807 0.260751 
vn 0.723833 -0.638807 0.260751 
vn 0.723833 -0.638807 0.260751 
vn 0.723833 -0.638807 0.260751 
f 2675//2675 2676//2676 2677//2677 
f 2677//2677 2678//2678 2675//2675 
o mesh1915
v -0.00357749 -0.00556669 0.00350654 
v -0.00410331 -0.00521275 0.00349007 
v -0.00411642 -0.00522943 0.00351589 
v -0.00315868 -0.00604615 0.00372277 
v -0.00304683 -0.00591681 0.00351589 
v -0.00418761 -0.0053849 0.00372277 
v -0.00330034 -0.00615756 0.00393093 
v -0.00425245 -0.00574854 0.00413952 
v -0.00425734 -0.00594819 0.00434803 
v -0.0042301 -0.00556004 0.00393093 
v -0.00346253 -0.0062562 0.00413952 
v -0.0036421 -0.00634358 0.00434803 
v -0.00383727 -0.00642042 0.004556 
v -0.0030371 -0.00589796 0.00349007 
v -0.00424616 -0.00615764 0.004556 
vn 0.418433 0.651094 0.633238 
vn 0.418433 0.651094 0.633238 
vn 0.418433 0.651094 0.633238 
vn 0.418433 0.651094 0.633238 
vn 0.418433 0.651094 0.633238 
vn 0.418433 0.651094 0.633238 
vn 0.418433 0.651094 0.633238 
vn 0.418433 0.651094 0.633238 
vn 0.418433 0.651094 0.633238 
vn 0.418433 0.651094 0.633238 
vn 0.418433 0.651094 0.633238 
vn 0.418433 0.651094 0.633238 
vn 0.418433 0.651094 0.633238 
vn 0.418433 0.651094 0.633238 
vn 0.418433 0.651094 0.633238 
f 2679//2679 2680//2680 2681//2681 
f 2679//2679 2682//2682 2683//2683 
f 2681//2681 2684//2684 2679//2679 
f 2679//2679 2685//2685 2682//2682 
f 2679//2679 2686//2686 2687//2687 
f 2684//2684 2688//2688 2679//2679 
f 2679//2679 2689//2689 2685//2685 
f 2688//2688 2686//2686 2679//2679 
f 2679//2679 2690//2690 2689//2689 
f 2687//2687 2691//2691 2679//2679 
f 2679//2679 2691//2691 2690//2690 
f 2683//2683 2692//2692 2679//2679 
f 2687//2687 2693//2693 2691//2691 
o mesh1916
v -0.00511011 -0.00952837 0.000696737 
v -0.00489157 -0.00935649 0.000375602 
v -0.00315868 -0.00604615 0.00372277 
v -0.00330034 -0.00615756 0.00393093 
vn 0.770259 -0.605529 0.200089 
vn 0.770259 -0.605529 0.200089 
vn 0.770259 -0.605529 0.200089 
vn 0.770259 -0.605529 0.200089 
f 2694//2694 2695//2695 2696//2696 
f 2696//2696 2697//2697 2694//2694 
o mesh1917
v -0.00489157 -0.00935649 0.000375602 
v -0.00471902 -0.00915696 5.64289e-05 
v -0.00304683 -0.00591681 0.00351589 
v -0.00315868 -0.00604615 0.00372277 
vn 0.83132 -0.545065 0.108678 
vn 0.83132 -0.545065 0.108678 
vn 0.83132 -0.545065 0.108678 
vn 0.83132 -0.545065 0.108678 
f 2698//2698 2699//2699 2700//2700 
f 2700//2700 2701//2701 2698//2698 
o mesh1918
v -0.0054749 -0.00851911 -9.99356e-05 
v -0.00466009 -0.00904276 -9.99356e-05 
v -0.00471902 -0.00915696 5.64289e-05 
v -0.00647893 -0.00833636 0.000375602 
v -0.00636911 -0.00809651 5.64289e-05 
v -0.00489157 -0.00935649 0.000375602 
v -0.00654449 -0.00860655 0.000696737 
v -0.00511011 -0.00952837 0.000696737 
v -0.00657897 -0.00889737 0.00101853 
v -0.00593845 -0.00993389 0.00166105 
v -0.00658651 -0.00920536 0.0013402 
v -0.00536033 -0.00968054 0.00101853 
v -0.00563735 -0.00981535 0.0013402 
v -0.00656927 -0.00952849 0.00166105 
v -0.00628972 -0.00799546 -9.99356e-05 
vn -0.418433 -0.651094 -0.633238 
vn -0.418433 -0.651094 -0.633238 
vn -0.418433 -0.651094 -0.633238 
vn -0.418433 -0.651094 -0.633238 
vn -0.418433 -0.651094 -0.633238 
vn -0.418433 -0.651094 -0.633238 
vn -0.418433 -0.651094 -0.633238 
vn -0.418433 -0.651094 -0.633238 
vn -0.418433 -0.651094 -0.633238 
vn -0.418433 -0.651094 -0.633238 
vn -0.418433 -0.651094 -0.633238 
vn -0.418433 -0.651094 -0.633238 
vn -0.418433 -0.651094 -0.633238 
vn -0.418433 -0.651094 -0.633238 
vn -0.418433 -0.651094 -0.633238 
f 2702//2702 2703//2703 2704//2704 
f 2702//2702 2705//2705 2706//2706 
f 2704//2704 2707//2707 2702//2702 
f 2702//2702 2708//2708 2705//2705 
f 2707//2707 2709//2709 2702//2702 
f 2702//2702 2710//2710 2708//2708 
f 2702//2702 2711//2711 2712//2712 
f 2709//2709 2713//2713 2702//2702 
f 2712//2712 2710//2710 2702//2702 
f 2713//2713 2714//2714 2702//2702 
f 2711//2711 2715//2715 2712//2712 
f 2706//2706 2716//2716 2702//2702 
f 2714//2714 2711//2711 2702//2702 
o mesh1919
v -0.00304683 -0.00591681 0.00351589 
v -0.00471902 -0.00915696 5.64289e-05 
v -0.00467639 -0.00907435 0 
v -0.00466009 -0.00904276 -9.99356e-05 
v -0.0046483 -0.00901993 -7.48572e-05 
v -0.0030371 -0.00589796 0.00349007 
vn 0.888637 -0.458612 6.45317e-16 
vn 0.888637 -0.458612 6.45317e-16 
vn 0.888637 -0.458612 6.45317e-16 
vn 0.888637 -0.458612 6.45317e-16 
vn 0.888637 -0.458612 6.45317e-16 
vn 0.888637 -0.458612 6.45317e-16 
f 2717//2717 2718//2718 2719//2719 
f 2720//2720 2721//2721 2719//2719 
f 2719//2719 2718//2718 2720//2720 
f 2719//2719 2722//2722 2717//2717 
o mesh1920
v -0.0054749 -0.00851911 -9.99356e-05 
v -0.0046483 -0.00901993 -7.48572e-05 
v -0.00466009 -0.00904276 -9.99356e-05 
vn 0.378483 0.588931 -0.714081 
vn 0.378483 0.588931 -0.714081 
vn 0.378483 0.588931 -0.714081 
f 2723//2723 2724//2724 2725//2725 
o mesh1921
v -0.00378236 -0.00944361 -9.99356e-05 
v -0.00383007 -0.00956293 5.64289e-05 
v -0.00379555 -0.00947662 0 
v -0.00247638 -0.00617733 0.00351589 
v -0.0024685 -0.00615763 0.00349007 
v -0.00377282 -0.00941975 -7.48572e-05 
vn -0.928529 0.37126 6.52256e-16 
vn -0.928529 0.37126 6.52256e-16 
vn -0.928529 0.37126 6.52256e-16 
vn -0.928529 0.37126 6.52256e-16 
vn -0.928529 0.37126 6.52256e-16 
vn -0.928529 0.37126 6.52256e-16 
f 2726//2726 2727//2727 2728//2728 
f 2729//2729 2730//2730 2728//2728 
f 2728//2728 2727//2727 2729//2729 
f 2728//2728 2731//2731 2726//2726 
o mesh1922
v -0.00378236 -0.00944361 -9.99356e-05 
v -0.00377282 -0.00941975 -7.48572e-05 
v -0.00375546 -0.00942535 -7.53304e-05 
v -0.00285302 -0.00971649 -9.99356e-05 
vn 0.197231 0.671706 -0.714081 
vn 0.197231 0.671706 -0.714081 
vn 0.197231 0.671706 -0.714081 
vn 0.197231 0.671706 -0.714081 
f 2732//2732 2733//2733 2734//2734 
f 2734//2734 2735//2735 2732//2732 
o mesh1923
v -0.00386787 -0.009824 0.000375602 
v -0.00250088 -0.00634655 0.00372277 
v -0.00247638 -0.00617733 0.00351589 
v -0.00383007 -0.00956293 5.64289e-05 
vn -0.956332 0.271328 0.108678 
vn -0.956332 0.271328 0.108678 
vn -0.956332 0.271328 0.108678 
vn -0.956332 0.271328 0.108678 
f 2736//2736 2737//2737 2738//2738 
f 2738//2738 2739//2739 2736//2736 
o mesh1924
v -0.00385465 -0.0101017 0.000696737 
v -0.00249231 -0.00652657 0.00393093 
v -0.00250088 -0.00634655 0.00372277 
v -0.00386787 -0.009824 0.000375602 
vn -0.962041 0.185586 0.200089 
vn -0.962041 0.185586 0.200089 
vn -0.962041 0.185586 0.200089 
vn -0.962041 0.185586 0.200089 
f 2740//2740 2741//2741 2742//2742 
f 2742//2742 2743//2743 2740//2740 
o mesh1925
v -0.00380579 -0.0103905 0.00101853 
v -0.00246064 -0.00671374 0.00413952 
v -0.00249231 -0.00652657 0.00393093 
v -0.00385465 -0.0101017 0.000696737 
vn -0.956788 0.128707 0.260751 
vn -0.956788 0.128707 0.260751 
vn -0.956788 0.128707 0.260751 
vn -0.956788 0.128707 0.260751 
f 2744//2744 2745//2745 2746//2746 
f 2746//2746 2747//2747 2744//2744 
o mesh1926
v -0.00380579 -0.0103905 0.00101853 
v -0.00372626 -0.0106881 0.0013402 
v -0.00240909 -0.00690667 0.00434803 
v -0.00246064 -0.00671374 0.00413952 
vn -0.946912 0.0827222 0.310668 
vn -0.946912 0.0827222 0.310668 
vn -0.946912 0.0827222 0.310668 
vn -0.946912 0.0827222 0.310668 
f 2748//2748 2749//2749 2750//2750 
f 2750//2750 2751//2751 2748//2748 
o mesh1927
v -0.00372626 -0.0106881 0.0013402 
v -0.00361868 -0.0109933 0.00166105 
v -0.00233936 -0.00710449 0.004556 
v -0.00240909 -0.00690667 0.00434803 
vn -0.934058 0.0433996 0.354475 
vn -0.934058 0.0433996 0.354475 
vn -0.934058 0.0433996 0.354475 
vn -0.934058 0.0433996 0.354475 
f 2752//2752 2753//2753 2754//2754 
f 2754//2754 2755//2755 2752//2752 
o mesh1928
v -0.0028992 -0.0112046 0.00166105 
v -0.00187299 -0.00724143 0.004556 
v -0.00233936 -0.00710449 0.004556 
v -0.00361868 -0.0109933 0.00166105 
vn -0.162721 -0.554178 0.816339 
vn -0.162721 -0.554178 0.816339 
vn -0.162721 -0.554178 0.816339 
vn -0.162721 -0.554178 0.816339 
f 2756//2756 2757//2757 2758//2758 
f 2758//2758 2759//2759 2756//2756 
o mesh1929
v -0.0026437 -0.011006 0.0013402 
v -0.00170737 -0.00711272 0.00434803 
v -0.00187299 -0.00724143 0.004556 
v -0.0028992 -0.0112046 0.00166105 
vn 0.809243 -0.46848 0.354475 
vn 0.809243 -0.46848 0.354475 
vn 0.809243 -0.46848 0.354475 
vn 0.809243 -0.46848 0.354475 
f 2760//2760 2761//2761 2762//2762 
f 2762//2762 2763//2763 2760//2760 
o mesh1930
v -0.00241588 -0.0107986 0.00101853 
v -0.0015597 -0.00697828 0.00413952 
v -0.00170737 -0.00711272 0.00434803 
v -0.0026437 -0.011006 0.0013402 
vn 0.841316 -0.442349 0.310668 
vn 0.841316 -0.442349 0.310668 
vn 0.841316 -0.442349 0.310668 
vn 0.841316 -0.442349 0.310668 
f 2764//2764 2765//2765 2766//2766 
f 2766//2766 2767//2767 2764//2764 
o mesh1931
v -0.00241588 -0.0107986 0.00101853 
v -0.00221867 -0.0105821 0.000696737 
v -0.00143187 -0.00683795 0.00393093 
v -0.0015597 -0.00697828 0.00413952 
vn 0.874486 -0.409003 0.260751 
vn 0.874486 -0.409003 0.260751 
vn 0.874486 -0.409003 0.260751 
vn 0.874486 -0.409003 0.260751 
f 2768//2768 2769//2769 2770//2770 
f 2770//2770 2771//2771 2768//2768 
o mesh1932
v -0.00186426 -0.00634909 0.00350654 
v -0.0024685 -0.00615763 0.00349007 
v -0.00247638 -0.00617733 0.00351589 
v -0.00132733 -0.00669114 0.00372277 
v -0.00125646 -0.00653553 0.00351589 
v -0.00250088 -0.00634655 0.00372277 
v -0.00143187 -0.00683795 0.00393093 
v -0.00246064 -0.00671374 0.00413952 
v -0.00240909 -0.00690667 0.00434803 
v -0.00249231 -0.00652657 0.00393093 
v -0.0015597 -0.00697828 0.00413952 
v -0.00170737 -0.00711272 0.00434803 
v -0.00187299 -0.00724143 0.004556 
v -0.00125243 -0.0065147 0.00349007 
v -0.00233936 -0.00710449 0.004556 
vn 0.218049 0.742607 0.633238 
vn 0.218049 0.742607 0.633238 
vn 0.218049 0.742607 0.633238 
vn 0.218049 0.742607 0.633238 
vn 0.218049 0.742607 0.633238 
vn 0.218049 0.742607 0.633238 
vn 0.218049 0.742607 0.633238 
vn 0.218049 0.742607 0.633238 
vn 0.218049 0.742607 0.633238 
vn 0.218049 0.742607 0.633238 
vn 0.218049 0.742607 0.633238 
vn 0.218049 0.742607 0.633238 
vn 0.218049 0.742607 0.633238 
vn 0.218049 0.742607 0.633238 
vn 0.218049 0.742607 0.633238 
f 2772//2772 2773//2773 2774//2774 
f 2772//2772 2775//2775 2776//2776 
f 2774//2774 2777//2777 2772//2772 
f 2772//2772 2778//2778 2775//2775 
f 2772//2772 2779//2779 2780//2780 
f 2777//2777 2781//2781 2772//2772 
f 2772//2772 2782//2782 2778//2778 
f 2781//2781 2779//2779 2772//2772 
f 2772//2772 2783//2783 2782//2782 
f 2780//2780 2784//2784 2772//2772 
f 2772//2772 2784//2784 2783//2783 
f 2776//2776 2785//2785 2772//2772 
f 2780//2780 2786//2786 2784//2784 
o mesh1933
v -0.00221867 -0.0105821 0.000696737 
v -0.0020574 -0.0103556 0.000375602 
v -0.00132733 -0.00669114 0.00372277 
v -0.00143187 -0.00683795 0.00393093 
vn 0.909655 -0.363994 0.200089 
vn 0.909655 -0.363994 0.200089 
vn 0.909655 -0.363994 0.200089 
vn 0.909655 -0.363994 0.200089 
f 2787//2787 2788//2788 2789//2789 
f 2789//2789 2790//2790 2787//2787 
o mesh1934
v -0.0020574 -0.0103556 0.000375602 
v -0.00194805 -0.0101155 5.64289e-05 
v -0.00125646 -0.00653553 0.00351589 
v -0.00132733 -0.00669114 0.00372277 
vn 0.951209 -0.288776 0.108678 
vn 0.951209 -0.288776 0.108678 
vn 0.951209 -0.288776 0.108678 
vn 0.951209 -0.288776 0.108678 
f 2791//2791 2792//2792 2793//2793 
f 2793//2793 2794//2794 2791//2791 
o mesh1935
v -0.00285302 -0.00971649 -9.99356e-05 
v -0.00192368 -0.00998936 -9.99356e-05 
v -0.00194805 -0.0101155 5.64289e-05 
v -0.00386787 -0.009824 0.000375602 
v -0.00383007 -0.00956293 5.64289e-05 
v -0.0020574 -0.0103556 0.000375602 
v -0.00385465 -0.0101017 0.000696737 
v -0.00221867 -0.0105821 0.000696737 
v -0.00380579 -0.0103905 0.00101853 
v -0.0028992 -0.0112046 0.00166105 
v -0.00372626 -0.0106881 0.0013402 
v -0.00241588 -0.0107986 0.00101853 
v -0.0026437 -0.011006 0.0013402 
v -0.00361868 -0.0109933 0.00166105 
v -0.00378236 -0.00944361 -9.99356e-05 
vn -0.218049 -0.742607 -0.633238 
vn -0.218049 -0.742607 -0.633238 
vn -0.218049 -0.742607 -0.633238 
vn -0.218049 -0.742607 -0.633238 
vn -0.218049 -0.742607 -0.633238 
vn -0.218049 -0.742607 -0.633238 
vn -0.218049 -0.742607 -0.633238 
vn -0.218049 -0.742607 -0.633238 
vn -0.218049 -0.742607 -0.633238 
vn -0.218049 -0.742607 -0.633238 
vn -0.218049 -0.742607 -0.633238 
vn -0.218049 -0.742607 -0.633238 
vn -0.218049 -0.742607 -0.633238 
vn -0.218049 -0.742607 -0.633238 
vn -0.218049 -0.742607 -0.633238 
f 2795//2795 2796//2796 2797//2797 
f 2795//2795 2798//2798 2799//2799 
f 2797//2797 2800//2800 2795//2795 
f 2795//2795 2801//2801 2798//2798 
f 2800//2800 2802//2802 2795//2795 
f 2795//2795 2803//2803 2801//2801 
f 2795//2795 2804//2804 2805//2805 
f 2802//2802 2806//2806 2795//2795 
f 2805//2805 2803//2803 2795//2795 
f 2806//2806 2807//2807 2795//2795 
f 2804//2804 2808//2808 2805//2805 
f 2799//2799 2809//2809 2795//2795 
f 2807//2807 2804//2804 2795//2795 
o mesh1936
v -0.00125646 -0.00653553 0.00351589 
v -0.00194805 -0.0101155 5.64289e-05 
v -0.00193042 -0.0100243 0 
v -0.00192368 -0.00998936 -9.99356e-05 
v -0.00191881 -0.00996413 -7.48572e-05 
v -0.00125243 -0.0065147 0.00349007 
vn 0.981847 -0.189677 6.45317e-16 
vn 0.981847 -0.189677 6.45317e-16 
vn 0.981847 -0.189677 6.45317e-16 
vn 0.981847 -0.189677 6.45317e-16 
vn 0.981847 -0.189677 6.45317e-16 
vn 0.981847 -0.189677 6.45317e-16 
f 2810//2810 2811//2811 2812//2812 
f 2813//2813 2814//2814 2812//2812 
f 2812//2812 2811//2811 2813//2813 
f 2812//2812 2815//2815 2810//2810 
o mesh1937
v -0.00285302 -0.00971649 -9.99356e-05 
v -0.00191881 -0.00996413 -7.48572e-05 
v -0.00192368 -0.00998936 -9.99356e-05 
vn 0.197231 0.671706 -0.714081 
vn 0.197231 0.671706 -0.714081 
vn 0.197231 0.671706 -0.714081 
f 2816//2816 2817//2817 2818//2818 
o mesh1938
v -0.000968572 -0.0101267 -9.99356e-05 
v -0.000980733 -0.0102546 5.64289e-05 
v -0.000971936 -0.0101621 0 
v -0.000635712 -0.00662478 0.00351589 
v -0.000633704 -0.00660366 0.00349007 
v -0.000966141 -0.0101011 -7.48572e-05 
vn -0.995513 0.0946247 6.52256e-16 
vn -0.995513 0.0946247 6.52256e-16 
vn -0.995513 0.0946247 6.52256e-16 
vn -0.995513 0.0946247 6.52256e-16 
vn -0.995513 0.0946247 6.52256e-16 
vn -0.995513 0.0946247 6.52256e-16 
f 2819//2819 2820//2820 2821//2821 
f 2822//2822 2823//2823 2821//2821 
f 2821//2821 2820//2820 2822//2822 
f 2821//2821 2824//2824 2819//2819 
o mesh1939
v -0.000966141 -0.0101011 -7.48572e-05 
v -1.24016e-18 -0.0101267 -9.99356e-05 
v -0.000968572 -0.0101267 -9.99356e-05 
vn 8.57331e-17 0.700064 -0.714081 
vn 8.57331e-17 0.700064 -0.714081 
vn 8.57331e-17 0.700064 -0.714081 
f 2825//2825 2826//2826 2827//2827 
o mesh1940
v -0.000943449 -0.0105158 0.000375602 
v -0.000611545 -0.00679405 0.00372277 
v -0.000635712 -0.00662478 0.00351589 
v -0.000980733 -0.0102546 5.64289e-05 
vn -0.994035 -0.00909203 0.108678 
vn -0.994035 -0.00909203 0.108678 
vn -0.994035 -0.00909203 0.108678 
vn -0.994035 -0.00909203 0.108678 
f 2828//2828 2829//2829 2830//2830 
f 2830//2830 2831//2831 2828//2828 
o mesh1941
v -0.000852525 -0.0107785 0.000696737 
v -0.000552608 -0.00696437 0.00393093 
v -0.000611545 -0.00679405 0.00372277 
v -0.000943449 -0.0105158 0.000375602 
vn -0.975357 -0.0929698 0.200089 
vn -0.975357 -0.0929698 0.200089 
vn -0.975357 -0.0929698 0.200089 
vn -0.975357 -0.0929698 0.200089 
f 2832//2832 2833//2833 2834//2834 
f 2834//2834 2835//2835 2832//2832 
o mesh1942
v -0.000724298 -0.0110418 0.00101853 
v -0.000469491 -0.00713503 0.00413952 
v -0.000552608 -0.00696437 0.00393093 
v -0.000852525 -0.0107785 0.000696737 
vn -0.954292 -0.146065 0.260751 
vn -0.954292 -0.146065 0.260751 
vn -0.954292 -0.146065 0.260751 
vn -0.954292 -0.146065 0.260751 
f 2836//2836 2837//2837 2838//2838 
f 2838//2838 2839//2839 2836//2836 
o mesh1943
v -0.000724298 -0.0110418 0.00101853 
v -0.000564133 -0.011305 0.0013402 
v -0.000365671 -0.00730562 0.00434803 
v -0.000469491 -0.00713503 0.00413952 
vn -0.931861 -0.187405 0.310668 
vn -0.931861 -0.187405 0.310668 
vn -0.931861 -0.187405 0.310668 
vn -0.931861 -0.187405 0.310668 
f 2840//2840 2841//2841 2842//2842 
f 2842//2842 2843//2843 2840//2840 
o mesh1944
v -0.000564133 -0.011305 0.0013402 
v -0.000374928 -0.0115675 0.00166105 
v -0.000243029 -0.00747578 0.004556 
v -0.000365671 -0.00730562 0.00434803 
vn -0.908449 -0.221513 0.354475 
vn -0.908449 -0.221513 0.354475 
vn -0.908449 -0.221513 0.354475 
vn -0.908449 -0.221513 0.354475 
f 2844//2844 2845//2845 2846//2846 
f 2846//2846 2847//2847 2844//2844 
o mesh1945
v 0.000374928 -0.0115675 0.00166105 
v 0.000243029 -0.00747578 0.004556 
v -0.000243029 -0.00747578 0.004556 
v -0.000374928 -0.0115675 0.00166105 
vn -7.07324e-17 -0.577574 0.816339 
vn -7.07324e-17 -0.577574 0.816339 
vn -7.07324e-17 -0.577574 0.816339 
vn -7.07324e-17 -0.577574 0.816339 
f 2848//2848 2849//2849 2850//2850 
f 2850//2850 2851//2851 2848//2848 
o mesh1946
v 0.000564133 -0.011305 0.0013402 
v 0.000365671 -0.00730562 0.00434803 
v 0.000243029 -0.00747578 0.004556 
v 0.000374928 -0.0115675 0.00166105 
vn 0.908449 -0.221513 0.354475 
vn 0.908449 -0.221513 0.354475 
vn 0.908449 -0.221513 0.354475 
vn 0.908449 -0.221513 0.354475 
f 2852//2852 2853//2853 2854//2854 
f 2854//2854 2855//2855 2852//2852 
o mesh1947
v 0.000724298 -0.0110418 0.00101853 
v 0.000469491 -0.00713503 0.00413952 
v 0.000365671 -0.00730562 0.00434803 
v 0.000564133 -0.011305 0.0013402 
vn 0.931861 -0.187405 0.310668 
vn 0.931861 -0.187405 0.310668 
vn 0.931861 -0.187405 0.310668 
vn 0.931861 -0.187405 0.310668 
f 2856//2856 2857//2857 2858//2858 
f 2858//2858 2859//2859 2856//2856 
o mesh1948
v 0.000724298 -0.0110418 0.00101853 
v 0.000852525 -0.0107785 0.000696737 
v 0.000552608 -0.00696437 0.00393093 
v 0.000469491 -0.00713503 0.00413952 
vn 0.954292 -0.146065 0.260751 
vn 0.954292 -0.146065 0.260751 
vn 0.954292 -0.146065 0.260751 
vn 0.954292 -0.146065 0.260751 
f 2860//2860 2861//2861 2862//2862 
f 2862//2862 2863//2863 2860//2860 
o mesh1949
v -8.10365e-19 -0.00661713 0.00350654 
v -0.000633704 -0.00660366 0.00349007 
v -0.000635712 -0.00662478 0.00351589 
v 0.000611545 -0.00679405 0.00372277 
v 0.000635712 -0.00662478 0.00351589 
v -0.000611545 -0.00679405 0.00372277 
v 0.000552608 -0.00696437 0.00393093 
v -0.000469491 -0.00713503 0.00413952 
v -0.000365671 -0.00730562 0.00434803 
v -0.000552608 -0.00696437 0.00393093 
v 0.000469491 -0.00713503 0.00413952 
v 0.000365671 -0.00730562 0.00434803 
v 0.000243029 -0.00747578 0.004556 
v 0.000633704 -0.00660366 0.00349007 
v -0.000243029 -0.00747578 0.004556 
vn 9.47824e-17 0.773957 0.633238 
vn 9.47824e-17 0.773957 0.633238 
vn 9.47824e-17 0.773957 0.633238 
vn 9.47824e-17 0.773957 0.633238 
vn 9.47824e-17 0.773957 0.633238 
vn 9.47824e-17 0.773957 0.633238 
vn 9.47824e-17 0.773957 0.633238 
vn 9.47824e-17 0.773957 0.633238 
vn 9.47824e-17 0.773957 0.633238 
vn 9.47824e-17 0.773957 0.633238 
vn 9.47824e-17 0.773957 0.633238 
vn 9.47824e-17 0.773957 0.633238 
vn 9.47824e-17 0.773957 0.633238 
vn 9.47824e-17 0.773957 0.633238 
vn 9.47824e-17 0.773957 0.633238 
f 2864//2864 2865//2865 2866//2866 
f 2864//2864 2867//2867 2868//2868 
f 2866//2866 2869//2869 2864//2864 
f 2864//2864 2870//2870 2867//2867 
f 2864//2864 2871//2871 2872//2872 
f 2869//2869 2873//2873 2864//2864 
f 2864//2864 2874//2874 2870//2870 
f 2873//2873 2871//2871 2864//2864 
f 2864//2864 2875//2875 2874//2874 
f 2872//2872 2876//2876 2864//2864 
f 2864//2864 2876//2876 2875//2875 
f 2868//2868 2877//2877 2864//2864 
f 2872//2872 2878//2878 2876//2876 
o mesh1950
v 0.000852525 -0.0107785 0.000696737 
v 0.000943449 -0.0105158 0.000375602 
v 0.000611545 -0.00679405 0.00372277 
v 0.000552608 -0.00696437 0.00393093 
vn 0.975357 -0.0929698 0.200089 
vn 0.975357 -0.0929698 0.200089 
vn 0.975357 -0.0929698 0.200089 
vn 0.975357 -0.0929698 0.200089 
f 2879//2879 2880//2880 2881//2881 
f 2881//2881 2882//2882 2879//2879 
o mesh1951
v 0.000943449 -0.0105158 0.000375602 
v 0.000980733 -0.0102546 5.64289e-05 
v 0.000635712 -0.00662478 0.00351589 
v 0.000611545 -0.00679405 0.00372277 
vn 0.994035 -0.00909203 0.108678 
vn 0.994035 -0.00909203 0.108678 
vn 0.994035 -0.00909203 0.108678 
vn 0.994035 -0.00909203 0.108678 
f 2883//2883 2884//2884 2885//2885 
f 2885//2885 2886//2886 2883//2883 
o mesh1952
v -1.24016e-18 -0.0101267 -9.99356e-05 
v 0.000968572 -0.0101267 -9.99356e-05 
v 0.000980733 -0.0102546 5.64289e-05 
v -0.000943449 -0.0105158 0.000375602 
v -0.000980733 -0.0102546 5.64289e-05 
v 0.000943449 -0.0105158 0.000375602 
v -0.000852525 -0.0107785 0.000696737 
v 0.000724298 -0.0110418 0.00101853 
v 0.000564133 -0.011305 0.0013402 
v 0.000852525 -0.0107785 0.000696737 
v -0.000724298 -0.0110418 0.00101853 
v -0.000564133 -0.011305 0.0013402 
v -0.000374928 -0.0115675 0.00166105 
v -0.000968572 -0.0101267 -9.99356e-05 
v 0.000374928 -0.0115675 0.00166105 
vn -9.47824e-17 -0.773957 -0.633238 
vn -9.47824e-17 -0.773957 -0.633238 
vn -9.47824e-17 -0.773957 -0.633238 
vn -9.47824e-17 -0.773957 -0.633238 
vn -9.47824e-17 -0.773957 -0.633238 
vn -9.47824e-17 -0.773957 -0.633238 
vn -9.47824e-17 -0.773957 -0.633238 
vn -9.47824e-17 -0.773957 -0.633238 
vn -9.47824e-17 -0.773957 -0.633238 
vn -9.47824e-17 -0.773957 -0.633238 
vn -9.47824e-17 -0.773957 -0.633238 
vn -9.47824e-17 -0.773957 -0.633238 
vn -9.47824e-17 -0.773957 -0.633238 
vn -9.47824e-17 -0.773957 -0.633238 
vn -9.47824e-17 -0.773957 -0.633238 
f 2887//2887 2888//2888 2889//2889 
f 2887//2887 2890//2890 2891//2891 
f 2889//2889 2892//2892 2887//2887 
f 2887//2887 2893//2893 2890//2890 
f 2887//2887 2894//2894 2895//2895 
f 2892//2892 2896//2896 2887//2887 
f 2887//2887 2897//2897 2893//2893 
f 2896//2896 2894//2894 2887//2887 
f 2887//2887 2898//2898 2897//2897 
f 2895//2895 2899//2899 2887//2887 
f 2887//2887 2899//2899 2898//2898 
f 2891//2891 2900//2900 2887//2887 
f 2895//2895 2901//2901 2899//2899 
o mesh1953
v 0.000635712 -0.00662478 0.00351589 
v 0.000980733 -0.0102546 5.64289e-05 
v 0.000971936 -0.0101621 0 
v 0.000968572 -0.0101267 -9.99356e-05 
v 0.000966141 -0.0101011 -7.48572e-05 
v 0.000633704 -0.00660366 0.00349007 
vn 0.995513 0.0946247 6.45317e-16 
vn 0.995513 0.0946247 6.45317e-16 
vn 0.995513 0.0946247 6.45317e-16 
vn 0.995513 0.0946247 6.45317e-16 
vn 0.995513 0.0946247 6.45317e-16 
vn 0.995513 0.0946247 6.45317e-16 
f 2902//2902 2903//2903 2904//2904 
f 2905//2905 2906//2906 2904//2904 
f 2904//2904 2903//2903 2905//2905 
f 2904//2904 2907//2907 2902//2902 
o mesh1954
v 0.000968572 -0.0101267 -9.99356e-05 
v -1.24016e-18 -0.0101267 -9.99356e-05 
v 0.000548579 -0.0101122 -8.5696e-05 
v 0.000966141 -0.0101011 -7.48572e-05 
vn 8.57331e-17 0.700064 -0.714081 
vn 8.57331e-17 0.700064 -0.714081 
vn 8.57331e-17 0.700064 -0.714081 
vn 8.57331e-17 0.700064 -0.714081 
f 2908//2908 2909//2909 2910//2910 
f 2910//2910 2911//2911 2908//2908 
o mesh1955
v 0.00192368 -0.00998936 -9.99356e-05 
v 0.00194805 -0.0101155 5.64289e-05 
v 0.00193042 -0.0100243 0 
v 0.00125646 -0.00653553 0.00351589 
v 0.00125243 -0.0065147 0.00349007 
v 0.00191881 -0.00996413 -7.48572e-05 
vn -0.981847 -0.189677 6.52256e-16 
vn -0.981847 -0.189677 6.52256e-16 
vn -0.981847 -0.189677 6.52256e-16 
vn -0.981847 -0.189677 6.52256e-16 
vn -0.981847 -0.189677 6.52256e-16 
vn -0.981847 -0.189677 6.52256e-16 
f 2912//2912 2913//2913 2914//2914 
f 2915//2915 2916//2916 2914//2914 
f 2914//2914 2913//2913 2915//2915 
f 2914//2914 2917//2917 2912//2912 
o mesh1956
v 0.00192368 -0.00998936 -9.99356e-05 
v 0.00191881 -0.00996413 -7.48572e-05 
v 0.00270848 -0.0097548 -9.60555e-05 
v 0.00285302 -0.00971649 -9.99356e-05 
vn -0.197231 0.671706 -0.714081 
vn -0.197231 0.671706 -0.714081 
vn -0.197231 0.671706 -0.714081 
vn -0.197231 0.671706 -0.714081 
f 2918//2918 2919//2919 2920//2920 
f 2920//2920 2921//2921 2918//2918 
o mesh1957
v 0.0020574 -0.0103556 0.000375602 
v 0.00132733 -0.00669114 0.00372277 
v 0.00125646 -0.00653553 0.00351589 
v 0.00194805 -0.0101155 5.64289e-05 
vn -0.951209 -0.288776 0.108678 
vn -0.951209 -0.288776 0.108678 
vn -0.951209 -0.288776 0.108678 
vn -0.951209 -0.288776 0.108678 
f 2922//2922 2923//2923 2924//2924 
f 2924//2924 2925//2925 2922//2922 
o mesh1958
v 0.00221867 -0.0105821 0.000696737 
v 0.00143187 -0.00683795 0.00393093 
v 0.00132733 -0.00669114 0.00372277 
v 0.0020574 -0.0103556 0.000375602 
vn -0.909655 -0.363994 0.200089 
vn -0.909655 -0.363994 0.200089 
vn -0.909655 -0.363994 0.200089 
vn -0.909655 -0.363994 0.200089 
f 2926//2926 2927//2927 2928//2928 
f 2928//2928 2929//2929 2926//2926 
o mesh1959
v 0.00241588 -0.0107986 0.00101853 
v 0.0015597 -0.00697828 0.00413952 
v 0.00143187 -0.00683795 0.00393093 
v 0.00221867 -0.0105821 0.000696737 
vn -0.874486 -0.409003 0.260751 
vn -0.874486 -0.409003 0.260751 
vn -0.874486 -0.409003 0.260751 
vn -0.874486 -0.409003 0.260751 
f 2930//2930 2931//2931 2932//2932 
f 2932//2932 2933//2933 2930//2930 
o mesh1960
v 0.00241588 -0.0107986 0.00101853 
v 0.0026437 -0.011006 0.0013402 
v 0.00170737 -0.00711272 0.00434803 
v 0.0015597 -0.00697828 0.00413952 
vn -0.841316 -0.442349 0.310668 
vn -0.841316 -0.442349 0.310668 
vn -0.841316 -0.442349 0.310668 
vn -0.841316 -0.442349 0.310668 
f 2934//2934 2935//2935 2936//2936 
f 2936//2936 2937//2937 2934//2934 
o mesh1961
v 0.0026437 -0.011006 0.0013402 
v 0.0028992 -0.0112046 0.00166105 
v 0.00187299 -0.00724143 0.004556 
v 0.00170737 -0.00711272 0.00434803 
vn -0.809243 -0.46848 0.354475 
vn -0.809243 -0.46848 0.354475 
vn -0.809243 -0.46848 0.354475 
vn -0.809243 -0.46848 0.354475 
f 2938//2938 2939//2939 2940//2940 
f 2940//2940 2941//2941 2938//2938 
o mesh1962
v 0.0028992 -0.0112046 0.00166105 
v 0.00361868 -0.0109933 0.00166105 
v 0.00233936 -0.00710449 0.004556 
v 0.00187299 -0.00724143 0.004556 
vn 0.162721 -0.554178 0.816339 
vn 0.162721 -0.554178 0.816339 
vn 0.162721 -0.554178 0.816339 
vn 0.162721 -0.554178 0.816339 
f 2942//2942 2943//2943 2944//2944 
f 2944//2944 2945//2945 2942//2942 
o mesh1963
v 0.00372626 -0.0106881 0.0013402 
v 0.00240909 -0.00690667 0.00434803 
v 0.00233936 -0.00710449 0.004556 
v 0.00361868 -0.0109933 0.00166105 
vn 0.934058 0.0433996 0.354475 
vn 0.934058 0.0433996 0.354475 
vn 0.934058 0.0433996 0.354475 
vn 0.934058 0.0433996 0.354475 
f 2946//2946 2947//2947 2948//2948 
f 2948//2948 2949//2949 2946//2946 
o mesh1964
v 0.00380579 -0.0103905 0.00101853 
v 0.00246064 -0.00671374 0.00413952 
v 0.00240909 -0.00690667 0.00434803 
v 0.00372626 -0.0106881 0.0013402 
vn 0.946912 0.0827222 0.310668 
vn 0.946912 0.0827222 0.310668 
vn 0.946912 0.0827222 0.310668 
vn 0.946912 0.0827222 0.310668 
f 2950//2950 2951//2951 2952//2952 
f 2952//2952 2953//2953 2950//2950 
o mesh1965
v 0.00380579 -0.0103905 0.00101853 
v 0.00385465 -0.0101017 0.000696737 
v 0.00249231 -0.00652657 0.00393093 
v 0.00246064 -0.00671374 0.00413952 
vn 0.956788 0.128707 0.260751 
vn 0.956788 0.128707 0.260751 
vn 0.956788 0.128707 0.260751 
vn 0.956788 0.128707 0.260751 
f 2954//2954 2955//2955 2956//2956 
f 2956//2956 2957//2957 2954//2954 
o mesh1966
v 0.00186426 -0.00634909 0.00350654 
v 0.00125243 -0.0065147 0.00349007 
v 0.00125646 -0.00653553 0.00351589 
v 0.00250088 -0.00634655 0.00372277 
v 0.00247638 -0.00617733 0.00351589 
v 0.00132733 -0.00669114 0.00372277 
v 0.00249231 -0.00652657 0.00393093 
v 0.00143187 -0.00683795 0.00393093 
v 0.00246064 -0.00671374 0.00413952 
v 0.00187299 -0.00724143 0.004556 
v 0.00240909 -0.00690667 0.00434803 
v 0.0015597 -0.00697828 0.00413952 
v 0.00170737 -0.00711272 0.00434803 
v 0.00233936 -0.00710449 0.004556 
v 0.0024685 -0.00615763 0.00349007 
vn -0.218049 0.742607 0.633238 
vn -0.218049 0.742607 0.633238 
vn -0.218049 0.742607 0.633238 
vn -0.218049 0.742607 0.633238 
vn -0.218049 0.742607 0.633238 
vn -0.218049 0.742607 0.633238 
vn -0.218049 0.742607 0.633238 
vn -0.218049 0.742607 0.633238 
vn -0.218049 0.742607 0.633238 
vn -0.218049 0.742607 0.633238 
vn -0.218049 0.742607 0.633238 
vn -0.218049 0.742607 0.633238 
vn -0.218049 0.742607 0.633238 
vn -0.218049 0.742607 0.633238 
vn -0.218049 0.742607 0.633238 
f 2958//2958 2959//2959 2960//2960 
f 2958//2958 2961//2961 2962//2962 
f 2960//2960 2963//2963 2958//2958 
f 2958//2958 2964//2964 2961//2961 
f 2963//2963 2965//2965 2958//2958 
f 2958//2958 2966//2966 2964//2964 
f 2958//2958 2967//2967 2968//2968 
f 2965//2965 2969//2969 2958//2958 
f 2968//2968 2966//2966 2958//2958 
f 2969//2969 2970//2970 2958//2958 
f 2967//2967 2971//2971 2968//2968 
f 2962//2962 2972//2972 2958//2958 
f 2970//2970 2967//2967 2958//2958 
o mesh1967
v 0.00385465 -0.0101017 0.000696737 
v 0.00386787 -0.009824 0.000375602 
v 0.00250088 -0.00634655 0.00372277 
v 0.00249231 -0.00652657 0.00393093 
vn 0.962041 0.185586 0.200089 
vn 0.962041 0.185586 0.200089 
vn 0.962041 0.185586 0.200089 
vn 0.962041 0.185586 0.200089 
f 2973//2973 2974//2974 2975//2975 
f 2975//2975 2976//2976 2973//2973 
o mesh1968
v 0.00386787 -0.009824 0.000375602 
v 0.00383007 -0.00956293 5.64289e-05 
v 0.00247638 -0.00617733 0.00351589 
v 0.00250088 -0.00634655 0.00372277 
vn 0.956332 0.271328 0.108678 
vn 0.956332 0.271328 0.108678 
vn 0.956332 0.271328 0.108678 
vn 0.956332 0.271328 0.108678 
f 2977//2977 2978//2978 2979//2979 
f 2979//2979 2980//2980 2977//2977 
o mesh1969
v 0.00285302 -0.00971649 -9.99356e-05 
v 0.00378236 -0.00944361 -9.99356e-05 
v 0.00383007 -0.00956293 5.64289e-05 
v 0.0020574 -0.0103556 0.000375602 
v 0.00194805 -0.0101155 5.64289e-05 
v 0.00386787 -0.009824 0.000375602 
v 0.00221867 -0.0105821 0.000696737 
v 0.00385465 -0.0101017 0.000696737 
v 0.00241588 -0.0107986 0.00101853 
v 0.00361868 -0.0109933 0.00166105 
v 0.0026437 -0.011006 0.0013402 
v 0.00380579 -0.0103905 0.00101853 
v 0.00372626 -0.0106881 0.0013402 
v 0.0028992 -0.0112046 0.00166105 
v 0.00192368 -0.00998936 -9.99356e-05 
vn 0.218049 -0.742607 -0.633238 
vn 0.218049 -0.742607 -0.633238 
vn 0.218049 -0.742607 -0.633238 
vn 0.218049 -0.742607 -0.633238 
vn 0.218049 -0.742607 -0.633238 
vn 0.218049 -0.742607 -0.633238 
vn 0.218049 -0.742607 -0.633238 
vn 0.218049 -0.742607 -0.633238 
vn 0.218049 -0.742607 -0.633238 
vn 0.218049 -0.742607 -0.633238 
vn 0.218049 -0.742607 -0.633238 
vn 0.218049 -0.742607 -0.633238 
vn 0.218049 -0.742607 -0.633238 
vn 0.218049 -0.742607 -0.633238 
vn 0.218049 -0.742607 -0.633238 
f 2981//2981 2982//2982 2983//2983 
f 2981//2981 2984//2984 2985//2985 
f 2983//2983 2986//2986 2981//2981 
f 2981//2981 2987//2987 2984//2984 
f 2986//2986 2988//2988 2981//2981 
f 2981//2981 2989//2989 2987//2987 
f 2981//2981 2990//2990 2991//2991 
f 2988//2988 2992//2992 2981//2981 
f 2991//2991 2989//2989 2981//2981 
f 2992//2992 2993//2993 2981//2981 
f 2990//2990 2994//2994 2991//2991 
f 2985//2985 2995//2995 2981//2981 
f 2993//2993 2990//2990 2981//2981 
o mesh1970
v 0.00247638 -0.00617733 0.00351589 
v 0.00383007 -0.00956293 5.64289e-05 
v 0.00379555 -0.00947662 0 
v 0.00378236 -0.00944361 -9.99356e-05 
v 0.00377282 -0.00941975 -7.48572e-05 
v 0.0024685 -0.00615763 0.00349007 
vn 0.928529 0.37126 6.45317e-16 
vn 0.928529 0.37126 6.45317e-16 
vn 0.928529 0.37126 6.45317e-16 
vn 0.928529 0.37126 6.45317e-16 
vn 0.928529 0.37126 6.45317e-16 
vn 0.928529 0.37126 6.45317e-16 
f 2996//2996 2997//2997 2998//2998 
f 2999//2999 3000//3000 2998//2998 
f 2998//2998 2997//2997 2999//2999 
f 2998//2998 3001//3001 2996//2996 
o mesh1971
v 0.00285302 -0.00971649 -9.99356e-05 
v 0.00377282 -0.00941975 -7.48572e-05 
v 0.00378236 -0.00944361 -9.99356e-05 
vn -0.197231 0.671706 -0.714081 
vn -0.197231 0.671706 -0.714081 
vn -0.197231 0.671706 -0.714081 
f 3002//3002 3003//3003 3004//3004 
o mesh1972
v 0.00466009 -0.00904276 -9.99356e-05 
v 0.00471902 -0.00915696 5.64289e-05 
v 0.00467639 -0.00907435 0 
v 0.00304683 -0.00591681 0.00351589 
v 0.0030371 -0.00589796 0.00349007 
v 0.0046483 -0.00901993 -7.48572e-05 
vn -0.888637 -0.458612 6.52256e-16 
vn -0.888637 -0.458612 6.52256e-16 
vn -0.888637 -0.458612 6.52256e-16 
vn -0.888637 -0.458612 6.52256e-16 
vn -0.888637 -0.458612 6.52256e-16 
vn -0.888637 -0.458612 6.52256e-16 
f 3005//3005 3006//3006 3007//3007 
f 3008//3008 3009//3009 3007//3007 
f 3007//3007 3006//3006 3008//3008 
f 3007//3007 3010//3010 3005//3005 
o mesh1973
v 0.00466009 -0.00904276 -9.99356e-05 
v 0.0046483 -0.00901993 -7.48572e-05 
v 0.0047493 -0.00895873 -7.79215e-05 
v 0.0054749 -0.00851911 -9.99356e-05 
vn -0.378483 0.588931 -0.714081 
vn -0.378483 0.588931 -0.714081 
vn -0.378483 0.588931 -0.714081 
vn -0.378483 0.588931 -0.714081 
f 3011//3011 3012//3012 3013//3013 
f 3013//3013 3014//3014 3011//3011 
o mesh1974
v 0.00489157 -0.00935649 0.000375602 
v 0.00315868 -0.00604615 0.00372277 
v 0.00304683 -0.00591681 0.00351589 
v 0.00471902 -0.00915696 5.64289e-05 
vn -0.83132 -0.545065 0.108678 
vn -0.83132 -0.545065 0.108678 
vn -0.83132 -0.545065 0.108678 
vn -0.83132 -0.545065 0.108678 
f 3015//3015 3016//3016 3017//3017 
f 3017//3017 3018//3018 3015//3015 
o mesh1975
v 0.00511011 -0.00952837 0.000696737 
v 0.00330034 -0.00615756 0.00393093 
v 0.00315868 -0.00604615 0.00372277 
v 0.00489157 -0.00935649 0.000375602 
vn -0.770259 -0.605529 0.200089 
vn -0.770259 -0.605529 0.200089 
vn -0.770259 -0.605529 0.200089 
vn -0.770259 -0.605529 0.200089 
f 3019//3019 3020//3020 3021//3021 
f 3021//3021 3022//3022 3019//3019 
o mesh1976
v 0.00536033 -0.00968054 0.00101853 
v 0.00346253 -0.0062562 0.00413952 
v 0.00330034 -0.00615756 0.00393093 
v 0.00511011 -0.00952837 0.000696737 
vn -0.723833 -0.638807 0.260751 
vn -0.723833 -0.638807 0.260751 
vn -0.723833 -0.638807 0.260751 
vn -0.723833 -0.638807 0.260751 
f 3023//3023 3024//3024 3025//3025 
f 3025//3025 3026//3026 3023//3023 
o mesh1977
v 0.00536033 -0.00968054 0.00101853 
v 0.00563735 -0.00981535 0.0013402 
v 0.0036421 -0.00634358 0.00434803 
v 0.00346253 -0.0062562 0.00413952 
vn -0.682613 -0.661457 0.310668 
vn -0.682613 -0.661457 0.310668 
vn -0.682613 -0.661457 0.310668 
vn -0.682613 -0.661457 0.310668 
f 3027//3027 3028//3028 3029//3029 
f 3029//3029 3030//3030 3027//3027 
o mesh1978
v 0.00563735 -0.00981535 0.0013402 
v 0.00593845 -0.00993389 0.00166105 
v 0.00383727 -0.00642042 0.004556 
v 0.0036421 -0.00634358 0.00434803 
vn -0.644477 -0.677493 0.354475 
vn -0.644477 -0.677493 0.354475 
vn -0.644477 -0.677493 0.354475 
vn -0.644477 -0.677493 0.354475 
f 3031//3031 3032//3032 3033//3033 
f 3033//3033 3034//3034 3031//3031 
o mesh1979
v 0.00656927 -0.00952849 0.00166105 
v 0.00424616 -0.00615764 0.004556 
v 0.00383727 -0.00642042 0.004556 
v 0.00593845 -0.00993389 0.00166105 
vn 0.31226 -0.485886 0.816339 
vn 0.31226 -0.485886 0.816339 
vn 0.31226 -0.485886 0.816339 
vn 0.31226 -0.485886 0.816339 
f 3035//3035 3036//3036 3037//3037 
f 3037//3037 3038//3038 3035//3035 
o mesh1980
v 0.00658651 -0.00920536 0.0013402 
v 0.00425734 -0.00594819 0.00434803 
v 0.00424616 -0.00615764 0.004556 
v 0.00656927 -0.00952849 0.00166105 
vn 0.883995 0.304796 0.354475 
vn 0.883995 0.304796 0.354475 
vn 0.883995 0.304796 0.354475 
vn 0.883995 0.304796 0.354475 
f 3039//3039 3040//3040 3041//3041 
f 3041//3041 3042//3042 3039//3039 
o mesh1981
v 0.00657897 -0.00889737 0.00101853 
v 0.00425245 -0.00574854 0.00413952 
v 0.00425734 -0.00594819 0.00434803 
v 0.00658651 -0.00920536 0.0013402 
vn 0.88525 0.346147 0.310668 
vn 0.88525 0.346147 0.310668 
vn 0.88525 0.346147 0.310668 
vn 0.88525 0.346147 0.310668 
f 3043//3043 3044//3044 3045//3045 
f 3045//3045 3046//3046 3043//3043 
o mesh1982
v 0.00657897 -0.00889737 0.00101853 
v 0.00654449 -0.00860655 0.000696737 
v 0.0042301 -0.00556004 0.00393093 
v 0.00425245 -0.00574854 0.00413952 
vn 0.88177 0.393052 0.260751 
vn 0.88177 0.393052 0.260751 
vn 0.88177 0.393052 0.260751 
vn 0.88177 0.393052 0.260751 
f 3047//3047 3048//3048 3049//3049 
f 3049//3049 3050//3050 3047//3047 
o mesh1983
v 0.00357749 -0.00556669 0.00350654 
v 0.0030371 -0.00589796 0.00349007 
v 0.00304683 -0.00591681 0.00351589 
v 0.00418761 -0.0053849 0.00372277 
v 0.00411642 -0.00522943 0.00351589 
v 0.00315868 -0.00604615 0.00372277 
v 0.0042301 -0.00556004 0.00393093 
v 0.00346253 -0.0062562 0.00413952 
v 0.0036421 -0.00634358 0.00434803 
v 0.00330034 -0.00615756 0.00393093 
v 0.00425245 -0.00574854 0.00413952 
v 0.00425734 -0.00594819 0.00434803 
v 0.00424616 -0.00615764 0.004556 
v 0.00410331 -0.00521275 0.00349007 
v 0.00383727 -0.00642042 0.004556 
vn -0.418433 0.651094 0.633238 
vn -0.418433 0.651094 0.633238 
vn -0.418433 0.651094 0.633238 
vn -0.418433 0.651094 0.633238 
vn -0.418433 0.651094 0.633238 
vn -0.418433 0.651094 0.633238 
vn -0.418433 0.651094 0.633238 
vn -0.418433 0.651094 0.633238 
vn -0.418433 0.651094 0.633238 
vn -0.418433 0.651094 0.633238 
vn -0.418433 0.651094 0.633238 
vn -0.418433 0.651094 0.633238 
vn -0.418433 0.651094 0.633238 
vn -0.418433 0.651094 0.633238 
vn -0.418433 0.651094 0.633238 
f 3051//3051 3052//3052 3053//3053 
f 3051//3051 3054//3054 3055//3055 
f 3053//3053 3056//3056 3051//3051 
f 3051//3051 3057//3057 3054//3054 
f 3051//3051 3058//3058 3059//3059 
f 3056//3056 3060//3060 3051//3051 
f 3051//3051 3061//3061 3057//3057 
f 3060//3060 3058//3058 3051//3051 
f 3051//3051 3062//3062 3061//3061 
f 3059//3059 3063//3063 3051//3051 
f 3051//3051 3063//3063 3062//3062 
f 3055//3055 3064//3064 3051//3051 
f 3059//3059 3065//3065 3063//3063 
o mesh1984
v 0.00654449 -0.00860655 0.000696737 
v 0.00647893 -0.00833636 0.000375602 
v 0.00418761 -0.0053849 0.00372277 
v 0.0042301 -0.00556004 0.00393093 
vn 0.870786 0.449107 0.200089 
vn 0.870786 0.449107 0.200089 
vn 0.870786 0.449107 0.200089 
vn 0.870786 0.449107 0.200089 
f 3066//3066 3067//3067 3068//3068 
f 3068//3068 3069//3069 3066//3066 
o mesh1985
v 0.00647893 -0.00833636 0.000375602 
v 0.00636911 -0.00809651 5.64289e-05 
v 0.00411642 -0.00522943 0.00351589 
v 0.00418761 -0.0053849 0.00372277 
vn 0.841151 0.529767 0.108678 
vn 0.841151 0.529767 0.108678 
vn 0.841151 0.529767 0.108678 
vn 0.841151 0.529767 0.108678 
f 3070//3070 3071//3071 3072//3072 
f 3072//3072 3073//3073 3070//3070 
o mesh1986
v 0.0054749 -0.00851911 -9.99356e-05 
v 0.00628972 -0.00799546 -9.99356e-05 
v 0.00636911 -0.00809651 5.64289e-05 
v 0.00489157 -0.00935649 0.000375602 
v 0.00471902 -0.00915696 5.64289e-05 
v 0.00647893 -0.00833636 0.000375602 
v 0.00511011 -0.00952837 0.000696737 
v 0.00657897 -0.00889737 0.00101853 
v 0.00658651 -0.00920536 0.0013402 
v 0.00654449 -0.00860655 0.000696737 
v 0.00536033 -0.00968054 0.00101853 
v 0.00563735 -0.00981535 0.0013402 
v 0.00593845 -0.00993389 0.00166105 
v 0.00466009 -0.00904276 -9.99356e-05 
v 0.00656927 -0.00952849 0.00166105 
vn 0.418433 -0.651094 -0.633238 
vn 0.418433 -0.651094 -0.633238 
vn 0.418433 -0.651094 -0.633238 
vn 0.418433 -0.651094 -0.633238 
vn 0.418433 -0.651094 -0.633238 
vn 0.418433 -0.651094 -0.633238 
vn 0.418433 -0.651094 -0.633238 
vn 0.418433 -0.651094 -0.633238 
vn 0.418433 -0.651094 -0.633238 
vn 0.418433 -0.651094 -0.633238 
vn 0.418433 -0.651094 -0.633238 
vn 0.418433 -0.651094 -0.633238 
vn 0.418433 -0.651094 -0.633238 
vn 0.418433 -0.651094 -0.633238 
vn 0.418433 -0.651094 -0.633238 
f 3074//3074 3075//3075 3076//3076 
f 3074//3074 3077//3077 3078//3078 
f 3076//3076 3079//3079 3074//3074 
f 3074//3074 3080//3080 3077//3077 
f 3074//3074 3081//3081 3082//3082 
f 3079//3079 3083//3083 3074//3074 
f 3074//3074 3084//3084 3080//3080 
f 3083//3083 3081//3081 3074//3074 
f 3074//3074 3085//3085 3084//3084 
f 3082//3082 3086//3086 3074//3074 
f 3074//3074 3086//3086 3085//3085 
f 3078//3078 3087//3087 3074//3074 
f 3082//3082 3088//3088 3086//3086 
o mesh1987
v 0.00411642 -0.00522943 0.00351589 
v 0.00636911 -0.00809651 5.64289e-05 
v 0.00631168 -0.00802342 0 
v 0.00628972 -0.00799546 -9.99356e-05 
v 0.00627384 -0.00797526 -7.48572e-05 
v 0.00410331 -0.00521275 0.00349007 
vn 0.786321 0.617818 6.45317e-16 
vn 0.786321 0.617818 6.45317e-16 
vn 0.786321 0.617818 6.45317e-16 
vn 0.786321 0.617818 6.45317e-16 
vn 0.786321 0.617818 6.45317e-16 
vn 0.786321 0.617818 6.45317e-16 
f 3089//3089 3090//3090 3091//3091 
f 3092//3092 3093//3093 3091//3091 
f 3091//3091 3090//3090 3092//3092 
f 3091//3091 3094//3094 3089//3089 
o mesh1988
v 0.0054749 -0.00851911 -9.99356e-05 
v 0.00627384 -0.00797526 -7.48572e-05 
v 0.00628972 -0.00799546 -9.99356e-05 
vn -0.378483 0.588931 -0.714081 
vn -0.378483 0.588931 -0.714081 
vn -0.378483 0.588931 -0.714081 
f 3095//3095 3096//3096 3097//3097 
o mesh1989
v 0.00701896 -0.00736357 -9.99356e-05 
v 0.00710768 -0.00745654 5.64289e-05 
v 0.0070435 -0.00738929 0 
v 0.00459037 -0.00481875 0.00351589 
v 0.00457572 -0.0048034 0.00349007 
v 0.00700122 -0.00734498 -7.48572e-05 
vn -0.723435 -0.690393 6.52256e-16 
vn -0.723435 -0.690393 6.52256e-16 
vn -0.723435 -0.690393 6.52256e-16 
vn -0.723435 -0.690393 6.52256e-16 
vn -0.723435 -0.690393 6.52256e-16 
vn -0.723435 -0.690393 6.52256e-16 
f 3098//3098 3099//3099 3100//3100 
f 3101//3101 3102//3102 3100//3100 
f 3100//3100 3099//3099 3101//3101 
f 3100//3100 3103//3103 3098//3098 
o mesh1990
v 0.00700122 -0.00734498 -7.48572e-05 
v 0.00765324 -0.00663157 -9.99356e-05 
v 0.00701896 -0.00736357 -9.99356e-05 
vn -0.529073 0.458444 -0.714081 
vn -0.529073 0.458444 -0.714081 
vn -0.529073 0.458444 -0.714081 
f 3104//3104 3105//3105 3106//3106 
o mesh1991
v 0.00732946 -0.00759937 0.000375602 
v 0.00473413 -0.00491133 0.00372277 
v 0.00459037 -0.00481875 0.00351589 
v 0.00710768 -0.00745654 5.64289e-05 
vn -0.644083 -0.757196 0.108678 
vn -0.644083 -0.757196 0.108678 
vn -0.644083 -0.757196 0.108678 
vn -0.644083 -0.757196 0.108678 
f 3107//3107 3108//3108 3109//3109 
f 3109//3109 3110//3110 3107//3107 
o mesh1992
v 0.00758757 -0.00770272 0.000696737 
v 0.00490144 -0.00497832 0.00393093 
v 0.00473413 -0.00491133 0.00372277 
v 0.00732946 -0.00759937 0.000375602 
vn -0.568461 -0.798008 0.200089 
vn -0.568461 -0.798008 0.200089 
vn -0.568461 -0.798008 0.200089 
vn -0.568461 -0.798008 0.200089 
f 3111//3111 3112//3112 3113//3113 
f 3113//3113 3114//3114 3111//3111 
o mesh1993
v 0.00787052 -0.00777823 0.00101853 
v 0.00508485 -0.00502727 0.00413952 
v 0.00490144 -0.00497832 0.00393093 
v 0.00758757 -0.00770272 0.000696737 
vn -0.51454 -0.816858 0.260751 
vn -0.51454 -0.816858 0.260751 
vn -0.51454 -0.816858 0.260751 
vn -0.51454 -0.816858 0.260751 
f 3115//3115 3116//3116 3117//3117 
f 3117//3117 3118//3118 3115//3115 
o mesh1994
v 0.00787052 -0.00777823 0.00101853 
v 0.0081743 -0.00782953 0.0013402 
v 0.00528176 -0.00506052 0.00434803 
v 0.00508485 -0.00502727 0.00413952 
vn -0.468608 -0.826977 0.310668 
vn -0.468608 -0.826977 0.310668 
vn -0.468608 -0.826977 0.310668 
vn -0.468608 -0.826977 0.310668 
f 3119//3119 3120//3120 3121//3121 
f 3121//3121 3122//3122 3119//3119 
o mesh1995
v 0.0081743 -0.00782953 0.0013402 
v 0.0084966 -0.00785845 0.00166105 
v 0.00549067 -0.00507927 0.004556 
v 0.00528176 -0.00506052 0.00434803 
vn -0.427499 -0.83162 0.354475 
vn -0.427499 -0.83162 0.354475 
vn -0.427499 -0.83162 0.354475 
vn -0.427499 -0.83162 0.354475 
f 3123//3123 3124//3124 3125//3125 
f 3125//3125 3126//3126 3123//3123 
o mesh1996
v 0.00898765 -0.00729174 0.00166105 
v 0.00580897 -0.00471193 0.004556 
v 0.00549067 -0.00507927 0.004556 
v 0.0084966 -0.00785845 0.00166105 
vn 0.436501 -0.37823 0.816339 
vn 0.436501 -0.37823 0.816339 
vn 0.436501 -0.37823 0.816339 
vn 0.436501 -0.37823 0.816339 
f 3127//3127 3128//3128 3129//3129 
f 3129//3129 3130//3130 3127//3127 
o mesh1997
v 0.00891316 -0.00697684 0.0013402 
v 0.00576069 -0.00450781 0.00434803 
v 0.00580897 -0.00471193 0.004556 
v 0.00898765 -0.00729174 0.00166105 
vn 0.762316 0.5415 0.354475 
vn 0.762316 0.5415 0.354475 
vn 0.762316 0.5415 0.354475 
vn 0.762316 0.5415 0.354475 
f 3131//3131 3132//3132 3133//3133 
f 3133//3133 3134//3134 3131//3131 
o mesh1998
v 0.00881915 -0.00668345 0.00101853 
v 0.00569975 -0.00431763 0.00413952 
v 0.00576069 -0.00450781 0.00434803 
v 0.00891316 -0.00697684 0.0013402 
vn 0.75187 0.58153 0.310668 
vn 0.75187 0.58153 0.310668 
vn 0.75187 0.58153 0.310668 
vn 0.75187 0.58153 0.310668 
f 3135//3135 3136//3136 3137//3137 
f 3137//3137 3138//3138 3135//3135 
o mesh1999
v 0.00881915 -0.00668345 0.00101853 
v 0.00870414 -0.00641413 0.000696737 
v 0.0056252 -0.00414306 0.00393093 
v 0.00569975 -0.00431763 0.00413952 
vn 0.735317 0.625554 0.260751 
vn 0.735317 0.625554 0.260751 
vn 0.735317 0.625554 0.260751 
vn 0.735317 0.625554 0.260751 
f 3139//3139 3140//3140 3141//3141 
f 3141//3141 3142//3142 3139//3139 
o mesh2000
v 0.00500089 -0.0043333 0.00350654 
v 0.00457572 -0.0048034 0.00349007 
v 0.00459037 -0.00481875 0.00351589 
v 0.00553508 -0.00398698 0.00372277 
v 0.00542298 -0.00385787 0.00351589 
v 0.00473413 -0.00491133 0.00372277 
v 0.0056252 -0.00414306 0.00393093 
v 0.00508485 -0.00502727 0.00413952 
v 0.00528176 -0.00506052 0.00434803 
v 0.00490144 -0.00497832 0.00393093 
v 0.00569975 -0.00431763 0.00413952 
v 0.00576069 -0.00450781 0.00434803 
v 0.00580897 -0.00471193 0.004556 
v 0.0054057 -0.00384556 0.00349007 
v 0.00549067 -0.00507927 0.004556 
vn -0.584918 0.506834 0.633238 
vn -0.584918 0.506834 0.633238 
vn -0.584918 0.506834 0.633238 
vn -0.584918 0.506834 0.633238 
vn -0.584918 0.506834 0.633238 
vn -0.584918 0.506834 0.633238 
vn -0.584918 0.506834 0.633238 
vn -0.584918 0.506834 0.633238 
vn -0.584918 0.506834 0.633238 
vn -0.584918 0.506834 0.633238 
vn -0.584918 0.506834 0.633238 
vn -0.584918 0.506834 0.633238 
vn -0.584918 0.506834 0.633238 
vn -0.584918 0.506834 0.633238 
vn -0.584918 0.506834 0.633238 
f 3143//3143 3144//3144 3145//3145 
f 3143//3143 3146//3146 3147//3147 
f 3145//3145 3148//3148 3143//3143 
f 3143//3143 3149//3149 3146//3146 
f 3143//3143 3150//3150 3151//3151 
f 3148//3148 3152//3152 3143//3143 
f 3143//3143 3153//3153 3149//3149 
f 3152//3152 3150//3150 3143//3143 
f 3143//3143 3154//3154 3153//3153 
f 3151//3151 3155//3155 3143//3143 
f 3143//3143 3155//3155 3154//3154 
f 3147//3147 3156//3156 3143//3143 
f 3151//3151 3157//3157 3155//3155 
o mesh2001
v 0.00870414 -0.00641413 0.000696737 
v 0.00856511 -0.00617335 0.000375602 
v 0.00553508 -0.00398698 0.00372277 
v 0.0056252 -0.00414306 0.00393093 
vn 0.708985 0.676243 0.200089 
vn 0.708985 0.676243 0.200089 
vn 0.708985 0.676243 0.200089 
vn 0.708985 0.676243 0.200089 
f 3158//3158 3159//3159 3160//3160 
f 3160//3160 3161//3161 3158//3158 
o mesh2002
v 0.00856511 -0.00617335 0.000375602 
v 0.00839217 -0.00597416 5.64289e-05 
v 0.00542298 -0.00385787 0.00351589 
v 0.00553508 -0.00398698 0.00372277 
vn 0.657826 0.745288 0.108678 
vn 0.657826 0.745288 0.108678 
vn 0.657826 0.745288 0.108678 
vn 0.657826 0.745288 0.108678 
f 3162//3162 3163//3163 3164//3164 
f 3164//3164 3165//3165 3162//3162 
o mesh2003
v 0.00765324 -0.00663157 -9.99356e-05 
v 0.00828752 -0.00589957 -9.99356e-05 
v 0.00839217 -0.00597416 5.64289e-05 
v 0.00732946 -0.00759937 0.000375602 
v 0.00710768 -0.00745654 5.64289e-05 
v 0.00856511 -0.00617335 0.000375602 
v 0.00758757 -0.00770272 0.000696737 
v 0.00870414 -0.00641413 0.000696737 
v 0.00787052 -0.00777823 0.00101853 
v 0.00898765 -0.00729174 0.00166105 
v 0.0081743 -0.00782953 0.0013402 
v 0.00881915 -0.00668345 0.00101853 
v 0.00891316 -0.00697684 0.0013402 
v 0.0084966 -0.00785845 0.00166105 
v 0.00701896 -0.00736357 -9.99356e-05 
vn 0.584918 -0.506834 -0.633238 
vn 0.584918 -0.506834 -0.633238 
vn 0.584918 -0.506834 -0.633238 
vn 0.584918 -0.506834 -0.633238 
vn 0.584918 -0.506834 -0.633238 
vn 0.584918 -0.506834 -0.633238 
vn 0.584918 -0.506834 -0.633238 
vn 0.584918 -0.506834 -0.633238 
vn 0.584918 -0.506834 -0.633238 
vn 0.584918 -0.506834 -0.633238 
vn 0.584918 -0.506834 -0.633238 
vn 0.584918 -0.506834 -0.633238 
vn 0.584918 -0.506834 -0.633238 
vn 0.584918 -0.506834 -0.633238 
vn 0.584918 -0.506834 -0.633238 
f 3166//3166 3167//3167 3168//3168 
f 3166//3166 3169//3169 3170//3170 
f 3168//3168 3171//3171 3166//3166 
f 3166//3166 3172//3172 3169//3169 
f 3171//3171 3173//3173 3166//3166 
f 3166//3166 3174//3174 3172//3172 
f 3166//3166 3175//3175 3176//3176 
f 3173//3173 3177//3177 3166//3166 
f 3176//3176 3174//3174 3166//3166 
f 3177//3177 3178//3178 3166//3166 
f 3175//3175 3179//3179 3176//3176 
f 3170//3170 3180//3180 3166//3166 
f 3178//3178 3175//3175 3166//3166 
o mesh2004
v 0.00542298 -0.00385787 0.00351589 
v 0.00839217 -0.00597416 5.64289e-05 
v 0.00831647 -0.00592021 0 
v 0.00828752 -0.00589957 -9.99356e-05 
v 0.00826659 -0.00588466 -7.48572e-05 
v 0.0054057 -0.00384556 0.00349007 
vn 0.58041 0.814325 6.45317e-16 
vn 0.58041 0.814325 6.45317e-16 
vn 0.58041 0.814325 6.45317e-16 
vn 0.58041 0.814325 6.45317e-16 
vn 0.58041 0.814325 6.45317e-16 
vn 0.58041 0.814325 6.45317e-16 
f 3181//3181 3182//3182 3183//3183 
f 3184//3184 3185//3185 3183//3183 
f 3183//3183 3182//3182 3184//3184 
f 3183//3183 3186//3186 3181//3181 
o mesh2005
v 0.00828752 -0.00589957 -9.99356e-05 
v 0.00765324 -0.00663157 -9.99356e-05 
v 0.00806489 -0.00613029 -8.31045e-05 
v 0.00826659 -0.00588466 -7.48572e-05 
vn -0.529073 0.458444 -0.714081 
vn -0.529073 0.458444 -0.714081 
vn -0.529073 0.458444 -0.714081 
vn -0.529073 0.458444 -0.714081 
f 3187//3187 3188//3188 3189//3189 
f 3189//3189 3190//3190 3187//3187 
o mesh2006
v 0.0088092 -0.00508782 -9.99356e-05 
v 0.00892052 -0.00515203 5.64289e-05 
v 0.00884 -0.00510558 0 
v 0.00576203 -0.0033303 0.00351589 
v 0.00574365 -0.0033197 0.00349007 
v 0.00878694 -0.00507498 -7.48572e-05 
vn -0.499625 -0.866242 6.52256e-16 
vn -0.499625 -0.866242 6.52256e-16 
vn -0.499625 -0.866242 6.52256e-16 
vn -0.499625 -0.866242 6.52256e-16 
vn -0.499625 -0.866242 6.52256e-16 
vn -0.499625 -0.866242 6.52256e-16 
f 3191//3191 3192//3192 3193//3193 
f 3194//3194 3195//3195 3193//3193 
f 3193//3193 3192//3192 3194//3194 
f 3193//3193 3196//3196 3191//3191 
o mesh2007
v 0.0088092 -0.00508782 -9.99356e-05 
v 0.00878694 -0.00507498 -7.48572e-05 
v 0.00918967 -0.00425154 -9.86426e-05 
v 0.00921156 -0.00420678 -9.99356e-05 
vn -0.6368 0.290817 -0.714081 
vn -0.6368 0.290817 -0.714081 
vn -0.6368 0.290817 -0.714081 
vn -0.6368 0.290817 -0.714081 
f 3197//3197 3198//3198 3199//3199 
f 3199//3199 3200//3200 3197//3197 
o mesh2008
v 0.00917355 -0.0052266 0.000375602 
v 0.00592604 -0.00337863 0.00372277 
v 0.00576203 -0.0033303 0.00351589 
v 0.00892052 -0.00515203 5.64289e-05 
vn -0.404667 -0.907983 0.108678 
vn -0.404667 -0.907983 0.108678 
vn -0.404667 -0.907983 0.108678 
vn -0.404667 -0.907983 0.108678 
f 3201//3201 3202//3202 3203//3203 
f 3203//3203 3204//3204 3201//3201 
o mesh2009
v 0.00945033 -0.00525304 0.000696737 
v 0.00610545 -0.00339577 0.00393093 
v 0.00592604 -0.00337863 0.00372277 
v 0.00917355 -0.0052266 0.000375602 
vn -0.32061 -0.925837 0.200089 
vn -0.32061 -0.925837 0.200089 
vn -0.32061 -0.925837 0.200089 
vn -0.32061 -0.925837 0.200089 
f 3205//3205 3206//3206 3207//3207 
f 3207//3207 3208//3208 3205//3205 
o mesh2010
v 0.00974309 -0.00524577 0.00101853 
v 0.00629522 -0.00339106 0.00413952 
v 0.00610545 -0.00339577 0.00393093 
v 0.00945033 -0.00525304 0.000696737 
vn -0.263562 -0.928732 0.260751 
vn -0.263562 -0.928732 0.260751 
vn -0.263562 -0.928732 0.260751 
vn -0.263562 -0.928732 0.260751 
f 3209//3209 3210//3210 3211//3211 
f 3211//3211 3212//3212 3209//3209 
o mesh2011
v 0.00974309 -0.00524577 0.00101853 
v 0.010049 -0.00520941 0.0013402 
v 0.00649352 -0.00336749 0.00434803 
v 0.00629522 -0.00339106 0.00413952 
vn -0.21664 -0.925501 0.310668 
vn -0.21664 -0.925501 0.310668 
vn -0.21664 -0.925501 0.310668 
vn -0.21664 -0.925501 0.310668 
f 3213//3213 3214//3214 3215//3215 
f 3215//3215 3216//3216 3213//3213 
o mesh2012
v 0.010049 -0.00520941 0.0013402 
v 0.0103664 -0.00514636 0.00166105 
v 0.00669926 -0.00332662 0.004556 
v 0.00649352 -0.00336749 0.00434803 
vn -0.175888 -0.918374 0.354475 
vn -0.175888 -0.918374 0.354475 
vn -0.175888 -0.918374 0.354475 
vn -0.175888 -0.918374 0.354475 
f 3217//3217 3218//3218 3219//3219 
f 3219//3219 3220//3220 3217//3217 
o mesh2013
v 0.0106779 -0.00446426 0.00166105 
v 0.00690117 -0.00288449 0.004556 
v 0.00669926 -0.00332662 0.004556 
v 0.0103664 -0.00514636 0.00166105 
vn 0.52538 -0.239933 0.816339 
vn 0.52538 -0.239933 0.816339 
vn 0.52538 -0.239933 0.816339 
vn 0.52538 -0.239933 0.816339 
f 3221//3221 3222//3222 3223//3223 
f 3223//3223 3224//3224 3221//3221 
o mesh2014
v 0.0105177 -0.0041831 0.0013402 
v 0.00679733 -0.00270224 0.00434803 
v 0.00690117 -0.00288449 0.004556 
v 0.0106779 -0.00446426 0.00166105 
vn 0.578878 0.734334 0.354475 
vn 0.578878 0.734334 0.354475 
vn 0.578878 0.734334 0.354475 
vn 0.578878 0.734334 0.354475 
f 3225//3225 3226//3226 3227//3227 
f 3227//3227 3228//3228 3225//3225 
o mesh2015
v 0.0103449 -0.00392808 0.00101853 
v 0.00668529 -0.00253693 0.00413952 
v 0.00679733 -0.00270224 0.00434803 
v 0.0105177 -0.0041831 0.0013402 
vn 0.557578 0.7698 0.310668 
vn 0.557578 0.7698 0.310668 
vn 0.557578 0.7698 0.310668 
vn 0.557578 0.7698 0.310668 
f 3229//3229 3230//3230 3231//3231 
f 3231//3231 3232//3232 3229//3229 
o mesh2016
v 0.0103449 -0.00392808 0.00101853 
v 0.0101586 -0.00370207 0.000696737 
v 0.00656457 -0.00239043 0.00393093 
v 0.00668529 -0.00253693 0.00413952 
vn 0.529293 0.807377 0.260751 
vn 0.529293 0.807377 0.260751 
vn 0.529293 0.807377 0.260751 
vn 0.529293 0.807377 0.260751 
f 3233//3233 3234//3234 3235//3235 
f 3235//3235 3236//3236 3233//3233 
o mesh2017
v 0.00601915 -0.00274886 0.00350654 
v 0.00574365 -0.0033197 0.00349007 
v 0.00576203 -0.0033303 0.00351589 
v 0.00643413 -0.00226607 0.00372277 
v 0.0062902 -0.00217377 0.00351589 
v 0.00592604 -0.00337863 0.00372277 
v 0.00656457 -0.00239043 0.00393093 
v 0.00629522 -0.00339106 0.00413952 
v 0.00649352 -0.00336749 0.00434803 
v 0.00610545 -0.00339577 0.00393093 
v 0.00668529 -0.00253693 0.00413952 
v 0.00679733 -0.00270224 0.00434803 
v 0.00690117 -0.00288449 0.004556 
v 0.00627015 -0.00216682 0.00349007 
v 0.00669926 -0.00332662 0.004556 
vn -0.704016 0.321513 0.633238 
vn -0.704016 0.321513 0.633238 
vn -0.704016 0.321513 0.633238 
vn -0.704016 0.321513 0.633238 
vn -0.704016 0.321513 0.633238 
vn -0.704016 0.321513 0.633238 
vn -0.704016 0.321513 0.633238 
vn -0.704016 0.321513 0.633238 
vn -0.704016 0.321513 0.633238 
vn -0.704016 0.321513 0.633238 
vn -0.704016 0.321513 0.633238 
vn -0.704016 0.321513 0.633238 
vn -0.704016 0.321513 0.633238 
vn -0.704016 0.321513 0.633238 
vn -0.704016 0.321513 0.633238 
f 3237//3237 3238//3238 3239//3239 
f 3237//3237 3240//3240 3241//3241 
f 3239//3239 3242//3242 3237//3237 
f 3237//3237 3243//3243 3240//3240 
f 3237//3237 3244//3244 3245//3245 
f 3242//3242 3246//3246 3237//3237 
f 3237//3237 3247//3247 3243//3243 
f 3246//3246 3244//3244 3237//3237 
f 3237//3237 3248//3248 3247//3247 
f 3245//3245 3249//3249 3237//3237 
f 3237//3237 3249//3249 3248//3248 
f 3241//3241 3250//3250 3237//3237 
f 3245//3245 3251//3251 3249//3249 
o mesh2018
v 0.0101586 -0.00370207 0.000696737 
v 0.0099574 -0.00351021 0.000375602 
v 0.00643413 -0.00226607 0.00372277 
v 0.00656457 -0.00239043 0.00393093 
vn 0.489746 0.848595 0.200089 
vn 0.489746 0.848595 0.200089 
vn 0.489746 0.848595 0.200089 
vn 0.489746 0.848595 0.200089 
f 3252//3252 3253//3253 3254//3254 
f 3254//3254 3255//3255 3252//3252 
o mesh2019
v 0.0099574 -0.00351021 0.000375602 
v 0.00973534 -0.00336782 5.64289e-05 
v 0.0062902 -0.00217377 0.00351589 
v 0.00643413 -0.00226607 0.00372277 
vn 0.421208 0.90043 0.108678 
vn 0.421208 0.90043 0.108678 
vn 0.421208 0.90043 0.108678 
vn 0.421208 0.90043 0.108678 
f 3256//3256 3257//3257 3258//3258 
f 3258//3258 3259//3259 3256//3256 
o mesh2020
v 0.00921156 -0.00420678 -9.99356e-05 
v 0.00961392 -0.00332573 -9.99356e-05 
v 0.00973534 -0.00336782 5.64289e-05 
v 0.00917355 -0.0052266 0.000375602 
v 0.00892052 -0.00515203 5.64289e-05 
v 0.0099574 -0.00351021 0.000375602 
v 0.00945033 -0.00525304 0.000696737 
v 0.0103449 -0.00392808 0.00101853 
v 0.0105177 -0.0041831 0.0013402 
v 0.0101586 -0.00370207 0.000696737 
v 0.00974309 -0.00524577 0.00101853 
v 0.010049 -0.00520941 0.0013402 
v 0.0103664 -0.00514636 0.00166105 
v 0.0088092 -0.00508782 -9.99356e-05 
v 0.0106779 -0.00446426 0.00166105 
vn 0.704016 -0.321513 -0.633238 
vn 0.704016 -0.321513 -0.633238 
vn 0.704016 -0.321513 -0.633238 
vn 0.704016 -0.321513 -0.633238 
vn 0.704016 -0.321513 -0.633238 
vn 0.704016 -0.321513 -0.633238 
vn 0.704016 -0.321513 -0.633238 
vn 0.704016 -0.321513 -0.633238 
vn 0.704016 -0.321513 -0.633238 
vn 0.704016 -0.321513 -0.633238 
vn 0.704016 -0.321513 -0.633238 
vn 0.704016 -0.321513 -0.633238 
vn 0.704016 -0.321513 -0.633238 
vn 0.704016 -0.321513 -0.633238 
vn 0.704016 -0.321513 -0.633238 
f 3260//3260 3261//3261 3262//3262 
f 3260//3260 3263//3263 3264//3264 
f 3262//3262 3265//3265 3260//3260 
f 3260//3260 3266//3266 3263//3263 
f 3260//3260 3267//3267 3268//3268 
f 3265//3265 3269//3269 3260//3260 
f 3260//3260 3270//3270 3266//3266 
f 3269//3269 3267//3267 3260//3260 
f 3260//3260 3271//3271 3270//3270 
f 3268//3268 3272//3272 3260//3260 
f 3260//3260 3272//3272 3271//3271 
f 3264//3264 3273//3273 3260//3260 
f 3268//3268 3274//3274 3272//3272 
o mesh2021
v 0.0062902 -0.00217377 0.00351589 
v 0.00973534 -0.00336782 5.64289e-05 
v 0.00964751 -0.00333738 0 
v 0.00961392 -0.00332573 -9.99356e-05 
v 0.00958964 -0.00331732 -7.48572e-05 
v 0.00627015 -0.00216682 0.00349007 
vn 0.327477 0.944859 6.45317e-16 
vn 0.327477 0.944859 6.45317e-16 
vn 0.327477 0.944859 6.45317e-16 
vn 0.327477 0.944859 6.45317e-16 
vn 0.327477 0.944859 6.45317e-16 
vn 0.327477 0.944859 6.45317e-16 
f 3275//3275 3276//3276 3277//3277 
f 3278//3278 3279//3279 3277//3277 
f 3277//3277 3276//3276 3278//3278 
f 3277//3277 3280//3280 3275//3275 
o mesh2022
v 0.00921156 -0.00420678 -9.99356e-05 
v 0.00958964 -0.00331732 -7.48572e-05 
v 0.00961392 -0.00332573 -9.99356e-05 
vn -0.6368 0.290817 -0.714081 
vn -0.6368 0.290817 -0.714081 
vn -0.6368 0.290817 -0.714081 
f 3281//3281 3282//3282 3283//3283 
o mesh2023
v 0.00988577 -0.00239989 -9.99356e-05 
v 0.0100107 -0.00243014 5.64289e-05 
v 0.00992032 -0.00240826 0 
v 0.00646688 -0.00157205 0.00351589 
v 0.00644626 -0.00156705 0.00349007 
v 0.0098608 -0.00239384 -7.48572e-05 
vn -0.235338 -0.971914 6.52256e-16 
vn -0.235338 -0.971914 6.52256e-16 
vn -0.235338 -0.971914 6.52256e-16 
vn -0.235338 -0.971914 6.52256e-16 
vn -0.235338 -0.971914 6.52256e-16 
vn -0.235338 -0.971914 6.52256e-16 
f 3284//3284 3285//3285 3286//3286 
f 3287//3287 3288//3288 3286//3286 
f 3286//3286 3285//3285 3287//3287 
f 3286//3286 3289//3289 3284//3284 
o mesh2024
v 0.00988577 -0.00239989 -9.99356e-05 
v 0.0098608 -0.00239384 -7.48572e-05 
v 0.00989751 -0.002179 -8.05129e-05 
v 0.0100236 -0.00144118 -9.99356e-05 
vn -0.692938 0.0996294 -0.714081 
vn -0.692938 0.0996294 -0.714081 
vn -0.692938 0.0996294 -0.714081 
vn -0.692938 0.0996294 -0.714081 
f 3290//3290 3291//3291 3292//3292 
f 3292//3292 3293//3293 3290//3290 
o mesh2025
v 0.0102745 -0.0024304 0.000375602 
v 0.00663787 -0.00157221 0.00372277 
v 0.00646688 -0.00157205 0.00351589 
v 0.0100107 -0.00243014 5.64289e-05 
vn -0.132467 -0.985212 0.108678 
vn -0.132467 -0.985212 0.108678 
vn -0.132467 -0.985212 0.108678 
vn -0.132467 -0.985212 0.108678 
f 3294//3294 3295//3295 3296//3296 
f 3296//3296 3297//3297 3294//3294 
o mesh2026
v 0.0105475 -0.00237779 0.000696737 
v 0.00681483 -0.00153812 0.00393093 
v 0.00663787 -0.00157221 0.00372277 
v 0.0102745 -0.0024304 0.000375602 
vn -0.0467843 -0.97866 0.200089 
vn -0.0467843 -0.97866 0.200089 
vn -0.0467843 -0.97866 0.200089 
vn -0.0467843 -0.97866 0.200089 
f 3298//3298 3299//3299 3300//3300 
f 3300//3300 3301//3301 3298//3298 
o mesh2027
v 0.0108263 -0.00228834 0.00101853 
v 0.00699559 -0.00148013 0.00413952 
v 0.00681483 -0.00153812 0.00393093 
v 0.0105475 -0.00237779 0.000696737 
vn 0.0087681 -0.965366 0.260751 
vn 0.0087681 -0.965366 0.260751 
vn 0.0087681 -0.965366 0.260751 
vn 0.0087681 -0.965366 0.260751 
f 3302//3302 3303//3303 3304//3304 
f 3304//3304 3305//3305 3302//3302 
o mesh2028
v 0.0108263 -0.00228834 0.00101853 
v 0.0111096 -0.00216726 0.0013402 
v 0.00717922 -0.00140165 0.00434803 
v 0.00699559 -0.00148013 0.00413952 
vn 0.0528794 -0.949046 0.310668 
vn 0.0528794 -0.949046 0.310668 
vn 0.0528794 -0.949046 0.310668 
vn 0.0528794 -0.949046 0.310668 
f 3306//3306 3307//3307 3308//3308 
f 3308//3308 3309//3309 3306//3306 
o mesh2029
v 0.0111096 -0.00216726 0.0013402 
v 0.0113964 -0.00201734 0.00166105 
v 0.00736511 -0.00130447 0.004556 
v 0.00717922 -0.00140165 0.00434803 
vn 0.0899724 -0.930727 0.354475 
vn 0.0899724 -0.930727 0.354475 
vn 0.0899724 -0.930727 0.354475 
vn 0.0899724 -0.930727 0.354475 
f 3310//3310 3311//3311 3312//3312 
f 3312//3312 3313//3313 3310//3310 
o mesh2030
v 0.0115031 -0.00127511 0.00166105 
v 0.00743428 -0.00082336 0.004556 
v 0.00736511 -0.00130447 0.004556 
v 0.0113964 -0.00201734 0.00166105 
vn 0.571695 -0.0821973 0.816339 
vn 0.571695 -0.0821973 0.816339 
vn 0.571695 -0.0821973 0.816339 
vn 0.571695 -0.0821973 0.816339 
f 3314//3314 3315//3315 3316//3316 
f 3316//3316 3317//3317 3314//3314 
o mesh2031
v 0.0112702 -0.00105048 0.0013402 
v 0.0072833 -0.000677749 0.00434803 
v 0.00743428 -0.00082336 0.004556 
v 0.0115031 -0.00127511 0.00166105 
vn 0.348544 0.867678 0.354475 
vn 0.348544 0.867678 0.354475 
vn 0.348544 0.867678 0.354475 
vn 0.348544 0.867678 0.354475 
f 3318//3318 3319//3319 3320//3320 
f 3320//3320 3321//3321 3318//3318 
o mesh2032
v 0.0110325 -0.000854486 0.00101853 
v 0.00712922 -0.000550709 0.00413952 
v 0.0072833 -0.000677749 0.00434803 
v 0.0112702 -0.00105048 0.0013402 
vn 0.318115 0.895706 0.310668 
vn 0.318115 0.895706 0.310668 
vn 0.318115 0.895706 0.310668 
vn 0.318115 0.895706 0.310668 
f 3322//3322 3323//3323 3324//3324 
f 3324//3324 3325//3325 3322//3322 
o mesh2033
v 0.0110325 -0.000854486 0.00101853 
v 0.0107901 -0.000690094 0.000696737 
v 0.00697212 -0.00044415 0.00393093 
v 0.00712922 -0.000550709 0.00413952 
vn 0.280388 0.923792 0.260751 
vn 0.280388 0.923792 0.260751 
vn 0.280388 0.923792 0.260751 
vn 0.280388 0.923792 0.260751 
f 3326//3326 3327//3327 3328//3328 
f 3328//3328 3329//3329 3326//3326 
o mesh2034
v 0.00654978 -0.000941716 0.00350654 
v 0.00644626 -0.00156705 0.00349007 
v 0.00646688 -0.00157205 0.00351589 
v 0.00681193 -0.000361574 0.00372277 
v 0.00664782 -0.000313563 0.00351589 
v 0.00663787 -0.00157221 0.00372277 
v 0.00697212 -0.00044415 0.00393093 
v 0.00699559 -0.00148013 0.00413952 
v 0.00717922 -0.00140165 0.00434803 
v 0.00681483 -0.00153812 0.00393093 
v 0.00712922 -0.000550709 0.00413952 
v 0.0072833 -0.000677749 0.00434803 
v 0.00743428 -0.00082336 0.004556 
v 0.00662663 -0.000312544 0.00349007 
v 0.00736511 -0.00130447 0.004556 
vn -0.76608 0.110146 0.633238 
vn -0.76608 0.110146 0.633238 
vn -0.76608 0.110146 0.633238 
vn -0.76608 0.110146 0.633238 
vn -0.76608 0.110146 0.633238 
vn -0.76608 0.110146 0.633238 
vn -0.76608 0.110146 0.633238 
vn -0.76608 0.110146 0.633238 
vn -0.76608 0.110146 0.633238 
vn -0.76608 0.110146 0.633238 
vn -0.76608 0.110146 0.633238 
vn -0.76608 0.110146 0.633238 
vn -0.76608 0.110146 0.633238 
vn -0.76608 0.110146 0.633238 
vn -0.76608 0.110146 0.633238 
f 3330//3330 3331//3331 3332//3332 
f 3330//3330 3333//3333 3334//3334 
f 3332//3332 3335//3335 3330//3330 
f 3330//3330 3336//3336 3333//3333 
f 3330//3330 3337//3337 3338//3338 
f 3335//3335 3339//3339 3330//3330 
f 3330//3330 3340//3340 3336//3336 
f 3339//3339 3337//3337 3330//3330 
f 3330//3330 3341//3341 3340//3340 
f 3338//3338 3342//3342 3330//3330 
f 3330//3330 3342//3342 3341//3341 
f 3334//3334 3343//3343 3330//3330 
f 3338//3338 3344//3344 3342//3342 
o mesh2035
v 0.0107901 -0.000690094 0.000696737 
v 0.010543 -0.000562703 0.000375602 
v 0.00681193 -0.000361574 0.00372277 
v 0.00697212 -0.00044415 0.00393093 
vn 0.230831 0.952198 0.200089 
vn 0.230831 0.952198 0.200089 
vn 0.230831 0.952198 0.200089 
vn 0.230831 0.952198 0.200089 
f 3345//3345 3346//3346 3347//3347 
f 3347//3347 3348//3348 3345//3345 
o mesh2036
v 0.010543 -0.000562703 0.000375602 
v 0.0102898 -0.000488635 5.64289e-05 
v 0.00664782 -0.000313563 0.00351589 
v 0.00681193 -0.000361574 0.00372277 
vn 0.150465 0.982624 0.108678 
vn 0.150465 0.982624 0.108678 
vn 0.150465 0.982624 0.108678 
vn 0.150465 0.982624 0.108678 
f 3349//3349 3350//3350 3351//3351 
f 3351//3351 3352//3352 3349//3349 
o mesh2037
v 0.0100236 -0.00144118 -9.99356e-05 
v 0.0101615 -0.000482464 -9.99356e-05 
v 0.0102898 -0.000488635 5.64289e-05 
v 0.0102745 -0.0024304 0.000375602 
v 0.0100107 -0.00243014 5.64289e-05 
v 0.010543 -0.000562703 0.000375602 
v 0.0105475 -0.00237779 0.000696737 
v 0.0107901 -0.000690094 0.000696737 
v 0.0108263 -0.00228834 0.00101853 
v 0.0115031 -0.00127511 0.00166105 
v 0.0111096 -0.00216726 0.0013402 
v 0.0110325 -0.000854486 0.00101853 
v 0.0112702 -0.00105048 0.0013402 
v 0.0113964 -0.00201734 0.00166105 
v 0.00988577 -0.00239989 -9.99356e-05 
vn 0.76608 -0.110146 -0.633238 
vn 0.76608 -0.110146 -0.633238 
vn 0.76608 -0.110146 -0.633238 
vn 0.76608 -0.110146 -0.633238 
vn 0.76608 -0.110146 -0.633238 
vn 0.76608 -0.110146 -0.633238 
vn 0.76608 -0.110146 -0.633238 
vn 0.76608 -0.110146 -0.633238 
vn 0.76608 -0.110146 -0.633238 
vn 0.76608 -0.110146 -0.633238 
vn 0.76608 -0.110146 -0.633238 
vn 0.76608 -0.110146 -0.633238 
vn 0.76608 -0.110146 -0.633238 
vn 0.76608 -0.110146 -0.633238 
vn 0.76608 -0.110146 -0.633238 
f 3353//3353 3354//3354 3355//3355 
f 3353//3353 3356//3356 3357//3357 
f 3355//3355 3358//3358 3353//3353 
f 3353//3353 3359//3359 3356//3356 
f 3358//3358 3360//3360 3353//3353 
f 3353//3353 3361//3361 3359//3359 
f 3353//3353 3362//3362 3363//3363 
f 3360//3360 3364//3364 3353//3353 
f 3363//3363 3361//3361 3353//3353 
f 3364//3364 3365//3365 3353//3353 
f 3362//3362 3366//3366 3363//3363 
f 3357//3357 3367//3367 3353//3353 
f 3365//3365 3362//3362 3353//3353 
o mesh2038
v 0.00664782 -0.000313563 0.00351589 
v 0.0102898 -0.000488635 5.64289e-05 
v 0.010197 -0.000484171 0 
v 0.0101615 -0.000482464 -9.99356e-05 
v 0.0101358 -0.00048123 -7.48572e-05 
v 0.00662663 -0.000312544 0.00349007 
vn 0.0480148 0.998847 6.45317e-16 
vn 0.0480148 0.998847 6.45317e-16 
vn 0.0480148 0.998847 6.45317e-16 
vn 0.0480148 0.998847 6.45317e-16 
vn 0.0480148 0.998847 6.45317e-16 
vn 0.0480148 0.998847 6.45317e-16 
f 3368//3368 3369//3369 3370//3370 
f 3371//3371 3372//3372 3370//3370 
f 3370//3370 3369//3369 3371//3371 
f 3370//3370 3373//3373 3368//3368 
o mesh2039
v 0.0100236 -0.00144118 -9.99356e-05 
v 0.0101358 -0.00048123 -7.48572e-05 
v 0.0101615 -0.000482464 -9.99356e-05 
vn -0.692938 0.0996294 -0.714081 
vn -0.692938 0.0996294 -0.714081 
vn -0.692938 0.0996294 -0.714081 
f 3374//3374 3375//3375 3376//3376 
o mesh2040
v 0.0101615 0.000482464 -9.99356e-05 
v 0.0102898 0.000488635 5.64289e-05 
v 0.010197 0.000484171 0 
v 0.00664782 0.000313563 0.00351589 
v 0.00662663 0.000312544 0.00349007 
v 0.0101358 0.00048123 -7.48572e-05 
vn 0.0480148 -0.998847 6.52256e-16 
vn 0.0480148 -0.998847 6.52256e-16 
vn 0.0480148 -0.998847 6.52256e-16 
vn 0.0480148 -0.998847 6.52256e-16 
vn 0.0480148 -0.998847 6.52256e-16 
vn 0.0480148 -0.998847 6.52256e-16 
f 3377//3377 3378//3378 3379//3379 
f 3380//3380 3381//3381 3379//3379 
f 3379//3379 3378//3378 3380//3380 
f 3379//3379 3382//3382 3377//3377 
o mesh2041
v 0.0101358 0.00048123 -7.48572e-05 
v 0.0100236 0.00144118 -9.99356e-05 
v 0.0101615 0.000482464 -9.99356e-05 
vn -0.692938 -0.0996294 -0.714081 
vn -0.692938 -0.0996294 -0.714081 
vn -0.692938 -0.0996294 -0.714081 
f 3383//3383 3384//3384 3385//3385 
o mesh2042
v 0.010543 0.000562703 0.000375602 
v 0.00681193 0.000361574 0.00372277 
v 0.00664782 0.000313563 0.00351589 
v 0.0102898 0.000488635 5.64289e-05 
vn 0.150465 -0.982624 0.108678 
vn 0.150465 -0.982624 0.108678 
vn 0.150465 -0.982624 0.108678 
vn 0.150465 -0.982624 0.108678 
f 3386//3386 3387//3387 3388//3388 
f 3388//3388 3389//3389 3386//3386 
o mesh2043
v 0.0107901 0.000690094 0.000696737 
v 0.00697212 0.00044415 0.00393093 
v 0.00681193 0.000361574 0.00372277 
v 0.010543 0.000562703 0.000375602 
vn 0.230831 -0.952198 0.200089 
vn 0.230831 -0.952198 0.200089 
vn 0.230831 -0.952198 0.200089 
vn 0.230831 -0.952198 0.200089 
f 3390//3390 3391//3391 3392//3392 
f 3392//3392 3393//3393 3390//3390 
o mesh2044
v 0.0110325 0.000854486 0.00101853 
v 0.00712922 0.000550709 0.00413952 
v 0.00697212 0.00044415 0.00393093 
v 0.0107901 0.000690094 0.000696737 
vn 0.280388 -0.923792 0.260751 
vn 0.280388 -0.923792 0.260751 
vn 0.280388 -0.923792 0.260751 
vn 0.280388 -0.923792 0.260751 
f 3394//3394 3395//3395 3396//3396 
f 3396//3396 3397//3397 3394//3394 
o mesh2045
v 0.0110325 0.000854486 0.00101853 
v 0.0112702 0.00105048 0.0013402 
v 0.0072833 0.000677749 0.00434803 
v 0.00712922 0.000550709 0.00413952 
vn 0.318115 -0.895706 0.310668 
vn 0.318115 -0.895706 0.310668 
vn 0.318115 -0.895706 0.310668 
vn 0.318115 -0.895706 0.310668 
f 3398//3398 3399//3399 3400//3400 
f 3400//3400 3401//3401 3398//3398 
o mesh2046
v 0.0112702 0.00105048 0.0013402 
v 0.0115031 0.00127511 0.00166105 
v 0.00743428 0.00082336 0.004556 
v 0.0072833 0.000677749 0.00434803 
vn 0.348544 -0.867678 0.354475 
vn 0.348544 -0.867678 0.354475 
vn 0.348544 -0.867678 0.354475 
vn 0.348544 -0.867678 0.354475 
f 3402//3402 3403//3403 3404//3404 
f 3404//3404 3405//3405 3402//3402 
o mesh2047
v 0.0115031 0.00127511 0.00166105 
v 0.0113964 0.00201734 0.00166105 
v 0.00736511 0.00130447 0.004556 
v 0.00743428 0.00082336 0.004556 
vn 0.571695 0.0821973 0.816339 
vn 0.571695 0.0821973 0.816339 
vn 0.571695 0.0821973 0.816339 
vn 0.571695 0.0821973 0.816339 
f 3406//3406 3407//3407 3408//3408 
f 3408//3408 3409//3409 3406//3406 
o mesh2048
v 0.0111096 0.00216726 0.0013402 
v 0.00717922 0.00140165 0.00434803 
v 0.00736511 0.00130447 0.004556 
v 0.0113964 0.00201734 0.00166105 
vn 0.0899724 0.930727 0.354475 
vn 0.0899724 0.930727 0.354475 
vn 0.0899724 0.930727 0.354475 
vn 0.0899724 0.930727 0.354475 
f 3410//3410 3411//3411 3412//3412 
f 3412//3412 3413//3413 3410//3410 
o mesh2049
v 0.0108263 0.00228834 0.00101853 
v 0.00699559 0.00148013 0.00413952 
v 0.00717922 0.00140165 0.00434803 
v 0.0111096 0.00216726 0.0013402 
vn 0.0528794 0.949046 0.310668 
vn 0.0528794 0.949046 0.310668 
vn 0.0528794 0.949046 0.310668 
vn 0.0528794 0.949046 0.310668 
f 3414//3414 3415//3415 3416//3416 
f 3416//3416 3417//3417 3414//3414 
o mesh2050
v 0.0108263 0.00228834 0.00101853 
v 0.0105475 0.00237779 0.000696737 
v 0.00681483 0.00153812 0.00393093 
v 0.00699559 0.00148013 0.00413952 
vn 0.0087681 0.965366 0.260751 
vn 0.0087681 0.965366 0.260751 
vn 0.0087681 0.965366 0.260751 
vn 0.0087681 0.965366 0.260751 
f 3418//3418 3419//3419 3420//3420 
f 3420//3420 3421//3421 3418//3418 
o mesh2051
v 0.00654978 0.000941716 0.00350654 
v 0.00662663 0.000312544 0.00349007 
v 0.00664782 0.000313563 0.00351589 
v 0.00663787 0.00157221 0.00372277 
v 0.00646688 0.00157205 0.00351589 
v 0.00681193 0.000361574 0.00372277 
v 0.00681483 0.00153812 0.00393093 
v 0.00712922 0.000550709 0.00413952 
v 0.0072833 0.000677749 0.00434803 
v 0.00697212 0.00044415 0.00393093 
v 0.00699559 0.00148013 0.00413952 
v 0.00717922 0.00140165 0.00434803 
v 0.00736511 0.00130447 0.004556 
v 0.00644626 0.00156705 0.00349007 
v 0.00743428 0.00082336 0.004556 
vn -0.76608 -0.110146 0.633238 
vn -0.76608 -0.110146 0.633238 
vn -0.76608 -0.110146 0.633238 
vn -0.76608 -0.110146 0.633238 
vn -0.76608 -0.110146 0.633238 
vn -0.76608 -0.110146 0.633238 
vn -0.76608 -0.110146 0.633238 
vn -0.76608 -0.110146 0.633238 
vn -0.76608 -0.110146 0.633238 
vn -0.76608 -0.110146 0.633238 
vn -0.76608 -0.110146 0.633238 
vn -0.76608 -0.110146 0.633238 
vn -0.76608 -0.110146 0.633238 
vn -0.76608 -0.110146 0.633238 
vn -0.76608 -0.110146 0.633238 
f 3422//3422 3423//3423 3424//3424 
f 3422//3422 3425//3425 3426//3426 
f 3424//3424 3427//3427 3422//3422 
f 3422//3422 3428//3428 3425//3425 
f 3422//3422 3429//3429 3430//3430 
f 3427//3427 3431//3431 3422//3422 
f 3422//3422 3432//3432 3428//3428 
f 3431//3431 3429//3429 3422//3422 
f 3422//3422 3433//3433 3432//3432 
f 3430//3430 3434//3434 3422//3422 
f 3422//3422 3434//3434 3433//3433 
f 3426//3426 3435//3435 3422//3422 
f 3430//3430 3436//3436 3434//3434 
o mesh2052
v 0.0105475 0.00237779 0.000696737 
v 0.0102745 0.0024304 0.000375602 
v 0.00663787 0.00157221 0.00372277 
v 0.00681483 0.00153812 0.00393093 
vn -0.0467843 0.97866 0.200089 
vn -0.0467843 0.97866 0.200089 
vn -0.0467843 0.97866 0.200089 
vn -0.0467843 0.97866 0.200089 
f 3437//3437 3438//3438 3439//3439 
f 3439//3439 3440//3440 3437//3437 
o mesh2053
v 0.0102745 0.0024304 0.000375602 
v 0.0100107 0.00243014 5.64289e-05 
v 0.00646688 0.00157205 0.00351589 
v 0.00663787 0.00157221 0.00372277 
vn -0.132467 0.985212 0.108678 
vn -0.132467 0.985212 0.108678 
vn -0.132467 0.985212 0.108678 
vn -0.132467 0.985212 0.108678 
f 3441//3441 3442//3442 3443//3443 
f 3443//3443 3444//3444 3441//3441 
o mesh2054
v 0.0100236 0.00144118 -9.99356e-05 
v 0.00988577 0.00239989 -9.99356e-05 
v 0.0100107 0.00243014 5.64289e-05 
v 0.010543 0.000562703 0.000375602 
v 0.0102898 0.000488635 5.64289e-05 
v 0.0102745 0.0024304 0.000375602 
v 0.0107901 0.000690094 0.000696737 
v 0.0108263 0.00228834 0.00101853 
v 0.0111096 0.00216726 0.0013402 
v 0.0105475 0.00237779 0.000696737 
v 0.0110325 0.000854486 0.00101853 
v 0.0112702 0.00105048 0.0013402 
v 0.0115031 0.00127511 0.00166105 
v 0.0101615 0.000482464 -9.99356e-05 
v 0.0113964 0.00201734 0.00166105 
vn 0.76608 0.110146 -0.633238 
vn 0.76608 0.110146 -0.633238 
vn 0.76608 0.110146 -0.633238 
vn 0.76608 0.110146 -0.633238 
vn 0.76608 0.110146 -0.633238 
vn 0.76608 0.110146 -0.633238 
vn 0.76608 0.110146 -0.633238 
vn 0.76608 0.110146 -0.633238 
vn 0.76608 0.110146 -0.633238 
vn 0.76608 0.110146 -0.633238 
vn 0.76608 0.110146 -0.633238 
vn 0.76608 0.110146 -0.633238 
vn 0.76608 0.110146 -0.633238 
vn 0.76608 0.110146 -0.633238 
vn 0.76608 0.110146 -0.633238 
f 3445//3445 3446//3446 3447//3447 
f 3445//3445 3448//3448 3449//3449 
f 3447//3447 3450//3450 3445//3445 
f 3445//3445 3451//3451 3448//3448 
f 3445//3445 3452//3452 3453//3453 
f 3450//3450 3454//3454 3445//3445 
f 3445//3445 3455//3455 3451//3451 
f 3454//3454 3452//3452 3445//3445 
f 3445//3445 3456//3456 3455//3455 
f 3453//3453 3457//3457 3445//3445 
f 3445//3445 3457//3457 3456//3456 
f 3449//3449 3458//3458 3445//3445 
f 3453//3453 3459//3459 3457//3457 
o mesh2055
v 0.00646688 0.00157205 0.00351589 
v 0.0100107 0.00243014 5.64289e-05 
v 0.00992032 0.00240826 0 
v 0.00988577 0.00239989 -9.99356e-05 
v 0.0098608 0.00239384 -7.48572e-05 
v 0.00644626 0.00156705 0.00349007 
vn -0.235338 0.971914 6.45317e-16 
vn -0.235338 0.971914 6.45317e-16 
vn -0.235338 0.971914 6.45317e-16 
vn -0.235338 0.971914 6.45317e-16 
vn -0.235338 0.971914 6.45317e-16 
vn -0.235338 0.971914 6.45317e-16 
f 3460//3460 3461//3461 3462//3462 
f 3463//3463 3464//3464 3462//3462 
f 3462//3462 3461//3461 3463//3463 
f 3462//3462 3465//3465 3460//3460 
o mesh2056
v 0.00988577 0.00239989 -9.99356e-05 
v 0.0100236 0.00144118 -9.99356e-05 
v 0.00989751 0.002179 -8.05129e-05 
v 0.0098608 0.00239384 -7.48572e-05 
vn -0.692938 -0.0996294 -0.714081 
vn -0.692938 -0.0996294 -0.714081 
vn -0.692938 -0.0996294 -0.714081 
vn -0.692938 -0.0996294 -0.714081 
f 3466//3466 3467//3467 3468//3468 
f 3468//3468 3469//3469 3466//3466 
o mesh2057
v 0.00961392 0.00332573 -9.99356e-05 
v 0.00973534 0.00336782 5.64289e-05 
v 0.00964751 0.00333738 0 
v 0.0062902 0.00217377 0.00351589 
v 0.00627015 0.00216682 0.00349007 
v 0.00958964 0.00331732 -7.48572e-05 
vn 0.327477 -0.944859 6.52256e-16 
vn 0.327477 -0.944859 6.52256e-16 
vn 0.327477 -0.944859 6.52256e-16 
vn 0.327477 -0.944859 6.52256e-16 
vn 0.327477 -0.944859 6.52256e-16 
vn 0.327477 -0.944859 6.52256e-16 
f 3470//3470 3471//3471 3472//3472 
f 3473//3473 3474//3474 3472//3472 
f 3472//3472 3471//3471 3473//3473 
f 3472//3472 3475//3475 3470//3470 
o mesh2058
v 0.00958964 0.00331732 -7.48572e-05 
v 0.00921156 0.00420678 -9.99356e-05 
v 0.00961392 0.00332573 -9.99356e-05 
vn -0.6368 -0.290817 -0.714081 
vn -0.6368 -0.290817 -0.714081 
vn -0.6368 -0.290817 -0.714081 
f 3476//3476 3477//3477 3478//3478 
o mesh2059
v 0.0099574 0.00351021 0.000375602 
v 0.00643413 0.00226607 0.00372277 
v 0.0062902 0.00217377 0.00351589 
v 0.00973534 0.00336782 5.64289e-05 
vn 0.421208 -0.90043 0.108678 
vn 0.421208 -0.90043 0.108678 
vn 0.421208 -0.90043 0.108678 
vn 0.421208 -0.90043 0.108678 
f 3479//3479 3480//3480 3481//3481 
f 3481//3481 3482//3482 3479//3479 
o mesh2060
v 0.0101586 0.00370207 0.000696737 
v 0.00656457 0.00239043 0.00393093 
v 0.00643413 0.00226607 0.00372277 
v 0.0099574 0.00351021 0.000375602 
vn 0.489746 -0.848595 0.200089 
vn 0.489746 -0.848595 0.200089 
vn 0.489746 -0.848595 0.200089 
vn 0.489746 -0.848595 0.200089 
f 3483//3483 3484//3484 3485//3485 
f 3485//3485 3486//3486 3483//3483 
o mesh2061
v 0.0103449 0.00392808 0.00101853 
v 0.00668529 0.00253693 0.00413952 
v 0.00656457 0.00239043 0.00393093 
v 0.0101586 0.00370207 0.000696737 
vn 0.529293 -0.807377 0.260751 
vn 0.529293 -0.807377 0.260751 
vn 0.529293 -0.807377 0.260751 
vn 0.529293 -0.807377 0.260751 
f 3487//3487 3488//3488 3489//3489 
f 3489//3489 3490//3490 3487//3487 
o mesh2062
v 0.0103449 0.00392808 0.00101853 
v 0.0105177 0.0041831 0.0013402 
v 0.00679733 0.00270224 0.00434803 
v 0.00668529 0.00253693 0.00413952 
vn 0.557578 -0.7698 0.310668 
vn 0.557578 -0.7698 0.310668 
vn 0.557578 -0.7698 0.310668 
vn 0.557578 -0.7698 0.310668 
f 3491//3491 3492//3492 3493//3493 
f 3493//3493 3494//3494 3491//3491 
o mesh2063
v 0.0105177 0.0041831 0.0013402 
v 0.0106779 0.00446426 0.00166105 
v 0.00690117 0.00288449 0.004556 
v 0.00679733 0.00270224 0.00434803 
vn 0.578878 -0.734334 0.354475 
vn 0.578878 -0.734334 0.354475 
vn 0.578878 -0.734334 0.354475 
vn 0.578878 -0.734334 0.354475 
f 3495//3495 3496//3496 3497//3497 
f 3497//3497 3498//3498 3495//3495 
o mesh2064
v 0.0106779 0.00446426 0.00166105 
v 0.0103664 0.00514636 0.00166105 
v 0.00669926 0.00332662 0.004556 
v 0.00690117 0.00288449 0.004556 
vn 0.52538 0.239933 0.816339 
vn 0.52538 0.239933 0.816339 
vn 0.52538 0.239933 0.816339 
vn 0.52538 0.239933 0.816339 
f 3499//3499 3500//3500 3501//3501 
f 3501//3501 3502//3502 3499//3499 
o mesh2065
v 0.010049 0.00520941 0.0013402 
v 0.00649352 0.00336749 0.00434803 
v 0.00669926 0.00332662 0.004556 
v 0.0103664 0.00514636 0.00166105 
vn -0.175888 0.918374 0.354475 
vn -0.175888 0.918374 0.354475 
vn -0.175888 0.918374 0.354475 
vn -0.175888 0.918374 0.354475 
f 3503//3503 3504//3504 3505//3505 
f 3505//3505 3506//3506 3503//3503 
o mesh2066
v 0.00974309 0.00524577 0.00101853 
v 0.00629522 0.00339106 0.00413952 
v 0.00649352 0.00336749 0.00434803 
v 0.010049 0.00520941 0.0013402 
vn -0.21664 0.925501 0.310668 
vn -0.21664 0.925501 0.310668 
vn -0.21664 0.925501 0.310668 
vn -0.21664 0.925501 0.310668 
f 3507//3507 3508//3508 3509//3509 
f 3509//3509 3510//3510 3507//3507 
o mesh2067
v 0.00974309 0.00524577 0.00101853 
v 0.00945033 0.00525304 0.000696737 
v 0.00610545 0.00339577 0.00393093 
v 0.00629522 0.00339106 0.00413952 
vn -0.263562 0.928732 0.260751 
vn -0.263562 0.928732 0.260751 
vn -0.263562 0.928732 0.260751 
vn -0.263562 0.928732 0.260751 
f 3511//3511 3512//3512 3513//3513 
f 3513//3513 3514//3514 3511//3511 
o mesh2068
v 0.00601915 0.00274886 0.00350654 
v 0.00627015 0.00216682 0.00349007 
v 0.0062902 0.00217377 0.00351589 
v 0.00592604 0.00337863 0.00372277 
v 0.00576203 0.0033303 0.00351589 
v 0.00643413 0.00226607 0.00372277 
v 0.00610545 0.00339577 0.00393093 
v 0.00668529 0.00253693 0.00413952 
v 0.00679733 0.00270224 0.00434803 
v 0.00656457 0.00239043 0.00393093 
v 0.00629522 0.00339106 0.00413952 
v 0.00649352 0.00336749 0.00434803 
v 0.00669926 0.00332662 0.004556 
v 0.00574365 0.0033197 0.00349007 
v 0.00690117 0.00288449 0.004556 
vn -0.704016 -0.321513 0.633238 
vn -0.704016 -0.321513 0.633238 
vn -0.704016 -0.321513 0.633238 
vn -0.704016 -0.321513 0.633238 
vn -0.704016 -0.321513 0.633238 
vn -0.704016 -0.321513 0.633238 
vn -0.704016 -0.321513 0.633238 
vn -0.704016 -0.321513 0.633238 
vn -0.704016 -0.321513 0.633238 
vn -0.704016 -0.321513 0.633238 
vn -0.704016 -0.321513 0.633238 
vn -0.704016 -0.321513 0.633238 
vn -0.704016 -0.321513 0.633238 
vn -0.704016 -0.321513 0.633238 
vn -0.704016 -0.321513 0.633238 
f 3515//3515 3516//3516 3517//3517 
f 3515//3515 3518//3518 3519//3519 
f 3517//3517 3520//3520 3515//3515 
f 3515//3515 3521//3521 3518//3518 
f 3515//3515 3522//3522 3523//3523 
f 3520//3520 3524//3524 3515//3515 
f 3515//3515 3525//3525 3521//3521 
f 3524//3524 3522//3522 3515//3515 
f 3515//3515 3526//3526 3525//3525 
f 3523//3523 3527//3527 3515//3515 
f 3515//3515 3527//3527 3526//3526 
f 3519//3519 3528//3528 3515//3515 
f 3523//3523 3529//3529 3527//3527 
o mesh2069
v 0.00945033 0.00525304 0.000696737 
v 0.00917355 0.0052266 0.000375602 
v 0.00592604 0.00337863 0.00372277 
v 0.00610545 0.00339577 0.00393093 
vn -0.32061 0.925837 0.200089 
vn -0.32061 0.925837 0.200089 
vn -0.32061 0.925837 0.200089 
vn -0.32061 0.925837 0.200089 
f 3530//3530 3531//3531 3532//3532 
f 3532//3532 3533//3533 3530//3530 
o mesh2070
v 0.00917355 0.0052266 0.000375602 
v 0.00892052 0.00515203 5.64289e-05 
v 0.00576203 0.0033303 0.00351589 
v 0.00592604 0.00337863 0.00372277 
vn -0.404667 0.907983 0.108678 
vn -0.404667 0.907983 0.108678 
vn -0.404667 0.907983 0.108678 
vn -0.404667 0.907983 0.108678 
f 3534//3534 3535//3535 3536//3536 
f 3536//3536 3537//3537 3534//3534 
o mesh2071
v 0.00921156 0.00420678 -9.99356e-05 
v 0.0088092 0.00508782 -9.99356e-05 
v 0.00892052 0.00515203 5.64289e-05 
v 0.0099574 0.00351021 0.000375602 
v 0.00973534 0.00336782 5.64289e-05 
v 0.00917355 0.0052266 0.000375602 
v 0.0101586 0.00370207 0.000696737 
v 0.00945033 0.00525304 0.000696737 
v 0.0103449 0.00392808 0.00101853 
v 0.0103664 0.00514636 0.00166105 
v 0.0105177 0.0041831 0.0013402 
v 0.00974309 0.00524577 0.00101853 
v 0.010049 0.00520941 0.0013402 
v 0.0106779 0.00446426 0.00166105 
v 0.00961392 0.00332573 -9.99356e-05 
vn 0.704016 0.321513 -0.633238 
vn 0.704016 0.321513 -0.633238 
vn 0.704016 0.321513 -0.633238 
vn 0.704016 0.321513 -0.633238 
vn 0.704016 0.321513 -0.633238 
vn 0.704016 0.321513 -0.633238 
vn 0.704016 0.321513 -0.633238 
vn 0.704016 0.321513 -0.633238 
vn 0.704016 0.321513 -0.633238 
vn 0.704016 0.321513 -0.633238 
vn 0.704016 0.321513 -0.633238 
vn 0.704016 0.321513 -0.633238 
vn 0.704016 0.321513 -0.633238 
vn 0.704016 0.321513 -0.633238 
vn 0.704016 0.321513 -0.633238 
f 3538//3538 3539//3539 3540//3540 
f 3538//3538 3541//3541 3542//3542 
f 3540//3540 3543//3543 3538//3538 
f 3538//3538 3544//3544 3541//3541 
f 3543//3543 3545//3545 3538//3538 
f 3538//3538 3546//3546 3544//3544 
f 3538//3538 3547//3547 3548//3548 
f 3545//3545 3549//3549 3538//3538 
f 3548//3548 3546//3546 3538//3538 
f 3549//3549 3550//3550 3538//3538 
f 3547//3547 3551//3551 3548//3548 
f 3542//3542 3552//3552 3538//3538 
f 3550//3550 3547//3547 3538//3538 
o mesh2072
v 0.00576203 0.0033303 0.00351589 
v 0.00892052 0.00515203 5.64289e-05 
v 0.00884 0.00510558 0 
v 0.0088092 0.00508782 -9.99356e-05 
v 0.00878694 0.00507498 -7.48572e-05 
v 0.00574365 0.0033197 0.00349007 
vn -0.499625 0.866242 6.45317e-16 
vn -0.499625 0.866242 6.45317e-16 
vn -0.499625 0.866242 6.45317e-16 
vn -0.499625 0.866242 6.45317e-16 
vn -0.499625 0.866242 6.45317e-16 
vn -0.499625 0.866242 6.45317e-16 
f 3553//3553 3554//3554 3555//3555 
f 3556//3556 3557//3557 3555//3555 
f 3555//3555 3554//3554 3556//3556 
f 3555//3555 3558//3558 3553//3553 
o mesh2073
v 0.0088092 0.00508782 -9.99356e-05 
v 0.00921156 0.00420678 -9.99356e-05 
v 0.00918967 0.00425154 -9.86426e-05 
v 0.00878694 0.00507498 -7.48572e-05 
vn -0.6368 -0.290817 -0.714081 
vn -0.6368 -0.290817 -0.714081 
vn -0.6368 -0.290817 -0.714081 
vn -0.6368 -0.290817 -0.714081 
f 3559//3559 3560//3560 3561//3561 
f 3561//3561 3562//3562 3559//3559 
o mesh2074
v 0.00828752 0.00589957 -9.99356e-05 
v 0.00839217 0.00597416 5.64289e-05 
v 0.00831647 0.00592021 0 
v 0.00542298 0.00385787 0.00351589 
v 0.0054057 0.00384556 0.00349007 
v 0.00826659 0.00588466 -7.48572e-05 
vn 0.58041 -0.814325 6.52256e-16 
vn 0.58041 -0.814325 6.52256e-16 
vn 0.58041 -0.814325 6.52256e-16 
vn 0.58041 -0.814325 6.52256e-16 
vn 0.58041 -0.814325 6.52256e-16 
vn 0.58041 -0.814325 6.52256e-16 
f 3563//3563 3564//3564 3565//3565 
f 3566//3566 3567//3567 3565//3565 
f 3565//3565 3564//3564 3566//3566 
f 3565//3565 3568//3568 3563//3563 
o mesh2075
v 0.00828752 0.00589957 -9.99356e-05 
v 0.00826659 0.00588466 -7.48572e-05 
v 0.00806489 0.00613029 -8.31045e-05 
v 0.00765324 0.00663157 -9.99356e-05 
vn -0.529073 -0.458444 -0.714081 
vn -0.529073 -0.458444 -0.714081 
vn -0.529073 -0.458444 -0.714081 
vn -0.529073 -0.458444 -0.714081 
f 3569//3569 3570//3570 3571//3571 
f 3571//3571 3572//3572 3569//3569 
o mesh2076
v 0.00856511 0.00617335 0.000375602 
v 0.00553508 0.00398698 0.00372277 
v 0.00542298 0.00385787 0.00351589 
v 0.00839217 0.00597416 5.64289e-05 
vn 0.657826 -0.745288 0.108678 
vn 0.657826 -0.745288 0.108678 
vn 0.657826 -0.745288 0.108678 
vn 0.657826 -0.745288 0.108678 
f 3573//3573 3574//3574 3575//3575 
f 3575//3575 3576//3576 3573//3573 
o mesh2077
v 0.00870414 0.00641413 0.000696737 
v 0.0056252 0.00414306 0.00393093 
v 0.00553508 0.00398698 0.00372277 
v 0.00856511 0.00617335 0.000375602 
vn 0.708985 -0.676243 0.200089 
vn 0.708985 -0.676243 0.200089 
vn 0.708985 -0.676243 0.200089 
vn 0.708985 -0.676243 0.200089 
f 3577//3577 3578//3578 3579//3579 
f 3579//3579 3580//3580 3577//3577 
o mesh2078
v 0.00881915 0.00668345 0.00101853 
v 0.00569975 0.00431763 0.00413952 
v 0.0056252 0.00414306 0.00393093 
v 0.00870414 0.00641413 0.000696737 
vn 0.735317 -0.625554 0.260751 
vn 0.735317 -0.625554 0.260751 
vn 0.735317 -0.625554 0.260751 
vn 0.735317 -0.625554 0.260751 
f 3581//3581 3582//3582 3583//3583 
f 3583//3583 3584//3584 3581//3581 
o mesh2079
v 0.00881915 0.00668345 0.00101853 
v 0.00891316 0.00697684 0.0013402 
v 0.00576069 0.00450781 0.00434803 
v 0.00569975 0.00431763 0.00413952 
vn 0.75187 -0.58153 0.310668 
vn 0.75187 -0.58153 0.310668 
vn 0.75187 -0.58153 0.310668 
vn 0.75187 -0.58153 0.310668 
f 3585//3585 3586//3586 3587//3587 
f 3587//3587 3588//3588 3585//3585 
o mesh2080
v 0.00891316 0.00697684 0.0013402 
v 0.00898765 0.00729174 0.00166105 
v 0.00580897 0.00471193 0.004556 
v 0.00576069 0.00450781 0.00434803 
vn 0.762316 -0.5415 0.354475 
vn 0.762316 -0.5415 0.354475 
vn 0.762316 -0.5415 0.354475 
vn 0.762316 -0.5415 0.354475 
f 3589//3589 3590//3590 3591//3591 
f 3591//3591 3592//3592 3589//3589 
o mesh2081
v 0.00898765 0.00729174 0.00166105 
v 0.0084966 0.00785845 0.00166105 
v 0.00549067 0.00507927 0.004556 
v 0.00580897 0.00471193 0.004556 
vn 0.436501 0.37823 0.816339 
vn 0.436501 0.37823 0.816339 
vn 0.436501 0.37823 0.816339 
vn 0.436501 0.37823 0.816339 
f 3593//3593 3594//3594 3595//3595 
f 3595//3595 3596//3596 3593//3593 
o mesh2082
v 0.0081743 0.00782953 0.0013402 
v 0.00528176 0.00506052 0.00434803 
v 0.00549067 0.00507927 0.004556 
v 0.0084966 0.00785845 0.00166105 
vn -0.427499 0.83162 0.354475 
vn -0.427499 0.83162 0.354475 
vn -0.427499 0.83162 0.354475 
vn -0.427499 0.83162 0.354475 
f 3597//3597 3598//3598 3599//3599 
f 3599//3599 3600//3600 3597//3597 
o mesh2083
v 0.00787052 0.00777823 0.00101853 
v 0.00508485 0.00502727 0.00413952 
v 0.00528176 0.00506052 0.00434803 
v 0.0081743 0.00782953 0.0013402 
vn -0.468608 0.826977 0.310668 
vn -0.468608 0.826977 0.310668 
vn -0.468608 0.826977 0.310668 
vn -0.468608 0.826977 0.310668 
f 3601//3601 3602//3602 3603//3603 
f 3603//3603 3604//3604 3601//3601 
o mesh2084
v 0.00787052 0.00777823 0.00101853 
v 0.00758757 0.00770272 0.000696737 
v 0.00490144 0.00497832 0.00393093 
v 0.00508485 0.00502727 0.00413952 
vn -0.51454 0.816858 0.260751 
vn -0.51454 0.816858 0.260751 
vn -0.51454 0.816858 0.260751 
vn -0.51454 0.816858 0.260751 
f 3605//3605 3606//3606 3607//3607 
f 3607//3607 3608//3608 3605//3605 
o mesh2085
v 0.00500089 0.0043333 0.00350654 
v 0.0054057 0.00384556 0.00349007 
v 0.00542298 0.00385787 0.00351589 
v 0.00473413 0.00491133 0.00372277 
v 0.00459037 0.00481875 0.00351589 
v 0.00553508 0.00398698 0.00372277 
v 0.00490144 0.00497832 0.00393093 
v 0.00569975 0.00431763 0.00413952 
v 0.00576069 0.00450781 0.00434803 
v 0.0056252 0.00414306 0.00393093 
v 0.00508485 0.00502727 0.00413952 
v 0.00528176 0.00506052 0.00434803 
v 0.00549067 0.00507927 0.004556 
v 0.00457572 0.0048034 0.00349007 
v 0.00580897 0.00471193 0.004556 
vn -0.584918 -0.506834 0.633238 
vn -0.584918 -0.506834 0.633238 
vn -0.584918 -0.506834 0.633238 
vn -0.584918 -0.506834 0.633238 
vn -0.584918 -0.506834 0.633238 
vn -0.584918 -0.506834 0.633238 
vn -0.584918 -0.506834 0.633238 
vn -0.584918 -0.506834 0.633238 
vn -0.584918 -0.506834 0.633238 
vn -0.584918 -0.506834 0.633238 
vn -0.584918 -0.506834 0.633238 
vn -0.584918 -0.506834 0.633238 
vn -0.584918 -0.506834 0.633238 
vn -0.584918 -0.506834 0.633238 
vn -0.584918 -0.506834 0.633238 
f 3609//3609 3610//3610 3611//3611 
f 3609//3609 3612//3612 3613//3613 
f 3611//3611 3614//3614 3609//3609 
f 3609//3609 3615//3615 3612//3612 
f 3609//3609 3616//3616 3617//3617 
f 3614//3614 3618//3618 3609//3609 
f 3609//3609 3619//3619 3615//3615 
f 3618//3618 3616//3616 3609//3609 
f 3609//3609 3620//3620 3619//3619 
f 3617//3617 3621//3621 3609//3609 
f 3609//3609 3621//3621 3620//3620 
f 3613//3613 3622//3622 3609//3609 
f 3617//3617 3623//3623 3621//3621 
o mesh2086
v 0.00758757 0.00770272 0.000696737 
v 0.00732946 0.00759937 0.000375602 
v 0.00473413 0.00491133 0.00372277 
v 0.00490144 0.00497832 0.00393093 
vn -0.568461 0.798008 0.200089 
vn -0.568461 0.798008 0.200089 
vn -0.568461 0.798008 0.200089 
vn -0.568461 0.798008 0.200089 
f 3624//3624 3625//3625 3626//3626 
f 3626//3626 3627//3627 3624//3624 
o mesh2087
v 0.00732946 0.00759937 0.000375602 
v 0.00710768 0.00745654 5.64289e-05 
v 0.00459037 0.00481875 0.00351589 
v 0.00473413 0.00491133 0.00372277 
vn -0.644083 0.757196 0.108678 
vn -0.644083 0.757196 0.108678 
vn -0.644083 0.757196 0.108678 
vn -0.644083 0.757196 0.108678 
f 3628//3628 3629//3629 3630//3630 
f 3630//3630 3631//3631 3628//3628 
o mesh2088
v 0.00765324 0.00663157 -9.99356e-05 
v 0.00701896 0.00736357 -9.99356e-05 
v 0.00710768 0.00745654 5.64289e-05 
v 0.00856511 0.00617335 0.000375602 
v 0.00839217 0.00597416 5.64289e-05 
v 0.00732946 0.00759937 0.000375602 
v 0.00870414 0.00641413 0.000696737 
v 0.00787052 0.00777823 0.00101853 
v 0.0081743 0.00782953 0.0013402 
v 0.00758757 0.00770272 0.000696737 
v 0.00881915 0.00668345 0.00101853 
v 0.00891316 0.00697684 0.0013402 
v 0.00898765 0.00729174 0.00166105 
v 0.00828752 0.00589957 -9.99356e-05 
v 0.0084966 0.00785845 0.00166105 
vn 0.584918 0.506834 -0.633238 
vn 0.584918 0.506834 -0.633238 
vn 0.584918 0.506834 -0.633238 
vn 0.584918 0.506834 -0.633238 
vn 0.584918 0.506834 -0.633238 
vn 0.584918 0.506834 -0.633238 
vn 0.584918 0.506834 -0.633238 
vn 0.584918 0.506834 -0.633238 
vn 0.584918 0.506834 -0.633238 
vn 0.584918 0.506834 -0.633238 
vn 0.584918 0.506834 -0.633238 
vn 0.584918 0.506834 -0.633238 
vn 0.584918 0.506834 -0.633238 
vn 0.584918 0.506834 -0.633238 
vn 0.584918 0.506834 -0.633238 
f 3632//3632 3633//3633 3634//3634 
f 3632//3632 3635//3635 3636//3636 
f 3634//3634 3637//3637 3632//3632 
f 3632//3632 3638//3638 3635//3635 
f 3632//3632 3639//3639 3640//3640 
f 3637//3637 3641//3641 3632//3632 
f 3632//3632 3642//3642 3638//3638 
f 3641//3641 3639//3639 3632//3632 
f 3632//3632 3643//3643 3642//3642 
f 3640//3640 3644//3644 3632//3632 
f 3632//3632 3644//3644 3643//3643 
f 3636//3636 3645//3645 3632//3632 
f 3640//3640 3646//3646 3644//3644 
o mesh2089
v 0.00459037 0.00481875 0.00351589 
v 0.00710768 0.00745654 5.64289e-05 
v 0.0070435 0.00738929 0 
v 0.00701896 0.00736357 -9.99356e-05 
v 0.00700122 0.00734498 -7.48572e-05 
v 0.00457572 0.0048034 0.00349007 
vn -0.723435 0.690393 6.45317e-16 
vn -0.723435 0.690393 6.45317e-16 
vn -0.723435 0.690393 6.45317e-16 
vn -0.723435 0.690393 6.45317e-16 
vn -0.723435 0.690393 6.45317e-16 
vn -0.723435 0.690393 6.45317e-16 
f 3647//3647 3648//3648 3649//3649 
f 3650//3650 3651//3651 3649//3649 
f 3649//3649 3648//3648 3650//3650 
f 3649//3649 3652//3652 3647//3647 
o mesh2090
v 0.00765324 0.00663157 -9.99356e-05 
v 0.00700122 0.00734498 -7.48572e-05 
v 0.00701896 0.00736357 -9.99356e-05 
vn -0.529073 -0.458444 -0.714081 
vn -0.529073 -0.458444 -0.714081 
vn -0.529073 -0.458444 -0.714081 
f 3653//3653 3654//3654 3655//3655 
o mesh2091
v 0.00628972 0.00799546 -9.99356e-05 
v 0.00636911 0.00809651 5.64289e-05 
v 0.00631168 0.00802342 0 
v 0.00411642 0.00522943 0.00351589 
v 0.00410331 0.00521275 0.00349007 
v 0.00627384 0.00797526 -7.48572e-05 
vn 0.786321 -0.617818 6.52256e-16 
vn 0.786321 -0.617818 6.52256e-16 
vn 0.786321 -0.617818 6.52256e-16 
vn 0.786321 -0.617818 6.52256e-16 
vn 0.786321 -0.617818 6.52256e-16 
vn 0.786321 -0.617818 6.52256e-16 
f 3656//3656 3657//3657 3658//3658 
f 3659//3659 3660//3660 3658//3658 
f 3658//3658 3657//3657 3659//3659 
f 3658//3658 3661//3661 3656//3656 
o mesh2092
v 0.00627384 0.00797526 -7.48572e-05 
v 0.0054749 0.00851911 -9.99356e-05 
v 0.00628972 0.00799546 -9.99356e-05 
vn -0.378483 -0.588931 -0.714081 
vn -0.378483 -0.588931 -0.714081 
vn -0.378483 -0.588931 -0.714081 
f 3662//3662 3663//3663 3664//3664 
o mesh2093
v 0.00647893 0.00833636 0.000375602 
v 0.00418761 0.0053849 0.00372277 
v 0.00411642 0.00522943 0.00351589 
v 0.00636911 0.00809651 5.64289e-05 
vn 0.841151 -0.529767 0.108678 
vn 0.841151 -0.529767 0.108678 
vn 0.841151 -0.529767 0.108678 
vn 0.841151 -0.529767 0.108678 
f 3665//3665 3666//3666 3667//3667 
f 3667//3667 3668//3668 3665//3665 
o mesh2094
v 0.00654449 0.00860655 0.000696737 
v 0.0042301 0.00556004 0.00393093 
v 0.00418761 0.0053849 0.00372277 
v 0.00647893 0.00833636 0.000375602 
vn 0.870786 -0.449107 0.200089 
vn 0.870786 -0.449107 0.200089 
vn 0.870786 -0.449107 0.200089 
vn 0.870786 -0.449107 0.200089 
f 3669//3669 3670//3670 3671//3671 
f 3671//3671 3672//3672 3669//3669 
o mesh2095
v 0.00657897 0.00889737 0.00101853 
v 0.00425245 0.00574854 0.00413952 
v 0.0042301 0.00556004 0.00393093 
v 0.00654449 0.00860655 0.000696737 
vn 0.88177 -0.393052 0.260751 
vn 0.88177 -0.393052 0.260751 
vn 0.88177 -0.393052 0.260751 
vn 0.88177 -0.393052 0.260751 
f 3673//3673 3674//3674 3675//3675 
f 3675//3675 3676//3676 3673//3673 
o mesh2096
v 0.00657897 0.00889737 0.00101853 
v 0.00658651 0.00920536 0.0013402 
v 0.00425734 0.00594819 0.00434803 
v 0.00425245 0.00574854 0.00413952 
vn 0.88525 -0.346147 0.310668 
vn 0.88525 -0.346147 0.310668 
vn 0.88525 -0.346147 0.310668 
vn 0.88525 -0.346147 0.310668 
f 3677//3677 3678//3678 3679//3679 
f 3679//3679 3680//3680 3677//3677 
o mesh2097
v 0.00658651 0.00920536 0.0013402 
v 0.00656927 0.00952849 0.00166105 
v 0.00424616 0.00615764 0.004556 
v 0.00425734 0.00594819 0.00434803 
vn 0.883995 -0.304796 0.354475 
vn 0.883995 -0.304796 0.354475 
vn 0.883995 -0.304796 0.354475 
vn 0.883995 -0.304796 0.354475 
f 3681//3681 3682//3682 3683//3683 
f 3683//3683 3684//3684 3681//3681 
o mesh2098
v 0.00656927 0.00952849 0.00166105 
v 0.00593845 0.00993389 0.00166105 
v 0.00383727 0.00642042 0.004556 
v 0.00424616 0.00615764 0.004556 
vn 0.31226 0.485886 0.816339 
vn 0.31226 0.485886 0.816339 
vn 0.31226 0.485886 0.816339 
vn 0.31226 0.485886 0.816339 
f 3685//3685 3686//3686 3687//3687 
f 3687//3687 3688//3688 3685//3685 
o mesh2099
v 0.00563735 0.00981535 0.0013402 
v 0.0036421 0.00634358 0.00434803 
v 0.00383727 0.00642042 0.004556 
v 0.00593845 0.00993389 0.00166105 
vn -0.644477 0.677493 0.354475 
vn -0.644477 0.677493 0.354475 
vn -0.644477 0.677493 0.354475 
vn -0.644477 0.677493 0.354475 
f 3689//3689 3690//3690 3691//3691 
f 3691//3691 3692//3692 3689//3689 
o mesh2100
v 0.00536033 0.00968054 0.00101853 
v 0.00346253 0.0062562 0.00413952 
v 0.0036421 0.00634358 0.00434803 
v 0.00563735 0.00981535 0.0013402 
vn -0.682613 0.661457 0.310668 
vn -0.682613 0.661457 0.310668 
vn -0.682613 0.661457 0.310668 
vn -0.682613 0.661457 0.310668 
f 3693//3693 3694//3694 3695//3695 
f 3695//3695 3696//3696 3693//3693 
o mesh2101
v 0.00536033 0.00968054 0.00101853 
v 0.00511011 0.00952837 0.000696737 
v 0.00330034 0.00615756 0.00393093 
v 0.00346253 0.0062562 0.00413952 
vn -0.723833 0.638807 0.260751 
vn -0.723833 0.638807 0.260751 
vn -0.723833 0.638807 0.260751 
vn -0.723833 0.638807 0.260751 
f 3697//3697 3698//3698 3699//3699 
f 3699//3699 3700//3700 3697//3697 
o mesh2102
v 0.00357749 0.00556669 0.00350654 
v 0.00410331 0.00521275 0.00349007 
v 0.00411642 0.00522943 0.00351589 
v 0.00315868 0.00604615 0.00372277 
v 0.00304683 0.00591681 0.00351589 
v 0.00418761 0.0053849 0.00372277 
v 0.00330034 0.00615756 0.00393093 
v 0.00425245 0.00574854 0.00413952 
v 0.00425734 0.00594819 0.00434803 
v 0.0042301 0.00556004 0.00393093 
v 0.00346253 0.0062562 0.00413952 
v 0.0036421 0.00634358 0.00434803 
v 0.00383727 0.00642042 0.004556 
v 0.0030371 0.00589796 0.00349007 
v 0.00424616 0.00615764 0.004556 
vn -0.418433 -0.651094 0.633238 
vn -0.418433 -0.651094 0.633238 
vn -0.418433 -0.651094 0.633238 
vn -0.418433 -0.651094 0.633238 
vn -0.418433 -0.651094 0.633238 
vn -0.418433 -0.651094 0.633238 
vn -0.418433 -0.651094 0.633238 
vn -0.418433 -0.651094 0.633238 
vn -0.418433 -0.651094 0.633238 
vn -0.418433 -0.651094 0.633238 
vn -0.418433 -0.651094 0.633238 
vn -0.418433 -0.651094 0.633238 
vn -0.418433 -0.651094 0.633238 
vn -0.418433 -0.651094 0.633238 
vn -0.418433 -0.651094 0.633238 
f 3701//3701 3702//3702 3703//3703 
f 3701//3701 3704//3704 3705//3705 
f 3703//3703 3706//3706 3701//3701 
f 3701//3701 3707//3707 3704//3704 
f 3701//3701 3708//3708 3709//3709 
f 3706//3706 3710//3710 3701//3701 
f 3701//3701 3711//3711 3707//3707 
f 3710//3710 3708//3708 3701//3701 
f 3701//3701 3712//3712 3711//3711 
f 3709//3709 3713//3713 3701//3701 
f 3701//3701 3713//3713 3712//3712 
f 3705//3705 3714//3714 3701//3701 
f 3709//3709 3715//3715 3713//3713 
o mesh2103
v 0.00511011 0.00952837 0.000696737 
v 0.00489157 0.00935649 0.000375602 
v 0.00315868 0.00604615 0.00372277 
v 0.00330034 0.00615756 0.00393093 
vn -0.770259 0.605529 0.200089 
vn -0.770259 0.605529 0.200089 
vn -0.770259 0.605529 0.200089 
vn -0.770259 0.605529 0.200089 
f 3716//3716 3717//3717 3718//3718 
f 3718//3718 3719//3719 3716//3716 
o mesh2104
v 0.00489157 0.00935649 0.000375602 
v 0.00471902 0.00915696 5.64289e-05 
v 0.00304683 0.00591681 0.00351589 
v 0.00315868 0.00604615 0.00372277 
vn -0.83132 0.545065 0.108678 
vn -0.83132 0.545065 0.108678 
vn -0.83132 0.545065 0.108678 
vn -0.83132 0.545065 0.108678 
f 3720//3720 3721//3721 3722//3722 
f 3722//3722 3723//3723 3720//3720 
o mesh2105
v 0.0054749 0.00851911 -9.99356e-05 
v 0.00466009 0.00904276 -9.99356e-05 
v 0.00471902 0.00915696 5.64289e-05 
v 0.00647893 0.00833636 0.000375602 
v 0.00636911 0.00809651 5.64289e-05 
v 0.00489157 0.00935649 0.000375602 
v 0.00654449 0.00860655 0.000696737 
v 0.00511011 0.00952837 0.000696737 
v 0.00657897 0.00889737 0.00101853 
v 0.00593845 0.00993389 0.00166105 
v 0.00658651 0.00920536 0.0013402 
v 0.00536033 0.00968054 0.00101853 
v 0.00563735 0.00981535 0.0013402 
v 0.00656927 0.00952849 0.00166105 
v 0.00628972 0.00799546 -9.99356e-05 
vn 0.418433 0.651094 -0.633238 
vn 0.418433 0.651094 -0.633238 
vn 0.418433 0.651094 -0.633238 
vn 0.418433 0.651094 -0.633238 
vn 0.418433 0.651094 -0.633238 
vn 0.418433 0.651094 -0.633238 
vn 0.418433 0.651094 -0.633238 
vn 0.418433 0.651094 -0.633238 
vn 0.418433 0.651094 -0.633238 
vn 0.418433 0.651094 -0.633238 
vn 0.418433 0.651094 -0.633238 
vn 0.418433 0.651094 -0.633238 
vn 0.418433 0.651094 -0.633238 
vn 0.418433 0.651094 -0.633238 
vn 0.418433 0.651094 -0.633238 
f 3724//3724 3725//3725 3726//3726 
f 3724//3724 3727//3727 3728//3728 
f 3726//3726 3729//3729 3724//3724 
f 3724//3724 3730//3730 3727//3727 
f 3729//3729 3731//3731 3724//3724 
f 3724//3724 3732//3732 3730//3730 
f 3724//3724 3733//3733 3734//3734 
f 3731//3731 3735//3735 3724//3724 
f 3734//3734 3732//3732 3724//3724 
f 3735//3735 3736//3736 3724//3724 
f 3733//3733 3737//3737 3734//3734 
f 3728//3728 3738//3738 3724//3724 
f 3736//3736 3733//3733 3724//3724 
o mesh2106
v 0.00304683 0.00591681 0.00351589 
v 0.00471902 0.00915696 5.64289e-05 
v 0.00467639 0.00907435 0 
v 0.00466009 0.00904276 -9.99356e-05 
v 0.0046483 0.00901993 -7.48572e-05 
v 0.0030371 0.00589796 0.00349007 
vn -0.888637 0.458612 6.45317e-16 
vn -0.888637 0.458612 6.45317e-16 
vn -0.888637 0.458612 6.45317e-16 
vn -0.888637 0.458612 6.45317e-16 
vn -0.888637 0.458612 6.45317e-16 
vn -0.888637 0.458612 6.45317e-16 
f 3739//3739 3740//3740 3741//3741 
f 3742//3742 3743//3743 3741//3741 
f 3741//3741 3740//3740 3742//3742 
f 3741//3741 3744//3744 3739//3739 
o mesh2107
v 0.00466009 0.00904276 -9.99356e-05 
v 0.0054749 0.00851911 -9.99356e-05 
v 0.0047493 0.00895873 -7.79215e-05 
v 0.0046483 0.00901993 -7.48572e-05 
vn -0.378483 -0.588931 -0.714081 
vn -0.378483 -0.588931 -0.714081 
vn -0.378483 -0.588931 -0.714081 
vn -0.378483 -0.588931 -0.714081 
f 3745//3745 3746//3746 3747//3747 
f 3747//3747 3748//3748 3745//3745 
o mesh2108
v 0.00660761 0.00777904 0 
v 0.00621911 0.0073217 -0.000666506 
v 0.00627384 0.00797526 -7.48572e-05 
v 0.00449976 0.00848744 -0.000666506 
v 0.0047493 0.00895873 -7.79215e-05 
v 0.0054749 0.00851911 -9.99356e-05 
v 0.00542282 0.00799807 -0.000666506 
v 0.00700122 0.00734498 -7.48572e-05 
v 0.00765324 0.00663157 -9.99356e-05 
v 0.00701539 0.00664533 -0.000666506 
v 0.00764766 0.0058136 -0.000666506 
v 0.00806489 0.00613029 -8.31045e-05 
v 0.00668511 0.00771503 0 
v 0.0070435 0.00738929 0 
v 0.00871861 0.00403366 -0.000666506 
v 0.00827992 0.00498186 -0.000666506 
v 0.00878694 0.00507498 -7.48572e-05 
v 0.00918967 0.00425154 -9.86426e-05 
v 0.00826659 0.00588466 -7.48572e-05 
v 0.0085879 0.00551911 5.08131e-18 
v 0.00831647 0.00592021 0 
v 0.00884 0.00510558 0 
v 0.00938189 0.00206511 -0.000666506 
v 0.00958964 0.00331732 -7.48572e-05 
v 0.0098608 0.00239384 -7.48572e-05 
v 0.00979494 0.00287605 3.38754e-18 
v 0.00964751 0.00333738 0 
v 0.00992032 0.00240826 0 
v 0.0091573 0.00308545 -0.000666506 
v 0.00921156 0.00420678 -9.99356e-05 
v 0.0102085 1.25017e-18 1.01626e-17 
v 0.00960648 0 -0.000666506 
v 0.0101358 0.00048123 -7.48572e-05 
v 0.00989751 0.002179 -8.05129e-05 
v 0.0100236 0.00144118 -9.99356e-05 
v 0.00960648 0.00104477 -0.000666506 
v 0.0101358 -0.00048123 -7.48572e-05 
v 0.0100236 -0.00144118 -9.99356e-05 
v 0.00960648 -0.00104477 -0.000666506 
v 0.00938189 -0.00206511 -0.000666506 
v 0.00989751 -0.002179 -8.05129e-05 
v 0.010197 -0.000484171 0 
v 0.0091573 -0.00308545 -0.000666506 
v 0.00958964 -0.00331732 -7.48572e-05 
v 0.00921156 -0.00420678 -9.99356e-05 
v 0.00871861 -0.00403366 -0.000666506 
v 0.00918967 -0.00425154 -9.86426e-05 
v 0.0098608 -0.00239384 -7.48572e-05 
v 0.00992032 -0.00240826 0 
v 0.00979494 -0.00287605 -3.38754e-18 
v 0.00964751 -0.00333738 0 
v 0.00764766 -0.0058136 -0.000666506 
v 0.00878694 -0.00507498 -7.48572e-05 
v 0.00826659 -0.00588466 -7.48572e-05 
v 0.00884 -0.00510558 0 
v 0.0085879 -0.00551911 -1.69377e-18 
v 0.00831647 -0.00592021 0 
v 0.00827992 -0.00498186 -0.000666506 
v 0.00668511 -0.00771503 -3.38754e-18 
v 0.00621911 -0.0073217 -0.000666506 
v 0.00700122 -0.00734498 -7.48572e-05 
v 0.0070435 -0.00738929 0 
v 0.00806489 -0.00613029 -8.31045e-05 
v 0.00765324 -0.00663157 -9.99356e-05 
v 0.00701539 -0.00664533 -0.000666506 
v 0.00627384 -0.00797526 -7.48572e-05 
v 0.0054749 -0.00851911 -9.99356e-05 
v 0.00542282 -0.00799807 -0.000666506 
v 0.00449976 -0.00848744 -0.000666506 
v 0.0047493 -0.00895873 -7.79215e-05 
v 0.00660761 -0.00777904 -2.74937e-18 
v 0.00631168 -0.00802342 0 
v 0.00357669 -0.00897682 -0.000666506 
v 0.00377282 -0.00941975 -7.48572e-05 
v 0.00285302 -0.00971649 -9.99356e-05 
v 0.00257001 -0.00925633 -0.000666506 
v 0.00270848 -0.0097548 -9.60555e-05 
v 0.0046483 -0.00901993 -7.48572e-05 
v 0.00424074 -0.00928594 5.08131e-18 
v 0.00467639 -0.00907435 0 
v 0.00379555 -0.00947662 0 
v 0.000520085 -0.00959239 -0.000666506 
v 0.00191881 -0.00996413 -7.48572e-05 
v 0.000966141 -0.0101011 -7.48572e-05 
v 0.00145281 -0.0101045 1.01626e-17 
v 0.00193042 -0.0100243 0 
v 0.000971936 -0.0101621 0 
v 0.00156332 -0.00953583 -0.000666506 
v -0.00145281 -0.0101045 -1.18564e-17 
v -0.00155416 -0.00947993 -0.000666506 
v -0.000966141 -0.0101011 -7.48572e-05 
v -0.000971936 -0.0101621 0 
v -0.000523151 -0.00964896 -0.000666506 
v -1.24016e-18 -0.0101267 -9.99356e-05 
v 0.000548579 -0.0101122 -8.5696e-05 
v -0.00191881 -0.00996413 -7.48572e-05 
v -0.00285302 -0.00971649 -9.99356e-05 
v -0.00258516 -0.00931091 -0.000666506 
v -0.00355573 -0.0089242 -0.000666506 
v -0.00375546 -0.00942535 -7.53304e-05 
v -0.00165108 -0.0100712 -6.97535e-18 
v -0.00193042 -0.0100243 0 
v -0.00452629 -0.00853749 -0.000666506 
v -0.0046483 -0.00901993 -7.48572e-05 
v -0.0054749 -0.00851911 -9.99356e-05 
v -0.00539103 -0.00795118 -0.000666506 
v -0.00568097 -0.00837883 -9.34671e-05 
v -0.00377282 -0.00941975 -7.48572e-05 
v -0.00424074 -0.00928594 -3.38754e-18 
v -0.00379555 -0.00947662 0 
v -0.00467639 -0.00907435 0 
v -0.00697426 -0.00660637 -0.000666506 
v -0.00627384 -0.00797526 -7.48572e-05 
v -0.00700122 -0.00734498 -7.48572e-05 
v -0.00668511 -0.00771503 0 
v -0.00631168 -0.00802342 0 
v -0.0070435 -0.00738929 0 
v -0.00625578 -0.00736487 -0.000666506 
v -0.0085879 -0.00551911 -3.38754e-18 
v -0.00823138 -0.00495266 -0.000666506 
v -0.00826659 -0.00588466 -7.48572e-05 
v -0.00831647 -0.00592021 0 
v -0.00769275 -0.00584788 -0.000666506 
v -0.00765324 -0.00663157 -9.99356e-05 
v -0.00735039 -0.00696294 -8.82871e-05 
v -0.00967253 -0.00325908 3.46945e-18 
v -0.00910361 -0.00306736 -0.000666506 
v -0.00958964 -0.00331732 -7.48572e-05 
v -0.00877002 -0.00405744 -0.000666506 
v -0.00878694 -0.00507498 -7.48572e-05 
v -0.00921156 -0.00420678 -9.99356e-05 
v -0.00874488 -0.0052616 -1.30899e-18 
v -0.00884 -0.00510558 0 
v -0.00943721 -0.00207729 -0.000666506 
v -0.0098608 -0.00239384 -7.48572e-05 
v -0.0100236 -0.00144118 -9.99356e-05 
v -0.00955017 -0.00103864 -0.000666506 
v -0.0100641 -0.00109445 -9.08775e-05 
v -0.00979494 -0.00287605 3.38754e-18 
v -0.00992032 -0.00240826 0 
v -0.00955017 0.00103864 -0.000666506 
v -0.0101358 -0.00048123 -7.48572e-05 
v -0.0101358 0.00048123 -7.48572e-05 
v -0.0102085 -2.50035e-18 1.01626e-17 
v -0.010197 -0.000484171 0 
v -0.010197 0.000484171 0 
v -0.00966313 -2.36678e-18 -0.000666506 
v -0.00979494 0.00287605 -3.38754e-18 
v -0.00910361 0.00306736 -0.000666506 
v -0.0098608 0.00239384 -7.48572e-05 
v -0.00992032 0.00240826 0 
v -0.00943721 0.00207729 -0.000666506 
v -0.0100236 0.00144118 -9.99356e-05 
v -0.0100641 0.00109445 -9.08775e-05 
v -0.00874488 0.0052616 -1.73472e-18 
v -0.00823138 0.00495266 -0.000666506 
v -0.00878694 0.00507498 -7.48572e-05 
v -0.00958964 0.00331732 -7.48572e-05 
v -0.00921156 0.00420678 -9.99356e-05 
v -0.00877002 0.00405744 -0.000666506 
v -0.00967253 0.00325908 -5.88823e-19 
v -0.00964751 0.00333738 0 
v -0.00769275 0.00584788 -0.000666506 
v -0.00826659 0.00588466 -7.48572e-05 
v -0.00765324 0.00663157 -9.99356e-05 
v -0.00697426 0.00660637 -0.000666506 
v -0.00735039 0.00696294 -8.82871e-05 
v -0.0085879 0.00551911 -1.69377e-18 
v -0.00831647 0.00592021 0 
v -0.00539103 0.00795118 -0.000666506 
v -0.00625578 0.00736487 -0.000666506 
v -0.00627384 0.00797526 -7.48572e-05 
v -0.00568097 0.00837883 -9.34671e-05 
v -0.00700122 0.00734498 -7.48572e-05 
v -0.00668511 0.00771503 5.08131e-18 
v -0.0070435 0.00738929 0 
v -0.00631168 0.00802342 0 
v -0.00355573 0.0089242 -0.000666506 
v -0.0046483 0.00901993 -7.48572e-05 
v -0.00377282 0.00941975 -7.48572e-05 
v -0.00424074 0.00928594 5.08131e-18 
v -0.00467639 0.00907435 0 
v -0.00379555 0.00947662 0 
v -0.00452629 0.00853749 -0.000666506 
v -0.0054749 0.00851911 -9.99356e-05 
v -0.00165108 0.0100712 1.01915e-17 
v -0.00155416 0.00947993 -0.000666506 
v -0.00191881 0.00996413 -7.48572e-05 
v -0.00375546 0.00942535 -7.53304e-05 
v -0.00285302 0.00971649 -9.99356e-05 
v -0.00258516 0.00931091 -0.000666506 
v -0.000523151 0.00964896 -0.000666506 
v -0.000966141 0.0101011 -7.48572e-05 
v 0 0.0101267 -9.99356e-05 
v 0.000520085 0.00959239 -0.000666506 
v 0.000548579 0.0101122 -8.5696e-05 
v -0.00145281 0.0101045 1.01626e-17 
v -0.000971936 0.0101621 0 
v 0.00257001 0.00925633 -0.000666506 
v 0.00156332 0.00953583 -0.000666506 
v 0.00191881 0.00996413 -7.48572e-05 
v 0.00270848 0.0097548 -9.60555e-05 
v 0.000966141 0.0101011 -7.48572e-05 
v 0.00145281 0.0101045 -1.18564e-17 
v 0.000971936 0.0101621 0 
v 0.00193042 0.0100243 0 
v 0.00377282 0.00941975 -7.48572e-05 
v 0.0046483 0.00901993 -7.48572e-05 
v 0.00424074 0.00928594 -3.38754e-18 
v 0.00379555 0.00947662 0 
v 0.00467639 0.00907435 0 
v 0.00357669 0.00897682 -0.000666506 
v 0.00285302 0.00971649 -9.99356e-05 
v -0.00193042 0.0100243 0 
v -0.00884 0.00510558 0 
v -0.00964751 -0.00333738 0 
v 0.010197 0.000484171 0 
v 0.00631168 0.00802342 0 
vn 0.501051 0.58988 -0.633238 
vn 0.501049 0.589881 -0.633238 
vn 0.478524 0.608296 -0.633238 
vn 0.362528 0.683801 -0.633238 
vn 0.362509 0.683811 -0.633238 
vn 0.418433 0.651094 -0.633238 
vn 0.434335 0.640596 -0.633238 
vn 0.534004 0.560223 -0.633238 
vn 0.584918 0.506834 -0.633238 
vn 0.56189 0.53225 -0.633238 
vn 0.616142 0.468379 -0.633238 
vn 0.61616 0.468356 -0.633238 
vn 0.506834 0.584918 -0.633238 
vn 0.534006 0.560221 -0.633238 
vn 0.702425 0.324976 -0.633238 
vn 0.663171 0.399017 -0.633238 
vn 0.670206 0.387084 -0.633238 
vn 0.702426 0.324973 -0.633238 
vn 0.630518 0.44884 -0.633238 
vn 0.651094 0.418433 -0.633238 
vn 0.630516 0.448842 -0.633238 
vn 0.670207 0.387082 -0.633238 
vn 0.755863 0.166378 -0.633238 
vn 0.73143 0.253022 -0.633238 
vn 0.752112 0.182586 -0.633238 
vn 0.742607 0.218049 -0.633238 
vn 0.731429 0.253024 -0.633238 
vn 0.752113 0.182583 -0.633238 
vn 0.733443 0.247126 -0.633238 
vn 0.704016 0.321513 -0.633238 
vn 0.773957 0 -0.633238 
vn 0.773957 0 -0.633238 
vn 0.773086 0.0367049 -0.633238 
vn 0.755856 0.166406 -0.633238 
vn 0.76608 0.110146 -0.633238 
vn 0.76942 0.0836795 -0.633238 
vn 0.773086 -0.0367049 -0.633238 
vn 0.76608 -0.110146 -0.633238 
vn 0.76942 -0.0836795 -0.633238 
vn 0.755863 -0.166378 -0.633238 
vn 0.755856 -0.166406 -0.633238 
vn 0.773086 -0.0367076 -0.633238 
vn 0.733443 -0.247126 -0.633238 
vn 0.73143 -0.253022 -0.633238 
vn 0.704016 -0.321513 -0.633238 
vn 0.702425 -0.324976 -0.633238 
vn 0.702426 -0.324973 -0.633238 
vn 0.752112 -0.182586 -0.633238 
vn 0.752113 -0.182583 -0.633238 
vn 0.742607 -0.218049 -0.633238 
vn 0.731429 -0.253024 -0.633238 
vn 0.616142 -0.468379 -0.633238 
vn 0.670206 -0.387084 -0.633238 
vn 0.630518 -0.44884 -0.633238 
vn 0.670207 -0.387082 -0.633238 
vn 0.651094 -0.418433 -0.633238 
vn 0.630516 -0.448842 -0.633238 
vn 0.663171 -0.399017 -0.633238 
vn 0.506834 -0.584918 -0.633238 
vn 0.501049 -0.589881 -0.633238 
vn 0.534004 -0.560223 -0.633238 
vn 0.534006 -0.560221 -0.633238 
vn 0.61616 -0.468356 -0.633238 
vn 0.584918 -0.506834 -0.633238 
vn 0.56189 -0.53225 -0.633238 
vn 0.478524 -0.608296 -0.633238 
vn 0.418433 -0.651094 -0.633238 
vn 0.434335 -0.640596 -0.633238 
vn 0.362528 -0.683801 -0.633238 
vn 0.362509 -0.683811 -0.633238 
vn 0.501051 -0.58988 -0.633238 
vn 0.478522 -0.608298 -0.633238 
vn 0.286471 -0.718988 -0.633238 
vn 0.287764 -0.718472 -0.633238 
vn 0.218049 -0.742607 -0.633238 
vn 0.207056 -0.745747 -0.633238 
vn 0.207061 -0.745745 -0.633238 
vn 0.35454 -0.687976 -0.633238 
vn 0.321513 -0.704016 -0.633238 
vn 0.354542 -0.687975 -0.633238 
vn 0.287761 -0.718473 -0.633238 
vn 0.0419012 -0.772822 -0.633238 
vn 0.146353 -0.759994 -0.633238 
vn 0.0736904 -0.770441 -0.633238 
vn 0.110146 -0.76608 -0.633238 
vn 0.146356 -0.759993 -0.633238 
vn 0.0736877 -0.770441 -0.633238 
vn 0.125212 -0.763762 -0.633238 
vn -0.110146 -0.76608 -0.633238 
vn -0.125212 -0.763762 -0.633238 
vn -0.0736904 -0.770441 -0.633238 
vn -0.0736877 -0.770441 -0.633238 
vn -0.0419012 -0.772822 -0.633238 
vn -1.42174e-16 -0.773957 -0.633238 
vn 0.0419251 -0.772821 -0.633238 
vn -0.146353 -0.759994 -0.633238 
vn -0.218049 -0.742607 -0.633238 
vn -0.207056 -0.745747 -0.633238 
vn -0.286471 -0.718988 -0.633238 
vn -0.286475 -0.718987 -0.633238 
vn -0.125212 -0.763762 -0.633238 
vn -0.146356 -0.759993 -0.633238 
vn -0.362528 -0.683801 -0.633238 
vn -0.35454 -0.687976 -0.633238 
vn -0.418433 -0.651094 -0.633238 
vn -0.434335 -0.640596 -0.633238 
vn -0.434334 -0.640597 -0.633238 
vn -0.287764 -0.718472 -0.633238 
vn -0.321513 -0.704016 -0.633238 
vn -0.287761 -0.718473 -0.633238 
vn -0.354542 -0.687975 -0.633238 
vn -0.56189 -0.53225 -0.633238 
vn -0.478524 -0.608296 -0.633238 
vn -0.534004 -0.560223 -0.633238 
vn -0.506834 -0.584918 -0.633238 
vn -0.478522 -0.608298 -0.633238 
vn -0.534006 -0.560221 -0.633238 
vn -0.501049 -0.589881 -0.633238 
vn -0.651094 -0.418433 -0.633238 
vn -0.663171 -0.399017 -0.633238 
vn -0.630518 -0.44884 -0.633238 
vn -0.630516 -0.448842 -0.633238 
vn -0.616142 -0.468379 -0.633238 
vn -0.584918 -0.506834 -0.633238 
vn -0.561879 -0.532261 -0.633238 
vn -0.733442 -0.247128 -0.633238 
vn -0.733443 -0.247126 -0.633238 
vn -0.73143 -0.253022 -0.633238 
vn -0.702425 -0.324976 -0.633238 
vn -0.670206 -0.387084 -0.633238 
vn -0.704016 -0.321513 -0.633238 
vn -0.663171 -0.399016 -0.633238 
vn -0.670207 -0.387082 -0.633238 
vn -0.755863 -0.166378 -0.633238 
vn -0.752112 -0.182586 -0.633238 
vn -0.76608 -0.110146 -0.633238 
vn -0.76942 -0.0836795 -0.633238 
vn -0.769421 -0.083673 -0.633238 
vn -0.742607 -0.218049 -0.633238 
vn -0.752113 -0.182583 -0.633238 
vn -0.76942 0.0836795 -0.633238 
vn -0.773086 -0.0367049 -0.633238 
vn -0.773086 0.0367049 -0.633238 
vn -0.773957 9.47824e-17 -0.633238 
vn -0.773086 -0.0367076 -0.633238 
vn -0.773086 0.0367076 -0.633238 
vn -0.773957 9.47824e-17 -0.633238 
vn -0.742607 0.218049 -0.633238 
vn -0.733443 0.247126 -0.633238 
vn -0.752112 0.182586 -0.633238 
vn -0.752113 0.182583 -0.633238 
vn -0.755863 0.166378 -0.633238 
vn -0.76608 0.110146 -0.633238 
vn -0.769421 0.083673 -0.633238 
vn -0.663171 0.399016 -0.633238 
vn -0.663171 0.399017 -0.633238 
vn -0.670206 0.387084 -0.633238 
vn -0.73143 0.253022 -0.633238 
vn -0.704016 0.321513 -0.633238 
vn -0.702425 0.324976 -0.633238 
vn -0.733442 0.247128 -0.633238 
vn -0.731429 0.253024 -0.633238 
vn -0.616142 0.468379 -0.633238 
vn -0.630518 0.44884 -0.633238 
vn -0.584918 0.506834 -0.633238 
vn -0.56189 0.53225 -0.633238 
vn -0.561879 0.532261 -0.633238 
vn -0.651094 0.418433 -0.633238 
vn -0.630516 0.448842 -0.633238 
vn -0.434335 0.640596 -0.633238 
vn -0.501049 0.589881 -0.633238 
vn -0.478524 0.608296 -0.633238 
vn -0.434334 0.640597 -0.633238 
vn -0.534004 0.560223 -0.633238 
vn -0.506834 0.584918 -0.633238 
vn -0.534006 0.560221 -0.633238 
vn -0.478522 0.608298 -0.633238 
vn -0.286471 0.718988 -0.633238 
vn -0.35454 0.687976 -0.633238 
vn -0.287764 0.718472 -0.633238 
vn -0.321513 0.704016 -0.633238 
vn -0.354542 0.687975 -0.633238 
vn -0.287761 0.718473 -0.633238 
vn -0.362528 0.683801 -0.633238 
vn -0.418433 0.651094 -0.633238 
vn -0.125212 0.763762 -0.633238 
vn -0.125212 0.763762 -0.633238 
vn -0.146353 0.759994 -0.633238 
vn -0.286475 0.718987 -0.633238 
vn -0.218049 0.742607 -0.633238 
vn -0.207056 0.745747 -0.633238 
vn -0.0419012 0.772822 -0.633238 
vn -0.0736904 0.770441 -0.633238 
vn 4.73912e-17 0.773957 -0.633238 
vn 0.0419012 0.772822 -0.633238 
vn 0.0419251 0.772821 -0.633238 
vn -0.110146 0.76608 -0.633238 
vn -0.0736877 0.770441 -0.633238 
vn 0.207056 0.745747 -0.633238 
vn 0.125212 0.763762 -0.633238 
vn 0.146353 0.759994 -0.633238 
vn 0.207061 0.745745 -0.633238 
vn 0.0736904 0.770441 -0.633238 
vn 0.110146 0.76608 -0.633238 
vn 0.0736877 0.770441 -0.633238 
vn 0.146356 0.759993 -0.633238 
vn 0.287764 0.718472 -0.633238 
vn 0.35454 0.687976 -0.633238 
vn 0.321513 0.704016 -0.633238 
vn 0.287761 0.718473 -0.633238 
vn 0.354542 0.687975 -0.633238 
vn 0.286471 0.718988 -0.633238 
vn 0.218049 0.742607 -0.633238 
vn -0.146356 0.759993 -0.633238 
vn -0.670207 0.387082 -0.633238 
vn -0.731429 -0.253024 -0.633238 
vn 0.773086 0.0367076 -0.633238 
vn 0.478522 0.608298 -0.633238 
f 3749//3749 3750//3750 3751//3751 
f 3752//3752 3753//3753 3754//3754 
f 3751//3751 3750//3750 3755//3755 
f 3755//3755 3754//3754 3751//3751 
f 3754//3754 3755//3755 3752//3752 
f 3756//3756 3757//3757 3758//3758 
f 3759//3759 3758//3758 3757//3757 
f 3757//3757 3760//3760 3759//3759 
f 3761//3761 3762//3762 3756//3756 
f 3750//3750 3749//3749 3761//3761 
f 3756//3756 3750//3750 3761//3761 
f 3763//3763 3764//3764 3765//3765 
f 3765//3765 3766//3766 3763//3763 
f 3765//3765 3767//3767 3768//3768 
f 3767//3767 3769//3769 3768//3768 
f 3759//3759 3760//3760 3767//3767 
f 3767//3767 3765//3765 3759//3759 
f 3768//3768 3770//3770 3765//3765 
f 3771//3771 3772//3772 3773//3773 
f 3773//3773 3772//3772 3774//3774 
f 3772//3772 3775//3775 3774//3774 
f 3774//3774 3776//3776 3773//3773 
f 3777//3777 3763//3763 3778//3778 
f 3763//3763 3766//3766 3778//3778 
f 3772//3772 3771//3771 3777//3777 
f 3778//3778 3772//3772 3777//3777 
f 3779//3779 3780//3780 3781//3781 
f 3771//3771 3782//3782 3783//3783 
f 3781//3781 3780//3780 3784//3784 
f 3784//3784 3783//3783 3781//3781 
f 3783//3783 3784//3784 3771//3771 
f 3785//3785 3786//3786 3787//3787 
f 3788//3788 3787//3787 3786//3786 
f 3786//3786 3789//3789 3788//3788 
f 3779//3779 3790//3790 3785//3785 
f 3785//3785 3780//3780 3779//3779 
f 3791//3791 3792//3792 3793//3793 
f 3793//3793 3794//3794 3791//3791 
f 3793//3793 3795//3795 3794//3794 
f 3796//3796 3797//3797 3798//3798 
f 3798//3798 3792//3792 3796//3796 
f 3788//3788 3789//3789 3796//3796 
f 3796//3796 3792//3792 3788//3788 
f 3798//3798 3799//3799 3792//3792 
f 3800//3800 3801//3801 3802//3802 
f 3801//3801 3803//3803 3804//3804 
f 3804//3804 3802//3802 3801//3801 
f 3804//3804 3805//3805 3802//3802 
f 3794//3794 3795//3795 3801//3801 
f 3801//3801 3800//3800 3806//3806 
f 3801//3801 3806//3806 3794//3794 
f 3807//3807 3808//3808 3809//3809 
f 3809//3809 3810//3810 3807//3807 
f 3800//3800 3811//3811 3812//3812 
f 3809//3809 3808//3808 3813//3813 
f 3813//3813 3812//3812 3809//3809 
f 3812//3812 3813//3813 3800//3800 
f 3814//3814 3815//3815 3816//3816 
f 3817//3817 3816//3816 3815//3815 
f 3815//3815 3818//3818 3817//3817 
f 3819//3819 3820//3820 3814//3814 
f 3814//3814 3808//3808 3819//3819 
f 3821//3821 3822//3822 3823//3823 
f 3823//3823 3824//3824 3821//3821 
f 3823//3823 3825//3825 3824//3824 
f 3822//3822 3826//3826 3827//3827 
f 3826//3826 3828//3828 3827//3827 
f 3817//3817 3818//3818 3826//3826 
f 3826//3826 3822//3822 3817//3817 
f 3827//3827 3829//3829 3822//3822 
f 3830//3830 3831//3831 3832//3832 
f 3832//3832 3831//3831 3833//3833 
f 3831//3831 3834//3834 3833//3833 
f 3833//3833 3835//3835 3832//3832 
f 3824//3824 3825//3825 3831//3831 
f 3831//3831 3830//3830 3836//3836 
f 3831//3831 3836//3836 3824//3824 
f 3837//3837 3838//3838 3839//3839 
f 3839//3839 3840//3840 3837//3837 
f 3841//3841 3830//3830 3842//3842 
f 3830//3830 3843//3843 3842//3842 
f 3839//3839 3838//3838 3841//3841 
f 3842//3842 3839//3839 3841//3841 
f 3844//3844 3845//3845 3846//3846 
f 3847//3847 3846//3846 3845//3845 
f 3845//3845 3848//3848 3847//3847 
f 3849//3849 3850//3850 3844//3844 
f 3844//3844 3838//3838 3849//3849 
f 3851//3851 3852//3852 3853//3853 
f 3853//3853 3854//3854 3851//3851 
f 3853//3853 3855//3855 3854//3854 
f 3852//3852 3856//3856 3857//3857 
f 3856//3856 3858//3858 3857//3857 
f 3847//3847 3848//3848 3856//3856 
f 3856//3856 3852//3852 3847//3847 
f 3857//3857 3859//3859 3852//3852 
f 3860//3860 3861//3861 3862//3862 
f 3862//3862 3861//3861 3863//3863 
f 3861//3861 3864//3864 3863//3863 
f 3863//3863 3865//3865 3862//3862 
f 3854//3854 3855//3855 3861//3861 
f 3861//3861 3860//3860 3866//3866 
f 3861//3861 3866//3866 3854//3854 
f 3867//3867 3868//3868 3869//3869 
f 3869//3869 3870//3870 3867//3867 
f 3871//3871 3860//3860 3872//3872 
f 3860//3860 3873//3873 3872//3872 
f 3869//3869 3868//3868 3871//3871 
f 3872//3872 3869//3869 3871//3871 
f 3874//3874 3875//3875 3876//3876 
f 3877//3877 3868//3868 3878//3878 
f 3875//3875 3877//3877 3879//3879 
f 3879//3879 3876//3876 3875//3875 
f 3880//3880 3881//3881 3878//3878 
f 3878//3878 3868//3868 3880//3880 
f 3878//3878 3879//3879 3877//3877 
f 3882//3882 3883//3883 3884//3884 
f 3884//3884 3885//3885 3882//3882 
f 3884//3884 3886//3886 3885//3885 
f 3887//3887 3888//3888 3883//3883 
f 3875//3875 3874//3874 3887//3887 
f 3883//3883 3875//3875 3887//3887 
f 3889//3889 3890//3890 3891//3891 
f 3891//3891 3890//3890 3892//3892 
f 3890//3890 3893//3893 3892//3892 
f 3892//3892 3894//3894 3891//3891 
f 3885//3885 3886//3886 3890//3890 
f 3890//3890 3889//3889 3895//3895 
f 3890//3890 3895//3895 3885//3885 
f 3896//3896 3897//3897 3898//3898 
f 3898//3898 3899//3899 3896//3896 
f 3900//3900 3889//3889 3901//3901 
f 3889//3889 3902//3902 3901//3901 
f 3898//3898 3897//3897 3900//3900 
f 3901//3901 3898//3898 3900//3900 
f 3903//3903 3904//3904 3905//3905 
f 3897//3897 3906//3906 3907//3907 
f 3908//3908 3907//3907 3905//3905 
f 3905//3905 3904//3904 3908//3908 
f 3907//3907 3908//3908 3897//3897 
f 3909//3909 3910//3910 3906//3906 
f 3906//3906 3897//3897 3909//3909 
f 3911//3911 3912//3912 3913//3913 
f 3913//3913 3914//3914 3911//3911 
f 3913//3913 3915//3915 3914//3914 
f 3916//3916 3917//3917 3912//3912 
f 3904//3904 3903//3903 3916//3916 
f 3912//3912 3904//3904 3916//3916 
f 3918//3918 3919//3919 3920//3920 
f 3920//3920 3921//3921 3918//3918 
f 3920//3920 3922//3922 3923//3923 
f 3922//3922 3924//3924 3923//3923 
f 3914//3914 3915//3915 3922//3922 
f 3922//3922 3920//3920 3914//3914 
f 3923//3923 3925//3925 3920//3920 
f 3926//3926 3927//3927 3928//3928 
f 3928//3928 3927//3927 3929//3929 
f 3927//3927 3930//3930 3929//3929 
f 3929//3929 3931//3931 3928//3928 
f 3932//3932 3918//3918 3933//3933 
f 3918//3918 3921//3921 3933//3933 
f 3927//3927 3926//3926 3932//3932 
f 3933//3933 3927//3927 3932//3932 
f 3934//3934 3935//3935 3936//3936 
f 3926//3926 3937//3937 3938//3938 
f 3936//3936 3935//3935 3939//3939 
f 3939//3939 3938//3938 3936//3936 
f 3938//3938 3939//3939 3926//3926 
f 3940//3940 3941//3941 3942//3942 
f 3942//3942 3943//3943 3940//3940 
f 3942//3942 3944//3944 3943//3943 
f 3945//3945 3946//3946 3941//3941 
f 3935//3935 3934//3934 3945//3945 
f 3941//3941 3935//3935 3945//3945 
f 3947//3947 3948//3948 3949//3949 
f 3949//3949 3950//3950 3947//3947 
f 3949//3949 3951//3951 3952//3952 
f 3951//3951 3953//3953 3952//3952 
f 3943//3943 3944//3944 3951//3951 
f 3951//3951 3949//3949 3943//3943 
f 3952//3952 3954//3954 3949//3949 
f 3752//3752 3955//3955 3956//3956 
f 3956//3956 3955//3955 3957//3957 
f 3955//3955 3958//3958 3957//3957 
f 3957//3957 3959//3959 3956//3956 
f 3960//3960 3947//3947 3961//3961 
f 3947//3947 3950//3950 3961//3961 
f 3955//3955 3752//3752 3960//3960 
f 3961//3961 3955//3955 3960//3960 
f 3956//3956 3753//3753 3752//3752 
f 3948//3948 3943//3943 3949//3949 
f 3940//3940 3935//3935 3941//3941 
f 3936//3936 3962//3962 3934//3934 
f 3928//3928 3937//3937 3926//3926 
f 3919//3919 3914//3914 3920//3920 
f 3911//3911 3904//3904 3912//3912 
f 3905//3905 3963//3963 3903//3903 
f 3896//3896 3909//3909 3897//3897 
f 3891//3891 3902//3902 3889//3889 
f 3882//3882 3875//3875 3883//3883 
f 3876//3876 3964//3964 3874//3874 
f 3867//3867 3880//3880 3868//3868 
f 3862//3862 3873//3873 3860//3860 
f 3851//3851 3847//3847 3852//3852 
f 3846//3846 3838//3838 3844//3844 
f 3837//3837 3849//3849 3838//3838 
f 3832//3832 3843//3843 3830//3830 
f 3821//3821 3817//3817 3822//3822 
f 3816//3816 3808//3808 3814//3814 
f 3807//3807 3819//3819 3808//3808 
f 3802//3802 3811//3811 3800//3800 
f 3791//3791 3788//3788 3792//3792 
f 3787//3787 3780//3780 3785//3785 
f 3781//3781 3965//3965 3779//3779 
f 3773//3773 3782//3782 3771//3771 
f 3764//3764 3759//3759 3765//3765 
f 3758//3758 3750//3750 3756//3756 
f 3751//3751 3966//3966 3749//3749 
o mesh2109
v 0.00377282 0.00941975 -7.48572e-05 
v 0.00285302 0.00971649 -9.99356e-05 
v 0.00378236 0.00944361 -9.99356e-05 
vn -0.197231 -0.671706 -0.714081 
vn -0.197231 -0.671706 -0.714081 
vn -0.197231 -0.671706 -0.714081 
f 3967//3967 3968//3968 3969//3969 
o mesh2110
v 0.00192368 0.00998936 -9.99356e-05 
v 0.00285302 0.00971649 -9.99356e-05 
v 0.00270848 0.0097548 -9.60555e-05 
v 0.00191881 0.00996413 -7.48572e-05 
vn -0.197231 -0.671706 -0.714081 
vn -0.197231 -0.671706 -0.714081 
vn -0.197231 -0.671706 -0.714081 
vn -0.197231 -0.671706 -0.714081 
f 3970//3970 3971//3971 3972//3972 
f 3972//3972 3973//3973 3970//3970 
o mesh2111
v 0.00378236 0.00944361 -9.99356e-05 
v 0.00383007 0.00956293 5.64289e-05 
v 0.00379555 0.00947662 0 
v 0.00247638 0.00617733 0.00351589 
v 0.0024685 0.00615763 0.00349007 
v 0.00377282 0.00941975 -7.48572e-05 
vn 0.928529 -0.37126 6.52256e-16 
vn 0.928529 -0.37126 6.52256e-16 
vn 0.928529 -0.37126 6.52256e-16 
vn 0.928529 -0.37126 6.52256e-16 
vn 0.928529 -0.37126 6.52256e-16 
vn 0.928529 -0.37126 6.52256e-16 
f 3974//3974 3975//3975 3976//3976 
f 3977//3977 3978//3978 3976//3976 
f 3976//3976 3975//3975 3977//3977 
f 3976//3976 3979//3979 3974//3974 
o mesh2112
v 0.00125646 0.00653553 0.00351589 
v 0.00194805 0.0101155 5.64289e-05 
v 0.00193042 0.0100243 0 
v 0.00192368 0.00998936 -9.99356e-05 
v 0.00191881 0.00996413 -7.48572e-05 
v 0.00125243 0.0065147 0.00349007 
vn -0.981847 0.189677 6.45317e-16 
vn -0.981847 0.189677 6.45317e-16 
vn -0.981847 0.189677 6.45317e-16 
vn -0.981847 0.189677 6.45317e-16 
vn -0.981847 0.189677 6.45317e-16 
vn -0.981847 0.189677 6.45317e-16 
f 3980//3980 3981//3981 3982//3982 
f 3983//3983 3984//3984 3982//3982 
f 3982//3982 3981//3981 3983//3983 
f 3982//3982 3985//3985 3980//3980 
o mesh2113
v 0.00386787 0.009824 0.000375602 
v 0.00250088 0.00634655 0.00372277 
v 0.00247638 0.00617733 0.00351589 
v 0.00383007 0.00956293 5.64289e-05 
vn 0.956332 -0.271328 0.108678 
vn 0.956332 -0.271328 0.108678 
vn 0.956332 -0.271328 0.108678 
vn 0.956332 -0.271328 0.108678 
f 3986//3986 3987//3987 3988//3988 
f 3988//3988 3989//3989 3986//3986 
o mesh2114
v 0.00385465 0.0101017 0.000696737 
v 0.00249231 0.00652657 0.00393093 
v 0.00250088 0.00634655 0.00372277 
v 0.00386787 0.009824 0.000375602 
vn 0.962041 -0.185586 0.200089 
vn 0.962041 -0.185586 0.200089 
vn 0.962041 -0.185586 0.200089 
vn 0.962041 -0.185586 0.200089 
f 3990//3990 3991//3991 3992//3992 
f 3992//3992 3993//3993 3990//3990 
o mesh2115
v 0.00380579 0.0103905 0.00101853 
v 0.00246064 0.00671374 0.00413952 
v 0.00249231 0.00652657 0.00393093 
v 0.00385465 0.0101017 0.000696737 
vn 0.956788 -0.128707 0.260751 
vn 0.956788 -0.128707 0.260751 
vn 0.956788 -0.128707 0.260751 
vn 0.956788 -0.128707 0.260751 
f 3994//3994 3995//3995 3996//3996 
f 3996//3996 3997//3997 3994//3994 
o mesh2116
v 0.00380579 0.0103905 0.00101853 
v 0.00372626 0.0106881 0.0013402 
v 0.00240909 0.00690667 0.00434803 
v 0.00246064 0.00671374 0.00413952 
vn 0.946912 -0.0827222 0.310668 
vn 0.946912 -0.0827222 0.310668 
vn 0.946912 -0.0827222 0.310668 
vn 0.946912 -0.0827222 0.310668 
f 3998//3998 3999//3999 4000//4000 
f 4000//4000 4001//4001 3998//3998 
o mesh2117
v 0.00372626 0.0106881 0.0013402 
v 0.00361868 0.0109933 0.00166105 
v 0.00233936 0.00710449 0.004556 
v 0.00240909 0.00690667 0.00434803 
vn 0.934058 -0.0433996 0.354475 
vn 0.934058 -0.0433996 0.354475 
vn 0.934058 -0.0433996 0.354475 
vn 0.934058 -0.0433996 0.354475 
f 4002//4002 4003//4003 4004//4004 
f 4004//4004 4005//4005 4002//4002 
o mesh2118
v 0.0028992 0.0112046 0.00166105 
v 0.00187299 0.00724143 0.004556 
v 0.00233936 0.00710449 0.004556 
v 0.00361868 0.0109933 0.00166105 
vn 0.162721 0.554178 0.816339 
vn 0.162721 0.554178 0.816339 
vn 0.162721 0.554178 0.816339 
vn 0.162721 0.554178 0.816339 
f 4006//4006 4007//4007 4008//4008 
f 4008//4008 4009//4009 4006//4006 
o mesh2119
v 0.0026437 0.011006 0.0013402 
v 0.00170737 0.00711272 0.00434803 
v 0.00187299 0.00724143 0.004556 
v 0.0028992 0.0112046 0.00166105 
vn -0.809243 0.46848 0.354475 
vn -0.809243 0.46848 0.354475 
vn -0.809243 0.46848 0.354475 
vn -0.809243 0.46848 0.354475 
f 4010//4010 4011//4011 4012//4012 
f 4012//4012 4013//4013 4010//4010 
o mesh2120
v 0.00241588 0.0107986 0.00101853 
v 0.0015597 0.00697828 0.00413952 
v 0.00170737 0.00711272 0.00434803 
v 0.0026437 0.011006 0.0013402 
vn -0.841316 0.442349 0.310668 
vn -0.841316 0.442349 0.310668 
vn -0.841316 0.442349 0.310668 
vn -0.841316 0.442349 0.310668 
f 4014//4014 4015//4015 4016//4016 
f 4016//4016 4017//4017 4014//4014 
o mesh2121
v 0.00285302 0.00971649 -9.99356e-05 
v 0.00192368 0.00998936 -9.99356e-05 
v 0.00194805 0.0101155 5.64289e-05 
v 0.00386787 0.009824 0.000375602 
v 0.00383007 0.00956293 5.64289e-05 
v 0.0020574 0.0103556 0.000375602 
v 0.00385465 0.0101017 0.000696737 
v 0.00241588 0.0107986 0.00101853 
v 0.0026437 0.011006 0.0013402 
v 0.00221867 0.0105821 0.000696737 
v 0.00380579 0.0103905 0.00101853 
v 0.00372626 0.0106881 0.0013402 
v 0.00361868 0.0109933 0.00166105 
v 0.00378236 0.00944361 -9.99356e-05 
v 0.0028992 0.0112046 0.00166105 
vn 0.218049 0.742607 -0.633238 
vn 0.218049 0.742607 -0.633238 
vn 0.218049 0.742607 -0.633238 
vn 0.218049 0.742607 -0.633238 
vn 0.218049 0.742607 -0.633238 
vn 0.218049 0.742607 -0.633238 
vn 0.218049 0.742607 -0.633238 
vn 0.218049 0.742607 -0.633238 
vn 0.218049 0.742607 -0.633238 
vn 0.218049 0.742607 -0.633238 
vn 0.218049 0.742607 -0.633238 
vn 0.218049 0.742607 -0.633238 
vn 0.218049 0.742607 -0.633238 
vn 0.218049 0.742607 -0.633238 
vn 0.218049 0.742607 -0.633238 
f 4018//4018 4019//4019 4020//4020 
f 4018//4018 4021//4021 4022//4022 
f 4020//4020 4023//4023 4018//4018 
f 4018//4018 4024//4024 4021//4021 
f 4018//4018 4025//4025 4026//4026 
f 4023//4023 4027//4027 4018//4018 
f 4018//4018 4028//4028 4024//4024 
f 4027//4027 4025//4025 4018//4018 
f 4018//4018 4029//4029 4028//4028 
f 4026//4026 4030//4030 4018//4018 
f 4018//4018 4030//4030 4029//4029 
f 4022//4022 4031//4031 4018//4018 
f 4026//4026 4032//4032 4030//4030 
o mesh2122
v 0.00186426 0.00634909 0.00350654 
v 0.0024685 0.00615763 0.00349007 
v 0.00247638 0.00617733 0.00351589 
v 0.00132733 0.00669114 0.00372277 
v 0.00125646 0.00653553 0.00351589 
v 0.00250088 0.00634655 0.00372277 
v 0.00143187 0.00683795 0.00393093 
v 0.00246064 0.00671374 0.00413952 
v 0.00240909 0.00690667 0.00434803 
v 0.00249231 0.00652657 0.00393093 
v 0.0015597 0.00697828 0.00413952 
v 0.00170737 0.00711272 0.00434803 
v 0.00187299 0.00724143 0.004556 
v 0.00125243 0.0065147 0.00349007 
v 0.00233936 0.00710449 0.004556 
vn -0.218049 -0.742607 0.633238 
vn -0.218049 -0.742607 0.633238 
vn -0.218049 -0.742607 0.633238 
vn -0.218049 -0.742607 0.633238 
vn -0.218049 -0.742607 0.633238 
vn -0.218049 -0.742607 0.633238 
vn -0.218049 -0.742607 0.633238 
vn -0.218049 -0.742607 0.633238 
vn -0.218049 -0.742607 0.633238 
vn -0.218049 -0.742607 0.633238 
vn -0.218049 -0.742607 0.633238 
vn -0.218049 -0.742607 0.633238 
vn -0.218049 -0.742607 0.633238 
vn -0.218049 -0.742607 0.633238 
vn -0.218049 -0.742607 0.633238 
f 4033//4033 4034//4034 4035//4035 
f 4033//4033 4036//4036 4037//4037 
f 4035//4035 4038//4038 4033//4033 
f 4033//4033 4039//4039 4036//4036 
f 4033//4033 4040//4040 4041//4041 
f 4038//4038 4042//4042 4033//4033 
f 4033//4033 4043//4043 4039//4039 
f 4042//4042 4040//4040 4033//4033 
f 4033//4033 4044//4044 4043//4043 
f 4041//4041 4045//4045 4033//4033 
f 4033//4033 4045//4045 4044//4044 
f 4037//4037 4046//4046 4033//4033 
f 4041//4041 4047//4047 4045//4045 
o mesh2123
v 0.00241588 0.0107986 0.00101853 
v 0.00221867 0.0105821 0.000696737 
v 0.00143187 0.00683795 0.00393093 
v 0.0015597 0.00697828 0.00413952 
vn -0.874486 0.409003 0.260751 
vn -0.874486 0.409003 0.260751 
vn -0.874486 0.409003 0.260751 
vn -0.874486 0.409003 0.260751 
f 4048//4048 4049//4049 4050//4050 
f 4050//4050 4051//4051 4048//4048 
o mesh2124
v 0.00221867 0.0105821 0.000696737 
v 0.0020574 0.0103556 0.000375602 
v 0.00132733 0.00669114 0.00372277 
v 0.00143187 0.00683795 0.00393093 
vn -0.909655 0.363994 0.200089 
vn -0.909655 0.363994 0.200089 
vn -0.909655 0.363994 0.200089 
vn -0.909655 0.363994 0.200089 
f 4052//4052 4053//4053 4054//4054 
f 4054//4054 4055//4055 4052//4052 
o mesh2125
v 0.0020574 0.0103556 0.000375602 
v 0.00194805 0.0101155 5.64289e-05 
v 0.00125646 0.00653553 0.00351589 
v 0.00132733 0.00669114 0.00372277 
vn -0.951209 0.288776 0.108678 
vn -0.951209 0.288776 0.108678 
vn -0.951209 0.288776 0.108678 
vn -0.951209 0.288776 0.108678 
f 4056//4056 4057//4057 4058//4058 
f 4058//4058 4059//4059 4056//4056 
